snapshot,grid_power
0,0.0
1,291.04258815409065
2,303.91325808206966
3,341.14904154261995
4,278.68866733959584
5,312.8563992752452
6,323.856122186294
7,375.41155025235776
8,269.4495022130167
9,332.14487224885505
10,49.789948730479864
11,379.63381439976695
12,329.63646172290066
13,344.68708473314945
14,404.70004986838796
15,452.1928842241135
16,327.98492472283283
17,312.88754426472855
18,303.38484199986766
19,350.13888689881026
20,391.01918393511676
21,334.53647758078046
22,329.6689388722995
23,337.94210311890873
24,616.4229157844525
25,322.50454496356116
26,345.2142292912511
27,273.54843863514697
28,471.76052379107466
29,315.5219468357929
30,371.3931273025566
31,421.6359075449981
32,519.8259546352623
33,261.0374244251767
34,304.8143290109137
35,355.10515522200853
36,0.0
37,232.16219834343107
38,221.6908648721639
39,0.0
40,0.0
41,39.10391500800287
42,36.237137284837516
43,0.0
44,0.0
45,0.0
46,0.0
47,0.0
48,0.0
49,0.0
50,0.0
51,0.0
52,0.0
53,60.932363539117226
54,0.0
55,108.40703503729543
56,0.0
57,0.0
58,11.765982321676695
59,49.11210172984686
60,306.6541310383607
61,310.2726803502449
62,330.10647038522666
63,285.9062782968758
64,384.9986678400844
65,293.77305602004117
66,242.71621420991423
67,226.8528181527778
68,393.15889245505787
69,330.1220562011785
70,393.90677183896315
71,420.1285084508902
72,329.3741768172733
73,297.30852216897523
74,367.9343017125841
75,348.5692148224332
76,0.0
77,395.9958137095377
78,444.013198585072
79,660.0232585996716
80,277.4032989430637
81,295.1960664337038
82,269.2235963073247
83,448.2432737845288
84,0.0
85,364.766275691286
86,447.29543576210614
87,461.5359160519035
88,0.0
89,338.21992055564715
90,319.8831245244328
91,429.0067123419655
92,199.1353057763428
93,357.4473920710881
94,315.70759118245877
95,376.5177435486332
96,0.0
97,281.04258815409065
98,308.91325808206966
99,331.14904154261995
100,0.0
101,312.8563992752452
102,323.856122186294
103,380.41155025235776
104,269.4495022130167
105,332.14487224885505
106,316.39315394497703
107,379.63381439976695
108,324.63646172290066
109,344.68708473314945
110,394.70004986838796
111,467.1928842241135
112,327.98492472283283
113,307.88754426472855
114,308.38484199986766
115,355.13888689881026
116,391.01918393511676
117,334.53647758078046
118,359.6689388722995
119,372.94210311890873
120,661.4229157844525
121,372.50454496356116
122,370.2142292912511
123,313.54843863514697
124,491.76052379107466
125,19.763989888295043
126,416.3931273025566
127,441.6359075449981
128,543.4259546352623
129,294.63742442517673
130,318.4143290109137
131,378.70515522200856
132,309.7054222595719
133,276.16219834343104
134,270.6908648721639
135,277.87213311765186
136,0.0
137,121.85391500800293
138,113.98713728483757
139,0.0
140,0.0
141,0.0
142,0.0
143,31.93176219324018
144,0.0
145,0.0
146,0.0
147,0.0
148,0.0
149,0.0
150,0.0
151,0.0
152,152.02310546565093
153,179.02775865578013
154,184.41598232167667
155,206.76210172984685
156,311.6541310383607
157,330.2726803502449
158,335.10647038522666
159,295.9062782968758
160,399.9986678400844
161,293.77305602004117
162,252.71621420991423
163,221.8528181527778
164,398.15889245505787
165,345.1220562011785
166,398.90677183896315
167,425.1285084508902
168,334.3741768172733
169,302.30852216897523
170,372.9343017125841
171,358.5692148224332
172,221.5710648721079
173,400.9958137095377
174,439.013198585072
175,665.0232585996716
176,282.4032989430637
177,300.1960664337038
178,274.2235963073247
179,276.3881597535762
180,0.0
181,379.766275691286
182,457.29543576210614
183,471.5359160519035
184,0.0
185,338.21992055564715
186,324.8831245244328
187,429.0067123419655
188,199.1353057763428
189,362.4473920710881
190,315.70759118245877
191,376.5177435486332
192,0.0
193,286.04258815409065
194,303.91325808206966
195,336.14904154261995
196,273.68866733959584
197,307.8563992752452
198,318.856122186294
199,375.41155025235776
200,269.4495022130167
201,327.14487224885505
202,311.39315394497703
203,384.63381439976695
204,324.63646172290066
205,344.68708473314945
206,389.70004986838796
207,452.1928842241135
208,322.98492472283283
209,317.88754426472855
210,308.38484199986766
211,345.13888689881026
212,396.01918393511676
213,334.53647758078046
214,344.6689388722995
215,342.94210311890873
216,419.75471485213404
217,357.50454496356116
218,345.2142292912511
219,293.54843863514697
220,496.76052379107466
221,345.5219468357929
222,396.3931273025566
223,383.7683311171883
224,379.45842604273116
225,364.9527898340222
226,299.8143290109137
227,355.10515522200853
228,347.5804222595719
229,324.03719834343104
230,308.5658648721639
231,295.74713311765186
232,254.07552172899025
233,283.4289150080029
234,265.56213728483755
235,256.6138153660506
236,83.4570856046094
237,350.031914058926
238,228.99067506144831
239,315.5317621932401
240,283.7430387730995
241,256.7019895863374
242,240.55815541174923
243,300.0712457702532
244,217.87316268501334
245,316.1073635391172
246,267.6680063241872
247,368.58203503729544
248,255.52310546565093
249,302.5277586557801
250,297.91598232167667
251,325.26210172984685
252,306.6541310383607
253,320.2726803502449
254,335.10647038522666
255,300.9062782968758
256,404.9986678400844
257,298.77305602004117
258,257.7162142099142
259,226.8528181527778
260,403.15889245505787
261,350.1220562011785
262,408.90677183896315
263,430.1285084508902
264,339.3741768172733
265,302.30852216897523
266,377.9343017125841
267,358.5692148224332
268,226.5710648721079
269,400.9958137095377
270,444.013198585072
271,675.0232585996716
272,287.4032989430637
273,645.9540233812015
274,274.2235963073247
275,468.2432737845288
276,2.347563193993267
277,379.766275691286
278,462.29543576210614
279,476.5359160519035
280,0.0
281,343.21992055564715
282,329.8831245244328
283,429.0067123419655
284,209.1353057763428
285,367.4473920710881
286,320.70759118245877
287,386.5177435486332
288,0.0
289,296.04258815409065
290,313.91325808206966
291,346.14904154261995
292,283.68866733959584
293,322.8563992752452
294,333.856122186294
295,385.41155025235776
296,279.4495022130167
297,337.14487224885505
298,326.39315394497703
299,384.63381439976695
300,339.63646172290066
301,349.68708473314945
302,404.70004986838796
303,467.1928842241135
304,332.98492472283283
305,332.88754426472855
306,318.38484199986766
307,360.13888689881026
308,406.01918393511676
309,369.53647758078046
310,364.6689388722995
311,377.94210311890873
312,661.4229157844525
313,367.50454496356116
314,375.2142292912511
315,348.54843863514697
316,591.7605237910747
317,435.5219468357929
318,496.3931273025566
319,526.6359075449981
320,620.8509546352623
321,493.1000423772594
322,430.8393290109137
323,501.1301552220085
324,479.8554222595719
325,451.3121983434311
326,405.84086487216393
327,408.0221331176519
328,363.37552172899024
329,580.836687367654
330,389.86213728483756
331,345.9138153660506
332,112.25708560460941
333,383.83191405892603
334,272.7906750614483
335,374.33176219324014
336,368.1430387730995
337,366.10198958633737
338,339.9581554117492
339,364.4712457702532
340,309.04816268501327
341,417.28236353911717
342,373.8430063241872
343,469.7570350372954
344,330.77310546565093
345,713.535715603278
346,363.16598232167667
347,390.51210172984685
348,396.35413103836066
349,409.9726803502449
350,414.80647038522665
351,360.6062782968758
352,454.9986678400844
353,348.77305602004117
354,297.7162142099142
355,281.8528181527778
356,443.15889245505787
357,385.1220562011785
358,443.90677183896315
359,470.1285084508902
360,399.3741768172733
361,352.30852216897523
362,407.9343017125841
363,398.5692148224332
364,256.5710648721079
365,425.9958137095377
366,459.013198585072
367,695.0232585996716
368,317.4032989430637
369,330.1960664337038
370,314.2235963073247
371,483.2432737845288
372,17.347563193993267
373,399.766275691286
374,477.29543576210614
375,491.5359160519035
376,0.0
377,368.21992055564715
378,349.8831245244328
379,444.0067123419655
380,219.1353057763428
381,382.4473920710881
382,330.70759118245877
383,396.5177435486332
384,0.0
385,90.97256475558916
386,238.986023432915
387,263.47834724985574
388,0.0
389,229.6364957162955
390,195.392149864105
391,240.32592404120697
392,11.419229834756493
393,584.5907525473306
394,262.8096854665075
395,285.9296218800345
396,260.76863627974546
397,291.70867289584345
398,230.7907349812242
399,289.72994033046837
400,235.7907349812242
401,229.34176030368968
402,159.0899071308232
403,243.42383203479343
404,301.02053309172976
405,191.11276681761757
406,257.65780679003825
407,337.4591196756212
408,373.9444733530912
409,716.9173939347353
410,213.3901173546891
411,239.32491996033494
412,451.68790635428024
413,358.89902142273075
414,313.65234897547566
415,111.10892560289619
416,533.7986531210222
417,327.28223208658164
418,264.1635745481294
419,403.2326035114819
420,452.69046059268646
421,354.0109001769103
422,273.49681538325734
423,366.1584197488991
424,253.8945703723403
425,677.2271829601366
426,384.11136935421246
427,389.09581018068104
428,235.97794181444735
429,172.60092786332473
430,279.4017132134255
431,353.1604645873382
432,191.16259753245603
433,361.19108784783117
434,308.14255798281357
435,392.63226111904106
436,168.80348904704042
437,341.7078566584263
438,185.3731877658379
439,322.1999470255336
440,56.52525583024449
441,336.81711331692736
442,19.414141900611625
443,60.67091570683555
444,226.81116989777385
445,393.52105368190234
446,402.434311763972
447,426.206062266518
448,391.62556309047284
449,297.738312911393
450,233.04082308790308
451,259.99227622618804
452,452.1163043009672
453,201.8502314654593
454,330.9023860920622
455,321.45810824377475
456,306.54896617062917
457,625.1243929942618
458,343.8626520685183
459,293.9483559121818
460,0.0
461,301.5074427332258
462,326.40873011520586
463,377.9771669556261
464,0.18581660838862035
465,237.52537214093962
466,261.35943926487266
467,365.09606529488616
468,0.0
469,328.47054584353117
470,389.6403539277143
471,365.6634374186191
472,0.0
473,312.42795768944046
474,274.7091737889052
475,324.52218028562635
476,252.96159813637163
477,306.2295380182517
478,297.6149075536015
479,508.4172245200564
480,0.0
481,312.41755259909996
482,406.80338903411666
483,554.3805780768927
484,120.18702749667366
485,403.5925414088944
486,347.66033284154145
487,317.52662666834254
488,280.04269298131936
489,429.3313042232569
490,327.3578130193084
491,319.70786827141
492,154.41707605371008
493,313.13294518788337
494,298.9405108667393
495,333.9911605194085
496,317.6928099909403
497,263.66398195079864
498,310.5466055821697
499,353.32899462488973
500,522.2136507656767
501,393.45365451008416
502,363.73410962423327
503,393.771750502546
504,587.8537446011371
505,419.3157790431203
506,308.3381185454069
507,417.8823635391172
508,1224.8554422328307
509,467.355235977713
510,427.55260792891187
511,487.2279990509231
512,497.61579956867433
513,265.22042330356584
514,408.2961986022787
515,397.3873602605048
516,542.3230378845261
517,478.4877258789132
518,459.04602507222114
519,520.2287886459198
520,0.0
521,0.0
522,0.0
523,0.0
524,293.37392750956
525,318.8036576161625
526,237.2261744877378
527,303.7530346059138
528,375.59772595662355
529,524.9887261205541
530,478.46057748158046
531,567.1998508347276
532,408.68536372885796
533,405.41995724945554
534,366.39241773011156
535,410.9367063629397
536,230.87149112633153
537,456.2258448470984
538,380.66240856729695
539,425.47409990079996
540,450.4842889607827
541,412.39289385272315
542,359.2820473663185
543,385.19477791290603
544,430.48946968639405
545,325.03899003492575
546,411.54246293082525
547,292.24361886026975
548,564.4312617229566
549,364.28722809192993
550,353.1641338164845
551,366.2983675251656
552,540.7075305466435
553,357.07870706177226
554,403.1913696044567
555,376.66320396878564
556,311.39708014318546
557,427.0189504852833
558,452.74470452528936
559,489.2053558172648
560,128.02267722705312
561,467.5512417756015
562,678.2871776541333
563,400.3077005478444
564,59.70795325489712
565,431.5813753332383
566,437.82907620903734
567,528.8521789913881
568,49.47816479011459
569,384.15993052932475
570,379.09890242873547
571,417.9407539622958
572,127.80582725508873
573,372.5551509771125
574,377.2162884430874
575,1053.4505946767154
576,190.3441038954517
577,443.44841314865755
578,294.35990616453955
579,365.31288127345573
580,0.0
581,302.2267105301254
582,115.68429858939234
583,398.4990531556037
584,147.64093245328868
585,330.6154180923862
586,282.9862568827484
587,435.11290563824093
588,277.1137442560692
589,321.438569587194
590,280.99325366463967
591,737.2471591906636
592,309.1443617100703
593,313.92755537722377
594,336.6592947672746
595,335.64398604027406
596,461.9838526551712
597,383.96648477633426
598,333.4121117812347
599,337.58635660241106
600,538.8392138561495
601,437.4681756093487
602,396.47496558382693
603,464.628650670853
604,642.4382851472683
605,461.10230109146175
606,414.71826371602754
607,495.2025356801129
608,837.5553164401563
609,409.2186660282443
610,417.94365908293474
611,422.9307205901166
612,321.6358727060467
613,306.88774287561057
614,366.4995022130167
615,383.4314773305362
616,308.36934542941225
617,397.97459188129136
618,404.9870464777452
619,469.0950654760235
620,237.91704900562468
621,218.4039150080029
622,260.2307082610935
623,289.146570027179
624,217.38876663648023
625,357.5068796427529
626,403.8857096501554
627,502.34192420513756
628,233.31694077905675
629,328.99594701693024
630,306.0473746516124
631,758.5970003796683
632,385.3323820974105
633,296.92552867429976
634,297.7980146585586
635,371.6658134592934
636,424.0069782235979
637,479.95866481171635
638,435.7130304387281
639,418.31366733959584
640,506.85794788829685
641,396.4256310943759
642,394.9013310210979
643,403.1576209309576
644,526.6644584961886
645,393.64062137094254
646,408.72370453389277
647,826.369465838373
648,399.267733074467
649,404.8610694620719
650,390.96600087996995
651,382.1150327768669
652,250.72843535653465
653,394.44038564347386
654,498.8340331305382
655,532.5005751262348
656,230.77258912037433
657,430.40376584273054
658,319.70399306329386
659,436.1399516154976
660,0.0
661,291.85798188169167
662,309.0431156895728
663,838.6675222811925
664,141.94761192356356
665,353.4354650101164
666,242.78500007771032
667,468.23544573578374
668,184.84425576113756
669,355.15449935718254
670,374.75458208014777
671,542.0084677624302
672,0.0
673,419.174184185361
674,473.00305358698535
675,405.1362928605174
676,104.59108742505293
677,358.28484086105004
678,308.1796759933185
679,343.28352569783186
680,97.68899541863942
681,300.12465988519443
682,306.0140202062028
683,331.783954652469
684,256.74890781244915
685,368.6314878047024
686,326.8280817738883
687,377.1370708425304
688,256.7164476597477
689,340.910153504992
690,319.6299658340712
691,388.63409148871824
692,372.67720717829104
693,338.25368622584375
694,337.77333310899246
695,460.59592307492335
696,596.9396818946341
697,483.88078093267075
698,352.50066975544496
699,350.61155988096743
700,850.9099982399666
701,452.7564151331251
702,385.85565528662704
703,402.4292632069356
704,571.1594029938426
705,458.79642624562024
706,360.1870104999763
707,421.706086208525
708,328.239421379602
709,367.97585759889984
710,343.45496583407123
711,677.8093637462516
712,314.5110281005893
713,470.17834072732455
714,510.3951567058941
715,700.0938574176691
716,260.44113034813137
717,335.1528471852372
718,322.5171730900725
719,411.31876306460674
720,300.46628802030915
721,429.957262680637
722,374.4911802165194
723,582.2877622794604
724,283.27685161127056
725,397.5691997929965
726,380.8060383245111
727,885.5122395582832
728,0.0
729,64.1499736508407
730,250.77675727532164
731,310.837741736793
732,0.0
733,157.4802339933388
734,503.3447899486681
735,559.0445797248021
736,815.8515738233932
737,593.3990350200887
738,396.16722139686465
739,406.71124993743894
740,472.8823465424198
741,349.89096956987527
742,441.1113740218867
743,370.1934627496879
744,775.7553362667845
745,441.4749219447091
746,514.2014636124511
747,410.36094423880644
748,357.43704761656284
749,442.38378692890336
750,487.55255693881963
751,459.58708359433183
752,316.8411075449421
753,498.7742935507467
754,322.70321508128086
755,486.5151495103403
756,108.36674712911005
757,325.4012057978325
758,402.60319694576583
759,799.0013763513289
760,149.65987329284897
761,445.9685172857502
762,310.37395301316286
763,301.0412996332929
764,101.53733319530613
765,403.14068595839274
766,314.2716252792806
767,435.31544131835375
768,0.0
769,225.6661017384502
770,323.94703339798923
771,490.14274511022904
772,129.2859469221066
773,327.063104249123
774,296.13476124416326
775,323.40171633661726
776,155.56616123544785
777,372.9472668478227
778,272.50065275874755
779,356.2139352056024
780,314.3027702687639
781,420.46735398821784
782,313.2095591044245
783,348.55878308967226
784,289.87144790999196
785,356.43079482328983
786,267.29551339461887
787,292.0176523187626
788,348.28875006256106
789,355.34664694365233
790,295.3246088779888
791,384.2754908416738
792,494.48710909793465
793,707.0511267503547
794,311.47887478533795
795,349.9129979898158
796,580.6841699667874
797,364.1378924636613
798,389.07946804708786
799,392.93038286535005
800,359.92745181833004
801,311.7997309951758
802,367.13728801170583
803,313.8966009144954
804,271.3901282516335
805,260.4670192571259
806,230.05802904966617
807,226.73033259129718
808,162.6604395065136
809,508.6235358181402
810,153.43557167508854
811,184.10032425692577
812,115.26207312016567
813,138.3002415339606
814,153.39759534964446
815,184.91667105819323
816,213.40317371979825
817,275.6467149475553
818,230.0676492126842
819,273.6316396703882
820,226.5264376860701
821,305.8006230102487
822,323.6427249903399
823,491.3328803071721
824,277.4676051507881
825,696.2234519563574
826,333.09212281601964
827,336.9833258357284
828,344.4865741943647
829,344.62808177388825
830,217.52609176477264
831,332.11835608471574
832,465.72962924812225
833,322.29551339461887
834,309.924691600954
835,271.564551986581
836,495.9828145809043
837,312.24360186357234
838,342.9680673827807
839,349.7455261464202
840,342.0202826451989
841,352.66034983823886
842,356.86573964889845
843,379.48843161212716
844,347.4253540054246
845,303.34979515984776
846,374.50530594887675
847,366.060751011638
848,184.80011899399528
849,374.2261829946432
850,338.9691054570476
851,321.20750959831116
852,117.04240569434947
853,366.51647202453285
854,391.74498161424066
855,438.00307058368276
856,98.29273689658478
857,651.7096605323137
858,208.41604762516621
859,379.87663828132634
860,118.61081589234928
861,375.5634629222219
862,297.83302904966615
863,391.96828383591674
864,0.0
865,266.9371728398283
866,299.25214725851515
867,284.1859384323145
868,61.028385488146625
869,279.6676237090814
870,207.94992152193083
871,290.5881556619935
872,228.39394892368745
873,612.4341696906399
874,295.1376420171304
875,408.05111655233605
876,253.16413381648448
877,287.2253953669072
878,273.2017746947973
879,306.389235097743
880,150.0701786635269
881,274.5728469349929
882,299.9376567361926
883,340.42975674902294
884,292.1877544885944
885,331.4022438720994
886,383.7444710754559
887,393.65487502697886
888,417.73563159486446
889,393.09530430957057
890,378.0303840041677
891,417.7616225011568
892,500.19992464512256
893,368.14335027822386
894,330.6388223113601
895,336.80993591303843
896,525.6052019843181
897,407.1165272766345
898,365.68962465815827
899,297.8670176955301
900,271.46675491997604
901,166.26943395886937
902,178.92198239078363
903,120.34500980114363
904,273.09596868130194
905,254.7877672403958
906,241.29648149772189
907,280.68233492943597
908,86.2914716017546
909,170.65914517922397
910,130.85003088731642
911,142.7962500151492
912,185.94476629992232
913,328.22982361410834
914,257.5455930115056
915,353.736167637252
916,305.45216001031656
917,328.10988916784214
918,268.625366757226
919,390.5429839437761
920,160.335668711451
921,77.12226104133075
922,22.793516862971877
923,100.99005019634254
924,0.0
925,0.0
926,15.488050135839018
927,14.99077904312033
928,454.1858777964993
929,343.86003138780495
930,238.91200355466674
931,271.58274148654874
932,463.70287735651425
933,326.5165156636507
934,347.27083765154464
935,357.6162227168196
936,342.78369456021517
937,597.0719539277331
938,369.86106946207184
939,309.65726225785875
940,357.5227078211085
941,347.631781890351
942,379.0716666407632
943,350.2466894439525
944,212.45784815152086
945,415.7192677968996
946,418.78989636339594
947,401.49571512869267
948,139.63652970969036
949,334.6741195979109
950,281.48276699015156
951,397.41622043918437
952,58.29664609809578
953,623.0418033733988
954,485.52965361290745
955,453.8703854880533
956,31.14265727969797
957,390.5816257797692
958,304.70397606659645
959,458.35621341616456
960,237.45783115482345
961,350.33884553732764
962,337.6226919632287
963,278.9184824467988
964,222.1903751693077
965,334.9285668090702
966,294.0470078943864
967,358.4705022044133
968,83.88218107937604
969,270.940026970375
970,316.52945415646883
971,357.49023067170964
972,225.25968857258593
973,339.60271304940153
974,283.96650177303167
975,378.77302202664634
976,258.6756755619369
977,321.5775001251221
978,303.92495169320784
979,322.40067826235037
980,308.43677052761154
981,167.364403537348
982,386.3321161986647
983,377.9407879556906
984,477.02673489491053
985,372.29551339461887
986,329.08989013412577
987,284.9468339415506
988,448.62245851339526
989,413.2095761011219
990,309.0717442732759
991,285.4856721107905
992,393.53016486773157
993,273.8002318882376
994,282.1487215305902
995,254.48191944263965
996,460.76854661147075
997,504.1300013890619
998,504.5039277598043
999,532.4083730037029
1000,596.1473325740905
1001,793.7074580216969
1002,466.2979907165517
1003,491.6589349553581
1004,103.86544741810675
1005,264.8131811655963
1006,230.8804450627612
1007,357.26446544149803
1008,226.43799870585514
1009,441.3249644450093
1010,476.2950643372059
1011,608.2088426037833
1012,145.6877413140148
1013,371.90162552952484
1014,325.4877050429847
1015,504.0542651913098
1016,423.20783696131537
1017,814.9940677710523
1018,482.0263012725991
1019,494.33609496567465
1020,536.1840787369168
1021,494.52349544884447
1022,373.2199811914624
1023,475.62971538754033
1024,662.8017894309728
1025,408.36018325349085
1026,319.90914942412
1027,422.8187583969325
1028,495.06487666628504
1029,381.67232053832845
1030,431.81249595793645
1031,471.50995913900596
1032,372.87200208789454
1033,796.7849422889392
1034,407.2461619084704
1035,410.5492092661856
1036,249.65467557054026
1037,462.9018245631853
1038,453.4964494715878
1039,872.234279038912
1040,231.91381961094663
1041,409.188525119633
1042,485.86204690052347
1043,773.362614675784
1044,151.5866676847572
1045,431.8280647771909
1046,564.8259376385648
1047,827.1057535913244
1048,34.970255157221914
1049,780.4320159095935
1050,354.22876003623867
1051,329.2715986368602
1052,231.88005394075003
1053,662.3641972822304
1054,423.0186563996346
1055,769.1532890211929
1056,75.04814059786344
1057,301.3697570769775
1058,419.10929052237856
1059,527.8290422156425
1060,147.80843093910462
1061,330.36483644362005
1062,320.65828333542817
1063,391.9526980199649
1064,186.4321343341798
1065,371.60605107631255
1066,325.9386948104594
1067,393.1861548854506
1068,334.6468401708208
1069,349.9493599930538
1070,374.71951824343046
1071,425.8062431646634
1072,443.7548155299812
1073,340.45961321770847
1074,344.7247426081596
1075,395.6426805227789
1076,651.8279701479807
1077,380.67644619297545
1078,386.85018047536704
1079,439.38714195251185
1080,455.8529909667959
1081,730.8761209438628
1082,343.0680685215983
1083,484.6052634485765
1084,734.5974110521596
1085,518.2186320348494
1086,376.8437282256554
1087,466.14905853931737
1088,686.5163943920202
1089,443.4445985763566
1090,502.31241437378884
1091,521.5022183684965
1092,595.5323395971102
1093,491.11275448859436
1094,536.224388602735
1095,484.84295491131667
1096,395.5923547042572
1097,452.4970067555688
1098,481.0415458349278
1099,428.69411126353947
1100,154.85033502435306
1101,368.59601698809405
1102,358.612917967264
1103,341.72251957198876
1104,445.8484896423526
1105,577.9530833354842
1106,551.2015888357166
1107,564.9941058798258
1108,225.98623718563755
1109,331.03293399767784
1110,268.19474121909775
1111,377.63769655319265
1112,301.47219417624535
1113,642.8689564384059
1114,284.0234699452417
1115,319.419451378345
1116,231.9808419912643
1117,59.52699767046454
1118,97.15744740090003
1119,18.575294085648693
1120,538.506837565231
1121,410.59204786680715
1122,355.3103382252551
1123,379.85068136842875
1124,428.55491752727903
1125,395.27525739184034
1126,418.1784141149412
1127,516.7579467494792
1128,448.95607968599376
1129,394.0807565678856
1130,353.9600325266226
1131,398.8781942453523
1132,246.50614456670502
1133,438.80030145373644
1134,343.74709175616925
1135,398.8405630127625
1136,292.44353385966934
1137,442.51488941808645
1138,432.1682424744341
1139,438.8704024847507
1140,49.99882310510981
1141,285.7011389327471
1142,431.5346445278032
1143,547.2045341961339
1144,188.74972943358
1145,785.5891093050689
1146,276.0491010396176
1147,529.2169887925877
1148,209.97535825032062
1149,685.6282716017172
1150,504.3182784522031
1151,1068.1729058625817
1152,237.94083159480846
1153,298.64451357575615
1154,301.05946249084025
1155,348.7652376170191
1156,75.53240291622569
1157,412.3967254217215
1158,405.07394959670995
1159,327.2968115611396
1160,300.3739263707424
1161,392.2980564428194
1162,306.83977538502654
1163,332.23707198134804
1164,146.28413086582665
1165,337.0513839955643
1166,297.3046129674642
1167,360.3401607005458
1168,289.9922155903728
1169,338.66917232213297
1170,292.9265173029569
1171,371.3411721323923
1172,455.1557708812829
1173,372.24747707168854
1174,341.7229605452746
1175,580.7322159354408
1176,729.2896765109203
1177,392.0631212458204
1178,313.973031655256
1179,424.01454774168496
1180,676.029528389642
1181,488.0096004659071
1182,435.7777262068678
1183,477.0618060826023
1184,293.99889818383946
1185,160.3804095077705
1186,128.91975821579513
1187,119.9441835123385
1188,0.0
1189,0.0
1190,0.0
1191,0.0
1192,0.0
1193,138.0810580216221
1194,77.58377728318041
1195,67.12157002717899
1196,236.83270749315392
1197,631.7609734178966
1198,209.35154010614622
1199,218.03237939699702
1200,395.87517466887516
1201,438.8367121694315
1202,536.1282993658419
1203,643.2316045381757
1204,0.0
1205,0.0
1206,0.0
1207,0.0
1208,0.0
1209,107.1192604288118
1210,76.32207319787595
1211,71.47269734694233
1212,0.0
1213,151.40700345105319
1214,0.0
1215,0.0
1216,501.8890928777802
1217,297.19688805483463
1218,231.4178806781435
1219,259.0730061516532
1220,660.4101840990473
1221,627.4588624304115
1222,352.68113337649953
1223,281.72558122598787
1224,340.1077759027218
1225,184.19379082873144
1226,291.71649129886555
1227,327.92782282045204
1228,168.9795615374803
1229,604.7155750485246
1230,466.3632538371736
1231,519.3222142961345
1232,190.84399566888365
1233,329.0288183944187
1234,523.704175523035
1235,524.0001994564386
1236,106.72561521938272
1237,764.8010386436758
1238,423.60681206162815
1239,497.6148299210888
1240,0.0
1241,330.42326086019347
1242,281.7372408437313
1243,460.4933012553924
1244,21.74900244165923
1245,536.6657130235915
1246,451.23857695528176
1247,661.4020886070741
1248,66.42050135885677
1249,276.1165983866159
1250,425.34532442945977
1251,336.49050776066093
1252,146.98525280187638
1253,757.7677738665409
1254,294.06517075193375
1255,273.3588947326931
1256,215.6803723911839
1257,298.28875006256106
1258,257.63829477587797
1259,328.70031731161623
1260,203.41862466676167
1261,292.58502444249547
1262,270.5388211725425
1263,324.0560808248114
1264,312.9927261291575
1265,302.00985091243797
1266,261.734610517295
1267,376.18797094173044
1268,370.7595293559257
1269,648.315745602021
1270,330.220742176778
1271,529.8662161942884
1272,380.9633971959541
1273,500.9841467408198
1274,184.8624526120797
1275,259.955923868673
1276,629.4014052542711
1277,324.2275225055332
1278,217.77989698461164
1279,405.9595219878379
1280,228.9840895043441
1281,336.56518774863116
1282,339.9604348388393
1283,347.24425462231994
1284,242.66105941068395
1285,502.7490564083128
1286,191.73013936412872
1287,220.41747454380902
1288,260.22087164493945
1289,340.69087295629106
1290,327.4968996678184
1291,311.2971914758319
1292,0.0
1293,121.20944973903882
1294,121.44058000945994
1295,127.7934893921083
1296,44.46983046459417
1297,47.72872405846968
1298,79.32827924595274
1299,126.5666397480985
1300,0.0
1301,0.0
1302,7.7470489797214555
1303,225.57737971616166
1304,287.6391554808562
1305,242.33277009622992
1306,198.70517449634116
1307,305.89936423794984
1308,415.6185721150735
1309,323.2464787973084
1310,348.97223283731444
1311,653.4318392563441
1312,488.5535853673635
1313,243.77311665585646
1314,148.17458989691727
1315,261.83334013201227
1316,540.2245567490789
1317,0.0
1318,0.0
1319,113.74069049654986
1320,225.4363206246421
1321,340.93484624476366
1322,263.90811134985313
1323,137.67213807858724
1324,0.0
1325,155.64408066948414
1326,288.0187340321473
1327,699.9958335532792
1328,0.0
1329,408.8613029119053
1330,389.1858947931967
1331,548.4029272249022
1332,2.8409420818983335
1333,359.6897054138627
1334,418.5574775721771
1335,461.8397413916317
1336,0.0
1337,213.36931681973107
1338,261.23215869896495
1339,356.8371547043132
1340,93.91724491609332
1341,365.5465885854723
1342,344.9350626978997
1343,447.2655792934206
1344,0.0
1345,314.0534771407955
1346,279.0275565160414
1347,330.6465897242899
1348,141.25167071312526
1349,293.05246570894906
1350,246.09322816103685
1351,637.4717839265322
1352,154.16780956816208
1353,280.19735495450146
1354,263.26280279538656
1355,409.2365274491685
1356,130.06497129549516
1357,287.6616383590366
1358,252.41756959579737
1359,634.8218391786338
1360,276.43990174710956
1361,277.0812841033677
1362,228.70298163144741
1363,319.41184433800646
1364,365.38560298518325
1365,265.58819930111133
1366,265.60769431857426
1367,361.52169638926205
1368,622.8017894309728
1369,354.2391554808562
1370,119.47166890128511
1371,254.89231872648827
1372,530.9348122513688
1373,300.2506592812788
1374,229.0107501660815
1375,692.8081300547772
1376,649.4312686682662
1377,332.2981580173391
1378,386.61000121652796
1379,405.69336146842943
1380,0.0
1381,0.0
1382,0.0
1383,173.7568095078454
1384,0.0
1385,215.91449320562273
1386,384.3875384582366
1387,307.7399373021003
1388,275.52241559031677
1389,382.089493628401
1390,403.38913267766685
1391,406.33255095979376
1392,29.44327802942481
1393,42.18799955141162
1394,0.0
1395,438.76520843792923
1396,43.81890600060896
1397,217.92944140466744
1398,271.00788102321144
1399,284.78610077216655
1400,251.55342955004275
1401,262.0104390837354
1402,298.81126807295396
1403,397.4219723393957
1404,372.49830646657205
1405,366.8283828048465
1406,156.46491251453688
1407,333.62922879076257
1408,639.1508066088076
1409,422.4461205469878
1410,244.02109462060673
1411,374.6910109313579
1412,362.85383923034715
1413,98.00713505021912
1414,345.5661005996326
1415,347.30978404735254
1416,417.2214861653962
1417,371.08674191793034
1418,387.6174845951969
1419,699.0233634269002
1420,123.96920008625767
1421,376.46713753508186
1422,485.4089295716445
1423,485.6893943315166
1424,247.40202741896337
1425,362.21888248138026
1426,470.0505890168539
1427,419.7273026530577
1428,0.0
1429,347.9680503860833
1430,463.12510978816385
1431,621.5929743151664
1432,42.20601197535183
1433,334.60529009099696
1434,290.9802715327037
1435,633.8129996980424
1436,120.70380325257827
1437,434.4156759070048
1438,401.6501612010344
1439,378.1095409689094
1440,0.0
1441,169.72088439674084
1442,442.9394218023802
1443,717.4042525861391
1444,46.13877472060739
1445,280.0
1446,319.65202089643213
1447,321.86443413140336
1448,0.0
1449,315.14929198915075
1450,48.25638453906973
1451,228.33552450711406
1452,201.39576497996734
1453,303.44587010045694
1454,300.3895121866943
1455,285.5466055821697
1456,177.09170619040566
1457,298.78991336009335
1458,301.38794657694524
1459,649.6270879081483
1460,248.23814404900975
1461,321.55933726757485
1462,313.12516077825615
1463,362.0150582804697
1464,341.2607096501554
1465,313.06546483758245
1466,249.4534284112251
1467,209.09899705794558
1468,495.4128387731555
1469,431.36845155948237
1470,333.1823233164522
1471,305.33890617314296
1472,446.7878202148622
1473,331.4035493895945
1474,301.1971215046681
1475,672.9625857728419
1476,239.9802827229092
1477,340.99817813722825
1478,316.276012570664
1479,290.3541654545338
1480,489.21615513569486
1481,386.3584843363493
1482,309.26817094167444
1483,316.63507388810524
1484,0.0
1485,281.7399844700748
1486,298.20454496356115
1487,354.64180903326
1488,217.31006113630383
1489,264.9119695612719
1490,220.89483513226847
1491,416.6433561962359
1492,0.0
1493,195.52451807089648
1494,218.3199158879729
1495,301.1736678400844
1496,245.35145043787148
1497,296.7666594452094
1498,262.91051061649506
1499,335.3124604029457
1500,390.11992636213904
1501,434.85374190072366
1502,223.27503088731646
1503,326.0898364436201
1504,467.81872440353766
1505,235.91927742550925
1506,202.064443760013
1507,321.5801208058354
1508,510.08694137436896
1509,214.63651271299292
1510,299.64167644190684
1511,194.5209693973413
1512,343.2822541737316
1513,331.9865073292793
1514,273.9483559121818
1515,183.20961009451673
1516,237.88113565413477
1517,297.6019424183629
1518,373.6977402700208
1519,325.9595049911405
1520,248.1849173547451
1521,321.80213450671374
1522,380.26096974240926
1523,382.97323111169464
1524,4.884568310255872
1525,309.26512939045114
1526,324.2846074112166
1527,371.3697400802801
1528,11.978817548862196
1529,276.7852601699642
1530,299.23527292176556
1531,591.4629880850586
1532,25.38311092707488
1533,310.111651110838
1534,293.90939251967643
1535,323.69902879081855
1536,284.49279323781406
1537,298.02243169441454
1538,357.11185037135294
1539,476.1386024588846
1540,79.44697616151348
1541,296.28782732903954
1542,371.0166068935213
1543,432.23314578313955
1544,170.3583745481854
1545,256.8153234340389
1546,381.0347697510686
1547,441.39438182995946
1548,74.8196140114581
1549,415.74781874809
1550,312.3097670506551
1551,317.9343017125841
1552,292.35263229369707
1553,275.8673319010679
1554,330.24278024244154
1555,317.0929607178086
1556,288.12516077825615
1557,350.1947609162086
1558,380.049334489451
1559,410.08957905177965
1560,445.5673551270355
1561,93.42937159493147
1562,381.18280721281656
1563,410.6153914499658
1564,649.3065678443675
1565,398.012204149923
1566,383.13554887189923
1567,390.0843716837479
1568,434.87127594153026
1569,334.0066083602935
1570,319.64152147014255
1571,280.9866464431637
1572,91.6551096156299
1573,128.22091612961378
1574,0.15292524052813405
1575,64.54527456107174
1576,277.6997112980649
1577,314.578416082202
1578,336.21825947113155
1579,345.69242043052503
1580,0.0
1581,0.0
1582,0.0
1583,0.0
1584,229.04300902460068
1585,223.7781300806804
1586,202.07339302876838
1587,424.7998570639978
1588,278.37647594147427
1589,552.0182742073071
1590,336.32371614687656
1591,345.17076540274553
1592,240.36864322505494
1593,316.11908265385824
1594,333.6612684957322
1595,315.71140760961663
1596,366.5839635650393
1597,374.9051737803018
1598,385.79716442774657
1599,340.5037611750563
1600,437.469447133449
1601,335.1687870066137
1602,239.66117145936974
1603,0.0
1604,277.19166369010543
1605,0.0
1606,117.52280245031858
1607,295.6699673008434
1608,390.4141709330711
1609,295.8880887969081
1610,451.9397158880289
1611,398.6873831134868
1612,457.79924638277214
1613,414.0820280919859
1614,483.27441877401213
1615,430.6115088908752
1616,204.9169508304446
1617,388.43935721493006
1618,419.1651112549361
1619,378.60945938476186
1620,0.0
1621,261.4009723479991
1622,391.49829217028815
1623,467.2032626720336
1624,169.63651271299295
1625,404.6675897156865
1626,381.6397997498117
1627,378.78989636339594
1628,53.21847679596681
1629,450.32064868638554
1630,472.1941727449112
1631,581.8188972175558
1632,358.65876723179247
1633,539.2338897717577
1634,668.1484023812303
1635,621.126848211931
1636,322.1695479919293
1637,443.7132654501574
1638,502.560297709329
1639,477.99007145504936
1640,235.2480216038681
1641,385.48945268969663
1642,319.6455250076026
1643,354.0171344290034
1644,290.2155178120488
1645,389.2131572235894
1646,379.7091131530899
1647,414.6091386566927
1648,298.52114221135946
1649,323.61854931188424
1650,0.0
1651,414.7935381216787
1652,684.2831636253935
1653,436.3905066218433
1654,528.8638895992237
1655,499.9155676804368
1656,909.8673760924811
1657,370.19217422889017
1658,225.21301840296607
1659,372.21374539488676
1660,793.7767929598294
1661,478.20827058362676
1662,391.59703878170285
1663,523.718506811584
1664,627.920437323702
1665,15.144939683349094
1666,398.6216538889618
1667,432.2518968119843
1668,352.56629963329294
1669,414.68002689266467
1670,435.21493886369615
1671,432.47408290410254
1672,261.3285393382066
1673,467.49310606096316
1674,365.2417804235788
1675,0.0
1676,0.0
1677,0.0
1678,0.0
1679,0.0
1680,0.0
1681,0.0
1682,0.0
1683,0.0
1684,0.0
1685,0.0
1686,0.0
1687,98.89215921656682
1688,524.5653272852938
1689,562.1308833527469
1690,535.6312856649636
1691,598.4629825547142
1692,426.55646656310887
1693,258.87020345109033
1694,185.84761120752427
1695,259.1869939260571
1696,799.4727171735703
1697,488.3653469824048
1698,376.9657407877161
1699,407.2890005090919
1700,539.6597883093618
1701,72.6541644794599
1702,425.50634402314364
1703,446.1957723480551
1704,532.4668264527357
1705,411.2503312022353
1706,396.1542659073491
1707,394.7195618825483
1708,403.29003858335875
1709,451.0153183727236
1710,499.06771380013436
1711,501.66963922179986
1712,298.8782378844702
1713,681.6877510892549
1714,484.03654216823065
1715,505.92828236914454
1716,0.0
1717,169.62758540187014
1718,576.4501685691222
1719,605.023275596369
1720,166.88789898619248
1721,364.2612201889401
1722,435.51021923125984
1723,437.22278433191696
1724,207.8694154005761
1725,539.2014296190564
1726,511.7358310513031
1727,641.6591831413671
1728,0.0
1729,389.9428471075269
1730,373.38093279835664
1731,310.0012885207977
1732,0.0
1733,395.6296717484225
1734,330.49078484961217
1735,420.27780044004095
1736,0.0
1737,370.8880548035132
1738,291.61647316335046
1739,376.07631983089243
1740,288.73410962423327
1741,270.7842220956973
1742,312.78887528582646
1743,355.8517024459982
1744,278.5107807601368
1745,308.5665844959969
1746,240.3830332945622
1747,317.92912098697275
1748,364.0898294983105
1749,352.97067106679657
1750,0.0
1751,600.999645278536
1752,595.3933534014157
1753,366.4061530736104
1754,282.3799723566025
1755,399.87669891714154
1756,675.673764876447
1757,317.0904346663054
1758,362.68378069963325
1759,234.18992526633826
1760,567.5797486648958
1761,466.9111475173628
1762,452.3123266727749
1763,466.76443256980747
1764,500.0537542297468
1765,429.80708178249165
1766,134.65156079544403
1767,565.0160527156187
1768,442.8157949010001
1769,531.8160283508334
1770,437.67168363746066
1771,453.0533944178303
1772,247.68627345666764
1773,404.70516330613566
1774,466.96429034984465
1775,474.92195264228485
1776,393.7001549717643
1777,441.0683560847158
1778,411.34361347655613
1779,469.5375697683313
1780,0.0
1781,533.9238668737447
1782,493.7122316207865
1783,549.6340617402193
1784,483.60792933000357
1785,546.8784728958994
1786,438.61312705231234
1787,426.67597120918145
1788,570.584229463785
1789,491.84235242662197
1790,396.47887478533795
1791,414.2456780121061
1792,539.2469058970886
1793,436.63721306249323
1794,332.6707719252768
1795,379.42873567145347
1796,489.82859231267304
1797,0.0
1798,241.08030666491612
1799,402.64736770630293
1800,409.4404122858943
1801,367.3422708424744
1802,418.41469846855324
1803,416.1360764073814
1804,255.7582918252202
1805,398.2446229411418
1806,370.6388053146627
1807,423.7989862905183
1808,0.0
1809,335.81797076919645
1810,291.7099784133386
1811,419.2650857513333
1812,0.0
1813,269.9493939864486
1814,445.2466554505577
1815,541.5943234717794
1816,0.0
1817,400.33104413100307
1818,388.44585310375953
1819,83.99011224712297
1820,0.0
1821,464.8233509512464
1822,479.8259546352623
1823,764.2013349898461
1824,144.86372413618002
1825,270.33368180841376
1826,353.25366922914634
1827,585.1673868599084
1828,0.0
1829,370.7504394288033
1830,265.45831505118775
1831,394.33781710878384
1832,155.10392733702605
1833,298.2848845001679
1834,299.7818785039353
1835,403.2978059962886
1836,251.98003808287024
1837,297.9888339243439
1838,289.9961077951864
1839,317.5538794530122
1840,0.0
1841,344.9012873819801
1842,260.5933800267227
1843,338.50947524264166
1844,416.29962205256845
1845,317.02934592990084
1846,392.4552104741102
1847,494.8207909063484
1848,392.5538794530122
1849,408.5665844959969
1850,282.0709396488425
1851,483.9963678874402
1852,611.1256373236461
1853,328.43422747941094
1854,385.47912523186875
1855,0.0
1856,645.2730649497248
1857,433.67613779392946
1858,496.6273404856836
1859,493.49826086019345
1860,393.96241904146314
1861,366.10991197103147
1862,341.1670745092275
1863,276.19823649540825
1864,0.0
1865,315.70535425566885
1866,381.031244303481
1867,0.0
1868,0.0
1869,0.0
1870,49.85385084333099
1871,125.80033006341765
1872,400.9157307363282
1873,415.1951137828156
1874,386.09359067336686
1875,500.2145481644632
1876,153.10186860796802
1877,195.4726734049354
1878,0.0
1879,407.2201980673767
1880,388.28596123550386
1881,403.2626006556478
1882,408.15610362800066
1883,470.5827291575256
1884,386.954041370086
1885,427.5863337992218
1886,365.9737698373823
1887,458.26924923860633
1888,519.4780361675097
1889,378.01093262582265
1890,354.6858302057465
1891,405.6037414779454
1892,508.7314453044021
1893,343.0161303481314
1894,443.9002759501337
1895,98.44094662005523
1896,447.26950549162905
1897,334.5780446573017
1898,431.3606937922756
1899,0.0
1900,67.88769952975389
1901,350.2518871662613
1902,500.8127124110724
1903,190.6634937532952
1904,280.32854472192025
1905,329.92600676417214
1906,401.0516610845156
1907,401.24250315349025
1908,0.0
1909,499.60916529911316
1910,565.9905819938341
1911,612.5303976015256
1912,0.0
1913,370.39726995390106
1914,298.952231120298
1915,434.7636550105727
1916,48.54044402083878
1917,420.8374147965671
1918,461.8124619645416
1919,751.1579858504399
1920,376.82288405157954
1921,315.65696817221
1922,427.8174092403195
1923,447.6239464906316
1924,0.0
1925,402.59539553944114
1926,316.96440862780054
1927,477.76934627496877
1928,0.0
1929,470.9425530218782
1930,363.26665136108227
1931,356.9877788533796
1932,314.15994752602217
1933,354.79613215997153
1934,333.2290104827695
1935,325.50245181833003
1936,0.0
1937,344.77665413920613
1938,321.4489746775345
1939,293.6704778396281
1940,421.09840153567376
1941,334.1054323109598
1942,406.8527841593829
1943,554.3053133169645
1944,609.278016893177
1945,419.8740515940078
1946,350.99455918213476
1947,423.4965101074031
1948,581.9656801519009
1949,378.93928298175683
1950,369.5625024804677
1951,419.83903139640836
1952,642.847824554582
1953,383.56073473097996
1954,355.0811159570238
1955,487.5960053751102
1956,0.0
1957,0.0
1958,0.0
1959,0.0
1960,0.0
1961,0.0
1962,0.0
1963,0.0
1964,0.0
1965,0.0
1966,0.0
1967,0.0
1968,0.0
1969,0.0
1970,0.0
1971,0.0
1972,0.0
1973,0.0
1974,0.0
1975,0.0
1976,96.99212592209807
1977,138.4488850092598
1978,0.0
1979,132.26607779644328
1980,223.0663043009672
1981,173.67916234845538
1982,0.0
1983,198.84922087916937
1984,571.9747360856284
1985,407.4162374358818
1986,399.2534357793129
1987,78.68763606400779
1988,536.7813169750583
1989,315.22722841988445
1990,402.32277582501155
1991,385.19867011771964
1992,319.12381106934754
1993,365.4427558776563
1994,303.96394172813365
1995,305.22725506230495
1996,333.87305715885884
1997,89.45365166303992
1998,458.9963242483224
1999,387.9343017125841
2000,0.0
2001,489.8804868470221
2002,432.2786050644744
2003,121.98023469226462
2004,0.0
2005,488.99501873082727
2006,482.0007269919207
2007,531.0022489625519
2008,0.0
2009,567.7134819032934
2010,425.4180194987668
2011,397.0955207627066
2012,0.0
2013,505.45695854360036
2014,470.13627586382
2015,334.94561340754234
2016,0.0
2017,240.48301743668242
2018,338.81199506487474
2019,576.4683580690898
2020,0.0
2021,372.4616627238218
2022,423.1186138993344
2023,458.264040326092
2024,0.0
2025,415.1843388291707
2026,355.77769221347296
2027,296.277583986905
2028,315.3765300547583
2029,425.92178648031506
2030,31.080512920033527
2031,387.1513681376845
2032,364.08334325520406
2033,297.67980121658394
2034,309.9857293472663
2035,328.9301324188192
2036,19.280972451612627
2037,367.8096684698101
2038,249.70014449759807
2039,184.48332851902853
2040,799.7038038048736
2041,18.888900220020332
2042,0.0
2043,59.919649143670654
2044,840.2335786894116
2045,192.76173412706436
2046,240.3428493680488
2047,0.0
2048,701.7613968421895
2049,154.87246658040903
2050,354.7347735731864
2051,462.34704344937717
2052,0.0
2053,185.5180499633051
2054,348.0407067943213
2055,7.352867874535093
2056,0.0
2057,0.0
2058,0.0
2059,93.498596730103
2060,0.0
2061,0.0
2062,0.0
2063,0.0
2064,94.30734611964152
2065,308.72429355074667
2066,0.0
2067,285.9314994176861
2068,0.0
2069,0.0
2070,0.0
2071,0.0
2072,219.03205131795343
2073,0.0
2074,74.4358947931967
2075,267.38441616842226
2076,0.0
2077,0.0
2078,0.0
2079,0.0
2080,428.297822992986
2081,420.4141709330711
2082,0.0
2083,398.11867453514964
2084,529.5584986497465
2085,397.96802374366285
2086,340.11816399636496
2087,25.8273445839489
2088,467.0812501099729
2089,408.69902879081855
2090,507.4149149216893
2091,396.15681630652415
2092,66.77385044645598
2093,447.7031544454656
2094,384.3858534317141
2095,438.6055235408304
2096,0.0
2097,545.829596393545
2098,476.17107960828343
2099,625.6348014839416
2100,0.0
2101,407.15526034249814
2102,438.0536935939315
2103,463.6894298991638
2104,0.0
2105,555.7841104697898
2106,319.63256951808705
2107,124.95606948797513
2108,0.0
2109,505.02458111386414
2110,439.05862387301204
2111,879.1415614166599
2112,299.80004136148256
2113,203.07730406802284
2114,517.3966914283267
2115,461.19702687545794
2116,238.80680469354036
2117,302.0617890859048
2118,0.0
2119,330.0882638885615
2120,209.27423631427092
2121,327.95635677494505
2122,353.4146814718558
2123,77.99817374570148
2124,234.94156593770356
2125,381.4424447953102
2126,299.86238462529
2127,413.8807639359734
2128,0.0
2129,318.10826944480914
2130,282.57078043218223
2131,348.7989862905183
2132,287.2552518355928
2133,2.316563823812089
2134,465.07526475992813
2135,367.27601837715594
2136,473.41074562792437
2137,356.7891257323574
2138,21.68684843627176
2139,392.6395662999783
2140,816.2034281350774
2141,425.66604110263495
2142,343.2316311634828
2143,60.15348507829191
2144,494.4849734524032
2145,334.87845547642377
2146,365.6159031275681
2147,77.29886900474929
2148,0.0
2149,0.0
2150,0.0
2151,0.0
2152,0.0
2153,0.0
2154,0.0
2155,0.0
2156,0.0
2157,0.0
2158,0.0
2159,0.0
2160,0.0
2161,0.0
2162,0.0
2163,0.0
2164,0.0
2165,0.0
2166,0.0
2167,0.0
2168,0.0
2169,0.0
2170,0.0
2171,0.0
2172,61.77549877917022
2173,384.826375082994
2174,242.3608105086356
2175,356.23768223979533
2176,527.807013795702
2177,260.72710319661905
2178,0.0
2179,320.5570106725102
2180,537.9796663647088
2181,247.21765459639784
2182,0.0
2183,48.22394138306572
2184,365.6907168457092
2185,328.07842997282097
2186,385.64785160266723
2187,387.3759758768557
2188,368.80678769684295
2189,354.77018489279703
2190,377.690189310227
2191,123.33963996374246
2192,239.45989765763417
2193,376.85016347866963
2194,453.20949846860924
2195,369.9506218714311
2196,199.9702041671297
2197,414.66887823648426
2198,443.2731302532144
2199,538.0030365902879
2200,0.0
2201,301.0919226435417
2202,350.46868614813343
2203,447.8277706915422
2204,0.0
2205,421.6229084163647
2206,480.63872768215003
2207,662.2304474699135
2208,261.5957066217873
2209,379.83637672230026
2210,372.70186592466786
2211,27.767087114398237
2212,0.0
2213,336.539842250112
2214,322.5642409042349
2215,335.46482058574026
2216,0.0
2217,357.1526833009027
2218,386.6774406281245
2219,320.42975674902294
2220,219.71829035844797
2221,359.0365858073485
2222,392.9238796255462
2223,331.72421507267745
2224,303.4159869893509
2225,297.71226136928533
2226,0.0
2227,294.36379836935316
2228,306.45026319833227
2229,319.2196871058137
2230,379.4533944178303
2231,359.405348449177
2232,493.56915418661794
2233,403.0290784866725
2234,361.9735251973433
2235,357.7668202234656
2236,538.0407114619956
2237,53.729186143831555
2238,371.3074404555905
2239,360.46483758243767
2240,498.95622036147404
2241,342.0217021957539
2242,315.44030986581816
2243,229.48344255208838
2244,293.92686011817597
2245,363.7827052155186
2246,0.0
2247,270.5680090246007
2248,323.52378415077953
2249,329.5845351624175
2250,320.18956516116066
2251,275.1935010050921
2252,223.83678908590485
2253,201.17125852205461
2254,0.0
2255,0.0
2256,199.640433950266
2257,180.8557279582044
2258,208.89778857681293
2259,206.25762743290466
2260,0.0
2261,0.0
2262,0.0
2263,0.0
2264,0.0
2265,0.0
2266,0.0
2267,0.0
2268,152.44923913179014
2269,135.74362878371977
2270,81.94383645222342
2271,42.385277166661595
2272,261.05558728272405
2273,254.81046344852052
2274,122.2501487424941
2275,278.7211444889947
2276,468.7885908459008
2277,231.43473801819567
2278,228.4445889306336
2279,126.45425003235596
2280,396.2451068375061
2281,336.89562276000447
2282,351.5879052154626
2283,133.93022704802934
2284,266.847620430469
2285,327.87978649752176
2286,415.3180886414875
2287,391.49439996547454
2288,283.1342507053785
2289,514.1131657304948
2290,382.6797842198865
2291,411.22303477844775
2292,119.92866143828033
2293,304.18851547391
2294,412.59797258103663
2295,505.44008420685077
2296,90.49216799962005
2297,325.0701010310142
2298,367.38765249129654
2299,459.7493407187212
2300,220.21556145116665
2301,398.3159688538359
2302,385.81922529659937
2303,649.2675778094417
2304,44.57812228981433
2305,279.70137238258053
2306,347.9732311116946
2307,309.10152310944875
2308,169.39240031063585
2309,469.5485147383102
2310,303.16411681978707
2311,386.0062018031808
2312,195.38174477376447
2313,355.39078371079455
2314,361.62292541306215
2315,450.66469194602195
2316,258.51335780173224
2317,436.04902340710487
2318,365.1921135930749
2319,374.1495520814047
2320,277.55130241141677
2321,297.5097256891725
2322,236.79174641307065
2323,277.45781415812604
2324,491.0256361848284
2325,369.97477414539316
2326,177.12420033650196
2327,317.766837220163
2328,421.3113326604041
2329,515.311403494238
2330,148.43557663602394
2331,345.8076093179738
2332,682.053936689488
2333,189.64695179672827
2334,400.21166924635304
2335,382.8162153487318
2336,601.6215105301814
2337,391.08796471246035
2338,404.8765629093355
2339,425.4504479185954
2340,449.0229663517665
2341,476.4521955653073
2342,402.15462301885213
2343,459.0021828135059
2344,131.86034474778637
2345,690.0772831025774
2346,341.9926581252545
2347,346.4239804840264
2348,235.71337707606492
2349,361.47288943529315
2350,345.37965162853334
2351,401.3910511540229
2352,0.0
2353,265.2426768301785
2354,0.0
2355,0.0
2356,6.591854216860412
2357,152.99664113716042
2358,132.40459327035327
2359,268.38611933045985
2360,303.70103651267095
2361,399.4293772399955
2362,281.0329022648049
2363,383.2076406280685
2364,263.89323666794223
2365,138.01037958673768
2366,142.70008500060044
2367,158.36220725600134
2368,434.97403573612803
2369,722.9976496095592
2370,194.2963520124471
2371,266.32437542815535
2372,468.9326924637173
2373,294.83903139640836
2374,344.67931732021964
2375,329.9857463439637
2376,411.9877788533796
2377,711.3331571199758
2378,309.48069084161784
2379,198.28493549026012
2380,147.21768858979266
2381,321.7514848540446
2382,360.5946249084026
2383,253.46406695139908
2384,0.0
2385,497.6083606746797
2386,422.5473762132083
2387,324.20410128986185
2388,86.01411483541287
2389,244.7481468271335
2390,301.11788690741366
2391,362.97323111169464
2392,0.0
2393,615.1594131918612
2394,283.37705759024044
2395,296.90080348561577
2396,55.42075180538765
2397,355.7491242655851
2398,298.0381684137949
2399,443.96513561972125
2400,0.0
2401,595.7956414649284
2402,234.5650625253657
2403,296.93455215911496
2404,32.42544863463468
2405,297.75901881714094
2406,231.9021356455314
2407,232.16698794703123
2408,0.0
2409,262.9680673827807
2410,248.8042276519449
2411,234.47288943529315
2412,0.0
2413,146.78660932657718
2414,223.66011638840544
2415,313.39911265260133
2416,243.3640924550019
2417,581.5253047064456
2418,199.66245998016745
2419,255.1272539234873
2420,297.112429092851
2421,312.24749406838595
2422,185.40386047194065
2423,294.90395170181125
2424,808.8300292998172
2425,614.6998436132706
2426,132.6085062939821
2427,259.5326630084795
2428,687.5784605668762
2429,303.1070319141037
2430,296.8917645485857
2431,226.20366838358984
2432,359.4783376041328
2433,250.44176879348166
2434,444.06935704239606
2435,469.8795264052679
2436,180.51364721970668
2437,277.37027994478535
2438,368.3323279841265
2439,471.0861054398408
2440,0.0
2441,0.0
2442,63.80379998275612
2443,0.0
2444,236.15776825848656
2445,142.31999818815984
2446,222.40046067039674
2447,303.61702620243545
2448,0.0
2449,0.0
2450,0.0
2451,0.0
2452,311.1132976058087
2453,188.8050253310688
2454,183.98028158409159
2455,209.2412246840804
2456,299.46876844832036
2457,312.0434410853162
2458,239.42726200761444
2459,273.5638223113601
2460,754.3647813381492
2461,327.66554289287336
2462,360.33885786635085
2463,401.24249848581593
2464,470.24667244725515
2465,302.4318572452285
2466,238.52642721190392
2467,67.60983845389768
2468,232.48255053701553
2469,119.2743139467836
2470,120.6596834821334
2471,340.92183747040724
2472,509.56369637205523
2473,370.77381700535676
2474,263.39396592038486
2475,366.17502280318934
2476,583.3716099736964
2477,403.2147398300358
2478,420.5920308701097
2479,639.464976403061
2480,94.29250344675131
2481,347.63049336955334
2482,352.0877799921972
2483,307.46819260604616
2484,43.95883863503502
2485,429.23263524435487
2486,384.58061434792273
2487,668.6430697899331
2488,40.942579664298876
2489,233.0810506535343
2490,188.0875635390612
2491,341.5528243820479
2492,17.7630226478621
2493,224.45212289372998
2494,249.17815402268735
2495,499.3014041154535
2496,0.0
2497,353.1471988439196
2498,295.96600087996995
2499,342.8161377162192
2500,32.939594064103005
2501,609.0103812949643
2502,274.70008386178284
2503,242.9641751779671
2504,0.0
2505,222.58506808161334
2506,290.8725126266793
2507,318.2796601354387
2508,126.63989437902183
2509,274.79486063587126
2510,244.10025158534847
2511,339.72992333377096
2512,316.9163893015677
2513,291.33990060829194
2514,292.6317818903511
2515,275.3674571243333
2516,668.7521438591757
2517,363.11475568791565
2518,350.2025793192307
2519,433.3562474095594
2520,721.4371694404888
2521,357.4032989430637
2522,149.94429089335
2523,284.7663703204961
2524,632.7771476812934
2525,702.9742963806775
2526,213.70692482635326
2527,300.6557572839249
2528,734.2011366722252
2529,453.61827336175054
2530,452.3497526595475
2531,498.55850713953856
2532,191.62814127088592
2533,592.8093420818798
2534,215.21941115568004
2535,205.55827368970512
2536,6.482521910220953
2537,316.3720306975757
2538,323.96097398730524
2539,334.85296463475
2540,243.55417778355687
2541,398.55672083175756
2542,335.3121415297336
2543,366.0690938440638
2544,405.1336431473446
2545,319.50523327729945
2546,300.8750436391178
2547,416.1943771622852
2548,283.4933614684294
2549,738.2411297787228
2550,369.45540950777047
2551,359.45540950777047
2552,41.10604172385064
2553,223.36384625336703
2554,284.89067972912255
2555,366.74991613821715
2556,122.35432312671152
2557,472.7435344290783
2558,73.88900164790955
2559,90.90795213319288
2560,590.6205648246028
2561,350.079207954834
2562,319.04573637028614
2563,377.17474571423804
2564,534.285835296199
2565,330.7777528492882
2566,363.96132104742037
2567,449.2949688624393
2568,434.9156113195546
2569,370.01037844792006
2570,415.81666525170135
2571,393.9898719986108
2572,267.9018755532775
2573,785.9656563565246
2574,591.7410117769144
2575,464.88442269095356
2576,275.59857774903145
2577,602.1811469738575
2578,361.7021333678961
2579,374.30408543198206
2580,193.5614644062008
2581,666.5058096889827
2582,363.4705022044133
2583,384.1612190501225
2584,1.9281945386134112
2585,355.43493747463424
2586,314.00674633536033
2587,376.7800188085376
2588,176.52693775068866
2589,363.1485140071378
2590,384.4312787196541
2591,522.6771295457784
2592,103.59654523961555
2593,295.532334929436
2594,295.04801932623286
2595,330.1505805099485
2596,153.12650993486912
2597,639.6855123247217
2598,341.4774989863045
2599,317.09556440182445
2600,159.1729902937734
2601,385.25963758249367
2602,302.32406434580923
2603,333.2822371770342
2604,207.67463748767
2605,676.8148254000453
2606,290.0480459686533
2607,297.35523597771294
2608,283.3900397221764
2609,293.9119695612719
2610,281.1334727233655
2611,269.6806058410173
2612,291.0361189076816
2613,358.5717918640287
2614,314.5780446573017
2615,376.94753429105094
2616,471.9825544886504
2617,445.2583660583934
2618,242.21506790907935
2619,323.26021610806805
2620,653.4146208360405
2621,764.1479966696743
2622,299.8286869418831
2623,291.0556479185393
2624,584.0086536215108
2625,412.4519976704645
2626,462.3532850524447
2627,450.3200905568481
2628,486.2070887278012
2629,865.8536280142945
2630,450.82144210350003
2631,488.2753470601151
2632,291.50593548165676
2633,407.8769737284576
2634,426.31501578016946
2635,400.5282336395741
2636,332.3053538328906
2637,458.01291102195455
2638,459.08795932874665
2639,476.25490363666006
2640,429.6411005996326
2641,510.64598723959523
2642,481.0445893534119
2643,505.7875214615392
2644,256.5896002933731
2645,692.0644814460086
2646,418.1163997757338
2647,421.23378579008573
2648,413.5444652689641
2649,546.9409402441547
2650,388.0394097666182
2651,459.7207595962537
2652,477.1587958414736
2653,518.4839703754953
2654,331.12667341353875
2655,356.5719893360931
2656,397.7031884388604
2657,216.23870557788672
2658,152.43843076657066
2659,7.416409697604593
2660,413.08750290324593
2661,296.88917051029284
2662,161.60616270222008
2663,283.91074167628943
2664,368.01350966741813
2665,303.48094128814864
2666,384.293697338339
2667,322.78631524092845
2668,260.75049041889554
2669,313.7172352874837
2670,302.7720009490769
2671,263.3069299168058
2672,155.32076031229306
2673,307.0397073811235
2674,263.94705039468664
2675,299.3780956645073
2676,0.0
2677,282.32019878341606
2678,285.1895535481769
2679,344.73902290661636
2680,0.0
2681,227.35783001600583
2682,360.5244898839935
2683,348.13810891679725
2684,152.19817657563235
2685,360.02593027047715
2686,779.2011723738466
2687,744.5349998015624
2688,61.58537916395943
2689,201.57622860102182
2690,582.2030394202188
2691,280.1453997843372
2692,0.0
2693,268.4770150899402
2694,260.1584085586936
2695,245.99585734865553
2696,132.11769709669807
2697,266.60867175702583
2698,590.3541741080699
2699,491.3722661317833
2700,164.25996566153722
2701,229.05870150552465
2702,209.53780974069605
2703,227.25138627319959
2704,233.59128688149156
2705,231.3022863723996
2706,573.8688470730203
2707,280.7673041198299
2708,300.2869340062812
2709,287.72006277561
2710,326.2867005564477
2711,326.0880304387281
2712,608.3042412493028
2713,423.41727551014867
2714,144.1366985720736
2715,343.95095959619766
2716,682.3447798972802
2717,167.02815203831318
2718,192.7630226478621
2719,434.74943534793124
2720,521.4425514602824
2721,347.1593368447966
2722,77.93064479534758
2723,354.57686280147607
2724,208.72855591212578
2725,218.6194818428832
2726,422.19352459308095
2727,440.52147922008663
2728,285.1410355915408
2729,333.8616569173299
2730,340.2639007894293
2731,339.4264519994673
2732,249.94521223734745
2733,344.908457216599
2734,467.448117501413
2735,446.92747618311523
2736,0.0
2737,0.0
2738,0.0
2739,0.0
2740,0.0
2741,0.0
2742,0.0
2743,0.0
2744,0.0
2745,0.0
2746,2.2434341400066806
2747,0.0
2748,178.4658130365151
2749,270.5146029937866
2750,210.33282420951392
2751,271.98563273368205
2752,620.254396221067
2753,385.7569693110276
2754,244.38203885941317
2755,341.3853598896268
2756,602.3902221819176
2757,439.2131742202868
2758,310.7050481342581
2759,358.7444880721534
2760,431.38143369141835
2761,308.66662927393236
2762,413.61854931188424
2763,467.6927929942429
2764,314.24309132478766
2765,380.4193686553798
2766,383.5393317113272
2767,495.59330239421
2768,270.42461001680647
2769,402.329271713841
2770,385.00518072561135
2771,394.5377661015782
2772,0.0
2773,328.2511091842483
2774,438.78080643627356
2775,436.50478805911763
2776,0.0
2777,265.00004363911785
2778,312.5370051162626
2779,375.4219287002779
2780,267.0150752771671
2781,343.8405630127625
2782,401.50347289589945
2783,488.2549237565492
2784,0.0
2785,341.34768501791916
2786,324.6935709762559
2787,358.44064573572774
2788,200.25321932617686
2789,306.43470402480085
2790,262.4032989430637
2791,0.0
2792,0.0
2793,212.60974382468754
2794,237.2578991587265
2795,328.9483219187869
2796,228.51468996164783
2797,340.6751310297573
2798,310.95038842159767
2799,297.5538794530122
2800,298.4380856908297
2801,303.9561233251116
2802,291.2269609766562
2803,312.85248042801123
2804,307.8161547129166
2805,326.65022183684965
2806,376.12049059142953
2807,402.3720836720421
2808,525.6880791682984
2809,332.34486488076726
2810,392.0215711659966
2811,413.19008108365904
2812,745.5231067339857
2813,413.9314475820374
2814,305.4479535999651
2815,340.66867878004564
2816,512.9204427074156
2817,376.9999713903188
2818,324.2772952849699
2819,316.3611830723535
2820,405.5154621542823
2821,291.6191124023571
2822,268.4043725723213
2823,291.98134516196126
2824,15.536938251177197
2825,63.399806772831525
2826,105.90175769809983
2827,117.01964460551349
2828,283.6984954488445
2829,297.8947953323817
2830,259.5670892282897
2831,275.2084982269683
2832,96.90072500754663
2833,270.90739371039433
2834,242.70566265471487
2835,292.12786844394407
2836,87.55461721236021
2837,248.87238512577858
2838,251.0692391872184
2839,0.0
2840,0.0
2841,17.545891764828596
2842,28.1223804581043
2843,22.340752400699866
2844,460.56953255682765
2845,301.5108820413953
2846,244.69062831625206
2847,285.48001414086326
2848,454.6624089900752
2849,422.0721505371275
2850,325.4557380095923
2851,212.42538799881945
2852,635.6153234631761
2853,249.11325071398187
2854,174.0159138949954
2855,305.60636215865867
2856,643.1120670204127
2857,301.62038236486154
2858,302.59933873434704
2859,258.1044378758108
2860,273.9171842802781
2861,353.5977561279006
2862,374.0703781199655
2863,356.04258815409065
2864,138.51214691344722
2865,405.49725409602127
2866,387.5811418834049
2867,376.1776094905078
2868,0.0
2869,296.47107337901326
2870,386.54113077090966
2871,400.68809616499584
2872,169.02759050943624
2873,333.9132580820696
2874,385.29989914151975
2875,349.83899740301354
2876,262.9784724731212
2877,335.63097726591764
2878,375.9331135283443
2879,459.97786730512644
2880,0.0
2881,281.4879210733424
2882,334.35470844223084
2883,408.6730208878287
2884,181.65025583024448
2885,387.6694057719664
2886,357.8966171951535
2887,291.34555323912
2888,196.40617007030784
2889,386.1126721884075
2890,350.15186903074624
2891,292.64220432711335
2892,202.48250689789762
2893,325.9711816055813
2894,321.0659583796697
2895,293.5123350237863
2896,283.7496954401851
2897,314.9415755834266
2898,293.47054584353117
2899,391.75145086064975
2900,312.9122200078027
2901,286.38927873686083
2902,392.18513380788113
2903,335.17309343771393
2904,456.5982496699879
2905,351.80213450671374
2906,332.0293725723213
2907,359.01299320153043
2908,572.0136921271593
2909,451.3567579483441
2910,345.8348717483665
2911,296.1633728311689
2912,0.0
2913,0.0
2914,0.0
2915,0.0
2916,0.0
2917,0.0
2918,0.0
2919,0.0
2920,0.0
2921,0.0
2922,0.0
2923,0.0
2924,0.0
2925,0.0
2926,0.0
2927,0.0
2928,0.0
2929,0.0
2930,0.0
2931,0.0
2932,0.0
2933,0.0
2934,0.0
2935,0.0
2936,0.0
2937,0.0
2938,0.0
2939,0.0
2940,0.0
2941,123.52480677283155
2942,142.05376003623869
2943,141.024154014084
2944,524.702609913286
2945,233.3978847676189
2946,329.8377258789132
2947,343.767831655312
2948,765.0297108493833
2949,311.98129996124754
2950,0.0
2951,350.54142485655836
2952,412.16306174882277
2953,424.4235209524473
2954,371.45155171913
2955,339.1534782796131
2956,371.8098922739205
2957,397.40975119277533
2958,363.30562439931066
2959,375.1324176524012
2960,0.0
2961,342.6798278590044
2962,618.9053886889553
2963,638.0536426038393
2964,0.0
2965,345.1584085586936
2966,449.2053558172648
2967,621.2605980242479
2968,0.0
2969,293.6886406971754
2970,320.111651110838
2971,354.8416010870294
2972,0.0
2973,379.49099165702523
2974,406.86441713470595
2975,489.7376471075829
2976,179.37552597388628
2977,382.6044854665635
2978,457.84335650749404
2979,372.7109558517902
2980,0.0
2981,328.33937307280985
2982,327.18513380788113
2983,316.6995563263007
2984,252.61752823431476
2985,379.8948011388736
2986,319.2092820154732
2987,369.9700998921966
2988,0.0
2989,397.5473495707879
2990,310.31289827015314
2991,380.7049705017455
2992,316.29574684445225
2993,391.2022415944641
2994,303.48742018028076
2995,299.2015242482664
2996,424.34039415037927
2997,412.8291198481552
2998,0.0
2999,0.0
3000,546.6852250377517
3001,343.78474963117947
3002,176.3893297269531
3003,201.5100974073339
3004,684.4013882575737
3005,413.98860047451046
3006,385.28825652047374
3007,305.28311943398023
3008,622.2735457400107
3009,332.5229504938867
3010,0.0
3011,389.29000416718566
3012,306.45110380053467
3013,221.0252828954432
3014,239.63862483929566
3015,199.48021628060206
3016,252.34326060994914
3017,344.6854708166083
3018,259.9970975626611
3019,376.5433920624847
3020,0.0
3021,210.27441835123383
3022,115.17447784823146
3023,0.0
3024,0.0
3025,209.62832755274488
3026,183.17285698638085
3027,340.8435342824476
3028,168.7562423191069
3029,266.476271101322
3030,179.58068233471244
3031,383.14591032312194
3032,0.0
3033,0.0
3034,79.42639207969147
3035,229.52889262759186
3036,370.9465812173845
3037,286.0998260471642
3038,389.52486897024266
3039,461.0555946508118
3040,505.53489497433407
3041,406.5697157154949
3042,396.53725556279346
3043,461.81767668354775
3044,629.0715890082506
3045,362.1202571415961
3046,35.18078150207941
3047,251.3139873345123
3048,446.05684181012697
3049,346.156859945642
3050,457.46168936624224
3051,295.2064618783213
3052,0.0
3053,408.8846901341818
3054,422.95764529574274
3055,477.03578118291506
3056,0.0
3057,551.9669346793037
3058,576.0528986152211
3059,490.3725772141294
3060,117.72536477285189
3061,386.6774576248219
3062,501.0243476640307
3063,695.077773814734
3064,295.95561278632687
3065,374.00152197063113
3066,360.1038497045134
3067,447.74468752859195
3068,0.0
3069,361.92935443680625
3070,483.5029283637199
3071,430.9049121435654
3072,0.0
3073,360.5751565333601
3074,397.4850329494009
3075,761.115120607398
3076,0.0
3077,357.42794069274305
3078,310.3103212285577
3079,28.41495571376288
3080,0.0
3081,242.89667783096877
3082,322.9784554764238
3083,321.655402562461
3084,257.0903740304901
3085,359.4234943100269
3086,319.39497000125687
3087,387.6356570984673
3088,385.2830248047702
3089,343.51336744745527
3090,516.877365273247
3091,550.2479099779606
3092,459.64420249341003
3093,75.51571783789609
3094,388.2965514688857
3095,530.3557028773798
3096,292.45916331473904
3097,462.4707526509442
3098,335.50119729092717
3099,481.593085941074
3100,861.655273939856
3101,338.12393289327366
3102,252.26573455844596
3103,475.6504722833805
3104,552.991233613764
3105,0.0
3106,302.55119304603113
3107,334.22089290364625
3108,0.0
3109,103.69197675682574
3110,0.0
3111,52.233929148866245
3112,96.62415741342346
3113,491.43056604113065
3114,423.781900168307
3115,494.2700643372059
3116,335.3233389154843
3117,434.4157284586929
3118,400.91536978559407
3119,423.5835040334602
3120,518.4954666494226
3121,492.6125925715206
3122,411.4570817824916
3123,463.46431201421626
3124,0.0
3125,382.4730985203414
3126,473.4689218756021
3127,554.2374975195323
3128,421.02856794788784
3129,345.99483627108606
3130,423.52273446352893
3131,485.48841461542975
3132,443.72417257237726
3133,369.20590148826193
3134,367.1051127217083
3135,349.1591440404064
3136,566.7618389542929
3137,86.0519619688431
3138,462.1422952072596
3139,474.9389549027133
3140,986.9538239247629
3141,525.3219542038806
3142,424.9532691945648
3143,384.5572877614615
3144,441.44246179200763
3145,344.95068250724637
3146,462.8330120529688
3147,383.65489202367627
3148,356.52169638926205
3149,424.7753656184084
3150,45.210620974067524
3151,514.4715232819827
3152,363.7185238082814
3153,443.0095834692097
3154,601.0269077089288
3155,418.0368362538793
3156,220.5064216556563
3157,489.0729211681661
3158,496.5034292567816
3159,493.2497430309379
3160,0.0
3161,348.3393730728098
3162,408.15369473274916
3163,199.78337327985037
3164,0.0
3165,422.4097075536575
3166,480.59199687671486
3167,621.715030516345
3168,118.3797122643486
3169,324.2092820154732
3170,384.44426085159006
3171,433.3510326905532
3172,0.0
3173,326.4541554031459
3174,345.32325972137585
3175,360.44920812736797
3176,187.5864002415289
3177,316.42301041366255
3178,285.29213172858994
3179,367.0098339157405
3180,261.4386132263119
3181,354.7013553858831
3182,364.674075958793
3183,354.983108666553
3184,356.16591587936955
3185,365.22979811050556
3186,56.17918189893555
3187,362.6746034942752
3188,538.545749967644
3189,354.65593009794316
3190,293.2758019240199
3191,349.4573036193413
3192,712.2746182304506
3193,403.6419098917403
3194,315.4882151589911
3195,419.9766297744209
3196,868.6638363314962
3197,288.0356423622917
3198,0.0
3199,481.1594369872374
3200,615.0180906087483
3201,469.5468444157168
3202,483.65616893149024
3203,433.6821598377826
3204,323.8678582977325
3205,303.7159626245658
3206,296.4152685043356
3207,358.693863923087
3208,451.1403925887834
3209,474.07987502697887
3210,375.9080174366824
3211,65.81089422378773
3212,0.0
3213,261.8590852594481
3214,410.8774645701314
3215,388.6170320089273
3216,416.5208206548472
3217,504.6420552348949
3218,400.72102973989547
3219,434.21100996507425
3220,0.0
3221,261.3180917475659
3222,272.0243944092269
3223,400.7662278072721
3224,330.2968444157168
3225,331.0330035460634
3226,384.0205585953326
3227,458.2285084508902
3228,0.0
3229,0.0
3230,0.0
3231,0.0
3232,651.6968846554951
3233,427.5097256891725
3234,295.86994293605824
3235,361.7618899443851
3236,573.2173095206568
3237,400.45054028728356
3238,0.0
3239,311.42304440705743
3240,447.71875725811486
3241,379.1327117380499
3242,396.78783721155963
3243,3.3370872698188805
3244,0.0
3245,401.0010380742669
3246,410.1804636210545
3247,490.41675762038955
3248,203.9730486519534
3249,433.47439440922693
3250,428.3939149302926
3251,166.08178444413386
3252,0.0
3253,499.29361970582625
3254,485.05187753765165
3255,537.356446865998
3256,108.66537474652947
3257,357.3604167033243
3258,339.47544948019123
3259,511.43591491308587
3260,411.3333973684881
3261,395.17784294034124
3262,391.3139193477226
3263,436.2321077088727
3264,0.0
3265,348.0926836288573
3266,339.8519528925291
3267,366.97737376303905
3268,0.0
3269,372.6499543936214
3270,299.91949387864526
3271,45.52350224752331
3272,0.0
3273,333.91715028688327
3274,330.2869340062812
3275,359.7961321599716
3276,226.64634662873345
3277,0.0
3278,271.4386132263119
3279,376.24642200072424
3280,393.72757974200897
3281,266.281493188416
3282,251.35163785854806
3283,321.0607776540584
3284,468.1809305207214
3285,401.8177033259682
3286,425.6453012034922
3287,191.41089588671898
3288,530.3284500927102
3289,248.33426997971117
3290,432.0708790130272
3291,367.75256656742926
3292,778.5132728182452
3293,324.97148304220445
3294,119.6080393943152
3295,289.8857961952383
3296,0.0
3297,0.0
3298,0.0
3299,0.0
3300,0.0
3301,0.0
3302,0.0
3303,0.0
3304,0.0
3305,0.0
3306,0.0
3307,0.0
3308,0.0
3309,0.0
3310,0.0
3311,0.0
3312,0.0
3313,0.0
3314,0.0
3315,0.0
3316,0.0
3317,0.0
3318,0.0
3319,0.0
3320,0.0
3321,0.0
3322,0.0
3323,0.0
3324,0.0
3325,0.0
3326,0.0
3327,0.0
3328,496.70343153441684
3329,395.71021186317205
3330,329.9169338337472
3331,369.8169326949296
3332,502.96949417190615
3333,326.05043319953313
3334,330.18438981926295
3335,330.0104220870379
3336,513.079684500224
3337,417.32406434580923
3338,474.5805877055023
3339,40.16519568612756
3340,0.0
3341,459.5650285319709
3342,473.9677563004346
3343,460.1155263189542
3344,0.0
3345,432.8355890945642
3346,481.9773834087621
3347,569.4000730943555
3348,0.0
3349,404.7337888961641
3350,348.02518628185896
3351,535.3024421897204
3352,0.0
3353,0.0
3354,443.1341997152863
3355,474.54422799701285
3356,268.94705039468664
3357,312.9615544972538
3358,355.01425365603626
3359,414.56111933045986
3360,0.0
3361,414.31182620249143
3362,312.94857236531783
3363,120.01191686295306
3364,0.0
3365,395.0246417496794
3366,305.624534661929
3367,367.3071730123622
3368,249.42615862985804
3369,401.2424861567928
3370,352.24096418616165
3371,509.64936622232403
3372,0.0
3373,293.42510355889374
3374,314.98830638886176
3375,316.7125384582367
3376,318.75874172818965
3377,325.8789818730883
3378,301.5100027781238
3379,345.4284682282252
3380,74.90288643282832
3381,390.88027039388606
3382,384.4196457443311
3383,397.59023181052726
3384,671.0801344031934
3385,462.78238904272
3386,407.68502558131314
3387,491.33470288598323
3388,637.0086836632705
3389,363.7483972736644
3390,402.77464827221064
3391,441.17762648720515
3392,467.98673653421673
3393,386.60400467627767
3394,354.2150466674859
3395,380.34329502612223
3396,451.7850441396063
3397,121.51395319448665
3398,411.144950304146
3399,437.1330062464769
3400,212.1968996678184
3401,367.1513967473657
3402,313.839303101646
3403,301.1438894266898
3404,0.0
3405,383.5332408351279
3406,317.2257907338144
3407,406.0650215866614
3408,0.0
3409,0.0
3410,78.33187736511765
3411,125.08986775371473
3412,0.0
3413,0.0
3414,0.0
3415,0.0
3416,0.0
3417,0.0
3418,0.0
3419,0.0
3420,0.0
3421,0.0
3422,0.0
3423,0.0
3424,470.1038497045134
3425,419.85978094127415
3426,345.42198933609313
3427,352.71230500840323
3428,624.3909831672332
3429,34.98213802678015
3430,0.0
3431,260.07407086834047
3432,556.0048962856856
3433,350.9828655709965
3434,405.0947767740884
3435,397.16439390873836
3436,363.6562071868944
3437,446.44635399682124
3438,444.2559958242109
3439,414.71304899702136
3440,0.0
3441,476.66059293379533
3442,425.04411012472184
3443,457.9550512574499
3444,172.3319433846466
3445,316.28409687243186
3446,400.0337316768017
3447,284.64313722442716
3448,0.0
3449,359.5754336223114
3450,433.83271796732004
3451,429.3468633967883
3452,0.0
3453,357.89661719515345
3454,430.84388404297613
3455,527.1603804322942
3456,0.0
3457,183.33425298301376
3458,345.1350213364171
3459,304.8584924204764
3460,0.0
3461,255.5180546309793
3462,335.04021791990823
3463,326.59568962508985
3464,264.0262413528232
3465,348.1913526077593
3466,335.46219025930395
3467,342.0994299642176
3468,0.0
3469,285.6037414779454
3470,248.26019911137064
3471,289.82214006296135
3472,298.67568520765985
3473,298.8639235926186
3474,286.9137856175518
3475,314.05218861999776
3476,304.5287198135737
3477,353.78991336009335
3478,0.0
3479,339.58974791416296
3480,387.34225384577695
3481,229.27817215820238
3482,403.8859786549795
3483,406.5969781458876
3484,664.1429882057855
3485,372.1007621241332
3486,358.96781693624985
3487,362.84601118160214
3488,16.09480056946461
3489,0.0
3490,325.56738912043033
3491,283.5303024200201
3492,94.43036928510551
3493,0.0
3494,122.72040786846432
3495,113.63575909576511
3496,83.61624509723069
3497,266.95554053752784
3498,234.92103087871308
3499,170.62085464824202
3500,213.78478094127414
3501,0.0
3502,277.4721161209544
3503,225.49863456272894
3504,97.72285231870657
3505,197.12814013206832
3506,169.90928429310844
3507,216.10892220355672
3508,0.0
3509,327.3461932185651
3510,241.88920068156992
3511,324.92995578268324
3512,0.0
3513,0.0
3514,94.82422201798698
3515,118.39730240281338
3516,371.330103809138
3517,354.5980873301359
3518,332.864782330336
3519,352.7907454553904
3520,409.7961321599716
3521,413.8781772486549
3522,369.3806993485232
3523,315.0999744963972
3524,530.4322997972235
3525,0.0
3526,187.74222211290405
3527,158.26156526468105
3528,481.0905734869287
3529,402.59412401534087
3530,390.830935904435
3531,379.7065797506123
3532,313.11740301104936
3533,380.5816427764666
3534,345.2622752599044
3535,122.78914217675913
3536,0.0
3537,434.4624503515578
3538,387.09945660663806
3539,432.6096928345953
3540,0.0
3541,344.83379003498175
3542,447.63303641775394
3543,446.9163286657524
3544,0.0
3545,306.51129129892155
3546,297.19425037742394
3547,338.2186320348494
3548,318.9288438980215
3549,361.9644182735235
3550,375.69069984901176
3551,517.2227236961016
3552,388.74574259955625
3553,463.68469750226956
3554,608.7261965920011
3555,565.8477422543949
3556,0.0
3557,497.93422408007143
3558,566.6124693326294
3559,688.7326488417127
3560,146.75283401065758
3561,516.459285138665
3562,418.8028614986345
3563,423.9586663733122
3564,259.8675823475988
3565,367.183828290386
3566,344.60918229581057
3567,356.65149336095
3568,0.0
3569,407.3188229843826
3570,318.12256673996325
3571,355.85690981403
3572,357.3643089081379
3573,321.0750483067921
3574,427.74470452528936
3575,439.75458208014777
3576,441.750162339852
3577,418.73409262753586
3578,469.8701253957994
3579,405.2285095897078
3580,266.1076880721905
3581,387.02543672838976
3582,362.46821924846654
3583,526.4969600103725
3584,562.2499903713904
3585,333.0225698460416
3586,262.58247828821646
3587,0.0
3588,367.44472152198676
3589,244.49749831328197
3590,279.7883245243768
3591,377.4940560114378
3592,370.8775345412952
3593,327.7524174021569
3594,309.24423068031297
3595,319.8856130365711
3596,267.4769609766562
3597,0.0
3598,332.1653342306034
3599,262.5392775980432
3600,239.53458885292332
3601,296.9339349553581
3602,213.0648476338256
3603,0.0
3604,0.0
3605,0.0
3606,210.2221505371275
3607,0.0
3608,0.0
3609,0.0
3610,0.0
3611,0.0
3612,0.0
3613,140.23075076139372
3614,134.1245308226979
3615,164.27124577025324
3616,563.0277123333622
3617,272.47339032835487
3618,321.13218420256777
3619,255.1038836979082
3620,593.9742181958692
3621,338.9353567835484
3622,343.003131219498
3623,323.8704364781455
3624,398.90677183896315
3625,0.0
3626,361.04648035890426
3627,373.6042520167301
3628,351.89948832239764
3629,353.08489921923007
3630,343.2419926147055
3631,329.52740465035555
3632,225.10779289941928
3633,365.2544738535798
3634,374.04438721367313
3635,409.4897031362275
3636,0.0
3637,332.30590148826195
3638,368.00182570200286
3639,312.86176925927657
3640,0.0
3641,286.89562276000447
3642,145.5362781243419
3643,442.80960783399485
3644,180.0610620939841
3645,336.3658745178869
3646,322.8408134592934
3647,454.8233775936668
3648,221.95666785729117
3649,352.6447470255896
3650,317.729135706035
3651,345.3232863637962
3652,0.0
3653,330.67902323457093
3654,0.0
3655,354.920792045166
3656,165.85309524172905
3657,298.7237045338927
3658,342.02023900608106
3659,371.2658733790693
3660,389.63381439976695
3661,287.5058334843589
3662,282.97067106679657
3663,341.6450241145409
3664,297.9589508132379
3665,0.0
3666,281.69306043747116
3667,318.4783302531584
3668,390.6244910228111
3669,360.1856879857837
3670,372.2215031620936
3671,531.7176851904532
3672,788.0588063327532
3673,395.52841608220194
3674,410.9672894007677
3675,474.2222471507117
3676,679.4532997886201
3677,380.070135024409
3678,94.80814365213473
3679,513.4198791941645
3680,578.0620187136205
3681,144.02169596648378
3682,223.94117284843162
3683,260.02269040163276
3684,413.6642118717755
3685,490.9921514257008
3686,474.82490338641577
3687,547.1061121349061
3688,0.0
3689,367.08869284319866
3690,320.7228183253118
3691,351.4212929382277
3692,331.74904578751597
3693,360.4312002415849
3694,196.51408394809653
3695,248.3785447219203
3696,0.0
3697,321.2642547948539
3698,0.0
3699,0.0
3700,0.0
3701,0.0
3702,30.13468120449818
3703,428.24282202670236
3704,284.3149059920056
3705,401.0585820887511
3706,258.907230947764
3707,254.1735440317841
3708,502.4649918381626
3709,483.16222156939864
3710,416.91840325269027
3711,419.30481086230697
3712,472.0877363530794
3713,419.16515489405396
3714,384.65595674036354
3715,112.68397730902763
3716,441.13605941068397
3717,390.0506230102487
3718,343.1654223372822
3719,339.73903025759074
3720,477.1292694362058
3721,320.17009252410884
3722,411.97090451663
3723,399.80135652470074
3724,410.07138955181193
3725,384.92338608345887
3726,382.1527002976001
3727,387.250054113284
3728,137.62275995001838
3729,369.55206339673236
3730,571.877365273247
3731,381.7970824037071
3732,0.0
3733,320.12205620117857
3734,534.8661725551706
3735,635.2024240542053
3736,0.0
3737,407.46815861265134
3738,311.6982411630825
3739,430.1557708812829
3740,228.62505255168813
3741,373.3977804926858
3742,83.75647324669302
3743,462.6421093481789
3744,158.62249250679008
3745,310.9997229110487
3746,335.7569256719098
3747,544.0339311332403
3748,91.39582561578257
3749,396.13083504595477
3750,18.02415500627086
3751,342.8602914800589
3752,277.5188422587153
3753,388.4497186661527
3754,215.4847586440067
3755,401.3502717052377
3756,335.67902323457093
3757,435.20639389153166
3758,424.59355284074087
3759,407.64341486567406
3760,527.8147715629087
3761,351.63201534018447
3762,10.047014693065194
3763,339.0898294983105
3764,407.7953541779586
3765,328.09141210475696
3766,38.53963259565472
3767,517.8238784867285
3768,832.0460576506506
3769,432.87456213279256
3770,359.8039505629936
3771,374.57024325097706
3772,750.8204628273049
3773,430.10128965961536
3774,435.00780140632463
3775,463.1901077260795
3776,0.0
3777,0.0
3778,0.0
3779,0.0
3780,0.0
3781,0.0
3782,0.0
3783,0.0
3784,0.0
3785,0.0
3786,0.0
3787,0.0
3788,0.0
3789,0.0
3790,0.0
3791,0.0
3792,0.0
3793,0.0
3794,0.0
3795,0.0
3796,0.0
3797,0.0
3798,0.0
3799,0.0
3800,0.0
3801,0.0
3802,0.0
3803,0.0
3804,0.0
3805,0.0
3806,0.0
3807,0.0
3808,430.5373637893615
3809,90.1831896812916
3810,0.0
3811,372.23696375478005
3812,536.4709957465006
3813,0.0
3814,295.28828316289423
3815,0.0
3816,0.0
3817,224.13406089466292
3818,333.1511516845485
3819,27.371096035571895
3820,268.5095092360365
3821,444.4403952891969
3822,113.63957309865708
3823,847.7873975066086
3824,0.0
3825,599.2078988654654
3826,425.7686022863506
3827,43.302016082127125
3828,0.019606643370366328
3829,425.34920698855035
3830,178.82388528540736
3831,303.4979708899234
3832,288.7003609507341
3833,384.4105388205113
3834,9.566617937096112
3835,347.9407709589932
3836,213.9522481169954
3837,354.56371336875276
3838,57.88002674603399
3839,382.9316810318708
3840,0.0
3841,387.15915254731175
3842,410.48293980416975
3843,112.70861905870697
3844,80.08575483375574
3845,398.31468033303815
3846,350.9659572408521
3847,19.243314576602472
3848,170.18701049997622
3849,308.68083929085077
3850,4.100491833860701
3851,0.0
3852,203.55887036790796
3853,345.4647939433198
3854,0.0
3855,276.3204492299469
3856,239.81175196931827
3857,0.0
3858,333.25109218755085
3859,310.45443249209717
3860,0.0
3861,313.80680469354036
3862,419.00674633536033
3863,71.61283820374655
3864,662.2330851473243
3865,386.4957054829697
3866,0.0
3867,355.5427303740535
3868,459.9144854147564
3869,97.00107886634049
3870,369.33397589406246
3871,345.7881749363262
3872,0.0
3873,0.0
3874,0.0
3875,0.0
3876,0.0
3877,0.0
3878,0.0
3879,0.0
3880,0.0
3881,0.0
3882,0.0
3883,0.0
3884,0.0
3885,0.0
3886,0.0
3887,0.0
3888,0.0
3889,0.0
3890,0.0
3891,0.0
3892,0.0
3893,0.0
3894,0.0
3895,0.0
3896,0.0
3897,0.0
3898,0.0
3899,0.0
3900,472.3958195160296
3901,84.61893872566884
3902,331.946628385359
3903,56.38732455888345
3904,56.53806698590569
3905,371.12619885252303
3906,380.3926434061923
3907,0.0
3908,606.8461936413433
3909,330.9828655709965
3910,0.0
3911,242.235861093063
3912,292.40477672228144
3913,0.0
3914,358.6704778396281
3915,397.8680662439631
3916,0.0
3917,386.9981839437201
3918,416.0905904836261
3919,140.1599373280036
3920,0.0
3921,444.6481116949211
3922,374.32095976873165
3923,87.3308174798484
3924,126.74898544496179
3925,349.0989460678533
3926,41.7024172555262
3927,293.6200004486815
3928,141.27763497699718
3929,339.7740504551902
3930,415.55826519991314
3931,192.21390801088637
3932,133.89643473541233
3933,293.2861730209656
3934,481.36970608688523
3935,212.89035420386176
3936,0.0
3937,351.32300927484494
3938,356.8540290410628
3939,43.172185117044364
3940,183.6627104266983
3941,329.6507323756344
3942,0.0
3943,393.40688006553114
3944,0.0
3945,0.0
3946,315.22201370087834
3947,396.42946266337424
3948,0.0
3949,396.07109546616323
3950,363.0394399378952
3951,128.36819091493294
3952,388.74574259955625
3953,299.08333360948103
3954,0.0
3955,382.84079646259596
3956,378.27071582761846
3957,289.2146689962019
3958,536.4995636943884
3959,511.97606824554396
3960,666.1127401751969
3961,522.7265246710447
3962,0.0
3963,420.96600087996995
3964,543.1954170742955
3965,373.9652568913518
3966,68.41501634957814
3967,278.65496965618894
3968,0.0
3969,0.0
3970,0.0
3971,0.0
3972,0.0
3973,0.0
3974,0.0
3975,0.0
3976,0.0
3977,0.0
3978,0.0
3979,0.0
3980,0.0
3981,0.0
3982,0.0
3983,0.0
3984,0.0
3985,0.0
3986,0.0
3987,0.0
3988,0.0
3989,0.0
3990,0.0
3991,0.0
3992,0.0
3993,0.0
3994,0.0
3995,0.0
3996,0.0
3997,0.0
3998,0.0
3999,0.0
4000,142.50639218330497
4001,0.0
4002,257.511366653799
4003,292.9281412708859
4004,322.58652886413364
4005,199.33010068594626
4006,0.0
4007,310.0740272292227
4008,347.5941410120383
4009,0.0
4010,454.9259727707773
4011,13.031973409292902
4012,0.0
4013,429.83116935426847
4014,471.18535026101716
4015,29.323837694654628
4016,0.0
4017,368.89898742933593
4018,509.7792238298272
4019,56.3908075061708
4020,0.0
4021,414.1040831543468
4022,434.76365501057273
4023,170.98956771494346
4024,0.042950226529001156
4025,280.1649214442205
4026,389.30664547688013
4027,126.20121996459909
4028,72.71495968251136
4029,339.6844810491335
4030,333.2666780035027
4031,11.250588447444954
4032,0.0
4033,270.49337888790507
4034,406.3541372676308
4035,93.65511527549108
4036,16.41011326521368
4037,267.782379396997
4038,351.16720440016724
4039,108.64473682757102
4040,140.14676593764761
4041,324.05868450882724
4042,321.81638816275
4043,2.2749871015678877
4044,303.9301324188192
4045,0.0
4046,0.0
4047,316.4541554031459
4048,294.9831256632504
4049,348.7834271169869
4050,0.0
4051,368.89636674862265
4052,468.8236013977772
4053,0.0
4054,400.71410406798566
4055,451.5593202708774
4056,96.79201330400332
4057,312.0787240584697
4058,0.0
4059,0.0
4060,683.6359690263698
4061,113.24033946768628
4062,0.0
4063,368.5387001941731
4064,0.0
4065,0.0
4066,0.0
4067,0.0
4068,0.0
4069,0.0
4070,0.0
4071,0.0
4072,0.0
4073,0.0
4074,0.0
4075,0.0
4076,0.0
4077,0.0
4078,0.0
4079,0.0
4080,0.0
4081,0.0
4082,22.140634545522204
4083,63.15071890779362
4084,0.0
4085,0.0
4086,0.0
4087,0.0
4088,0.0
4089,0.0
4090,0.0
4091,0.0
4092,0.0
4093,0.0
4094,0.0
4095,0.0
4096,465.279552331649
4097,0.0
4098,194.99531663859375
4099,228.33597823220128
4100,715.8983482679462
4101,0.0
4102,182.77468226560546
4103,274.6014585219986
4104,175.74031822609288
4105,1.9868082136067642
4106,411.4242989344603
4107,387.66292687983434
4108,0.0
4109,412.78238904272
4110,420.56217440142416
4111,81.60895564465591
4112,306.32435843145794
4113,390.00520736803173
4114,408.7561476898968
4115,85.57154821617661
4116,54.32235991543689
4117,398.63409148871824
4118,457.8394643026804
4119,258.8147783615875
4120,102.49944187046253
4121,279.74423762562253
4122,337.15785438079104
4123,392.76547106685257
4124,0.0
4125,0.0
4126,383.1056487640958
4127,416.05682481342956
4128,0.0
4129,0.0
4130,0.0
4131,311.07891386918527
4132,0.0
4133,279.0911616582261
4134,259.7715170527126
4135,403.31468033303815
4136,0.0
4137,297.80448774419875
4138,323.527638100189
4139,43.84342394198808
4140,0.0
4141,383.19913701738653
4142,256.31395334111744
4143,315.0181894999677
4144,0.0
4145,313.58606251676235
4146,252.7135935292009
4147,303.55362900648134
4148,0.0
4149,329.59361347655613
4150,396.6709883784128
4151,465.7413228592605
4152,119.15111484410943
4153,282.4032892973407
4154,306.7203568612587
4155,18.84088089378747
4156,190.84623443341695
4157,305.816171709614
4158,0.0
4159,0.0
4160,0.0
4161,0.0
4162,0.0
4163,0.0
4164,0.0
4165,0.0
4166,0.0
4167,0.0
4168,0.0
4169,0.0
4170,0.0
4171,0.0
4172,0.0
4173,0.0
4174,0.0
4175,0.0
4176,0.0
4177,0.0
4178,0.0
4179,0.0
4180,0.0
4181,0.0
4182,0.0
4183,0.0
4184,0.0
4185,0.0
4186,0.0
4187,0.0
4188,0.0
4189,0.0
4190,0.0
4191,0.0
4192,504.08988403437286
4193,272.11387642464416
4194,0.0
4195,125.15988023815854
4196,368.2616428971935
4197,0.0
4198,102.69290462015047
4199,161.15300173422324
4200,246.65303177598298
4201,0.0
4202,313.6808829299686
4203,320.08441532286577
4204,258.9937981968192
4205,0.0
4206,347.3214873042138
4207,300.3635649195197
4208,0.0
4209,379.59099279584285
4210,589.9583552909661
4211,788.9832134937815
4212,0.0
4213,441.71379298563954
4214,491.8371207109184
4215,822.9964290755509
4216,18.19554569690041
4217,899.2207523747963
4218,340.41545945386883
4219,0.0
4220,0.0
4221,318.71201092275453
4222,248.8665442733319
4223,327.9369053966
4224,0.0
4225,0.0
4226,334.38716859493223
4227,245.673859505657
4228,0.0
4229,0.0
4230,249.39627551875205
4231,253.76007388810524
4232,0.0
4233,206.41006227512145
4234,0.0
4235,285.2480046071707
4236,241.66971685431255
4237,304.2235793106273
4238,0.0
4239,319.6027130494015
4240,285.8725126266793
4241,306.1555277857264
4242,0.0
4243,276.3503056986325
4244,203.54068086794018
4245,348.4458434580365
4246,363.1134671671179
4247,5.1548172382074995
4248,360.23631099603244
4249,274.0132762175847
4250,330.5570106725102
4251,302.0078333074915
4252,18.35573900177917
4253,309.69538236486153
4254,143.62559241619343
4255,0.0
4256,0.0
4257,0.0
4258,0.0
4259,0.0
4260,0.0
4261,0.0
4262,0.0
4263,0.0
4264,0.0
4265,0.0
4266,0.0
4267,0.0
4268,0.0
4269,0.0
4270,0.0
4271,0.0
4272,0.0
4273,0.0
4274,0.0
4275,0.0
4276,0.0
4277,0.0
4278,0.0
4279,0.0
4280,0.0
4281,0.0
4282,0.0
4283,0.0
4284,0.0
4285,0.0
4286,0.0
4287,20.744826642476426
4288,553.5602335446571
4289,306.83217725725825
4290,219.26924187051856
4291,226.8724558129818
4292,825.7658529830323
4293,0.0
4294,46.028429127264474
4295,0.0
4296,248.94577887058634
4297,183.04213825112123
4298,372.16957463434966
4299,380.1635892843049
4300,348.52245737457764
4301,329.88706036836425
4302,6.2532091281582325
4303,426.8150826452549
4304,216.86969248952738
4305,314.65206453555
4306,371.98906737417735
4307,51.79590550881693
4308,0.0
4309,406.5177435486332
4310,379.76756421208376
4311,464.89736118377164
4312,599.7025759198912
4313,883.5780814977405
4314,351.75796374617664
4315,403.19004709026416
4316,0.0
4317,544.4896521461352
4318,374.1313625814369
4319,393.858682231192
4320,203.66791779473007
4321,578.3288999956796
4322,358.81717579048603
4323,46.56869408562983
4324,0.0
4325,337.1292864329032
4326,271.26979957727775
4327,350.5439849014564
4328,255.05195517016432
4329,404.000216453136
4330,309.8649616668855
4331,375.23755587771234
4332,0.0
4333,420.84259552217844
4334,329.0262243561258
4335,408.15887545836046
4336,278.1874773996431
4337,291.5736079203085
4338,270.4752160303577
4339,354.0171344290034
4340,926.0137969543878
4341,663.7510179543775
4342,548.4354043743011
4343,302.37214430785735
4344,509.7480691946208
4345,457.33960652264324
4346,273.41084025713445
4347,354.5196202407283
4348,506.629438298589
4349,323.7951717182174
4350,2.884013580057683
4351,497.66034983823886
4352,698.7753331866094
4353,335.7723305897163
4354,372.00967966001565
4355,386.45135382428725
4356,310.9603324187632
4357,598.1219843751577
4358,509.2048510849719
4359,405.86417984564133
4360,0.0
4361,485.8691769898072
4362,375.34729078982963
4363,322.65710147960255
4364,273.02351244554194
4365,258.94666507916736
4366,291.653728726144
4367,331.5057082610935
4368,396.1993827962431
4369,81.27107323238255
4370,0.0
4371,422.4470933177651
4372,103.01745980763351
4373,286.1191823735209
4374,0.0
4375,382.327946499235
4376,0.0
4377,260.69965832359856
4378,274.5804562529667
4379,421.64349986627445
4380,0.0
4381,0.0
4382,6.677300245905258
4383,45.38408680393056
4384,477.10394517928
4385,345.7939350330684
4386,425.1006071523689
4387,398.8022566239008
4388,837.560203080119
4389,226.35945626157013
4390,0.0
4391,128.86792742333972
4392,355.2505986454635
4393,261.7736271946412
4394,361.0503895604153
4395,390.4271700617045
4396,277.08781398559205
4397,359.089846495008
4398,391.859253405792
4399,420.2596545791911
4400,0.0
4401,390.71019486647464
4402,281.81902584016075
4403,386.45933612875723
4404,0.0
4405,310.72450915832616
4406,625.450428661376
4407,648.9806704455809
4408,0.0
4409,371.6969622880078
4410,478.04978439242046
4411,72.77484488160502
4412,0.0
4413,351.16591587936955
4414,310.3453584228546
4415,398.4847558604496
4416,145.22337985418872
4417,356.1659158793695
4418,280.88289107459934
4419,393.763932099524
4420,0.0
4421,384.8675217117835
4422,346.3671630386846
4423,0.0
4424,0.0
4425,350.2012301626177
4426,331.9254622319926
4427,315.6128144083703
4428,192.0267858850028
4429,353.00440274359835
4430,283.2056668996109
4431,331.859253405792
4432,273.84055336703955
4433,342.00465319012915
4434,0.0
4435,314.19243432114405
4436,605.3997790087069
4437,330.26098673910667
4438,210.74532668998165
4439,328.1485480005326
4440,377.7512344075137
4441,355.73231056465085
4442,307.0722281696402
4443,416.9073163711427
4444,598.9430805573604
4445,123.3980983737107
4446,398.0797354903161
4447,413.01741886892916
4448,301.37266221472987
4449,160.9949042749891
4450,213.90579212287628
4451,230.48200372720072
4452,0.0
4453,263.641275691286
4454,212.00926035110152
4455,255.88357203736322
4456,152.1399967990979
4457,396.18430638025836
4458,376.0362859152078
4459,414.67817881025076
4460,0.0
4461,0.0
4462,0.0
4463,0.0
4464,0.0
4465,0.0
4466,0.0
4467,0.0
4468,0.0
4469,0.0
4470,0.0
4471,0.0
4472,0.0
4473,0.0
4474,0.0
4475,0.0
4476,0.0
4477,0.0
4478,24.961110823554492
4479,0.0
4480,477.54221715196866
4481,448.7354028127053
4482,385.89981371814105
4483,364.38205317281046
4484,713.5859508908549
4485,326.0685960570804
4486,0.0
4487,160.68434222851022
4488,574.0664082826393
4489,252.5305698632484
4490,308.4354990035112
4491,388.7665697769347
4492,401.97870592295465
4493,524.8973611837716
4494,409.92859345149066
4495,489.811700979226
4496,323.6601163884054
4497,65.44822049089777
4498,459.19499436604207
4499,539.4857769380191
4500,0.0
4501,415.4829834432876
4502,564.9999053707899
4503,677.1421835813521
4504,0.0
4505,310.30900606533953
4506,363.9210424916969
4507,372.121511668999
4508,232.5357335921623
4509,346.31914371245176
4510,435.8776327164753
4511,657.9289657219474
4512,342.41232823437076
4513,469.3143862473895
4514,355.35832355809316
4515,164.76260673828722
4516,74.50542722050722
4517,310.8776933522906
4518,394.3871515982348
4519,312.26435140843813
4520,229.81175196931827
4521,371.483994875134
4522,317.9823476812374
4523,68.91352497300227
4524,0.0
4525,299.143099831693
4526,343.96779993955244
4527,328.3212102152625
4528,281.85018047536704
4529,226.69570776060493
4530,271.8787484232549
4531,452.42009564730057
4532,492.4110057201782
4533,428.1004680384845
4534,507.3616882274246
4535,414.0417835296572
4536,0.0
4537,360.345375419552
4538,201.19197477245157
4539,402.56170750175727
4540,526.7598636642393
4541,407.43765901382784
4542,421.36779143264704
4543,467.96737326255055
4544,0.0
4545,65.68757981971928
4546,82.43909131618427
4547,104.9825923212764
4548,120.44041228589431
4549,180.703959069899
4550,201.2089879298245
4551,275.34424271607503
4552,0.0
4553,0.0
4554,218.79381873948662
4555,343.1913317889441
4556,0.0
4557,0.0
4558,41.12194259089687
4559,213.95882985198187
4560,0.0
4561,83.80567851259465
4562,114.67428193776288
4563,0.0
4564,0.0
4565,232.53616607565613
4566,156.4144039601263
4567,447.48413327297914
4568,0.0
4569,109.13274999345411
4570,0.0
4571,104.52741626333929
4572,322.6250769164733
4573,273.8040185668967
4574,185.64643162933385
4575,298.7351624175623
4576,886.2583387170469
4577,344.47199628140265
4578,335.3003551442422
4579,268.8202258315014
4580,456.3450643372059
4581,0.0
4582,213.22779959448448
4583,304.94421326083733
4584,637.9588828264482
4585,256.83462865281
4586,397.3188569777775
4587,417.5136178939861
4588,374.60141488288076
4589,464.3702772614852
4590,473.077080816208
4591,101.50117009621113
4592,0.0
4593,485.23106963460583
4594,368.9704206202657
4595,438.16149613907373
4596,143.2641423062765
4597,416.14124013629527
4598,416.5657895172865
4599,492.3460854147753
4600,0.0
4601,331.42169525044443
4602,365.61931029719983
4603,491.7942821102969
4604,349.20019208835083
4605,416.6982071696877
4606,307.8810750183195
4607,456.6306928259919
4608,0.0
4609,309.0522152624182
4610,398.06152164267655
4611,465.2310526379084
4612,0.0
4613,0.0
4614,422.80571562918124
4615,335.86599974115234
4616,148.8263433501211
4617,221.01017164050708
4618,317.5304922307357
4619,318.7613454122055
4620,0.0
4621,266.87614473923895
4622,175.04679144125038
4623,362.3370294810478
4624,294.46898023378213
4625,240.96599123424696
4626,268.6665856348145
4627,0.0
4628,0.0
4629,323.4497526595475
4630,371.0880304387281
4631,437.7667765843477
4632,540.2817192872751
4633,406.0101280013892
4634,289.6520985289448
4635,222.74870835601052
4636,264.2278439325281
4637,0.0
4638,199.15499359819592
4639,0.0
4640,531.6885711487898
4641,360.0553012812025
4642,480.68883859201816
4643,356.4251019972979
4644,0.0
4645,0.0
4646,0.0
4647,0.0
4648,0.0
4649,0.0
4650,0.0
4651,0.0
4652,0.0
4653,304.00351383460384
4654,351.9637628143625
4655,350.6329521331929
4656,0.0
4657,149.51603529614303
4658,159.47577373711698
4659,209.27973394583358
4660,195.66503235408865
4661,348.52268615673677
4662,356.14535147754503
4663,375.5909444890507
4664,316.0104703938301
4665,435.05870617319897
4666,393.61106365558
4667,411.65701647900215
4668,101.5449512963329
4669,362.2276264872052
4670,316.8718799707075
4671,365.68516355637996
4672,553.6714324748905
4673,425.8760952936293
4674,283.13532661227134
4675,419.1064475820374
4676,884.2506694792972
4677,327.9096599629047
4678,282.84993737981057
4679,360.83097954355287
4680,779.4571313576184
4681,292.5123633665832
4682,371.1295805185519
4683,467.59150333462753
4684,359.83512219489734
4685,423.96648477633426
4686,206.33000158675424
4687,115.1651350503123
4688,0.0
4689,635.1465936759248
4690,476.97735676634164
4691,572.6408038306838
4692,134.28856760281988
4693,461.25678345194694
4694,456.12174511883245
4695,750.3413205987387
4696,110.25456848278986
4697,403.85350150558065
4698,245.73231056465085
4699,0.0
4700,0.0
4701,462.3304995988235
4702,384.89737818046905
4703,482.2746522238455
4704,244.3326703765673
4705,299.19243432114405
4706,341.91376862085434
4707,499.16768094555715
4708,0.0
4709,344.3131317199866
4710,286.1685099176624
4711,367.8862387472334
4712,254.4923408136382
4713,373.7444540787585
4714,0.0
4715,305.5504977869833
4716,0.0
4717,302.01245459645384
4718,343.76784130103505
4719,364.91947688194784
4720,0.0
4721,234.7364532159953
4722,245.4557380095923
4723,335.22719442648963
4724,376.05815697334515
4725,331.29056611884096
4726,417.9368787541796
4727,451.71770218715056
4728,102.22696777533503
4729,358.75360464169614
4730,393.6055575342252
4731,356.1672650359825
4732,498.0876180751235
4733,420.7129210733425
4734,392.7176179025895
4735,463.8095235494338
4736,171.0455922954663
4737,0.0
4738,2.6205930115056617
4739,0.0
4740,0.0
4741,0.0
4742,0.0
4743,0.0
4744,0.0
4745,0.0
4746,0.0
4747,0.0
4748,0.0
4749,0.0
4750,0.0
4751,0.0
4752,0.0
4753,0.0
4754,0.0
4755,0.0
4756,0.0
4757,0.0
4758,0.0
4759,0.0
4760,0.0
4761,0.0
4762,0.0
4763,0.0
4764,0.0
4765,0.0
4766,0.0
4767,0.0
4768,352.81505247397786
4769,320.9363210474204
4770,0.0
4771,381.8127088822158
4772,323.52004294898165
4773,305.0610450972867
4774,0.0
4775,237.25142026659444
4776,571.3372459341838
4777,40.95068930592515
4778,372.0488239506663
4779,40.09118545360229
4780,0.0
4781,526.0009774384516
4782,414.9662343298034
4783,288.35516514387905
4784,194.16002515853486
4785,454.9246576075592
4786,95.89614009746799
4787,320.5193697941975
4788,0.0
4789,342.15138513438194
4790,425.5998152797369
4791,131.45831449889215
4792,191.82035800007634
4793,422.4577535223108
4794,0.0
4795,324.5079096328927
4796,0.0
4797,375.11421115573603
4798,92.48400167381283
4799,291.9606886847095
4800,0.0
4801,349.64032728529384
4802,423.3665918640846
4803,0.0
4804,154.35607459554123
4805,275.897161727333
4806,365.7205563176973
4807,104.94831172076834
4808,100.55837682582066
4809,302.5707537897618
4810,334.09111801910825
4811,98.74860352878181
4812,200.70765181827403
4813,300.5933630300253
4814,0.0
4815,374.1923906820262
4816,0.0
4817,0.0
4818,301.820297364261
4819,239.3287781717537
4820,361.0075073206759
4821,19.135572667275483
4822,344.74292246240435
4823,399.2495265778019
4824,19.70685399251937
4825,320.3116267460528
4826,58.90057683446116
4827,61.28177707604607
4828,243.10670964155202
4829,0.0
4830,112.34590876152603
4831,164.0688353134058
4832,0.0
4833,0.0
4834,0.0
4835,0.0
4836,0.0
4837,0.0
4838,0.0
4839,0.0
4840,0.0
4841,0.0
4842,0.0
4843,0.0
4844,0.0
4845,0.0
4846,0.0
4847,0.0
4848,0.0
4849,0.0
4850,0.0
4851,0.0
4852,0.0
4853,0.0
4854,0.0
4855,0.0
4856,0.0
4857,0.0
4858,0.0
4859,0.0
4860,0.0
4861,0.0
4862,0.0
4863,0.0
4864,419.70417282262156
4865,0.0
4866,178.678580276911
4867,292.08803738403753
4868,439.44314459251495
4869,408.4562315516796
4870,0.0
4871,211.066009369762
4872,85.5845303481126
4873,25.92083283723963
4874,471.8358491868181
4875,379.1456768732885
4876,80.08205188736213
4877,376.6722768992106
4878,420.27913259995654
4879,47.39575478194871
4880,286.0114601613048
4881,371.43988475041215
4882,42.11531666449696
4883,0.0
4884,0.0
4885,365.7893858246112
4886,363.0770978129054
4887,113.46427320651645
4888,208.74321654805308
4889,305.9322522064708
4890,0.0
4891,365.4673976273357
4892,264.85199653164693
4893,47.12699327893779
4894,357.50842017167736
4895,238.8433463094754
4896,0.0
4897,321.593085941074
4898,509.9752466244131
4899,499.5534465467399
4900,244.14311682839045
4901,261.92547922869005
4902,0.0
4903,302.6980173589721
4904,0.0
4905,282.1630787455202
4906,295.4985596135164
4907,21.906268098857197
4908,244.5053495879946
4909,311.37364928179113
4910,0.0
4911,299.4858279281113
4912,0.0
4913,237.58377956081563
4914,0.0
4915,0.0
4916,319.11321672058705
4917,310.44793660326764
4918,43.848638660994254
4919,375.8413409947755
4920,395.85692681072743
4921,0.0
4922,342.7616394978543
4923,403.0212940770453
4924,131.74644621887876
4925,0.0
4926,0.0
4927,170.39855494584214
4928,0.0
4929,0.0
4930,0.0
4931,0.0
4932,0.0
4933,0.0
4934,0.0
4935,0.0
4936,0.0
4937,0.0
4938,0.0
4939,0.0
4940,0.0
4941,0.0
4942,0.0
4943,0.0
4944,0.0
4945,0.0
4946,0.0
4947,0.0
4948,0.0
4949,0.0
4950,0.0
4951,0.0
4952,0.0
4953,0.0
4954,0.0
4955,0.0
4956,0.0
4957,0.0
4958,0.0
4959,0.0
4960,257.37984570125826
4961,0.0
4962,0.0
4963,0.0
4964,493.8989267935207
4965,0.0
4966,0.0
4967,0.0
4968,295.2817702773673
4969,0.0
4970,304.13013469645443
4971,247.35395480788964
4972,377.8382097752775
4973,0.0
4974,296.37240440011124
4975,227.63052736294816
4976,0.0
4977,302.4967871963544
4978,363.24719998273724
4979,0.0
4980,0.0
4981,216.62039936155895
4982,376.51127430222414
4983,110.36249965053685
4984,0.0
4985,272.90443559817555
4986,287.9849417195303
4987,342.0020761485337
4988,0.0
4989,312.2149902765667
4990,275.97509080709233
4991,372.74601968850754
4992,0.0
4993,343.4821958155515
4994,455.2440347698444
4995,517.1409290539492
4996,0.0
4997,322.2318912557367
4998,385.79977391825435
4999,406.0724106293814
5000,0.0
5001,408.9197103317813
5002,259.2885166127276
5003,361.1373479314817
5004,307.9304095077705
5005,0.0
5006,292.4123452310682
5007,312.82393912254383
5008,275.21165224965563
5009,301.8995149648181
5010,0.0
5011,0.0
5012,421.5177701910536
5013,454.2287163971208
5014,313.21480046585106
5015,388.20306321559497
5016,178.7330613519477
5017,445.0
5018,313.61337593724727
5019,445.9179282688963
5020,558.1392722143296
5021,351.0256225874705
5022,0.0
5023,386.5813277424856
5024,0.0
5025,0.0
5026,70.92916234845538
5027,0.0
5028,0.0
5029,0.0
5030,235.256597170088
5031,160.38124740955942
5032,0.0
5033,212.64791380007836
5034,240.44457349553207
5035,0.0
5036,20.699244398398008
5037,82.98822791079253
5038,0.0
5039,0.0
5040,0.0
5041,0.0
5042,0.0
5043,0.0
5044,0.0
5045,0.0
5046,0.0
5047,0.0
5048,0.0
5049,0.0
5050,0.0
5051,0.0
5052,145.59991883863066
5053,92.53446135202262
5054,0.0
5055,0.0
5056,636.062506449216
5057,323.7696987187975
5058,193.78274148654873
5059,0.0
5060,866.1449770760835
5061,416.859253405792
5062,268.004480376111
5063,0.0
5064,328.5198706872592
5065,345.15711039217285
5066,417.3604167033243
5067,421.0646432164516
5068,393.8457340926509
5069,101.5297380440989
5070,541.0061848064834
5071,453.8989704326385
5072,269.92733892408773
5073,431.01139952548954
5074,638.2639796902768
5075,64.2030700142738
5076,0.0
5077,435.76860228635064
5078,341.593085941074
5079,513.0380907812822
5080,0.0
5081,253.61207041975217
5082,422.47333933826263
5083,77.7281140761699
5084,0.0
5085,402.1903241792155
5086,440.1882043915639
5087,406.11527587242335
5088,0.0
5089,349.04307205045495
5090,292.4253540054246
5091,387.0150412837723
5092,0.0
5093,346.9747967214436
5094,456.89425660669406
5095,533.0666417324726
5096,0.0
5097,431.12303363963014
5098,305.23631099603244
5099,5.4196259005894944
5100,0.0
5101,320.98676742153316
5102,318.9613040507229
5103,342.3136858978892
5104,0.0
5105,0.0
5106,252.13581631512753
5107,0.0
5108,405.76989080714833
5109,15.550798671310815
5110,347.4175962382178
5111,557.7343090806719
5112,470.71797927610186
5113,98.85771159141922
5114,403.8288863983217
5115,105.6923062508344
5116,484.55501300204565
5117,447.22708309384325
5118,420.8365328328821
5119,319.93290921011436
5120,0.0
5121,0.0
5122,0.0
5123,0.0
5124,0.0
5125,0.0
5126,0.0
5127,0.0
5128,0.0
5129,0.0
5130,0.0
5131,0.0
5132,0.0
5133,0.0
5134,0.0
5135,0.0
5136,0.0
5137,0.0
5138,0.0
5139,0.0
5140,0.0
5141,0.0
5142,0.0
5143,0.0
5144,0.0
5145,0.0
5146,0.0
5147,0.0
5148,0.0
5149,0.0
5150,0.0
5151,0.0
5152,370.75215532552875
5153,152.2244492385503
5154,0.0
5155,96.80378241664974
5156,629.9910047020875
5157,349.14440534918816
5158,0.0
5159,0.0
5160,90.91560847251043
5161,101.28029929682839
5162,335.97900000860335
5163,48.95642420943909
5164,349.1534782796131
5165,54.97562514125326
5166,117.34898033739569
5167,143.17736584265572
5168,265.41033936407274
5169,41.03637615289125
5170,593.2406094646976
5171,169.5133306070162
5172,33.20449000472064
5173,365.3492506276682
5174,190.7389860661773
5175,132.23862739307845
5176,0.0
5177,458.9612434149077
5178,21.154523152558795
5179,385.1908517146976
5180,0.0
5181,435.53227429362073
5182,70.87664508000512
5183,147.73067412106792
5184,0.0
5185,377.5447725291924
5186,217.76700948188557
5187,761.6162839049302
5188,0.0
5189,329.24823805700413
5190,0.0
5191,379.6312373581715
5192,0.0
5193,324.10410015104424
5194,74.83145324189854
5195,328.37572543032485
5196,0.0
5197,302.86548920236766
5198,0.7935789137522988
5199,0.0
5200,293.7704619817483
5201,0.0
5202,281.97352519734335
5203,354.420890626011
5204,102.03088434493378
5205,281.9579563780889
5206,103.25007790866022
5207,88.96160493505045
5208,425.8310815237372
5209,67.58274828522752
5210,80.7792986152956
5211,113.19167048878421
5212,144.13212342012173
5213,296.4586118372499
5214,0.0
5215,254.55538179342508
5216,0.0
5217,0.0
5218,0.0
5219,0.0
5220,0.0
5221,0.0
5222,0.0
5223,0.0
5224,0.0
5225,0.0
5226,0.0
5227,0.0
5228,0.0
5229,0.0
5230,0.0
5231,0.0
5232,0.0
5233,0.0
5234,0.0
5235,0.0
5236,0.0
5237,0.0
5238,0.0
5239,0.0
5240,0.0
5241,0.0
5242,0.0
5243,0.0
5244,0.0
5245,0.0
5246,0.0
5247,0.0
5248,143.06707441468416
5249,0.0
5250,0.0
5251,0.0
5252,328.96537586823354
5253,274.2755514774891
5254,73.85773823383965
5255,327.6967191924514
5256,179.2757577326065
5257,227.42278431480355
5258,42.80607714932398
5259,54.787360113874115
5260,367.36172222081944
5261,58.591544126701194
5262,437.0708620163298
5263,223.8875170700125
5264,269.77024552861224
5265,217.99944526980175
5266,457.56425054995793
5267,367.7422900996935
5268,69.88326279276072
5269,441.2710541046806
5270,110.78444534751208
5271,336.57506870282884
5272,0.0
5273,324.287184452812
5274,349.1677585780698
5275,88.66680888662933
5276,196.12312826884025
5277,392.2071718735446
5278,160.49100810142698
5279,683.7897847374884
5280,0.0
5281,391.4398411112943
5282,97.98516497134511
5283,151.36091704409046
5284,116.13612739747364
5285,287.42795768944046
5286,0.0
5287,279.79096843105765
5288,0.0
5289,282.6135923903833
5290,265.6310209050355
5291,0.0
5292,146.50225236189144
5293,292.8343175704639
5294,0.0
5295,295.66995030414597
5296,254.10025158534847
5297,0.0
5298,227.27085464824205
5299,295.7751055261545
5300,3.356574936307311
5301,401.2762784694098
5302,0.0
5303,0.0
5304,353.43548200681386
5305,406.1386534489768
5306,30.31710835599165
5307,353.8146327422854
5308,0.0
5309,0.0
5310,70.517633337691
5311,189.12965276735093
5312,0.0
5313,0.0
5314,0.0
5315,0.0
5316,0.0
5317,0.0
5318,0.0
5319,0.0
5320,0.0
5321,0.0
5322,0.0
5323,0.0
5324,0.0
5325,0.0
5326,0.0
5327,0.0
5328,0.0
5329,0.0
5330,0.0
5331,0.0
5332,0.0
5333,0.0
5334,0.0
5335,0.0
5336,0.0
5337,0.0
5338,0.0
5339,0.0
5340,0.0
5341,0.0
5342,0.0
5343,0.0
5344,0.0
5345,0.0
5346,0.0
5347,17.43278284803135
5348,810.9775222293854
5349,477.4331214183544
5350,0.0
5351,262.534462068062
5352,292.44761532290283
5353,0.0
5354,0.0
5355,222.87074756049165
5356,359.1210181269117
5357,389.2871844528121
5358,91.55053122808255
5359,388.36794102069763
5360,0.0
5361,304.68972241056014
5362,408.87560020705945
5363,333.097881351166
5364,0.0
5365,35.29110045300189
5366,368.3445804408416
5367,122.87351386050705
5368,0.0
5369,186.5879392088575
5370,210.92577331433876
5371,283.1095749623043
5372,0.0
5373,243.19527880596777
5374,324.1015231094488
5375,326.70734073592786
5376,0.0
5377,0.0
5378,384.6636708684525
5379,88.46816541133012
5380,0.0
5381,305.20771640572417
5382,384.3520877615175
5383,340.7439701823942
5384,0.0
5385,420.19080807557975
5386,336.1633121953536
5387,406.8851836762691
5388,3.896667632950141
5389,449.32350281693226
5390,358.1601809758556
5391,414.3204898166692
5392,96.97374844915817
5393,523.6742754152316
5394,407.8342835770691
5395,49.56139357236691
5396,296.4439395712253
5397,451.4943563263567
5398,431.90727273202486
5399,473.32766246497414
5400,111.62580333898507
5401,544.7246819723443
5402,353.97172613776087
5403,443.58480063838505
5404,374.32018092404854
5405,453.0307140675854
5406,453.2942778482875
5407,470.1327913549368
5408,175.73597654108806
5409,547.0989464906316
5410,157.70947509601098
5411,242.12387947891546
5412,0.0
5413,0.0
5414,0.0
5415,85.48996903497317
5416,0.0
5417,0.0
5418,0.0
5419,221.57132467110068
5420,0.0
5421,0.0
5422,0.0
5423,0.0
5424,0.0
5425,0.0
5426,95.7584901428412
5427,0.0
5428,0.0
5429,0.0
5430,0.0
5431,0.0
5432,137.16595143436024
5433,0.0
5434,0.0
5435,124.47182628020175
5436,186.22508046244326
5437,0.0
5438,0.0
5439,0.0
5440,348.366586480371
5441,0.0
5442,23.11225089511919
5443,88.47186297401007
5444,687.9108198610975
5445,30.87278686858633
5446,0.0
5447,313.3432992710183
5448,580.3660473319051
5449,291.05040655711275
5450,14.480948086827482
5451,368.24721697943465
5452,395.2713481903293
5453,383.28875006256106
5454,36.17791037483528
5455,622.904323972268
5456,244.47290643199057
5457,420.31288127345573
5458,70.03663624514513
5459,388.750940321865
5460,0.0
5461,300.94520769598637
5462,287.4383361373606
5463,42.62297585085878
5464,0.0
5465,326.11011214350947
5466,347.49023067170964
5467,376.25289124713333
5468,0.0
5469,277.89405715025543
5470,305.0038655623932
5471,468.5353618740009
5472,62.448964479515894
5473,479.613013864809
5474,319.40143924766596
5475,0.0
5476,0.0
5477,334.7013553858831
5478,308.15371172944657
5479,427.4967095638417
5480,0.0
5481,296.21787104953387
5482,312.8888327855263
5483,0.0
5484,0.0
5485,264.72994033046837
5486,299.26902159526475
5487,0.0
5488,0.0
5489,272.33186575213387
5490,275.05973957979154
5491,317.6694227686638
5492,0.0
5493,325.9504150640181
5494,384.0340257624505
5495,371.0750483067921
5496,144.45752687115612
5497,395.68942832491143
5498,394.64037092441174
5499,31.40122959320871
5500,66.1076130105742
5501,403.5235495621285
5502,244.68304718518124
5503,0.0
5504,27.829988637260534
5505,52.75858208875117
5506,0.0
5507,0.0
5508,0.0
5509,0.0
5510,0.0
5511,0.0
5512,0.0
5513,0.0
5514,0.0
5515,0.0
5516,0.0
5517,0.0
5518,0.0
5519,0.0
5520,0.0
5521,0.0
5522,0.0
5523,0.0
5524,0.0
5525,0.0
5526,0.0
5527,0.0
5528,0.0
5529,0.0
5530,0.0
5531,0.0
5532,0.0
5533,0.0
5534,0.0
5535,0.0
5536,110.72104291447508
5537,0.0
5538,0.0
5539,0.0
5540,598.5561380612871
5541,39.39004652085521
5542,105.24807259396036
5543,145.52460150990103
5544,197.62291521504346
5545,286.4632889693861
5546,0.0
5547,334.21708342179784
5548,58.35006205078042
5549,375.36741348521554
5550,0.0
5551,335.1856613433633
5552,0.0
5553,22.255535723222863
5554,62.79433989906789
5555,553.2354287390864
5556,0.0
5557,408.5120352875397
5558,151.6997795781155
5559,50.301488546644975
5560,0.0
5561,397.54606104999016
5562,349.74808619131824
5563,0.0
5564,167.66041047405415
5565,421.48008567362297
5566,8.22540216558599
5567,6.607640481437784
5568,0.0
5569,365.0817510030346
5570,349.04827941848674
5571,13.634392373045728
5572,317.42015628311583
5573,414.93762274279777
5574,0.0
5575,226.4141000992372
5576,0.0
5577,382.5317903972565
5578,199.02511544802508
5579,477.3214096717011
5580,0.0
5581,353.2095154653066
5582,76.62578634228765
5583,330.1661929683208
5584,0.0
5585,385.13368917650155
5586,0.0
5587,348.3173010137515
5588,6.135045131793333
5589,0.0
5590,34.712034718130724
5591,203.35389361977877
5592,90.13270154003129
5593,364.0677744359496
5594,19.631555239196416
5595,405.9347856089484
5596,58.736857089807884
5597,0.0
5598,0.0
5599,0.0
5600,0.0
5601,0.0
5602,0.0
5603,0.0
5604,0.0
5605,0.0
5606,0.0
5607,0.0
5608,0.0
5609,0.0
5610,0.0
5611,0.0
5612,0.0
5613,0.0
5614,0.0
5615,0.0
5616,0.0
5617,0.0
5618,0.0
5619,0.0
5620,0.0
5621,0.0
5622,0.0
5623,0.0
5624,0.0
5625,0.0
5626,0.0
5627,0.0
5628,0.0
5629,0.0
5630,0.0
5631,0.0
5632,60.97960640606257
5633,0.0
5634,0.0
5635,0.0
5636,476.0465919848116
5637,348.89452118212535
5638,0.0
5639,87.82923147406268
5640,545.2544228634874
5641,0.0
5642,258.528987256802
5643,59.23681868777294
5644,190.33131102193568
5645,387.9238966222436
5646,35.90133781977676
5647,371.31782854923364
5648,0.0
5649,356.3931273025566
5650,74.66789060001406
5651,443.82885240492686
5652,0.0
5653,301.02439865412293
5654,8.72138473750698
5655,99.84964274186626
5656,167.97070506019142
5657,356.4788141495227
5658,0.0
5659,316.81249595793645
5660,0.0
5661,374.77145641689737
5662,416.746253138341
5663,240.42345011861335
5664,0.0
5665,417.94335764631165
5666,52.94105484662322
5667,220.47798233037315
5668,272.51623857469946
5669,323.4653481212224
5670,0.0
5671,319.46115218503707
5672,0.0
5673,311.593085941074
5674,16.95171038349463
5675,299.76758120878117
5676,282.89405715025543
5677,0.0
5678,294.8428799621041
5679,319.5988208445879
5680,0.0
5681,277.191646693408
5682,0.0
5683,0.0
5684,433.25496739566705
5685,328.91977096759655
5686,18.503280238139666
5687,302.46820960274357
5688,228.9589236185219
5689,0.0
5690,111.78146259436068
5691,0.0
5692,0.0
5693,0.0
5694,7.895639756701897
5695,34.758785367307496
5696,0.0
5697,0.0
5698,0.0
5699,0.0
5700,0.0
5701,0.0
5702,0.0
5703,0.0
5704,0.0
5705,0.0
5706,0.0
5707,0.0
5708,0.0
5709,0.0
5710,0.0
5711,0.0
5712,0.0
5713,0.0
5714,0.0
5715,0.0
5716,0.0
5717,0.0
5718,0.0
5719,0.0
5720,0.0
5721,0.0
5722,0.0
5723,0.0
5724,0.0
5725,0.0
5726,0.0
5727,0.0
5728,494.2570007506394
5729,0.0
5730,0.0
5731,0.0
5732,547.2694714982342
5733,0.0
5734,164.8079204003199
5735,0.0
5736,575.6283225918095
5737,0.0
5738,268.5263835727861
5739,0.0
5740,365.5466055821697
5741,319.0703951166629
5742,353.5042945170303
5743,57.10362305335872
5744,98.12783244906163
5745,385.64787824508767
5746,581.6968846554951
5747,821.0099387429691
5748,0.0
5749,62.70474385059077
5750,460.92307500111275
5751,449.11575976878765
5752,0.0
5753,257.2591876795242
5754,243.95482515859084
5755,382.35650750181327
5756,0.0
5757,43.949867684794356
5758,55.96103376045045
5759,509.0430210603628
5760,0.0
5761,243.44328341313846
5762,308.91325808206966
5763,311.18930310164603
5764,0.0
5765,283.04857350413545
5766,274.6987953409851
5767,0.0
5768,0.0
5769,226.39965718478092
5770,208.91847280107584
5771,278.406914058926
5772,0.0
5773,213.64063836763998
5774,282.8161547129166
5775,279.2456513696857
5776,0.0
5777,283.0797184936187
5778,172.78764740084404
5779,261.21917656702897
5780,361.7865316940645
5781,0.0
5782,244.91566230964693
5783,336.2308701781672
5784,525.0051467322165
5785,0.0
5786,0.0
5787,143.5108753893469
5788,0.0
5789,0.0
5790,0.0
5791,0.0
5792,0.0
5793,0.0
5794,0.0
5795,0.0
5796,0.0
5797,0.0
5798,0.0
5799,0.0
5800,0.0
5801,0.0
5802,0.0
5803,0.0
5804,0.0
5805,0.0
5806,0.0
5807,0.0
5808,0.0
5809,0.0
5810,0.0
5811,0.0
5812,0.0
5813,0.0
5814,0.0
5815,0.0
5816,0.0
5817,0.0
5818,0.0
5819,0.0
5820,0.0
5821,0.0
5822,0.0
5823,0.0
5824,130.4276211034915
5825,0.0
5826,0.0
5827,0.0
5828,616.3528147534382
5829,312.2241238428069
5830,0.0
5831,185.35584114570779
5832,707.7290240801274
5833,200.21948764937514
5834,271.2789331435179
5835,278.6796114058683
5836,372.3331542729316
5837,0.0
5838,312.5240399810241
5839,373.46142927398836
5840,0.0
5841,351.9293714335036
5842,316.92158702387644
5843,361.530769319687
5844,0.0
5845,0.0
5846,210.14156821533885
5847,421.7358650446979
5848,0.0
5849,258.0680685215983
5850,335.84912540440274
5851,320.0519381734669
5852,0.0
5853,0.0
5854,372.8381927785801
5855,332.0981414434199
5856,296.1334727233655
5857,298.6626764333035
5858,275.647895241785
5859,55.46376266773177
5860,0.0
5861,0.0
5862,233.16024161167087
5863,292.92909434455237
5864,0.0
5865,328.9508989603824
5866,255.94002697037502
5867,309.81823086145033
5868,211.50483904920986
5869,268.54452943363594
5870,330.8672882619501
5871,0.0
5872,261.22178025104483
5873,338.9028529917291
5874,261.6112924377391
5875,318.94571823477105
5876,348.3380845520121
5877,346.8956227600044
5878,0.0
5879,350.15584851379555
5880,437.4889421509119
5881,339.5468996678184
5882,10.314457172833102
5883,0.0
5884,0.0
5885,0.0
5886,0.0
5887,0.0
5888,0.0
5889,0.0
5890,0.0
5891,0.0
5892,0.0
5893,0.0
5894,0.0
5895,0.0
5896,0.0
5897,0.0
5898,0.0
5899,0.0
5900,0.0
5901,0.0
5902,0.0
5903,0.0
5904,0.0
5905,0.0
5906,0.0
5907,0.0
5908,0.0
5909,0.0
5910,0.0
5911,0.0
5912,0.0
5913,0.0
5914,0.0
5915,0.0
5916,0.0
5917,0.0
5918,0.0
5919,0.0
5920,0.0
5921,0.0
5922,0.0
5923,41.523014658558616
5924,1118.907793468828
5925,333.8184983046786
5926,0.0
5927,0.0
5928,664.1871153272048
5929,216.0595401233529
5930,0.0
5931,196.76714830250916
5932,300.66218289121616
5933,338.8184983046786
5934,368.1628016565689
5935,408.4042933782127
5936,0.0
5937,320.72319399510803
5938,554.6298882015585
5939,358.6627030757239
5940,0.0
5941,337.75901881714094
5942,307.03323813471445
5943,515.0453912945452
5944,0.0
5945,0.0
5946,270.7387798110599
5947,0.0
5948,0.0
5949,283.51596148574816
5950,275.3518713083815
5951,379.53906426809897
5952,0.0
5953,368.9430975540578
5954,295.5297312454201
5955,364.3001495880506
5956,0.0
5957,356.979977447055
5958,330.8192689357172
5959,2.0425949527694343
5960,227.91097512612288
5961,336.3359914067809
5962,290.9971458694533
5963,329.88572820844865
5964,0.0
5965,325.2259059056919
5966,250.00390920151102
5967,272.44093982137645
5968,321.7826661316713
5969,290.60634516196126
5970,263.4043103749101
5971,0.0
5972,273.48872569777586
5973,276.2438523101032
5974,352.8265598032571
5975,399.3144638799022
5976,478.63666853031367
5977,419.8000413614826
5978,395.31941115568003
5979,341.4230444070574
5980,0.0
5981,119.19220864506323
5982,81.86685577845626
5983,121.90060445195542
5984,379.62936448819414
5985,368.0401707519338
5986,423.3673396748206
5987,483.81786296540673
5988,0.0
5989,449.1659344376628
5990,414.6112673569146
5991,376.841887088551
5992,327.9185837280573
5993,309.1663112462767
5994,0.0
5995,323.7365375005564
5996,404.0028881239416
5997,532.7018829213653
5998,523.2056668996108
5999,559.6767232819268
6000,307.7278595142604
6001,371.2243089858482
6002,395.405049695854
6003,235.53508691605418
6004,318.1402260040354
6005,348.1921375350819
6006,275.49808266246157
6007,466.6146034165649
6008,322.3059667917515
6009,343.07847827961314
6010,351.582746154223
6011,390.69594587811264
6012,102.35381938660561
6013,432.0367280273113
6014,359.42057559203
6015,425.0749230835267
6016,415.5395721064702
6017,289.52950474089624
6018,297.4300311375608
6019,390.71096279709974
6020,437.4748171174803
6021,11.040285354402272
6022,277.32409833920406
6023,216.52695474738607
6024,492.4889251542145
6025,384.28068856398255
6026,371.50871425732606
6027,371.5061105733102
6028,395.87637818907245
6029,487.72523615024693
6030,132.26069945213675
6031,597.5680821189562
6032,207.99669596648377
6033,529.4533167853176
6034,370.0830831629502
6035,378.2147398300358
6036,0.0
6037,455.0635711487899
6038,363.56270193690625
6039,158.6161688796832
6040,0.0
6041,0.0
6042,302.4448053837696
6043,374.2871674561146
6044,176.32306026493717
6045,18.446127345666582
6046,396.74104577030926
6047,628.091283482152
6048,228.2238467538556
6049,283.0810336568369
6050,368.35233820804837
6051,360.002560044898
6052,0.0
6053,454.7311778611739
6054,361.01529173030315
6055,384.91313625814354
6056,0.0
6057,343.6743530477443
6058,312.7771816746882
6059,348.1147653336386
6060,239.4573036193413
6061,322.6720264526797
6062,283.83017491911943
6063,0.0
6064,265.2415087183412
6065,325.3193675165622
6066,288.03559137219946
6067,0.0
6068,779.9465840473151
6069,370.09995749969977
6070,384.82989783016814
6071,350.72577103670346
6072,570.1674208533033
6073,481.65409704496585
6074,305.17789393043347
6075,115.86887766707531
6076,547.0596391440896
6077,285.0342704024894
6078,318.62554028728357
6079,303.15294493763906
6080,0.0
6081,0.0
6082,0.0
6083,0.0
6084,0.0
6085,0.0
6086,0.0
6087,0.0
6088,0.0
6089,0.0
6090,0.0
6091,0.0
6092,0.0
6093,0.0
6094,0.0
6095,0.0
6096,0.0
6097,0.0
6098,0.0
6099,0.0
6100,0.0
6101,0.0
6102,0.0
6103,0.0
6104,0.0
6105,0.0
6106,0.0
6107,0.0
6108,0.0
6109,0.0
6110,0.0
6111,0.0
6112,0.0
6113,0.0
6114,0.0
6115,0.0
6116,650.5854669944906
6117,10.763739441764187
6118,220.67781234628586
6119,0.0
6120,243.08384359597017
6121,0.0
6122,313.2225582330579
6123,15.231404512328197
6124,399.1651282516335
6125,16.38695894047504
6126,477.33701248435034
6127,122.11787670939503
6128,59.97285884123784
6129,167.98905717615872
6130,167.99037233937685
6131,466.91375162415693
6132,0.0
6133,400.2375825201327
6134,217.8384160303949
6135,102.72940259696759
6136,0.0
6137,378.14980252793555
6138,0.0
6139,344.109307519076
6140,0.0
6141,467.6460015529925
6142,0.0
6143,444.2910426642308
6144,0.0
6145,294.7974643198871
6146,17.63724650359245
6147,41.41546625254762
6148,192.9953638065682
6149,316.500886208581
6150,71.03244995468282
6151,362.27728990125627
6152,0.0
6153,279.53129685516916
6154,0.0
6155,0.0
6156,0.0
6157,341.3385950907968
6158,305.4554183594739
6159,0.0
6160,288.6899558603936
6161,0.0
6162,0.0
6163,342.80055190026735
6164,0.0
6165,335.3271689228868
6166,59.72110764855569
6167,69.72631501658742
6168,81.96726955702604
6169,44.92757917259996
6170,19.004443535671953
6171,396.0685354212652
6172,46.58282038739614
6173,0.0
6174,0.0
6175,0.0
6176,0.0
6177,0.0
6178,0.0
6179,0.0
6180,0.0
6181,0.0
6182,0.0
6183,0.0
6184,0.0
6185,0.0
6186,0.0
6187,0.0
6188,0.0
6189,0.0
6190,0.0
6191,0.0
6192,0.0
6193,0.0
6194,0.0
6195,0.0
6196,0.0
6197,0.0
6198,0.0
6199,0.0
6200,0.0
6201,0.0
6202,0.0
6203,0.0
6204,0.0
6205,0.0
6206,0.0
6207,0.0
6208,0.0
6209,0.0
6210,0.0
6211,0.0
6212,660.1297023424778
6213,0.0
6214,0.0
6215,0.0
6216,558.9196763383865
6217,0.0
6218,222.03976801693875
6219,0.0
6220,334.9662513265008
6221,101.29083300977356
6222,92.830692256583
6223,16.925763116320127
6224,297.01636379796486
6225,75.43261767824845
6226,351.3788300074025
6227,25.371633216777013
6228,0.0
6229,396.15811447304486
6230,154.62887392266788
6231,503.0380907812822
6232,0.0
6233,0.0
6234,0.0
6235,356.90078648891836
6236,0.0
6237,314.0703781199655
6238,35.49233061561955
6239,305.15840855869357
6240,0.0
6241,406.46189617365525
6242,0.0
6243,348.2705702083163
6244,0.0
6245,295.12465988519443
6246,0.0
6247,28.543507803770922
6248,0.0
6249,331.52036422934646
6250,0.0
6251,322.640854820776
6252,0.0
6253,338.0498450282357
6254,0.0
6255,305.8140615676854
6256,0.0
6257,315.79979091495176
6258,0.0
6259,328.81067990165656
6260,0.0
6261,0.0
6262,0.0
6263,23.75775409171939
6264,0.0
6265,391.14514933780634
6266,0.0
6267,169.48547362557963
6268,0.0
6269,0.0
6270,0.0
6271,0.0
6272,0.0
6273,0.0
6274,0.0
6275,0.0
6276,0.0
6277,0.0
6278,0.0
6279,0.0
6280,0.0
6281,0.0
6282,0.0
6283,0.0
6284,0.0
6285,0.0
6286,0.0
6287,0.0
6288,0.0
6289,0.0
6290,0.0
6291,0.0
6292,0.0
6293,0.0
6294,0.0
6295,0.0
6296,0.0
6297,0.0
6298,0.0
6299,0.0
6300,0.0
6301,0.0
6302,0.0
6303,0.0
6304,0.0
6305,0.0
6306,0.0
6307,0.0
6308,364.037160101534
6309,316.90860489194046
6310,216.430845813382
6311,228.1810251499315
6312,537.5265490358298
6313,0.0
6314,308.9781953841699
6315,314.7260747680752
6316,451.17888101460807
6317,348.0381684137949
6318,383.4393305725096
6319,420.97113796646346
6320,0.0
6321,336.31007078202686
6322,341.71643066305023
6323,424.1833007549038
6324,0.0
6325,333.5860891591828
6326,336.5307426772666
6327,426.6319983434871
6328,0.0
6329,378.8976819118408
6330,338.0628271601717
6331,354.54683903200316
6332,253.05766343125782
6333,323.46532147880197
6334,377.34221020665916
6335,220.32088893489777
6336,0.0
6337,368.47439440922693
6338,301.8553612009784
6339,281.7398178853268
6340,229.50014221996284
6341,342.61228687288815
6342,306.8709203745098
6343,314.5208917648286
6344,0.0
6345,351.8527405202651
6346,297.0877799921972
6347,348.7366696691313
6348,259.5403867822915
6349,330.9270011993212
6350,317.46686044613057
6351,342.9407709589932
6352,335.8517024459982
6353,304.2988780639503
6354,0.0
6355,308.55231384326316
6356,458.7119769293597
6357,470.1362928605174
6358,352.060544204225
6359,357.2280160476205
6360,445.22459074247377
6361,343.2537298649616
6362,290.96603487336483
6363,326.2399601052896
6364,527.9363288382864
6365,0.0
6366,246.6432973037575
6367,311.7185524179626
6368,252.1340431819261
6369,145.00477374572034
6370,263.5557384323705
6371,189.99954938099117
6372,0.0
6373,0.0
6374,421.678624045546
6375,285.91264243990867
6376,311.8817818903511
6377,400.92875579134267
6378,545.6703121004366
6379,518.4241501919662
6380,0.0
6381,0.0
6382,77.0237745050566
6383,154.44391379147493
6384,82.33590131572795
6385,257.5058992106267
6386,185.7920892282897
6387,236.41529173030312
6388,0.0
6389,0.0
6390,0.0
6391,0.0
6392,0.0
6393,198.18399912003
6394,192.43617302096558
6395,183.13729495701529
6396,416.40946519125373
6397,345.3045507700531
6398,300.8706513696857
6399,316.78338191627313
6400,430.24821411499715
6401,306.40119885252295
6402,0.0
6403,281.9724801777669
6404,682.6589230491132
6405,354.29112029674354
6406,261.1841563694295
6407,366.0360922652612
6408,490.136266218097
6409,356.86055892328716
6410,368.5627189336037
6411,378.5964676071029
6412,440.590742349312
6413,403.1056657607933
6414,457.1266923946103
6415,121.94519749796774
6416,25.988184564935807
6417,382.68758562621116
6418,472.9913769725445
6419,427.387679133717
6420,204.54302445970222
6421,347.34093868255883
6422,410.6465460851721
6423,418.3744199128297
6424,0.0
6425,370.18564434666587
6426,341.45675908716174
6427,332.6226919632287
6428,0.0
6429,366.1074648203757
6430,404.63770660458056
6431,452.1721176825503
6432,0.0
6433,380.7686022863506
6434,428.8794487727552
6435,588.626212449881
6436,99.43399402957749
6437,280.5855519779776
6438,262.17216867264256
6439,340.1350213364171
6440,204.6468741642156
6441,256.87485621844127
6442,364.7831500280356
6443,324.16515489405396
6444,298.14595396223973
6445,0.0
6446,309.8480873301359
6447,316.3866314137271
6448,339.6039749277788
6449,321.31393634442003
6450,294.9052232259116
6451,306.74242156934264
6452,501.1996305594738
6453,361.5281922780915
6454,364.86887086839647
6455,541.1619896811611
6456,700.2491548596405
6457,404.4559714594257
6458,0.0
6459,180.66486420774476
6460,483.32320250201343
6461,455.8082694448091
6462,345.25392309213004
6463,258.14930275657804
6464,467.0535625641742
6465,415.935692653458
6466,406.18109357661274
6467,415.21251565504735
6468,0.0
6469,403.5531416936642
6470,379.37242762607883
6471,315.9018987792451
6472,99.38387035079455
6473,458.8072796773344
6474,501.2455988179975
6475,481.77014933780634
6476,272.95782534833154
6477,315.184492239339
6478,317.2423891204303
6479,308.4525024027573
6480,0.0
6481,400.34307318927256
6482,375.4028127690641
6483,443.7369881195652
6484,215.20038219232754
6485,379.73942946372904
6486,291.35978518617014
6487,479.7718289806152
6488,357.42167088565924
6489,321.18434845778035
6490,0.0
6491,388.57068578585876
6492,423.83795932874665
6493,306.3555300633617
6494,336.6930870798916
6495,351.1218057546477
6496,422.57641955055504
6497,382.5219309779131
6498,258.5191108407612
6499,379.4850244424955
6500,720.8944560631327
6501,436.3022427332818
6502,0.0
6503,268.066796997498
6504,702.9458570553943
6505,260.18311829516267
6506,297.94992152193083
6507,421.1607351537582
6508,455.9023520986674
6509,406.4827233510337
6510,372.77331611229505
6511,423.8132835856724
6512,0.0
6513,445.64265388035847
6514,414.89090893406
6515,587.5680554765358
6516,141.23870557788672
6517,416.7332880031024
6518,523.8028445019371
6519,516.9799434536601
6520,0.0
6521,330.515433950266
6522,298.73668666582876
6523,507.12145103318375
6524,318.42899576370735
6525,368.48869170438104
6526,338.1251437815587
6527,118.08123026623127
6528,0.0
6529,278.1719182261117
6530,293.09661947278875
6531,190.31424742676614
6532,0.0
6533,270.24279723913895
6534,295.68424759930014
6535,307.55516797380994
6536,0.0
6537,261.39185577845626
6538,208.21477382343068
6539,0.0
6540,0.0
6541,215.7414004917732
6542,283.0797184936187
6543,295.6816439152842
6544,216.92681138860559
6545,221.2399601052896
6546,150.17793756955132
6547,204.3794181786999
6548,305.26096009668623
6549,0.0
6550,0.0
6551,204.2639185021661
6552,418.83406712393304
6553,400.35705203399283
6554,271.3503396920273
6555,337.99149824417503
6556,278.7891805616807
6557,372.0415442733319
6558,72.05091808808436
6559,290.3381127389151
6560,242.42868580306546
6561,353.76726389716487
6562,171.05381341795976
6563,406.1731228851266
6564,0.0
6565,182.12646318967288
6566,193.3053781976758
6567,344.05577398736125
6568,0.0
6569,0.0
6570,0.0
6571,257.2726874250716
6572,0.0
6573,0.0
6574,0.0
6575,0.0
6576,0.0
6577,0.0
6578,0.0
6579,0.0
6580,0.0
6581,0.0
6582,0.0
6583,0.0
6584,0.0
6585,0.0
6586,0.0
6587,0.0
6588,201.99041653079033
6589,223.81331757906727
6590,99.6456026401153
6591,192.66425903974994
6592,309.2789713989221
6593,279.07251687157526
6594,266.3563366550559
6595,287.3288067814349
6596,348.3796782709538
6597,273.85877686040214
6598,0.0
6599,0.0
6600,520.2310696346059
6601,217.98759639363843
6602,247.3890356413044
6603,381.84368458653756
6604,384.2196871058137
6605,383.6886406971754
6606,472.81351703550587
6607,447.4006346232325
6608,0.0
6609,513.1692369095831
6610,503.3665918640846
6611,251.7502399723647
6612,0.0
6613,0.0
6614,390.44920812736797
6615,127.15481494591842
6616,0.0
6617,288.71202791945194
6618,308.0511505457309
6619,354.0911446615287
6620,120.93230319656303
6621,362.5668445882508
6622,266.189293455923
6623,640.2257942797844
6624,144.45476057114067
6625,532.845916552392
6626,820.2737626159251
6627,911.2487927872021
6628,300.23241879121883
6629,351.8034060308141
6630,297.78629824423103
6631,361.65149336095
6632,0.0
6633,431.43724707300146
6634,537.990054458352
6635,450.1180863638523
6636,211.65932876066944
6637,295.7153925887834
6638,306.7774587636395
6639,400.7893688279138
6640,360.85559465081184
6641,320.2674559855157
6642,0.0
6643,361.3359914067809
6644,413.5717748673312
6645,320.0818116388499
6646,12.24647978949531
6647,444.7455091497228
6648,536.6527648850503
6649,411.3814773305362
6650,0.0
6651,417.17216867264256
6652,412.20210589703254
6653,391.6503195892515
6654,419.72352519734335
6655,474.59755979465376
6656,302.495782399443
6657,328.21509383546044
6658,350.36519044904463
6659,340.8741551529016
6660,371.1191065958651
6661,424.562302730768
6662,463.050994435149
6663,487.06034445452525
6664,0.0
6665,0.0
6666,0.0
6667,0.0
6668,0.0
6669,0.0
6670,0.0
6671,0.0
6672,0.0
6673,0.0
6674,0.0
6675,0.0
6676,0.0
6677,0.0
6678,0.0
6679,0.0
6680,0.0
6681,0.0
6682,0.0
6683,0.0
6684,0.0
6685,0.0
6686,0.0
6687,0.0
6688,142.97086896163933
6689,0.0
6690,0.0
6691,0.0
6692,470.02203806566354
6693,389.79875284068487
6694,288.342037392641
6695,0.0
6696,817.6822592812974
6697,362.9382109140951
6698,325.41812377369996
6699,37.74113020150071
6700,465.6893846857936
6701,358.84186853025767
6702,346.5541565419635
6703,158.0293187351848
6704,60.29484703851335
6705,430.21681597856957
6706,365.453117328879
6707,30.94288789960052
6708,0.0
6709,390.2155008153514
6710,489.6364010870854
6711,185.64681297610468
6712,0.0
6713,336.7501793365494
6714,322.01503163804927
6715,446.2204140977345
6716,0.0
6717,367.58632260901624
6718,374.60006572626776
6719,700.4464758207471
6720,0.0
6721,352.7382352788803
6722,43.04749858942955
6723,432.04227707174454
6724,207.29813407533214
6725,312.8395249384957
6726,288.25368622584375
6727,0.0
6728,152.70456423789383
6729,254.94288110092177
6730,308.3380845520121
6731,330.24409540565966
6732,0.0
6733,302.01245459645384
6734,347.91220301110536
6735,420.077868443944
6736,0.0
6737,267.86028183433586
6738,301.8877947112594
6739,463.9508649669876
6740,456.60603407961514
6741,42.72166182645822
6742,291.719068340461
6743,371.01141652218695
6744,443.03425921228387
6745,450.0765969198437
6746,78.55782209562244
6747,442.0293289332034
6748,389.86454235797135
6749,0.0
6750,0.0
6751,275.99545503643884
6752,0.0
6753,0.0
6754,0.0
6755,0.0
6756,228.06446387990218
6757,380.38455838838513
6758,360.8026385229672
6759,161.58192978728846
6760,0.0
6761,0.0
6762,0.0
6763,0.0
6764,0.0
6765,0.0
6766,0.0
6767,0.0
6768,0.0
6769,0.0
6770,0.0
6771,0.0
6772,0.0
6773,0.0
6774,0.0
6775,0.0
6776,40.31313357484356
6777,180.28447834872003
6778,162.60725417373158
6779,258.443380449501
6780,326.05200432251297
6781,0.0
6782,25.41720283857137
6783,152.07385992843527
6784,564.0674108019153
6785,372.80417510025677
6786,323.41569134210636
6787,342.17577487593456
6788,255.9636034510715
6789,521.9994118287026
6790,290.3064460204415
6791,267.18127559646234
6792,583.8560711962017
6793,0.0
6794,0.0
6795,0.0
6796,419.017107786583
6797,364.7039760665964
6798,501.9682668392193
6799,373.7873096760775
6800,0.0
6801,348.64451357575615
6802,378.1095579656069
6803,424.69486914277667
6804,0.0
6805,373.5484312841726
6806,384.92336908676145
6807,542.0344586687224
6808,0.0
6809,321.85664972177614
6810,332.9368787541796
6811,0.0
6812,0.0
6813,352.55257393551705
6814,331.9241737111949
6815,436.81375048533937
6816,234.09635938053486
6817,355.4531003321816
6818,0.0
6819,382.8122285147082
6820,102.39686369004943
6821,297.4149755575045
6822,284.201497605846
6823,342.47077929336456
6824,0.0
6825,348.53542250981616
6826,291.0127050429847
6827,331.59958182990346
6828,281.47622746220424
6829,310.594651550823
6830,384.77406010091323
6831,0.0
6832,265.2415087183412
6833,309.98830638886176
6834,291.99168805489063
6835,283.7496954401851
6836,0.0
6837,349.9415489410062
6838,339.2222811441066
6839,369.1729563003786
6840,463.8015633321138
6841,445.37262085324727
6842,407.6967021957539
6843,38.11247953064765
6844,238.98534289292937
6845,268.38420509899987
6846,261.8131742202868
6847,229.73451079763237
6848,422.3391272939532
6849,0.0
6850,323.00265199080803
6851,348.4142192398632
6852,180.92947499239736
6853,273.6508092921077
6854,0.0
6855,340.16986800395904
6856,0.0
6857,0.0
6858,292.2993852033955
6859,394.53644018804613
6860,213.1393386566367
6861,225.58285551960864
6862,318.87030006467455
6863,0.0
6864,0.0
6865,256.04611940817017
6866,164.88803157754572
6867,342.4418333980452
6868,0.0
6869,0.0
6870,0.0
6871,0.0
6872,0.0
6873,0.0
6874,0.0
6875,0.0
6876,277.71566740009945
6877,0.0
6878,177.53395889736507
6879,86.49790062549872
6880,0.0
6881,0.0
6882,0.0
6883,0.0
6884,607.1187464906875
6885,320.93994310859216
6886,222.19159682502004
6887,339.9454009231548
6888,784.0078892368557
6889,293.44199489234074
6890,0.0
6891,139.2275395022306
6892,453.1238382640636
6893,358.2576050730778
6894,416.79302758289396
6895,376.3619556706529
6896,285.68557975921567
6897,400.0765969198437
6898,39.51728344764507
6899,336.1218057546477
6900,0.0
6901,413.2004521806047
6902,359.90128738198007
6903,139.39130104825807
6904,0.0
6905,300.85561164750925
6906,232.64738470300034
6907,14.769153617208985
6908,0.0
6909,358.51986333628474
6910,453.933990630238
6911,940.7437202881588
6912,337.72007242133304
6913,390.4608847418088
6914,432.4045098313487
6915,414.64159880939417
6916,0.0
6917,517.8147715629087
6918,466.4463200034264
6919,457.78622061171836
6920,237.53962579697588
6921,294.3625098485555
6922,310.00646924640904
6923,360.5011463008349
6924,0.0
6925,337.6291878520582
6926,293.50558303782805
6927,301.389235097743
6928,288.7535610025783
6929,288.23944221553046
6930,291.3230262715424
6931,350.0934446141729
6932,0.0
6933,343.7574532073919
6934,400.8607923731206
6935,429.97141505541475
6936,570.9879783098182
6937,467.9978898580714
6938,373.2731642466092
6939,180.9692172554658
6940,0.0
6941,253.63271754454175
6942,255.59715281476275
6943,0.0
6944,0.0
6945,90.6372880117058
6946,120.86448243819547
6947,0.0
6948,132.16714448039133
6949,191.63350403346018
6950,149.11339025064456
6951,232.82798786071754
6952,0.0
6953,437.4324733272811
6954,285.24608499199707
6955,283.7983988352603
6956,173.80515055433426
6957,0.0
6958,180.8942190673292
6959,265.165800707492
6960,0.0
6961,0.0
6962,0.0
6963,0.0
6964,0.0
6965,345.08727228334305
6966,331.6881596307417
6967,694.4912035891174
6968,0.0
6969,60.2226989085382
6970,50.82383670246769
6971,150.30444991157282
6972,0.0
6973,0.0
6974,0.0
6975,0.0
6976,0.0
6977,0.0
6978,0.0
6979,0.0
6980,532.1259673870637
6981,352.43894328972954
6982,243.42182585742347
6983,228.52829624265019
6984,587.8667097363757
6985,0.0
6986,235.9971798628481
6987,0.0
6988,463.23809305891746
6989,324.8688708683965
6990,294.95457471206
6991,440.44529892585695
6992,388.626307079091
6993,590.7516503170883
6994,420.4751820369629
6995,476.703387895299
6996,0.0
6997,470.4271190716122
6998,333.96130405072296
6999,185.07290132442444
7000,0.0
7001,341.84755979465376
7002,393.34193311770787
7003,423.94308055736036
7004,269.23009219615426
7005,322.21888248138026
7006,375.0207495448658
7007,448.0627931667769
7008,0.0
7009,311.79562162118685
7010,348.2835523402523
7011,421.6371790690984
7012,0.0
7013,0.0
7014,297.15009661358425
7015,314.1950113627395
7016,220.6180557697969
7017,300.0480459686533
7018,302.94599532372234
7019,291.5567335835589
7020,303.56918818001276
7021,324.6338580388848
7022,330.5362271342496
7023,372.6823879039024
7024,0.0
7025,300.0467308054351
7026,214.15218011309238
7027,256.98003808287024
7028,387.32144366509596
7029,282.425371002122
7030,309.971466045507
7031,230.6583343255204
7032,462.0311959966889
7033,364.6071645054568
7034,280.4888106983763
7035,289.1735591907381
7036,0.0
7037,306.36363602950115
7038,287.2802757775997
7039,261.6272168069007
7040,0.0
7041,0.0
7042,0.0
7043,0.0
7044,0.0
7045,98.42403884220644
7046,0.0
7047,157.98906737417735
7048,0.0
7049,307.4868072214199
7050,309.2694733530912
7051,401.86613077090965
7052,296.1999261896051
7053,143.63832296278093
7054,188.53834846638372
7055,246.57260767866762
7056,0.0
7057,0.0
7058,0.0
7059,0.0
7060,0.0
7061,0.0
7062,0.0
7063,0.0
7064,0.0
7065,0.0
7066,0.0
7067,0.0
7068,0.0
7069,0.0
7070,0.0
7071,0.0
7072,0.0
7073,0.0
7074,0.0
7075,0.0
7076,379.876032267775
7077,318.91394058931604
7078,317.23257376298307
7079,0.0
7080,649.4623727190451
7081,0.0
7082,0.0
7083,0.0
7084,563.3055734092184
7085,539.4676140804718
7086,649.6376556144883
7087,652.6576345283155
7088,351.3503056986325
7089,350.96468571675183
7090,378.639289211027
7091,429.04176653295985
7092,0.0
7093,220.58170341228185
7094,0.0
7095,354.6351465596825
7096,0.0
7097,300.7296898839375
7098,385.5816257797692
7099,440.67380851556476
7100,265.1934627496879
7101,394.2157609076053
7102,369.9402700659315
7103,328.62112635347967
7104,0.0
7105,305.781601414984
7106,326.6281231353709
7107,260.4752160303578
7108,138.47966976404834
7109,205.3518883050789
7110,233.473139881824
7111,261.48794771576286
7112,171.41786368144608
7113,244.31708456061546
7114,0.0
7115,311.4217218928648
7116,170.6855967559131
7117,269.02752987362095
7118,258.83797632544406
7119,313.89638374532007
7120,194.3456695052007
7121,241.48276699015156
7122,0.0
7123,283.13814291019213
7124,152.35402508942792
7125,226.68142746214818
7126,83.98348773568875
7127,185.00527535482144
7128,447.05009547476664
7129,337.2669890858489
7130,0.0
7131,0.0
7132,379.64608541477537
7133,136.2340852594481
7134,98.15827596734043
7135,0.0
7136,36.096480358904294
7137,0.0
7138,0.0
7139,0.0
7140,0.0
7141,0.0
7142,0.0
7143,0.0
7144,0.0
7145,0.0
7146,0.0
7147,0.0
7148,0.0
7149,0.0
7150,0.0
7151,0.0
7152,47.32699454727276
7153,329.9560611277005
7154,232.25161816143714
7155,339.6626408783128
7156,0.0
7157,0.0
7158,0.0
7159,30.898307605389704
7160,0.0
7161,0.0
7162,0.0
7163,0.0
7164,104.45951079763236
7165,0.0
7166,0.0
7167,0.0
7168,319.2942608515901
7169,0.0
7170,0.0
7171,0.0
7172,589.4013813122641
7173,316.32435148614843
7174,193.5030500410153
7175,220.36488048840272
7176,482.52138530691593
7177,201.1244604287558
7178,0.0
7179,194.124987964238
7180,523.3588171001804
7181,397.78107387950183
7182,475.3232427246784
7183,519.6844470557387
7184,0.0
7185,349.5637570078706
7186,602.2174993313724
7187,946.9810597127351
7188,350.1467149475553
7189,436.0581133342273
7190,591.4722502739035
7191,982.6185595099026
7192,0.0
7193,251.76317846518282
7194,253.9911775161059
7195,395.52451652641395
7196,0.0
7197,312.32666802982516
7198,191.70348252450913
7199,308.6510094645857
7200,156.64767878864902
7201,340.3713056900291
7202,437.06435877652586
7203,531.3099495103963
7204,229.3157960398177
7205,264.7130926361392
7206,322.50323944606606
7207,0.0
7208,0.0
7209,350.04800232953545
7210,226.48016330613567
7211,451.8501028428544
7212,164.89227508737042
7213,269.98183714245266
7214,238.6172511453635
7215,292.8836520599149
7216,247.15400581509525
7217,320.8776933522906
7218,259.5689547301793
7219,336.67616910402415
7220,430.7763866959778
7221,0.0
7222,369.57673913980653
7223,408.2173435140517
7224,444.95779021611907
7225,401.98584762522216
7226,344.2099714680291
7227,379.79553309172974
7228,543.6743051637304
7229,267.1384497476422
7230,273.36930292911205
7231,356.90601395972595
7232,0.0
7233,0.0
7234,133.76201786806405
7235,0.0
7236,0.0
7237,351.23131002974884
7238,236.68706503603855
7239,247.32847403471712
7240,0.0
7241,0.0
7242,0.0
7243,0.0
7244,399.469050204946
7245,420.0195746343496
7246,399.2353428929294
7247,460.4129523834372
7248,0.0
7249,0.0
7250,0.0
7251,0.0
7252,320.45027438853776
7253,377.14981371814105
7254,383.4871106424171
7255,480.90985361285146
7256,0.0
7257,344.8641709330711
7258,227.71281979208396
7259,334.15915679220774
7260,155.2745265778019
7261,0.0
7262,69.82142624562032
7263,77.7829807428741
7264,351.4017534532038
7265,263.9478654932862
7266,140.03984877264315
7267,195.19821369221893
7268,741.9768184634322
7269,305.3683189681292
7270,206.68228930594404
7271,0.0
7272,698.6210147275722
7273,57.69031793283199
7274,244.23270323114454
7275,0.0
7276,370.6985182520338
7277,289.4637898624478
7278,405.5102628703777
7279,484.85974694787933
7280,0.0
7281,434.2728701609605
7282,318.91977096759655
7283,479.3806120702875
7284,0.0
7285,388.3198780553469
7286,398.9443860748555
7287,420.6647355851398
7288,0.0
7289,388.07450377461254
7290,266.12829199775416
7291,366.54502297572327
7292,148.43683116342683
7293,406.92802227689066
7294,341.7566752253789
7295,563.8560541995043
7296,0.0
7297,290.04675744785555
7298,331.9111915792589
7299,292.9291209869728
7300,0.0
7301,316.0204894526119
7302,245.79851939085142
7303,319.41573654282007
7304,191.06470385226686
7305,290.26485230149984
7306,277.19425037742394
7307,10.84680560801695
7308,0.0
7309,0.0
7310,218.65751270438955
7311,324.24174216817465
7312,289.43780860187843
7313,279.9649628057031
7314,262.12412270398926
7315,46.456619342277406
7316,396.05944549414284
7317,301.46844305257696
7318,296.05429876192636
7319,433.9262232173082
7320,475.2674389888183
7321,388.37705759024044
7322,333.90549066913985
7323,0.0
7324,511.75525339718865
7325,393.08223250935987
7326,401.08665224965563
7327,353.7573805358146
7328,415.0995138260005
7329,452.06523761701914
7330,429.70871311850846
7331,368.3651247827303
7332,391.35808316295015
7333,451.5021774297922
7334,435.77768526816345
7335,420.309008765753
7336,0.0
7337,25.80310727749103
7338,0.0
7339,43.76986914277657
7340,0.0
7341,0.0
7342,0.0
7343,0.0
7344,0.0
7345,0.0
7346,0.0
7347,0.0
7348,0.0
7349,0.0
7350,0.0
7351,0.0
7352,288.8581430827261
7353,188.64783998968343
7354,208.2622466502232
7355,0.0
7356,197.5703228678639
7357,188.98426035110154
7358,183.58173939005087
7359,0.0
7360,332.5036120097839
7361,234.80043092189788
7362,218.0346657693966
7363,321.1623962382738
7364,589.6836354859958
7365,0.0
7366,357.88030708769435
7367,321.53001838575926
7368,795.8554660282069
7369,400.5673721237329
7370,0.0
7371,388.2264334411741
7372,647.1447776196449
7373,345.0714331909298
7374,384.86627683010363
7375,164.91582492564646
7376,0.0
7377,301.4827403477311
7378,397.1163043009672
7379,570.0103104611304
7380,0.0
7381,437.8485808722232
7382,558.3328091971906
7383,759.7232818256391
7384,0.0
7385,326.517787187751
7386,0.0
7387,43.391568491486396
7388,0.0
7389,368.80545553692735
7390,258.02909548337
7391,510.4764099219454
7392,0.0
7393,506.7708948880204
7394,469.0962647513248
7395,778.210658366802
7396,0.0
7397,318.20175769809987
7398,254.91302463223622
7399,69.95871681110884
7400,0.0
7401,300.719284793597
7402,319.27680600489197
7403,288.44455493723876
7404,0.0
7405,346.49571512869267
7406,289.87665527802375
7407,0.0
7408,0.0
7409,308.33679603121436
7410,0.0
7411,306.964435270221
7412,0.0
7413,356.139968612195
7414,243.55190002467762
7415,418.4666099995997
7416,463.9846731374844
7417,373.23034150386746
7418,0.0
7419,343.6432409128383
7420,0.0
7421,0.0
7422,0.0
7423,0.0
7424,0.0
7425,0.0
7426,0.0
7427,0.0
7428,0.0
7429,0.0
7430,0.0
7431,0.0
7432,0.0
7433,0.0
7434,0.0
7435,0.0
7436,0.0
7437,0.0
7438,0.0
7439,0.0
7440,0.0
7441,0.0
7442,0.0
7443,0.0
7444,0.0
7445,0.0
7446,0.0
7447,0.0
7448,0.0
7449,0.0
7450,0.0
7451,0.0
7452,0.0
7453,0.0
7454,0.0
7455,0.0
7456,309.3004231936024
7457,0.0
7458,281.513901928247
7459,0.0
7460,231.34293238427495
7461,0.0
7462,271.15061253608263
7463,0.0
7464,582.0825046373758
7465,0.0
7466,0.0
7467,0.0
7468,474.37545798709664
7469,40.385877227090305
7470,315.8958732065353
7471,96.25837285707217
7472,69.31975623142102
7473,457.08382715156836
7474,74.22901728144831
7475,355.22069853766016
7476,0.0
7477,44.069346844377435
7478,25.233991199646653
7479,257.4138496527063
7480,169.59235894915327
7481,268.71334308267006
7482,0.0
7483,391.67875579134267
7484,0.0
7485,317.0474917907507
7486,0.0
7487,187.66834050298348
7488,160.0753593891382
7489,186.98392064196082
7490,52.586579854225874
7491,419.0534431474007
7492,0.0
7493,379.5728129415981
7494,58.242259505638174
7495,393.7041925197325
7496,0.0
7497,315.17917510025677
7498,0.0
7499,54.75226228376198
7500,68.60434664594015
7501,339.6559131012457
7502,0.0
7503,270.8517460851161
7504,0.0
7505,0.0
7506,273.52897026010453
7507,0.0
7508,0.0
7509,1.7076149778349645
7510,31.79981471032795
7511,24.836694603325157
7512,414.2573465424198
7513,321.79179161378437
7514,0.0
7515,249.8172304192936
7516,0.0
7517,0.0
7518,0.0
7519,0.0
7520,0.0
7521,0.0
7522,0.0
7523,0.0
7524,0.0
7525,0.0
7526,0.0
7527,0.0
7528,0.0
7529,0.0
7530,0.0
7531,0.0
7532,0.0
7533,0.0
7534,0.0
7535,0.0
7536,0.0
7537,0.0
7538,0.0
7539,0.0
7540,0.0
7541,0.0
7542,0.0
7543,0.0
7544,0.0
7545,0.0
7546,0.0
7547,0.0
7548,0.0
7549,0.0
7550,0.0
7551,0.0
7552,22.97713207798109
7553,0.0
7554,0.0
7555,0.0
7556,412.1450415039174
7557,275.7762344075137
7558,0.0
7559,282.8159684310576
7560,756.3384701890905
7561,343.87116353853327
7562,258.34590295503415
7563,0.0
7564,394.7974473231897
7565,54.00703022299041
7566,411.812478961239
7567,362.95246457013144
7568,204.15869299861927
7569,380.9659572408521
7570,350.59983227643437
7571,314.9688550105167
7572,0.0
7573,379.6597786636389
7574,422.0539706828828
7575,593.0951926836631
7576,0.0
7577,301.389235097743
7578,300.84394467879144
7579,4.052445865207403
7580,0.0
7581,332.4266255295249
7582,312.7655147059704
7583,350.3920722315923
7584,0.0
7585,322.75121741081625
7586,318.73148894352
7587,273.06544784088504
7588,0.0
7589,335.98025453600627
7590,279.8740515940078
7591,308.55878308967226
7592,0.0
7593,301.47102973989547
7594,284.85978094127415
7595,318.2342178508013
7596,207.50456196025857
7597,311.767053673299
7598,266.94366872865777
7599,0.0
7600,0.0
7601,306.642420430525
7602,305.31679047496675
7603,301.0308945429524
7604,280.08959604847706
7605,325.4362429921294
7606,390.1739943746455
7607,404.7325003753664
7608,480.9501453431546
7609,100.80112759591083
7610,373.01067990165654
7611,298.1769068633722
7612,320.7007354817128
7613,293.5961077951864
7614,317.41719278718347
7615,311.6069967818912
7616,0.0
7617,205.68133241015985
7618,234.4102443120844
7619,214.0129477157629
7620,216.25571520640298
7621,215.03913267766686
7622,245.15599115653666
7623,0.0
7624,204.3929421595153
7625,243.73335330659197
7626,211.29374564513108
7627,248.05042087051
7628,0.0
7629,0.0
7630,163.3376764333035
7631,150.7007138173411
7632,110.78616140798187
7633,0.0
7634,0.0
7635,169.3241609593935
7636,0.0
7637,0.0
7638,0.0
7639,0.0
7640,0.0
7641,90.30083904060652
7642,102.04841469314007
7643,0.0
7644,0.0
7645,0.0
7646,0.0
7647,0.0
7648,152.88316744751125
7649,0.0
7650,0.0
7651,0.0
7652,664.0308911436128
7653,283.08974791416296
7654,0.0
7655,101.40711691470412
7656,844.9777386825215
7657,281.4035493895945
7658,0.0
7659,92.72276108883597
7660,402.38378692890336
7661,325.1350383331145
7662,364.07295516156097
7663,321.74110640612446
7664,201.0114771580022
7665,365.47780271767624
7666,305.2765459126381
7667,389.47285544189833
7668,0.0
7669,372.91220301110536
7670,377.4019497864507
7671,491.8708693844176
7672,144.32232592204207
7673,341.61645616665305
7674,308.4770150899402
7675,0.0
7676,0.0
7677,305.9867407791127
7678,254.22880367535652
7679,475.40891257494707
7680,0.0
7681,486.18662178511744
7682,467.19674978650664
7683,545.4088689358292
7684,157.24101517625388
7685,297.35392081449476
7686,388.0926666321599
7687,318.5912698847941
7688,0.0
7689,330.38560298518325
7690,287.0085623916402
7691,307.8083533065919
7692,214.62219842114138
7693,340.5738680125624
7694,258.43287832279793
7695,318.01349267072067
7696,343.3134088089379
7697,0.0
7698,270.08828088525894
7699,247.52661702261952
7700,310.0142972951541
7701,439.71171683710577
7702,347.26436840513554
7703,499.9181713644527
7704,682.3770228808062
7705,333.1730502135493
7706,364.91285110217865
7707,393.3327302963432
7708,190.67950543982204
7709,209.9470928949869
7710,146.50644715925915
7711,267.8268357533908
7712,160.30787521671954
7713,166.66983088737243
7714,0.0
7715,228.48364200852703
7716,0.0
7717,0.0
7718,0.0
7719,114.90643681461009
7720,95.21571175525668
7721,307.981122186294
7722,339.548243863496
7723,270.6388949829374
7724,0.0
7725,276.19826199901104
7726,284.5337428670073
7727,292.6640843708748
7728,0.0
7729,320.045493291843
7730,131.7879392088575
7731,295.50638538462624
7732,208.8079308744861
7733,304.09874008888346
7734,232.75236058845942
7735,411.03845597691236
7736,314.75780140632463
7737,362.78945693459264
7738,0.0
7739,428.3555235408304
7740,393.7047200552146
7741,327.80365647734493
7742,181.28592992540916
7743,293.185384254412
7744,338.71247315474716
7745,285.6782139424633
7746,0.0
7747,194.70836449679751
7748,454.1150826452549
7749,270.3421212544238
7750,0.0
7751,0.0
7752,934.3661957982514
7753,310.2947524093032
7754,217.78115151201456
7755,195.0156368060441
7756,527.5486210948882
7757,358.7834441136843
7758,373.6964251068027
7759,3.491586627001425
7760,0.0
7761,351.29574684445225
7762,350.2207251800806
7763,326.7592692636718
7764,0.0
7765,365.2297981105055
7766,416.1321235667525
7767,504.78569307623627
7768,0.0
7769,281.0335152236657
7770,334.1962998835372
7771,417.2409205470438
7772,0.0
7773,314.9116924723206
7774,77.0295958241361
7775,417.64991075450354
7776,112.75651940805815
7777,462.8018064276702
7778,304.77018489279703
7779,35.167765376748605
7780,0.0
7781,208.62505255168813
7782,257.4500297484988
7783,373.58864920408087
7784,136.673643052521
7785,281.2126903239225
7786,0.0
7787,315.7400513351602
7788,0.0
7789,285.7634385574367
7790,246.8904153919727
7791,291.82290104827695
7792,211.7372578404287
7793,291.4645604934864
7794,301.93323699589683
7795,332.9213195806482
7796,206.6530051335625
7797,365.30380834303077
7798,306.19451782065215
7799,334.58064834131756
7800,514.1711978862393
7801,372.8079876881836
7802,369.14528461245965
7803,411.52911518048086
7804,262.2635889340245
7805,100.1554265044679
7806,0.0
7807,149.1855164229869
7808,131.99180903326007
7809,0.0
7810,3.034457823166008
7811,0.0
7812,153.3458190932513
7813,314.07545798709657
7814,571.5876927310749
7815,515.0673018593079
7816,0.0
7817,0.0
7818,0.0
7819,0.0
7820,0.0
7821,0.0
7822,0.0
7823,0.0
7824,0.0
7825,0.0
7826,0.0
7827,0.0
7828,0.0
7829,0.0
7830,0.0
7831,0.0
7832,0.0
7833,0.0
7834,0.0
7835,0.0
7836,0.0
7837,0.0
7838,0.0
7839,0.0
7840,0.0
7841,0.0
7842,0.0
7843,0.0
7844,589.829822898069
7845,269.11325341439533
7846,266.5515895517559
7847,0.0
7848,544.346846400091
7849,0.0
7850,165.22989273971564
7851,259.40930128980585
7852,449.775348621711
7853,325.05064000694614
7854,0.0
7855,363.41080626373963
7856,180.1714416807218
7857,333.0200055562476
7858,394.0015219706312
7859,59.6003666105953
7860,0.0
7861,343.3393730728098
7862,435.7322329321381
7863,40.42483326862123
7864,0.0
7865,312.50843716837477
7866,240.73228392223035
7867,235.99329730375746
7868,0.0
7869,330.25576237437747
7870,210.94393617188604
7871,392.9381769207003
7872,0.0
7873,0.0
7874,295.2505816487662
7875,390.47647055776065
7876,0.0
7877,328.0615119969536
7878,270.1506241490664
7879,36.162307562186015
7880,0.0
7881,316.61124879862126
7882,262.0033816660289
7883,6.872492782937627
7884,0.0
7885,361.01529173030315
7886,266.77096287481004
7887,238.75618168329163
7888,0.0
7889,0.0
7890,266.31784554593105
7891,0.0
7892,377.41232823437076
7893,344.33004969585403
7894,317.4734169707753
7895,74.27968393081494
7896,340.662859609084
7897,236.1983499527931
7898,231.52239745480176
7899,286.4865590287001
7900,0.0
7901,0.0
7902,0.0
7903,0.0
7904,0.0
7905,0.0
7906,0.0
7907,0.0
7908,0.0
7909,0.0
7910,0.0
7911,0.0
7912,0.0
7913,0.0
7914,0.0
7915,0.0
7916,0.0
7917,0.0
7918,0.0
7919,0.0
7920,0.0
7921,0.0
7922,0.0
7923,0.0
7924,0.0
7925,0.0
7926,0.0
7927,0.0
7928,0.0
7929,0.0
7930,0.0
7931,0.0
7932,0.0
7933,0.0
7934,0.0
7935,0.0
7936,0.0
7937,0.0
7938,0.0
7939,0.0
7940,378.66099883821823
7941,0.0
7942,125.13744566677016
7943,247.89253828570264
7944,812.4448320261899
7945,304.73256101118164
7946,0.0
7947,0.0
7948,497.0708450196324
7949,7.019268366308211
7950,358.0511771881513
7951,13.659085112817365
7952,0.0
7953,58.28253806136166
7954,383.8081028600611
7955,420.219393020165
7956,0.0
7957,403.78860784259825
7958,47.41783648673004
7959,62.09711016783183
7960,132.35013288461434
7961,321.7956482636073
7962,0.0
7963,343.563990457704
7964,0.0
7965,313.1797026357389
7966,310.79718723093583
7967,94.69641490878405
7968,94.04448184288321
7969,327.14229520725956
7970,290.9971458694532
7971,0.0
7972,98.4705968336234
7973,278.81330058236983
7974,0.0
7975,0.0
7976,138.77700886067007
7977,308.2601821146732
7978,0.0
7979,287.3513171304789
7980,0.0
7981,311.93586732233314
7982,281.8514689961648
7983,0.0
7984,276.50482205251245
7985,286.8839025064458
7986,0.0
7987,316.5151835037351
7988,307.80059553938514
7989,8.757754091719448
7990,326.34123276820753
7991,478.66915532543555
7992,243.53213887233665
7993,356.47143205211216
7994,303.7760620162738
7995,16.797613338528777
7996,0.0
7997,0.0
7998,151.58785690867057
7999,146.10617163190375
8000,0.0
8001,0.0
8002,0.0
8003,0.0
8004,0.0
8005,0.0
8006,0.0
8007,0.0
8008,0.0
8009,0.0
8010,0.0
8011,0.0
8012,0.0
8013,0.0
8014,0.0
8015,0.0
8016,0.0
8017,0.0
8018,0.0
8019,0.0
8020,0.0
8021,0.0
8022,0.0
8023,0.0
8024,16.766430663050276
8025,33.360805124921995
8026,0.0
8027,0.0
8028,336.4860281005893
8029,327.03134516196127
8030,0.0
8031,308.1245563263007
8032,408.54741373545977
8033,0.0
8034,272.6009781544909
8035,363.434474103824
8036,323.7562503861204
8037,353.95086568302696
8038,0.0
8039,0.0
8040,894.5726406798753
8041,241.94367607963218
8042,0.0
8043,0.0
8044,508.6470566239568
8045,350.34797910356787
8046,65.91171626769682
8047,452.8836350632175
8048,308.92499533232575
8049,448.6185323151868
8050,217.58004997200152
8051,545.625745550214
8052,0.0
8053,461.6345753850825
8054,87.66190524996927
8055,499.9376057461003
8056,0.0
8057,324.45989030665976
8058,0.0
8059,123.47205761614373
8060,198.6302769164173
8061,358.8600143911076
8062,282.0033816660289
8063,23.543507803770865
8064,0.0
8065,91.63082144859686
8066,371.99556326300683
8067,67.94752409303231
8068,0.0
8069,306.2347453862834
8070,308.49260090589206
8071,0.0
8072,0.0
8073,336.9747700790232
8074,360.5011463008349
8075,379.1521291230001
8076,0.0
8077,298.58480063838505
8078,310.23631099603244
8079,0.0
8080,122.71365416501621
8081,250.64271451617373
8082,287.87978649752176
8083,15.143079987951353
8084,313.2537128682642
8085,29.62115014885586
8086,0.0
8087,368.11346716711785
8088,0.0
8089,259.5996529398849
8090,248.71677886198293
8091,251.2576761830592
8092,0.0
8093,0.0
8094,0.0
8095,0.0
8096,0.0
8097,0.0
8098,0.0
8099,0.0
8100,0.0
8101,0.0
8102,0.0
8103,0.0
8104,0.0
8105,0.0
8106,0.0
8107,0.0
8108,0.0
8109,0.0
8110,0.0
8111,0.0
8112,0.0
8113,0.0
8114,0.0
8115,0.0
8116,0.0
8117,0.0
8118,0.0
8119,0.0
8120,0.0
8121,0.0
8122,0.0
8123,0.0
8124,0.0
8125,0.0
8126,0.0
8127,0.0
8128,429.2435624864639
8129,0.0
8130,121.03798057034011
8131,238.77748737332075
8132,138.49595537720495
8133,245.83021855823728
8134,0.0
8135,0.0
8136,484.23278086365707
8137,254.34695802599845
8138,308.578321746253
8139,0.0
8140,536.6916942841608
8141,75.82472390323562
8142,439.10150611275134
8143,53.033244933393235
8144,247.10208463832578
8145,178.45647180019182
8146,145.4754392821726
8147,655.1569817695679
8148,0.0
8149,408.32248173936284
8150,58.90313687935918
8151,445.99708523363796
8152,0.0
8153,385.85948685562545
8154,0.0
8155,0.0
8156,179.38593106422678
8157,243.86007502692286
8158,0.0
8159,442.465537931938
8160,0.0
8161,73.72654846642087
8162,332.3448575297929
8163,0.0
8164,0.0
8165,404.74935771541857
8166,329.83379003498175
8167,53.16306854750155
8168,219.25087573441485
8169,309.1015231094488
8170,0.0
8171,597.3706835253369
8172,0.0
8173,257.20334030454626
8174,257.3747043527554
8175,0.0
8176,292.0566083602935
8177,0.0
8178,0.0
8179,374.78443854883335
8180,318.25757843065736
8181,0.0
8182,420.26096974240926
8183,119.35367716664274
8184,200.29566255989124
8185,35.569837686051244
8186,0.0
8187,0.0
8188,0.0
8189,327.53527292176557
8190,0.0
8191,288.6337084508342
8192,0.0
8193,0.0
8194,0.0
8195,0.0
8196,0.0
8197,0.0
8198,0.0
8199,0.0
8200,0.0
8201,0.0
8202,0.0
8203,0.0
8204,0.0
8205,0.0
8206,0.0
8207,0.0
8208,0.0
8209,0.0
8210,0.0
8211,0.0
8212,0.0
8213,0.0
8214,0.0
8215,0.0
8216,0.0
8217,0.0
8218,0.0
8219,0.0
8220,0.0
8221,0.0
8222,0.0
8223,0.0
8224,110.5847442474658
8225,0.0
8226,0.0
8227,0.0
8228,411.0903299857074
8229,0.0
8230,0.0
8231,188.97796887964603
8232,155.35467160179178
8233,0.7676316465777973
8234,226.96315410039765
8235,0.0
8236,464.78181786812
8237,0.0
8238,233.9873289504101
8239,315.84914240110015
8240,0.0
8241,367.75253257403443
8242,78.5954193348174
8243,90.0937285018029
8244,134.39112878653555
8245,292.15918654070657
8246,28.89666763295014
8247,394.8974048228895
8248,0.0
8249,333.37443690952716
8250,288.9392223459416
8251,0.0
8252,170.79464418273523
8253,372.7005774038701
8254,0.0
8255,413.2575444372625
8256,0.0
8257,309.3508162374172
8258,0.0
8259,0.0
8260,152.61236450540085
8261,306.29837717088856
8262,363.8210679952997
8263,0.0
8264,219.25087573441485
8265,309.1015231094488
8266,0.0
8267,597.3706835253369
8268,0.0
8269,0.0
8270,245.20776004484202
8271,366.874795582626
8272,0.0
8273,345.7907009878294
8274,49.35758636815376
8275,15.909139226101388
8276,298.27320788572706
8277,378.4783302531584
8278,17.876151537917792
8279,368.3562474095594
8280,84.8887148935708
8281,0.0
8282,0.0
8283,278.81059137219944
8284,0.0
8285,0.0
8286,158.14411707003134
8287,0.0
8288,93.28379117379936
8289,0.0
8290,121.0986137268004
8291,153.5356443466658
8292,0.0
8293,0.0
8294,0.0
8295,0.0
8296,0.0
8297,0.0
8298,0.0
8299,0.0
8300,0.0
8301,0.0
8302,0.0
8303,0.0
8304,0.0
8305,0.0
8306,0.0
8307,0.0
8308,0.0
8309,0.0
8310,0.0
8311,0.0
8312,0.0
8313,0.0
8314,0.0
8315,0.0
8316,0.0
8317,0.0
8318,0.0
8319,0.0
8320,210.77080946464164
8321,0.0
8322,0.0
8323,0.0
8324,165.26942234588557
8325,304.4020564514228
8326,0.0
8327,312.376619723033
8328,327.56832236746845
8329,323.24853214265283
8330,0.0
8331,31.19218102756895
8332,222.3515500280168
8333,307.4526334325147
8334,0.0
8335,200.8037341098576
8336,303.7327944610151
8337,0.0
8338,407.9667182261677
8339,60.38070614720198
8340,0.0
8341,347.5629790258576
8342,56.908845140452684
8343,370.015542176834
8344,0.0
8345,411.6164125275352
8346,0.0
8347,74.08488902121144
8348,0.0
8349,395.02721879127483
8350,320.768619283048
8351,89.41726531213004
8352,183.10054567099718
8353,316.1113740218867
8354,158.10978121742164
8355,0.0
8356,0.0
8357,357.9303925110731
8358,307.1059162073241
8359,0.0
8360,241.54505696911812
8361,298.78602115527974
8362,0.0
8363,378.3341753505011
8364,9.395227246466561
8365,0.0
8366,284.68710172984686
8367,366.69825080880554
8368,0.0
8369,384.04438721367313
8370,53.47600081104957
8371,71.69465948831942
8372,97.1958227858517
8373,100.68710852852564
8374,27.944981044831707
8375,377.9810495147167
8376,0.0
8377,48.29650571587638
8378,211.43054281516308
8379,146.53571503386902
8380,0.0
8381,0.0
8382,0.0
8383,0.0
8384,0.0
8385,0.0
8386,0.0
8387,0.0
8388,0.0
8389,0.0
8390,0.0
8391,0.0
8392,0.0
8393,0.0
8394,0.0
8395,0.0
8396,0.0
8397,0.0
8398,0.0
8399,0.0
8400,0.0
8401,0.0
8402,0.0
8403,0.0
8404,0.0
8405,0.0
8406,0.0
8407,0.0
8408,0.0
8409,0.0
8410,0.0
8411,0.0
8412,0.0
8413,0.0
8414,0.0
8415,0.0
8416,0.0
8417,0.0
8418,0.0
8419,0.0
8420,483.2980026227963
8421,311.56573830590673
8422,0.0
8423,328.714655968253
8424,548.3602512402804
8425,141.62192077989448
8426,0.0
8427,287.36305438073504
8428,240.2118585047731
8429,300.43628663124724
8430,0.0
8431,225.8374827833568
8432,401.69693564558736
8433,7.482773788830343
8434,375.69592421374097
8435,101.1531909926432
8436,0.0
8437,459.39751304945753
8438,112.49698380574876
8439,357.4228789440134
8440,0.0
8441,315.3103212285577
8442,346.06982394206295
8443,0.0
8444,205.42329485358826
8445,316.2425201501876
8446,0.0
8447,458.6561295543818
8448,0.0
8449,323.9950527242221
8450,0.0
8451,0.0
8452,0.0
8453,276.0049472757779
8454,0.0
8455,0.0
8456,0.0
8457,307.1176364608828
8458,0.0
8459,306.6696998576151
8460,0.0
8461,209.6975238168848
8462,0.0
8463,257.6525920710321
8464,263.28619001766305
8465,0.0
8466,182.7642941719624
8467,307.704520598776
8468,52.98391044394219
8469,369.9454847849376
8470,0.0
8471,32.92034894087533
8472,423.9568561235242
8473,0.0
8474,0.0
8475,89.52175318584617
8476,0.0
8477,0.0
8478,0.0
8479,0.0
8480,0.0
8481,0.0
8482,0.0
8483,0.0
8484,0.0
8485,0.0
8486,0.0
8487,0.0
8488,0.0
8489,0.0
8490,0.0
8491,0.0
8492,0.0
8493,0.0
8494,0.0
8495,0.0
8496,0.0
8497,0.0
8498,0.0
8499,0.0
8500,0.0
8501,0.0
8502,0.0
8503,0.0
8504,0.0
8505,0.0
8506,0.0
8507,0.0
8508,0.0
8509,0.0
8510,0.0
8511,0.0
8512,0.0
8513,0.0
8514,0.0
8515,0.0
8516,540.262264492477
8517,388.8237288986779
8518,0.0
8519,313.42518742067654
8520,201.94389198047259
8521,0.0
8522,157.5760291445832
8523,142.3072846382698
8524,761.7084739917002
8525,0.0
8526,221.19453481734962
8527,0.0
8528,72.57864982529651
8529,281.9449742461529
8530,301.9553356973756
8531,0.0
8532,0.0
8533,325.85561164750925
8534,314.46766507056395
8535,95.87404139598925
8536,0.0
8537,292.799280376167
8538,263.5237628920728
8539,324.54036978559407
8540,0.0
8541,0.0
8542,308.3173180104489
8543,445.87892123727306
8544,0.0
8545,0.0
8546,433.1497855312381
8547,16.981566852180208
8548,0.0
8549,263.9470237522662
8550,212.30071111692757
8551,302.7720009490769
8552,0.0
8553,284.10932451577344
8554,231.49314543807162
8555,0.0
8556,0.0
8557,249.66115446267233
8558,280.75825783182535
8559,0.0
8560,0.0
8561,304.9584669168736
8562,292.7486743626157
8563,43.20402395092526
8564,94.4237951943544
8565,399.4079254907724
8566,245.94395316858342
8567,65.01714857865664
8568,554.6894844225695
8569,0.0
8570,53.02386602818831
8571,96.64499238166789
8572,0.0
8573,0.0
8574,0.0
8575,0.0
8576,0.0
8577,0.0
8578,0.0
8579,0.0
8580,0.0
8581,0.0
8582,0.0
8583,0.0
8584,0.0
8585,0.0
8586,0.0
8587,0.0
8588,0.0
8589,0.0
8590,0.0
8591,0.0
8592,0.0
8593,0.0
8594,0.0
8595,0.0
8596,0.0
8597,0.0
8598,0.0
8599,0.0
8600,0.0
8601,0.0
8602,0.0
8603,0.0
8604,0.0
8605,0.0
8606,0.0
8607,0.0
8608,0.0
8609,0.0
8610,0.0
8611,0.0
8612,502.5105747982803
8613,417.2509105733662
8614,0.0
8615,263.1559609852595
8616,213.58113168538625
8617,0.0
8618,112.37869118677912
8619,0.0
8620,684.6583955136311
8621,358.160197972553
8622,0.0
8623,253.3991466459962
8624,384.0586578664068
8625,328.4510678227657
8626,0.0
8627,332.3617488632399
8628,0.0
8629,0.0
8630,0.0
8631,398.35365337126655
8632,0.0
8633,288.078429972821
8634,0.0
8635,270.8166822483987
8636,0.0
8637,285.6647695785347
8638,333.73148894352
8639,20.283299046677257
8640,0.0
8641,331.202285233582
8642,286.9903995340929
8643,0.0
8644,57.926585289746555
8645,325.0038922048136
8646,325.8621075363387
8647,16.171397489308333
8648,232.64349249818673
8649,377.1396745265463
8650,361.11915843151394
8651,18.13712128032705
8652,182.10211128074621
8653,337.2526577972999
8654,317.2137017557689
8655,0.0
8656,289.92861044818807
8657,334.5261161295578
8658,32.493152236750404
8659,0.0
8660,149.46403975668306
8661,405.6985182520338
8662,33.18777828397066
8663,556.0749876709768
8664,182.18230773471998
8665,272.52096401362763
8666,0.0
8667,329.62393637151513
8668,0.0
8669,0.0
8670,0.0
8671,0.0
8672,0.0
8673,0.0
8674,0.0
8675,0.0
8676,0.0
8677,0.0
8678,0.0
8679,0.0
8680,0.0
8681,0.0
8682,0.0
8683,0.0
8684,0.0
8685,0.0
8686,0.0
8687,0.0
8688,0.0
8689,0.0
8690,0.0
8691,0.0
8692,0.0
8693,0.0
8694,0.0
8695,0.0
8696,0.0
8697,0.0
8698,0.0
8699,0.0
8700,0.0
8701,0.0
8702,0.0
8703,0.0
8704,0.0
8705,0.0
8706,0.0
8707,0.0
8708,340.0521960789451
8709,302.36094442608885
8710,0.0
8711,324.9302359777129
8712,321.06222879085567
8713,0.0
8714,0.0
8715,273.56273593030113
8716,389.07181226006537
8717,248.3887681980761
8718,0.0
8719,218.82111898539193
8720,369.93766638191556
8721,0.0
8722,433.6262900823936
8723,63.83950509475403
8724,17.452701419304333
8725,235.171407687327
8726,152.7683416418011
8727,277.58130449940444
8728,0.0
8729,361.0165802511009
8730,0.0
8731,346.98129261027316
8732,0.0
8733,287.1046543289468
8734,314.5260991328604
8735,0.0
8736,99.78324465724572
8737,275.1090740692426
8738,0.0
8739,0.0
8740,154.05093409259487
8741,265.9802715327037
8742,0.0
8743,357.74859673010303
8744,0.0
8745,325.65305897069896
8746,0.0
8747,308.41987919416454
8748,0.0
8749,242.29811707863473
8750,268.4588255899725
8751,0.0
8752,241.56195794828812
8753,296.9280829127059
8754,63.938217712773906
8755,337.13711448164827
8756,18.983659997411337
8757,0.0
8758,348.11607085113377
8759,14.77437798193813
8760,304.38908310253976
8761,339.56028453474937
8762,0.0
8763,268.8721617273331
8764,393.26475186579785
8765,0.0
8766,184.83065300899187
8767,0.0
8768,0.0
8769,0.0
8770,0.0
8771,0.0
8772,0.0
8773,0.0
8774,89.48838911182693
8775,90.2219978429985
8776,0.0
8777,0.0
8778,0.0
8779,0.0
8780,0.0
8781,0.0
8782,0.0
8783,0.0
8784,0.0
8785,0.0
8786,0.0
8787,0.0
8788,0.0
8789,0.0
8790,123.85296930242424
8791,130.61355372931422
8792,0.0
8793,192.05487502697886
8794,0.0
8795,168.0195873861511
8796,0.0
8797,0.0
8798,0.0
8799,0.0
8800,0.0
8801,0.0
8802,0.0
8803,0.0
8804,0.0
8805,96.82275684393994
8806,99.70383186225945
8807,256.3955261464202
8808,773.4951779474873
8809,456.0334375911531
8810,0.0
8811,364.49753118497256
8812,596.0062964323906
8813,0.0
8814,234.46770870968183
8815,290.2285265864052
8816,0.0
8817,271.3775851257226
8818,371.0140032095054
8819,0.0
8820,0.0
8821,391.0801853932856
8822,463.6730038911313
8823,114.17446807299109
8824,96.69574175399976
8825,306.9072993744453
8826,0.0
8827,59.58218675635055
8828,194.1989375609479
8829,324.5468656744236
8830,1.7984825504123592
8831,443.92229701909974
8832,0.0
8833,308.07841297612356
8834,507.1006674949231
8835,22.78264628792965
8836,163.88214708598116
8837,298.62112635347967
8838,0.0
8839,369.1858777964993
8840,0.0
8841,357.34221020665916
8842,321.4320833440875
8843,0.0
8844,226.77876428113467
8845,312.7057751261789
8846,0.0
8847,105.50009802854936
8848,0.0
8849,341.517787187751
8850,0.0
8851,0.0
8852,0.0
8853,370.6790232345709
8854,6.5310702040144974
8855,98.15005977314513
8856,355.00117761092963
8857,0.0
8858,158.7924321311844
8859,220.3411431487192
8860,0.0
8861,0.0
8862,0.0
8863,0.0
8864,0.0
8865,0.0
8866,0.0
8867,0.0
8868,0.0
8869,0.0
8870,0.0
8871,0.0
8872,0.0
8873,0.0
8874,0.0
8875,0.0
8876,0.0
8877,0.0
8878,0.0
8879,0.0
8880,0.0
8881,0.0
8882,0.0
8883,0.0
8884,0.0
8885,0.0
8886,0.0
8887,0.0
8888,0.0
8889,0.0
8890,0.0
8891,0.0
8892,0.0
8893,0.0
8894,0.0
8895,0.0
8896,0.0
8897,0.0
8898,0.0
8899,0.0
8900,268.09885695400067
8901,0.0
8902,180.14360186357237
8903,240.23318091535205
8904,259.3146531383221
8905,349.72734629217547
8906,0.0
8907,235.1506411457638
8908,684.0533485181907
8909,0.0
8910,219.4910692895379
8911,198.4471926146495
8912,423.9067281998453
8913,7.944937405713858
8914,319.1015231094488
8915,336.17500580649187
8916,0.0
8917,379.2585995082268
8918,444.66886123978685
8919,82.29834033044949
8920,0.0
8921,297.9031300806804
8922,266.4619568094705
8923,379.66887823648426
8924,0.0
8925,283.4925742634716
8926,289.7558875976429
8927,341.62292541306215
8928,0.0
8929,315.01167661444083
8930,485.97499617788225
8931,514.1910245287158
8932,4.682161252747733
8933,83.48764343209552
8934,465.5024008282378
8935,408.5094146068264
8936,245.18305765934738
8937,331.7605674301925
8938,0.0
8939,401.99812330790485
8940,277.8382097752775
8941,351.9397158880289
8942,290.52064131829775
8943,0.0
8944,288.07062856649634
8945,318.71458796434996
8946,353.1355222294788
8947,381.9462287735558
8948,17.24384211208462
8949,409.8324845174866
8950,328.52245737457764
8951,377.61486391448364
8952,283.3379110219545
8953,0.0
8954,276.9928296880512
8955,207.99411118294526
8956,0.0
8957,141.64969544018516
8958,0.0
8959,0.0
8960,219.48357784385513
8961,0.0
8962,112.6061519347928
8963,0.0
8964,91.67740465035554
8965,0.0
8966,99.17025600277847
8967,199.32342320004545
8968,0.0
8969,176.7392478495444
8970,0.0
8971,0.0
8972,106.130515033925
8973,115.72933587851291
8974,0.0
8975,0.0
8976,0.0
8977,115.86528592381126
8978,164.38254557608013
8979,480.4600592985603
8980,0.0
8981,388.7442500841628
8982,350.4009848065393
8983,683.1040446227948
8984,0.0
8985,121.15104968725066
8986,0.0
8987,0.0
8988,0.0
8989,9.029168154947271
8990,10.213263888561528
8991,69.8224461843721
8992,0.0
8993,0.0
8994,0.0
8995,0.0
8996,374.48989211849994
8997,0.0
8998,0.0
8999,136.20249856352626
9000,570.5153393210559
9001,294.980548621655
9002,0.0
9003,155.5674497562456
9004,627.0149466545622
9005,268.37056170141096
9006,0.0
9007,0.0
9008,318.2134513092381
9009,400.6335639532361
9010,288.86131990860275
9011,379.3819442302031
9012,0.0
9013,300.9997229110487
9014,400.0298224752907
9015,398.4730888917318
9016,0.0
9017,409.9116584789258
9018,285.2064278849265
9019,457.83555510116935
9020,7.438576385872807
9021,369.5117848410088
9022,501.30605730558267
9023,620.4971424701137
9024,0.0
9025,280.236284353612
9026,645.9216918511049
9027,670.0414044605216
9028,0.0
9029,275.20256232253325
9030,321.2113315215865
9031,64.07322205249363
9032,0.0
9033,399.03656881065103
9034,284.0677744359496
9035,278.4432397740206
9036,285.87380114747697
9037,289.8312129933863
9038,0.0
9039,297.76159585873637
9040,162.24230369705163
9041,372.83690425778235
9042,345.2207251800806
9043,335.68942832491143
9044,324.98570270484583
9045,7.874836374699669
9046,348.16153977819164
9047,404.7974473231897
9048,399.11906565716083
9049,371.2912343298034
9050,365.10324639137554
9051,334.3839349553581
9052,0.0
9053,291.81388803762786
9054,271.26339025064453
9055,294.3015586644395
9056,345.03193842371115
9057,294.9125029032459
9058,0.0
9059,260.98494752602215
9060,88.04887339627605
9061,0.0
9062,0.0
9063,162.14906434580928
9064,0.0
9065,181.03567409516464
9066,220.9967010569363
9067,276.6328856908857
9068,258.83381015487095
9069,0.0
9070,150.30618905137936
9071,91.39555165002305
9072,0.0
9073,0.0
9074,0.0
9075,0.0
9076,229.91603685773896
9077,404.1369348518377
9078,307.0401255683334
9079,28.899636219335036
9080,0.0
9081,0.0
9082,0.0
9083,0.0
9084,0.0
9085,0.0
9086,0.0
9087,0.0
9088,0.0
9089,0.0
9090,0.0
9091,0.0
9092,243.84062314717045
9093,214.98660974935544
9094,171.27440404644096
9095,0.0
9096,622.1369762133204
9097,220.99198214053933
9098,271.472361899811
9099,129.72350507745415
9100,392.0812501099729
9101,210.02469273977158
9102,124.8468497994304
9103,0.0
9104,346.86443413140336
9105,279.23138071695195
9106,312.07737490185673
9107,323.7003173116163
9108,230.70245409596527
9109,277.3669029464308
9110,348.60031617279867
9111,348.2562729131622
9112,256.8177203226656
9113,421.39309330916177
9114,270.8101693628718
9115,375.54139086316354
9116,0.0
9117,295.56868728695105
9118,353.61982083598457
9119,712.6381055174577
9120,0.0
9121,219.45469993532544
9122,222.20076326295083
9123,283.85094146068263
9124,85.18573897587595
9125,267.67853933820663
9126,288.0576464345604
9127,294.66500302836806
9128,224.80137352139818
9129,298.79380556490696
9130,324.45337742113287
9131,0.0
9132,0.0
9133,238.96132104742034
9134,237.6395832966757
9135,260.65049892580095
9136,213.0498790216306
9137,268.7107393986542
9138,180.9361954013767
9139,232.6448246581023
9140,343.92886089471887
9141,243.61466445804504
9142,164.40284904009422
9143,216.7463647642485
9144,389.4055351538142
9145,149.30178007851092
9146,0.0
9147,154.64974218538134
9148,0.0
9149,0.0
9150,0.0
9151,0.0
9152,0.0
9153,0.0
9154,0.0
9155,0.0
9156,0.0
9157,0.0
9158,0.0
9159,0.0
9160,0.0
9161,0.0
9162,0.0
9163,0.0
9164,0.0
9165,0.0
9166,0.0
9167,0.0
9168,0.0
9169,223.28478788658367
9170,91.42556847418649
9171,228.39772751821943
9172,0.0
9173,0.0
9174,160.8987628920728
9175,265.7714919718881
9176,0.0
9177,0.0
9178,0.0
9179,0.0
9180,0.0
9181,0.0
9182,0.0
9183,0.0
9184,328.0590118718314
9185,217.098252353288
9186,129.20814804366148
9187,147.98247558780298
9188,559.9673029981257
9189,204.11050481000314
9190,0.0
9191,0.0
9192,557.7303998791608
9193,201.7671313058117
9194,48.20838220953431
9195,0.0
9196,505.52449952971654
9197,106.54384608083308
9198,91.96192621541516
9199,0.0
9200,161.33997824080464
9201,251.7710065139279
9202,280.1597140761887
9203,212.52797582495552
9204,0.0
9205,209.61441401151416
9206,262.21632243648224
9207,0.0
9208,0.0
9209,250.82966438033466
9210,230.7621670333364
9211,288.23941557311
9212,97.75391572404229
9213,272.1747723566585
9214,246.48531738932658
9215,355.01814586084987
9216,157.08521030157618
9217,276.9137856175518
9218,197.9680843794781
9219,272.8018840601829
9220,0.0
9221,220.87124110257895
9222,310.2713481903293
9223,277.1007621241332
9224,0.0
9225,319.37026761576226
9226,255.38172777706706
9227,302.7447481644072
9228,252.0163637979648
9229,327.503239446066
9230,347.8823465424198
9231,303.1173593719315
9232,278.26409131618425
9233,350.45440584967673
9234,337.0280574091031
9235,360.4635224192195
9236,463.9976127691201
9237,355.8374487899619
9238,364.4806738449204
9239,400.81019600529225
9240,560.5195924766036
9241,334.1408134592934
9242,0.0
9243,317.26600087996997
9244,221.29170661318395
9245,82.34344533021225
9246,72.69660515939145
9247,70.65558261504981
9248,249.00064156854205
9249,135.59118446141542
9250,159.14478682547633
9251,223.1723093481229
9252,0.0
9253,0.0
9254,102.41966472540267
9255,0.0
9256,0.0
9257,500.0595552823067
9258,239.75710344686334
9259,555.3270112678224
9260,463.6387918468219
9261,482.1898438117078
9262,312.6599131098491
9263,296.4498264699424
9264,0.0
9265,0.0
9266,0.0
9267,53.26911707003134
9268,0.0
9269,45.677582425309126
9270,69.3467547474421
9271,386.03321731589926
9272,0.0
9273,107.11209592335499
9274,80.52161366629687
9275,159.9334143651855
9276,194.36079775683413
9277,200.12426295669138
9278,201.63684277641062
9279,245.5890569000112
9280,308.25831308392696
9281,284.7189547301793
9282,230.4188051421287
9283,315.2694525171626
9284,410.21565424263315
9285,0.0
9286,136.46735894915327
9287,239.08091734614175
9288,798.9468611362665
9289,332.5642845433527
9290,132.59161496053508
9291,184.7247935982519
9292,473.69510259261006
9293,288.55364600317876
9294,243.37318238212424
9295,0.0
9296,358.1835681981321
9297,323.9834027522017
9298,282.63829477587797
9299,262.21243023166863
9300,0.0
9301,409.916882843655
9302,323.80678769684295
9303,85.79874264266624
9304,0.0
9305,320.05451521506234
9306,225.6556966481097
9307,186.77553931982987
9308,0.0
9309,392.1474589361735
9310,343.5211518570825
9311,409.1923736853288
9312,0.0
9313,250.31941115568006
9314,292.3565244985107
9315,325.55696703339237
9316,34.796243785879085
9317,317.4876536301142
9318,277.3201721409956
9319,351.98258113107084
9320,0.0
9321,354.08334325520406
9322,229.67674027862418
9323,340.52842572792497
9324,140.89722236314833
9325,271.7268357533908
9326,292.00023146447603
9327,365.93870445618245
9328,289.0158362624827
9329,366.9747700790232
9330,292.90983924381715
9331,401.92414706877446
9332,352.4253540054246
9333,388.6808659332712
9334,358.80568509588
9335,561.6021248781041
9336,483.18304492465927
9337,240.9096715758885
9338,60.165788671729956
9339,208.4726409560231
9340,0.0
9341,0.0
9342,0.0
9343,0.0
9344,0.0
9345,0.0
9346,0.0
9347,0.0
9348,0.0
9349,61.50407268018064
9350,0.0
9351,67.041588335228
9352,0.0
9353,0.0
9354,0.0
9355,0.0
9356,0.0
9357,0.0
9358,0.0
9359,0.0
9360,0.0
9361,0.0
9362,0.0
9363,0.0
9364,0.0
9365,0.0
9366,0.0
9367,0.0
9368,0.0
9369,0.0
9370,0.0
9371,0.0
9372,0.0
9373,0.0
9374,0.0
9375,0.0
9376,0.0
9377,0.0
9378,0.0
9379,38.99440619474464
9380,461.27761571977794
9381,0.0
9382,185.5480641041683
9383,0.0
9384,475.9310486691599
9385,365.7647537206548
9386,0.0
9387,51.43221196669248
9388,699.714849346171
9389,0.0
9390,0.0
9391,0.0
9392,273.7211178465743
9393,302.99795049388666
9394,0.0
9395,345.39600807552375
9396,0.0
9397,414.6987613475902
9398,135.15473960569477
9399,121.04281140590547
9400,0.0
9401,0.0
9402,365.12721993009245
9403,122.83585598549689
9404,0.0
9405,325.5686606445306
9406,377.29676792202173
9407,319.0406672705821
9408,286.10361625467993
9409,322.84212862251155
9410,0.0
9411,543.9767952374647
9412,0.0
9413,267.90832780298916
9414,56.66862494290922
9415,14.740585669321149
9416,36.91388024676189
9417,330.52453352311136
9418,365.814044570988
9419,84.94570803675242
9420,251.156859945642
9421,309.287184452812
9422,0.0
9423,325.05451521506234
9424,307.34874008888346
9425,69.36537077778098
9426,412.43571545664724
9427,74.76397289159763
9428,89.21607878863017
9429,422.5214459427312
9430,310.54795473878266
9431,104.0849496570267
9432,432.5239035675531
9433,64.34060961132803
9434,26.752981484816644
9435,401.12685741776244
9436,0.0
9437,0.0
9438,0.0
9439,0.0
9440,0.0
9441,0.0
9442,0.0
9443,0.0
9444,0.0
9445,0.0
9446,0.0
9447,0.0
9448,0.0
9449,0.0
9450,0.0
9451,0.0
9452,0.0
9453,0.0
9454,0.0
9455,0.0
9456,0.0
9457,0.0
9458,0.0
9459,0.0
9460,0.0
9461,0.0
9462,0.0
9463,0.0
9464,0.0
9465,0.0
9466,0.0
9467,0.0
9468,0.0
9469,0.0
9470,0.0
9471,0.0
9472,184.6413883296206
9473,0.0
9474,94.44198214053937
9475,124.823692920909
9476,248.29485369056175
9477,215.73061278632687
9478,0.0
9479,265.3488850092598
9480,722.4615510979143
9481,288.3913452396716
9482,0.0
9483,134.38076733531284
9484,765.2621029981816
9485,265.38174477376447
9486,234.7689303653941
9487,0.0
9488,686.3696284543726
9489,418.29649083307044
9490,604.806442621102
9491,102.7281140761699
9492,0.0
9493,395.08306616625276
9494,544.9064171174992
9495,807.4965542988164
9496,0.0
9497,325.80368311976537
9498,306.7943331003891
9499,421.2775499935101
9500,0.0
9501,312.4655719253328
9502,309.0080614985785
9503,17.870953815609028
9504,0.0
9505,256.3477020146166
9506,321.0516610845156
9507,286.32302627154235
9508,0.0
9509,320.41288241227335
9510,261.596995142585
9511,295.79718723093583
9512,0.0
9513,287.99014908756203
9514,323.8405630127625
9515,300.32977260690274
9516,261.051678081213
9517,307.30719000905964
9518,328.58737767998053
9519,0.0
9520,260.6427145161737
9521,311.9397498814237
9522,349.97794493763905
9523,370.45443249209717
9524,307.57079742887964
9525,395.3765300547583
9526,370.52455051980877
9527,45.05481609938988
9528,248.06870314483086
9529,225.19932173764963
9530,225.21490755360148
9531,0.0
9532,0.0
9533,39.50381414952265
9534,50.53470869247508
9535,0.0
9536,142.95139830896161
9537,0.0
9538,0.0
9539,0.0
9540,0.0
9541,0.0
9542,0.0
9543,0.0
9544,0.0
9545,109.30509800264612
9546,157.7444285751557
9547,0.0
9548,64.3353737802458
9549,152.42675189160795
9550,139.96375700787056
9551,280.42202106896605
9552,0.0
9553,0.0
9554,0.0
9555,0.0
9556,0.0
9557,0.0
9558,0.0
9559,0.0
9560,0.0
9561,4.561285069651376
9562,257.2124503515578
9563,213.9769439799588
9564,142.46000007771033
9565,267.4443802683636
9566,0.0
9567,277.3677929942429
9568,240.32413545579067
9569,249.85932451577344
9570,224.66587876278294
9571,263.0104592036245
9572,484.38525054135454
9573,0.0
9574,292.5753826151058
9575,308.57513216857495
9576,638.7690351926226
9577,310.6764631896729
9578,343.86395023503906
9579,270.13765901382783
9580,481.69043240578344
9581,191.49622423928633
9582,0.0
9583,324.93636821539485
9584,358.1719012294143
9585,417.0020591518363
9586,517.5421348517817
9587,0.0
9588,0.0
9589,429.6104538199109
9590,491.63458503080557
9591,518.1380749234024
9592,145.42591553430157
9593,318.6042253743097
9594,334.7584912816588
9595,336.31782854923364
9596,0.0
9597,347.78496608431544
9598,282.03713033952806
9599,368.24068709721035
9600,186.37631360162226
9601,239.29760653985
9602,315.5660836029352
9603,297.00858903406066
9604,0.0
9605,367.13838600574854
9606,318.4159869893509
9607,478.0225049653304
9608,0.0
9609,386.7851995341489
9610,293.5510253224655
9611,357.6966851990565
9612,0.0
9613,317.9667352228651
9614,233.34850663905002
9615,290.0104050903405
9616,276.889126871175
9617,302.4552104741101
9618,345.35318647159966
9619,384.4169984211974
9620,353.49260090589206
9621,319.0431156895728
9622,378.72630821790864
9623,63.50586692545812
9624,315.2531953841699
9625,337.7226861567368
9626,333.8782139424632
9627,323.16930759678627
9628,392.5976483241109
9629,291.22012383420355
9630,270.5138211725425
9631,0.0
9632,352.0139823735769
9633,269.48611082355444
9634,184.32125001514922
9635,277.46196261596236
9636,227.26456743879592
9637,0.0
9638,0.0
9639,212.38659699755402
9640,80.23017916401544
9641,130.94429287772414
9642,185.06915957033158
9643,0.0
9644,0.0
9645,0.0
9646,0.0
9647,0.0
9648,0.0
9649,0.0
9650,0.0
9651,0.0
9652,0.0
9653,23.603117328878977
9654,22.1074118459093
9655,119.42365778869649
9656,0.0
9657,134.79052475735836
9658,139.6360350458988
9659,209.10754868215855
9660,0.0
9661,0.0
9662,20.495831845052706
9663,24.00270340367848
9664,72.07602532246544
9665,0.0
9666,0.0
9667,0.0
9668,413.5765957810261
9669,313.87783443343585
9670,170.1801547992303
9671,223.60392619820846
9672,784.8686816099763
9673,272.9252457788566
9674,0.0
9675,154.17689949528443
9676,464.33648494886825
9677,186.41265631341432
9678,201.24647299081653
9679,239.80785976450466
9680,498.17573279841264
9681,391.6567007289817
9682,393.07450377461254
9683,0.0
9684,0.0
9685,283.95351964109574
9686,345.10645338852925
9687,386.5982496699879
9688,0.0
9689,359.67667964280895
9690,253.61985482937936
9691,329.83899740301354
9692,166.1971385013655
9693,303.7262815754882
9694,293.2562899098596
9695,109.59254820757326
9696,0.0
9697,244.73645321599528
9698,346.2905491221435
9699,363.84960930076704
9700,0.0
9701,293.1303415038675
9702,275.4479366032677
9703,307.7616225011568
9704,220.76085187011824
9705,325.1181469996675
9706,232.46172335963706
9707,332.06568129071843
9708,0.0
9709,255.84914240110018
9710,240.62455165862642
9711,289.23527292176556
9712,400.3661079677204
9713,352.9304095077705
9714,388.53543950651357
9715,376.7592692636718
9716,361.94520769598637
9717,395.7870592295466
9718,28.93071039209798
9719,57.65309976277263
9720,487.02104561488864
9721,0.0
9722,171.39275701647395
9723,153.9063919071575
9724,254.36293538673976
9725,34.712280643618044
9726,0.0
9727,21.676706268115993
9728,0.0
9729,41.939648600165256
9730,127.25381839441872
9731,135.32058139852188
9732,0.0
9733,0.0
9734,0.0
9735,0.0
9736,0.0
9737,378.89651633667324
9738,342.27487944440884
9739,294.03028314568746
9740,0.0
9741,0.0
9742,0.0
9743,0.0
9744,0.0
9745,0.0
9746,0.0
9747,22.649630136695627
9748,0.0
9749,0.0
9750,0.0
9751,0.0
9752,0.0
9753,0.0
9754,0.0
9755,0.0
9756,0.0
9757,0.0
9758,0.0
9759,0.0
9760,0.0
9761,0.0
9762,0.0
9763,0.0
9764,311.6731541952213
9765,230.03464296620731
9766,276.55371867475606
9767,0.0
9768,516.8929414434758
9769,324.83380703167916
9770,280.9023860920622
9771,0.0
9772,510.52447288729604
9773,307.0786804193518
9774,335.43366595053396
9775,0.0
9776,357.45130127259915
9777,329.6754081187086
9778,318.8145891031676
9779,327.57204231055954
9780,0.0
9781,0.0
9782,435.18951955478207
9783,575.6166119839738
9784,0.0
9785,360.4375145162297
9786,0.0
9787,221.18153568871617
9788,0.0
9789,166.15169621672808
9790,251.281493188416
9791,68.41622723786315
9792,0.0
9793,0.0
9794,425.3920552348949
9795,312.342253845777
9796,0.0
9797,371.1126721884075
9798,323.29524595139054
9799,299.77018489279703
9800,0.0
9801,330.5258220439091
9802,299.50530594887675
9803,339.59228131664054
9804,0.0
9805,320.42586454420933
9806,321.1295635218545
9807,348.563990457704
9808,0.0
9809,349.579316181402
9810,390.0779024373389
9811,419.46246734825525
9812,108.77127226604296
9813,90.98627953930708
9814,288.3010307061791
9815,481.15735234891173
9816,560.9967157931119
9817,0.0
9818,285.7631201070028
9819,314.38682350207796
9820,0.0
9821,0.0
9822,96.13263368275896
9823,0.0
9824,0.0
9825,0.0
9826,0.0
9827,18.271970061760427
9828,0.0
9829,0.0
9830,0.0
9831,0.0
9832,0.0
9833,0.0
9834,0.0
9835,0.0
9836,0.0
9837,0.0
9838,0.0
9839,0.0
9840,0.0
9841,0.0
9842,0.0
9843,0.0
9844,0.0
9845,0.0
9846,0.0
9847,0.0
9848,0.0
9849,23.79157982832264
9850,44.825078055290945
9851,135.36646891845447
9852,0.0
9853,138.02521489154012
9854,139.10155171912996
9855,0.0
9856,41.11430734654204
9857,0.0
9858,12.593165135182552
9859,162.38145224971163
9860,402.2722290151967
9861,0.0
9862,202.26712592209807
9863,300.01311896818515
9864,537.4733223415652
9865,33.652598869710914
9866,239.68845088645983
9867,0.0
9868,682.4382075147556
9869,324.10285526936434
9870,0.0
9871,202.472145446675
9872,237.01380375306684
9873,363.81199506487474
9874,346.22173661192704
9875,1.475196186616131
9876,13.223941383065721
9877,493.03811742370266
9878,564.3637037401431
9879,201.67119463353026
9880,0.0
9881,357.3214703075164
9882,321.7034485311143
9883,302.01245459645384
9884,0.0
9885,416.12171847641196
9886,368.9443860748555
9887,643.0964642077633
9888,0.0
9889,357.4473920710881
9890,353.22381276046076
9891,50.59102623694207
9892,0.0
9893,350.4362526378524
9894,331.31782854923364
9895,55.668902031860455
9896,0.0
9897,194.67933431691705
9898,281.0711561019785
9899,0.0
9900,0.0
9901,273.1849003580477
9902,284.0249528320255
9903,337.1734401967429
9904,2.298374323844371
9905,354.3650868901509
9906,337.5253285018218
9907,52.1503708554913
9908,110.770587058383
9909,409.27462433020366
9910,0.0
9911,236.76234594710752
9912,375.4316698416653
9913,125.40448504378529
9914,86.65475494744771
9915,125.50577470340063
9916,0.0
9917,0.0
9918,0.0
9919,0.0
9920,0.0
9921,0.0
9922,0.0
9923,0.0
9924,0.0
9925,0.0
9926,0.0
9927,0.0
9928,0.0
9929,0.0
9930,0.0
9931,48.60586975538877
9932,0.0
9933,0.0
9934,0.0
9935,0.0
9936,0.0
9937,0.0
9938,0.0
9939,0.0
9940,0.0
9941,0.0
9942,0.0
9943,0.0
9944,0.0
9945,0.0
9946,0.0
9947,0.0
9948,0.0
9949,0.0
9950,0.0
9951,0.0
9952,0.0
9953,0.0
9954,0.0
9955,0.0
9956,279.24231464110886
9957,0.0
9958,191.53001838575932
9959,0.0
9960,555.6426198869636
9961,0.0
9962,0.0
9963,0.0
9964,344.7638612656901
9965,294.48587156722914
9966,0.0
9967,279.0626107070357
9968,0.0
9969,275.79591570683556
9970,33.42925300891699
9971,359.9623421249898
9972,0.0
9973,11.214236089929898
9974,129.16017077783698
9975,592.0058737241372
9976,0.0
9977,40.866256986361975
9978,382.93557323668443
9979,27.484045312930675
9980,159.55861027565408
9981,352.14876445366866
9982,0.0
9983,108.53308571673296
9984,0.0
9985,0.0
9986,347.41364339758894
9987,0.0
9988,74.99100470208774
9989,318.02778996587483
9990,0.0
9991,313.0576464345604
9992,0.0
9993,420.234935196999
9994,68.43052453301732
9995,556.7955269919768
9996,0.0
9997,0.0
9998,0.0
9999,342.87716581680843
10000,57.17114704277748
10001,357.9797173548011
10002,70.94159937880283
10003,420.2713481903293
10004,10.439585427680242
10005,427.66595143436024
10006,93.39594220262529
10007,165.2642685388422
10008,0.0
10009,52.68114032180904
10010,0.0
10011,40.153225132668794
10012,0.0
10013,0.0
10014,0.0
10015,0.0
10016,0.0
10017,0.0
10018,0.0
10019,0.0
10020,0.0
10021,0.0
10022,0.0
10023,0.0
10024,0.0
10025,0.0
10026,0.0
10027,0.0
10028,0.0
10029,0.0
10030,0.0
10031,0.0
10032,0.0
10033,0.0
10034,0.0
10035,0.0
10036,0.0
10037,0.0
10038,0.0
10039,0.0
10040,0.0
10041,25.669098511738024
10042,0.0
10043,0.0
10044,0.0
10045,0.0
10046,0.0
10047,0.0
10048,0.0
10049,0.0
10050,0.0
10051,0.0
10052,405.2531018937775
10053,0.0
10054,317.96800094047353
10055,0.0
10056,515.1323836590063
10057,0.0
10058,268.23167480260065
10059,251.8566837151709
10060,352.7241272421461
10061,186.8099965488537
10062,0.0
10063,0.0
10064,326.8164051594474
10065,295.69202236320433
10066,24.43806584708807
10067,434.1274533799259
10068,0.0
10069,375.5167054743663
10070,114.09398859405678
10071,556.0632600664437
10072,0.0
10073,326.4866155558473
10074,8.444838824868839
10075,389.8052050903965
10076,0.0
10077,317.9031300806804
10078,17.01273848408391
10079,0.0
10080,187.83698189029508
10081,303.0550427505445
10082,368.6185056727664
10083,4.923669971088941
10084,41.337391553486185
10085,318.6367121694315
10086,291.2308531814698
10087,35.21189249816791
10088,247.55778865452322
10089,344.1404525085593
10090,0.0
10091,270.4310622665181
10092,226.07246161947364
10093,328.5289266209867
10094,0.9974031146629159
10095,333.57308038482637
10096,303.67176636042586
10097,29.464056753380476
10098,406.8852176696639
10099,382.4149489150841
10100,22.965298106203704
10101,457.3145079417983
10102,123.22493568869737
10103,116.8902328027142
10104,236.97231089260538
10105,335.10264504549843
10106,0.0
10107,306.41530986581813
10108,254.31708540617197
10109,0.0
10110,0.0
10111,0.0
10112,0.0
10113,0.0
10114,0.0
10115,0.0
10116,0.0
10117,0.0
10118,0.0
10119,0.0
10120,0.0
10121,65.31623361376401
10122,0.0
10123,191.93006909970376
10124,0.0
10125,108.34591726843144
10126,0.0
10127,138.59648192050017
10128,0.0
10129,0.0
10130,0.0
10131,0.0
10132,0.0
10133,0.0
10134,0.0
10135,0.0
10136,0.0
10137,0.0
10138,0.0
10139,0.0
10140,0.0
10141,0.0
10142,0.0
10143,0.0
10144,0.0
10145,0.0
10146,0.0
10147,0.0
10148,546.4148314826847
10149,0.0
10150,192.8003296406394
10151,263.51830891674126
10152,665.6050906345581
10153,448.7431655579608
10154,235.3752755273554
10155,0.0
10156,647.3953859108315
10157,318.1810347956545
10158,34.04339957720288
10159,230.84269015138852
10160,313.80811985675854
10161,9.01480498689466
10162,13.01637059664364
10163,413.35883409687784
10164,0.0
10165,490.45306633878675
10166,421.85272352356765
10167,147.53071548255048
10168,0.0
10169,337.3162629394846
10170,357.9758081532901
10171,0.0
10172,126.38931273025563
10173,234.11323371728446
10174,281.3217377507446
10175,79.95997868948615
10176,0.0
10177,376.0828157197219
10178,335.18175214185226
10179,4.458832388651274
10180,0.0
10181,302.4643100469555
10182,317.9511760493337
10183,0.0
10184,0.0
10185,235.5946951899408
10186,326.15941999054
10187,361.66965621849727
10188,0.0
10189,309.36637541094865
10190,289.6896787714423
10191,26.440141995621843
10192,0.0
10193,345.80107943574944
10194,338.344597437539
10195,54.127771260950794
10196,54.727867874535036
10197,398.43308202413255
10198,94.61099239896782
10199,363.79667358607276
10200,0.0
10201,70.31257671364081
10202,22.619783719397894
10203,49.70231270444551
10204,0.0
10205,0.0
10206,0.0
10207,0.0
10208,0.0
10209,0.0
10210,0.0
10211,0.0
10212,0.0
10213,0.0
10214,0.0
10215,0.0
10216,0.0
10217,0.0
10218,0.0
10219,0.0
10220,0.0
10221,0.0
10222,0.0
10223,0.0
10224,0.0
10225,0.0
10226,0.0
10227,0.0
10228,0.0
10229,0.0
10230,30.4252137527225
10231,110.24600465907088
10232,0.0
10233,0.0
10234,107.91565692593326
10235,180.64219859367535
10236,0.0
10237,0.0
10238,108.15527153270367
10239,190.48192256583138
10240,0.0
10241,0.0
10242,0.0
10243,0.0
10244,363.1596147793043
10245,0.0
10246,222.028796730047
10247,279.62807482857875
10248,307.0295181916234
10249,11.019501816141656
10250,140.30648001383634
10251,0.0
10252,652.0889568870874
10253,269.90395170181125
10254,0.0
10255,59.58592369613899
10256,282.27863905786927
10257,301.19450082395474
10258,0.0
10259,385.5751565333601
10260,263.57052033992835
10261,329.5247839696422
10262,4.266675156458518
10263,345.2466724472551
10264,0.0
10265,273.76007388810524
10266,319.2118856994891
10267,10.424833268621228
10268,0.0
10269,287.05400467627766
10270,296.99426509648606
10271,313.8834016133841
10272,0.0
10273,0.0
10274,214.03015055433426
10275,286.4321003407849
10276,0.0
10277,281.19710450797066
10278,308.2147398300358
10279,0.0
10280,0.0
10281,326.20875447999106
10282,289.8299244725886
10283,0.0
10284,0.0
10285,239.36513052926875
10286,300.84262951557326
10287,311.5762116043244
10288,0.0
10289,260.1558218713751
10290,348.9950697209195
10291,456.750162339852
10292,0.0
10293,331.89173055519086
10294,390.8140615676854
10295,57.8008261421744
10296,0.0
10297,228.20787521671954
10298,281.3511818558256
10299,0.0
10300,0.0
10301,0.0
10302,0.0
10303,0.0
10304,0.0
10305,0.0
10306,0.0
10307,0.0
10308,0.0
10309,0.0
10310,0.0
10311,0.0
10312,86.4648704370149
10313,197.94366758984015
10314,207.61647202453287
10315,0.0
10316,0.0
10317,0.0
10318,0.0
10319,0.0
10320,0.0
10321,0.0
10322,0.0
10323,73.62530726022835
10324,0.0
10325,0.0
10326,0.0
10327,0.0
10328,0.0
10329,0.0
10330,0.0
10331,0.0
10332,0.0
10333,0.0
10334,0.0
10335,0.0
10336,0.0
10337,0.0
10338,0.0
10339,0.0
10340,493.3422419395321
10341,0.0
10342,164.61086462191963
10343,126.62854358310264
10344,536.0126540528925
10345,323.26798352099786
10346,0.0
10347,276.2594647684755
10348,646.5748114576191
10349,263.21998119146247
10350,0.0
10351,0.0
10352,351.7982253052027
10353,325.9335407272685
10354,331.2165825287361
10355,380.5374890126269
10356,0.0
10357,292.191646693408
10358,319.81823086145033
10359,329.83379003498175
10360,0.0
10361,333.7146146067704
10362,0.0
10363,334.6195607437307
10364,0.0
10365,337.0474917907507
10366,280.4920903671074
10367,361.8371547043132
10368,0.0
10369,21.981566852180208
10370,0.0
10371,351.27367478539395
10372,0.0
10373,298.6587842284899
10374,303.2108476252222
10375,391.8280647771909
10376,0.0
10377,377.83821942100053
10378,300.04544228463743
10379,332.9044452438986
10380,302.8356327336821
10381,0.0
10382,303.08621438244825
10383,340.6946090505228
10384,317.9122200078028
10385,384.287184452812
10386,80.94028421558465
10387,412.55648313702807
10388,486.47729684656576
10389,487.74061018073706
10390,374.6414743021681
10391,131.41528110950628
10392,580.8789822958666
10393,473.662737491897
10394,361.79700519397295
10395,461.19195819853246
10396,155.76826316373194
10397,267.37541350242225
10398,275.72648018637034
10399,290.1656039514669
10400,433.5496529398849
10401,364.3299828307686
10402,53.5849910185093
10403,374.8869765065814
10404,232.73797746426166
10405,0.0
10406,0.0
10407,245.27754262542234
10408,0.0
10409,275.9739565420195
10410,211.8659375437412
10411,0.0
10412,0.0
10413,0.0
10414,0.0
10415,0.0
10416,0.0
10417,0.0
10418,0.0
10419,0.0
10420,0.0
10421,0.0
10422,0.0
10423,66.64636674862263
10424,0.0
10425,108.74071103921725
10426,112.6098153574472
10427,158.83418229581054
10428,0.0
10429,0.0
10430,0.0
10431,0.0
10432,0.0
10433,99.41016241756232
10434,0.0
10435,181.19149638931805
10436,566.6550632932119
10437,379.6621377076158
10438,273.07687016956385
10439,0.0
10440,685.8230398689002
10441,259.9234467192741
10442,0.0
10443,141.3101387688165
10444,602.569370639754
10445,301.37240440011124
10446,333.74709175616925
10447,357.6330970535692
10448,0.0
10449,296.82941393380383
10450,391.07374278929694
10451,22.973531996022132
10452,0.0
10453,426.07112210858367
10454,452.20068563043816
10455,536.5384760968016
10456,0.0
10457,0.0
10458,0.0
10459,410.88025339718865
10460,162.0047308226419
10461,353.7652376170191
10462,284.2015242482664
10463,57.41261212200084
10464,0.0
10465,354.23525592506815
10466,331.8150996419523
10467,392.5162045813046
10468,0.0
10469,346.1633121953536
10470,289.8571772572583
10471,366.77873028773985
10472,291.6489333160519
10473,0.0
10474,316.4684526983
10475,307.18253012386526
10476,253.50820371854135
10477,0.0
10478,0.0
10479,0.0
10480,299.089846495008
10481,364.57934282382246
10482,429.3689790949645
10483,113.36951342912545
10484,410.8170791769018
10485,166.35455420554325
10486,291.25597684313936
10487,394.8082566930077
10488,60.97813816480752
10489,62.90750959831117
10490,7.924400931758171
10491,116.20530594887676
10492,0.0
10493,0.0
10494,0.0
10495,0.0
10496,0.0
10497,0.0
10498,0.0
10499,0.0
10500,0.0
10501,0.0
10502,0.0
10503,0.0
10504,0.0
10505,0.0
10506,0.0
10507,0.0
10508,0.0
10509,0.0
10510,0.0
10511,0.0
10512,0.0
10513,0.0
10514,0.0
10515,0.0
10516,0.0
10517,0.0
10518,0.0
10519,0.0
10520,0.0
10521,0.0
10522,0.0
10523,0.0
10524,0.0
10525,0.0
10526,0.0
10527,0.0
10528,0.0
10529,0.0
10530,0.0
10531,0.0
10532,96.25696958717515
10533,234.62859655756904
10534,0.0
10535,278.75606693419235
10536,274.5535581726474
10537,384.14307318927257
10538,0.0
10539,0.0
10540,273.791434778429
10541,286.0101449980867
10542,0.0
10543,286.72945643410407
10544,0.0
10545,267.21114171087095
10546,332.7096843276899
10547,19.035598170878245
10548,243.9976904016328
10549,21.201253957993913
10550,207.5722485656769
10551,744.9894492903571
10552,0.0
10553,376.74498161424066
10554,0.8091647297042073
10555,19.87822768645151
10556,0.0
10557,342.28380278678316
10558,122.24509663948749
10559,512.7031204520708
10560,0.0
10561,0.0
10562,417.49152883823035
10563,54.64189969372171
10564,196.82685388890582
10565,339.779257823222
10566,0.0
10567,351.5437344549256
10568,331.90858789524304
10569,53.51880541827626
10570,327.98232103881696
10571,33.762917820633334
10572,0.0
10573,303.7068301971432
10574,300.5297312454201
10575,5.933797972478146
10576,323.81590426638576
10577,19.961327846099152
10578,94.7470719124276
10579,451.6307268193868
10580,51.602799870632
10581,30.892631646577797
10582,419.3667421681746
10583,418.3358742676426
10584,0.0
10585,208.83130960697054
10586,0.0
10587,0.0
10588,375.77019764459845
10589,368.62138955181194
10590,69.11505232734709
10591,329.88471988268066
10592,102.87635213317401
10593,374.07837047582336
10594,19.901822854958652
10595,0.0
10596,0.0
10597,56.18546034244214
10598,0.0
10599,295.7452038738686
10600,0.0
10601,0.0
10602,0.0
10603,0.0
10604,0.0
10605,0.0
10606,0.0
10607,0.0
10608,0.0
10609,0.0
10610,0.0
10611,0.0
10612,0.0
10613,0.0
10614,0.0
10615,0.0
10616,0.0
10617,0.0
10618,0.0
10619,0.0
10620,0.0
10621,0.0
10622,0.0
10623,0.0
10624,0.0
10625,0.0
10626,27.511009965074237
10627,0.0
10628,335.87218184722224
10629,0.0
10630,307.0913584142512
10631,11.06463996374248
10632,499.64082847161643
10633,153.49192519732446
10634,299.44989177343194
10635,21.371719045820612
10636,597.4629002545273
10637,26.350562943842135
10638,315.81668224839876
10639,28.82525143871777
10640,333.5004023122167
10641,0.0
10642,349.0262243561258
10643,61.16228091976558
10644,0.0
10645,108.6525382338956
10646,454.24428521637526
10647,208.80570543116255
10648,143.12004068846008
10649,354.21964346669586
10650,0.0
10651,121.8997382166329
10652,0.0
10653,388.826248720911
10654,0.0
10655,133.89400331311901
10656,0.0
10657,278.17449526770713
10658,49.392606565753226
10659,16.016881135428378
10660,202.8447396575018
10661,342.3032808075486
10662,0.0
10663,370.3154849574716
10664,0.0
10665,363.43024064538724
10666,28.997913653447654
10667,366.2645848582716
10668,0.0
10669,311.89039839527527
10670,0.0
10671,346.8189918467659
10672,0.0
10673,0.0
10674,73.25268159267608
10675,88.70969112636868
10676,0.0
10677,374.74023181052723
10678,9.939176170153985
10679,171.36238621934086
10680,236.51187554003897
10681,60.902764462272
10682,42.42443420911362
10683,0.0
10684,0.0
10685,0.0
10686,0.0
10687,0.0
10688,0.0
10689,0.0
10690,0.0
10691,0.0
10692,0.0
10693,0.0
10694,0.0
10695,0.0
10696,0.0
10697,0.0
10698,0.0
10699,0.0
10700,0.0
10701,0.0
10702,0.0
10703,0.0
10704,0.0
10705,0.0
10706,0.0
10707,0.0
10708,0.0
10709,0.0
10710,0.0
10711,0.0
10712,0.0
10713,0.0
10714,0.0
10715,0.0
10716,0.0
10717,0.0
10718,0.0
10719,0.0
10720,0.0
10721,0.0
10722,0.0
10723,0.0
10724,232.1199976408575
10725,0.0
10726,0.0
10727,0.0
10728,788.5800706612997
10729,0.0
10730,109.43463403652365
10731,3.192320141453422
10732,230.52604529572386
10733,285.4830174366824
10734,0.0
10735,386.06724690046747
10736,0.0
10737,320.4012057978325
10738,0.0
10739,20.885752003824905
10740,0.0
10741,386.2658733790693
10742,171.12981341608975
10743,418.4083142056311
10744,0.0
10745,340.5089477071595
10746,0.0
10747,78.91352497300227
10748,0.0
10749,0.0
10750,0.0
10751,400.31935051986477
10752,0.0
10753,353.56527897850174
10754,0.0
10755,20.176828661450543
10756,0.0
10757,343.44064573572774
10758,0.0
10759,319.40143924766596
10760,0.0
10761,296.3243147923401
10762,0.0
10763,0.0
10764,0.0
10765,263.2796771321361
10766,0.0
10767,298.1459273198193
10768,0.0
10769,312.50322980034304
10770,30.356037755102193
10771,40.47289623397194
10772,38.63080586686459
10773,77.76350060821704
10774,0.0
10775,78.58104091087037
10776,141.69700945598225
10777,104.89360342516821
10778,13.788732643085382
10779,4.083468055691213
10780,0.0
10781,0.0
10782,0.0
10783,0.0
10784,0.0
10785,0.0
10786,0.0
10787,0.0
10788,0.0
10789,0.0
10790,0.0
10791,0.0
10792,0.0
10793,0.0
10794,0.0
10795,0.0
10796,0.0
10797,0.0
10798,0.0
10799,0.0
10800,0.0
10801,0.0
10802,0.0
10803,0.0
10804,0.0
10805,0.0
10806,0.0
10807,0.0
10808,0.0
10809,0.0
10810,0.0
10811,0.0
10812,0.0
10813,0.0
10814,0.0
10815,0.0
10816,0.0
10817,0.0
10818,0.0
10819,0.0
10820,235.5774662652348
10821,0.0
10822,203.9888694793346
10823,0.0
10824,186.72094148658584
10825,0.0
10826,257.3945947371255
10827,0.0
10828,493.2614366420761
10829,0.0
10830,161.19586697726518
10831,0.0
10832,6.675181467553955
10833,307.7045036020786
10834,19.596474405781635
10835,387.1500529744664
10836,0.0
10837,29.66010619038684
10838,49.374443708205945
10839,475.3271179327946
10840,0.0
10841,7.072451421455014
10842,0.0
10843,43.48637190799525
10844,0.0
10845,275.43366595053396
10846,12.389241896421765
10847,483.50810908933124
10848,0.0
10849,333.9846476338816
10850,0.0
10851,0.0
10852,0.0
10853,297.10594284974457
10854,0.0
10855,325.61799513398165
10856,0.0
10857,62.43337866356404
10858,0.0
10859,367.0604569259893
10860,0.0
10861,325.64787824508767
10862,0.0
10863,127.68115738198617
10864,11.120747836639168
10865,2.0971538069496773
10866,49.715926922944334
10867,69.04729178201649
10868,59.59902283769594
10869,176.3426989344415
10870,338.4795635218545
10871,8.395449083316237
10872,81.07490338641574
10873,0.0
10874,0.0
10875,85.84337267488326
10876,0.0
10877,0.0
10878,0.0
10879,0.0
10880,0.0
10881,0.0
10882,0.0
10883,0.0
10884,0.0
10885,0.0
10886,0.0
10887,0.0
10888,0.0
10889,0.0
10890,0.0
10891,0.0
10892,0.0
10893,0.0
10894,0.0
10895,0.0
10896,0.0
10897,0.0
10898,0.0
10899,0.0
10900,0.0
10901,0.0
10902,0.0
10903,0.0
10904,0.0
10905,0.0
10906,0.0
10907,0.0
10908,0.0
10909,0.0
10910,0.0
10911,0.0
10912,0.0
10913,0.0
10914,0.0
10915,0.0
10916,193.03251376778815
10917,0.0
10918,0.0
10919,0.0
10920,1046.9427227914766
10921,0.0
10922,180.06891180710087
10923,0.0
10924,673.590015357391
10925,0.0
10926,344.95713475695806
10927,0.0
10928,7.642470868321652
10929,0.0
10930,383.9262232173082
10931,0.0
10932,0.0
10933,54.85741750577051
10934,378.6029464992349
10935,145.2092548207571
10936,0.0
10937,0.0
10938,0.0
10939,106.47518883564169
10940,7.68383168972548
10941,40.46247414693403
10942,65.36118448731867
10943,464.4844884172213
10944,0.0
10945,0.0
10946,0.0
10947,562.0500008455565
10948,0.0
10949,0.0
10950,0.0
10951,321.9683274750346
10952,0.0
10953,312.6850085846157
10954,0.0
10955,20.39626532073339
10956,0.0
10957,278.9067621932401
10958,0.0
10959,0.0
10960,0.0
10961,53.68370022007633
10962,29.178437910317427
10963,51.46352921789827
10964,0.0
10965,18.141231482759167
10966,24.311083206060175
10967,202.6955407308872
10968,21.75197372845761
10969,48.6932777217889
10970,0.0
10971,30.310308118796492
10972,0.0
10973,0.0
10974,0.0
10975,0.0
10976,0.0
10977,0.0
10978,0.0
10979,0.0
10980,0.0
10981,0.0
10982,0.0
10983,0.0
10984,0.0
10985,0.0
10986,0.0
10987,0.0
10988,0.0
10989,0.0
10990,0.0
10991,0.0
10992,0.0
10993,0.0
10994,0.0
10995,0.0
10996,0.0
10997,0.0
10998,0.0
10999,0.0
11000,0.0
11001,0.0
11002,0.0
11003,0.0
11004,0.0
11005,0.0
11006,0.0
11007,0.0
11008,0.0
11009,0.0
11010,0.0
11011,0.0
11012,397.684562926542
11013,231.2911841645354
11014,0.0
11015,170.25655424700952
11016,222.5703911479144
11017,0.0
11018,0.0
11019,27.971502316537055
11020,601.3151568784281
11021,0.0
11022,293.88470713087924
11023,0.0
11024,56.28176007934866
11025,20.77928161859819
11026,253.14594431651676
11027,0.0
11028,336.34768501791916
11029,7.212670480180861
11030,73.11759962044374
11031,160.18068687286933
11032,135.89333015833472
11033,331.6138524826372
11034,0.0
11035,128.0708784607316
11036,0.0
11037,390.5543463526791
11038,0.0
11039,416.1528901083157
11040,0.0
11041,0.0
11042,8.382495561061432
11043,386.0828157197219
11044,0.0
11045,0.0
11046,0.0
11047,18.43311857131016
11048,0.0
11049,283.75098396098286
11050,0.0
11051,282.58376256411816
11052,0.0
11053,334.3404111470767
11054,0.0
11055,0.0
11056,0.0
11057,227.77396251923182
11058,18.407214943253507
11059,69.77824354433136
11060,27.78512899357611
11061,0.0
11062,321.8954847849376
11063,52.80071480952796
11064,64.35025614491227
11065,108.95687425903925
11066,0.0
11067,34.97610918424826
11068,0.0
11069,0.0
11070,0.0
11071,0.0
11072,0.0
11073,0.0
11074,0.0
11075,0.0
11076,0.0
11077,0.0
11078,0.0
11079,0.0
11080,0.0
11081,0.0
11082,0.0
11083,0.0
11084,0.0
11085,0.0
11086,0.0
11087,0.0
11088,0.0
11089,0.0
11090,0.0
11091,0.0
11092,0.0
11093,0.0
11094,0.0
11095,0.0
11096,0.0
11097,0.0
11098,0.0
11099,0.0
11100,0.0
11101,0.0
11102,0.0
11103,0.0
11104,0.0
11105,0.0
11106,0.0
11107,0.0
11108,238.38829502582024
11109,0.0
11110,45.393469272219164
11111,143.60819210555758
11112,247.46685875501737
11113,337.90940837755625
11114,0.0
11115,0.0
11116,187.6631767740696
11117,0.0
11118,205.5232959924059
11119,0.0
11120,224.17427881457115
11121,281.0127220396821
11122,0.0
11123,322.4123718734886
11124,0.0
11125,348.94442971397336
11126,19.129086424168975
11127,227.0334273931344
11128,0.0
11129,0.0
11130,279.63516355637995
11131,334.1975884043349
11132,0.0
11133,272.20334030454626
11134,0.0
11135,2.054288563907676
11136,0.0
11137,332.26692845003356
11138,344.4365030843833
11139,127.00878564345504
11140,307.85250707043167
11141,45.36509368882969
11142,0.0
11143,291.9306865967218
11144,0.0
11145,299.875366757226
11146,0.0
11147,246.4503068374501
11148,0.0
11149,273.0797184936187
11150,290.4972977351391
11151,0.0
11152,123.37453153873724
11153,0.0
11154,0.0
11155,260.6998674086468
11156,18.56597522973641
11157,0.0
11158,210.69247836592675
11159,0.0
11160,222.67680642767024
11161,0.0
11162,0.0
11163,0.0
11164,0.0
11165,0.0
11166,0.0
11167,0.0
11168,0.0
11169,0.0
11170,0.0
11171,0.0
11172,0.0
11173,0.0
11174,0.0
11175,0.0
11176,0.0
11177,0.0
11178,0.0
11179,0.0
11180,0.0
11181,0.0
11182,0.0
11183,0.0
11184,0.0
11185,0.0
11186,0.0
11187,0.0
11188,0.0
11189,0.0
11190,0.0
11191,0.0
11192,0.0
11193,0.0
11194,0.0
11195,0.0
11196,0.0
11197,0.0
11198,0.0
11199,0.0
11200,0.0
11201,0.0
11202,0.0
11203,0.0
11204,403.6298823950666
11205,0.0
11206,19.869980768684172
11207,67.07585447570807
11208,328.4291082351714
11209,0.0
11210,145.67274409213854
11211,210.76618870631142
11212,518.782077960374
11213,0.0
11214,128.57317501403648
11215,224.80919192442022
11216,0.0
11217,0.0
11218,316.91378561755175
11219,343.3861305206654
11220,0.0
11221,344.0119270609717
11222,0.0
11223,409.000216453136
11224,0.0
11225,289.5611533238547
11226,0.0
11227,272.6551424702071
11228,0.0
11229,371.5411574133301
11230,262.20334030454626
11231,518.7963316164102
11232,0.0
11233,0.0
11234,256.90471268712685
11235,0.0
11236,0.0
11237,302.7732894698746
11238,282.7239549804236
11239,285.12205620117857
11240,0.0
11241,298.13294518788337
11242,220.86863741856308
11243,0.0
11244,0.0
11245,298.12905298306976
11246,247.86810988308093
11247,279.3404547861945
11248,0.0
11249,312.4850669427957
11250,393.16151313577114
11251,40.87278686858633
11252,0.0
11253,318.16709036710733
11254,279.12009946941834
11255,0.0
11256,0.0
11257,7.3191835123385545
11258,0.0
11259,0.0
11260,0.0
11261,0.0
11262,0.0
11263,0.0
11264,0.0
11265,0.0
11266,0.0
11267,0.0
11268,0.0
11269,0.0
11270,0.0
11271,0.0
11272,0.0
11273,0.0
11274,0.0
11275,0.0
11276,0.0
11277,0.0
11278,0.0
11279,0.0
11280,0.0
11281,0.0
11282,0.0
11283,0.0
11284,0.0
11285,0.0
11286,0.0
11287,0.0
11288,0.0
11289,0.0
11290,0.0
11291,0.0
11292,47.694732712192334
11293,0.0
11294,0.0
11295,26.450897398786537
11296,281.9537229196521
11297,153.49493132307444
11298,0.0
11299,272.3094864328472
11300,235.83216564427448
11301,0.0
11302,182.4668186618697
11303,274.6545391570693
11304,761.9904088865549
11305,0.0
11306,241.33749553515818
11307,302.40994980365747
11308,446.89038139857786
11309,0.0
11310,295.933557723966
11311,0.0
11312,0.0
11313,234.39629251544946
11314,254.94939398644868
11315,219.70661374400714
11316,0.0
11317,0.0
11318,302.66424204305247
11319,406.50347289589945
11320,0.0
11321,303.7522724817806
11322,0.0
11323,291.02442529654337
11324,0.0
11325,297.5850510849159
11326,259.8169326949296
11327,24.149826323311743
11328,0.0
11329,399.5767051464117
11330,467.22145217200136
11331,321.9059842112271
11332,0.0
11333,316.5164986669533
11334,325.910153504992
11335,394.04305505375754
11336,0.0
11337,402.79795786197445
11338,315.22201370087834
11339,557.038350873536
11340,0.0
11341,355.41545945386883
11342,345.1038497045134
11343,325.8776933522906
11344,0.0
11345,48.971966386273095
11346,402.4474090677855
11347,419.8195193822481
11348,345.38262673744947
11349,343.7908559595936
11350,27.52133062422297
11351,410.799374712116
11352,322.6283109788257
11353,0.0
11354,0.0
11355,103.3879349639615
11356,0.0
11357,0.0
11358,0.0
11359,0.0
11360,0.0
11361,0.0
11362,0.0
11363,0.0
11364,0.0
11365,0.0
11366,0.0
11367,0.0
11368,0.0
11369,0.0
11370,0.0
11371,0.0
11372,310.5017174754349
11373,217.8907094776214
11374,0.0
11375,0.0
11376,0.0
11377,0.0
11378,0.0
11379,0.0
11380,0.0
11381,0.0
11382,0.0
11383,60.97178761913264
11384,70.23310668217883
11385,240.21486619211885
11386,0.0
11387,287.5207506836834
11388,191.18302210435667
11389,266.12068848627223
11390,0.0
11391,189.53411543072517
11392,269.8178571589148
11393,287.21985058448337
11394,0.0
11395,270.73838911182696
11396,358.566261800667
11397,253.9272400328683
11398,0.0
11399,165.07634221130348
11400,491.22646361245114
11401,344.39970435275535
11402,279.34000841208166
11403,0.0
11404,887.612097614468
11405,319.6910109313579
11406,349.9493769897513
11407,389.7377247400956
11408,0.0
11409,345.40638652344387
11410,345.1428227427417
11411,0.0
11412,0.0
11413,363.20693842371116
11414,440.7659816056373
11415,443.9924150468114
11416,0.0
11417,356.66447549288597
11418,292.08517630818136
11419,336.1919067856619
11420,0.0
11421,375.53229129031814
11422,325.8023679565472
11423,429.5663000560712
11424,0.0
11425,381.8592364090946
11426,134.78728248136144
11427,383.2627421595713
11428,216.86446812479818
11429,326.25290824383075
11430,370.95426362971386
11431,69.30172199647842
11432,63.84843240587685
11433,316.45547056636406
11434,331.7216113886616
11435,325.72575404000605
11436,325.50634402314364
11437,11.093495051969455
11438,308.67826224925534
11439,328.3393730728098
11440,319.484566049734
11441,388.639289211027
11442,44.74971923556137
11443,460.58033725897144
11444,815.2812625685133
11445,722.5781081230476
11446,101.33597384067457
11447,255.9801763340846
11448,533.6622215693986
11449,452.56773888095887
11450,389.68407717532097
11451,341.14739278712744
11452,289.4381597773722
11453,347.0723560933191
11454,397.52027569988934
11455,412.99155588631567
11456,0.0
11457,5.999931996096979
11458,0.0
11459,20.589662913562524
11460,0.0
11461,173.7039266209867
11462,0.0
11463,0.0
11464,0.0
11465,0.0
11466,224.25485532986792
11467,253.63555467839112
11468,0.0
11469,0.0
11470,0.0
11471,0.0
11472,0.0
11473,0.0
11474,0.0
11475,0.0
11476,0.0
11477,0.0
11478,0.0
11479,0.0
11480,0.0
11481,0.0
11482,0.0
11483,0.0
11484,0.0
11485,0.0
11486,0.0
11487,0.0
11488,0.0
11489,0.0
11490,0.0
11491,0.0
11492,292.1386008972887
11493,214.20302766060428
11494,0.0
11495,193.53178883566056
11496,632.2123186057611
11497,320.53364044693114
11498,14.127788257648206
11499,326.6761861007216
11500,704.3091545316859
11501,349.59103643496064
11502,0.0
11503,353.0069967818912
11504,354.6455250076026
11505,0.0
11506,0.0
11507,335.31289827015314
11508,0.0
11509,330.3012046590149
11510,474.4844884172213
11511,135.29756234843654
11512,119.93776101112567
11513,407.67587501837545
11514,356.5424192917074
11515,0.0
11516,358.9262232173082
11517,447.31233674127617
11518,396.36065015315774
11519,157.43854239247798
11520,0.0
11521,0.0
11522,301.9008034856158
11523,352.5538624563148
11524,0.0
11525,322.74735184842314
11526,280.77513216857494
11527,0.0
11528,0.0
11529,329.1028116302465
11530,384.64811169492106
11531,82.18797774040922
11532,0.0
11533,325.8478102411846
11534,292.44483202619006
11535,0.0
11536,0.0
11537,20.445616806881844
11538,424.500108226568
11539,126.45053008926493
11540,246.15007805529095
11541,24.745497390108312
11542,324.70105973863855
11543,341.17211612095446
11544,38.3572383158518
11545,0.0
11546,34.998370225579094
11547,79.33878137265579
11548,0.0
11549,0.0
11550,0.0
11551,0.0
11552,0.0
11553,0.0
11554,0.0
11555,0.0
11556,0.0
11557,0.0
11558,0.0
11559,0.0
11560,0.0
11561,0.0
11562,0.0
11563,0.0
11564,0.0
11565,0.0
11566,0.0
11567,0.0
11568,0.0
11569,0.0
11570,0.0
11571,0.0
11572,0.0
11573,0.0
11574,0.0
11575,0.0
11576,0.0
11577,0.0
11578,0.0
11579,0.0
11580,0.0
11581,0.0
11582,0.0
11583,0.0
11584,0.0
11585,0.0
11586,17.88204198260493
11587,0.0
11588,257.9675525991
11589,0.0
11590,0.0
11591,0.0
11592,469.2689876018699
11593,0.0
11594,320.6180387730995
11595,0.0
11596,286.9178670807853
11597,63.77329626855345
11598,280.9218641128277
11599,6.736209568143238
11600,389.7325003753664
11601,1.536250929625794
11602,327.74214448039135
11603,0.0
11604,193.14352989092077
11605,0.0
11606,419.09499322722445
11607,266.2504938182348
11608,306.9968954229224
11609,57.41392728521902
11610,89.00959026788848
11611,160.14951524096563
11612,401.36711939956683
11613,188.81997608389634
11614,463.4860540269703
11615,305.57792283337557
11616,121.15317399594579
11617,41.84784368228384
11618,493.571714231516
11619,302.4787263189914
11620,330.9750471679745
11621,263.4018789526168
11622,306.7802080669575
11623,210.7571319270271
11624,177.22934820753608
11625,390.46217326260654
11626,0.0
11627,323.7626605754237
11628,0.0
11629,346.2594041326602
11630,0.0
11631,330.58424646048246
11632,0.0
11633,384.9519370346493
11634,144.6704676416095
11635,66.43496127001049
11636,28.23121398557322
11637,500.7211267762579
11638,65.70979468526241
11639,168.84139071653283
11640,0.0
11641,198.54724134421986
11642,0.0
11643,0.0
11644,87.53949943489283
11645,100.63089454295239
11646,0.0
11647,188.42624872091096
11648,0.0
11649,0.0
11650,0.0
11651,0.0
11652,0.0
11653,0.0
11654,0.0
11655,0.0
11656,0.0
11657,0.0
11658,0.0
11659,0.0
11660,0.0
11661,0.0
11662,0.0
11663,43.24344108531622
11664,0.0
11665,83.18985230149985
11666,0.0
11667,253.91949119534513
11668,0.0
11669,0.0
11670,65.69067010051293
11671,0.0
11672,0.0
11673,0.0
11674,0.0
11675,0.0
11676,0.0
11677,0.0
11678,0.0
11679,0.0
11680,0.0
11681,75.05068987533417
11682,0.0
11683,0.0
11684,466.56225330227153
11685,0.0
11686,0.0
11687,164.941999560015
11688,912.5257765670476
11689,39.15182980026816
11690,318.71401439971095
11691,21.82905397525667
11692,217.77223384661477
11693,367.174755359961
11694,304.79228359427583
11695,53.930416306449274
11696,444.67277044129787
11697,132.31880122077155
11698,0.0
11699,0.0
11700,0.0
11701,331.52036422934646
11702,337.39287685602574
11703,137.27884531298668
11704,173.1940339242879
11705,436.3619483196785
11706,0.0
11707,410.76337792162144
11708,0.0
11709,507.67066029936933
11710,14.61334874253123
11711,149.85220278676434
11712,0.0
11713,348.1601809758556
11714,61.13760517669135
11715,30.646846969499563
11716,183.35112731976335
11717,310.75174494629846
11718,0.0
11719,266.9722366765456
11720,0.0
11721,289.3287611750563
11722,0.0
11723,299.13009105733664
11724,253.64713425646949
11725,0.0
11726,324.22615635222274
11727,3.5019747206445118
11728,0.0
11729,379.9285934514906
11730,73.55911061642018
11731,71.48431275615894
11732,0.0
11733,121.95752800997371
11734,435.3238966222436
11735,121.04995154657712
11736,184.45290710501314
11737,124.77105969980235
11738,114.9787897847375
11739,149.33556637589402
11740,0.0
11741,0.0
11742,0.0
11743,0.0
11744,0.0
11745,0.0
11746,0.0
11747,0.0
11748,0.0
11749,0.0
11750,0.0
11751,0.0
11752,0.0
11753,0.0
11754,0.0
11755,0.0
11756,0.0
11757,0.0
11758,0.0
11759,0.0
11760,0.0
11761,0.0
11762,0.0
11763,0.0
11764,0.0
11765,0.0
11766,0.0
11767,0.0
11768,0.0
11769,0.0
11770,0.0
11771,0.0
11772,0.0
11773,0.0
11774,0.0
11775,0.0
11776,86.57442132779488
11777,239.78001059489316
11778,111.0667451447357
11779,97.99351289422339
11780,494.36842563310114
11781,362.32096783574525
11782,207.0292863142212
11783,0.0
11784,646.6763008498207
11785,225.17813730213743
11786,254.1003226953299
11787,0.0
11788,453.87297952634617
11789,308.10439423669294
11790,0.0
11791,0.0
11792,0.0
11793,154.7378023726083
11794,309.2768230015894
11795,7.315275303014403
11796,0.0
11797,369.8571602605608
11798,620.2180098701572
11799,643.4041817523052
11800,0.0
11801,740.6555073896895
11802,738.6313591820974
11803,78.87846113628495
11804,0.0
11805,635.7049025149558
11806,782.7250808852216
11807,1247.3912268150852
11808,0.0
11809,645.8957445839303
11810,461.0217439800148
11811,429.2365274491685
11812,0.0
11813,291.5204078684643
11814,283.93275309953253
11815,275.71021186317205
11816,0.0
11817,332.9979068547688
11818,347.7200457789126
11819,286.6917719166735
11820,302.507148647577
11821,30.64166624388821
11822,289.6520645355499
11823,328.92752873480333
11824,283.9924926793241
11825,387.04362622835754
11826,409.4884582545476
11827,96.23113706909993
11828,463.6974991588385
11829,360.20627405197985
11830,0.0
11831,351.4371175877267
11832,506.6461225313619
11833,0.0
11834,0.0
11835,261.6487942021675
11836,512.1139537638956
11837,467.14645755571496
11838,399.57958632504375
11839,335.5676762607695
11840,0.0
11841,326.6250699711637
11842,358.19090312756816
11843,358.8400366851648
11844,0.0
11845,0.0
11846,0.0
11847,0.0
11848,0.0
11849,0.0
11850,0.0
11851,0.0
11852,0.0
11853,228.3722525344254
11854,246.43247601058124
11855,0.0
11856,0.0
11857,0.0
11858,0.0
11859,0.0
11860,0.0
11861,0.0
11862,0.0
11863,0.0
11864,0.0
11865,0.0
11866,0.0
11867,72.54713892414374
11868,0.0
11869,0.0
11870,0.0
11871,0.0
11872,0.0
11873,0.0
11874,0.0
11875,0.0
11876,269.08788127345576
11877,102.31957307275383
11878,0.0
11879,0.0
11880,558.1099220395326
11881,109.44089533670214
11882,166.76623120661165
11883,0.0
11884,552.7758421637982
11885,188.26025974718593
11886,0.0
11887,0.0
11888,328.76138905132336
11889,212.44618118280306
11890,161.37504207752195
11891,0.0
11892,0.0
11893,257.0410395410391
11894,225.21298440957122
11895,255.0649373021003
11896,0.0
11897,342.9706274276787
11898,262.6850255813131
11899,0.0
11900,0.0
11901,365.9672724040703
11902,319.3676905741668
11903,277.17606087745617
11904,0.0
11905,180.7479133773001
11906,280.8854947586152
11907,315.098668978902
11908,0.0
11909,306.077651990808
11910,110.99722350196592
11911,293.364048815884
11912,242.02808405152354
11913,247.0280574091031
11914,265.5531184676966
11915,338.61072126313917
11916,0.0
11917,265.8322414219302
11918,300.4323774297362
11919,286.9891110132952
11920,246.5398762435068
11921,334.59100979254026
11922,395.5531184676966
11923,391.39964018808354
11924,22.881538242499005
11925,0.0
11926,221.35183419179492
11927,133.60063377767605
11928,0.0
11929,0.0
11930,0.0
11931,0.0
11932,664.7515139036174
11933,191.17210989168433
11934,263.44679610892473
11935,248.23258381437105
11936,0.0
11937,0.0
11938,0.0
11939,0.0
11940,0.0
11941,466.6575645571517
11942,576.5964758207472
11943,696.5405944523743
11944,0.0
11945,0.0
11946,0.0
11947,0.0
11948,0.0
11949,0.0
11950,0.0
11951,0.0
11952,0.0
11953,0.0
11954,0.0
11955,0.0
11956,0.0
11957,0.0
11958,0.0
11959,0.0
11960,0.0
11961,0.0
11962,0.0
11963,0.0
11964,110.64022019754351
11965,109.71186019588626
11966,179.31066404377674
11967,0.0
11968,0.0
11969,18.65462840256575
11970,49.50504232776626
11971,199.30633821665174
11972,370.0759716319597
11973,0.0
11974,0.0
11975,0.0
11976,628.3236767697681
11977,133.30309948662503
11978,185.10001927433265
11979,108.12652807038413
11980,534.4818847332054
11981,0.0
11982,58.274591035734886
11983,0.0
11984,299.52219728232376
11985,0.0
11986,43.98998362451829
11987,0.0
11988,111.1296581510646
11989,230.50769317975664
11990,168.06287815026397
11991,270.17661505535875
11992,0.0
11993,412.4110227168756
11994,294.04829641518415
11995,284.90261954189566
11996,0.0
11997,320.20513936412874
11998,360.51412843277086
11999,87.9981471032811
12000,0.0
12001,0.0
12002,335.8335395884509
12003,288.50169083301444
12004,0.0
12005,271.3165570251333
12006,240.31033822525512
12007,0.0
12008,0.0
12009,0.0
12010,184.3469580259984
12011,305.5608762349034
12012,0.0
12013,282.0981584401173
12014,272.01636379796486
12015,311.60349103141453
12016,245.0272964237875
12017,342.20723250935987
12018,304.8494364867489
12019,35.56120376165131
12020,262.8349359130384
12021,352.2142764592256
12022,291.9287012552804
12023,410.85490747589114
12024,185.3677133773561
12025,53.59160377032953
12026,0.0
12027,0.0
12028,0.0
12029,0.0
12030,0.0
12031,0.0
12032,0.0
12033,0.0
12034,0.0
12035,0.0
12036,0.0
12037,0.0
12038,0.0
12039,0.0
12040,0.0
12041,0.0
12042,0.0
12043,0.0
12044,57.58707622624406
12045,108.84516519568614
12046,0.0
12047,82.79742295840457
12048,0.0
12049,0.0
12050,0.0
12051,0.0
12052,0.0
12053,0.0
12054,0.0
12055,0.0
12056,0.0
12057,50.15952354943377
12058,0.0
12059,0.0
12060,254.51146639057495
12061,155.46967321519472
12062,0.0
12063,119.5868257797132
12064,485.17750054790037
12065,298.2443145420958
12066,262.7860164876055
12067,317.4081542729316
12068,258.8688538716991
12069,0.0
12070,0.0
12071,153.2326862344471
12072,582.5754132091611
12073,264.64514196971857
12074,198.49481190630092
12075,246.3875635390612
12076,512.0773142660414
12077,255.99849502606622
12078,0.0
12079,220.38436545447777
12080,303.0356083688969
12081,168.67573619775214
12082,155.5272051939169
12083,301.8943075967863
12084,0.0
12085,240.4622508951192
12086,324.8455102885404
12087,296.13218420256777
12088,0.0
12089,317.57335747377766
12090,0.0
12091,328.2614972778914
12092,0.0
12093,276.8631359648826
12094,244.11194519648672
12095,328.26147063547097
12096,0.0
12097,276.80213450671374
12098,317.8862557439308
12099,419.2520866226999
12100,292.66166500145704
12101,365.1895365514795
12102,362.4292292135408
12103,7.415232802714115
12104,0.0
12105,433.60290286011707
12106,360.10903043012473
12107,48.45259659207568
12108,0.0
12109,299.46898023378213
12110,325.0064958888295
12111,0.0
12112,317.6149075536015
12113,342.9719595875943
12114,365.92444115442316
12115,442.44349986627446
12116,440.9144457443871
12117,344.5823635391172
12118,354.9082439412063
12119,138.5432846736104
12120,542.3155093222567
12121,399.22414820759207
12122,350.49137074327433
12123,196.19775103744806
12124,313.44408193781885
12125,0.0
12126,0.0
12127,134.2828968810912
12128,312.95124021400557
12129,331.5373027307679
12130,377.06835878512925
12131,301.4944641301464
12132,0.0
12133,54.041526137816845
12134,91.7875458263244
12135,28.591012492953737
12136,0.0
12137,0.0
12138,0.0
12139,0.0
12140,0.0
12141,0.0
12142,0.0
12143,0.0
12144,0.0
12145,0.0
12146,0.0
12147,0.0
12148,0.0
12149,0.0
12150,0.0
12151,0.0
12152,0.0
12153,0.0
12154,0.0
12155,0.0
12156,0.0
12157,0.0
12158,0.0
12159,0.0
12160,0.0
12161,0.0
12162,0.0
12163,0.0
12164,602.6143399249714
12165,98.97538559166685
12166,150.75007805529094
12167,192.81704786680712
12168,519.0439026012695
12169,0.0
12170,235.43974521374946
12171,0.0
12172,201.03372147878315
12173,309.97665641684137
12174,0.0
12175,234.6741535913057
12176,365.67902323457093
12177,0.0
12178,263.87823788447014
12179,198.7056023121607
12180,0.0
12181,0.0
12182,341.9877788533796
12183,460.27389123853
12184,0.0
12185,289.0950538630397
12186,0.0
12187,0.0
12188,0.0
12189,320.1142281524335
12190,320.755637151112
12191,48.7343498727455
12192,0.0
12193,277.22410684610946
12194,336.66318697208817
12195,58.72523330320274
12196,155.8699429360582
12197,305.5829579396848
12198,310.42586454420933
12199,8.572075751658758
12200,196.51782118114588
12201,308.1511346878511
12202,0.0
12203,303.24330777792363
12204,239.93898889610813
12205,24.306919718787185
12206,323.5289266209867
12207,303.8807979293682
12208,0.0
12209,327.8356327336821
12210,82.15556122682563
12211,69.40560569438662
12212,0.0
12213,0.0
12214,343.73995472157594
12215,423.83860670378056
12216,0.0
12217,0.0
12218,0.0
12219,0.0
12220,124.87695673176019
12221,108.48509130758089
12222,60.746882671120986
12223,79.2251596394385
12224,0.0
12225,0.0
12226,0.0
12227,0.0
12228,0.0
12229,0.0
12230,0.0
12231,0.0
12232,0.0
12233,0.0
12234,0.0
12235,0.0
12236,0.0
12237,0.0
12238,0.0
12239,0.0
12240,0.0
12241,0.0
12242,0.0
12243,0.0
12244,0.0
12245,0.0
12246,7.430162167318052
12247,0.0
12248,0.0
12249,0.0
12250,0.0
12251,0.0
12252,0.0
12253,21.792220258047013
12254,0.0
12255,5.962599516830142
12256,0.0
12257,0.0
12258,0.0
12259,0.0
12260,494.29150531900166
12261,0.0
12262,0.0
12263,4.956437513536088
12264,247.6018800914344
12265,1.0101506579478041
12266,183.44566950520073
12267,0.0
12268,134.82367847799435
12269,224.22621698803806
12270,0.0
12271,0.0
12272,392.4967265605391
12273,0.0
12274,0.0
12275,0.0
12276,223.29399142398768
12277,81.98412689707823
12278,451.2541627712336
12279,38.812252310084375
12280,0.0
12281,156.08434448903188
12282,28.121535464375143
12283,229.2925714335408
12284,96.22572344595073
12285,152.68783552044636
12286,14.036886691675988
12287,211.3491797938343
12288,0.0
12289,136.4375043182111
12290,187.72805344035464
12291,486.2489384065044
12292,0.0
12293,6.479115033850178
12294,93.11111337733723
12295,117.58398581593303
12296,343.9405205124623
12297,50.99609759716776
12298,105.91428595831792
12299,122.58916654154439
12300,0.0
12301,0.0
12302,0.0
12303,50.47937512610406
12304,0.0
12305,357.1116746942053
12306,399.67793872364956
12307,375.1001297614223
12308,333.00831583847247
12309,569.9261570682619
12310,503.91473090035197
12311,230.44561184594647
12312,0.0
12313,0.0
12314,0.0
12315,0.0
12316,0.0
12317,0.0
12318,0.0
12319,0.0
12320,0.0
12321,0.0
12322,0.0
12323,0.0
12324,0.0
12325,0.0
12326,0.0
12327,0.0
12328,0.0
12329,0.0
12330,0.0
12331,0.0
12332,0.0
12333,0.0
12334,0.0
12335,0.0
12336,0.0
12337,0.0
12338,0.0
12339,0.0
12340,0.0
12341,0.0
12342,0.0
12343,0.0
12344,0.0
12345,0.0
12346,0.0
12347,0.0
12348,0.0
12349,0.0
12350,0.0
12351,0.0
12352,0.0
12353,0.0
12354,0.0
12355,0.0
12356,438.62047004876183
12357,281.9753609507341
12358,0.0
12359,13.713958302052788
12360,749.1233656874219
12361,154.47023588288928
12362,194.13915775849136
12363,0.0
12364,867.3797054656695
12365,332.25785551960865
12366,347.9135351710209
12367,0.0
12368,404.1898136404307
12369,321.1646443552692
12370,268.9249686899053
12371,335.77902437338855
12372,0.0
12373,339.19887692513265
12374,325.2207251800806
12375,374.65720162204343
12376,0.0
12377,241.21270732061993
12378,352.7369467580826
12379,57.52297471204116
12380,0.0
12381,321.59177077785586
12382,375.29858397830156
12383,365.0142802984567
12384,0.0
12385,377.38636397049885
12386,652.4719561882548
12387,864.5232891937269
12388,213.35630804537465
12389,293.7185238082814
12390,291.0231101333252
12391,0.0
12392,286.4437673095028
12393,346.67616910402415
12394,292.2864234674965
12395,328.1186478927292
12396,292.00209314523113
12397,326.2957734868727
12398,317.4785540572688
12399,0.0
12400,296.360710788973
12401,347.31630657860245
12402,365.9686215606833
12403,408.81979647119937
12404,401.9535393382066
12405,497.94412868301515
12406,413.4959756266114
12407,138.47418745518314
12408,424.70081509859955
12409,398.1298012165839
12410,317.9532734394609
12411,244.9229500711084
12412,0.0
12413,0.0
12414,0.0
12415,0.0
12416,262.55378397824563
12417,339.31953213404944
12418,336.3592661575934
12419,0.0
12420,202.13118282210922
12421,268.66451218669425
12422,277.23372700912745
12423,179.8590566497669
12424,0.0
12425,197.41484182733365
12426,260.7165570251333
12427,0.0
12428,0.0
12429,0.0
12430,0.0
12431,0.0
12432,49.253508028111916
12433,72.52924931631658
12434,113.64972291104868
12435,189.1651665070377
12436,0.0
12437,0.0
12438,0.0
12439,0.0
12440,167.23239909410793
12441,0.0
12442,159.6681145507552
12443,347.5062733359405
12444,0.0
12445,0.0
12446,0.0
12447,0.0
12448,143.3858120702315
12449,0.0
12450,0.0
12451,63.16770757086422
12452,391.13807450062416
12453,288.5439674819807
12454,292.5585152236657
12455,199.75926884089353
12456,557.102796195145
12457,357.2106327336821
12458,0.0
12459,68.41429147154884
12460,501.4073639618955
12461,332.43704761656284
12462,336.8177203226656
12463,314.4014562443634
12464,290.0636221388821
12465,352.55645649460763
12466,288.8847337732996
12467,0.0
12468,34.51971486993841
12469,281.2347623829808
12470,445.606284526146
12471,599.716846572625
12472,0.0
12473,337.4551934774127
12474,305.2311302704211
12475,0.0
12476,0.0
12477,362.44481502949264
12478,441.21781041371855
12479,579.41564191361
12480,0.0
12481,433.1160102153185
12482,445.8166312583065
12483,363.6431814158406
12484,0.0
12485,286.78526016996415
12486,281.75280001726276
12487,351.7722610413308
12488,201.63727369830852
12489,312.4331384150518
12490,353.2796334930183
12491,342.36302038734016
12492,0.0
12493,227.89149710535736
12494,327.90184155988266
12495,355.4738838704422
12496,296.3879635736427
12497,349.8818530003325
12498,407.75901881714094
12499,453.87560020705945
12500,475.2181060609632
12501,342.3890202062028
12502,0.0
12503,400.93482116393915
12504,512.3245100038827
12505,281.9844269358495
12506,0.0
12507,72.55057852557434
12508,0.0
12509,0.0
12510,111.64477096759651
12511,148.83902134502043
12512,311.96333189246457
12513,315.4416088607821
12514,252.70079654030627
12515,241.36478813682794
12516,0.0
12517,0.0
12518,0.0
12519,0.0
12520,0.0
12521,253.30896626545282
12522,219.48527758943985
12523,375.1305181571168
12524,269.6620878392278
12525,0.0
12526,0.0
12527,261.39928504384125
12528,218.18035425566885
12529,253.2569245330921
12530,134.67481485695862
12531,0.0
12532,0.0
12533,0.0
12534,0.0
12535,3.1811302704211055
12536,0.0
12537,0.0
12538,193.85911656954278
12539,197.66850795040162
12540,0.0
12541,32.258833674099634
12542,0.0
12543,65.35540950777052
12544,302.92265754705556
12545,274.52480677283154
12546,238.09532711275986
12547,269.8792817652289
12548,236.02845391482794
12549,255.58309435315573
12550,0.0
12551,202.97729372337403
12552,539.2018902894531
12553,230.99501985253153
12554,285.1432834131385
12555,232.26093687071867
12556,480.140185065331
12557,360.6219309779131
12558,384.5234688064241
12559,337.07999558257
12560,0.0
12561,444.341682671177
12562,314.7299669728888
12563,82.7475392592319
12564,0.0
12565,406.9059672145297
12566,454.6623653509574
12567,548.331520676393
12568,0.0
12569,323.0108889867048
12570,317.4629948837374
12571,467.55119813648366
12572,279.3703112548801
12573,361.855344204281
12574,400.8335225917535
12575,657.8953893101708
12576,0.0
12577,423.97425218926406
12578,478.08353306591965
12579,468.07835234030836
12580,0.0
12581,0.0
12582,121.09328879685214
12583,232.94080495238802
12584,147.09690391271442
12585,306.7930445795914
12586,235.35835755148793
12587,0.0
12588,0.0
12589,0.0
12590,135.03251114279365
12591,300.6517874465987
12592,0.0
12593,354.379384185305
12594,332.8447662999223
12595,298.4523733402608
12596,341.2708620163298
12597,197.91204491614934
12598,300.9904408955755
12599,355.2049302790805
12600,558.2035884905553
12601,349.40336466933144
12602,216.82097790424666
12603,291.57555998439443
12604,0.0
12605,0.0
12606,0.0
12607,0.0
12608,0.0
12609,0.0
12610,0.0
12611,0.0
12612,0.0
12613,0.0
12614,0.0
12615,0.0
12616,0.0
12617,0.0
12618,0.0
12619,0.0
12620,327.30543344977747
12621,359.6061105733102
12622,33.37164907465677
12623,595.1227650575843
12624,0.0
12625,0.0
12626,0.0
12627,161.5600870626849
12628,0.0
12629,0.0
12630,0.0
12631,0.0
12632,0.0
12633,0.0
12634,0.0
12635,0.0
12636,0.0
12637,0.0
12638,0.0
12639,0.0
12640,0.0
12641,0.0
12642,0.0
12643,0.0
12644,421.64826356060695
12645,0.0
12646,174.97994685299963
12647,347.2351210560797
12648,154.1862444070946
12649,134.77296592898819
12650,138.96926581252544
12651,0.0
12652,704.1078807299504
12653,282.425371002122
12654,0.0
12655,331.81900884346334
12656,366.06335469565386
12657,0.0
12658,308.9781953841699
12659,0.0
12660,0.0
12661,368.2056499029135
12662,408.5613697769907
12663,86.95037822357904
12664,0.0
12665,362.9589604589609
12666,422.30066012683534
12667,20.37810246318611
12668,19.644374755132844
12669,387.5162045813046
12670,343.1874604029457
12671,217.31257698978834
12672,186.73205047239696
12673,298.2680101634183
12674,322.10854653376043
12675,18.788882084505303
12676,231.11921906732923
12677,290.3116097493554
12678,356.4762371079272
12679,34.33937987148863
12680,217.48379541869537
12681,317.62398048402645
12682,0.0
12683,0.0
12684,264.28720144950944
12685,378.7743105474441
12686,0.0
12687,304.71827336175056
12688,307.4915628316252
12689,91.08566700322444
12690,384.5533785599505
12691,0.45084117161104587
12692,0.0
12693,262.40408273156856
12694,0.0
12695,365.277339346866
12696,13.877123316508218
12697,0.0
12698,0.0
12699,0.0
12700,0.0
12701,0.0
12702,0.0
12703,0.0
12704,0.0
12705,0.0
12706,0.0
12707,0.0
12708,0.0
12709,0.0
12710,0.0
12711,0.0
12712,0.0
12713,0.0
12714,0.0
12715,0.0
12716,0.0
12717,0.0
12718,0.0
12719,0.0
12720,0.0
12721,0.0
12722,0.0
12723,0.0
12724,0.0
12725,0.0
12726,0.0
12727,122.28423187093739
12728,0.0
12729,0.0
12730,0.0
12731,22.537930572434732
12732,211.54749987487787
12733,0.0
12734,269.2376891851049
12735,0.0
12736,230.4392865277269
12737,0.0
12738,21.95974538628346
12739,80.80935468705052
12740,189.03458530695298
12741,0.0
12742,8.50736311633895
12743,146.39098118285906
12744,589.9697025409151
12745,353.7855558172088
12746,0.0
12747,33.1273841076881
12748,716.1839671110092
12749,0.0
12750,318.9353567835484
12751,9.818531745777818
12752,346.5787886459199
12753,0.0
12754,257.8044780984758
12755,0.0
12756,0.0
12757,313.69127102361176
12758,306.75929590609223
12759,92.01529852898193
12760,112.84740397733299
12761,317.6382511367601
12762,15.032717397911085
12763,22.26460865364777
12764,0.0
12765,481.7929669470787
12766,262.95005014453545
12767,547.1188303524705
12768,0.0
12769,91.06617198576157
12770,431.7968761485897
12771,338.10826944480914
12772,0.0
12773,307.74603668520496
12774,0.0
12775,22.199688348244877
12776,261.20750959831116
12777,327.12542087051
12778,0.0
12779,383.44843014535496
12780,0.0
12781,295.5595877141057
12782,308.9600155299252
12783,0.0
12784,319.35990616453955
12785,352.3227758250115
12786,34.90420894702089
12787,417.8459941849047
12788,0.0
12789,1.9022437254686224
12790,0.0
12791,326.3462643285465
12792,0.0
12793,109.92679635916893
12794,0.0
12795,0.0
12796,0.0
12797,0.0
12798,0.0
12799,0.0
12800,0.0
12801,0.0
12802,0.0
12803,0.0
12804,0.0
12805,0.0
12806,0.0
12807,0.0
12808,0.0
12809,105.73314308272606
12810,0.0
12811,135.08395932014326
12812,319.80792662959004
12813,25.727453949334517
12814,347.40465432894683
12815,77.78662235452612
12816,0.0
12817,0.0
12818,0.0
12819,0.0
12820,0.0
12821,0.0
12822,0.0
12823,0.0
12824,100.21123562404165
12825,0.0
12826,0.0
12827,189.18288412928982
12828,0.0
12829,0.0
12830,0.0
12831,0.0
12832,184.53103946332874
12833,0.0
12834,157.43679022472244
12835,0.0
12836,213.26791821750834
12837,0.0
12838,148.55748990120026
12839,193.9158134592934
12840,0.0
12841,0.0
12842,268.31513052926874
12843,0.0
12844,198.62266476851266
12845,318.9937812001218
12846,309.77280557351037
12847,0.0
12848,476.0931771709446
12849,359.2612201889401
12850,0.0
12851,310.8854947586152
12852,0.0
12853,400.0544982183649
12854,403.28350870113445
12855,108.20460163062796
12856,57.33974479097117
12857,334.65202089643213
12858,361.94751729435353
12859,127.85530736384192
12860,233.0992135110816
12861,395.7620894008237
12862,9.645808895232676
12863,319.6041471895014
12864,164.91955451446051
12865,483.8677381649195
12866,374.25991467144496
12867,34.54323071481963
12868,143.7964868814355
12869,298.28743489934294
12870,336.8670378154192
12871,24.821065148255457
12872,286.96054306540736
12873,310.6465630818695
12874,0.0
12875,302.26303624522
12876,201.69050039257314
12877,302.85379559122936
12878,19.712017721433313
12879,293.16022461497346
12880,239.17036961306013
12881,322.7096843276899
12882,56.02597106255075
12883,379.3988355636501
12884,323.53991449891095
12885,12.353472326490476
12886,357.48692125447974
12887,38.53627953930703
12888,0.0
12889,253.94829060869225
12890,252.8407821491987
12891,0.0
12892,1.305708261093492
12893,8.95696817221002
12894,0.0
12895,0.0
12896,0.0
12897,0.0
12898,0.0
12899,0.0
12900,0.0
12901,0.0
12902,0.0
12903,0.0
12904,0.0
12905,220.82550359347522
12906,238.97271943409228
12907,0.0
12908,0.0
12909,0.0
12910,0.0
12911,0.0
12912,0.0
12913,0.0
12914,0.0
12915,0.0
12916,107.18334013201229
12917,356.1887033173648
12918,0.0
12919,342.38449266211734
12920,0.0
12921,0.0
12922,0.0
12923,10.166353746576952
12924,0.0
12925,0.0
12926,0.0
12927,0.0
12928,0.0
12929,0.0
12930,0.0
12931,0.0
12932,435.5862677796929
12933,0.0
12934,102.4456764505102
12935,149.79311102189854
12936,394.4913286657524
12937,0.0
12938,208.52411689749738
12939,268.6837969802913
12940,97.01011780337058
12941,0.0
12942,283.1979091324041
12943,319.4391237650966
12944,398.4016726974994
12945,0.0
12946,253.51987068725916
12947,290.3492676243656
12948,0.0
12949,0.0
12950,403.44062873903033
12951,0.0
12952,0.0
12953,343.53153030500255
12954,399.13914699106414
12955,163.00073379059955
12956,0.0
12957,441.50214073598386
12958,599.2676214485596
12959,552.621454432523
12960,133.96006652001742
12961,504.65194326391946
12962,676.1437055519832
12963,289.53275763768943
12964,223.4887256977759
12965,475.6711878348515
12966,389.29366334494415
12967,270.6909061041292
12968,283.6912443811913
12969,334.88572820844865
12970,295.5310464086383
12971,0.0
12972,244.4417444458099
12973,307.6071061472768
12974,0.0
12975,0.0
12976,206.81656127002933
12977,342.87859345149064
12978,416.0465758336709
12979,63.713722445066765
12980,333.3710977437985
12981,364.07740040545957
12982,322.27788657945905
12983,42.30800029335427
12984,363.4041070963537
12985,398.09379551351907
12986,328.7650513351602
12987,105.03382928257287
12988,207.3068560467961
12989,0.0
12990,107.88042225957192
12991,0.0
12992,0.0
12993,0.0
12994,0.0
12995,0.0
12996,0.0
12997,0.0
12998,0.0
12999,0.0
13000,0.0
13001,0.0
13002,0.0
13003,0.0
13004,0.0
13005,0.0
13006,0.0
13007,0.0
13008,0.0
13009,0.0
13010,0.0
13011,0.0
13012,27.062596393638415
13013,315.0474264872612
13014,316.4211024114727
13015,423.6868709633133
13016,0.0
13017,0.0
13018,0.0
13019,0.0
13020,0.0
13021,0.0
13022,0.0
13023,67.67299922345711
13024,0.0
13025,0.0
13026,0.0
13027,0.0
13028,467.17399365860604
13029,314.9798209136948
13030,375.78088335274686
13031,0.0
13032,891.704645968672
13033,159.43019999994402
13034,163.6044181786999
13035,277.095669927979
13036,531.3723097709012
13037,0.0
13038,310.2726537078245
13039,305.42977374572035
13040,347.7473252060027
13041,260.26358077739957
13042,233.1264929381717
13043,384.95454071866516
13044,0.0
13045,315.6258231827267
13046,320.2843303222653
13047,377.6226749665313
13048,176.62039936155895
13049,324.2430573313928
13050,276.89562276000447
13051,0.0
13052,0.0
13053,472.0993959708228
13054,455.2128631379407
13055,760.0102158319203
13056,0.0
13057,315.90754982097616
13058,508.89890979682326
13059,567.4044758379539
13060,0.0
13061,272.00209314523113
13062,263.9483389154844
13063,267.2358004572477
13064,0.0
13065,261.03351522366574
13066,283.1719182261117
13067,271.2074829558907
13068,0.0
13069,275.0090899271224
13070,274.24436284888793
13071,294.03142207843456
13072,289.30278726546135
13073,332.22410684610946
13074,368.3186501703645
13075,374.7104623097029
13076,409.72155033006806
13077,352.0586404469311
13078,0.0
13079,421.3042748199194
13080,327.4039436176841
13081,193.09865694314
13082,0.0
13083,0.0
13084,323.3814533885292
13085,0.0
13086,142.43369299861928
13087,203.8800469954405
13088,0.0
13089,0.0
13090,0.0
13091,0.0
13092,0.0
13093,0.0
13094,0.0
13095,0.0
13096,0.0
13097,0.0
13098,0.0
13099,0.0
13100,0.0
13101,0.0
13102,0.0
13103,0.0
13104,259.6962113540801
13105,291.74499166562856
13106,171.5438051421287
13107,59.08101651350876
13108,0.0
13109,139.6340300073465
13110,102.17883652993375
13111,221.985339786851
13112,0.0
13113,0.0
13114,0.0
13115,0.0
13116,0.0
13117,0.0
13118,0.0
13119,0.0
13120,0.0
13121,0.0
13122,0.0
13123,0.0
13124,225.52322416638512
13125,160.17790938264838
13126,0.0
13127,0.0
13128,496.13683087016574
13129,117.53794148649274
13130,0.0
13131,0.0
13132,473.7846719986668
13133,184.03407675254272
13134,185.40775267675426
13135,241.50745972992317
13136,320.00780140632463
13137,276.8229446873948
13138,250.4765215478529
13139,0.0
13140,55.98945608903614
13141,244.46510502566593
13142,274.067791432647
13143,362.0397170268465
13144,0.0
13145,0.0
13146,0.0
13147,199.11716956121592
13148,111.19455181404703
13149,291.50739909410794
13150,320.0960919373066
13151,430.35959508219344
13152,0.0
13153,274.19631688023463
13154,274.6676237090814
13155,308.1472424830375
13156,0.0
13157,279.5559459558229
13158,0.0
13159,318.4016896941968
13160,0.0
13161,336.58396937153117
13162,304.2053898106596
13163,318.1199630559474
13164,0.0
13165,0.0
13166,300.9490999008
13167,377.8031555842832
13168,288.5082037185413
13169,381.2503312022353
13170,337.6668627237658
13171,431.0179124110164
13172,322.04645599411907
13173,343.84596982011954
13174,390.6935296147733
13175,364.0186490315469
13176,12.654840041396767
13177,24.42840660022273
13178,311.6262386524097
13179,50.672052655208574
13180,0.0
13181,0.0
13182,0.0
13183,0.0
13184,0.0
13185,0.0
13186,0.0
13187,0.0
13188,0.0
13189,0.0
13190,83.55386940162433
13191,0.0
13192,188.74227664896625
13193,258.66046501011635
13194,205.50934731896268
13195,200.3885796385819
13196,0.0
13197,0.0
13198,0.0
13199,0.0
13200,0.0
13201,0.0
13202,0.0
13203,0.0
13204,0.0
13205,0.0
13206,0.0
13207,0.0
13208,0.0
13209,0.0
13210,0.0
13211,0.0
13212,189.05920043132562
13213,163.23213008928377
13214,0.0
13215,118.64502949825453
13216,466.80523059399934
13217,269.65521161292776
13218,0.0
13219,0.0
13220,399.9294027435983
13221,201.02531222116377
13222,0.0
13223,280.3500939131707
13224,846.7080446313983
13225,535.9914751477246
13226,0.0
13227,41.16173993355625
13228,785.3283118243821
13229,243.2121967818352
13230,169.1301686898493
13231,205.50771017645403
13232,315.15322783308227
13233,0.0
13234,104.86634481689333
13235,234.50925878950562
13236,128.70430414563998
13237,253.8327955998327
13238,264.0833772485989
13239,332.220171002178
13240,0.0
13241,0.0
13242,0.0
13243,324.7883477503443
13244,0.0
13245,0.0
13246,312.887570907149
13247,394.5117848410089
13248,39.70146701179064
13249,337.5655294250326
13250,490.14534879424497
13251,16.48429575946153
13252,134.00553544707532
13253,398.9989279323383
13254,327.31365925546874
13255,379.42996355643595
13256,171.9787665587699
13257,342.0682583323139
13258,355.81144088697215
13259,58.427920849001396
13260,261.0633983347717
13261,353.235506371599
13262,305.59333638760484
13263,10.750713670710354
13264,370.120724041263
13265,375.0363257150946
13266,380.58947082521166
13267,492.89531167765836
13268,301.8766069712316
13269,326.9428157974322
13270,322.7478044346927
13271,423.1905263189542
13272,190.46379412445717
13273,105.24308594107397
13274,6.006585134325945
13275,0.0
13276,0.0
13277,0.0
13278,0.0
13279,0.0
13280,0.0
13281,0.0
13282,0.0
13283,0.0
13284,0.0
13285,0.0
13286,0.0
13287,0.0
13288,0.0
13289,0.0
13290,0.0
13291,0.0
13292,279.4171460419872
13293,0.0
13294,193.95236909536484
13295,0.0
13296,0.0
13297,0.0
13298,0.0
13299,0.0
13300,0.0
13301,0.0
13302,0.0
13303,0.0
13304,0.0
13305,0.0
13306,0.0
13307,0.0
13308,0.0
13309,0.0
13310,0.0
13311,0.0
13312,303.2162671843806
13313,0.0
13314,248.56687661438485
13315,0.0
13316,0.0
13317,0.0
13318,110.83077356458298
13319,193.16000163930616
13320,544.8493796730512
13321,198.02126390576828
13322,0.0
13323,0.0
13324,434.8519358958317
13325,0.0
13326,229.62739614345014
13327,333.14203511500574
13328,54.06674316036157
13329,338.9392223459416
13330,2.3749882403855054
13331,0.0
13332,245.6193442905946
13333,345.3193941589826
13334,0.0
13335,446.65797225308205
13336,0.0
13337,282.6928099909403
13338,55.32225508820818
13339,69.98465443256038
13340,168.15768156677285
13341,375.89065848752915
13342,138.1955117035056
13343,622.6368509900549
13344,0.0
13345,350.43493747463424
13346,152.9994452698018
13347,518.1874094128535
13348,0.0
13349,365.344026262939
13350,10.236568241242082
13351,114.09656563565227
13352,256.8280987705857
13353,304.81562717743446
13354,0.0
13355,462.4720338207675
13356,330.22201370087834
13357,9.470525999789515
13358,323.527638100189
13359,292.73185267823555
13360,1.115567111027815
13361,362.2941812347033
13362,89.87044327682429
13363,57.31267161899848
13364,324.91243759975646
13365,303.54787824508765
13366,0.0
13367,265.46428454335273
13368,2.4569463612075992
13369,0.0
13370,0.0
13371,0.0
13372,0.0
13373,8.771522859204497
13374,0.0
13375,90.42559326174992
13376,0.0
13377,0.0
13378,0.0
13379,0.0
13380,0.0
13381,0.0
13382,0.0
13383,0.0
13384,0.0
13385,0.0
13386,0.0
13387,0.0
13388,0.0
13389,0.0
13390,0.0
13391,0.0
13392,0.0
13393,0.0
13394,0.0
13395,0.0
13396,0.0
13397,0.0
13398,0.0
13399,0.0
13400,0.0
13401,0.0
13402,0.0
13403,352.2007293990731
13404,0.0
13405,0.0
13406,0.0
13407,0.0
13408,0.0
13409,0.0
13410,70.30319652298755
13411,193.97490224759815
13412,99.87996454862281
13413,302.110344031747
13414,0.0
13415,233.125669755445
13416,56.45714269445443
13417,0.0
13418,96.69066074805102
13419,0.0
13420,472.5057994909641
13421,0.0
13422,261.502235365194
13423,311.3632878305685
13424,80.23914528283757
13425,386.58659969796753
13426,0.0
13427,0.0
13428,0.0
13429,334.5676492126842
13430,93.61878956039646
13431,361.4762371079272
13432,0.0
13433,147.3398734135759
13434,434.7052039515789
13435,221.65950102239202
13436,108.15769856347026
13437,349.35988916784214
13438,252.43072398945583
13439,873.6546687718612
13440,0.0
13441,268.1550438893621
13442,111.91143182777114
13443,27.904702489108217
13444,313.4601407531906
13445,402.5824134075052
13446,0.0
13447,309.5520633967323
13448,0.0
13449,344.13916398776155
13450,333.1576039342602
13451,64.4380754928111
13452,282.4863821060139
13453,27.448981476213305
13454,28.62009507789162
13455,432.0578628876964
13456,15.230072352412606
13457,395.7114833872724
13458,121.299922936896
13459,471.8280647771909
13460,5.760687839152979
13461,295.3267646434094
13462,34.54799751523046
13463,46.68382347608099
13464,0.0
13465,0.0
13466,0.0
13467,244.7919767568257
13468,0.0
13469,0.0
13470,0.0
13471,0.0
13472,0.0
13473,0.0
13474,0.0
13475,0.0
13476,0.0
13477,0.0
13478,0.0
13479,0.0
13480,0.0
13481,0.0
13482,0.0
13483,0.0
13484,0.0
13485,0.0
13486,0.0
13487,0.0
13488,0.0
13489,0.0
13490,0.0
13491,0.0
13492,0.0
13493,0.0
13494,0.0
13495,0.0
13496,0.0
13497,0.0
13498,0.0
13499,0.0
13500,0.0
13501,0.0
13502,0.0
13503,0.0
13504,0.0
13505,0.0
13506,0.0
13507,0.0
13508,240.50734654241975
13509,0.0
13510,144.37261929165138
13511,224.0233080281679
13512,552.8604897976799
13513,0.0
13514,297.3620248133735
13515,292.2049047754777
13516,229.8080756653451
13517,5.5637808032468
13518,335.69980677283155
13519,310.9543242655291
13520,332.6304667271329
13521,0.0
13522,300.7894028213086
13523,360.0389293991105
13524,0.0
13525,298.9041851516447
13526,357.2552348388953
13527,364.42480947324503
13528,0.0
13529,0.0
13530,383.1030717225004
13531,335.92831636253936
13532,0.0
13533,398.76522062032177
13534,381.48141783353856
13535,85.55073803549556
13536,51.08680990472001
13537,257.05662535699093
13538,397.9680333893859
13539,0.0
13540,0.0
13541,292.8330556920866
13542,314.2235793106273
13543,299.43780860187843
13544,0.0
13545,371.80990191964355
13546,361.75796374617664
13547,393.7950770890073
13548,321.34250429230786
13549,24.661394711184585
13550,305.84262951557326
13551,0.0
13552,0.0
13553,360.1360339070811
13554,417.1186320348494
13555,390.0698250808805
13556,0.0
13557,276.16129710541344
13558,284.3695676890402
13559,240.4641110132952
13560,0.0
13561,0.0
13562,0.0
13563,0.0
13564,484.9063274492245
13565,0.0
13566,0.0
13567,167.29282004232823
13568,188.44736770630294
13569,180.15469879650783
13570,0.0
13571,0.0
13572,0.0
13573,98.80933726757483
13574,0.0
13575,0.0
13576,105.6433259134387
13577,184.7188411198977
13578,187.2065117467093
13579,0.0
13580,0.0
13581,0.0
13582,0.0
13583,0.0
13584,0.0
13585,0.0
13586,0.0
13587,0.0
13588,115.8107579569475
13589,197.21556187394492
13590,159.99536422934648
13591,0.0
13592,0.0
13593,90.97984641729767
13594,0.0
13595,0.0
13596,0.0
13597,0.0
13598,18.4070095336926
13599,48.30703503729541
13600,393.2397275010127
13601,257.0959273198193
13602,0.0
13603,252.39326641644104
13604,353.48999183816255
13605,228.10963021440588
13606,0.0
13607,207.66817985424473
13608,496.9151750139431
13609,240.94926876318323
13610,251.01287390536797
13611,372.29171241967583
13612,391.8658949139236
13613,463.1783534791259
13614,245.14932598254563
13615,272.3033148009435
13616,0.0
13617,259.56117032055215
13618,318.03298768818354
13619,316.70993477422076
13620,0.0
13621,346.8942906000889
13622,315.51546059268645
13623,302.3357579569475
13624,0.0
13625,0.0
13626,0.0
13627,310.48557748158044
13628,230.46356605833736
13629,307.60452910568137
13630,317.63438557436695
13631,381.49958069108584
13632,0.0
13633,0.0
13634,351.8981828049025
13635,252.21503391568453
13636,0.0
13637,380.4258475475119
13638,312.6824049005998
13639,356.9462287735558
13640,0.0
13641,314.1950113627395
13642,305.12334472197625
13643,63.13321207881603
13644,0.0
13645,0.0
13646,303.55362900648134
13647,296.38018880973846
13648,343.0459528234221
13649,16.79981471032795
13650,376.67098837841286
13651,385.20903156894235
13652,221.72861625467993
13653,273.3930917475659
13654,263.13990641478387
13655,226.2780759673964
13656,0.0
13657,0.0
13658,0.0
13659,0.0
13660,0.0
13661,0.0
13662,0.0
13663,0.0
13664,0.0
13665,0.0
13666,0.0
13667,0.0
13668,0.0
13669,0.0
13670,0.0
13671,0.0
13672,0.0
13673,0.0
13674,0.0
13675,0.0
13676,0.0
13677,0.0
13678,0.0
13679,0.0
13680,0.0
13681,100.56095812942547
13682,0.0
13683,0.0
13684,0.0
13685,0.0
13686,0.0
13687,0.0
13688,0.0
13689,0.0
13690,0.0
13691,0.0
13692,0.0
13693,0.0
13694,0.0
13695,0.0
13696,0.0
13697,1.421891583691277
13698,0.0
13699,0.0
13700,310.1679796988801
13701,0.0
13702,231.23786427675833
13703,287.07529607002283
13704,80.592998826582
13705,200.56030577634274
13706,0.0
13707,0.0
13708,440.80366612306796
13709,327.39678605753676
13710,0.0
13711,156.87231317024066
13712,448.39389793359516
13713,0.0
13714,276.6216708856592
13715,304.4339163970648
13716,315.0779024373389
13717,29.458832388651274
13718,367.53959180358106
13719,347.01245459645384
13720,326.65797960405644
13721,207.37100140636176
13722,565.1790804710467
13723,364.9040633277186
13724,0.0
13725,406.7228829127619
13726,693.589826098971
13727,1077.2070772443342
13728,207.48121837709996
13729,353.28484086105004
13730,567.494071886431
13731,275.1468775635549
13732,167.79802584876413
13733,297.8343175704639
13734,361.9604994262895
13735,0.0
13736,69.04967956519201
13737,214.32099376212648
13738,289.42093426512884
13739,349.1508575988998
13740,0.0
13741,335.55438999179694
13742,321.872235537728
13743,328.2757679306251
13744,0.0
13745,350.25187016956386
13746,356.2412316293899
13747,329.19631688023463
13748,0.0
13749,204.6395832966757
13750,234.93169802856823
13751,0.0
13752,0.0
13753,0.0
13754,0.0
13755,0.0
13756,0.0
13757,0.0
13758,0.0
13759,0.0
13760,0.0
13761,0.0
13762,0.0
13763,0.0
13764,16.79496886243927
13765,0.0
13766,23.03100276952044
13767,0.0
13768,37.727865320752244
13769,108.14982066345054
13770,139.74419512532228
13771,0.0
13772,68.42708619992163
13773,0.0
13774,0.0
13775,0.0
13776,0.0
13777,0.0
13778,0.0
13779,0.0
13780,60.13461860142212
13781,200.4993944092269
13782,220.52016095079006
13783,254.85799505627133
13784,0.0
13785,177.3118729476877
13786,144.85799463349312
13787,173.72838747252078
13788,0.0
13789,0.0
13790,156.67468268838374
13791,211.56688014324146
13792,268.76683183644934
13793,207.10235634356343
13794,0.0
13795,280.68582482203294
13796,266.68031331696454
13797,0.0
13798,0.0
13799,0.0
13800,389.7456231827827
13801,0.0
13802,0.0
13803,0.0
13804,412.7434160044917
13805,198.65755634350742
13806,149.48332851902848
13807,284.317057918195
13808,391.5086706182082
13809,278.02649179935406
13810,0.0
13811,332.8356327336821
13812,271.9021090031109
13813,322.7577302963432
13814,354.01063854017394
13815,392.7473082093053
13816,0.0
13817,334.32095976873165
13818,355.6180217764021
13819,335.8166386092809
13820,303.8548773046141
13821,375.40765804754415
13822,338.7132994435522
13823,407.9849077261355
13824,0.0
13825,128.56294218541848
13826,425.4803361201538
13827,412.22275768949646
13828,240.75958999174094
13829,295.12334472197625
13830,280.72450915832616
13831,61.46348557878048
13832,0.0
13833,306.55802210435667
13834,318.0070234243116
13835,320.2843303222653
13836,246.72942979168366
13837,338.50947524264166
13838,353.69902879081855
13839,328.03945693459264
13840,0.0
13841,349.98842466681765
13842,387.6020703420418
13843,477.5462059703665
13844,380.60222573658433
13845,289.9284002243222
13846,262.2394994348929
13847,302.4446387990216
13848,338.08814561060564
13849,0.0
13850,231.84176724899925
13851,204.2801033863598
13852,366.57260696262824
13853,0.0
13854,239.18886367284273
13855,0.0
13856,0.0
13857,0.0
13858,0.0
13859,0.0
13860,0.0
13861,0.0
13862,0.0
13863,0.0
13864,0.0
13865,0.0
13866,0.0
13867,0.0
13868,0.0
13869,0.0
13870,0.0
13871,0.0
13872,0.0
13873,0.0
13874,0.0
13875,0.0
13876,0.0
13877,22.306099383104666
13878,0.0
13879,44.90408896083872
13880,0.0
13881,0.0
13882,0.0
13883,0.0
13884,185.1296230188521
13885,195.73596818081336
13886,221.72920484875561
13887,189.15582073255752
13888,213.0060692118276
13889,0.0
13890,0.0
13891,175.80532294557418
13892,432.8131699753908
13893,238.49486488076724
13894,246.09936734402822
13895,305.31906409556495
13896,483.2604410681095
13897,0.0
13898,159.03568486259195
13899,0.0
13900,657.816043087009
13901,325.89326952251946
13902,249.2547849359259
13903,0.0
13904,399.95064851385155
13905,316.334746525101
13906,311.8475767913512
13907,302.31367625216615
13908,0.0
13909,351.88524431208435
13910,363.2952193089701
13911,337.62529564724457
13912,0.0
13913,379.36246620943757
13914,445.3933437556926
13915,43.46300168241618
13916,0.0
13917,372.75900182044353
13918,519.850613381639
13919,592.549875622291
13920,0.0
13921,417.877148820111
13922,398.6055235408304
13923,37.371079038874484
13924,0.0
13925,362.9589604589609
13926,323.2757679306251
13927,330.3180789957645
13928,0.0
13929,194.09898006124817
13930,178.59779012129542
13931,354.71694120183497
13932,255.2674996246336
13933,328.46400631558384
13934,302.45781415812604
13935,326.45157836155045
13936,340.203850843331
13937,373.38352683664954
13938,370.11556031234903
13939,91.41419472844728
13940,422.9617110306139
13941,370.00146205085525
13942,415.72724273328174
13943,439.78071987407725
13944,0.0
13945,169.79607224019568
13946,156.00873592169776
13947,147.29023875583678
13948,233.51167547562318
13949,0.0
13950,131.212330512006
13951,0.0
13952,0.0
13953,0.0
13954,0.0
13955,0.0
13956,0.0
13957,0.0
13958,0.0
13959,0.0
13960,0.0
13961,230.32942979168368
13962,405.2268176178758
13963,323.45587173976315
13964,0.0
13965,215.15279691118437
13966,201.86012800138926
13967,310.1345637720988
13968,354.81872056430655
13969,336.87793260861594
13970,216.31057748158042
13971,306.6104766231002
13972,0.0
13973,0.0
13974,0.0
13975,0.0
13976,0.0
13977,0.0
13978,0.0
13979,0.0
13980,74.39255373791758
13981,78.67842302751149
13982,109.69633543852794
13983,127.27487363791695
13984,297.1165442733319
13985,310.26767896118304
13986,249.06541072429843
13987,336.84778277032103
13988,87.30749982307088
13989,0.0
13990,166.3763735213982
13991,187.1021542038247
13992,667.5110119494483
13993,163.87966976404834
13994,196.08817379750855
13995,181.02064980808976
13996,647.020144376871
13997,324.9091324274226
13998,333.98079906818583
13999,310.14544342345505
14000,466.9929425822935
14001,0.0
14002,355.09217309007255
14003,320.52452387738833
14004,122.09302870459825
14005,342.7135765325035
14006,412.1747117208432
14007,43.82136887962713
14008,0.0
14009,305.10647038522666
14010,292.89276862945775
14011,375.06229962468956
14012,164.11847507871107
14013,481.30738946549826
14014,394.28456377209875
14015,375.002560044898
14016,0.0
14017,292.2215031620936
14018,357.4084626719776
14019,0.0
14020,0.0
14021,341.80082898921864
14022,290.4609187352036
14023,355.91662275140106
14024,218.76140604802077
14025,333.9002759501337
14026,302.8330290496662
14027,316.16982508088057
14028,0.0
14029,382.97451963249233
14030,323.14592731981935
14031,325.6257965403063
14032,301.6022469781778
14033,345.2714459427312
14034,404.99229634607724
14035,386.15559889570784
14036,518.7523397696443
14037,368.2278668823481
14038,0.0
14039,364.07569412023014
14040,417.37907154136303
14041,352.1739491739317
14042,286.36382345017773
14043,355.2147212717425
14044,430.0471404857396
14045,0.0
14046,248.84364436387256
14047,222.32454201290338
14048,208.15319113927396
14049,0.0
14050,132.1456571761776
14051,86.34977546273686
14052,0.0
14053,214.94693678440504
14054,194.50548642424386
14055,145.9999033864157
14056,0.0
14057,209.6991195979109
14058,0.0
14059,236.8686675898402
14060,173.05149407698934
14061,253.86811568957282
14062,257.48148427584573
14063,319.4523451533579
14064,0.0
14065,219.36020605668023
14066,213.25919348601613
14067,285.4261207972321
14068,0.0
14069,159.62442529654334
14070,189.43222442523273
14071,0.0
14072,0.0
14073,0.0
14074,0.0
14075,0.0
14076,0.0
14077,200.76460185496896
14078,126.57481485695864
14079,211.2527830205653
14080,143.0627602950863
14081,0.0
14082,0.0
14083,155.1842889607827
14084,382.6889065959212
14085,285.76088431903054
14086,244.60143768607008
14087,310.26490174710955
14088,549.9962705578166
14089,405.5987575083592
14090,266.32979654890966
14091,292.14517327981326
14092,454.2105535395735
14093,335.4622338984218
14094,6.916663543474726
14095,370.17396773222504
14096,371.48661555584727
14097,333.14203511500574
14098,374.88572820844865
14099,323.0940157887728
14100,236.11272317849972
14101,394.5663170527686
14102,400.75172794960105
14103,142.46061445153634
14104,0.0
14105,403.00049354208727
14106,335.5180376342819
14107,365.7166907553041
14108,0.0
14109,474.40398229586657
14110,437.7563811397302
14111,666.3034196281719
14112,0.0
14113,426.6683507010021
14114,361.65020484015224
14115,0.0
14116,0.0
14117,320.5492092661856
14118,312.0566083602935
14119,361.4320567016671
14120,270.36485344031746
14121,309.03662944646635
14122,310.9049727793807
14123,16.871204262139884
14124,113.78349510377657
14125,293.4549600275793
14126,285.1519126698641
14127,372.5395918035811
14128,272.35453221175976
14129,334.54358486687494
14130,362.5934468918081
14131,333.18748782686623
14132,339.3180503860832
14133,339.2972838445201
14134,278.11707066999645
14135,326.691466218041
14136,21.756800448644356
14137,10.319519382248071
14138,0.0
14139,0.0
14140,0.0
14141,0.0
14142,0.0
14143,0.0
14144,0.0
14145,0.0
14146,0.0
14147,0.0
14148,0.0
14149,0.0
14150,0.0
14151,0.0
14152,0.0
14153,0.0
14154,0.0
14155,0.0
14156,0.0
14157,0.0
14158,0.0
14159,0.0
14160,0.0
14161,0.0
14162,0.0
14163,0.0
14164,0.0
14165,0.0
14166,0.0
14167,0.0
14168,0.0
14169,0.0
14170,0.0
14171,0.0
14172,0.0
14173,0.0
14174,0.0
14175,0.0
14176,58.02880182049955
14177,0.0
14178,0.0
14179,0.0
14180,240.73575257323384
14181,0.0
14182,63.57143629700816
14183,0.0
14184,202.44218301194303
14185,262.88084042966835
14186,0.0
14187,0.0
14188,205.76884253486287
14189,272.76426017856755
14190,0.0
14191,325.91406270650305
14192,133.94727364650146
14193,0.0
14194,5.271622432236427
14195,348.40171633661726
14196,0.0
14197,313.00441974029576
14198,24.691251179870108
14199,6.881609352480439
14200,0.0
14201,16.697236529914903
14202,344.9662343298034
14203,76.24539072513619
14204,50.26365840991221
14205,404.6195437470333
14206,0.0
14207,157.3437656183895
14208,0.0
14209,312.3864076096167
14210,80.67279423667412
14211,354.82859231267304
14212,0.0
14213,12.480153108117008
14214,0.0
14215,0.0
14216,0.0
14217,325.0688125102165
14218,0.0
14219,368.862591432703
14220,0.0
14221,254.31230823465506
14222,9.469237478991772
14223,9.715926922944334
14224,19.243336240974145
14225,0.0
14226,20.9689004702646
14227,23.328028652791204
14228,0.0
14229,0.0
14230,337.62276193439254
14231,275.0144022947332
14232,0.0
14233,0.0
14234,0.0
14235,0.0
14236,0.0
14237,0.0
14238,0.0
14239,0.0
14240,0.0
14241,0.0
14242,0.0
14243,0.0
14244,0.0
14245,0.0
14246,0.0
14247,0.0
14248,0.0
14249,0.0
14250,0.0
14251,0.0
14252,0.0
14253,0.0
14254,0.0
14255,0.0
14256,0.0
14257,0.0
14258,0.0
14259,0.0
14260,0.0
14261,0.0
14262,0.0
14263,0.0
14264,0.0
14265,0.0
14266,0.0
14267,0.0
14268,0.0
14269,0.0
14270,0.0
14271,0.0
14272,0.0
14273,0.0
14274,0.0
14275,0.0
14276,170.21672715123592
14277,0.0
14278,15.388604719406459
14279,131.02606087745616
14280,372.10206679607165
14281,0.0
14282,0.0
14283,225.99444671067073
14284,113.64604234506612
14285,324.5157110392173
14286,0.0
14287,0.0
14288,128.5136076959675
14289,322.8823635391172
14290,0.0
14291,338.5678996592151
14292,0.0
14293,5.449509011695454
14294,0.0
14295,376.9488058151513
14296,0.0
14297,0.0
14298,95.8467619688991
14299,480.5140677969556
14300,0.0
14301,27.809925715019745
14302,0.0
14303,137.728070437052
14304,0.0
14305,4.329018420265925
14306,85.83120279536769
14307,539.8882542599519
14308,0.0
14309,14.083644139531543
14310,11.556990828768562
14311,353.47307924600875
14312,0.0
14313,389.4325672404518
14314,0.0
14315,26.767337560929093
14316,0.0
14317,348.7652376170191
14318,0.0
14319,0.0
14320,0.0
14321,0.0
14322,19.522570838228546
14323,36.91158213186111
14324,0.0
14325,84.93629385270435
14326,165.59184515301953
14327,319.39039104245734
14328,0.0
14329,0.0
14330,0.0
14331,0.0
14332,0.0
14333,0.0
14334,0.0
14335,0.0
14336,0.0
14337,0.0
14338,0.0
14339,0.0
14340,0.0
14341,0.0
14342,0.0
14343,0.0
14344,0.0
14345,0.0
14346,0.0
14347,0.0
14348,0.0
14349,0.0
14350,0.0
14351,0.0
14352,0.0
14353,0.0
14354,0.0
14355,0.0
14356,0.0
14357,0.0
14358,0.0
14359,0.0
14360,0.0
14361,0.0
14362,0.0
14363,0.0
14364,0.0
14365,0.0
14366,0.0
14367,0.0
14368,0.0
14369,0.0
14370,0.0
14371,0.0
14372,216.1689709005966
14373,178.8460925628547
14374,0.0
14375,0.0
14376,150.17916956991246
14377,122.72640751479304
14378,0.0
14379,0.0
14380,839.518125464813
14381,0.0
14382,0.0
14383,0.0
14384,323.78602115527974
14385,0.0
14386,261.46328896938604
14387,0.0
14388,41.57649549195446
14389,0.0
14390,343.1173593719315
14391,19.378352909716966
14392,0.0
14393,0.0
14394,96.08438812814973
14395,562.4966489280264
14396,0.0
14397,82.61904000692732
14398,198.70961349385607
14399,288.031844786688
14400,147.50994894098733
14401,9.329018420265925
14402,95.83120279536769
14403,189.130297312454
14404,241.22700461577406
14405,14.083644139531543
14406,347.3149477762664
14407,27.71512229851089
14408,0.0
14409,63.67461029295396
14410,293.4107796213192
14411,36.76733756092909
14412,233.73541514172842
14413,13.007280669521265
14414,166.33222266661036
14415,0.0
14416,0.0
14417,0.0
14418,63.597570838228535
14419,65.9865821318611
14420,9.799322729836547
14421,127.33629385270433
14422,78.2438606703779
14423,331.7903910424573
14424,0.0
14425,0.0
14426,0.0
14427,8.907825669215761
14428,0.0
14429,0.0
14430,0.0
14431,0.0
14432,0.0
14433,0.0
14434,0.0
14435,0.0
14436,0.0
14437,0.0
14438,0.0
14439,0.0
14440,0.0
14441,0.0
14442,0.0
14443,0.0
14444,0.0
14445,0.0
14446,0.0
14447,0.0
14448,0.0
14449,0.0
14450,0.0
14451,0.0
14452,0.0
14453,0.0
14454,0.0
14455,0.0
14456,0.0
14457,0.0
14458,0.0
14459,0.0
14460,0.0
14461,0.0
14462,0.0
14463,0.0
14464,0.0
14465,0.0
14466,0.0
14467,0.0
14468,199.84397090059656
14469,167.52109256285465
14470,0.0
14471,113.24282584882013
14472,173.30416956991246
14473,130.85140751479304
14474,0.0
14475,0.0
14476,523.7601685173152
14477,317.80576661927347
14478,0.0
14479,333.6679007980327
14480,18.02806420778188
14481,332.59674469605415
14482,0.0
14483,340.8725126266793
14484,51.57649549195446
14485,302.09684327689916
14486,333.1173593719315
14487,24.378352909716966
14488,0.0
14489,332.0137431172516
14490,111.08438812814973
14491,231.73869198052853
14492,0.0
14493,87.61904000692732
14494,534.4675704413539
14495,298.031844786688
14496,0.0
14497,305.2648789439203
14498,282.0332647771349
14499,20.923392882137648
14500,161.92293618048936
14501,296.12049059142953
14502,0.0
14503,298.127764462272
14504,0.0
14505,0.0
14506,0.0
14507,273.9496274362821
14508,0.0
14509,247.39811821745235
14510,267.01639044038524
14511,0.0
14512,230.8731881886161
14513,226.5444706526777
14514,0.0
14515,288.44136493678246
14516,0.0
14517,305.43956743879585
14518,0.0
14519,334.5358831802129
14520,0.0
14521,0.0
14522,0.0
14523,0.0
14524,0.0
14525,0.0
14526,0.0
14527,0.0
14528,0.0
14529,0.0
14530,0.0
14531,0.0
14532,0.0
14533,0.0
14534,0.0
14535,0.0
14536,0.0
14537,0.0
14538,0.0
14539,0.0
14540,0.0
14541,0.0
14542,0.0
14543,0.0
14544,0.0
14545,0.0
14546,0.0
14547,0.0
14548,0.0
14549,0.0
14550,0.0
14551,0.0
14552,0.0
14553,0.0
14554,0.0
14555,0.0
14556,0.0
14557,0.0
14558,0.0
14559,0.0
14560,0.0
14561,0.0
14562,0.0
14563,0.0
14564,0.0
14565,0.0
14566,0.0
14567,159.50129857218562
14568,710.938093904474
14569,0.0
14570,0.0
14571,0.0
14572,502.57200831716466
14573,0.0
14574,156.22314640435528
14575,280.7998249083466
14576,42.3308611189662
14577,0.0
14578,300.5959837107386
14579,0.0
14580,0.0
14581,285.5505414261012
14582,305.4012057978325
14583,393.9781613907751
14584,0.0
14585,0.0
14586,300.0441537638397
14587,302.1929618566262
14588,0.0
14589,351.34900018113734
14590,316.67098837841286
14591,488.4899195893635
14592,0.0
14593,58.53310271343037
14594,320.8296473836373
14595,441.3151908718229
14596,0.0
14597,0.0
14598,0.0
14599,330.59983227643437
14600,0.0
14601,298.9392223459416
14602,142.81100798070008
14603,249.98706150718186
14604,0.0
14605,162.16053569731957
14606,209.98965554547476
14607,0.0
14608,0.0
14609,251.77099956861838
14610,245.5596414046114
14611,340.11944557185313
14612,0.0
14613,227.29726061855249
14614,205.1224786161711
14615,280.7807449549018
14616,0.0
14617,0.0
14618,0.0
14619,0.0
14620,0.0
14621,0.0
14622,0.0
14623,0.0
14624,0.0
14625,0.0
14626,0.0
14627,0.0
14628,0.0
14629,0.0
14630,0.0
14631,0.0
14632,0.0
14633,0.0
14634,0.0
14635,0.0
14636,0.0
14637,0.0
14638,0.0
14639,0.0
14640,0.0
14641,0.0
14642,0.0
14643,0.0
14644,0.0
14645,0.0
14646,0.0
14647,0.0
14648,0.0
14649,0.0
14650,0.0
14651,0.0
14652,0.0
14653,0.0
14654,0.0
14655,0.0
14656,0.0
14657,0.0
14658,0.0
14659,0.0
14660,0.0
14661,46.00448928868133
14662,0.0
14663,186.24205481211666
14664,467.13289844268706
14665,0.0
14666,172.96915334106143
14667,254.99457307275378
14668,301.44137952632724
14669,0.0
14670,300.2402371942409
14671,279.39629251544943
14672,402.65515211593015
14673,0.0
14674,223.50043630561154
14675,313.1667108580799
14676,0.0
14677,309.48976377204275
14678,342.5538794530122
14679,321.74242156934264
14680,0.0
14681,320.203850843331
14682,0.0
14683,342.7616225011568
14684,0.0
14685,280.3635649195197
14686,397.35650750181327
14687,283.40059043181907
14688,0.0
14689,0.0
14690,468.6509488287704
14691,517.9952521806607
14692,238.29785698638085
14693,379.2053728139622
14694,12.861854242763684
14695,352.66033284154145
14696,211.91902697897837
14697,246.4464146326365
14698,301.8488919545693
14699,25.514429317098347
14700,279.67800215700146
14701,349.21448938350494
14702,323.76914681853015
14703,333.35367036796396
14704,0.0
14705,340.2092603511015
14706,371.6828841292898
14707,372.2970137008783
14708,0.0
14709,320.14175378115846
14710,253.3617616150413
14711,0.0
14712,0.0
14713,0.0
14714,0.0
14715,0.0
14716,153.70496583407117
14717,121.62501389061902
14718,0.0
14719,152.72080209655388
14720,0.0
14721,0.0
14722,0.0
14723,0.0
14724,329.47709895172306
14725,448.2656631552034
14726,346.19871034038465
14727,39.530609533617735
14728,0.0
14729,124.65950229072695
14730,250.4501596394385
14731,232.034199292508
14732,0.0
14733,0.0
14734,143.43811316169328
14735,101.36856630858165
14736,0.0
14737,0.0
14738,0.0
14739,0.0
14740,0.0
14741,0.0
14742,0.0
14743,0.0
14744,0.0
14745,0.0
14746,0.0
14747,0.0
14748,341.73193956252885
14749,288.8222869505985
14750,0.0
14751,314.71816980285683
14752,234.58698925838283
14753,0.0
14754,180.6023149820808
14755,113.62102237180768
14756,306.2134671671179
14757,338.29213058977234
14758,0.0
14759,276.92110198869443
14760,784.6095503213713
14761,361.10413954526604
14762,0.0
14763,214.89928462106303
14764,552.0838101548709
14765,355.16360628100233
14766,387.5110408523907
14767,3.969406341375077
14768,69.25243114614523
14769,371.0620395324357
14770,324.69619165696923
14771,311.7476192916514
14772,292.0981754368147
14773,409.33003269915656
14774,16.22203749625453
14775,477.9017809240674
14776,118.63809531943934
14777,408.88080757509124
14778,411.1892594625282
14779,225.34390794438704
14780,0.0
14781,0.0
14782,330.37521489154017
14783,450.7491072688877
14784,0.0
14785,399.31962760881606
14786,440.5283820888071
14787,184.2004153401656
14788,0.0
14789,263.97301465855855
14790,348.9002759501337
14791,340.7231769984106
14792,0.0
14793,355.38171078036964
14794,311.7722780380282
14795,308.50169083301444
14796,0.0
14797,322.53829363706035
14798,263.1018171950975
14799,336.0737597859944
14800,0.0
14801,341.3646304646502
14802,368.7107935119382
14803,375.83363734085276
14804,95.99074220268125
14805,0.0
14806,309.8882178594047
14807,272.3408246494989
14808,0.0
14809,0.0
14810,100.18404275914784
14811,126.26037958673768
14812,0.0
14813,0.0
14814,0.0
14815,0.0
14816,0.0
14817,0.0
14818,0.0
14819,0.0
14820,0.0
14821,0.0
14822,0.0
14823,0.0
14824,0.0
14825,0.0
14826,0.0
14827,0.0
14828,0.0
14829,0.0
14830,0.0
14831,0.0
14832,0.0
14833,0.0
14834,0.0
14835,0.0
14836,0.0
14837,0.0
14838,0.0
14839,0.0
14840,0.0
14841,0.0
14842,0.0
14843,0.0
14844,0.0
14845,0.0
14846,0.0
14847,0.0
14848,0.0
14849,0.0
14850,0.0
14851,0.0
14852,352.1708403519581
14853,0.0
14854,0.0
14855,200.0480571588588
14856,480.1325386307706
14857,294.80284365638056
14858,282.51121282085234
14859,294.6353451705646
14860,633.4860370302729
14861,0.0
14862,360.0246757430742
14863,351.65670807995616
14864,382.40067826235037
14865,352.4889591476093
14866,365.9490999008
14867,354.671515913895
14868,0.0
14869,395.66604110263495
14870,424.85064737503393
14871,65.65985574385599
14872,0.0
14873,293.6198548293794
14874,386.6177446874508
14875,397.35261529699966
14876,0.0
14877,402.75900182044353
14878,337.6187997584151
14879,399.2858789353169
14880,0.0
14881,200.71413806138048
14882,291.86055892328716
14883,425.32066568308295
14884,0.0
14885,337.0137431172515
14886,359.89871034038464
14887,343.8197964711993
14888,265.233724308714
14889,392.2435678701775
14890,391.6683676976995
14891,434.09110102241084
14892,0.0
14893,373.6211529959001
14894,368.0589349553581
14895,395.919226435417
14896,283.88448529402956
14897,364.8803256459877
14898,394.45835330659196
14899,287.57100730509114
14900,0.0
14901,354.4928757172081
14902,304.1695893534119
14903,401.3092905223786
14904,0.0
14905,0.0
14906,174.5364431646074
14907,172.53563854017398
14908,0.0
14909,0.0
14910,43.23490149686529
14911,91.45482205251245
14912,0.0
14913,0.0
14914,0.0
14915,0.0
14916,11.507962184580776
14917,0.0
14918,0.0
14919,35.77436309913222
14920,0.0
14921,77.33427620898132
14922,0.0
14923,116.60979369307556
14924,0.0
14925,0.0
14926,0.0
14927,0.0
14928,0.0
14929,0.0
14930,0.0
14931,0.0
14932,0.0
14933,0.0
14934,0.0
14935,0.0
14936,0.0
14937,58.41496591178149
14938,91.45054028728354
14939,0.0
14940,104.5215387170843
14941,136.8378016565689
14942,0.0
14943,29.626737578210665
14944,151.39086020448963
14945,211.52977374572035
14946,144.7029974893272
14947,0.0
14948,412.1989851517007
14949,228.2286688063681
14950,270.48003808287024
14951,309.9450824727209
14952,444.1162115266141
14953,382.7399489150841
14954,272.34266931545994
14955,365.62102393340354
14956,632.2019135154206
14957,0.9961582329830208
14958,335.38304294028524
14959,349.28331889041885
14960,346.58661669466494
14961,395.8517024459982
14962,269.73256101118164
14963,311.1581484664397
14964,333.643198412538
14965,342.97974399722153
14966,0.0
14967,369.9649458090057
14968,233.07326624390709
14969,322.2916041931078
14970,329.28331889041885
14971,356.7216113886616
14972,0.0
14973,520.1284744574954
14974,402.98101552132186
14975,404.8182138647529
14976,0.0
14977,378.17576679180746
14978,457.5746120011805
14979,521.5488811871421
14980,339.7546257192656
14981,352.09682628020175
14982,377.1643502696205
14983,117.1892929036274
14984,257.52275146022635
14985,305.2129407704534
14986,392.37338183856286
14987,425.04409312802443
14988,266.0945166818346
14989,339.5377661015782
14990,336.7488908157517
14991,3.6876360640077905
14992,0.0
14993,352.10299210561357
14994,404.0219850911971
14995,387.68337300370285
14996,198.07263742716646
14997,377.5272427332818
14998,399.53969732973565
14999,398.0414148051705
15000,334.670850403346
15001,332.56751123761734
15002,15.355355247855755
15003,334.64096729224
15004,234.63341747126387
15005,292.96761946418536
15006,190.4488111988649
15007,236.20573687077467
15008,234.6850924463985
15009,0.0
15010,253.1153767309036
15011,216.771583917798
15012,199.3596843276899
15013,241.30462458044798
15014,217.73151755320114
15015,0.0
15016,130.1680329666076
15017,221.29497580774878
15018,137.601144739239
15019,212.89586315514742
15020,0.0
15021,111.17463324277401
15022,0.0
15023,0.0
15024,12.712405866883486
15025,128.20055303908495
15026,124.27297101944076
15027,123.90167497513465
15028,0.0
15029,163.20670497387775
15030,0.0
15031,193.82083454546623
15032,151.7857177342825
15033,204.44733909662173
15034,210.74179742027627
15035,284.24994050300234
15036,0.0
15037,69.86565578711564
15038,0.0
15039,0.0
15040,54.55985899656509
15041,62.0864590224872
15042,0.0
15043,75.01558000945998
15044,393.1190989345163
15045,233.16719589326183
15046,197.41158538457023
15047,254.59152147014257
15048,469.53920110434814
15049,291.50368736466135
15050,302.76828921963033
15051,0.0
15052,485.50241782493515
15053,312.7031884388604
15054,295.641425995376
15055,251.39316129595142
15056,407.44996911268356
15057,290.9218641128277
15058,236.69052703499352
15059,295.01946837504244
15060,316.3996401880835
15061,0.0
15062,302.5811588801023
15063,340.7413398559579
15064,155.53370108274643
15065,295.07401023252527
15066,363.9067451965427
15067,106.56475824169843
15068,0.0
15069,356.22562881674065
15070,300.61932729389724
15071,425.5556615158972
15072,0.0
15073,73.25134943276055
15074,348.3731483887294
15075,1.6466135196661185
15076,194.63908975458838
15077,344.7896629135625
15078,394.3183390880184
15079,363.97037698114787
15080,119.74560377893295
15081,433.55099132907065
15082,346.3619823130733
15083,15.371606574356633
15084,327.8719584487767
15085,343.3251024200761
15086,308.1615131357712
15087,321.7423949269222
15088,302.1710722401957
15089,354.20168969419683
15090,372.2450824727209
15091,53.44375938911935
15092,345.4344513006347
15093,305.3643502696205
15094,267.2340257624504
15095,365.7577546611284
15096,121.22128713173585
15097,161.7653156723101
15098,80.97335280610343
15099,0.0
15100,159.1285625641742
15101,0.0
15102,0.0
15103,105.4230645269466
15104,0.0
15105,0.0
15106,0.0
15107,0.0
15108,0.0
15109,0.0
15110,0.0
15111,0.0
15112,97.27713917438805
15113,87.8990701523011
15114,0.0
15115,118.36126041160507
15116,0.0
15117,139.94213753508186
15118,0.0
15119,159.44357792156546
15120,0.0
15121,0.0
15122,0.0
15123,0.0
15124,110.06611335143401
15125,167.5719298390955
15126,0.0
15127,164.30394631809764
15128,0.0
15129,0.0
15130,0.0
15131,0.0
15132,0.0
15133,0.0
15134,0.0
15135,0.0
15136,0.0
15137,0.0
15138,0.0
15139,0.0
15140,225.82630013378153
15141,180.73545920362454
15142,0.0
15143,192.77648174796622
15144,509.3512958888855
15145,359.34486063587127
15146,335.3407179845268
15147,0.0
15148,542.9238626288487
15149,345.44793660326764
15150,360.54402854057423
15151,351.75669222207637
15152,110.35342672011188
15153,361.5749230835267
15154,326.38276585133394
15155,351.68265534713066
15156,0.0
15157,357.8408134592934
15158,388.59516208960775
15159,236.6452303696583
15160,0.0
15161,335.48946968639405
15162,383.3653469824048
15163,381.3879295802478
15164,0.0
15165,354.6364350804803
15166,436.4346433889856
15167,616.2138672188128
15168,0.0
15169,335.48946968639405
15170,30.735127854758503
15171,438.6158849920531
15172,308.8145891031676
15173,307.2916308355282
15174,85.1573602864081
15175,91.71927459557838
15176,0.0
15177,399.25991467144496
15178,92.96571359300003
15179,432.78755277163395
15180,0.0
15181,393.8665102799371
15182,344.91689984035236
15183,374.70264390668086
15184,68.92116756833155
15185,415.8294982183649
15186,469.28835045075783
15187,484.8440023209321
15188,376.86979108748574
15189,357.09311030585917
15190,0.0
15191,438.1798352270921
15192,0.0
15193,261.80015072686825
15194,225.45246570894906
15195,186.58333474829868
15196,129.61287702855975
15197,0.0
15198,0.0
15199,0.0
15200,0.0
15201,0.0
15202,0.0
15203,0.0
15204,0.0
15205,0.0
15206,0.0
15207,0.0
15208,0.0
15209,0.0
15210,0.0
15211,0.0
15212,0.0
15213,0.0
15214,0.0
15215,0.0
15216,0.0
15217,0.0
15218,0.0
15219,0.0
15220,0.0
15221,0.0
15222,0.0
15223,0.0
15224,0.0
15225,0.0
15226,0.0
15227,0.0
15228,0.0
15229,0.0
15230,0.0
15231,0.0
15232,0.0
15233,0.0
15234,0.0
15235,0.0
15236,0.0
15237,161.92175050254605
15238,0.0
15239,212.48912262627897
15240,89.00634077043458
15241,0.0
15242,0.0
15243,231.17960135448044
15244,227.57903854015512
15245,371.77513216857494
15246,20.301755989873243
15247,0.0
15248,202.33600785118273
15249,450.02203806566354
15250,1.715416384159596
15251,68.133202433093
15252,0.0
15253,479.5377321081834
15254,178.85245323329514
15255,385.1883936499839
15256,0.0
15257,125.12227945299333
15258,159.34975096843425
15259,262.32036139941556
15260,0.0
15261,517.1058652172319
15262,228.40578815412778
15263,640.360978232201
15264,0.0
15265,343.2004691773021
15266,49.24460309740016
15267,358.78082343297103
15268,0.0
15269,0.0
15270,0.0
15271,304.7650041671857
15272,0.0
15273,0.0
15274,33.41624423456062
15275,60.81952618092686
15276,0.0
15277,0.0
15278,339.2261563522228
15279,8.529254147734605
15280,0.0
15281,0.0
15282,0.0
15283,77.03023002459031
15284,0.0
15285,0.0
15286,261.7255078383712
15287,134.88433374342503
15288,86.36517655842563
15289,44.286513135771195
15290,0.0
15291,0.0
15292,0.0
15293,0.0
15294,0.0
15295,0.0
15296,0.0
15297,0.0
15298,0.0
15299,0.0
15300,0.0
15301,0.0
15302,0.0
15303,0.0
15304,0.0
15305,0.0
15306,0.0
15307,0.0
15308,0.0
15309,0.0
15310,0.0
15311,0.0
15312,0.0
15313,0.0
15314,0.0
15315,0.0
15316,0.0
15317,0.0
15318,0.0
15319,0.0
15320,0.0
15321,0.0
15322,0.0
15323,0.0
15324,0.0
15325,0.0
15326,0.0
15327,0.0
15328,0.0
15329,0.0
15330,0.0
15331,0.0
15332,186.13105373832343
15333,0.0
15334,101.87358355552334
15335,225.0311704930861
15336,219.02605110221577
15337,0.0
15338,0.0
15339,216.21235445401294
15340,164.6881168542937
15341,374.3710594883943
15342,10.912534782749276
15343,40.54507765841595
15344,207.3515670247142
15345,374.113216720587
15346,0.0
15347,374.9246746042566
15348,0.0
15349,23.465622363129455
15350,53.507155446255865
15351,445.35183731498665
15352,0.0
15353,260.7777262068678
15354,9.53935550670343
15355,147.770935680094
15356,0.0
15357,418.47960177725867
15358,90.73382233726335
15359,558.3146463396433
15360,0.0
15361,34.11476248659437
15362,110.1911089599073
15363,116.42325066217484
15364,49.15096922480734
15365,391.07500466767425
15366,70.88702352792518
15367,256.3622856080912
15368,0.0
15369,0.0
15370,0.0
15371,332.23186461331625
15372,0.0
15373,350.5517863077811
15374,0.0
15375,380.5699758077488
15376,0.0
15377,0.0
15378,67.29301892935786
15379,59.26657076912164
15380,0.0
15381,297.2136948104594
15382,0.0
15383,29.61726064445577
15384,91.8317718389631
15385,63.306710780369585
15386,21.147541236360418
15387,3.039271791551279
15388,0.0
15389,0.0
15390,0.0
15391,0.0
15392,0.0
15393,0.0
15394,0.0
15395,0.0
15396,0.0
15397,0.0
15398,0.0
15399,0.0
15400,0.0
15401,0.0
15402,0.0
15403,0.0
15404,0.0
15405,0.0
15406,0.0
15407,0.0
15408,0.0
15409,0.0
15410,0.0
15411,0.0
15412,0.0
15413,0.0
15414,0.0
15415,0.0
15416,0.0
15417,0.0
15418,0.0
15419,0.0
15420,0.0
15421,0.0
15422,0.0
15423,0.0
15424,0.0
15425,0.0
15426,0.0
15427,0.0
15428,211.8392157425933
15429,0.0
15430,194.34058000945996
15431,0.0
15432,679.3941376126988
15433,38.048136629114936
15434,125.6589457227854
15435,0.0
15436,252.3408148742585
15437,390.75791077171027
15438,15.753004288005968
15439,344.7958190932513
15440,47.63468645869443
15441,337.483778421998
15442,59.18619567752421
15443,26.38953598207047
15444,0.0
15445,376.71903434706616
15446,90.44559981018443
15447,427.3902561753124
15448,0.0
15449,0.0
15450,104.71848696784235
15451,414.16382273413836
15452,0.0
15453,67.46845949697877
15454,431.02565318152585
15455,273.52004294898165
15456,76.8970059100123
15457,0.0
15458,2.8268170484667507
15459,58.809675268488945
15460,0.0
15461,341.593085941074
15462,0.0
15463,331.52816563567114
15464,0.0
15465,332.6058176264791
15466,0.0
15467,361.5073820974105
15468,0.0
15469,158.56873725960858
15470,0.0
15471,0.0
15472,0.0
15473,26.170810034050305
15474,62.932682981738026
15475,117.65091270437074
15476,0.0
15477,360.6316752253789
15478,331.7742378758668
15479,46.8615407703785
15480,189.98193645127225
15481,0.0
15482,0.0
15483,0.0
15484,0.0
15485,0.0
15486,0.0
15487,0.0
15488,0.0
15489,0.0
15490,0.0
15491,0.0
15492,0.0
15493,0.0
15494,0.0
15495,0.0
15496,0.0
15497,0.0
15498,0.0
15499,0.0
15500,0.0
15501,0.0
15502,0.0
15503,0.0
15504,0.0
15505,0.0
15506,0.0
15507,0.0
15508,0.0
15509,0.0
15510,0.0
15511,0.0
15512,0.0
15513,0.0
15514,0.0
15515,0.0
15516,0.0
15517,0.0
15518,0.0
15519,0.0
15520,0.0
15521,0.0
15522,0.0
15523,0.0
15524,245.12917546972952
15525,0.0
15526,200.97516077825614
15527,0.0
15528,365.9493599930538
15529,24.07091245412647
15530,212.86317960400044
15531,0.0
15532,247.3074190673663
15533,326.67102817829954
15534,61.15196891415263
15535,407.0371361460199
15536,29.969129252423784
15537,373.8730401621614
15538,20.106744627133708
15539,344.8065542470095
15540,0.0
15541,55.69880213966388
15542,80.14957587678089
15543,396.5554014236434
15544,0.0
15545,331.8216125274792
15546,13.231915051112878
15547,371.7216113886616
15548,0.0
15549,73.77850363658519
15550,402.4967265605391
15551,169.10045784046588
15552,0.0
15553,309.5429904663074
15554,31.558305991986742
15555,82.81639496142884
15556,158.97436381517156
15557,346.1438608170086
15558,13.700618195943775
15559,356.89171355849345
15560,0.0
15561,336.7307279582044
15562,0.0
15563,0.0
15564,299.94677330573535
15565,337.31108221387325
15566,4.567923454591266
15567,361.7333049997998
15568,0.0
15569,345.3546346318359
15570,78.24768714892372
15571,80.09524694357748
15572,0.0
15573,0.0
15574,0.0
15575,235.72842997282098
15576,0.0
15577,2.286346551023173
15578,0.0
15579,0.0
15580,0.0
15581,0.0
15582,0.0
15583,0.0
15584,0.0
15585,0.0
15586,0.0
15587,0.0
15588,60.19092706957505
15589,115.6089635650393
15590,0.0
15591,120.81284105079074
15592,0.0
15593,0.0
15594,0.0
15595,0.0
15596,0.0
15597,0.0
15598,0.0
15599,0.0
15600,0.0
15601,0.0
15602,0.0
15603,0.0
15604,0.0
15605,0.0
15606,0.0
15607,0.0
15608,0.0
15609,0.0
15610,0.0
15611,0.0
15612,0.0
15613,0.0
15614,0.0
15615,0.0
15616,0.0
15617,0.0
15618,0.0
15619,0.0
15620,214.418601147533
15621,0.0
15622,0.0
15623,41.70899445235576
15624,627.7384637677784
15625,0.0
15626,224.78615446267233
15627,0.0
15628,109.67009197181318
15629,288.29745467416416
15630,0.0
15631,357.44571823477105
15632,61.828365661518376
15633,378.8911860230113
15634,14.93407506142944
15635,310.1350383331145
15636,43.849936827514966
15637,354.2806982097056
15638,0.0
15639,86.06362158658652
15640,0.0
15641,517.9991443854743
15642,0.0
15643,529.1222120184993
15644,0.0
15645,117.95530850265953
15646,70.07943120664879
15647,519.7118551054335
15648,0.0
15649,0.0
15650,531.1956947155425
15651,413.28368096285703
15652,69.50153501569369
15653,323.6055405375278
15654,22.18284065391572
15655,361.9968517838046
15656,0.0
15657,178.29936140801897
15658,52.50481185449382
15659,295.2142292912511
15660,0.0
15661,316.09321116433944
15662,0.0
15663,99.21083742720361
15664,0.0
15665,199.83052622413055
15666,0.0
15667,0.0
15668,0.0
15669,0.0
15670,309.5649203054029
15671,0.2937091036376387
15672,0.0
15673,0.0
15674,0.0
15675,0.0
15676,0.0
15677,0.0
15678,0.0
15679,0.0
15680,0.0
15681,0.0
15682,0.0
15683,0.0
15684,0.0
15685,0.0
15686,0.0
15687,0.0
15688,0.0
15689,0.0
15690,0.0
15691,0.0
15692,0.0
15693,0.0
15694,0.0
15695,0.0
15696,0.0
15697,0.0
15698,0.0
15699,0.0
15700,0.0
15701,0.0
15702,0.0
15703,0.0
15704,0.0
15705,0.0
15706,0.0
15707,0.0
15708,0.0
15709,0.0
15710,0.0
15711,0.0
15712,0.0
15713,0.0
15714,0.0
15715,0.0
15716,195.7472418969827
15717,154.2215198840474
15718,0.0
15719,0.0
15720,368.6727035762125
15721,0.0
15722,127.0667301324126
15723,0.0
15724,85.94769876190747
15725,289.2712627669506
15726,0.0
15727,282.3120348647614
15728,33.48510038389492
15729,309.83512219489734
15730,0.0
15731,0.0
15732,0.0
15733,258.8327689574123
15734,0.0
15735,331.1256713170408
15736,0.0
15737,122.50347969457829
15738,0.0
15739,347.516221578002
15740,0.0
15741,0.0
15742,157.73067412106792
15743,353.26682362280485
15744,0.0
15745,331.9528872783848
15746,204.79895909580227
15747,677.1369592166229
15748,0.0
15749,0.0
15750,372.99270913246005
15751,15.215801699678877
15752,29.61578016482457
15753,60.21060397737017
15754,25.3625166472342
15755,344.94415262502207
15756,0.0
15757,323.6172607910865
15758,19.936652103024926
15759,104.2047910145379
15760,4.965046520855196
15761,21.773676916398472
15762,62.5786389112385
15763,110.64020419303296
15764,83.85094131405191
15765,46.176337819776734
15766,279.80631385186655
15767,30.845276692076254
15768,46.063994265122986
15769,42.42678630778105
15770,0.0
15771,0.0
15772,0.0
15773,0.0
15774,0.0
15775,0.0
15776,0.0
15777,0.0
15778,0.0
15779,0.0
15780,0.0
15781,0.0
15782,0.0
15783,0.0
15784,0.0
15785,0.0
15786,0.0
15787,0.0
15788,0.0
15789,0.0
15790,0.0
15791,0.0
15792,0.0
15793,0.0
15794,0.0
15795,0.0
15796,0.0
15797,0.0
15798,0.0
15799,0.0
15800,0.0
15801,0.0
15802,0.0
15803,0.0
15804,0.0
15805,0.0
15806,0.0
15807,0.0
15808,0.0
15809,0.0
15810,0.0
15811,0.0
15812,223.57707481873416
15813,0.0
15814,182.68600259698647
15815,0.0
15816,586.3007088564057
15817,0.0
15818,0.0
15819,0.0
15820,15.839440507303891
15821,307.660769147153
15822,0.0
15823,375.14062137094254
15824,72.80085278459484
15825,44.257602226033555
15826,28.41497271046029
15827,340.9140360640826
15828,0.0
15829,381.2542234070489
15830,31.210343885116288
15831,181.4076212071052
15832,0.0
15833,395.10903043012473
15834,0.0
15835,130.46114198701844
15836,0.0
15837,172.74754845781752
15838,90.99741276038594
15839,776.1449770760835
15840,5.850714809527972
15841,363.6730645269466
15842,74.4977884301822
15843,449.2546903067158
15844,0.0
15845,0.0
15846,107.22043789311067
15847,89.2991183124625
15848,90.78429972820999
15849,371.32172075404725
15850,24.595185884983948
15851,391.51645502783543
15852,0.0
15853,85.4893310321832
15854,9.792540839485468
15855,54.802928933128555
15856,0.0
15857,0.0
15858,0.0
15859,84.07257664472047
15860,271.077271342963
15861,268.0365258875726
15862,0.0
15863,248.92592984769882
15864,48.28302904966617
15865,63.083097053569205
15866,0.2669593373500234
15867,0.30979793797155253
15868,0.0
15869,0.0
15870,0.0
15871,0.0
15872,0.0
15873,0.0
15874,0.0
15875,0.0
15876,0.0
15877,0.0
15878,0.0
15879,0.0
15880,0.0
15881,0.0
15882,0.0
15883,0.0
15884,0.0
15885,0.0
15886,0.0
15887,0.0
15888,0.0
15889,0.0
15890,0.0
15891,0.0
15892,0.0
15893,0.0
15894,0.0
15895,0.0
15896,0.0
15897,0.0
15898,0.0
15899,0.0
15900,0.0
15901,0.0
15902,0.0
15903,0.0
15904,0.0
15905,0.0
15906,0.0
15907,0.0
15908,163.06942818165084
15909,0.0
15910,60.77348113544721
15911,199.03231409350747
15912,135.00776726629903
15913,0.0
15914,0.0
15915,216.31242442517674
15916,228.24125854795784
15917,319.73157705019884
15918,0.0
15919,341.47917934515283
15920,0.0
15921,0.0
15922,0.0
15923,363.49128574267394
15924,0.0
15925,295.3537150460981
15926,100.74809298999708
15927,92.5723092014922
15928,0.0
15929,361.8319739787019
15930,0.0
15931,454.65976166694145
15932,0.0
15933,28.723988421522847
15934,0.0
15935,185.2001648936348
15936,40.551897933688565
15937,103.46558836973463
15938,81.88677308139438
15939,568.151040058641
15940,0.0
15941,348.31212028814014
15942,0.0
15943,12.773599999925125
15944,0.0
15945,319.45989030665976
15946,0.0
15947,327.79665969545374
15948,0.0
15949,343.1212515767451
15950,0.0
15951,33.50844396705361
15952,0.0
15953,13.920456028625722
15954,20.32658245981571
15955,43.925680393354924
15956,0.0
15957,0.0
15958,323.99728965101195
15959,435.3605434881856
15960,0.0
15961,22.710661343363242
15962,0.0
15963,0.0
15964,0.0
15965,0.0
15966,0.0
15967,0.0
15968,0.0
15969,0.0
15970,0.0
15971,0.0
15972,0.0
15973,0.0
15974,0.0
15975,0.0
15976,0.0
15977,0.0
15978,0.0
15979,0.0
15980,0.0
15981,0.0
15982,0.0
15983,0.0
15984,0.0
15985,0.0
15986,0.0
15987,0.0
15988,0.0
15989,0.0
15990,0.0
15991,0.0
15992,0.0
15993,0.0
15994,0.0
15995,0.0
15996,0.0
15997,0.0
15998,0.0
15999,0.0
16000,0.0
16001,0.0
16002,0.0
16003,0.0
16004,255.86457259487347
16005,0.0
16006,115.8344195677618
16007,0.0
16008,711.9796242871869
16009,0.0
16010,0.0
16011,0.0
16012,591.0976154695336
16013,62.48591392089861
16014,49.510062128490745
16015,35.75650112591239
16016,352.1059598464419
16017,61.938745248256055
16018,433.0667193649853
16019,73.54610184206376
16020,0.0
16021,39.69516038138113
16022,407.11243873857404
16023,194.84831058195067
16024,0.0
16025,110.34299498735095
16026,55.21969390449249
16027,153.39026297399124
16028,0.0
16029,246.19079787756118
16030,259.3691853500819
16031,1019.6310141063565
16032,0.0
16033,418.2458678228217
16034,140.28975129638889
16035,481.56202593507754
16036,0.0
16037,299.5871442301471
16038,46.27786787453505
16039,517.4460429144751
16040,0.0
16041,85.8688606703779
16042,55.967546645977336
16043,28.096876717998384
16044,258.7172522841811
16045,59.332910625079535
16046,343.6276392390066
16047,21.69463284589898
16048,0.0
16049,15.137880704046722
16050,7.729444674489571
16051,68.6070943876623
16052,100.66413523144962
16053,235.80303177598296
16054,182.03390195415022
16055,480.47175041026674
16056,33.63364044693118
16057,16.448506639050066
16058,0.0
16059,0.0
16060,0.0
16061,0.0
16062,0.0
16063,0.0
16064,0.0
16065,0.0
16066,0.0
16067,0.0
16068,0.0
16069,0.0
16070,0.0
16071,0.0
16072,0.0
16073,0.0
16074,0.0
16075,0.0
16076,0.0
16077,0.0
16078,0.0
16079,0.0
16080,0.0
16081,0.0
16082,0.0
16083,0.0
16084,0.0
16085,0.0
16086,0.0
16087,0.0
16088,0.0
16089,0.0
16090,0.0
16091,0.0
16092,0.0
16093,0.0
16094,0.0
16095,0.0
16096,0.0
16097,0.0
16098,0.0
16099,0.0
16100,0.0
16101,0.0
16102,0.0
16103,0.0
16104,0.0
16105,0.0
16106,0.0
16107,0.0
16108,0.0
16109,0.0
16110,0.0
16111,0.0
16112,0.0
16113,0.0
16114,0.0
16115,0.0
16116,0.0
16117,0.0
16118,0.0
16119,0.0
16120,0.0
16121,0.0
16122,0.0
16123,0.0
16124,0.0
16125,0.0
16126,0.0
16127,0.0
16128,0.0
16129,0.0
16130,0.0
16131,0.0
16132,0.0
16133,0.0
16134,0.0
16135,0.0
16136,0.0
16137,0.0
16138,0.0
16139,0.0
16140,0.0
16141,0.0
16142,0.0
16143,0.0
16144,0.0
16145,0.0
16146,0.0
16147,0.0
16148,0.0
16149,0.0
16150,0.0
16151,0.0
16152,0.0
16153,0.0
16154,0.0
16155,0.0
16156,0.0
16157,0.0
16158,0.0
16159,44.390783288016365
16160,258.2161616582261
16161,148.2300538067654
16162,395.14549909833494
16163,327.15018628185896
16164,0.0
16165,0.0
16166,0.0
16167,0.0
16168,0.0
16169,0.0
16170,0.0
16171,0.0
16172,0.0
16173,0.0
16174,0.0
16175,0.0
16176,0.0
16177,0.0
16178,0.0
16179,0.0
16180,0.0
16181,0.0
16182,0.0
16183,0.0
16184,0.0
16185,0.0
16186,0.0
16187,0.0
16188,0.0
16189,0.0
16190,0.0
16191,0.0
16192,0.0
16193,0.0
16194,0.0
16195,0.0
16196,247.56603529614304
16197,226.39363317366704
16198,0.0
16199,0.0
16200,401.85949380093496
16201,18.613883223322944
16202,0.0
16203,0.0
16204,628.2765134808392
16205,352.46251989994335
16206,51.68377941418487
16207,465.42146336220685
16208,431.81638816275006
16209,92.72426551047414
16210,311.8787654199523
16211,344.4923408136382
16212,0.0
16213,248.31606348304595
16214,458.90286263745213
16215,244.15886526034183
16216,0.0
16217,343.3004436736993
16218,337.19033153018984
16219,347.6798278590044
16220,0.0
16221,389.8701423924968
16222,406.3230359172654
16223,19.43159660067903
16224,0.0
16225,0.0
16226,357.1955388982216
16227,406.94751729435353
16228,0.0
16229,381.2698092230008
16230,322.37991172078716
16231,346.6216538889618
16232,0.0
16233,184.42876966484826
16234,357.67071128946156
16235,28.59414781071706
16236,0.0
16237,488.57693859624516
16238,417.5110238556933
16239,464.88960341656485
16240,0.0
16241,358.62837161464097
16242,422.5247287175406
16243,104.40247250762786
16244,0.0
16245,321.12211031446253
16246,393.1319442302031
16247,16.411922246666677
16248,0.0
16249,5.2610477977001535
16250,0.8855291747882923
16251,0.0
16252,0.0
16253,0.0
16254,0.0
16255,0.0
16256,0.0
16257,0.0
16258,0.0
16259,0.0
16260,0.0
16261,0.0
16262,0.0
16263,0.0
16264,0.0
16265,0.0
16266,0.0
16267,0.0
16268,0.0
16269,0.0
16270,0.0
16271,0.0
16272,0.0
16273,0.0
16274,0.0
16275,0.0
16276,0.0
16277,0.0
16278,0.0
16279,0.0
16280,0.0
16281,0.0
16282,0.0
16283,0.0
16284,0.0
16285,0.0
16286,0.0
16287,0.0
16288,19.489177878380605
16289,0.0
16290,0.0
16291,0.0
16292,125.49503416592881
16293,0.0
16294,86.41947532035198
16295,189.27846128291569
16296,65.60967412967125
16297,248.6346371597154
16298,0.0
16299,252.35573800959227
16300,473.33642502909237
16301,110.0804093611398
16302,348.16638349507576
16303,0.0
16304,61.773823804035544
16305,326.6268516112706
16306,313.14594431651676
16307,0.0
16308,245.39083470088684
16309,309.55079187263203
16310,3.865512997743849
16311,377.6719998102593
16312,0.0
16313,346.54246293082525
16314,97.97222647852698
16315,97.35029550061387
16316,122.2176885897926
16317,338.114782330336
16318,0.0
16319,508.83141244982494
16320,0.0
16321,362.40454382474354
16322,373.9963678874402
16323,0.0
16324,337.9901224451416
16325,161.18174194383363
16326,109.28613618052657
16327,465.6893943315166
16328,0.0
16329,444.15602132781373
16330,336.5281656356711
16331,7.326942271732207
16332,326.32173775074466
16333,45.00157240842782
16334,0.0
16335,0.0
16336,0.0
16337,315.49057306415045
16338,63.23557847376736
16339,73.7237862817841
16340,0.0
16341,25.474652793254165
16342,293.61771918384795
16343,239.22410798492706
16344,0.0
16345,0.0
16346,0.0
16347,0.0
16348,0.0
16349,0.0
16350,0.0
16351,0.0
16352,0.0
16353,0.0
16354,0.0
16355,0.0
16356,0.0
16357,0.0
16358,0.0
16359,0.0
16360,0.0
16361,0.0
16362,0.0
16363,0.0
16364,0.0
16365,0.0
16366,0.0
16367,0.0
16368,0.0
16369,0.0
16370,0.0
16371,0.0
16372,0.0
16373,0.0
16374,0.0
16375,0.0
16376,0.0
16377,0.0
16378,0.0
16379,0.0
16380,0.0
16381,0.0
16382,0.0
16383,0.0
16384,170.60200733040526
16385,0.0
16386,0.0
16387,93.52934706871845
16388,396.88674928601813
16389,299.14981952463296
16390,217.92938843020102
16391,0.0
16392,363.99859786892057
16393,262.9170706699964
16394,291.291534221944
16395,260.70597259824336
16396,532.9667012294703
16397,383.47572656914247
16398,45.28723489060866
16399,372.0098509124379
16400,424.17422782447886
16401,424.8753497605286
16402,354.90651174670927
16403,386.92288519039715
16404,318.8380029678645
16405,47.14906533799615
16406,407.10721437384484
16407,490.22455674907894
16408,193.3121712782324
16409,395.99841739355355
16410,426.7982083085053
16411,527.2616700919095
16412,0.0
16413,419.8480703334385
16414,460.62576254691146
16415,673.2327910616757
16416,0.0
16417,378.8288427592039
16418,351.0451918381066
16419,57.68400395144806
16420,0.0
16421,355.1285254475876
16422,312.3305772313362
16423,410.6751140330599
16424,168.84973057239756
16425,345.40767504424156
16426,266.9943087356039
16427,409.6896884171653
16428,0.0
16429,357.41755259909996
16430,331.77227803802816
16431,358.2445962987214
16432,282.78039094947724
16433,292.8868613347039
16434,381.24310874426334
16435,443.33605246537445
16436,387.37193564558737
16437,11.445208688173238
16438,349.2273404856836
16439,443.2652148138298
16440,436.92543248349375
16441,485.8568800655312
16442,315.8322553125492
16443,424.5701965057808
16444,0.0
16445,0.0
16446,0.0
16447,0.0
16448,43.3077546611284
16449,0.0
16450,60.9304466243571
16451,0.0
16452,177.0207294249766
16453,379.71606546742015
16454,335.99887381905427
16455,0.0
16456,0.0
16457,165.46210753633875
16458,161.34760229495402
16459,208.58725131789748
16460,0.0
16461,4.552495457447883
16462,0.0
16463,0.0
16464,0.0
16465,0.0
16466,0.0
16467,0.0
16468,89.27887903023395
16469,210.34088456927483
16470,193.29596982011955
16471,252.23906737417735
16472,0.0
16473,0.0
16474,0.0
16475,0.0
16476,0.0
16477,0.0
16478,91.15046337081023
16479,168.97435885423621
16480,140.3495860747995
16481,187.18156005350139
16482,0.0
16483,0.0
16484,318.9004622319926
16485,243.83555892328712
16486,200.09888925415586
16487,231.35440118200248
16488,382.17667964280895
16489,222.09494563647166
16490,0.0
16491,32.35727188646837
16492,352.88859933569285
16493,428.2962840256574
16494,386.49024766840705
16495,378.1612626892403
16496,337.70708064367403
16497,288.61725114536347
16498,353.72630821790864
16499,364.4118176955861
16500,0.0
16501,343.58348547516687
16502,488.82749360259083
16503,498.1614621456789
16504,213.16415081318186
16505,359.77796930242425
16506,364.1067038350601
16507,371.56841019799975
16508,0.0
16509,352.5629523834371
16510,303.580881791151
16511,457.03187198140404
16512,126.67886741725019
16513,373.2770394547254
16514,326.4372810663963
16515,339.98050498253707
16516,0.0
16517,331.2542234070489
16518,318.49649311070567
16519,408.11214465292534
16520,228.78217258958398
16521,327.9057071222759
16522,283.96650177303167
16523,264.2288036753565
16524,275.07011802771166
16525,307.3669029464308
16526,0.0
16527,335.23631099603244
16528,329.17295630037853
16529,376.92025486396085
16530,390.10647038522666
16531,397.9446801605042
16532,379.8790046762776
16533,420.74500441743
16534,475.1139835123945
16535,603.8714027263916
16536,461.43110518959656
16537,523.8733165350733
16538,29.44235569644411
16539,352.7243089858482
16540,0.0
16541,0.0
16542,0.0
16543,0.0
16544,0.0
16545,0.0
16546,0.0
16547,0.0
16548,56.35817084685078
16549,281.5839821233326
16550,227.53312566325042
16551,168.5134141926515
16552,0.0
16553,0.0
16554,0.0
16555,59.840723791018696
16556,258.25191266986405
16557,229.12053309172973
16558,207.39109365432304
16559,141.54979629866534
16560,269.41619607439924
16561,202.95167922003063
16562,219.48244853971767
16563,0.0
16564,0.0
16565,228.88787276655037
16566,220.617312203957
16567,273.97745181833005
16568,186.7690327854703
16569,0.0
16570,0.0
16571,214.62152285920453
16572,185.98733361808442
16573,170.67443534793125
16574,141.0691452569343
16575,177.52850802811196
16576,293.39756403954976
16577,239.1311631249983
16578,0.0
16579,195.6775352573346
16580,237.8007679306251
16581,178.70315402268733
16582,158.431805832358
16583,195.62083184505275
16584,430.875858021678
16585,0.0
16586,140.61629807169706
16587,168.25586437167533
16588,409.97790129852126
16589,253.5991052845136
16590,334.1041437901621
16591,370.25318533278204
16592,372.5110408523907
16593,354.54817119191875
16594,352.8070381433738
16595,318.3913282429741
16596,0.0
16597,383.05113354903347
16598,467.96798975026803
16599,614.7661810620759
16600,300.94649621678406
16601,501.0944486950449
16602,302.05400467627766
16603,469.387107959117
16604,0.0
16605,359.0028371338493
16606,451.59431382605646
16607,792.1511958759618
16608,0.0
16609,0.0
16610,185.5765226866705
16611,400.6945920538254
16612,83.55630067728688
16613,324.27420232087604
16614,275.5868937836162
16615,0.0
16616,0.0
16617,226.80086298261347
16618,233.78346111038172
16619,331.02051609503235
16620,229.77542625422365
16621,315.70369897764516
16622,318.2277219619718
16623,338.3082014409061
16624,313.67270087579897
16625,328.6869981709531
16626,301.7836346404393
16627,0.0
16628,317.49373756100397
16629,360.47608524224137
16630,313.64021905872585
16631,327.2068301971432
16632,402.44502297572325
16633,368.6940560114378
16634,320.9519381734669
16635,0.0
16636,734.7840513955704
16637,383.50919971528623
16638,203.45994285834792
16639,253.2080460463636
16640,232.95095421248402
16641,190.83983063712813
16642,204.76478233033603
16643,0.0
16644,0.0
16645,0.0
16646,0.0
16647,105.92025486396085
16648,0.0
16649,0.0
16650,0.0
16651,0.0
16652,0.0
16653,58.45051053878472
16654,0.0
16655,0.0
16656,0.0
16657,0.0
16658,0.0
16659,0.0
16660,143.75856353045782
16661,140.70091709589744
16662,152.58484624476367
16663,293.7299349467547
16664,0.0
16665,0.0
16666,0.0
16667,0.0
16668,0.0
16669,0.0
16670,0.0
16671,0.0
16672,0.0
16673,0.0
16674,0.0
16675,0.0
16676,0.0
16677,0.0
16678,0.0
16679,57.70761512446571
16680,386.588731927046
16681,263.5973549545015
16682,178.60906556233715
16683,0.0
16684,367.61322366589656
16685,349.7308334843589
16686,237.55222955870215
16687,324.07128827055345
16688,232.22674452352015
16689,266.9111989302333
16690,267.642203977389
16691,310.5050724990433
16692,0.0
16693,332.0085623916402
16694,354.11839744619834
16695,2.4736838617079684
16696,0.0
16697,319.97143205211216
16698,490.6828814459897
16699,491.63587355160325
16700,0.0
16701,357.4408961822586
16702,270.0389463958079
16703,659.8881936241366
16704,0.0
16705,227.11247273196886
16706,400.3518373149867
16707,46.615424891065004
16708,0.0
16709,363.3510496872507
16710,301.75929590609223
16711,321.11268918510484
16712,192.21376239158417
16713,353.9379168284464
16714,229.96626832319825
16715,348.43546501011645
16716,0.0
16717,0.0
16718,320.5660836029352
16719,333.44455493723876
16720,242.62733197877827
16721,365.035751011638
16722,399.1359856002891
16723,366.4795449635612
16724,276.95402437338856
16725,299.9766069712316
16726,339.0365800008566
16727,343.75485336260715
16728,401.96667261978905
16729,0.0
16730,193.19886531214888
16731,116.67203183639334
16732,427.3116665630529
16733,252.1883728311689
16734,181.88847368964915
16735,348.5438422587153
16736,228.9620476165628
16737,257.2131131616933
16738,307.6908892369491
16739,377.21569984901174
16740,0.0
16741,0.0
16742,0.0
16743,0.0
16744,0.0
16745,0.0
16746,0.0
16747,0.0
16748,0.0
16749,0.0
16750,0.0
16751,0.0
16752,193.96807008319416
16753,164.25630960697052
16754,110.2261930460311
16755,0.0
16756,0.0
16757,0.0
16758,0.0
16759,37.05630422325693
16760,0.0
16761,0.0
16762,0.0
16763,0.0
16764,0.0
16765,0.0
16766,0.0
16767,0.0
16768,0.0
16769,0.0
16770,0.0
16771,0.0
16772,155.64264226737467
16773,0.0
16774,149.25211864883397
16775,169.27028150638128
16776,494.07882732410235
16777,0.0
16778,231.3211916569692
16779,222.0041240930512
16780,557.1058652172319
16781,367.8343175704639
16782,45.63388183426099
16783,371.3450813339033
16784,337.22410684610946
16785,332.64479066470744
16786,0.0
16787,344.9246746042566
16788,257.7525665674293
16789,333.11607085113377
16790,46.64399283895284
16791,508.17962500322625
16792,217.15533797501084
16793,0.0
16794,365.02723578797224
16795,86.35833035677194
16796,0.0
16797,411.14902454592254
16798,366.15033006341764
16799,495.10899643672985
16800,0.0
16801,0.0
16802,397.486348112619
16803,575.8308679176453
16804,0.0
16805,362.80055190026735
16806,317.05789688109127
16807,250.41393447279728
16808,0.0
16809,372.4954380397414
16810,304.2196871058137
16811,51.24278704112032
16812,0.0
16813,284.93247601058124
16814,255.42456637768856
16815,0.0
16816,0.0
16817,363.67184017082076
16818,17.281590794187082
16819,380.5817335835589
16820,296.1769656443305
16821,245.97444696091503
16822,0.0
16823,261.0575301238652
16824,64.84170080669202
16825,24.60538981065957
16826,0.0
16827,0.0
16828,0.0
16829,0.0
16830,0.0
16831,0.0
16832,0.0
16833,0.0
16834,0.0
16835,0.0
16836,0.0
16837,0.0
16838,0.0
16839,0.0
16840,0.0
16841,0.0
16842,0.0
16843,0.0
16844,0.0
16845,0.0
16846,0.0
16847,0.0
16848,0.0
16849,0.0
16850,0.0
16851,0.0
16852,0.0
16853,0.0
16854,0.0
16855,0.0
16856,0.0
16857,0.0
16858,0.0
16859,0.0
16860,0.0
16861,0.0
16862,0.0
16863,0.0
16864,0.0
16865,0.0
16866,0.0
16867,0.0
16868,145.49670271776313
16869,0.0
16870,87.17253542986857
16871,0.0
16872,391.6121377076158
16873,0.0
16874,0.0
16875,0.0
16876,485.94840039685613
16877,0.0
16878,320.75109643244684
16879,28.22867249896848
16880,26.283065596843812
16881,31.69205580430355
16882,338.11349380953834
16883,24.65232178075962
16884,251.25686108445956
16885,69.83667760662775
16886,16.462240697100583
16887,0.0
16888,0.0
16889,0.0
16890,319.92470124667705
16891,56.38171757904843
16892,188.10054567099712
16893,0.0
16894,37.2996458479447
16895,552.8511239204238
16896,0.0
16897,28.350062050780423
16898,432.961520503859
16899,0.0
16900,152.13845399253822
16901,0.0
16902,0.0
16903,455.2738912385299
16904,0.0
16905,331.4230104136626
16906,0.0
16907,0.0
16908,0.0
16909,375.4699746689312
16910,0.0
16911,0.0
16912,0.0
16913,115.32954751734394
16914,68.12495268539476
16915,65.03093689662194
16916,0.0
16917,99.29229195455048
16918,71.1399796035962
16919,327.6708875708838
16920,0.0
16921,0.0
16922,0.0
16923,0.0
16924,0.0
16925,0.0
16926,0.0
16927,0.0
16928,0.0
16929,0.0
16930,0.0
16931,0.0
16932,0.0
16933,0.0
16934,0.0
16935,0.0
16936,0.0
16937,0.0
16938,0.0
16939,0.0
16940,0.0
16941,0.0
16942,0.0
16943,0.0
16944,0.0
16945,0.0
16946,0.0
16947,0.0
16948,0.0
16949,0.0
16950,0.0
16951,0.0
16952,0.0
16953,0.0
16954,0.0
16955,0.0
16956,0.0
16957,0.0
16958,0.0
16959,0.0
16960,0.0
16961,0.0
16962,0.0
16963,0.0
16964,158.33829585270647
16965,0.0
16966,57.74018774863116
16967,141.20551887315617
16968,36.134314317754786
16969,206.27431012466582
16970,0.0
16971,0.0
16972,162.91275590355963
16973,265.8702385833028
16974,14.870729278345891
16975,389.9249702515012
16976,30.257378421923136
16977,24.52379633317196
16978,0.0
16979,298.8211019886945
16980,0.0
16981,327.14749292956833
16982,0.0
16983,260.25680263699417
16984,0.0
16985,0.0
16986,121.09734361766527
16987,405.45828105779293
16988,0.0
16989,79.23809021187327
16990,126.91143182777114
16991,535.2428748716515
16992,0.0
16993,423.7197516932639
16994,248.7524617402005
16995,296.4270652344758
16996,0.0
16997,327.387669487994
16998,0.0
16999,370.75041278638287
17000,0.0
17001,0.0
17002,31.124666683873215
17003,392.7473082093053
17004,0.0
17005,369.78186150723786
17006,0.0
17007,0.0
17008,0.0
17009,257.2038125879268
17010,68.63357613562857
17011,334.47852544758763
17012,0.0
17013,27.637283620179062
17014,0.0
17015,0.0
17016,138.03999722187618
17017,0.0
17018,201.47026450968383
17019,151.26643066305024
17020,0.0
17021,0.0
17022,0.0
17023,0.0
17024,0.0
17025,0.0
17026,0.0
17027,0.0
17028,0.0
17029,0.0
17030,0.0
17031,0.0
17032,0.0
17033,0.0
17034,0.0
17035,0.0
17036,0.0
17037,0.0
17038,0.0
17039,0.0
17040,0.0
17041,0.0
17042,0.0
17043,0.0
17044,0.0
17045,0.0
17046,0.0
17047,0.0
17048,0.0
17049,0.0
17050,0.0
17051,0.0
17052,228.63505481617645
17053,0.0
17054,0.0
17055,0.0
17056,293.35824820321574
17057,0.0
17058,255.5459760493897
17059,0.0
17060,393.31970028039336
17061,0.0
17062,0.0
17063,0.0
17064,0.0
17065,0.0
17066,214.28517050168946
17067,291.28073376469627
17068,52.81901564214212
17069,352.2877119882942
17070,363.5847739959646
17071,8.260482999000715
17072,409.5026852681635
17073,339.5481711919187
17074,0.0
17075,317.112429092851
17076,0.0
17077,0.0
17078,313.5030059962326
17079,289.1054323109598
17080,0.0
17081,273.69904578751596
17082,317.22668388770495
17083,20.43650023733909
17084,240.15064114576376
17085,38.134517596311184
17086,60.07425048103744
17087,248.15652166857984
17088,0.0
17089,377.4019497864507
17090,412.49933024455504
17091,119.40299465939631
17092,2.5527025581220073
17093,356.363270833871
17094,314.9091154307252
17095,10.088591415309452
17096,109.41711969282792
17097,366.8358661835155
17098,300.3219881972755
17099,36.253165489040384
17100,343.3523552047458
17101,329.8311863509659
17102,0.0
17103,336.26331333417124
17104,311.0075509597938
17105,70.04441100904933
17106,449.3183560847158
17107,442.29291935632597
17108,83.50767603642845
17109,491.80780182910286
17110,36.05505960061117
17111,184.24899889568894
17112,54.85250126393972
17113,64.06178327941292
17114,0.0
17115,75.07319980159988
17116,0.0
17117,0.0
17118,0.0
17119,0.0
17120,0.0
17121,0.0
17122,0.0
17123,0.0
17124,0.0
17125,0.0
17126,0.0
17127,0.0
17128,0.0
17129,0.0
17130,0.0
17131,0.0
17132,0.0
17133,0.0
17134,0.0
17135,0.0
17136,0.0
17137,110.13448487125126
17138,0.0
17139,298.3894086278005
17140,0.0
17141,125.47838975015604
17142,0.0
17143,216.82213892414376
17144,0.0
17145,0.0
17146,0.0
17147,0.0
17148,0.0
17149,0.0
17150,0.0
17151,0.0
17152,0.0
17153,0.0
17154,0.0
17155,0.0
17156,0.0
17157,0.0
17158,0.0
17159,155.10191847635596
17160,433.2226483241109
17161,301.1206583149952
17162,0.0
17163,170.8883001595916
17164,467.7680619990671
17165,368.941813278156
17166,32.65415172765847
17167,404.23263948925086
17168,330.3596727147061
17169,342.8434341400067
17170,0.0
17171,342.92262509814327
17172,228.48616565287784
17173,70.67281123337153
17174,165.33908578583993
17175,403.67303788452614
17176,254.83513919159478
17177,322.4591026789238
17178,74.81980326987815
17179,415.34665658937536
17180,0.0
17181,308.4965101074031
17182,329.4066369699747
17183,527.10718038045
17184,0.0
17185,0.0
17186,386.1386364522794
17187,26.462240697100583
17188,0.0
17189,308.39261676377185
17190,312.65906131744117
17191,315.4297471032999
17192,0.0
17193,318.48481649626484
17194,323.1134671671179
17195,374.17033561966525
17196,0.0
17197,341.7151154998321
17198,306.70864625342307
17199,374.88441304523053
17200,11.420680971553736
17201,380.0714331909298
17202,378.9795105473881
17203,449.2936803416415
17204,38.85625534705582
17205,354.38444082646856
17206,338.69369733833895
17207,126.91908250722753
17208,0.0
17209,0.0
17210,90.23856916441575
17211,0.0
17212,0.0
17213,47.1799886372605
17214,0.0
17215,19.596269712260153
17216,0.0
17217,0.0
17218,0.0
17219,0.0
17220,0.0
17221,0.0
17222,0.0
17223,0.0
17224,0.0
17225,0.0
17226,0.0
17227,0.0
17228,0.0
17229,0.0
17230,0.0
17231,0.0
17232,0.0
17233,0.0
17234,0.0
17235,0.0
17236,0.0
17237,0.0
17238,0.0
17239,0.0
17240,0.0
17241,0.0
17242,0.0
17243,0.0
17244,286.81090868381574
17245,253.48838330533505
17246,0.0
17247,269.68029009099695
17248,398.81680436558577
17249,39.53636340108983
17250,307.7093129027896
17251,364.3283461110382
17252,99.43293923476074
17253,292.3319538588127
17254,368.56668224839876
17255,75.61188088518412
17256,617.4023386308266
17257,382.3128372115596
17258,0.0
17259,213.48923581378233
17260,641.2762008368971
17261,106.9945489841162
17262,399.783167024733
17263,53.556533574824755
17264,0.0
17265,366.6982411630825
17266,376.54635513563886
17267,29.806838134639577
17268,316.38018880973846
17269,389.6078937750128
17270,3.962893455848132
17271,532.9355392432897
17272,304.4780701609045
17273,341.1102577628116
17274,532.5771720460787
17275,760.7671585005276
17276,19.393938725668818
17277,998.2430675294113
17278,495.605124627953
17279,709.7740940943079
17280,0.0
17281,355.3219712005781
17282,441.19964755617127
17283,30.75074031313079
17284,0.0
17285,304.2950125015571
17286,276.22306877184263
17287,358.34455379842115
17288,0.0
17289,319.26902159526475
17290,320.8725126266793
17291,321.5450399724207
17292,0.0
17293,327.5889432897295
17294,274.4598806609368
17295,0.0
17296,0.0
17297,361.7746459945754
17298,387.2498620249332
17299,358.06263507182086
17300,76.86213713820683
17301,391.95405298306974
17302,403.37185602870056
17303,517.7135653422979
17304,29.03190696698573
17305,295.22875422974676
17306,266.6128086018784
17307,0.0
17308,0.0
17309,0.0
17310,77.27192247100774
17311,0.0
17312,0.0
17313,0.0
17314,0.0
17315,0.0
17316,0.0
17317,0.0
17318,0.0
17319,0.0
17320,0.0
17321,0.0
17322,0.0
17323,0.0
17324,0.0
17325,0.0
17326,0.0
17327,0.0
17328,0.0
17329,0.0
17330,0.0
17331,0.0
17332,0.0
17333,0.0
17334,0.0
17335,0.0
17336,0.0
17337,0.0
17338,0.0
17339,30.713206669199117
17340,0.0
17341,0.0
17342,0.0
17343,0.0
17344,136.66273749189702
17345,136.00966152450064
17346,0.0
17347,201.39784155127933
17348,361.04783574478745
17349,303.37062856649635
17350,0.0
17351,286.33869594927705
17352,466.10403484755466
17353,370.457515404803
17354,388.49826086019345
17355,26.427656089073253
17356,357.42277696382916
17357,368.75098396098286
17358,372.8668043655858
17359,390.00518072561135
17360,77.48015310811707
17361,380.7569523143302
17362,379.11839744619834
17363,349.8610694620719
17364,0.0
17365,356.4827233510337
17366,416.0166068935213
17367,418.7003003149189
17368,0.0
17369,403.8366271688311
17370,289.63516355637995
17371,117.62550925333636
17372,0.0
17373,431.6332868642848
17374,436.62033137476925
17375,573.8534505154885
17376,0.0
17377,329.14956907810205
17378,418.77949127305544
17379,105.662415788754
17380,257.88366905661235
17381,326.4969940037674
17382,313.89638374532007
17383,420.9296145290601
17384,0.0
17385,331.047768879702
17386,335.25576237437747
17387,346.1295635218545
17388,0.0
17389,310.62450801950854
17390,347.9836095596147
17391,336.7501793365494
17392,0.0
17393,355.453117328879
17394,397.56428454335276
17395,370.58815566199354
17396,464.79882551226217
17397,81.65450459426546
17398,43.06452323026906
17399,362.87728947847796
17400,171.80356638629195
17401,0.0
17402,0.0
17403,235.5947512704856
17404,546.9379002545272
17405,0.0
17406,227.88321957642117
17407,221.17848252450915
17408,0.0
17409,0.0
17410,0.0
17411,0.0
17412,5.811889944385051
17413,64.87186297401004
17414,0.0
17415,0.0
17416,137.97533120223525
17417,120.32407129111873
17418,0.0
17419,183.6102006729665
17420,93.37307882323046
17421,165.05834750010004
17422,0.0
17423,149.7544955179514
17424,268.23902134502043
17425,355.7539107631069
17426,242.74955165862642
17427,295.65397026010453
17428,0.0
17429,267.55565528662703
17430,254.00202628014574
17431,412.7217876191326
17432,0.0
17433,181.5425181829269
17434,237.50976394457672
17435,226.26200978393686
17436,319.27293235837163
17437,0.0
17438,0.0
17439,334.5585512014347
17440,266.4300555023459
17441,212.65054723259308
17442,0.0
17443,233.35813841505183
17444,396.9468544842181
17445,206.33409106594002
17446,244.6267333333147
17447,313.25822113801695
17448,603.8590138562056
17449,0.0
17450,308.2125454035462
17451,344.1551324188192
17452,551.259343496845
17453,361.1918971399389
17454,404.1794255467876
17455,104.56532941629837
17456,403.3835268366495
17457,373.41469846855324
17458,356.64632963203604
17459,375.95299210561353
17460,302.62142043912837
17461,39.626330874467214
17462,406.6371960657958
17463,551.3190660799391
17464,178.45370550017643
17465,392.1513681376845
17466,473.78078943957615
17467,249.7794640783394
17468,253.59779976701844
17469,419.98048798583966
17470,544.0157416332726
17471,398.5732356498515
17472,0.0
17473,327.85637263282484
17474,358.9976297658176
17475,301.6489333160519
17476,0.0
17477,400.75690867521234
17478,367.9134915319031
17479,4.030390802846512
17480,0.0
17481,372.66293652555737
17482,317.43182325183363
17483,431.0126710495898
17484,0.0
17485,51.19347919408972
17486,335.28561884306305
17487,0.0
17488,178.92687088560328
17489,348.17375978599443
17490,373.90213450671376
17491,63.92838265821581
17492,342.8200113627395
17493,161.48867330185087
17494,328.12252153924953
17495,450.7516923946103
17496,0.0
17497,0.0
17498,0.0
17499,46.0896209055248
17500,0.0
17501,0.0
17502,0.0
17503,0.0
17504,0.0
17505,0.0
17506,0.0
17507,0.0
17508,0.0
17509,0.0
17510,0.0
17511,0.0
17512,0.0
17513,0.0
17514,0.0
17515,0.0
17516,0.0
17517,0.0
17518,0.0
17519,0.0
17520,0.0
17521,0.0
17522,0.0
17523,0.0
17524,0.0
17525,0.0
17526,0.0
17527,0.0
17528,0.0
17529,0.0
17530,0.0
17531,0.0
17532,0.0
17533,0.0
17534,0.0
17535,0.0
17536,0.0
17537,0.0
17538,0.0
17539,0.0
17540,167.63606073182643
17541,0.0
17542,41.36866716706187
17543,0.0
17544,239.3323309606875
17545,276.83797518662647
17546,0.0
17547,123.6232959924059
17548,280.3224742417576
17549,352.49183297526696
17550,32.25320218284867
17551,0.0
17552,77.51129809760033
17553,357.09035703379266
17554,36.942610810649285
17555,271.62169752807966
17556,0.0
17557,369.71694120183497
17558,34.9716892973218
17559,46.42326765887225
17560,0.0
17561,386.35804646914187
17562,42.50091964968021
17563,458.8690703248351
17564,0.0
17565,63.238367300824564
17566,121.49335169318903
17567,849.2532295241953
17568,0.0
17569,0.0
17570,0.0
17571,63.520093939073945
17572,148.6822054441612
17573,0.0
17574,30.27160543553896
17575,330.1752562530227
17576,0.0
17577,336.62683461457317
17578,27.356808386140756
17579,432.22796505752825
17580,0.0
17581,0.0
17582,0.0
17583,296.3827658513339
17584,0.0
17585,301.0931767481663
17586,62.58787759796837
17587,378.15883139646434
17588,0.0
17589,339.1693331003891
17590,11.278153876056592
17591,66.02626670979532
17592,0.0
17593,0.0
17594,0.0
17595,34.229112902845664
17596,0.0
17597,0.0
17598,0.0
17599,0.0
17600,0.0
17601,0.0
17602,0.0
17603,0.0
17604,0.0
17605,0.0
17606,0.0
17607,0.0
17608,0.0
17609,0.0
17610,0.0
17611,0.0
17612,0.0
17613,0.0
17614,0.0
17615,0.0
17616,0.0
17617,0.0
17618,0.0
17619,0.0
17620,0.0
17621,0.0
17622,0.0
17623,0.0
17624,0.0
17625,0.0
17626,0.0
17627,0.0
17628,259.4885282257114
17629,0.0
17630,234.23534289292937
17631,337.82659578102607
17632,47.67464004145279
17633,374.1635753936859
17634,0.0
17635,48.43807859888949
17636,493.5880096199129
17637,0.0
17638,0.0
17639,192.73248295589076
17640,559.699664975647
17641,0.6725306155636304
17642,275.9500811613693
17643,311.6603026702644
17644,125.4975113412309
17645,326.36199930977074
17646,377.608421310495
17647,101.411574047734
17648,362.6525484319143
17649,302.9343187092815
17650,10.409264449366788
17651,354.6754081187086
17652,281.3425212890053
17653,0.0
17654,359.15214611969753
17655,314.063882231136
17656,0.0
17657,411.9877618566822
17658,432.2409205470438
17659,55.10152990812759
17660,0.0
17661,460.0194173849502
17662,381.74498161424066
17663,623.5535173805738
17664,0.0
17665,311.6658076528015
17666,403.6665516414197
17667,0.0
17668,0.0
17669,348.16798238218024
17670,347.11372725937173
17671,0.0
17672,0.0
17673,340.0389293991105
17674,355.95946135202263
17675,0.0
17676,0.0
17677,272.9473008412175
17678,316.1386534489768
17679,361.78524317326674
17680,0.0
17681,355.98024489028325
17682,406.43081181998724
17683,394.1469653940862
17684,0.0
17685,305.49259976707447
17686,261.49625852205463
17687,0.0
17688,0.0
17689,0.0
17690,0.0
17691,0.0
17692,0.0
17693,0.0
17694,0.0
17695,0.0
17696,0.0
17697,0.0
17698,0.0
17699,0.0
17700,0.0
17701,0.0
17702,0.0
17703,0.0
17704,190.78889922783344
17705,282.6650099736776
17706,320.76938721367316
17707,0.0
17708,0.0
17709,0.0
17710,0.0
17711,0.0
17712,0.0
17713,0.0
17714,0.0
17715,0.0
17716,101.38412972700907
17717,287.6486805918858
17718,269.30799235585783
17719,179.8768858979263
17720,0.0
17721,354.21751476647404
17722,250.56526042020846
17723,0.0
17724,0.0
17725,105.83749015144456
17726,0.0
17727,99.80919929250801
17728,185.43634541220555
17729,190.6415114187547
17730,0.0
17731,186.7931203572471
17732,0.0
17733,0.0
17734,0.0
17735,74.01816980285685
17736,314.6259244639852
17737,205.52961607354257
17738,0.0
17739,171.76955918213477
17740,519.6428220267023
17741,320.1051069152164
17742,290.3778139078818
17743,0.0
17744,400.8101523661744
17745,302.05011247146405
17746,285.86212453303614
17747,309.99481927438865
17748,32.21267048018086
17749,297.76553170266783
17750,321.4061094344926
17751,307.59800657443145
17752,0.0
17753,276.7658087916191
17754,352.7057751261789
17755,421.82026337086626
17756,0.0
17757,395.8789648763909
17758,418.218615038152
17759,316.10507703720026
17760,0.0
17761,452.6511992753013
17762,394.07293816486356
17763,634.6129798714142
17764,0.0
17765,339.583235028636
17766,327.7135765325035
17767,355.3219712005781
17768,0.0
17769,312.19682741901937
17770,346.580103809138
17771,478.1147046978234
17772,0.0
17773,318.80289549202934
17774,313.1615131357712
17775,338.1342337086811
17776,309.5105036711855
17777,369.7676078512016
17778,86.73620956814318
17779,401.83330613861744
17780,422.7409939346604
17781,492.3917263102948
17782,397.925366757226
17783,97.55169763169323
17784,0.0
17785,270.8440571502554
17786,237.1320462275009
17787,255.40263343251468
17788,0.0
17789,24.015649980623746
17790,0.0
17791,0.0
17792,75.76501039645584
17793,0.0
17794,0.0
17795,0.0
17796,0.0
17797,0.0
17798,0.0
17799,0.0
17800,0.0
17801,0.0
17802,0.0
17803,0.0
17804,0.0
17805,0.0
17806,0.0
17807,0.0
17808,0.0
17809,73.28224412234363
17810,0.0
17811,39.2170733704099
17812,100.3226362883488
17813,262.87257254645516
17814,268.93721576290676
17815,0.0
17816,0.0
17817,0.0
17818,58.39858625593682
17819,72.66106832325423
17820,0.0
17821,0.0
17822,0.0
17823,0.0
17824,0.0
17825,0.0
17826,0.0
17827,0.0
17828,151.0802970363065
17829,0.0
17830,0.0
17831,13.320023691762643
17832,305.8329691298903
17833,280.56551314437456
17834,310.1669110305579
17835,325.1876775721211
17836,419.4676480738666
17837,0.0
17838,326.0283344980544
17839,398.8834016133841
17840,425.06229962468956
17841,0.0
17842,273.9184994434962
17843,316.0373807860589
17844,193.3848929899599
17845,247.85643326864007
17846,358.5886662007782
17847,201.9113881886533
17848,0.0
17849,364.4819453690207
17850,433.81066290495914
17851,535.3972189638089
17852,0.0
17853,391.539842250112
17854,395.9867237824153
17855,859.6401380268736
17856,0.0
17857,397.699262240652
17858,418.85481666879883
17859,341.0646432164516
17860,0.0
17861,313.04857350413545
17862,311.2918812820591
17863,2.9826219231445066
17864,0.0
17865,331.23214170226754
17866,310.8841795953971
17867,237.28515194339616
17868,0.0
17869,109.30286489797399
17870,254.7325610111817
17871,311.0984355290686
17872,373.0900799448414
17873,440.7958817134407
17874,415.7167077520015
17875,89.19788928866245
17876,415.87115496316085
17877,429.38843161212714
17878,461.5852590311465
17879,405.6608348734208
17880,709.5531320650545
17881,425.0907593460094
17882,0.0
17883,391.139860385627
17884,356.4835507786564
17885,0.0
17886,0.0
17887,355.34102212156336
17888,268.3213122125604
17889,339.34307318927256
17890,368.75102532246547
17891,58.44489718304885
17892,0.0
17893,281.7565256373283
17894,341.39424923860633
17895,336.28002108617284
17896,0.0
17897,248.25329936584194
17898,214.65945243945234
17899,0.0
17900,0.0
17901,0.0
17902,0.0
17903,0.0
17904,0.0
17905,0.0
17906,0.0
17907,0.0
17908,0.0
17909,0.0
17910,0.0
17911,0.0
17912,0.0
17913,0.0
17914,138.39179047496674
17915,134.77455632630068
17916,0.0
17917,0.0
17918,0.0
17919,0.0
17920,172.08448218795115
17921,0.0
17922,120.69912964929877
17923,122.91283140506772
17924,321.6623235666965
17925,191.1105712523103
17926,302.6932351063463
17927,304.19804016216136
17928,83.81500672096843
17929,186.5829092101144
17930,134.17447318055724
17931,263.14741020660307
17932,450.0758889089945
17933,309.18006669255146
17934,0.0
17935,323.3802587809023
17936,362.47726553647107
17937,317.9213365773455
17938,262.13063558951615
17939,14.741917829236684
17940,0.0
17941,388.4120777878399
17942,377.27213581806535
17943,340.8478102411846
17944,275.3466905827702
17945,301.8319909753993
17946,0.0
17947,283.02909548337
17948,0.0
17949,303.54842163844955
17950,415.09082393345955
17951,395.8958392131405
17952,0.0
17953,388.293913791475
17954,157.15550059101037
17955,761.8954335015842
17956,274.43131271304895
17957,416.0555362926318
17958,408.12641530565907
17959,573.151040058641
17960,0.0
17961,314.0197284672963
17962,281.6450411112383
17963,0.0
17964,0.0
17965,313.72499305469046
17966,247.69282698763774
17967,320.56219139812157
17968,313.29774337609916
17969,373.6158490142841
17970,86.5154144168988
17971,43.84854204740998
17972,330.75767618305923
17973,397.0754780898724
17974,350.6823507873158
17975,102.61847535485856
17976,222.92057559203
17977,258.4009287088812
17978,184.30720700575708
17979,114.50331707857873
17980,0.0
17981,0.0
17982,0.0
17983,0.0
17984,0.0
17985,0.0
17986,0.0
17987,0.0
17988,0.0
17989,0.0
17990,0.0
17991,0.0
17992,0.0
17993,0.0
17994,0.0
17995,0.0
17996,0.0
17997,0.0
17998,0.0
17999,0.0
18000,0.0
18001,0.0
18002,0.0
18003,0.0
18004,0.0
18005,0.0
18006,0.0
18007,98.88022364868979
18008,0.0
18009,0.0
18010,0.0
18011,0.0
18012,0.0
18013,0.0
18014,0.0
18015,0.0
18016,228.8287770329361
18017,281.1775267675426
18018,0.0
18019,304.75449935718257
18020,262.2943219101836
18021,0.0
18022,0.0
18023,0.0
18024,527.1807458004583
18025,310.68119910276727
18026,0.0
18027,89.01937828398945
18028,422.54868173070344
18029,348.2303426426851
18030,300.8803310297013
18031,401.8255047322928
18032,43.805800060372746
18033,362.69409851173805
18034,366.5749230835267
18035,335.3349969716319
18036,0.0
18037,162.00992854495064
18038,355.453117328879
18039,313.29526294808795
18040,0.0
18041,380.1467149475553
18042,373.79512072812514
18043,347.5746459945754
18044,0.0
18045,353.3251024200761
18046,217.19703367413672
18047,709.6012692635784
18048,0.0
18049,376.3840373754342
18050,419.9934967601961
18051,89.96909525902896
18052,0.0
18053,358.501673836317
18054,313.44066273242515
18055,345.7231769984106
18056,0.0
18057,294.4157268970971
18058,321.70216001031656
18059,415.7101778697772
18060,0.0
18061,410.1453827876398
18062,468.060189482761
18063,351.31525150763815
18064,317.15638071695196
18065,416.4928826625176
18066,76.23610600924945
18067,459.0428699107162
18068,398.7978585479767
18069,396.2037611750563
18070,448.8342109054918
18071,440.55715445406895
18072,38.25822213020393
18073,349.65109218755083
18074,0.0
18075,0.0
18076,84.99796791336233
18077,69.20468988393749
18078,0.0
18079,47.667424675421
18080,0.0
18081,0.0
18082,0.0
18083,0.0
18084,0.0
18085,0.0
18086,0.0
18087,0.0
18088,0.0
18089,0.0
18090,0.0
18091,123.58851589668825
18092,0.0
18093,5.9486206721098895
18094,0.0
18095,0.0
18096,72.99587434535296
18097,110.28099229535428
18098,139.96026597645607
18099,0.0
18100,273.3312771580582
18101,269.68550170392473
18102,268.51825366463964
18103,412.2977279409977
18104,0.0
18105,303.19026850433556
18106,290.2974998748779
18107,343.4589693715312
18108,322.66452804457407
18109,315.34435590357845
18110,14.972001941263784
18111,315.3339774556583
18112,262.0447895258898
18113,216.8643259048353
18114,0.0
18115,270.94377695522576
18116,353.1316269185868
18117,0.0
18118,293.7496826883837
18119,332.33183600363503
18120,486.67054626630943
18121,326.98741437378885
18122,325.0917916137844
18123,0.0
18124,551.6021248781041
18125,354.09113501580566
18126,315.8738181441744
18127,337.1734838358607
18128,330.94649621678406
18129,37.143884612384795
18130,353.4588522323929
18131,352.3539208144948
18132,234.55080886932944
18133,338.19786549328626
18134,21.89588000521411
18135,72.16203047323472
18136,278.2277389586692
18137,333.1342337086811
18138,419.10800200158087
18139,542.4720168240701
18140,0.0
18141,481.0944656917423
18142,533.1250927914665
18143,964.2635739787205
18144,0.0
18145,275.33368180841376
18146,430.5569766791154
18147,296.4595253871771
18148,0.0
18149,353.6704608429307
18150,317.5720689529799
18151,117.98387645054737
18152,0.0
18153,345.05451521506234
18154,275.3025368189305
18155,288.7016228291114
18156,0.0
18157,333.86523875583674
18158,388.7717068634282
18159,311.91249709675407
18160,292.6396729649504
18161,341.6490229843266
18162,86.67527113582867
18163,442.26833328152645
18164,321.4777760752558
18165,340.296257383237
18166,0.0
18167,0.0
18168,234.02873142655744
18169,0.0
18170,0.0
18171,155.0089933135381
18172,386.66380687625855
18173,235.31875953575008
18174,184.61894311719556
18175,288.3036576161625
18176,0.0
18177,267.63723275960416
18178,223.75514630943823
18179,256.68424065399057
18180,0.0
18181,0.0
18182,0.0
18183,0.0
18184,0.0
18185,0.0
18186,0.0
18187,0.0
18188,0.0
18189,0.0
18190,0.0
18191,0.0
18192,0.0
18193,0.0
18194,0.0
18195,0.0
18196,0.0
18197,0.0
18198,0.0
18199,0.0
18200,0.0
18201,0.0
18202,0.0
18203,0.0
18204,0.0
18205,0.0
18206,0.0
18207,0.0
18208,107.04222409727815
18209,130.09855536862037
18210,0.0
18211,0.0
18212,373.77010726028436
18213,0.0
18214,190.6034910314145
18215,231.7992633794696
18216,356.0612162201916
18217,347.18542675471224
18218,0.0
18219,209.3927198998874
18220,438.7223723739772
18221,3.3578538113820287
18222,372.80185741776245
18223,71.01041188901928
18224,100.70916359088659
18225,361.0932378067598
18226,356.1386534489768
18227,49.56661793709611
18228,178.46148026408062
18229,341.4204067296467
18230,0.0
18231,436.0736991501791
18232,271.6242745696751
18233,0.0
18234,337.18644897109925
18235,411.17888101460807
18236,0.0
18237,20.87276987188892
18238,383.46141227729095
18239,324.066631534454
18240,0.0
18241,378.14591032312194
18242,371.02958902545726
18243,247.10092474013277
18244,103.52773272939908
18245,339.86885387169906
18246,325.2843303222653
18247,3.191653492086857
18248,204.91043794491773
18249,0.0
18250,0.0
18251,349.6195607437307
18252,0.0
18253,0.0
18254,325.08439832616835
18255,349.7857707087489
18256,0.0
18257,401.9135664811156
18258,413.33399020745975
18259,53.558881834261
18260,311.8322727320249
18261,0.0
18262,8.494472067642846
18263,0.0
18264,359.8428668046379
18265,0.0
18266,281.50477260690275
18267,307.662904076645
18268,0.0
18269,0.0
18270,0.0
18271,0.0
18272,0.0
18273,0.0
18274,0.0
18275,0.0
18276,0.0
18277,0.0
18278,0.0
18279,0.0
18280,0.0
18281,0.0
18282,0.0
18283,0.0
18284,0.0
18285,0.0
18286,0.0
18287,0.0
18288,0.0
18289,32.11134655102316
18290,0.0
18291,0.0
18292,0.0
18293,0.0
18294,0.0
18295,0.0
18296,0.0
18297,0.0
18298,0.0
18299,0.0
18300,332.23559023338186
18301,0.0
18302,302.12004691773024
18303,0.0
18304,0.0
18305,0.0
18306,0.0
18307,0.0
18308,173.10648313702808
18309,0.0
18310,0.0
18311,221.41989194596593
18312,330.5745806910858
18313,0.0
18314,248.99449387864524
18315,0.0
18316,484.0478531642631
18317,17.568068374967595
18318,331.2200824727209
18319,328.9778127690641
18320,5.766316483359674
18321,351.82679325309056
18322,0.0
18323,12.839799180402736
18324,360.69332052972504
18325,344.18071406758537
18326,30.202819567742893
18327,403.4497186661527
18328,319.70397606659645
18329,16.479115033850178
18330,392.62264832411086
18331,181.11680464173332
18332,0.0
18333,560.0180682283371
18334,499.75454808675295
18335,388.36678112250456
18336,0.0
18337,373.39780713510623
18338,519.5870229585165
18339,157.43854239247798
18340,241.72553758687005
18341,377.40192314403026
18342,31.686858081994785
18343,52.20618423707441
18344,0.0
18345,0.0
18346,375.2362673569146
18347,58.81096378928663
18348,0.0
18349,302.69409851173805
18350,331.08022903240345
18351,5.061311988219359
18352,241.99191216937552
18353,343.93291657820214
18354,67.38037608378431
18355,428.2135881454873
18356,276.186688943464
18357,28.660302523633675
18358,409.59872309218605
18359,381.5709331263112
18360,0.0
18361,287.7328130193084
18362,0.0
18363,0.0
18364,0.0
18365,0.0
18366,108.15777165782583
18367,81.61270504298471
18368,0.0
18369,0.0
18370,0.0
18371,0.0
18372,0.0
18373,0.0
18374,0.0
18375,0.0
18376,0.0
18377,0.0
18378,0.0
18379,0.0
18380,0.0
18381,0.0
18382,0.0
18383,0.0
18384,0.0
18385,0.0
18386,0.0
18387,0.0
18388,0.0
18389,159.1200871403952
18390,202.35559351199421
18391,0.0
18392,0.0
18393,0.0
18394,0.0
18395,0.0
18396,0.0
18397,0.0
18398,0.0
18399,0.0
18400,0.0
18401,0.0
18402,0.0
18403,0.0
18404,318.92815600706143
18405,0.0
18406,30.94072222942279
18407,151.44053637034213
18408,91.11285251714378
18409,0.0
18410,235.66080045724772
18411,0.0
18412,472.75690172990284
18413,325.7756527587475
18414,0.0
18415,293.6801149993435
18416,397.7369467580826
18417,38.376026314652336
18418,284.64299160512496
18419,334.77667113590354
18420,0.0
18421,347.65383695271197
18422,349.06908959916774
18423,0.0
18424,386.4762104655068
18425,379.17291266126074
18426,33.39936989781103
18427,30.748109986694487
18428,0.0
18429,419.1352547862505
18430,352.5136178939861
18431,263.13184592550556
18432,0.0
18433,334.00674633536033
18434,605.493293904418
18435,426.8178319485729
18436,134.14315082178527
18437,0.0
18438,233.7315229369148
18439,188.85840030576546
18440,0.0
18441,370.51541695356855
18442,341.54764365643655
18443,0.0
18444,0.0
18445,363.688623700478
18446,294.32484232782224
18447,333.2264334411741
18448,0.20801729005165726
18449,367.52531150512436
18450,436.78395465246905
18451,125.38848091110617
18452,396.33595585179023
18453,356.07630127259915
18454,0.0
18455,383.1536761744558
18456,0.0
18457,0.0
18458,0.0
18459,126.35962016301801
18460,0.0
18461,0.0
18462,0.0
18463,0.0
18464,0.0
18465,0.0
18466,0.0
18467,0.0
18468,0.0
18469,0.0
18470,0.0
18471,0.0
18472,0.0
18473,0.0
18474,0.0
18475,0.0
18476,0.0
18477,0.0
18478,0.0
18479,0.0
18480,0.0
18481,0.0
18482,0.0
18483,0.0
18484,0.0
18485,0.0
18486,0.0
18487,194.72076229666717
18488,258.2606740951647
18489,182.96466715845855
18490,0.0
18491,258.4398491954215
18492,132.01587990160056
18493,214.19710450797066
18494,0.0
18495,224.31651338601546
18496,0.0
18497,0.0
18498,0.0
18499,53.037689185104846
18500,208.1807395711882
18501,182.87824639137557
18502,0.0
18503,148.54170080669206
18504,632.9468846554951
18505,394.6659869893509
18506,318.40140213107935
18507,313.1638026142492
18508,478.89765526942034
18509,84.33942351060642
18510,387.11763646088275
18511,327.80708178249165
18512,288.3433259134387
18513,389.11839744619834
18514,333.88859933569285
18515,18.695437470332422
18516,0.0
18517,327.7187742548123
18518,406.7125214615392
18519,413.30560740261325
18520,0.0
18521,344.45599810184615
18522,487.7966257020589
18523,490.5075985505465
18524,0.0
18525,379.1261818558256
18526,402.0877629954998
18527,647.8199352918227
18528,0.0
18529,376.06985058448333
18530,388.7678146586146
18531,417.4681586126513
18532,0.0
18533,346.0140202062029
18534,311.0257138173411
18535,379.29496886243925
18536,241.31657402183075
18537,333.0550427505445
18538,335.0779024373388
18539,32.256850886440986
18540,0.0
18541,352.15138513438194
18542,337.38377728318034
18543,340.8101693628718
18544,259.95977243436874
18545,291.2036077477745
18546,391.751511496465
18547,465.4492347697884
18548,83.93780378757344
18549,481.91853542126523
18550,447.4534643889941
18551,458.5012599111165
18552,522.9262912212112
18553,506.7798267201867
18554,423.27557584227424
18555,599.4076824123293
18556,251.73122602133515
18557,306.5557805098925
18558,337.19066697732114
18559,386.90760817915617
18560,379.695371174656
18561,338.49831030580316
18562,370.6691468185301
18563,372.54918376258274
18564,2.5844932315259825
18565,316.2442917389065
18566,337.19599532372234
18567,304.9744825159058
18568,0.0
18569,0.0
18570,0.0
18571,0.0
18572,211.5434882532907
18573,0.0
18574,216.68239214879839
18575,264.4531142228006
18576,161.9080970535692
18577,174.04907709761062
18578,0.0
18579,165.49673661192702
18580,124.91844108531623
18581,0.0
18582,0.0
18583,208.75764529574278
18584,213.98466690821425
18585,276.24765951431635
18586,287.84334913940626
18587,305.2635054225221
18588,336.093805564907
18589,359.73051773433855
18590,0.0
18591,297.88035425566886
18592,0.0
18593,88.47057445321234
18594,106.52822088777272
18595,166.46843766886332
18596,289.778089141976
18597,0.0
18598,185.38707198134802
18599,210.67658302922467
18600,470.1474175746909
18601,347.9779035761565
18602,343.56215003663897
18603,374.37750012512214
18604,396.30872897638824
18605,358.3432822743208
18606,47.04521563348277
18607,390.9088383417739
18608,386.8865328328821
18609,378.05635791376267
18610,375.0038922048136
18611,375.95170358481585
18612,0.0
18613,329.684498045831
18614,554.432533247057
18615,467.86805889298864
18616,218.97432017605374
18617,396.5125628230218
18618,648.0406604719033
18619,261.38295510975394
18620,0.0
18621,462.4343663000343
18622,389.47025175788247
18623,580.3141188041612
18624,0.0
18625,350.7257806824265
18626,357.71875725811486
18627,428.0614950002562
18628,218.2433684137389
18629,307.7707124282792
18630,429.3274120184433
18631,22.476260903303455
18632,0.0
18633,357.3915616928076
18634,311.18023017122107
18635,389.09890242873547
18636,278.1485480005326
18637,301.66188880556746
18638,349.50662111209493
18639,24.438092489508506
18640,0.0
18641,425.3829993011674
18642,433.8184813079812
18643,473.40038417670166
18644,434.49839188995077
18645,425.2397753850265
18646,542.9468486777262
18647,588.8608677451114
18648,474.6970933177651
18649,0.0
18650,308.6987099176064
18651,460.69554470471354
18652,525.0968023381947
18653,316.58482768647036
18654,428.63490616453953
18655,436.80031150512434
18656,440.1190768473664
18657,464.54516519568614
18658,107.01106464776689
18659,416.5797184936187
18660,354.0098292480663
18661,299.5629477157629
18662,332.4998264699425
18663,342.2011988525231
18664,439.3020208964321
18665,403.80865900522446
18666,373.3010264612831
18667,70.37476640353583
18668,310.64700903320403
18669,305.77293079677577
18670,236.79086020448966
18671,190.54964557179716
18672,312.93807874552016
18673,307.33302210435664
18674,291.38002999874305
18675,322.2564081878155
18676,0.0
18677,376.3670606186085
18678,368.0432467193301
18679,512.2239534359411
18680,236.6855654458184
18681,376.6815956084921
18682,451.55823388981844
18683,422.3982597213758
18684,0.0
18685,408.6795438247435
18686,412.2643444631286
18687,348.29139044038527
18688,269.3745447133169
18689,252.09978821453822
18690,232.8450639144276
18691,333.13455796560686
18692,555.3045225831502
18693,18.483261930090634
18694,307.5001561105819
18695,435.12669663950635
18696,482.92078509985646
18697,316.3887612527666
18698,303.3778456236413
18699,230.94603936850507
18700,444.1573534877293
18701,57.77877107981345
18702,33.27214996771852
18703,423.551008325768
18704,343.54844828087
18705,0.0
18706,285.3583841939084
18707,336.18020352880063
18708,349.783167024733
18709,353.40171633661726
18710,366.829370294686
18711,403.96389073804136
18712,480.88152492128893
18713,676.6332188774952
18714,489.04693026187374
18715,643.0263631767491
18716,276.72942979168363
18717,639.9570231310505
18718,587.9653520728573
18719,745.0504773909464
18720,0.0
18721,431.9578787455762
18722,526.9877012208669
18723,584.8518849057394
18724,213.36800165651292
18725,329.1794255467876
18726,365.16748148911853
18727,12.833312937296228
18728,0.0
18729,341.4242989344603
18730,282.79541481377385
18731,278.6497112980649
18732,315.68422095687964
18733,317.1500966135842
18734,354.0430986928754
18735,380.79327802942487
18736,0.0
18737,368.2238563995786
18738,407.65125991111654
18739,450.7114833872724
18740,249.73629668263516
18741,283.48076775809113
18742,467.5433104783371
18743,56.1738446399641
18744,0.0
18745,195.6908192657853
18746,0.0
18747,100.40650594021741
18748,576.6140172296416
18749,567.9850894698372
18750,304.8626173590841
18751,0.0
18752,480.04230965017393
18753,0.0
18754,0.0
18755,0.0
18756,0.0
18757,0.0
18758,0.0
18759,0.0
18760,0.0
18761,0.0
18762,0.0
18763,0.0
18764,165.96991361033764
18765,151.82812894186276
18766,0.0
18767,0.0
18768,70.38268156677287
18769,190.78900745440146
18770,163.13388198089174
18771,0.0
18772,0.0
18773,166.2574957076922
18774,84.92930570723587
18775,227.53506269789972
18776,0.0
18777,0.0
18778,0.0
18779,0.0
18780,0.0
18781,0.0
18782,0.0
18783,0.0
18784,0.0
18785,0.0
18786,0.0
18787,60.252374901856726
18788,198.79803902334376
18789,147.65028600152155
18790,155.06397303822834
18791,267.91381578882886
18792,569.5594687201103
18793,317.36273593030114
18794,36.03087697684606
18795,387.36918818001277
18796,545.9412645010805
18797,377.6928099909403
18798,389.907800267507
18799,484.1235878175327
18800,429.1417676717774
18801,74.6107717009358
18802,367.12021350247824
18803,381.93712920071044
18804,241.01665788361356
18805,378.32641758329424
18806,411.37105524349823
18807,499.157292851914
18808,0.0
18809,329.6896787714423
18810,361.8514519994674
18811,400.4258475475119
18812,0.0
18813,444.47152328198274
18814,378.0965758336709
18815,531.4904567705687
18816,0.0
18817,459.8493418575388
18818,397.3746703593606
18819,413.28093165953896
18820,0.0
18821,0.6663419869624363
18822,356.21006964320924
18823,316.9046956904294
18824,0.0
18825,302.3669029464308
18826,279.5403867822915
18827,327.6071061472768
18828,264.7247862472775
18829,311.0581739700425
18830,287.72008941803045
18831,3.9823448341932135
18832,0.0
18833,348.1719182261117
18834,383.28096565293384
18835,386.3866580561475
18836,371.7483930287684
18837,416.63022903240346
18838,420.4292323196192
18839,582.5416370647984
18840,221.21602395930677
18841,454.56166966913133
18842,323.4827897933408
18843,429.61491336009334
18844,721.7272648375451
18845,328.6983149734774
18846,0.0
18847,232.2506894525559
18848,0.0
18849,0.0
18850,101.669343151777
18851,103.63506694279569
18852,254.78458076879616
18853,284.1496943013675
18854,278.2914789698424
18855,0.0
18856,0.0
18857,222.43604665888256
18858,197.01929868421604
18859,0.0
18860,0.0
18861,0.0
18862,0.0
18863,0.0
18864,0.0
18865,0.0
18866,0.0
18867,0.0
18868,0.0
18869,170.22174355723658
18870,173.3222285924185
18871,232.95088890899453
18872,0.0
18873,188.3949147491553
18874,175.1360211552798
18875,239.26869889993486
18876,0.0
18877,127.3156712393306
18878,0.0
18879,0.0
18880,0.0
18881,51.40392351490834
18882,0.0
18883,0.0
18884,201.14055026096113
18885,176.4287897847375
18886,0.0
18887,228.86319972388964
18888,473.70464780641555
18889,325.12773585259083
18890,178.14517171821743
18891,229.77847557919964
18892,681.5942628359642
18893,377.8395249384957
18894,0.0
18895,318.54066387124277
18896,461.8241555756798
18897,311.9073163711427
18898,310.2726803502449
18899,302.0319496139167
18900,343.6146304646502
18901,0.0
18902,356.05294960531336
18903,399.64679653170293
18904,283.13814291019213
18905,290.8037001164628
18906,312.9758517924079
18907,69.65617034645538
18908,0.0
18909,426.8228404124617
18910,371.7592522669744
18911,495.25439622106705
18912,0.0
18913,266.981326603668
18914,487.18119061297523
18915,25.110646477670343
18916,0.0
18917,381.16980808418316
18918,353.2822371770342
18919,302.3201721409956
18920,0.0
18921,336.41260532332205
18922,332.1383763600256
18923,67.70863605540444
18924,0.0
18925,192.6162567102145
18926,293.14335027822386
18927,335.0830831629502
18928,0.0
18929,337.0695904922295
18930,61.819266088672975
18931,394.8792589620396
18932,312.4894580734103
18933,393.64628402565745
18934,34.68948922190623
18935,367.40633127134225
18936,121.31821230315705
18937,135.4768713083815
18938,0.0
18939,165.12371147920229
18940,0.0
18941,19.84848694193913
18942,0.0
18943,89.13307735645833
18944,0.0
18945,0.0
18946,0.0
18947,0.0
18948,0.0
18949,0.0
18950,0.0
18951,0.0
18952,0.0
18953,0.0
18954,0.0
18955,0.0
18956,0.0
18957,0.0
18958,0.0
18959,0.0
18960,0.0
18961,0.0
18962,0.0
18963,0.0
18964,0.0
18965,0.0
18966,0.0
18967,0.0
18968,0.0
18969,0.0
18970,0.0
18971,0.0
18972,0.0
18973,0.0
18974,0.0
18975,0.0
18976,0.0
18977,0.0
18978,0.0
18979,0.0
18980,226.51801369227496
18981,0.0
18982,127.64503416592882
18983,0.0
18984,486.8748868124966
18985,0.0
18986,0.0
18987,0.0
18988,573.35808047965
18989,15.612395668864792
18990,300.5952374444852
18991,21.953584797954534
18992,67.58659685092329
18993,0.032761037028933515
18994,332.657746154223
18995,34.213475104614304
18996,367.06050056510713
18997,19.527688537985625
18998,79.63800748890804
18999,112.44767595871815
19000,264.22230778652704
19001,142.11525602868176
19002,364.23136372025454
19003,124.60553033950919
19004,0.0
19005,193.7537672576957
19006,439.2365274491685
19007,496.77237266723813
19008,0.0
19009,100.25339893887383
19010,256.15185148175317
19011,796.0917333851214
19012,0.0
19013,0.0
19014,22.197111306649447
19015,5.915635114930865
19016,0.0
19017,438.924917699813
19018,53.39285701228408
19019,448.71068840856196
19020,8.05011927014283
19021,0.0
19022,0.0
19023,355.02852430877
19024,0.0
19025,42.49718127781324
19026,71.58573925202347
19027,52.02847813298234
19028,0.0
19029,0.0
19030,279.53679603121435
19031,159.02609016126172
19032,14.391962103068977
19033,0.0
19034,0.0
19035,0.0
19036,0.0
19037,0.0
19038,0.0
19039,0.0
19040,0.0
19041,0.0
19042,0.0
19043,0.0
19044,0.0
19045,0.0
19046,0.0
19047,0.0
19048,0.0
19049,0.0
19050,0.0
19051,0.0
19052,0.0
19053,0.0
19054,0.0
19055,0.0
19056,0.0
19057,0.0
19058,0.0
19059,0.0
19060,0.0
19061,0.0
19062,0.0
19063,0.0
19064,0.0
19065,0.0
19066,0.0
19067,0.0
19068,0.0
19069,0.0
19070,0.0
19071,0.0
19072,0.0
19073,0.0
19074,0.0
19075,0.0
19076,201.14864434708653
19077,103.43853827709933
19078,0.0
19079,0.5159738147713142
19080,486.2897243949343
19081,0.0
19082,174.438367024677
19083,0.0
19084,319.48621735900923
19085,416.0557268193868
19086,8.892965954891508
19087,369.6587073120166
19088,98.8849740218119
19089,280.868637418563
19090,0.0
19091,330.6764365472525
19092,85.08594409217568
19093,30.837732677592044
19094,9.478354048534584
19095,520.546527949657
19096,19.1537621672432
19097,360.10256118371564
19098,73.01635359994623
19099,409.03787432814624
19100,0.0
19101,322.41251749279076
19102,308.452528605286
19103,977.397834329822
19104,0.0
19105,57.267185695243256
19106,757.852334808709
19107,496.0270969673487
19108,133.47188535442115
19109,334.379384185305
19110,0.3391464216551867
19111,357.45258979339684
19112,0.0
19113,296.03740742847936
19114,0.0
19115,0.0
19116,228.74453171127118
19117,290.444044398454
19118,0.0
19119,315.2934202493877
19120,264.8575610111817
19121,1.3366760450318793
19122,383.6370692809345
19123,523.2501267848613
19124,27.89465834950181
19125,314.01486505330126
19126,84.23454196109634
19127,26.048387075645792
19128,51.63085742636579
19129,60.71161399425141
19130,0.0
19131,157.52801180272445
19132,0.0
19133,0.0
19134,0.0
19135,0.0
19136,0.0
19137,0.0
19138,0.0
19139,0.0
19140,0.0
19141,0.0
19142,0.0
19143,0.0
19144,0.0
19145,0.0
19146,0.0
19147,0.0
19148,0.0
19149,0.0
19150,0.0
19151,0.0
19152,0.0
19153,0.0
19154,0.0
19155,0.0
19156,0.0
19157,0.0
19158,0.0
19159,0.0
19160,0.0
19161,0.0
19162,0.0
19163,0.0
19164,0.0
19165,0.0
19166,0.0
19167,0.0
19168,0.0
19169,0.0
19170,0.0
19171,0.0
19172,185.75512236743134
19173,0.0
19174,2.1859585350903785
19175,106.86524186191517
19176,580.0869704068284
19177,0.0
19178,104.5171668608024
19179,229.75084017942413
19180,138.1011669901327
19181,0.0
19182,229.81218403003382
19183,324.91212453303615
19184,0.0
19185,270.68423795357705
19186,261.7074013717432
19187,0.0
19188,101.1712082308884
19189,293.0589519520555
19190,0.0
19191,359.15217276211797
19192,0.0
19193,372.88103137920166
19194,256.5580657434745
19195,0.0
19196,0.0
19197,201.298384521863
19198,299.2157949010001
19199,406.91000503864547
19200,907.960042724641
19201,140.283535159762
19202,402.09437786121106
19203,491.0270969673487
19204,0.0
19205,319.379384185305
19206,326.09710336915305
19207,6.69463284589898
19208,230.9465132134815
19209,291.03740742847936
19210,0.0
19211,324.8182042190299
19212,228.74453171127118
19213,0.0
19214,282.2630532419174
19215,300.2934202493877
19216,0.0
19217,336.96963299252974
19218,37.75411233343664
19219,157.36716983736346
19220,31.9696583495018
19221,338.08986505330125
19222,103.30954196109633
19223,345.88134402314364
19224,0.0
19225,0.0
19226,0.0
19227,89.70301180272448
19228,0.0
19229,0.0
19230,0.0
19231,0.0
19232,0.0
19233,0.0
19234,0.0
19235,0.0
19236,0.0
19237,0.0
19238,0.0
19239,0.0
19240,0.0
19241,0.0
19242,0.0
19243,0.0
19244,0.0
19245,0.0
19246,0.0
19247,0.0
19248,0.0
19249,0.0
19250,0.0
19251,0.0
19252,0.0
19253,0.0
19254,0.0
19255,0.0
19256,0.0
19257,0.0
19258,0.0
19259,0.0
19260,0.0
19261,0.0
19262,0.0
19263,0.0
19264,0.0
19265,0.0
19266,0.0
19267,0.0
19268,220.70512236743133
19269,0.0
19270,47.13595853509037
19271,111.81524186191515
19272,253.8790134593305
19273,230.83941090543578
19274,0.0
19275,239.30084017942414
19276,145.37616699013267
19277,122.5702184634136
19278,0.0
19279,0.0
19280,254.6949201328689
19281,285.68423795357705
19282,0.0
19283,312.0618327250227
19284,0.0
19285,288.0589519520555
19286,0.0
19287,13.394215814620111
19288,0.0
19289,367.88103137920166
19290,0.0
19291,320.71668110958115
19292,0.0
19293,0.0
19294,284.2157949010001
19295,416.91000503864547
19296,0.0
19297,394.24304033469537
19298,27.042594952769434
19299,430.8283248694447
19300,0.0
19301,332.8252276433415
19302,45.706559906870666
19303,33.495461835117624
19304,137.64873385961334
19305,395.36350428370446
19306,0.0
19307,377.13189011691907
19308,37.18412917471346
19309,358.60682905832556
19310,0.0
19311,22.895629558683254
19312,291.4923191492665
19313,65.99919750657108
19314,76.9288193866056
19315,90.63825326776464
19316,52.8593498727455
19317,0.0
19318,332.4293358785129
19319,386.7606570984673
19320,0.0
19321,85.59156863811711
19322,0.0
19323,32.796241102578975
19324,0.0
19325,0.0
19326,0.0
19327,0.0
19328,0.0
19329,0.0
19330,0.0
19331,0.0
19332,0.0
19333,0.0
19334,0.0
19335,0.0
19336,0.0
19337,0.0
19338,0.0
19339,0.0
19340,0.0
19341,0.0
19342,0.0
19343,0.0
19344,0.0
19345,0.0
19346,0.0
19347,0.0
19348,461.2581326085599
19349,169.59129368017034
19350,81.28568627755709
19351,66.84787767567866
19352,0.0
19353,0.0
19354,0.0
19355,0.0
19356,0.0
19357,0.0
19358,0.0
19359,0.0
19360,0.0
19361,0.0
19362,0.0
19363,0.0
19364,109.57631826929655
19365,178.0507393209439
19366,0.0
19367,0.0
19368,235.2399232819639
19369,274.7710308787131
19370,0.0
19371,214.24002810919262
19372,317.44721881717805
19373,312.74567417287494
19374,33.01472920923891
19375,56.20218961218461
19376,33.97976779259773
19377,320.5388211725425
19378,0.0
19379,379.6974631810695
19380,0.0
19381,385.52711056470685
19382,37.60349783009332
19383,75.12358497048854
19384,0.0
19385,410.15187867646927
19386,71.77380680733813
19387,258.1941625468926
19388,0.0
19389,118.34221700533794
19390,97.49958748976462
19391,246.00900209659108
19392,0.0
19393,261.1867164143276
19394,63.56687802934999
19395,450.8179197791042
19396,0.0
19397,381.3307670420517
19398,0.0
19399,6.949106699478705
19400,0.0
19401,321.76708031571945
19402,0.0
19403,343.1407295975106
19404,0.0
19405,332.8395249384957
19406,1.9283401579155566
19407,327.30979369307556
19408,3.2929431517021612
19409,32.71776962164461
19410,98.11375105474798
19411,106.40381628052717
19412,20.892877848212606
19413,13.58566119673253
19414,330.95362206117187
19415,228.78556884515774
19416,168.6351855140125
19417,191.51737679140717
19418,58.02354800053263
19419,90.67700795688705
19420,0.0
19421,0.0
19422,0.0
19423,0.0
19424,0.0
19425,0.0
19426,0.0
19427,0.0
19428,0.0
19429,0.0
19430,0.0
19431,0.0
19432,0.0
19433,0.0
19434,0.0
19435,0.0
19436,0.0
19437,0.0
19438,0.0
19439,0.0
19440,0.0
19441,0.0
19442,0.0
19443,0.0
19444,0.0
19445,0.0
19446,0.0
19447,0.0
19448,0.0
19449,0.0
19450,0.0
19451,0.0
19452,0.0
19453,0.0
19454,0.0
19455,0.0
19456,0.0
19457,0.0
19458,0.0
19459,0.0
19460,175.15011630573926
19461,0.0
19462,63.59594545533439
19463,0.0
19464,466.21320312322894
19465,246.62990010780345
19466,0.0
19467,57.7803248004312
19468,415.8479558604867
19469,50.08338404727772
19470,333.59779976701844
19471,8.20725630473612
19472,389.6935709762559
19473,0.0
19474,351.0568588068244
19475,0.0
19476,0.0
19477,33.18776128727325
19478,68.71618701519822
19479,477.4992866054372
19480,0.0
19481,359.04438721367313
19482,57.48401867051024
19483,117.55023714243384
19484,0.0
19485,92.55932706955622
19486,383.1653883438874
19487,225.9415047495927
19488,0.0
19489,455.3505051550711
19490,45.58581886891028
19491,30.488465053226378
19492,0.0
19493,326.0010380742669
19494,0.0
19495,298.6587842284899
19496,0.0
19497,296.7891523747778
19498,0.0
19499,416.2424861567928
19500,0.0
19501,294.8234285837591
19502,0.0
19503,325.3895121866943
19504,0.0
19505,35.535212855358964
19506,37.95798981918813
19507,88.27993437734574
19508,0.0
19509,0.0
19510,3.4023712263693255
19511,419.5588696518685
19512,0.0
19513,100.55986366423937
19514,51.28828202407659
19515,31.888131297208346
19516,0.0
19517,0.0
19518,0.0
19519,0.0
19520,0.0
19521,0.0
19522,0.0
19523,0.0
19524,0.0
19525,0.0
19526,0.0
19527,0.0
19528,0.0
19529,0.0
19530,0.0
19531,0.0
19532,0.0
19533,0.0
19534,0.0
19535,0.0
19536,0.0
19537,0.0
19538,0.0
19539,0.0
19540,0.0
19541,0.0
19542,0.0
19543,0.0
19544,0.0
19545,0.0
19546,0.0
19547,0.0
19548,0.0
19549,0.0
19550,0.0
19551,0.0
19552,0.0
19553,0.0
19554,0.0
19555,0.0
19556,193.66942276866382
19557,0.0
19558,82.23867158449187
19559,49.719846322473984
19560,418.64847731332947
19561,201.2894267633156
19562,152.63065953152315
19563,0.0
19564,432.2745049134302
19565,264.47527552735545
19566,377.33552336829644
19567,368.896149156669
19568,365.04544228463743
19569,304.2404706440743
19570,329.5248009663396
19571,347.75512661232733
19572,0.0
19573,337.7875867650288
19574,320.92962188003446
19575,380.107741909327
19576,215.76736475564516
19577,299.0418005263546
19578,317.5408706786558
19579,405.12979697168794
19580,0.0
19581,347.11243873857404
19582,422.86156300415917
19583,216.6568973383761
19584,0.0
19585,221.01926156762943
19586,305.20124715931513
19587,325.08179464215243
19588,0.0
19589,269.08855797421023
19590,283.24592845863697
19591,291.8034230275115
19592,205.98680141492798
19593,318.8016069712316
19594,305.9322255640504
19595,302.7849830810129
19596,0.0
19597,295.16620996501825
19598,278.6808829299686
19599,280.6946260472202
19600,245.96083715105607
19601,335.16360628100233
19602,403.55752121129495
19603,349.901331021098
19604,297.041113351434
19605,331.5788794530122
19606,344.71182464089554
19607,351.7074049005998
19608,0.0
19609,277.3868029765239
19610,128.75012480048716
19611,247.51794910482477
19612,0.0
19613,0.0
19614,20.51466829727613
19615,55.24069942623349
19616,272.77033872574367
19617,247.57691961517358
19618,163.1599115482532
19619,172.10431461980613
19620,229.46330752767938
19621,211.156394607571
19622,267.60532564598765
19623,0.0
19624,160.04329035844796
19625,259.7381328588042
19626,219.152597877524
19627,172.61275562741204
19628,191.9022226133926
19629,197.7643567921518
19630,264.02631132398704
19631,278.6368257797132
19632,0.0
19633,174.7260492644724
19634,182.25004560637862
19635,0.0
19636,0.0
19637,170.94917909490852
19638,178.59912384280688
19639,252.8681284413742
19640,215.7925765411069
19641,218.97354105522314
19642,175.6302757775997
19643,220.7172511453635
19644,0.0
19645,215.04877564387417
19646,137.02492152193082
19647,231.03551642298692
19648,0.0
19649,0.0
19650,206.78612399813406
19651,373.58949603555334
19652,300.2141841076507
19653,0.0
19654,0.0
19655,0.0
19656,321.7426905741668
19657,204.4082817738323
19658,0.0
19659,0.0
19660,470.46606546742015
19661,257.54221983526884
19662,259.4910692895379
19663,267.5617244984547
19664,323.748380276967
19665,212.4864160994087
19666,320.3661419611152
19667,252.08001257926745
19668,0.0
19669,296.3788736465203
19670,277.26305324191736
19671,312.25525183559273
19672,201.05820796343738
19673,294.3573291229441
19674,277.3864246063141
19675,20.62350338634093
19676,0.0
19677,341.189303101646
19678,255.90496313365765
19679,24.143357076902646
19680,22.40078988825792
19681,443.72495906129564
19682,390.2674389888183
19683,340.7712229670639
19684,107.88895405715681
19685,346.34768501791916
19686,359.68576956993127
19687,42.99561370080346
19688,266.5307863163844
19689,317.96026597645607
19690,336.00364175828275
19691,387.7005774038701
19692,209.62742278587058
19693,372.78885828912905
19694,370.52711056470685
19695,275.9718637148454
19696,182.19168068680287
19697,379.4443044907079
19698,522.7096236918746
19699,306.80906344891633
19700,251.45356214139596
19701,424.37871329104246
19702,472.48437905183573
19703,389.5319314784017
19704,54.92324116308255
19705,0.0
19706,0.0
19707,60.75549223073573
19708,0.0
19709,0.0
19710,0.0
19711,0.0
19712,0.0
19713,0.0
19714,0.0
19715,0.0
19716,0.0
19717,0.0
19718,0.0
19719,0.0
19720,0.0
19721,0.0
19722,0.0
19723,0.0
19724,0.0
19725,0.0
19726,0.0
19727,0.0
19728,0.0
19729,0.0
19730,0.0
19731,0.0
19732,0.0
19733,0.0
19734,0.0
19735,0.0
19736,123.5198973296796
19737,0.0
19738,0.0
19739,120.57519052675497
19740,0.0
19741,0.0
19742,0.0
19743,0.0
19744,0.0
19745,0.0
19746,0.0
19747,0.0
19748,361.06973159048806
19749,0.0
19750,0.0
19751,0.0
19752,118.50157397002368
19753,0.0
19754,138.7285961347908
19755,0.0
19756,466.64500711784353
19757,0.0
19758,281.1815356887162
19759,0.0
19760,411.21525036882053
19761,0.0
19762,222.77206158489219
19763,0.0
19764,0.0
19765,394.6286336741556
19766,49.11478912901481
19767,334.7364095768774
19768,0.0
19769,13.842125775467366
19770,17.25682424402055
19771,44.24202605580473
19772,0.0
19773,379.56371336875276
19774,86.15190247184546
19775,508.5210912212673
19776,0.0
19777,415.41286541557594
19778,111.51931595706094
19779,272.8682555023831
19780,0.0
19781,322.6824049005998
19782,0.0
19783,356.6787727880401
19784,0.0
19785,323.6328199646179
19786,47.095821647034086
19787,366.44377695522576
19788,0.0
19789,344.35078959499674
19790,0.0
19791,344.7403284241115
19792,0.0
19793,127.32721279267764
19794,122.33212299734356
19795,157.76319490958463
19796,84.7816279107737
19797,0.0
19798,56.4474355635752
19799,419.619026262939
19800,0.0
19801,185.46291796726408
19802,0.0
19803,198.47900467627764
19804,0.0
19805,0.0
19806,0.0
19807,0.0
19808,0.0
19809,0.0
19810,0.0
19811,0.0
19812,0.0
19813,0.0
19814,0.0
19815,0.0
19816,0.0
19817,0.0
19818,0.0
19819,0.0
19820,0.0
19821,0.0
19822,0.0
19823,0.0
19824,0.0
19825,0.0
19826,0.0
19827,0.0
19828,0.0
19829,0.0
19830,0.0
19831,0.0
19832,0.0
19833,0.0
19834,0.0
19835,0.0
19836,0.0
19837,0.0
19838,0.0
19839,0.0
19840,0.0
19841,0.0
19842,0.0
19843,0.0
19844,349.13677052761153
19845,0.0
19846,359.33933285014484
19847,13.208738052702302
19848,504.9335755662198
19849,0.0
19850,289.0429777145059
19851,0.0
19852,426.6787727880401
19853,0.0
19854,234.35607459554123
19855,0.0
19856,0.0
19857,325.69333752642245
19858,244.45732061603874
19859,0.0
19860,197.98239867132966
19861,385.6335809499335
19862,9.197915931082889
19863,423.7652206203217
19864,0.0
19865,255.4959995686184
19866,23.67594245286955
19867,474.6961140244565
19868,0.0
19869,478.12379462494573
19870,360.3985584746988
19871,148.91219281308673
19872,214.3002272205633
19873,390.6751406754803
19874,0.0
19875,43.88365885859372
19876,0.0
19877,351.5034898925969
19878,337.4058589879617
19879,50.288479772288554
19880,187.22414083950426
19881,320.67255398816184
19882,322.8810750183195
19883,34.78602795395852
19884,255.06107173970713
19885,320.2505816487661
19886,326.59177077785586
19887,7.204912712974078
19888,185.69468668303546
19889,345.2765459126381
19890,438.55489088485865
19891,73.45261358877303
19892,303.5644225184195
19893,368.77860817055284
19894,16.473034209038815
19895,408.6292991847046
19896,108.92618865450436
19897,39.35987160173579
19898,332.90543231095984
19899,341.04484674525224
19900,0.0
19901,0.0
19902,0.0
19903,0.0
19904,0.0
19905,0.0
19906,0.0
19907,0.0
19908,0.0
19909,0.0
19910,0.0
19911,0.0
19912,0.0
19913,55.85139207969148
19914,90.26970566410702
19915,0.0
19916,0.0
19917,0.0
19918,0.0
19919,0.0
19920,0.0
19921,0.0
19922,0.0
19923,0.0
19924,0.0
19925,0.0
19926,0.0
19927,0.0
19928,185.8690741469529
19929,142.35184113710443
19930,0.0
19931,153.65668755440208
19932,382.19367339633203
19933,340.7654822570581
19934,0.0
19935,319.8786989776452
19936,0.0
19937,0.0
19938,0.0
19939,116.55074512743577
19940,370.45501456364156
19941,0.0
19942,152.65840585828008
19943,268.48023483889534
19944,707.3177582848086
19945,0.0
19946,236.845335196887
19947,202.09979940474378
19948,413.00308758038017
19949,0.0
19950,357.2877119882942
19951,382.8706965703994
19952,339.68839025064455
19953,0.0
19954,361.09321116433944
19955,334.7650041671857
19956,0.0
19957,2.641155705103529
19958,372.6291878520582
19959,552.2564723696008
19960,0.0
19961,332.27601837715594
19962,364.204057650744
19963,602.7680237607763
19964,0.0
19965,90.42481627192382
19966,455.70624202584577
19967,463.8082144859684
19968,0.0
19969,477.55122477890404
19970,382.99402429567823
19971,0.0
19972,0.0
19973,374.70395906989904
19974,310.5609028773238
19975,350.58556162370064
19976,0.0
19977,326.5164986669533
19978,327.9304095077705
19979,302.55130241141677
19980,0.0
19981,308.54844828087
19982,321.6826819895511
19983,327.8992378758668
19984,0.0
19985,385.0934616108703
19986,409.4715572753776
19987,54.27061100038998
19988,0.0
19989,323.0085565851483
19990,340.4572541737316
19991,408.8226011561364
19992,87.08804460549459
19993,257.0124959579364
19994,208.99511108240213
19995,0.0
19996,0.0
19997,0.0
19998,0.0
19999,0.0
20000,396.51471702684654
20001,333.82192403260353
20002,0.0
20003,17.78481748845178
20004,271.4120947845373
20005,2.936652103024926
20006,325.18122460637005
20007,255.07869006507485
20008,0.0
20009,0.0
20010,0.0
20011,0.0
20012,13.885321228557682
20013,0.0
20014,0.0
20015,16.64952077130996
20016,0.0
20017,0.0
20018,0.0
20019,0.0
20020,0.0
20021,0.0
20022,0.0
20023,0.0
20024,0.0
20025,0.0
20026,0.0
20027,0.0
20028,0.0
20029,0.0
20030,0.0
20031,0.0
20032,32.745712428279155
20033,0.0
20034,12.26142346749644
20035,29.493314723233134
20036,378.77057063109464
20037,0.0
20038,73.0682718001547
20039,199.73530733793868
20040,49.5759196496802
20041,0.0
20042,109.51859449548459
20043,235.03139076833986
20044,261.60627432812737
20045,359.18722695311226
20046,391.034786747766
20047,37.017936206392676
20048,288.5951960830026
20049,357.6525484319143
20050,0.0
20051,0.0
20052,0.0
20053,273.6315217980972
20054,504.1274363832285
20055,340.6765918122776
20056,276.1256883137383
20057,450.20639389153166
20058,89.13293498986474
20059,391.5296094214939
20060,0.0
20061,639.0092383934688
20062,391.08035765500813
20063,1211.3733144040684
20064,0.0
20065,363.3341753505011
20066,61.21161540921662
20067,296.5724916612334
20068,213.90162510674662
20069,306.2165558863157
20070,0.0
20071,315.9529921056136
20072,0.0
20073,374.0197114705989
20074,60.42092406711021
20075,0.0
20076,188.191430240272
20077,0.0
20078,0.0
20079,309.58063134462014
20080,362.43831914066317
20081,39.40434381600937
20082,390.04544228463743
20083,40.31448767527837
20084,93.19931848494048
20085,28.45771853672869
20086,0.0
20087,112.73970526723195
20088,450.27836084721366
20089,0.0
20090,159.6175950994002
20091,130.30964410502494
20092,5.941569060895347
20093,0.0
20094,0.0
20095,0.0
20096,0.0
20097,0.0
20098,0.0
20099,0.0
20100,0.0
20101,0.0
20102,0.0
20103,0.0
20104,0.0
20105,0.0
20106,0.0
20107,0.0
20108,0.0
20109,0.0
20110,0.0
20111,0.0
20112,0.0
20113,0.0
20114,0.0
20115,0.0
20116,0.0
20117,0.0
20118,0.0
20119,0.0
20120,0.0
20121,0.0
20122,0.0
20123,0.0
20124,0.0
20125,0.0
20126,0.0
20127,0.0
20128,36.438184271674714
20129,0.0
20130,0.0
20131,0.0
20132,300.5726923860069
20133,0.0
20134,193.92381970577028
20135,0.0
20136,144.43077187346972
20137,0.0
20138,146.65079725634564
20139,0.0
20140,476.46060765285756
20141,0.0
20142,191.56070342088526
20143,0.0
20144,97.72164482976086
20145,273.7055586730429
20146,0.0
20147,0.0
20148,12.517638721404694
20149,375.7283577240219
20150,13.738259074256518
20151,466.54887154141903
20152,0.0
20153,335.0389293991105
20154,111.70758098444014
20155,102.71902414904753
20156,0.0
20157,377.4980417237573
20158,130.4974943445335
20159,390.3180619990671
20160,0.0
20161,288.2965514688857
20162,72.33860188947563
20163,244.96644058492075
20164,0.0
20165,333.7756427073597
20166,0.0
20167,343.3302831456875
20168,0.0
20169,0.0
20170,300.49858625593686
20171,115.0132053837508
20172,246.9319654717965
20173,330.09738045810434
20174,48.51622837668083
20175,248.76673239293427
20176,0.0
20177,30.175583779770704
20178,0.0
20179,51.65828048838392
20180,114.12343694403376
20181,343.79208228298023
20182,131.65915353949867
20183,179.9284085845968
20184,247.61242824729425
20185,296.4774777447111
20186,0.0
20187,113.8314761917186
20188,0.0
20189,0.0
20190,0.0
20191,0.0
20192,0.0
20193,0.0
20194,0.0
20195,0.0
20196,0.0
20197,0.0
20198,0.0
20199,0.0
20200,0.0
20201,0.0
20202,0.0
20203,0.0
20204,0.0
20205,0.0
20206,0.0
20207,0.0
20208,0.0
20209,0.0
20210,0.0
20211,0.0
20212,0.0
20213,0.0
20214,0.0
20215,0.0
20216,0.0
20217,0.0
20218,221.87610578490882
20219,0.0
20220,0.0
20221,0.0
20222,0.0
20223,0.0
20224,0.0
20225,143.92724387209938
20226,0.0
20227,139.6932594711315
20228,0.0
20229,115.53990174710958
20230,0.0
20231,152.54326641644104
20232,352.67604388075875
20233,12.525720616019896
20234,307.57090565544763
20235,0.0
20236,268.3798408869533
20237,75.66763050776018
20238,349.8221134205409
20239,0.0
20240,539.5169485699228
20241,22.751518295143796
20242,361.8735507009461
20243,35.74684810831718
20244,249.40278840427897
20245,376.7865316940645
20246,0.3378579008574434
20247,41.56219819680035
20248,0.0
20249,342.6850085846157
20250,0.0
20251,454.64809469822364
20252,0.0
20253,338.34326527762346
20254,105.67668644148773
20255,188.65899048360723
20256,0.0
20257,188.00574225448833
20258,28.32278262369033
20259,35.81563397611325
20260,269.0119440576691
20261,323.8976989085382
20262,66.82316793920961
20263,469.8116839825286
20264,48.03065089510034
20265,462.52005314700034
20266,156.70238326213138
20267,474.18846448381777
20268,0.0
20269,302.7122613692854
20270,0.0
20271,0.0
20272,301.50482205251245
20273,357.7434596436095
20274,23.559110616420185
20275,363.3913282429741
20276,0.0
20277,242.03578189895444
20278,237.69014638714856
20279,9.045899702325073
20280,378.9411609421868
20281,0.0
20282,0.0
20283,0.0
20284,0.0
20285,0.0
20286,0.0
20287,0.0
20288,0.0
20289,0.0
20290,0.0
20291,0.0
20292,97.39644480391354
20293,121.3408745178869
20294,0.0
20295,143.69219164836582
20296,0.0
20297,0.0
20298,0.0
20299,0.0
20300,0.0
20301,0.0
20302,0.0
20303,0.0
20304,0.0
20305,0.0
20306,0.0
20307,0.0
20308,0.0
20309,0.0
20310,0.0
20311,0.0
20312,0.0
20313,0.0
20314,0.0
20315,0.0
20316,0.0
20317,0.0
20318,0.0
20319,0.0
20320,0.0
20321,0.0
20322,0.0
20323,0.0
20324,83.59465763346248
20325,0.0
20326,0.0
20327,0.0
20328,612.1249169837737
20329,0.0
20330,272.4911972132168
20331,373.2493944092269
20332,115.29889450835213
20333,359.504017428079
20334,335.7946101893404
20335,3.525335300500558
20336,352.591520331325
20337,294.4936293344359
20338,0.0
20339,303.8574543462095
20340,0.0
20341,0.0
20342,327.2292875717208
20343,456.4722842672984
20344,0.0
20345,344.2313370778341
20346,327.74735184842314
20347,120.01452054696892
20348,5.654476114101612
20349,328.0147811915184
20350,346.9111915792589
20351,164.64966710665146
20352,0.0
20353,318.05633127134223
20354,0.0
20355,0.0
20356,0.0
20357,262.6084383071924
20358,244.37811266120474
20359,0.0
20360,100.04162771233649
20361,258.8665442733319
20362,338.31212028814014
20363,152.12432895910672
20364,345.1220392044811
20365,293.2835693369497
20366,0.0
20367,384.9259727707773
20368,266.0633983347717
20369,41.011700409817024
20370,353.2537128682642
20371,336.5035335317147
20372,0.0
20373,277.6192020706318
20374,0.0
20375,0.0
20376,15.53121413220396
20377,0.0
20378,0.0
20379,0.0
20380,0.0
20381,0.0
20382,0.0
20383,0.0
20384,0.0
20385,0.0
20386,0.0
20387,0.0
20388,0.0
20389,0.0
20390,0.0
20391,0.0
20392,0.0
20393,0.0
20394,0.0
20395,0.0
20396,0.0
20397,0.0
20398,0.0
20399,0.0
20400,0.0
20401,0.0
20402,0.0
20403,0.0
20404,0.0
20405,0.0
20406,0.0
20407,0.0
20408,0.0
20409,0.0
20410,0.0
20411,0.0
20412,160.101032267775
20413,197.81589732107625
20414,0.0
20415,179.12465293988492
20416,0.0
20417,0.0
20418,0.0
20419,0.0
20420,0.0
20421,57.02126857344253
20422,0.0
20423,56.4591038177414
20424,455.02232562878095
20425,0.0
20426,108.9539284758437
20427,230.98061973163638
20428,477.8550501186323
20429,0.0
20430,308.18621552126586
20431,199.3872195850245
20432,386.7410894094271
20433,0.0
20434,250.4622508951192
20435,310.21165224965563
20436,0.0
20437,302.1319071136165
20438,301.5229849100598
20439,0.0
20440,0.0
20441,299.04829641518415
20442,276.8307024546016
20443,368.7704183426305
20444,0.0
20445,301.88261398564805
20446,271.843711228958
20447,24.660106190386784
20448,0.0
20449,395.0389124024131
20450,381.1866824209327
20451,480.18561035327104
20452,0.0
20453,383.90025895343626
20454,353.905456675745
20455,116.2440585652206
20456,0.0
20457,315.2830151590471
20458,357.6758920150729
20459,45.36769737284561
20460,0.0
20461,328.61981119026154
20462,372.8343005737665
20463,389.11709192870325
20464,15.710495750802124
20465,402.5655294250326
20466,413.8184813079812
20467,437.18902601269474
20468,233.60791218667543
20469,415.76293963163573
20470,416.4173307622503
20471,553.5543846080833
20472,298.6522043483602
20473,516.152590216175
20474,334.3648306371282
20475,330.7839222035567
20476,184.32087151542203
20477,284.76989038437006
20478,232.5769721668617
20479,45.04799170873855
20480,0.0
20481,214.21215003663895
20482,0.0
20483,0.0
20484,208.51040395152285
20485,148.95709567311064
20486,229.16090287732382
20487,0.0
20488,0.0
20489,0.0
20490,0.0
20491,0.0
20492,0.0
20493,0.0
20494,0.0
20495,0.0
20496,0.0
20497,0.0
20498,0.0
20499,0.0
20500,0.0
20501,0.0
20502,0.0
20503,0.0
20504,0.0
20505,0.0
20506,0.0
20507,0.0
20508,113.88031983949578
20509,0.0
20510,0.0
20511,128.13893634442002
20512,106.37219884391968
20513,0.0
20514,0.0
20515,98.94426779689961
20516,340.78163314785695
20517,0.0
20518,110.07931732021962
20519,192.0592947672746
20520,441.6189462403873
20521,0.0
20522,244.82852969248358
20523,0.0
20524,514.0781018937776
20525,336.0257138173411
20526,329.91949387864526
20527,345.5297312454201
20528,27.59700194126384
20529,291.0218216125275
20530,328.40949110052145
20531,347.8265428065597
20532,0.0
20533,306.75669222207637
20534,361.4749219447091
20535,134.1744680729911
20536,0.0
20537,374.0820280919859
20538,364.2365444458659
20539,429.76754721538634
20540,0.0
20541,419.35987217114473
20542,34.16412361846585
20543,542.6330024243591
20544,0.0
20545,412.89660019845604
20546,353.6250185582933
20547,346.78913537808035
20548,0.0
20549,306.1854108968324
20550,368.91066404377676
20551,560.020671912353
20552,0.0
20553,277.7810908761993
20554,224.81046344852052
20555,0.8520033303257151
20556,0.0
20557,330.8621075363387
20558,318.6185226694638
20559,334.6156951813375
20560,0.0
20561,336.66062692719015
20562,345.1740113713429
20563,398.6328199646179
20564,485.139764194821
20565,64.34160632411232
20566,390.9188225616044
20567,439.4023068979537
20568,354.1385946680185
20569,380.4395222380822
20570,53.68313090033331
20571,361.4146130451745
20572,382.83211889907824
20573,330.889782330336
20574,0.0
20575,329.13828783056846
20576,548.6486512661652
20577,262.4685593632721
20578,272.9814162719427
20579,0.0
20580,182.5331326085599
20581,197.54998030288905
20582,232.17217137305605
20583,0.0
20584,0.0
20585,0.0
20586,93.07346994524168
20587,110.79483088737243
20588,0.0
20589,0.0
20590,0.0
20591,0.0
20592,0.0
20593,0.0
20594,0.0
20595,0.0
20596,0.0
20597,208.94298352099787
20598,151.6358105086356
20599,316.9798294206002
20600,0.0
20601,275.5986875371953
20602,199.1899914153843
20603,215.44289965921504
20604,0.0
20605,309.02038817135343
20606,128.91139173462352
20607,0.0
20608,0.0
20609,0.0
20610,0.0
20611,0.0
20612,0.0
20613,0.0
20614,68.97670782971188
20615,107.10056309047289
20616,354.872289651012
20617,0.0
20618,245.45788526810747
20619,271.9120406712533
20620,425.3790900996563
20621,343.939248988362
20622,0.9377071739892244
20623,312.50196792196573
20624,380.60243596045024
20625,331.18409573361424
20626,330.59204786680715
20627,4.166744299179186
20628,435.8867226435977
20629,577.2162108105747
20630,672.7900351840193
20631,339.0107841594761
20632,0.0
20633,320.3492506276682
20634,337.7044866053812
20635,168.9238694275275
20636,0.0
20637,356.9631031103054
20638,383.1212345800477
20639,485.6880355291806
20640,0.0
20641,0.0
20642,404.1573098486115
20643,562.6524538027041
20644,236.60479654890966
20645,370.344026262939
20646,5.174251619855113
20647,387.5304752340383
20648,171.69830179889777
20649,400.6023923213324
20650,321.1282483586363
20651,0.0
20652,211.893036072686
20653,325.7089063456769
20654,320.1895535481769
20655,0.0
20656,0.0
20657,27.545090410217313
20658,400.1895535481769
20659,400.8023679565472
20660,318.061304050723
20661,17.90969226518638
20662,347.82241601309505
20663,501.6408633276814
20664,187.2006643717313
20665,275.0999118933211
20666,140.1882267719749
20667,194.3001379750668
20668,0.0
20669,0.0
20670,0.0
20671,0.0
20672,0.0
20673,0.0
20674,0.0
20675,0.0
20676,0.0
20677,0.0
20678,0.0
20679,0.0
20680,0.0
20681,0.0
20682,0.0
20683,0.0
20684,0.0
20685,0.0
20686,0.0
20687,0.0
20688,0.0
20689,0.0
20690,0.0
20691,0.0
20692,0.0
20693,0.0
20694,0.0
20695,0.0
20696,0.0
20697,0.0
20698,0.0
20699,0.0
20700,0.0
20701,0.0
20702,0.0
20703,0.0
20704,0.0
20705,0.0
20706,0.0
20707,0.0
20708,231.25092870888122
20709,0.0
20710,55.39018732585288
20711,91.58724819470572
20712,461.607904249179
20713,0.0
20714,366.9013681376845
20715,0.0
20716,0.0
20717,247.25788951300348
20718,322.76292801865196
20719,22.35811390363591
20720,298.2290541218874
20721,299.4300241922512
20722,0.0
20723,290.25449085027714
20724,236.5489661706291
20725,0.0
20726,378.58215331525133
20727,505.56471744962477
20728,0.0
20729,268.4484641387498
20730,0.0
20731,78.61489735558285
20732,0.0
20733,434.4429553340949
20734,459.2598710323271
20735,192.72936860357277
20736,0.0
20737,345.71408707128825
20738,480.5595367240134
20739,0.0
20740,260.79980791164917
20741,378.1355318752018
20742,0.0
20743,381.40609243779517
20744,0.0
20745,343.031655528268
20746,298.83277860313535
20747,0.0
20748,187.80320657437545
20749,319.0534771407955
20750,299.8273207885727
20751,0.0
20752,324.03142207843456
20753,342.3331542729316
20754,43.37864699536567
20755,425.65696817221
20756,399.98812010700277
20757,67.92529974550985
20758,367.03825922088726
20759,477.7717976705205
20760,84.62032966654266
20761,377.8737586471767
20762,363.4346615245006
20763,0.0
20764,0.0
20765,0.0
20766,0.0
20767,0.0
20768,0.0
20769,0.0
20770,0.0
20771,0.0
20772,0.0
20773,0.0
20774,0.0
20775,0.0
20776,0.0
20777,0.0
20778,0.0
20779,0.0
20780,0.0
20781,0.0
20782,0.0
20783,0.0
20784,1.3580757948624296
20785,57.72395031274934
20786,144.30921785080128
20787,0.0
20788,0.0
20789,0.0
20790,0.0
20791,0.0
20792,0.0
20793,0.0
20794,0.0
20795,273.0965662050612
20796,0.0
20797,0.0
20798,0.0
20799,0.0
20800,0.0
20801,0.0
20802,0.0
20803,0.0
20804,0.0
20805,89.54548011726335
20806,130.06867183473614
20807,0.0
20808,401.88587893531695
20809,0.0
20810,129.99686369004948
20811,0.0
20812,450.42453238429374
20813,338.09141210475696
20814,0.0
20815,342.65903467502073
20816,338.8730401621614
20817,324.65335305634767
20818,0.0
20819,309.93247601058124
20820,190.5713419610592
20821,0.0
20822,0.0
20823,571.0334035977583
20824,0.0
20825,364.37676350459174
20826,282.0942928777241
20827,420.8893263276136
20828,0.0
20829,479.76621505547075
20830,385.61408593247063
20831,259.1925969371436
20832,0.0
20833,444.7389792674985
20834,384.3689620982671
20835,382.2928757172081
20836,0.0
20837,333.79380556490696
20838,298.08103365683684
20839,285.58947082521166
20840,0.0
20841,0.0
20842,332.93559023338184
20843,323.1978654932862
20844,0.0
20845,0.0
20846,293.67439668686217
20847,332.7135765325035
20848,406.5774831284247
20849,119.0927170699565
20850,399.7351210560797
20851,407.9472838445201
20852,484.6677701910536
20853,86.33904980807091
20854,371.3816578059032
20855,493.1370008713666
20856,202.63371028857762
20857,65.68100262288971
20858,251.8895604934864
20859,0.0
20860,0.0
20861,111.97877278804009
20862,0.0
20863,56.54512383420354
20864,0.0
20865,0.0
20866,0.0
20867,0.0
20868,109.96806043747122
20869,0.0
20870,124.96415123596019
20871,0.0
20872,0.0
20873,0.0
20874,0.0
20875,0.0
20876,0.0
20877,0.0
20878,0.0
20879,0.0
20880,168.284973029625
20881,152.13331080629177
20882,0.0
20883,139.9196090505228
20884,0.0
20885,0.0
20886,0.0
20887,0.0
20888,0.0
20889,0.0
20890,0.0
20891,0.0
20892,0.0
20893,0.0
20894,0.0
20895,0.0
20896,0.0
20897,0.0
20898,0.0
20899,0.0
20900,236.78405012723562
20901,0.0
20902,0.0
20903,0.0
20904,681.1207159742492
20905,232.29980324397485
20906,0.0
20907,215.7703224450856
20908,448.50945824594424
20909,373.53801654810906
20910,0.0
20911,352.0877533497768
20912,447.9900884517468
20913,0.0
20914,267.67597929330856
20915,295.9880462966079
20916,322.32019878341606
20917,0.0
20918,302.98754540354616
20919,361.3840373754342
20920,0.0
20921,347.03453630123516
20922,342.08126710667034
20923,50.2131810189656
20924,0.0
20925,19.832785401814135
20926,660.3556082481698
20927,1057.4536210689848
20928,0.0
20929,266.051678081213
20930,521.4410956386972
20931,200.9389277079972
20932,226.91122557265373
20933,400.8503969285031
20934,460.868542789353
20935,92.9812727665315
20936,209.82215705965876
20937,343.91843880768096
20938,348.4873765411629
20939,0.0
20940,293.5964676071029
20941,25.441707605370823
20942,0.0
20943,346.97350820064594
20944,332.78629824423103
20945,63.4331452137306
20946,390.6400938354604
20947,459.0547486648958
20948,100.6882007160765
20949,427.50172794960105
20950,3.4381635994899398
20951,103.4783645227007
20952,282.7582794961971
20953,29.269854682748644
20954,294.65908298181284
20955,25.424093947677363
20956,191.1533353436109
20957,314.1434237953577
20958,127.04013561972127
20959,14.845972520533046
20960,0.0
20961,0.0
20962,0.0
20963,0.0
20964,0.0
20965,0.0
20966,0.0
20967,0.0
20968,0.0
20969,0.0
20970,0.0
20971,178.3410141840668
20972,39.09046399202572
20973,665.8272656831016
20974,0.0
20975,0.0
20976,0.0
20977,0.0
20978,0.0
20979,0.0
20980,0.0
20981,0.0
20982,0.0
20983,0.0
20984,0.0
20985,0.0
20986,0.0
20987,0.0
20988,0.0
20989,0.0
20990,0.0
20991,0.0
20992,0.0
20993,0.0
20994,0.0
20995,0.0
20996,0.0
20997,0.0
20998,53.595557033736696
20999,0.0
21000,313.96164714208953
21001,469.3496209137508
21002,60.127674647366575
21003,346.7919365341607
21004,247.04383248347494
21005,362.18255676628564
21006,326.49052475735834
21007,0.0
21008,317.17348383586074
21009,379.171624140463
21010,0.0
21011,279.0366198007433
21012,0.0
21013,0.0
21014,392.1396745265463
21015,377.02799677328784
21016,42.70087828819766
21017,344.63514655968254
21018,362.5538624563148
21019,164.26012827753675
21020,158.34334291013613
21021,279.29240881754123
21022,288.797714766418
21023,4.998968724411895
21024,0.0
21025,223.20310685471284
21026,314.4598636642393
21027,0.0
21028,125.5648460722297
21029,299.32873453263585
21030,0.0
21031,280.6011644363499
21032,0.0
21033,252.6811333764995
21034,0.0
21035,0.0
21036,121.68404814286151
21037,287.4863821060139
21038,0.0
21039,289.1054323109598
21040,265.4232778568909
21041,322.26694544673103
21042,0.0
21043,299.5780446573017
21044,204.48521030157616
21045,287.1896799102599
21046,0.0
21047,291.263940589316
21048,0.0
21049,0.0
21050,0.0
21051,119.18488760624626
21052,0.0
21053,0.0
21054,0.0
21055,0.0
21056,0.0
21057,0.0
21058,0.0
21059,0.0
21060,0.0
21061,0.0
21062,0.0
21063,0.0
21064,0.0
21065,0.0
21066,0.0
21067,0.0
21068,0.0
21069,0.0
21070,0.0
21071,0.0
21072,0.0
21073,0.0
21074,0.0
21075,0.0
21076,0.0
21077,0.0
21078,0.0
21079,0.0
21080,0.0
21081,0.0
21082,0.0
21083,0.0
21084,179.39526719298402
21085,232.70867600192187
21086,0.0
21087,251.95041817009653
21088,0.0
21089,0.0
21090,0.0
21091,0.0
21092,0.0
21093,26.611489909803637
21094,0.0
21095,0.0
21096,399.5096858892858
21097,0.0
21098,110.96134923432328
21099,222.12853663779316
21100,358.1654053405848
21101,0.0
21102,268.3004606703967
21103,293.6146474613476
21104,0.0
21105,0.0
21106,89.19121378713598
21107,261.9008204823132
21108,0.0
21109,291.3204225875265
21110,252.19684441571678
21111,0.0
21112,0.0
21113,274.4637995081708
21114,240.68684163759298
21115,0.0
21116,0.0
21117,357.0864478322817
21118,633.9793552823628
21119,944.0117038091566
21120,0.0
21121,0.0
21122,366.4528232432303
21123,361.1191850739344
21124,0.0
21125,343.1095579656069
21126,286.6645191320038
21127,326.79691014198454
21128,0.0
21129,290.86859377944523
21130,291.9462457702532
21131,0.0
21132,0.0
21133,306.27629546610723
21134,306.21915957033156
21135,339.75331055604744
21136,0.0
21137,374.4689535913617
21138,384.293697338339
21139,404.3845819076138
21140,76.84168324058561
21141,418.70325644276346
21142,64.68900958540598
21143,444.5095166041242
21144,246.0696332686773
21145,402.9832222768347
21146,346.6433120228197
21147,355.1021642552126
21148,0.0
21149,0.0
21150,0.0
21151,0.0
21152,0.0
21153,0.0
21154,0.0
21155,0.0
21156,0.0
21157,0.0
21158,0.0
21159,0.0
21160,0.0
21161,0.0
21162,0.0
21163,0.0
21164,0.0
21165,0.0
21166,0.0
21167,0.0
21168,0.0
21169,0.0
21170,0.0
21171,0.0
21172,94.65976818947274
21173,0.0
21174,0.0
21175,192.60183731498665
21176,271.3628155471879
21177,0.0
21178,256.56145902248716
21179,306.15637066556405
21180,0.0
21181,226.61982508088053
21182,0.0
21183,0.0
21184,18.395963297588338
21185,0.0
21186,0.0
21187,0.0
21188,295.12217023423847
21189,0.0
21190,0.0
21191,0.0
21192,397.3621813467336
21193,278.1606910918621
21194,0.0
21195,84.66816781848266
21196,459.4325672404518
21197,0.0
21198,158.96529088474662
21199,260.3986457529345
21200,73.89795615374783
21201,0.0
21202,251.83071945129902
21203,338.59904464869834
21204,0.0
21205,318.12647594147427
21206,432.94335764631165
21207,142.58395917351254
21208,0.0
21209,368.4081855830263
21210,348.1381525559151
21211,236.833468754617
21212,0.0
21213,371.37105524349823
21214,424.91945988525043
21215,563.521219843872
21216,0.0
21217,331.8761277425416
21218,334.8519795349495
21219,0.0
21220,0.0
21221,323.10177355597966
21222,293.36276029508633
21223,347.999222017987
21224,0.0
21225,303.76785829773246
21226,0.0
21227,236.8346116561126
21228,0.0
21229,306.75929590609223
21230,307.4435435053923
21231,9.669196117509216
21232,449.0119100642743
21233,392.73494579469224
21234,58.3526827314937
21235,366.6125809585369
21236,0.0
21237,0.0
21238,349.91477538502653
21239,13.841316483359606
21240,329.0413186143645
21241,243.5077121608282
21242,101.08890503432534
21243,81.27070081529544
21244,0.0
21245,0.0
21246,0.0
21247,0.0
21248,0.0
21249,0.0
21250,0.0
21251,0.0
21252,0.0
21253,0.0
21254,0.0
21255,0.0
21256,0.0
21257,0.0
21258,0.0
21259,0.0
21260,0.0
21261,0.0
21262,0.0
21263,0.0
21264,0.0
21265,0.0
21266,0.0
21267,0.0
21268,0.0
21269,0.0
21270,0.0
21271,0.0
21272,0.0
21273,0.0
21274,0.0
21275,0.0
21276,0.0
21277,0.0
21278,0.0
21279,0.0
21280,190.0922283421742
21281,0.0
21282,102.90193080537915
21283,190.88552336829645
21284,378.0549237565492
21285,0.0
21286,0.0
21287,0.0
21288,462.219555360017
21289,0.0
21290,176.19655685259934
21291,0.0
21292,631.4540607739357
21293,351.1646177128488
21294,0.0
21295,223.5160221215634
21296,0.0
21297,0.0
21298,330.96468571675183
21299,338.36407545830446
21300,0.0
21301,300.4907752038892
21302,373.4250599197759
21303,201.1998878046835
21304,0.0
21305,345.1986264786018
21306,395.8452162028917
21307,37.93587412101192
21308,0.0
21309,238.0654648375824
21310,397.09554740512704
21311,227.06328386181997
21312,43.780935058878526
21313,303.89378006130414
21314,338.38873420468127
21315,0.0
21316,116.8982774341126
21317,286.50871425732606
21318,333.19915401408394
21319,0.0
21320,253.09792499028387
21321,0.0
21322,0.0
21323,335.8322510676532
21324,265.70242745354483
21325,0.0
21326,310.65567965141224
21327,364.3404111470767
21328,0.0
21329,381.9462457702532
21330,19.71078983645083
21331,52.87228597552462
21332,367.845351477545
21333,26.523941253548344
21334,0.0
21335,406.41196261596235
21336,28.437697545379535
21337,218.09080070749198
21338,157.05992316123698
21339,101.78597128689175
21340,93.53397093312714
21341,0.0
21342,0.0
21343,0.0
21344,0.0
21345,0.0
21346,0.0
21347,0.0
21348,0.0
21349,0.0
21350,0.0
21351,0.0
21352,0.0
21353,0.0
21354,0.0
21355,0.0
21356,0.0
21357,0.0
21358,0.0
21359,0.0
21360,0.0
21361,0.0
21362,0.0
21363,0.0
21364,0.0
21365,0.0
21366,0.0
21367,0.0
21368,0.0
21369,0.0
21370,0.0
21371,0.0
21372,0.0
21373,0.0
21374,0.0
21375,0.0
21376,0.0
21377,0.0
21378,0.0
21379,0.0
21380,297.84685759029645
21381,0.0
21382,86.59400033655795
21383,279.5386295069699
21384,182.8637101160436
21385,314.03722114662037
21386,0.0
21387,0.0
21388,294.3367251973805
21389,332.5110578490881
21390,0.0
21391,258.86656127002937
21392,340.5881823044139
21393,26.175280048398974
21394,357.8992645182872
21395,58.42664932490112
21396,187.9694165393937
21397,3.276042172532186
21398,28.442235140852972
21399,484.6234189551494
21400,0.0
21401,383.3198780553469
21402,24.595185884983948
21403,454.42868468136123
21404,0.0
21405,93.96025577843744
21406,196.01422646132028
21407,538.3277740908815
21408,279.18204622750096
21409,365.90364061946514
21410,0.0
21411,150.19366900480532
21412,0.0
21413,328.4341764893187
21414,349.9649458090057
21415,163.03059025928508
21416,186.6372736983085
21417,63.064399568599526
21418,0.0
21419,343.6367121694315
21420,0.0
21421,335.59983227643437
21422,0.0
21423,306.33861208749425
21424,40.36900289034071
21425,90.53259217464563
21426,118.59285928991932
21427,158.38770292909317
21428,131.55800029335427
21429,99.54423053368231
21430,61.69955151199571
21431,290.0103056468255
21432,315.90304891931106
21433,0.0
21434,185.8108831802129
21435,190.42008247272088
21436,193.08191023680823
21437,0.0
21438,0.0
21439,0.0
21440,0.0
21441,0.0
21442,0.0
21443,0.0
21444,0.0
21445,0.0
21446,0.0
21447,0.0
21448,0.0
21449,0.0
21450,0.0
21451,0.0
21452,0.0
21453,0.0
21454,0.0
21455,0.0
21456,0.0
21457,0.0
21458,0.0
21459,0.0
21460,0.0
21461,0.0
21462,0.0
21463,0.0
21464,0.0
21465,0.0
21466,0.0
21467,0.0
21468,0.0
21469,0.0
21470,0.0
21471,0.0
21472,0.0
21473,0.0
21474,0.0
21475,0.0
21476,0.0
21477,207.48007830553522
21478,0.0
21479,193.9095749623043
21480,184.63187297359082
21481,260.15103651267094
21482,0.0
21483,0.0
21484,302.59430362803784
21485,371.0062357965756
21486,0.0
21487,328.0589519520555
21488,0.0
21489,329.57155841419524
21490,0.0
21491,378.51205228423714
21492,0.0
21493,333.9802937947332
21494,84.1264391010352
21495,199.0614848022375
21496,0.0
21497,293.7185238082814
21498,42.46456729216516
21499,374.67149891719754
21500,0.0
21501,0.0
21502,300.65176080417825
21503,304.23413002026996
21504,143.83285623564802
21505,281.2867005564477
21506,0.0
21507,29.944436512652146
21508,0.0
21509,0.0
21510,317.5266266683425
21511,27.53986604548811
21512,0.0
21513,262.4474260644829
21514,0.0
21515,336.14514933780634
21516,0.0
21517,336.7216113886616
21518,329.7234274449415
21519,7.380168965996859
21520,360.37521489154017
21521,37.15944378591627
21522,44.06678679947936
21523,96.21165904833441
21524,57.399251619855136
21525,83.32367577758089
21526,346.84978510845986
21527,24.002759647967082
21528,0.0
21529,383.7949290625525
21530,0.0
21531,196.08918792976849
21532,0.0
21533,0.0
21534,0.0
21535,0.0
21536,0.0
21537,0.0
21538,0.0
21539,0.0
21540,0.0
21541,0.0
21542,0.0
21543,0.0
21544,0.0
21545,0.0
21546,0.0
21547,0.0
21548,0.0
21549,0.0
21550,0.0
21551,0.0
21552,0.0
21553,0.0
21554,0.0
21555,0.0
21556,0.0
21557,0.0
21558,0.0
21559,0.0
21560,0.0
21561,0.0
21562,0.0
21563,0.0
21564,0.0
21565,0.0
21566,0.0
21567,0.0
21568,0.0
21569,0.0
21570,0.0
21571,0.0
21572,227.403855319021
21573,0.0
21574,44.4525166990413
21575,0.0
21576,345.81491519783674
21577,243.76858330527904
21578,0.0
21579,283.764674103768
21580,180.83638352097898
21581,354.02884503683913
21582,21.653099762772626
21583,330.989361459826
21584,61.26357057938094
21585,0.0
21586,0.0
21587,367.52791518914023
21588,0.0
21589,360.2414917216438
21590,0.0
21591,513.3535927354512
21592,0.0
21593,0.0
21594,296.3503056986325
21595,14.426398878370264
21596,79.00684096457044
21597,0.0
21598,2.1958227858517034
21599,389.08720881759723
21600,0.0
21601,0.0
21602,281.11788690741366
21603,0.0
21604,164.65470221296067
21605,278.63933285014485
21606,0.0
21607,288.59646760710285
21608,0.0
21609,0.0
21610,344.05868450882724
21611,0.0
21612,284.7598234415744
21613,0.0
21614,311.19970819198653
21615,0.0
21616,244.01196105436654
21617,0.0
21618,26.212964565829566
21619,37.881375902646994
21620,0.0
21621,361.41057053627094
21622,0.0
21623,4.395188955635206
21624,61.49522739309726
21625,0.0
21626,99.44122271681962
21627,56.26020491786254
21628,0.0
21629,0.0
21630,0.0
21631,0.0
21632,0.0
21633,0.0
21634,0.0
21635,0.0
21636,0.0
21637,0.0
21638,0.0
21639,0.0
21640,0.0
21641,0.0
21642,0.0
21643,0.0
21644,0.0
21645,0.0
21646,0.0
21647,0.0
21648,0.0
21649,0.0
21650,0.0
21651,0.0
21652,0.0
21653,0.0
21654,0.0
21655,0.0
21656,0.0
21657,0.0
21658,0.0
21659,0.0
21660,0.0
21661,0.0
21662,0.0
21663,0.0
21664,0.0
21665,0.0
21666,0.0
21667,0.0
21668,191.78018964056287
21669,0.0
21670,0.0
21671,14.208826306011815
21672,500.73761269140977
21673,0.0
21674,0.0
21675,0.0
21676,293.31604648634857
21677,0.0
21678,29.978056563546602
21679,46.0426997799982
21680,255.72710319661905
21681,0.0
21682,286.3710892368931
21683,0.0
21684,0.0
21685,0.0
21686,195.30906670115482
21687,104.50946504462303
21688,0.0
21689,387.6083776713771
21690,0.0
21691,407.5668275915533
21692,0.0
21693,294.5312968551691
21694,27.650228635528435
21695,214.52370170396193
21696,0.0
21697,364.1287855398415
21698,51.599839075113096
21699,395.1181300029701
21700,0.0
21701,300.40378283942795
21702,0.0
21703,292.6928099909403
21704,0.0
21705,45.319651404192314
21706,35.304065588240405
21707,239.68726434584642
21708,0.0
21709,309.0976309046352
21710,0.0
21711,318.80289549202934
21712,0.0
21713,0.0
21714,46.70632645703722
21715,38.387719925790634
21716,0.0
21717,324.9397467753453
21718,0.0
21719,319.95561153379714
21720,76.57110779518638
21721,0.0
21722,75.72177814114718
21723,68.22870758630125
21724,0.0
21725,0.0
21726,0.0
21727,0.0
21728,0.0
21729,0.0
21730,0.0
21731,0.0
21732,0.0
21733,0.0
21734,0.0
21735,0.0
21736,0.0
21737,0.0
21738,0.0
21739,0.0
21740,0.0
21741,0.0
21742,0.0
21743,0.0
21744,0.0
21745,0.0
21746,0.0
21747,0.0
21748,0.0
21749,0.0
21750,0.0
21751,0.0
21752,0.0
21753,0.0
21754,0.0
21755,0.0
21756,0.0
21757,0.0
21758,0.0
21759,0.0
21760,0.0
21761,0.0
21762,0.0
21763,0.0
21764,201.5660099593128
21765,0.0
21766,80.69805135236693
21767,97.86759934429621
21768,491.7599459815396
21769,344.0126281265114
21770,0.0
21771,256.0939292265765
21772,479.95320855874957
21773,336.44247878870505
21774,4.987318752391502
21775,350.93482924806625
21776,382.86026483763845
21777,287.8823805358146
21778,3.8979997928657326
21779,314.7143545145165
21780,320.23241879121883
21781,400.50243482163256
21782,32.49571228164842
21783,397.7434160044917
21784,199.96888900391156
21785,366.8527405202651
21786,357.424021845509
21787,93.75772009832463
21788,129.73262164699696
21789,438.1471818472222
21790,356.44248843442807
21791,79.15889925373665
21792,0.0
21793,5.728658608349463
21794,339.5871005910292
21795,410.8659827444549
21796,256.0932548034572
21797,325.58035425566885
21798,17.19839982744719
21799,374.6753911220112
21800,311.40484755611527
21801,350.22979811050556
21802,307.64868286952105
21803,0.0
21804,355.6192836547794
21805,319.55335191753005
21806,310.09348825329073
21807,403.014764194821
21808,43.67462728965137
21809,422.6616213623392
21810,391.4321003407849
21811,431.62943829858904
21812,566.4309973858068
21813,436.131287502707
21814,604.5457627194455
21815,542.1918322592276
21816,221.50119999134063
21817,327.18929615633647
21818,0.0
21819,302.70866595053394
21820,0.0
21821,148.27533006341767
21822,0.0
21823,0.0
21824,0.0
21825,0.0
21826,0.0
21827,0.0
21828,0.0
21829,0.0
21830,0.0
21831,0.0
21832,0.0
21833,0.0
21834,0.0
21835,0.0
21836,173.75546900476814
21837,222.2622969242761
21838,198.04134794008507
21839,244.35396912128692
21840,0.0
21841,170.52161947278876
21842,98.68443812605508
21843,152.2653029205087
21844,173.2017147750214
21845,275.2362074371387
21846,0.0
21847,296.55403598637236
21848,0.0
21849,0.0
21850,0.0
21851,0.0
21852,236.12815982917922
21853,246.1904764505662
21854,200.59064417413188
21855,0.0
21856,0.0
21857,68.98499002632241
21858,0.0
21859,150.68710639752112
21860,365.0862329407415
21861,272.55315402268735
21862,0.0
21863,140.0590481428615
21864,696.652713894958
21865,351.19321230315705
21866,310.28048175656954
21867,356.30615193479275
21868,501.63978275311433
21869,0.0
21870,310.2558060134953
21871,281.86578328801636
21872,353.9742861826589
21873,347.6798278590044
21874,334.2975895431526
21875,345.56347991891926
21876,340.81148452608994
21877,4.527688537985625
21878,421.51905871185136
21879,581.1580368405322
21880,160.20910920145502
21881,406.9228415512793
21882,355.35443135327955
21883,551.7877692247699
21884,0.0
21885,474.1040661576494
21886,400.3518106725662
21887,754.4739886976706
21888,214.67933431691705
21889,237.87722645262374
21890,337.0319326172193
21891,93.3837937275822
21892,0.0
21893,404.44946821962185
21894,315.01558581595185
21895,339.40143924766596
21896,165.5674497562456
21897,345.7893858246112
21898,319.97011688889404
21899,357.4720678141623
21900,0.0
21901,325.407701686662
21902,317.50843716837477
21903,349.6935709762559
21904,335.54400189815385
21905,357.5058334843589
21906,377.20980955095536
21907,415.64009383546045
21908,340.00521741941964
21909,0.32488582030936186
21910,307.45395864712077
21911,163.13692507659758
21912,211.33084737497794
21913,243.70166916864272
21914,0.0
21915,271.39054331565166
21916,258.5118570898079
21917,201.0060406021464
21918,227.05249431863027
21919,323.8520081446307
21920,0.0
21921,0.0
21922,0.0
21923,0.0
21924,0.0
21925,0.0
21926,0.0
21927,0.0
21928,0.0
21929,0.0
21930,0.0
21931,28.590830455990826
21932,191.59007527716713
21933,276.15768085073347
21934,0.0
21935,218.65446804708785
21936,231.7865258875726
21937,194.35081043092532
21938,180.3557310642828
21939,269.02359786892066
21940,0.0
21941,235.35437723999556
21942,215.53746154176338
21943,0.0
21944,0.0
21945,0.0
21946,103.38851775154525
21947,246.60577398736126
21948,0.0
21949,0.0
21950,37.567540986116185
21951,119.61501578016949
21952,417.00085335400377
21953,308.34596868130194
21954,326.05828333542814
21955,458.4199279237349
21956,574.9169474311051
21957,0.0
21958,188.2590964496536
21959,307.0307863163844
21960,460.6129353867397
21961,218.59017032915548
21962,0.0
21963,0.0
21964,469.32609685522516
21965,305.4180971312795
21966,298.89382370042205
21967,335.9283333592368
21968,260.7115173806672
21969,335.97766784868776
21970,329.82603226777496
21971,338.5341509857159
21972,0.0
21973,413.9950357275247
21974,379.0833166127836
21975,502.0565307277808
21976,147.63704024847507
21977,381.5917804235788
21978,264.55336891422746
21979,397.27989358527213
21980,0.0
21981,433.21081363182736
21982,403.9171332901858
21983,124.51109096964186
21984,0.0
21985,297.53829363706035
21986,385.42324386349605
21987,382.653846598435
21988,262.9304265044679
21989,300.7335820887511
21990,316.7151154998321
21991,0.0
21992,0.0
21993,308.6146571070706
21994,315.7024104568474
21995,326.983886648566
21996,241.44509946941832
21997,313.87693236697504
21998,289.3884741124274
21999,285.5505414261012
22000,312.49936423794986
22001,368.7782367456525
22002,374.6780287994219
22003,92.84629506923227
22004,341.87475265954754
22005,364.07029155776917
22006,341.74622721195993
22007,428.52757818041306
22008,398.43641227729097
22009,356.6459883784129
22010,230.66835452311994
22011,0.0
22012,30.97167513055527
22013,148.5138269790344
22014,90.39779976701847
22015,0.0
22016,115.68093590443499
22017,87.69603782402255
22018,0.0
22019,0.0
22020,146.79448807215334
22021,205.90508411202705
22022,171.75943388115903
22023,0.0
22024,0.0
22025,0.0
22026,113.51690294643082
22027,161.61219025930387
22028,0.0
22029,0.0
22030,0.0
22031,0.0
22032,0.0
22033,0.0
22034,0.0
22035,0.0
22036,0.0
22037,129.2422824554582
22038,105.82240326129364
22039,163.00362786766374
22040,174.88918368487245
22041,0.0
22042,124.21144897109926
22043,103.02603807426685
22044,119.01005419099434
22045,184.75662805740447
22046,0.0
22047,198.17390356755314
22048,0.0
22049,0.0
22050,77.34163974809853
22051,108.96589732107624
22052,316.21248010005667
22053,180.02581467582135
22054,249.77910823517138
22055,332.13950794179823
22056,561.0034961218671
22057,314.4299828307686
22058,299.78443118074557
22059,345.02592290238937
22060,223.28768479357808
22061,386.24901603901714
22062,353.110863483102
22063,381.5917974202763
22064,302.10335616242605
22065,297.59024880722467
22066,353.42899576370735
22067,352.99401464995526
22068,286.98261512446567
22069,365.5245068806909
22070,233.35903070627216
22071,656.5994435615755
22072,301.92937143350366
22073,614.9855910789383
22074,316.0322097061706
22075,469.12225565761713
22076,0.0
22077,495.51667148097147
22078,453.0316215348732
22079,539.7012777533705
22080,0.0
22081,0.0
22082,429.38063871270793
22083,344.86885387169906
22084,0.0
22085,283.078429972821
22086,289.5287198135737
22087,322.66813424786613
22088,0.0
22089,387.71484805660384
22090,351.49308480225636
22091,434.76754721538634
22092,204.07041211336033
22093,313.456248548377
22094,303.00441974029576
22095,346.8579382425738
22096,393.97037698114787
22097,375.2311036280007
22098,37.29061655663759
22099,377.1890696518126
22100,371.1880315775457
22101,428.3692295414954
22102,321.4425224278229
22103,458.16672050380294
22104,445.11341575424734
22105,428.65794518788334
22106,313.40091128940554
22107,345.30689550063266
22108,0.0
22109,309.2863268539122
22110,310.60937976787505
22111,0.0
22112,157.73352373057108
22113,0.0
22114,59.38115888010226
22115,92.94777001851959
22116,0.0
22117,0.0
22118,0.0
22119,0.0
22120,169.4443872136731
22121,263.8458094646416
22122,170.93751565504732
22123,177.13848572541116
22124,0.0
22125,0.0
22126,0.0
22127,0.0
22128,0.0
22129,0.0
22130,0.0
22131,0.0
22132,0.0
22133,0.0
22134,0.0
22135,0.0
22136,0.0
22137,0.0
22138,71.98394884597714
22139,85.57132652595766
22140,0.0
22141,0.0
22142,0.0
22143,0.0
22144,151.0338808420741
22145,0.0
22146,52.27126390576825
22147,84.54208456061545
22148,309.2034601440981
22149,168.0194250462991
22150,0.0
22151,197.38319677323184
22152,640.4908351407785
22153,254.89760073335805
22154,269.3250308873164
22155,331.56986063587124
22156,612.1175418316727
22157,355.99585734865553
22158,335.22334586079387
22159,332.1578980199089
22160,0.0
22161,331.3204492299469
22162,335.9322255640504
22163,328.7834441136843
22164,180.22727205900236
22165,365.386891505981
22166,417.3331202795368
22167,249.92226017866062
22168,0.0
22169,367.6019084249681
22170,381.7164136663529
22171,409.7961151632742
22172,0.0
22173,343.82755423840615
22174,278.0927006255547
22175,346.24381831670837
22176,0.0
22177,440.9724094905638
22178,352.2396756653639
22179,0.0
22180,0.0
22181,324.16644341485164
22182,365.98154305680396
22183,68.72525994562318
22184,0.0
22185,0.0
22186,315.50245181833003
22187,405.4608847418088
22188,243.05248270564647
22189,0.0
22190,304.25214725851515
22191,329.94026042020846
22192,324.71695819853244
22193,40.03794176264029
22194,415.1739943746454
22195,319.1249273284227
22196,487.4424575471116
22197,328.6032436909621
22198,351.67647594147434
22199,406.7166938613825
22200,191.56515913894995
22201,330.44331939090745
22202,201.71964885040953
22203,141.72358469434096
22204,136.463194340176
22205,0.0
22206,0.0
22207,0.0
22208,0.0
22209,0.0
22210,6.5493886027350285
22211,0.0
22212,0.0
22213,0.0
22214,0.0
22215,0.0
22216,0.0
22217,0.0
22218,0.0
22219,0.0
22220,0.0
22221,0.0
22222,0.0
22223,0.0
22224,0.0
22225,0.0
22226,0.0
22227,0.0
22228,0.0
22229,0.0
22230,0.0
22231,0.0
22232,0.0
22233,0.0
22234,0.0
22235,0.0
22236,176.4735368103271
22237,137.88229356795338
22238,0.0
22239,174.6220678141623
22240,0.0
22241,0.0
22242,0.0
22243,108.32028731287318
22244,572.6412421206694
22245,354.39411977044483
22246,0.0
22247,176.0937270868378
22248,768.3573856433804
22249,0.0
22250,231.58789090206537
22251,197.62140612573106
22252,436.58659969796753
22253,18.95510904622097
22254,292.76554869936524
22255,300.1831012984652
22256,402.53569959876745
22257,0.0
22258,347.8174432337143
22259,365.56737212373287
22260,0.0
22261,346.3749378025889
22262,472.984890729438
22263,407.186577593704
22264,0.0
22265,470.47513839784506
22266,319.30277026876394
22267,323.83277860313535
22268,0.0
22269,476.6930094473789
22270,411.50736510071306
22271,491.2918036495464
22272,0.0
22273,65.51052011558733
22274,332.01766196448557
22275,11.867312057326274
22276,0.0
22277,267.7771986713857
22278,365.2661238256001
22279,357.3032808075486
22280,0.0
22281,335.27395187434524
22282,331.09452632755756
22283,56.19734475648289
22284,0.0
22285,315.2337073120166
22286,338.2147398300358
22287,0.0
22288,0.0
22289,7.2464627927978995
22290,368.64451357575615
22291,35.7195856779245
22292,311.1157349812242
22293,374.6420409214976
22294,375.200366757226
22295,231.4432282861151
22296,98.89793660326765
22297,0.0
22298,111.12443022067951
22299,116.13844161153474
22300,0.0
22301,0.0
22302,0.0
22303,0.0
22304,0.0
22305,0.0
22306,0.0
22307,0.0
22308,0.0
22309,0.0
22310,0.0
22311,0.0
22312,0.0
22313,0.0
22314,0.0
22315,0.0
22316,0.0
22317,0.0
22318,0.0
22319,0.0
22320,0.0
22321,0.0
22322,0.0
22323,0.0
22324,0.0
22325,0.0
22326,0.0
22327,0.0
22328,0.0
22329,0.0
22330,0.0
22331,0.0
22332,0.0
22333,0.0
22334,0.0
22335,0.0
22336,0.0
22337,0.0
22338,0.0
22339,0.0
22340,257.8145242842309
22341,245.54853184881728
22342,0.0
22343,212.2334027522017
22344,368.88906921192074
22345,290.19251548251333
22346,0.0
22347,0.0
22348,128.58504088689733
22349,297.8044780984758
22350,0.0
22351,48.55113694837297
22352,0.0
22353,0.0
22354,300.785510616495
22355,0.0
22356,0.0
22357,360.05840741987595
22358,47.482730149712495
22359,440.42193834600084
22360,0.0
22361,302.80059553938514
22362,301.4152260040354
22363,0.0
22364,210.28439095808056
22365,161.56474124500096
22366,0.0
22367,662.4252253828197
22368,0.0
22369,535.9438245459785
22370,148.50969849445647
22371,661.2917260170337
22372,0.0
22373,360.6374731547471
22374,0.0
22375,367.1189079849831
22376,0.0
22377,8.862918959450951
22378,5.233991199646653
22379,354.12486669260744
22380,0.0
22381,366.05944549414284
22382,368.8327349640175
22383,50.14828735598314
22384,304.65335305634767
22385,395.6673296234327
22386,109.75488296447526
22387,467.82649916744185
22388,24.02575730982818
22389,130.1448987446447
22390,400.04465735731486
22391,88.61546158487329
22392,200.739822553001
22393,309.6946233639201
22394,0.0
22395,161.51106251676234
22396,0.0
22397,0.0
22398,245.7163239980781
22399,0.0
22400,516.4658038306837
22401,0.0
22402,61.09478937925911
22403,63.52535075271544
22404,0.0
22405,0.0
22406,0.0
22407,0.0
22408,0.0
22409,65.53376609297486
22410,0.0
22411,0.0
22412,0.0
22413,0.0
22414,0.0
22415,0.0
22416,0.0
22417,0.0
22418,0.0
22419,0.0
22420,0.0
22421,0.0
22422,0.0
22423,0.0
22424,0.0
22425,0.0
22426,0.0
22427,0.0
22428,0.0
22429,0.0
22430,0.0
22431,0.0
22432,0.0
22433,0.0
22434,0.0
22435,0.0
22436,191.5630373840376
22437,0.0
22438,8.183453742293977
22439,30.462075803465808
22440,357.92740351153793
22441,257.40291362754436
22442,0.0
22443,246.44992152193083
22444,363.8807979293682
22445,0.0
22446,0.0
22447,0.0
22448,271.86707180881405
22449,321.6307438160842
22450,305.4453595616722
22451,0.0
22452,75.74794737069493
22453,313.3484896423526
22454,277.9810761571371
22455,357.3162629394846
22456,0.0
22457,340.72446551920837
22458,312.3214873042138
22459,63.346126206848965
22460,0.0
22461,408.84183453686285
22462,494.25078110520474
22463,509.97410372291745
22464,0.0
22465,319.3780690220869
22466,465.75949536253086
22467,560.1558825071902
22468,0.0
22469,325.75174494629846
22470,272.3734424743781
22471,400.7867651438979
22472,0.0
22473,405.45959622101105
22474,364.70264390668086
22475,382.46426640783767
22476,0.0
22477,327.80964182738967
22478,304.5949286397743
22479,347.9511760493337
22480,14.835406082527413
22481,373.1952884516908
22482,407.50454496356116
22483,412.31888362019794
22484,0.0
22485,392.73907545830446
22486,335.82659535824786
22487,429.91251565504734
22488,0.0
22489,280.70523597771296
22490,0.0
22491,0.0
22492,380.8177509167209
22493,0.0
22494,0.0
22495,155.37899886978573
22496,188.3578686941883
22497,0.0
22498,61.074126543220395
22499,119.63289263619522
22500,197.4106841465526
22501,297.89887495787195
22502,0.0
22503,0.0
22504,0.0
22505,0.0
22506,0.0
22507,0.0
22508,0.0
22509,2.5464873042138225
22510,5.289920305402905
22511,0.0
22512,0.0
22513,0.0
22514,0.0
22515,37.15753976958828
22516,0.0
22517,0.0
22518,0.0
22519,0.0
22520,146.56950082395477
22521,0.0
22522,0.0
22523,140.63859042312257
22524,138.6942789871051
22525,168.6708917648286
22526,0.0
22527,119.41227525990438
22528,0.0
22529,0.0
22530,0.0
22531,0.0
22532,350.6990531556037
22533,273.40486227517744
22534,0.0
22535,212.5791507354716
22536,527.1256106812256
22537,331.29993313491457
22538,0.0
22539,278.73051150506836
22540,488.950881963685
22541,312.9888509210413
22542,305.21556145116665
22543,0.0
22544,394.07424368235866
22545,319.7442376256225
22546,371.4840118718314
22547,25.15090803669642
22548,0.0
22549,383.21992055564715
22550,455.59330239421
22551,579.6908993054503
22552,0.0
22553,439.14172403265957
22554,261.5139119796348
22555,91.52840588418337
22556,0.0
22557,483.0342252188891
22558,394.1482369181865
22559,807.3083159138577
22560,0.0
22561,388.2432907812262
22562,2.8151234373285092
22563,370.5582555541901
22564,0.0
22565,282.01636379796486
22566,224.37164341479567
22567,148.26260971382052
22568,0.0
22569,315.85561164750925
22570,295.3376006556478
22571,0.0
22572,0.0
22573,0.0
22574,318.4912857426739
22575,0.0
22576,318.80811985675854
22577,346.8813521072708
22578,442.10980841213774
22579,80.01066233555014
22580,597.8823114102074
22581,162.14518164008797
22582,456.14643671978644
22583,488.12514264274114
22584,151.86343855743672
22585,76.64144185325581
22586,8.218985617495804
22587,37.19584884175016
22588,0.0
22589,0.0
22590,0.0
22591,0.0
22592,0.0
22593,0.0
22594,0.0
22595,0.0
22596,0.0
22597,0.0
22598,0.0
22599,0.0
22600,0.0
22601,0.0
22602,0.0
22603,0.0
22604,0.0
22605,0.0
22606,0.0
22607,0.0
22608,0.0
22609,0.0
22610,0.0
22611,0.0
22612,0.0
22613,0.0
22614,0.0
22615,0.0
22616,0.0
22617,0.0
22618,0.0
22619,0.0
22620,0.0
22621,0.0
22622,0.0
22623,0.0
22624,0.0
22625,0.0
22626,0.0
22627,0.0
22628,284.2699984677439
22629,0.0
22630,216.13967991025993
22631,0.0
22632,745.7700365730811
22633,30.057650532825676
22634,0.0
22635,0.0
22636,470.77378301196194
22637,0.0
22638,243.87825488116758
22639,15.311910633682942
22640,346.46453385106594
22641,0.0
22642,312.12543786720744
22643,22.006269237674815
22644,0.0
22645,121.8932689702238
22646,401.14381717789075
22647,386.9645638928257
22648,186.7450326043329
22649,137.75795354815807
22650,399.8220794271461
22651,74.89119282169008
22652,24.367802200074323
22653,353.484772857147
22654,0.0
22655,123.93947224017683
22656,0.0
22657,0.0
22658,424.8298638367733
22659,0.0
22660,0.0
22661,299.4365200810807
22662,0.0
22663,293.922348009192
22664,0.0
22665,330.1453997843372
22666,0.0
22667,311.58919373626037
22668,0.0
22669,126.99549709915914
22670,0.0
22671,0.0
22672,0.0
22673,353.67568520765985
22674,54.426415875067676
22675,48.316330373978644
22676,6.815265657291377
22677,65.72203749625453
22678,0.0
22679,420.8243147923401
22680,0.0
22681,0.0
22682,173.4033874725208
22683,187.0452973642611
22684,0.0
22685,0.0
22686,0.0
22687,0.0
22688,0.0
22689,0.0
22690,0.0
22691,0.0
22692,0.0
22693,0.0
22694,0.0
22695,0.0
22696,0.0
22697,0.0
22698,0.0
22699,0.0
22700,0.0
22701,0.0
22702,0.0
22703,0.0
22704,0.0
22705,0.0
22706,0.0
22707,0.0
22708,0.0
22709,0.0
22710,0.0
22711,0.0
22712,0.0
22713,0.0
22714,0.0
22715,0.0
22716,0.0
22717,0.0
22718,0.0
22719,0.0
22720,0.0
22721,0.0
22722,0.0
22723,0.0
22724,278.2039355634231
22725,0.0
22726,110.92699497005108
22727,191.75922904100685
22728,228.23835030412704
22729,340.26618446141543
22730,272.7629450153494
22731,0.0
22732,413.7626605754237
22733,0.0
22734,94.31066630429865
22735,358.206982062829
22736,82.37368272289035
22737,30.66373830294657
22738,360.1467149475553
22739,340.32719556530725
22740,0.0
22741,402.5265830292247
22742,424.9778843018238
22743,231.64262668564243
22744,184.4352655536778
22745,369.64293096930976
22746,340.7088797032565
22747,96.8140513696668
22748,155.69208299901956
22749,373.6457850998565
22750,0.0
22751,179.73014658558577
22752,194.39500399465174
22753,322.1514117768024
22754,335.95946135202263
22755,0.0
22756,231.82034100337893
22757,328.8522299814804
22758,0.0
22759,326.2503312022353
22760,0.0
22761,311.9761022389388
22762,305.9192434321144
22763,340.7530334670962
22764,0.0
22765,376.39830802816795
22766,230.30773454123923
22767,0.0
22768,119.6951263879863
22769,346.30486341399507
22770,368.96134768984075
22771,413.9911871618289
22772,91.18414503259328
22773,407.76138791250577
22774,322.47318238212426
22775,475.0789393727881
22776,214.55020044862556
22777,343.53206478579426
22778,291.0768713083815
22779,0.0
22780,0.0
22781,0.0
22782,0.0
22783,156.2307507613937
22784,130.15631541346244
22785,0.0
22786,147.44663108577254
22787,188.85405568348324
22788,262.465501954169
22789,0.0
22790,325.65165683961953
22791,322.316149329203
22792,0.0
22793,266.8604294551257
22794,357.13304916955536
22795,115.05720303700866
22796,0.0
22797,0.0
22798,162.22264521803243
22799,0.0
22800,0.0
22801,0.0
22802,0.0
22803,0.0
22804,0.0
22805,0.0
22806,0.0
22807,0.0
22808,0.0
22809,0.0
22810,0.0
22811,0.0
22812,0.0
22813,0.0
22814,0.0
22815,0.0
22816,0.0
22817,0.0
22818,0.0
22819,0.0
22820,519.2266615072939
22821,470.25757304694366
22822,294.63574634396366
22823,39.39449487083215
22824,858.1544592640347
22825,457.0561959966889
22826,0.0
22827,243.99731203142304
22828,532.3486890987912
22829,335.88031403300386
22830,0.0
22831,295.69856189115166
22832,444.55333492083264
22833,356.79562162118685
22834,27.580127604514246
22835,358.0888180664641
22836,205.51160238126766
22837,462.5122687373731
22838,91.84001563353877
22839,609.3610830594298
22840,0.0
22841,417.5992877442548
22842,393.386113523968
22843,191.24793377333685
22844,0.0
22845,386.1905746257463
22846,374.81561018073705
22847,707.8471540830976
22848,0.0
22849,304.54945971271644
22850,472.3642749147431
22851,797.9029408222602
22852,0.0
22853,316.84366758984015
22854,367.86676072646793
22855,406.95919390879436
22856,0.0
22857,339.7766541392061
22858,319.4404122858943
22859,342.3292450714206
22860,0.0
22861,357.22537837020974
22862,318.74057887064237
22863,51.70630946033981
22864,0.0
22865,359.4728457961753
22866,417.10591620732407
22867,389.0509000992
22868,139.4267447996677
22869,422.6334429748666
22870,397.03232217763457
22871,477.06216164962274
22872,345.9108807730604
22873,269.82401023252527
22874,230.8276689875054
22875,278.35944973903884
22876,0.0
22877,99.4921869806916
22878,0.0
22879,81.49943420911367
22880,79.40177158871886
22881,0.0
22882,0.0
22883,30.778014908802856
22884,0.0
22885,0.0
22886,0.0
22887,0.0
22888,0.0
22889,0.0
22890,0.0
22891,0.0
22892,206.91424784954438
22893,0.0
22894,0.0
22895,197.63484780635955
22896,0.0
22897,0.0
22898,0.0
22899,0.0
22900,0.0
22901,0.0
22902,0.0
22903,0.0
22904,0.0
22905,0.0
22906,0.0
22907,0.0
22908,0.0
22909,0.0
22910,0.0
22911,0.0
22912,0.0
22913,0.0
22914,2.567598205478589
22915,69.92281718649414
22916,410.33826969505344
22917,289.3853382252551
22918,293.95038375392335
22919,0.0
22920,669.553006841789
22921,341.68634074453126
22922,249.29866161081424
22923,353.74812983043614
22924,241.12198536734468
22925,318.58739467667795
22926,306.68141046545077
22927,322.77980235540156
22928,360.9828485742991
22929,3.977190751002297
22930,354.56633404946604
22931,346.3100441396064
22932,0.0
22933,393.8041936585501
22934,397.2500104741662
22935,626.8565380958687
22936,0.0
22937,393.8535281480011
22938,411.94489661364025
22939,28.69799751523044
22940,0.0
22941,308.9742861826589
22942,402.56422390753744
22943,479.12875154644667
22944,0.0
22945,310.23757287440975
22946,316.1412571329927
22947,319.72603112895735
22948,0.0
22949,327.51490641478387
22950,280.1519126698641
22951,331.455470566364
22952,0.0
22953,331.921570027179
22954,297.0566083602935
22955,338.6535865061811
22956,237.28772898499162
22957,313.63021628060204
22958,0.0
22959,311.4645604934864
22960,211.45161235494527
22961,315.02856794788784
22962,355.3635649195197
22963,59.340712031404166
22964,0.0
22965,348.11681327815603
22966,371.24978510845983
22967,399.3891995427523
22968,283.1780871576019
22969,355.26974235791533
22970,104.97006646821035
22971,343.28063134462013
22972,0.0
22973,0.0
22974,0.0
22975,25.322335257390623
22976,0.0
22977,26.137856908670543
22978,0.0
22979,0.0
22980,0.0
22981,0.0
22982,0.0
22983,0.0
22984,0.0
22985,0.0
22986,0.0
22987,0.0
22988,0.0
22989,0.0
22990,0.0
22991,0.0
22992,0.0
22993,0.0
22994,0.0
22995,0.0
22996,0.0
22997,0.0
22998,0.0
22999,177.01180650538055
23000,0.0
23001,0.0
23002,0.0
23003,0.0
23004,0.0
23005,0.0
23006,0.0
23007,0.0
23008,148.06523605542327
23009,121.51501535739125
23010,183.58716589451876
23011,0.0
23012,327.67891656959875
23013,214.11105090377856
23014,183.8527114878056
23015,232.34398023378213
23016,488.11603685773895
23017,0.0
23018,204.30674010609022
23019,317.1565828566907
23020,458.7976541306027
23021,250.81541072429843
23022,0.0
23023,166.40361002540982
23024,361.55153586125016
23025,307.8434341400067
23026,329.76758120878117
23027,358.3899960830586
23028,0.0
23029,345.19602279458593
23030,362.0695734955321
23031,501.84230143652974
23032,170.2740028644375
23033,324.9597384409739
23034,415.68158327946895
23035,445.4413897243459
23036,0.0
23037,395.2544568568823
23038,431.437220430581
23039,393.2770394547254
23040,207.37474799187325
23041,361.2594041326602
23042,396.0049132823831
23043,108.34482068935381
23044,0.0
23045,305.1583819162732
23046,311.07633682758984
23047,328.093972149655
23048,0.0
23049,292.1955122558012
23050,319.97274721533034
23051,338.935339786851
23052,268.6977572667182
23053,313.5380431905295
23054,285.18437282256554
23055,326.01530872700056
23056,0.0
23057,359.67798516030405
23058,373.8288597559013
23059,413.53024178420486
23060,353.5103212285577
23061,360.4150169189871
23062,360.0384868642288
23063,378.3285254475876
23064,312.25876567019657
23065,353.7544807988893
23066,0.0
23067,297.14060167383167
23068,361.0273822699445
23069,211.28582596085053
23070,166.64936423794984
23071,178.7786943099709
23072,0.0
23073,0.0
23074,172.1558048746777
23075,139.35785665842627
23076,0.0
23077,0.0
23078,127.62180575464768
23079,125.40027595013368
23080,0.0
23081,88.8194250462991
23082,189.18029900356726
23083,142.31978371939798
23084,0.0
23085,125.50366456147208
23086,107.52652424826643
23087,113.7560622665181
23088,0.0
23089,112.01570990039968
23090,0.0
23091,0.0
23092,109.20039536690723
23093,172.68777190807012
23094,116.28814871668402
23095,0.0
23096,152.19900442603335
23097,172.1003184504339
23098,198.25842327775578
23099,233.60641202704667
23100,0.0
23101,167.7934526983
23102,142.19622410588153
23103,168.99184572706838
23104,136.8541979034461
23105,0.0
23106,150.84404325963644
23107,190.83884553732767
23108,332.0409699926535
23109,213.13163810879234
23110,238.4484285837591
23111,259.2183630300253
23112,437.54216884517655
23113,318.0758262888051
23114,308.81978682547634
23115,364.36379836935316
23116,278.70183872995176
23117,329.7455261464202
23118,340.3557635131951
23119,297.8057932616939
23120,217.79022444243947
23121,348.88079792936816
23122,0.0
23123,332.49156283162523
23124,247.7226834563233
23125,393.23030864929024
23126,359.2923651784234
23127,415.27651191924326
23128,261.15428290404657
23129,332.8901479487444
23130,371.52425643416007
23131,412.3019486476331
23132,0.0
23133,395.16096860359164
23134,342.7005944005675
23135,451.10876298689647
23136,0.0
23137,395.31545831505116
23138,352.6265841680423
23139,374.53256837926943
23140,236.1945178206522
23141,325.96857792156544
23142,263.49004086099404
23143,370.0168573400522
23144,0.0
23145,342.8135340322033
23146,326.99558025970424
23147,388.99245868592925
23148,278.49132938179173
23149,315.0779024373389
23150,310.5141454294683
23151,379.9350626978997
23152,311.0075509597938
23153,394.6299658340712
23154,150.70438355453715
23155,59.87824468314898
23156,487.53718715322555
23157,380.8428721883514
23158,276.941298071697
23159,362.3788392303472
23160,310.89351800178946
23161,397.186670807949
23162,325.75587598465916
23163,303.48376680901424
23164,134.35843433844394
23165,0.0
23166,58.637705759024044
23167,71.42009480174409
23168,210.21759396058255
23169,0.0
23170,238.03764087831277
23171,204.5411744100275
23172,0.0
23173,0.0
23174,0.0
23175,0.0
23176,236.19868711441708
23177,387.39182178506144
23178,311.5907593460094
23179,433.4759430222785
23180,255.49205211170317
23181,340.1414789698424
23182,345.5180090246007
23183,0.0
23184,291.4983161122951
23185,291.1425525991
23186,313.52893356629613
23187,369.7545890254572
23188,0.0
23189,214.97279282170894
23190,304.80916954400914
23191,275.3986137268004
23192,0.0
23193,0.0
23194,61.032256874145105
23195,86.26854122775713
23196,220.68126824548796
23197,214.63865344897684
23198,224.16214889782134
23199,227.343140054358
23200,259.493972149655
23201,0.0
23202,167.57244576159385
23203,262.14523206077155
23204,473.9636921271593
23205,273.49114776760706
23206,258.57945529528644
23207,256.2112371856375
23208,705.1582702903656
23209,337.9161292093138
23210,0.0
23211,341.09843552906864
23212,585.8944900565275
23213,312.3357749536449
23214,255.28049875326698
23215,275.677768707168
23216,367.6992792373494
23217,367.0435995859371
23218,355.2025356801129
23219,302.3137028945866
23220,0.0
23221,357.3604167033243
23222,470.6764121995806
23223,241.24010572459173
23224,0.0
23225,444.47152328198274
23226,355.07396659340736
23227,355.0558303782805
23228,146.1724797549887
23229,442.26039856780926
23230,432.5083765325595
23231,412.3642919114405
23232,0.0
23233,338.97946690827024
23234,391.5904652603607
23235,86.88677308139432
23236,0.0
23237,327.775919796311
23238,377.69797371985425
23239,392.1241153530149
23240,313.4756999267221
23241,378.47439440922693
23242,287.08257262416544
23243,365.83872031406224
23244,310.9322255640504
23245,391.0126880462873
23246,362.3149744186869
23247,26.30772434322057
23248,315.5219468357929
23249,340.16749848581594
23250,386.0503895604153
23251,426.81123407955914
23252,466.0018887278572
23253,444.28285438079104
23254,332.72357774903145
23255,572.5767948146864
23256,0.0
23257,278.6476850179192
23258,203.63862908419162
23259,198.57762762602277
23260,0.0
23261,0.0
23262,0.0
23263,0.0
23264,8.77250525859148
23265,0.0
23266,0.0
23267,102.70649588882948
23268,0.0
23269,172.9307635131951
23270,243.5305521505116
23271,253.6448069453655
23272,215.8910750960298
23273,323.1501851430413
23274,242.17773201335973
23275,269.5797254389283
23276,0.0
23277,0.0
23278,0.0
23279,0.0
23280,0.0
23281,0.0
23282,0.0
23283,0.0
23284,0.0
23285,0.0
23286,0.0
23287,0.0
23288,0.0
23289,0.0
23290,0.0
23291,0.0
23292,0.0
23293,0.0
23294,0.0
23295,0.0
23296,0.0
23297,0.0
23298,0.0
23299,0.0
23300,375.7141539363737
23301,261.02840136313984
23302,0.0
23303,300.1948447779915
23304,749.5649169060633
23305,300.7868427764106
23306,0.0
23307,207.40201777324032
23308,561.4527892498354
23309,282.1137612527666
23310,0.0
23311,286.489253233258
23312,312.687629265329
23313,362.1059162073241
23314,367.6577291575256
23315,15.894841930947223
23316,60.448031232477774
23317,311.3684685561798
23318,466.13081804925736
23319,478.9404598766471
23320,0.0
23321,426.138619455582
23322,372.3058578491441
23323,53.37729783875267
23324,0.0
23325,466.6943246105971
23326,434.5039834346842
23327,675.7035703550403
23328,0.0
23329,400.00905593372755
23330,404.38844011903257
23331,203.81997608389634
23332,0.0
23333,281.53467852119803
23334,271.7696743540123
23335,325.4881811655963
23336,274.43394303948526
23337,59.01478799019719
23338,339.8363937189976
23339,354.3586006470444
23340,288.7146316034678
23341,357.60059326174996
23342,0.0
23343,330.97115496316087
23344,387.6304763728559
23345,366.33083732359
23346,400.9776678486878
23347,75.39499379663312
23348,431.5821061472769
23349,386.71067523398233
23350,424.56965155082304
23351,408.39204206031525
23352,0.0
23353,378.7255174840942
23354,302.84784112850105
23355,342.76213728483754
23356,403.1170482895854
23357,0.0
23358,162.8172267805783
23359,188.77021888619188
23360,0.0
23361,0.0
23362,0.0
23363,202.00667252496538
23364,0.0
23365,162.9060665114141
23366,291.0545635218545
23367,0.0
23368,0.0
23369,306.4144627410845
23370,286.3223066477094
23371,430.42768796857695
23372,328.6804852854262
23373,457.6652711876354
23374,681.3796455458937
23375,821.0069470601336
23376,0.0
23377,0.0
23378,0.0
23379,0.0
23380,0.0
23381,0.0
23382,0.0
23383,0.0
23384,0.0
23385,0.0
23386,0.0
23387,0.0
23388,0.0
23389,0.0
23390,0.0
23391,0.0
23392,63.81824785814776
23393,100.16722139686466
23394,0.0
23395,123.47413431697305
23396,311.3577647125163
23397,287.0082636383172
23398,0.0
23399,306.29415957033154
23400,863.0821329192145
23401,291.02055008842717
23402,0.0
23403,297.6772678141063
23404,696.0022149691571
23405,335.9114590224872
23406,342.15660949911114
23407,0.0
23408,348.5678996592151
23409,412.9290773478549
23410,338.97557470345663
23411,215.44943137918278
23412,0.0
23413,373.5484312841726
23414,453.743121918843
23415,244.88853814758198
23416,0.0
23417,317.4642834045351
23418,429.88960341656485
23419,148.80701094865776
23420,0.0
23421,386.5489151805369
23422,385.03633536081765
23423,521.738434735319
23424,0.0
23425,348.1420181183083
23426,127.89817260688386
23427,346.14643785860403
23428,123.8795603986627
23429,346.72421507267745
23430,333.2952193089701
23431,0.0
23432,276.41004527842404
23433,322.3565244985107
23434,307.1189249816805
23435,332.6032139424632
23436,0.0
23437,345.5673721237329
23438,333.0420606186085
23439,316.49441696217195
23440,4.584824433761241
23441,35.959762236350116
23442,394.77667113590354
23443,76.11038638541646
23444,431.14814258223754
23445,74.51249228244905
23446,425.95595870762435
23447,433.50857628225924
23448,366.10206806440664
23449,290.8463226867266
23450,299.14937004444175
23451,0.0
23452,286.37898924117604
23453,0.0
23454,197.3216368922644
23455,99.67172613776086
23456,0.0
23457,0.0
23458,0.0
23459,0.0
23460,0.0
23461,0.0
23462,0.0
23463,0.0
23464,0.0
23465,0.0
23466,0.0
23467,0.0
23468,0.0
23469,0.0
23470,0.0
23471,0.0
23472,0.0
23473,0.0
23474,0.0
23475,0.0
23476,0.0
23477,0.0
23478,0.0
23479,0.0
23480,0.0
23481,0.0
23482,0.0
23483,0.0
23484,0.0
23485,0.0
23486,0.0
23487,0.0
23488,40.31234254776811
23489,0.0
23490,0.0
23491,0.0
23492,330.80934308549956
23493,0.0
23494,188.15137082098465
23495,0.0
23496,692.6161110909121
23497,0.0
23498,0.0
23499,0.0
23500,552.4421507096615
23501,0.0
23502,318.55364600317876
23503,0.0
23504,349.57545061900885
23505,71.64010063413923
23506,98.57983351886554
23507,177.79038705843902
23508,110.30258780902273
23509,440.24534028733956
23510,146.55953387696923
23511,413.6355522712385
23512,0.0
23513,352.74992889001857
23514,69.50039211419806
23515,375.7335650920537
23516,0.0
23517,425.8114505326952
23518,41.485610922679655
23519,67.19577914673391
23520,0.0
23521,46.97247692505783
23522,16.35574366945349
23523,86.00127832277911
23524,98.71470923598048
23525,324.7545990768452
23526,0.0
23527,341.5969781458876
23528,0.0
23529,296.7554037012786
23530,0.0
23531,330.79589871013815
23532,0.0
23533,0.0
23534,0.0
23535,327.36950663044666
23536,0.0
23537,325.6803553944865
23538,63.40070205772662
23539,12.021845407903697
23540,183.13588573399574
23541,0.0
23542,24.82251091845268
23543,514.121080747101
23544,194.82550042986432
23545,107.95082162113083
23546,0.0
23547,136.9510550709643
23548,0.0
23549,0.0
23550,0.0
23551,0.0
23552,0.0
23553,0.0
23554,0.0
23555,0.0
23556,0.0
23557,0.0
23558,0.0
23559,0.0
23560,0.0
23561,0.0
23562,0.0
23563,0.0
23564,0.0
23565,0.0
23566,0.0
23567,0.0
23568,0.0
23569,0.0
23570,0.0
23571,0.0
23572,0.0
23573,0.0
23574,0.0
23575,0.0
23576,0.0
23577,0.0
23578,0.0
23579,0.0
23580,0.0
23581,0.0
23582,0.0
23583,0.0
23584,0.0
23585,0.0
23586,0.0
23587,0.0
23588,344.36412356900485
23589,0.0
23590,191.96963723742573
23591,0.0
23592,558.6081102281489
23593,0.0
23594,272.16960862774454
23595,0.0
23596,345.8454224580091
23597,0.0
23598,334.27035375518034
23599,0.0
23600,331.0841382339145
23601,43.84341429626505
23602,401.54113077090966
23603,31.463529217898326
23604,0.0
23605,467.37465336266314
23606,85.20406444942279
23607,301.72440433109745
23608,0.0
23609,284.2132178594046
23610,0.0
23611,382.9758347957105
23612,0.0
23613,325.65828333542817
23614,0.0
23615,362.07217717954796
23616,0.0
23617,0.0
23618,33.6811231784809
23619,44.496499909384454
23620,163.17195221950655
23621,319.50530594887675
23622,0.0
23623,317.66555720627065
23624,0.0
23625,382.995312816476
23626,0.0
23627,117.097887002161
23628,0.0
23629,12.040017911174004
23630,0.0
23631,315.69980677283155
23632,0.0
23633,343.6756852076599
23634,55.06779823132581
23635,60.00937381475245
23636,0.0
23637,50.828035598100655
23638,80.67872661225249
23639,400.14351375689347
23640,108.53005860842428
23641,0.0
23642,108.94945390622455
23643,143.91444321294335
23644,0.0
23645,0.0
23646,0.0
23647,0.0
23648,0.0
23649,0.0
23650,0.0
23651,0.0
23652,0.0
23653,0.0
23654,0.0
23655,0.0
23656,0.0
23657,0.0
23658,0.0
23659,0.0
23660,0.0
23661,0.0
23662,0.0
23663,0.0
23664,0.0
23665,0.0
23666,0.0
23667,0.0
23668,0.0
23669,0.0
23670,0.0
23671,0.0
23672,0.0
23673,0.0
23674,0.0
23675,0.0
23676,0.0
23677,0.0
23678,0.0
23679,0.0
23680,0.0
23681,0.0
23682,0.0
23683,0.0
23684,291.6956749639626
23685,0.0
23686,114.47481329536276
23687,227.10395750830313
23688,251.42061298476415
23689,0.0
23690,0.0
23691,70.3000277641247
23692,536.059411500748
23693,0.0
23694,372.6356740951647
23695,0.0
23696,0.0
23697,0.0
23698,269.4066806090926
23699,0.0
23700,0.0
23701,396.1879975841509
23702,31.502458617008813
23703,174.4782764160219
23704,0.0
23705,464.85191889913426
23706,0.0
23707,417.9420424830935
23708,0.0
23709,67.21265348348345
23710,23.39810801943372
23711,113.14228500924094
23712,0.0
23713,257.18515080457854
23714,249.7340217937019
23715,406.22692698326136
23716,0.0
23717,400.4608847418088
23718,0.0
23719,5.622188223122748
23720,0.0
23721,327.887570907149
23722,0.0
23723,431.4190575730337
23724,0.0
23725,372.75900182044353
23726,0.0
23727,320.4245760234116
23728,0.0
23729,175.09025573916838
23730,0.7715408480888186
23731,14.675709003036104
23732,25.72952625863718
23733,18.52625623562915
23734,33.683322988684154
23735,349.8048278590044
23736,0.0
23737,0.0
23738,127.89532400668149
23739,124.95633814780695
23740,0.0
23741,0.0
23742,0.0
23743,0.0
23744,0.0
23745,0.0
23746,0.0
23747,0.0
23748,0.0
23749,0.0
23750,0.0
23751,0.0
23752,0.0
23753,0.0
23754,0.0
23755,0.0
23756,0.0
23757,0.0
23758,0.0
23759,0.0
23760,0.0
23761,0.0
23762,0.0
23763,0.0
23764,0.0
23765,0.0
23766,0.0
23767,0.0
23768,0.0
23769,0.0
23770,0.0
23771,0.0
23772,0.0
23773,0.0
23774,0.0
23775,0.0
23776,0.0
23777,0.0
23778,0.0
23779,0.0
23780,298.73401798031614
23781,0.0
23782,0.0
23783,138.0026121738079
23784,393.4953502092101
23785,321.4541723998433
23786,0.0
23787,0.0
23788,218.71873006339888
23789,0.0
23790,187.26182535693493
23791,0.0
23792,392.2864064707991
23793,0.0
23794,279.4871600880269
23795,6.69074064108537
23796,0.0
23797,448.8028614986345
23798,131.85429593199547
23799,240.29232098700993
23800,0.0
23801,396.8293532979886
23802,0.0
23803,335.5063706655641
23804,0.0
23805,31.46873658593006
23806,84.39521024976915
23807,501.70093947630824
23808,0.0
23809,304.875366757226
23810,251.50887687332556
23811,697.640726198171
23812,7.98782929117624
23813,360.5595707174083
23814,0.0
23815,330.7828899357817
23816,0.0
23817,3.920054855226624
23818,326.6242309305573
23819,71.13631665589361
23820,119.54564514041553
23821,0.0
23822,10.652044691808328
23823,380.560859238206
23824,18.36695338422743
23825,373.9561233251116
23826,18.912287442296815
23827,83.08000238124879
23828,65.24931692334462
23829,24.02368810660397
23830,0.0
23831,0.0
23832,382.9141254609108
23833,105.88461860142213
23834,0.0
23835,204.54985507962365
23836,0.0
23837,0.0
23838,0.0
23839,0.0
23840,0.0
23841,0.0
23842,0.0
23843,0.0
23844,0.0
23845,0.0
23846,0.0
23847,0.0
23848,0.0
23849,0.0
23850,0.0
23851,0.0
23852,0.0
23853,0.0
23854,0.0
23855,0.0
23856,0.0
23857,0.0
23858,0.0
23859,0.0
23860,0.0
23861,0.0
23862,0.0
23863,0.0
23864,0.0
23865,0.0
23866,0.0
23867,0.0
23868,0.0
23869,0.0
23870,0.0
23871,0.0
23872,21.70441550950582
23873,0.0
23874,0.0
23875,0.0
23876,411.6377558677415
23877,0.0
23878,302.5700963633399
23879,0.0
23880,633.9196763383864
23881,2.341256563583727
23882,26.119476312538836
23883,0.0
23884,459.2716082825832
23885,0.0
23886,308.56273593030113
23887,335.5803712523663
23888,75.79618259776822
23889,370.266167464718
23890,22.498359604782195
23891,163.6421331435551
23892,0.0
23893,454.95189339553144
23894,291.90356978563125
23895,981.9434018377249
23896,0.0
23897,113.46298468571877
23898,397.7771646779908
23899,161.29468157546933
23900,70.34024568403288
23901,400.31677347826934
23902,83.95636357362383
23903,562.3538528277052
23904,0.0
23905,229.44823068891634
23906,26.495989370599716
23907,0.0
23908,223.85357913809335
23909,324.907800267507
23910,0.0
23911,337.52791518914023
23912,285.71021186317205
23913,0.08727625209127154
23914,335.7699344462662
23915,332.4162374358818
23916,0.0
23917,271.856693360894
23918,0.0
23919,318.7522724817806
23920,0.0
23921,37.71774297922417
23922,374.0703684742425
23923,411.3087556188087
23924,88.52665046371874
23925,413.8120120615721
23926,121.57426390350457
23927,73.48769442218781
23928,422.9745934428872
23929,0.0
23930,0.0
23931,372.47733934686596
23932,0.0
23933,0.0
23934,164.6377544885944
23935,0.0
23936,0.0
23937,0.0
23938,116.40944860022127
23939,111.88464763388156
23940,0.0
23941,0.0
23942,0.0
23943,0.0
23944,0.0
23945,0.0
23946,0.0
23947,0.0
23948,0.0
23949,0.0
23950,0.0
23951,0.0
23952,0.0
23953,0.0
23954,0.0
23955,0.0
23956,0.0
23957,0.0
23958,0.0
23959,0.0
23960,0.0
23961,0.0
23962,0.0
23963,0.0
23964,0.0
23965,0.0
23966,0.0
23967,0.0
23968,305.12616372031056
23969,0.0
23970,0.0
23971,99.09923901468443
23972,432.24058043223823
23973,0.0
23974,265.7306552866271
23975,28.109492092708365
23976,179.22381955913954
23977,249.9013916569132
23978,319.7039930632938
23979,0.0
23980,475.2882055303815
23981,0.0
23982,291.7827001250661
23983,0.0
23984,281.03482074116084
23985,420.41935165868244
23986,24.78864863467186
23987,46.02599770497119
23988,0.0
23989,409.84804369101806
23990,553.5937692938769
23991,254.00043970495085
23992,217.69805135236692
23993,335.76861928304805
23994,2.333438160561684
23995,323.7081187179409
23996,0.0
23997,358.43675353091413
23998,401.89295844017335
23999,210.75066268061812
24000,238.00314821619543
24001,374.5338569000672
24002,29.239422371788805
24003,55.16902725512591
24004,0.0
24005,289.1716411371604
24006,314.23784996336104
24007,11.962115473835127
24008,233.6718099995437
24009,288.62245851339526
24010,0.0
24011,356.13216720587036
24012,272.3280001897407
24013,0.0
24014,304.4365200810807
24015,351.43988475041215
24016,62.83717849968946
24017,345.30514050294636
24018,382.04753542986856
24019,60.568988171278534
24020,451.8124959579364
24021,87.65282267382133
24022,108.26308668301664
24023,166.17137084688795
24024,4.433010068594598
24025,0.0
24026,74.71214266855117
24027,214.7354692550124
24028,0.0
24029,0.0
24030,0.0
24031,0.0
24032,0.0
24033,0.0
24034,0.0
24035,0.0
24036,0.0
24037,0.0
24038,0.0
24039,0.0
24040,0.0
24041,0.0
24042,0.0
24043,0.0
24044,0.0
24045,0.0
24046,0.0
24047,0.0
24048,0.0
24049,0.0
24050,0.0
24051,0.0
24052,0.0
24053,0.0
24054,0.0
24055,0.0
24056,0.0
24057,0.0
24058,0.0
24059,0.0
24060,0.0
24061,0.0
24062,0.0
24063,0.0
24064,0.0
24065,0.0
24066,0.0
24067,0.0
24068,400.47214362191534
24069,314.0495308226979
24070,0.0
24071,0.0
24072,211.56993896730967
24073,138.06554247009512
24074,251.9437027220526
24075,0.0
24076,456.9020750097161
24077,0.0
24078,359.4144650187198
24079,318.94055450585716
24080,53.76422333812849
24081,370.5777772140734
24082,52.28670735512651
24083,207.76442279456705
24084,0.0
24085,373.4977816315034
24086,427.3928598593283
24087,238.3876252965805
24088,0.0
24089,376.33991025401497
24090,408.10567540651624
24091,71.98935126180743
24092,179.3586516371367
24093,367.25652335969306
24094,0.0
24095,374.0352706441303
24096,0.0
24097,80.07814268585105
24098,0.0
24099,368.77299538422596
24100,0.0
24101,273.76265092970067
24102,300.7608615158412
24103,0.0
24104,236.78916937147523
24105,327.10723137054225
24106,0.0
24107,346.0373904317819
24108,0.0
24109,308.3783461110382
24110,289.71695819853244
24111,0.0
24112,327.7083958068922
24113,426.2165388896183
24114,51.96210582811216
24115,383.42510355889374
24116,112.80214130539252
24117,54.36152221208522
24118,339.8442121220197
24119,428.8535185022781
24120,0.0
24121,170.3761091842483
24122,195.73184605502297
24123,0.0
24124,0.0
24125,0.0
24126,0.0
24127,0.0
24128,0.0
24129,0.0
24130,0.0
24131,0.0
24132,0.0
24133,0.0
24134,0.0
24135,0.0
24136,0.0
24137,0.0
24138,0.0
24139,0.0
24140,0.0
24141,0.0
24142,0.0
24143,0.0
24144,0.0
24145,0.0
24146,0.0
24147,0.0
24148,0.0
24149,0.0
24150,0.0
24151,0.0
24152,30.37037117465598
24153,0.0
24154,0.0
24155,0.0
24156,474.3300613088378
24157,325.35323207797825
24158,385.31946640778165
24159,68.75909786461875
24160,411.68191405892594
24161,411.0444239074814
24162,0.0
24163,71.31346929812241
24164,485.8062729131622
24165,340.1311758767997
24166,0.0
24167,153.36938056162472
24168,462.2409375437412
24169,288.8769397179494
24170,0.0
24171,197.99800148397895
24172,741.3293838920439
24173,297.32280981840637
24174,0.0
24175,352.39811821745235
24176,146.89960959402816
24177,406.36195567065283
24178,98.29161099178663
24179,147.82289085025832
24180,144.19379082873144
24181,396.0529762477338
24182,501.37879601400755
24183,335.1676441051181
24184,0.0
24185,364.0404950088595
24186,415.76860228635064
24187,394.65591310124574
24188,0.0
24189,386.6489163193545
24190,420.5673551270355
24191,81.52193663777427
24192,0.0
24193,290.68944532160884
24194,350.28304180146756
24195,336.1568429489446
24196,0.0
24197,303.0303840041677
24198,234.83645435481293
24199,0.0
24200,0.0
24201,324.3144638799022
24202,281.10884061940914
24203,345.0960919373066
24204,0.0
24205,295.4271700617045
24206,320.6816439152842
24207,280.8738181441744
24208,0.0
24209,392.2578555196086
24210,377.3708387903622
24211,392.0527427979003
24212,555.9828145809042
24213,143.53054266853235
24214,332.9953638065682
24215,428.7769482248548
24216,399.63418810230246
24217,318.1008587377175
24218,0.0
24219,309.51866178334825
24220,408.3460610499901
24221,303.9991976532018
24222,0.4419336871164887
24223,0.0
24224,0.0
24225,0.0
24226,0.0
24227,0.0
24228,0.0
24229,0.0
24230,0.0
24231,0.0
24232,50.380571424844234
24233,122.01647896984235
24234,0.0
24235,0.0
24236,38.73472102149826
24237,74.7188411198977
24238,0.0
24239,66.87931618140202
24240,0.0
24241,0.0
24242,0.0
24243,0.0
24244,0.0
24245,0.0
24246,0.0
24247,0.0
24248,292.93506113630383
24249,270.3487215305902
24250,290.99788829647554
24251,0.0
24252,0.0
24253,0.0
24254,0.0
24255,0.0
24256,453.2253486217109
24257,355.94413987322065
24258,247.41394172813364
24259,295.40275865578013
24260,254.28532845001473
24261,409.9498481343141
24262,301.90136190841434
24263,395.9743000732779
24264,642.6330024243591
24265,6.815417522977214
24266,387.86548920236766
24267,339.8156441741319
24268,474.6455080109052
24269,335.7011389327471
24270,0.0
24271,330.1272539234873
24272,410.88418924112005
24273,421.0880134420307
24274,407.95635677494505
24275,53.8758744489665
24276,0.0
24277,364.11839744619834
24278,470.22197970748346
24279,253.656369802894
24280,0.0
24281,385.7309347656174
24282,337.5746459945754
24283,347.91871589663225
24284,0.0
24285,403.839230852847
24286,401.1723851257786
24287,569.7856760795388
24288,0.0
24289,352.22019764459844
24290,320.4388466761453
24291,0.0
24292,0.0
24293,360.7426550191761
24294,330.1285254475876
24295,362.7875697683313
24296,0.0
24297,330.2544738535797
24298,298.98337610978126
24299,55.726037927636185
24300,0.0
24301,328.5847739959646
24302,343.58995472157596
24303,0.0
24304,0.0
24305,369.45857514344164
24306,67.56064958374873
24307,400.45443249209717
24308,363.7756597040571
24309,385.1207676803808
24310,390.55440698849435
24311,339.2456950088035
24312,59.75391756178573
24313,209.67189966781842
24314,195.13019772230876
24315,277.64251009879973
24316,0.0
24317,0.0
24318,0.0
24319,0.0
24320,0.0
24321,0.0
24322,0.0
24323,0.0
24324,0.0
24325,0.0
24326,0.0
24327,0.0
24328,0.0
24329,0.0
24330,0.0
24331,0.0
24332,0.0
24333,0.0
24334,0.0
24335,0.0
24336,0.0
24337,0.0
24338,0.0
24339,0.0
24340,0.0
24341,0.0
24342,0.0
24343,0.0
24344,0.0
24345,0.0
24346,0.0
24347,0.0
24348,0.0
24349,0.0
24350,0.0
24351,0.0
24352,0.0
24353,0.0
24354,0.0
24355,0.0
24356,517.7552410681654
24357,0.0
24358,174.6094423709511
24359,249.99113615462332
24360,384.674265217213
24361,288.5471501143493
24362,313.6484227772672
24363,40.21062097406758
24364,567.435664466555
24365,0.0
24366,274.10544930765724
24367,34.247223778113494
24368,42.911215374635105
24369,359.9272782882725
24370,400.81017900859484
24371,86.28694080496001
24372,183.54587859024898
24373,468.6665346447223
24374,8.891486907338788
24375,470.5205806824825
24376,0.0
24377,373.48869170438104
24378,9.31082892029815
24379,0.0
24380,87.38518707560857
24381,400.35052215176853
24382,368.9236195332923
24383,258.8783835037723
24384,117.17742703076658
24385,353.123855260761
24386,433.3808891592388
24387,166.72054611967872
24388,185.98033216851894
24389,40.130124498435805
24390,0.0
24391,337.26692845003356
24392,0.0
24393,357.7239379837262
24394,319.3313382166517
24395,0.5274114490343322
24396,290.8205744532123
24397,421.83456066602037
24398,0.0
24399,361.8034060308141
24400,382.4447883870722
24401,0.0
24402,388.25757843065736
24403,0.0
24404,30.76502796256193
24405,338.24853214265283
24406,1.9452314913625628
24407,59.06027391395247
24408,278.01747878870503
24409,0.0
24410,0.0
24411,334.53004161172686
24412,0.0
24413,222.92527595013365
24414,181.32700928344832
24415,136.92296635176646
24416,0.0
24417,0.0
24418,0.0
24419,0.0
24420,0.0
24421,0.0
24422,0.0
24423,0.0
24424,0.0
24425,0.0
24426,0.0
24427,0.0
24428,0.0
24429,0.0
24430,0.0
24431,0.0
24432,0.0
24433,0.0
24434,0.0
24435,0.0
24436,0.0
24437,0.0
24438,0.0
24439,0.0
24440,0.0
24441,0.0
24442,0.0
24443,0.0
24444,0.0
24445,0.0
24446,0.0
24447,0.0
24448,51.95905479490992
24449,0.0
24450,0.0
24451,0.0
24452,152.24152869159963
24453,0.0
24454,206.92972968382423
24455,324.2823279841265
24456,178.940787403395
24457,316.249059678135
24458,0.0
24459,180.23507346532696
24460,138.56945507094542
24461,0.0
24462,329.97794493763905
24463,0.0
24464,305.7387798110599
24465,351.87483922174385
24466,36.80759911995517
24467,399.6260299901397
24468,0.0
24469,122.0179022129978
24470,368.87688872785714
24471,135.48193517100208
24472,79.861164091282
24473,312.63438557436695
24474,4.934075061429496
24475,126.13501113839845
24476,48.21745513995921
24477,494.1443107199781
24478,96.01557561793322
24479,913.0366566411822
24480,0.0
24481,450.0336880376839
24482,471.73974025281404
24483,435.0286795737951
24484,158.93278709292736
24485,349.6494172124162
24486,4.452363142242234
24487,50.48846505322638
24488,0.0
24489,412.45646500151304
24490,361.5696987187975
24491,90.64293776798854
24492,326.76187294768766
24493,333.83795932874665
24494,0.0
24495,341.6411319097273
24496,366.8696584961325
24497,35.188539269286196
24498,433.24070409390777
24499,80.30408258493787
24500,182.7242218713563
24501,374.1495860747995
24502,263.7614230447182
24503,25.906552538782876
24504,486.58000181184013
24505,419.0521036193973
24506,16.603723911838983
24507,333.84962857509976
24508,45.6534101461927
24509,0.0
24510,82.65789107459933
24511,0.0
24512,0.0
24513,0.0
24514,0.0
24515,0.0
24516,0.0
24517,0.0
24518,0.0
24519,0.0
24520,0.0
24521,0.0
24522,0.0
24523,0.0
24524,0.0
24525,0.0
24526,0.0
24527,0.0
24528,0.0
24529,0.0
24530,0.0
24531,0.0
24532,0.0
24533,0.0
24534,0.0
24535,0.0
24536,0.0
24537,0.0
24538,0.0
24539,0.0
24540,0.0
24541,0.0
24542,0.0
24543,0.0
24544,0.0
24545,0.0
24546,0.0
24547,113.63619157925888
24548,464.608329364585
24549,369.3642775980432
24550,0.0
24551,296.62215011434927
24552,553.4847655061726
24553,342.2448903843701
24554,0.0
24555,47.156721125018635
24556,502.3837432897855
24557,0.0
24558,0.0
24559,143.5355341357237
24560,248.18105179235192
24561,386.8293969371064
24562,414.8311959966889
24563,157.95659702345728
24564,0.0
24565,487.19156906089535
24566,632.1019390190233
24567,705.3815821577647
24568,0.0
24569,418.99763941154055
24570,34.099229955483395
24571,397.80833630989457
24572,0.0
24573,349.8195193822481
24574,299.9973963159841
24575,533.8547560329836
24576,0.0
24577,334.0223321513122
24578,327.8849405807127
24579,93.0397238255253
24580,0.0
24581,330.577750571653
24582,346.73201647900214
24583,330.29991613821716
24584,0.0
24585,353.14070295509015
24586,336.23471874386297
24587,0.0
24588,286.09712036585046
24589,318.00441974029576
24590,309.59361347655613
24591,349.2404270049565
24592,322.33186575213387
24593,26.358364350166767
24594,374.4144650187198
24595,388.20048617399954
24596,529.2469058970886
24597,466.81512628437275
24598,30.204343562912186
24599,159.17968279199727
24600,242.88108620852495
24601,236.18542208703786
24602,292.7850039169414
24603,292.5408915145843
24604,0.0
24605,0.0
24606,0.0
24607,0.0
24608,0.0
24609,0.0
24610,0.0
24611,0.0
24612,0.0
24613,0.0
24614,0.0
24615,0.0
24616,0.0
24617,0.0
24618,0.0
24619,0.0
24620,0.0
24621,0.0
24622,0.0
24623,0.0
24624,0.0
24625,0.0
24626,0.0
24627,0.0
24628,0.0
24629,0.0
24630,0.0
24631,0.934002959261143
24632,303.71215428153494
24633,381.9100027781238
24634,198.6914047366692
24635,345.4467308054351
24636,0.0
24637,0.0
24638,0.0
24639,0.0
24640,403.0615811396743
24641,369.8325440144843
24642,164.5885262413373
24643,287.643534998487
24644,480.5796361934318
24645,297.41041628054603
24646,0.0
24647,284.9006905913735
24648,635.8970937405434
24649,192.0151529096798
24650,259.07560983566907
24651,0.0
24652,311.50352388599174
24653,0.0
24654,104.29898968985782
24655,163.59916592032883
24656,386.66709617359925
24657,443.1952448125729
24658,440.25185317286645
24659,640.8360486432566
24660,0.0
24661,402.44349986627446
24662,504.6065179759794
24663,529.1183464561061
24664,0.0
24665,430.19729431868626
24666,13.781097674878083
24667,311.17891500800295
24668,60.320794305687855
24669,413.6055235408304
24670,407.4188241232003
24671,834.4480074371013
24672,230.38045625296675
24673,271.63594153839296
24674,283.6055575342252
24675,499.98175950994
24676,0.0
24677,412.40713051206205
24678,293.32511941677353
24679,341.86054192658975
24680,0.0
24681,293.3095602432421
24682,315.9490999007999
24683,414.07293816486356
24684,188.43811968422455
24685,196.58665068805976
24686,297.26565692593323
24687,273.73930734654203
24688,401.40871311850844
24689,410.56479508213744
24690,404.7000838617828
24691,479.56374001117314
24692,96.5479178983436
24693,429.41961910191065
24694,337.8862897373257
24695,371.1490755360148
24696,669.2043850308615
24697,548.8396092230568
24698,263.31645884995316
24699,370.3990241231443
24700,0.0
24701,0.0
24702,162.89887920276792
24703,227.27172386012563
24704,326.30788839129923
24705,163.1840671239331
24706,0.0
24707,0.0
24708,34.199850411949384
24709,72.19904578751596
24710,112.60932451577342
24711,114.3880718002107
24712,175.04068625165388
24713,384.723801147477
24714,294.3044494887946
24715,334.65498863726054
24716,0.0
24717,0.0
24718,77.96751818292687
24719,62.44945390622455
24720,211.65239614345012
24721,316.49269171298437
24722,270.7487481730106
24723,358.38695567065287
24724,0.0
24725,254.02880367535653
24726,90.15323746169193
24727,369.8830661662528
24728,0.0
24729,0.0
24730,148.30479541009205
24731,226.06511239375374
24732,0.0
24733,72.13426459599752
24734,41.73828316289418
24735,64.5349428583479
24736,339.38712723344963
24737,292.1500286096812
24738,249.76755684399598
24739,273.4691893188304
24740,530.0386677623741
24741,339.85048036750766
24742,407.41992863977424
24743,404.493384694397
24744,949.2571217290089
24745,282.01005716755526
24746,283.2290711185847
24747,291.36201630646815
24748,414.6481286916185
24749,327.27085464824205
24750,380.97377564387415
24751,420.94261365769347
24752,355.6050566411635
24753,484.0495509425871
24754,461.5982496699879
24755,660.9217088478024
24756,0.0
24757,509.07810189377744
24758,561.5254939648655
24759,854.1065412190604
24760,0.0
24761,371.97219303742776
24762,341.32823363957414
24763,322.80317258098063
24764,0.0
24765,290.4777930719532
24766,399.0365858073485
24767,126.04023436431004
24768,0.0
24769,273.6198548293794
24770,302.0968699193196
24771,349.8519795349495
24772,223.98081606488324
24773,345.7231769984106
24774,296.0893189595258
24775,358.935339786851
24776,0.0
24777,289.8844566843484
24778,309.0950272206193
24779,330.7673041198299
24780,0.0
24781,331.89171355849345
24782,322.5408973210762
24783,338.91715028688327
24784,302.2643417627151
24785,339.5572877614615
24786,418.2277219619718
24787,394.45081737623485
24788,532.4408791855612
24789,447.67853933820663
24790,373.1965939691859
24791,166.64010063413923
24792,0.0
24793,197.779628825344
24794,0.0
24795,0.0
24796,144.69366758984017
24797,0.0
24798,0.0
24799,139.87283304437395
24800,227.3642424658307
24801,0.0
24802,39.38717978513774
24803,105.5725470428523
24804,0.0
24805,0.0
24806,0.0
24807,0.0
24808,0.0
24809,0.0
24810,0.0
24811,0.0
24812,0.0
24813,0.0
24814,0.0
24815,0.0
24816,109.86100954229599
24817,0.0
24818,0.0
24819,227.9303155945998
24820,0.0
24821,0.0
24822,0.0
24823,111.14232071086242
24824,0.0
24825,0.0
24826,0.0
24827,0.0
24828,130.16301074161717
24829,136.6769057245546
24830,0.0
24831,88.76859491826286
24832,175.71405576119358
24833,135.0376095682181
24834,147.901810249788
24835,203.60160002592212
24836,488.9450198696449
24837,321.3665156636507
24838,289.1255248350687
24839,387.32986922048696
24840,742.0188388593758
24841,368.31474096885347
24842,0.0
24843,413.24977702433273
24844,518.1484970104405
24845,274.8026790388933
24846,283.60428601012495
24847,346.3191607091492
24848,386.19188014324146
24849,417.9135181743235
24850,416.172411768199
24851,427.79275049394266
24852,0.0
24853,422.02022200938364
24854,122.65799604845824
24855,507.38632997710397
24856,130.4337169406262
24857,269.9584669168736
24858,260.2973294508987
24859,346.5995551874831
24860,0.0
24861,370.906244303481
24862,372.6797842198865
24863,391.45542692724615
24864,0.0
24865,420.2323581554036
24866,557.9160175834063
24867,542.8186637677223
24868,0.0
24869,355.32457488459397
24870,297.3175950994002
24871,349.2625087097378
24872,238.56531297189656
24873,304.75070687203157
24874,331.93844436392857
24875,69.75223564134154
24876,0.0
24877,289.63905576119356
24878,314.6118029765239
24879,315.453117328879
24880,352.6045024632609
24881,308.3199386911622
24882,297.37345947107553
24883,372.6941251541585
24884,430.75174494629846
24885,402.799280376167
24886,0.0
24887,468.67177600614883
24888,497.07257721412935
24889,373.9461619084704
24890,0.0
24891,387.9619981709531
24892,520.6149748414651
24893,0.0
24894,300.64881814417436
24895,322.63141627194267
24896,352.419040153558
24897,0.0
24898,255.92986455281266
24899,379.38865614939033
24900,293.7111602691642
24901,326.92979230401363
24902,304.4992309305573
24903,358.4163812174405
24904,222.19530855446664
24905,313.5611660756561
24906,379.949095655904
24907,397.58866195588223
24908,0.0
24909,0.0
24910,0.0
24911,0.0
24912,0.0
24913,0.0
24914,0.0
24915,0.0
24916,230.22756076093737
24917,361.83877556616386
24918,349.7458148483553
24919,389.3978357447874
24920,0.0
24921,0.0
24922,51.515544454469264
24923,80.93514655968254
24924,0.0
24925,0.0
24926,0.0
24927,0.0
24928,225.8440088434633
24929,241.41140760961665
24930,239.85464738363729
24931,267.788922453801
24932,366.31972846729633
24933,441.9455080109052
24934,323.345208834804
24935,398.2542806264113
24936,292.72805344035464
24937,341.1101291402068
24938,306.93067695099876
24939,390.85950385232286
24940,448.3354905137192
24941,333.9015814676288
24942,365.77513216857494
24943,386.96572379101866
24944,348.23812705231234
24945,166.8179435744804
24946,481.82026337086626
24947,681.7253919675677
24948,0.0
24949,360.4154594538688
24950,455.5959060782259
24951,549.1274193865311
24952,205.11428878824876
24953,364.8571602605608
24954,344.3572854838263
24955,353.810706544077
24956,0.0
24957,307.3045863250438
24958,334.0430986928754
24959,842.412165618371
24960,0.0
24961,263.2926592640721
24962,376.7164136663529
24963,56.27524719382177
24964,0.0
24965,191.4373150597911
24966,241.2126806781995
24967,278.6068726974434
24968,0.0
24969,265.0999744963972
24970,304.09765754705563
24971,0.0
24972,0.0
24973,0.0
24974,315.75174494629846
24975,317.6642420430525
24976,311.25681744534177
24977,360.37913373877416
24978,348.39003972217637
24979,358.42768060048917
24980,317.66425903974994
24981,367.4262766833
24982,387.6642420430525
24983,301.2607532892732
24984,190.23553031360595
24985,0.0
24986,182.3934283335148
24987,204.06959743753902
24988,0.0
24989,0.0
24990,0.0
24991,0.0
24992,0.0
24993,0.0
24994,0.0
24995,0.0
24996,0.0
24997,0.0
24998,0.0
24999,0.0
25000,0.0
25001,0.0
25002,0.0
25003,0.0
25004,0.0
25005,0.0
25006,0.0
25007,0.0
25008,0.0
25009,0.0
25010,0.0
25011,0.0
25012,0.0
25013,0.0
25014,0.0
25015,0.0
25016,0.0
25017,0.0
25018,0.0
25019,0.0
25020,0.0
25021,0.0
25022,0.0
25023,0.0
25024,312.0751515724248
25025,0.0
25026,0.0
25027,20.205631344620166
25028,462.80518228720723
25029,0.0
25030,157.08729764031546
25031,186.6120816099577
25032,73.83563953236086
25033,185.33113876021315
25034,0.0
25035,0.0
25036,561.8267156205778
25037,0.0
25038,365.860819015541
25039,335.60245295714765
25040,2.295797282248941
25041,372.65515211593015
25042,409.53646058408304
25043,187.79559442647076
25044,66.24392994261592
25045,443.83271796732004
25046,72.36588131656572
25047,517.6524707994016
25048,0.0
25049,356.9916710581932
25050,0.0
25051,142.9475337387554
25052,144.08341124199373
25053,419.04694725857115
25054,15.031428877113342
25055,454.3988015702552
25056,0.0
25057,315.85950385232286
25058,351.94491361033766
25059,24.988590276491834
25060,205.92577331433876
25061,354.17033561966525
25062,27.26460865364777
25063,365.88934332431097
25064,0.0
25065,348.09660247609133
25066,343.0004838963643
25067,51.55439679047572
25068,260.7206169535126
25069,340.24535728403697
25070,20.32874133131463
25071,302.1799530822698
25072,311.3684685561798
25073,3.0839115827598107
25074,377.57078043218223
25075,353.98726831459487
25076,0.0
25077,384.3482125534013
25078,372.42793104702
25079,39.17841126789699
25080,221.98443968765093
25081,0.0
25082,0.0
25083,0.0
25084,0.0
25085,0.0
25086,0.0
25087,0.0
25088,0.0
25089,0.0
25090,0.0
25091,0.0
25092,0.0
25093,0.0
25094,0.0
25095,0.0
25096,0.0
25097,0.0
25098,0.0
25099,0.0
25100,0.0
25101,0.0
25102,0.0
25103,0.0
25104,0.0
25105,0.0
25106,0.0
25107,0.0
25108,53.95265737452162
25109,70.36263237140739
25110,0.0
25111,0.0
25112,216.48816260730302
25113,286.9620294810478
25114,0.0
25115,238.50840161338408
25116,0.0
25117,0.0
25118,0.0
25119,0.0
25120,0.0
25121,0.0
25122,0.0
25123,0.0
25124,447.670900271734
25125,0.0
25126,0.0
25127,0.0
25128,439.22874303954126
25129,328.57441254474196
25130,0.0
25131,212.76427717526497
25132,562.330482602126
25133,0.0
25134,290.9530357447314
25135,274.7468583063358
25136,334.0028541305467
25137,29.84187532893651
25138,372.61097170967
25139,213.6615941676232
25140,0.0
25141,363.6743530477443
25142,471.4424011561924
25143,504.3650359000587
25144,0.0
25145,309.2067049738777
25146,288.73408298181283
25147,169.09005275012538
25148,0.0
25149,393.65096582546784
25150,400.35183731498665
25151,373.05130581075605
25152,0.0
25153,405.58422946378505
25154,373.7262645787908
25155,56.94133193557457
25156,0.0
25157,355.3077005478444
25158,344.57280329587513
25159,362.1955219015242
25160,0.0
25161,321.3905236185407
25162,332.4824462620824
25163,323.97688986667475
25164,0.0
25165,322.8550841120271
25166,320.0649203054029
25167,340.81795377249904
25168,11.515457745642209
25169,373.67437004444173
25170,410.3531598291792
25171,97.56714547257826
25172,130.27031691474127
25173,442.6512599111165
25174,330.27009366292646
25175,408.8743286829591
25176,314.0121769552069
25177,439.3560406021464
25178,421.4710467365929
25179,135.32878497043248
25180,157.81159784311046
25181,0.0
25182,0.0
25183,0.0
25184,0.0
25185,0.0
25186,0.0
25187,0.0
25188,0.0
25189,0.0
25190,0.0
25191,0.0
25192,0.0
25193,0.0
25194,0.0
25195,0.0
25196,0.0
25197,0.0
25198,0.0
25199,0.0
25200,0.0
25201,0.0
25202,0.0
25203,0.0
25204,0.0
25205,0.0
25206,0.0
25207,0.0
25208,227.14179161378436
25209,0.0
25210,213.8218699193196
25211,214.67096868130193
25212,0.0
25213,250.7422410939756
25214,238.54799071655165
25215,278.602505931614
25216,0.0
25217,0.0
25218,0.0
25219,158.85789688109122
25220,447.4640248738771
25221,311.3695858245552
25222,0.0
25223,281.4851461369043
25224,702.7316277641432
25225,0.0
25226,317.86679471986275
25227,293.6393498468422
25228,608.782034321256
25229,0.0
25230,344.40016772356563
25231,404.2573279841265
25232,332.14749292956833
25233,141.3310775721023
25234,513.4574860790825
25235,794.8829789051305
25236,0.0
25237,0.0
25238,117.36068359425695
25239,631.5929743151664
25240,0.0
25241,382.38765249129654
25242,378.61200978393686
25243,34.05636471244145
25244,52.796771321361234
25245,405.5400756999454
25246,357.51751009879973
25247,828.234028592381
25248,0.0
25249,281.86184744408484
25250,163.62378102758777
25251,288.12516077825615
25252,0.0
25253,5.636485518276913
25254,0.0
25255,308.64451357575615
25256,161.84892594796418
25257,346.3035312540795
25258,0.0
25259,322.40196678314805
25260,286.4892362365606
25261,309.39365483803874
25262,0.0
25263,332.98232103881696
25264,317.7019265604831
25265,331.1957893447525
25266,29.153779163940612
25267,367.12801490880287
25268,329.16647740824646
25269,48.639607092051904
25270,1.932266356124046
25271,442.50063576205014
25272,0.0
25273,182.1738239506663
25274,0.0
25275,0.0
25276,155.83552110777453
25277,0.0
25278,0.0
25279,0.0
25280,0.0
25281,0.0
25282,0.0
25283,0.0
25284,0.0
25285,0.0
25286,0.0
25287,0.0
25288,0.0
25289,0.0
25290,0.0
25291,0.0
25292,83.61673678446098
25293,0.0
25294,0.0
25295,0.0
25296,0.0
25297,0.0
25298,0.0
25299,0.0
25300,0.0
25301,0.0
25302,0.0
25303,0.0
25304,0.0
25305,0.0
25306,0.0
25307,0.0
25308,0.0
25309,0.0
25310,0.0
25311,0.0
25312,241.8619340062812
25313,0.0
25314,163.44596401362764
25315,0.0
25316,444.273728898678
25317,85.39062816962138
25318,368.8323221776346
25319,83.7573073119417
25320,661.487809447435
25321,8.748681161294485
25322,303.2978836288013
25323,59.60298729130858
25324,384.5340461584872
25325,326.1088139769887
25326,0.0
25327,329.52608948713737
25328,393.87170800224584
25329,15.42874247013225
25330,478.3354735170218
25331,158.9213093826295
25332,97.66304815146484
25333,397.97451963249233
25334,150.68575937191264
25335,408.4797473965608
25336,0.0
25337,332.1046543289468
25338,328.07452077130995
25339,42.82290784695573
25340,1.2452354601110187
25341,398.95997189080737
25342,363.45752007247734
25343,352.2969571804417
25344,0.0
25345,261.24777115733724
25346,385.1456775456589
25347,199.64315422112452
25348,260.11037958673774
25349,0.0
25350,0.0
25351,283.922348009192
25352,0.0
25353,308.08489921923007
25354,0.0
25355,373.0238541219434
25356,0.0
25357,334.41442137960195
25358,252.6188167551125
25359,26.88550155729405
25360,315.9153512273008
25361,309.4430063241872
25362,33.40461125923764
25363,458.967773297132
25364,218.37338863724165
25365,143.3630441827164
25366,387.9979238514663
25367,104.10182399377629
25368,0.0
25369,0.0
25370,0.0
25371,278.6811631249983
25372,99.17051495621472
25373,13.80311846769662
25374,0.0
25375,0.0
25376,0.0
25377,0.0
25378,0.0
25379,0.0
25380,0.0
25381,0.0
25382,0.0
25383,0.0
25384,0.0
25385,0.0
25386,0.0
25387,0.0
25388,0.0
25389,0.0
25390,0.0
25391,0.0
25392,0.0
25393,0.0
25394,0.0
25395,0.0
25396,0.0
25397,0.0
25398,0.0
25399,0.0
25400,0.0
25401,0.0
25402,0.0
25403,0.0
25404,0.0
25405,0.0
25406,0.0
25407,0.0
25408,56.630431172142195
25409,0.0
25410,0.0
25411,0.0
25412,588.6692268581953
25413,0.0
25414,196.85554435964562
25415,0.0
25416,630.6711441957336
25417,0.0
25418,0.0
25419,0.0
25420,615.0933936240806
25421,0.0
25422,87.99933364389454
25423,317.9265342996543
25424,0.0
25425,358.4289691212869
25426,496.5631954789936
25427,88.82915328925435
25428,0.0
25429,310.6647695785346
25430,193.2227474914779
25431,253.33048940080488
25432,0.0
25433,344.9610536041921
25434,249.16127968593776
25435,97.31132246238553
25436,148.86918195074264
25437,304.25085873771746
25438,337.0007609853156
25439,143.3357307622315
25440,245.76216703333637
25441,519.636384090388
25442,162.74886362103564
25443,0.0
25444,0.0
25445,378.1524062119514
25446,285.78811430051087
25447,21.920565394011362
25448,0.0
25449,336.62683461457317
25450,267.1098520512556
25451,176.64782440795113
25452,187.5552019672047
25453,364.07555884557684
25454,13.772007747755708
25455,374.9519370346493
25456,311.39706314648805
25457,46.56871108232724
25458,355.7803298908837
25459,46.264902739296474
25460,102.28539219190839
25461,111.24022699622225
25462,0.0
25463,109.12516757693493
25464,387.9309305207214
25465,140.7147463525671
25466,0.0
25467,0.15001190624485616
25468,0.0
25469,0.0
25470,0.0
25471,0.0
25472,0.0
25473,0.0
25474,0.0
25475,0.0
25476,0.0
25477,0.0
25478,0.0
25479,0.0
25480,0.0
25481,0.0
25482,0.0
25483,0.0
25484,0.0
25485,0.0
25486,0.0
25487,0.0
25488,0.0
25489,0.0
25490,0.0
25491,0.0
25492,0.0
25493,0.0
25494,0.0
25495,0.0
25496,0.0
25497,0.0
25498,0.0
25499,0.0
25500,0.0
25501,0.0
25502,0.0
25503,0.0
25504,296.012872152329
25505,0.0
25506,204.42109618220258
25507,264.889782330336
25508,704.3554428022394
25509,0.0
25510,361.18365319873254
25511,356.61860767006425
25512,625.4011111686224
25513,0.0
25514,0.0
25515,0.0
25516,395.5803808980893
25517,326.6216708856592
25518,393.0238977610612
25519,81.21165904833441
25520,329.1664604115491
25521,427.81871475781463
25522,377.90184155988266
25523,85.00935681805504
25524,0.0
25525,554.4792906949125
25526,387.02673489491053
25527,483.07835234030836
25528,0.0
25529,0.0
25530,275.2843473189627
25531,297.62528600152154
25532,0.0
25533,326.13868009139725
25534,155.04941212196366
25535,543.9235685432001
25536,310.0740102325252
25537,0.0
25538,290.92704483843903
25539,490.51277927615786
25540,0.0
25541,353.8262657176084
25542,337.2811991027673
25543,71.89715152931444
25544,0.0
25545,381.9150571416521
25546,391.89038139857786
25547,473.792456408294
25548,0.0
25549,357.8732736119949
25550,324.20799349467546
25551,372.44218470305634
25552,309.7715170527126
25553,19.087553341042565
25554,406.9761288813592
25555,436.6631869720882
25556,509.0547753073162
25557,432.83302904966615
25558,90.87149834778859
25559,505.0934712565933
25560,380.94808846895353
25561,395.74681466721796
25562,352.2321853413854
25563,0.0
25564,47.987888218765214
25565,0.0
25566,0.0
25567,0.0
25568,246.10055884557687
25569,232.45215306500708
25570,0.0
25571,195.49812288512663
25572,0.0
25573,0.0
25574,0.0
25575,0.0
25576,0.0
25577,0.0
25578,0.0
25579,0.0
25580,0.0
25581,0.0
25582,0.0
25583,0.0
25584,0.0
25585,177.7483748932533
25586,103.94678491871912
25587,278.8804984600058
25588,0.0
25589,247.993262171545
25590,224.47989472408972
25591,346.81948425003554
25592,386.409053233314
25593,367.67107804668757
25594,0.0
25595,398.89799538422596
25596,289.75327500105675
25597,0.0
25598,0.0
25599,210.65434592990084
25600,336.94448963374924
25601,256.7536645614721
25602,0.0
25603,216.5745161036357
25604,483.09137811136213
25605,257.7681693800786
25606,0.0
25607,240.1948119063009
25608,942.8406072041759
25609,377.2695491307469
25610,0.0
25611,298.0940327854703
25612,548.5457669643414
25613,336.1516525776102
25614,353.8237056727104
25615,318.11869153184705
25616,0.0
25617,446.15679930982674
25618,428.152379569531
25619,458.38997908636117
25620,0.0
25621,449.0962817480222
25622,371.3334143651855
25623,162.04642652176778
25624,189.74427161901735
25625,358.29913815620415
25626,248.78214594716357
25627,329.55203675431187
25628,0.0
25629,338.11867453514964
25630,342.9368787541796
25631,125.77535542038976
25632,0.0
25633,0.0
25634,11.700956473005874
25635,293.2965514688857
25636,0.0
25637,268.7912188775885
25638,280.6323094258332
25639,308.19397328847265
25640,0.0
25641,237.53831063375776
25642,0.0
25643,402.9070052887966
25644,307.63049336955334
25645,343.81067990165656
25646,252.16569942623352
25647,23.20981634963414
25648,0.0
25649,333.54844828087
25650,354.57934282382246
25651,48.27478029415488
25652,398.87950940857047
25653,408.07062856649634
25654,347.25007110998143
25655,52.13870388677344
25656,308.69865312102223
25657,241.3161547129166
25658,237.64178466847486
25659,253.50518072561132
25660,0.0
25661,0.0
25662,0.0
25663,0.0
25664,0.0
25665,0.0
25666,0.0
25667,0.0
25668,0.0
25669,0.0
25670,0.0
25671,0.0
25672,0.0
25673,0.0
25674,0.0
25675,0.0
25676,0.0
25677,0.0
25678,0.0
25679,0.0
25680,0.0
25681,0.0
25682,0.0
25683,0.0
25684,0.0
25685,0.0
25686,0.0
25687,0.0
25688,0.0
25689,0.0
25690,0.0
25691,0.0
25692,0.0
25693,0.0
25694,0.0
25695,0.0
25696,0.0
25697,49.96740301104937
25698,0.0
25699,0.0
25700,351.9410650446419
25701,277.59158096714026
25702,0.0
25703,363.6873521763777
25704,527.5953785427438
25705,0.0
25706,302.5058504810563
25707,166.57108186880532
25708,60.38590386951074
25709,0.0
25710,85.36881363192072
25711,356.71645730547067
25712,318.92108613081473
25713,363.02647480265665
25714,46.4985664121952
25715,627.2239685777815
25716,0.0
25717,352.11372725937173
25718,311.3061519347928
25719,65.29497566111809
25720,0.0
25721,233.43939120832485
25722,383.7872926793801
25723,383.3510496872507
25724,0.0
25725,415.27651191924326
25726,419.5468220353057
25727,43.68370022007633
25728,0.0
25729,303.2381004098919
25730,305.13890389550767
25731,347.4720678141623
25732,0.0
25733,0.0
25734,299.1716411371604
25735,304.6741195979109
25736,0.0
25737,295.1999586385174
25738,347.595439178559
25739,338.71590312756814
25740,0.0
25741,306.6346360208978
25742,314.491035296143
25743,319.11321672058705
25744,0.0
25745,331.3061519347928
25746,308.76398308961626
25747,340.50636101984105
25748,374.29498585913666
25749,73.00081142311222
25750,376.8787484232549
25751,421.84884831545145
25752,360.96408593247065
25753,0.0
25754,283.78157280530274
25755,0.0
25756,0.0
25757,0.0
25758,0.0
25759,0.0
25760,0.0
25761,0.0
25762,0.0
25763,0.0
25764,0.0
25765,0.0
25766,0.0
25767,0.0
25768,0.0
25769,0.0
25770,0.0
25771,0.0
25772,0.0
25773,84.30045642550067
25774,77.85148174796615
25775,0.0
25776,0.0
25777,0.0
25778,0.0
25779,0.0
25780,111.22181694485319
25781,194.1119478969002
25782,167.1397015746316
25783,0.0
25784,162.5876992364928
25785,155.81155563607143
25786,194.3833475001001
25787,0.0
25788,141.3569782235979
25789,177.94097423754954
25790,0.0
25791,161.45693572329768
25792,208.61589732107626
25793,180.80625549368656
25794,0.0
25795,170.1337015055247
25796,387.07737490185673
25797,326.87096401362766
25798,280.0844323195632
25799,0.0
25800,581.5358990552061
25801,328.0550597472419
25802,233.1252214140714
25803,0.0
25804,375.0610281005893
25805,266.1711742374936
25806,277.03585881542773
25807,388.1355222294788
25808,0.0
25809,310.9114590224872
25810,459.29495186574184
25811,623.5755894396322
25812,0.0
25813,246.30227672667655
25814,43.417559397778746
25815,229.64573126272
25816,39.445704637413144
25817,317.66292687983434
25818,355.86599974115234
25819,175.30663527886145
25820,0.0
25821,329.19498472031904
25822,319.9052232259115
25823,478.09393815626015
25824,0.0
25825,341.67098837841286
25826,370.70110493935226
25827,340.62711170352446
25828,0.0
25829,358.0004838963643
25830,319.42482646994245
25831,422.39543690092376
25832,0.0
25833,330.83096254685546
25834,377.02413121089467
25835,454.8804868470221
25836,296.4879210733425
25837,0.0
25838,0.0
25839,348.744471075456
25840,346.94495724945546
25841,393.922348009192
25842,300.11428878824876
25843,410.8725126266792
25844,106.21165904833447
25845,361.8099625554588
25846,235.4064641559565
25847,417.9849417195303
25848,712.8444375048393
25849,405.5035838057676
25850,0.0
25851,369.10398725680193
25852,0.0
25853,0.0
25854,0.0
25855,0.0
25856,0.0
25857,0.0
25858,0.0
25859,0.0
25860,0.0
25861,0.0
25862,0.0
25863,0.0
25864,0.0
25865,0.0
25866,53.809863664239366
25867,192.8061709158644
25868,0.0
25869,0.0
25870,0.0
25871,0.0
25872,0.0
25873,77.78715584313082
25874,72.77157002717897
25875,242.82605124884648
25876,0.0
25877,0.0
25878,0.0
25879,0.0
25880,250.95766767615385
25881,0.0
25882,352.5767105301253
25883,358.1726506017461
25884,181.52707925461215
25885,0.0
25886,166.05579906818585
25887,208.00071267852348
25888,476.19983383803026
25889,448.9354824295921
25890,342.02433448945106
25891,0.9067218239444514
25892,425.7036989776451
25893,399.2534357793129
25894,366.23736606699674
25895,400.7465642206871
25896,659.0559861956012
25897,0.0
25898,210.6869022734082
25899,0.0
25900,668.8690363314404
25901,368.06155563607143
25902,330.65827368970514
25903,422.4733829773805
25904,19.084949657026698
25905,421.1243391571253
25906,489.1923736853288
25907,563.2821861869419
25908,0.0
25909,410.09604829818875
25910,446.2437746775905
25911,665.7412282300504
25912,0.0
25913,332.15138513438194
25914,0.0
25915,496.32168676065237
25916,238.9964018808351
25917,385.3284670894076
25918,364.24692289378595
25919,500.1102849575276
25920,0.0
25921,0.8675891462775667
25922,360.02465874637676
25923,332.0929607178086
25924,261.6995733229981
25925,422.4889251542145
25926,19.97040077652406
25927,84.08099681639783
25928,289.8377258789132
25929,317.00985091243797
25930,329.7403017816911
25931,358.79512072812514
25932,0.0
25933,350.48946968639405
25934,325.86079237312055
25935,349.03917984564134
25936,331.5333900004003
25937,386.6008873473986
25938,75.6118267719001
25939,409.92338608345887
25940,57.32047302532311
25941,440.25187016956386
25942,29.879576843064513
25943,442.1435837280573
25944,340.39569543158177
25945,248.95585432028744
25946,278.29757098485925
25947,294.16225556279346
25948,0.0
25949,0.0
25950,0.0
25951,0.0
25952,0.0
25953,0.0
25954,0.0
25955,0.0
25956,0.0
25957,0.0
25958,0.0
25959,0.0
25960,0.0
25961,0.0
25962,0.0
25963,0.0
25964,0.0
25965,0.0
25966,0.0
25967,0.0
25968,0.0
25969,0.0
25970,0.0
25971,0.0
25972,0.0
25973,17.145929304193515
25974,0.0
25975,0.0
25976,0.0
25977,0.0
25978,0.0
25979,0.0
25980,0.0
25981,0.0
25982,47.10892334237431
25983,105.8975045425521
25984,408.0892802984567
25985,292.9464915491098
25986,0.0
25987,213.22565814246119
25988,472.9835925629173
25989,309.4183475778104
25990,0.0
25991,0.0
25992,742.5212906777058
25993,368.30824508002394
25994,0.0
25995,0.0
25996,468.43413285020085
25997,247.2371496138607
25998,365.13246129151906
25999,480.1817085027344
26000,0.0
26001,417.4331214183544
26002,570.7581632026153
26003,646.5280540097635
26004,0.0
26005,456.76183895429284
26006,33.55391289411142
26007,485.198592485207
26008,0.0
26009,375.964642077634
26010,296.5879052154626
26011,383.2251012812585
26012,0.0
26013,323.52245737457764
26014,403.60812722484627
26015,413.8742946895643
26016,0.0
26017,0.0
26018,449.5987335663522
26019,123.12801435650726
26020,0.0
26021,326.1581314697423
26022,393.11994605924997
26023,338.1874604029457
26024,0.0
26025,345.5556785125946
26026,321.99558025970424
26027,339.51051331690854
26028,276.58140932663315
26029,0.0
26030,256.156859945642
26031,344.11710892540066
26032,393.00440274359835
26033,352.0838877873836
26034,0.0
26035,375.3349703292115
26036,381.10101257066407
26037,413.488682058658
26038,378.73021741941966
26039,177.05298304641258
26040,723.1064611793953
26041,263.23906809021673
26042,0.0
26043,0.0
26044,471.14041851516447
26045,269.8265598032571
26046,0.0
26047,159.38906228372483
26048,377.82814240970356
26049,270.56380799796284
26050,339.0875635390612
26051,123.3710960355719
26052,0.0
26053,0.0
26054,0.0
26055,116.56862240623974
26056,0.0
26057,0.0
26058,0.0
26059,0.0
26060,110.0486191105141
26061,379.5304698503246
26062,290.5692094387196
26063,0.0
26064,247.65785509683042
26065,455.70115324614443
26066,409.2430789957645
26067,127.73336010527072
26068,0.0
26069,0.0
26070,0.0
26071,0.0
26072,0.0
26073,0.0
26074,0.0
26075,0.0
26076,0.0
26077,0.0
26078,0.0
26079,0.0
26080,367.40220065575977
26081,156.05980063838507
26082,0.0
26083,205.97407015230112
26084,683.3431706484133
26085,362.1410236831593
26086,0.0
26087,169.74951298044397
26088,786.9097477934358
26089,277.33581859276273
26090,0.0
26091,51.066087002274685
26092,678.5171383806384
26093,286.502235365194
26094,443.69251590529166
26095,395.8750896682747
26096,0.0
26097,451.20873748329365
26098,408.58215331525133
26099,542.386329977104
26100,0.0
26101,161.43363875581792
26102,104.850931262664
26103,605.7269745740141
26104,0.0
26105,390.1895365514795
26106,401.2853513998348
26107,171.54915542904916
26108,0.0
26109,374.00412565464705
26110,454.64809469822364
26111,483.0692624131859
26112,0.0
26113,440.93994933786234
26114,440.8906148484113
26115,383.9924320435088
26116,0.0
26117,356.05813033092466
26118,389.66498603167065
26119,364.09632538714004
26120,0.0
26121,379.4728287994779
26122,303.8769057245546
26123,0.0
26124,0.0
26125,317.05918540188895
26126,348.28094865623643
26127,370.8568831716096
26128,428.00307058368276
26129,0.0
26130,383.70293799232957
26131,460.98934446312865
26132,457.26435140843813
26133,478.7964092489229
26134,0.0
26135,431.6463562744565
26136,454.5489623485114
26137,357.74688847761286
26138,0.0
26139,0.0
26140,0.0
26141,0.0
26142,0.0
26143,0.0
26144,0.0
26145,0.0
26146,0.0
26147,0.0
26148,0.0
26149,0.0
26150,0.0
26151,0.0
26152,0.0
26153,0.0
26154,0.0
26155,0.0
26156,0.0
26157,0.0
26158,0.0
26159,0.0
26160,0.0
26161,0.0
26162,0.0
26163,0.0
26164,0.0
26165,0.0
26166,0.0
26167,162.24935262496592
26168,0.0
26169,0.0
26170,0.0
26171,22.789151235960187
26172,75.47450801950859
26173,0.0
26174,74.63834775034438
26175,0.0
26176,403.3886805141756
26177,273.5679066045246
26178,0.0
26179,115.88035497170821
26180,211.91750857489313
26181,0.0
26182,0.0
26183,0.0
26184,668.8845955049717
26185,271.6515443510422
26186,0.0
26187,13.408357844749048
26188,632.5901371813171
26189,327.3383786376608
26190,29.97173293643965
26191,418.7366696691313
26192,28.83565652905827
26193,54.11350060821712
26194,560.9879783098182
26195,246.70105110221584
26196,0.0
26197,445.3725772141294
26198,465.6309432725228
26199,494.3587122729517
26200,0.0
26201,368.16020761827605
26202,374.00541417544474
26203,436.4644998576711
26204,0.0
26205,430.8399918381625
26206,404.77406010091323
26207,461.6462519995234
26208,0.0
26209,0.0
26210,441.48266271521845
26211,508.76126777969284
26212,0.0
26213,296.96183158620505
26214,369.5338569000672
26215,288.967962555552
26216,0.0
26217,345.6959242137409
26218,330.4894963288145
26219,310.76215003663896
26220,0.0
26221,317.91482369181864
26222,320.4102787282575
26223,343.52634957939125
26224,0.0
26225,355.93093704325264
26226,377.769397265061
26227,422.15527733919555
26228,107.00753111605212
26229,439.1716411371604
26230,456.9799944437524
26231,110.4845632026898
26232,277.10138811094293
26233,362.76726659757844
26234,0.0
26235,0.0
26236,0.0
26237,0.0
26238,0.0
26239,0.0
26240,0.0
26241,0.0
26242,0.0
26243,0.0
26244,0.0
26245,0.0
26246,0.0
26247,0.0
26248,0.0
26249,0.0
26250,0.0
26251,0.0
26252,0.0
26253,0.0
26254,0.0
26255,0.0
26256,0.0
26257,0.0
26258,0.0
26259,0.0
26260,0.0
26261,0.0
26262,0.0
26263,0.0
26264,6.016983702135192
26265,0.0
26266,0.0
26267,0.0
26268,53.669213260837296
26269,0.0
26270,0.0
26271,29.774118036314974
26272,246.9443867908949
26273,168.42065789221695
26274,0.0
26275,54.60481426164648
26276,510.40632588762855
26277,264.35996680035487
26278,126.87884305246496
26279,264.31320935249926
26280,855.1062811268064
26281,306.0530102411286
26282,341.06857906038306
26283,355.35055614516335
26284,116.84784368228384
26285,245.1987041111145
26286,305.854340123409
26287,387.39029981443025
26288,180.60899983606936
26289,436.6891342392627
26290,374.97792794094164
26291,561.6748029507138
26292,0.0
26293,302.1111405720533
26294,324.10672083175757
26295,104.52115865576127
26296,0.0
26297,346.76836883651714
26298,207.1683201069468
26299,348.28094865623643
26300,277.54480652258724
26301,297.42793104702
26302,244.12753101243857
26303,330.6426975194763
26304,325.2700330271112
26305,342.95114940691326
26306,348.6886503428984
26307,85.82731059055408
26308,236.75931290278965
26309,274.2430743280902
26310,307.0566083602935
26311,362.3201551442982
26312,184.9364288512101
26313,304.81305013583903
26314,295.99325366463967
26315,362.4461035502904
26316,290.39860211381665
26317,341.5995818299035
26318,0.0
26319,350.33758365895034
26320,306.67750126393975
26321,372.299388602735
26322,298.8392818429392
26323,391.6281497777913
26324,380.5310464086383
26325,385.9062613001784
26326,328.58739467667795
26327,405.86339605713647
26328,0.0
26329,303.84814258223753
26330,224.22208594967734
26331,252.09146735685857
26332,373.0661377162192
26333,381.5989735387169
26334,289.25676333205774
26335,301.87945529528645
26336,0.0
26337,229.02774860439223
26338,258.60184042106505
26339,205.9272369267899
26340,165.62768173930684
26341,265.82886826280674
26342,282.1999405030024
26343,144.9669936240058
26344,0.0
26345,0.0
26346,0.0
26347,0.0
26348,0.0
26349,142.78666386263944
26350,152.2192747422091
26351,100.36653422194404
26352,0.0
26353,0.0
26354,0.0
26355,0.0
26356,173.91134385060968
26357,288.4569040075381
26358,287.14685986793165
26359,221.19775032140873
26360,0.0
26361,73.49325947113152
26362,91.4392547948539
26363,0.0
26364,0.0
26365,74.89592151332745
26366,0.0
26367,140.97224134421987
26368,142.85661488282477
26369,178.18767601052522
26370,111.27522255288903
26371,191.93085856518348
26372,532.2097585608631
26373,255.29997677403244
26374,0.0
26375,395.02597390959494
26376,755.5360718692243
26377,327.20334030454626
26378,203.82113598208934
26379,0.0
26380,866.7681795780969
26381,329.31057167508857
26382,410.2661238256001
26383,385.33755701652996
26384,283.2576220697752
26385,413.7743105474441
26386,388.72108385317944
26387,73.24874574874462
26388,0.0
26389,440.82572118542885
26390,353.9210424916969
26391,358.32899462488973
26392,203.00966110172234
26393,319.90782690992745
26394,276.03480374446343
26395,0.0
26396,0.0
26397,401.1619800354381
26398,239.1080529916731
26399,533.8300802899093
26400,0.0
26401,356.55411290284565
26402,523.6548240368866
26403,579.7428108364968
26404,122.35010624219387
26405,331.126986480259
26406,328.6834429748667
26407,342.437003977445
26408,0.0
26409,340.59983227643437
26410,345.72706920322423
26411,379.9077832708096
26412,0.0
26413,380.0350468400199
26414,324.41052917478834
26415,316.85664972177614
26416,368.57697258964
26417,330.5258390406065
26418,394.60788412928986
26419,353.5004023122167
26420,405.4699916656286
26421,402.8992378758668
26422,341.4671811741997
26423,0.0
26424,448.5509739095949
26425,422.63690155736884
26426,390.1440502049459
26427,510.3608491868181
26428,405.1608445191438
26429,409.88295680086713
26430,268.64698352960124
26431,393.17953491217327
26432,387.80462571926563
26433,348.3278610758563
26434,0.0
26435,354.8378638539801
26436,310.40144929905387
26437,255.4741976532018
26438,235.79489732967957
26439,211.44665813385782
26440,236.18809574221757
26441,286.68274615422297
26442,285.1117419179303
26443,304.36388917644547
26444,0.0
26445,237.22426181787372
26446,211.25826093790374
26447,271.00768893486065
26448,145.21886930680066
26449,285.38371311850847
26450,274.24116746471805
26451,451.92220621200744
26452,306.6642547948539
26453,299.3726506017461
26454,309.4531300806804
26455,337.97947966007166
26456,0.0
26457,363.06411257489106
26458,463.34191301493206
26459,230.60115168454848
26460,257.42945529528646
26461,255.28325088651584
26462,205.222239782624
26463,313.13445243945233
26464,355.30213450671374
26465,449.1634470643421
26466,371.00712200515665
26467,374.73214170226754
26468,78.70969112636868
26469,0.0
26470,229.2794606790001
26471,340.00780140632463
26472,430.9205149562147
26473,229.38593106422678
26474,186.20233622367425
26475,0.0
26476,403.68991222127573
26477,299.9546013544804
26478,355.02988311110596
26479,375.45572101289486
26480,300.8919810017217
26481,655.4880695396887
26482,622.3148797894768
26483,709.9583212975713
26484,0.0
26485,397.0137261205541
26486,440.1700415340166
26487,689.364958267546
26488,342.2020081446307
26489,226.59458071698907
26490,299.9662513265008
26491,348.0602501185763
26492,0.0
26493,510.23491820030154
26494,366.4943733230541
26495,471.2840192399192
26496,167.64090581086828
26497,377.2266935334279
26498,450.23756552343536
26499,688.9754460808517
26500,0.0
26501,285.7244825159058
26502,317.9589774556583
26503,339.89742181958695
26504,265.31291526685055
26505,380.00258668731846
26506,322.16565578711567
26507,328.3835268366495
26508,300.71021186317205
26509,348.77953491217323
26510,302.7824060394174
26511,380.0453986455196
26512,352.9589774556583
26513,72.19190393861766
26514,428.27187572581147
26515,440.9386948104594
26516,451.86572265220104
26517,385.24150871834115
26518,258.90424578745996
26519,395.7673477589477
26520,200.17296309905737
26521,0.0
26522,53.27204798753428
26523,165.4155880764738
26524,367.46165961774346
26525,253.6366994176301
26526,188.2212569604588
26527,0.0
26528,132.5171089254006
26529,0.0
26530,92.48726945341248
26531,0.0
26532,47.263894982937416
26533,119.66455624859037
26534,51.79258815409067
26535,0.0
26536,1.2579145938280192
26537,364.9606973211322
26538,186.06048200681383
26539,291.2850823950106
26540,0.0
26541,0.0
26542,0.0
26543,0.0
26544,0.0
26545,0.0
26546,0.0
26547,0.0
26548,0.0
26549,0.0
26550,0.0
26551,0.0
26552,0.0
26553,0.0
26554,0.0
26555,0.0
26556,0.0
26557,0.0
26558,0.0
26559,0.0
26560,248.37510242007613
26561,128.11546483758246
26562,134.42550897718885
26563,194.60335191753006
26564,425.0869753677638
26565,349.57155841419524
26566,380.8374487899619
26567,308.12649293817174
26568,517.6862364695982
26569,0.0
26570,253.81722678057832
26571,0.0
26572,437.81871475781463
26573,333.7107393986542
26574,382.8226506017461
26575,352.72527014364175
26576,296.63594153839296
26577,533.8833239808714
26578,530.8114068935772
26579,688.5651673525942
26580,0.0
26581,411.638511229014
26582,656.9993608386103
26583,1108.1456530779121
26584,163.43422747941094
26585,298.46794215951525
26586,454.74026778829625
26587,399.0223151546148
26588,0.0
26589,396.67097138171545
26590,412.89273463606287
26591,715.071260929207
26592,0.0
26593,377.2435412277571
26594,345.30380834303077
26595,443.0562972779474
26596,248.5341679824133
26597,311.3243414347605
26598,333.5081600794235
26599,5.027536672299732
26600,0.0
26601,258.1018171950975
26602,328.0550427505445
26603,335.69332052972504
26604,282.1864659677967
26605,354.871457555715
26606,237.12932042629802
26607,356.53334636128244
26608,292.5434913593691
26609,348.54842163844955
26610,351.67100537511027
26611,154.75099075966165
26612,383.07711480960285
26613,419.71695819853244
26614,381.472361899811
26615,396.7580243819919
26616,466.0568588068244
26617,350.67390314477484
26618,265.18055825026465
26619,403.3874530348579
26620,0.0
26621,118.79200764414217
26622,98.69462718603782
26623,123.61278890476748
26624,0.0
26625,0.0
26626,0.0
26627,0.0
26628,0.0
26629,0.0
26630,0.0
26631,0.0
26632,0.0
26633,0.0
26634,0.0
26635,0.0
26636,0.0
26637,0.0
26638,0.0
26639,0.0
26640,511.5002106466441
26641,521.3924517406197
26642,399.56178327941296
26643,423.75937168374793
26644,0.0
26645,246.68571078897298
26646,253.83709592335495
26647,378.996732367031
26648,284.8871898365257
26649,327.39303296660756
26650,0.0
26651,453.8678942755014
26652,261.9642037876483
26653,163.310660920585
26654,279.49474930322486
26655,326.9628982701531
26656,598.304470031462
26657,432.43721576290676
26658,330.90130935672624
26659,352.899466658026
26660,540.4115332556603
26661,0.0
26662,259.37034524827493
26663,354.56245884134984
26664,619.4208396359187
26665,260.40123979122734
26666,267.66559119966547
26667,239.16780956816203
26668,539.7116998404084
26669,369.99871147920226
26670,421.05813033092466
26671,454.2973303454646
26672,0.0
26673,402.0254197316924
26674,374.74032842411145
26675,348.9742861826589
26676,0.0
26677,0.0
26678,393.2588765971781
26679,237.20610660456168
26680,0.0
26681,364.21964346669586
26682,252.4773091755889
26683,458.85348450888324
26684,270.7387798110599
26685,366.1204735947321
26686,444.6623653509574
26687,754.9102583322206
26688,424.92335209006404
26689,333.9781783874725
26690,926.6876394633474
26691,1132.3016914024233
26692,0.0
26693,282.9213365773456
26694,286.90860489194046
26695,338.1874604029457
26696,221.84630526725084
26697,328.58995472157596
26698,373.5367110306139
26699,313.81976982877893
26700,262.0579138777887
26701,295.4803967559691
26702,0.0
26703,380.43882967944785
26704,353.14981952463296
26705,369.4274301539583
26706,419.9182053578475
26707,405.5894441827912
26708,465.3219712005781
26709,448.8016069712316
26710,424.0781528838697
26711,458.8041840128271
26712,563.6418758983455
26713,431.56975935461276
26714,356.16467834866404
26715,412.67463748767
26716,201.38590967600254
26717,460.2573774297362
26718,440.68194380742483
26719,526.6998125793234
26720,254.43405126605327
26721,216.20503113756072
26722,214.37172499894325
26723,317.529311936506
26724,0.0
26725,270.6094705749674
26726,373.7203000646745
26727,422.280398317565
26728,0.0
26729,450.39114932920296
26730,342.7879693801346
26731,418.9292095164298
26732,286.49578311548237
26733,483.7704183426305
26734,513.6561465510791
26735,368.13427734779896
26736,0.0
26737,188.85816121824112
26738,108.69848113544722
26739,293.94643475252565
26740,214.04719955995904
26741,341.2335878952431
26742,0.0
26743,344.50546362105456
26744,419.7142261851727
26745,377.8082153315251
26746,279.6103668349363
26747,385.23226381945454
26748,187.20392153053416
26749,241.26518308095686
26750,295.6614246063141
26751,309.40329199775414
26752,306.2726675984435
26753,0.0
26754,288.98103676291527
26755,357.48920648806177
26756,443.5003853155193
26757,182.8863503731409
26758,280.5933970234201
26759,155.1831522885575
26760,85.99611459386517
26761,0.0
26762,88.01100061261235
26763,68.06295578277667
26764,441.5839960139516
26765,323.44199489234074
26766,375.03246015270145
26767,373.8353556447308
26768,0.0
26769,386.27109774379846
26770,464.0781188904749
26771,335.4961281912231
26772,0.0
26773,369.7156526810373
26774,277.96677886198296
26775,418.7171746516684
26776,0.0
26777,330.9062613001784
26778,367.49412287652325
26779,409.32349317120924
26780,0.0
26781,323.64709061735164
26782,363.51983669386436
26783,501.1866484275379
26784,0.0
26785,275.69333752642245
26786,471.69040576336306
26787,387.98101552132186
26788,223.90162510674668
26789,490.9996719209565
26790,404.58708359433183
26791,371.38664105945014
26792,0.0
26793,314.28589593201434
26794,303.7211274922973
26795,346.95531870067816
26796,293.91977096759655
26797,320.483000439985
26798,293.03298768818354
26799,333.14721584061704
26800,310.9595049911405
26801,369.26512939045114
26802,370.84785388030247
26803,478.4860880203652
26804,480.21421229455365
26805,463.00570826109345
26806,365.9750811613693
26807,44.14599475431339
26808,371.9258618437959
26809,276.10014065836697
26810,0.0
26811,0.0
26812,185.46306713253642
26813,124.04007371557122
26814,0.0
26815,61.810829782968256
26816,0.0
26817,26.847743376099192
26818,0.0
26819,0.0
26820,0.0
26821,0.0
26822,0.0
26823,0.0
26824,0.0
26825,0.0
26826,0.0
26827,0.0
26828,0.0
26829,0.0
26830,0.0
26831,0.0
26832,0.0
26833,0.0
26834,0.0
26835,0.0
26836,0.0
26837,0.0
26838,0.0
26839,0.0
26840,0.0
26841,0.0
26842,0.0
26843,0.0
26844,0.0
26845,0.0
26846,0.0
26847,0.0
26848,409.5154243216564
26849,0.0
26850,0.0
26851,108.2872864501099
26852,467.0435825892397
26853,217.96163212976646
26854,303.5718258574235
26855,357.3422708424744
26856,583.8015559811394
26857,0.0
26858,47.69943450237474
26859,0.0
26860,528.8547730296809
26861,320.6530929640938
26862,351.4113337992217
26863,48.71488884867745
26864,0.0
26865,394.1041267934647
26866,447.75380409813476
26867,473.0238637676664
26868,0.0
26869,206.75932989948706
26870,454.94022642681364
26871,479.8090802985127
26872,0.0
26873,203.02393175445607
26874,250.6518044432961
26875,327.82393912254383
26876,0.0
26877,296.3204225875265
26878,434.1105790431763
26879,486.2450728441113
26880,0.0
26881,457.56291839004234
26882,366.46454349678896
26883,37.57621840300317
26884,0.0
26885,288.36018325349085
26886,340.99063298392633
26887,398.5444954402411
26888,226.73854636122644
26889,298.3004436736993
26890,336.31651338601546
26891,0.0
26892,0.0
26893,310.1389305379281
26894,288.85874286700727
26895,309.42353794914476
26896,0.0
26897,379.0236206721099
26898,0.0
26899,379.1859384323146
26900,531.2269269832614
26901,399.4793586817022
26902,377.69932287646725
26903,346.843701583235
26904,730.9357004443241
26905,343.8883106337578
26906,340.86186247352157
26907,332.84965832359853
26908,0.0
26909,0.0
26910,0.0
26911,0.0
26912,0.0
26913,0.0
26914,0.0
26915,0.0
26916,0.0
26917,0.0
26918,0.0
26919,0.0
26920,0.0
26921,0.0
26922,0.0
26923,0.0
26924,0.0
26925,0.0
26926,0.0
26927,0.0
26928,414.21973074493155
26929,488.4484471420524
26930,532.8823465424198
26931,285.41961854961505
26932,0.0
26933,0.0
26934,0.0
26935,0.0
26936,0.0
26937,0.0
26938,0.0
26939,0.0
26940,0.0
26941,0.0
26942,0.0
26943,0.0
26944,482.56282333805393
26945,0.0
26946,0.0
26947,225.3946318537121
26948,538.4029442215997
26949,227.37087278375708
26950,0.0
26951,167.44879221779334
26952,549.7805123506249
26953,248.81204605496697
26954,0.0
26955,7.935762495104598
26956,589.9116414822283
26957,0.0
26958,347.5811588801023
26959,401.32172075404725
26960,0.0
26961,395.590742349312
26962,538.7574022172996
26963,449.282115353108
26964,82.30339243345617
26965,324.703949424176
26966,338.19786549328626
26967,194.88984366507714
26968,0.0
26969,181.19584998056777
26970,260.9231526336254
26971,321.277583986905
26972,0.0
26973,338.0602501185763
26974,298.5341509857159
26975,66.71149018595116
26976,0.0
26977,0.0
26978,390.5816257797692
26979,108.98233748321877
26980,0.0
26981,309.79875284068487
26982,345.880270393886
26983,382.449995755104
26984,0.0
26985,283.6873521763777
26986,314.82860930937045
26987,346.5047784133946
26988,0.0
26989,279.92861044818807
26990,281.4425054311255
26991,3.108570329136626
26992,0.0
26993,360.1596970794913
26994,362.8953456710532
26995,40.744244424301314
26996,392.85768779604297
26997,37.10884741808792
26998,364.5481711919187
26999,329.33524741816274
27000,390.4433460333279
27001,306.84820094041754
27002,280.6394464604265
27003,295.0266150553588
27004,0.0
27005,0.0
27006,0.0
27007,0.0
27008,0.0
27009,0.0
27010,0.0
27011,0.0
27012,0.0
27013,0.0
27014,0.0
27015,0.0
27016,0.0
27017,0.0
27018,0.0
27019,0.0
27020,0.0
27021,0.0
27022,0.0
27023,0.0
27024,0.0
27025,0.0
27026,0.0
27027,0.0
27028,0.0
27029,0.0
27030,0.0
27031,0.0
27032,0.0
27033,0.0
27034,0.0
27035,0.0
27036,0.0
27037,0.0
27038,0.0
27039,0.0
27040,0.0
27041,142.01706486350457
27042,0.0
27043,0.0
27044,754.1520174970926
27045,0.0
27046,66.23096480737735
27047,0.0
27048,954.5765158879915
27049,0.0
27050,0.0
27051,0.0
27052,457.2526408006025
27053,351.83719834343106
27054,37.34770881329541
27055,350.6855361200978
27056,0.0
27057,404.0807395711882
27058,383.97037698114787
27059,86.7231837970894
27060,40.7843167249074
27061,320.45182880808125
27062,379.4858375738343
27063,82.26069945213675
27064,30.377930201463528
27065,291.3970365040676
27066,0.0
27067,9.96782373492863
27068,161.63080445189945
27069,287.67333197017484
27070,0.0
27071,462.78232840690475
27072,0.0
27073,278.81069689835397
27074,28.212420033650005
27075,370.6712218282463
27076,0.0
27077,350.66735626585313
27078,0.0
27079,373.6795337733557
27080,0.0
27081,261.85798188169167
27082,386.82935329798863
27083,323.1201086752495
27084,192.8837126957302
27085,310.7037256200656
27086,33.138409801124794
27087,379.1313625814369
27088,0.0
27089,3.309817488451756
27090,383.6626764333035
27091,35.848111125512105
27092,0.0
27093,41.86215797413536
27094,487.59797258103663
27095,136.60373127992676
27096,169.89853241880036
27097,434.65417976793105
27098,16.320305301757458
27099,340.17132815492266
27100,0.0
27101,0.0
27102,0.0
27103,0.0
27104,0.0
27105,0.0
27106,0.0
27107,0.0
27108,0.0
27109,0.0
27110,0.0
27111,0.0
27112,0.0
27113,0.0
27114,0.0
27115,0.0
27116,0.0
27117,0.0
27118,0.0
27119,0.0
27120,0.0
27121,0.0
27122,0.0
27123,0.0
27124,0.0
27125,0.0
27126,0.0
27127,0.0
27128,0.0
27129,0.0
27130,0.0
27131,0.0
27132,0.0
27133,0.0
27134,0.0
27135,0.0
27136,255.4276047292333
27137,0.0
27138,86.22107181741742
27139,214.8538577886405
27140,511.50216737840435
27141,0.0
27142,293.6588012251873
27143,215.36877963852587
27144,634.0417155428676
27145,8.052766593276544
27146,232.28777262410946
27147,0.0
27148,437.71874026141745
27149,339.6520645355499
27150,420.9698494456658
27151,216.410224891121
27152,363.8080762176407
27153,431.5346445278032
27154,580.3128302833635
27155,108.69279979292173
27156,0.0
27157,413.94959344288725
27158,395.2830248047702
27159,576.2489480522274
27160,0.0
27161,292.73696375478
27162,337.52788854671985
27163,408.25107519085344
27164,0.0
27165,378.4899802251788
27166,542.346068418078
27167,807.9795547388013
27168,0.0
27169,502.1344598075401
27170,618.9105694145667
27171,656.6137408567297
27172,0.0
27173,417.31495742198945
27174,430.48293980416975
27175,528.230248013475
27176,356.18021317452366
27177,501.853995047668
27178,120.51047647646948
27179,617.1629671196126
27180,399.2417251714772
27181,365.18175214185226
27182,391.7644596350061
27183,126.95427042839265
27184,121.27785087783764
27185,415.8335395884509
27186,461.6592947672746
27187,431.6618984512905
27188,655.858120702315
27189,502.2058833527469
27190,89.08363449380857
27191,507.2097925542579
27192,734.4897831758926
27193,224.08878363317763
27194,0.0
27195,0.0
27196,693.6411698718703
27197,264.5592704024894
27198,0.0
27199,276.47248460680765
27200,0.0
27201,0.0
27202,0.0
27203,0.0
27204,0.0
27205,189.49665545055768
27206,174.72386687374478
27207,0.0
27208,0.0
27209,0.0
27210,0.0
27211,0.0
27212,519.0509000992
27213,639.9233520900641
27214,613.865195116719
27215,332.4138836461011
27216,0.0
27217,0.0
27218,0.0
27219,0.0
27220,146.59697544547413
27221,212.1591498468983
27222,245.72707614853377
27223,0.0
27224,0.0
27225,0.0
27226,0.0
27227,0.0
27228,0.0
27229,0.0
27230,0.0
27231,0.0
27232,394.59537698114787
27233,316.4754309218979
27234,182.7206153919167
27235,285.36276837921343
27236,333.87694936367245
27237,279.8754007506208
27238,218.6744476769544
27239,170.57916036408125
27240,605.5361495017369
27241,256.789213010593
27242,0.0
27243,0.0
27244,549.1871759630201
27245,407.70056775814714
27246,406.9540301798804
27247,474.1820122341061
27248,256.6087323928411
27249,404.3429881886721
27250,437.623963487329
27251,731.4059808118877
27252,0.0
27253,501.2541627712336
27254,476.06589774385446
27255,628.7197007031716
27256,0.0
27257,283.0550597472419
27258,224.72477660155448
27259,345.7984757517336
27260,175.89464532155287
27261,385.42064017948013
27262,322.9278058237546
27263,546.9734305681333
27264,0.0
27265,248.79902028391314
27266,400.4401182002456
27267,327.8382097752775
27268,0.0
27269,334.34950107419905
27270,329.11321672058705
27271,368.09528731287315
27272,0.0
27273,369.90260254519825
27274,346.5645179931862
27275,378.830157922422
27276,290.0389463958079
27277,363.4497356628501
27278,413.09137811136213
27279,351.8735240585257
27280,364.47544948019123
27281,281.70479768772725
27282,235.42202332948793
27283,423.9911871618289
27284,505.99841739355355
27285,445.91663974809853
27286,281.18935409173827
27287,406.0309115396498
27288,474.07686436307193
27289,209.19901519346058
27290,270.34545305206467
27291,285.0948714032985
27292,651.4042524395084
27293,247.92476228815718
27294,365.3345231266555
27295,422.24958026830757
27296,382.7030079634934
27297,359.941412104757
27298,326.7591324274226
27299,343.4379222121601
27300,400.49359377944523
27301,436.825719623833
27302,348.3604151417284
27303,259.62894319490584
27304,0.0
27305,383.5568657521339
27306,447.4026094905078
27307,407.9985665588259
27308,397.64740169969775
27309,590.0129651352386
27310,569.6130914973216
27311,514.162551210038
27312,304.52388344766393
27313,506.54926918596146
27314,379.4797393295472
27315,512.6853455933428
27316,0.0
27317,0.0
27318,0.0
27319,0.0
27320,0.0
27321,298.54361814423044
27322,89.81481051723901
27323,273.0281841939644
27324,0.0
27325,1.5400269703749814
27326,0.0
27327,0.0
27328,421.5922882619501
27329,303.2464629394286
27330,307.48431290278967
27331,213.4555285017658
27332,511.2918206462438
27333,303.7016664682293
27334,0.0
27335,0.0
27336,826.1982207670455
27337,158.7562593158043
27338,42.26319151024535
27339,0.0
27340,374.9986848367818
27341,152.0774695310668
27342,318.3225423751781
27343,325.9711719598583
27344,157.76818637677593
27345,332.0072738708425
27346,438.5419183986457
27347,728.5093466200367
27348,137.4409908114687
27349,411.00230959836716
27350,435.402433682815
27351,842.5978269617343
27352,0.0
27353,265.5323519261334
27354,259.98571970154325
27355,378.3965186143085
27356,109.44826468231119
27357,388.69640811010527
27358,372.84988638971834
27359,693.1509794228258
27360,0.0
27361,299.62346994524165
27362,330.1155433156516
27363,359.70006686508543
27364,102.85907094605079
27365,281.53467852119803
27366,342.53178075153346
27367,321.34379281310555
27368,134.3015593804789
27369,380.3765130580609
27370,387.9316810318708
27371,378.7093902420412
27372,346.2541967646285
27373,361.3684782019028
27374,329.8182042190299
27375,324.720850403346
27376,369.1053886718419
27377,384.5819198654179
27378,395.7595463526231
27379,421.034786747766
27380,464.6727874379953
27381,431.35290938264836
27382,315.53236892283087
27383,325.1519466632589
27384,362.2332137699292
27385,288.474489038437
27386,312.4189187524104
27387,270.6635586902496
27388,540.7803752211145
27389,0.0
27390,0.0
27391,95.69357211507352
27392,0.0
27393,0.0
27394,0.0
27395,0.0
27396,0.0
27397,0.0
27398,0.0
27399,0.0
27400,0.0
27401,0.0
27402,0.0
27403,0.0
27404,0.0
27405,160.3456661058612
27406,32.18289844268713
27407,0.0
27408,505.57600832576804
27409,459.58017761953295
27410,373.27272751821937
27411,480.38512261767556
27412,0.0
27413,0.0
27414,0.0
27415,0.0
27416,117.28691274757443
27417,331.42734090846193
27418,174.20588873646057
27419,349.5395025580846
27420,0.0
27421,0.0
27422,45.42028731287315
27423,13.40133682758983
27424,547.0784133989018
27425,380.0906685389171
27426,215.09724206025925
27427,230.817815374654
27428,534.4767040075941
27429,377.1137442560692
27430,208.18626651135807
27431,200.084466312958
27432,735.4945654285183
27433,252.75258356412672
27434,215.39345538160015
27435,0.0
27436,482.42660853282746
27437,403.99376420342435
27438,398.24977702433273
27439,456.9397158880289
27440,97.63058799876339
27441,279.56245884134984
27442,452.9576282990453
27443,504.20402365734924
27444,0.0
27445,475.4608677451114
27446,453.38349284325466
27447,615.1570084119883
27448,0.0
27449,300.8711974634611
27450,305.9010539321466
27451,416.6319983434871
27452,153.50955287515436
27453,361.16591587936955
27454,359.529991337674
27455,451.40607544109776
27456,0.0
27457,366.54113077090966
27458,402.065664294021
27459,552.3979799491244
27460,269.40016772356563
27461,281.6281667744887
27462,324.4910352961431
27463,372.94466316380675
27464,333.24591146193956
27465,339.58710059102924
27466,365.24796096805284
27467,451.11265519171
27468,311.0088394805915
27469,343.6873351796803
27470,346.034786747766
27471,401.26976558388293
27472,396.7904238988781
27473,394.2793830464874
27474,381.2217802510449
27475,396.7735665588259
27476,610.6919543764146
27477,457.0929607178086
27478,434.53518905998277
27479,543.2926252706773
27480,544.0248921962102
27481,463.265379836982
27482,484.46637654976627
27483,506.17369064327374
27484,649.8126795564953
27485,387.2511103230659
27486,435.7021345067137
27487,414.1830854405854
27488,476.5183549458981
27489,414.77339997407785
27490,375.94062137094255
27491,373.03488760624623
27492,346.07280981840637
27493,515.1976691600394
27494,478.6668998403524
27495,583.6681277253349
27496,0.0
27497,300.54578043218226
27498,364.73296374617667
27499,532.1608438031045
27500,0.0
27501,278.3450782278249
27502,271.1793957982888
27503,241.54424923860628
27504,308.7060209050354
27505,368.46840439150793
27506,355.05112888135926
27507,405.679512108984
27508,0.0
27509,118.9042933782127
27510,95.37797044124189
27511,260.85697440148016
27512,119.2564344074577
27513,256.00526458739415
27514,241.70638652344385
27515,268.32541973169236
27516,480.77695559294256
27517,425.16676186528554
27518,365.1083544454096
27519,348.72949779558667
27520,349.57675613650395
27521,0.0
27522,0.0
27523,240.36231039211683
27524,579.7038984340838
27525,245.21168624305048
27526,223.31868416375931
27527,197.72145557134087
27528,804.5558003365205
27529,219.76765884129384
27530,114.61709532804275
27531,0.0
27532,260.1818297743649
27533,399.47934168500484
27534,429.5962001638746
27535,449.42996355643595
27536,168.661438902598
27537,501.0347527543712
27538,562.083766515753
27539,808.0938265303525
27540,0.0
27541,495.0882298951667
27542,437.7122273758905
27543,671.8669261895118
27544,0.0
27545,312.3357579569475
27546,314.7974643198871
27547,456.9539695440652
27548,0.0
27549,323.1524232086488
27550,456.29831653507335
27551,427.7265246710447
27552,0.0
27553,100.80506626977319
27554,370.79456655022256
27555,342.5330959147516
27556,61.60355901820418
27557,358.31601249295375
27558,307.08906851299497
27559,413.85999739441013
27560,0.0
27561,404.5403261464762
27562,292.9901224451416
27563,358.360139614373
27564,143.47838124325062
27565,370.0908675725774
27566,291.0399844700748
27567,327.8680928863835
27568,397.78754312591093
27569,373.36018325349085
27570,350.2986446141169
27571,459.1547498037134
27572,571.4658150208893
27573,388.4095347396393
27574,406.0491010396176
27575,443.47054584353117
27576,678.0900289547492
27577,339.0003110823461
27578,303.08368833094505
27579,335.8154277209959
27580,611.9292454941988
27581,287.8628978473749
27582,202.21506324140506
27583,287.15401814411837
27584,374.92499886118236
27585,272.0310023467422
27586,293.0307252577909
27587,309.42778840427894
27588,0.0
27589,270.73201647900214
27590,234.1168754755672
27591,214.65701181132786
27592,182.98262475307533
27593,440.892199732493
27594,418.42917820633517
27595,457.39826666668534
27596,188.90806532069624
27597,375.75036675722595
27598,418.3405719253328
27599,453.35614074458726
27600,0.0
27601,290.6619865579693
27602,263.3197327121923
27603,366.01253535215824
27604,0.0
27605,49.76720283857139
27606,63.985584426889986
27607,153.18055215051163
27608,0.0
27609,0.0
27610,0.0
27611,0.0
27612,0.0
27613,0.0
27614,0.0
27615,0.0
27616,290.813040490116
27617,290.33006669255144
27618,116.98554688752512
27619,188.16962562444195
27620,363.09661947278875
27621,0.0
27622,0.0
27623,169.13018568654672
27624,753.7845773694567
27625,165.44283351016904
27626,121.67759589314988
27627,0.0
27628,389.8026450454985
27629,290.11557730904644
27630,305.3441135411747
27631,329.8065542470095
27632,173.71208855526717
27633,399.8441781286249
27634,356.81249595793645
27635,522.0110884431434
27636,0.0
27637,381.619059850669
27638,294.076864363072
27639,347.9537530909291
27640,0.0
27641,349.6689218756021
27642,172.27087164493943
27643,259.5689547301793
27644,0.0
27645,0.0
27646,270.7400683318576
27647,297.08646482897905
27648,0.0
27649,149.8520571674622
27650,294.85978094127415
27651,377.6694057719664
27652,36.53866535522175
27653,297.2591706828268
27654,364.5819028687205
27655,384.01201485680065
27656,160.38568061769593
27657,422.88232954572237
27658,196.18753045802265
27659,319.4624407058348
27660,299.0028541305467
27661,338.235506371599
27662,313.91454660286735
27663,351.9280659160085
27664,285.5518299468989
27665,297.0449317458527
27666,342.1733646536421
27667,391.1905916224438
27668,412.299388602735
27669,475.6322487900179
27670,252.53413211775592
27671,465.9231186402306
27672,458.0797014969213
27673,424.1443617100703
27674,464.6896617747449
27675,381.9163893015677
27676,416.95114672361314
27677,166.73180469354037
27678,39.614077472221425
27679,174.34673888956226
27680,345.0619784909556
27681,29.201271101322078
27682,0.0
27683,81.59932868295915
27684,108.82737914675272
27685,236.08780435698242
27686,199.95692567190977
27687,225.66969757997987
27688,0.0
27689,152.69941877401206
27690,97.01779185542524
27691,32.15545086925306
27692,0.0
27693,0.0
27694,0.0
27695,0.0
27696,0.0
27697,0.0
27698,0.0
27699,0.0
27700,0.0
27701,0.0
27702,0.0
27703,0.0
27704,0.0
27705,0.0
27706,0.0
27707,0.0
27708,74.58827197268866
27709,53.027646184316104
27710,0.0
27711,71.0995632716102
27712,259.93327482852277
27713,365.1747229110487
27714,261.0368910832027
27715,184.62948348218939
27716,642.0539196927905
27717,0.0
27718,55.12216782708606
27719,0.0
27720,558.2276709718795
27721,217.03590245454558
27722,211.84763742716643
27723,0.0
27724,351.2931698028568
27725,376.78524317326674
27726,503.0186394029372
27727,415.97113796646346
27728,287.65259207103213
27729,436.5878445796474
27730,400.43882967944785
27731,432.37987772739234
27732,0.0
27733,0.0
27734,419.5922643199431
27735,399.2469058970886
27736,125.71675874209379
27737,304.5183147232332
27738,202.71750273071194
27739,348.57954963123547
27740,269.8831415211302
27741,300.2817532806699
27742,322.1241323497123
27743,433.493855433295
27744,0.0
27745,368.9132410853722
27746,376.74887381905427
27747,0.0
27748,0.0
27749,248.60166532941162
27750,236.60479654890966
27751,339.24823805700413
27752,0.0
27753,10.017131581959234
27754,355.3882066691991
27755,336.5826808507335
27756,118.03566900471216
27757,0.0
27758,288.735398145031
27759,0.0
27760,304.96753984729855
27761,328.035564729779
27762,389.2715986368602
27763,380.2674559855157
27764,336.00365875498017
27765,392.8044611017783
27766,379.7026875457987
27767,384.0677744359496
27768,376.26331333417124
27769,362.70708064367403
27770,435.3907837107946
27771,423.3770139511226
27772,102.870162512386
27773,0.0
27774,0.0
27775,0.0
27776,0.0
27777,0.0
27778,0.0
27779,0.0
27780,0.0
27781,0.0
27782,0.0
27783,0.0
27784,0.0
27785,0.0
27786,0.0
27787,0.0
27788,0.0
27789,0.0
27790,0.0
27791,0.0
27792,0.0
27793,0.0
27794,0.0
27795,0.0
27796,0.0
27797,0.0
27798,0.0
27799,0.0
27800,0.0
27801,0.0
27802,0.0
27803,0.0
27804,0.0
27805,0.0
27806,0.0
27807,56.24028592381124
27808,497.34848311982137
27809,27.629282757415808
27810,263.4080402398717
27811,325.55680469354036
27812,199.19654977777247
27813,324.6637315042678
27814,268.38487599326254
27815,92.27759078558375
27816,624.0391118588516
27817,0.0
27818,144.7131436262315
27819,0.0
27820,350.56219139812157
27821,336.28927759804316
27822,29.93404841900906
27823,370.59983227643437
27824,0.0
27825,348.07323225051226
27826,56.719291592275795
27827,37.3996736291827
27828,0.0
27829,398.139397437595
27830,478.09525331947833
27831,171.0531994995486
27832,168.3264685733865
27833,246.77618723953924
27834,378.6938044260894
27835,149.60162113799817
27836,212.7941166472531
27837,454.8038995729014
27838,454.63250888227185
27839,119.73147874550136
27840,62.086559458189186
27841,359.9350626978997
27842,408.15758693756277
27843,2.6463630731352623
27844,211.11274982092016
27845,340.7569523143302
27846,385.53489497433407
27847,14.612060221733543
27848,214.0898634917054
27849,353.0654042017672
27850,16.668668582027067
27851,44.30823488200531
27852,344.49490085853625
27853,395.76989080714833
27854,342.3305602346387
27855,69.88858913767422
27856,393.76652613781687
27857,414.43261087956967
27858,111.599882714231
27859,453.6873351796803
27860,501.2411976359951
27861,72.589244174057
27862,264.0561318149036
27863,334.13530577634276
27864,679.8519019024368
27865,106.16752228119213
27866,257.9863078728407
27867,0.0
27868,0.0
27869,0.0
27870,0.0
27871,0.0
27872,0.0
27873,0.0
27874,0.0
27875,0.0
27876,0.0
27877,0.0
27878,0.0
27879,0.0
27880,0.0
27881,0.0
27882,0.0
27883,0.0
27884,0.0
27885,0.0
27886,0.0
27887,0.0
27888,0.0
27889,0.0
27890,0.0
27891,0.0
27892,0.0
27893,0.0
27894,0.0
27895,0.0
27896,275.450148449233
27897,228.31177208920744
27898,0.0
27899,187.37044695231168
27900,448.04025503649484
27901,390.720126534617
27902,0.0
27903,325.0242023208761
27904,454.452207178291
27905,226.46604492475268
27906,0.0
27907,320.20140907638887
27908,654.8389027738035
27909,338.4627347914835
27910,369.9000158578798
27911,0.0
27912,633.0536596005367
27913,267.0761203744538
27914,0.0
27915,0.0
27916,407.2228013286143
27917,384.1949847203191
27918,410.0610111038919
27919,389.83768223979536
27920,355.5180376342819
27921,352.24373048617707
27922,742.5472379448804
27923,868.8909967645911
27924,0.0
27925,372.37860620329207
27926,382.9174103791371
27927,555.3089114361294
27928,0.0
27929,381.7293957982888
27930,395.78805366469567
27931,256.55821136277666
27932,225.30776118365964
27933,403.7003003149189
27934,419.2196531124189
27935,481.6670185410866
27936,0.0
27937,0.0
27938,531.8799689572629
27939,712.8328834303638
27940,183.39396592038486
27941,360.4375145162297
27942,353.9989449290357
27943,334.79095143436024
27944,46.02206186103973
27945,364.5040004313816
27946,356.2451068375061
27947,387.43440993915215
27948,376.73068431908655
27949,369.1443447133729
27950,377.80830966747413
27951,201.1194083257492
27952,465.6244740261137
27953,636.7358140546057
27954,627.4109887234808
27955,590.4530663387868
27956,912.9795547388013
27957,604.0157852723904
27958,64.27972756993279
27959,498.4601237564932
27960,548.7717068634281
27961,466.33214284108516
27962,406.5035505284121
27963,349.35604795312076
27964,748.1433155687896
27965,432.3462399637613
27966,69.72124520084424
27967,519.7183236358035
27968,573.5075158275813
27969,493.79706086885284
27970,477.7310854924856
27971,460.23047637285595
27972,518.6396076614609
27973,552.3853672577145
27974,567.6813741944206
27975,299.91744154260107
27976,164.63702055136417
27977,442.49982108622885
27978,415.43024759069675
27979,532.473813183239
27980,421.80383228503763
27981,546.773915180537
27982,559.6549901988564
27983,269.0618844140407
27984,11.14693777659187
27985,412.1554593761585
27986,399.3016371425087
27987,483.9977948060831
27988,482.7709161296138
27989,499.65613379927777
27990,561.231039886107
27991,532.6125172166433
27992,438.1255519002673
27993,295.7779001847331
27994,0.0
27995,371.7778668823481
27996,367.2309072947538
27997,408.59288960782715
27998,375.09510797632373
27999,408.78502019759947
28000,625.3948854234347
28001,466.50894076185
28002,480.77147611400824
28003,393.7071003407849
28004,437.85747720856693
28005,328.1914132435746
28006,317.300737759348
28007,0.0
28008,911.7084666407259
28009,372.23708897804545
28010,384.44170080669204
28011,101.29717363357793
28012,457.5577546611284
28013,370.87380114747697
28014,374.23913848415873
28015,542.9264663128647
28016,163.0693910357909
28017,460.41801949876685
28018,394.4949275009567
28019,461.5735739269137
28020,0.0
28021,415.52451652641395
28022,434.670166757282
28023,558.0238031318511
28024,121.13483887667593
28025,175.76089550923606
28026,312.2279990509231
28027,375.21939302016506
28028,0.0
28029,333.27708309384326
28030,478.59899365860605
28031,500.73479297703614
28032,0.0
28033,260.19085906567204
28034,458.0484958716228
28035,584.0611669212126
28036,228.3303171390823
28037,303.42899576370735
28038,282.050112471464
28039,305.3310877701209
28040,245.56091987402127
28041,333.2341912083809
28042,343.90545667574503
28043,512.4862874768038
28044,0.0
28045,336.4281911392739
28046,349.5598478063595
28047,283.6847751347822
28048,341.57489644110626
28049,454.1209574910964
28050,387.42664252622234
28051,431.4541554031459
28052,499.6195437470332
28053,530.5855179845828
28054,468.81199506487474
28055,686.8812308356403
28056,578.6901489190914
28057,306.30100520257633
28058,0.0
28059,423.24854913935025
28060,596.5169702342944
28061,289.9551675510317
28062,323.9216789697864
28063,424.4124201802808
28064,401.7708732065353
28065,450.3050071955538
28066,475.0115603037457
28067,453.3107154566473
28068,461.1187997584151
28069,521.823796902581
28070,516.4355732366844
28071,620.5227820542817
28072,211.89064955784553
28073,519.840425460474
28074,494.30548684702205
28075,680.6622108019715
28076,426.81636379796487
28077,524.4598053060594
28078,473.41983783268194
28079,538.3191904515613
28080,0.0
28081,354.57841878261553
28082,279.97964157714546
28083,564.4770514904875
28084,369.3983686639832
28085,538.1466713084375
28086,497.4975045425521
28087,453.2118794995229
28088,400.9773297005895
28089,345.0726123463419
28090,275.6802630257983
28091,393.5041681549473
28092,460.77605342055534
28093,289.98017605793706
28094,282.0198834390606
28095,291.4148534403175
28096,486.3113156637067
28097,390.2129407704534
28098,139.02502081881516
28099,337.4110737069679
28100,911.685909508686
28101,416.84109054824467
28102,359.7546160735426
28103,270.2908772011871
28104,565.9646080842391
28105,257.0047308226419
28106,160.15718802468555
28107,195.63888294717535
28108,447.104610689829
28109,300.5752171691754
28110,365.8270436996214
28111,332.6733319701749
28112,245.85956448813812
28113,368.77693122815737
28114,360.2375995168302
28115,302.4383361373606
28116,0.0
28117,252.86292915746958
28118,320.012982131936
28119,423.0796845002239
28120,0.0
28121,220.162334756902
28122,257.32279282170896
28123,394.0067293386629
28124,0.0
28125,292.79670333457153
28126,510.45695854360025
28127,949.3713595271654
28128,97.5305868599458
28129,115.27662354515078
28130,204.76893036539417
28131,295.1687870066137
28132,84.16264583924817
28133,244.3936984771566
28134,238.57832174625298
28135,269.6806058410174
28136,122.50462259607386
28137,272.500679401168
28138,144.72221655665643
28139,275.05324369096206
28140,643.4663527543901
28141,312.2253953669072
28142,311.6047795522122
28143,272.6356910918621
28144,286.1867164143275
28145,365.49987477673454
28146,362.7720445881948
28147,377.1267263880051
28148,358.97172613776087
28149,429.7429491048248
28150,251.9605940554996
28151,452.47468849487564
28152,942.4861928475937
28153,379.17819766180514
28154,312.1787155515643
28155,318.4589298649056
28156,895.2262902290242
28157,445.35775423835014
28158,278.6140951383021
28159,469.0749628834135
28160,316.2306313446201
28161,114.47659379665194
28162,64.68695752550985
28163,152.87828349084876
28164,0.0
28165,0.0
28166,0.0
28167,0.0
28168,63.19348470732069
28169,434.95912123721706
28170,362.335157749888
28171,445.17595421248404
28172,0.0
28173,0.0
28174,0.0
28175,0.0
28176,246.41524838444647
28177,458.8989321772343
28178,405.05708064367406
28179,756.9095639187294
28180,0.0
28181,384.2341579310254
28182,331.54654566239384
28183,418.2824107070917
28184,372.8881212458204
28185,326.0418499719644
28186,278.3828056512206
28187,345.8354050903405
28188,331.00967966001565
28189,262.92866299987617
28190,285.0358943704184
28191,260.486434657702
28192,458.4616696691313
28193,213.22676846552716
28194,24.719947896993574
28195,89.14475737023866
28196,543.1562547776472
28197,298.6354576420286
28198,125.75835246103549
28199,65.14942061175572
28200,500.8282982270243
28201,68.54984842757523
28202,0.0
28203,24.317196186523006
28204,320.23243578791624
28205,269.31320935249926
28206,307.0553368361932
28207,268.8224075061896
28208,110.48177990597694
28209,301.7476192916514
28210,352.5395821578581
28211,245.4726559854597
28212,37.11903660758804
28213,312.0046701868266
28214,362.8615800008566
28215,330.5660836029352
28216,2.911043112912523
28217,203.04080609120564
28218,218.48225645136682
28219,307.96026597645607
28220,95.31946214577229
28221,230.99198214053933
28222,294.21839858501596
28223,389.6182285838151
28224,0.0
28225,0.0
28226,250.0013321599156
28227,353.12772082315416
28228,116.66328160129831
28229,288.51859181218447
28230,266.843711228958
28231,323.4484471420524
28232,150.6933715198173
28233,319.1469653940862
28234,295.5427133773561
28235,349.2014806091486
28236,221.42693661187104
28237,340.7880706613931
28238,299.7792748199194
28239,345.24146507922336
28240,291.9371728398283
28241,376.71514214225255
28242,371.672293895908
28243,686.4798624218081
28244,548.6172001552712
28245,500.3920722315923
28246,340.78426573481516
28247,409.0587015055247
28248,510.015542176834
28249,440.5842900996003
28250,282.73572622407454
28251,245.06501493461298
28252,153.47193720718323
28253,0.0
28254,0.0
28255,0.0
28256,0.0
28257,0.0
28258,0.0
28259,0.0
28260,0.0
28261,0.0
28262,0.0
28263,262.58364796164966
28264,0.0
28265,0.0
28266,0.0
28267,54.804415495399766
28268,0.0
28269,0.0
28270,0.0
28271,0.0
28272,0.0
28273,19.6912729908725
28274,0.0
28275,5.234013010649029
28276,0.0
28277,360.27928757172083
28278,299.31201516765054
28279,368.2123007635072
28280,395.57219874150826
28281,300.08720839481896
28282,359.2315797506123
28283,374.68598560028903
28284,390.4420822829802
28285,359.6812644062568
28286,149.85144420860135
28287,335.78748434495265
28288,445.5362271342496
28289,247.80971945990237
28290,113.39793575771114
28291,224.4560490919384
28292,261.8333401320123
28293,100.7635501833442
28294,158.90948714888657
28295,271.6502558302445
28296,669.1871153272048
28297,96.34390443901304
28298,48.157732556865085
28299,62.8331406755737
28300,521.4891586040479
28301,387.27862206117186
28302,307.24360186357234
28303,427.83172353217105
28304,144.49631065096452
28305,384.9792164617394
28306,359.6481286916185
28307,367.453904956615
28308,0.0
28309,321.43338886158267
28310,343.061538639374
28311,289.02752987362095
28312,247.33691785514048
28313,137.21506790907935
28314,293.29915515290156
28315,370.640076838763
28316,123.27066483752643
28317,292.8161547129166
28318,246.90084712473364
28319,401.83324550280224
28320,50.44934639569587
28321,159.85463420905765
28322,331.2542234070489
28323,425.7491072688877
28324,139.19506235283174
28325,338.235506371599
28326,365.4842719640853
28327,316.04905740049975
28328,29.244457478098013
28329,323.0887914240437
28330,258.83666116222594
28331,319.77018489279703
28332,29.006857961267826
28333,365.6387883179653
28334,326.58007716671756
28335,313.15890945175533
28336,268.3796782709537
28337,321.0841382339145
28338,366.3230262715424
28339,382.47986922048693
28340,426.66058328807236
28341,410.0376408783128
28342,361.23347386218313
28343,534.9259291316595
28344,585.3569744014801
28345,429.12880253653884
28346,378.90158146762883
28347,392.6317818903511
28348,339.7556487640958
28349,276.0189790949645
28350,182.80167922003065
28351,193.09770315343422
28352,0.6207781545469118
28353,204.7558533281005
28354,112.11630402481961
28355,0.0
28356,0.0
28357,0.0
28358,275.2394261939069
28359,0.0
28360,69.6021653940302
28361,322.0780477804934
28362,154.8215584141952
28363,257.4234232000454
28364,0.0
28365,97.33492586165049
28366,87.81529597519916
28367,53.91244298347005
28368,0.0
28369,204.6045391570693
28370,181.7507435658399
28371,248.21526042020847
28372,113.40538358138943
28373,251.92909548336996
28374,230.4307863163844
28375,302.42374589537536
28376,124.33980046585108
28377,21.68206166260248
28378,204.0034713343036
28379,247.52204614979064
28380,26.585698037171618
28381,86.5714103877405
28382,19.80823927353208
28383,0.0
28384,464.371565782283
28385,361.3412157715101
28386,364.4365200810807
28387,350.26098673910667
28388,484.7688357361841
28389,353.876932366975
28390,167.25272578408956
28391,97.99930700147411
28392,569.8207569129536
28393,269.07170063415805
28394,231.09066811613877
28395,209.8259206418677
28396,377.837574853306
28397,403.81457210647017
28398,483.41724151675385
28399,457.39932910573737
28400,277.8057932616939
28401,468.07446013549475
28402,417.79664269875633
28403,537.9666842327729
28404,0.0
28405,352.5058164876615
28406,182.21001580607265
28407,559.770090263587
28408,130.32856171861766
28409,349.4520889003351
28410,416.9773567663417
28411,483.1159932186211
28412,218.25115282336614
28413,319.2586165049242
28414,52.054244924789884
28415,459.0754982097616
28416,177.4760376514886
28417,378.99374720672694
28418,494.63117672235626
28419,391.23990911519735
28420,98.3446484276312
28421,337.0825556274681
28422,204.1404080556445
28423,309.411817695586
28424,206.05169507791044
28425,370.8919470083269
28426,336.19448382725733
28427,381.6436919546253
28428,196.6398773823244
28429,352.39934610243483
28430,46.19602959326471
28431,350.71408707128825
28432,318.4536715067816
28433,407.1189079849831
28434,300.0932436224987
28435,475.1921135930749
28436,403.2939307881724
28437,387.6967021957539
28438,272.445654761669
28439,503.9729370260459
28440,314.482715870593
28441,392.13840300244595
28442,359.6066222509125
28443,376.5307460235733
28444,14.755316927006412
28445,0.0
28446,0.0
28447,0.0
28448,0.0
28449,0.0
28450,0.0
28451,0.0
28452,0.0
28453,0.0
28454,0.0
28455,0.0
28456,0.0
28457,0.0
28458,0.0
28459,0.0
28460,0.0
28461,0.0
28462,0.0
28463,0.0
28464,0.0
28465,0.0
28466,0.0
28467,0.0
28468,0.0
28469,0.0
28470,0.0
28471,0.0
28472,0.0
28473,0.0
28474,0.0
28475,0.0
28476,0.0
28477,0.0
28478,0.0
28479,0.0
28480,363.07700765052283
28481,0.0
28482,164.74818082052832
28483,0.0
28484,569.2145573702944
28485,273.9964018808351
28486,0.0
28487,251.9488834476639
28488,201.14408406882342
28489,136.93464678832507
28490,0.0
28491,35.6622775204263
28492,436.1464208619066
28493,126.49854941549779
28494,384.2014806091486
28495,354.5987942021675
28496,0.0
28497,380.80886384537666
28498,21.834878547045264
28499,75.37158957765922
28500,87.80715941500429
28501,330.19215723219276
28502,0.0
28503,392.0332041413196
28504,0.0
28505,457.5797927267919
28506,0.0
28507,411.4930944479794
28508,0.0
28509,382.791461973145
28510,351.9604994262895
28511,97.93583048189407
28512,322.15398881839786
28513,144.69379422807071
28514,108.62397028600776
28515,507.73168839995856
28516,307.91482369181864
28517,241.7906301539955
28518,589.91809373194
28519,582.5031448168559
28520,40.256046262007544
28521,575.6776400845631
28522,41.79979771363054
28523,276.92304780639665
28524,396.3022257365843
28525,476.6332698675874
28526,51.89715152931444
28527,410.3829823044699
28528,452.9394387990776
28529,334.00043970495085
28530,562.961520503859
28531,143.20204158572994
28532,168.8758574522691
28533,519.6532924205325
28534,68.53574039084111
28535,85.23269303312588
28536,392.113787895187
28537,475.76990780384574
28538,0.0
28539,435.3947365514235
28540,0.0
28541,0.0
28542,0.0
28543,2.3870279194519455
28544,0.0
28545,0.0
28546,0.0
28547,0.0
28548,0.0
28549,0.0
28550,0.0
28551,0.0
28552,0.0
28553,0.0
28554,0.0
28555,0.0
28556,0.0
28557,0.0
28558,0.0
28559,0.0
28560,0.0
28561,0.0
28562,0.0
28563,0.0
28564,0.0
28565,0.0
28566,0.0
28567,0.0
28568,65.36776706786182
28569,211.02859345149062
28570,0.0
28571,217.34381831670834
28572,359.47103087871307
28573,327.0352887796453
28574,0.0
28575,335.0929618566262
28576,441.767053673299
28577,373.09012358395927
28578,24.355026323255743
28579,376.7229435485772
28580,600.4244983908989
28581,304.5988281955623
28582,0.0
28583,91.67500920583143
28584,535.6777007203783
28585,0.0
28586,0.0
28587,99.64434811271246
28588,412.8057762649965
28589,386.05946249084025
28590,409.6026864069811
28591,0.0
28592,108.42519818810385
28593,474.51825408741786
28594,348.16411681978707
28595,411.5735909236111
28596,0.0
28597,175.4533405806938
28598,350.5699758077488
28599,479.8181702256351
28600,0.0
28601,352.4850499460983
28602,216.90472968382426
28603,446.2801270351056
28604,0.0
28605,286.08153454989855
28606,332.35520933529256
28607,542.723886993634
28608,0.0
28609,0.0
28610,89.30172199647842
28611,336.54764365643655
28612,209.51966387984618
28613,341.0361019109842
28614,0.0
28615,326.57752676754257
28616,0.0
28617,336.87483922174385
28618,316.9656971485983
28619,403.22902012849255
28620,0.0
28621,412.3928598593283
28622,292.4876706268116
28623,354.2923918208438
28624,331.5061105733102
28625,84.18619567752421
28626,380.03897303822833
28627,446.44377695522576
28628,567.5720083171647
28629,446.88524431208435
28630,98.19945489841143
28631,623.6717153703336
28632,485.05973957979154
28633,452.36694658554865
28634,447.45783115482345
28635,6.4778775031446685
28636,479.6304342953339
28637,0.0
28638,148.76196913849367
28639,254.860344031747
28640,269.6262757689964
28641,0.0
28642,0.0
28643,259.34065692593333
28644,0.0
28645,0.0
28646,0.0
28647,0.0
28648,0.0
28649,0.0
28650,0.0
28651,0.0
28652,0.0
28653,0.0
28654,0.0
28655,0.0
28656,0.0
28657,0.0
28658,0.0
28659,0.0
28660,0.0
28661,0.0
28662,0.0
28663,0.0
28664,0.0
28665,0.0
28666,0.0
28667,0.0
28668,322.1342947672745
28669,312.3186675898402
28670,0.0
28671,327.8730575816371
28672,485.5634629222219
28673,421.5450666148411
28674,355.74918490140044
28675,215.86623998966456
28676,432.29810008193726
28677,387.26826060994915
28678,298.00963445930194
28679,0.0
28680,573.3120596523249
28681,0.0
28682,0.0
28683,288.78608179109506
28684,409.0067196929399
28685,334.4443214874053
28686,344.7455261464202
28687,89.91068783915296
28688,0.0
28689,456.16461036187434
28690,419.8636295069699
28691,428.89765526942034
28692,0.0
28693,409.6299488373738
28694,87.38533269491074
28695,436.69691864888995
28696,0.0
28697,324.86238462529
28698,340.880270393886
28699,339.58710059102924
28700,0.0
28701,347.4707792933646
28702,402.48371778618275
28703,235.30919532375947
28704,0.0
28705,273.71594676668593
28706,449.0547316681984
28707,418.33286983300593
28708,0.0
28709,379.2871674561146
28710,395.41286541557594
28711,513.7301227902095
28712,0.0
28713,421.24380132001096
28714,329.95716139937844
28715,523.2938797980802
28716,0.0
28717,353.87302316546396
28718,350.35571987407724
28719,379.858475423779
28720,424.63512956298507
28721,84.53415778439467
28722,387.7849830810129
28723,465.5258220439091
28724,599.8285583192782
28725,554.9038740692986
28726,113.83565652905827
28727,479.45725998022345
28728,584.2326352443548
28729,462.4422283421742
28730,131.52715135678045
28731,124.73024121479585
28732,568.3725316077508
28733,353.6543795176308
28734,328.25054339336197
28735,402.0158076528015
28736,0.0
28737,105.77333663784917
28738,0.0
28739,0.0
28740,220.30063647808953
28741,473.5892652690201
28742,425.80819138951824
28743,578.3918933178212
28744,21.775184573632316
28745,463.8691425736341
28746,495.5570052887966
28747,314.69512100427266
28748,0.0
28749,302.03914004575466
28750,227.0573465424198
28751,0.0
28752,0.0
28753,0.0
28754,0.0
28755,0.0
28756,0.0
28757,0.0
28758,0.0
28759,0.0
28760,0.0
28761,0.0
28762,0.0
28763,0.0
28764,126.69688267112097
28765,0.0
28766,130.80878422848986
28767,131.0178157974322
28768,509.77406010091323
28769,376.4892362365606
28770,0.0
28771,442.6590176783233
28772,662.6278047020503
28773,0.0
28774,299.61572917473234
28775,314.36775120998203
28776,894.9543684569423
28777,0.0
28778,249.54431298049994
28779,192.5656506966631
28780,504.59097579914544
28781,387.3201721409956
28782,29.77048577712452
28783,417.6135753936859
28784,152.5955071653487
28785,431.1282313619389
28786,386.25680044864436
28787,3.369530425822859
28788,0.0
28789,531.2372714377866
28790,394.1443447133729
28791,451.67095438501804
28792,0.0
28793,293.43677052761154
28794,213.88343560677893
28795,317.26174772442226
28796,0.0
28797,314.0664859151519
28798,318.72499305469046
28799,60.23008199813563
28800,0.0
28801,497.08899088048224
28802,616.8123843320288
28803,504.2247901989124
28804,0.0
28805,384.1625342133407
28806,423.27181508999627
28807,506.32815600706147
28808,0.0
28809,347.4266255295249
28810,369.6727874379953
28811,401.2074489624959
28812,0.0
28813,361.6203217290463
28814,382.09034003709525
28815,33.77589995256932
28816,61.30903950643875
28817,441.0957978516579
28818,429.7883477503443
28819,145.82472390323562
28820,710.4620956300938
28821,529.1015061127514
28822,546.8838951554714
28823,113.77723211248491
28824,231.71538239076472
28825,504.25603946332876
28826,0.0
28827,583.4990531556036
28828,511.2945743410886
28829,123.88755545493409
28830,0.0
28831,210.4261091842483
28832,0.0
28833,0.0
28834,0.0
28835,0.0
28836,0.0
28837,0.0
28838,0.0
28839,0.0
28840,0.0
28841,0.0
28842,0.0
28843,0.0
28844,0.0
28845,0.0
28846,0.0
28847,0.0
28848,0.0
28849,0.0
28850,0.0
28851,0.0
28852,0.0
28853,0.0
28854,0.0
28855,0.0
28856,0.0
28857,0.0
28858,0.0
28859,0.0
28860,279.4263260601625
28861,0.0
28862,0.0
28863,0.0
28864,491.4892022431658
28865,334.7688867262763
28866,0.0
28867,355.5349289677289
28868,559.00538018205
28869,0.0
28870,356.3165570251333
28871,341.3373405633939
28872,352.04510400757516
28873,0.0
28874,388.4899972218762
28875,338.81069689835397
28876,373.59778277032103
28877,134.80028160999484
28878,570.5166714809715
28879,617.681021750592
28880,0.0
28881,391.1477530218222
28882,380.9296315257575
28883,109.33289362838212
28884,0.0
28885,354.54036978559407
28886,384.98960455538247
28887,383.58497384473026
28888,0.0
28889,247.89538931017103
28890,331.1126891851049
28891,91.15839836067494
28892,0.0
28893,309.1599741684426
28894,388.9002589534362
28895,559.211791070279
28896,0.0
28897,0.0
28898,388.4938724299924
28899,350.51152474875494
28900,0.0
28901,321.7047636943324
28902,296.25942112935763
28903,358.0381514170975
28904,0.0
28905,337.6564406367279
28906,352.2578385229112
28907,582.8134394029933
28908,0.0
28909,31.842636314252047
28910,347.8485978689206
28911,463.6820938182537
28912,366.37885664982286
28913,142.8358729821943
28914,66.29993993359341
28915,466.93064295760394
28916,460.7725114878616
28917,450.72057331439476
28918,422.61751123761735
28919,224.5341407876972
28920,831.6085164920005
28921,519.7467976705206
28922,394.8585094171738
28923,470.4842889607827
28924,323.97443180196103
28925,263.2744964065248
28926,196.6191108407612
28927,297.7538380915296
28928,475.41708540617196
28929,0.0
28930,336.05986055816095
28931,267.41794102069764
28932,0.0
28933,0.0
28934,0.0
28935,0.0
28936,0.0
28937,0.0
28938,0.0
28939,0.0
28940,0.0
28941,0.0
28942,0.0
28943,0.0
28944,0.0
28945,0.0
28946,0.0
28947,0.0
28948,0.0
28949,0.0
28950,0.0
28951,0.0
28952,0.0
28953,0.0
28954,0.0
28955,0.0
28956,0.0
28957,0.0
28958,0.0
28959,30.119015788772835
28960,502.686280108716
28961,313.20310685471287
28962,345.14412826023687
28963,439.74290546570694
28964,980.1698522755963
28965,418.87064817134063
28966,404.1327667502916
28967,261.2283101332692
28968,570.1666082767257
28969,326.21917656702897
28970,273.3705786981084
28971,322.2773505370715
28972,454.8350882015025
28973,418.87560020705945
28974,441.0620225357383
28975,389.2742023208761
28976,0.0
28977,530.2167553427543
28978,382.8005519002673
28979,384.41831358441556
28980,101.93596195154325
28981,333.1796759933185
28982,412.5798363659097
28983,431.7125044648418
28984,0.0
28985,317.9317246709887
28986,259.3794011820025
28987,329.41573654282007
28988,227.2526917906947
28989,348.3159858505333
28990,361.05684181012697
28991,548.6781676200452
28992,0.0
28993,226.30359188989476
28994,289.26512939045114
28995,317.02285968679433
28996,249.59491899405128
28997,311.0919226435417
28998,290.69980677283155
28999,562.3707005220343
29000,0.0
29001,260.0804964756317
29002,378.7431389155404
29003,453.71586913417326
29004,253.3991296492988
29005,304.31575240069986
29006,317.8849672231331
29007,336.4723449031136
29008,244.66506366418335
29009,318.82757123510356
29010,360.36485344031746
29011,330.1129832707536
29012,352.8538125879268
29013,422.65515211593015
29014,323.5134014408501
29015,419.6338580388848
29016,326.74633077085366
29017,362.71362017162136
29018,0.0
29019,391.0218216125275
29020,315.8148545791351
29021,180.5630184029661
29022,290.45001813551505
29023,264.66452451571746
29024,413.65522903240344
29025,399.1174629308252
29026,441.36751704410926
29027,400.9533461110382
29028,229.44825929859755
29029,289.4794139338038
29030,0.0
29031,0.0
29032,124.53988162722044
29033,302.7753540054246
29034,328.59199261470553
29035,307.77017327981326
29036,106.35028091106904
29037,276.0944409041789
29038,355.40237490185666
29039,318.8560197662178
29040,0.0
29041,157.02240440011127
29042,0.0
29043,187.42098951723048
29044,112.67806165399912
29045,200.69542953283602
29046,187.82347108405932
29047,237.63647758078048
29048,0.0
29049,31.744890384370088
29050,0.0
29051,0.0
29052,33.89719799836314
29053,54.90081311422546
29054,71.74448070406561
29055,0.0
29056,312.3253965057248
29057,253.69259353780433
29058,0.0
29059,189.92088667437608
29060,474.9506048747337
29061,0.0
29062,0.0
29063,0.0
29064,391.68525903114653
29065,234.1093851515887
29066,163.65628481940706
29067,182.90063067159764
29068,399.13916398776155
29069,328.15633241015985
29070,310.4881981622937
29071,362.4058589879617
29072,0.0
29073,285.299959777335
29074,350.781601414984
29075,327.1487814503661
29076,0.0
29077,413.66915532543555
29078,401.6592777705772
29079,399.01062154347653
29080,0.0
29081,303.56400745440146
29082,226.64634662873345
29083,361.18021317452366
29084,0.0
29085,273.5730973815238
29086,285.9153512273008
29087,555.1271422975798
29088,0.0
29089,0.0
29090,480.52836509210965
29091,268.2156868246637
29092,126.49578311548234
29093,310.56219139812157
29094,373.1796589966211
29095,300.74785274148485
29096,416.3671193995668
29097,860.6281939692045
29098,738.8196242094766
29099,891.0722213709612
29100,449.5377321081834
29101,293.2835693369497
29102,225.8803043872809
29103,294.4027447651611
29104,396.5982496699879
29105,287.0968699193196
29106,236.7437270868378
29107,306.7554037012786
29108,0.0
29109,260.70507477667854
29110,296.4593967645725
29111,318.36798465981553
29112,372.37473099517587
29113,323.095321306268
29114,327.1747893533559
29115,321.2880060739429
29116,286.61981346789673
29117,234.52035686125873
29118,305.13580159606533
29119,332.5312288512661
29120,0.0
29121,0.0
29122,0.0
29123,0.0
29124,0.0
29125,0.0
29126,0.0
29127,0.0
29128,0.0
29129,72.18350403346017
29130,0.0
29131,0.0
29132,0.0
29133,0.0
29134,0.0
29135,0.0
29136,222.20636682633292
29137,268.04769082441106
29138,88.96961557305403
29139,230.2705091497228
29140,231.24867011771968
29141,247.47040672964673
29142,234.5049600275793
29143,235.87732078857272
29144,289.39202620243543
29145,276.3070736983645
29146,268.24816538542683
29147,260.9708318450527
29148,304.01170946901806
29149,314.3090485656398
29150,0.0
29151,275.8748987187415
29152,353.47441140592434
29153,289.56117032055215
29154,261.4853610284444
29155,190.20650551743915
29156,815.5659113412123
29157,503.3847813640524
29158,217.8733246020871
29159,269.1184580820136
29160,467.5824134075052
29161,343.34588595833674
29162,368.23941557311
29163,366.2334302230653
29164,265.48692663819344
29165,320.77123996376133
29166,283.56273593030113
29167,0.0
29168,0.0
29169,320.9426306543909
29170,0.736460014674094
29171,274.56119696297253
29172,219.2080541304907
29173,360.6595718562259
29174,0.19635032133385266
29175,488.4198185583493
29176,0.0
29177,266.2035907510771
29178,115.32466951380408
29179,74.90921005993528
29180,186.41783703902564
29181,332.5929954515764
29182,473.1601469824608
29183,277.9279335646995
29184,205.7219224710077
29185,369.67667964280895
29186,816.098229273951
29187,1178.20401685867
29188,331.9072993744453
29189,599.4403006599869
29190,515.0089952979123
29191,567.6083000388644
29192,0.0
29193,725.9827029549967
29194,187.05681461541087
29195,201.06227242997352
29196,384.77406010091323
29197,372.5720519562825
29198,56.525828842587885
29199,388.5419183986457
29200,260.20904856563976
29201,85.30015638672944
29202,323.7600568914078
29203,3.9213433760243674
29204,166.20250848539683
29205,343.7081187179409
29206,48.94341543508267
29207,402.907022285494
29208,125.32483212980367
29209,62.93812443562439
29210,436.88130846815295
29211,402.0241482075921
29212,98.98658580734848
29213,47.9572820716195
29214,13.659433881159046
29215,25.48880417584506
29216,0.0
29217,0.0
29218,0.0
29219,0.0
29220,0.0
29221,0.0
29222,0.0
29223,0.0
29224,0.0
29225,0.0
29226,0.0
29227,0.0
29228,0.0
29229,0.0
29230,0.0
29231,0.0
29232,0.0
29233,0.0
29234,0.0
29235,0.0
29236,0.0
29237,0.0
29238,0.0
29239,0.0
29240,0.0
29241,0.0
29242,0.0
29243,0.0
29244,0.0
29245,0.0
29246,0.0
29247,68.38036006216078
29248,517.8914024761473
29249,0.0
29250,26.1608637763631
29251,420.7764036926753
29252,494.19123078383313
29253,366.88392914886623
29254,0.0
29255,71.82058125189116
29256,1020.7462973297543
29257,154.63280976659928
29258,509.0105779043587
29259,381.06335469565386
29260,0.0
29261,473.83271796732004
29262,545.220647547568
29263,440.5376442776521
29264,370.98545225831504
29265,493.4198452007697
29266,459.82614389368223
29267,704.9557176135554
29268,210.7466248565023
29269,445.96465172335695
29270,191.41154005433918
29271,519.9246236141644
29272,0.0
29273,467.0305834606063
29274,400.8166482550039
29275,457.37336484186545
29276,0.0
29277,418.03166517399103
29278,448.37048406889824
29279,667.1175078382778
29280,0.0
29281,168.67068409474552
29282,80.0028439325281
29283,399.854566222268
29284,373.7107054052594
29285,462.3928162202105
29286,469.21703243170555
29287,84.771713662107
29288,240.46611645751238
29289,356.539842250112
29290,359.89090893406
29291,472.9874677710335
29292,337.90573376469627
29293,25.159954324700948
29294,305.8893869634288
29295,437.8381757818827
29296,363.1628113022919
29297,324.1326680989321
29298,309.0028541305467
29299,48.34226064445579
29300,396.11915843151394
29301,412.3993897415526
29302,468.5042775203329
29303,414.1015231094488
29304,359.39367183473615
29305,425.8530079634933
29306,43.234535731826156
29307,297.547444199998
29308,582.9055251024263
29309,429.9154536473769
29310,351.23329919330797
29311,337.9822070057571
29312,357.23752756827344
29313,0.0
29314,209.83478674776606
29315,248.6104294551257
29316,509.5130548035133
29317,484.07163108577254
29318,507.20715331525133
29319,189.0407433414989
29320,0.0
29321,462.3519795349495
29322,422.27407709761064
29323,398.04529041895154
29324,0.0
29325,0.0
29326,0.0
29327,0.0
29328,0.0
29329,0.0
29330,0.0
29331,0.0
29332,0.0
29333,0.0
29334,0.0
29335,46.99729659632152
29336,143.20047880591173
29337,0.0
29338,143.38224794446137
29339,307.77327475081245
29340,400.13059735122533
29341,257.63257262416545
29342,187.72739303737177
29343,217.23787971185988
29344,639.1793479142749
29345,359.56377400456796
29346,354.8845003234662
29347,259.19906386091054
29348,809.3988792027676
29349,402.08517630818136
29350,468.53410734659803
29351,560.6140689357733
29352,598.0406944652981
29353,417.99401464995526
29354,439.2300751994568
29355,445.88155891468375
29356,415.8153767309036
29357,441.6008703507012
29358,584.1988259350404
29359,405.8084842623307
29360,0.0
29361,385.3012046590149
29362,406.72679211427294
29363,565.0375898882205
29364,0.0
29365,508.92358553989743
29366,509.46890260126946
29367,609.3962466421028
29368,0.0
29369,355.1466883051349
29370,357.2085040334602
29371,411.6462956386412
29372,168.1252214140714
29373,363.3017418402201
29374,406.1165643932211
29375,555.5786169797934
29376,105.70253769569311
29377,342.20590034944433
29378,497.19546126570896
29379,330.5972552348389
29380,0.0
29381,160.44799723908292
29382,227.1618072214199
29383,239.1275310124386
29384,0.0
29385,245.90367461285996
29386,212.26825096422616
29387,159.45085136962967
29388,0.0
29389,144.47941931751748
29390,148.45241697937868
29391,165.6518214399935
29392,251.40744159440814
29393,196.51521749712995
29394,107.63054435964557
29395,202.20206878044598
29396,469.6935369828611
29397,273.7938662007222
29398,369.4923408136382
29399,419.88183600363504
29400,356.1984100254657
29401,405.34795246114743
29402,275.9089159742866
29403,324.6884508864598
29404,528.1154069021807
29405,387.6623405633939
29406,425.23827507876706
29407,435.24477096759654
29408,422.20901881714093
29409,380.3445846857376
29410,272.8842274794109
29411,296.4625322289665
29412,608.8381028341578
29413,330.7144878219091
29414,457.7490071264469
29415,457.7476919632287
29416,184.9914000689949
29417,369.2447582157951
29418,379.4486090591261
29419,445.5963354385279
29420,215.76577591992856
29421,232.174489038437
29422,9.277922833375726
29423,238.0833273802109
29424,381.2521839523235
29425,391.08337030328937
29426,337.8907291747323
29427,417.02466879776466
29428,161.84725055005123
29429,394.10503808287024
29430,388.0312782968758
29431,419.21926623530373
29432,131.40456111470212
29433,224.29598058754684
29434,303.9895345671053
29435,338.1897266554562
29436,314.9792520167301
29437,158.27715264222877
29438,166.11793945910173
29439,201.7229791035679
29440,378.47571692341944
29441,262.22933856181305
29442,200.88945495021852
29443,123.48753180618826
29444,373.4575807082926
29445,96.92430233379986
29446,334.5248446054575
29447,354.42484346663986
29448,464.04956793928443
29449,363.29137074327434
29450,364.84941949005145
29451,439.6754081187086
29452,340.5310634053357
29453,411.9202815063813
29454,393.31860653124664
29455,459.47411732027564
29456,51.65942338987952
29457,448.1043336008777
29458,380.7361591303466
29459,309.76891336869676
29460,0.0
29461,819.0648358742114
29462,426.65667408656134
29463,423.4640159613068
29464,201.5879392088575
29465,386.1399516154976
29466,293.265379836982
29467,381.51387798624
29468,197.0267858850028
29469,287.9382109140951
29470,388.4328443294031
29471,484.4390461325839
29472,183.8302355549347
29473,446.82933630129116
29474,599.1741331952687
29475,606.528080652184
29476,22.186560597006803
29477,302.96026597645607
29478,331.95531870067816
29479,451.9864296967666
29480,289.405348449177
29481,406.75534306546336
29482,281.3503056986325
29483,324.7273196497551
29484,249.00415964804188
29485,381.5631858332706
29486,295.27914959665395
29487,364.28456377209875
29488,300.07919095813656
29489,344.6377502436984
29490,311.7307279582044
29491,358.4081855830263
29492,463.1017395625848
29493,833.0196706785252
29494,339.40665396667214
29495,458.8314730856402
29496,469.67021039639985
29497,584.2365274491684
29498,360.8686374185631
29499,339.4014732410608
29500,308.4276933522906
29501,255.89979515984777
29502,281.7917858072925
29503,330.57129407704537
29504,198.8873351796803
29505,81.10238609206223
29506,101.83854522240881
29507,239.25606382811395
29508,419.4791426513445
29509,536.6720438721554
29510,474.35320389107534
29511,537.6821718735446
29512,360.2541507354716
29513,497.98972169452077
29514,412.97940388241597
29515,429.033642008527
29516,457.50394631809763
29517,489.1165102799371
29518,489.1294657694526
29519,502.32346570034565
29520,443.00630380047863
29521,490.218673396332
29522,441.57678050128914
29523,531.7208747681311
29524,343.62780426215875
29525,392.9240882878162
29526,313.4317814675728
29527,684.4183936240806
29528,431.5800241922512
29529,344.6740569777215
29530,415.9684983046786
29531,373.1276848453852
29532,371.5490144774213
29533,94.40684054179218
29534,265.4843882576671
29535,293.2797594323231
29536,546.6800443121404
29537,70.14166284454899
29538,190.4532119580891
29539,346.5203982227413
29540,556.608637763631
29541,305.48692663819344
29542,360.35706903069024
29543,272.20597798195695
29544,353.2718927225089
29545,413.8925181829269
29546,435.1298406108058
29547,422.3695332728671
29548,396.2126636815021
29549,438.4692136836156
29550,450.71797927610186
29551,413.9340246236328
29552,209.36645304346132
29553,468.5432069194434
29554,440.25185317286645
29555,482.242235710262
29556,68.79005162842128
29557,276.9761192356362
29558,456.8981658082051
29559,534.4299295630411
29560,97.29301398553605
29561,362.9550682541473
29562,434.9544970795473
29563,503.80542154353253
29564,141.0621438073688
29565,387.2318742590393
29566,483.4107286312269
29567,544.1884208447
29568,0.0
29569,287.56557306415044
29570,349.04696425526856
29571,359.0638652344386
29572,130.06497129549516
29573,317.8083533065919
29574,318.1342337086811
29575,425.67120483154883
29576,179.14181866186965
29577,414.9051625900963
29578,325.16227412108674
29579,419.5156770458225
29580,293.00184269870033
29581,340.1337328156194
29582,310.6881131616933
29583,419.09499322722445
29584,290.10647038522666
29585,306.7917560587936
29586,285.0895960484771
29587,340.56737212373287
29588,477.46682645273575
29589,361.5216697468416
29590,360.62841722101956
29591,402.74603668520496
29592,489.61565154221967
29593,379.7091737889052
29594,374.8481043268333
29595,404.9961077951864
29596,741.4621327466805
29597,536.4180736120509
29598,457.66452960616994
29599,375.1807851775668
29600,244.54106390582425
29601,266.38215445406894
29602,234.69429173890651
29603,198.96590737246413
29604,188.89509324014816
29605,452.04095257317783
29606,419.1287059229546
29607,600.3685980414546
29608,144.97101614253756
29609,508.7971702342384
29610,467.2170664251004
29611,448.6517704499013
29612,84.03841263105559
29613,381.9765119192433
29614,142.79327180015468
29615,181.77402722922267
29616,529.1184817307594
29617,399.961171882148
29618,107.0789199689383
29619,443.30704084378726
29620,55.99165632201769
29621,376.32766757254024
29622,19.707603088703678
29623,357.80535581726474
29624,309.91147177428854
29625,83.28468814980764
29626,219.19088881417082
29627,344.78419120838083
29628,384.00825358692936
29629,389.9417676717774
29630,224.60945201667414
29631,131.92314526553767
29632,604.9090644406328
29633,261.6723545317233
29634,283.8289203917165
29635,263.48227344806423
29636,438.1965769724885
29637,360.624525016206
29638,360.47003530474643
29639,369.57024325097706
29640,436.41260532332205
29641,385.29213172858994
29642,416.56451799318614
29643,397.7862716018106
29644,0.0
29645,363.7458032353715
29646,438.00308758038017
29647,403.21863203484946
29648,371.72812427418853
29649,453.1212345800477
29650,715.8767394856725
29651,364.84940249335403
29652,234.52095240064384
29653,467.9160782192215
29654,489.12225565761713
29655,691.1995529269611
29656,199.189864630523
29657,346.6904663991783
29658,211.78270012506613
29659,381.93453516241755
29660,208.10701491740625
29661,336.2243402959429
29662,252.94601232041978
29663,357.41364339758894
29664,0.0
29665,0.0
29666,292.9278058237546
29667,364.33260974075205
29668,61.308850248018786
29669,293.5198803329822
29670,255.47261234634186
29671,290.4505402872835
29672,257.8719754454741
29673,283.47054584353117
29674,310.14411126353946
29675,321.39183878175885
29676,103.62769022909885
29677,304.28458076879616
29678,284.0158362624827
29679,330.27392523192475
29680,216.66064392388762
29681,273.70293799232957
29682,281.98908437087476
29683,303.66138791250575
29684,352.97974399722153
29685,266.97354219404076
29686,355.86990894266336
29687,330.81797076919645
29688,402.4655719253328
29689,368.01869039302943
29690,327.44095681807386
29691,354.5053495879946
29692,274.6781911392739
29693,180.3183342289567
29694,212.38523534350477
29695,225.24155632731987
29696,0.0
29697,0.0
29698,0.0
29699,0.0
29700,0.0
29701,0.0
29702,0.0
29703,0.0
29704,0.0
29705,0.0
29706,0.0
29707,0.0
29708,0.0
29709,0.0
29710,0.0
29711,0.0
29712,0.0
29713,0.0
29714,0.0
29715,0.0
29716,0.0
29717,0.0
29718,0.0
29719,0.0
29720,217.8685408049788
29721,271.46759509940017
29722,238.65406106719686
29723,240.75868875372325
29724,369.4950171692314
29725,259.34703069757575
29726,0.0
29727,175.80511229893003
29728,428.6613442733879
29729,323.47960912823305
29730,283.9198146067144
29731,305.10780254514225
29732,635.8165706224912
29733,259.4404462792892
29734,370.8725126266793
29735,408.34066159360754
29736,708.113338544513
29737,547.9913599758471
29738,365.25187016956386
29739,373.97297101944076
29740,0.0
29741,426.638511229014
29742,367.37211031446253
29743,366.0646432164516
29744,129.07304979077105
29745,343.2238563995786
29746,361.99947246451785
29747,327.8018840601829
29748,181.15949762305274
29749,286.90600120792453
29750,359.0080348561581
29751,158.5551407790939
29752,0.0
29753,334.71047195542593
29754,186.88396314226105
29755,464.0274788835287
29756,257.7590624562588
29757,425.0298224752907
29758,332.03322113801704
29759,541.354103274236
29760,0.0
29761,269.89354661147075
29762,296.3853428929294
29763,512.169497001837
29764,0.0
29765,336.30095421248404
29766,360.57644505415783
29767,453.51330681164
29768,146.5957406151821
29769,447.7459760493897
29770,447.48241226868754
29771,342.2526577972999
29772,0.0
29773,368.86519511671895
29774,339.1067038350601
29775,399.6675897156866
29776,342.73692011566214
29777,391.346379500424
29778,307.6499713903188
29779,390.9399929769802
29780,417.77976836200673
29781,404.38845711573
29782,431.9267507527903
29783,384.8961066563688
29784,429.68576956993127
29785,323.21089126434003
29786,453.1848397222324
29787,463.68082229415336
29788,647.7641049135422
29789,192.84883811743282
29790,402.73563159486446
29791,384.23913848415873
29792,347.82395654201946
29793,286.7047981105055
29794,301.5840304301247
29795,315.2103811483336
29796,425.51932999431074
29797,421.4567362839725
29798,402.8200241145409
29799,403.1328957422736
29800,0.0
29801,183.30979836074982
29802,178.2254266770019
29803,183.96027064413033
29804,357.483720063818
29805,382.92903598637236
29806,391.5774417669421
29807,404.2559544627283
29808,323.32042642675765
29809,345.753538199389
29810,287.6115200810807
29811,56.24068808939728
29812,0.0
29813,0.0
29814,0.0
29815,0.0
29816,0.0
29817,50.26158694616611
29818,0.0
29819,0.0
29820,0.0
29821,0.0
29822,0.0
29823,0.0
29824,601.0282228721469
29825,370.73747429356473
29826,212.04888458648156
29827,337.2215031620936
29828,755.6477496224827
29829,370.85950385232286
29830,353.90678883566056
29831,393.9314475820374
29832,803.7455873345309
29833,313.10439423669294
29834,413.51983669386436
29835,332.625312643942
29836,336.49052475735834
29837,396.3191170700313
29838,518.0991455242919
29839,536.6527478883528
29840,0.0
29841,535.8438670462788
29842,501.6306928259919
29843,538.6820768215562
29844,72.78378918942525
29845,492.6602988481467
29846,530.3959304430111
29847,672.0227044217689
29848,0.0
29849,535.9775732194777
29850,389.0235770329921
29851,452.6849479488004
29852,302.5383202794808
29853,405.29078257197693
29854,377.45125763348125
29855,551.8396807558164
29856,0.0
29857,363.89376306460673
29858,350.33755701652996
29859,322.6213768000105
29860,241.7748987187415
29861,356.1035992579825
29862,348.8898708597932
29863,409.70004986838796
29864,161.27114873389073
29865,237.91226364692062
29866,284.26252570643527
29867,273.3108487640398
29868,265.2856624821809
29869,337.7655147059704
29870,289.57545061900885
29871,312.0111660756561
29872,317.3850924463985
29873,295.83873731075965
29874,0.0
29875,371.1204469523117
29876,408.0251692851615
29877,315.5414418532558
29878,380.1740113713429
29879,368.8198134678968
29880,437.7005944005675
29881,257.4396852939736
29882,166.1205852206396
29883,364.10544930765724
29884,634.0557469392759
29885,364.79201769553003
29886,280.9917162417936
29887,432.8509356541908
29888,555.1731063112074
29889,303.12828619126225
29890,425.07060576330707
29891,412.35442554678764
29892,0.0
29893,451.69515047662395
29894,464.31521211341635
29895,505.06304785820373
29896,0.0
29897,84.99754123636049
29898,130.30395326340715
29899,160.9440470988676
29900,0.0
29901,0.0
29902,140.24423068031302
29903,148.51742156934267
29904,0.0
29905,107.23872455895824
29906,71.21305438073497
29907,0.0
29908,107.12112280750961
29909,368.076623967929
29910,166.34339660064185
29911,435.74213753508184
29912,326.1238548379827
29913,287.12101770413335
29914,164.02185518314405
29915,389.34374875120943
29916,414.20127690781396
29917,363.8156739226307
29918,0.0
29919,366.78243578791626
29920,506.7475852982566
29921,290.4791422285662
29922,145.54932089209314
29923,198.60174296192434
29924,687.5784435701789
29925,0.0
29926,274.59107042835547
29927,203.41997382337465
29928,403.1797026357389
29929,383.2498206634506
29930,372.9511930460311
29931,316.1283089944516
29932,169.02371530132
29933,393.95741184590935
29934,398.5600982528904
29935,412.19034117591286
29936,0.0
29937,333.3705883438314
29938,313.06935704239606
29939,388.9950527242221
29940,0.0
29941,318.62114335017714
29942,442.86156300415917
29943,499.416991070223
29944,0.0
29945,353.52503441617307
29946,285.90888198089175
29947,351.99947246451785
29948,0.0
29949,363.59255840559183
29950,389.27158164016276
29951,46.28173343692822
29952,0.0
29953,302.3007207626506
29954,318.4899972218762
29955,375.1259047668743
29956,80.25196479877397
29957,294.9480618265331
29958,375.12721993009245
29959,325.29991613821716
29960,0.0
29961,80.57801746258565
29962,258.95871736340445
29963,7.4269594677653
29964,257.22933121083867
29965,298.00441974029576
29966,230.27656290933552
29967,321.6865741943647
29968,272.4357590957651
29969,352.4253370087271
29970,307.8200469177302
29971,328.52245737457764
29972,251.11532686251556
29973,373.62374703419295
29974,434.89484477799147
29975,429.8649616668855
29976,564.7714394202
29977,371.8372153401285
29978,258.9094435097687
29979,260.36753475684606
29980,697.1772033561733
29981,414.2053553944865
29982,319.74550872694454
29983,459.17287824508765
29984,0.0
29985,0.0
29986,0.0
29987,0.0
29988,0.0
29989,0.0
29990,0.0
29991,0.0
29992,0.0
29993,0.0
29994,0.0
29995,0.0
29996,0.0
29997,0.0
29998,0.0
29999,0.0
30000,0.0
30001,0.0
30002,0.0
30003,0.0
30004,0.0
30005,0.0
30006,0.0
30007,0.0
30008,0.0
30009,0.0
30010,0.0
30011,0.0
30012,270.017587015273
30013,0.0
30014,182.27417101078137
30015,200.30585318146981
30016,451.8930020792912
30017,0.0
30018,356.6995733229981
30019,344.29760653985
30020,281.3011774642989
30021,322.2656739226307
30022,0.0
30023,0.0
30024,400.5258390406065
30025,449.20019208835083
30026,420.4712801864263
30027,40.263864665029644
30028,385.4050980026461
30029,293.7315229369148
30030,377.72784718523724
30031,15.46640034514246
30032,98.88480176008932
30033,715.9944135628325
30034,278.91978796429396
30035,41.523268797689866
30036,0.0
30037,373.17061270861655
30038,461.94878881845386
30039,220.82464627072295
30040,0.0
30041,317.39678605753676
30042,272.4980757171521
30043,512.0162691687548
30044,0.0
30045,384.0703344808477
30046,343.45231270444555
30047,532.7225718304157
30048,0.0
30049,326.12695983783857
30050,496.87347306843344
30051,630.1946226478807
30052,9.004426538974542
30053,392.76678623007075
30054,377.06048356840967
30055,117.83585598549689
30056,0.0
30057,384.9129906388414
30058,383.7444540787585
30059,370.7361421336492
30060,0.0
30061,346.27367478539395
30062,363.07190009059667
30063,325.50634402314364
30064,0.0
30065,291.04129963329297
30066,327.808353306592
30067,410.8218023381948
30068,123.21626859934577
30069,230.1506581424612
30070,363.44977930196796
30071,392.60063690086776
30072,239.1264221043378
30073,349.0600070230198
30074,52.87488001381746
30075,0.0
30076,581.5995381907857
30077,434.2898317759458
30078,458.23681188909416
30079,190.328767973735
30080,0.0
30081,0.0
30082,0.0
30083,0.0
30084,0.0
30085,0.0
30086,0.0
30087,0.0
30088,0.0
30089,0.0
30090,0.0
30091,0.0
30092,0.0
30093,0.0
30094,0.0
30095,0.0
30096,0.0
30097,0.0
30098,0.0
30099,0.0
30100,0.0
30101,0.0
30102,0.0
30103,0.0
30104,324.00246457013145
30105,200.7579022648049
30106,0.0
30107,337.97414706877447
30108,376.92247437127503
30109,368.732393287616
30110,4.2481281222094935
30111,244.7373575600913
30112,717.4849553168882
30113,411.78783721155963
30114,0.0
30115,193.01229877913306
30116,586.3528317501357
30117,432.2150169189871
30118,82.5645417885624
30119,427.01376975967196
30120,415.5037669815482
30121,459.9337475346815
30122,95.18205302617974
30123,451.80600971482994
30124,456.8540290410628
30125,508.9742255468436
30126,198.34871289416742
30127,679.5818082395103
30128,0.0
30129,497.4019327897533
30130,123.47465165443657
30131,145.08592709547827
30132,112.13720911085832
30133,441.32038859413166
30134,500.5426357448434
30135,602.4538103274049
30136,0.0
30137,348.2173435140517
30138,373.78600415858233
30139,95.48970993490627
30140,0.0
30141,339.54294682718955
30142,413.9067281998453
30143,458.59381293299475
30144,0.0
30145,208.62133260859707
30146,712.1161756783622
30147,734.4272578922355
30148,398.3289509857719
30149,374.75343917865223
30150,725.3283118243822
30151,756.2566281869215
30152,602.6186881325076
30153,386.76589377510595
30154,681.8759991199366
30155,660.1881364047742
30156,358.86261807512346
30157,329.6807611060425
30158,561.5488375480243
30159,625.7555255252046
30160,376.1879975841509
30161,145.5182608860967
30162,454.29233118502856
30163,418.3938712911748
30164,470.3959474397085
30165,592.4733053448679
30166,180.17420798073726
30167,585.1972773219888
30168,487.86936441048385
30169,397.421461800611
30170,348.32902861828455
30171,0.0
30172,720.1430110089748
30173,428.81749267932406
30174,419.1264987446636
30175,167.17273545571578
30176,69.82619446099625
30177,272.2811646865942
30178,275.60757262416547
30179,0.0
30180,0.0
30181,282.7154652603607
30182,329.45526614899006
30183,98.4432011624099
30184,0.0
30185,222.91241904146315
30186,175.12745295714768
30187,265.87786574353055
30188,0.0
30189,0.0
30190,0.0
30191,0.0
30192,0.0
30193,0.0
30194,0.0
30195,0.0
30196,0.0
30197,0.0
30198,0.0
30199,0.0
30200,0.0
30201,0.0
30202,0.0
30203,0.0
30204,313.57398550904725
30205,0.0
30206,200.47043067165362
30207,244.11232356669652
30208,445.75177158871884
30209,375.96470271344924
30210,222.2981947111474
30211,251.98007207626503
30212,678.9170556576732
30213,369.92600676417214
30214,364.3638153660506
30215,0.0
30216,420.9386948104594
30217,382.0631212458204
30218,394.5897212717425
30219,393.1797026357389
30220,331.29318679955423
30221,324.0638992278334
30222,463.69901179412113
30223,526.5774394893069
30224,0.0
30225,390.9711816055813
30226,447.13838600574854
30227,453.4808902980564
30228,0.0
30229,474.985668711451
30230,409.4715402786802
30231,561.0840436047043
30232,0.0
30233,355.31679047496675
30234,237.61363602950118
30235,379.3780786678099
30236,0.0
30237,0.0
30238,357.47335633496004
30239,440.20639389153166
30240,0.0
30241,252.43184024853107
30242,396.1594029938426
30243,360.01425365603626
30244,152.98239867132966
30245,320.9867407791127
30246,275.24279723913895
30247,302.1345107976324
30248,0.0
30249,0.0
30250,307.0734826970431
30251,353.5185215306461
30252,171.05563092184192
30253,301.6203387257437
30254,278.91977096759655
30255,303.55231384326316
30256,213.49910414569598
30257,301.50997613570337
30258,276.4425054311254
30259,342.01766196448557
30260,385.01167661444083
30261,0.0
30262,277.1644279021332
30263,422.2656399292359
30264,442.24487338767267
30265,451.49441696217195
30266,372.1163649367825
30267,462.36950663044666
30268,725.8902140977905
30269,375.3826931797566
30270,431.03446362965786
30271,454.763348889162
30272,222.85855848158434
30273,0.0
30274,298.7134327509448
30275,276.3867647211197
30276,104.03146996244843
30277,240.98025878090226
30278,358.2186022863506
30279,19.971659548823027
30280,0.0
30281,0.0
30282,0.0
30283,0.0
30284,0.0
30285,0.0
30286,0.0
30287,0.0
30288,0.0
30289,0.0
30290,0.0
30291,0.0
30292,0.0
30293,0.0
30294,0.0
30295,0.0
30296,0.0
30297,0.0
30298,0.0
30299,0.0
30300,340.51128197284004
30301,350.8105261403591
30302,240.80190800218986
30303,104.53862866141341
30304,470.88676628271554
30305,337.36305438073504
30306,355.7504734221981
30307,323.0927176222521
30308,418.44587010045694
30309,406.0088394805915
30310,424.1794255467876
30311,372.23708897804545
30312,343.6328369613153
30313,386.63334750010006
30314,341.07635382428725
30315,356.71905134376357
30316,386.7605844268899
30317,365.7153925887834
30318,369.6585071395386
30319,382.5279151891403
30320,108.96791156545993
30321,406.9903825373955
30322,419.30017623047104
30323,398.15631541346244
30324,0.0
30325,385.0921827357956
30326,378.32899462488973
30327,423.49647611400826
30328,0.0
30329,265.34540206197244
30330,188.34852363574743
30331,301.0568588068244
30332,149.94554542075292
30333,305.71668110958115
30334,322.96544670206737
30335,386.6125203227216
30336,18.49531621581548
30337,242.67984485570173
30338,298.0849258616505
30339,348.0654308441876
30340,199.95979907678918
30341,281.8657662913189
30342,259.0561244639292
30343,399.35726848712886
30344,216.66064392388753
30345,300.4687297872513
30346,318.71201092275453
30347,302.32277582501155
30348,143.34076586854064
30349,660.7189839092696
30350,248.4913293817918
30351,298.3965356110059
30352,319.6611374659749
30353,281.1477700185196
30354,247.12025714159608
30355,304.8117616150413
30356,276.10752545619096
30357,322.1306452352392
30358,306.88394614556364
30359,399.4469081747238
30360,401.5047784133946
30361,303.42901276040476
30362,290.3337254475316
30363,345.92183747040724
30364,386.4870051162626
30365,670.3961137483091
30366,251.49093131447103
30367,161.03522729827353
30368,245.4875029032459
30369,19.385269798573802
30370,100.6849184935627
30371,15.505760390003331
30372,299.31271198829415
30373,249.45294804371747
30374,275.0528069625722
30375,326.18883973083575
30376,154.1918256071792
30377,303.28419815369034
30378,194.4215970752643
30379,299.9396443552692
30380,0.0
30381,79.56440976661816
30382,107.95051364486312
30383,135.63294518788337
30384,372.5013909408739
30385,334.20356794788785
30386,248.61024855698042
30387,305.3253470601151
30388,45.18295128763634
30389,337.14206756391803
30390,288.5300311375607
30391,355.7411122126163
30392,243.48371850222208
30393,215.34816963032284
30394,270.54939979294056
30395,230.43125279327305
30396,276.11011949448385
30397,376.83977538502654
30398,287.1864829644941
30399,350.9633971959541
30400,441.79560462448944
30401,306.54247992752266
30402,285.2402371942409
30403,305.9634141926515
30404,452.23184761661884
30405,348.01482483063626
30406,270.8764121824673
30407,255.18572197917854
30408,340.32201483969595
30409,345.56870428364846
30410,370.08050612135474
30411,344.02624135282326
30412,274.0418441654725
30413,676.748633570542
30414,420.81144088697215
30415,426.4528232432303
30416,51.15177384924078
30417,279.99872847589967
30418,378.1848833613503
30419,268.7211444889947
30420,59.98841801476925
30421,247.2695661274443
30422,335.91795491131666
30423,442.0864308355842
30424,257.44484902288747
30425,265.890692480924
30426,275.58168641558444
30427,356.42947966007165
30428,167.268294603344
30429,306.60349103141453
30430,287.0358418187303
30431,344.9311971355065
30432,36.19199176914901
30433,231.75670921877375
30434,314.9883330312822
30435,314.28589593201434
30436,69.76896435878896
30437,349.62345294854424
30438,276.3788736465203
30439,330.7880973038135
30440,85.41166187826528
30441,317.4655719253328
30442,318.2757679306251
30443,470.57380737674714
30444,152.50200191536055
30445,250.15839891297054
30446,307.40067826235037
30447,169.7806239765324
30448,208.77699186397265
30449,271.39443282005175
30450,259.4923408136382
30451,241.10623693539324
30452,332.26303624521995
30453,354.81562717743446
30454,406.13478788658364
30455,372.27601837715594
30456,388.21216278844037
30457,389.5222069280468
30458,312.9459856779994
30459,404.2235793106273
30460,514.1035753159755
30461,735.4198920925967
30462,388.01039814503093
30463,374.4541654545337
30464,242.73421246708762
30465,76.97342858375907
30466,33.67560559077306
30467,68.7288322850377
30468,262.2973688451205
30469,191.8078895130035
30470,177.74403392428792
30471,132.48048714028315
30472,92.361140149275
30473,259.8383546956539
30474,177.59092126308317
30475,154.9967972477423
30476,17.295076666229008
30477,276.98969591477044
30478,0.0
30479,0.0
30480,57.642442810936075
30481,172.82935868170222
30482,71.40381486556204
30483,164.0472297312361
30484,0.0
30485,181.59077634270682
30486,132.1568769423394
30487,247.62296905218
30488,97.19496687806517
30489,299.9604039515229
30490,194.9786274448855
30491,239.80203903194717
30492,228.25294918253513
30493,567.7995309693285
30494,156.5858700056333
30495,244.72269040163283
30496,638.7937109356969
30497,220.8517800785109
30498,149.24186343980517
30499,197.0294065657161
30500,387.8563992752453
30501,319.80005835818
30502,297.13063558951615
30503,282.05012946816146
30504,365.9049727793807
30505,264.2599656615372
30506,306.62295940645697
30507,342.7525495707319
30508,361.82421621149507
30509,355.63751679386496
30510,392.3941653768235
30511,351.76058442689
30512,11.533501626307839
30513,319.2923821751208
30514,328.469230680313
30515,323.3147409688534
30516,0.0
30517,327.6798278590044
30518,340.75174494629846
30519,378.75096696428545
30520,24.084760398606704
30521,207.41890175571297
30522,191.0595231266555
30523,295.341466218041
30524,140.61150938930584
30525,303.75605648127225
30526,316.46534222504005
30527,386.14513234110893
30528,279.6507493723318
30529,473.3445198050263
30530,567.996523704761
30531,435.2051053707339
30532,230.88422323451493
30533,397.56293538673975
30534,449.67923968770697
30535,386.68781907604455
30536,303.36533733668176
30537,435.797153237541
30538,378.52501741947566
30539,522.1292354428109
30540,79.86374113287746
30541,412.6460185496899
30542,367.6486392304032
30543,420.43620899873457
30544,355.357008394875
30545,395.30247618311523
30546,313.5380431905295
30547,358.4860880203652
30548,416.750162339852
30549,600.9749961778823
30550,445.24146507922336
30551,628.8586482377972
30552,534.0871918208998
30553,430.64527456107174
30554,245.68950595742413
30555,471.1334557266681
30556,914.1545775419906
30557,438.9353567835484
30558,439.99092706957504
30559,575.8192252965994
30560,629.9773042146535
30561,446.17577487593456
30562,446.204316181402
30563,492.5650099736776
30564,522.1459273198193
30565,488.4572866226439
30566,521.0994299642176
30567,574.4699746689312
30568,434.7515687158273
30569,522.4469483973887
30570,551.9704438462333
30571,553.3440931280245
30572,497.4890457098056
30573,477.94478371939795
30574,465.4493286829591
30575,519.4963195806481
30576,407.40895889736504
30577,438.18536259004026
30578,426.41957079511855
30579,483.83452935592567
30580,298.5778409559671
30581,499.08153030500256
30582,466.6289405116057
30583,606.3899748414651
30584,419.19640768732694
30585,467.3708859583367
30586,475.1156074803235
30587,475.91539839527525
30588,562.8252589534362
30589,461.12053889822164
30590,394.3716650791673
30591,511.26331800184556
30592,806.7163020404453
30593,423.610764902257
30594,390.9543242655292
30595,273.7159807600808
30596,468.7950940857047
30597,457.8758506535903
30598,421.4346773823804
30599,454.40143924766596
30600,490.6582396963103
30601,414.83379003498175
30602,396.2944583236545
30603,383.110863483102
30604,302.0800125792674
30605,423.9690884603502
30606,450.31545831505116
30607,468.4510338293709
30608,0.0
30609,382.07737490185673
30610,462.0215105301814
30611,727.870541305374
30612,250.81669924509612
30613,376.28923395892537
30614,570.4829058107749
30615,1036.3344626374706
30616,235.16233475690206
30617,361.6281231353709
30618,252.25787251630607
30619,528.4055309089182
30620,172.84607181741742
30621,558.7417994046504
30622,505.8763005565598
30623,636.7981136792953
30624,148.90035358264632
30625,427.1812076096727
30626,586.225560829951
30627,483.3639978257918
30628,136.4360435356908
30629,450.53616649843434
30630,381.812478961239
30631,389.60264276786324
30632,262.4175695957974
30633,338.1394144342924
30634,371.41907456973115
30635,407.78494908761803
30636,215.69203935990174
30637,315.236284353612
30638,382.636945619265
30639,424.985668711451
30640,365.2505380096483
30641,452.8732129761796
30642,329.7416169449092
30643,365.98025453600627
30644,669.2896765109205
30645,587.281148112675
30646,293.69517057939976
30647,490.938677813762
30648,864.3376618437585
30649,360.7258146758213
30650,408.09530430957057
30651,436.0932378067599
30652,856.516343401928
30653,408.3316323023005
30654,469.93379117379936
30655,647.002042155139
30656,743.0547320909766
30657,535.0815786117947
30658,530.4360269617716
30659,532.0174362884048
30660,420.44737889650844
30661,562.2481472499118
30662,514.2774931798126
30663,580.5226266597391
30664,0.0
30665,540.0389549027134
30666,446.6190927052462
30667,490.162316621387
30668,421.1698351322684
30669,519.4027474655746
30670,447.5331059661395
30671,501.3165330831264
30672,488.85434863031435
30673,534.4347028859831
30674,439.26204067125326
30675,525.2474759328709
30676,424.6014218281903
30677,452.2773404856836
30678,424.9039150080029
30679,491.40220717829106
30680,336.8041607868595
30681,307.1975821750648
30682,363.5257988179415
30683,441.02249873606024
30684,467.09774140883843
30685,475.1073152323251
30686,435.8798437168842
30687,521.1979323583716
30688,908.0444920409017
30689,471.2983505284682
30690,392.73178302916864
30691,260.5194037875923
30692,473.5328188258003
30693,454.3715827789804
30694,492.2811821060699
30695,374.1184144428958
30696,445.04153308312635
30697,416.7190077046457
30698,371.9397498814237
30699,430.8296473836373
30700,343.1472594797349
30701,425.50892106473907
30702,482.1773154048591
30703,632.5901371813172
30704,205.44021282945567
30705,376.3087556188087
30706,453.1095409689094
30707,510.02202106896607
30708,0.0
30709,455.0298224752907
30710,586.8708257452997
30711,836.765575894081
30712,224.21063117208615
30713,372.1306015961213
30714,311.5865900522445
30715,390.59721159572103
30716,207.94860635871265
30717,423.2861123851503
30718,355.1687700099163
30719,825.868414166748
30720,0.0
30721,290.1519126698641
30722,287.73696375478
30723,412.61226987619074
30724,44.04578736037834
30725,333.69902879081855
30726,284.4819357232977
30727,327.138403002446
30728,55.746658849897216
30729,314.41184433800646
30730,273.07711480960285
30731,368.16409982308966
30732,280.4141879297685
30733,344.87143091329455
30734,289.71564303531426
30735,334.27677936247153
30736,285.80630380047864
30737,316.07633682758984
30738,323.7120109227545
30739,315.0765872741207
30740,295.158425555391
30741,356.3334313618829
30742,356.1815356887162
30743,338.0667533583802
30744,427.0929607178085
30745,436.51129129892155
30746,363.4289861179843
30747,228.9938588326345
30748,492.437003977445
30749,366.985235805179
30750,236.4685206850897
30751,470.88678327941295
30752,535.5942519390197
30753,422.22763343251466
30754,410.1229524611474
30755,424.6244194900514
30756,323.51017050168946
30757,324.2722938959079
30758,271.3185674473993
30759,504.35794674947925
30760,318.1590794529562
30761,397.6591440404064
30762,356.08815680081113
30763,474.73389826154977
30764,292.5258799793109
30765,409.8745860747994
30766,346.4313366550559
30767,493.99296652430047
30768,616.5678853629311
30769,593.6374492127402
30770,588.9620410940315
30771,602.8116940339165
30772,325.2943199258095
30773,442.86246268058096
30774,303.3896242353801
30775,470.42667694239543
30776,366.40599073375836
30777,311.6916265735189
30778,0.0
30779,384.64278562615516
30780,351.5780102411286
30781,327.0726776498314
30782,354.060456503211
30783,324.02673447213226
30784,851.0592902291176
30785,402.63829477587797
30786,372.58635660241106
30787,332.62401447742127
30788,408.48481649626484
30789,365.7348876062463
30790,426.8423790690424
30791,490.3154849574716
30792,0.0
30793,328.0797354903161
30794,354.05480930071104
30795,303.69517057939976
30796,353.0252032785564
30797,403.02647480265665
30798,377.81873175451204
30799,432.84728270570247
30800,60.50907632976447
30801,376.48143483023597
30802,374.5312702127487
30803,607.4304401018259
30804,0.0
30805,272.6928269876377
30806,464.75198804185493
30807,655.7373360252368
30808,297.90443559817555
30809,236.97222703082258
30810,311.3373235666965
30811,414.0287844010238
30812,119.14057378018984
30813,418.6276052456118
30814,493.8495753073722
30815,607.4161258099743
30816,119.81310112593124
30817,395.5855179845828
30818,321.39183878175885
30819,412.58499044910064
30820,212.2968455545344
30821,286.13478788658364
30822,311.7008448470984
30823,375.28302480477015
30824,0.0
30825,259.6949031361715
30826,325.5829579396848
30827,351.2594041326602
30828,269.64946085153406
30829,295.8543231267115
30830,272.93692239329744
30831,416.026968344744
30832,404.62083226783096
30833,400.3531258357844
30834,306.3412157715101
30835,385.5621477590037
30836,497.36038270992947
30837,486.3865974203323
30838,320.2103540831349
30839,474.35860064704445
30840,560.5491486303703
30841,439.671515913895
30842,442.2279990509231
30843,452.7603073379387
30844,717.8368266252696
30845,422.39680305423417
30846,374.65856777535384
30847,545.7945665502225
30848,706.1821611061173
30849,516.2367709503898
30850,485.33962621975417
30851,790.8030370130662
30852,0.0
30853,339.2006771235327
30854,293.2658915145843
30855,403.33594890648067
30856,0.0
30857,0.0
30858,0.0
30859,0.0
30860,0.0
30861,0.0
30862,0.0
30863,0.0
30864,0.0
30865,0.0
30866,0.0
30867,0.0
30868,0.0
30869,0.0
30870,0.0
30871,0.0
30872,33.72697683453603
30873,0.0
30874,0.0
30875,91.31201092275454
30876,330.01794329833285
30877,299.49859050083285
30878,163.47162215608884
30879,335.09451357575614
30880,713.5924637763817
30881,341.817737319363
30882,331.7450326043329
30883,311.07379377938923
30884,597.8459601915099
30885,289.3729489322908
30886,399.0132592208872
30887,353.30306435441264
30888,252.43839677317584
30889,390.96079351193816
30890,374.19634352265507
30891,278.483561968862
30892,382.2994055994325
30893,348.8964007420175
30894,383.5380431905295
30895,402.7901638066242
30896,250.29476940600065
30897,444.99869448250485
30898,416.63201534018447
30899,72.52299170873857
30900,0.0
30901,410.1856443466658
30902,475.232384797824
30903,507.61354140029107
30904,58.08892969237161
30905,300.9114590224872
30906,292.4370209741424
30907,370.06098446147143
30908,171.0205670851246
30909,415.3842974676881
30910,420.10643639183183
30911,607.1629671196126
30912,0.0
30913,313.3952204477878
30914,344.1858947931967
30915,404.1352547862505
30916,69.64304259521728
30917,311.63466266331824
30918,280.2285265864052
30919,407.7200287822152
30920,0.0
30921,359.8727460765127
30922,239.8883658858594
30923,338.38870756226083
30924,328.9457182347711
30925,377.49543803974143
30926,359.4468815323034
30927,350.7608178767234
30928,327.90052639666453
30929,310.8582153315251
30930,288.5588267287901
30931,367.6447470255896
30932,539.9389209093185
30933,360.1207410379604
30934,367.71362017162136
30935,421.4242989344603
30936,458.9379168284464
30937,347.757764289738
30938,438.1225570942402
30939,337.56949926235893
30940,510.3258634053917
30941,275.6804330269992
30942,343.4238490314908
30943,389.4767986368042
30944,615.4534006471005
30945,362.6464304905163
30946,337.1362209049795
30947,555.4768315084948
30948,558.9541612096377
30949,516.7079993011673
30950,510.56805733139277
30951,530.2759256028029
30952,360.2944165393937
30953,518.7960297398954
30954,475.5683077779236
30955,490.494270902978
30956,0.0
30957,344.89165788361356
30958,401.060177446999
30959,464.75527039388606
30960,411.6168627237658
30961,467.45558303782803
30962,421.49741020660315
30963,453.0047923040136
30964,213.63336988051117
30965,319.59541791985225
30966,350.47960716097236
30967,517.0895068029806
30968,433.3536104481881
30969,302.96155521329314
30970,366.0490411198417
30971,442.25517491911944
30972,185.84016409988533
30973,0.0
30974,269.7338835253742
30975,220.67264861737195
30976,605.6841699667874
30977,410.80630380047864
30978,127.83963656440318
30979,0.0
30980,567.6875516328163
30981,419.17292965795815
30982,399.27940004318486
30983,444.72863481297327
30984,343.0368968896946
30985,496.1451056986885
30986,382.32928871053844
30987,435.07010103101425
30988,364.1703259739423
30989,377.58244740090004
30990,415.37259421082683
30991,474.29363670252366
30992,200.90631229027068
30993,486.50994214230855
30994,420.3881800267787
30995,516.2411539968772
30996,0.0
30997,480.48812052978104
30998,434.58708359433183
30999,573.7859265260697
31000,0.0
31001,348.0290784866726
31002,373.28484086105004
31003,375.7491242655851
31004,235.71283254388536
31005,279.1521897588154
31006,362.81874140023507
31007,554.533805909975
31008,75.34674157286241
31009,208.61858330527906
31010,335.2583660583934
31011,398.0926666321599
31012,0.0
31013,290.9776678486878
31014,302.10205064493096
31015,308.22643344117404
31016,0.0
31017,303.8158776239653
31018,256.9800114404498
31019,274.90004250030023
31020,176.80348366332674
31021,345.8231344981104
31022,325.8283588628396
31023,313.30691292010835
31024,172.11377824946402
31025,307.1799530822698
31026,319.37678050128915
31027,361.4931114446768
31028,412.121511668999
31029,357.4772921788915
31030,317.21243023166863
31031,475.37909009965637
31032,621.6592437771824
31033,365.7115173806672
31034,293.9301930546345
31035,439.2923651784234
31036,503.4536108709663
31037,350.09868597559944
31038,293.40561589240525
31039,243.71726928087853
31040,448.15040273499494
31041,298.59321924846654
31042,274.65787946161555
31043,0.0
31044,0.0
31045,273.21166230104353
31046,320.7135865838914
31047,366.08491891634094
31048,103.6466588498972
31049,260.14489038437006
31050,353.37130682884674
31051,334.72679325309053
31052,184.97553291919579
31053,355.763569587194
31054,340.27538842159765
31055,319.4132808852589
31056,314.1045646606721
31057,334.87315730129967
31058,261.49745851339526
31059,321.5545507700531
31060,203.19234195245585
31061,287.8378766057815
31062,295.3307279582044
31063,205.63585881542775
31064,419.33369612181104
31065,316.0047184936187
31066,240.26860300239
31067,348.1002828954432
31068,399.68825113676013
31069,319.7791793451528
31070,0.0
31071,305.5711592080569
31072,542.098107450025
31073,293.08102401111387
31074,397.3565244985107
31075,109.07306678746846
31076,593.1095069755146
31077,373.92366317241016
31078,377.03973402354393
31079,412.76291102195455
31080,333.44977930196796
31081,375.12334472197625
31082,366.1360764073814
31083,359.63905576119356
31084,272.18908664851
31085,316.15291612196216
31086,411.9293544368062
31087,427.1682424744341
31088,84.40155087357346
31089,463.34585196494186
31090,388.17187458699385
31091,370.5868501444984
31092,40.158520184601116
31093,327.57078043218223
31094,350.0674973469983
31095,382.32144366509596
31096,233.85618282210925
31097,306.46324533026825
31098,307.74214448039135
31099,383.1498025279355
31100,72.63576872437477
31101,303.34977816315035
31102,435.40764105084673
31103,397.5174931021023
31104,0.0
31105,235.4972880894161
31106,320.9719781208051
31107,433.91322408867484
31108,186.77749275703437
31109,417.2889665156971
31110,205.92367435881067
31111,455.11679784305454
31112,312.96286966047194
31113,381.0023095983672
31114,337.9225814590254
31115,351.38532589623196
31116,252.37083879036226
31117,385.69069984901176
31118,66.29341005136905
31119,386.23601691038374
31120,293.73668666582876
31121,374.66109382685704
31122,334.38714195251185
31123,362.4577705190082
31124,308.68866733959584
31125,541.611197808529
31126,83.07088581170598
31127,414.35339327901266
31128,405.17654477382047
31129,439.5040004313816
31130,383.114782330336
31131,481.42688562177875
31132,722.8510802813059
31133,527.8381757818827
31134,413.93662830764873
31135,401.28276471251627
31136,485.2257142401193
31137,371.9291967646285
31138,337.24603087871304
31139,355.8645535481769
31140,435.61689175622524
31141,409.0368145895077
31142,365.58836744745525
31143,391.3440045985673
31144,367.55289435321174
31145,333.05670497387774
31146,334.6342050989999
31147,463.70064737503395
31148,336.0399214442205
31149,400.6269783961319
31150,376.735819015541
31151,356.58652702639023
31152,453.1849560329276
31153,482.96032165133596
31154,383.060339786851
31155,541.8709590526922
31156,379.56039390013495
31157,492.5660415254132
31158,368.8229196065703
31159,409.0695920538254
31160,272.93527292176555
31161,368.6597214442765
31162,320.5644341314033
31163,376.7459358267247
31164,381.4606257883725
31165,376.61771918384795
31166,0.0
31167,407.856356774945
31168,626.8903304084856
31169,371.9008034856158
31170,341.49052475735834
31171,309.89094292745483
31172,572.8576101635304
31173,381.93455215911496
31174,424.23394076185
31175,430.31027758943986
31176,483.41203414872206
31177,397.5473932099057
31178,460.8516854493008
31179,415.99712887275587
31180,58.59804001553067
31181,434.3183390880184
31182,496.4878700832502
31183,461.8020738708985
31184,282.9265342996543
31185,500.58681615110356
31186,527.6953360424435
31187,538.2912761140642
31188,214.32879516845114
31189,439.9051625900963
31190,411.0516440878182
31191,333.3655095984043
31192,0.0
31193,343.24977702433273
31194,455.95813883783006
31195,674.6765680169015
31196,194.6144406539346
31197,432.1383690090512
31198,556.4683580690898
31199,656.8526288943576
31200,221.53729920191128
31201,562.9497928993259
31202,301.3710722401957
31203,410.5258050472117
31204,0.0
31205,410.698484258639
31206,395.5998152797369
31207,400.7270522065268
31208,281.1789416504233
31209,454.1520854838823
31210,382.80833630989457
31211,454.68184337172283
31212,294.1417846684749
31213,455.36737949182066
31214,353.17576679180746
31215,437.2461279150756
31216,477.0864138388868
31217,13.58245419957882
31218,318.1965503300681
31219,424.657184625346
31220,489.4156759070048
31221,377.96155449725376
31222,423.64451357575615
31223,472.9277888270572
31224,653.0536596005367
31225,461.19708751127325
31226,393.28225417373153
31227,436.96183158620505
31228,657.964080548757
31229,448.860031387805
31230,354.9507261463642
31231,182.55024449340817
31232,426.50932620600395
31233,0.0
31234,0.0
31235,8.851611638905908
31236,0.0
31237,0.0
31238,0.0
31239,0.0
31240,0.0
31241,0.0
31242,0.0
31243,0.0
31244,0.0
31245,0.0
31246,0.0
31247,0.0
31248,0.0
31249,0.0
31250,0.0
31251,0.0
31252,0.0
31253,0.0
31254,0.0
31255,0.0
31256,0.0
31257,0.0
31258,0.0
31259,0.0
31260,669.8645725292483
31261,421.5512413528232
31262,301.08514924298265
31263,343.7961317371933
31264,354.0626107070357
31265,293.719846322474
31266,180.2350904620244
31267,0.0
31268,444.34950107419905
31269,411.8047115483092
31270,419.987017868064
31271,361.5606694274904
31272,422.0020495061133
31273,464.2858789353169
31274,437.89143646954216
31275,495.7750981751801
31276,451.6346190242004
31277,434.1858947931967
31278,498.46008011737536
31279,481.53979861099407
31280,0.0
31281,497.9667012294703
31282,587.8796652258912
31283,554.3377564729685
31284,229.67673063290118
31285,407.2928757172081
31286,454.985668711451
31287,654.6947745135666
31288,144.73519868859236
31289,376.5567165868615
31290,361.55542806606377
31291,483.86126891851046
31292,295.43366595053396
31293,306.7294127949862
31294,461.1463772227888
31295,446.40882474441577
31296,0.0
31297,369.3183390880184
31298,507.7018052888526
31299,375.21174702875805
31300,65.54798873217754
31301,342.9875017644283
31302,320.5504977869833
31303,367.8381927785801
31304,269.05870150552465
31305,382.04489775245787
31306,299.31706756391804
31307,295.55958771410565
31308,205.74008532855504
31309,308.8041840128271
31310,320.2856454854835
31311,326.39183878175885
31312,305.3765300547583
31313,310.266167464718
31314,289.57673913980653
31315,265.9231526336254
31316,473.9612434149077
31317,282.78113451531715
31318,350.3713396834239
31319,632.3265903973124
31320,506.0352618870116
31321,464.09976688703557
31322,299.08990713082324
31323,351.9073333678401
31324,488.7068301971432
31325,456.28409687243186
31326,333.79777540223324
31327,337.6279503213527
31328,398.5172229584606
31329,629.3764865622711
31330,259.99222253568234
31331,338.77173080543514
31332,325.9369085026784
31333,376.41081901554105
31334,365.921349329147
31335,388.7725242396631
31336,0.0
31337,123.33599140678092
31338,128.36716303868465
31339,160.63409148871824
31340,294.08026034249815
31341,244.09586315514744
31342,188.76999974975573
31343,224.24388362019792
31344,73.9573561710295
31345,464.7094386116037
31346,224.33642927398841
31347,203.60416234845545
31348,0.0
31349,114.45898440096782
31350,29.42393756094792
31351,94.53299463349306
31352,318.93080020700336
31353,181.2458256157826
31354,151.89372085756767
31355,192.27800867953275
31356,417.02083879036223
31357,313.7243213148713
31358,0.0
31359,211.08608717480863
31360,559.7675472153863
31361,680.4554807643826
31362,180.88687790862306
31363,18.601820594437015
31364,542.5408633276813
31365,360.22203069757575
31366,360.82966438033475
31367,264.22883766875134
31368,458.6457850998565
31369,279.629999827466
31370,380.5271275614042
31371,388.3926434061923
31372,182.8097364565998
31373,439.13916398776155
31374,402.1396915232437
31375,428.675641568542
31376,0.0
31377,382.17215167594514
31378,384.8999988611824
31379,396.1646273585718
31380,109.84818195934596
31381,365.5699758077488
31382,367.51490641478387
31383,603.3886129330508
31384,180.18054125356716
31385,271.7164476597477
31386,315.54663222459016
31387,320.2687711487339
31388,283.9976734049354
31389,335.1804369786341
31390,364.39366448376177
31391,434.6909332988452
31392,0.0
31393,290.9802715327037
31394,336.64631263533863
31395,339.63772360127797
31396,168.8912370131035
31397,193.30568503512592
31398,209.80657124370694
31399,314.4598636642393
31400,194.1807480609802
31401,291.8514689961648
31402,349.2962840256574
31403,339.667606712384
31404,270.52197347821334
31405,284.90393470511384
31406,321.0971300115735
31407,339.779257823222
31408,369.5507312368168
31409,586.7408491609149
31410,275.07011802771166
31411,359.5143788793017
31412,407.44870723430626
31413,354.9389718994107
31414,329.359923161237
31415,438.21734351405166
31416,577.5784775635738
31417,359.85461721236027
31418,315.5154945860813
31419,322.2760790129712
31420,591.8410299124295
31421,356.54120840342233
31422,337.6773018075012
31423,266.8697264829222
31424,450.0189849014564
31425,555.7095221344687
31426,167.75343960143067
31427,290.8487099176064
31428,152.29139426250305
31429,317.4081921055576
31430,454.0116225011568
31431,460.32424368235866
31432,108.65276403949377
31433,233.83056334071713
31434,256.97258145902543
31435,220.48081181998722
31436,0.0
31437,124.59800346835306
31438,68.46325922088724
31439,0.0
31440,355.347049255869
31441,628.886140718684
31442,259.1201489150281
31443,427.4815164143836
31444,287.6783089944516
31445,334.26748573401454
31446,201.97462701350386
31447,287.29397753336866
31448,244.2714718519989
31449,357.66018905998277
31450,225.19854333285838
31451,236.12554453217956
31452,449.37159977567785
31453,427.99663533066854
31454,345.14285673613654
31455,354.38591406752937
31456,458.90156447093136
31457,657.3030575557339
31458,363.73799218332385
31459,346.38278284803135
31460,475.3388721797481
31461,331.0828667098142
31462,405.0584244165734
31463,439.2755174840942
31464,450.83872031406224
31465,444.1884984772126
31466,343.2433514170415
31467,374.5442789871051
31468,297.530552866551
31469,418.42245623576
31470,396.0944996851372
31471,496.6982071696877
31472,25.36364990300683
31473,807.7820711616951
31474,370.4881811655963
31475,352.5707537897618
31476,144.51318498771408
31477,414.18069707088796
31478,397.13446715851455
31479,375.4011888011351
31480,33.91208118717941
31481,316.3710722401957
31482,252.88240717823504
31483,403.8444115784583
31484,122.1021282774436
31485,393.747031120354
31486,280.41547645056625
31487,348.4874031835833
31488,0.0
31489,0.0
31490,594.6725205470626
31491,388.45229570774814
31492,69.33272136665957
31493,353.0498450282357
31494,248.57180886072607
31495,388.74705776277443
31496,262.342244200054
31497,336.75664858295846
31498,328.2952193089701
31499,334.6987783442877
31500,272.67333197017484
31501,321.05034592129743
31502,302.40067826235037
31503,344.34301483109255
31504,220.49339588460245
31505,283.1433236358034
31506,620.2100362021099
31507,313.55231384326316
31508,464.81427802082146
31509,349.7650041671857
31510,275.42200633279055
31511,447.9109144903076
31512,814.4649424096662
31513,256.6840481428615
31514,274.6975408135822
31515,152.91622383852393
31516,624.8597033087615
31517,298.6549260170711
31518,370.9270884775569
31519,313.878271877865
31520,135.84788519039716
31521,78.01484649500797
31522,400.794347966082
31523,56.490616703268316
31524,0.0
31525,0.0
31526,0.0
31527,0.0
31528,0.0
31529,0.0
31530,0.0
31531,0.0
31532,275.1272952849699
31533,316.62949665676905
31534,291.60744159440816
31535,340.6803967559691
31536,223.4798757430182
31537,329.4743572926403
31538,348.5577175445418
31539,346.6984471420524
31540,186.0613163797461
31541,275.5393259048353
31542,192.4025055088358
31543,310.4692078771237
31544,104.58695015742211
31545,334.241470462937
31546,473.829679962067
31547,317.86782118114587
31548,454.13918098445896
31549,390.9023860920622
31550,320.0467914412504
31551,383.3056680384285
31552,448.619837832682
31553,403.6640085932191
31554,391.90860489194046
31555,160.7596409818332
31556,520.6660241059375
31557,342.4318668909515
31558,408.7886248392956
31559,407.6058176264791
31560,707.1265977654002
31561,536.8332285061048
31562,716.5681263103697
31563,332.4461375436852
31564,270.76349919325196
31565,363.6094763814593
31566,389.25603946332876
31567,623.8041160260374
31568,122.16446189552804
31569,302.58764512320874
31570,279.01456473838243
31571,383.8262657176084
31572,0.0
31573,432.2045948319492
31574,379.82470010785937
31575,380.6998164185545
31576,0.0
31577,257.4006952590478
31578,351.07111246286064
31579,390.3024761831152
31580,341.7876479531396
31581,302.66424204305247
31582,359.64293096930976
31583,659.6895501488374
31584,0.0
31585,0.0
31586,110.43503210384438
31587,376.6242139338599
31588,66.87361868773581
31589,312.02932893320343
31590,290.1869765065814
31591,326.83065881548373
31592,115.81024699538452
31593,328.39002272547896
31594,269.43260123384664
31595,305.1285254475876
31596,249.87577166720342
31597,386.3165230317385
31598,339.34301483109255
31599,317.0786634226544
31600,187.35398145031007
31601,312.47858069968925
31602,291.60217586819635
31603,235.3414832147384
31604,372.7512174108163
31605,320.7881143005109
31606,227.93306418187865
31607,24.93652348042025
31608,625.3660473319051
31609,310.0883415210742
31610,0.0
31611,0.0
31612,696.5202696001363
31613,695.2048991156165
31614,247.4864330961061
31615,246.92295317718683
31616,461.61626760715893
31617,325.0686845865376
31618,314.3182548034573
31619,335.36731220395706
31620,236.9214072645487
31621,390.41523605542324
31622,441.04237440136814
31623,421.16700764414213
31624,0.0
31625,397.7588027867832
31626,377.0330221043567
31627,348.944230680313
31628,204.39785231870658
31629,292.17759403829285
31630,314.3991068461095
31631,367.74755284934423
31632,127.60910126395862
31633,33.596048298188734
31634,0.0
31635,0.0
31636,123.90885761610656
31637,146.50816235705878
31638,49.830721728934265
31639,192.9999586385174
31640,420.2137925628613
31641,413.9699572494555
31642,404.62561025844735
31643,422.5716055821697
31644,509.7039324274786
31645,482.437003977445
31646,398.2147834691537
31647,395.80630380047864
31648,712.6797162330969
31649,382.5162385746994
31650,373.6536035028785
31651,330.2129577671508
31652,837.3548914542675
31653,355.9062782968758
31654,355.5310367629153
31655,332.14750992626574
31656,253.0823561710294
31657,328.3368130279118
31658,338.5419523920405
31659,309.718290358448
31660,198.16290593150202
31661,339.3677075708642
31662,403.1095846080273
31663,440.3920722315923
31664,227.40851366206985
31665,361.7177458262684
31666,273.5172936456637
31667,334.75202203524975
31668,18.830286545026922
31669,366.0542647685315
31670,436.88389515547135
31671,405.50632702644623
31672,117.95057619175455
31673,383.5691978257358
31674,337.67331497347743
31675,413.92362917901534
31676,119.01980609980899
31677,372.76289402525714
31678,343.0978643544686
31679,463.95604569259893
31680,167.89912624995947
31681,194.87086762171242
31682,292.6192010314187
31683,342.86430148123605
31684,264.77540925752623
31685,379.7441769898072
31686,319.3547084422308
31687,198.52250981586997
31688,283.20827058362676
31689,398.4250429230785
31690,309.9597384409739
31691,227.91428217607097
31692,412.77454399727753
31693,325.1518956731667
31694,426.1736566498789
31695,490.6140519390758
31696,381.6281327810939
31697,406.86830933951956
31698,400.31026059274245
31699,539.2078988654654
31700,518.5132898149426
31701,479.78960227774724
31702,395.4907582071918
31703,468.25107519085344
31704,586.469663586585
31705,415.0869753677638
31706,402.1916296967106
31707,425.7789807342707
31708,473.8054821793478
31709,178.28121554716904
31710,346.3165570251333
31711,354.44170080669204
31712,0.0
31713,0.0
31714,0.0
31715,0.0
31716,0.0
31717,0.0
31718,0.0
31719,0.0
31720,0.0
31721,0.0
31722,0.0
31723,0.0
31724,0.0
31725,0.0
31726,0.0
31727,0.0
31728,0.0
31729,0.0
31730,0.0
31731,0.0
31732,0.0
31733,0.0
31734,0.0
31735,0.0
31736,0.0
31737,0.0
31738,0.0
31739,0.0
31740,350.9741965143842
31741,392.0297498037134
31742,339.02405853931737
31743,423.90458902545726
31744,593.4132886761249
31745,0.0
31746,0.0
31747,45.82068607911987
31748,695.025835641267
31749,404.7013553858831
31750,369.8169156982322
31751,0.0
31752,507.3967084250241
31753,436.5346178853827
31754,449.73248337866903
31755,432.65513511923274
31756,339.79486063587126
31757,485.3492166342734
31758,440.8815419179864
31759,43.02286648547317
31760,111.42307840045228
31761,311.58530153144676
31762,405.75301647039873
31763,502.7745536430005
31764,248.93795082184124
31765,364.04827941848674
31766,470.8983992580385
31767,527.5304412406435
31768,0.0
31769,289.5468560287006
31770,298.4731228851266
31771,422.79144497644756
31772,281.49052475735834
31773,513.5626243043937
31774,359.69226545876074
31775,309.8002136232052
31776,0.0
31777,446.7852091798719
31778,628.064004055062
31779,437.15653186659847
31780,239.0210606272119
31781,516.9747190889309
31782,338.08099001771905
31783,479.70650211809965
31784,0.0
31785,400.2323581554036
31786,439.5390206289811
31787,516.1191074414216
31788,297.5876281265114
31789,364.97270357621244
31790,427.45126727920433
31791,473.8339894914204
31792,396.44633700012383
31793,0.0
31794,284.96753984729855
31795,425.95424663301645
31796,298.6756585652395
31797,424.32609685522516
31798,441.1243657995457
31799,523.0095664725122
31800,433.6496943013675
31801,485.44661408907507
31802,17.610027712317617
31803,619.711682843711
31804,601.52291692327
31805,457.32144366509596
31806,392.91871589663225
31807,366.37367592421157
31808,525.587528829627
31809,431.04328383591667
31810,400.5486334239113
31811,373.99970124667703
31812,20.311568664020342
31813,207.4172882619501
31814,242.09919226948819
31815,175.2607224019568
31816,0.0
31817,0.0
31818,0.0
31819,0.0
31820,233.01515545038978
31821,230.0292418110513
31822,160.03987624350677
31823,0.0
31824,273.8935640309464
31825,234.86736631724102
31826,77.90170316203759
31827,271.6759530736664
31828,202.6863635477206
31829,334.5235012553363
31830,257.0916950002001
31831,260.7232264440203
31832,157.63435964798583
31833,348.8209814331033
31834,223.53671174665328
31835,231.26198189029503
31836,350.91663974809853
31837,373.24719998273724
31838,270.41552008968404
31839,120.00267167080554
31840,495.39852448130387
31841,355.71796963037883
31842,317.50065275874755
31843,229.8286699451857
31844,602.3083839006473
31845,365.32977260690274
31846,378.3082280833265
31847,193.80686532935565
31848,312.7188008972327
31849,391.47621046550677
31850,350.1726792114273
31851,267.58246439759745
31852,259.3378680988761
31853,248.40303885080976
31854,400.9205149562147
31855,380.97636233119266
31856,252.50327343946086
31857,423.65485803028145
31858,441.1048707820828
31859,318.5096772096387
31860,0.0
31861,181.7255812259879
31862,311.2632866917508
31863,551.1840277468245
31864,343.297822992986
31865,289.42351130672427
31866,315.0830831629502
31867,528.4120001553273
31868,357.4473920710881
31869,491.0321320736579
31870,507.90825981619946
31871,637.239537397036
31872,158.329045614982
31873,294.45599810184615
31874,530.4971764635086
31875,445.74001734176534
31876,166.4620174452858
31877,376.47101274319806
31878,323.1848833613503
31879,506.0204384625197
31880,0.0
31881,245.01820649666516
31882,410.07915696474174
31883,434.8687932358838
31884,358.3367523920965
31885,358.58604552006494
31886,352.88492358401527
31887,297.7710257147679
31888,274.405348449177
31889,313.1025698413083
31890,224.06389922783342
31891,315.93872145287986
31892,390.29968096812837
31893,373.6227433610991
31894,410.49858625593686
31895,260.54017032915544
31896,592.7114230813839
31897,377.6267657732783
31898,176.98398127777608
31899,18.451050826068467
31900,292.8382874077902
31901,402.27474685305566
31902,167.33715810365277
31903,155.9425700185758
31904,67.44959302010899
31905,0.0
31906,0.0
31907,0.0
31908,0.0
31909,0.0
31910,37.50272310078944
31911,117.33260393426016
31912,409.77511361028166
31913,500.82804621889755
31914,497.10302652178666
31915,474.9828130193084
31916,144.49491276478116
31917,442.8095421077271
31918,353.25231498208086
31919,377.4810483758991
31920,293.11977054481827
31921,534.4907481558038
31922,445.59698509119715
31923,507.73145224971165
31924,387.4512424916408
31925,417.41098093261473
31926,242.2448486001092
31927,525.571144911773
31928,639.5937163194105
31929,499.7313923299357
31930,463.3967160863729
31931,528.4603042318603
31932,543.94180903326
31933,495.50634402314364
31934,415.283058798165
31935,447.4396246581583
31936,454.45725998022345
31937,363.2537298649616
31938,303.7380358224417
31939,181.3685631853899
31940,335.3207166731752
31941,367.57595151207056
31942,409.42353794914476
31943,429.6961480178514
31944,427.79665969545374
31945,362.7343600707641
31946,350.84396167548886
31947,392.1306185928188
31948,448.83144644321976
31949,387.3889580087917
31950,364.28458076879616
31951,453.5458106034593
31952,128.58618378839287
31953,509.99345312107823
31954,404.6104708166083
31955,374.50919815369036
31956,0.0
31957,505.09469914157575
31958,602.221391536186
31959,733.2691264224932
31960,110.35192229847374
31961,345.64787824508767
31962,205.441484353556
31963,372.97841183730594
31964,90.67651417976515
31965,391.09840153567376
31966,453.68469750226956
31967,989.5737059488582
31968,636.5358384193909
31969,299.45599810184615
31970,530.4971764635086
31971,440.74001734176534
31972,166.4620174452858
31973,391.47101274319806
31974,323.1848833613503
31975,506.0204384625197
31976,0.0
31977,245.01820649666516
31978,415.07915696474174
31979,449.8687932358838
31980,363.3367523920965
31981,368.58604552006494
31982,362.88492358401527
31983,341.8358661835155
31984,279.405348449177
31985,353.70681320044577
31986,229.06389922783342
31987,315.93872145287986
31988,435.61797813728424
31989,382.90184155988266
31990,400.49858625593686
31991,250.54017032915547
31992,602.9796663647089
31993,427.7875867650288
31994,201.98398127777608
31995,0.0
31996,292.8382874077902
31997,397.27474685305566
31998,167.33715810365277
31999,0.0
32000,440.374593020109
32001,348.9607161726866
32002,124.57362521026704
32003,344.8215255425047
32004,352.35537082958797
32005,446.5412752685077
32006,493.62772310078935
32007,548.4576039342601
32008,409.0001136102817
32009,510.0530462188976
32010,501.3280265217867
32011,494.20781301930845
32012,245.24491276478116
32013,513.5595421077271
32014,409.00231498208086
32015,453.2310483758991
32016,351.2197705448183
32017,567.5907481558038
32018,508.6969850911971
32019,550.8314522497117
32020,393.2012424916408
32021,408.16098093261473
32022,247.9948486001092
32023,531.321144911773
32024,618.8437163194105
32025,498.9813923299357
32026,462.6467160863729
32027,517.7103042318603
32028,558.94180903326
32029,505.50634402314364
32030,415.283058798165
32031,427.4396246581583
32032,454.45725998022345
32033,368.2537298649616
32034,308.7380358224417
32035,186.3685631853899
32036,345.3207166731752
32037,392.57595151207056
32038,424.42353794914476
32039,434.6961480178514
32040,432.79665969545374
32041,377.7343600707641
32042,345.84396167548886
32043,387.1306185928188
32044,453.83144644321976
32045,402.3889580087917
32046,374.28458076879616
32047,463.5458106034593
32048,148.58618378839287
32049,524.9934531210782
32050,414.6104708166083
32051,379.50919815369036
32052,0.0
32053,515.0946991415758
32054,612.221391536186
32055,743.2691264224932
32056,120.35192229847374
32057,350.64787824508767
32058,215.441484353556
32059,372.97841183730594
32060,85.67651417976515
32061,396.09840153567376
32062,453.68469750226956
32063,663.8157490013604
32064,0.0
32065,136.5775777576348
32066,353.98467427630203
32067,336.3191170700313
32068,263.7458032353715
32069,420.0466968120403
32070,489.5818422329052
32071,640.4153478279613
32072,249.59752267806715
32073,316.2503312022353
32074,399.2313200811367
32075,687.6874570036063
32076,432.527854553325
32077,532.0993789741253
32078,286.25813260855995
32079,324.4611788274575
32080,672.9482714809903
32081,274.1054323109598
32082,266.3632878305685
32083,530.8061825288481
32084,305.00780140632463
32085,356.2750069453095
32086,313.9016251067466
32087,415.7634385574367
32088,643.7314113110073
32089,230.54018732585288
32090,294.07821351968494
32091,392.33706347444263
32092,832.5122007505834
32093,404.2820473663186
32094,392.4799032138818
32095,404.15091823471505
32096,704.8693610111443
32097,367.53762388161533
32098,198.75554592124146
32099,228.9788481429175
32100,203.4631939173977
32101,182.67638513438195
32102,246.98304760795946
32103,304.98745035155775
32104,200.37308690735762
32105,361.8336775635177
32106,398.1411010224108
32107,327.39197675682567
32108,53.16649668257918
32109,219.05580601349536
32110,287.4237300374956
32111,170.00881511580633
32112,602.8171318752206
32113,422.8524189637528
32114,307.4980046071707
32115,357.1370167292464
32116,417.52540231221667
32117,420.6440502049459
32118,359.8157349812242
32119,596.3243546093402
32120,470.29983227643436
32121,331.79170619040565
32122,261.1178806781435
32123,373.73533127994557
32124,581.3970025106728
32125,456.69437560068934
32126,344.26908223108
32127,381.4477031534342
32128,523.3094996074268
32129,403.0693303999756
32130,323.3861645140602
32131,31.80228977173914
32132,472.3370294810478
32133,263.3719108580239
32134,284.8754007506208
32135,222.5370827487753
32136,290.2064618783213
32137,378.01482483063626
32138,431.6605832880723
32139,439.8065372503121
32140,349.8026886846163
32141,386.6359511841159
32142,325.798492748431
32143,424.84288960782715
32144,36.15954861314498
32145,368.17709895172305
32146,411.41518236491754
32147,349.2508587377174
32148,0.0
32149,295.815393727601
32150,390.9477943833048
32151,448.45879159657767
32152,53.41867565685391
32153,291.380162167318
32154,380.62577954360887
32155,326.9670123118164
32156,250.29735609331914
32157,320.2544738535798
32158,348.45491638846147
32159,420.655619015597
32160,0.0
32161,374.8181872223325
32162,353.22249759724264
32163,361.3879295802478
32164,204.46121282085232
32165,325.38171078036964
32166,246.6372567016111
32167,418.2705532116189
32168,66.49840379619567
32169,321.5775001251221
32170,294.3780956645073
32171,342.36428226571746
32172,245.76605923814998
32173,349.7351040593823
32174,272.2695491307469
32175,184.94032105602372
32176,207.67206044607457
32177,295.5920478668071
32178,246.8410809025217
32179,280.44664808246995
32180,283.83666116222594
32181,403.9989449290357
32182,339.5858290669289
32183,456.22562881674065
32184,666.3722661317834
32185,312.849964022231
32186,304.29893869976553
32187,249.73519868859242
32188,596.3294615245566
32189,353.4718683577237
32190,232.31766308618987
32191,384.72738028557035
32192,351.05205334534446
32193,211.81423737537827
32194,311.4415558863157
32195,293.51637074327436
32196,347.427363288873
32197,358.7425881540907
32198,259.7176959578805
32199,310.2486987274009
32200,156.00571364480714
32201,259.96569518133754
32202,151.24720536645094
32203,228.89973680166776
32204,0.0
32205,116.09803321685195
32206,131.84846299993225
32207,144.932100340785
32208,588.8320923249207
32209,338.89869292090896
32210,311.04750101369547
32211,398.2858178767234
32212,61.2280979250292
32213,347.03168641558443
32214,289.6790711185848
32215,393.1015370000678
32216,455.334977274521
32217,402.848638807625
32218,286.2750648807112
32219,247.43710555196458
32220,466.68007830553523
32221,409.4871600880269
32222,353.00963445930194
32223,288.09276126136996
32224,562.3214266683985
32225,202.57213693976962
32226,256.295824476965
32227,0.0
32228,309.1457108666833
32229,268.57705022215265
32230,344.90784390662486
32231,361.95275865578014
32232,307.1592301798244
32233,246.91124256935117
32234,348.4315898020002
32235,260.9465568525993
32236,280.3337254475316
32237,322.90185855658007
32238,513.6080835857284
32239,374.8480873301359
32240,75.5350502393594
32241,448.2640573227894
32242,346.1373649281791
32243,349.39497000125687
32244,61.58150395584329
32245,267.81874875120945
32246,421.52292427424453
32247,445.4855434881856
32248,175.60509063455837
32249,448.9625585781258
32250,227.77075606739703
32251,380.64525756437433
32252,92.97834713477553
32253,304.8346411924791
32254,291.8624221661072
32255,552.7641049135422
32256,65.19259072678075
32257,293.1587594030981
32258,454.01707379318816
32259,229.75089613045157
32260,270.4012057978325
32261,388.53022478750745
32262,392.84726570900506
32263,505.963302566744
32264,163.17713294511782
32265,314.6507323756344
32266,355.64265388035847
32267,513.2847632285374
32268,239.92732192739032
32269,286.1685365600828
32270,349.9870008713666
32271,303.75874172818965
32272,329.9480448298357
32273,404.9376227427977
32274,398.11214465292534
32275,266.83905451990745
32276,422.43959066476344
32277,328.6081612182411
32278,443.63409148871824
32279,580.1375643846177
32280,842.3550637159901
32281,439.5793428238224
32282,448.5055563954076
32283,388.41860767006426
32284,756.9201432380532
32285,462.04231106513936
32286,437.47468849487564
32287,322.80843093910465
32288,418.79318297743646
32289,392.7298282817826
32290,332.0741656270677
32291,374.59038720506976
32292,325.65623465775803
32293,125.99795077003421
32294,450.375735904491
32295,607.6140890556624
32296,246.21660263151188
32297,522.4876057461003
32298,533.8625701911096
32299,471.56057790435864
32300,256.6721767567697
32301,425.98524784094104
32302,415.6528981924428
32303,567.1251824597412
32304,0.0
32305,427.79282316551996
32306,340.25716720587036
32307,507.52792722490227
32308,318.5792435098247
32309,396.4862754410417
32310,368.78565439805374
32311,554.9073825201888
32312,320.10730942583325
32313,329.09978510845986
32314,354.2036348129733
32315,339.1659939346605
32316,343.76009088480265
32317,356.1023180881592
32318,417.22668388770495
32319,160.9298621285467
32320,810.3543027306746
32321,413.50558303782805
32322,384.3365625813809
32323,274.07560983566907
32324,481.16980808418316
32325,442.76680322676816
32326,438.2653628402846
32327,444.57801066390687
32328,427.61228687288815
32329,439.54557715362586
32330,564.2339067684552
32331,428.4977816315034
32332,379.4222227859266
32333,475.8205404598175
32334,129.73667646781007
32335,373.7431559122378
32336,167.50591111687157
32337,558.9183878175887
32338,397.61486391448364
32339,503.4367195375193
32340,0.0
32341,311.9865073292793
32342,474.61692306631994
32343,567.7719063198668
32344,356.0867249212329
32345,375.7192677968996
32346,333.9496104395847
32347,548.5691201932232
32348,0.0
32349,323.061538639374
32350,391.8631286139082
32351,546.1567483197346
32352,0.0
32353,178.7717844959409
32354,309.3521047582149
32355,370.7374306544469
32356,290.3596557180087
32357,318.6535865061811
32358,262.0630946034
32359,324.1677319356494
32360,244.67671363620374
32361,339.4676480738666
32362,300.0350371942969
32363,0.0
32364,0.0
32365,243.92886089471892
32366,254.43133935546936
32367,350.79456655022256
32368,242.68244853971765
32369,332.27082065484717
32370,330.41414429065065
32371,342.45519347741276
32372,260.3103382252551
32373,288.07196072641193
32374,344.67022739309726
32375,384.3053739527798
32376,437.3928502136053
32377,0.0
32378,196.19586697726518
32379,299.67933431691705
32380,613.8287917691116
32381,488.68471449896697
32382,424.7870592295466
32383,408.0459528234221
32384,422.9840377982125
32385,233.23212003789587
32386,0.0
32387,246.70650480139977
32388,0.0
32389,0.0
32390,0.0
32391,0.0
32392,0.0
32393,0.0
32394,0.0
32395,0.0
32396,0.0
32397,0.0
32398,240.97176409990396
32399,0.0
32400,164.7957367930644
32401,151.583574004624
32402,186.8692194901075
32403,227.38334792287836
32404,310.8820887278012
32405,437.07261971442966
32406,388.67744290575973
32407,421.2858375738343
32408,309.6228480738106
32409,380.92115496316086
32410,359.94871147920225
32411,361.55217586819634
32412,368.0498620249332
32413,61.80499543593925
32414,350.9153512273008
32415,384.9130076355388
32416,517.1084858979451
32417,367.3357579569475
32418,361.1685365600828
32419,416.22691733753834
32420,514.8818020102402
32421,361.63466266331824
32422,453.9469897588714
32423,422.36428226571746
32424,468.45489939176406
32425,478.6912103877965
32426,540.0622656312947
32427,121.60241611670858
32428,397.90831080629175
32429,406.3074234588931
32430,455.16875301321886
32431,513.7054640438328
32432,341.02829085893654
32433,423.3406445969101
32434,462.04098855094685
32435,388.6730645269466
32436,0.0
32437,232.84216261590637
32438,482.09679228680693
32439,485.8698579525711
32440,140.20521699664135
32441,393.29391379147495
32442,446.51772655193577
32443,590.2154061861413
32444,360.10903043012473
32445,375.53489497433407
32446,469.56367937535794
32447,527.3187889909879
32448,94.46531128078334
32449,0.0
32450,319.3521047582149
32451,370.7374306544469
32452,290.3596557180087
32453,328.6535865061811
32454,257.0630946034
32455,319.1677319356494
32456,249.67671363620374
32457,334.4676480738666
32458,305.0350371942969
32459,300.72059995681514
32460,0.0
32461,248.92886089471892
32462,249.43133935546936
32463,350.79456655022256
32464,242.68244853971765
32465,352.27082065484717
32466,325.41414429065065
32467,332.45519347741276
32468,245.31033822525512
32469,283.07196072641193
32470,349.67022739309726
32471,384.3053739527798
32472,412.3928502136053
32473,0.0
32474,156.19586697726518
32475,269.67933431691705
32476,598.8287917691116
32477,483.68471449896697
32478,389.7870592295466
32479,403.0459528234221
32480,518.9590377982124
32481,329.20712003789583
32482,290.3496826883837
32483,327.6815048013998
32484,475.4628530865528
32485,324.34890937404504
32486,388.1206162374732
32487,69.09596428977522
32488,0.0
32489,323.9694896337493
32490,374.46803225056817
32491,550.9766688753816
32492,0.0
32493,0.0
32494,400.47176409990396
32495,197.85043828998568
32496,199.92073679306435
32497,171.708574004624
32498,201.9942194901075
32499,247.50834792287836
32500,0.0
32501,231.67261971442963
32502,173.27744290575973
32503,195.8858375738343
32504,261.8728480738106
32505,338.17115496316086
32506,312.19871147920225
32507,318.80217586819634
32508,348.0498620249332
32509,382.5629523834371
32510,335.9153512273008
32511,384.9130076355388
32512,492.1084858979452
32513,352.3357579569475
32514,356.1685365600828
32515,65.46896039004048
32516,504.8818020102402
32517,356.63466266331824
32518,453.9469897588714
32519,407.36428226571746
32520,463.45489939176406
32521,473.6912103877965
32522,535.0622656312947
32523,452.36037306420644
32524,397.90831080629175
32525,406.3074234588931
32526,450.16875301321886
32527,513.7054640438328
32528,336.02829085893654
32529,418.3406445969101
32530,121.28303160344899
32531,373.6730645269466
32532,47.74875199512837
32533,217.84216261590637
32534,472.09679228680693
32535,480.8698579525711
32536,0.0
32537,388.29391379147495
32538,436.51772655193577
32539,580.2154061861413
32540,350.10903043012473
32541,370.53489497433407
32542,464.56367937535794
32543,517.3187889909879
32544,0.0
32545,289.42353794914476
32546,335.7738266510798
32547,433.60421802333525
32548,97.31764608949246
32549,286.1049314178981
32550,293.5042945170303
32551,0.0
32552,0.0
32553,329.05994638720455
32554,287.3357579569475
32555,305.3323762909186
32556,235.98160369261925
32557,256.79826894432057
32558,273.65620718689445
32559,323.6678838013353
32560,259.1508745955972
32561,317.84339050088886
32562,326.73719720461344
32563,323.3874190414631
32564,377.71095585179023
32565,387.063104249123
32566,389.6702007506768
32567,0.0
32568,484.41180069888867
32569,299.78840838615963
32570,98.87704399288253
32571,236.37114987270837
32572,466.7644766317036
32573,332.2994662352477
32574,0.0
32575,253.3213048444726
32576,0.0
32577,0.0
32578,0.0
32579,0.0
32580,6.115939821376411
32581,0.0
32582,0.0
32583,0.0
32584,0.0
32585,0.0
32586,0.0
32587,0.0
32588,0.0
32589,0.0
32590,0.0
32591,0.0
32592,0.0
32593,0.0
32594,0.0
32595,0.0
32596,0.0
32597,0.0
32598,0.0
32599,0.0
32600,0.0
32601,0.0
32602,0.0
32603,0.0
32604,421.6567347223766
32605,419.3689960916619
32606,287.8915141020548
32607,427.10207728735134
32608,435.29602393340355
32609,272.4695417626591
32610,322.0488409473637
32611,323.60428601012495
32612,390.79069134210636
32613,346.96442562449795
32614,378.90547367244244
32615,333.68868433629325
32616,418.8535185022781
32617,0.0
32618,220.07798006985155
32619,316.0270193348362
32620,205.84270714808596
32621,331.85798188169167
32622,400.4297301066025
32623,352.7707124282792
32624,0.0
32625,328.7626775721211
32626,171.93073758681405
32627,339.99871147920226
32628,230.58170341228185
32629,382.91220301110536
32630,515.0960143047939
32631,528.7301227902095
32632,0.0
32633,257.18257376298305
32634,299.26644455366926
32635,378.2289934860721
32636,251.31137629952198
32637,280.3219881972755
32638,509.6818263750254
32639,722.0109938139333
32640,0.0
32641,302.1981159398171
32642,318.89898742933593
32643,368.25884995475764
32644,172.5383542728756
32645,321.2996656916863
32646,313.18359484055253
32647,424.56758857686896
32648,0.0
32649,0.0
32650,292.5071486475771
32651,361.6073395971103
32652,157.05275014887474
32653,327.43960766146085
32654,320.2259059056919
32655,424.1001739528358
32656,395.24534028733956
32657,311.593085941074
32658,314.2884996160302
32659,320.8621075363387
32660,461.84231843322715
32661,341.3944594624721
32662,382.2228183253117
32663,424.53779274399864
32664,69.60038360729271
32665,0.0
32666,215.04682543464526
32667,247.89542330356585
32668,571.6021418748015
32669,467.5980332168519
32670,232.33842962775302
32671,0.0
32672,0.0
32673,0.0
32674,0.0
32675,0.0
32676,0.0
32677,0.0
32678,0.0
32679,0.0
32680,0.0
32681,0.0
32682,0.0
32683,0.0
32684,0.0
32685,0.0
32686,0.0
32687,0.0
32688,0.0
32689,0.0
32690,0.0
32691,0.0
32692,0.0
32693,0.0
32694,0.0
32695,0.0
32696,0.0
32697,0.0
32698,0.0
32699,0.0
32700,456.62945529528645
32701,488.9950527242221
32702,411.84628827055343
32703,128.8277095034315
32704,508.77562571066227
32705,405.2908432077922
32706,307.07093964884245
32707,206.59318057028412
32708,575.9763016953774
32709,449.1547498037134
32710,454.4027277684637
32711,536.0295453863394
32712,416.4995976877833
32713,330.66867878004564
32714,311.0802630257983
32715,350.4881981622937
32716,361.40095535130166
32717,469.154732807016
32718,419.158642008527
32719,427.71095585179023
32720,222.96941653939365
32721,427.65381995601456
32722,376.034786747766
32723,405.8283418661422
32724,153.16416780987927
32725,440.6231588628956
32726,448.19391265265733
32727,684.7206951383206
32728,174.03145607182938
32729,329.3676905741668
32730,346.6164295242326
32731,388.03035001077285
32732,151.22570644925332
32733,296.63592454169554
32734,306.3425042923078
32735,468.93917135584934
32736,0.0
32737,0.0
32738,303.57050334323094
32739,338.9690884603501
32740,150.72843535653462
32741,220.3414832147384
32742,321.83068545790417
32743,463.37826847852546
32744,200.07013502440907
32745,401.072383986961
32746,472.2915265605951
32747,350.46868614813343
32748,197.04755242656597
32749,316.7216113886616
32750,319.82212306626394
32751,295.58035425566885
32752,332.78496608431544
32753,289.5650455286683
32754,338.44064573572774
32755,446.969555360017
32756,539.3104770458784
32757,389.9506218714311
32758,325.9776848453852
32759,399.8299244725886
32760,663.5665165092072
32761,304.0950878564346
32762,361.7398348820242
32763,198.56799428842515
32764,730.841229368868
32765,435.3661419611152
32766,426.6411489064247
32767,298.70559266643767
32768,488.59914126228256
32769,310.90901258787085
32770,222.3450391268642
32771,214.74702290670973
32772,173.84179585868037
32773,127.0422553902595
32774,0.0
32775,186.5904095854808
32776,97.64602279458593
32777,115.62058606619613
32778,45.0869796126598
32779,93.84055026096114
32780,39.43548895212337
32781,119.65745901388384
32782,86.16359622961447
32783,98.70188986667482
32784,91.97729684656579
32785,85.20112660372396
32786,0.0
32787,54.2338638453767
32788,0.0
32789,0.0
32790,0.0
32791,0.0
32792,212.7958940424639
32793,301.868805564907
32794,249.42788274022797
32795,314.34738626459625
32796,599.3183220913209
32797,477.85379559122936
32798,473.186171882148
32799,418.0991965143842
32800,477.5850340882185
32801,328.27840560803577
32802,183.16289628577903
32803,0.0
32804,394.169064095565
32805,374.63258651478446
32806,378.6042690134275
32807,372.4993642379498
32808,402.15009661358425
32809,346.6826989862485
32810,262.0683359648266
32811,372.6915214701426
32812,338.5419523920405
32813,298.61078189895443
32814,468.04722434752244
32815,428.45752007247734
32816,0.0
32817,312.451344911717
32818,345.0766139165411
32819,389.5598478063595
32820,0.0
32821,366.83455102029734
32822,307.98754540354616
32823,376.66576401368366
32824,0.0
32825,280.46094537762406
32826,228.6886843362933
32827,314.44427784828747
32828,0.0
32829,261.955362339796
32830,403.8145284673523
32831,599.9414639575191
32832,0.0
32833,89.80792040031994
32834,319.6208492645284
32835,384.4806132091051
32836,156.89826043741516
32837,339.1274703766233
32838,294.72213892414374
32839,311.22173661192704
32840,0.0
32841,283.0057082610935
32842,284.3625098485555
32843,308.7146146067704
32844,297.0578968810912
32845,275.24797796475025
32846,351.65278188174767
32847,310.97247012637905
32848,315.86468457793416
32849,282.9122200078028
32850,232.19815957893496
32851,328.59255840559183
32852,440.1414735861287
32853,395.1363098572148
32854,302.99796749058413
32855,466.68653055524686
32856,452.9407709589932
32857,394.1145222380822
32858,197.90062102587456
32859,191.36987834860804
32860,503.79769776972057
32861,243.70950186794872
32862,168.6277508649141
32863,397.2721698114602
32864,262.30517534189767
32865,74.00220561669516
32866,100.96431964244817
32867,0.0
32868,0.0
32869,0.0
32870,0.0
32871,0.0
32872,0.0
32873,0.0
32874,0.0
32875,0.0
32876,272.49179585868035
32877,440.71036725771455
32878,380.3689446787914
32879,438.8017793624715
32880,386.2688650619046
32881,408.30208619992163
32882,375.78975682673325
32883,388.1320106725102
32884,0.0
32885,62.20287382765768
32886,57.10420484875563
32887,130.75127846940984
32888,114.7043586817022
32889,124.90820952503321
32890,45.52755381562787
32891,85.62231359301887
32892,448.93275309953253
32893,430.1610292394069
32894,378.11479932703344
32895,341.4256480910733
32896,499.41308921968636
32897,378.52247437127505
32898,347.6253296406394
32899,251.87231317024066
32900,506.0062018031808
32901,423.1212515767451
32902,439.0288280401417
32903,420.719284793597
32904,336.9332806350146
32905,362.608411664772
32906,412.48376142530054
32907,375.6219309779131
32908,233.28231480954685
32909,472.83039137225546
32910,398.8898708597932
32911,446.7982083085053
32912,201.08159518571387
32913,501.8306248220889
32914,511.7410554160322
32915,761.0424158923679
32916,160.32856171861766
32917,425.4310016307028
32918,497.2720751822501
32919,545.8685257926555
32920,0.0
32921,274.9441696217195
32922,480.3128472800609
32923,669.3805440834979
32924,204.28982213022277
32925,477.63301942105653
32926,651.556604960954
32927,1026.1877306932179
32928,0.0
32929,471.27750635439224
32930,376.84365059314274
32931,408.26794952760304
32932,148.70299862814477
32933,377.40455347046657
32934,351.27756699020756
32935,399.6532924205324
32936,194.17948618260291
32937,378.58864920408087
32938,306.84366758984015
32939,359.5182710841153
32940,309.8338166774022
32941,387.1902975367951
32942,403.1744612743123
32943,438.5743349122293
32944,335.33755701652996
32945,387.1747117208432
32946,404.998650843387
32947,384.69484250035623
32948,422.2370549846506
32949,399.42480947324503
32950,526.5930519476792
32951,709.9232744575513
32952,749.2585048790168
32953,465.4842889607827
32954,360.2298321039004
32955,317.69933987316466
32956,898.5937013070873
32957,419.49234081363824
32958,452.0033816660289
32959,476.5762116043244
32960,656.8135499071965
32961,358.5119026961865
32962,369.04421098320205
32963,392.6913282429741
32964,316.7386364522794
32965,275.9518543116841
32966,181.09857661021385
32967,283.54857236531785
32968,0.0
32969,0.0
32970,171.1501024200761
32971,143.29370314483086
32972,25.786956809470553
32973,72.99417232213302
32974,0.0
32975,44.62360097499906
32976,133.15139321850916
32977,180.6416238902188
32978,155.649398654123
32979,190.353357724022
32980,182.33833457576466
32981,264.41440396012626
32982,255.70107787415358
32983,315.22066412148706
32984,101.38375787933057
32985,236.73037082958805
32986,237.9027995944845
32987,328.06894892368746
32988,252.95645140415513
32989,400.9543242655291
32990,427.12933007202105
32991,461.4892192398632
32992,573.2809146628416
32993,394.94677330573535
32994,325.0857208403609
32995,260.59859474572886
32996,524.8714139165971
32997,458.01870003875246
32998,480.7361421336492
32999,419.9273049306929
33000,380.7128155471879
33001,430.81795377249904
33002,468.04072845869297
33003,461.41910121215153
33004,457.4201392864184
33005,400.18175214185226
33006,468.32766246497414
33007,493.6769397350628
33008,187.94604631381458
33009,354.0340257624505
33010,421.53072568056916
33011,529.2377989732688
33012,262.3941993702183
33013,401.168492920965
33014,505.06226563129474
33015,629.8934179888658
33016,133.9730752943738
33017,307.74214448039135
33018,381.346379500424
33019,389.86883687500165
33020,167.78635888004632
33021,384.807782131992
33022,389.979199465042
33023,526.2450292049934
33024,0.0
33025,417.4174919632847
33026,339.28198673050326
33027,428.9781443940777
33028,0.0
33029,311.4723449031136
33030,316.642420430525
33031,485.36347029030964
33032,154.34306582118484
33033,357.6655135671528
33034,362.0293385789264
33035,406.7774247702447
33036,215.94785501912008
33037,337.3188666235005
33038,414.3170069281028
33039,319.97792794094164
33040,288.4899972218762
33041,309.57022625427965
33042,339.437791605181
33043,334.3092661575934
33044,306.5268771148734
33045,316.35290938264836
33046,369.6637145075704
33047,321.90600120792453
33048,333.8184983046786
33049,373.59646760710285
33050,301.84630526725084
33051,235.412960044786
33052,506.9020580130187
33053,401.54764365643655
33054,280.5843070962978
33055,152.6682288770762
33056,404.1426836288573
33057,168.72601328670345
33058,73.10932367021695
33059,78.652037047573
33060,335.7103142832482
33061,248.696588162694
33062,249.71189688969463
33063,204.37305135236693
33064,270.4894039601263
33065,330.8165558863157
33066,268.2601163884055
33067,301.334610517295
33068,0.0
33069,254.67180191541655
33070,291.11686739144005
33071,294.58999027656665
33072,308.1376489624399
33073,318.57775751696255
33074,307.079448349977
33075,397.71952518873996
33076,158.39788206720544
33077,315.10776585133397
33078,334.3222552348389
33079,358.48480644487694
33080,0.0
33081,255.22711056470683
33082,235.31410292916803
33083,226.43330499979984
33084,455.2129067770585
33085,355.40638652344387
33086,343.3173180104489
33087,362.4811577412847
33088,432.85767079934556
33089,336.3983516672858
33090,301.2178880462312
33091,300.4687467839487
33092,470.51279627285527
33093,403.2212090764449
33094,394.18331775160124
33095,424.36249285185806
33096,363.43288796852096
33097,346.7125384582367
33098,354.58063134462014
33099,374.46378251147337
33100,248.94706739138408
33101,478.401655700802
33102,451.9163286657524
33103,529.537715111486
33104,115.2571455243853
33105,367.05141063798476
33106,418.65354286706327
33107,542.8926740002477
33108,0.0
33109,159.28986576934062
33110,467.3616712307272
33111,652.4862268409885
33112,218.65493566279412
33113,506.3956533540598
33114,357.1189079849831
33115,410.6231588628956
33116,65.1753775246533
33117,452.0825216340732
33118,396.9604824295921
33119,380.1336891765015
33120,0.0
33121,379.9467126699201
33122,472.33957252924847
33123,489.8506133816391
33124,213.40950809721886
33125,350.1259047668743
33126,304.8039335662962
33127,422.9342410767689
33128,172.47861469308407
33129,403.9093318838612
33130,354.3949263621391
33131,469.6298882015585
33132,233.27318124330662
33133,384.96490216988786
33134,277.3981012207549
33135,341.83718134673364
33136,270.9789563694855
33137,279.3910777964433
33138,288.9119695612719
33139,324.99351375689355
33140,366.02827386223913
33141,309.04571937358867
33142,419.4468815323034
33143,378.99244904020617
33144,475.44919113067056
33145,441.7968931452872
33146,417.3876961304144
33147,427.2968115611396
33148,638.5665165092072
33149,456.10875334117344
33150,392.0721941762454
33151,410.16619296832084
33152,601.0087448513814
33153,373.05764643456035
33154,383.5406202321249
33155,375.51546059268645
33156,507.44627169663426
33157,398.1915813899185
33158,365.02488752853594
33159,347.1827589060244
33160,191.4679904663074
33161,221.23297763679568
33162,146.32256403954977
33163,187.37682880808129
33164,228.43325783182536
33165,240.4457124282792
33166,204.29927456967513
33167,205.8118543893944
33168,299.5671514257009
33169,310.47470124667706
33170,264.985231560283
33171,341.6366982788125
33172,307.13280140632463
33173,336.75238879247576
33174,329.25822227683466
33175,379.73728687288815
33176,335.46733190106795
33177,307.7679993788777
33178,317.7225570942403
33179,294.820742176778
33180,411.6008703507012
33181,363.3173180104489
33182,216.84503374315054
33183,312.8395419351931
33184,514.2962233898422
33185,357.1669443079134
33186,299.767624847899
33187,0.0
33188,307.7889189249443
33189,357.3954975367391
33190,341.4593531254546
33191,392.42404848792944
33192,439.2741853241787
33193,285.4648545791351
33194,329.9013310210979
33195,354.6260736292576
33196,302.0137867563694
33197,338.9859797937972
33198,353.4146718261328
33199,313.00052753548215
33200,0.0
33201,101.18679404684022
33202,418.38740204476574
33203,397.5720519562825
33204,0.0
33205,249.96626832319825
33206,345.2077430481446
33207,361.88130846815295
33208,0.0
33209,320.5504977869833
33210,257.43573245334466
33211,381.60994328112616
33212,200.67648018637027
33213,395.5244898839935
33214,342.34872309218605
33215,408.2393815797152
33216,0.0
33217,396.4892022431658
33218,650.5438732755489
33219,548.1497248954229
33220,292.39810122075494
33221,352.0864744747021
33222,429.45722598682863
33223,529.8739569647978
33224,140.75442626282702
33225,437.918655260817
33226,472.6940475216458
33227,551.5618463223807
33228,344.9986678400844
33229,475.4037318493357
33230,413.24067010051294
33231,383.2484715068376
33232,352.63176489365367
33233,438.3380239161968
33234,407.7252095078265
33235,365.32717856860984
33236,486.4735727880961
33237,524.2131402268919
33238,412.9914376083598
33239,457.2046118286466
33240,500.2595344567195
33241,362.7291793451528
33242,0.0
33243,0.0
33244,646.4177520555386
33245,254.34962234582957
33246,155.61554671499113
33247,186.79184104228074
33248,684.9277398042257
33249,425.1408018463096
33250,430.36801326949666
33251,491.8585210301576
33252,269.0252813338473
33253,380.90786132610054
33254,371.4791426513445
33255,369.32128827055345
33256,94.6099397351561
33257,507.6427381649195
33258,386.34962899787797
33259,413.5451678960996
33260,270.50912195325645
33261,410.0442237350035
33262,398.2226378499447
33263,485.2363906129192
33264,348.2783541951653
33265,461.75917421168344
33266,445.1933676976995
33267,516.5825857987451
33268,456.6847681894727
33269,547.8896134679527
33270,477.51441557311
33271,578.882850135895
33272,437.23614751736284
33273,395.49766179195166
33274,240.46134342783142
33275,377.582838100133
33276,477.61877311599466
33277,451.02439865412293
33278,430.5556955092921
33279,448.7704353393279
33280,725.3530482032717
33281,415.9465228592045
33282,306.53860471940646
33283,42.48522220782104
33284,523.7003003149189
33285,336.0698845778782
33286,369.5390982614938
33287,474.0197114705989
33288,372.9070392821914
33289,380.54142485655836
33290,372.329262068118
33291,389.4520792546121
33292,0.0
33293,339.5728469349929
33294,397.9810325180193
33295,409.04696425526856
33296,86.21798267544136
33297,508.51201829084226
33298,511.0801683965882
33299,432.2344513006347
33300,238.4783642465532
33301,567.8199522885201
33302,480.9412378586601
33303,558.672986894434
33304,267.10206764162837
33305,686.4681251715521
33306,354.76109496567466
33307,499.25467331001835
33308,123.14729347312974
33309,432.36815747383366
33310,432.1227831930993
33311,642.5329842888441
33312,0.0
33313,422.8342835770691
33314,430.4089295716445
33315,379.0859202967995
33316,150.0078620421399
33317,402.48763663341674
33318,411.21262968810726
33319,399.420900271734
33320,59.829992459378246
33321,373.9898550019133
33322,314.3183560847158
33323,340.6335809499335
33324,288.23681188909416
33325,454.1521121263027
33326,338.8911860230113
33327,351.4320567016671
33328,313.52634957939125
33329,448.18613788875314
33330,350.09215609337514
33331,427.02537609257456
33332,529.209231025381
33333,455.70886270655905
33334,387.50454496356116
33335,427.77978535870415
33336,529.5935794831613
33337,193.63159943060987
33338,324.13272873474733
33339,339.3729319355934
33340,410.78942946372905
33341,270.8219406065228
33342,0.0
33343,164.3133039817094
33344,631.6793946594712
33345,470.3032023294794
33346,418.3608657607373
33347,405.2227398472425
33348,471.70514050294634
33349,539.5809741598392
33350,451.21431201421626
33351,502.96841019799973
33352,440.5048289978219
33353,455.0127119882942
33354,482.45103112895737
33355,520.8579281911859
33356,245.89811551703886
33357,388.07281024118464
33358,369.68541784214193
33359,445.96295818992905
33360,428.3153867822915
33361,475.3538152883403
33362,435.6226034337716
33363,534.5215035848719
33364,361.53589126434
33365,447.41222581429463
33366,393.47302046505047
33367,514.3610582718663
33368,398.5697570769775
33369,362.85827368970513
33370,54.32933007202104
33371,107.3181203572471
33372,185.58945382851425
33373,111.4100186360036
33374,392.30591848495936
33375,482.84339050088886
33376,589.9635966523927
33377,416.0737597859944
33378,321.87618837835686
33379,288.5952397221204
33380,539.5143618826042
33381,406.60217586819635
33382,441.2555119278466
33383,475.19082507227716
33384,381.3372969242761
33385,358.02780696257224
33386,407.44872423100367
33387,372.6434755014893
33388,288.7925510375041
33389,504.226122358828
33390,421.2788555110053
33391,457.5330789180542
33392,133.41608161856104
33393,429.5819028687205
33394,453.0913514689417
33395,449.6520038997347
33396,1.642549053129926
33397,446.3074064621957
33398,573.5846793667546
33399,602.7991687502595
33400,210.3311217635157
33401,395.2401595617282
33402,332.60839466807454
33403,528.0510559165208
33404,247.44742606448295
33405,328.061538639374
33406,360.00127152410033
33407,480.6711878348515
33408,290.0
33409,412.8342835770691
33410,420.4089295716445
33411,374.0859202967995
33412,150.0078620421399
33413,392.48763663341674
33414,406.21262968810726
33415,399.420900271734
33416,64.82999245937825
33417,358.9898550019133
33418,304.3183560847158
33419,330.6335809499335
33420,283.23681188909416
33421,444.1521121263027
33422,338.8911860230113
33423,346.4320567016671
33424,313.52634957939125
33425,448.18613788875314
33426,345.09215609337514
33427,422.02537609257456
33428,524.209231025381
33429,445.70886270655905
33430,392.50454496356116
33431,422.77978535870415
33432,524.5935794831613
33433,188.63159943060987
33434,319.13272873474733
33435,354.3729319355934
33436,415.78942946372905
33437,260.8219406065228
33438,0.0
33439,119.3133039817094
33440,549.0793946594712
33441,382.70320232947944
33442,360.76086576073726
33443,347.62273984724254
33444,347.23014050294637
33445,470.10597415983926
33446,391.7393120142163
33447,458.49341019799976
33448,408.05482899782197
33449,412.56271198829415
33450,450.0010311289573
33451,488.40792819118593
33452,328.64811551703883
33453,500.82281024118464
33454,447.43541784214193
33455,523.712958189929
33456,423.79038678229153
33457,475.8288152883403
33458,426.0976034337716
33459,564.9965035848718
33460,293.18589126434006
33461,399.06222581429466
33462,325.1230204650505
33463,431.0110582718664
33464,459.2697570769775
33465,428.5582736897051
33466,450.029330072021
33467,508.0181203572471
33468,540.5894538285143
33469,446.4100186360036
33470,397.30591848495936
33471,472.84339050088886
33472,609.9635966523927
33473,446.0737597859944
33474,341.87618837835686
33475,288.5952397221204
33476,529.5143618826042
33477,411.60217586819635
33478,446.2555119278466
33479,500.19082507227716
33480,396.3372969242761
33481,383.02780696257224
33482,417.44872423100367
33483,402.6434755014893
33484,313.7925510375041
33485,524.226122358828
33486,451.2788555110053
33487,477.5330789180542
33488,158.41608161856104
33489,444.5819028687205
33490,448.0913514689417
33491,469.6520038997347
33492,16.642549053129926
33493,471.3074064621957
33494,583.5846793667546
33495,627.7991687502595
33496,225.3311217635157
33497,420.2401595617282
33498,342.60839466807454
33499,563.0510559165208
33500,257.44742606448295
33501,348.061538639374
33502,370.00127152410033
33503,490.6711878348515
33504,0.0
33505,351.60084370828076
33506,480.15186167977186
33507,479.1767708726795
33508,185.45057428067838
33509,305.99974955346914
33510,313.61465710707057
33511,314.69099393466047
33512,46.3802567965281
33513,335.72575404000605
33514,306.3996401880835
33515,387.43440993915215
33516,154.8052997196066
33517,338.6834429748667
33518,289.12488368930485
33519,313.66138791250575
33520,299.5650455286683
33521,326.60738323622815
33522,299.18851547391
33523,349.35339327901266
33524,394.68708473314945
33525,350.52586568302695
33526,435.9828485742991
33527,491.43855259049656
33528,721.6812818428459
33529,222.3721783012522
33530,109.21201432209403
33531,228.55758919808463
33532,786.5202526034388
33533,342.5097863249878
33534,346.2932304386721
33535,530.880270393886
33536,698.1579286139643
33537,469.5849258616505
33538,491.16111082355445
33539,466.4519540313467
33540,458.78633960571364
33541,451.528484086105
33542,500.3794255467876
33543,542.7696987187975
33544,260.4638393080575
33545,431.27653472243253
33546,386.9750529744664
33547,431.39207803808415
33548,193.13888066954019
33549,349.59949796812066
33550,344.9357568181299
33551,346.07701395112264
33552,375.65475674902297
33553,364.9484540873618
33554,307.4335476725781
33555,376.942728829571
33556,199.55866977265177
33557,501.5061190802156
33558,407.35656699881093
33559,527.526581890407
33560,481.9453870325358
33561,471.4338452870834
33562,391.7895991545555
33563,458.47097562661145
33564,476.5554450627612
33565,433.8704364781455
33566,284.18079170009804
33567,379.3755089771889
33568,687.9303148785605
33569,463.50687155862573
33570,417.1085368880374
33571,372.8200639144276
33572,642.4382415081504
33573,427.5746459945754
33574,503.62110935678226
33575,460.1531841939644
33576,416.4074245977107
33577,406.6826819895511
33578,439.9142961563365
33579,400.03114498948327
33580,274.846832802733
33581,371.31784554593105
33582,279.6195947371255
33583,355.33757401322737
33584,4.295141124162058
33585,542.1318561235242
33586,459.4001337301708
33587,388.6224148742774
33588,0.0
33589,553.2159773607414
33590,567.2434902376649
33591,707.6056623614538
33592,155.45579864540755
33593,355.91404570980563
33594,115.60381911045806
33595,541.2904981320513
33596,256.7307449549018
33597,389.1352547862505
33598,439.75585360424805
33599,644.280586583798
33600,240.11166810753545
33601,269.75853492077664
33602,450.0401839265134
33603,363.61721715196865
33604,164.5144565118144
33605,370.36221576290677
33606,377.60708915057944
33607,385.91142502909236
33608,185.12858608340287
33609,355.57515653336014
33610,388.6055235408304
33611,392.56293538673975
33612,267.1436007247547
33613,315.56479508213744
33614,326.22305177514517
33615,419.0183793106833
33616,315.22332886409646
33617,327.59412401534087
33618,293.364048815884
33619,363.27057020831637
33620,357.8252276433416
33621,407.1474759328709
33622,374.60791077171024
33623,452.76809174756585
33624,576.4450048402082
33625,366.31917770584664
33626,183.11487695954617
33627,188.2265280703842
33628,718.048461878228
33629,337.0592460377042
33630,302.7305285017658
33631,373.39785812519847
33632,613.3472026831507
33633,475.38697070008953
33634,498.26150619046166
33635,508.4134188603257
33636,468.68599368441613
33637,531.3047498037134
33638,597.6744898839935
33639,548.5664975281356
33640,371.7975949268662
33641,594.4903102885964
33642,531.396311496521
33643,464.55786827141
33644,234.97683263019903
33645,483.87443690952716
33646,447.66828611355197
33647,482.4436250895399
33648,292.85108906435914
33649,518.0600696432092
33650,446.0450113627395
33651,529.8660793580391
33652,461.46884806520717
33653,474.93416954400914
33654,482.6750255036028
33655,573.4500970363624
33656,491.33428782196506
33657,451.5433363876048
33658,385.346275518752
33659,502.65082785040096
33660,691.2463443682116
33661,450.1428227427417
33662,392.0916625512878
33663,451.01920093181417
33664,532.6317478969562
33665,424.1288025365389
33666,312.0891025063898
33667,199.36518151936102
33668,599.3429541952773
33669,417.07216753382494
33670,418.6016483327142
33671,460.6816269185868
33672,391.8995149648181
33673,388.4224998748779
33674,424.25990502572193
33675,445.3089890686421
33676,172.01772995127527
33677,427.95635677494505
33678,478.84441157845833
33679,444.6753911220112
33680,234.9169508304446
33681,461.5658161597069
33682,530.9152735947881
33683,436.3762359691096
33684,98.72119547908699
33685,410.8880548035133
33686,396.8384698675314
33687,378.39259976707444
33688,181.83205161121458
33689,273.38096679175146
33690,369.3897456365277
33691,362.69408151504064
33692,17.37093341957234
33693,328.99376420342435
33694,422.5226738277137
33695,489.20533882056736
33696,165.80504927307578
33697,172.11509341268217
33698,362.6642250463551
33699,389.3377904663634
33700,1.419229834756493
33701,223.23556700741423
33702,368.1653883438874
33703,353.87688872785714
33704,291.8995149648181
33705,807.7820275225772
33706,388.96517925883916
33707,325.48946968639405
33708,52.03982865275401
33709,322.07737490185673
33710,351.9150571416521
33711,378.4471149821368
33712,296.38665805614755
33713,358.2251012812585
33714,323.1069809240114
33715,362.8005519002673
33716,384.54812755280085
33717,373.37572543032485
33718,409.9142961563365
33719,341.2724032612936
33720,481.7839110133512
33721,439.7896629135625
33722,390.55443363091473
33723,357.32668502652257
33724,837.3433701048519
33725,442.78107387950183
33726,392.7408293171732
33727,445.4466044433521
33728,458.6298325266786
33729,362.43668085933683
33730,371.4927616841482
33731,368.69999419350813
33732,317.20209895172303
33733,242.00867019542994
33734,389.27424948885056
33735,328.22910128986183
33736,94.89760611707169
33737,350.8349444199438
33738,301.5698053837696
33739,348.4796817998104
33740,65.62059102713152
33741,304.7285323928971
33742,306.669597437539
33743,288.4743089858482
33744,0.0
33745,233.52962996416164
33746,264.08010110872453
33747,327.92713336789615
33748,327.27815982917923
33749,292.8831898279223
33750,305.13195542040864
33751,332.5988425089596
33752,288.5653199172061
33753,350.5154408955755
33754,303.61857325389116
33755,270.7582817738323
33756,413.03168217068844
33757,316.65284251756293
33758,326.6086887537233
33759,285.3207166731752
33760,358.6899558603936
33761,323.33552450711403
33762,192.22676152021762
33763,0.0
33764,443.5211518570825
33765,326.3126648203197
33766,306.2750239420069
33767,234.02887903023395
33768,365.06231662138697
33769,261.4217558862597
33770,326.45288387904554
33771,345.3674304819129
33772,193.84970392997715
33773,356.04258815409065
33774,353.19265812525447
33775,339.95066551054896
33776,112.42934083944832
33777,368.29006522577924
33778,371.3152248652178
33779,431.7060085760123
33780,0.0
33781,412.4383021439657
33782,329.2534357793129
33783,372.988790285226
33784,99.04316667966506
33785,613.10151631077
33786,200.70633665505588
33787,382.778479841209
33788,0.0
33789,372.9018245631853
33790,339.26250870973786
33791,478.6768960959449
33792,73.38490998665736
33793,335.33884553732764
33794,369.3507725982994
33795,395.8503969285031
33796,0.0
33797,247.12283418319154
33798,297.5097256891725
33799,375.0207495448658
33800,86.162118303766
33801,341.3671630386846
33802,312.77847019548597
33803,363.4302672878076
33804,200.31813963157975
33805,343.2380834131945
33806,347.9420594797909
33807,340.40247732193285
33808,263.85485066219366
33809,330.33755701652996
33810,251.01664088691615
33811,349.0768473663746
33812,442.1344768042375
33813,344.8480873301359
33814,378.9911605194085
33815,423.4081855830263
33816,530.4764535610632
33817,371.9306865967218
33818,322.749945886716
33819,326.3619726673503
33820,487.85115791381867
33821,389.1638663732562
33822,377.5240229843266
33823,333.93017605793705
33824,420.622177179548
33825,235.54303721150364
33826,314.6276689875054
33827,328.61625246531844
33828,476.6441000733339
33829,313.09444090417884
33830,346.1936204218656
33831,321.3909753763672
33832,207.98377375432366
33833,585.4685228160945
33834,295.3934813079812
33835,286.6814703852267
33836,303.67759673870637
33837,187.36110034938827
33838,295.8770278417416
33839,300.2719712005781
33840,0.0
33841,188.20253525733457
33842,334.4229227126486
33843,383.7205219015242
33844,302.982046227501
33845,327.98722695311227
33846,306.6888764246441
33847,263.7364118545127
33848,0.0
33849,336.965746594208
33850,98.03960100941248
33851,238.7419508304446
33852,464.2754738449764
33853,387.06307760670256
33854,284.52871016785065
33855,364.3313382166517
33856,625.5361325050395
33857,345.77381700535676
33858,104.34052277298423
33859,0.0
33860,510.91009286917676
33861,261.68660818775953
33862,337.2358004572477
33863,351.5086876149056
33864,192.3553136102256
33865,290.1986871144171
33866,223.50172482640926
33867,297.5538964497096
33868,321.0049472757779
33869,332.65906131744117
33870,329.77798629912166
33871,373.58869284319866
33872,0.0
33873,327.861596997554
33874,323.7185238082814
33875,328.7198123290791
33876,67.3007887494403
33877,244.4027884042789
33878,373.3173010137515
33879,516.0788628790931
33880,18.81990809710686
33881,258.00961746260447
33882,229.14051314437455
33883,302.1202401448987
33884,17.4981703463622
33885,307.38638096719626
33886,325.04024456232867
33887,381.51905871185136
33888,0.0
33889,331.2541967646285
33890,356.18407873691683
33891,470.4829228074723
33892,173.93928298175686
33893,310.4089635650393
33894,306.7164306630503
33895,340.35445799569993
33896,196.18933709504086
33897,299.175533341974
33898,332.87587729601074
33899,363.84960930076704
33900,399.6987613475903
33901,332.424021845509
33902,323.7600568914078
33903,312.74603668520496
33904,288.09788135116605
33905,299.6883902506446
33906,243.2264504378715
33907,328.52503441617307
33908,378.06800788578306
33909,419.01324222418987
33910,275.82321213062306
33911,42.69554229756113
33912,308.8237226694078
33913,731.0020427074345
33914,68.06818014750581
33915,298.76271156551593
33916,566.9916540614958
33917,34.04975719770465
33918,0.0
33919,378.1927187610697
33920,612.355139786907
33921,462.82520908504824
33922,443.28355077865643
33923,384.41702350202195
33924,0.0
33925,0.0
33926,0.0
33927,0.0
33928,0.0
33929,0.0
33930,0.0
33931,0.0
33932,0.0
33933,0.0
33934,0.0
33935,0.0
33936,0.0
33937,0.0
33938,0.0
33939,0.0
33940,0.0
33941,0.0
33942,0.0
33943,0.0
33944,0.0
33945,0.0
33946,0.0
33947,0.0
33948,470.1765714162409
33949,278.4900482119684
33950,137.38260038829014
33951,258.78996435018564
33952,701.6332092317721
33953,402.5811588801023
33954,335.0143142918515
33955,354.73516469519757
33956,218.95359727360838
33957,205.27533502435307
33958,413.72630821790864
33959,401.51129129892155
33960,435.1038497045134
33961,434.4663595530688
33962,341.48276699015156
33963,354.77540925752623
33964,214.58457453952605
33965,372.2279990509231
33966,340.8984768905512
33967,394.1690470988675
33968,0.0
33969,290.0000169966974
33970,376.3320992019673
33971,368.0290784866726
33972,0.0
33973,337.7771816746882
33974,380.78026925506845
33975,509.8648840343728
33976,89.98971618128999
33977,270.83358322756874
33978,251.03091153964985
33979,261.53336335797985
33980,0.0
33981,672.9976059704413
33982,416.654053405848
33983,538.818386678771
33984,77.85907094605085
33985,218.87563420045421
33986,505.60235832793757
33987,535.2206305508705
33988,148.15636640355464
33989,270.13632685391224
33990,317.8434171433093
33991,406.1827732194217
33992,18.716014753475633
33993,339.8104294551257
33994,286.5112912989215
33995,367.51231237649097
33996,264.6364520771777
33997,323.35756257277757
33998,308.1212515767451
33999,297.2461619084704
34000,289.75202203524975
34001,291.74631377415625
34002,213.37707458693785
34003,312.4188411198977
34004,372.4759600189759
34005,401.5826808507335
34006,427.3084785298574
34007,378.2368385315146
34008,457.59798957773404
34009,269.82348921957436
34010,393.406914058926
34011,374.76373264308535
34012,815.4153478279612
34013,367.1683201069468
34014,194.97543588283327
34015,0.0
34016,0.0
34017,0.0
34018,0.0
34019,176.65122279452993
34020,0.0
34021,0.0
34022,0.0
34023,0.0
34024,0.0
34025,0.0
34026,0.0
34027,0.0
34028,0.0
34029,0.0
34030,0.0
34031,0.0
34032,0.0
34033,0.0
34034,0.0
34035,0.0
34036,0.0
34037,0.0
34038,0.0
34039,0.0
34040,0.0
34041,0.0
34042,0.0
34043,39.413325093785716
34044,597.2630022518251
34045,433.860031387805
34046,379.202856408182
34047,345.50900834297477
34048,565.3660643286025
34049,311.6723375350258
34050,213.79650387813297
34051,0.0
34052,407.8797598551013
34053,313.47965276735096
34054,396.7852601699642
34055,398.7016228291114
34056,357.71488204999866
34057,348.63154844051763
34058,356.0023702341824
34059,371.3372969242761
34060,232.51887625211015
34061,363.0524390665286
34062,309.8182212157273
34063,360.53101976621787
34064,20.77392863126431
34065,388.22123571886533
34066,336.4321003407849
34067,340.3297992493232
34068,0.0
34069,274.5832520253335
34070,355.82055745651496
34071,431.85272352356765
34072,0.0
34073,273.07585293122554
34074,269.5559725982434
34075,340.9620650360385
34076,62.947378473730225
34077,291.8696584961325
34078,0.0
34079,426.01785177520117
34080,0.0
34081,1.3439044390131016
34082,261.6917719166735
34083,311.28407987573445
34084,0.0
34085,198.63934984684226
34086,327.82914649057557
34087,336.54113077090966
34088,455.77748595835556
34089,359.2391214874613
34090,230.71801326949668
34091,349.15993052932475
34092,205.92837699835457
34093,284.4871430913295
34094,265.0727217117275
34095,331.6320153401845
34096,268.7185238082814
34097,272.1319071136165
34098,299.8000413614826
34099,258.89900442603334
34100,412.26822661655433
34101,320.37006080834925
34102,312.04886758978415
34103,293.49263489928694
34104,484.6623823476548
34105,457.09424923860627
34106,196.32054385915703
34107,297.31634057199733
34108,570.0518775376516
34109,334.7416509383041
34110,217.08398241659373
34111,112.00742913586788
34112,300.20208619992167
34113,125.73060655705675
34114,143.77266717566528
34115,43.528588766703024
34116,0.0
34117,0.0
34118,0.7782979508768335
34119,0.0
34120,0.0
34121,0.0
34122,0.0
34123,0.0
34124,0.0
34125,0.0
34126,0.0
34127,0.0
34128,0.0
34129,0.0
34130,0.0
34131,0.0
34132,0.0
34133,0.0
34134,0.0
34135,0.0
34136,0.0
34137,0.0
34138,0.0
34139,0.0
34140,239.74428861571477
34141,216.15951461975013
34142,190.3882916526862
34143,323.01352666411555
34144,646.9124024675439
34145,283.3147749622483
34146,279.3729489322908
34147,124.61449164402688
34148,366.92419070789225
34149,332.39680305423417
34150,380.69591456801794
34151,360.4583416936082
34152,292.1553113325904
34153,332.5058504810563
34154,354.7857877054463
34155,311.08675891462775
34156,177.9395504249851
34157,377.4162374358818
34158,402.720072421333
34159,369.36122132775773
34160,24.0884973383952
34161,402.5058431300819
34162,360.4713068288467
34163,348.42768060048917
34164,232.8876049005438
34165,352.39027317200987
34166,318.3796346318359
34167,345.3661249644178
34168,0.0
34169,137.01121706574833
34170,322.2811991027673
34171,372.0124375997564
34172,0.0
34173,374.3209161296138
34174,324.85326805574726
34175,366.7644596350061
34176,0.0
34177,0.0
34178,265.4765045511555
34179,375.2401595617282
34180,171.71388761484965
34181,315.4128557698529
34182,343.76784130103505
34183,344.43908012597876
34184,0.0
34185,381.06722990377006
34186,294.5507482335142
34187,320.94261365769347
34188,274.85720389967867
34189,322.3136858978892
34190,335.60501300204567
34191,362.8550671153297
34192,391.56839320130234
34193,419.38063871270793
34194,304.69228245545816
34195,327.4682022517691
34196,349.02619771370536
34197,707.6223910789012
34198,376.94238020786
34199,306.7865656874593
34200,266.0543424010442
34201,495.8374317932645
34202,290.8998260471642
34203,259.0106895302662
34204,913.6144678486504
34205,139.00425427725196
34206,266.2620758034658
34207,0.0
34208,561.3297556102052
34209,302.38670904623984
34210,389.0174188689291
34211,381.6349471032439
34212,0.0
34213,400.4373371287316
34214,363.2054806177519
34215,387.5822877614615
34216,0.0
34217,125.78097954355286
34218,148.81134655102315
34219,71.36913520554637
34220,0.0
34221,0.0
34222,0.0
34223,91.69686297401009
34224,270.80660099220574
34225,357.6398731374284
34226,295.89746856478314
34227,365.83902715151237
34228,0.0
34229,261.57079629006193
34230,173.94422911871715
34231,242.6718088607261
34232,358.96162788487044
34233,452.67230664770943
34234,343.1683062163278
34235,396.01821924846655
34236,397.06183272502267
34237,246.57497407361893
34238,370.4271700617045
34239,401.74368344771995
34240,554.9155506837394
34241,294.53004232776624
34242,179.00555244377273
34243,347.0748148569587
34244,452.2253783702098
34245,354.2249114705429
34246,417.93559023338184
34247,468.1173423752341
34248,663.3081334541164
34249,262.39813521414976
34250,28.505711660433008
34251,4.824872369582124
34252,0.0
34253,0.0
34254,100.09226771928266
34255,262.908371442107
34256,0.0
34257,371.6605832880723
34258,360.0688125102165
34259,395.0778854406414
34260,274.7061848323793
34261,324.94243824168007
34262,427.9719255941995
34263,556.620270738954
34264,240.29346388850553
34265,540.8100747336617
34266,309.2560128209083
34267,457.7200117855177
34268,28.731600569427485
34269,349.19837643922796
34270,236.5126234588371
34271,472.9601883439434
34272,62.79286211985021
34273,257.4850669427957
34274,438.02901785085726
34275,337.92650030625947
34276,71.01929556102425
34277,317.8589763168407
34278,280.52712756140426
34279,293.4899972218762
34280,172.1202741382935
34281,318.48219581555156
34282,310.42586454420933
34283,311.43988475041215
34284,257.17348383586074
34285,287.77202759149736
34286,309.0197284672963
34287,395.44529892585695
34288,161.15040769593034
34289,272.674647133393
34290,271.0854267547122
34291,295.0142706527337
34292,430.8711634700663
34293,578.1796080065288
34294,467.87065293128154
34295,349.7286518096706
34296,473.61979419356413
34297,402.29551339461887
34298,355.42067417287495
34299,406.09452632755756
34300,782.8277027047525
34301,335.3778622146739
34302,290.237633510225
34303,405.6285770489543
34304,488.85191423146
34305,320.5229802423855
34306,370.86442946372904
34307,300.95015030408996
34308,223.03641652218695
34309,260.1332694448091
34310,165.8461019886945
34311,197.84817813722825
34312,0.0
34313,0.0
34314,40.26114327246675
34315,9.944352797499995
34316,137.240746594208
34317,146.15400467627762
34318,175.7696998576151
34319,133.74296496270458
34320,225.9880729390283
34321,233.67179300284627
34322,214.83641071569508
34323,250.1726792114273
34324,147.08229667403177
34325,230.3528668823481
34326,206.87842883400336
34327,237.15109218755086
34328,262.49676055393394
34329,309.79875284068487
34330,185.60898283937198
34331,311.6054880865932
34332,428.20693842371116
34333,330.1227723926489
34334,355.24797796475025
34335,360.76228434234054
34336,557.5421348517817
34337,196.88909277164908
34338,384.6468401708208
34339,403.88858233899543
34340,606.6189555757359
34341,130.0906747943232
34342,431.1373479314817
34343,453.5120352875397
34344,473.0537202363519
34345,507.1266753979129
34346,438.4964494715879
34347,510.2440347698444
34348,371.6580062464769
34349,413.32248173936284
34350,723.7754874423343
34351,863.423582140558
34352,322.5850510849159
34353,502.1487304602738
34354,506.8241385789824
34355,487.17600988736393
34356,0.0
34357,492.6940208792254
34358,480.32322572798097
34359,579.4000560976581
34360,494.61172534401123
34361,589.2000974591408
34362,0.0
34363,396.84883131875404
34364,217.30202628014575
34365,355.32715192618946
34366,354.61175933740606
34367,551.2346507570733
34368,0.0
34369,539.8311183641763
34370,634.3415880419669
34371,727.8393526767729
34372,278.3614717742886
34373,288.78602115527974
34374,4.583492273845707
34375,318.4043200206331
34376,236.88783835037725
34377,390.83738815414665
34378,400.3258464086943
34379,475.25050401625344
34380,0.0
34381,388.9677563004346
34382,380.32066568308295
34383,470.43619200203716
34384,351.99556326300683
34385,471.1230166429327
34386,53.92519194172013
34387,345.12332772527884
34388,350.3843144643855
34389,478.5470554851392
34390,447.0942322419089
34391,112.41650432681445
34392,134.80939817953765
34393,558.8314124498249
34394,408.2316141667854
34395,477.40841903285974
34396,710.6490551399778
34397,456.4255704585606
34398,116.31808579444328
34399,400.88936032100844
34400,537.8877931667769
34401,379.4744172124162
34402,381.16750429230785
34403,420.61567434540893
34404,148.53691686295303
34405,360.77376559248626
34406,363.2043003235222
34407,332.8758162374172
34408,315.5066868383627
34409,0.0
34410,282.4788968724879
34411,284.8003841767017
34412,0.0
34413,148.45037142490025
34414,187.47788430182382
34415,221.32882576250645
34416,388.68766524309797
34417,493.68763124970314
34418,25.95618309825676
34419,423.8031915620522
34420,344.1256585652394
34421,709.4540140287395
34422,419.1308489365738
34423,537.6649392864745
34424,35.63249669987903
34425,426.88641922260047
34426,386.1917835296572
34427,437.2824006557038
34428,322.7953881713534
34429,418.0381514170975
34430,48.81358446999991
34431,426.12694284114116
34432,704.5324567533619
34433,380.67904987699137
34434,393.12514378155873
34435,403.71979533238175
34436,431.6698284802198
34437,457.9368617574821
34438,401.72421507267745
34439,446.86310197148777
34440,379.5598478063596
34441,411.2009530736664
34442,124.45881539195386
34443,377.18771084947656
34444,457.3668689530359
34445,421.7060085760123
34446,368.0459528234221
34447,372.20979255425794
34448,0.0
34449,411.4554269272462
34450,359.72992333377096
34451,95.31445368188355
34452,0.0
34453,363.82755423840615
34454,425.1791314611389
34455,541.2593265001476
34456,0.0
34457,377.87325661529746
34458,299.1288025365389
34459,343.1277474655746
34460,290.68424759930014
34461,358.9742691859615
34462,0.0
34463,339.01710778658304
34464,250.3635382770993
34465,300.5492092661856
34466,348.2874445450659
34467,361.29833353177077
34468,0.0
34469,291.668384694397
34470,335.10645338852925
34471,360.938677813762
34472,0.0
34473,292.7434330011891
34474,318.5613867736881
34475,0.0
34476,0.0
34477,304.3650868901509
34478,378.9820535955887
34479,331.1334557266681
34480,246.3464134938189
34481,287.3370464777452
34482,0.0
34483,320.5699758077488
34484,306.48011966701785
34485,375.8880548035133
34486,381.39183878175885
34487,374.105388671842
34488,92.67099517709164
34489,348.127764462272
34490,404.88183600363504
34491,449.5663170527686
34492,530.5075985505465
34493,390.9711816055813
34494,25.469004029158327
34495,424.65720162204343
34496,451.08893209952396
34497,308.078077106214
34498,308.16506947067523
34499,381.40446804708785
34500,217.50099004362227
34501,348.33303485615806
34502,358.61736517842337
34503,109.05258654068768
34504,0.0
34505,0.0
34506,0.0
34507,0.0
34508,0.0
34509,0.0
34510,0.0
34511,22.428701678058644
34512,0.0
34513,0.0
34514,0.0
34515,0.0
34516,308.5713736939322
34517,346.35373609423175
34518,301.49789099688905
34519,308.35325219786745
34520,0.0
34521,209.67501585787977
34522,265.1865672490552
34523,269.2997839696422
34524,474.31571840730504
34525,406.77352291970806
34526,65.53259217464563
34527,456.0866812821151
34528,724.2558841983034
34529,356.96572379101866
34530,423.7250027004135
34531,354.33004969585403
34532,298.909555135676
34533,382.1539621759774
34534,445.08306616625276
34535,489.9882457530465
34536,533.118596902637
34537,185.59616332343558
34538,59.73800862772566
34539,436.4411562745125
34540,356.07891386918527
34541,428.8561051895966
34542,470.14665431174006
34543,412.4512842759017
34544,0.0
34545,427.22275768949646
34546,439.68575257323386
34547,460.3920552348949
34548,0.0
34549,477.84724871230765
34550,526.4891416073506
34551,929.9270550364574
34552,311.9981839437201
34553,492.49666592472386
34554,0.0
34555,369.1937058452444
34556,0.0
34557,449.90125338858525
34558,505.2738742418326
34559,710.0322878909788
34560,0.0
34561,372.55904318192614
34562,589.9674282213911
34563,170.2468956990699
34564,0.0
34565,327.8135340322033
34566,394.12227265431454
34567,453.0965418402761
34568,0.0
34569,388.48217881885415
34570,482.48110675119244
34571,428.743121918843
34572,325.3998736379169
34573,451.8955451274918
34574,165.40270057374767
34575,511.8812308356403
34576,422.9004924032697
34577,364.03787432814624
34578,330.7114833872724
34579,381.76574815580386
34580,171.34533122813855
34581,587.9705764375865
34582,658.0419659893985
34583,509.65976166694145
34584,662.6576345283155
34585,558.5795156378406
34586,0.0
34587,506.5528073853505
34588,627.7096066951773
34589,485.1038497045134
34590,461.530769319687
34591,554.9934701177757
34592,559.4887662137016
34593,490.437737491897
34594,485.4624132349712
34595,549.126361192375
34596,596.7380366679981
34597,467.4651835037351
34598,85.69969259314092
34599,416.75888084207406
34600,0.0
34601,21.90332174625297
34602,0.0
34603,171.73578926704218
34604,0.0
34605,0.0
34606,72.43425454460964
34607,122.75882942920363
34608,157.83376609297488
34609,0.0
34610,62.25085179240796
34611,108.331063828114
34612,363.1958121479418
34613,465.94701256206065
34614,453.3243472412524
34615,559.2552236486897
34616,72.29360866225119
34617,480.9222185410306
34618,429.5732183598932
34619,537.0790178508573
34620,610.5621137656088
34621,615.0038145723009
34622,153.2020149433095
34623,543.7574192139971
34624,569.7922059617631
34625,408.9288438980215
34626,426.11268918510484
34627,409.6896787714423
34628,322.42683178464233
34629,462.370778154547
34630,472.6213598033131
34631,480.5673284846151
34632,472.3616882274246
34633,476.79949682930305
34634,182.58009361111942
34635,459.8675217117835
34636,448.40298786071753
34637,535.6218533454004
34638,843.5703140848108
34639,842.9639689228495
34640,0.0
34641,337.7875867650288
34642,245.50265807344738
34643,521.6683337043047
34644,300.33499697163194
34645,532.094198248514
34646,525.1167808463572
34647,501.852901415907
34648,0.0
34649,629.5051943229693
34650,418.3159688538359
34651,51.76994124494502
34652,0.0
34653,550.5309251370078
34654,550.7036309908555
34655,656.3216091281397
34656,377.1228001897967
34657,332.74992889001857
34658,590.5270159354967
34659,128.60058306373128
34660,203.0758699279229
34661,364.9700998921966
34662,291.3230529139628
34663,333.9807820714884
34664,0.0
34665,508.6652024848067
34666,418.84830378327194
34667,405.0428046072267
34668,358.89376306460673
34669,425.7815674215892
34670,378.3224817393628
34671,172.45930893404113
34672,429.56761521928934
34673,419.9519200379519
34674,360.15707639877803
34675,429.15991353262734
34676,380.0441367671423
34677,515.6309432725228
34678,85.74813662911492
34679,425.47780271767624
34680,1040.4645706915048
34681,505.0544982183649
34682,386.82938729138345
34683,415.82575517882367
34684,1280.306111142719
34685,687.1058482205344
34686,197.0659651783485
34687,494.9701435313144
34688,629.2097516155536
34689,443.9306796514123
34690,446.02103668520493
34691,521.5949046977673
34692,645.7105153012826
34693,425.9209300202328
34694,36.31722933436106
34695,371.95313008068035
34696,394.03343716837475
34697,394.6436478927292
34698,461.59899323582783
34699,471.35748451748657
34700,0.0
34701,169.813511229014
34702,150.84571128946158
34703,185.57434610243482
34704,222.3342460377042
34705,371.7265347224326
34706,352.13034420428096
34707,355.77093893280306
34708,345.4085449721646
34709,488.4778243820479
34710,138.8650337690538
34711,574.6385158966882
34712,386.0071942539557
34713,439.4309656529338
34714,430.9292748199194
34715,517.8715943919642
34716,476.00364175828275
34717,418.8003184504339
34718,428.8314900823376
34719,396.05557028602664
34720,154.71593656866736
34721,364.38200486601835
34722,206.55420753205573
34723,186.6736600492184
34724,615.4128047797607
34725,412.6213768000105
34726,453.3783291143408
34727,424.3832497476982
34728,525.9386608170646
34729,409.92856680907016
34730,427.00725687414507
34731,103.07738170053551
34732,362.44483202619006
34733,512.3136252620739
34734,491.6553685690661
34735,92.8916937147518
34736,0.0
34737,413.6496773046701
34738,572.8939625210453
34739,413.8210413528792
34740,273.9898889953082
34741,443.2250842845611
34742,694.0066177127554
34743,245.1339390707368
34744,0.0
34745,404.2910596609282
34746,374.1781200292925
34747,397.89141947284475
34748,190.362266752999
34749,380.8789648763909
34750,369.1482369181865
34751,518.2497260342404
34752,0.0
34753,321.42427229203986
34754,459.045641741076
34755,679.6025577843761
34756,221.25943812605507
34757,339.2157779043027
34758,318.78862483929566
34759,333.7652376170191
34760,0.0
34761,393.3289509857719
34762,331.44377695522576
34763,343.7054980372276
34764,256.68787971185986
34765,339.84157444460897
34766,308.89898742933593
34767,320.4440274017566
34768,400.29467477679054
34769,346.39962319138607
34770,0.0
34771,309.6754081187086
34772,476.4268419826609
34773,356.4697412190977
34774,327.0877703464742
34775,438.1147653336386
34776,587.9822700487247
34777,408.14592731981935
34778,272.0722281696402
34779,407.9693825459989
34780,670.9814654242912
34781,480.124633242774
34782,358.5082207152388
34783,128.76944770285763
34784,711.2145130322508
34785,354.48783254388536
34786,373.35564834131753
34787,417.78565553687133
34788,273.8999574996998
34789,0.0
34790,0.0
34791,255.95789801990884
34792,83.38201491740622
34793,186.19942415772573
34794,144.95949804583094
34795,149.38561303657113
34796,0.0
34797,0.0
34798,0.0
34799,0.0
34800,264.8087853673075
34801,280.48780860187844
34802,271.2980046071707
34803,330.28654444586584
34804,0.0
34805,299.0487628920728
34806,415.04198256331756
34807,646.8271481040716
34808,380.94396862079833
34809,456.1230734395169
34810,402.4656213709426
34811,422.45261259658616
34812,441.8086303955433
34813,460.6946090505228
34814,483.53673767303434
34815,444.3689790949645
34816,513.205632906216
34817,413.7392903498446
34818,338.702954989027
34819,0.0
34820,426.2542234070489
34821,386.1957893447525
34822,413.49391606911024
34823,393.1926847676749
34824,390.28172663824944
34825,414.14954243568167
34826,416.6735654200083
34827,398.43157280530284
34828,236.24258078600292
34829,359.2183719425956
34830,430.87378415077956
34831,386.642420430525
34832,0.0
34833,457.56682759155336
34834,389.64944385483665
34835,318.7496954401851
34836,276.99170505158804
34837,345.81795377249904
34838,510.20506173161607
34839,372.69408151504064
34840,179.00031108234612
34841,342.6564406367279
34842,310.04544228463743
34843,316.5787886459199
34844,0.0
34845,320.50376698154815
34846,358.0238807643638
34847,463.8898368663983
34848,143.18624951466066
34849,366.6982241663851
34850,361.3437758164082
34851,401.2411976359951
34852,0.0
34853,312.9498608861155
34854,380.9737416504794
34855,372.83948129937784
34856,273.66661227723495
34857,405.75951235922827
34858,368.2121191493225
34859,588.7690351926226
34860,381.500895854304
34861,315.5531014709992
34862,323.32249873606025
34863,340.37262085324727
34864,470.2154668219566
34865,438.07577529871287
34866,300.8582153315251
34867,317.0916455545904
34868,407.5447725291924
34869,384.65333605965026
34870,64.08623817782438
34871,465.41935165868244
34872,693.5496251757602
34873,468.70420951642984
34874,445.1103625900403
34875,408.2355233682964
34876,659.475398490099
34877,477.93169802856823
34878,433.3887512013787
34879,330.9634311893489
34880,717.1788814373864
34881,418.9084058582801
34882,465.6118543893944
34883,491.5869281997893
34884,374.7897749622483
34885,511.69830222167604
34886,506.7164917216438
34887,552.325440567621
34888,0.9034282645944245
34889,98.82862305335874
34890,395.38638791250577
34891,490.2552247875075
34892,337.75433473969525
34893,524.5460131659762
34894,359.49804482983564
34895,291.2223205383284
34896,0.0
34897,303.4445437470332
34898,252.0540104827695
34899,221.2892834045351
34900,0.0
34901,255.50811985675853
34902,312.72829085893653
34903,374.149995755104
34904,409.5094141840481
34905,413.6732539148839
34906,377.30869456021514
34907,389.5886051421847
34908,414.28200372720073
34909,424.15605532120856
34910,456.1646273585718
34911,421.4541554031459
34912,406.7761702428418
34913,355.5180546309793
34914,372.0942662353037
34915,343.6626934300009
34916,582.8965832017586
34917,306.08286670981414
34918,0.0
34919,364.6039919244762
34920,393.0108889867048
34921,383.4419778956433
34922,353.28096565293384
34923,394.7870592295466
34924,307.01247159315125
34925,363.6769737284576
34926,356.39055026096116
34927,376.530769319687
34928,0.0
34929,425.6556626547149
34930,385.9607765152408
34931,356.326918476356
34932,214.27294779347318
34933,147.6811940123147
34934,315.4180801345821
34935,505.9217694836176
34936,0.0
34937,249.1768655018896
34938,216.95406417327527
34939,273.60816121824115
34940,0.0
34941,251.813828117852
34942,270.49080184630964
34943,300.62711170352446
34944,0.0
34945,276.5865900522445
34946,293.035564729779
34947,317.999222017987
34948,0.0
34949,287.7096843276899
34950,268.12647594147427
34951,0.0
34952,0.0
34953,310.40899020745974
34954,343.4899802251788
34955,342.9576719381632
34956,298.9132580820696
34957,295.56219139812157
34958,304.10023458865106
34959,340.107741909327
34960,346.7138366247574
34961,315.94258701527303
34962,315.11293963163575
34963,290.98156005350137
34964,319.2028127690641
34965,346.32823363957414
34966,399.00674633536033
34967,379.10152310944875
34968,688.8495413139774
34969,399.82989783016814
34970,401.91899298558354
34971,362.81483954969843
34972,545.9984003968561
34973,437.7434330011891
34974,63.10596664512076
34975,403.71594676668593
34976,700.1109578361643
34977,386.3211561019785
34978,386.86905020494595
34979,400.24742295840457
34980,0.0
34981,86.11681711738714
34982,151.8217876191326
34983,270.6376312497031
34984,187.4387453948868
34985,226.7246243302037
34986,232.4789463180976
34987,324.0759074672878
34988,0.0
34989,91.06270193690631
34990,149.69809894311967
34991,255.07199132046728
34992,408.8596545791911
34993,430.0190745697312
34994,354.7711136016783
34995,409.4244496613286
34996,0.0
34997,0.0
34998,0.0
34999,0.0
35000,424.99553465332565
35001,356.90673358355895
35002,344.4749103317253
35003,364.1360477977002
35004,416.18147505290096
35005,345.6816439152842
35006,353.37705759024044
35007,373.3848153574472
35008,661.6981561795955
35009,352.1319071136165
35010,349.5261161295578
35011,0.0
35012,439.2702931193651
35013,328.52768173930684
35014,359.467665070564
35015,343.79513772482255
35016,372.41884111989765
35017,340.0428386006215
35018,323.07453776800736
35019,304.51962024072833
35020,163.7224670031873
35021,345.03114498948327
35022,351.921570027179
35023,0.2041517276584841
35024,0.0
35025,372.6265841680423
35026,409.4299901988564
35027,488.7807627971557
35028,196.5087482507209
35029,316.32562995555827
35030,370.4323337906184
35031,37.9176846210442
35032,337.55906017862355
35033,328.123855260761
35034,289.98052197923454
35035,358.67824525255793
35036,279.293697338339
35037,287.1799530822698
35038,316.65671772567913
35039,398.5782441137403
