snapshot,grid_power
0,290.0
1,295.0
2,290.0
3,295.0
4,290.0
5,290.0
6,290.0
7,290.0
8,290.0
9,290.0
10,290.0
11,290.0
12,290.0
13,290.0
14,300.0
15,285.0
16,290.0
17,290.0
18,285.0
19,295.0
20,305.0
21,320.0
22,345.0
23,345.0
24,355.0
25,335.0
26,360.0
27,345.0
28,350.0
29,345.0
30,345.0
31,360.0
32,350.0
33,345.0
34,360.0
35,370.0
36,250.325
37,235.325
38,240.325
39,240.325
40,77.92499999999995
41,57.924999999999955
42,57.924999999999955
43,52.924999999999955
44,-0.0
45,-0.0
46,-0.0
47,-0.0
48,-0.0
49,-0.0
50,-0.0
51,-0.0
52,-0.0
53,-0.0
54,-0.0
55,-0.0
56,-0.0
57,-0.0
58,-0.0
59,-0.0
60,-0.0
61,-0.0
62,-0.0
63,-0.0
64,-0.0
65,-0.0
66,-0.0
67,-0.0
68,-0.0
69,-0.0
70,-0.0
71,-0.0
72,223.46438600004058
73,345.0
74,345.0
75,340.0
76,335.0
77,340.0
78,345.0
79,330.0
80,320.0
81,320.0
82,320.0
83,315.0
84,310.0
85,305.0
86,305.0
87,305.0
88,295.0
89,295.0
90,290.0
91,295.0
92,290.0
93,290.0
94,290.0
95,290.0
96,295.0
97,285.0
98,295.0
99,285.0
100,290.0
101,290.0
102,290.0
103,295.0
104,290.0
105,290.0
106,290.0
107,290.0
108,285.0
109,290.0
110,290.0
111,300.0
112,290.0
113,285.0
114,290.0
115,300.0
116,305.0
117,320.0
118,375.0
119,380.0
120,400.0
121,385.0
122,385.0
123,385.0
124,370.0
125,385.0
126,390.0
127,380.0
128,373.6
129,378.6
130,373.6
131,393.6
132,284.325
133,279.325
134,289.325
135,294.325
136,140.675
137,140.675
138,135.675
139,125.67500000000001
140,43.025000000000034
141,38.025000000000034
142,53.025000000000034
143,43.025000000000034
144,-0.0
145,-0.0
146,-0.0
147,-0.0
148,-0.0
149,-0.0
150,-0.0
151,-0.0
152,-0.0
153,-0.0
154,-0.0
155,-0.0
156,-0.0
157,-0.0
158,-0.0
159,-0.0
160,-0.0
161,-0.0
162,-0.0
163,274.64867240002275
164,350.0
165,355.0
166,350.0
167,350.0
168,345.0
169,350.0
170,350.0
171,350.0
172,350.0
173,345.0
174,340.0
175,335.0
176,325.0
177,325.0
178,325.0
179,325.0
180,320.0
181,320.0
182,315.0
183,315.0
184,300.0
185,295.0
186,295.0
187,295.0
188,290.0
189,295.0
190,290.0
191,290.0
192,290.0
193,290.0
194,290.0
195,290.0
196,285.0
197,285.0
198,285.0
199,290.0
200,290.0
201,285.0
202,285.0
203,295.0
204,285.0
205,290.0
206,285.0
207,285.0
208,285.0
209,295.0
210,290.0
211,290.0
212,310.0
213,320.0
214,360.0
215,350.0
216,355.0
217,370.0
218,360.0
219,365.0
220,375.0
221,375.0
222,370.0
223,360.0
224,350.0
225,350.0
226,355.0
227,370.0
228,322.2
229,327.2
230,327.2
231,312.2
232,302.25
233,302.25
234,287.25
235,307.25
236,346.625
237,366.625
238,356.625
239,326.625
240,303.125
241,278.125
242,288.125
243,303.125
244,313.225
245,313.225
246,313.225
247,313.225
248,335.575
249,340.575
250,340.575
251,330.575
252,355.0
253,350.0
254,345.0
255,350.0
256,350.0
257,345.0
258,355.0
259,350.0
260,355.0
261,360.0
262,360.0
263,355.0
264,350.0
265,350.0
266,355.0
267,350.0
268,355.0
269,345.0
270,345.0
271,345.0
272,330.0
273,335.0
274,325.0
275,335.0
276,320.0
277,320.0
278,320.0
279,320.0
280,305.0
281,300.0
282,300.0
283,295.0
284,300.0
285,300.0
286,295.0
287,300.0
288,295.0
289,300.0
290,300.0
291,300.0
292,295.0
293,300.0
294,300.0
295,300.0
296,300.0
297,295.0
298,300.0
299,295.0
300,300.0
301,295.0
302,300.0
303,300.0
304,295.0
305,310.0
306,300.0
307,305.0
308,320.0
309,355.0
310,380.0
311,385.0
312,400.0
313,380.0
314,390.0
315,420.0
316,470.0
317,465.0
318,470.0
319,465.0
320,451.025
321,461.025
322,486.025
323,516.025
324,454.475
325,454.475
326,424.475
327,424.475
328,411.55
329,411.55
330,411.55
331,396.55
332,375.425
333,400.425
334,400.425
335,385.425
336,387.525
337,387.525
338,387.525
339,367.525
340,404.4
341,414.4
342,419.4
343,414.4
344,410.825
345,415.825
346,405.825
347,395.825
348,444.7
349,439.7
350,424.7
351,409.7
352,400.0
353,395.0
354,395.0
355,405.0
356,395.0
357,395.0
358,395.0
359,395.0
360,410.0
361,400.0
362,385.0
363,390.0
364,385.0
365,370.0
366,360.0
367,365.0
368,360.0
369,355.0
370,365.0
371,350.0
372,335.0
373,340.0
374,335.0
375,335.0
376,330.0
377,325.0
378,320.0
379,310.0
380,310.0
381,315.0
382,305.0
383,310.0
384,310.0
385,305.0
386,305.0
387,305.0
388,300.0
389,310.0
390,305.0
391,305.0
392,305.0
393,305.0
394,300.0
395,305.0
396,300.0
397,310.0
398,305.0
399,310.0
400,310.0
401,305.0
402,305.0
403,315.0
404,330.0
405,345.0
406,400.0
407,405.0
408,420.0
409,415.0
410,415.0
411,440.0
412,490.0
413,460.0
414,465.0
415,460.0
416,488.6
417,483.6
418,493.6
419,498.6
420,447.175
421,422.175
422,462.175
423,442.175
424,409.075
425,419.075
426,424.075
427,429.075
428,468.25
429,453.25
430,463.25
431,458.25
432,418.075
433,418.075
434,408.075
435,418.075
436,414.35
437,379.35
438,384.35
439,384.35
440,179.875
441,119.875
442,114.875
443,114.875
444,435.775
445,435.775
446,430.775
447,445.775
448,430.0
449,430.0
450,400.0
451,410.0
452,400.0
453,395.0
454,395.0
455,405.0
456,400.0
457,390.0
458,405.0
459,385.0
460,385.0
461,375.0
462,360.0
463,370.0
464,365.0
465,350.0
466,365.0
467,355.0
468,340.0
469,340.0
470,335.0
471,330.0
472,330.0
473,320.0
474,315.0
475,305.0
476,305.0
477,310.0
478,305.0
479,305.0
480,310.0
481,300.0
482,300.0
483,300.0
484,300.0
485,305.0
486,300.0
487,305.0
488,300.0
489,305.0
490,305.0
491,305.0
492,300.0
493,305.0
494,300.0
495,320.0
496,325.0
497,310.0
498,305.0
499,310.0
500,335.0
501,350.0
502,380.0
503,385.0
504,395.0
505,415.0
506,410.0
507,415.0
508,465.0
509,455.0
510,495.0
511,485.0
512,457.325
513,452.325
514,447.325
515,457.325
516,493.65
517,503.65
518,493.65
519,498.65
520,-0.0
521,-0.0
522,-0.0
523,-0.0
524,210.5033996000034
525,317.9
526,312.9
527,317.9
528,472.975
529,447.975
530,467.975
531,492.975
532,438.475
533,413.475
534,408.475
535,408.475
536,444.525
537,444.525
538,439.525
539,429.525
540,445.0
541,435.0
542,425.0
543,415.0
544,405.0
545,415.0
546,410.0
547,410.0
548,415.0
549,410.0
550,405.0
551,405.0
552,395.0
553,390.0
554,410.0
555,390.0
556,390.0
557,390.0
558,380.0
559,370.0
560,365.0
561,360.0
562,380.0
563,355.0
564,345.0
565,340.0
566,340.0
567,330.0
568,320.0
569,320.0
570,310.0
571,310.0
572,300.0
573,310.0
574,300.0
575,305.0
576,305.0
577,300.0
578,300.0
579,300.0
580,295.0
581,305.0
582,300.0
583,300.0
584,295.0
585,300.0
586,300.0
587,300.0
588,295.0
589,300.0
590,295.0
591,305.0
592,305.0
593,305.0
594,305.0
595,315.0
596,320.0
597,345.0
598,390.0
599,395.0
600,390.0
601,410.0
602,415.0
603,455.0
604,490.0
605,475.0
606,480.0
607,495.0
608,486.0
609,491.0
610,491.0
611,546.0
612,417.05
613,392.05
614,387.05
615,402.05
616,417.65
617,407.65
618,402.65
619,422.65
620,272.225
621,237.225
622,262.225
623,267.225
624,407.625
625,392.625
626,407.625
627,392.625
628,322.125
629,322.125
630,317.125
631,312.125
632,338.825
633,353.825
634,353.825
635,348.825
636,464.625
637,454.625
638,444.625
639,429.625
640,430.0
641,425.0
642,415.0
643,420.0
644,415.0
645,410.0
646,405.0
647,415.0
648,400.0
649,400.0
650,390.0
651,395.0
652,385.0
653,390.0
654,370.0
655,380.0
656,375.0
657,375.0
658,380.0
659,365.0
660,345.0
661,335.0
662,335.0
663,335.0
664,320.0
665,320.0
666,315.0
667,305.0
668,305.0
669,300.0
670,300.0
671,305.0
672,300.0
673,300.0
674,305.0
675,300.0
676,300.0
677,305.0
678,300.0
679,295.0
680,300.0
681,300.0
682,300.0
683,300.0
684,300.0
685,300.0
686,305.0
687,305.0
688,305.0
689,315.0
690,305.0
691,310.0
692,320.0
693,345.0
694,395.0
695,385.0
696,385.0
697,415.0
698,440.0
699,455.0
700,465.0
701,455.0
702,450.0
703,465.0
704,485.0
705,475.0
706,480.0
707,510.0
708,303.82500000000005
709,338.82500000000005
710,328.82500000000005
711,333.82500000000005
712,319.45000000000005
713,364.45000000000005
714,349.45000000000005
715,319.45000000000005
716,342.42499999999995
717,327.42499999999995
718,327.42499999999995
719,352.42499999999995
720,361.775
721,351.775
722,351.775
723,346.775
724,316.65
725,336.65
726,331.65
727,291.65
728,376.1
729,376.1
730,356.1
731,361.1
732,377.275
733,387.275
734,342.275
735,342.275
736,415.0
737,400.0
738,400.0
739,415.0
740,410.0
741,410.0
742,420.0
743,405.0
744,390.0
745,400.0
746,410.0
747,400.0
748,390.0
749,380.0
750,375.0
751,370.0
752,365.0
753,360.0
754,350.0
755,350.0
756,340.0
757,340.0
758,335.0
759,325.0
760,320.0
761,315.0
762,310.0
763,310.0
764,300.0
765,305.0
766,300.0
767,300.0
768,305.0
769,300.0
770,300.0
771,300.0
772,300.0
773,300.0
774,305.0
775,300.0
776,315.0
777,300.0
778,300.0
779,300.0
780,300.0
781,300.0
782,310.0
783,320.0
784,305.0
785,305.0
786,305.0
787,320.0
788,340.0
789,340.0
790,365.0
791,355.0
792,370.0
793,370.0
794,375.0
795,385.0
796,405.0
797,385.0
798,395.0
799,385.0
800,344.425
801,344.425
802,359.425
803,369.425
804,247.225
805,252.225
806,237.225
807,212.225
808,164.125
809,164.125
810,169.125
811,159.125
812,112.92500000000001
813,132.925
814,132.925
815,132.925
816,250.5
817,250.5
818,215.5
819,210.5
820,295.75
821,290.75
822,280.75
823,285.75
824,341.425
825,336.425
826,331.425
827,346.425
828,327.8
829,322.8
830,312.8
831,317.8
832,355.0
833,360.0
834,360.0
835,365.0
836,370.0
837,370.0
838,370.0
839,370.0
840,360.0
841,365.0
842,370.0
843,370.0
844,365.0
845,360.0
846,360.0
847,360.0
848,355.0
849,355.0
850,350.0
851,350.0
852,350.0
853,345.0
854,330.0
855,330.0
856,315.0
857,310.0
858,310.0
859,315.0
860,310.0
861,305.0
862,305.0
863,310.0
864,300.0
865,305.0
866,300.0
867,300.0
868,300.0
869,300.0
870,305.0
871,305.0
872,295.0
873,300.0
874,305.0
875,295.0
876,305.0
877,295.0
878,300.0
879,295.0
880,300.0
881,300.0
882,300.0
883,305.0
884,325.0
885,330.0
886,360.0
887,355.0
888,380.0
889,410.0
890,405.0
891,400.0
892,390.0
893,380.0
894,390.0
895,385.0
896,393.25
897,393.25
898,388.25
899,393.25
900,234.775
901,229.775
902,224.775
903,204.775
904,265.15
905,270.15
906,265.15
907,270.15
908,203.29999999999998
909,203.29999999999998
910,208.29999999999998
911,223.29999999999998
912,268.1
913,248.1
914,233.1
915,243.1
916,288.75
917,273.75
918,268.75
919,263.75
920,35.349999999999966
921,30.349999999999966
922,30.349999999999966
923,35.349999999999966
924,25.67500000000001
925,10.675000000000011
926,15.675000000000011
927,10.675000000000011
928,350.0
929,355.0
930,350.0
931,355.0
932,360.0
933,365.0
934,360.0
935,360.0
936,360.0
937,360.0
938,365.0
939,370.0
940,360.0
941,350.0
942,355.0
943,360.0
944,345.0
945,345.0
946,340.0
947,340.0
948,340.0
949,330.0
950,330.0
951,330.0
952,320.0
953,310.0
954,305.0
955,305.0
956,310.0
957,310.0
958,305.0
959,310.0
960,310.0
961,305.0
962,315.0
963,305.0
964,305.0
965,310.0
966,305.0
967,310.0
968,310.0
969,310.0
970,305.0
971,305.0
972,305.0
973,310.0
974,305.0
975,305.0
976,320.0
977,305.0
978,305.0
979,315.0
980,330.0
981,360.0
982,415.0
983,390.0
984,410.0
985,410.0
986,415.0
987,430.0
988,475.0
989,470.0
990,465.0
991,515.0
992,348.425
993,328.425
994,338.425
995,383.425
996,510.875
997,505.875
998,505.875
999,505.875
1000,443.6
1001,443.6
1002,453.6
1003,468.6
1004,254.325
1005,244.325
1006,239.325
1007,254.325
1008,434.95
1009,424.95
1010,394.95
1011,414.95
1012,334.475
1013,324.475
1014,324.475
1015,324.475
1016,469.575
1017,464.575
1018,459.575
1019,454.575
1020,475.0
1021,470.0
1022,450.0
1023,450.0
1024,430.0
1025,425.0
1026,430.0
1027,425.0
1028,425.0
1029,420.0
1030,410.0
1031,415.0
1032,410.0
1033,405.0
1034,395.0
1035,395.0
1036,380.0
1037,385.0
1038,365.0
1039,365.0
1040,360.0
1041,355.0
1042,345.0
1043,360.0
1044,340.0
1045,350.0
1046,335.0
1047,335.0
1048,330.0
1049,320.0
1050,325.0
1051,315.0
1052,310.0
1053,315.0
1054,315.0
1055,310.0
1056,310.0
1057,305.0
1058,310.0
1059,310.0
1060,310.0
1061,305.0
1062,305.0
1063,310.0
1064,310.0
1065,305.0
1066,310.0
1067,300.0
1068,315.0
1069,305.0
1070,315.0
1071,320.0
1072,320.0
1073,310.0
1074,325.0
1075,320.0
1076,330.0
1077,355.0
1078,400.0
1079,400.0
1080,410.0
1081,420.0
1082,405.0
1083,445.0
1084,485.0
1085,480.0
1086,475.0
1087,480.0
1088,485.0
1089,495.0
1090,535.0
1091,555.0
1092,523.925
1093,523.925
1094,498.925
1095,488.925
1096,448.55
1097,428.55
1098,423.55
1099,413.55
1100,354.575
1101,359.575
1102,344.575
1103,349.575
1104,447.5
1105,452.5
1106,452.5
1107,437.5
1108,251.72500000000002
1109,236.72500000000002
1110,246.72500000000002
1111,221.72500000000002
1112,299.4
1113,304.4
1114,294.4
1115,304.4
1116,144.575
1117,124.57499999999999
1118,109.57499999999999
1119,89.57499999999999
1120,410.0
1121,410.0
1122,420.0
1123,415.0
1124,415.0
1125,415.0
1126,415.0
1127,405.0
1128,390.0
1129,395.0
1130,400.0
1131,400.0
1132,385.0
1133,380.0
1134,370.0
1135,365.0
1136,360.0
1137,355.0
1138,360.0
1139,350.0
1140,355.0
1141,345.0
1142,340.0
1143,335.0
1144,325.0
1145,320.0
1146,315.0
1147,305.0
1148,305.0
1149,305.0
1150,310.0
1151,305.0
1152,310.0
1153,300.0
1154,300.0
1155,305.0
1156,305.0
1157,300.0
1158,300.0
1159,300.0
1160,300.0
1161,300.0
1162,300.0
1163,295.0
1164,300.0
1165,295.0
1166,300.0
1167,310.0
1168,320.0
1169,305.0
1170,300.0
1171,305.0
1172,335.0
1173,355.0
1174,425.0
1175,400.0
1176,405.0
1177,425.0
1178,430.0
1179,440.0
1180,490.0
1181,475.0
1182,500.0
1183,515.0
1184,147.45
1185,152.45
1186,167.45
1187,172.45
1188,-0.0
1189,-0.0
1190,-0.0
1191,-0.0
1192,-0.0
1193,-0.0
1194,-0.0
1195,-0.0
1196,-0.0
1197,-0.0
1198,-0.0
1199,-0.0
1200,-0.0
1201,41.55829720000122
1202,440.2
1203,425.2
1204,-0.0
1205,-0.0
1206,-0.0
1207,-0.0
1208,-0.0
1209,-0.0
1210,29.48512720000285
1211,161.2
1212,35.375
1213,20.375
1214,15.375
1215,10.375
1216,425.0
1217,415.0
1218,410.0
1219,410.0
1220,400.0
1221,400.0
1222,405.0
1223,415.0
1224,405.0
1225,410.0
1226,400.0
1227,390.0
1228,380.0
1229,380.0
1230,375.0
1231,370.0
1232,360.0
1233,350.0
1234,355.0
1235,355.0
1236,360.0
1237,335.0
1238,330.0
1239,325.0
1240,320.0
1241,320.0
1242,310.0
1243,300.0
1244,305.0
1245,300.0
1246,300.0
1247,300.0
1248,295.0
1249,295.0
1250,295.0
1251,295.0
1252,300.0
1253,300.0
1254,295.0
1255,295.0
1256,295.0
1257,290.0
1258,295.0
1259,295.0
1260,295.0
1261,295.0
1262,295.0
1263,300.0
1264,305.0
1265,300.0
1266,300.0
1267,300.0
1268,325.0
1269,360.0
1270,380.0
1271,385.0
1272,390.0
1273,430.0
1274,415.0
1275,430.0
1276,475.0
1277,480.0
1278,490.0
1279,490.0
1280,392.5
1281,397.5
1282,402.5
1283,432.5
1284,186.52499999999998
1285,171.52499999999998
1286,181.52499999999998
1287,166.52499999999998
1288,392.95
1289,402.95
1290,392.95
1291,377.95
1292,127.59999999999997
1293,137.59999999999997
1294,147.59999999999997
1295,162.59999999999997
1296,150.64999999999998
1297,140.64999999999998
1298,130.64999999999998
1299,135.64999999999998
1300,-0.0
1301,-0.0
1302,-0.0
1303,-0.0
1304,-0.0
1305,254.06872239999564
1306,343.4
1307,338.4
1308,430.825
1309,415.825
1310,405.825
1311,395.825
1312,420.0
1313,410.0
1314,400.0
1315,400.0
1316,395.0
1317,405.0
1318,405.0
1319,405.0
1320,405.0
1321,400.0
1322,390.0
1323,405.0
1324,385.0
1325,375.0
1326,360.0
1327,360.0
1328,350.0
1329,355.0
1330,345.0
1331,340.0
1332,340.0
1333,355.0
1334,335.0
1335,335.0
1336,320.0
1337,315.0
1338,315.0
1339,300.0
1340,305.0
1341,300.0
1342,295.0
1343,300.0
1344,300.0
1345,300.0
1346,305.0
1347,300.0
1348,300.0
1349,295.0
1350,295.0
1351,300.0
1352,300.0
1353,300.0
1354,295.0
1355,290.0
1356,300.0
1357,295.0
1358,300.0
1359,305.0
1360,310.0
1361,300.0
1362,305.0
1363,305.0
1364,320.0
1365,340.0
1366,385.0
1367,380.0
1368,390.0
1369,405.0
1370,415.0
1371,430.0
1372,470.0
1373,475.0
1374,500.0
1375,500.0
1376,508.725
1377,488.725
1378,493.725
1379,503.725
1380,-0.0
1381,-0.0
1382,-0.0
1383,-0.0
1384,348.5458495999986
1385,-0.0
1386,387.675
1387,357.675
1388,415.325
1389,425.325
1390,420.325
1391,425.325
1392,-0.0
1393,-0.0
1394,-0.0
1395,-0.0
1396,108.74862640000211
1397,223.85
1398,238.85
1399,218.85
1400,412.0
1401,402.0
1402,402.0
1403,392.0
1404,429.725
1405,424.725
1406,414.725
1407,414.725
1408,430.0
1409,420.0
1410,415.0
1411,425.0
1412,410.0
1413,395.0
1414,385.0
1415,390.0
1416,380.0
1417,385.0
1418,385.0
1419,385.0
1420,375.0
1421,365.0
1422,350.0
1423,350.0
1424,355.0
1425,335.0
1426,335.0
1427,330.0
1428,320.0
1429,315.0
1430,305.0
1431,305.0
1432,305.0
1433,295.0
1434,295.0
1435,290.0
1436,290.0
1437,285.0
1438,285.0
1439,280.0
1440,285.0
1441,285.0
1442,280.0
1443,280.0
1444,280.0
1445,280.0
1446,280.0
1447,280.0
1448,280.0
1449,280.0
1450,285.0
1451,280.0
1452,285.0
1453,290.0
1454,300.0
1455,280.0
1456,280.0
1457,280.0
1458,295.0
1459,290.0
1460,315.0
1461,315.0
1462,335.0
1463,340.0
1464,345.0
1465,385.0
1466,375.0
1467,380.0
1468,405.0
1469,380.0
1470,375.0
1471,380.0
1472,400.0
1473,385.0
1474,370.0
1475,365.0
1476,330.175
1477,350.175
1478,335.175
1479,320.175
1480,362.875
1481,347.875
1482,342.875
1483,352.875
1484,295.7
1485,295.7
1486,310.7
1487,290.7
1488,271.0
1489,256.0
1490,266.0
1491,271.0
1492,246.175
1493,241.175
1494,236.175
1495,246.175
1496,297.125
1497,297.125
1498,297.125
1499,297.125
1500,320.725
1501,310.725
1502,300.725
1503,300.725
1504,350.0
1505,355.0
1506,350.0
1507,355.0
1508,355.0
1509,355.0
1510,360.0
1511,360.0
1512,360.0
1513,360.0
1514,365.0
1515,360.0
1516,360.0
1517,355.0
1518,350.0
1519,350.0
1520,340.0
1521,340.0
1522,335.0
1523,330.0
1524,330.0
1525,320.0
1526,320.0
1527,315.0
1528,310.0
1529,300.0
1530,305.0
1531,300.0
1532,290.0
1533,300.0
1534,295.0
1535,295.0
1536,295.0
1537,295.0
1538,290.0
1539,290.0
1540,290.0
1541,290.0
1542,295.0
1543,290.0
1544,290.0
1545,290.0
1546,295.0
1547,290.0
1548,290.0
1549,295.0
1550,295.0
1551,295.0
1552,290.0
1553,295.0
1554,295.0
1555,295.0
1556,310.0
1557,320.0
1558,370.0
1559,365.0
1560,360.0
1561,370.0
1562,385.0
1563,380.0
1564,380.0
1565,375.0
1566,365.0
1567,365.0
1568,341.95
1569,331.95
1570,331.95
1571,331.95
1572,38.89999999999998
1573,43.89999999999998
1574,33.89999999999998
1575,38.89999999999998
1576,319.05
1577,319.05
1578,324.05
1579,319.05
1580,-0.0
1581,-0.0
1582,-0.0
1583,-0.0
1584,27.78240200000033
1585,200.875
1586,205.875
1587,185.875
1588,295.25
1589,280.25
1590,280.25
1591,290.25
1592,288.325
1593,293.325
1594,298.325
1595,303.325
1596,351.175
1597,346.175
1598,341.175
1599,346.175
1600,345.0
1601,345.0
1602,345.0
1603,345.0
1604,355.0
1605,360.0
1606,360.0
1607,355.0
1608,355.0
1609,355.0
1610,360.0
1611,355.0
1612,355.0
1613,350.0
1614,350.0
1615,355.0
1616,345.0
1617,340.0
1618,335.0
1619,335.0
1620,335.0
1621,325.0
1622,320.0
1623,320.0
1624,310.0
1625,305.0
1626,305.0
1627,300.0
1628,300.0
1629,295.0
1630,300.0
1631,295.0
1632,305.0
1633,310.0
1634,300.0
1635,300.0
1636,305.0
1637,300.0
1638,300.0
1639,300.0
1640,300.0
1641,300.0
1642,305.0
1643,300.0
1644,300.0
1645,300.0
1646,300.0
1647,300.0
1648,295.0
1649,305.0
1650,305.0
1651,310.0
1652,325.0
1653,360.0
1654,405.0
1655,405.0
1656,400.0
1657,410.0
1658,425.0
1659,425.0
1660,465.0
1661,480.0
1662,480.0
1663,480.0
1664,382.0
1665,377.0
1666,392.0
1667,422.0
1668,361.525
1669,381.525
1670,381.525
1671,376.525
1672,263.65
1673,303.65
1674,293.65
1675,263.65
1676,-0.0
1677,-0.0
1678,-0.0
1679,-0.0
1680,-0.0
1681,-0.0
1682,-0.0
1683,-0.0
1684,-0.0
1685,-0.0
1686,-0.0
1687,-0.0
1688,-0.0
1689,-0.0
1690,-0.0
1691,-0.0
1692,-0.0
1693,-0.0
1694,-0.0
1695,-0.0
1696,365.1565780000036
1697,425.0
1698,425.0
1699,410.0
1700,410.0
1701,405.0
1702,395.0
1703,400.0
1704,390.0
1705,395.0
1706,390.0
1707,395.0
1708,390.0
1709,380.0
1710,370.0
1711,370.0
1712,360.0
1713,360.0
1714,355.0
1715,350.0
1716,340.0
1717,340.0
1718,330.0
1719,335.0
1720,335.0
1721,330.0
1722,330.0
1723,335.0
1724,315.0
1725,315.0
1726,305.0
1727,310.0
1728,305.0
1729,310.0
1730,310.0
1731,305.0
1732,305.0
1733,310.0
1734,300.0
1735,310.0
1736,305.0
1737,310.0
1738,305.0
1739,310.0
1740,305.0
1741,310.0
1742,310.0
1743,315.0
1744,315.0
1745,310.0
1746,325.0
1747,315.0
1748,330.0
1749,370.0
1750,415.0
1751,410.0
1752,400.0
1753,410.0
1754,415.0
1755,455.0
1756,480.0
1757,485.0
1758,465.0
1759,475.0
1760,488.525
1761,503.525
1762,503.525
1763,528.525
1764,497.0
1765,477.0
1766,477.0
1767,467.0
1768,463.6
1769,503.6
1770,473.6
1771,458.6
1772,463.225
1773,463.225
1774,463.225
1775,478.225
1776,441.75
1777,426.75
1778,416.75
1779,411.75
1780,438.45
1781,448.45
1782,443.45
1783,428.45
1784,450.375
1785,455.375
1786,445.375
1787,455.375
1788,480.0
1789,475.0
1790,460.0
1791,440.0
1792,440.0
1793,430.0
1794,425.0
1795,420.0
1796,430.0
1797,410.0
1798,400.0
1799,405.0
1800,405.0
1801,405.0
1802,405.0
1803,420.0
1804,395.0
1805,380.0
1806,370.0
1807,370.0
1808,370.0
1809,365.0
1810,365.0
1811,370.0
1812,370.0
1813,345.0
1814,335.0
1815,340.0
1816,325.0
1817,325.0
1818,315.0
1819,310.0
1820,310.0
1821,305.0
1822,310.0
1823,300.0
1824,310.0
1825,305.0
1826,300.0
1827,300.0
1828,305.0
1829,300.0
1830,300.0
1831,305.0
1832,295.0
1833,305.0
1834,300.0
1835,300.0
1836,305.0
1837,305.0
1838,305.0
1839,320.0
1840,315.0
1841,305.0
1842,315.0
1843,320.0
1844,330.0
1845,360.0
1846,415.0
1847,405.0
1848,395.0
1849,410.0
1850,405.0
1851,450.0
1852,475.0
1853,480.0
1854,460.0
1855,475.0
1856,458.075
1857,458.075
1858,493.075
1859,483.075
1860,365.575
1861,345.575
1862,340.575
1863,335.575
1864,290.125
1865,300.125
1866,310.125
1867,280.125
1868,34.64999999999998
1869,44.64999999999998
1870,44.64999999999998
1871,74.64999999999998
1872,397.675
1873,367.675
1874,357.675
1875,377.675
1876,246.475
1877,216.475
1878,236.475
1879,236.475
1880,437.925
1881,422.925
1882,417.925
1883,432.925
1884,446.175
1885,451.175
1886,421.175
1887,431.175
1888,430.0
1889,420.0
1890,425.0
1891,420.0
1892,415.0
1893,425.0
1894,420.0
1895,400.0
1896,405.0
1897,400.0
1898,410.0
1899,405.0
1900,405.0
1901,400.0
1902,370.0
1903,385.0
1904,395.0
1905,375.0
1906,370.0
1907,355.0
1908,380.0
1909,385.0
1910,350.0
1911,345.0
1912,335.0
1913,340.0
1914,315.0
1915,325.0
1916,315.0
1917,315.0
1918,320.0
1919,310.0
1920,315.0
1921,305.0
1922,315.0
1923,300.0
1924,310.0
1925,305.0
1926,310.0
1927,310.0
1928,305.0
1929,320.0
1930,320.0
1931,320.0
1932,310.0
1933,300.0
1934,315.0
1935,310.0
1936,315.0
1937,305.0
1938,320.0
1939,315.0
1940,330.0
1941,360.0
1942,410.0
1943,410.0
1944,390.0
1945,425.0
1946,420.0
1947,455.0
1948,510.0
1949,505.0
1950,495.0
1951,500.0
1952,495.925
1953,490.925
1954,485.925
1955,530.925
1956,-0.0
1957,-0.0
1958,-0.0
1959,-0.0
1960,-0.0
1961,-0.0
1962,-0.0
1963,-0.0
1964,-0.0
1965,-0.0
1966,-0.0
1967,-0.0
1968,-0.0
1969,-0.0
1970,-0.0
1971,-0.0
1972,-0.0
1973,-0.0
1974,-0.0
1975,-0.0
1976,-0.0
1977,-0.0
1978,-0.0
1979,-0.0
1980,-0.0
1981,-0.0
1982,-0.0
1983,-0.0
1984,-0.0
1985,-0.0
1986,-0.0
1987,-0.0
1988,-0.0
1989,-0.0
1990,-0.0
1991,-0.0
1992,-0.0
1993,-0.0
1994,-0.0
1995,-0.0
1996,-0.0
1997,-0.0
1998,-0.0
1999,-0.0
2000,-0.0
2001,-0.0
2002,-0.0
2003,-0.0
2004,-0.0
2005,-0.0
2006,45.27618800004359
2007,330.0
2008,330.0
2009,315.0
2010,315.0
2011,305.0
2012,300.0
2013,305.0
2014,305.0
2015,300.0
2016,305.0
2017,300.0
2018,295.0
2019,320.0
2020,290.0
2021,310.0
2022,290.0
2023,305.0
2024,290.0
2025,305.0
2026,300.0
2027,295.0
2028,305.0
2029,295.0
2030,305.0
2031,320.0
2032,295.0
2033,295.0
2034,305.0
2035,310.0
2036,325.0
2037,345.0
2038,385.0
2039,375.0
2040,380.0
2041,395.0
2042,425.0
2043,430.0
2044,480.0
2045,475.0
2046,480.0
2047,480.0
2048,464.675
2049,474.675
2050,484.675
2051,489.675
2052,296.07500000000005
2053,291.07500000000005
2054,276.07500000000005
2055,301.07500000000005
2056,45.75
2057,65.75
2058,15.75
2059,5.75
2060,-0.0
2061,-0.0
2062,-0.0
2063,-0.0
2064,-0.0
2065,-0.0
2066,-0.0
2067,-0.0
2068,-0.0
2069,-0.0
2070,-0.0
2071,-0.0
2072,-0.0
2073,-0.0
2074,-0.0
2075,-0.0
2076,-0.0
2077,-0.0
2078,-0.0
2079,-0.0
2080,-0.0
2081,-0.0
2082,-0.0
2083,33.447989999995514
2084,370.0
2085,365.0
2086,365.0
2087,375.0
2088,370.0
2089,380.0
2090,385.0
2091,380.0
2092,370.0
2093,355.0
2094,350.0
2095,350.0
2096,350.0
2097,350.0
2098,345.0
2099,340.0
2100,345.0
2101,325.0
2102,315.0
2103,315.0
2104,310.0
2105,295.0
2106,295.0
2107,290.0
2108,285.0
2109,290.0
2110,285.0
2111,285.0
2112,290.0
2113,285.0
2114,285.0
2115,290.0
2116,275.0
2117,280.0
2118,285.0
2119,290.0
2120,305.0
2121,280.0
2122,280.0
2123,285.0
2124,280.0
2125,285.0
2126,290.0
2127,285.0
2128,285.0
2129,285.0
2130,280.0
2131,295.0
2132,300.0
2133,315.0
2134,355.0
2135,360.0
2136,355.0
2137,365.0
2138,360.0
2139,365.0
2140,380.0
2141,380.0
2142,375.0
2143,365.0
2144,316.9
2145,321.9
2146,331.9
2147,336.9
2148,-0.0
2149,-0.0
2150,-0.0
2151,-0.0
2152,-0.0
2153,-0.0
2154,-0.0
2155,-0.0
2156,-0.0
2157,-0.0
2158,-0.0
2159,-0.0
2160,-0.0
2161,-0.0
2162,-0.0
2163,-0.0
2164,-0.0
2165,-0.0
2166,-0.0
2167,-0.0
2168,-0.0
2169,-0.0
2170,-0.0
2171,-0.0
2172,-0.0
2173,-0.0
2174,-0.0
2175,-0.0
2176,-0.0
2177,-0.0
2178,-0.0
2179,-0.0
2180,-0.0
2181,-0.0
2182,-0.0
2183,-0.0
2184,-0.0
2185,-0.0
2186,-0.0
2187,-0.0
2188,-0.0
2189,-0.0
2190,-0.0
2191,-0.0
2192,-0.0
2193,-0.0
2194,-0.0
2195,-0.0
2196,-0.0
2197,-0.0
2198,-0.0
2199,-0.0
2200,-0.0
2201,-0.0
2202,-0.0
2203,-0.0
2204,-0.0
2205,-0.0
2206,-0.0
2207,-0.0
2208,-0.0
2209,-0.0
2210,217.36000000007272
2211,285.0
2212,285.0
2213,285.0
2214,285.0
2215,285.0
2216,290.0
2217,285.0
2218,285.0
2219,285.0
2220,285.0
2221,290.0
2222,290.0
2223,290.0
2224,285.0
2225,290.0
2226,290.0
2227,285.0
2228,300.0
2229,325.0
2230,385.0
2231,370.0
2232,365.0
2233,375.0
2234,380.0
2235,380.0
2236,405.0
2237,385.0
2238,375.0
2239,370.0
2240,359.325
2241,334.325
2242,339.325
2243,339.325
2244,232.4
2245,257.4
2246,257.4
2247,247.4
2248,257.65
2249,257.65
2250,257.65
2251,257.65
2252,201.775
2253,186.775
2254,191.775
2255,196.775
2256,194.125
2257,174.125
2258,184.125
2259,164.125
2260,-0.0
2261,-0.0
2262,-0.0
2263,-0.0
2264,-0.0
2265,-0.0
2266,-0.0
2267,-0.0
2268,-0.0
2269,-0.0
2270,-0.0
2271,-0.0
2272,-0.0
2273,-0.0
2274,-0.0
2275,-0.0
2276,308.5133520000208
2277,345.0
2278,340.0
2279,345.0
2280,340.0
2281,355.0
2282,355.0
2283,355.0
2284,350.0
2285,335.0
2286,330.0
2287,335.0
2288,330.0
2289,330.0
2290,320.0
2291,320.0
2292,335.0
2293,310.0
2294,305.0
2295,310.0
2296,295.0
2297,295.0
2298,290.0
2299,285.0
2300,290.0
2301,285.0
2302,290.0
2303,290.0
2304,290.0
2305,290.0
2306,295.0
2307,290.0
2308,290.0
2309,290.0
2310,295.0
2311,290.0
2312,285.0
2313,290.0
2314,290.0
2315,290.0
2316,285.0
2317,295.0
2318,285.0
2319,290.0
2320,290.0
2321,290.0
2322,295.0
2323,290.0
2324,320.0
2325,355.0
2326,395.0
2327,400.0
2328,410.0
2329,400.0
2330,415.0
2331,415.0
2332,450.0
2333,470.0
2334,485.0
2335,515.0
2336,494.6
2337,479.6
2338,479.6
2339,509.6
2340,506.125
2341,476.125
2342,456.125
2343,476.125
2344,343.8
2345,333.8
2346,343.8
2347,318.8
2348,392.0
2349,412.0
2350,407.0
2351,407.0
2352,-0.0
2353,-0.0
2354,-0.0
2355,-0.0
2356,-0.0
2357,110.84005840000992
2358,143.825
2359,158.825
2360,391.325
2361,381.325
2362,386.325
2363,391.325
2364,217.89999999999998
2365,192.89999999999998
2366,192.89999999999998
2367,177.89999999999998
2368,415.0
2369,400.0
2370,385.0
2371,385.0
2372,380.0
2373,375.0
2374,380.0
2375,385.0
2376,375.0
2377,380.0
2378,390.0
2379,385.0
2380,365.0
2381,355.0
2382,350.0
2383,350.0
2384,350.0
2385,350.0
2386,330.0
2387,330.0
2388,320.0
2389,315.0
2390,315.0
2391,310.0
2392,305.0
2393,305.0
2394,295.0
2395,295.0
2396,295.0
2397,290.0
2398,295.0
2399,290.0
2400,290.0
2401,295.0
2402,290.0
2403,285.0
2404,290.0
2405,290.0
2406,285.0
2407,285.0
2408,290.0
2409,290.0
2410,295.0
2411,285.0
2412,285.0
2413,285.0
2414,285.0
2415,300.0
2416,305.0
2417,290.0
2418,300.0
2419,305.0
2420,320.0
2421,355.0
2422,370.0
2423,365.0
2424,395.0
2425,395.0
2426,405.0
2427,440.0
2428,475.0
2429,455.0
2430,450.0
2431,450.0
2432,461.0
2433,481.0
2434,501.0
2435,526.0
2436,339.075
2437,364.075
2438,349.075
2439,344.075
2440,-0.0
2441,-0.0
2442,-0.0
2443,-0.0
2444,-0.0
2445,73.77565000000416
2446,289.1
2447,304.1
2448,17.05000000000001
2449,12.050000000000011
2450,2.0500000000000114
2451,-0.0
2452,251.7672522000033
2453,259.275
2454,239.275
2455,219.275
2456,352.925
2457,347.925
2458,332.925
2459,332.925
2460,446.075
2461,441.075
2462,436.075
2463,416.075
2464,420.0
2465,415.0
2466,395.0
2467,395.0
2468,390.0
2469,395.0
2470,400.0
2471,390.0
2472,390.0
2473,390.0
2474,390.0
2475,400.0
2476,380.0
2477,380.0
2478,360.0
2479,360.0
2480,360.0
2481,355.0
2482,350.0
2483,340.0
2484,335.0
2485,325.0
2486,320.0
2487,315.0
2488,315.0
2489,305.0
2490,295.0
2491,300.0
2492,295.0
2493,295.0
2494,295.0
2495,310.0
2496,300.0
2497,290.0
2498,295.0
2499,295.0
2500,290.0
2501,285.0
2502,290.0
2503,285.0
2504,290.0
2505,285.0
2506,290.0
2507,285.0
2508,290.0
2509,285.0
2510,290.0
2511,300.0
2512,315.0
2513,290.0
2514,295.0
2515,300.0
2516,315.0
2517,365.0
2518,410.0
2519,405.0
2520,405.0
2521,400.0
2522,425.0
2523,465.0
2524,495.0
2525,470.0
2526,455.0
2527,475.0
2528,473.9
2529,458.9
2530,483.9
2531,493.9
2532,254.89999999999998
2533,249.89999999999998
2534,244.89999999999998
2535,249.89999999999998
2536,406.15
2537,361.15
2538,356.15
2539,351.15
2540,394.45
2541,419.45
2542,434.45
2543,429.45
2544,380.875
2545,375.875
2546,360.875
2547,325.875
2548,381.525
2549,371.525
2550,361.525
2551,351.525
2552,346.45
2553,351.45
2554,351.45
2555,351.45
2556,131.5
2557,126.5
2558,111.5
2559,91.5
2560,420.0
2561,405.0
2562,395.0
2563,400.0
2564,405.0
2565,395.0
2566,405.0
2567,405.0
2568,400.0
2569,390.0
2570,390.0
2571,385.0
2572,370.0
2573,370.0
2574,365.0
2575,370.0
2576,370.0
2577,360.0
2578,345.0
2579,355.0
2580,335.0
2581,330.0
2582,315.0
2583,315.0
2584,315.0
2585,300.0
2586,300.0
2587,300.0
2588,295.0
2589,295.0
2590,295.0
2591,290.0
2592,290.0
2593,285.0
2594,290.0
2595,290.0
2596,290.0
2597,295.0
2598,290.0
2599,285.0
2600,285.0
2601,285.0
2602,290.0
2603,290.0
2604,285.0
2605,290.0
2606,285.0
2607,285.0
2608,305.0
2609,285.0
2610,295.0
2611,300.0
2612,320.0
2613,340.0
2614,380.0
2615,375.0
2616,395.0
2617,410.0
2618,410.0
2619,425.0
2620,460.0
2621,450.0
2622,480.0
2623,485.0
2624,472.5
2625,477.5
2626,487.5
2627,507.5
2628,542.125
2629,547.125
2630,492.125
2631,497.125
2632,409.2
2633,404.2
2634,379.2
2635,384.2
2636,455.25
2637,435.25
2638,435.25
2639,445.25
2640,469.075
2641,459.075
2642,454.075
2643,449.075
2644,348.95
2645,338.95
2646,328.95
2647,323.95
2648,415.975
2649,425.975
2650,415.975
2651,430.975
2652,431.15
2653,421.15
2654,421.15
2655,411.15
2656,425.0
2657,425.0
2658,420.0
2659,420.0
2660,400.0
2661,400.0
2662,395.0
2663,400.0
2664,400.0
2665,395.0
2666,405.0
2667,390.0
2668,370.0
2669,335.0
2670,305.0
2671,305.0
2672,300.0
2673,310.0
2674,300.0
2675,295.0
2676,295.0
2677,285.0
2678,275.0
2679,270.0
2680,265.0
2681,265.0
2682,260.0
2683,260.0
2684,265.0
2685,260.0
2686,260.0
2687,255.0
2688,255.0
2689,250.0
2690,260.0
2691,260.0
2692,265.0
2693,255.0
2694,250.0
2695,250.0
2696,255.0
2697,250.0
2698,250.0
2699,245.0
2700,255.0
2701,255.0
2702,250.0
2703,255.0
2704,260.0
2705,255.0
2706,255.0
2707,265.0
2708,275.0
2709,310.0
2710,350.0
2711,335.0
2712,360.0
2713,400.0
2714,410.0
2715,425.0
2716,470.0
2717,455.0
2718,470.0
2719,500.0
2720,474.125
2721,479.125
2722,479.125
2723,474.125
2724,409.575
2725,419.575
2726,419.575
2727,394.575
2728,302.575
2729,297.575
2730,302.575
2731,287.575
2732,346.625
2733,341.625
2734,356.625
2735,361.625
2736,-0.0
2737,-0.0
2738,-0.0
2739,-0.0
2740,-0.0
2741,-0.0
2742,-0.0
2743,-0.0
2744,-0.0
2745,-0.0
2746,-0.0
2747,-0.0
2748,-0.0
2749,-0.0
2750,-0.0
2751,-0.0
2752,-0.0
2753,-0.0
2754,-0.0
2755,-0.0
2756,-0.0
2757,-0.0
2758,-0.0
2759,-0.0
2760,-0.0
2761,-0.0
2762,-0.0
2763,-0.0
2764,-0.0
2765,-0.0
2766,167.56727280002832
2767,370.0
2768,375.0
2769,370.0
2770,365.0
2771,375.0
2772,355.0
2773,345.0
2774,335.0
2775,340.0
2776,330.0
2777,325.0
2778,320.0
2779,310.0
2780,305.0
2781,310.0
2782,310.0
2783,310.0
2784,305.0
2785,310.0
2786,305.0
2787,305.0
2788,305.0
2789,300.0
2790,305.0
2791,300.0
2792,305.0
2793,300.0
2794,300.0
2795,300.0
2796,310.0
2797,320.0
2798,310.0
2799,300.0
2800,315.0
2801,305.0
2802,305.0
2803,305.0
2804,320.0
2805,330.0
2806,380.0
2807,385.0
2808,395.0
2809,420.0
2810,405.0
2811,425.0
2812,410.0
2813,390.0
2814,380.0
2815,405.0
2816,379.35
2817,369.35
2818,364.35
2819,369.35
2820,296.375
2821,311.375
2822,311.375
2823,296.375
2824,67.69999999999999
2825,67.69999999999999
2826,72.69999999999999
2827,97.69999999999999
2828,259.17499999999995
2829,249.17499999999998
2830,249.17499999999998
2831,254.17499999999998
2832,192.05
2833,172.05
2834,177.05
2835,172.05
2836,167.7
2837,172.7
2838,172.7
2839,162.7
2840,13.024999999999977
2841,3.0249999999999773
2842,13.024999999999977
2843,18.024999999999977
2844,279.775
2845,274.775
2846,269.775
2847,269.775
2848,375.0
2849,360.0
2850,370.0
2851,350.0
2852,365.0
2853,365.0
2854,365.0
2855,370.0
2856,355.0
2857,360.0
2858,370.0
2859,360.0
2860,365.0
2861,355.0
2862,355.0
2863,360.0
2864,350.0
2865,350.0
2866,345.0
2867,340.0
2868,340.0
2869,330.0
2870,330.0
2871,330.0
2872,315.0
2873,320.0
2874,310.0
2875,310.0
2876,310.0
2877,305.0
2878,305.0
2879,305.0
2880,305.0
2881,310.0
2882,300.0
2883,300.0
2884,305.0
2885,305.0
2886,300.0
2887,305.0
2888,300.0
2889,300.0
2890,305.0
2891,300.0
2892,300.0
2893,305.0
2894,295.0
2895,300.0
2896,300.0
2897,300.0
2898,305.0
2899,305.0
2900,315.0
2901,335.0
2902,375.0
2903,365.0
2904,360.0
2905,370.0
2906,375.0
2907,375.0
2908,375.0
2909,385.0
2910,370.0
2911,375.0
2912,-0.0
2913,-0.0
2914,-0.0
2915,-0.0
2916,-0.0
2917,-0.0
2918,-0.0
2919,-0.0
2920,-0.0
2921,-0.0
2922,-0.0
2923,-0.0
2924,-0.0
2925,-0.0
2926,-0.0
2927,-0.0
2928,-0.0
2929,-0.0
2930,-0.0
2931,-0.0
2932,-0.0
2933,-0.0
2934,-0.0
2935,-0.0
2936,-0.0
2937,-0.0
2938,-0.0
2939,-0.0
2940,-0.0
2941,-0.0
2942,-0.0
2943,-0.0
2944,-0.0
2945,-0.0
2946,-0.0
2947,-0.0
2948,-0.0
2949,-0.0
2950,-0.0
2951,-0.0
2952,-0.0
2953,-0.0
2954,-0.0
2955,-0.0
2956,-0.0
2957,-0.0
2958,-0.0
2959,-0.0
2960,-0.0
2961,-0.0
2962,-0.0
2963,-0.0
2964,-0.0
2965,-0.0
2966,-0.0
2967,-0.0
2968,-0.0
2969,-0.0
2970,-0.0
2971,-0.0
2972,-0.0
2973,-0.0
2974,-0.0
2975,-0.0
2976,-0.0
2977,-0.0
2978,-0.0
2979,173.0600000000624
2980,305.0
2981,305.0
2982,310.0
2983,310.0
2984,310.0
2985,305.0
2986,305.0
2987,305.0
2988,310.0
2989,305.0
2990,305.0
2991,305.0
2992,305.0
2993,320.0
2994,310.0
2995,315.0
2996,325.0
2997,375.0
2998,405.0
2999,425.0
3000,415.0
3001,405.0
3002,405.0
3003,445.0
3004,470.0
3005,470.0
3006,475.0
3007,475.0
3008,354.525
3009,364.525
3010,369.525
3011,394.525
3012,210.85000000000002
3013,205.85000000000002
3014,225.85000000000002
3015,195.85000000000002
3016,275.075
3017,285.075
3018,260.075
3019,240.075
3020,210.52499999999998
3021,215.52499999999998
3022,205.52499999999998
3023,210.52499999999998
3024,284.875
3025,259.875
3026,259.875
3027,269.875
3028,340.0
3029,340.0
3030,355.0
3031,325.0
3032,81.0
3033,81.0
3034,81.0
3035,76.0
3036,435.2
3037,420.2
3038,410.2
3039,405.2
3040,425.0
3041,420.0
3042,415.0
3043,420.0
3044,425.0
3045,415.0
3046,415.0
3047,410.0
3048,395.0
3049,390.0
3050,395.0
3051,400.0
3052,390.0
3053,385.0
3054,370.0
3055,375.0
3056,365.0
3057,355.0
3058,360.0
3059,375.0
3060,360.0
3061,345.0
3062,335.0
3063,335.0
3064,335.0
3065,320.0
3066,320.0
3067,315.0
3068,310.0
3069,310.0
3070,310.0
3071,305.0
3072,315.0
3073,305.0
3074,305.0
3075,305.0
3076,305.0
3077,305.0
3078,315.0
3079,310.0
3080,305.0
3081,305.0
3082,310.0
3083,305.0
3084,305.0
3085,300.0
3086,310.0
3087,315.0
3088,315.0
3089,310.0
3090,305.0
3091,315.0
3092,330.0
3093,365.0
3094,410.0
3095,420.0
3096,420.0
3097,425.0
3098,445.0
3099,465.0
3100,485.0
3101,485.0
3102,465.0
3103,490.0
3104,329.6
3105,329.6
3106,334.6
3107,354.6
3108,45.35000000000002
3109,70.35000000000002
3110,60.35000000000002
3111,55.35000000000002
3112,427.925
3113,427.925
3114,422.925
3115,412.925
3116,366.375
3117,361.375
3118,371.375
3119,376.375
3120,453.65
3121,468.65
3122,458.65
3123,458.65
3124,458.8
3125,453.8
3126,428.8
3127,428.8
3128,431.0
3129,426.0
3130,426.0
3131,416.0
3132,376.9
3133,366.9
3134,356.9
3135,346.9
3136,440.0
3137,410.0
3138,430.0
3139,410.0
3140,420.0
3141,425.0
3142,425.0
3143,410.0
3144,405.0
3145,415.0
3146,410.0
3147,405.0
3148,375.0
3149,390.0
3150,370.0
3151,390.0
3152,380.0
3153,370.0
3154,365.0
3155,360.0
3156,370.0
3157,340.0
3158,345.0
3159,335.0
3160,330.0
3161,325.0
3162,320.0
3163,310.0
3164,310.0
3165,320.0
3166,300.0
3167,315.0
3168,300.0
3169,310.0
3170,305.0
3171,305.0
3172,310.0
3173,305.0
3174,300.0
3175,310.0
3176,305.0
3177,295.0
3178,300.0
3179,305.0
3180,300.0
3181,305.0
3182,300.0
3183,300.0
3184,305.0
3185,320.0
3186,310.0
3187,320.0
3188,320.0
3189,360.0
3190,395.0
3191,400.0
3192,410.0
3193,415.0
3194,415.0
3195,450.0
3196,495.0
3197,475.0
3198,480.0
3199,515.0
3200,537.35
3201,527.35
3202,552.35
3203,522.35
3204,330.1
3205,355.1
3206,330.1
3207,375.1
3208,455.425
3209,435.425
3210,435.425
3211,435.425
3212,342.92499999999995
3213,347.92499999999995
3214,377.92499999999995
3215,362.92499999999995
3216,369.25
3217,374.25
3218,374.25
3219,344.25
3220,218.55
3221,218.55
3222,208.55
3223,203.55
3224,388.1
3225,373.1
3226,378.1
3227,383.1
3228,-0.0
3229,-0.0
3230,-0.0
3231,-0.0
3232,-0.0
3233,273.4345096000034
3234,425.0
3235,415.0
3236,420.0
3237,405.0
3238,415.0
3239,410.0
3240,415.0
3241,420.0
3242,410.0
3243,405.0
3244,395.0
3245,385.0
3246,375.0
3247,385.0
3248,380.0
3249,370.0
3250,375.0
3251,375.0
3252,365.0
3253,340.0
3254,345.0
3255,340.0
3256,330.0
3257,325.0
3258,320.0
3259,320.0
3260,315.0
3261,310.0
3262,310.0
3263,310.0
3264,310.0
3265,315.0
3266,310.0
3267,310.0
3268,310.0
3269,305.0
3270,310.0
3271,305.0
3272,310.0
3273,305.0
3274,305.0
3275,305.0
3276,305.0
3277,305.0
3278,310.0
3279,315.0
3280,315.0
3281,310.0
3282,325.0
3283,315.0
3284,335.0
3285,360.0
3286,400.0
3287,395.0
3288,405.0
3289,425.0
3290,435.0
3291,445.0
3292,505.0
3293,495.0
3294,490.0
3295,490.0
3296,-0.0
3297,-0.0
3298,-0.0
3299,-0.0
3300,-0.0
3301,-0.0
3302,-0.0
3303,-0.0
3304,-0.0
3305,-0.0
3306,-0.0
3307,-0.0
3308,-0.0
3309,-0.0
3310,-0.0
3311,-0.0
3312,-0.0
3313,-0.0
3314,-0.0
3315,-0.0
3316,-0.0
3317,-0.0
3318,-0.0
3319,-0.0
3320,-0.0
3321,-0.0
3322,-0.0
3323,-0.0
3324,-0.0
3325,-0.0
3326,-0.0
3327,-0.0
3328,-0.0
3329,-0.0
3330,-0.0
3331,-0.0
3332,-0.0
3333,-0.0
3334,-0.0
3335,-0.0
3336,-0.0
3337,-0.0
3338,-0.0
3339,-0.0
3340,-0.0
3341,-0.0
3342,-0.0
3343,-0.0
3344,-0.0
3345,-0.0
3346,-0.0
3347,-0.0
3348,-0.0
3349,-0.0
3350,-0.0
3351,-0.0
3352,-0.0
3353,-0.0
3354,-0.0
3355,-0.0
3356,-0.0
3357,-0.0
3358,-0.0
3359,-0.0
3360,-0.0
3361,36.76000000007048
3362,295.0
3363,310.0
3364,300.0
3365,300.0
3366,300.0
3367,300.0
3368,300.0
3369,295.0
3370,300.0
3371,300.0
3372,300.0
3373,300.0
3374,300.0
3375,320.0
3376,300.0
3377,300.0
3378,305.0
3379,315.0
3380,325.0
3381,360.0
3382,400.0
3383,380.0
3384,410.0
3385,425.0
3386,445.0
3387,450.0
3388,455.0
3389,445.0
3390,455.0
3391,465.0
3392,369.55
3393,394.55
3394,384.55
3395,384.55
3396,445.475
3397,435.475
3398,410.475
3399,410.475
3400,277.65
3401,307.65
3402,292.65
3403,282.65
3404,322.775
3405,342.775
3406,332.775
3407,332.775
3408,68.64999999999998
3409,58.64999999999998
3410,43.64999999999998
3411,38.64999999999998
3412,-0.0
3413,-0.0
3414,-0.0
3415,-0.0
3416,-0.0
3417,-0.0
3418,-0.0
3419,-0.0
3420,-0.0
3421,-0.0
3422,-0.0
3423,-0.0
3424,-0.0
3425,-0.0
3426,-0.0
3427,-0.0
3428,-0.0
3429,-0.0
3430,-0.0
3431,-0.0
3432,405.0
3433,394.94335560002327
3434,400.0
3435,400.0
3436,380.0
3437,395.0
3438,370.0
3439,380.0
3440,370.0
3441,380.0
3442,375.0
3443,355.0
3444,370.0
3445,350.0
3446,330.0
3447,335.0
3448,325.0
3449,315.0
3450,310.0
3451,305.0
3452,305.0
3453,300.0
3454,300.0
3455,305.0
3456,295.0
3457,300.0
3458,305.0
3459,310.0
3460,305.0
3461,300.0
3462,300.0
3463,300.0
3464,295.0
3465,295.0
3466,295.0
3467,295.0
3468,295.0
3469,300.0
3470,290.0
3471,315.0
3472,300.0
3473,295.0
3474,295.0
3475,305.0
3476,320.0
3477,335.0
3478,370.0
3479,360.0
3480,365.0
3481,370.0
3482,375.0
3483,375.0
3484,365.0
3485,380.0
3486,375.0
3487,380.0
3488,355.0
3489,370.0
3490,360.0
3491,365.0
3492,131.2
3493,146.2
3494,146.2
3495,151.2
3496,258.35
3497,238.35
3498,243.35
3499,243.35
3500,213.92499999999998
3501,243.92499999999998
3502,233.92499999999998
3503,223.92499999999998
3504,235.5
3505,225.5
3506,225.5
3507,210.5
3508,264.025
3509,254.025
3510,249.025
3511,259.025
3512,56.82499999999999
3513,66.82499999999999
3514,61.82499999999999
3515,61.82499999999999
3516,344.75
3517,339.75
3518,334.75
3519,339.75
3520,355.0
3521,355.0
3522,355.0
3523,350.0
3524,365.0
3525,365.0
3526,365.0
3527,375.0
3528,360.0
3529,370.0
3530,370.0
3531,370.0
3532,365.0
3533,360.0
3534,355.0
3535,355.0
3536,350.0
3537,345.0
3538,340.0
3539,340.0
3540,330.0
3541,325.0
3542,325.0
3543,325.0
3544,310.0
3545,305.0
3546,305.0
3547,300.0
3548,305.0
3549,295.0
3550,295.0
3551,295.0
3552,300.0
3553,310.0
3554,295.0
3555,300.0
3556,295.0
3557,295.0
3558,295.0
3559,290.0
3560,295.0
3561,295.0
3562,290.0
3563,295.0
3564,290.0
3565,295.0
3566,290.0
3567,295.0
3568,290.0
3569,295.0
3570,290.0
3571,295.0
3572,310.0
3573,320.0
3574,355.0
3575,365.0
3576,360.0
3577,375.0
3578,370.0
3579,365.0
3580,375.0
3581,385.0
3582,395.0
3583,400.0
3584,372.45
3585,347.45
3586,352.45
3587,357.45
3588,354.7
3589,364.7
3590,359.7
3591,354.7
3592,335.775
3593,330.775
3594,325.775
3595,325.775
3596,281.25
3597,276.25
3598,286.25
3599,276.25
3600,278.875
3601,273.875
3602,273.875
3603,268.875
3604,168.14999999999998
3605,163.14999999999998
3606,148.14999999999998
3607,153.14999999999998
3608,-0.0
3609,-0.0
3610,-0.0
3611,-0.0
3612,-0.0
3613,59.30779240001017
3614,162.32500000000002
3615,167.32500000000002
3616,360.0
3617,345.0
3618,340.0
3619,335.0
3620,345.0
3621,360.0
3622,355.0
3623,355.0
3624,350.0
3625,360.0
3626,350.0
3627,350.0
3628,355.0
3629,350.0
3630,335.0
3631,350.0
3632,350.0
3633,345.0
3634,335.0
3635,335.0
3636,335.0
3637,330.0
3638,325.0
3639,325.0
3640,315.0
3641,305.0
3642,300.0
3643,300.0
3644,305.0
3645,295.0
3646,300.0
3647,295.0
3648,305.0
3649,305.0
3650,305.0
3651,300.0
3652,305.0
3653,295.0
3654,310.0
3655,300.0
3656,300.0
3657,295.0
3658,300.0
3659,295.0
3660,300.0
3661,295.0
3662,300.0
3663,305.0
3664,300.0
3665,300.0
3666,300.0
3667,300.0
3668,325.0
3669,365.0
3670,395.0
3671,395.0
3672,405.0
3673,400.0
3674,405.0
3675,410.0
3676,445.0
3677,470.0
3678,470.0
3679,480.0
3680,291.025
3681,301.025
3682,331.025
3683,341.025
3684,506.975
3685,496.975
3686,476.975
3687,461.975
3688,313.5
3689,343.5
3690,338.5
3691,318.5
3692,363.05
3693,368.05
3694,353.05
3695,363.05
3696,291.15
3697,301.15
3698,281.15
3699,251.15
3700,234.675
3701,244.675
3702,239.675
3703,244.675
3704,395.325
3705,395.325
3706,380.325
3707,365.325
3708,386.625
3709,381.625
3710,366.625
3711,356.625
3712,410.0
3713,395.0
3714,390.0
3715,390.0
3716,385.0
3717,375.0
3718,390.0
3719,385.0
3720,375.0
3721,385.0
3722,380.0
3723,385.0
3724,375.0
3725,380.0
3726,370.0
3727,360.0
3728,355.0
3729,355.0
3730,360.0
3731,355.0
3732,340.0
3733,330.0
3734,330.0
3735,335.0
3736,320.0
3737,320.0
3738,310.0
3739,310.0
3740,305.0
3741,305.0
3742,305.0
3743,305.0
3744,305.0
3745,300.0
3746,300.0
3747,305.0
3748,295.0
3749,300.0
3750,305.0
3751,305.0
3752,295.0
3753,300.0
3754,295.0
3755,300.0
3756,300.0
3757,300.0
3758,310.0
3759,305.0
3760,305.0
3761,305.0
3762,305.0
3763,305.0
3764,320.0
3765,360.0
3766,380.0
3767,380.0
3768,390.0
3769,400.0
3770,395.0
3771,410.0
3772,470.0
3773,460.0
3774,465.0
3775,475.0
3776,-0.0
3777,-0.0
3778,-0.0
3779,-0.0
3780,-0.0
3781,-0.0
3782,-0.0
3783,-0.0
3784,-0.0
3785,-0.0
3786,-0.0
3787,-0.0
3788,-0.0
3789,-0.0
3790,-0.0
3791,-0.0
3792,-0.0
3793,-0.0
3794,-0.0
3795,-0.0
3796,-0.0
3797,-0.0
3798,-0.0
3799,-0.0
3800,-0.0
3801,-0.0
3802,-0.0
3803,-0.0
3804,-0.0
3805,-0.0
3806,-0.0
3807,-0.0
3808,-0.0
3809,-0.0
3810,-0.0
3811,-0.0
3812,-0.0
3813,-0.0
3814,-0.0
3815,-0.0
3816,-0.0
3817,-0.0
3818,-0.0
3819,-0.0
3820,-0.0
3821,-0.0
3822,-0.0
3823,-0.0
3824,-0.0
3825,-0.0
3826,-0.0
3827,-0.0
3828,-0.0
3829,-0.0
3830,-0.0
3831,-0.0
3832,-0.0
3833,-0.0
3834,-0.0
3835,-0.0
3836,-0.0
3837,-0.0
3838,-0.0
3839,-0.0
3840,-0.0
3841,-0.0
3842,-0.0
3843,295.0
3844,69.76000000004927
3845,290.0
3846,290.0
3847,290.0
3848,290.0
3849,290.0
3850,285.0
3851,290.0
3852,295.0
3853,295.0
3854,290.0
3855,290.0
3856,305.0
3857,295.0
3858,290.0
3859,300.0
3860,315.0
3861,350.0
3862,405.0
3863,395.0
3864,400.0
3865,385.0
3866,395.0
3867,425.0
3868,485.0
3869,485.0
3870,475.0
3871,490.0
3872,-0.0
3873,-0.0
3874,-0.0
3875,-0.0
3876,-0.0
3877,-0.0
3878,-0.0
3879,-0.0
3880,-0.0
3881,-0.0
3882,-0.0
3883,-0.0
3884,-0.0
3885,-0.0
3886,-0.0
3887,-0.0
3888,-0.0
3889,-0.0
3890,-0.0
3891,-0.0
3892,-0.0
3893,-0.0
3894,-0.0
3895,-0.0
3896,-0.0
3897,-0.0
3898,-0.0
3899,-0.0
3900,-0.0
3901,-0.0
3902,-0.0
3903,-0.0
3904,-0.0
3905,-0.0
3906,-0.0
3907,-0.0
3908,-0.0
3909,-0.0
3910,-0.0
3911,-0.0
3912,-0.0
3913,-0.0
3914,-0.0
3915,-0.0
3916,-0.0
3917,-0.0
3918,-0.0
3919,-0.0
3920,-0.0
3921,-0.0
3922,-0.0
3923,-0.0
3924,-0.0
3925,-0.0
3926,-0.0
3927,-0.0
3928,-0.0
3929,-0.0
3930,-0.0
3931,-0.0
3932,-0.0
3933,-0.0
3934,115.66000000003095
3935,295.0
3936,300.0
3937,295.0
3938,295.0
3939,300.0
3940,295.0
3941,295.0
3942,295.0
3943,290.0
3944,295.0
3945,300.0
3946,300.0
3947,290.0
3948,300.0
3949,290.0
3950,295.0
3951,290.0
3952,300.0
3953,290.0
3954,295.0
3955,300.0
3956,315.0
3957,370.0
3958,400.0
3959,400.0
3960,395.0
3961,400.0
3962,405.0
3963,420.0
3964,470.0
3965,460.0
3966,470.0
3967,480.0
3968,-0.0
3969,-0.0
3970,-0.0
3971,-0.0
3972,-0.0
3973,-0.0
3974,-0.0
3975,-0.0
3976,-0.0
3977,-0.0
3978,-0.0
3979,-0.0
3980,-0.0
3981,-0.0
3982,-0.0
3983,-0.0
3984,-0.0
3985,-0.0
3986,-0.0
3987,-0.0
3988,-0.0
3989,-0.0
3990,-0.0
3991,-0.0
3992,-0.0
3993,-0.0
3994,-0.0
3995,-0.0
3996,-0.0
3997,-0.0
3998,-0.0
3999,-0.0
4000,-0.0
4001,-0.0
4002,-0.0
4003,-0.0
4004,-0.0
4005,-0.0
4006,-0.0
4007,-0.0
4008,-0.0
4009,-0.0
4010,-0.0
4011,-0.0
4012,-0.0
4013,-0.0
4014,-0.0
4015,-0.0
4016,-0.0
4017,-0.0
4018,-0.0
4019,-0.0
4020,-0.0
4021,-0.0
4022,-0.0
4023,-0.0
4024,-0.0
4025,-0.0
4026,-0.0
4027,-0.0
4028,-0.0
4029,-0.0
4030,-0.0
4031,-0.0
4032,-0.0
4033,-0.0
4034,-0.0
4035,-0.0
4036,86.56000000005264
4037,290.0
4038,295.0
4039,285.0
4040,295.0
4041,290.0
4042,285.0
4043,295.0
4044,285.0
4045,285.0
4046,290.0
4047,295.0
4048,300.0
4049,295.0
4050,290.0
4051,300.0
4052,320.0
4053,335.0
4054,410.0
4055,385.0
4056,390.0
4057,405.0
4058,425.0
4059,460.0
4060,464.95
4061,454.95
4062,464.95
4063,464.95
4064,-0.0
4065,-0.0
4066,-0.0
4067,-0.0
4068,-0.0
4069,-0.0
4070,-0.0
4071,-0.0
4072,-0.0
4073,-0.0
4074,-0.0
4075,-0.0
4076,-0.0
4077,-0.0
4078,-0.0
4079,-0.0
4080,-0.0
4081,-0.0
4082,-0.0
4083,-0.0
4084,-0.0
4085,-0.0
4086,-0.0
4087,-0.0
4088,-0.0
4089,-0.0
4090,-0.0
4091,-0.0
4092,-0.0
4093,-0.0
4094,-0.0
4095,-0.0
4096,-0.0
4097,-0.0
4098,-0.0
4099,-0.0
4100,-0.0
4101,-0.0
4102,-0.0
4103,-0.0
4104,-0.0
4105,-0.0
4106,-0.0
4107,-0.0
4108,-0.0
4109,-0.0
4110,-0.0
4111,-0.0
4112,-0.0
4113,-0.0
4114,-0.0
4115,-0.0
4116,-0.0
4117,-0.0
4118,-0.0
4119,-0.0
4120,-0.0
4121,-0.0
4122,-0.0
4123,-0.0
4124,-0.0
4125,-0.0
4126,-0.0
4127,-0.0
4128,-0.0
4129,-0.0
4130,-0.0
4131,-0.0
4132,83.66000000006301
4133,300.0
4134,300.0
4135,295.0
4136,290.0
4137,295.0
4138,295.0
4139,295.0
4140,290.0
4141,300.0
4142,295.0
4143,305.0
4144,300.0
4145,300.0
4146,300.0
4147,295.0
4148,310.0
4149,335.0
4150,380.0
4151,370.0
4152,385.0
4153,385.0
4154,400.0
4155,400.0
4156,383.0
4157,378.0
4158,408.0
4159,393.0
4160,-0.0
4161,-0.0
4162,-0.0
4163,-0.0
4164,-0.0
4165,-0.0
4166,-0.0
4167,-0.0
4168,-0.0
4169,-0.0
4170,-0.0
4171,-0.0
4172,-0.0
4173,-0.0
4174,-0.0
4175,-0.0
4176,-0.0
4177,-0.0
4178,-0.0
4179,-0.0
4180,-0.0
4181,-0.0
4182,-0.0
4183,-0.0
4184,-0.0
4185,-0.0
4186,-0.0
4187,-0.0
4188,-0.0
4189,-0.0
4190,-0.0
4191,-0.0
4192,-0.0
4193,-0.0
4194,-0.0
4195,-0.0
4196,-0.0
4197,-0.0
4198,-0.0
4199,-0.0
4200,-0.0
4201,-0.0
4202,-0.0
4203,-0.0
4204,-0.0
4205,-0.0
4206,-0.0
4207,-0.0
4208,-0.0
4209,-0.0
4210,-0.0
4211,-0.0
4212,-0.0
4213,-0.0
4214,-0.0
4215,-0.0
4216,-0.0
4217,-0.0
4218,-0.0
4219,-0.0
4220,-0.0
4221,-0.0
4222,-0.0
4223,-0.0
4224,-0.0
4225,-0.0
4226,-0.0
4227,-0.0
4228,-0.0
4229,-0.0
4230,88.66000000006304
4231,290.0
4232,295.0
4233,295.0
4234,295.0
4235,290.0
4236,290.0
4237,295.0
4238,290.0
4239,290.0
4240,285.0
4241,295.0
4242,290.0
4243,295.0
4244,305.0
4245,335.0
4246,370.0
4247,365.0
4248,350.0
4249,355.0
4250,345.0
4251,345.0
4252,373.075
4253,368.075
4254,363.075
4255,348.075
4256,-0.0
4257,-0.0
4258,-0.0
4259,-0.0
4260,-0.0
4261,-0.0
4262,-0.0
4263,-0.0
4264,-0.0
4265,-0.0
4266,-0.0
4267,-0.0
4268,-0.0
4269,-0.0
4270,-0.0
4271,-0.0
4272,-0.0
4273,-0.0
4274,-0.0
4275,-0.0
4276,-0.0
4277,-0.0
4278,-0.0
4279,-0.0
4280,-0.0
4281,-0.0
4282,-0.0
4283,-0.0
4284,-0.0
4285,-0.0
4286,-0.0
4287,-0.0
4288,-0.0
4289,-0.0
4290,-0.0
4291,-0.0
4292,-0.0
4293,-0.0
4294,-0.0
4295,-0.0
4296,-0.0
4297,-0.0
4298,-0.0
4299,-0.0
4300,-0.0
4301,-0.0
4302,-0.0
4303,-0.0
4304,-0.0
4305,-0.0
4306,-0.0
4307,-0.0
4308,-0.0
4309,-0.0
4310,-0.0
4311,-0.0
4312,-0.0
4313,-0.0
4314,-0.0
4315,-0.0
4316,-0.0
4317,-0.0
4318,-0.0
4319,-0.0
4320,-0.0
4321,-0.0
4322,-0.0
4323,-0.0
4324,-0.0
4325,-0.0
4326,94.66000000006036
4327,295.0
4328,295.0
4329,295.0
4330,290.0
4331,300.0
4332,290.0
4333,295.0
4334,300.0
4335,300.0
4336,300.0
4337,290.0
4338,300.0
4339,300.0
4340,320.0
4341,370.0
4342,395.0
4343,405.0
4344,400.0
4345,385.0
4346,395.0
4347,405.0
4348,470.0
4349,465.0
4350,470.0
4351,510.0
4352,440.375
4353,425.375
4354,435.375
4355,440.375
4356,401.825
4357,401.825
4358,401.825
4359,386.825
4360,391.125
4361,391.125
4362,371.125
4363,361.125
4364,308.5
4365,338.5
4366,323.5
4367,333.5
4368,385.075
4369,390.075
4370,350.075
4371,345.075
4372,308.725
4373,303.725
4374,313.725
4375,303.725
4376,364.2
4377,364.2
4378,369.2
4379,369.2
4380,307.625
4381,302.625
4382,297.625
4383,277.625
4384,399.95
4385,394.95
4386,384.95
4387,379.95
4388,395.0
4389,390.0
4390,400.0
4391,410.0
4392,410.0
4393,390.0
4394,395.0
4395,425.0
4396,395.0
4397,385.0
4398,370.0
4399,380.0
4400,365.0
4401,355.0
4402,355.0
4403,345.0
4404,330.0
4405,340.0
4406,330.0
4407,315.0
4408,320.0
4409,315.0
4410,310.0
4411,300.0
4412,300.0
4413,300.0
4414,300.0
4415,295.0
4416,305.0
4417,305.0
4418,300.0
4419,295.0
4420,300.0
4421,295.0
4422,300.0
4423,295.0
4424,300.0
4425,295.0
4426,295.0
4427,295.0
4428,305.0
4429,300.0
4430,295.0
4431,310.0
4432,300.0
4433,300.0
4434,295.0
4435,305.0
4436,325.0
4437,345.0
4438,400.0
4439,380.0
4440,400.0
4441,415.0
4442,425.0
4443,450.0
4444,470.0
4445,470.0
4446,475.0
4447,490.0
4448,236.2
4449,231.2
4450,231.2
4451,236.2
4452,198.875
4453,203.875
4454,198.875
4455,198.875
4456,287.17499999999995
4457,312.17499999999995
4458,262.17499999999995
4459,252.17499999999998
4460,-0.0
4461,-0.0
4462,-0.0
4463,-0.0
4464,-0.0
4465,-0.0
4466,-0.0
4467,-0.0
4468,-0.0
4469,-0.0
4470,-0.0
4471,-0.0
4472,-0.0
4473,-0.0
4474,-0.0
4475,-0.0
4476,-0.0
4477,-0.0
4478,-0.0
4479,-0.0
4480,-0.0
4481,-0.0
4482,-0.0
4483,-0.0
4484,-0.0
4485,-0.0
4486,-0.0
4487,-0.0
4488,-0.0
4489,-0.0
4490,-0.0
4491,-0.0
4492,94.109380800022
4493,380.0
4494,385.0
4495,375.0
4496,385.0
4497,375.0
4498,380.0
4499,360.0
4500,365.0
4501,355.0
4502,325.0
4503,345.0
4504,325.0
4505,320.0
4506,320.0
4507,300.0
4508,305.0
4509,305.0
4510,295.0
4511,295.0
4512,290.0
4513,290.0
4514,295.0
4515,295.0
4516,300.0
4517,290.0
4518,295.0
4519,290.0
4520,295.0
4521,295.0
4522,290.0
4523,290.0
4524,290.0
4525,300.0
4526,300.0
4527,315.0
4528,295.0
4529,295.0
4530,295.0
4531,310.0
4532,325.0
4533,365.0
4534,410.0
4535,385.0
4536,410.0
4537,410.0
4538,410.0
4539,435.0
4540,507.3
4541,477.3
4542,472.3
4543,477.3
4544,69.17500000000001
4545,59.17500000000001
4546,109.17500000000001
4547,114.17500000000001
4548,116.00000000000006
4549,121.00000000000006
4550,116.00000000000006
4551,101.00000000000006
4552,9.024999999999977
4553,29.024999999999977
4554,29.024999999999977
4555,14.024999999999977
4556,-0.0
4557,-0.0
4558,-0.0
4559,24.931193800002795
4560,88.25
4561,43.25
4562,28.25
4563,28.25
4564,230.52500000000003
4565,225.52500000000003
4566,210.52500000000003
4567,220.52500000000003
4568,87.65000000000003
4569,97.65000000000003
4570,97.65000000000003
4571,72.65000000000003
4572,329.2
4573,299.2
4574,314.2
4575,289.2
4576,427.775
4577,407.775
4578,387.775
4579,382.775
4580,375.0
4581,390.0
4582,380.0
4583,400.0
4584,400.0
4585,390.0
4586,405.0
4587,395.0
4588,410.0
4589,370.0
4590,380.0
4591,375.0
4592,375.0
4593,375.0
4594,375.0
4595,380.0
4596,350.0
4597,340.0
4598,325.0
4599,335.0
4600,330.0
4601,315.0
4602,320.0
4603,300.0
4604,310.0
4605,295.0
4606,310.0
4607,295.0
4608,305.0
4609,300.0
4610,305.0
4611,295.0
4612,300.0
4613,295.0
4614,295.0
4615,300.0
4616,290.0
4617,290.0
4618,290.0
4619,290.0
4620,300.0
4621,300.0
4622,295.0
4623,300.0
4624,300.0
4625,300.0
4626,305.0
4627,315.0
4628,330.0
4629,355.0
4630,380.0
4631,400.0
4632,415.0
4633,415.0
4634,430.0
4635,435.0
4636,489.225
4637,499.225
4638,469.225
4639,484.225
4640,406.625
4641,406.625
4642,426.625
4643,466.625
4644,-0.0
4645,-0.0
4646,-0.0
4647,-0.0
4648,-0.0
4649,-0.0
4650,-0.0
4651,-0.0
4652,-0.0
4653,-0.0
4654,-0.0
4655,-0.0
4656,-0.0
4657,-0.0
4658,-0.0
4659,-0.0
4660,90.48401359998934
4661,352.075
4662,337.075
4663,332.075
4664,394.925
4665,399.925
4666,414.925
4667,399.925
4668,411.05
4669,386.05
4670,391.05
4671,391.05
4672,405.175
4673,425.175
4674,400.175
4675,395.175
4676,410.0
4677,400.0
4678,405.0
4679,400.0
4680,410.0
4681,395.0
4682,400.0
4683,385.0
4684,395.0
4685,385.0
4686,380.0
4687,375.0
4688,370.0
4689,370.0
4690,360.0
4691,360.0
4692,355.0
4693,360.0
4694,335.0
4695,335.0
4696,330.0
4697,320.0
4698,305.0
4699,295.0
4700,295.0
4701,305.0
4702,300.0
4703,300.0
4704,295.0
4705,290.0
4706,290.0
4707,285.0
4708,295.0
4709,290.0
4710,285.0
4711,290.0
4712,290.0
4713,290.0
4714,290.0
4715,285.0
4716,290.0
4717,290.0
4718,290.0
4719,315.0
4720,285.0
4721,290.0
4722,290.0
4723,300.0
4724,320.0
4725,340.0
4726,385.0
4727,375.0
4728,400.0
4729,420.0
4730,425.0
4731,420.0
4732,439.225
4733,449.225
4734,439.225
4735,444.225
4736,-0.0
4737,-0.0
4738,-0.0
4739,-0.0
4740,-0.0
4741,-0.0
4742,-0.0
4743,-0.0
4744,-0.0
4745,-0.0
4746,-0.0
4747,-0.0
4748,-0.0
4749,-0.0
4750,-0.0
4751,-0.0
4752,-0.0
4753,-0.0
4754,-0.0
4755,-0.0
4756,-0.0
4757,-0.0
4758,-0.0
4759,-0.0
4760,-0.0
4761,-0.0
4762,-0.0
4763,-0.0
4764,-0.0
4765,-0.0
4766,-0.0
4767,-0.0
4768,-0.0
4769,-0.0
4770,-0.0
4771,-0.0
4772,-0.0
4773,-0.0
4774,-0.0
4775,-0.0
4776,-0.0
4777,-0.0
4778,-0.0
4779,-0.0
4780,-0.0
4781,-0.0
4782,-0.0
4783,-0.0
4784,-0.0
4785,-0.0
4786,-0.0
4787,-0.0
4788,-0.0
4789,-0.0
4790,-0.0
4791,-0.0
4792,-0.0
4793,-0.0
4794,-0.0
4795,-0.0
4796,-0.0
4797,-0.0
4798,-0.0
4799,-0.0
4800,-0.0
4801,-0.0
4802,-0.0
4803,124.66000000006053
4804,295.0
4805,300.0
4806,290.0
4807,300.0
4808,290.0
4809,300.0
4810,295.0
4811,295.0
4812,295.0
4813,295.0
4814,315.0
4815,305.0
4816,305.0
4817,290.0
4818,310.0
4819,305.0
4820,320.0
4821,345.0
4822,375.0
4823,350.0
4824,365.0
4825,380.0
4826,390.0
4827,400.0
4828,177.825
4829,197.825
4830,157.825
4831,172.825
4832,-0.0
4833,-0.0
4834,-0.0
4835,-0.0
4836,-0.0
4837,-0.0
4838,-0.0
4839,-0.0
4840,-0.0
4841,-0.0
4842,-0.0
4843,-0.0
4844,-0.0
4845,-0.0
4846,-0.0
4847,-0.0
4848,-0.0
4849,-0.0
4850,-0.0
4851,-0.0
4852,-0.0
4853,-0.0
4854,-0.0
4855,-0.0
4856,-0.0
4857,-0.0
4858,-0.0
4859,-0.0
4860,-0.0
4861,-0.0
4862,-0.0
4863,-0.0
4864,-0.0
4865,-0.0
4866,-0.0
4867,-0.0
4868,-0.0
4869,-0.0
4870,-0.0
4871,-0.0
4872,-0.0
4873,-0.0
4874,-0.0
4875,-0.0
4876,-0.0
4877,-0.0
4878,-0.0
4879,-0.0
4880,-0.0
4881,-0.0
4882,-0.0
4883,-0.0
4884,-0.0
4885,-0.0
4886,-0.0
4887,-0.0
4888,-0.0
4889,-0.0
4890,-0.0
4891,-0.0
4892,-0.0
4893,-0.0
4894,-0.0
4895,-0.0
4896,-0.0
4897,-0.0
4898,-0.0
4899,-0.0
4900,-0.0
4901,130.66000000005798
4902,300.0
4903,290.0
4904,300.0
4905,290.0
4906,295.0
4907,295.0
4908,290.0
4909,300.0
4910,285.0
4911,300.0
4912,285.0
4913,305.0
4914,310.0
4915,305.0
4916,315.0
4917,325.0
4918,395.0
4919,375.0
4920,395.0
4921,365.0
4922,385.0
4923,405.0
4924,275.975
4925,245.975
4926,225.975
4927,230.975
4928,-0.0
4929,-0.0
4930,-0.0
4931,-0.0
4932,-0.0
4933,-0.0
4934,-0.0
4935,-0.0
4936,-0.0
4937,-0.0
4938,-0.0
4939,-0.0
4940,-0.0
4941,-0.0
4942,-0.0
4943,-0.0
4944,-0.0
4945,-0.0
4946,-0.0
4947,-0.0
4948,-0.0
4949,-0.0
4950,-0.0
4951,-0.0
4952,-0.0
4953,-0.0
4954,-0.0
4955,-0.0
4956,-0.0
4957,-0.0
4958,-0.0
4959,-0.0
4960,-0.0
4961,-0.0
4962,-0.0
4963,-0.0
4964,-0.0
4965,-0.0
4966,-0.0
4967,-0.0
4968,-0.0
4969,-0.0
4970,-0.0
4971,-0.0
4972,-0.0
4973,-0.0
4974,-0.0
4975,-0.0
4976,-0.0
4977,-0.0
4978,-0.0
4979,-0.0
4980,-0.0
4981,-0.0
4982,-0.0
4983,-0.0
4984,-0.0
4985,-0.0
4986,-0.0
4987,-0.0
4988,-0.0
4989,-0.0
4990,-0.0
4991,-0.0
4992,-0.0
4993,-0.0
4994,-0.0
4995,-0.0
4996,-0.0
4997,-0.0
4998,-0.0
4999,-0.0
5000,-0.0
5001,142.3600000000587
5002,300.0
5003,300.0
5004,300.0
5005,295.0
5006,300.0
5007,295.0
5008,300.0
5009,305.0
5010,310.0
5011,300.0
5012,335.0
5013,365.0
5014,410.0
5015,410.0
5016,435.0
5017,445.0
5018,435.0
5019,450.0
5020,459.5
5021,474.5
5022,479.5
5023,469.5
5024,58.19999999999999
5025,53.19999999999999
5026,58.19999999999999
5027,83.19999999999999
5028,162.02500000000003
5029,117.02500000000003
5030,147.02500000000003
5031,132.02500000000003
5032,153.375
5033,193.375
5034,188.375
5035,158.375
5036,160.04999999999995
5037,165.04999999999995
5038,175.04999999999995
5039,165.04999999999995
5040,-0.0
5041,-0.0
5042,-0.0
5043,-0.0
5044,-0.0
5045,-0.0
5046,-0.0
5047,-0.0
5048,-0.0
5049,-0.0
5050,-0.0
5051,-0.0
5052,-0.0
5053,-0.0
5054,-0.0
5055,-0.0
5056,-0.0
5057,-0.0
5058,-0.0
5059,-0.0
5060,-0.0
5061,376.02914400000736
5062,395.0
5063,400.0
5064,390.0
5065,400.0
5066,385.0
5067,400.0
5068,400.0
5069,385.0
5070,385.0
5071,375.0
5072,370.0
5073,375.0
5074,365.0
5075,370.0
5076,350.0
5077,355.0
5078,325.0
5079,330.0
5080,325.0
5081,320.0
5082,315.0
5083,305.0
5084,310.0
5085,305.0
5086,315.0
5087,310.0
5088,300.0
5089,315.0
5090,310.0
5091,305.0
5092,305.0
5093,300.0
5094,300.0
5095,300.0
5096,305.0
5097,305.0
5098,295.0
5099,305.0
5100,305.0
5101,300.0
5102,300.0
5103,310.0
5104,320.0
5105,310.0
5106,305.0
5107,315.0
5108,320.0
5109,350.0
5110,395.0
5111,405.0
5112,405.0
5113,415.0
5114,415.0
5115,435.0
5116,433.95
5117,423.95
5118,413.95
5119,433.95
5120,-0.0
5121,-0.0
5122,-0.0
5123,-0.0
5124,-0.0
5125,-0.0
5126,-0.0
5127,-0.0
5128,-0.0
5129,-0.0
5130,-0.0
5131,-0.0
5132,-0.0
5133,-0.0
5134,-0.0
5135,-0.0
5136,-0.0
5137,-0.0
5138,-0.0
5139,-0.0
5140,-0.0
5141,-0.0
5142,-0.0
5143,-0.0
5144,-0.0
5145,-0.0
5146,-0.0
5147,-0.0
5148,-0.0
5149,-0.0
5150,-0.0
5151,-0.0
5152,-0.0
5153,-0.0
5154,-0.0
5155,-0.0
5156,-0.0
5157,-0.0
5158,-0.0
5159,-0.0
5160,-0.0
5161,-0.0
5162,-0.0
5163,-0.0
5164,-0.0
5165,-0.0
5166,-0.0
5167,-0.0
5168,-0.0
5169,-0.0
5170,-0.0
5171,-0.0
5172,-0.0
5173,-0.0
5174,-0.0
5175,-0.0
5176,-0.0
5177,-0.0
5178,-0.0
5179,-0.0
5180,-0.0
5181,-0.0
5182,-0.0
5183,-0.0
5184,-0.0
5185,-0.0
5186,-0.0
5187,-0.0
5188,56.460000000076775
5189,285.0
5190,300.0
5191,300.0
5192,300.0
5193,295.0
5194,300.0
5195,285.0
5196,305.0
5197,305.0
5198,300.0
5199,290.0
5200,290.0
5201,290.0
5202,300.0
5203,305.0
5204,315.0
5205,360.0
5206,420.0
5207,425.0
5208,400.0
5209,435.0
5210,435.0
5211,475.0
5212,318.275
5213,333.275
5214,293.275
5215,293.275
5216,-0.0
5217,-0.0
5218,-0.0
5219,-0.0
5220,-0.0
5221,-0.0
5222,-0.0
5223,-0.0
5224,-0.0
5225,-0.0
5226,-0.0
5227,-0.0
5228,-0.0
5229,-0.0
5230,-0.0
5231,-0.0
5232,-0.0
5233,-0.0
5234,-0.0
5235,-0.0
5236,-0.0
5237,-0.0
5238,-0.0
5239,-0.0
5240,-0.0
5241,-0.0
5242,-0.0
5243,-0.0
5244,-0.0
5245,-0.0
5246,-0.0
5247,-0.0
5248,-0.0
5249,-0.0
5250,-0.0
5251,-0.0
5252,-0.0
5253,-0.0
5254,-0.0
5255,-0.0
5256,-0.0
5257,-0.0
5258,-0.0
5259,-0.0
5260,-0.0
5261,-0.0
5262,-0.0
5263,-0.0
5264,-0.0
5265,-0.0
5266,-0.0
5267,-0.0
5268,-0.0
5269,-0.0
5270,-0.0
5271,-0.0
5272,-0.0
5273,-0.0
5274,-0.0
5275,-0.0
5276,-0.0
5277,-0.0
5278,-0.0
5279,-0.0
5280,-0.0
5281,-0.0
5282,-0.0
5283,-0.0
5284,-0.0
5285,-0.0
5286,5.760000000072978
5287,305.0
5288,300.0
5289,295.0
5290,295.0
5291,290.0
5292,300.0
5293,295.0
5294,305.0
5295,295.0
5296,300.0
5297,310.0
5298,300.0
5299,310.0
5300,330.0
5301,345.0
5302,400.0
5303,370.0
5304,380.0
5305,400.0
5306,425.0
5307,420.0
5308,280.65
5309,320.65
5310,280.65
5311,285.65
5312,-0.0
5313,-0.0
5314,-0.0
5315,-0.0
5316,-0.0
5317,-0.0
5318,-0.0
5319,-0.0
5320,-0.0
5321,-0.0
5322,-0.0
5323,-0.0
5324,-0.0
5325,-0.0
5326,-0.0
5327,-0.0
5328,-0.0
5329,-0.0
5330,-0.0
5331,-0.0
5332,-0.0
5333,-0.0
5334,-0.0
5335,-0.0
5336,-0.0
5337,-0.0
5338,-0.0
5339,-0.0
5340,-0.0
5341,-0.0
5342,-0.0
5343,-0.0
5344,-0.0
5345,-0.0
5346,-0.0
5347,-0.0
5348,-0.0
5349,-0.0
5350,-0.0
5351,-0.0
5352,-0.0
5353,-0.0
5354,-0.0
5355,-0.0
5356,-0.0
5357,-0.0
5358,-0.0
5359,-0.0
5360,-0.0
5361,-0.0
5362,-0.0
5363,-0.0
5364,-0.0
5365,-0.0
5366,-0.0
5367,-0.0
5368,-0.0
5369,-0.0
5370,-0.0
5371,-0.0
5372,-0.0
5373,-0.0
5374,-0.0
5375,-0.0
5376,-0.0
5377,-0.0
5378,-0.0
5379,-0.0
5380,-0.0
5381,-0.0
5382,-0.0
5383,285.9600000000661
5384,290.0
5385,285.0
5386,295.0
5387,285.0
5388,290.0
5389,295.0
5390,305.0
5391,290.0
5392,290.0
5393,290.0
5394,290.0
5395,295.0
5396,310.0
5397,335.0
5398,405.0
5399,375.0
5400,385.0
5401,405.0
5402,415.0
5403,435.0
5404,418.85
5405,428.85
5406,433.85
5407,448.85
5408,414.475
5409,399.475
5410,414.475
5411,414.475
5412,-0.0
5413,-0.0
5414,-0.0
5415,-0.0
5416,-0.0
5417,-0.0
5418,-0.0
5419,-0.0
5420,-0.0
5421,-0.0
5422,-0.0
5423,-0.0
5424,-0.0
5425,-0.0
5426,-0.0
5427,-0.0
5428,-0.0
5429,-0.0
5430,-0.0
5431,-0.0
5432,-0.0
5433,-0.0
5434,-0.0
5435,-0.0
5436,-0.0
5437,-0.0
5438,-0.0
5439,-0.0
5440,-0.0
5441,-0.0
5442,-0.0
5443,-0.0
5444,-0.0
5445,-0.0
5446,-0.0
5447,-0.0
5448,-0.0
5449,-0.0
5450,-0.0
5451,-0.0
5452,-0.0
5453,-0.0
5454,-0.0
5455,-0.0
5456,-0.0
5457,-0.0
5458,-0.0
5459,-0.0
5460,-0.0
5461,124.14022480002546
5462,315.0
5463,315.0
5464,305.0
5465,310.0
5466,295.0
5467,290.0
5468,295.0
5469,290.0
5470,290.0
5471,290.0
5472,285.0
5473,290.0
5474,285.0
5475,285.0
5476,285.0
5477,285.0
5478,280.0
5479,290.0
5480,285.0
5481,285.0
5482,285.0
5483,285.0
5484,280.0
5485,285.0
5486,295.0
5487,300.0
5488,295.0
5489,290.0
5490,285.0
5491,295.0
5492,310.0
5493,325.0
5494,385.0
5495,370.0
5496,370.0
5497,380.0
5498,400.0
5499,390.0
5500,376.75
5501,351.75
5502,346.75
5503,341.75
5504,47.025000000000034
5505,47.025000000000034
5506,42.025000000000034
5507,57.025000000000034
5508,-0.0
5509,-0.0
5510,-0.0
5511,-0.0
5512,-0.0
5513,-0.0
5514,-0.0
5515,-0.0
5516,-0.0
5517,-0.0
5518,-0.0
5519,-0.0
5520,-0.0
5521,-0.0
5522,-0.0
5523,-0.0
5524,-0.0
5525,-0.0
5526,-0.0
5527,-0.0
5528,-0.0
5529,-0.0
5530,-0.0
5531,-0.0
5532,-0.0
5533,-0.0
5534,-0.0
5535,-0.0
5536,-0.0
5537,-0.0
5538,-0.0
5539,-0.0
5540,-0.0
5541,-0.0
5542,-0.0
5543,-0.0
5544,-0.0
5545,-0.0
5546,-0.0
5547,-0.0
5548,-0.0
5549,-0.0
5550,-0.0
5551,-0.0
5552,-0.0
5553,-0.0
5554,-0.0
5555,-0.0
5556,-0.0
5557,-0.0
5558,-0.0
5559,-0.0
5560,-0.0
5561,-0.0
5562,-0.0
5563,-0.0
5564,-0.0
5565,-0.0
5566,-0.0
5567,-0.0
5568,-0.0
5569,-0.0
5570,-0.0
5571,-0.0
5572,-0.0
5573,-0.0
5574,-0.0
5575,-0.0
5576,-0.0
5577,-0.0
5578,31.760000000070534
5579,295.0
5580,290.0
5581,290.0
5582,290.0
5583,290.0
5584,285.0
5585,290.0
5586,290.0
5587,290.0
5588,310.0
5589,330.0
5590,360.0
5591,360.0
5592,355.0
5593,355.0
5594,355.0
5595,345.0
5596,26.875
5597,11.875
5598,-0.0
5599,-0.0
5600,-0.0
5601,-0.0
5602,-0.0
5603,-0.0
5604,-0.0
5605,-0.0
5606,-0.0
5607,-0.0
5608,-0.0
5609,-0.0
5610,-0.0
5611,-0.0
5612,-0.0
5613,-0.0
5614,-0.0
5615,-0.0
5616,-0.0
5617,-0.0
5618,-0.0
5619,-0.0
5620,-0.0
5621,-0.0
5622,-0.0
5623,-0.0
5624,-0.0
5625,-0.0
5626,-0.0
5627,-0.0
5628,-0.0
5629,-0.0
5630,-0.0
5631,-0.0
5632,-0.0
5633,-0.0
5634,-0.0
5635,-0.0
5636,-0.0
5637,-0.0
5638,-0.0
5639,-0.0
5640,-0.0
5641,-0.0
5642,-0.0
5643,-0.0
5644,-0.0
5645,-0.0
5646,-0.0
5647,-0.0
5648,-0.0
5649,-0.0
5650,-0.0
5651,-0.0
5652,-0.0
5653,-0.0
5654,-0.0
5655,-0.0
5656,-0.0
5657,-0.0
5658,-0.0
5659,-0.0
5660,-0.0
5661,-0.0
5662,-0.0
5663,-0.0
5664,-0.0
5665,-0.0
5666,-0.0
5667,-0.0
5668,-0.0
5669,-0.0
5670,-0.0
5671,-0.0
5672,-0.0
5673,-0.0
5674,-0.0
5675,261.76000000007184
5676,295.0
5677,290.0
5678,300.0
5679,305.0
5680,300.0
5681,295.0
5682,300.0
5683,305.0
5684,315.0
5685,350.0
5686,380.0
5687,395.0
5688,395.0
5689,380.0
5690,390.0
5691,415.0
5692,51.00000000000006
5693,81.00000000000006
5694,86.00000000000006
5695,76.00000000000006
5696,-0.0
5697,-0.0
5698,-0.0
5699,-0.0
5700,-0.0
5701,-0.0
5702,-0.0
5703,-0.0
5704,-0.0
5705,-0.0
5706,-0.0
5707,-0.0
5708,-0.0
5709,-0.0
5710,-0.0
5711,-0.0
5712,-0.0
5713,-0.0
5714,-0.0
5715,-0.0
5716,-0.0
5717,-0.0
5718,-0.0
5719,-0.0
5720,-0.0
5721,-0.0
5722,-0.0
5723,-0.0
5724,-0.0
5725,-0.0
5726,-0.0
5727,-0.0
5728,-0.0
5729,-0.0
5730,-0.0
5731,-0.0
5732,-0.0
5733,-0.0
5734,-0.0
5735,-0.0
5736,-0.0
5737,-0.0
5738,-0.0
5739,-0.0
5740,-0.0
5741,-0.0
5742,-0.0
5743,-0.0
5744,-0.0
5745,-0.0
5746,-0.0
5747,-0.0
5748,-0.0
5749,-0.0
5750,-0.0
5751,-0.0
5752,-0.0
5753,-0.0
5754,-0.0
5755,-0.0
5756,-0.0
5757,-0.0
5758,-0.0
5759,-0.0
5760,-0.0
5761,-0.0
5762,-0.0
5763,-0.0
5764,-0.0
5765,-0.0
5766,-0.0
5767,-0.0
5768,-0.0
5769,146.97364760007193
5770,295.0
5771,295.0
5772,295.0
5773,290.0
5774,295.0
5775,305.0
5776,310.0
5777,300.0
5778,295.0
5779,305.0
5780,320.0
5781,340.0
5782,390.0
5783,395.0
5784,385.0
5785,390.0
5786,400.0
5787,420.0
5788,87.95000000000005
5789,42.950000000000045
5790,42.950000000000045
5791,67.95000000000005
5792,-0.0
5793,-0.0
5794,-0.0
5795,-0.0
5796,-0.0
5797,-0.0
5798,-0.0
5799,-0.0
5800,-0.0
5801,-0.0
5802,-0.0
5803,-0.0
5804,-0.0
5805,-0.0
5806,-0.0
5807,-0.0
5808,-0.0
5809,-0.0
5810,-0.0
5811,-0.0
5812,-0.0
5813,-0.0
5814,-0.0
5815,-0.0
5816,-0.0
5817,-0.0
5818,-0.0
5819,-0.0
5820,-0.0
5821,-0.0
5822,-0.0
5823,-0.0
5824,-0.0
5825,-0.0
5826,-0.0
5827,-0.0
5828,-0.0
5829,-0.0
5830,-0.0
5831,-0.0
5832,-0.0
5833,-0.0
5834,-0.0
5835,-0.0
5836,-0.0
5837,-0.0
5838,-0.0
5839,-0.0
5840,-0.0
5841,-0.0
5842,-0.0
5843,-0.0
5844,-0.0
5845,-0.0
5846,-0.0
5847,-0.0
5848,-0.0
5849,-0.0
5850,-0.0
5851,-0.0
5852,-0.0
5853,-0.0
5854,-0.0
5855,-0.0
5856,-0.0
5857,-0.0
5858,-0.0
5859,-0.0
5860,-0.0
5861,-0.0
5862,-0.0
5863,-0.0
5864,159.36000000006698
5865,290.0
5866,295.0
5867,290.0
5868,295.0
5869,295.0
5870,290.0
5871,290.0
5872,295.0
5873,305.0
5874,295.0
5875,300.0
5876,330.0
5877,365.0
5878,400.0
5879,410.0
5880,390.0
5881,405.0
5882,415.0
5883,455.0
5884,46.625
5885,36.625
5886,31.625
5887,46.625
5888,-0.0
5889,-0.0
5890,-0.0
5891,-0.0
5892,-0.0
5893,-0.0
5894,-0.0
5895,-0.0
5896,-0.0
5897,-0.0
5898,-0.0
5899,-0.0
5900,-0.0
5901,-0.0
5902,-0.0
5903,-0.0
5904,-0.0
5905,-0.0
5906,-0.0
5907,-0.0
5908,-0.0
5909,-0.0
5910,-0.0
5911,-0.0
5912,-0.0
5913,-0.0
5914,-0.0
5915,-0.0
5916,-0.0
5917,-0.0
5918,-0.0
5919,-0.0
5920,-0.0
5921,-0.0
5922,-0.0
5923,-0.0
5924,-0.0
5925,-0.0
5926,-0.0
5927,-0.0
5928,-0.0
5929,-0.0
5930,-0.0
5931,-0.0
5932,-0.0
5933,-0.0
5934,-0.0
5935,-0.0
5936,-0.0
5937,-0.0
5938,-0.0
5939,-0.0
5940,-0.0
5941,-0.0
5942,-0.0
5943,-0.0
5944,-0.0
5945,-0.0
5946,-0.0
5947,-0.0
5948,-0.0
5949,-0.0
5950,-0.0
5951,-0.0
5952,-0.0
5953,-0.0
5954,-0.0
5955,-0.0
5956,-0.0
5957,-0.0
5958,-0.0
5959,266.9600000000767
5960,295.0
5961,290.0
5962,290.0
5963,290.0
5964,290.0
5965,295.0
5966,295.0
5967,290.0
5968,295.0
5969,295.0
5970,290.0
5971,300.0
5972,335.0
5973,345.0
5974,385.0
5975,400.0
5976,390.0
5977,410.0
5978,425.0
5979,440.0
5980,155.47499999999997
5981,140.47499999999997
5982,120.47499999999997
5983,150.47499999999997
5984,378.975
5985,368.975
5986,423.975
5987,428.975
5988,354.375
5989,354.375
5990,344.375
5991,354.375
5992,290.775
5993,265.775
5994,250.775
5995,255.775
5996,525.0
5997,505.0
5998,535.0
5999,545.0
6000,421.075
6001,396.075
6002,396.075
6003,391.075
6004,326.725
6005,336.725
6006,321.725
6007,351.725
6008,378.925
6009,363.925
6010,373.925
6011,348.925
6012,433.5
6013,428.5
6014,413.5
6015,418.5
6016,361.725
6017,346.725
6018,341.725
6019,336.725
6020,380.0
6021,380.0
6022,385.0
6023,395.0
6024,385.0
6025,395.0
6026,380.0
6027,390.0
6028,380.0
6029,370.0
6030,360.0
6031,365.0
6032,365.0
6033,355.0
6034,350.0
6035,355.0
6036,330.0
6037,330.0
6038,320.0
6039,325.0
6040,310.0
6041,315.0
6042,305.0
6043,300.0
6044,300.0
6045,300.0
6046,290.0
6047,300.0
6048,290.0
6049,295.0
6050,295.0
6051,290.0
6052,290.0
6053,290.0
6054,290.0
6055,295.0
6056,290.0
6057,290.0
6058,295.0
6059,290.0
6060,290.0
6061,290.0
6062,290.0
6063,305.0
6064,295.0
6065,295.0
6066,295.0
6067,295.0
6068,325.0
6069,345.0
6070,380.0
6071,375.0
6072,405.0
6073,410.0
6074,400.0
6075,425.0
6076,343.175
6077,323.175
6078,323.175
6079,328.175
6080,-0.0
6081,-0.0
6082,-0.0
6083,-0.0
6084,-0.0
6085,-0.0
6086,-0.0
6087,-0.0
6088,-0.0
6089,-0.0
6090,-0.0
6091,-0.0
6092,-0.0
6093,-0.0
6094,-0.0
6095,-0.0
6096,-0.0
6097,-0.0
6098,-0.0
6099,-0.0
6100,-0.0
6101,-0.0
6102,-0.0
6103,-0.0
6104,-0.0
6105,-0.0
6106,-0.0
6107,-0.0
6108,-0.0
6109,-0.0
6110,-0.0
6111,-0.0
6112,-0.0
6113,-0.0
6114,-0.0
6115,-0.0
6116,-0.0
6117,-0.0
6118,-0.0
6119,-0.0
6120,-0.0
6121,-0.0
6122,-0.0
6123,-0.0
6124,-0.0
6125,-0.0
6126,-0.0
6127,-0.0
6128,-0.0
6129,-0.0
6130,-0.0
6131,-0.0
6132,-0.0
6133,-0.0
6134,-0.0
6135,-0.0
6136,-0.0
6137,-0.0
6138,-0.0
6139,-0.0
6140,-0.0
6141,-0.0
6142,-0.0
6143,-0.0
6144,-0.0
6145,-0.0
6146,-0.0
6147,-0.0
6148,-0.0
6149,-0.0
6150,-0.0
6151,-0.0
6152,-0.0
6153,61.76000000007073
6154,290.0
6155,285.0
6156,290.0
6157,285.0
6158,295.0
6159,310.0
6160,295.0
6161,290.0
6162,285.0
6163,295.0
6164,310.0
6165,335.0
6166,350.0
6167,340.0
6168,360.0
6169,380.0
6170,370.0
6171,360.0
6172,-0.0
6173,-0.0
6174,-0.0
6175,-0.0
6176,-0.0
6177,-0.0
6178,-0.0
6179,-0.0
6180,-0.0
6181,-0.0
6182,-0.0
6183,-0.0
6184,-0.0
6185,-0.0
6186,-0.0
6187,-0.0
6188,-0.0
6189,-0.0
6190,-0.0
6191,-0.0
6192,-0.0
6193,-0.0
6194,-0.0
6195,-0.0
6196,-0.0
6197,-0.0
6198,-0.0
6199,-0.0
6200,-0.0
6201,-0.0
6202,-0.0
6203,-0.0
6204,-0.0
6205,-0.0
6206,-0.0
6207,-0.0
6208,-0.0
6209,-0.0
6210,-0.0
6211,-0.0
6212,-0.0
6213,-0.0
6214,-0.0
6215,-0.0
6216,-0.0
6217,-0.0
6218,-0.0
6219,-0.0
6220,-0.0
6221,-0.0
6222,-0.0
6223,-0.0
6224,-0.0
6225,-0.0
6226,-0.0
6227,-0.0
6228,-0.0
6229,-0.0
6230,-0.0
6231,-0.0
6232,-0.0
6233,-0.0
6234,-0.0
6235,-0.0
6236,-0.0
6237,-0.0
6238,-0.0
6239,-0.0
6240,-0.0
6241,-0.0
6242,-0.0
6243,-0.0
6244,-0.0
6245,-0.0
6246,-0.0
6247,-0.0
6248,-0.0
6249,-0.0
6250,-0.0
6251,211.76000000007156
6252,285.0
6253,290.0
6254,290.0
6255,290.0
6256,290.0
6257,295.0
6258,285.0
6259,290.0
6260,305.0
6261,325.0
6262,350.0
6263,365.0
6264,355.0
6265,360.0
6266,345.0
6267,375.0
6268,-0.0
6269,-0.0
6270,-0.0
6271,-0.0
6272,-0.0
6273,-0.0
6274,-0.0
6275,-0.0
6276,-0.0
6277,-0.0
6278,-0.0
6279,-0.0
6280,-0.0
6281,-0.0
6282,-0.0
6283,-0.0
6284,-0.0
6285,-0.0
6286,-0.0
6287,-0.0
6288,-0.0
6289,-0.0
6290,-0.0
6291,-0.0
6292,-0.0
6293,-0.0
6294,-0.0
6295,-0.0
6296,-0.0
6297,-0.0
6298,-0.0
6299,-0.0
6300,-0.0
6301,-0.0
6302,-0.0
6303,-0.0
6304,-0.0
6305,-0.0
6306,-0.0
6307,-0.0
6308,-0.0
6309,-0.0
6310,-0.0
6311,-0.0
6312,-0.0
6313,-0.0
6314,-0.0
6315,-0.0
6316,-0.0
6317,-0.0
6318,-0.0
6319,-0.0
6320,-0.0
6321,-0.0
6322,-0.0
6323,-0.0
6324,-0.0
6325,-0.0
6326,-0.0
6327,-0.0
6328,-0.0
6329,-0.0
6330,-0.0
6331,-0.0
6332,-0.0
6333,-0.0
6334,-0.0
6335,-0.0
6336,-0.0
6337,-0.0
6338,-0.0
6339,-0.0
6340,-0.0
6341,-0.0
6342,-0.0
6343,-0.0
6344,-0.0
6345,51.76000000007062
6346,-0.0
6347,295.0
6348,290.0
6349,300.0
6350,295.0
6351,295.0
6352,295.0
6353,305.0
6354,300.0
6355,305.0
6356,320.0
6357,365.0
6358,395.0
6359,415.0
6360,420.0
6361,410.0
6362,410.0
6363,410.0
6364,300.65
6365,325.65
6366,320.65
6367,335.65
6368,174.575
6369,169.575
6370,169.575
6371,174.575
6372,172.25
6373,172.25
6374,162.25
6375,157.25
6376,314.25
6377,294.25
6378,294.25
6379,279.25
6380,36.150000000000034
6381,71.15000000000003
6382,71.15000000000003
6383,66.15000000000003
6384,185.39999999999998
6385,185.39999999999998
6386,175.39999999999998
6387,165.39999999999998
6388,-0.0
6389,-0.0
6390,-0.0
6391,-0.0
6392,-0.0
6393,-0.0
6394,169.34769760000327
6395,184.14999999999998
6396,346.625
6397,331.625
6398,326.625
6399,306.625
6400,317.275
6401,312.275
6402,307.275
6403,307.275
6404,400.0
6405,385.0
6406,380.0
6407,395.0
6408,385.0
6409,390.0
6410,385.0
6411,385.0
6412,385.0
6413,380.0
6414,365.0
6415,365.0
6416,360.0
6417,350.0
6418,350.0
6419,350.0
6420,345.0
6421,330.0
6422,320.0
6423,320.0
6424,320.0
6425,315.0
6426,310.0
6427,310.0
6428,305.0
6429,300.0
6430,300.0
6431,305.0
6432,305.0
6433,300.0
6434,305.0
6435,300.0
6436,300.0
6437,305.0
6438,295.0
6439,300.0
6440,305.0
6441,295.0
6442,300.0
6443,300.0
6444,300.0
6445,300.0
6446,295.0
6447,315.0
6448,305.0
6449,300.0
6450,300.0
6451,315.0
6452,320.0
6453,355.0
6454,390.0
6455,385.0
6456,400.0
6457,400.0
6458,420.0
6459,440.0
6460,422.7
6461,422.7
6462,407.7
6463,447.7
6464,364.675
6465,359.675
6466,364.675
6467,384.675
6468,323.3
6469,328.3
6470,328.3
6471,313.3
6472,440.625
6473,440.625
6474,450.625
6475,450.625
6476,371.67499999999995
6477,356.67499999999995
6478,351.67499999999995
6479,361.67499999999995
6480,426.2
6481,401.2
6482,386.2
6483,391.2
6484,378.95
6485,398.95
6486,368.95
6487,373.95
6488,410.8
6489,400.8
6490,395.8
6491,395.8
6492,400.0
6493,365.0
6494,355.0
6495,350.0
6496,396.9
6497,386.9
6498,381.9
6499,381.9
6500,395.0
6501,400.0
6502,395.0
6503,395.0
6504,395.0
6505,395.0
6506,395.0
6507,390.0
6508,400.0
6509,395.0
6510,370.0
6511,375.0
6512,380.0
6513,370.0
6514,355.0
6515,355.0
6516,350.0
6517,340.0
6518,335.0
6519,330.0
6520,325.0
6521,325.0
6522,305.0
6523,315.0
6524,310.0
6525,310.0
6526,300.0
6527,305.0
6528,305.0
6529,300.0
6530,305.0
6531,300.0
6532,305.0
6533,295.0
6534,300.0
6535,305.0
6536,305.0
6537,300.0
6538,305.0
6539,295.0
6540,305.0
6541,300.0
6542,300.0
6543,310.0
6544,295.0
6545,305.0
6546,305.0
6547,315.0
6548,320.0
6549,345.0
6550,410.0
6551,400.0
6552,410.0
6553,405.0
6554,410.0
6555,455.0
6556,433.175
6557,418.175
6558,438.175
6559,418.175
6560,387.7
6561,382.7
6562,382.7
6563,407.7
6564,251.45
6565,216.45
6566,246.45
6567,266.45
6568,-0.0
6569,-0.0
6570,-0.0
6571,-0.0
6572,-0.0
6573,-0.0
6574,-0.0
6575,-0.0
6576,-0.0
6577,-0.0
6578,-0.0
6579,-0.0
6580,-0.0
6581,-0.0
6582,-0.0
6583,-0.0
6584,-0.0
6585,-0.0
6586,-0.0
6587,-0.0
6588,-0.0
6589,-0.0
6590,-0.0
6591,-0.0
6592,-0.0
6593,-0.0
6594,-0.0
6595,-0.0
6596,-0.0
6597,-0.0
6598,-0.0
6599,-0.0
6600,-0.0
6601,-0.0
6602,-0.0
6603,-0.0
6604,-0.0
6605,-0.0
6606,-0.0
6607,363.5343767000336
6608,385.0
6609,365.0
6610,375.0
6611,350.0
6612,350.0
6613,345.0
6614,340.0
6615,335.0
6616,325.0
6617,330.0
6618,315.0
6619,315.0
6620,310.0
6621,315.0
6622,305.0
6623,310.0
6624,325.0
6625,310.0
6626,305.0
6627,300.0
6628,305.0
6629,305.0
6630,305.0
6631,300.0
6632,300.0
6633,295.0
6634,300.0
6635,295.0
6636,300.0
6637,300.0
6638,300.0
6639,300.0
6640,305.0
6641,310.0
6642,300.0
6643,315.0
6644,335.0
6645,365.0
6646,415.0
6647,405.0
6648,410.0
6649,430.0
6650,435.0
6651,450.0
6652,422.75
6653,427.75
6654,437.75
6655,437.75
6656,307.575
6657,322.575
6658,342.575
6659,352.575
6660,417.05
6661,407.05
6662,387.05
6663,387.05
6664,-0.0
6665,-0.0
6666,-0.0
6667,-0.0
6668,-0.0
6669,-0.0
6670,-0.0
6671,-0.0
6672,-0.0
6673,-0.0
6674,-0.0
6675,-0.0
6676,-0.0
6677,-0.0
6678,-0.0
6679,-0.0
6680,-0.0
6681,-0.0
6682,-0.0
6683,-0.0
6684,-0.0
6685,-0.0
6686,-0.0
6687,-0.0
6688,-0.0
6689,-0.0
6690,-0.0
6691,-0.0
6692,-0.0
6693,-0.0
6694,-0.0
6695,-0.0
6696,-0.0
6697,-0.0
6698,-0.0
6699,-0.0
6700,-0.0
6701,-0.0
6702,-0.0
6703,-0.0
6704,-0.0
6705,-0.0
6706,-0.0
6707,-0.0
6708,-0.0
6709,-0.0
6710,-0.0
6711,-0.0
6712,-0.0
6713,-0.0
6714,-0.0
6715,-0.0
6716,-0.0
6717,-0.0
6718,-0.0
6719,-0.0
6720,-0.0
6721,-0.0
6722,-0.0
6723,-0.0
6724,-0.0
6725,-0.0
6726,-0.0
6727,180.26000000007542
6728,295.0
6729,295.0
6730,290.0
6731,290.0
6732,290.0
6733,290.0
6734,290.0
6735,300.0
6736,290.0
6737,290.0
6738,290.0
6739,305.0
6740,330.0
6741,355.0
6742,390.0
6743,375.0
6744,395.0
6745,395.0
6746,410.0
6747,425.0
6748,293.5
6749,258.5
6750,268.5
6751,263.5
6752,-0.0
6753,-0.0
6754,-0.0
6755,-0.0
6756,-0.0
6757,-0.0
6758,-0.0
6759,-0.0
6760,-0.0
6761,-0.0
6762,-0.0
6763,-0.0
6764,-0.0
6765,-0.0
6766,-0.0
6767,-0.0
6768,-0.0
6769,-0.0
6770,-0.0
6771,-0.0
6772,-0.0
6773,-0.0
6774,-0.0
6775,-0.0
6776,-0.0
6777,-0.0
6778,-0.0
6779,-0.0
6780,-0.0
6781,-0.0
6782,-0.0
6783,-0.0
6784,-0.0
6785,-0.0
6786,-0.0
6787,-0.0
6788,-0.0
6789,-0.0
6790,-0.0
6791,-0.0
6792,-0.0
6793,-0.0
6794,-0.0
6795,-0.0
6796,-0.0
6797,-0.0
6798,-0.0
6799,-0.0
6800,10.124690000031933
6801,350.0
6802,340.0
6803,340.0
6804,325.0
6805,325.0
6806,320.0
6807,325.0
6808,315.0
6809,310.0
6810,300.0
6811,300.0
6812,300.0
6813,300.0
6814,300.0
6815,290.0
6816,295.0
6817,290.0
6818,295.0
6819,290.0
6820,290.0
6821,295.0
6822,300.0
6823,305.0
6824,290.0
6825,290.0
6826,290.0
6827,290.0
6828,295.0
6829,300.0
6830,295.0
6831,290.0
6832,295.0
6833,295.0
6834,300.0
6835,300.0
6836,310.0
6837,335.0
6838,395.0
6839,375.0
6840,400.0
6841,390.0
6842,400.0
6843,405.0
6844,242.6
6845,247.6
6846,232.6
6847,227.6
6848,326.925
6849,321.925
6850,311.925
6851,311.925
6852,195.575
6853,245.575
6854,225.575
6855,220.575
6856,-0.0
6857,-0.0
6858,-0.0
6859,-0.0
6860,-0.0
6861,123.81908799999572
6862,258.325
6863,248.325
6864,233.70000000000002
6865,218.70000000000002
6866,208.70000000000002
6867,208.70000000000002
6868,-0.0
6869,-0.0
6870,-0.0
6871,-0.0
6872,-0.0
6873,-0.0
6874,-0.0
6875,-0.0
6876,-0.0
6877,-0.0
6878,-0.0
6879,-0.0
6880,-0.0
6881,-0.0
6882,-0.0
6883,-0.0
6884,-0.0
6885,-0.0
6886,-0.0
6887,-0.0
6888,-0.0
6889,-0.0
6890,-0.0
6891,-0.0
6892,-0.0
6893,-0.0
6894,-0.0
6895,-0.0
6896,-0.0
6897,-0.0
6898,-0.0
6899,-0.0
6900,-0.0
6901,-0.0
6902,-0.0
6903,-0.0
6904,-0.0
6905,-0.0
6906,-0.0
6907,-0.0
6908,89.65720360006142
6909,300.0
6910,300.0
6911,295.0
6912,300.0
6913,295.0
6914,290.0
6915,295.0
6916,285.0
6917,295.0
6918,295.0
6919,285.0
6920,295.0
6921,290.0
6922,285.0
6923,290.0
6924,290.0
6925,290.0
6926,290.0
6927,290.0
6928,290.0
6929,290.0
6930,295.0
6931,290.0
6932,310.0
6933,330.0
6934,385.0
6935,360.0
6936,365.0
6937,380.0
6938,365.0
6939,365.0
6940,278.325
6941,268.325
6942,263.325
6943,263.325
6944,102.92500000000001
6945,82.92500000000001
6946,77.92500000000001
6947,82.92500000000001
6948,129.42499999999998
6949,144.42499999999998
6950,149.42499999999998
6951,144.42499999999998
6952,276.425
6953,276.425
6954,266.425
6955,261.425
6956,249.77499999999998
6957,259.775
6958,249.77499999999998
6959,259.775
6960,-0.0
6961,-0.0
6962,-0.0
6963,-0.0
6964,-0.0
6965,-0.0
6966,-0.0
6967,-0.0
6968,-0.0
6969,-0.0
6970,-0.0
6971,-0.0
6972,-0.0
6973,-0.0
6974,-0.0
6975,-0.0
6976,-0.0
6977,-0.0
6978,-0.0
6979,-0.0
6980,-0.0
6981,-0.0
6982,-0.0
6983,-0.0
6984,-0.0
6985,-0.0
6986,-0.0
6987,-0.0
6988,-0.0
6989,-0.0
6990,-0.0
6991,117.9428916000077
6992,340.0
6993,335.0
6994,330.0
6995,335.0
6996,340.0
6997,325.0
6998,315.0
6999,320.0
7000,305.0
7001,305.0
7002,300.0
7003,295.0
7004,295.0
7005,295.0
7006,295.0
7007,290.0
7008,300.0
7009,295.0
7010,300.0
7011,295.0
7012,310.0
7013,300.0
7014,295.0
7015,295.0
7016,300.0
7017,295.0
7018,295.0
7019,295.0
7020,295.0
7021,295.0
7022,305.0
7023,300.0
7024,295.0
7025,300.0
7026,300.0
7027,310.0
7028,325.0
7029,360.0
7030,420.0
7031,395.0
7032,392.2
7033,392.2
7034,392.2
7035,427.2
7036,368.75
7037,378.75
7038,368.75
7039,398.75
7040,-0.0
7041,-0.0
7042,-0.0
7043,-0.0
7044,-0.0
7045,-0.0
7046,-0.0
7047,-0.0
7048,360.2947007999919
7049,380.325
7050,355.325
7051,345.325
7052,332.175
7053,327.175
7054,337.175
7055,347.175
7056,-0.0
7057,-0.0
7058,-0.0
7059,-0.0
7060,-0.0
7061,-0.0
7062,-0.0
7063,-0.0
7064,-0.0
7065,-0.0
7066,-0.0
7067,-0.0
7068,-0.0
7069,-0.0
7070,-0.0
7071,-0.0
7072,-0.0
7073,-0.0
7074,-0.0
7075,-0.0
7076,-0.0
7077,-0.0
7078,-0.0
7079,-0.0
7080,-0.0
7081,-0.0
7082,-0.0
7083,-0.0
7084,-0.0
7085,-0.0
7086,-0.0
7087,-0.0
7088,-0.0
7089,-0.0
7090,-0.0
7091,-0.0
7092,-0.0
7093,-0.0
7094,-0.0
7095,-0.0
7096,-0.0
7097,-0.0
7098,-0.0
7099,-0.0
7100,-0.0
7101,-0.0
7102,-0.0
7103,-0.0
7104,-0.0
7105,129.34310240003518
7106,295.0
7107,290.0
7108,295.0
7109,290.0
7110,295.0
7111,290.0
7112,290.0
7113,295.0
7114,290.0
7115,295.0
7116,290.0
7117,295.0
7118,295.0
7119,305.0
7120,315.0
7121,290.0
7122,305.0
7123,315.0
7124,325.0
7125,350.0
7126,400.0
7127,405.0
7128,410.0
7129,425.0
7130,420.0
7131,430.0
7132,222.3
7133,222.3
7134,212.3
7135,222.3
7136,25.05000000000001
7137,15.050000000000011
7138,25.05000000000001
7139,55.05000000000001
7140,-0.0
7141,-0.0
7142,-0.0
7143,-0.0
7144,-0.0
7145,-0.0
7146,-0.0
7147,-0.0
7148,-0.0
7149,-0.0
7150,-0.0
7151,-0.0
7152,-0.0
7153,-0.0
7154,-0.0
7155,-0.0
7156,-0.0
7157,-0.0
7158,-0.0
7159,-0.0
7160,-0.0
7161,-0.0
7162,-0.0
7163,-0.0
7164,-0.0
7165,-0.0
7166,-0.0
7167,-0.0
7168,-0.0
7169,-0.0
7170,-0.0
7171,-0.0
7172,-0.0
7173,-0.0
7174,-0.0
7175,-0.0
7176,347.06911959999684
7177,370.0
7178,380.0
7179,385.0
7180,365.0
7181,365.0
7182,370.0
7183,355.0
7184,360.0
7185,350.0
7186,340.0
7187,335.0
7188,325.0
7189,320.0
7190,320.0
7191,315.0
7192,310.0
7193,300.0
7194,300.0
7195,295.0
7196,290.0
7197,290.0
7198,290.0
7199,285.0
7200,290.0
7201,290.0
7202,285.0
7203,285.0
7204,285.0
7205,290.0
7206,280.0
7207,285.0
7208,285.0
7209,285.0
7210,285.0
7211,285.0
7212,280.0
7213,280.0
7214,285.0
7215,285.0
7216,290.0
7217,300.0
7218,300.0
7219,300.0
7220,320.0
7221,350.0
7222,380.0
7223,375.0
7224,388.775
7225,393.775
7226,408.775
7227,408.775
7228,352.55
7229,352.55
7230,357.55
7231,377.55
7232,138.77500000000003
7233,123.77500000000003
7234,123.77500000000003
7235,138.77500000000003
7236,225.72500000000002
7237,200.72500000000002
7238,190.72500000000002
7239,190.72500000000002
7240,-0.0
7241,-0.0
7242,-0.0
7243,-0.0
7244,-0.0
7245,-0.0
7246,-0.0
7247,-0.0
7248,-0.0
7249,-0.0
7250,-0.0
7251,-0.0
7252,-0.0
7253,-0.0
7254,-0.0
7255,-0.0
7256,-0.0
7257,-0.0
7258,-0.0
7259,-0.0
7260,-0.0
7261,-0.0
7262,-0.0
7263,-0.0
7264,-0.0
7265,187.36783520002433
7266,235.74999999999997
7267,220.74999999999997
7268,378.3
7269,378.3
7270,378.3
7271,373.3
7272,370.0
7273,375.0
7274,380.0
7275,390.0
7276,380.0
7277,375.0
7278,360.0
7279,365.0
7280,350.0
7281,355.0
7282,340.0
7283,345.0
7284,330.0
7285,320.0
7286,325.0
7287,320.0
7288,315.0
7289,305.0
7290,300.0
7291,295.0
7292,290.0
7293,300.0
7294,295.0
7295,290.0
7296,285.0
7297,290.0
7298,290.0
7299,290.0
7300,285.0
7301,285.0
7302,290.0
7303,290.0
7304,290.0
7305,290.0
7306,285.0
7307,285.0
7308,290.0
7309,285.0
7310,290.0
7311,305.0
7312,295.0
7313,295.0
7314,300.0
7315,305.0
7316,335.0
7317,345.0
7318,375.0
7319,370.0
7320,405.0
7321,400.0
7322,410.0
7323,440.0
7324,420.875
7325,410.875
7326,425.875
7327,410.875
7328,383.3
7329,408.3
7330,403.3
7331,443.3
7332,371.275
7333,356.275
7334,371.275
7335,361.275
7336,-0.0
7337,-0.0
7338,-0.0
7339,-0.0
7340,-0.0
7341,-0.0
7342,-0.0
7343,-0.0
7344,-0.0
7345,-0.0
7346,-0.0
7347,-0.0
7348,-0.0
7349,-0.0
7350,-0.0
7351,-0.0
7352,-0.0
7353,-0.0
7354,-0.0
7355,-0.0
7356,-0.0
7357,-0.0
7358,-0.0
7359,-0.0
7360,-0.0
7361,-0.0
7362,-0.0
7363,-0.0
7364,-0.0
7365,-0.0
7366,-0.0
7367,-0.0
7368,-0.0
7369,259.5525172000204
7370,385.0
7371,380.0
7372,365.0
7373,370.0
7374,360.0
7375,365.0
7376,365.0
7377,350.0
7378,345.0
7379,350.0
7380,340.0
7381,325.0
7382,320.0
7383,325.0
7384,305.0
7385,300.0
7386,300.0
7387,295.0
7388,290.0
7389,290.0
7390,290.0
7391,295.0
7392,290.0
7393,285.0
7394,290.0
7395,290.0
7396,290.0
7397,285.0
7398,290.0
7399,285.0
7400,285.0
7401,290.0
7402,285.0
7403,280.0
7404,295.0
7405,285.0
7406,285.0
7407,290.0
7408,290.0
7409,295.0
7410,300.0
7411,300.0
7412,315.0
7413,345.0
7414,370.0
7415,385.0
7416,380.1
7417,375.1
7418,365.1
7419,375.1
7420,-0.0
7421,-0.0
7422,-0.0
7423,-0.0
7424,-0.0
7425,-0.0
7426,-0.0
7427,-0.0
7428,-0.0
7429,-0.0
7430,-0.0
7431,-0.0
7432,-0.0
7433,-0.0
7434,-0.0
7435,-0.0
7436,-0.0
7437,-0.0
7438,-0.0
7439,-0.0
7440,-0.0
7441,-0.0
7442,-0.0
7443,-0.0
7444,-0.0
7445,-0.0
7446,-0.0
7447,-0.0
7448,-0.0
7449,-0.0
7450,-0.0
7451,-0.0
7452,-0.0
7453,-0.0
7454,-0.0
7455,-0.0
7456,-0.0
7457,-0.0
7458,-0.0
7459,-0.0
7460,-0.0
7461,-0.0
7462,-0.0
7463,-0.0
7464,-0.0
7465,-0.0
7466,-0.0
7467,-0.0
7468,-0.0
7469,-0.0
7470,-0.0
7471,-0.0
7472,-0.0
7473,-0.0
7474,-0.0
7475,-0.0
7476,-0.0
7477,-0.0
7478,-0.0
7479,-0.0
7480,-0.0
7481,-0.0
7482,-0.0
7483,-0.0
7484,-0.0
7485,-0.0
7486,-0.0
7487,-0.0
7488,-0.0
7489,-0.0
7490,-0.0
7491,-0.0
7492,-0.0
7493,-0.0
7494,30.06000000006975
7495,285.0
7496,285.0
7497,285.0
7498,285.0
7499,285.0
7500,285.0
7501,285.0
7502,285.0
7503,290.0
7504,285.0
7505,290.0
7506,300.0
7507,315.0
7508,305.0
7509,320.0
7510,355.0
7511,350.0
7512,351.375
7513,336.375
7514,336.375
7515,331.375
7516,-0.0
7517,-0.0
7518,-0.0
7519,-0.0
7520,-0.0
7521,-0.0
7522,-0.0
7523,-0.0
7524,-0.0
7525,-0.0
7526,-0.0
7527,-0.0
7528,-0.0
7529,-0.0
7530,-0.0
7531,-0.0
7532,-0.0
7533,-0.0
7534,-0.0
7535,-0.0
7536,-0.0
7537,-0.0
7538,-0.0
7539,-0.0
7540,-0.0
7541,-0.0
7542,-0.0
7543,-0.0
7544,-0.0
7545,-0.0
7546,-0.0
7547,-0.0
7548,-0.0
7549,-0.0
7550,-0.0
7551,-0.0
7552,-0.0
7553,-0.0
7554,-0.0
7555,-0.0
7556,-0.0
7557,-0.0
7558,-0.0
7559,-0.0
7560,-0.0
7561,-0.0
7562,-0.0
7563,-0.0
7564,-0.0
7565,-0.0
7566,-0.0
7567,-0.0
7568,-0.0
7569,-0.0
7570,-0.0
7571,-0.0
7572,-0.0
7573,-0.0
7574,-0.0
7575,-0.0
7576,-0.0
7577,-0.0
7578,-0.0
7579,-0.0
7580,-0.0
7581,-0.0
7582,-0.0
7583,-0.0
7584,-0.0
7585,-0.0
7586,-0.0
7587,-0.0
7588,-0.0
7589,-0.0
7590,-0.0
7591,-0.0
7592,-0.0
7593,-0.0
7594,-0.0
7595,-0.0
7596,52.66000000005221
7597,285.0
7598,280.0
7599,285.0
7600,285.0
7601,280.0
7602,285.0
7603,290.0
7604,295.0
7605,325.0
7606,380.0
7607,355.0
7608,339.2
7609,349.2
7610,334.2
7611,339.2
7612,328.6
7613,308.6
7614,313.6
7615,308.6
7616,227.525
7617,227.525
7618,232.525
7619,242.525
7620,226.975
7621,231.975
7622,231.975
7623,216.975
7624,225.925
7625,225.925
7626,230.925
7627,220.925
7628,144.675
7629,144.675
7630,154.675
7631,159.675
7632,164.85000000000002
7633,159.85000000000002
7634,154.85000000000002
7635,154.85000000000002
7636,-0.0
7637,-0.0
7638,-0.0
7639,-0.0
7640,-0.0
7641,-0.0
7642,71.10047199999528
7643,109.775
7644,-0.0
7645,-0.0
7646,-0.0
7647,-0.0
7648,-0.0
7649,-0.0
7650,-0.0
7651,-0.0
7652,-0.0
7653,303.5
7654,181.36873969999687
7655,303.5
7656,330.0
7657,335.0
7658,335.0
7659,345.0
7660,340.0
7661,345.0
7662,335.0
7663,335.0
7664,325.0
7665,325.0
7666,320.0
7667,320.0
7668,330.0
7669,315.0
7670,305.0
7671,305.0
7672,295.0
7673,295.0
7674,295.0
7675,290.0
7676,285.0
7677,285.0
7678,285.0
7679,280.0
7680,290.0
7681,295.0
7682,285.0
7683,290.0
7684,285.0
7685,290.0
7686,295.0
7687,285.0
7688,295.0
7689,285.0
7690,290.0
7691,290.0
7692,290.0
7693,290.0
7694,295.0
7695,290.0
7696,300.0
7697,290.0
7698,290.0
7699,295.0
7700,315.0
7701,350.0
7702,385.0
7703,395.0
7704,400.575
7705,405.575
7706,395.575
7707,390.575
7708,246.10000000000002
7709,271.1
7710,261.1
7711,276.1
7712,154.325
7713,134.325
7714,149.325
7715,169.325
7716,-0.0
7717,-0.0
7718,-0.0
7719,-0.0
7720,-0.0
7721,89.28964839999216
7722,269.125
7723,259.125
7724,305.675
7725,300.675
7726,300.675
7727,310.675
7728,275.2
7729,255.2
7730,255.2
7731,255.2
7732,321.75
7733,316.75
7734,331.75
7735,331.75
7736,344.75
7737,354.75
7738,349.75
7739,339.75
7740,307.0
7741,292.0
7742,292.0
7743,287.0
7744,283.07500000000005
7745,278.07500000000005
7746,288.07500000000005
7747,263.07500000000005
7748,362.3
7749,372.3
7750,367.3
7751,362.3
7752,375.0
7753,375.0
7754,365.0
7755,375.0
7756,370.0
7757,365.0
7758,355.0
7759,350.0
7760,350.0
7761,340.0
7762,340.0
7763,330.0
7764,320.0
7765,320.0
7766,315.0
7767,310.0
7768,315.0
7769,320.0
7770,310.0
7771,305.0
7772,300.0
7773,295.0
7774,295.0
7775,290.0
7776,295.0
7777,290.0
7778,290.0
7779,285.0
7780,290.0
7781,285.0
7782,300.0
7783,290.0
7784,290.0
7785,290.0
7786,285.0
7787,285.0
7788,285.0
7789,285.0
7790,285.0
7791,290.0
7792,300.0
7793,290.0
7794,295.0
7795,300.0
7796,315.0
7797,335.0
7798,385.0
7799,390.0
7800,379.775
7801,389.775
7802,394.775
7803,434.775
7804,142.22499999999997
7805,152.22499999999997
7806,157.22499999999997
7807,157.22499999999997
7808,68.05000000000001
7809,53.05000000000001
7810,63.05000000000001
7811,88.05000000000001
7812,209.7
7813,199.7
7814,199.7
7815,179.7
7816,-0.0
7817,-0.0
7818,-0.0
7819,-0.0
7820,-0.0
7821,-0.0
7822,-0.0
7823,-0.0
7824,-0.0
7825,-0.0
7826,-0.0
7827,-0.0
7828,-0.0
7829,-0.0
7830,-0.0
7831,-0.0
7832,-0.0
7833,-0.0
7834,-0.0
7835,-0.0
7836,-0.0
7837,-0.0
7838,-0.0
7839,-0.0
7840,-0.0
7841,-0.0
7842,-0.0
7843,-0.0
7844,-0.0
7845,-0.0
7846,-0.0
7847,-0.0
7848,-0.0
7849,-0.0
7850,-0.0
7851,-0.0
7852,-0.0
7853,-0.0
7854,-0.0
7855,-0.0
7856,-0.0
7857,-0.0
7858,-0.0
7859,-0.0
7860,-0.0
7861,-0.0
7862,-0.0
7863,-0.0
7864,-0.0
7865,34.724294400050496
7866,300.0
7867,310.0
7868,325.0
7869,305.0
7870,295.0
7871,295.0
7872,295.0
7873,295.0
7874,290.0
7875,295.0
7876,295.0
7877,295.0
7878,290.0
7879,295.0
7880,290.0
7881,290.0
7882,285.0
7883,290.0
7884,290.0
7885,290.0
7886,285.0
7887,290.0
7888,290.0
7889,285.0
7890,290.0
7891,295.0
7892,325.0
7893,345.0
7894,390.0
7895,385.0
7896,276.425
7897,271.425
7898,276.425
7899,281.425
7900,-0.0
7901,-0.0
7902,-0.0
7903,-0.0
7904,-0.0
7905,-0.0
7906,-0.0
7907,-0.0
7908,-0.0
7909,-0.0
7910,-0.0
7911,-0.0
7912,-0.0
7913,-0.0
7914,-0.0
7915,-0.0
7916,-0.0
7917,-0.0
7918,-0.0
7919,-0.0
7920,-0.0
7921,-0.0
7922,-0.0
7923,-0.0
7924,-0.0
7925,-0.0
7926,-0.0
7927,-0.0
7928,-0.0
7929,-0.0
7930,-0.0
7931,-0.0
7932,-0.0
7933,-0.0
7934,-0.0
7935,-0.0
7936,-0.0
7937,-0.0
7938,-0.0
7939,-0.0
7940,-0.0
7941,-0.0
7942,-0.0
7943,-0.0
7944,-0.0
7945,-0.0
7946,-0.0
7947,-0.0
7948,-0.0
7949,-0.0
7950,-0.0
7951,-0.0
7952,-0.0
7953,-0.0
7954,-0.0
7955,-0.0
7956,-0.0
7957,-0.0
7958,-0.0
7959,-0.0
7960,-0.0
7961,-0.0
7962,-0.0
7963,-0.0
7964,-0.0
7965,-0.0
7966,-0.0
7967,-0.0
7968,-0.0
7969,-0.0
7970,-0.0
7971,-0.0
7972,-0.0
7973,-0.0
7974,-0.0
7975,-0.0
7976,-0.0
7977,172.96000000006006
7978,290.0
7979,290.0
7980,290.0
7981,295.0
7982,290.0
7983,300.0
7984,300.0
7985,290.0
7986,295.0
7987,300.0
7988,320.0
7989,350.0
7990,380.0
7991,385.0
7992,331.5
7993,346.5
7994,356.5
7995,366.5
7996,151.07500000000005
7997,171.07500000000005
7998,156.07500000000005
7999,146.07500000000005
8000,-0.0
8001,-0.0
8002,-0.0
8003,-0.0
8004,-0.0
8005,-0.0
8006,-0.0
8007,-0.0
8008,-0.0
8009,-0.0
8010,-0.0
8011,-0.0
8012,-0.0
8013,-0.0
8014,-0.0
8015,-0.0
8016,-0.0
8017,-0.0
8018,-0.0
8019,-0.0
8020,-0.0
8021,-0.0
8022,-0.0
8023,-0.0
8024,-0.0
8025,-0.0
8026,-0.0
8027,-0.0
8028,-0.0
8029,-0.0
8030,-0.0
8031,-0.0
8032,-0.0
8033,-0.0
8034,-0.0
8035,-0.0
8036,-0.0
8037,-0.0
8038,-0.0
8039,-0.0
8040,-0.0
8041,-0.0
8042,-0.0
8043,-0.0
8044,-0.0
8045,-0.0
8046,-0.0
8047,-0.0
8048,-0.0
8049,-0.0
8050,-0.0
8051,-0.0
8052,-0.0
8053,-0.0
8054,-0.0
8055,-0.0
8056,-0.0
8057,-0.0
8058,-0.0
8059,-0.0
8060,-0.0
8061,-0.0
8062,-0.0
8063,-0.0
8064,305.0
8065,261.2600000000464
8066,305.0
8067,290.0
8068,290.0
8069,290.0
8070,295.0
8071,290.0
8072,290.0
8073,290.0
8074,290.0
8075,285.0
8076,295.0
8077,290.0
8078,300.0
8079,290.0
8080,290.0
8081,295.0
8082,295.0
8083,300.0
8084,320.0
8085,345.0
8086,390.0
8087,375.0
8088,250.75
8089,250.75
8090,280.75
8091,275.75
8092,-0.0
8093,-0.0
8094,-0.0
8095,-0.0
8096,-0.0
8097,-0.0
8098,-0.0
8099,-0.0
8100,-0.0
8101,-0.0
8102,-0.0
8103,-0.0
8104,-0.0
8105,-0.0
8106,-0.0
8107,-0.0
8108,-0.0
8109,-0.0
8110,-0.0
8111,-0.0
8112,-0.0
8113,-0.0
8114,-0.0
8115,-0.0
8116,-0.0
8117,-0.0
8118,-0.0
8119,-0.0
8120,-0.0
8121,-0.0
8122,-0.0
8123,-0.0
8124,-0.0
8125,-0.0
8126,-0.0
8127,-0.0
8128,-0.0
8129,-0.0
8130,-0.0
8131,-0.0
8132,-0.0
8133,-0.0
8134,-0.0
8135,-0.0
8136,-0.0
8137,-0.0
8138,-0.0
8139,-0.0
8140,-0.0
8141,-0.0
8142,-0.0
8143,-0.0
8144,-0.0
8145,-0.0
8146,-0.0
8147,-0.0
8148,-0.0
8149,-0.0
8150,-0.0
8151,-0.0
8152,-0.0
8153,-0.0
8154,-0.0
8155,-0.0
8156,-0.0
8157,-0.0
8158,-0.0
8159,-0.0
8160,-0.0
8161,-0.0
8162,-0.0
8163,-0.0
8164,-0.0
8165,-0.0
8166,143.36000000006945
8167,285.0
8168,285.0
8169,290.0
8170,290.0
8171,285.0
8172,285.0
8173,290.0
8174,290.0
8175,300.0
8176,290.0
8177,295.0
8178,295.0
8179,305.0
8180,310.0
8181,315.0
8182,375.0
8183,385.0
8184,312.225
8185,287.225
8186,297.225
8187,272.225
8188,328.3
8189,333.3
8190,333.3
8191,323.3
8192,-0.0
8193,-0.0
8194,-0.0
8195,-0.0
8196,-0.0
8197,-0.0
8198,-0.0
8199,-0.0
8200,-0.0
8201,-0.0
8202,-0.0
8203,-0.0
8204,-0.0
8205,-0.0
8206,-0.0
8207,-0.0
8208,-0.0
8209,-0.0
8210,-0.0
8211,-0.0
8212,-0.0
8213,-0.0
8214,-0.0
8215,-0.0
8216,-0.0
8217,-0.0
8218,-0.0
8219,-0.0
8220,-0.0
8221,-0.0
8222,-0.0
8223,-0.0
8224,-0.0
8225,-0.0
8226,-0.0
8227,-0.0
8228,-0.0
8229,-0.0
8230,-0.0
8231,-0.0
8232,-0.0
8233,-0.0
8234,-0.0
8235,-0.0
8236,-0.0
8237,-0.0
8238,-0.0
8239,-0.0
8240,-0.0
8241,-0.0
8242,-0.0
8243,-0.0
8244,-0.0
8245,-0.0
8246,-0.0
8247,-0.0
8248,-0.0
8249,-0.0
8250,-0.0
8251,-0.0
8252,-0.0
8253,-0.0
8254,-0.0
8255,-0.0
8256,-0.0
8257,-0.0
8258,-0.0
8259,-0.0
8260,-0.0
8261,-0.0
8262,-0.0
8263,-0.0
8264,-0.0
8265,-0.0
8266,-0.0
8267,100.46000000005299
8268,285.0
8269,290.0
8270,285.0
8271,285.0
8272,300.0
8273,300.0
8274,360.0
8275,350.0
8276,350.0
8277,360.0
8278,335.0
8279,340.0
8280,300.775
8281,305.775
8282,285.775
8283,285.775
8284,126.82499999999999
8285,116.82499999999999
8286,116.82499999999999
8287,126.82499999999999
8288,108.34999999999997
8289,98.34999999999997
8290,93.34999999999997
8291,98.34999999999997
8292,-0.0
8293,-0.0
8294,-0.0
8295,-0.0
8296,-0.0
8297,-0.0
8298,-0.0
8299,-0.0
8300,-0.0
8301,-0.0
8302,-0.0
8303,-0.0
8304,-0.0
8305,-0.0
8306,-0.0
8307,-0.0
8308,-0.0
8309,-0.0
8310,-0.0
8311,-0.0
8312,-0.0
8313,-0.0
8314,-0.0
8315,-0.0
8316,-0.0
8317,-0.0
8318,-0.0
8319,-0.0
8320,-0.0
8321,-0.0
8322,-0.0
8323,-0.0
8324,-0.0
8325,-0.0
8326,-0.0
8327,-0.0
8328,-0.0
8329,-0.0
8330,-0.0
8331,-0.0
8332,-0.0
8333,-0.0
8334,-0.0
8335,-0.0
8336,-0.0
8337,-0.0
8338,-0.0
8339,-0.0
8340,-0.0
8341,-0.0
8342,-0.0
8343,-0.0
8344,-0.0
8345,-0.0
8346,-0.0
8347,-0.0
8348,-0.0
8349,-0.0
8350,-0.0
8351,-0.0
8352,-0.0
8353,-0.0
8354,-0.0
8355,-0.0
8356,-0.0
8357,-0.0
8358,-0.0
8359,-0.0
8360,-0.0
8361,-0.0
8362,-0.0
8363,260.56000000005616
8364,295.0
8365,305.0
8366,290.0
8367,305.0
8368,315.0
8369,345.0
8370,400.0
8371,380.0
8372,395.0
8373,390.0
8374,380.0
8375,415.0
8376,257.625
8377,277.625
8378,252.625
8379,262.625
8380,-0.0
8381,-0.0
8382,-0.0
8383,-0.0
8384,-0.0
8385,-0.0
8386,-0.0
8387,-0.0
8388,-0.0
8389,-0.0
8390,-0.0
8391,-0.0
8392,-0.0
8393,-0.0
8394,-0.0
8395,-0.0
8396,-0.0
8397,-0.0
8398,-0.0
8399,-0.0
8400,-0.0
8401,-0.0
8402,-0.0
8403,-0.0
8404,-0.0
8405,-0.0
8406,-0.0
8407,-0.0
8408,-0.0
8409,-0.0
8410,-0.0
8411,-0.0
8412,-0.0
8413,-0.0
8414,-0.0
8415,-0.0
8416,-0.0
8417,-0.0
8418,-0.0
8419,-0.0
8420,-0.0
8421,-0.0
8422,-0.0
8423,-0.0
8424,-0.0
8425,-0.0
8426,-0.0
8427,-0.0
8428,-0.0
8429,-0.0
8430,-0.0
8431,-0.0
8432,-0.0
8433,-0.0
8434,-0.0
8435,-0.0
8436,-0.0
8437,-0.0
8438,-0.0
8439,-0.0
8440,-0.0
8441,-0.0
8442,-0.0
8443,-0.0
8444,-0.0
8445,-0.0
8446,-0.0
8447,-0.0
8448,-0.0
8449,-0.0
8450,-0.0
8451,-0.0
8452,-0.0
8453,-0.0
8454,-0.0
8455,-0.0
8456,-0.0
8457,-0.0
8458,232.56000000006415
8459,295.0
8460,300.0
8461,295.0
8462,310.0
8463,300.0
8464,325.0
8465,340.0
8466,395.0
8467,390.0
8468,375.0
8469,400.0
8470,435.0
8471,420.0
8472,251.825
8473,231.825
8474,251.825
8475,261.825
8476,-0.0
8477,-0.0
8478,-0.0
8479,-0.0
8480,-0.0
8481,-0.0
8482,-0.0
8483,-0.0
8484,-0.0
8485,-0.0
8486,-0.0
8487,-0.0
8488,-0.0
8489,-0.0
8490,-0.0
8491,-0.0
8492,-0.0
8493,-0.0
8494,-0.0
8495,-0.0
8496,-0.0
8497,-0.0
8498,-0.0
8499,-0.0
8500,-0.0
8501,-0.0
8502,-0.0
8503,-0.0
8504,-0.0
8505,-0.0
8506,-0.0
8507,-0.0
8508,-0.0
8509,-0.0
8510,-0.0
8511,-0.0
8512,-0.0
8513,-0.0
8514,-0.0
8515,-0.0
8516,-0.0
8517,-0.0
8518,-0.0
8519,-0.0
8520,-0.0
8521,-0.0
8522,-0.0
8523,-0.0
8524,-0.0
8525,-0.0
8526,-0.0
8527,-0.0
8528,-0.0
8529,-0.0
8530,-0.0
8531,-0.0
8532,-0.0
8533,-0.0
8534,-0.0
8535,-0.0
8536,-0.0
8537,-0.0
8538,-0.0
8539,-0.0
8540,-0.0
8541,-0.0
8542,-0.0
8543,-0.0
8544,-0.0
8545,-0.0
8546,-0.0
8547,-0.0
8548,-0.0
8549,-0.0
8550,-0.0
8551,-0.0
8552,-0.0
8553,17.96000000007257
8554,300.0
8555,305.0
8556,300.0
8557,295.0
8558,300.0
8559,305.0
8560,335.0
8561,345.0
8562,385.0
8563,375.0
8564,390.0
8565,400.0
8566,390.0
8567,415.0
8568,269.6
8569,279.6
8570,244.60000000000002
8571,259.6
8572,-0.0
8573,-0.0
8574,-0.0
8575,-0.0
8576,-0.0
8577,-0.0
8578,-0.0
8579,-0.0
8580,-0.0
8581,-0.0
8582,-0.0
8583,-0.0
8584,-0.0
8585,-0.0
8586,-0.0
8587,-0.0
8588,-0.0
8589,-0.0
8590,-0.0
8591,-0.0
8592,-0.0
8593,-0.0
8594,-0.0
8595,-0.0
8596,-0.0
8597,-0.0
8598,-0.0
8599,-0.0
8600,-0.0
8601,-0.0
8602,-0.0
8603,-0.0
8604,-0.0
8605,-0.0
8606,-0.0
8607,-0.0
8608,-0.0
8609,-0.0
8610,-0.0
8611,-0.0
8612,-0.0
8613,-0.0
8614,-0.0
8615,-0.0
8616,-0.0
8617,-0.0
8618,-0.0
8619,-0.0
8620,-0.0
8621,-0.0
8622,-0.0
8623,-0.0
8624,-0.0
8625,-0.0
8626,-0.0
8627,-0.0
8628,-0.0
8629,-0.0
8630,-0.0
8631,-0.0
8632,-0.0
8633,-0.0
8634,-0.0
8635,-0.0
8636,-0.0
8637,-0.0
8638,-0.0
8639,-0.0
8640,-0.0
8641,-0.0
8642,-0.0
8643,-0.0
8644,-0.0
8645,-0.0
8646,-0.0
8647,-0.0
8648,-0.0
8649,135.56000000005554
8650,310.0
8651,290.0
8652,305.0
8653,300.0
8654,310.0
8655,310.0
8656,325.0
8657,360.0
8658,385.0
8659,410.0
8660,410.0
8661,415.0
8662,410.0
8663,435.0
8664,335.65
8665,325.65
8666,330.65
8667,320.65
8668,-0.0
8669,-0.0
8670,-0.0
8671,-0.0
8672,-0.0
8673,-0.0
8674,-0.0
8675,-0.0
8676,-0.0
8677,-0.0
8678,-0.0
8679,-0.0
8680,-0.0
8681,-0.0
8682,-0.0
8683,-0.0
8684,-0.0
8685,-0.0
8686,-0.0
8687,-0.0
8688,-0.0
8689,-0.0
8690,-0.0
8691,-0.0
8692,-0.0
8693,-0.0
8694,-0.0
8695,-0.0
8696,-0.0
8697,-0.0
8698,-0.0
8699,-0.0
8700,-0.0
8701,-0.0
8702,-0.0
8703,-0.0
8704,-0.0
8705,-0.0
8706,-0.0
8707,-0.0
8708,-0.0
8709,-0.0
8710,-0.0
8711,-0.0
8712,-0.0
8713,-0.0
8714,-0.0
8715,-0.0
8716,-0.0
8717,-0.0
8718,-0.0
8719,-0.0
8720,-0.0
8721,-0.0
8722,-0.0
8723,-0.0
8724,-0.0
8725,-0.0
8726,-0.0
8727,-0.0
8728,-0.0
8729,-0.0
8730,-0.0
8731,-0.0
8732,-0.0
8733,-0.0
8734,-0.0
8735,-0.0
8736,-0.0
8737,-0.0
8738,-0.0
8739,-0.0
8740,-0.0
8741,-0.0
8742,-0.0
8743,-0.0
8744,-0.0
8745,-0.0
8746,-0.0
8747,-0.0
8748,-0.0
8749,32.06000000006446
8750,265.0
8751,275.0
8752,285.0
8753,310.0
8754,370.0
8755,325.0
8756,330.0
8757,340.0
8758,345.0
8759,340.0
8760,312.975
8761,292.975
8762,282.975
8763,292.975
8764,179.175
8765,174.175
8766,179.175
8767,204.175
8768,-0.0
8769,-0.0
8770,-0.0
8771,-0.0
8772,-0.0
8773,-0.0
8774,39.07308039999588
8775,49.900000000000034
8776,-0.0
8777,-0.0
8778,-0.0
8779,-0.0
8780,-0.0
8781,-0.0
8782,-0.0
8783,-0.0
8784,-0.0
8785,-0.0
8786,-0.0
8787,-0.0
8788,-0.0
8789,-0.0
8790,-0.0
8791,-0.0
8792,-0.0
8793,-0.0
8794,-0.0
8795,-0.0
8796,-0.0
8797,-0.0
8798,-0.0
8799,-0.0
8800,-0.0
8801,-0.0
8802,-0.0
8803,-0.0
8804,-0.0
8805,-0.0
8806,-0.0
8807,-0.0
8808,-0.0
8809,-0.0
8810,-0.0
8811,-0.0
8812,-0.0
8813,-0.0
8814,-0.0
8815,-0.0
8816,-0.0
8817,-0.0
8818,-0.0
8819,-0.0
8820,-0.0
8821,-0.0
8822,-0.0
8823,19.420509200055278
8824,285.0
8825,280.0
8826,275.0
8827,285.0
8828,280.0
8829,270.0
8830,270.0
8831,275.0
8832,270.0
8833,270.0
8834,275.0
8835,280.0
8836,270.0
8837,270.0
8838,275.0
8839,265.0
8840,275.0
8841,275.0
8842,265.0
8843,270.0
8844,275.0
8845,270.0
8846,275.0
8847,275.0
8848,285.0
8849,315.0
8850,330.0
8851,330.0
8852,335.0
8853,335.0
8854,345.0
8855,320.0
8856,223.425
8857,223.425
8858,213.425
8859,213.425
8860,-0.0
8861,-0.0
8862,-0.0
8863,-0.0
8864,-0.0
8865,-0.0
8866,-0.0
8867,-0.0
8868,-0.0
8869,-0.0
8870,-0.0
8871,-0.0
8872,-0.0
8873,-0.0
8874,-0.0
8875,-0.0
8876,-0.0
8877,-0.0
8878,-0.0
8879,-0.0
8880,-0.0
8881,-0.0
8882,-0.0
8883,-0.0
8884,-0.0
8885,-0.0
8886,-0.0
8887,-0.0
8888,-0.0
8889,-0.0
8890,-0.0
8891,-0.0
8892,-0.0
8893,-0.0
8894,-0.0
8895,-0.0
8896,-0.0
8897,-0.0
8898,-0.0
8899,-0.0
8900,-0.0
8901,-0.0
8902,-0.0
8903,-0.0
8904,-0.0
8905,-0.0
8906,-0.0
8907,-0.0
8908,-0.0
8909,-0.0
8910,-0.0
8911,-0.0
8912,-0.0
8913,-0.0
8914,-0.0
8915,-0.0
8916,-0.0
8917,-0.0
8918,-0.0
8919,-0.0
8920,-0.0
8921,-0.0
8922,-0.0
8923,-0.0
8924,-0.0
8925,-0.0
8926,-0.0
8927,-0.0
8928,-0.0
8929,-0.0
8930,-0.0
8931,-0.0
8932,-0.0
8933,-0.0
8934,-0.0
8935,-0.0
8936,-0.0
8937,-0.0
8938,-0.0
8939,-0.0
8940,-0.0
8941,-0.0
8942,-0.0
8943,-0.0
8944,280.0
8945,238.3600000000567
8946,335.0
8947,325.0
8948,310.0
8949,335.0
8950,320.0
8951,325.0
8952,260.575
8953,275.575
8954,275.575
8955,285.575
8956,152.9
8957,157.9
8958,157.9
8959,162.9
8960,136.3
8961,141.3
8962,121.30000000000001
8963,116.30000000000001
8964,112.15
8965,112.15
8966,117.15
8967,107.15
8968,152.9
8969,147.9
8970,152.9
8971,152.9
8972,112.42499999999998
8973,107.42499999999998
8974,97.42499999999998
8975,97.42499999999998
8976,71.025
8977,71.025
8978,71.025
8979,76.025
8980,79.6
8981,84.6
8982,84.6
8983,84.6
8984,62.80000000000001
8985,52.80000000000001
8986,62.80000000000001
8987,62.80000000000001
8988,-0.0
8989,-0.0
8990,-0.0
8991,-0.0
8992,-0.0
8993,-0.0
8994,-0.0
8995,-0.0
8996,-0.0
8997,74.44922439998763
8998,223.25
8999,223.25
9000,325.0
9001,310.0
9002,305.0
9003,310.0
9004,305.0
9005,305.0
9006,310.0
9007,305.0
9008,300.0
9009,300.0
9010,295.0
9011,300.0
9012,290.0
9013,290.0
9014,285.0
9015,280.0
9016,275.0
9017,270.0
9018,270.0
9019,275.0
9020,270.0
9021,270.0
9022,270.0
9023,265.0
9024,275.0
9025,270.0
9026,275.0
9027,270.0
9028,270.0
9029,275.0
9030,275.0
9031,270.0
9032,275.0
9033,270.0
9034,275.0
9035,275.0
9036,280.0
9037,280.0
9038,270.0
9039,280.0
9040,285.0
9041,305.0
9042,335.0
9043,320.0
9044,320.0
9045,330.0
9046,350.0
9047,345.0
9048,316.325
9049,321.325
9050,331.325
9051,311.325
9052,276.575
9053,271.575
9054,271.575
9055,291.575
9056,291.825
9057,281.825
9058,251.825
9059,256.825
9060,149.82500000000002
9061,154.82500000000002
9062,144.82500000000002
9063,149.82500000000002
9064,158.39999999999998
9065,168.39999999999998
9066,178.39999999999998
9067,183.39999999999998
9068,91.75
9069,101.75
9070,71.75
9071,76.75
9072,-0.0
9073,-0.0
9074,-0.0
9075,-0.0
9076,-0.0
9077,-0.0
9078,-0.0
9079,-0.0
9080,-0.0
9081,-0.0
9082,-0.0
9083,-0.0
9084,-0.0
9085,-0.0
9086,-0.0
9087,-0.0
9088,-0.0
9089,-0.0
9090,-0.0
9091,-0.0
9092,-0.0
9093,-0.0
9094,-0.0
9095,-0.0
9096,-0.0
9097,-0.0
9098,-0.0
9099,-0.0
9100,-0.0
9101,-0.0
9102,-0.0
9103,-0.0
9104,-0.0
9105,-0.0
9106,-0.0
9107,-0.0
9108,-0.0
9109,-0.0
9110,-0.0
9111,-0.0
9112,-0.0
9113,-0.0
9114,-0.0
9115,-0.0
9116,-0.0
9117,-0.0
9118,-0.0
9119,-0.0
9120,-0.0
9121,244.70490560002278
9122,265.0
9123,270.0
9124,270.0
9125,270.0
9126,270.0
9127,265.0
9128,270.0
9129,265.0
9130,270.0
9131,270.0
9132,270.0
9133,280.0
9134,270.0
9135,275.0
9136,285.0
9137,315.0
9138,355.0
9139,365.0
9140,390.0
9141,360.0
9142,365.0
9143,390.0
9144,248.45
9145,288.45
9146,288.45
9147,273.45
9148,-0.0
9149,-0.0
9150,-0.0
9151,-0.0
9152,-0.0
9153,-0.0
9154,-0.0
9155,-0.0
9156,-0.0
9157,-0.0
9158,-0.0
9159,-0.0
9160,-0.0
9161,-0.0
9162,-0.0
9163,-0.0
9164,-0.0
9165,-0.0
9166,-0.0
9167,-0.0
9168,-0.0
9169,-0.0
9170,-0.0
9171,-0.0
9172,-0.0
9173,-0.0
9174,-0.0
9175,-0.0
9176,-0.0
9177,-0.0
9178,-0.0
9179,-0.0
9180,-0.0
9181,-0.0
9182,-0.0
9183,-0.0
9184,-0.0
9185,-0.0
9186,-0.0
9187,-0.0
9188,-0.0
9189,-0.0
9190,-0.0
9191,-0.0
9192,-0.0
9193,-0.0
9194,-0.0
9195,-0.0
9196,-0.0
9197,-0.0
9198,-0.0
9199,-0.0
9200,-0.0
9201,-0.0
9202,-0.0
9203,-0.0
9204,-0.0
9205,-0.0
9206,-0.0
9207,-0.0
9208,270.8525788000632
9209,295.0
9210,295.0
9211,290.0
9212,290.0
9213,295.0
9214,285.0
9215,285.0
9216,285.0
9217,285.0
9218,285.0
9219,280.0
9220,285.0
9221,285.0
9222,285.0
9223,285.0
9224,285.0
9225,285.0
9226,285.0
9227,290.0
9228,285.0
9229,285.0
9230,285.0
9231,295.0
9232,305.0
9233,340.0
9234,385.0
9235,375.0
9236,365.0
9237,370.0
9238,385.0
9239,400.0
9240,326.3
9241,311.3
9242,306.3
9243,316.3
9244,185.675
9245,195.675
9246,205.675
9247,205.675
9248,190.325
9249,190.325
9250,205.325
9251,175.325
9252,-0.0
9253,-0.0
9254,-0.0
9255,-0.0
9256,61.24428559999984
9257,280.875
9258,285.875
9259,325.875
9260,307.025
9261,327.025
9262,327.025
9263,292.025
9264,41.94999999999999
9265,36.94999999999999
9266,31.94999999999999
9267,11.949999999999989
9268,153.02500000000003
9269,148.02500000000003
9270,138.02500000000003
9271,138.02500000000003
9272,153.60000000000002
9273,138.60000000000002
9274,118.60000000000002
9275,123.60000000000002
9276,290.85
9277,295.85
9278,290.85
9279,290.85
9280,335.15
9281,325.15
9282,335.15
9283,335.15
9284,261.875
9285,256.875
9286,266.875
9287,261.875
9288,355.0
9289,355.0
9290,350.0
9291,345.0
9292,340.0
9293,340.0
9294,330.0
9295,330.0
9296,335.0
9297,340.0
9298,320.0
9299,320.0
9300,310.0
9301,310.0
9302,300.0
9303,305.0
9304,295.0
9305,290.0
9306,280.0
9307,280.0
9308,280.0
9309,280.0
9310,280.0
9311,280.0
9312,275.0
9313,280.0
9314,275.0
9315,280.0
9316,280.0
9317,275.0
9318,280.0
9319,275.0
9320,280.0
9321,285.0
9322,275.0
9323,285.0
9324,285.0
9325,280.0
9326,285.0
9327,290.0
9328,300.0
9329,320.0
9330,375.0
9331,370.0
9332,370.0
9333,370.0
9334,375.0
9335,390.0
9336,265.65
9337,260.65
9338,245.65
9339,255.65
9340,-0.0
9341,-0.0
9342,-0.0
9343,-0.0
9344,-0.0
9345,-0.0
9346,-0.0
9347,-0.0
9348,-0.0
9349,-0.0
9350,-0.0
9351,-0.0
9352,-0.0
9353,-0.0
9354,-0.0
9355,-0.0
9356,-0.0
9357,-0.0
9358,-0.0
9359,-0.0
9360,-0.0
9361,-0.0
9362,-0.0
9363,-0.0
9364,-0.0
9365,-0.0
9366,-0.0
9367,-0.0
9368,-0.0
9369,-0.0
9370,-0.0
9371,-0.0
9372,-0.0
9373,-0.0
9374,-0.0
9375,-0.0
9376,-0.0
9377,-0.0
9378,-0.0
9379,-0.0
9380,-0.0
9381,-0.0
9382,-0.0
9383,-0.0
9384,-0.0
9385,-0.0
9386,-0.0
9387,-0.0
9388,-0.0
9389,-0.0
9390,-0.0
9391,-0.0
9392,-0.0
9393,-0.0
9394,-0.0
9395,-0.0
9396,-0.0
9397,-0.0
9398,-0.0
9399,-0.0
9400,-0.0
9401,-0.0
9402,-0.0
9403,-0.0
9404,-0.0
9405,-0.0
9406,-0.0
9407,-0.0
9408,-0.0
9409,-0.0
9410,-0.0
9411,-0.0
9412,-0.0
9413,-0.0
9414,-0.0
9415,-0.0
9416,-0.0
9417,-0.0
9418,-0.0
9419,-0.0
9420,228.36000000005663
9421,295.0
9422,295.0
9423,295.0
9424,320.0
9425,350.0
9426,390.0
9427,380.0
9428,405.0
9429,430.0
9430,420.0
9431,445.0
9432,398.325
9433,408.325
9434,378.325
9435,408.325
9436,-0.0
9437,-0.0
9438,-0.0
9439,-0.0
9440,-0.0
9441,-0.0
9442,-0.0
9443,-0.0
9444,-0.0
9445,-0.0
9446,-0.0
9447,-0.0
9448,-0.0
9449,-0.0
9450,-0.0
9451,-0.0
9452,-0.0
9453,-0.0
9454,-0.0
9455,-0.0
9456,-0.0
9457,-0.0
9458,-0.0
9459,-0.0
9460,-0.0
9461,-0.0
9462,-0.0
9463,-0.0
9464,-0.0
9465,-0.0
9466,-0.0
9467,-0.0
9468,-0.0
9469,-0.0
9470,-0.0
9471,-0.0
9472,-0.0
9473,-0.0
9474,-0.0
9475,-0.0
9476,-0.0
9477,-0.0
9478,-0.0
9479,-0.0
9480,-0.0
9481,-0.0
9482,-0.0
9483,-0.0
9484,-0.0
9485,-0.0
9486,-0.0
9487,-0.0
9488,-0.0
9489,-0.0
9490,-0.0
9491,-0.0
9492,-0.0
9493,-0.0
9494,-0.0
9495,-0.0
9496,-0.0
9497,-0.0
9498,-0.0
9499,-0.0
9500,-0.0
9501,-0.0
9502,-0.0
9503,-0.0
9504,-0.0
9505,-0.0
9506,-0.0
9507,-0.0
9508,-0.0
9509,-0.0
9510,-0.0
9511,-0.0
9512,-0.0
9513,34.660000000046665
9514,290.0
9515,290.0
9516,290.0
9517,300.0
9518,310.0
9519,295.0
9520,305.0
9521,340.0
9522,375.0
9523,360.0
9524,365.0
9525,385.0
9526,390.0
9527,370.0
9528,242.6
9529,232.6
9530,232.6
9531,227.6
9532,-0.0
9533,-0.0
9534,-0.0
9535,-0.0
9536,-0.0
9537,-0.0
9538,-0.0
9539,-0.0
9540,-0.0
9541,-0.0
9542,-0.0
9543,-0.0
9544,-0.0
9545,-0.0
9546,-0.0
9547,-0.0
9548,-0.0
9549,-0.0
9550,-0.0
9551,-0.0
9552,-0.0
9553,-0.0
9554,-0.0
9555,-0.0
9556,-0.0
9557,-0.0
9558,-0.0
9559,-0.0
9560,-0.0
9561,-0.0
9562,20.160409500012605
9563,167.75
9564,214.675
9565,219.675
9566,214.675
9567,224.675
9568,260.75
9569,260.75
9570,260.75
9571,255.75
9572,317.8
9573,317.8
9574,317.8
9575,322.8
9576,340.0
9577,345.0
9578,340.0
9579,340.0
9580,330.0
9581,335.0
9582,330.0
9583,330.0
9584,320.0
9585,325.0
9586,325.0
9587,330.0
9588,310.0
9589,310.0
9590,315.0
9591,310.0
9592,305.0
9593,295.0
9594,305.0
9595,300.0
9596,300.0
9597,300.0
9598,295.0
9599,305.0
9600,285.0
9601,305.0
9602,295.0
9603,300.0
9604,295.0
9605,290.0
9606,300.0
9607,295.0
9608,300.0
9609,290.0
9610,295.0
9611,290.0
9612,290.0
9613,290.0
9614,295.0
9615,310.0
9616,320.0
9617,325.0
9618,365.0
9619,350.0
9620,340.0
9621,345.0
9622,365.0
9623,355.0
9624,351.275
9625,341.275
9626,326.275
9627,346.275
9628,309.975
9629,294.975
9630,294.975
9631,304.975
9632,259.825
9633,254.825
9634,264.825
9635,259.825
9636,234.525
9637,234.525
9638,224.525
9639,229.525
9640,163.85
9641,163.85
9642,168.85
9643,173.85
9644,54.125
9645,49.125
9646,44.125
9647,44.125
9648,1.0749999999999886
9649,6.074999999999989
9650,1.0749999999999886
9651,1.0749999999999886
9652,8.150000000000034
9653,18.150000000000034
9654,18.150000000000034
9655,13.150000000000034
9656,168.3
9657,153.3
9658,153.3
9659,158.3
9660,64.39999999999998
9661,54.39999999999998
9662,59.39999999999998
9663,54.39999999999998
9664,73.52499999999998
9665,78.52499999999998
9666,78.52499999999998
9667,83.52499999999998
9668,323.6
9669,323.6
9670,323.6
9671,328.6
9672,330.0
9673,345.0
9674,345.0
9675,325.0
9676,320.0
9677,325.0
9678,320.0
9679,320.0
9680,325.0
9681,310.0
9682,310.0
9683,320.0
9684,305.0
9685,295.0
9686,295.0
9687,290.0
9688,295.0
9689,285.0
9690,290.0
9691,290.0
9692,295.0
9693,290.0
9694,290.0
9695,295.0
9696,290.0
9697,300.0
9698,295.0
9699,295.0
9700,290.0
9701,295.0
9702,290.0
9703,290.0
9704,290.0
9705,290.0
9706,290.0
9707,295.0
9708,295.0
9709,285.0
9710,295.0
9711,295.0
9712,310.0
9713,345.0
9714,390.0
9715,380.0
9716,381.0
9717,376.0
9718,376.0
9719,406.0
9720,235.85
9721,250.85
9722,240.85
9723,260.85
9724,161.8
9725,156.8
9726,156.8
9727,196.8
9728,148.22500000000002
9729,133.22500000000002
9730,148.22500000000002
9731,163.22500000000002
9732,-0.0
9733,-0.0
9734,-0.0
9735,-0.0
9736,-0.0
9737,-0.0
9738,-0.0
9739,-0.0
9740,-0.0
9741,-0.0
9742,-0.0
9743,-0.0
9744,-0.0
9745,-0.0
9746,-0.0
9747,-0.0
9748,-0.0
9749,-0.0
9750,-0.0
9751,-0.0
9752,-0.0
9753,-0.0
9754,-0.0
9755,-0.0
9756,-0.0
9757,-0.0
9758,-0.0
9759,-0.0
9760,-0.0
9761,-0.0
9762,-0.0
9763,-0.0
9764,-0.0
9765,-0.0
9766,-0.0
9767,-0.0
9768,-0.0
9769,-0.0
9770,-0.0
9771,-0.0
9772,-0.0
9773,-0.0
9774,-0.0
9775,-0.0
9776,-0.0
9777,-0.0
9778,-0.0
9779,-0.0
9780,-0.0
9781,-0.0
9782,-0.0
9783,-0.0
9784,-0.0
9785,-0.0
9786,-0.0
9787,-0.0
9788,-0.0
9789,-0.0
9790,-0.0
9791,-0.0
9792,-0.0
9793,-0.0
9794,-0.0
9795,222.92378200004038
9796,290.0
9797,285.0
9798,290.0
9799,285.0
9800,290.0
9801,285.0
9802,285.0
9803,290.0
9804,300.0
9805,300.0
9806,290.0
9807,300.0
9808,310.0
9809,350.0
9810,390.0
9811,390.0
9812,387.1
9813,417.1
9814,402.1
9815,392.1
9816,258.8
9817,293.8
9818,283.8
9819,273.8
9820,60.52499999999998
9821,80.52499999999998
9822,95.52499999999998
9823,125.52499999999998
9824,-0.0
9825,-0.0
9826,-0.0
9827,-0.0
9828,-0.0
9829,-0.0
9830,-0.0
9831,-0.0
9832,-0.0
9833,-0.0
9834,-0.0
9835,-0.0
9836,-0.0
9837,-0.0
9838,-0.0
9839,-0.0
9840,-0.0
9841,-0.0
9842,-0.0
9843,-0.0
9844,-0.0
9845,-0.0
9846,-0.0
9847,-0.0
9848,-0.0
9849,-0.0
9850,-0.0
9851,-0.0
9852,-0.0
9853,-0.0
9854,-0.0
9855,-0.0
9856,-0.0
9857,-0.0
9858,-0.0
9859,-0.0
9860,-0.0
9861,-0.0
9862,-0.0
9863,-0.0
9864,-0.0
9865,-0.0
9866,-0.0
9867,-0.0
9868,-0.0
9869,-0.0
9870,-0.0
9871,-0.0
9872,-0.0
9873,-0.0
9874,-0.0
9875,-0.0
9876,-0.0
9877,-0.0
9878,-0.0
9879,-0.0
9880,-0.0
9881,-0.0
9882,-0.0
9883,-0.0
9884,-0.0
9885,-0.0
9886,-0.0
9887,-0.0
9888,-0.0
9889,-0.0
9890,-0.0
9891,-0.0
9892,-0.0
9893,-0.0
9894,-0.0
9895,-0.0
9896,214.66000000003424
9897,290.0
9898,295.0
9899,290.0
9900,290.0
9901,305.0
9902,320.0
9903,305.0
9904,325.0
9905,340.0
9906,390.0
9907,405.0
9908,387.775
9909,392.775
9910,402.775
9911,417.775
9912,216.325
9913,191.325
9914,211.325
9915,221.325
9916,-0.0
9917,-0.0
9918,-0.0
9919,-0.0
9920,-0.0
9921,-0.0
9922,-0.0
9923,-0.0
9924,-0.0
9925,-0.0
9926,-0.0
9927,-0.0
9928,-0.0
9929,-0.0
9930,-0.0
9931,-0.0
9932,-0.0
9933,-0.0
9934,-0.0
9935,-0.0
9936,-0.0
9937,-0.0
9938,-0.0
9939,-0.0
9940,-0.0
9941,-0.0
9942,-0.0
9943,-0.0
9944,-0.0
9945,-0.0
9946,-0.0
9947,-0.0
9948,-0.0
9949,-0.0
9950,-0.0
9951,-0.0
9952,-0.0
9953,-0.0
9954,-0.0
9955,-0.0
9956,-0.0
9957,-0.0
9958,-0.0
9959,-0.0
9960,-0.0
9961,-0.0
9962,-0.0
9963,-0.0
9964,-0.0
9965,-0.0
9966,-0.0
9967,-0.0
9968,-0.0
9969,-0.0
9970,-0.0
9971,-0.0
9972,-0.0
9973,-0.0
9974,-0.0
9975,-0.0
9976,-0.0
9977,-0.0
9978,-0.0
9979,-0.0
9980,-0.0
9981,-0.0
9982,-0.0
9983,-0.0
9984,-0.0
9985,-0.0
9986,-0.0
9987,-0.0
9988,-0.0
9989,-0.0
9990,-0.0
9991,-0.0
9992,-0.0
9993,-0.0
9994,-0.0
9995,-0.0
9996,219.86000000005254
9997,295.0
9998,295.0
9999,300.0
10000,330.0
10001,340.0
10002,400.0
10003,395.0
10004,387.875
10005,392.875
10006,422.875
10007,437.875
10008,108.72500000000002
10009,113.72500000000002
10010,128.72500000000002
10011,118.72500000000002
10012,-0.0
10013,-0.0
10014,-0.0
10015,-0.0
10016,-0.0
10017,-0.0
10018,-0.0
10019,-0.0
10020,-0.0
10021,-0.0
10022,-0.0
10023,-0.0
10024,-0.0
10025,-0.0
10026,-0.0
10027,-0.0
10028,-0.0
10029,-0.0
10030,-0.0
10031,-0.0
10032,-0.0
10033,-0.0
10034,-0.0
10035,-0.0
10036,-0.0
10037,-0.0
10038,-0.0
10039,-0.0
10040,-0.0
10041,-0.0
10042,-0.0
10043,-0.0
10044,-0.0
10045,-0.0
10046,-0.0
10047,-0.0
10048,-0.0
10049,-0.0
10050,-0.0
10051,-0.0
10052,-0.0
10053,-0.0
10054,-0.0
10055,-0.0
10056,-0.0
10057,-0.0
10058,-0.0
10059,-0.0
10060,-0.0
10061,-0.0
10062,-0.0
10063,-0.0
10064,-0.0
10065,-0.0
10066,-0.0
10067,-0.0
10068,-0.0
10069,-0.0
10070,-0.0
10071,-0.0
10072,-0.0
10073,-0.0
10074,-0.0
10075,-0.0
10076,-0.0
10077,-0.0
10078,-0.0
10079,-0.0
10080,-0.0
10081,-0.0
10082,-0.0
10083,-0.0
10084,-0.0
10085,-0.0
10086,-0.0
10087,-0.0
10088,-0.0
10089,-0.0
10090,-0.0
10091,-0.0
10092,271.46000000006467
10093,295.0
10094,295.0
10095,310.0
10096,320.0
10097,350.0
10098,405.0
10099,380.0
10100,374.475
10101,379.475
10102,374.475
10103,409.475
10104,335.29999999999995
10105,315.29999999999995
10106,315.29999999999995
10107,330.29999999999995
10108,27.94999999999999
10109,12.949999999999989
10110,17.94999999999999
10111,27.94999999999999
10112,-0.0
10113,-0.0
10114,-0.0
10115,-0.0
10116,-0.0
10117,-0.0
10118,-0.0
10119,-0.0
10120,-0.0
10121,-0.0
10122,-0.0
10123,-0.0
10124,-0.0
10125,-0.0
10126,-0.0
10127,-0.0
10128,-0.0
10129,-0.0
10130,-0.0
10131,-0.0
10132,-0.0
10133,-0.0
10134,-0.0
10135,-0.0
10136,-0.0
10137,-0.0
10138,-0.0
10139,-0.0
10140,-0.0
10141,-0.0
10142,-0.0
10143,-0.0
10144,-0.0
10145,-0.0
10146,-0.0
10147,-0.0
10148,-0.0
10149,-0.0
10150,-0.0
10151,-0.0
10152,-0.0
10153,-0.0
10154,-0.0
10155,-0.0
10156,-0.0
10157,-0.0
10158,-0.0
10159,-0.0
10160,-0.0
10161,-0.0
10162,-0.0
10163,67.83308880000962
10164,305.0
10165,305.0
10166,305.0
10167,295.0
10168,300.0
10169,295.0
10170,295.0
10171,290.0
10172,295.0
10173,290.0
10174,290.0
10175,290.0
10176,290.0
10177,285.0
10178,295.0
10179,285.0
10180,290.0
10181,290.0
10182,290.0
10183,285.0
10184,300.0
10185,285.0
10186,300.0
10187,290.0
10188,285.0
10189,290.0
10190,285.0
10191,295.0
10192,305.0
10193,320.0
10194,355.0
10195,350.0
10196,348.45
10197,343.45
10198,358.45
10199,348.45
10200,6.249999999999943
10201,21.249999999999943
10202,26.249999999999943
10203,11.249999999999943
10204,-0.0
10205,-0.0
10206,-0.0
10207,-0.0
10208,-0.0
10209,-0.0
10210,-0.0
10211,-0.0
10212,-0.0
10213,-0.0
10214,-0.0
10215,-0.0
10216,-0.0
10217,-0.0
10218,-0.0
10219,-0.0
10220,-0.0
10221,-0.0
10222,-0.0
10223,-0.0
10224,-0.0
10225,-0.0
10226,-0.0
10227,-0.0
10228,-0.0
10229,-0.0
10230,-0.0
10231,-0.0
10232,-0.0
10233,-0.0
10234,-0.0
10235,-0.0
10236,-0.0
10237,-0.0
10238,-0.0
10239,-0.0
10240,-0.0
10241,-0.0
10242,-0.0
10243,-0.0
10244,-0.0
10245,-0.0
10246,-0.0
10247,-0.0
10248,-0.0
10249,-0.0
10250,-0.0
10251,-0.0
10252,-0.0
10253,-0.0
10254,-0.0
10255,-0.0
10256,-0.0
10257,-0.0
10258,-0.0
10259,-0.0
10260,-0.0
10261,-0.0
10262,-0.0
10263,-0.0
10264,-0.0
10265,-0.0
10266,-0.0
10267,-0.0
10268,-0.0
10269,-0.0
10270,-0.0
10271,-0.0
10272,-0.0
10273,-0.0
10274,-0.0
10275,-0.0
10276,-0.0
10277,-0.0
10278,-0.0
10279,-0.0
10280,-0.0
10281,-0.0
10282,-0.0
10283,277.12327720010427
10284,290.0
10285,285.0
10286,295.0
10287,300.0
10288,305.0
10289,320.0
10290,380.0
10291,375.0
10292,365.0
10293,365.0
10294,375.0
10295,365.0
10296,222.225
10297,222.225
10298,227.225
10299,217.225
10300,-0.0
10301,-0.0
10302,-0.0
10303,-0.0
10304,-0.0
10305,-0.0
10306,-0.0
10307,-0.0
10308,-0.0
10309,-0.0
10310,-0.0
10311,-0.0
10312,-0.0
10313,-0.0
10314,-0.0
10315,-0.0
10316,-0.0
10317,-0.0
10318,-0.0
10319,-0.0
10320,-0.0
10321,-0.0
10322,-0.0
10323,-0.0
10324,-0.0
10325,-0.0
10326,-0.0
10327,-0.0
10328,-0.0
10329,-0.0
10330,-0.0
10331,-0.0
10332,-0.0
10333,-0.0
10334,-0.0
10335,-0.0
10336,-0.0
10337,-0.0
10338,-0.0
10339,-0.0
10340,-0.0
10341,-0.0
10342,-0.0
10343,-0.0
10344,-0.0
10345,-0.0
10346,-0.0
10347,-0.0
10348,-0.0
10349,-0.0
10350,-0.0
10351,-0.0
10352,-0.0
10353,-0.0
10354,-0.0
10355,-0.0
10356,-0.0
10357,-0.0
10358,-0.0
10359,-0.0
10360,-0.0
10361,-0.0
10362,-0.0
10363,-0.0
10364,-0.0
10365,-0.0
10366,-0.0
10367,49.86315780004924
10368,315.0
10369,305.0
10370,300.0
10371,305.0
10372,310.0
10373,305.0
10374,295.0
10375,310.0
10376,305.0
10377,305.0
10378,305.0
10379,305.0
10380,300.0
10381,300.0
10382,295.0
10383,305.0
10384,320.0
10385,370.0
10386,415.0
10387,405.0
10388,422.925
10389,417.925
10390,422.925
10391,422.925
10392,416.475
10393,446.475
10394,441.475
10395,471.475
10396,385.05
10397,370.05
10398,370.05
10399,385.05
10400,424.7
10401,409.7
10402,384.7
10403,374.7
10404,303.79999999999995
10405,288.79999999999995
10406,268.79999999999995
10407,253.79999999999998
10408,169.625
10409,179.625
10410,159.625
10411,189.625
10412,-0.0
10413,-0.0
10414,-0.0
10415,-0.0
10416,-0.0
10417,-0.0
10418,-0.0
10419,-0.0
10420,-0.0
10421,-0.0
10422,-0.0
10423,-0.0
10424,-0.0
10425,-0.0
10426,-0.0
10427,-0.0
10428,-0.0
10429,-0.0
10430,-0.0
10431,-0.0
10432,-0.0
10433,-0.0
10434,-0.0
10435,-0.0
10436,-0.0
10437,-0.0
10438,-0.0
10439,-0.0
10440,-0.0
10441,-0.0
10442,-0.0
10443,-0.0
10444,-0.0
10445,-0.0
10446,-0.0
10447,-0.0
10448,-0.0
10449,-0.0
10450,-0.0
10451,-0.0
10452,-0.0
10453,-0.0
10454,-0.0
10455,-0.0
10456,-0.0
10457,-0.0
10458,242.9890936000233
10459,320.0
10460,300.0
10461,310.0
10462,300.0
10463,300.0
10464,305.0
10465,300.0
10466,300.0
10467,300.0
10468,300.0
10469,305.0
10470,300.0
10471,295.0
10472,300.0
10473,305.0
10474,300.0
10475,300.0
10476,300.0
10477,300.0
10478,300.0
10479,325.0
10480,325.0
10481,365.0
10482,400.0
10483,390.0
10484,349.15
10485,359.15
10486,399.15
10487,379.15
10488,81.69999999999999
10489,91.69999999999999
10490,91.69999999999999
10491,101.69999999999999
10492,-0.0
10493,-0.0
10494,-0.0
10495,-0.0
10496,-0.0
10497,-0.0
10498,-0.0
10499,-0.0
10500,-0.0
10501,-0.0
10502,-0.0
10503,-0.0
10504,-0.0
10505,-0.0
10506,-0.0
10507,-0.0
10508,-0.0
10509,-0.0
10510,-0.0
10511,-0.0
10512,-0.0
10513,-0.0
10514,-0.0
10515,-0.0
10516,-0.0
10517,-0.0
10518,-0.0
10519,-0.0
10520,-0.0
10521,-0.0
10522,-0.0
10523,-0.0
10524,-0.0
10525,-0.0
10526,-0.0
10527,-0.0
10528,-0.0
10529,-0.0
10530,-0.0
10531,-0.0
10532,-0.0
10533,-0.0
10534,-0.0
10535,-0.0
10536,-0.0
10537,-0.0
10538,-0.0
10539,-0.0
10540,-0.0
10541,-0.0
10542,-0.0
10543,-0.0
10544,-0.0
10545,-0.0
10546,-0.0
10547,-0.0
10548,-0.0
10549,-0.0
10550,-0.0
10551,-0.0
10552,-0.0
10553,-0.0
10554,-0.0
10555,-0.0
10556,-0.0
10557,-0.0
10558,-0.0
10559,-0.0
10560,-0.0
10561,-0.0
10562,-0.0
10563,-0.0
10564,-0.0
10565,-0.0
10566,-0.0
10567,-0.0
10568,-0.0
10569,-0.0
10570,-0.0
10571,50.76000000007329
10572,290.0
10573,305.0
10574,300.0
10575,305.0
10576,325.0
10577,345.0
10578,405.0
10579,410.0
10580,355.125
10581,370.125
10582,400.125
10583,410.125
10584,206.85
10585,196.85
10586,201.85
10587,211.85
10588,343.55
10589,333.55
10590,348.55
10591,348.55
10592,285.9
10593,310.9
10594,320.9
10595,315.9
10596,88.82499999999999
10597,83.82499999999999
10598,103.82499999999999
10599,98.82499999999999
10600,-0.0
10601,-0.0
10602,-0.0
10603,-0.0
10604,-0.0
10605,-0.0
10606,-0.0
10607,-0.0
10608,-0.0
10609,-0.0
10610,-0.0
10611,-0.0
10612,-0.0
10613,-0.0
10614,-0.0
10615,-0.0
10616,-0.0
10617,-0.0
10618,-0.0
10619,-0.0
10620,-0.0
10621,-0.0
10622,-0.0
10623,-0.0
10624,-0.0
10625,-0.0
10626,-0.0
10627,-0.0
10628,-0.0
10629,-0.0
10630,-0.0
10631,-0.0
10632,-0.0
10633,-0.0
10634,-0.0
10635,-0.0
10636,-0.0
10637,-0.0
10638,-0.0
10639,-0.0
10640,-0.0
10641,-0.0
10642,-0.0
10643,-0.0
10644,-0.0
10645,-0.0
10646,-0.0
10647,-0.0
10648,-0.0
10649,-0.0
10650,-0.0
10651,-0.0
10652,-0.0
10653,-0.0
10654,-0.0
10655,-0.0
10656,-0.0
10657,-0.0
10658,-0.0
10659,-0.0
10660,-0.0
10661,-0.0
10662,-0.0
10663,-0.0
10664,-0.0
10665,-0.0
10666,-0.0
10667,-0.0
10668,38.460000000037866
10669,290.0
10670,285.0
10671,300.0
10672,310.0
10673,340.0
10674,380.0
10675,375.0
10676,342.15
10677,357.15
10678,362.15
10679,402.15
10680,72.77499999999998
10681,72.77499999999998
10682,72.77499999999998
10683,62.77499999999998
10684,-0.0
10685,-0.0
10686,-0.0
10687,-0.0
10688,-0.0
10689,-0.0
10690,-0.0
10691,-0.0
10692,-0.0
10693,-0.0
10694,-0.0
10695,-0.0
10696,-0.0
10697,-0.0
10698,-0.0
10699,-0.0
10700,-0.0
10701,-0.0
10702,-0.0
10703,-0.0
10704,-0.0
10705,-0.0
10706,-0.0
10707,-0.0
10708,-0.0
10709,-0.0
10710,-0.0
10711,-0.0
10712,-0.0
10713,-0.0
10714,-0.0
10715,-0.0
10716,-0.0
10717,-0.0
10718,-0.0
10719,-0.0
10720,-0.0
10721,-0.0
10722,-0.0
10723,-0.0
10724,-0.0
10725,-0.0
10726,-0.0
10727,-0.0
10728,-0.0
10729,-0.0
10730,-0.0
10731,-0.0
10732,-0.0
10733,-0.0
10734,-0.0
10735,-0.0
10736,-0.0
10737,-0.0
10738,-0.0
10739,-0.0
10740,-0.0
10741,-0.0
10742,-0.0
10743,-0.0
10744,-0.0
10745,-0.0
10746,-0.0
10747,-0.0
10748,-0.0
10749,-0.0
10750,-0.0
10751,-0.0
10752,-0.0
10753,-0.0
10754,-0.0
10755,-0.0
10756,-0.0
10757,-0.0
10758,-0.0
10759,-0.0
10760,-0.0
10761,-0.0
10762,-0.0
10763,-0.0
10764,158.26000000006724
10765,290.0
10766,290.0
10767,300.0
10768,315.0
10769,330.0
10770,395.0
10771,375.0
10772,348.65
10773,368.65
10774,388.65
10775,393.65
10776,49.02499999999998
10777,59.02499999999998
10778,84.02499999999998
10779,79.02499999999998
10780,-0.0
10781,-0.0
10782,-0.0
10783,-0.0
10784,-0.0
10785,-0.0
10786,-0.0
10787,-0.0
10788,-0.0
10789,-0.0
10790,-0.0
10791,-0.0
10792,-0.0
10793,-0.0
10794,-0.0
10795,-0.0
10796,-0.0
10797,-0.0
10798,-0.0
10799,-0.0
10800,-0.0
10801,-0.0
10802,-0.0
10803,-0.0
10804,-0.0
10805,-0.0
10806,-0.0
10807,-0.0
10808,-0.0
10809,-0.0
10810,-0.0
10811,-0.0
10812,-0.0
10813,-0.0
10814,-0.0
10815,-0.0
10816,-0.0
10817,-0.0
10818,-0.0
10819,-0.0
10820,-0.0
10821,-0.0
10822,-0.0
10823,-0.0
10824,-0.0
10825,-0.0
10826,-0.0
10827,-0.0
10828,-0.0
10829,-0.0
10830,-0.0
10831,-0.0
10832,-0.0
10833,-0.0
10834,-0.0
10835,-0.0
10836,-0.0
10837,-0.0
10838,-0.0
10839,-0.0
10840,-0.0
10841,-0.0
10842,-0.0
10843,-0.0
10844,-0.0
10845,-0.0
10846,-0.0
10847,-0.0
10848,-0.0
10849,-0.0
10850,-0.0
10851,-0.0
10852,-0.0
10853,-0.0
10854,-0.0
10855,-0.0
10856,-0.0
10857,-0.0
10858,-0.0
10859,-0.0
10860,-0.0
10861,107.36000000005862
10862,285.0
10863,295.0
10864,310.0
10865,320.0
10866,360.0
10867,375.0
10868,332.35
10869,332.35
10870,307.35
10871,297.35
10872,83.22499999999997
10873,88.22499999999997
10874,78.22499999999997
10875,83.22499999999997
10876,-0.0
10877,-0.0
10878,-0.0
10879,-0.0
10880,-0.0
10881,-0.0
10882,-0.0
10883,-0.0
10884,-0.0
10885,-0.0
10886,-0.0
10887,-0.0
10888,-0.0
10889,-0.0
10890,-0.0
10891,-0.0
10892,-0.0
10893,-0.0
10894,-0.0
10895,-0.0
10896,-0.0
10897,-0.0
10898,-0.0
10899,-0.0
10900,-0.0
10901,-0.0
10902,-0.0
10903,-0.0
10904,-0.0
10905,-0.0
10906,-0.0
10907,-0.0
10908,-0.0
10909,-0.0
10910,-0.0
10911,-0.0
10912,-0.0
10913,-0.0
10914,-0.0
10915,-0.0
10916,-0.0
10917,-0.0
10918,-0.0
10919,-0.0
10920,-0.0
10921,-0.0
10922,-0.0
10923,-0.0
10924,-0.0
10925,-0.0
10926,-0.0
10927,-0.0
10928,-0.0
10929,-0.0
10930,-0.0
10931,-0.0
10932,-0.0
10933,-0.0
10934,-0.0
10935,-0.0
10936,-0.0
10937,-0.0
10938,-0.0
10939,-0.0
10940,-0.0
10941,-0.0
10942,-0.0
10943,-0.0
10944,-0.0
10945,-0.0
10946,-0.0
10947,-0.0
10948,-0.0
10949,-0.0
10950,-0.0
10951,-0.0
10952,-0.0
10953,-0.0
10954,-0.0
10955,-0.0
10956,-0.0
10957,-0.0
10958,246.26000000005968
10959,300.0
10960,300.0
10961,320.0
10962,370.0
10963,350.0
10964,292.175
10965,312.175
10966,312.175
10967,307.175
10968,18.07499999999999
10969,8.074999999999989
10970,23.07499999999999
10971,28.07499999999999
10972,-0.0
10973,-0.0
10974,-0.0
10975,-0.0
10976,-0.0
10977,-0.0
10978,-0.0
10979,-0.0
10980,-0.0
10981,-0.0
10982,-0.0
10983,-0.0
10984,-0.0
10985,-0.0
10986,-0.0
10987,-0.0
10988,-0.0
10989,-0.0
10990,-0.0
10991,-0.0
10992,-0.0
10993,-0.0
10994,-0.0
10995,-0.0
10996,-0.0
10997,-0.0
10998,-0.0
10999,-0.0
11000,-0.0
11001,-0.0
11002,-0.0
11003,-0.0
11004,-0.0
11005,-0.0
11006,-0.0
11007,-0.0
11008,-0.0
11009,-0.0
11010,-0.0
11011,-0.0
11012,-0.0
11013,-0.0
11014,-0.0
11015,-0.0
11016,-0.0
11017,-0.0
11018,-0.0
11019,-0.0
11020,-0.0
11021,-0.0
11022,-0.0
11023,-0.0
11024,-0.0
11025,-0.0
11026,-0.0
11027,-0.0
11028,-0.0
11029,-0.0
11030,-0.0
11031,-0.0
11032,-0.0
11033,-0.0
11034,-0.0
11035,-0.0
11036,-0.0
11037,-0.0
11038,-0.0
11039,-0.0
11040,-0.0
11041,-0.0
11042,-0.0
11043,-0.0
11044,-0.0
11045,-0.0
11046,-0.0
11047,-0.0
11048,-0.0
11049,-0.0
11050,-0.0
11051,-0.0
11052,-0.0
11053,-0.0
11054,274.7600000000639
11055,300.0
11056,320.0
11057,355.0
11058,390.0
11059,380.0
11060,346.95
11061,346.95
11062,351.95
11063,371.95
11064,16.724999999999966
11065,31.724999999999966
11066,61.724999999999966
11067,51.724999999999966
11068,-0.0
11069,-0.0
11070,-0.0
11071,-0.0
11072,-0.0
11073,-0.0
11074,-0.0
11075,-0.0
11076,-0.0
11077,-0.0
11078,-0.0
11079,-0.0
11080,-0.0
11081,-0.0
11082,-0.0
11083,-0.0
11084,-0.0
11085,-0.0
11086,-0.0
11087,-0.0
11088,-0.0
11089,-0.0
11090,-0.0
11091,-0.0
11092,-0.0
11093,-0.0
11094,-0.0
11095,-0.0
11096,-0.0
11097,-0.0
11098,-0.0
11099,-0.0
11100,-0.0
11101,-0.0
11102,-0.0
11103,-0.0
11104,-0.0
11105,-0.0
11106,-0.0
11107,-0.0
11108,-0.0
11109,-0.0
11110,-0.0
11111,-0.0
11112,-0.0
11113,-0.0
11114,-0.0
11115,-0.0
11116,-0.0
11117,-0.0
11118,-0.0
11119,-0.0
11120,-0.0
11121,-0.0
11122,-0.0
11123,-0.0
11124,-0.0
11125,-0.0
11126,-0.0
11127,-0.0
11128,-0.0
11129,-0.0
11130,-0.0
11131,-0.0
11132,-0.0
11133,-0.0
11134,-0.0
11135,-0.0
11136,-0.0
11137,-0.0
11138,-0.0
11139,-0.0
11140,-0.0
11141,-0.0
11142,-0.0
11143,-0.0
11144,-0.0
11145,-0.0
11146,-0.0
11147,52.960000000059324
11148,305.0
11149,290.0
11150,295.0
11151,305.0
11152,325.0
11153,350.0
11154,390.0
11155,385.0
11156,327.775
11157,327.775
11158,372.775
11159,387.775
11160,49.875
11161,44.875
11162,39.875
11163,29.875
11164,-0.0
11165,-0.0
11166,-0.0
11167,-0.0
11168,-0.0
11169,-0.0
11170,-0.0
11171,-0.0
11172,-0.0
11173,-0.0
11174,-0.0
11175,-0.0
11176,-0.0
11177,-0.0
11178,-0.0
11179,-0.0
11180,-0.0
11181,-0.0
11182,-0.0
11183,-0.0
11184,-0.0
11185,-0.0
11186,-0.0
11187,-0.0
11188,-0.0
11189,-0.0
11190,-0.0
11191,-0.0
11192,-0.0
11193,-0.0
11194,-0.0
11195,-0.0
11196,-0.0
11197,-0.0
11198,-0.0
11199,-0.0
11200,-0.0
11201,-0.0
11202,-0.0
11203,-0.0
11204,-0.0
11205,-0.0
11206,-0.0
11207,-0.0
11208,-0.0
11209,-0.0
11210,-0.0
11211,-0.0
11212,-0.0
11213,-0.0
11214,-0.0
11215,-0.0
11216,-0.0
11217,-0.0
11218,-0.0
11219,-0.0
11220,-0.0
11221,-0.0
11222,-0.0
11223,-0.0
11224,-0.0
11225,-0.0
11226,-0.0
11227,-0.0
11228,-0.0
11229,-0.0
11230,-0.0
11231,-0.0
11232,-0.0
11233,-0.0
11234,-0.0
11235,-0.0
11236,-0.0
11237,-0.0
11238,-0.0
11239,-0.0
11240,-0.0
11241,-0.0
11242,-0.0
11243,-0.0
11244,194.26000000006474
11245,305.0
11246,300.0
11247,300.0
11248,315.0
11249,340.0
11250,395.0
11251,395.0
11252,332.675
11253,342.675
11254,352.675
11255,342.675
11256,34.825000000000045
11257,59.825000000000045
11258,59.825000000000045
11259,44.825000000000045
11260,-0.0
11261,-0.0
11262,-0.0
11263,-0.0
11264,-0.0
11265,-0.0
11266,-0.0
11267,-0.0
11268,-0.0
11269,-0.0
11270,-0.0
11271,-0.0
11272,-0.0
11273,-0.0
11274,-0.0
11275,-0.0
11276,-0.0
11277,-0.0
11278,-0.0
11279,-0.0
11280,-0.0
11281,-0.0
11282,-0.0
11283,-0.0
11284,-0.0
11285,-0.0
11286,-0.0
11287,-0.0
11288,-0.0
11289,-0.0
11290,-0.0
11291,-0.0
11292,-0.0
11293,-0.0
11294,-0.0
11295,-0.0
11296,-0.0
11297,-0.0
11298,-0.0
11299,-0.0
11300,-0.0
11301,-0.0
11302,-0.0
11303,-0.0
11304,-0.0
11305,-0.0
11306,-0.0
11307,-0.0
11308,-0.0
11309,-0.0
11310,-0.0
11311,-0.0
11312,-0.0
11313,-0.0
11314,-0.0
11315,-0.0
11316,-0.0
11317,-0.0
11318,-0.0
11319,-0.0
11320,-0.0
11321,-0.0
11322,-0.0
11323,-0.0
11324,-0.0
11325,-0.0
11326,-0.0
11327,-0.0
11328,-0.0
11329,-0.0
11330,-0.0
11331,-0.0
11332,131.66000000002836
11333,295.0
11334,300.0
11335,300.0
11336,300.0
11337,305.0
11338,300.0
11339,325.0
11340,295.0
11341,315.0
11342,305.0
11343,305.0
11344,330.0
11345,345.0
11346,395.0
11347,395.0
11348,336.05
11349,346.05
11350,356.05
11351,356.05
11352,174.35000000000002
11353,179.35000000000002
11354,154.35000000000002
11355,149.35000000000002
11356,-0.0
11357,-0.0
11358,-0.0
11359,-0.0
11360,-0.0
11361,-0.0
11362,-0.0
11363,-0.0
11364,-0.0
11365,-0.0
11366,-0.0
11367,-0.0
11368,-0.0
11369,-0.0
11370,-0.0
11371,-0.0
11372,-0.0
11373,-0.0
11374,-0.0
11375,-0.0
11376,-0.0
11377,-0.0
11378,-0.0
11379,-0.0
11380,-0.0
11381,-0.0
11382,-0.0
11383,-0.0
11384,-0.0
11385,-0.0
11386,-0.0
11387,-0.0
11388,-0.0
11389,-0.0
11390,-0.0
11391,-0.0
11392,-0.0
11393,-0.0
11394,-0.0
11395,-0.0
11396,-0.0
11397,-0.0
11398,-0.0
11399,-0.0
11400,-0.0
11401,4.028923600023177
11402,362.025
11403,367.025
11404,365.0
11405,370.0
11406,365.0
11407,380.0
11408,350.0
11409,340.0
11410,335.0
11411,330.0
11412,320.0
11413,310.0
11414,310.0
11415,305.0
11416,305.0
11417,305.0
11418,300.0
11419,305.0
11420,300.0
11421,305.0
11422,295.0
11423,300.0
11424,295.0
11425,300.0
11426,290.0
11427,295.0
11428,295.0
11429,300.0
11430,295.0
11431,295.0
11432,300.0
11433,290.0
11434,300.0
11435,290.0
11436,295.0
11437,295.0
11438,300.0
11439,305.0
11440,325.0
11441,350.0
11442,405.0
11443,385.0
11444,388.8
11445,388.8
11446,408.8
11447,433.8
11448,432.125
11449,427.125
11450,432.125
11451,447.125
11452,406.775
11453,401.775
11454,406.775
11455,406.775
11456,135.8
11457,15.800000000000011
11458,-0.0
11459,-0.0
11460,-0.0
11461,134.7084543999995
11462,145.175
11463,145.175
11464,184.325
11465,184.325
11466,194.325
11467,209.325
11468,-0.0
11469,-0.0
11470,-0.0
11471,-0.0
11472,-0.0
11473,-0.0
11474,-0.0
11475,-0.0
11476,-0.0
11477,-0.0
11478,-0.0
11479,-0.0
11480,-0.0
11481,-0.0
11482,-0.0
11483,-0.0
11484,-0.0
11485,-0.0
11486,-0.0
11487,-0.0
11488,-0.0
11489,-0.0
11490,-0.0
11491,-0.0
11492,-0.0
11493,-0.0
11494,-0.0
11495,-0.0
11496,-0.0
11497,-0.0
11498,-0.0
11499,-0.0
11500,-0.0
11501,-0.0
11502,-0.0
11503,-0.0
11504,-0.0
11505,-0.0
11506,-0.0
11507,-0.0
11508,-0.0
11509,-0.0
11510,-0.0
11511,-0.0
11512,-0.0
11513,-0.0
11514,-0.0
11515,-0.0
11516,171.99442000004166
11517,300.0
11518,315.0
11519,300.0
11520,300.0
11521,300.0
11522,300.0
11523,295.0
11524,295.0
11525,300.0
11526,295.0
11527,295.0
11528,300.0
11529,305.0
11530,300.0
11531,290.0
11532,300.0
11533,300.0
11534,295.0
11535,305.0
11536,310.0
11537,340.0
11538,370.0
11539,355.0
11540,287.625
11541,312.625
11542,307.625
11543,297.625
11544,29.975000000000023
11545,14.975000000000023
11546,4.975000000000023
11547,9.975000000000023
11548,-0.0
11549,-0.0
11550,-0.0
11551,-0.0
11552,-0.0
11553,-0.0
11554,-0.0
11555,-0.0
11556,-0.0
11557,-0.0
11558,-0.0
11559,-0.0
11560,-0.0
11561,-0.0
11562,-0.0
11563,-0.0
11564,-0.0
11565,-0.0
11566,-0.0
11567,-0.0
11568,-0.0
11569,-0.0
11570,-0.0
11571,-0.0
11572,-0.0
11573,-0.0
11574,-0.0
11575,-0.0
11576,-0.0
11577,-0.0
11578,-0.0
11579,-0.0
11580,-0.0
11581,-0.0
11582,-0.0
11583,-0.0
11584,-0.0
11585,-0.0
11586,-0.0
11587,-0.0
11588,-0.0
11589,-0.0
11590,-0.0
11591,-0.0
11592,-0.0
11593,-0.0
11594,-0.0
11595,-0.0
11596,-0.0
11597,-0.0
11598,-0.0
11599,-0.0
11600,-0.0
11601,-0.0
11602,-0.0
11603,-0.0
11604,-0.0
11605,-0.0
11606,-0.0
11607,-0.0
11608,-0.0
11609,-0.0
11610,-0.0
11611,-0.0
11612,-0.0
11613,-0.0
11614,-0.0
11615,-0.0
11616,-0.0
11617,-0.0
11618,-0.0
11619,-0.0
11620,-0.0
11621,-0.0
11622,-0.0
11623,-0.0
11624,-0.0
11625,-0.0
11626,-0.0
11627,-0.0
11628,18.960000000069897
11629,295.0
11630,295.0
11631,300.0
11632,305.0
11633,330.0
11634,390.0
11635,355.0
11636,328.575
11637,333.575
11638,358.575
11639,338.575
11640,190.5
11641,160.5
11642,170.5
11643,180.5
11644,104.59999999999997
11645,89.59999999999997
11646,89.59999999999997
11647,89.59999999999997
11648,-0.0
11649,-0.0
11650,-0.0
11651,-0.0
11652,-0.0
11653,-0.0
11654,-0.0
11655,-0.0
11656,-0.0
11657,-0.0
11658,-0.0
11659,-0.0
11660,-0.0
11661,-0.0
11662,-0.0
11663,-0.0
11664,-0.0
11665,-0.0
11666,-0.0
11667,-0.0
11668,-0.0
11669,-0.0
11670,-0.0
11671,-0.0
11672,-0.0
11673,-0.0
11674,-0.0
11675,-0.0
11676,-0.0
11677,-0.0
11678,-0.0
11679,-0.0
11680,-0.0
11681,-0.0
11682,-0.0
11683,-0.0
11684,-0.0
11685,-0.0
11686,-0.0
11687,-0.0
11688,-0.0
11689,-0.0
11690,-0.0
11691,-0.0
11692,-0.0
11693,-0.0
11694,-0.0
11695,-0.0
11696,-0.0
11697,-0.0
11698,-0.0
11699,-0.0
11700,-0.0
11701,-0.0
11702,-0.0
11703,248.53618240006745
11704,290.0
11705,290.0
11706,295.0
11707,290.0
11708,295.0
11709,300.0
11710,300.0
11711,295.0
11712,295.0
11713,295.0
11714,295.0
11715,295.0
11716,295.0
11717,295.0
11718,295.0
11719,290.0
11720,290.0
11721,295.0
11722,290.0
11723,290.0
11724,305.0
11725,295.0
11726,305.0
11727,310.0
11728,325.0
11729,355.0
11730,400.0
11731,410.0
11732,392.4
11733,382.4
11734,392.4
11735,397.4
11736,123.30000000000001
11737,138.3
11738,128.3
11739,143.3
11740,-0.0
11741,-0.0
11742,-0.0
11743,-0.0
11744,-0.0
11745,-0.0
11746,-0.0
11747,-0.0
11748,-0.0
11749,-0.0
11750,-0.0
11751,-0.0
11752,-0.0
11753,-0.0
11754,-0.0
11755,-0.0
11756,-0.0
11757,-0.0
11758,-0.0
11759,-0.0
11760,-0.0
11761,-0.0
11762,-0.0
11763,-0.0
11764,-0.0
11765,-0.0
11766,-0.0
11767,-0.0
11768,-0.0
11769,-0.0
11770,-0.0
11771,-0.0
11772,-0.0
11773,-0.0
11774,-0.0
11775,-0.0
11776,-0.0
11777,-0.0
11778,-0.0
11779,-0.0
11780,-0.0
11781,-0.0
11782,-0.0
11783,-0.0
11784,-0.0
11785,-0.0
11786,-0.0
11787,-0.0
11788,-0.0
11789,-0.0
11790,-0.0
11791,-0.0
11792,-0.0
11793,-0.0
11794,-0.0
11795,-0.0
11796,-0.0
11797,-0.0
11798,-0.0
11799,-0.0
11800,-0.0
11801,-0.0
11802,-0.0
11803,-0.0
11804,-0.0
11805,-0.0
11806,-0.0
11807,-0.0
11808,-0.0
11809,-0.0
11810,-0.0
11811,-0.0
11812,-0.0
11813,-0.0
11814,-0.0
11815,-0.0
11816,-0.0
11817,57.8600000000435
11818,310.0
11819,310.0
11820,305.0
11821,315.0
11822,310.0
11823,320.0
11824,325.0
11825,375.0
11826,400.0
11827,390.0
11828,306.85
11829,331.85
11830,341.85
11831,381.85
11832,262.05
11833,232.05
11834,242.05
11835,247.05
11836,412.275
11837,422.275
11838,402.275
11839,432.275
11840,334.475
11841,324.475
11842,324.475
11843,309.475
11844,-0.0
11845,-0.0
11846,-0.0
11847,-0.0
11848,-0.0
11849,-0.0
11850,-0.0
11851,-0.0
11852,-0.0
11853,-0.0
11854,28.812076800000995
11855,-0.0
11856,-0.0
11857,-0.0
11858,-0.0
11859,-0.0
11860,-0.0
11861,-0.0
11862,-0.0
11863,-0.0
11864,-0.0
11865,-0.0
11866,-0.0
11867,-0.0
11868,-0.0
11869,-0.0
11870,-0.0
11871,-0.0
11872,-0.0
11873,-0.0
11874,-0.0
11875,-0.0
11876,-0.0
11877,-0.0
11878,-0.0
11879,-0.0
11880,-0.0
11881,-0.0
11882,-0.0
11883,-0.0
11884,-0.0
11885,-0.0
11886,-0.0
11887,-0.0
11888,-0.0
11889,-0.0
11890,-0.0
11891,-0.0
11892,-0.0
11893,-0.0
11894,-0.0
11895,-0.0
11896,-0.0
11897,-0.0
11898,-0.0
11899,-0.0
11900,-0.0
11901,-0.0
11902,-0.0
11903,-0.0
11904,-0.0
11905,-0.0
11906,229.33341680004625
11907,295.0
11908,290.0
11909,295.0
11910,290.0
11911,295.0
11912,290.0
11913,295.0
11914,295.0
11915,290.0
11916,300.0
11917,300.0
11918,315.0
11919,305.0
11920,315.0
11921,350.0
11922,425.0
11923,400.0
11924,298.25
11925,303.25
11926,333.25
11927,343.25
11928,77.27499999999998
11929,37.27499999999998
11930,52.27499999999998
11931,62.27499999999998
11932,317.32500000000005
11933,312.32500000000005
11934,322.32500000000005
11935,352.32500000000005
11936,-0.0
11937,-0.0
11938,-0.0
11939,-0.0
11940,-0.0
11941,-0.0
11942,64.38117920000509
11943,151.15000000000003
11944,-0.0
11945,-0.0
11946,-0.0
11947,-0.0
11948,-0.0
11949,-0.0
11950,-0.0
11951,-0.0
11952,-0.0
11953,-0.0
11954,-0.0
11955,-0.0
11956,-0.0
11957,-0.0
11958,-0.0
11959,-0.0
11960,-0.0
11961,-0.0
11962,-0.0
11963,-0.0
11964,-0.0
11965,-0.0
11966,-0.0
11967,-0.0
11968,-0.0
11969,-0.0
11970,-0.0
11971,-0.0
11972,-0.0
11973,-0.0
11974,-0.0
11975,-0.0
11976,-0.0
11977,-0.0
11978,-0.0
11979,-0.0
11980,-0.0
11981,-0.0
11982,-0.0
11983,-0.0
11984,-0.0
11985,-0.0
11986,-0.0
11987,169.9876399999877
11988,320.0
11989,315.0
11990,310.0
11991,310.0
11992,310.0
11993,305.0
11994,300.0
11995,300.0
11996,300.0
11997,310.0
11998,300.0
11999,295.0
12000,300.0
12001,305.0
12002,305.0
12003,300.0
12004,300.0
12005,300.0
12006,305.0
12007,305.0
12008,300.0
12009,295.0
12010,300.0
12011,305.0
12012,310.0
12013,300.0
12014,305.0
12015,315.0
12016,320.0
12017,360.0
12018,405.0
12019,390.0
12020,311.025
12021,331.025
12022,351.025
12023,346.025
12024,194.825
12025,184.825
12026,184.825
12027,194.825
12028,-0.0
12029,-0.0
12030,-0.0
12031,-0.0
12032,-0.0
12033,-0.0
12034,-0.0
12035,-0.0
12036,-0.0
12037,-0.0
12038,-0.0
12039,-0.0
12040,-0.0
12041,-0.0
12042,-0.0
12043,-0.0
12044,-0.0
12045,-0.0
12046,-0.0
12047,-0.0
12048,-0.0
12049,-0.0
12050,-0.0
12051,-0.0
12052,-0.0
12053,-0.0
12054,-0.0
12055,-0.0
12056,-0.0
12057,-0.0
12058,-0.0
12059,-0.0
12060,-0.0
12061,-0.0
12062,-0.0
12063,-0.0
12064,-0.0
12065,-0.0
12066,-0.0
12067,-0.0
12068,-0.0
12069,-0.0
12070,-0.0
12071,-0.0
12072,-0.0
12073,-0.0
12074,-0.0
12075,-0.0
12076,-0.0
12077,-0.0
12078,-0.0
12079,-0.0
12080,-0.0
12081,-0.0
12082,-0.0
12083,-0.0
12084,-0.0
12085,-0.0
12086,-0.0
12087,-0.0
12088,-0.0
12089,-0.0
12090,-0.0
12091,236.83907959999237
12092,310.0
12093,300.0
12094,305.0
12095,305.0
12096,300.0
12097,295.0
12098,300.0
12099,300.0
12100,300.0
12101,295.0
12102,305.0
12103,300.0
12104,300.0
12105,295.0
12106,300.0
12107,305.0
12108,310.0
12109,305.0
12110,300.0
12111,310.0
12112,325.0
12113,355.0
12114,405.0
12115,390.0
12116,346.7
12117,341.7
12118,356.7
12119,396.7
12120,397.2
12121,402.2
12122,392.2
12123,397.2
12124,117.22499999999997
12125,117.22499999999997
12126,127.22499999999997
12127,127.22499999999997
12128,309.025
12129,314.025
12130,294.025
12131,269.025
12132,-0.0
12133,1.258353100000611
12134,-0.0
12135,-0.0
12136,-0.0
12137,-0.0
12138,-0.0
12139,-0.0
12140,-0.0
12141,-0.0
12142,-0.0
12143,-0.0
12144,-0.0
12145,-0.0
12146,-0.0
12147,-0.0
12148,-0.0
12149,-0.0
12150,-0.0
12151,-0.0
12152,-0.0
12153,-0.0
12154,-0.0
12155,-0.0
12156,-0.0
12157,-0.0
12158,-0.0
12159,-0.0
12160,-0.0
12161,-0.0
12162,-0.0
12163,-0.0
12164,-0.0
12165,-0.0
12166,-0.0
12167,-0.0
12168,-0.0
12169,-0.0
12170,-0.0
12171,-0.0
12172,-0.0
12173,-0.0
12174,-0.0
12175,-0.0
12176,-0.0
12177,-0.0
12178,-0.0
12179,-0.0
12180,-0.0
12181,-0.0
12182,-0.0
12183,-0.0
12184,-0.0
12185,-0.0
12186,-0.0
12187,-0.0
12188,-0.0
12189,-0.0
12190,-0.0
12191,-0.0
12192,-0.0
12193,-0.0
12194,-0.0
12195,-0.0
12196,-0.0
12197,-0.0
12198,-0.0
12199,-0.0
12200,-0.0
12201,-0.0
12202,-0.0
12203,-0.0
12204,-0.0
12205,23.96000000005654
12206,290.0
12207,295.0
12208,315.0
12209,325.0
12210,355.0
12211,375.0
12212,300.15
12213,300.15
12214,315.15
12215,315.15
12216,-0.0
12217,-0.0
12218,-0.0
12219,-0.0
12220,-0.0
12221,-0.0
12222,13.89224240000702
12223,66.19999999999999
12224,-0.0
12225,-0.0
12226,-0.0
12227,-0.0
12228,-0.0
12229,-0.0
12230,-0.0
12231,-0.0
12232,-0.0
12233,-0.0
12234,-0.0
12235,-0.0
12236,-0.0
12237,-0.0
12238,-0.0
12239,-0.0
12240,-0.0
12241,-0.0
12242,-0.0
12243,-0.0
12244,-0.0
12245,-0.0
12246,-0.0
12247,-0.0
12248,-0.0
12249,-0.0
12250,-0.0
12251,-0.0
12252,-0.0
12253,-0.0
12254,-0.0
12255,-0.0
12256,-0.0
12257,-0.0
12258,-0.0
12259,-0.0
12260,-0.0
12261,-0.0
12262,-0.0
12263,-0.0
12264,-0.0
12265,-0.0
12266,-0.0
12267,-0.0
12268,-0.0
12269,-0.0
12270,-0.0
12271,-0.0
12272,-0.0
12273,-0.0
12274,-0.0
12275,-0.0
12276,-0.0
12277,-0.0
12278,-0.0
12279,-0.0
12280,-0.0
12281,-0.0
12282,-0.0
12283,-0.0
12284,-0.0
12285,-0.0
12286,-0.0
12287,-0.0
12288,-0.0
12289,-0.0
12290,-0.0
12291,-0.0
12292,-0.0
12293,-0.0
12294,-0.0
12295,-0.0
12296,-0.0
12297,-0.0
12298,-0.0
12299,-0.0
12300,-0.0
12301,-0.0
12302,171.36000000004827
12303,300.0
12304,315.0
12305,340.0
12306,360.0
12307,345.0
12308,279.125
12309,299.125
12310,289.125
12311,299.125
12312,-0.0
12313,-0.0
12314,-0.0
12315,-0.0
12316,-0.0
12317,-0.0
12318,-0.0
12319,-0.0
12320,-0.0
12321,-0.0
12322,-0.0
12323,-0.0
12324,-0.0
12325,-0.0
12326,-0.0
12327,-0.0
12328,-0.0
12329,-0.0
12330,-0.0
12331,-0.0
12332,-0.0
12333,-0.0
12334,-0.0
12335,-0.0
12336,-0.0
12337,-0.0
12338,-0.0
12339,-0.0
12340,-0.0
12341,-0.0
12342,-0.0
12343,-0.0
12344,-0.0
12345,-0.0
12346,-0.0
12347,-0.0
12348,-0.0
12349,-0.0
12350,-0.0
12351,-0.0
12352,-0.0
12353,-0.0
12354,-0.0
12355,-0.0
12356,-0.0
12357,-0.0
12358,-0.0
12359,-0.0
12360,-0.0
12361,-0.0
12362,-0.0
12363,-0.0
12364,-0.0
12365,-0.0
12366,-0.0
12367,-0.0
12368,-0.0
12369,-0.0
12370,-0.0
12371,-0.0
12372,-0.0
12373,-0.0
12374,-0.0
12375,-0.0
12376,-0.0
12377,-0.0
12378,-0.0
12379,-0.0
12380,-0.0
12381,-0.0
12382,-0.0
12383,-0.0
12384,-0.0
12385,-0.0
12386,-0.0
12387,-0.0
12388,-0.0
12389,-0.0
12390,-0.0
12391,-0.0
12392,-0.0
12393,-0.0
12394,-0.0
12395,228.66000000005033
12396,320.0
12397,315.0
12398,310.0
12399,320.0
12400,335.0
12401,365.0
12402,415.0
12403,395.0
12404,404.275
12405,404.275
12406,414.275
12407,399.275
12408,370.45
12409,395.45
12410,395.45
12411,415.45
12412,-0.0
12413,-0.0
12414,-0.0
12415,-0.0
12416,-0.0
12417,-0.0
12418,283.74948639998814
12419,327.05
12420,288.275
12421,268.275
12422,268.275
12423,258.275
12424,289.4
12425,284.4
12426,289.4
12427,279.4
12428,82.07499999999999
12429,82.07499999999999
12430,82.07499999999999
12431,77.07499999999999
12432,112.65000000000003
12433,117.65000000000003
12434,102.65000000000003
12435,112.65000000000003
12436,-0.0
12437,-0.0
12438,-0.0
12439,-0.0
12440,-0.0
12441,-0.0
12442,-0.0
12443,88.71474479999735
12444,-0.0
12445,-0.0
12446,-0.0
12447,-0.0
12448,-0.0
12449,-0.0
12450,41.04229680000029
12451,98.80000000000001
12452,321.525
12453,311.525
12454,331.525
12455,341.525
12456,369.375
12457,354.375
12458,329.375
12459,349.375
12460,360.0
12461,365.0
12462,355.0
12463,340.0
12464,345.0
12465,345.0
12466,325.0
12467,335.0
12468,325.0
12469,325.0
12470,330.0
12471,310.0
12472,310.0
12473,300.0
12474,315.0
12475,310.0
12476,310.0
12477,305.0
12478,310.0
12479,310.0
12480,300.0
12481,310.0
12482,300.0
12483,310.0
12484,310.0
12485,310.0
12486,310.0
12487,305.0
12488,315.0
12489,300.0
12490,320.0
12491,300.0
12492,320.0
12493,310.0
12494,310.0
12495,330.0
12496,350.0
12497,385.0
12498,400.0
12499,405.0
12500,311.375
12501,336.375
12502,346.375
12503,356.375
12504,264.54999999999995
12505,264.54999999999995
12506,279.54999999999995
12507,274.54999999999995
12508,132.72499999999997
12509,122.72499999999997
12510,132.72499999999997
12511,177.72499999999997
12512,262.075
12513,247.075
12514,242.075
12515,217.075
12516,-0.0
12517,-0.0
12518,-0.0
12519,-0.0
12520,-0.0
12521,-0.0
12522,-0.0
12523,-0.0
12524,-0.0
12525,-0.0
12526,141.3052011999892
12527,217.52499999999998
12528,202.59999999999997
12529,182.59999999999997
12530,182.59999999999997
12531,192.59999999999997
12532,22.94999999999999
12533,42.94999999999999
12534,22.94999999999999
12535,12.949999999999989
12536,243.85
12537,208.85
12538,218.85
12539,188.85
12540,92.42500000000001
12541,72.42500000000001
12542,37.42500000000001
12543,57.42500000000001
12544,298.825
12545,278.825
12546,288.825
12547,288.825
12548,326.675
12549,321.675
12550,321.675
12551,346.675
12552,381.7
12553,366.7
12554,341.7
12555,351.7
12556,360.0
12557,365.0
12558,360.0
12559,365.0
12560,350.0
12561,340.0
12562,335.0
12563,340.0
12564,315.0
12565,325.0
12566,315.0
12567,315.0
12568,310.0
12569,305.0
12570,310.0
12571,300.0
12572,305.0
12573,295.0
12574,310.0
12575,300.0
12576,305.0
12577,295.0
12578,300.0
12579,310.0
12580,295.0
12581,305.0
12582,290.0
12583,305.0
12584,290.0
12585,300.0
12586,295.0
12587,305.0
12588,300.0
12589,300.0
12590,310.0
12591,310.0
12592,335.0
12593,345.0
12594,415.0
12595,380.0
12596,284.2
12597,299.2
12598,304.2
12599,324.2
12600,282.4
12601,312.4
12602,287.4
12603,287.4
12604,-0.0
12605,-0.0
12606,-0.0
12607,-0.0
12608,-0.0
12609,-0.0
12610,-0.0
12611,-0.0
12612,-0.0
12613,-0.0
12614,-0.0
12615,-0.0
12616,-0.0
12617,-0.0
12618,-0.0
12619,-0.0
12620,-0.0
12621,-0.0
12622,-0.0
12623,-0.0
12624,-0.0
12625,-0.0
12626,-0.0
12627,-0.0
12628,-0.0
12629,-0.0
12630,-0.0
12631,-0.0
12632,-0.0
12633,-0.0
12634,-0.0
12635,-0.0
12636,-0.0
12637,-0.0
12638,-0.0
12639,-0.0
12640,-0.0
12641,-0.0
12642,-0.0
12643,-0.0
12644,-0.0
12645,-0.0
12646,-0.0
12647,-0.0
12648,-0.0
12649,-0.0
12650,-0.0
12651,-0.0
12652,-0.0
12653,-0.0
12654,-0.0
12655,-0.0
12656,-0.0
12657,-0.0
12658,-0.0
12659,-0.0
12660,-0.0
12661,-0.0
12662,-0.0
12663,-0.0
12664,-0.0
12665,-0.0
12666,-0.0
12667,-0.0
12668,-0.0
12669,-0.0
12670,-0.0
12671,-0.0
12672,-0.0
12673,-0.0
12674,-0.0
12675,-0.0
12676,-0.0
12677,-0.0
12678,-0.0
12679,-0.0
12680,-0.0
12681,-0.0
12682,73.36000000005563
12683,290.0
12684,310.0
12685,300.0
12686,305.0
12687,310.0
12688,310.0
12689,345.0
12690,365.0
12691,360.0
12692,326.825
12693,311.825
12694,301.825
12695,326.825
12696,-0.0
12697,-0.0
12698,-0.0
12699,-0.0
12700,-0.0
12701,-0.0
12702,-0.0
12703,-0.0
12704,-0.0
12705,-0.0
12706,-0.0
12707,-0.0
12708,-0.0
12709,-0.0
12710,-0.0
12711,-0.0
12712,-0.0
12713,-0.0
12714,-0.0
12715,-0.0
12716,-0.0
12717,-0.0
12718,-0.0
12719,-0.0
12720,-0.0
12721,-0.0
12722,-0.0
12723,-0.0
12724,-0.0
12725,-0.0
12726,-0.0
12727,-0.0
12728,-0.0
12729,-0.0
12730,-0.0
12731,-0.0
12732,-0.0
12733,-0.0
12734,-0.0
12735,-0.0
12736,-0.0
12737,-0.0
12738,-0.0
12739,-0.0
12740,-0.0
12741,-0.0
12742,-0.0
12743,-0.0
12744,-0.0
12745,-0.0
12746,-0.0
12747,-0.0
12748,-0.0
12749,-0.0
12750,-0.0
12751,-0.0
12752,-0.0
12753,-0.0
12754,-0.0
12755,-0.0
12756,-0.0
12757,-0.0
12758,-0.0
12759,-0.0
12760,-0.0
12761,-0.0
12762,-0.0
12763,-0.0
12764,-0.0
12765,-0.0
12766,-0.0
12767,-0.0
12768,-0.0
12769,-0.0
12770,-0.0
12771,-0.0
12772,-0.0
12773,-0.0
12774,-0.0
12775,252.84178180003275
12776,290.0
12777,300.0
12778,280.0
12779,300.0
12780,290.0
12781,300.0
12782,295.0
12783,300.0
12784,325.0
12785,345.0
12786,400.0
12787,375.0
12788,270.775
12789,275.775
12790,280.775
12791,285.775
12792,120.64999999999998
12793,135.64999999999998
12794,110.64999999999998
12795,115.64999999999998
12796,-0.0
12797,-0.0
12798,-0.0
12799,-0.0
12800,-0.0
12801,-0.0
12802,-0.0
12803,-0.0
12804,-0.0
12805,-0.0
12806,-0.0
12807,-0.0
12808,-0.0
12809,-0.0
12810,-0.0
12811,-0.0
12812,-0.0
12813,-0.0
12814,-0.0
12815,-0.0
12816,-0.0
12817,-0.0
12818,-0.0
12819,-0.0
12820,-0.0
12821,-0.0
12822,-0.0
12823,-0.0
12824,-0.0
12825,-0.0
12826,-0.0
12827,-0.0
12828,-0.0
12829,-0.0
12830,-0.0
12831,-0.0
12832,-0.0
12833,-0.0
12834,-0.0
12835,-0.0
12836,-0.0
12837,-0.0
12838,-0.0
12839,-0.0
12840,-0.0
12841,-0.0
12842,-0.0
12843,-0.0
12844,-0.0
12845,-0.0
12846,-0.0
12847,-0.0
12848,-0.0
12849,-0.0
12850,-0.0
12851,-0.0
12852,-0.0
12853,-0.0
12854,-0.0
12855,-0.0
12856,-0.0
12857,-0.0
12858,-0.0
12859,-0.0
12860,-0.0
12861,-0.0
12862,-0.0
12863,-0.0
12864,-0.0
12865,-0.0
12866,-0.0
12867,-0.0
12868,-0.0
12869,-0.0
12870,-0.0
12871,-0.0
12872,-0.0
12873,-0.0
12874,-0.0
12875,217.93235920003252
12876,290.0
12877,290.0
12878,285.0
12879,300.0
12880,315.0
12881,325.0
12882,360.0
12883,355.0
12884,339.65
12885,334.65
12886,349.65
12887,364.65
12888,301.075
12889,286.075
12890,291.075
12891,281.075
12892,3.3000000000000114
12893,-0.0
12894,-0.0
12895,6.159294399999647
12896,-0.0
12897,-0.0
12898,-0.0
12899,-0.0
12900,-0.0
12901,-0.0
12902,-0.0
12903,-0.0
12904,-0.0
12905,-0.0
12906,-0.0
12907,-0.0
12908,-0.0
12909,-0.0
12910,-0.0
12911,-0.0
12912,-0.0
12913,-0.0
12914,-0.0
12915,-0.0
12916,-0.0
12917,-0.0
12918,-0.0
12919,-0.0
12920,-0.0
12921,-0.0
12922,-0.0
12923,-0.0
12924,-0.0
12925,-0.0
12926,-0.0
12927,-0.0
12928,-0.0
12929,-0.0
12930,-0.0
12931,-0.0
12932,-0.0
12933,-0.0
12934,-0.0
12935,-0.0
12936,-0.0
12937,-0.0
12938,-0.0
12939,-0.0
12940,-0.0
12941,-0.0
12942,-0.0
12943,-0.0
12944,-0.0
12945,-0.0
12946,-0.0
12947,-0.0
12948,-0.0
12949,-0.0
12950,-0.0
12951,-0.0
12952,-0.0
12953,-0.0
12954,-0.0
12955,-0.0
12956,-0.0
12957,-0.0
12958,-0.0
12959,-0.0
12960,182.93165070004545
12961,-0.0
12962,290.0
12963,285.0
12964,285.0
12965,290.0
12966,290.0
12967,305.0
12968,285.0
12969,295.0
12970,290.0
12971,295.0
12972,295.0
12973,285.0
12974,300.0
12975,290.0
12976,312.95
12977,317.95
12978,367.95
12979,357.95
12980,297.1
12981,307.1
12982,297.1
12983,317.1
12984,343.025
12985,313.025
12986,298.025
12987,343.025
12988,102.5
12989,82.5
12990,82.5
12991,82.5
12992,-0.0
12993,-0.0
12994,-0.0
12995,-0.0
12996,-0.0
12997,-0.0
12998,-0.0
12999,-0.0
13000,-0.0
13001,-0.0
13002,-0.0
13003,-0.0
13004,-0.0
13005,-0.0
13006,-0.0
13007,-0.0
13008,-0.0
13009,-0.0
13010,-0.0
13011,-0.0
13012,-0.0
13013,-0.0
13014,-0.0
13015,-0.0
13016,-0.0
13017,-0.0
13018,-0.0
13019,-0.0
13020,-0.0
13021,-0.0
13022,-0.0
13023,-0.0
13024,-0.0
13025,-0.0
13026,-0.0
13027,-0.0
13028,-0.0
13029,-0.0
13030,-0.0
13031,-0.0
13032,-0.0
13033,-0.0
13034,-0.0
13035,-0.0
13036,-0.0
13037,-0.0
13038,-0.0
13039,-0.0
13040,-0.0
13041,-0.0
13042,-0.0
13043,-0.0
13044,-0.0
13045,-0.0
13046,-0.0
13047,-0.0
13048,-0.0
13049,-0.0
13050,-0.0
13051,-0.0
13052,-0.0
13053,-0.0
13054,-0.0
13055,-0.0
13056,-0.0
13057,-0.0
13058,-0.0
13059,-0.0
13060,-0.0
13061,-0.0
13062,-0.0
13063,-0.0
13064,-0.0
13065,-0.0
13066,-0.0
13067,-0.0
13068,-0.0
13069,297.96000000004733
13070,305.0
13071,305.0
13072,335.0
13073,345.0
13074,425.0
13075,410.0
13076,396.525
13077,396.525
13078,381.525
13079,431.525
13080,353.875
13081,363.875
13082,383.875
13083,413.875
13084,273.275
13085,243.27499999999998
13086,263.275
13087,273.275
13088,-0.0
13089,-0.0
13090,-0.0
13091,-0.0
13092,-0.0
13093,-0.0
13094,-0.0
13095,-0.0
13096,-0.0
13097,-0.0
13098,-0.0
13099,-0.0
13100,-0.0
13101,-0.0
13102,-0.0
13103,-0.0
13104,-0.0
13105,-0.0
13106,-0.0
13107,-0.0
13108,-0.0
13109,-0.0
13110,-0.0
13111,-0.0
13112,-0.0
13113,-0.0
13114,-0.0
13115,-0.0
13116,-0.0
13117,-0.0
13118,-0.0
13119,-0.0
13120,-0.0
13121,-0.0
13122,-0.0
13123,-0.0
13124,-0.0
13125,-0.0
13126,-0.0
13127,-0.0
13128,54.40897750003268
13129,-0.0
13130,315.75
13131,310.75
13132,355.0
13133,365.0
13134,355.0
13135,375.0
13136,350.0
13137,335.0
13138,335.0
13139,330.0
13140,325.0
13141,325.0
13142,325.0
13143,305.0
13144,315.0
13145,305.0
13146,310.0
13147,300.0
13148,310.0
13149,305.0
13150,310.0
13151,305.0
13152,295.0
13153,310.0
13154,295.0
13155,305.0
13156,300.0
13157,310.0
13158,305.0
13159,295.0
13160,310.0
13161,295.0
13162,305.0
13163,300.0
13164,305.0
13165,325.0
13166,305.0
13167,320.0
13168,335.0
13169,365.0
13170,385.0
13171,410.0
13172,380.8
13173,370.8
13174,380.8
13175,385.8
13176,406.325
13177,426.325
13178,411.325
13179,406.325
13180,32.94999999999999
13181,17.94999999999999
13182,17.94999999999999
13183,32.94999999999999
13184,-0.0
13185,-0.0
13186,-0.0
13187,-0.0
13188,-0.0
13189,-0.0
13190,-0.0
13191,-0.0
13192,-0.0
13193,-0.0
13194,175.97596879998798
13195,230.22499999999997
13196,-0.0
13197,-0.0
13198,-0.0
13199,-0.0
13200,-0.0
13201,-0.0
13202,-0.0
13203,-0.0
13204,-0.0
13205,-0.0
13206,-0.0
13207,-0.0
13208,-0.0
13209,-0.0
13210,-0.0
13211,-0.0
13212,-0.0
13213,-0.0
13214,-0.0
13215,-0.0
13216,-0.0
13217,-0.0
13218,-0.0
13219,-0.0
13220,-0.0
13221,-0.0
13222,-0.0
13223,-0.0
13224,-0.0
13225,-0.0
13226,-0.0
13227,-0.0
13228,-0.0
13229,-0.0
13230,-0.0
13231,-0.0
13232,-0.0
13233,-0.0
13234,-0.0
13235,-0.0
13236,-0.0
13237,-0.0
13238,-0.0
13239,-0.0
13240,268.23453320001795
13241,295.0
13242,305.0
13243,300.0
13244,305.0
13245,300.0
13246,290.0
13247,295.0
13248,290.0
13249,295.0
13250,290.0
13251,295.0
13252,305.0
13253,295.0
13254,295.0
13255,295.0
13256,290.0
13257,295.0
13258,290.0
13259,290.0
13260,305.0
13261,310.0
13262,300.0
13263,295.0
13264,325.0
13265,355.0
13266,390.0
13267,380.0
13268,298.075
13269,308.075
13270,323.075
13271,338.075
13272,103.64999999999998
13273,88.64999999999998
13274,108.64999999999998
13275,118.64999999999998
13276,-0.0
13277,-0.0
13278,-0.0
13279,-0.0
13280,-0.0
13281,-0.0
13282,-0.0
13283,-0.0
13284,-0.0
13285,-0.0
13286,-0.0
13287,-0.0
13288,-0.0
13289,-0.0
13290,-0.0
13291,-0.0
13292,-0.0
13293,-0.0
13294,-0.0
13295,-0.0
13296,-0.0
13297,-0.0
13298,-0.0
13299,-0.0
13300,-0.0
13301,-0.0
13302,-0.0
13303,-0.0
13304,-0.0
13305,-0.0
13306,-0.0
13307,-0.0
13308,-0.0
13309,-0.0
13310,-0.0
13311,-0.0
13312,-0.0
13313,-0.0
13314,-0.0
13315,-0.0
13316,-0.0
13317,-0.0
13318,-0.0
13319,-0.0
13320,-0.0
13321,-0.0
13322,-0.0
13323,-0.0
13324,-0.0
13325,-0.0
13326,-0.0
13327,-0.0
13328,-0.0
13329,-0.0
13330,-0.0
13331,-0.0
13332,-0.0
13333,-0.0
13334,-0.0
13335,-0.0
13336,-0.0
13337,-0.0
13338,-0.0
13339,-0.0
13340,-0.0
13341,-0.0
13342,-0.0
13343,-0.0
13344,-0.0
13345,-0.0
13346,-0.0
13347,-0.0
13348,-0.0
13349,-0.0
13350,-0.0
13351,-0.0
13352,-0.0
13353,196.06000000008137
13354,300.0
13355,300.0
13356,315.0
13357,305.0
13358,295.0
13359,300.0
13360,320.0
13361,345.0
13362,405.0
13363,385.0
13364,252.9
13365,267.9
13366,287.9
13367,287.9
13368,268.15
13369,243.15
13370,258.15
13371,278.15
13372,27.82499999999999
13373,22.82499999999999
13374,42.82499999999999
13375,32.82499999999999
13376,-0.0
13377,-0.0
13378,-0.0
13379,-0.0
13380,-0.0
13381,-0.0
13382,-0.0
13383,-0.0
13384,-0.0
13385,-0.0
13386,-0.0
13387,-0.0
13388,-0.0
13389,-0.0
13390,-0.0
13391,-0.0
13392,-0.0
13393,-0.0
13394,-0.0
13395,-0.0
13396,-0.0
13397,-0.0
13398,-0.0
13399,-0.0
13400,-0.0
13401,-0.0
13402,-0.0
13403,-0.0
13404,-0.0
13405,-0.0
13406,-0.0
13407,-0.0
13408,-0.0
13409,-0.0
13410,-0.0
13411,-0.0
13412,-0.0
13413,-0.0
13414,-0.0
13415,-0.0
13416,-0.0
13417,-0.0
13418,-0.0
13419,-0.0
13420,-0.0
13421,-0.0
13422,-0.0
13423,-0.0
13424,-0.0
13425,-0.0
13426,-0.0
13427,-0.0
13428,-0.0
13429,-0.0
13430,-0.0
13431,-0.0
13432,-0.0
13433,-0.0
13434,-0.0
13435,-0.0
13436,-0.0
13437,-0.0
13438,-0.0
13439,-0.0
13440,-0.0
13441,-0.0
13442,-0.0
13443,-0.0
13444,-0.0
13445,-0.0
13446,-0.0
13447,-0.0
13448,193.36000000005637
13449,300.0
13450,290.0
13451,305.0
13452,305.0
13453,310.0
13454,300.0
13455,305.0
13456,325.0
13457,355.0
13458,390.0
13459,390.0
13460,285.85
13461,270.85
13462,305.85
13463,310.85
13464,201.45000000000002
13465,201.45000000000002
13466,186.45000000000002
13467,211.45000000000002
13468,-0.0
13469,-0.0
13470,-0.0
13471,-0.0
13472,-0.0
13473,-0.0
13474,-0.0
13475,-0.0
13476,-0.0
13477,-0.0
13478,-0.0
13479,-0.0
13480,-0.0
13481,-0.0
13482,-0.0
13483,-0.0
13484,-0.0
13485,-0.0
13486,-0.0
13487,-0.0
13488,-0.0
13489,-0.0
13490,-0.0
13491,-0.0
13492,-0.0
13493,-0.0
13494,-0.0
13495,-0.0
13496,-0.0
13497,-0.0
13498,-0.0
13499,-0.0
13500,-0.0
13501,-0.0
13502,-0.0
13503,-0.0
13504,-0.0
13505,-0.0
13506,-0.0
13507,-0.0
13508,-0.0
13509,-0.0
13510,-0.0
13511,-0.0
13512,-0.0
13513,-0.0
13514,-0.0
13515,-0.0
13516,-0.0
13517,-0.0
13518,-0.0
13519,-0.0
13520,-0.0
13521,-0.0
13522,-0.0
13523,-0.0
13524,-0.0
13525,-0.0
13526,-0.0
13527,-0.0
13528,-0.0
13529,-0.0
13530,-0.0
13531,-0.0
13532,-0.0
13533,-0.0
13534,-0.0
13535,-0.0
13536,-0.0
13537,-0.0
13538,-0.0
13539,-0.0
13540,-0.0
13541,-0.0
13542,-0.0
13543,-0.0
13544,-0.0
13545,-0.0
13546,-0.0
13547,-0.0
13548,-0.0
13549,251.6600000000693
13550,300.0
13551,310.0
13552,323.9
13553,338.9
13554,378.9
13555,383.9
13556,248.475
13557,248.475
13558,258.475
13559,258.475
13560,45.30000000000001
13561,15.300000000000011
13562,5.300000000000011
13563,5.300000000000011
13564,255.875
13565,235.875
13566,220.875
13567,225.875
13568,190.8
13569,205.8
13570,210.8
13571,230.8
13572,107.25
13573,92.25
13574,92.25
13575,82.25
13576,187.3
13577,167.3
13578,187.3
13579,197.3
13580,-0.0
13581,-0.0
13582,-0.0
13583,-0.0
13584,-0.0
13585,-0.0
13586,-0.0
13587,-0.0
13588,-0.0
13589,-0.0
13590,-0.0
13591,-0.0
13592,-0.0
13593,-0.0
13594,-0.0
13595,-0.0
13596,-0.0
13597,-0.0
13598,-0.0
13599,-0.0
13600,-0.0
13601,4.648315600020652
13602,243.95
13603,248.95
13604,237.65
13605,257.65
13606,252.65
13607,257.65
13608,325.5
13609,310.5
13610,315.5
13611,310.5
13612,340.0
13613,340.0
13614,330.0
13615,340.0
13616,320.0
13617,330.0
13618,335.0
13619,330.0
13620,325.0
13621,310.0
13622,310.0
13623,305.0
13624,310.0
13625,310.0
13626,310.0
13627,300.0
13628,305.0
13629,295.0
13630,310.0
13631,305.0
13632,310.0
13633,315.0
13634,300.0
13635,300.0
13636,305.0
13637,300.0
13638,300.0
13639,300.0
13640,305.0
13641,295.0
13642,310.0
13643,290.0
13644,300.0
13645,305.0
13646,295.0
13647,320.0
13648,310.0
13649,340.0
13650,360.0
13651,360.0
13652,230.625
13653,230.625
13654,235.625
13655,230.625
13656,-0.0
13657,-0.0
13658,-0.0
13659,-0.0
13660,-0.0
13661,-0.0
13662,-0.0
13663,-0.0
13664,-0.0
13665,-0.0
13666,-0.0
13667,-0.0
13668,-0.0
13669,-0.0
13670,-0.0
13671,-0.0
13672,-0.0
13673,-0.0
13674,-0.0
13675,-0.0
13676,-0.0
13677,-0.0
13678,-0.0
13679,-0.0
13680,-0.0
13681,-0.0
13682,-0.0
13683,-0.0
13684,-0.0
13685,-0.0
13686,-0.0
13687,-0.0
13688,-0.0
13689,-0.0
13690,-0.0
13691,-0.0
13692,-0.0
13693,-0.0
13694,-0.0
13695,-0.0
13696,-0.0
13697,-0.0
13698,-0.0
13699,-0.0
13700,-0.0
13701,-0.0
13702,-0.0
13703,-0.0
13704,-0.0
13705,-0.0
13706,-0.0
13707,-0.0
13708,-0.0
13709,-0.0
13710,-0.0
13711,-0.0
13712,-0.0
13713,-0.0
13714,-0.0
13715,-0.0
13716,-0.0
13717,-0.0
13718,-0.0
13719,-0.0
13720,-0.0
13721,-0.0
13722,-0.0
13723,-0.0
13724,-0.0
13725,-0.0
13726,-0.0
13727,-0.0
13728,-0.0
13729,-0.0
13730,-0.0
13731,-0.0
13732,-0.0
13733,-0.0
13734,-0.0
13735,-0.0
13736,-0.0
13737,-0.0
13738,-0.0
13739,-0.0
13740,-0.0
13741,-0.0
13742,284.1600000000493
13743,310.0
13744,320.0
13745,340.0
13746,375.0
13747,365.0
13748,222.0
13749,237.0
13750,222.0
13751,247.0
13752,-0.0
13753,-0.0
13754,-0.0
13755,-0.0
13756,-0.0
13757,-0.0
13758,-0.0
13759,-0.0
13760,-0.0
13761,-0.0
13762,-0.0
13763,-0.0
13764,-0.0
13765,-0.0
13766,-0.0
13767,-0.0
13768,-0.0
13769,-0.0
13770,-0.0
13771,-0.0
13772,-0.0
13773,-0.0
13774,-0.0
13775,-0.0
13776,-0.0
13777,-0.0
13778,-0.0
13779,-0.0
13780,-0.0
13781,-0.0
13782,-0.0
13783,-0.0
13784,-0.0
13785,-0.0
13786,-0.0
13787,-0.0
13788,-0.0
13789,-0.0
13790,-0.0
13791,-0.0
13792,-0.0
13793,-0.0
13794,-0.0
13795,134.16659920000444
13796,122.375
13797,132.375
13798,122.375
13799,132.375
13800,269.325
13801,269.325
13802,269.325
13803,269.325
13804,345.0
13805,330.0
13806,340.0
13807,335.0
13808,340.0
13809,320.0
13810,325.0
13811,330.0
13812,325.0
13813,320.0
13814,325.0
13815,310.0
13816,315.0
13817,310.0
13818,315.0
13819,310.0
13820,335.0
13821,305.0
13822,315.0
13823,310.0
13824,305.0
13825,320.0
13826,315.0
13827,310.0
13828,315.0
13829,300.0
13830,310.0
13831,300.0
13832,320.0
13833,305.0
13834,315.0
13835,305.0
13836,305.0
13837,320.0
13838,325.0
13839,320.0
13840,311.775
13841,331.775
13842,381.775
13843,386.775
13844,284.3
13845,269.3
13846,279.3
13847,309.3
13848,301.225
13849,331.225
13850,316.225
13851,316.225
13852,293.75
13853,273.75
13854,288.75
13855,318.75
13856,-0.0
13857,-0.0
13858,-0.0
13859,-0.0
13860,-0.0
13861,-0.0
13862,-0.0
13863,-0.0
13864,-0.0
13865,-0.0
13866,-0.0
13867,-0.0
13868,-0.0
13869,-0.0
13870,-0.0
13871,-0.0
13872,-0.0
13873,-0.0
13874,-0.0
13875,-0.0
13876,-0.0
13877,-0.0
13878,-0.0
13879,-0.0
13880,-0.0
13881,-0.0
13882,-0.0
13883,-0.0
13884,-0.0
13885,-0.0
13886,-0.0
13887,-0.0
13888,-0.0
13889,-0.0
13890,-0.0
13891,-0.0
13892,-0.0
13893,-0.0
13894,-0.0
13895,-0.0
13896,-0.0
13897,-0.0
13898,-0.0
13899,-0.0
13900,-0.0
13901,-0.0
13902,-0.0
13903,-0.0
13904,-0.0
13905,-0.0
13906,-0.0
13907,-0.0
13908,-0.0
13909,-0.0
13910,147.18802640004114
13911,305.0
13912,325.0
13913,315.0
13914,310.0
13915,320.0
13916,320.0
13917,305.0
13918,315.0
13919,310.0
13920,305.0
13921,315.0
13922,310.0
13923,320.0
13924,315.0
13925,305.0
13926,305.0
13927,305.0
13928,305.0
13929,305.0
13930,300.0
13931,305.0
13932,305.0
13933,305.0
13934,315.0
13935,315.0
13936,335.0
13937,360.0
13938,405.0
13939,400.0
13940,359.425
13941,369.425
13942,379.425
13943,389.425
13944,168.425
13945,168.425
13946,163.425
13947,138.425
13948,153.59999999999997
13949,138.59999999999997
13950,148.59999999999997
13951,163.59999999999997
13952,-0.0
13953,-0.0
13954,-0.0
13955,-0.0
13956,-0.0
13957,-0.0
13958,-0.0
13959,-0.0
13960,-0.0
13961,-0.0
13962,-0.0
13963,36.87957359999416
13964,205.85000000000002
13965,200.85000000000002
13966,210.85000000000002
13967,245.85000000000002
13968,270.825
13969,240.825
13970,205.825
13971,220.825
13972,-0.0
13973,-0.0
13974,-0.0
13975,-0.0
13976,-0.0
13977,-0.0
13978,-0.0
13979,-0.0
13980,-0.0
13981,-0.0
13982,-0.0
13983,-0.0
13984,-0.0
13985,-0.0
13986,-0.0
13987,-0.0
13988,-0.0
13989,-0.0
13990,-0.0
13991,-0.0
13992,59.83611160001129
13993,320.4
13994,305.4
13995,310.4
13996,365.0
13997,375.0
13998,360.0
13999,350.0
14000,350.0
14001,340.0
14002,360.0
14003,340.0
14004,340.0
14005,330.0
14006,315.0
14007,320.0
14008,315.0
14009,315.0
14010,310.0
14011,315.0
14012,320.0
14013,305.0
14014,330.0
14015,305.0
14016,315.0
14017,315.0
14018,320.0
14019,300.0
14020,315.0
14021,305.0
14022,315.0
14023,305.0
14024,310.0
14025,310.0
14026,310.0
14027,310.0
14028,305.0
14029,325.0
14030,325.0
14031,315.0
14032,342.75
14033,352.75
14034,407.75
14035,407.75
14036,341.775
14037,351.775
14038,351.775
14039,381.775
14040,380.625
14041,385.625
14042,380.625
14043,375.625
14044,316.7
14045,321.7
14046,331.7
14047,336.7
14048,166.72500000000002
14049,146.72500000000002
14050,131.72500000000002
14051,151.72500000000002
14052,173.15000000000003
14053,193.15000000000003
14054,193.15000000000003
14055,148.15000000000003
14056,220.02500000000003
14057,205.02500000000003
14058,215.02500000000003
14059,215.02500000000003
14060,284.825
14061,279.825
14062,284.825
14063,254.825
14064,254.82500000000002
14065,269.82500000000005
14066,244.82500000000002
14067,249.82500000000002
14068,148.59999999999997
14069,173.59999999999997
14070,163.59999999999997
14071,153.59999999999997
14072,-0.0
14073,-0.0
14074,-0.0
14075,-0.0
14076,32.59076999999894
14077,-0.0
14078,174.49999999999997
14079,179.49999999999997
14080,149.7
14081,159.7
14082,159.7
14083,149.7
14084,318.825
14085,328.825
14086,313.825
14087,343.825
14088,344.725
14089,339.725
14090,324.725
14091,329.725
14092,375.0
14093,355.0
14094,360.0
14095,360.0
14096,345.0
14097,350.0
14098,335.0
14099,345.0
14100,330.0
14101,325.0
14102,325.0
14103,320.0
14104,310.0
14105,305.0
14106,320.0
14107,305.0
14108,320.0
14109,310.0
14110,320.0
14111,325.0
14112,310.0
14113,300.0
14114,305.0
14115,305.0
14116,310.0
14117,305.0
14118,310.0
14119,305.0
14120,305.0
14121,300.0
14122,305.0
14123,305.0
14124,300.0
14125,305.0
14126,300.0
14127,310.0
14128,302.3
14129,332.3
14130,372.3
14131,367.3
14132,306.35
14133,326.35
14134,311.35
14135,331.35
14136,-0.0
14137,-0.0
14138,-0.0
14139,-0.0
14140,-0.0
14141,-0.0
14142,-0.0
14143,-0.0
14144,-0.0
14145,-0.0
14146,-0.0
14147,-0.0
14148,-0.0
14149,-0.0
14150,-0.0
14151,-0.0
14152,-0.0
14153,-0.0
14154,-0.0
14155,-0.0
14156,-0.0
14157,-0.0
14158,-0.0
14159,-0.0
14160,-0.0
14161,-0.0
14162,-0.0
14163,-0.0
14164,-0.0
14165,-0.0
14166,-0.0
14167,-0.0
14168,-0.0
14169,-0.0
14170,-0.0
14171,-0.0
14172,-0.0
14173,-0.0
14174,-0.0
14175,-0.0
14176,-0.0
14177,-0.0
14178,-0.0
14179,-0.0
14180,-0.0
14181,-0.0
14182,-0.0
14183,-0.0
14184,-0.0
14185,-0.0
14186,-0.0
14187,-0.0
14188,-0.0
14189,-0.0
14190,-0.0
14191,-0.0
14192,-0.0
14193,-0.0
14194,-0.0
14195,-0.0
14196,-0.0
14197,-0.0
14198,-0.0
14199,-0.0
14200,-0.0
14201,-0.0
14202,-0.0
14203,-0.0
14204,-0.0
14205,-0.0
14206,-0.0
14207,-0.0
14208,-0.0
14209,-0.0
14210,-0.0
14211,-0.0
14212,-0.0
14213,-0.0
14214,-0.0
14215,-0.0
14216,-0.0
14217,-0.0
14218,-0.0
14219,-0.0
14220,-0.0
14221,-0.0
14222,297.3600000000596
14223,320.0
14224,288.925
14225,313.925
14226,363.925
14227,338.925
14228,297.85
14229,302.85
14230,312.85
14231,292.85
14232,-0.0
14233,-0.0
14234,-0.0
14235,-0.0
14236,-0.0
14237,-0.0
14238,-0.0
14239,-0.0
14240,-0.0
14241,-0.0
14242,-0.0
14243,-0.0
14244,-0.0
14245,-0.0
14246,-0.0
14247,-0.0
14248,-0.0
14249,-0.0
14250,-0.0
14251,-0.0
14252,-0.0
14253,-0.0
14254,-0.0
14255,-0.0
14256,-0.0
14257,-0.0
14258,-0.0
14259,-0.0
14260,-0.0
14261,-0.0
14262,-0.0
14263,-0.0
14264,-0.0
14265,-0.0
14266,-0.0
14267,-0.0
14268,-0.0
14269,-0.0
14270,-0.0
14271,-0.0
14272,-0.0
14273,-0.0
14274,-0.0
14275,-0.0
14276,-0.0
14277,-0.0
14278,-0.0
14279,-0.0
14280,-0.0
14281,-0.0
14282,-0.0
14283,-0.0
14284,-0.0
14285,-0.0
14286,-0.0
14287,-0.0
14288,-0.0
14289,-0.0
14290,-0.0
14291,-0.0
14292,-0.0
14293,-0.0
14294,-0.0
14295,-0.0
14296,-0.0
14297,-0.0
14298,-0.0
14299,-0.0
14300,-0.0
14301,-0.0
14302,-0.0
14303,-0.0
14304,-0.0
14305,-0.0
14306,-0.0
14307,-0.0
14308,-0.0
14309,-0.0
14310,-0.0
14311,-0.0
14312,-0.0
14313,-0.0
14314,-0.0
14315,-0.0
14316,-0.0
14317,-0.0
14318,185.360000000051
14319,305.0
14320,279.125
14321,309.125
14322,344.125
14323,339.125
14324,274.975
14325,289.975
14326,304.975
14327,309.975
14328,-0.0
14329,-0.0
14330,-0.0
14331,-0.0
14332,-0.0
14333,-0.0
14334,-0.0
14335,-0.0
14336,-0.0
14337,-0.0
14338,-0.0
14339,-0.0
14340,-0.0
14341,-0.0
14342,-0.0
14343,-0.0
14344,-0.0
14345,-0.0
14346,-0.0
14347,-0.0
14348,-0.0
14349,-0.0
14350,-0.0
14351,-0.0
14352,-0.0
14353,-0.0
14354,-0.0
14355,-0.0
14356,-0.0
14357,-0.0
14358,-0.0
14359,-0.0
14360,-0.0
14361,-0.0
14362,-0.0
14363,-0.0
14364,-0.0
14365,-0.0
14366,-0.0
14367,-0.0
14368,-0.0
14369,-0.0
14370,-0.0
14371,-0.0
14372,-0.0
14373,-0.0
14374,-0.0
14375,-0.0
14376,-0.0
14377,-0.0
14378,-0.0
14379,-0.0
14380,-0.0
14381,-0.0
14382,-0.0
14383,-0.0
14384,-0.0
14385,-0.0
14386,-0.0
14387,-0.0
14388,-0.0
14389,-0.0
14390,-0.0
14391,-0.0
14392,-0.0
14393,-0.0
14394,-0.0
14395,-0.0
14396,-0.0
14397,-0.0
14398,-0.0
14399,-0.0
14400,-0.0
14401,-0.0
14402,-0.0
14403,-0.0
14404,-0.0
14405,-0.0
14406,-0.0
14407,-0.0
14408,-0.0
14409,-0.0
14410,-0.0
14411,-0.0
14412,-0.0
14413,66.36000000006098
14414,310.0
14415,305.0
14416,298.2
14417,328.2
14418,388.2
14419,368.2
14420,327.375
14421,332.375
14422,327.375
14423,322.375
14424,-0.0
14425,-0.0
14426,-0.0
14427,-0.0
14428,-0.0
14429,-0.0
14430,-0.0
14431,-0.0
14432,-0.0
14433,-0.0
14434,-0.0
14435,-0.0
14436,-0.0
14437,-0.0
14438,-0.0
14439,-0.0
14440,-0.0
14441,-0.0
14442,-0.0
14443,-0.0
14444,-0.0
14445,-0.0
14446,-0.0
14447,-0.0
14448,-0.0
14449,-0.0
14450,-0.0
14451,-0.0
14452,-0.0
14453,-0.0
14454,-0.0
14455,-0.0
14456,-0.0
14457,-0.0
14458,-0.0
14459,-0.0
14460,-0.0
14461,-0.0
14462,-0.0
14463,-0.0
14464,-0.0
14465,-0.0
14466,-0.0
14467,-0.0
14468,-0.0
14469,-0.0
14470,-0.0
14471,-0.0
14472,-0.0
14473,-0.0
14474,-0.0
14475,-0.0
14476,-0.0
14477,-0.0
14478,-0.0
14479,-0.0
14480,-0.0
14481,-0.0
14482,-0.0
14483,-0.0
14484,-0.0
14485,-0.0
14486,-0.0
14487,-0.0
14488,-0.0
14489,-0.0
14490,-0.0
14491,-0.0
14492,-0.0
14493,-0.0
14494,-0.0
14495,-0.0
14496,-0.0
14497,-0.0
14498,-0.0
14499,-0.0
14500,-0.0
14501,-0.0
14502,-0.0
14503,-0.0
14504,-0.0
14505,-0.0
14506,-0.0
14507,-0.0
14508,43.56000000007373
14509,310.0
14510,300.0
14511,315.0
14512,291.325
14513,341.325
14514,351.325
14515,356.325
14516,322.7
14517,312.7
14518,322.7
14519,342.7
14520,-0.0
14521,-0.0
14522,-0.0
14523,-0.0
14524,-0.0
14525,-0.0
14526,-0.0
14527,-0.0
14528,-0.0
14529,-0.0
14530,-0.0
14531,-0.0
14532,-0.0
14533,-0.0
14534,-0.0
14535,-0.0
14536,-0.0
14537,-0.0
14538,-0.0
14539,-0.0
14540,-0.0
14541,-0.0
14542,-0.0
14543,-0.0
14544,-0.0
14545,-0.0
14546,-0.0
14547,-0.0
14548,-0.0
14549,-0.0
14550,-0.0
14551,-0.0
14552,-0.0
14553,-0.0
14554,-0.0
14555,-0.0
14556,-0.0
14557,-0.0
14558,-0.0
14559,-0.0
14560,-0.0
14561,-0.0
14562,-0.0
14563,-0.0
14564,-0.0
14565,-0.0
14566,-0.0
14567,-0.0
14568,-0.0
14569,-0.0
14570,-0.0
14571,-0.0
14572,-0.0
14573,-0.0
14574,-0.0
14575,-0.0
14576,-0.0
14577,-0.0
14578,-0.0
14579,-0.0
14580,-0.0
14581,-0.0
14582,-0.0
14583,-0.0
14584,-0.0
14585,-0.0
14586,-0.0
14587,-0.0
14588,-0.0
14589,-0.0
14590,-0.0
14591,-0.0
14592,-0.0
14593,-0.0
14594,-0.0
14595,-0.0
14596,-0.0
14597,-0.0
14598,-0.0
14599,-0.0
14600,-0.0
14601,-0.0
14602,-0.0
14603,12.460000000060461
14604,300.0
14605,300.0
14606,310.0
14607,305.0
14608,291.275
14609,321.275
14610,361.275
14611,351.275
14612,279.05
14613,319.05
14614,334.05
14615,334.05
14616,-0.0
14617,-0.0
14618,-0.0
14619,-0.0
14620,-0.0
14621,-0.0
14622,-0.0
14623,-0.0
14624,-0.0
14625,-0.0
14626,-0.0
14627,-0.0
14628,-0.0
14629,-0.0
14630,-0.0
14631,-0.0
14632,-0.0
14633,-0.0
14634,-0.0
14635,-0.0
14636,-0.0
14637,-0.0
14638,-0.0
14639,-0.0
14640,-0.0
14641,-0.0
14642,-0.0
14643,-0.0
14644,-0.0
14645,-0.0
14646,-0.0
14647,-0.0
14648,-0.0
14649,-0.0
14650,-0.0
14651,-0.0
14652,-0.0
14653,-0.0
14654,-0.0
14655,-0.0
14656,-0.0
14657,-0.0
14658,-0.0
14659,-0.0
14660,-0.0
14661,-0.0
14662,-0.0
14663,-0.0
14664,-0.0
14665,-0.0
14666,-0.0
14667,-0.0
14668,-0.0
14669,-0.0
14670,-0.0
14671,-0.0
14672,-0.0
14673,-0.0
14674,-0.0
14675,-0.0
14676,-0.0
14677,-0.0
14678,-0.0
14679,-0.0
14680,-0.0
14681,-0.0
14682,-0.0
14683,-0.0
14684,-0.0
14685,-0.0
14686,-0.0
14687,-0.0
14688,-0.0
14689,-0.0
14690,-0.0
14691,-0.0
14692,-0.0
14693,-0.0
14694,-0.0
14695,-0.0
14696,-0.0
14697,-0.0
14698,275.06000000006424
14699,320.0
14700,320.0
14701,315.0
14702,325.0
14703,315.0
14704,327.075
14705,327.075
14706,382.075
14707,357.075
14708,238.55
14709,248.55
14710,258.55
14711,253.55
14712,14.950000000000045
14713,24.950000000000045
14714,34.950000000000045
14715,19.950000000000045
14716,139.075
14717,139.075
14718,144.075
14719,149.075
14720,-0.0
14721,-0.0
14722,-0.0
14723,-0.0
14724,-0.0
14725,-0.0
14726,180.12255200000385
14727,311.3
14728,212.42499999999998
14729,217.42499999999998
14730,237.42499999999998
14731,237.42499999999998
14732,142.75
14733,142.75
14734,132.75
14735,142.75
14736,-0.0
14737,-0.0
14738,-0.0
14739,-0.0
14740,-0.0
14741,-0.0
14742,-0.0
14743,-0.0
14744,-0.0
14745,-0.0
14746,-0.0
14747,-0.0
14748,-0.0
14749,-0.0
14750,-0.0
14751,-0.0
14752,-0.0
14753,-0.0
14754,-0.0
14755,-0.0
14756,-0.0
14757,-0.0
14758,-0.0
14759,-0.0
14760,-0.0
14761,-0.0
14762,-0.0
14763,31.08681920000521
14764,-0.0
14765,385.0
14766,375.0
14767,370.0
14768,365.0
14769,360.0
14770,355.0
14771,360.0
14772,370.0
14773,350.0
14774,345.0
14775,340.0
14776,325.0
14777,340.0
14778,330.0
14779,335.0
14780,340.0
14781,325.0
14782,325.0
14783,325.0
14784,315.0
14785,320.0
14786,325.0
14787,320.0
14788,315.0
14789,320.0
14790,325.0
14791,315.0
14792,320.0
14793,325.0
14794,325.0
14795,320.0
14796,325.0
14797,325.0
14798,315.0
14799,340.0
14800,322.75
14801,337.75
14802,387.75
14803,377.75
14804,315.675
14805,320.675
14806,340.675
14807,335.675
14808,166.15000000000003
14809,161.15000000000003
14810,161.15000000000003
14811,181.15000000000003
14812,-0.0
14813,-0.0
14814,-0.0
14815,-0.0
14816,-0.0
14817,-0.0
14818,-0.0
14819,-0.0
14820,-0.0
14821,-0.0
14822,-0.0
14823,-0.0
14824,-0.0
14825,-0.0
14826,-0.0
14827,-0.0
14828,-0.0
14829,-0.0
14830,-0.0
14831,-0.0
14832,-0.0
14833,-0.0
14834,-0.0
14835,-0.0
14836,-0.0
14837,-0.0
14838,-0.0
14839,-0.0
14840,-0.0
14841,-0.0
14842,-0.0
14843,-0.0
14844,-0.0
14845,-0.0
14846,-0.0
14847,-0.0
14848,-0.0
14849,-0.0
14850,-0.0
14851,-0.0
14852,-0.0
14853,-0.0
14854,-0.0
14855,-0.0
14856,-0.0
14857,-0.0
14858,-0.0
14859,-0.0
14860,-0.0
14861,-0.0
14862,-0.0
14863,-0.0
14864,-0.0
14865,-0.0
14866,-0.0
14867,-0.0
14868,-0.0
14869,-0.0
14870,-0.0
14871,-0.0
14872,-0.0
14873,-0.0
14874,-0.0
14875,-0.0
14876,-0.0
14877,-0.0
14878,-0.0
14879,-0.0
14880,-0.0
14881,-0.0
14882,-0.0
14883,-0.0
14884,-0.0
14885,-0.0
14886,-0.0
14887,3.6600000000623822
14888,325.0
14889,330.0
14890,325.0
14891,335.0
14892,350.0
14893,345.0
14894,345.0
14895,335.0
14896,316.65
14897,341.65
14898,376.65
14899,371.65
14900,287.20000000000005
14901,282.20000000000005
14902,277.20000000000005
14903,292.20000000000005
14904,183.525
14905,183.525
14906,178.525
14907,143.525
14908,114.94999999999999
14909,94.94999999999999
14910,109.94999999999999
14911,114.94999999999999
14912,16.700000000000045
14913,26.700000000000045
14914,11.700000000000045
14915,21.700000000000045
14916,63.375
14917,28.375
14918,33.375
14919,33.375
14920,54.30000000000001
14921,89.30000000000001
14922,59.30000000000001
14923,99.30000000000001
14924,-0.0
14925,-0.0
14926,-0.0
14927,-0.0
14928,-0.0
14929,-0.0
14930,-0.0
14931,-0.0
14932,-0.0
14933,-0.0
14934,-0.0
14935,-0.0
14936,-0.0
14937,-0.0
14938,-0.0
14939,-0.0
14940,-0.0
14941,-0.0
14942,-0.0
14943,-0.0
14944,-0.0
14945,-0.0
14946,131.19928919998182
14947,231.1
14948,323.5
14949,313.5
14950,323.5
14951,323.5
14952,360.325
14953,380.325
14954,360.325
14955,365.325
14956,370.0
14957,360.0
14958,360.0
14959,350.0
14960,355.0
14961,355.0
14962,340.0
14963,350.0
14964,340.0
14965,325.0
14966,330.0
14967,325.0
14968,335.0
14969,315.0
14970,330.0
14971,325.0
14972,315.0
14973,325.0
14974,320.0
14975,325.0
14976,315.0
14977,325.0
14978,320.0
14979,315.0
14980,325.0
14981,315.0
14982,320.0
14983,320.0
14984,320.0
14985,325.0
14986,310.0
14987,315.0
14988,310.0
14989,320.0
14990,320.0
14991,315.0
14992,341.15
14993,341.15
14994,381.15
14995,361.15
14996,341.225
14997,341.225
14998,351.225
14999,361.225
15000,329.95
15001,329.95
15002,309.95
15003,324.95
15004,240.85
15005,235.85
15006,235.85
15007,245.85
15008,227.29999999999998
15009,222.29999999999998
15010,232.29999999999998
15011,212.29999999999998
15012,201.64999999999998
15013,191.64999999999998
15014,191.64999999999998
15015,191.64999999999998
15016,175.725
15017,185.725
15018,170.725
15019,190.725
15020,106.05000000000001
15021,111.05000000000001
15022,106.05000000000001
15023,96.05000000000001
15024,140.3
15025,115.30000000000001
15026,120.30000000000001
15027,110.30000000000001
15028,158.99999999999997
15029,158.99999999999997
15030,148.99999999999997
15031,163.99999999999997
15032,199.15
15033,199.15
15034,199.15
15035,199.15
15036,97.69999999999999
15037,67.69999999999999
15038,82.69999999999999
15039,72.69999999999999
15040,96.17500000000001
15041,91.17500000000001
15042,101.17500000000001
15043,101.17500000000001
15044,256.9
15045,271.9
15046,266.9
15047,266.9
15048,338.15
15049,333.15
15050,333.15
15051,318.15
15052,350.0
15053,340.0
15054,345.0
15055,345.0
15056,330.0
15057,340.0
15058,325.0
15059,340.0
15060,325.0
15061,315.0
15062,320.0
15063,305.0
15064,320.0
15065,310.0
15066,315.0
15067,315.0
15068,315.0
15069,315.0
15070,315.0
15071,325.0
15072,310.0
15073,325.0
15074,315.0
15075,315.0
15076,325.0
15077,315.0
15078,320.0
15079,310.0
15080,320.0
15081,315.0
15082,320.0
15083,320.0
15084,305.0
15085,315.0
15086,310.0
15087,330.0
15088,300.8
15089,330.8
15090,385.8
15091,365.8
15092,258.2
15093,248.2
15094,268.2
15095,293.2
15096,114.47500000000002
15097,159.47500000000002
15098,129.47500000000002
15099,144.47500000000002
15100,56.75
15101,56.75
15102,66.75
15103,56.75
15104,-0.0
15105,-0.0
15106,-0.0
15107,-0.0
15108,-0.0
15109,-0.0
15110,-0.0
15111,-0.0
15112,-0.0
15113,-0.0
15114,-0.0
15115,-0.0
15116,-0.0
15117,-0.0
15118,-0.0
15119,-0.0
15120,-0.0
15121,-0.0
15122,-0.0
15123,-0.0
15124,-0.0
15125,-0.0
15126,-0.0
15127,-0.0
15128,-0.0
15129,-0.0
15130,-0.0
15131,-0.0
15132,-0.0
15133,-0.0
15134,-0.0
15135,-0.0
15136,-0.0
15137,-0.0
15138,-0.0
15139,-0.0
15140,-0.0
15141,-0.0
15142,-0.0
15143,-0.0
15144,-0.0
15145,-0.0
15146,-0.0
15147,-0.0
15148,336.0850100000112
15149,360.0
15150,365.0
15151,365.0
15152,365.0
15153,355.0
15154,340.0
15155,350.0
15156,335.0
15157,335.0
15158,340.0
15159,315.0
15160,325.0
15161,310.0
15162,320.0
15163,315.0
15164,315.0
15165,315.0
15166,310.0
15167,320.0
15168,310.0
15169,310.0
15170,315.0
15171,310.0
15172,315.0
15173,300.0
15174,315.0
15175,305.0
15176,310.0
15177,310.0
15178,305.0
15179,315.0
15180,305.0
15181,320.0
15182,305.0
15183,320.0
15184,305.775
15185,325.775
15186,375.775
15187,350.775
15188,250.70000000000002
15189,270.70000000000005
15190,285.70000000000005
15191,305.70000000000005
15192,202.4
15193,232.4
15194,227.4
15195,212.4
15196,-0.0
15197,-0.0
15198,-0.0
15199,-0.0
15200,-0.0
15201,-0.0
15202,-0.0
15203,-0.0
15204,-0.0
15205,-0.0
15206,-0.0
15207,-0.0
15208,-0.0
15209,-0.0
15210,-0.0
15211,-0.0
15212,-0.0
15213,-0.0
15214,-0.0
15215,-0.0
15216,-0.0
15217,-0.0
15218,-0.0
15219,-0.0
15220,-0.0
15221,-0.0
15222,-0.0
15223,-0.0
15224,-0.0
15225,-0.0
15226,-0.0
15227,-0.0
15228,-0.0
15229,-0.0
15230,-0.0
15231,-0.0
15232,-0.0
15233,-0.0
15234,-0.0
15235,-0.0
15236,-0.0
15237,-0.0
15238,-0.0
15239,-0.0
15240,-0.0
15241,-0.0
15242,-0.0
15243,-0.0
15244,-0.0
15245,-0.0
15246,-0.0
15247,-0.0
15248,-0.0
15249,-0.0
15250,-0.0
15251,-0.0
15252,-0.0
15253,-0.0
15254,-0.0
15255,-0.0
15256,-0.0
15257,-0.0
15258,-0.0
15259,-0.0
15260,-0.0
15261,-0.0
15262,-0.0
15263,-0.0
15264,-0.0
15265,-0.0
15266,-0.0
15267,-0.0
15268,-0.0
15269,-0.0
15270,-0.0
15271,-0.0
15272,-0.0
15273,-0.0
15274,-0.0
15275,165.17369380003322
15276,305.0
15277,320.0
15278,320.0
15279,330.0
15280,326.125
15281,306.125
15282,386.125
15283,366.125
15284,272.45
15285,282.45
15286,292.45
15287,307.45
15288,61.125
15289,46.125
15290,31.125
15291,36.125
15292,-0.0
15293,-0.0
15294,-0.0
15295,-0.0
15296,-0.0
15297,-0.0
15298,-0.0
15299,-0.0
15300,-0.0
15301,-0.0
15302,-0.0
15303,-0.0
15304,-0.0
15305,-0.0
15306,-0.0
15307,-0.0
15308,-0.0
15309,-0.0
15310,-0.0
15311,-0.0
15312,-0.0
15313,-0.0
15314,-0.0
15315,-0.0
15316,-0.0
15317,-0.0
15318,-0.0
15319,-0.0
15320,-0.0
15321,-0.0
15322,-0.0
15323,-0.0
15324,-0.0
15325,-0.0
15326,-0.0
15327,-0.0
15328,-0.0
15329,-0.0
15330,-0.0
15331,-0.0
15332,-0.0
15333,-0.0
15334,-0.0
15335,-0.0
15336,-0.0
15337,-0.0
15338,-0.0
15339,-0.0
15340,-0.0
15341,-0.0
15342,-0.0
15343,-0.0
15344,-0.0
15345,-0.0
15346,-0.0
15347,-0.0
15348,-0.0
15349,-0.0
15350,-0.0
15351,-0.0
15352,-0.0
15353,-0.0
15354,-0.0
15355,-0.0
15356,-0.0
15357,-0.0
15358,-0.0
15359,-0.0
15360,-0.0
15361,-0.0
15362,-0.0
15363,-0.0
15364,-0.0
15365,-0.0
15366,-0.0
15367,-0.0
15368,-0.0
15369,-0.0
15370,173.26000000004035
15371,315.0
15372,325.0
15373,325.0
15374,325.0
15375,345.0
15376,310.675
15377,340.675
15378,370.675
15379,380.675
15380,281.275
15381,281.275
15382,311.275
15383,291.275
15384,42.924999999999955
15385,32.924999999999955
15386,27.924999999999955
15387,42.924999999999955
15388,-0.0
15389,-0.0
15390,-0.0
15391,-0.0
15392,-0.0
15393,-0.0
15394,-0.0
15395,-0.0
15396,-0.0
15397,-0.0
15398,-0.0
15399,-0.0
15400,-0.0
15401,-0.0
15402,-0.0
15403,-0.0
15404,-0.0
15405,-0.0
15406,-0.0
15407,-0.0
15408,-0.0
15409,-0.0
15410,-0.0
15411,-0.0
15412,-0.0
15413,-0.0
15414,-0.0
15415,-0.0
15416,-0.0
15417,-0.0
15418,-0.0
15419,-0.0
15420,-0.0
15421,-0.0
15422,-0.0
15423,-0.0
15424,-0.0
15425,-0.0
15426,-0.0
15427,-0.0
15428,-0.0
15429,-0.0
15430,-0.0
15431,-0.0
15432,-0.0
15433,-0.0
15434,-0.0
15435,-0.0
15436,-0.0
15437,-0.0
15438,-0.0
15439,-0.0
15440,-0.0
15441,-0.0
15442,-0.0
15443,-0.0
15444,-0.0
15445,-0.0
15446,-0.0
15447,-0.0
15448,-0.0
15449,-0.0
15450,-0.0
15451,-0.0
15452,-0.0
15453,-0.0
15454,-0.0
15455,-0.0
15456,-0.0
15457,-0.0
15458,-0.0
15459,-0.0
15460,-0.0
15461,-0.0
15462,-0.0
15463,-0.0
15464,-0.0
15465,227.5600000000506
15466,320.0
15467,315.0
15468,335.0
15469,325.0
15470,315.0
15471,325.0
15472,311.425
15473,341.425
15474,371.425
15475,371.425
15476,283.875
15477,313.875
15478,323.875
15479,358.875
15480,54.44999999999999
15481,29.44999999999999
15482,14.449999999999989
15483,34.44999999999999
15484,-0.0
15485,-0.0
15486,-0.0
15487,-0.0
15488,-0.0
15489,-0.0
15490,-0.0
15491,-0.0
15492,-0.0
15493,-0.0
15494,-0.0
15495,-0.0
15496,-0.0
15497,-0.0
15498,-0.0
15499,-0.0
15500,-0.0
15501,-0.0
15502,-0.0
15503,-0.0
15504,-0.0
15505,-0.0
15506,-0.0
15507,-0.0
15508,-0.0
15509,-0.0
15510,-0.0
15511,-0.0
15512,-0.0
15513,-0.0
15514,-0.0
15515,-0.0
15516,-0.0
15517,-0.0
15518,-0.0
15519,-0.0
15520,-0.0
15521,-0.0
15522,-0.0
15523,-0.0
15524,-0.0
15525,-0.0
15526,-0.0
15527,-0.0
15528,-0.0
15529,-0.0
15530,-0.0
15531,-0.0
15532,-0.0
15533,-0.0
15534,-0.0
15535,-0.0
15536,-0.0
15537,-0.0
15538,-0.0
15539,-0.0
15540,-0.0
15541,-0.0
15542,-0.0
15543,-0.0
15544,-0.0
15545,-0.0
15546,-0.0
15547,-0.0
15548,-0.0
15549,-0.0
15550,-0.0
15551,-0.0
15552,-0.0
15553,-0.0
15554,-0.0
15555,-0.0
15556,-0.0
15557,-0.0
15558,-0.0
15559,-0.0
15560,-0.0
15561,232.46000000004813
15562,325.0
15563,330.0
15564,325.0
15565,315.0
15566,345.0
15567,345.0
15568,331.975
15569,346.975
15570,391.975
15571,356.975
15572,252.65
15573,252.65
15574,257.65
15575,257.65
15576,8.425000000000011
15577,8.425000000000011
15578,3.4250000000000114
15579,-0.0
15580,-0.0
15581,-0.0
15582,-0.0
15583,-0.0
15584,-0.0
15585,-0.0
15586,-0.0
15587,-0.0
15588,-0.0
15589,-0.0
15590,-0.0
15591,-0.0
15592,-0.0
15593,-0.0
15594,-0.0
15595,-0.0
15596,-0.0
15597,-0.0
15598,-0.0
15599,-0.0
15600,-0.0
15601,-0.0
15602,-0.0
15603,-0.0
15604,-0.0
15605,-0.0
15606,-0.0
15607,-0.0
15608,-0.0
15609,-0.0
15610,-0.0
15611,-0.0
15612,-0.0
15613,-0.0
15614,-0.0
15615,-0.0
15616,-0.0
15617,-0.0
15618,-0.0
15619,-0.0
15620,-0.0
15621,-0.0
15622,-0.0
15623,-0.0
15624,-0.0
15625,-0.0
15626,-0.0
15627,-0.0
15628,-0.0
15629,-0.0
15630,-0.0
15631,-0.0
15632,-0.0
15633,-0.0
15634,-0.0
15635,-0.0
15636,-0.0
15637,-0.0
15638,-0.0
15639,-0.0
15640,-0.0
15641,-0.0
15642,-0.0
15643,-0.0
15644,-0.0
15645,-0.0
15646,-0.0
15647,-0.0
15648,-0.0
15649,-0.0
15650,-0.0
15651,-0.0
15652,-0.0
15653,1.446862100011515
15654,310.0
15655,290.0
15656,310.0
15657,305.0
15658,300.0
15659,310.0
15660,300.0
15661,305.0
15662,295.0
15663,315.0
15664,282.3
15665,292.3
15666,352.3
15667,337.3
15668,294.5
15669,284.5
15670,299.5
15671,279.5
15672,-0.0
15673,-0.0
15674,-0.0
15675,-0.0
15676,-0.0
15677,-0.0
15678,-0.0
15679,-0.0
15680,-0.0
15681,-0.0
15682,-0.0
15683,-0.0
15684,-0.0
15685,-0.0
15686,-0.0
15687,-0.0
15688,-0.0
15689,-0.0
15690,-0.0
15691,-0.0
15692,-0.0
15693,-0.0
15694,-0.0
15695,-0.0
15696,-0.0
15697,-0.0
15698,-0.0
15699,-0.0
15700,-0.0
15701,-0.0
15702,-0.0
15703,-0.0
15704,-0.0
15705,-0.0
15706,-0.0
15707,-0.0
15708,-0.0
15709,-0.0
15710,-0.0
15711,-0.0
15712,-0.0
15713,-0.0
15714,-0.0
15715,-0.0
15716,-0.0
15717,-0.0
15718,-0.0
15719,-0.0
15720,-0.0
15721,-0.0
15722,-0.0
15723,-0.0
15724,-0.0
15725,-0.0
15726,-0.0
15727,-0.0
15728,-0.0
15729,-0.0
15730,-0.0
15731,-0.0
15732,-0.0
15733,-0.0
15734,-0.0
15735,-0.0
15736,-0.0
15737,-0.0
15738,-0.0
15739,-0.0
15740,-0.0
15741,-0.0
15742,-0.0
15743,-0.0
15744,-0.0
15745,-0.0
15746,-0.0
15747,-0.0
15748,-0.0
15749,-0.0
15750,-0.0
15751,-0.0
15752,-0.0
15753,-0.0
15754,-0.0
15755,-0.0
15756,1.3600000000337218
15757,310.0
15758,320.0
15759,315.0
15760,310.575
15761,320.575
15762,380.575
15763,395.575
15764,345.275
15765,350.275
15766,345.275
15767,350.275
15768,-0.0
15769,13.342227500001478
15770,-0.0
15771,31.875
15772,-0.0
15773,-0.0
15774,-0.0
15775,-0.0
15776,-0.0
15777,-0.0
15778,-0.0
15779,-0.0
15780,-0.0
15781,-0.0
15782,-0.0
15783,-0.0
15784,-0.0
15785,-0.0
15786,-0.0
15787,-0.0
15788,-0.0
15789,-0.0
15790,-0.0
15791,-0.0
15792,-0.0
15793,-0.0
15794,-0.0
15795,-0.0
15796,-0.0
15797,-0.0
15798,-0.0
15799,-0.0
15800,-0.0
15801,-0.0
15802,-0.0
15803,-0.0
15804,-0.0
15805,-0.0
15806,-0.0
15807,-0.0
15808,-0.0
15809,-0.0
15810,-0.0
15811,-0.0
15812,-0.0
15813,-0.0
15814,-0.0
15815,-0.0
15816,-0.0
15817,-0.0
15818,-0.0
15819,-0.0
15820,-0.0
15821,-0.0
15822,-0.0
15823,-0.0
15824,-0.0
15825,-0.0
15826,-0.0
15827,-0.0
15828,-0.0
15829,-0.0
15830,-0.0
15831,-0.0
15832,-0.0
15833,-0.0
15834,-0.0
15835,-0.0
15836,-0.0
15837,-0.0
15838,-0.0
15839,-0.0
15840,-0.0
15841,-0.0
15842,-0.0
15843,-0.0
15844,-0.0
15845,-0.0
15846,-0.0
15847,-0.0
15848,-0.0
15849,80.46000000003923
15850,320.0
15851,310.0
15852,335.0
15853,330.0
15854,325.0
15855,330.0
15856,312.5
15857,337.5
15858,362.5
15859,382.5
15860,242.425
15861,252.425
15862,257.425
15863,287.425
15864,55.44999999999999
15865,60.44999999999999
15866,45.44999999999999
15867,60.44999999999999
15868,-0.0
15869,-0.0
15870,-0.0
15871,-0.0
15872,-0.0
15873,-0.0
15874,-0.0
15875,-0.0
15876,-0.0
15877,-0.0
15878,-0.0
15879,-0.0
15880,-0.0
15881,-0.0
15882,-0.0
15883,-0.0
15884,-0.0
15885,-0.0
15886,-0.0
15887,-0.0
15888,-0.0
15889,-0.0
15890,-0.0
15891,-0.0
15892,-0.0
15893,-0.0
15894,-0.0
15895,-0.0
15896,-0.0
15897,-0.0
15898,-0.0
15899,-0.0
15900,-0.0
15901,-0.0
15902,-0.0
15903,-0.0
15904,-0.0
15905,-0.0
15906,-0.0
15907,-0.0
15908,-0.0
15909,-0.0
15910,-0.0
15911,-0.0
15912,-0.0
15913,-0.0
15914,-0.0
15915,-0.0
15916,-0.0
15917,-0.0
15918,-0.0
15919,-0.0
15920,-0.0
15921,-0.0
15922,-0.0
15923,-0.0
15924,-0.0
15925,-0.0
15926,-0.0
15927,-0.0
15928,-0.0
15929,-0.0
15930,-0.0
15931,-0.0
15932,-0.0
15933,-0.0
15934,-0.0
15935,-0.0
15936,-0.0
15937,-0.0
15938,-0.0
15939,-0.0
15940,-0.0
15941,-0.0
15942,-0.0
15943,-0.0
15944,-0.0
15945,-0.0
15946,-0.0
15947,27.160000000039872
15948,315.0
15949,320.0
15950,310.0
15951,315.0
15952,286.6
15953,311.6
15954,361.6
15955,381.6
15956,254.875
15957,274.875
15958,284.875
15959,304.875
15960,47.52499999999998
15961,27.524999999999977
15962,27.524999999999977
15963,32.52499999999998
15964,-0.0
15965,-0.0
15966,-0.0
15967,-0.0
15968,-0.0
15969,-0.0
15970,-0.0
15971,-0.0
15972,-0.0
15973,-0.0
15974,-0.0
15975,-0.0
15976,-0.0
15977,-0.0
15978,-0.0
15979,-0.0
15980,-0.0
15981,-0.0
15982,-0.0
15983,-0.0
15984,-0.0
15985,-0.0
15986,-0.0
15987,-0.0
15988,-0.0
15989,-0.0
15990,-0.0
15991,-0.0
15992,-0.0
15993,-0.0
15994,-0.0
15995,-0.0
15996,-0.0
15997,-0.0
15998,-0.0
15999,-0.0
16000,-0.0
16001,-0.0
16002,-0.0
16003,-0.0
16004,-0.0
16005,-0.0
16006,-0.0
16007,-0.0
16008,-0.0
16009,-0.0
16010,-0.0
16011,-0.0
16012,-0.0
16013,-0.0
16014,-0.0
16015,-0.0
16016,-0.0
16017,-0.0
16018,-0.0
16019,-0.0
16020,-0.0
16021,-0.0
16022,-0.0
16023,-0.0
16024,-0.0
16025,-0.0
16026,-0.0
16027,-0.0
16028,-0.0
16029,-0.0
16030,-0.0
16031,-0.0
16032,-0.0
16033,-0.0
16034,-0.0
16035,-0.0
16036,-0.0
16037,-0.0
16038,-0.0
16039,89.56000000004431
16040,340.0
16041,335.0
16042,345.0
16043,335.0
16044,340.0
16045,345.0
16046,350.0
16047,330.0
16048,328.625
16049,363.625
16050,393.625
16051,373.625
16052,324.15
16053,344.15
16054,349.15
16055,354.15
16056,78.10000000000002
16057,78.10000000000002
16058,78.10000000000002
16059,68.10000000000002
16060,-0.0
16061,-0.0
16062,-0.0
16063,-0.0
16064,-0.0
16065,-0.0
16066,-0.0
16067,-0.0
16068,-0.0
16069,-0.0
16070,-0.0
16071,-0.0
16072,-0.0
16073,-0.0
16074,-0.0
16075,-0.0
16076,-0.0
16077,-0.0
16078,-0.0
16079,-0.0
16080,-0.0
16081,-0.0
16082,-0.0
16083,-0.0
16084,-0.0
16085,-0.0
16086,-0.0
16087,-0.0
16088,-0.0
16089,-0.0
16090,-0.0
16091,-0.0
16092,-0.0
16093,-0.0
16094,-0.0
16095,-0.0
16096,-0.0
16097,-0.0
16098,-0.0
16099,-0.0
16100,-0.0
16101,-0.0
16102,-0.0
16103,-0.0
16104,-0.0
16105,-0.0
16106,-0.0
16107,-0.0
16108,-0.0
16109,-0.0
16110,-0.0
16111,-0.0
16112,-0.0
16113,-0.0
16114,-0.0
16115,-0.0
16116,-0.0
16117,-0.0
16118,-0.0
16119,-0.0
16120,-0.0
16121,-0.0
16122,-0.0
16123,-0.0
16124,-0.0
16125,-0.0
16126,-0.0
16127,-0.0
16128,-0.0
16129,-0.0
16130,-0.0
16131,-0.0
16132,-0.0
16133,-0.0
16134,-0.0
16135,-0.0
16136,-0.0
16137,-0.0
16138,-0.0
16139,-0.0
16140,-0.0
16141,-0.0
16142,-0.0
16143,-0.0
16144,-0.0
16145,-0.0
16146,-0.0
16147,-0.0
16148,-0.0
16149,-0.0
16150,-0.0
16151,-0.0
16152,-0.0
16153,-0.0
16154,-0.0
16155,-0.0
16156,-0.0
16157,-0.0
16158,-0.0
16159,-0.0
16160,-0.0
16161,-0.0
16162,-0.0
16163,-0.0
16164,-0.0
16165,-0.0
16166,-0.0
16167,-0.0
16168,-0.0
16169,-0.0
16170,-0.0
16171,-0.0
16172,-0.0
16173,-0.0
16174,-0.0
16175,-0.0
16176,-0.0
16177,-0.0
16178,-0.0
16179,-0.0
16180,-0.0
16181,-0.0
16182,-0.0
16183,-0.0
16184,-0.0
16185,-0.0
16186,-0.0
16187,-0.0
16188,-0.0
16189,-0.0
16190,-0.0
16191,-0.0
16192,-0.0
16193,-0.0
16194,-0.0
16195,-0.0
16196,-0.0
16197,-0.0
16198,-0.0
16199,-0.0
16200,-0.0
16201,-0.0
16202,-0.0
16203,-0.0
16204,-0.0
16205,-0.0
16206,-0.0
16207,-0.0
16208,-0.0
16209,-0.0
16210,-0.0
16211,-0.0
16212,-0.0
16213,-0.0
16214,-0.0
16215,-0.0
16216,-0.0
16217,-0.0
16218,-0.0
16219,-0.0
16220,-0.0
16221,-0.0
16222,-0.0
16223,-0.0
16224,-0.0
16225,-0.0
16226,-0.0
16227,-0.0
16228,-0.0
16229,-0.0
16230,-0.0
16231,-0.0
16232,-0.0
16233,-0.0
16234,138.88023780002706
16235,340.0
16236,340.0
16237,330.0
16238,345.0
16239,350.0
16240,325.35
16241,330.35
16242,385.35
16243,390.35
16244,303.75
16245,303.75
16246,313.75
16247,318.75
16248,11.474999999999966
16249,1.474999999999966
16250,-0.0
16251,-0.0
16252,-0.0
16253,-0.0
16254,-0.0
16255,-0.0
16256,-0.0
16257,-0.0
16258,-0.0
16259,-0.0
16260,-0.0
16261,-0.0
16262,-0.0
16263,-0.0
16264,-0.0
16265,-0.0
16266,-0.0
16267,-0.0
16268,-0.0
16269,-0.0
16270,-0.0
16271,-0.0
16272,-0.0
16273,-0.0
16274,-0.0
16275,-0.0
16276,-0.0
16277,-0.0
16278,-0.0
16279,-0.0
16280,-0.0
16281,-0.0
16282,-0.0
16283,-0.0
16284,-0.0
16285,-0.0
16286,-0.0
16287,-0.0
16288,-0.0
16289,-0.0
16290,-0.0
16291,-0.0
16292,-0.0
16293,-0.0
16294,-0.0
16295,-0.0
16296,-0.0
16297,-0.0
16298,-0.0
16299,-0.0
16300,-0.0
16301,-0.0
16302,-0.0
16303,-0.0
16304,-0.0
16305,-0.0
16306,-0.0
16307,-0.0
16308,-0.0
16309,-0.0
16310,-0.0
16311,-0.0
16312,-0.0
16313,-0.0
16314,-0.0
16315,-0.0
16316,-0.0
16317,-0.0
16318,-0.0
16319,-0.0
16320,-0.0
16321,-0.0
16322,-0.0
16323,-0.0
16324,-0.0
16325,-0.0
16326,-0.0
16327,-0.0
16328,-0.0
16329,-0.0
16330,330.0
16331,187.36000000004537
16332,335.0
16333,335.0
16334,335.0
16335,350.0
16336,312.925
16337,332.925
16338,362.925
16339,352.925
16340,286.9
16341,291.9
16342,276.9
16343,286.9
16344,-0.0
16345,-0.0
16346,-0.0
16347,-0.0
16348,-0.0
16349,-0.0
16350,-0.0
16351,-0.0
16352,-0.0
16353,-0.0
16354,-0.0
16355,-0.0
16356,-0.0
16357,-0.0
16358,-0.0
16359,-0.0
16360,-0.0
16361,-0.0
16362,-0.0
16363,-0.0
16364,-0.0
16365,-0.0
16366,-0.0
16367,-0.0
16368,-0.0
16369,-0.0
16370,-0.0
16371,-0.0
16372,-0.0
16373,-0.0
16374,-0.0
16375,-0.0
16376,-0.0
16377,-0.0
16378,-0.0
16379,-0.0
16380,-0.0
16381,-0.0
16382,-0.0
16383,-0.0
16384,-0.0
16385,-0.0
16386,-0.0
16387,-0.0
16388,-0.0
16389,-0.0
16390,-0.0
16391,-0.0
16392,-0.0
16393,-0.0
16394,-0.0
16395,-0.0
16396,-0.0
16397,-0.0
16398,-0.0
16399,-0.0
16400,-0.0
16401,-0.0
16402,-0.0
16403,-0.0
16404,-0.0
16405,-0.0
16406,-0.0
16407,-0.0
16408,-0.0
16409,-0.0
16410,-0.0
16411,-0.0
16412,-0.0
16413,-0.0
16414,-0.0
16415,-0.0
16416,-0.0
16417,-0.0
16418,-0.0
16419,-0.0
16420,-0.0
16421,-0.0
16422,-0.0
16423,325.9600000000661
16424,340.0
16425,335.0
16426,325.0
16427,345.0
16428,335.0
16429,345.0
16430,345.0
16431,340.0
16432,318.475
16433,338.475
16434,398.475
16435,378.475
16436,330.675
16437,340.675
16438,345.675
16439,365.675
16440,357.45
16441,382.45
16442,367.45
16443,357.45
16444,-0.0
16445,-0.0
16446,-0.0
16447,-0.0
16448,-0.0
16449,-0.0
16450,-0.0
16451,-0.0
16452,-0.0
16453,199.5794743999985
16454,259.25
16455,234.25
16456,149.60000000000002
16457,144.60000000000002
16458,149.60000000000002
16459,149.60000000000002
16460,49.05000000000001
16461,49.05000000000001
16462,24.05000000000001
16463,49.05000000000001
16464,-0.0
16465,-0.0
16466,-0.0
16467,-0.0
16468,67.88395600000098
16469,220.25
16470,220.25
16471,210.25
16472,-0.0
16473,-0.0
16474,-0.0
16475,-0.0
16476,-0.0
16477,-0.0
16478,-0.0
16479,-0.0
16480,-0.0
16481,-0.0
16482,170.1558952000148
16483,186.2
16484,281.975
16485,276.975
16486,286.975
16487,281.975
16488,307.5
16489,282.5
16490,282.5
16491,282.5
16492,374.0
16493,379.0
16494,394.0
16495,369.0
16496,350.0
16497,335.0
16498,340.0
16499,350.0
16500,335.0
16501,340.0
16502,325.0
16503,320.0
16504,325.0
16505,315.0
16506,325.0
16507,330.0
16508,310.0
16509,320.0
16510,310.0
16511,310.0
16512,320.0
16513,290.0
16514,310.0
16515,295.0
16516,295.0
16517,300.0
16518,290.0
16519,300.0
16520,300.0
16521,295.0
16522,305.0
16523,295.0
16524,305.0
16525,310.0
16526,305.0
16527,325.0
16528,335.0
16529,360.0
16530,400.0
16531,395.0
16532,387.825
16533,392.825
16534,417.825
16535,412.825
16536,367.575
16537,382.575
16538,392.575
16539,377.575
16540,-0.0
16541,-0.0
16542,-0.0
16543,-0.0
16544,-0.0
16545,-0.0
16546,-0.0
16547,-0.0
16548,182.23072689999714
16549,222.55
16550,232.55
16551,237.55
16552,-0.0
16553,16.068571500000107
16554,17.875
16555,47.875
16556,273.09999999999997
16557,258.09999999999997
16558,238.09999999999997
16559,233.09999999999997
16560,271.8
16561,266.8
16562,266.8
16563,266.8
16564,258.475
16565,258.475
16566,248.475
16567,258.475
16568,268.675
16569,248.675
16570,233.675
16571,228.675
16572,245.925
16573,235.925
16574,245.925
16575,240.925
16576,334.0
16577,334.0
16578,334.0
16579,334.0
16580,219.525
16581,224.525
16582,229.525
16583,234.525
16584,263.2
16585,253.2
16586,253.2
16587,253.2
16588,375.0
16589,370.0
16590,365.0
16591,355.0
16592,360.0
16593,355.0
16594,340.0
16595,335.0
16596,335.0
16597,330.0
16598,315.0
16599,315.0
16600,315.0
16601,305.0
16602,310.0
16603,310.0
16604,310.0
16605,300.0
16606,310.0
16607,305.0
16608,315.0
16609,300.0
16610,305.0
16611,305.0
16612,305.0
16613,300.0
16614,295.0
16615,310.0
16616,305.0
16617,310.0
16618,300.0
16619,300.0
16620,315.0
16621,305.0
16622,305.0
16623,315.0
16624,307.425
16625,327.425
16626,372.425
16627,367.425
16628,293.5
16629,308.5
16630,313.5
16631,328.5
16632,330.9
16633,345.9
16634,300.9
16635,300.9
16636,250.375
16637,250.375
16638,260.375
16639,320.375
16640,201.64999999999998
16641,191.64999999999998
16642,206.64999999999998
16643,206.64999999999998
16644,89.0
16645,74.0
16646,74.0
16647,89.0
16648,-0.0
16649,-0.0
16650,-0.0
16651,-0.0
16652,-0.0
16653,-0.0
16654,-0.0
16655,-0.0
16656,-0.0
16657,-0.0
16658,-0.0
16659,-0.0
16660,-0.0
16661,-0.0
16662,-0.0
16663,23.830586399999703
16664,-0.0
16665,-0.0
16666,-0.0
16667,-0.0
16668,-0.0
16669,-0.0
16670,-0.0
16671,-0.0
16672,-0.0
16673,-0.0
16674,-0.0
16675,-0.0
16676,-0.0
16677,-0.0
16678,-0.0
16679,-0.0
16680,-0.0
16681,-0.0
16682,-0.0
16683,-0.0
16684,-0.0
16685,-0.0
16686,-0.0
16687,-0.0
16688,216.21777000002348
16689,345.0
16690,350.0
16691,345.0
16692,330.0
16693,335.0
16694,330.0
16695,310.0
16696,320.0
16697,310.0
16698,320.0
16699,310.0
16700,305.0
16701,315.0
16702,300.0
16703,310.0
16704,305.0
16705,310.0
16706,305.0
16707,300.0
16708,305.0
16709,295.0
16710,305.0
16711,295.0
16712,305.0
16713,305.0
16714,300.0
16715,315.0
16716,305.0
16717,310.0
16718,300.0
16719,325.0
16720,333.975
16721,358.975
16722,378.975
16723,378.975
16724,276.175
16725,296.175
16726,296.175
16727,306.175
16728,246.35
16729,221.35
16730,211.35
16731,196.35
16732,331.025
16733,331.025
16734,336.025
16735,366.025
16736,261.525
16737,246.525
16738,256.525
16739,296.525
16740,-0.0
16741,-0.0
16742,-0.0
16743,-0.0
16744,-0.0
16745,-0.0
16746,-0.0
16747,-0.0
16748,-0.0
16749,-0.0
16750,-0.0
16751,-0.0
16752,-0.0
16753,-0.0
16754,-0.0
16755,-0.0
16756,-0.0
16757,-0.0
16758,-0.0
16759,-0.0
16760,-0.0
16761,-0.0
16762,-0.0
16763,-0.0
16764,-0.0
16765,-0.0
16766,-0.0
16767,-0.0
16768,-0.0
16769,-0.0
16770,-0.0
16771,-0.0
16772,-0.0
16773,-0.0
16774,-0.0
16775,-0.0
16776,-0.0
16777,-0.0
16778,-0.0
16779,-0.0
16780,-0.0
16781,-0.0
16782,-0.0
16783,-0.0
16784,-0.0
16785,-0.0
16786,-0.0
16787,-0.0
16788,95.2982927999796
16789,330.0
16790,310.0
16791,320.0
16792,315.0
16793,315.0
16794,320.0
16795,310.0
16796,320.0
16797,305.0
16798,315.0
16799,315.0
16800,305.0
16801,315.0
16802,300.0
16803,315.0
16804,300.0
16805,315.0
16806,310.0
16807,305.0
16808,310.0
16809,300.0
16810,310.0
16811,300.0
16812,315.0
16813,305.0
16814,300.0
16815,315.0
16816,299.025
16817,344.025
16818,369.025
16819,384.025
16820,248.875
16821,258.875
16822,253.875
16823,253.875
16824,55.400000000000034
16825,25.400000000000034
16826,30.400000000000034
16827,25.400000000000034
16828,-0.0
16829,-0.0
16830,-0.0
16831,-0.0
16832,-0.0
16833,-0.0
16834,-0.0
16835,-0.0
16836,-0.0
16837,-0.0
16838,-0.0
16839,-0.0
16840,-0.0
16841,-0.0
16842,-0.0
16843,-0.0
16844,-0.0
16845,-0.0
16846,-0.0
16847,-0.0
16848,-0.0
16849,-0.0
16850,-0.0
16851,-0.0
16852,-0.0
16853,-0.0
16854,-0.0
16855,-0.0
16856,-0.0
16857,-0.0
16858,-0.0
16859,-0.0
16860,-0.0
16861,-0.0
16862,-0.0
16863,-0.0
16864,-0.0
16865,-0.0
16866,-0.0
16867,-0.0
16868,-0.0
16869,-0.0
16870,-0.0
16871,-0.0
16872,-0.0
16873,-0.0
16874,-0.0
16875,-0.0
16876,-0.0
16877,-0.0
16878,-0.0
16879,-0.0
16880,-0.0
16881,-0.0
16882,-0.0
16883,-0.0
16884,-0.0
16885,-0.0
16886,-0.0
16887,-0.0
16888,-0.0
16889,-0.0
16890,-0.0
16891,-0.0
16892,-0.0
16893,-0.0
16894,-0.0
16895,-0.0
16896,-0.0
16897,-0.0
16898,-0.0
16899,-0.0
16900,-0.0
16901,-0.0
16902,-0.0
16903,-0.0
16904,-0.0
16905,-0.0
16906,-0.0
16907,-0.0
16908,-0.0
16909,31.16000000005596
16910,300.0
16911,305.0
16912,309.375
16913,334.375
16914,379.375
16915,354.375
16916,294.875
16917,299.875
16918,309.875
16919,324.875
16920,-0.0
16921,-0.0
16922,-0.0
16923,-0.0
16924,-0.0
16925,-0.0
16926,-0.0
16927,-0.0
16928,-0.0
16929,-0.0
16930,-0.0
16931,-0.0
16932,-0.0
16933,-0.0
16934,-0.0
16935,-0.0
16936,-0.0
16937,-0.0
16938,-0.0
16939,-0.0
16940,-0.0
16941,-0.0
16942,-0.0
16943,-0.0
16944,-0.0
16945,-0.0
16946,-0.0
16947,-0.0
16948,-0.0
16949,-0.0
16950,-0.0
16951,-0.0
16952,-0.0
16953,-0.0
16954,-0.0
16955,-0.0
16956,-0.0
16957,-0.0
16958,-0.0
16959,-0.0
16960,-0.0
16961,-0.0
16962,-0.0
16963,-0.0
16964,-0.0
16965,-0.0
16966,-0.0
16967,-0.0
16968,-0.0
16969,-0.0
16970,-0.0
16971,-0.0
16972,-0.0
16973,-0.0
16974,-0.0
16975,-0.0
16976,-0.0
16977,-0.0
16978,-0.0
16979,-0.0
16980,-0.0
16981,-0.0
16982,-0.0
16983,-0.0
16984,-0.0
16985,-0.0
16986,-0.0
16987,-0.0
16988,-0.0
16989,-0.0
16990,-0.0
16991,-0.0
16992,-0.0
16993,-0.0
16994,-0.0
16995,-0.0
16996,-0.0
16997,-0.0
16998,-0.0
16999,-0.0
17000,-0.0
17001,-0.0
17002,-0.0
17003,-0.0
17004,-0.0
17005,220.06000000007072
17006,300.0
17007,315.0
17008,284.35
17009,304.35
17010,364.35
17011,319.35
17012,217.75
17013,217.75
17014,227.75
17015,257.75
17016,134.54999999999998
17017,124.54999999999998
17018,124.54999999999998
17019,139.54999999999998
17020,-0.0
17021,-0.0
17022,-0.0
17023,-0.0
17024,-0.0
17025,-0.0
17026,-0.0
17027,-0.0
17028,-0.0
17029,-0.0
17030,-0.0
17031,-0.0
17032,-0.0
17033,-0.0
17034,-0.0
17035,-0.0
17036,-0.0
17037,-0.0
17038,-0.0
17039,-0.0
17040,-0.0
17041,-0.0
17042,-0.0
17043,-0.0
17044,-0.0
17045,-0.0
17046,-0.0
17047,-0.0
17048,-0.0
17049,-0.0
17050,-0.0
17051,-0.0
17052,-0.0
17053,-0.0
17054,-0.0
17055,-0.0
17056,-0.0
17057,-0.0
17058,-0.0
17059,-0.0
17060,-0.0
17061,-0.0
17062,-0.0
17063,-0.0
17064,-0.0
17065,-0.0
17066,-0.0
17067,-0.0
17068,-0.0
17069,-0.0
17070,-0.0
17071,-0.0
17072,-0.0
17073,-0.0
17074,-0.0
17075,-0.0
17076,-0.0
17077,-0.0
17078,-0.0
17079,-0.0
17080,-0.0
17081,-0.0
17082,-0.0
17083,-0.0
17084,-0.0
17085,-0.0
17086,-0.0
17087,-0.0
17088,-0.0
17089,-0.0
17090,-0.0
17091,-0.0
17092,-0.0
17093,-0.0
17094,-0.0
17095,163.26000000004024
17096,315.0
17097,315.0
17098,320.0
17099,305.0
17100,330.0
17101,320.0
17102,315.0
17103,330.0
17104,330.0
17105,375.0
17106,435.0
17107,430.0
17108,383.275
17109,383.275
17110,363.275
17111,388.275
17112,73.17499999999995
17113,68.17499999999995
17114,68.17499999999995
17115,83.17499999999995
17116,-0.0
17117,-0.0
17118,-0.0
17119,-0.0
17120,-0.0
17121,-0.0
17122,-0.0
17123,-0.0
17124,-0.0
17125,-0.0
17126,-0.0
17127,-0.0
17128,-0.0
17129,-0.0
17130,-0.0
17131,-0.0
17132,-0.0
17133,-0.0
17134,-0.0
17135,-0.0
17136,-0.0
17137,-0.0
17138,-0.0
17139,-0.0
17140,-0.0
17141,-0.0
17142,-0.0
17143,-0.0
17144,-0.0
17145,-0.0
17146,-0.0
17147,-0.0
17148,-0.0
17149,-0.0
17150,-0.0
17151,-0.0
17152,-0.0
17153,-0.0
17154,-0.0
17155,-0.0
17156,-0.0
17157,-0.0
17158,-0.0
17159,-0.0
17160,-0.0
17161,-0.0
17162,-0.0
17163,-0.0
17164,-0.0
17165,-0.0
17166,-0.0
17167,-0.0
17168,-0.0
17169,-0.0
17170,-0.0
17171,-0.0
17172,-0.0
17173,-0.0
17174,-0.0
17175,-0.0
17176,-0.0
17177,-0.0
17178,-0.0
17179,-0.0
17180,-0.0
17181,-0.0
17182,-0.0
17183,-0.0
17184,-0.0
17185,-0.0
17186,-0.0
17187,-0.0
17188,-0.0
17189,-0.0
17190,-0.0
17191,-0.0
17192,-0.0
17193,335.0
17194,9.060000000072023
17195,330.0
17196,340.0
17197,335.0
17198,325.0
17199,340.0
17200,355.0
17201,405.0
17202,410.0
17203,410.0
17204,329.4
17205,354.4
17206,359.4
17207,379.4
17208,247.325
17209,237.325
17210,207.325
17211,212.325
17212,51.375
17213,66.375
17214,96.375
17215,91.375
17216,-0.0
17217,-0.0
17218,-0.0
17219,-0.0
17220,-0.0
17221,-0.0
17222,-0.0
17223,-0.0
17224,-0.0
17225,-0.0
17226,-0.0
17227,-0.0
17228,-0.0
17229,-0.0
17230,-0.0
17231,-0.0
17232,-0.0
17233,-0.0
17234,-0.0
17235,-0.0
17236,-0.0
17237,-0.0
17238,-0.0
17239,-0.0
17240,-0.0
17241,-0.0
17242,-0.0
17243,-0.0
17244,-0.0
17245,-0.0
17246,-0.0
17247,-0.0
17248,-0.0
17249,-0.0
17250,-0.0
17251,-0.0
17252,-0.0
17253,-0.0
17254,-0.0
17255,-0.0
17256,-0.0
17257,-0.0
17258,-0.0
17259,-0.0
17260,-0.0
17261,-0.0
17262,-0.0
17263,-0.0
17264,-0.0
17265,-0.0
17266,-0.0
17267,-0.0
17268,-0.0
17269,-0.0
17270,-0.0
17271,-0.0
17272,-0.0
17273,-0.0
17274,-0.0
17275,-0.0
17276,-0.0
17277,-0.0
17278,-0.0
17279,228.96000000003073
17280,320.0
17281,315.0
17282,320.0
17283,315.0
17284,320.0
17285,320.0
17286,305.0
17287,315.0
17288,320.0
17289,315.0
17290,320.0
17291,310.0
17292,330.0
17293,315.0
17294,315.0
17295,325.0
17296,304.2
17297,344.2
17298,399.2
17299,359.2
17300,373.825
17301,398.825
17302,408.825
17303,418.825
17304,312.17499999999995
17305,292.17499999999995
17306,272.17499999999995
17307,267.17499999999995
17308,176.55
17309,166.55
17310,176.55
17311,191.55
17312,-0.0
17313,-0.0
17314,-0.0
17315,-0.0
17316,-0.0
17317,-0.0
17318,-0.0
17319,-0.0
17320,-0.0
17321,-0.0
17322,-0.0
17323,-0.0
17324,-0.0
17325,-0.0
17326,-0.0
17327,-0.0
17328,-0.0
17329,-0.0
17330,-0.0
17331,-0.0
17332,-0.0
17333,-0.0
17334,-0.0
17335,-0.0
17336,-0.0
17337,-0.0
17338,-0.0
17339,-0.0
17340,-0.0
17341,-0.0
17342,-0.0
17343,-0.0
17344,-0.0
17345,-0.0
17346,-0.0
17347,-0.0
17348,-0.0
17349,-0.0
17350,-0.0
17351,-0.0
17352,-0.0
17353,-0.0
17354,-0.0
17355,-0.0
17356,-0.0
17357,-0.0
17358,-0.0
17359,-0.0
17360,-0.0
17361,-0.0
17362,-0.0
17363,-0.0
17364,-0.0
17365,-0.0
17366,-0.0
17367,-0.0
17368,-0.0
17369,-0.0
17370,-0.0
17371,-0.0
17372,-0.0
17373,-0.0
17374,-0.0
17375,-0.0
17376,-0.0
17377,-0.0
17378,-0.0
17379,-0.0
17380,85.31739340003509
17381,320.0
17382,305.0
17383,320.0
17384,305.0
17385,315.0
17386,310.0
17387,315.0
17388,310.0
17389,305.0
17390,315.0
17391,315.0
17392,350.0
17393,350.0
17394,420.0
17395,385.0
17396,389.125
17397,414.125
17398,404.125
17399,429.125
17400,285.4
17401,280.4
17402,265.4
17403,265.4
17404,299.475
17405,284.475
17406,299.475
17407,319.475
17408,20.625000000000057
17409,-0.0
17410,-0.0
17411,3.936344999995228
17412,59.049999999999955
17413,79.04999999999995
17414,64.04999999999995
17415,64.04999999999995
17416,121.72499999999997
17417,116.72499999999997
17418,106.72499999999997
17419,121.72499999999997
17420,173.42499999999995
17421,173.42499999999995
17422,183.42499999999995
17423,128.42499999999995
17424,297.125
17425,297.125
17426,297.125
17427,322.125
17428,331.7
17429,331.7
17430,326.7
17431,316.7
17432,202.65000000000003
17433,187.65000000000003
17434,177.65000000000003
17435,172.65000000000003
17436,256.375
17437,256.375
17438,266.375
17439,251.375
17440,240.925
17441,225.925
17442,215.925
17443,220.925
17444,256.225
17445,266.225
17446,281.225
17447,281.225
17448,345.225
17449,340.225
17450,320.225
17451,325.225
17452,380.0
17453,390.0
17454,385.0
17455,395.0
17456,390.0
17457,360.0
17458,375.0
17459,365.0
17460,345.0
17461,335.0
17462,340.0
17463,330.0
17464,315.0
17465,325.0
17466,310.0
17467,315.0
17468,315.0
17469,315.0
17470,315.0
17471,310.0
17472,310.0
17473,305.0
17474,320.0
17475,310.0
17476,315.0
17477,305.0
17478,305.0
17479,315.0
17480,305.0
17481,315.0
17482,310.0
17483,310.0
17484,325.0
17485,310.0
17486,315.0
17487,310.0
17488,342.1
17489,352.1
17490,392.1
17491,397.1
17492,323.625
17493,353.625
17494,343.625
17495,358.625
17496,45.325000000000045
17497,55.325000000000045
17498,30.325000000000045
17499,40.325000000000045
17500,-0.0
17501,-0.0
17502,-0.0
17503,-0.0
17504,-0.0
17505,-0.0
17506,-0.0
17507,-0.0
17508,-0.0
17509,-0.0
17510,-0.0
17511,-0.0
17512,-0.0
17513,-0.0
17514,-0.0
17515,-0.0
17516,-0.0
17517,-0.0
17518,-0.0
17519,-0.0
17520,-0.0
17521,-0.0
17522,-0.0
17523,-0.0
17524,-0.0
17525,-0.0
17526,-0.0
17527,-0.0
17528,-0.0
17529,-0.0
17530,-0.0
17531,-0.0
17532,-0.0
17533,-0.0
17534,-0.0
17535,-0.0
17536,-0.0
17537,-0.0
17538,-0.0
17539,-0.0
17540,-0.0
17541,-0.0
17542,-0.0
17543,-0.0
17544,-0.0
17545,-0.0
17546,-0.0
17547,-0.0
17548,-0.0
17549,-0.0
17550,-0.0
17551,-0.0
17552,-0.0
17553,-0.0
17554,-0.0
17555,-0.0
17556,-0.0
17557,-0.0
17558,-0.0
17559,-0.0
17560,-0.0
17561,-0.0
17562,-0.0
17563,-0.0
17564,-0.0
17565,-0.0
17566,-0.0
17567,-0.0
17568,-0.0
17569,-0.0
17570,-0.0
17571,-0.0
17572,-0.0
17573,-0.0
17574,-0.0
17575,-0.0
17576,-0.0
17577,-0.0
17578,-0.0
17579,-0.0
17580,-0.0
17581,195.46000000006683
17582,310.0
17583,310.0
17584,323.525
17585,308.525
17586,368.525
17587,348.525
17588,307.375
17589,327.375
17590,332.375
17591,337.375
17592,-0.0
17593,-0.0
17594,-0.0
17595,-0.0
17596,-0.0
17597,-0.0
17598,-0.0
17599,-0.0
17600,-0.0
17601,-0.0
17602,-0.0
17603,-0.0
17604,-0.0
17605,-0.0
17606,-0.0
17607,-0.0
17608,-0.0
17609,-0.0
17610,-0.0
17611,-0.0
17612,-0.0
17613,-0.0
17614,-0.0
17615,-0.0
17616,-0.0
17617,-0.0
17618,-0.0
17619,-0.0
17620,-0.0
17621,-0.0
17622,-0.0
17623,-0.0
17624,-0.0
17625,-0.0
17626,-0.0
17627,-0.0
17628,-0.0
17629,-0.0
17630,-0.0
17631,-0.0
17632,-0.0
17633,-0.0
17634,-0.0
17635,-0.0
17636,-0.0
17637,-0.0
17638,-0.0
17639,-0.0
17640,-0.0
17641,-0.0
17642,-0.0
17643,-0.0
17644,-0.0
17645,-0.0
17646,-0.0
17647,-0.0
17648,-0.0
17649,-0.0
17650,-0.0
17651,-0.0
17652,-0.0
17653,-0.0
17654,-0.0
17655,-0.0
17656,-0.0
17657,-0.0
17658,-0.0
17659,-0.0
17660,-0.0
17661,-0.0
17662,-0.0
17663,-0.0
17664,-0.0
17665,-0.0
17666,-0.0
17667,230.36000000005114
17668,315.0
17669,325.0
17670,305.0
17671,320.0
17672,320.0
17673,310.0
17674,320.0
17675,310.0
17676,315.0
17677,320.0
17678,310.0
17679,325.0
17680,335.0
17681,360.0
17682,415.0
17683,380.0
17684,252.10000000000002
17685,257.1
17686,247.10000000000002
17687,272.1
17688,-0.0
17689,-0.0
17690,-0.0
17691,-0.0
17692,-0.0
17693,-0.0
17694,-0.0
17695,-0.0
17696,-0.0
17697,-0.0
17698,-0.0
17699,-0.0
17700,-0.0
17701,-0.0
17702,-0.0
17703,-0.0
17704,-0.0
17705,-0.0
17706,-0.0
17707,-0.0
17708,-0.0
17709,-0.0
17710,-0.0
17711,-0.0
17712,-0.0
17713,-0.0
17714,-0.0
17715,-0.0
17716,-0.0
17717,-0.0
17718,-0.0
17719,-0.0
17720,-0.0
17721,-0.0
17722,-0.0
17723,-0.0
17724,-0.0
17725,-0.0
17726,-0.0
17727,-0.0
17728,-0.0
17729,-0.0
17730,-0.0
17731,-0.0
17732,-0.0
17733,-0.0
17734,-0.0
17735,-0.0
17736,-0.0
17737,-0.0
17738,-0.0
17739,-0.0
17740,-0.0
17741,-0.0
17742,-0.0
17743,4.248090799959641
17744,340.0
17745,325.0
17746,325.0
17747,330.0
17748,325.0
17749,325.0
17750,305.0
17751,320.0
17752,315.0
17753,315.0
17754,310.0
17755,310.0
17756,320.0
17757,310.0
17758,320.0
17759,315.0
17760,315.0
17761,320.0
17762,305.0
17763,325.0
17764,320.0
17765,325.0
17766,315.0
17767,315.0
17768,315.0
17769,310.0
17770,320.0
17771,300.0
17772,320.0
17773,310.0
17774,315.0
17775,325.0
17776,335.0
17777,365.0
17778,415.0
17779,420.0
17780,413.05
17781,448.05
17782,398.05
17783,393.05
17784,272.95
17785,282.95
17786,267.95
17787,287.95
17788,23.024999999999977
17789,48.02499999999998
17790,48.02499999999998
17791,33.02499999999998
17792,-0.0
17793,-0.0
17794,-0.0
17795,-0.0
17796,-0.0
17797,-0.0
17798,-0.0
17799,-0.0
17800,-0.0
17801,-0.0
17802,-0.0
17803,-0.0
17804,-0.0
17805,-0.0
17806,-0.0
17807,-0.0
17808,-0.0
17809,-0.0
17810,-0.0
17811,-0.0
17812,-0.0
17813,-0.0
17814,-0.0
17815,-0.0
17816,-0.0
17817,-0.0
17818,-0.0
17819,-0.0
17820,-0.0
17821,-0.0
17822,-0.0
17823,-0.0
17824,-0.0
17825,-0.0
17826,-0.0
17827,-0.0
17828,-0.0
17829,-0.0
17830,-0.0
17831,-0.0
17832,-0.0
17833,-0.0
17834,-0.0
17835,-0.0
17836,-0.0
17837,-0.0
17838,-0.0
17839,-0.0
17840,36.65871360000045
17841,350.0
17842,360.0
17843,340.0
17844,355.0
17845,345.0
17846,335.0
17847,335.0
17848,335.0
17849,320.0
17850,335.0
17851,325.0
17852,330.0
17853,340.0
17854,315.0
17855,325.0
17856,330.0
17857,320.0
17858,330.0
17859,320.0
17860,325.0
17861,330.0
17862,315.0
17863,330.0
17864,320.0
17865,325.0
17866,325.0
17867,315.0
17868,325.0
17869,335.0
17870,325.0
17871,340.0
17872,350.0
17873,375.0
17874,415.0
17875,415.0
17876,394.9
17877,419.9
17878,449.9
17879,414.9
17880,444.5
17881,429.5
17882,459.5
17883,434.5
17884,411.825
17885,426.825
17886,451.825
17887,491.825
17888,365.2
17889,340.2
17890,370.2
17891,395.2
17892,304.3
17893,299.3
17894,314.3
17895,329.3
17896,152.325
17897,152.325
17898,162.325
17899,167.325
17900,-0.0
17901,-0.0
17902,-0.0
17903,-0.0
17904,-0.0
17905,-0.0
17906,-0.0
17907,-0.0
17908,-0.0
17909,-0.0
17910,-0.0
17911,-0.0
17912,-0.0
17913,-0.0
17914,-0.0
17915,-0.0
17916,-0.0
17917,-0.0
17918,-0.0
17919,-0.0
17920,-0.0
17921,-0.0
17922,-0.0
17923,-0.0
17924,-0.0
17925,-0.0
17926,-0.0
17927,-0.0
17928,-0.0
17929,-0.0
17930,-0.0
17931,-0.0
17932,-0.0
17933,-0.0
17934,-0.0
17935,-0.0
17936,-0.0
17937,-0.0
17938,-0.0
17939,-0.0
17940,-0.0
17941,-0.0
17942,-0.0
17943,-0.0
17944,-0.0
17945,325.0
17946,228.0590808000182
17947,315.0
17948,310.0
17949,315.0
17950,305.0
17951,305.0
17952,310.0
17953,300.0
17954,310.0
17955,300.0
17956,305.0
17957,310.0
17958,305.0
17959,315.0
17960,300.0
17961,310.0
17962,305.0
17963,305.0
17964,310.0
17965,305.0
17966,315.0
17967,315.0
17968,332.15
17969,367.15
17970,427.15
17971,397.15
17972,355.25
17973,385.25
17974,365.25
17975,395.25
17976,277.0
17977,262.0
17978,237.0
17979,252.0
17980,-0.0
17981,-0.0
17982,-0.0
17983,-0.0
17984,-0.0
17985,-0.0
17986,-0.0
17987,-0.0
17988,-0.0
17989,-0.0
17990,-0.0
17991,-0.0
17992,-0.0
17993,-0.0
17994,-0.0
17995,-0.0
17996,-0.0
17997,-0.0
17998,-0.0
17999,-0.0
18000,-0.0
18001,-0.0
18002,-0.0
18003,-0.0
18004,-0.0
18005,-0.0
18006,-0.0
18007,-0.0
18008,-0.0
18009,-0.0
18010,-0.0
18011,-0.0
18012,-0.0
18013,-0.0
18014,-0.0
18015,-0.0
18016,-0.0
18017,-0.0
18018,-0.0
18019,-0.0
18020,-0.0
18021,-0.0
18022,-0.0
18023,-0.0
18024,-0.0
18025,-0.0
18026,-0.0
18027,-0.0
18028,-0.0
18029,-0.0
18030,-0.0
18031,-0.0
18032,-0.0
18033,-0.0
18034,-0.0
18035,-0.0
18036,-0.0
18037,-0.0
18038,-0.0
18039,-0.0
18040,-0.0
18041,-0.0
18042,-0.0
18043,-0.0
18044,-0.0
18045,-0.0
18046,-0.0
18047,-0.0
18048,-0.0
18049,-0.0
18050,-0.0
18051,-0.0
18052,89.48761280005695
18053,310.0
18054,320.0
18055,320.0
18056,320.0
18057,325.0
18058,305.0
18059,320.0
18060,315.0
18061,330.0
18062,320.0
18063,325.0
18064,337.925
18065,352.925
18066,397.925
18067,412.925
18068,371.875
18069,401.875
18070,401.875
18071,416.875
18072,316.4
18073,306.4
18074,301.4
18075,291.4
18076,38.474999999999966
18077,78.47499999999997
18078,93.47499999999997
18079,98.47499999999997
18080,-0.0
18081,-0.0
18082,-0.0
18083,-0.0
18084,-0.0
18085,-0.0
18086,-0.0
18087,-0.0
18088,-0.0
18089,-0.0
18090,-0.0
18091,-0.0
18092,-0.0
18093,-0.0
18094,-0.0
18095,-0.0
18096,-0.0
18097,-0.0
18098,-0.0
18099,-0.0
18100,-0.0
18101,-0.0
18102,-0.0
18103,-0.0
18104,-0.0
18105,-0.0
18106,-0.0
18107,-0.0
18108,296.923454800004
18109,337.375
18110,327.375
18111,317.375
18112,239.5
18113,229.5
18114,224.5
18115,229.5
18116,307.45
18117,312.45
18118,327.45
18119,307.45
18120,359.675
18121,359.675
18122,339.675
18123,349.675
18124,380.0
18125,375.0
18126,370.0
18127,365.0
18128,345.0
18129,355.0
18130,350.0
18131,345.0
18132,345.0
18133,320.0
18134,335.0
18135,320.0
18136,325.0
18137,320.0
18138,315.0
18139,320.0
18140,330.0
18141,345.0
18142,315.0
18143,320.0
18144,315.0
18145,310.0
18146,325.0
18147,310.0
18148,330.0
18149,315.0
18150,310.0
18151,320.0
18152,305.0
18153,315.0
18154,310.0
18155,310.0
18156,315.0
18157,325.0
18158,320.0
18159,325.0
18160,314.125
18161,339.125
18162,399.125
18163,394.125
18164,281.0
18165,291.0
18166,286.0
18167,306.0
18168,197.14999999999998
18169,177.14999999999998
18170,172.14999999999998
18171,182.14999999999998
18172,282.4
18173,272.4
18174,277.4
18175,287.4
18176,212.27499999999998
18177,252.27499999999998
18178,222.27499999999998
18179,252.27499999999998
18180,-0.0
18181,-0.0
18182,-0.0
18183,-0.0
18184,-0.0
18185,-0.0
18186,-0.0
18187,-0.0
18188,-0.0
18189,-0.0
18190,-0.0
18191,-0.0
18192,-0.0
18193,-0.0
18194,-0.0
18195,-0.0
18196,-0.0
18197,-0.0
18198,-0.0
18199,-0.0
18200,-0.0
18201,-0.0
18202,-0.0
18203,-0.0
18204,-0.0
18205,-0.0
18206,-0.0
18207,-0.0
18208,-0.0
18209,-0.0
18210,-0.0
18211,-0.0
18212,-0.0
18213,-0.0
18214,-0.0
18215,-0.0
18216,-0.0
18217,-0.0
18218,-0.0
18219,-0.0
18220,-0.0
18221,-0.0
18222,-0.0
18223,-0.0
18224,-0.0
18225,-0.0
18226,-0.0
18227,-0.0
18228,-0.0
18229,-0.0
18230,-0.0
18231,-0.0
18232,-0.0
18233,-0.0
18234,-0.0
18235,-0.0
18236,-0.0
18237,-0.0
18238,-0.0
18239,248.5895288000102
18240,305.0
18241,320.0
18242,305.0
18243,310.0
18244,315.0
18245,305.0
18246,310.0
18247,305.0
18248,310.0
18249,315.0
18250,305.0
18251,315.0
18252,300.0
18253,315.0
18254,300.0
18255,335.0
18256,322.925
18257,337.925
18258,397.925
18259,367.925
18260,284.925
18261,279.925
18262,294.925
18263,299.925
18264,271.175
18265,286.175
18266,271.175
18267,276.175
18268,-0.0
18269,-0.0
18270,-0.0
18271,-0.0
18272,-0.0
18273,-0.0
18274,-0.0
18275,-0.0
18276,-0.0
18277,-0.0
18278,-0.0
18279,-0.0
18280,-0.0
18281,-0.0
18282,-0.0
18283,-0.0
18284,-0.0
18285,-0.0
18286,-0.0
18287,-0.0
18288,-0.0
18289,-0.0
18290,-0.0
18291,-0.0
18292,-0.0
18293,-0.0
18294,-0.0
18295,-0.0
18296,-0.0
18297,-0.0
18298,-0.0
18299,-0.0
18300,-0.0
18301,-0.0
18302,-0.0
18303,-0.0
18304,-0.0
18305,-0.0
18306,-0.0
18307,-0.0
18308,-0.0
18309,-0.0
18310,-0.0
18311,-0.0
18312,-0.0
18313,-0.0
18314,-0.0
18315,-0.0
18316,-0.0
18317,-0.0
18318,-0.0
18319,-0.0
18320,-0.0
18321,-0.0
18322,-0.0
18323,-0.0
18324,-0.0
18325,-0.0
18326,-0.0
18327,-0.0
18328,-0.0
18329,-0.0
18330,-0.0
18331,-0.0
18332,-0.0
18333,-0.0
18334,-0.0
18335,-0.0
18336,-0.0
18337,-0.0
18338,-0.0
18339,-0.0
18340,-0.0
18341,-0.0
18342,-0.0
18343,-0.0
18344,-0.0
18345,-0.0
18346,268.45190640004813
18347,315.0
18348,310.0
18349,305.0
18350,310.0
18351,305.0
18352,323.15
18353,328.15
18354,388.15
18355,363.15
18356,352.25
18357,352.25
18358,362.25
18359,357.25
18360,245.375
18361,265.375
18362,255.375
18363,250.375
18364,105.60000000000002
18365,95.60000000000002
18366,95.60000000000002
18367,80.60000000000002
18368,-0.0
18369,-0.0
18370,-0.0
18371,-0.0
18372,-0.0
18373,-0.0
18374,-0.0
18375,-0.0
18376,-0.0
18377,-0.0
18378,-0.0
18379,-0.0
18380,-0.0
18381,-0.0
18382,-0.0
18383,-0.0
18384,-0.0
18385,-0.0
18386,-0.0
18387,-0.0
18388,-0.0
18389,-0.0
18390,-0.0
18391,-0.0
18392,-0.0
18393,-0.0
18394,-0.0
18395,-0.0
18396,-0.0
18397,-0.0
18398,-0.0
18399,-0.0
18400,-0.0
18401,-0.0
18402,-0.0
18403,-0.0
18404,-0.0
18405,-0.0
18406,-0.0
18407,-0.0
18408,-0.0
18409,-0.0
18410,-0.0
18411,-0.0
18412,-0.0
18413,-0.0
18414,-0.0
18415,-0.0
18416,-0.0
18417,-0.0
18418,-0.0
18419,-0.0
18420,-0.0
18421,-0.0
18422,-0.0
18423,-0.0
18424,-0.0
18425,-0.0
18426,-0.0
18427,-0.0
18428,-0.0
18429,-0.0
18430,-0.0
18431,-0.0
18432,-0.0
18433,-0.0
18434,-0.0
18435,-0.0
18436,-0.0
18437,-0.0
18438,-0.0
18439,-0.0
18440,215.43912000003314
18441,-0.0
18442,320.0
18443,320.0
18444,325.0
18445,315.0
18446,315.0
18447,325.0
18448,335.0
18449,360.0
18450,405.0
18451,425.0
18452,333.625
18453,333.625
18454,333.625
18455,338.625
18456,89.625
18457,104.625
18458,94.625
18459,104.625
18460,-0.0
18461,-0.0
18462,-0.0
18463,-0.0
18464,-0.0
18465,-0.0
18466,-0.0
18467,-0.0
18468,-0.0
18469,-0.0
18470,-0.0
18471,-0.0
18472,-0.0
18473,-0.0
18474,-0.0
18475,-0.0
18476,-0.0
18477,-0.0
18478,-0.0
18479,-0.0
18480,-0.0
18481,-0.0
18482,-0.0
18483,-0.0
18484,-0.0
18485,-0.0
18486,-0.0
18487,-0.0
18488,-0.0
18489,-0.0
18490,-0.0
18491,-0.0
18492,-0.0
18493,-0.0
18494,-0.0
18495,-0.0
18496,-0.0
18497,-0.0
18498,-0.0
18499,-0.0
18500,-0.0
18501,-0.0
18502,-0.0
18503,-0.0
18504,-0.0
18505,-0.0
18506,-0.0
18507,-0.0
18508,-0.0
18509,-0.0
18510,-0.0
18511,-0.0
18512,-0.0
18513,-0.0
18514,-0.0
18515,-0.0
18516,-0.0
18517,-0.0
18518,-0.0
18519,-0.0
18520,-0.0
18521,-0.0
18522,-0.0
18523,-0.0
18524,-0.0
18525,-0.0
18526,59.46736360005502
18527,345.0
18528,330.0
18529,335.0
18530,335.0
18531,330.0
18532,335.0
18533,340.0
18534,320.0
18535,335.0
18536,330.0
18537,325.0
18538,335.0
18539,335.0
18540,325.0
18541,345.0
18542,335.0
18543,340.0
18544,355.0
18545,395.0
18546,425.0
18547,415.0
18548,425.85
18549,445.85
18550,450.85
18551,445.85
18552,449.2
18553,469.2
18554,444.2
18555,459.2
18556,361.2
18557,376.2
18558,421.2
18559,421.2
18560,351.9
18561,361.9
18562,371.9
18563,391.9
18564,354.25
18565,314.25
18566,329.25
18567,334.25
18568,-0.0
18569,-0.0
18570,-0.0
18571,-0.0
18572,-0.0
18573,-0.0
18574,-0.0
18575,36.75159640000555
18576,159.27499999999998
18577,144.27499999999998
18578,144.27499999999998
18579,139.27499999999998
18580,160.8
18581,150.8
18582,140.8
18583,155.8
18584,294.8
18585,279.8
18586,264.8
18587,259.8
18588,302.3
18589,297.3
18590,282.3
18591,282.3
18592,112.64999999999998
18593,107.64999999999998
18594,107.64999999999998
18595,97.64999999999998
18596,138.14999999999998
18597,123.14999999999998
18598,148.14999999999998
18599,138.14999999999998
18600,367.8
18601,382.8
18602,347.8
18603,357.8
18604,395.0
18605,380.0
18606,385.0
18607,370.0
18608,380.0
18609,365.0
18610,360.0
18611,370.0
18612,360.0
18613,345.0
18614,340.0
18615,340.0
18616,330.0
18617,330.0
18618,335.0
18619,330.0
18620,330.0
18621,325.0
18622,330.0
18623,330.0
18624,325.0
18625,315.0
18626,325.0
18627,335.0
18628,325.0
18629,315.0
18630,320.0
18631,320.0
18632,330.0
18633,325.0
18634,325.0
18635,320.0
18636,330.0
18637,320.0
18638,330.0
18639,325.0
18640,350.0
18641,390.0
18642,425.0
18643,395.0
18644,403.4
18645,418.4
18646,428.4
18647,433.4
18648,397.325
18649,407.325
18650,417.325
18651,437.325
18652,419.275
18653,419.275
18654,434.275
18655,429.275
18656,443.5
18657,458.5
18658,438.5
18659,433.5
18660,353.07500000000005
18661,328.07500000000005
18662,328.07500000000005
18663,348.07500000000005
18664,399.65
18665,404.65
18666,409.65
18667,394.65
18668,356.5
18669,346.5
18670,316.5
18671,311.5
18672,320.775
18673,305.775
18674,300.775
18675,315.775
18676,353.325
18677,358.325
18678,373.325
18679,373.325
18680,417.075
18681,392.075
18682,402.075
18683,377.075
18684,396.275
18685,386.275
18686,381.275
18687,381.275
18688,315.025
18689,300.025
18690,290.025
18691,295.025
18692,395.45
18693,390.45
18694,390.45
18695,420.45
18696,419.275
18697,394.275
18698,399.275
18699,394.275
18700,390.0
18701,390.0
18702,385.0
18703,365.0
18704,355.0
18705,350.0
18706,345.0
18707,350.0
18708,345.0
18709,330.0
18710,340.0
18711,315.0
18712,325.0
18713,325.0
18714,320.0
18715,325.0
18716,335.0
18717,325.0
18718,325.0
18719,310.0
18720,320.0
18721,330.0
18722,310.0
18723,315.0
18724,320.0
18725,310.0
18726,320.0
18727,315.0
18728,305.0
18729,315.0
18730,315.0
18731,320.0
18732,320.0
18733,315.0
18734,320.0
18735,325.0
18736,345.0
18737,370.0
18738,395.0
18739,410.0
18740,360.575
18741,370.575
18742,385.575
18743,385.575
18744,126.67500000000001
18745,146.675
18746,131.675
18747,126.67500000000001
18748,77.57499999999999
18749,67.57499999999999
18750,72.57499999999999
18751,87.57499999999999
18752,-0.0
18753,-0.0
18754,-0.0
18755,-0.0
18756,-0.0
18757,-0.0
18758,-0.0
18759,-0.0
18760,-0.0
18761,-0.0
18762,-0.0
18763,-0.0
18764,-0.0
18765,-0.0
18766,-0.0
18767,-0.0
18768,-0.0
18769,-0.0
18770,-0.0
18771,-0.0
18772,-0.0
18773,-0.0
18774,-0.0
18775,-0.0
18776,-0.0
18777,-0.0
18778,-0.0
18779,-0.0
18780,-0.0
18781,-0.0
18782,-0.0
18783,-0.0
18784,-0.0
18785,-0.0
18786,-0.0
18787,-0.0
18788,-0.0
18789,-0.0
18790,-0.0
18791,-0.0
18792,-0.0
18793,-0.0
18794,-0.0
18795,-0.0
18796,-0.0
18797,-0.0
18798,-0.0
18799,-0.0
18800,-0.0
18801,-0.0
18802,-0.0
18803,-0.0
18804,-0.0
18805,300.927901599999
18806,350.0
18807,325.0
18808,325.0
18809,325.0
18810,310.0
18811,320.0
18812,330.0
18813,320.0
18814,330.0
18815,310.0
18816,315.0
18817,320.0
18818,310.0
18819,315.0
18820,315.0
18821,310.0
18822,315.0
18823,300.0
18824,320.0
18825,305.0
18826,310.0
18827,305.0
18828,305.0
18829,315.0
18830,310.0
18831,320.0
18832,335.0
18833,370.0
18834,405.0
18835,385.0
18836,375.55
18837,395.55
18838,405.55
18839,410.55
18840,390.825
18841,400.825
18842,405.825
18843,410.825
18844,296.025
18845,291.025
18846,301.025
18847,311.025
18848,131.14999999999998
18849,146.14999999999998
18850,141.14999999999998
18851,131.14999999999998
18852,250.5
18853,265.5
18854,265.5
18855,240.5
18856,178.75
18857,183.75
18858,203.75
18859,193.75
18860,-0.0
18861,-0.0
18862,-0.0
18863,-0.0
18864,-0.0
18865,-0.0
18866,-0.0
18867,-0.0
18868,-0.0
18869,-0.0
18870,-0.0
18871,-0.0
18872,-0.0
18873,-0.0
18874,-0.0
18875,-0.0
18876,-0.0
18877,-0.0
18878,-0.0
18879,-0.0
18880,-0.0
18881,-0.0
18882,-0.0
18883,-0.0
18884,-0.0
18885,182.22046720001387
18886,179.75
18887,164.75
18888,319.35
18889,329.35
18890,319.35
18891,319.35
18892,360.0
18893,360.0
18894,360.0
18895,360.0
18896,335.0
18897,345.0
18898,340.0
18899,335.0
18900,340.0
18901,325.0
18902,320.0
18903,320.0
18904,315.0
18905,315.0
18906,310.0
18907,310.0
18908,310.0
18909,305.0
18910,315.0
18911,295.0
18912,315.0
18913,315.0
18914,305.0
18915,315.0
18916,305.0
18917,315.0
18918,310.0
18919,305.0
18920,315.0
18921,295.0
18922,315.0
18923,310.0
18924,310.0
18925,315.0
18926,305.0
18927,315.0
18928,330.0
18929,345.0
18930,370.0
18931,380.0
18932,339.35
18933,344.35
18934,364.35
18935,354.35
18936,145.125
18937,160.125
18938,155.125
18939,170.125
18940,105.22500000000002
18941,90.22500000000002
18942,100.22500000000002
18943,95.22500000000002
18944,-0.0
18945,-0.0
18946,-0.0
18947,-0.0
18948,-0.0
18949,-0.0
18950,-0.0
18951,-0.0
18952,-0.0
18953,-0.0
18954,-0.0
18955,-0.0
18956,-0.0
18957,-0.0
18958,-0.0
18959,-0.0
18960,-0.0
18961,-0.0
18962,-0.0
18963,-0.0
18964,-0.0
18965,-0.0
18966,-0.0
18967,-0.0
18968,-0.0
18969,-0.0
18970,-0.0
18971,-0.0
18972,-0.0
18973,-0.0
18974,-0.0
18975,-0.0
18976,-0.0
18977,-0.0
18978,-0.0
18979,-0.0
18980,-0.0
18981,-0.0
18982,-0.0
18983,-0.0
18984,-0.0
18985,-0.0
18986,-0.0
18987,-0.0
18988,-0.0
18989,-0.0
18990,-0.0
18991,-0.0
18992,-0.0
18993,-0.0
18994,-0.0
18995,-0.0
18996,-0.0
18997,-0.0
18998,-0.0
18999,-0.0
19000,-0.0
19001,-0.0
19002,-0.0
19003,-0.0
19004,-0.0
19005,-0.0
19006,-0.0
19007,-0.0
19008,-0.0
19009,-0.0
19010,-0.0
19011,-0.0
19012,-0.0
19013,-0.0
19014,-0.0
19015,-0.0
19016,-0.0
19017,-0.0
19018,-0.0
19019,-0.0
19020,231.6600000000557
19021,310.0
19022,320.0
19023,305.0
19024,323.15
19025,333.15
19026,393.15
19027,348.15
19028,276.2
19029,276.2
19030,266.2
19031,271.2
19032,0.875
19033,-0.0
19034,-0.0
19035,-0.0
19036,-0.0
19037,-0.0
19038,-0.0
19039,-0.0
19040,-0.0
19041,-0.0
19042,-0.0
19043,-0.0
19044,-0.0
19045,-0.0
19046,-0.0
19047,-0.0
19048,-0.0
19049,-0.0
19050,-0.0
19051,-0.0
19052,-0.0
19053,-0.0
19054,-0.0
19055,-0.0
19056,-0.0
19057,-0.0
19058,-0.0
19059,-0.0
19060,-0.0
19061,-0.0
19062,-0.0
19063,-0.0
19064,-0.0
19065,-0.0
19066,-0.0
19067,-0.0
19068,-0.0
19069,-0.0
19070,-0.0
19071,-0.0
19072,-0.0
19073,-0.0
19074,-0.0
19075,-0.0
19076,-0.0
19077,-0.0
19078,-0.0
19079,-0.0
19080,-0.0
19081,-0.0
19082,-0.0
19083,-0.0
19084,-0.0
19085,-0.0
19086,-0.0
19087,-0.0
19088,-0.0
19089,-0.0
19090,-0.0
19091,-0.0
19092,-0.0
19093,-0.0
19094,-0.0
19095,-0.0
19096,-0.0
19097,-0.0
19098,-0.0
19099,-0.0
19100,-0.0
19101,-0.0
19102,-0.0
19103,-0.0
19104,-0.0
19105,-0.0
19106,-0.0
19107,-0.0
19108,-0.0
19109,-0.0
19110,-0.0
19111,-0.0
19112,-0.0
19113,-0.0
19114,-0.0
19115,114.5600000000446
19116,325.0
19117,320.0
19118,330.0
19119,325.0
19120,335.125
19121,370.125
19122,415.125
19123,425.125
19124,301.3
19125,296.3
19126,296.3
19127,331.3
19128,127.84999999999997
19129,137.84999999999997
19130,117.84999999999997
19131,137.84999999999997
19132,88.80000000000001
19133,83.80000000000001
19134,98.80000000000001
19135,133.8
19136,109.75000000000006
19137,119.75000000000006
19138,114.75000000000006
19139,124.75000000000006
19140,-0.0
19141,-0.0
19142,-0.0
19143,-0.0
19144,-0.0
19145,-0.0
19146,-0.0
19147,-0.0
19148,-0.0
19149,-0.0
19150,-0.0
19151,-0.0
19152,-0.0
19153,-0.0
19154,-0.0
19155,-0.0
19156,-0.0
19157,-0.0
19158,-0.0
19159,-0.0
19160,-0.0
19161,-0.0
19162,-0.0
19163,-0.0
19164,-0.0
19165,-0.0
19166,-0.0
19167,-0.0
19168,-0.0
19169,-0.0
19170,-0.0
19171,-0.0
19172,-0.0
19173,-0.0
19174,-0.0
19175,-0.0
19176,-0.0
19177,-0.0
19178,-0.0
19179,-0.0
19180,-0.0
19181,-0.0
19182,-0.0
19183,-0.0
19184,-0.0
19185,-0.0
19186,-0.0
19187,-0.0
19188,-0.0
19189,-0.0
19190,260.75569959997836
19191,325.0
19192,310.0
19193,315.0
19194,315.0
19195,305.0
19196,310.0
19197,300.0
19198,320.0
19199,305.0
19200,305.0
19201,315.0
19202,310.0
19203,310.0
19204,300.0
19205,310.0
19206,300.0
19207,315.0
19208,305.0
19209,315.0
19210,315.0
19211,305.0
19212,325.0
19213,305.0
19214,325.0
19215,310.0
19216,335.0
19217,370.0
19218,405.0
19219,395.0
19220,305.375
19221,320.375
19222,315.375
19223,315.375
19224,60.02499999999998
19225,75.02499999999998
19226,70.02499999999998
19227,70.02499999999998
19228,-0.0
19229,-0.0
19230,-0.0
19231,-0.0
19232,-0.0
19233,-0.0
19234,-0.0
19235,-0.0
19236,-0.0
19237,-0.0
19238,-0.0
19239,-0.0
19240,-0.0
19241,-0.0
19242,-0.0
19243,-0.0
19244,-0.0
19245,-0.0
19246,-0.0
19247,-0.0
19248,-0.0
19249,-0.0
19250,-0.0
19251,-0.0
19252,-0.0
19253,-0.0
19254,-0.0
19255,-0.0
19256,-0.0
19257,-0.0
19258,-0.0
19259,-0.0
19260,-0.0
19261,-0.0
19262,-0.0
19263,-0.0
19264,-0.0
19265,-0.0
19266,-0.0
19267,-0.0
19268,-0.0
19269,-0.0
19270,-0.0
19271,-0.0
19272,-0.0
19273,-0.0
19274,-0.0
19275,-0.0
19276,-0.0
19277,-0.0
19278,-0.0
19279,-0.0
19280,-0.0
19281,-0.0
19282,-0.0
19283,-0.0
19284,-0.0
19285,-0.0
19286,-0.0
19287,-0.0
19288,-0.0
19289,-0.0
19290,-0.0
19291,-0.0
19292,-0.0
19293,-0.0
19294,-0.0
19295,-0.0
19296,-0.0
19297,-0.0
19298,-0.0
19299,-0.0
19300,-0.0
19301,-0.0
19302,-0.0
19303,-0.0
19304,-0.0
19305,-0.0
19306,-0.0
19307,-0.0
19308,143.76000000003881
19309,325.0
19310,300.0
19311,325.0
19312,328.075
19313,378.075
19314,408.075
19315,413.075
19316,304.125
19317,304.125
19318,324.125
19319,314.125
19320,76.92500000000001
19321,61.92500000000001
19322,76.92500000000001
19323,96.92500000000001
19324,-0.0
19325,-0.0
19326,-0.0
19327,-0.0
19328,-0.0
19329,-0.0
19330,-0.0
19331,-0.0
19332,-0.0
19333,-0.0
19334,-0.0
19335,-0.0
19336,-0.0
19337,-0.0
19338,-0.0
19339,-0.0
19340,-0.0
19341,-0.0
19342,-0.0
19343,-0.0
19344,-0.0
19345,-0.0
19346,-0.0
19347,-0.0
19348,-0.0
19349,-0.0
19350,-0.0
19351,-0.0
19352,-0.0
19353,-0.0
19354,-0.0
19355,-0.0
19356,-0.0
19357,-0.0
19358,-0.0
19359,-0.0
19360,-0.0
19361,-0.0
19362,-0.0
19363,-0.0
19364,-0.0
19365,-0.0
19366,-0.0
19367,-0.0
19368,-0.0
19369,-0.0
19370,-0.0
19371,-0.0
19372,-0.0
19373,-0.0
19374,-0.0
19375,-0.0
19376,-0.0
19377,-0.0
19378,-0.0
19379,-0.0
19380,-0.0
19381,-0.0
19382,-0.0
19383,-0.0
19384,-0.0
19385,-0.0
19386,-0.0
19387,-0.0
19388,-0.0
19389,-0.0
19390,-0.0
19391,-0.0
19392,-0.0
19393,-0.0
19394,-0.0
19395,-0.0
19396,-0.0
19397,-0.0
19398,-0.0
19399,-0.0
19400,-0.0
19401,-0.0
19402,-0.0
19403,-0.0
19404,-0.0
19405,292.36000000005953
19406,310.0
19407,310.0
19408,335.0
19409,360.0
19410,400.0
19411,395.0
19412,293.675
19413,293.675
19414,313.675
19415,338.675
19416,79.875
19417,104.875
19418,109.875
19419,129.875
19420,-0.0
19421,-0.0
19422,-0.0
19423,-0.0
19424,-0.0
19425,-0.0
19426,-0.0
19427,-0.0
19428,-0.0
19429,-0.0
19430,-0.0
19431,-0.0
19432,-0.0
19433,-0.0
19434,-0.0
19435,-0.0
19436,-0.0
19437,-0.0
19438,-0.0
19439,-0.0
19440,-0.0
19441,-0.0
19442,-0.0
19443,-0.0
19444,-0.0
19445,-0.0
19446,-0.0
19447,-0.0
19448,-0.0
19449,-0.0
19450,-0.0
19451,-0.0
19452,-0.0
19453,-0.0
19454,-0.0
19455,-0.0
19456,-0.0
19457,-0.0
19458,-0.0
19459,-0.0
19460,-0.0
19461,-0.0
19462,-0.0
19463,-0.0
19464,-0.0
19465,-0.0
19466,-0.0
19467,-0.0
19468,-0.0
19469,-0.0
19470,-0.0
19471,-0.0
19472,-0.0
19473,-0.0
19474,-0.0
19475,-0.0
19476,-0.0
19477,-0.0
19478,-0.0
19479,-0.0
19480,-0.0
19481,-0.0
19482,-0.0
19483,-0.0
19484,-0.0
19485,-0.0
19486,-0.0
19487,-0.0
19488,-0.0
19489,-0.0
19490,-0.0
19491,-0.0
19492,-0.0
19493,-0.0
19494,-0.0
19495,-0.0
19496,-0.0
19497,-0.0
19498,-0.0
19499,94.56000000007131
19500,315.0
19501,315.0
19502,310.0
19503,325.0
19504,320.0
19505,370.0
19506,400.0
19507,410.0
19508,302.575
19509,312.575
19510,352.575
19511,337.575
19512,91.10000000000002
19513,81.10000000000002
19514,106.10000000000002
19515,116.10000000000002
19516,-0.0
19517,-0.0
19518,-0.0
19519,-0.0
19520,-0.0
19521,-0.0
19522,-0.0
19523,-0.0
19524,-0.0
19525,-0.0
19526,-0.0
19527,-0.0
19528,-0.0
19529,-0.0
19530,-0.0
19531,-0.0
19532,-0.0
19533,-0.0
19534,-0.0
19535,-0.0
19536,-0.0
19537,-0.0
19538,-0.0
19539,-0.0
19540,-0.0
19541,-0.0
19542,-0.0
19543,-0.0
19544,-0.0
19545,-0.0
19546,-0.0
19547,-0.0
19548,-0.0
19549,-0.0
19550,-0.0
19551,-0.0
19552,-0.0
19553,-0.0
19554,-0.0
19555,-0.0
19556,-0.0
19557,-0.0
19558,-0.0
19559,-0.0
19560,-0.0
19561,-0.0
19562,-0.0
19563,-0.0
19564,-0.0
19565,-0.0
19566,-0.0
19567,-0.0
19568,-0.0
19569,-0.0
19570,-0.0
19571,-0.0
19572,-0.0
19573,-0.0
19574,-0.0
19575,-0.0
19576,-0.0
19577,-0.0
19578,-0.0
19579,-0.0
19580,-0.0
19581,-0.0
19582,-0.0
19583,-0.0
19584,-0.0
19585,-0.0
19586,-0.0
19587,-0.0
19588,-0.0
19589,-0.0
19590,-0.0
19591,-0.0
19592,-0.0
19593,-0.0
19594,-0.0
19595,84.06000000004573
19596,325.0
19597,315.0
19598,320.0
19599,305.0
19600,325.0
19601,365.0
19602,380.0
19603,370.0
19604,319.025
19605,334.025
19606,339.025
19607,339.025
19608,292.775
19609,272.775
19610,272.775
19611,277.775
19612,103.07499999999999
19613,103.07499999999999
19614,103.07499999999999
19615,113.07499999999999
19616,271.15
19617,271.15
19618,281.15
19619,276.15
19620,249.375
19621,249.375
19622,244.375
19623,234.375
19624,225.325
19625,240.325
19626,235.325
19627,240.325
19628,302.85
19629,287.85
19630,292.85
19631,307.85
19632,249.9
19633,244.9
19634,249.9
19635,254.9
19636,251.375
19637,251.375
19638,251.375
19639,261.375
19640,272.1
19641,262.1
19642,257.1
19643,267.1
19644,234.075
19645,244.075
19646,234.075
19647,239.075
19648,31.150000000000034
19649,46.150000000000034
19650,36.150000000000034
19651,36.150000000000034
19652,108.82499999999999
19653,118.82499999999999
19654,118.82499999999999
19655,118.82499999999999
19656,297.375
19657,292.375
19658,292.375
19659,292.375
19660,355.0
19661,365.0
19662,360.0
19663,360.0
19664,345.0
19665,355.0
19666,350.0
19667,340.0
19668,335.0
19669,325.0
19670,320.0
19671,325.0
19672,325.0
19673,310.0
19674,325.0
19675,315.0
19676,320.0
19677,320.0
19678,310.0
19679,320.0
19680,315.0
19681,315.0
19682,320.0
19683,310.0
19684,320.0
19685,315.0
19686,310.0
19687,320.0
19688,310.0
19689,315.0
19690,310.0
19691,305.0
19692,325.0
19693,310.0
19694,320.0
19695,320.0
19696,320.0
19697,360.0
19698,405.0
19699,365.0
19700,287.6
19701,292.6
19702,317.6
19703,327.6
19704,53.22500000000002
19705,33.22500000000002
19706,18.225000000000023
19707,33.22500000000002
19708,-0.0
19709,-0.0
19710,-0.0
19711,-0.0
19712,-0.0
19713,-0.0
19714,-0.0
19715,-0.0
19716,-0.0
19717,-0.0
19718,-0.0
19719,-0.0
19720,-0.0
19721,-0.0
19722,-0.0
19723,-0.0
19724,-0.0
19725,-0.0
19726,-0.0
19727,-0.0
19728,-0.0
19729,-0.0
19730,-0.0
19731,-0.0
19732,-0.0
19733,-0.0
19734,-0.0
19735,-0.0
19736,-0.0
19737,-0.0
19738,-0.0
19739,-0.0
19740,-0.0
19741,-0.0
19742,-0.0
19743,-0.0
19744,-0.0
19745,-0.0
19746,-0.0
19747,-0.0
19748,-0.0
19749,-0.0
19750,-0.0
19751,-0.0
19752,-0.0
19753,-0.0
19754,-0.0
19755,-0.0
19756,-0.0
19757,-0.0
19758,-0.0
19759,-0.0
19760,-0.0
19761,-0.0
19762,-0.0
19763,-0.0
19764,-0.0
19765,-0.0
19766,-0.0
19767,-0.0
19768,-0.0
19769,-0.0
19770,-0.0
19771,-0.0
19772,-0.0
19773,-0.0
19774,-0.0
19775,-0.0
19776,-0.0
19777,-0.0
19778,-0.0
19779,-0.0
19780,-0.0
19781,-0.0
19782,-0.0
19783,-0.0
19784,-0.0
19785,-0.0
19786,-0.0
19787,-0.0
19788,285.4600000000807
19789,325.0
19790,315.0
19791,325.0
19792,335.0
19793,355.0
19794,435.0
19795,430.0
19796,349.275
19797,364.275
19798,324.275
19799,354.275
19800,166.425
19801,171.425
19802,186.425
19803,206.425
19804,-0.0
19805,-0.0
19806,-0.0
19807,-0.0
19808,-0.0
19809,-0.0
19810,-0.0
19811,-0.0
19812,-0.0
19813,-0.0
19814,-0.0
19815,-0.0
19816,-0.0
19817,-0.0
19818,-0.0
19819,-0.0
19820,-0.0
19821,-0.0
19822,-0.0
19823,-0.0
19824,-0.0
19825,-0.0
19826,-0.0
19827,-0.0
19828,-0.0
19829,-0.0
19830,-0.0
19831,-0.0
19832,-0.0
19833,-0.0
19834,-0.0
19835,-0.0
19836,-0.0
19837,-0.0
19838,-0.0
19839,-0.0
19840,-0.0
19841,-0.0
19842,-0.0
19843,-0.0
19844,-0.0
19845,-0.0
19846,-0.0
19847,-0.0
19848,-0.0
19849,-0.0
19850,-0.0
19851,-0.0
19852,-0.0
19853,-0.0
19854,-0.0
19855,-0.0
19856,-0.0
19857,-0.0
19858,-0.0
19859,-0.0
19860,-0.0
19861,-0.0
19862,-0.0
19863,-0.0
19864,-0.0
19865,-0.0
19866,-0.0
19867,-0.0
19868,-0.0
19869,-0.0
19870,-0.0
19871,-0.0
19872,-0.0
19873,-0.0
19874,-0.0
19875,-0.0
19876,-0.0
19877,-0.0
19878,-0.0
19879,-0.0
19880,132.3600000000586
19881,310.0
19882,325.0
19883,315.0
19884,320.0
19885,315.0
19886,315.0
19887,330.0
19888,330.0
19889,360.0
19890,425.0
19891,390.0
19892,314.05
19893,334.05
19894,339.05
19895,349.05
19896,338.8
19897,338.8
19898,358.8
19899,333.8
19900,34.25
19901,39.25
19902,44.25
19903,39.25
19904,-0.0
19905,-0.0
19906,-0.0
19907,-0.0
19908,-0.0
19909,-0.0
19910,-0.0
19911,-0.0
19912,-0.0
19913,-0.0
19914,-0.0
19915,-0.0
19916,-0.0
19917,-0.0
19918,-0.0
19919,-0.0
19920,-0.0
19921,-0.0
19922,-0.0
19923,-0.0
19924,-0.0
19925,-0.0
19926,-0.0
19927,-0.0
19928,-0.0
19929,-0.0
19930,-0.0
19931,-0.0
19932,-0.0
19933,-0.0
19934,-0.0
19935,-0.0
19936,-0.0
19937,-0.0
19938,-0.0
19939,-0.0
19940,-0.0
19941,-0.0
19942,-0.0
19943,-0.0
19944,-0.0
19945,-0.0
19946,-0.0
19947,-0.0
19948,-0.0
19949,-0.0
19950,-0.0
19951,-0.0
19952,-0.0
19953,-0.0
19954,189.0960208000252
19955,340.0
19956,350.0
19957,325.0
19958,325.0
19959,320.0
19960,315.0
19961,325.0
19962,310.0
19963,320.0
19964,320.0
19965,310.0
19966,315.0
19967,310.0
19968,325.0
19969,310.0
19970,310.0
19971,320.0
19972,300.0
19973,315.0
19974,310.0
19975,315.0
19976,310.0
19977,305.0
19978,320.0
19979,315.0
19980,325.0
19981,320.0
19982,320.0
19983,320.0
19984,340.0
19985,385.0
19986,405.0
19987,400.0
19988,327.175
19989,352.175
19990,357.175
19991,362.175
19992,250.20000000000002
19993,235.20000000000002
19994,230.20000000000002
19995,235.20000000000002
19996,-0.0
19997,-0.0
19998,-0.0
19999,-0.0
20000,24.773903200002167
20001,329.475
20002,324.475
20003,344.475
20004,268.0
20005,303.0
20006,263.0
20007,228.0
20008,-0.0
20009,-0.0
20010,-0.0
20011,-0.0
20012,-0.0
20013,-0.0
20014,-0.0
20015,-0.0
20016,-0.0
20017,-0.0
20018,-0.0
20019,-0.0
20020,-0.0
20021,-0.0
20022,-0.0
20023,-0.0
20024,-0.0
20025,-0.0
20026,-0.0
20027,-0.0
20028,-0.0
20029,-0.0
20030,-0.0
20031,-0.0
20032,-0.0
20033,-0.0
20034,-0.0
20035,-0.0
20036,-0.0
20037,-0.0
20038,-0.0
20039,-0.0
20040,-0.0
20041,-0.0
20042,-0.0
20043,-0.0
20044,-0.0
20045,-0.0
20046,-0.0
20047,-0.0
20048,-0.0
20049,-0.0
20050,-0.0
20051,-0.0
20052,-0.0
20053,-0.0
20054,-0.0
20055,-0.0
20056,-0.0
20057,-0.0
20058,-0.0
20059,-0.0
20060,-0.0
20061,-0.0
20062,-0.0
20063,-0.0
20064,-0.0
20065,-0.0
20066,-0.0
20067,-0.0
20068,-0.0
20069,-0.0
20070,263.05959330004924
20071,305.0
20072,305.0
20073,310.0
20074,295.0
20075,310.0
20076,315.0
20077,310.0
20078,305.0
20079,305.0
20080,330.0
20081,350.0
20082,395.0
20083,385.0
20084,333.325
20085,353.325
20086,353.325
20087,383.325
20088,197.3
20089,207.3
20090,172.3
20091,177.3
20092,-0.0
20093,-0.0
20094,-0.0
20095,-0.0
20096,-0.0
20097,-0.0
20098,-0.0
20099,-0.0
20100,-0.0
20101,-0.0
20102,-0.0
20103,-0.0
20104,-0.0
20105,-0.0
20106,-0.0
20107,-0.0
20108,-0.0
20109,-0.0
20110,-0.0
20111,-0.0
20112,-0.0
20113,-0.0
20114,-0.0
20115,-0.0
20116,-0.0
20117,-0.0
20118,-0.0
20119,-0.0
20120,-0.0
20121,-0.0
20122,-0.0
20123,-0.0
20124,-0.0
20125,-0.0
20126,-0.0
20127,-0.0
20128,-0.0
20129,-0.0
20130,-0.0
20131,-0.0
20132,-0.0
20133,-0.0
20134,-0.0
20135,-0.0
20136,-0.0
20137,-0.0
20138,-0.0
20139,-0.0
20140,-0.0
20141,-0.0
20142,-0.0
20143,-0.0
20144,-0.0
20145,-0.0
20146,-0.0
20147,-0.0
20148,-0.0
20149,-0.0
20150,-0.0
20151,-0.0
20152,-0.0
20153,-0.0
20154,-0.0
20155,-0.0
20156,-0.0
20157,-0.0
20158,-0.0
20159,-0.0
20160,-0.0
20161,-0.0
20162,-0.0
20163,-0.0
20164,-0.0
20165,-0.0
20166,-0.0
20167,-0.0
20168,-0.0
20169,-0.0
20170,-0.0
20171,-0.0
20172,216.26000000004603
20173,315.0
20174,300.0
20175,315.0
20176,335.0
20177,370.0
20178,390.0
20179,380.0
20180,314.675
20181,324.675
20182,344.675
20183,339.675
20184,122.55000000000001
20185,107.55000000000001
20186,92.55000000000001
20187,97.55000000000001
20188,-0.0
20189,-0.0
20190,-0.0
20191,-0.0
20192,-0.0
20193,-0.0
20194,-0.0
20195,-0.0
20196,-0.0
20197,-0.0
20198,-0.0
20199,-0.0
20200,-0.0
20201,-0.0
20202,-0.0
20203,-0.0
20204,-0.0
20205,-0.0
20206,-0.0
20207,-0.0
20208,-0.0
20209,-0.0
20210,-0.0
20211,-0.0
20212,-0.0
20213,-0.0
20214,-0.0
20215,-0.0
20216,-0.0
20217,-0.0
20218,-0.0
20219,-0.0
20220,-0.0
20221,-0.0
20222,-0.0
20223,-0.0
20224,-0.0
20225,-0.0
20226,-0.0
20227,-0.0
20228,-0.0
20229,-0.0
20230,-0.0
20231,-0.0
20232,-0.0
20233,-0.0
20234,-0.0
20235,-0.0
20236,-0.0
20237,-0.0
20238,-0.0
20239,-0.0
20240,-0.0
20241,-0.0
20242,-0.0
20243,-0.0
20244,-0.0
20245,-0.0
20246,-0.0
20247,-0.0
20248,-0.0
20249,-0.0
20250,-0.0
20251,-0.0
20252,-0.0
20253,-0.0
20254,-0.0
20255,-0.0
20256,-0.0
20257,-0.0
20258,-0.0
20259,-0.0
20260,-0.0
20261,-0.0
20262,-0.0
20263,-0.0
20264,-0.0
20265,-0.0
20266,315.0
20267,47.731899400056136
20268,310.0
20269,295.0
20270,300.0
20271,305.0
20272,325.0
20273,350.0
20274,350.0
20275,380.0
20276,298.425
20277,313.425
20278,308.425
20279,313.425
20280,226.425
20281,221.425
20282,206.425
20283,186.425
20284,-0.0
20285,-0.0
20286,-0.0
20287,-0.0
20288,-0.0
20289,-0.0
20290,-0.0
20291,-0.0
20292,-0.0
20293,-0.0
20294,-0.0
20295,-0.0
20296,-0.0
20297,-0.0
20298,-0.0
20299,-0.0
20300,-0.0
20301,-0.0
20302,-0.0
20303,-0.0
20304,-0.0
20305,-0.0
20306,-0.0
20307,-0.0
20308,-0.0
20309,-0.0
20310,-0.0
20311,-0.0
20312,-0.0
20313,-0.0
20314,-0.0
20315,-0.0
20316,-0.0
20317,-0.0
20318,-0.0
20319,-0.0
20320,-0.0
20321,-0.0
20322,-0.0
20323,-0.0
20324,-0.0
20325,-0.0
20326,-0.0
20327,-0.0
20328,-0.0
20329,-0.0
20330,-0.0
20331,-0.0
20332,-0.0
20333,-0.0
20334,-0.0
20335,-0.0
20336,-0.0
20337,-0.0
20338,-0.0
20339,-0.0
20340,-0.0
20341,-0.0
20342,-0.0
20343,-0.0
20344,-0.0
20345,-0.0
20346,-0.0
20347,-0.0
20348,-0.0
20349,-0.0
20350,-0.0
20351,-0.0
20352,-0.0
20353,-0.0
20354,-0.0
20355,-0.0
20356,-0.0
20357,25.45816280003504
20358,300.0
20359,300.0
20360,300.0
20361,305.0
20362,300.0
20363,305.0
20364,295.0
20365,305.0
20366,295.0
20367,310.0
20368,310.0
20369,340.0
20370,360.0
20371,365.0
20372,276.5
20373,286.5
20374,266.5
20375,301.5
20376,40.60000000000002
20377,40.60000000000002
20378,20.600000000000023
20379,35.60000000000002
20380,-0.0
20381,-0.0
20382,-0.0
20383,-0.0
20384,-0.0
20385,-0.0
20386,-0.0
20387,-0.0
20388,-0.0
20389,-0.0
20390,-0.0
20391,-0.0
20392,-0.0
20393,-0.0
20394,-0.0
20395,-0.0
20396,-0.0
20397,-0.0
20398,-0.0
20399,-0.0
20400,-0.0
20401,-0.0
20402,-0.0
20403,-0.0
20404,-0.0
20405,-0.0
20406,-0.0
20407,-0.0
20408,-0.0
20409,-0.0
20410,-0.0
20411,-0.0
20412,-0.0
20413,-0.0
20414,-0.0
20415,-0.0
20416,-0.0
20417,-0.0
20418,-0.0
20419,-0.0
20420,-0.0
20421,-0.0
20422,-0.0
20423,-0.0
20424,-0.0
20425,-0.0
20426,-0.0
20427,-0.0
20428,-0.0
20429,-0.0
20430,-0.0
20431,-0.0
20432,-0.0
20433,-0.0
20434,-0.0
20435,-0.0
20436,-0.0
20437,-0.0
20438,-0.0
20439,-0.0
20440,-0.0
20441,-0.0
20442,-0.0
20443,-0.0
20444,-0.0
20445,-0.0
20446,-0.0
20447,-0.0
20448,-0.0
20449,-0.0
20450,-0.0
20451,-0.0
20452,-0.0
20453,-0.0
20454,-0.0
20455,-0.0
20456,-0.0
20457,-0.0
20458,-0.0
20459,-0.0
20460,-0.0
20461,21.044425600043155
20462,315.0
20463,310.0
20464,335.0
20465,360.0
20466,405.0
20467,405.0
20468,415.65
20469,400.65
20470,400.65
20471,405.65
20472,340.175
20473,350.175
20474,335.175
20475,325.175
20476,342.525
20477,337.525
20478,332.525
20479,342.525
20480,208.45
20481,218.45
20482,218.45
20483,208.45
20484,193.59999999999997
20485,213.59999999999997
20486,228.59999999999997
20487,233.59999999999997
20488,-0.0
20489,-0.0
20490,-0.0
20491,-0.0
20492,-0.0
20493,-0.0
20494,-0.0
20495,-0.0
20496,-0.0
20497,-0.0
20498,-0.0
20499,-0.0
20500,-0.0
20501,-0.0
20502,-0.0
20503,-0.0
20504,-0.0
20505,-0.0
20506,-0.0
20507,-0.0
20508,-0.0
20509,-0.0
20510,-0.0
20511,-0.0
20512,-0.0
20513,-0.0
20514,-0.0
20515,-0.0
20516,-0.0
20517,-0.0
20518,-0.0
20519,-0.0
20520,-0.0
20521,-0.0
20522,-0.0
20523,-0.0
20524,-0.0
20525,-0.0
20526,-0.0
20527,-0.0
20528,-0.0
20529,-0.0
20530,-0.0
20531,-0.0
20532,-0.0
20533,-0.0
20534,-0.0
20535,-0.0
20536,-0.0
20537,-0.0
20538,-0.0
20539,-0.0
20540,-0.0
20541,-0.0
20542,-0.0
20543,-0.0
20544,-0.0
20545,-0.0
20546,-0.0
20547,-0.0
20548,-0.0
20549,-0.0
20550,2.5936408000346773
20551,300.0
20552,300.0
20553,305.0
20554,295.0
20555,315.0
20556,295.0
20557,310.0
20558,300.0
20559,315.0
20560,315.0
20561,360.0
20562,395.0
20563,385.0
20564,392.125
20565,402.125
20566,417.125
20567,427.125
20568,436.325
20569,431.325
20570,446.325
20571,436.325
20572,342.775
20573,332.775
20574,327.775
20575,357.775
20576,295.125
20577,295.125
20578,310.125
20579,280.125
20580,196.27499999999998
20581,206.27499999999998
20582,196.27499999999998
20583,176.27499999999998
20584,68.44999999999999
20585,83.44999999999999
20586,103.44999999999999
20587,78.44999999999999
20588,-0.0
20589,-0.0
20590,-0.0
20591,-0.0
20592,-0.0
20593,-0.0
20594,-0.0
20595,-0.0
20596,-0.0
20597,-0.0
20598,-0.0
20599,-0.0
20600,-0.0
20601,-0.0
20602,-0.0
20603,-0.0
20604,-0.0
20605,-0.0
20606,-0.0
20607,-0.0
20608,-0.0
20609,-0.0
20610,-0.0
20611,-0.0
20612,-0.0
20613,-0.0
20614,-0.0
20615,-0.0
20616,-0.0
20617,-0.0
20618,241.95938040003693
20619,295.75
20620,345.0
20621,350.0
20622,345.0
20623,335.0
20624,340.0
20625,330.0
20626,330.0
20627,330.0
20628,320.0
20629,320.0
20630,305.0
20631,305.0
20632,300.0
20633,295.0
20634,300.0
20635,290.0
20636,305.0
20637,295.0
20638,300.0
20639,295.0
20640,300.0
20641,300.0
20642,290.0
20643,305.0
20644,295.0
20645,305.0
20646,290.0
20647,300.0
20648,290.0
20649,300.0
20650,295.0
20651,295.0
20652,300.0
20653,295.0
20654,310.0
20655,305.0
20656,330.0
20657,360.0
20658,390.0
20659,370.0
20660,299.1
20661,339.1
20662,349.1
20663,374.1
20664,162.34999999999997
20665,182.34999999999997
20666,187.34999999999997
20667,182.34999999999997
20668,-0.0
20669,-0.0
20670,-0.0
20671,-0.0
20672,-0.0
20673,-0.0
20674,-0.0
20675,-0.0
20676,-0.0
20677,-0.0
20678,-0.0
20679,-0.0
20680,-0.0
20681,-0.0
20682,-0.0
20683,-0.0
20684,-0.0
20685,-0.0
20686,-0.0
20687,-0.0
20688,-0.0
20689,-0.0
20690,-0.0
20691,-0.0
20692,-0.0
20693,-0.0
20694,-0.0
20695,-0.0
20696,-0.0
20697,-0.0
20698,-0.0
20699,-0.0
20700,-0.0
20701,-0.0
20702,-0.0
20703,-0.0
20704,-0.0
20705,-0.0
20706,-0.0
20707,-0.0
20708,-0.0
20709,-0.0
20710,-0.0
20711,-0.0
20712,-0.0
20713,-0.0
20714,-0.0
20715,-0.0
20716,-0.0
20717,-0.0
20718,-0.0
20719,-0.0
20720,-0.0
20721,-0.0
20722,-0.0
20723,-0.0
20724,-0.0
20725,-0.0
20726,-0.0
20727,-0.0
20728,-0.0
20729,-0.0
20730,-0.0
20731,-0.0
20732,-0.0
20733,-0.0
20734,-0.0
20735,-0.0
20736,-0.0
20737,-0.0
20738,-0.0
20739,-0.0
20740,-0.0
20741,-0.0
20742,-0.0
20743,-0.0
20744,-0.0
20745,-0.0
20746,-0.0
20747,-0.0
20748,285.16000000006005
20749,305.0
20750,305.0
20751,315.0
20752,335.0
20753,355.0
20754,405.0
20755,415.0
20756,398.025
20757,388.025
20758,388.025
20759,433.025
20760,341.9
20761,346.9
20762,331.9
20763,331.9
20764,-0.0
20765,-0.0
20766,2.2998320000024686
20767,34.0
20768,-0.0
20769,-0.0
20770,-0.0
20771,-0.0
20772,-0.0
20773,-0.0
20774,-0.0
20775,-0.0
20776,-0.0
20777,-0.0
20778,-0.0
20779,-0.0
20780,-0.0
20781,-0.0
20782,-0.0
20783,-0.0
20784,-0.0
20785,-0.0
20786,-0.0
20787,-0.0
20788,-0.0
20789,-0.0
20790,-0.0
20791,-0.0
20792,-0.0
20793,-0.0
20794,-0.0
20795,-0.0
20796,-0.0
20797,-0.0
20798,-0.0
20799,-0.0
20800,-0.0
20801,-0.0
20802,-0.0
20803,-0.0
20804,-0.0
20805,-0.0
20806,-0.0
20807,-0.0
20808,-0.0
20809,-0.0
20810,-0.0
20811,-0.0
20812,-0.0
20813,-0.0
20814,-0.0
20815,-0.0
20816,-0.0
20817,-0.0
20818,-0.0
20819,-0.0
20820,-0.0
20821,-0.0
20822,-0.0
20823,-0.0
20824,-0.0
20825,-0.0
20826,-0.0
20827,-0.0
20828,-0.0
20829,-0.0
20830,-0.0
20831,-0.0
20832,-0.0
20833,-0.0
20834,-0.0
20835,-0.0
20836,-0.0
20837,-0.0
20838,-0.0
20839,-0.0
20840,-0.0
20841,-0.0
20842,-0.0
20843,-0.0
20844,144.86000000005208
20845,315.0
20846,300.0
20847,320.0
20848,330.0
20849,370.0
20850,400.0
20851,395.0
20852,398.15
20853,398.15
20854,403.15
20855,423.15
20856,270.425
20857,275.425
20858,250.425
20859,245.425
20860,60.30000000000001
20861,65.30000000000001
20862,70.30000000000001
20863,60.30000000000001
20864,-0.0
20865,-0.0
20866,-0.0
20867,-0.0
20868,-0.0
20869,-0.0
20870,-0.0
20871,-0.0
20872,-0.0
20873,-0.0
20874,-0.0
20875,-0.0
20876,-0.0
20877,-0.0
20878,-0.0
20879,-0.0
20880,-0.0
20881,-0.0
20882,-0.0
20883,-0.0
20884,-0.0
20885,-0.0
20886,-0.0
20887,-0.0
20888,-0.0
20889,-0.0
20890,-0.0
20891,-0.0
20892,-0.0
20893,-0.0
20894,-0.0
20895,-0.0
20896,-0.0
20897,-0.0
20898,-0.0
20899,-0.0
20900,-0.0
20901,-0.0
20902,-0.0
20903,-0.0
20904,-0.0
20905,-0.0
20906,-0.0
20907,-0.0
20908,-0.0
20909,-0.0
20910,-0.0
20911,-0.0
20912,-0.0
20913,-0.0
20914,-0.0
20915,-0.0
20916,-0.0
20917,-0.0
20918,-0.0
20919,-0.0
20920,-0.0
20921,42.233040400013294
20922,305.0
20923,305.0
20924,305.0
20925,300.0
20926,310.0
20927,305.0
20928,310.0
20929,295.0
20930,310.0
20931,300.0
20932,305.0
20933,305.0
20934,295.0
20935,305.0
20936,295.0
20937,310.0
20938,295.0
20939,315.0
20940,300.0
20941,300.0
20942,310.0
20943,305.0
20944,340.0
20945,335.0
20946,385.0
20947,380.0
20948,346.75
20949,351.75
20950,336.75
20951,341.75
20952,300.925
20953,340.925
20954,310.925
20955,330.925
20956,-0.0
20957,-0.0
20958,-0.0
20959,-0.0
20960,-0.0
20961,-0.0
20962,-0.0
20963,-0.0
20964,-0.0
20965,-0.0
20966,-0.0
20967,-0.0
20968,-0.0
20969,-0.0
20970,-0.0
20971,-0.0
20972,-0.0
20973,-0.0
20974,-0.0
20975,-0.0
20976,-0.0
20977,-0.0
20978,-0.0
20979,-0.0
20980,-0.0
20981,-0.0
20982,-0.0
20983,-0.0
20984,-0.0
20985,-0.0
20986,-0.0
20987,-0.0
20988,-0.0
20989,-0.0
20990,-0.0
20991,-0.0
20992,-0.0
20993,-0.0
20994,-0.0
20995,-0.0
20996,-0.0
20997,-0.0
20998,-0.0
20999,-0.0
21000,-0.0
21001,-0.0
21002,-0.0
21003,-0.0
21004,-0.0
21005,-0.0
21006,-0.0
21007,-0.0
21008,-0.0
21009,-0.0
21010,-0.0
21011,-0.0
21012,-0.0
21013,-0.0
21014,-0.0
21015,-0.0
21016,-0.0
21017,-0.0
21018,-0.0
21019,-0.0
21020,-0.0
21021,-0.0
21022,-0.0
21023,-0.0
21024,-0.0
21025,-0.0
21026,-0.0
21027,-0.0
21028,-0.0
21029,-0.0
21030,-0.0
21031,-0.0
21032,-0.0
21033,-0.0
21034,-0.0
21035,-0.0
21036,19.560000000044113
21037,310.0
21038,295.0
21039,315.0
21040,315.0
21041,350.0
21042,390.0
21043,365.0
21044,332.4
21045,317.4
21046,327.4
21047,347.4
21048,158.45
21049,173.45
21050,163.45
21051,168.45
21052,-0.0
21053,-0.0
21054,-0.0
21055,-0.0
21056,-0.0
21057,-0.0
21058,-0.0
21059,-0.0
21060,-0.0
21061,-0.0
21062,-0.0
21063,-0.0
21064,-0.0
21065,-0.0
21066,-0.0
21067,-0.0
21068,-0.0
21069,-0.0
21070,-0.0
21071,-0.0
21072,-0.0
21073,-0.0
21074,-0.0
21075,-0.0
21076,-0.0
21077,-0.0
21078,-0.0
21079,-0.0
21080,-0.0
21081,-0.0
21082,-0.0
21083,-0.0
21084,-0.0
21085,-0.0
21086,-0.0
21087,-0.0
21088,-0.0
21089,-0.0
21090,-0.0
21091,-0.0
21092,-0.0
21093,-0.0
21094,-0.0
21095,-0.0
21096,-0.0
21097,-0.0
21098,-0.0
21099,-0.0
21100,-0.0
21101,-0.0
21102,-0.0
21103,-0.0
21104,-0.0
21105,-0.0
21106,-0.0
21107,-0.0
21108,-0.0
21109,-0.0
21110,-0.0
21111,-0.0
21112,-0.0
21113,-0.0
21114,-0.0
21115,-0.0
21116,-0.0
21117,-0.0
21118,-0.0
21119,-0.0
21120,-0.0
21121,-0.0
21122,-0.0
21123,-0.0
21124,-0.0
21125,-0.0
21126,-0.0
21127,-0.0
21128,-0.0
21129,88.76000000007883
21130,295.0
21131,310.0
21132,295.0
21133,310.0
21134,290.0
21135,330.0
21136,325.0
21137,380.0
21138,405.0
21139,435.0
21140,421.2
21141,436.2
21142,421.2
21143,416.2
21144,415.85
21145,405.85
21146,410.85
21147,415.85
21148,-0.0
21149,-0.0
21150,-0.0
21151,-0.0
21152,-0.0
21153,-0.0
21154,-0.0
21155,-0.0
21156,-0.0
21157,-0.0
21158,-0.0
21159,-0.0
21160,-0.0
21161,-0.0
21162,-0.0
21163,-0.0
21164,-0.0
21165,-0.0
21166,-0.0
21167,-0.0
21168,-0.0
21169,-0.0
21170,-0.0
21171,-0.0
21172,-0.0
21173,-0.0
21174,-0.0
21175,-0.0
21176,-0.0
21177,-0.0
21178,-0.0
21179,-0.0
21180,-0.0
21181,-0.0
21182,-0.0
21183,-0.0
21184,-0.0
21185,-0.0
21186,-0.0
21187,-0.0
21188,-0.0
21189,-0.0
21190,-0.0
21191,-0.0
21192,-0.0
21193,-0.0
21194,-0.0
21195,-0.0
21196,-0.0
21197,-0.0
21198,-0.0
21199,-0.0
21200,-0.0
21201,-0.0
21202,-0.0
21203,-0.0
21204,-0.0
21205,-0.0
21206,-0.0
21207,-0.0
21208,-0.0
21209,-0.0
21210,-0.0
21211,-0.0
21212,-0.0
21213,-0.0
21214,-0.0
21215,-0.0
21216,-0.0
21217,-0.0
21218,-0.0
21219,15.893098000050998
21220,305.0
21221,315.0
21222,300.0
21223,315.0
21224,310.0
21225,310.0
21226,310.0
21227,310.0
21228,315.0
21229,310.0
21230,315.0
21231,320.0
21232,355.0
21233,375.0
21234,400.0
21235,395.0
21236,348.075
21237,333.075
21238,343.075
21239,358.075
21240,155.85000000000002
21241,145.85000000000002
21242,140.85000000000002
21243,140.85000000000002
21244,-0.0
21245,-0.0
21246,-0.0
21247,-0.0
21248,-0.0
21249,-0.0
21250,-0.0
21251,-0.0
21252,-0.0
21253,-0.0
21254,-0.0
21255,-0.0
21256,-0.0
21257,-0.0
21258,-0.0
21259,-0.0
21260,-0.0
21261,-0.0
21262,-0.0
21263,-0.0
21264,-0.0
21265,-0.0
21266,-0.0
21267,-0.0
21268,-0.0
21269,-0.0
21270,-0.0
21271,-0.0
21272,-0.0
21273,-0.0
21274,-0.0
21275,-0.0
21276,-0.0
21277,-0.0
21278,-0.0
21279,-0.0
21280,-0.0
21281,-0.0
21282,-0.0
21283,-0.0
21284,-0.0
21285,-0.0
21286,-0.0
21287,-0.0
21288,-0.0
21289,-0.0
21290,-0.0
21291,-0.0
21292,-0.0
21293,-0.0
21294,-0.0
21295,-0.0
21296,-0.0
21297,-0.0
21298,-0.0
21299,-0.0
21300,-0.0
21301,-0.0
21302,-0.0
21303,-0.0
21304,-0.0
21305,-0.0
21306,-0.0
21307,-0.0
21308,-0.0
21309,-0.0
21310,-0.0
21311,-0.0
21312,-0.0
21313,-0.0
21314,-0.0
21315,-0.0
21316,-0.0
21317,-0.0
21318,-0.0
21319,-0.0
21320,-0.0
21321,142.5600000000636
21322,305.0
21323,310.0
21324,320.0
21325,310.0
21326,305.0
21327,325.0
21328,340.0
21329,385.0
21330,410.0
21331,385.0
21332,348.775
21333,353.775
21334,348.775
21335,388.775
21336,182.7
21337,212.7
21338,222.7
21339,202.7
21340,-0.0
21341,-0.0
21342,-0.0
21343,-0.0
21344,-0.0
21345,-0.0
21346,-0.0
21347,-0.0
21348,-0.0
21349,-0.0
21350,-0.0
21351,-0.0
21352,-0.0
21353,-0.0
21354,-0.0
21355,-0.0
21356,-0.0
21357,-0.0
21358,-0.0
21359,-0.0
21360,-0.0
21361,-0.0
21362,-0.0
21363,-0.0
21364,-0.0
21365,-0.0
21366,-0.0
21367,-0.0
21368,-0.0
21369,-0.0
21370,-0.0
21371,-0.0
21372,-0.0
21373,-0.0
21374,-0.0
21375,-0.0
21376,-0.0
21377,-0.0
21378,-0.0
21379,-0.0
21380,-0.0
21381,-0.0
21382,-0.0
21383,-0.0
21384,-0.0
21385,-0.0
21386,-0.0
21387,-0.0
21388,-0.0
21389,-0.0
21390,-0.0
21391,-0.0
21392,-0.0
21393,-0.0
21394,-0.0
21395,-0.0
21396,-0.0
21397,-0.0
21398,-0.0
21399,-0.0
21400,-0.0
21401,-0.0
21402,-0.0
21403,-0.0
21404,-0.0
21405,-0.0
21406,-0.0
21407,-0.0
21408,-0.0
21409,-0.0
21410,-0.0
21411,-0.0
21412,-0.0
21413,-0.0
21414,-0.0
21415,-0.0
21416,-0.0
21417,-0.0
21418,-0.0
21419,249.5600000000722
21420,305.0
21421,305.0
21422,305.0
21423,310.0
21424,355.0
21425,375.0
21426,435.0
21427,425.0
21428,406.35
21429,391.35
21430,391.35
21431,406.35
21432,208.97499999999997
21433,188.97499999999997
21434,193.97499999999997
21435,203.97499999999997
21436,-0.0
21437,-0.0
21438,12.044470800005238
21439,-0.0
21440,-0.0
21441,-0.0
21442,-0.0
21443,-0.0
21444,-0.0
21445,-0.0
21446,-0.0
21447,-0.0
21448,-0.0
21449,-0.0
21450,-0.0
21451,-0.0
21452,-0.0
21453,-0.0
21454,-0.0
21455,-0.0
21456,-0.0
21457,-0.0
21458,-0.0
21459,-0.0
21460,-0.0
21461,-0.0
21462,-0.0
21463,-0.0
21464,-0.0
21465,-0.0
21466,-0.0
21467,-0.0
21468,-0.0
21469,-0.0
21470,-0.0
21471,-0.0
21472,-0.0
21473,-0.0
21474,-0.0
21475,-0.0
21476,-0.0
21477,-0.0
21478,-0.0
21479,-0.0
21480,-0.0
21481,-0.0
21482,-0.0
21483,-0.0
21484,-0.0
21485,-0.0
21486,-0.0
21487,-0.0
21488,-0.0
21489,-0.0
21490,-0.0
21491,-0.0
21492,-0.0
21493,-0.0
21494,-0.0
21495,-0.0
21496,-0.0
21497,-0.0
21498,-0.0
21499,-0.0
21500,-0.0
21501,-0.0
21502,-0.0
21503,-0.0
21504,-0.0
21505,-0.0
21506,-0.0
21507,-0.0
21508,-0.0
21509,-0.0
21510,-0.0
21511,-0.0
21512,-0.0
21513,-0.0
21514,121.06000000005403
21515,305.0
21516,315.0
21517,305.0
21518,315.0
21519,315.0
21520,355.0
21521,355.0
21522,395.0
21523,405.0
21524,342.225
21525,347.225
21526,352.225
21527,372.225
21528,245.67499999999998
21529,245.67499999999998
21530,220.67499999999998
21531,220.67499999999998
21532,-0.0
21533,-0.0
21534,-0.0
21535,-0.0
21536,-0.0
21537,-0.0
21538,-0.0
21539,-0.0
21540,-0.0
21541,-0.0
21542,-0.0
21543,-0.0
21544,-0.0
21545,-0.0
21546,-0.0
21547,-0.0
21548,-0.0
21549,-0.0
21550,-0.0
21551,-0.0
21552,-0.0
21553,-0.0
21554,-0.0
21555,-0.0
21556,-0.0
21557,-0.0
21558,-0.0
21559,-0.0
21560,-0.0
21561,-0.0
21562,-0.0
21563,-0.0
21564,-0.0
21565,-0.0
21566,-0.0
21567,-0.0
21568,-0.0
21569,-0.0
21570,-0.0
21571,-0.0
21572,-0.0
21573,-0.0
21574,-0.0
21575,-0.0
21576,-0.0
21577,-0.0
21578,-0.0
21579,-0.0
21580,-0.0
21581,-0.0
21582,-0.0
21583,-0.0
21584,-0.0
21585,-0.0
21586,-0.0
21587,-0.0
21588,-0.0
21589,-0.0
21590,-0.0
21591,-0.0
21592,-0.0
21593,-0.0
21594,-0.0
21595,-0.0
21596,-0.0
21597,-0.0
21598,-0.0
21599,-0.0
21600,-0.0
21601,-0.0
21602,-0.0
21603,-0.0
21604,-0.0
21605,-0.0
21606,-0.0
21607,-0.0
21608,-0.0
21609,-0.0
21610,-0.0
21611,37.96000000005921
21612,310.0
21613,295.0
21614,310.0
21615,305.0
21616,330.0
21617,345.0
21618,390.0
21619,395.0
21620,332.2
21621,342.2
21622,337.2
21623,347.2
21624,71.82499999999999
21625,91.82499999999999
21626,101.82499999999999
21627,71.82499999999999
21628,-0.0
21629,-0.0
21630,-0.0
21631,-0.0
21632,-0.0
21633,-0.0
21634,-0.0
21635,-0.0
21636,-0.0
21637,-0.0
21638,-0.0
21639,-0.0
21640,-0.0
21641,-0.0
21642,-0.0
21643,-0.0
21644,-0.0
21645,-0.0
21646,-0.0
21647,-0.0
21648,-0.0
21649,-0.0
21650,-0.0
21651,-0.0
21652,-0.0
21653,-0.0
21654,-0.0
21655,-0.0
21656,-0.0
21657,-0.0
21658,-0.0
21659,-0.0
21660,-0.0
21661,-0.0
21662,-0.0
21663,-0.0
21664,-0.0
21665,-0.0
21666,-0.0
21667,-0.0
21668,-0.0
21669,-0.0
21670,-0.0
21671,-0.0
21672,-0.0
21673,-0.0
21674,-0.0
21675,-0.0
21676,-0.0
21677,-0.0
21678,-0.0
21679,-0.0
21680,-0.0
21681,-0.0
21682,-0.0
21683,-0.0
21684,-0.0
21685,-0.0
21686,-0.0
21687,-0.0
21688,-0.0
21689,-0.0
21690,-0.0
21691,-0.0
21692,-0.0
21693,-0.0
21694,-0.0
21695,-0.0
21696,-0.0
21697,-0.0
21698,-0.0
21699,-0.0
21700,-0.0
21701,-0.0
21702,-0.0
21703,-0.0
21704,-0.0
21705,-0.0
21706,-0.0
21707,-0.0
21708,131.5600000000528
21709,305.0
21710,290.0
21711,310.0
21712,315.0
21713,335.0
21714,370.0
21715,365.0
21716,325.45
21717,310.45
21718,300.45
21719,325.45
21720,91.57499999999999
21721,66.57499999999999
21722,66.57499999999999
21723,66.57499999999999
21724,-0.0
21725,-0.0
21726,-0.0
21727,-0.0
21728,-0.0
21729,-0.0
21730,-0.0
21731,-0.0
21732,-0.0
21733,-0.0
21734,-0.0
21735,-0.0
21736,-0.0
21737,-0.0
21738,-0.0
21739,-0.0
21740,-0.0
21741,-0.0
21742,-0.0
21743,-0.0
21744,-0.0
21745,-0.0
21746,-0.0
21747,-0.0
21748,-0.0
21749,-0.0
21750,-0.0
21751,-0.0
21752,-0.0
21753,-0.0
21754,-0.0
21755,-0.0
21756,-0.0
21757,-0.0
21758,-0.0
21759,-0.0
21760,-0.0
21761,-0.0
21762,-0.0
21763,-0.0
21764,-0.0
21765,-0.0
21766,-0.0
21767,-0.0
21768,-0.0
21769,-0.0
21770,-0.0
21771,-0.0
21772,-0.0
21773,-0.0
21774,-0.0
21775,-0.0
21776,-0.0
21777,-0.0
21778,-0.0
21779,-0.0
21780,-0.0
21781,-0.0
21782,-0.0
21783,-0.0
21784,-0.0
21785,-0.0
21786,-0.0
21787,-0.0
21788,-0.0
21789,-0.0
21790,-0.0
21791,-0.0
21792,-0.0
21793,-0.0
21794,-0.0
21795,-0.0
21796,-0.0
21797,-0.0
21798,-0.0
21799,-0.0
21800,-0.0
21801,-0.0
21802,-0.0
21803,34.460000000055174
21804,310.0
21805,300.0
21806,310.0
21807,310.0
21808,345.0
21809,370.0
21810,395.0
21811,395.0
21812,388.55
21813,388.55
21814,368.55
21815,373.55
21816,262.275
21817,297.275
21818,297.275
21819,312.275
21820,112.125
21821,97.125
21822,132.125
21823,117.125
21824,-0.0
21825,-0.0
21826,-0.0
21827,-0.0
21828,-0.0
21829,-0.0
21830,-0.0
21831,-0.0
21832,-0.0
21833,-0.0
21834,-0.0
21835,-0.0
21836,-0.0
21837,-0.0
21838,-0.0
21839,-0.0
21840,-0.0
21841,-0.0
21842,-0.0
21843,-0.0
21844,-0.0
21845,-0.0
21846,-0.0
21847,-0.0
21848,-0.0
21849,-0.0
21850,-0.0
21851,-0.0
21852,-0.0
21853,-0.0
21854,-0.0
21855,-0.0
21856,-0.0
21857,-0.0
21858,44.542113200006014
21859,94.92500000000001
21860,313.375
21861,318.375
21862,318.375
21863,313.375
21864,390.0
21865,375.0
21866,370.0
21867,365.0
21868,365.0
21869,365.0
21870,345.0
21871,355.0
21872,345.0
21873,345.0
21874,340.0
21875,335.0
21876,335.0
21877,320.0
21878,330.0
21879,320.0
21880,315.0
21881,320.0
21882,310.0
21883,325.0
21884,310.0
21885,325.0
21886,305.0
21887,320.0
21888,310.0
21889,315.0
21890,310.0
21891,315.0
21892,310.0
21893,305.0
21894,315.0
21895,305.0
21896,320.0
21897,305.0
21898,315.0
21899,315.0
21900,325.0
21901,315.0
21902,315.0
21903,330.0
21904,340.0
21905,365.0
21906,385.0
21907,410.0
21908,371.275
21909,356.275
21910,386.275
21911,371.275
21912,236.275
21913,256.275
21914,266.275
21915,246.275
21916,226.65
21917,221.65
21918,236.65
21919,301.65
21920,-0.0
21921,-0.0
21922,-0.0
21923,-0.0
21924,-0.0
21925,-0.0
21926,-0.0
21927,-0.0
21928,-0.0
21929,-0.0
21930,-0.0
21931,-0.0
21932,-0.0
21933,-0.0
21934,-0.0
21935,-0.0
21936,-0.0
21937,-0.0
21938,-0.0
21939,-0.0
21940,156.21673679998912
21941,217.25000000000003
21942,212.25000000000003
21943,207.25000000000003
21944,204.0
21945,189.0
21946,179.0
21947,169.0
21948,87.5
21949,87.5
21950,77.5
21951,72.5
21952,310.4
21953,300.4
21954,310.4
21955,285.4
21956,360.5
21957,345.5
21958,360.5
21959,350.5
21960,368.05
21961,358.05
21962,348.05
21963,353.05
21964,365.0
21965,375.0
21966,360.0
21967,360.0
21968,340.0
21969,350.0
21970,340.0
21971,345.0
21972,325.0
21973,325.0
21974,310.0
21975,320.0
21976,310.0
21977,310.0
21978,305.0
21979,315.0
21980,310.0
21981,305.0
21982,315.0
21983,310.0
21984,315.0
21985,300.0
21986,315.0
21987,300.0
21988,315.0
21989,295.0
21990,310.0
21991,305.0
21992,315.0
21993,305.0
21994,310.0
21995,305.0
21996,315.0
21997,320.0
21998,305.0
21999,325.0
22000,345.0
22001,395.0
22002,415.0
22003,405.0
22004,373.425
22005,398.425
22006,388.425
22007,453.425
22008,324.975
22009,339.975
22010,319.975
22011,334.975
22012,161.8
22013,146.8
22014,151.8
22015,161.8
22016,94.84999999999997
22017,104.84999999999997
22018,99.84999999999997
22019,89.84999999999997
22020,183.04999999999995
22021,188.04999999999995
22022,163.04999999999995
22023,158.04999999999995
22024,96.15000000000003
22025,106.15000000000003
22026,116.15000000000003
22027,121.15000000000003
22028,-0.0
22029,-0.0
22030,-0.0
22031,-0.0
22032,-0.0
22033,-0.0
22034,-0.0
22035,-0.0
22036,-0.0
22037,-0.0
22038,-0.0
22039,-0.0
22040,-0.0
22041,-0.0
22042,-0.0
22043,-0.0
22044,-0.0
22045,-0.0
22046,-0.0
22047,-0.0
22048,-0.0
22049,-0.0
22050,-0.0
22051,1.825724799998568
22052,269.3
22053,264.3
22054,264.3
22055,254.3
22056,364.8
22057,359.8
22058,359.8
22059,374.8
22060,395.0
22061,375.0
22062,370.0
22063,370.0
22064,360.0
22065,340.0
22066,345.0
22067,340.0
22068,330.0
22069,325.0
22070,310.0
22071,315.0
22072,310.0
22073,310.0
22074,300.0
22075,310.0
22076,300.0
22077,305.0
22078,295.0
22079,310.0
22080,305.0
22081,305.0
22082,295.0
22083,310.0
22084,300.0
22085,305.0
22086,305.0
22087,305.0
22088,310.0
22089,310.0
22090,300.0
22091,310.0
22092,305.0
22093,320.0
22094,310.0
22095,330.0
22096,340.0
22097,385.0
22098,390.0
22099,405.0
22100,415.0
22101,410.0
22102,405.0
22103,440.0
22104,410.525
22105,420.525
22106,395.525
22107,405.525
22108,299.15
22109,324.15
22110,329.15
22111,329.15
22112,101.79999999999995
22113,91.79999999999995
22114,76.79999999999995
22115,111.79999999999995
22116,-0.0
22117,-0.0
22118,-0.0
22119,-0.0
22120,-0.0
22121,-0.0
22122,-0.0
22123,-0.0
22124,-0.0
22125,-0.0
22126,-0.0
22127,-0.0
22128,-0.0
22129,-0.0
22130,-0.0
22131,-0.0
22132,-0.0
22133,-0.0
22134,-0.0
22135,-0.0
22136,-0.0
22137,-0.0
22138,-0.0
22139,-0.0
22140,-0.0
22141,-0.0
22142,-0.0
22143,-0.0
22144,-0.0
22145,-0.0
22146,-0.0
22147,-0.0
22148,-0.0
22149,-0.0
22150,-0.0
22151,-0.0
22152,241.4835691999766
22153,346.775
22154,346.775
22155,341.775
22156,375.0
22157,360.0
22158,375.0
22159,360.0
22160,360.0
22161,345.0
22162,345.0
22163,335.0
22164,325.0
22165,315.0
22166,310.0
22167,305.0
22168,310.0
22169,305.0
22170,310.0
22171,295.0
22172,305.0
22173,300.0
22174,305.0
22175,295.0
22176,300.0
22177,295.0
22178,305.0
22179,295.0
22180,305.0
22181,295.0
22182,305.0
22183,295.0
22184,295.0
22185,305.0
22186,300.0
22187,310.0
22188,305.0
22189,310.0
22190,305.0
22191,320.0
22192,335.0
22193,370.0
22194,405.0
22195,390.0
22196,373.55
22197,363.55
22198,368.55
22199,388.55
22200,244.85
22201,264.85
22202,259.85
22203,244.85
22204,-0.0
22205,-0.0
22206,-0.0
22207,-0.0
22208,-0.0
22209,-0.0
22210,-0.0
22211,-0.0
22212,-0.0
22213,-0.0
22214,-0.0
22215,-0.0
22216,-0.0
22217,-0.0
22218,-0.0
22219,-0.0
22220,-0.0
22221,-0.0
22222,-0.0
22223,-0.0
22224,-0.0
22225,-0.0
22226,-0.0
22227,-0.0
22228,-0.0
22229,-0.0
22230,-0.0
22231,-0.0
22232,-0.0
22233,-0.0
22234,-0.0
22235,-0.0
22236,-0.0
22237,-0.0
22238,-0.0
22239,-0.0
22240,-0.0
22241,-0.0
22242,-0.0
22243,-0.0
22244,-0.0
22245,-0.0
22246,-0.0
22247,-0.0
22248,-0.0
22249,-0.0
22250,-0.0
22251,-0.0
22252,-0.0
22253,-0.0
22254,-0.0
22255,-0.0
22256,-0.0
22257,-0.0
22258,-0.0
22259,-0.0
22260,-0.0
22261,-0.0
22262,-0.0
22263,93.30546840000974
22264,315.0
22265,320.0
22266,305.0
22267,320.0
22268,300.0
22269,315.0
22270,305.0
22271,315.0
22272,300.0
22273,315.0
22274,300.0
22275,315.0
22276,305.0
22277,310.0
22278,300.0
22279,305.0
22280,315.0
22281,300.0
22282,315.0
22283,300.0
22284,315.0
22285,315.0
22286,315.0
22287,310.0
22288,325.0
22289,350.0
22290,370.0
22291,380.0
22292,385.325
22293,365.325
22294,375.325
22295,375.325
22296,113.44999999999999
22297,118.44999999999999
22298,108.44999999999999
22299,113.44999999999999
22300,-0.0
22301,-0.0
22302,-0.0
22303,-0.0
22304,-0.0
22305,-0.0
22306,-0.0
22307,-0.0
22308,-0.0
22309,-0.0
22310,-0.0
22311,-0.0
22312,-0.0
22313,-0.0
22314,-0.0
22315,-0.0
22316,-0.0
22317,-0.0
22318,-0.0
22319,-0.0
22320,-0.0
22321,-0.0
22322,-0.0
22323,-0.0
22324,-0.0
22325,-0.0
22326,-0.0
22327,-0.0
22328,-0.0
22329,-0.0
22330,-0.0
22331,-0.0
22332,-0.0
22333,-0.0
22334,-0.0
22335,-0.0
22336,-0.0
22337,-0.0
22338,-0.0
22339,-0.0
22340,-0.0
22341,-0.0
22342,-0.0
22343,-0.0
22344,-0.0
22345,-0.0
22346,-0.0
22347,-0.0
22348,-0.0
22349,-0.0
22350,-0.0
22351,-0.0
22352,-0.0
22353,-0.0
22354,-0.0
22355,-0.0
22356,-0.0
22357,-0.0
22358,-0.0
22359,-0.0
22360,-0.0
22361,-0.0
22362,-0.0
22363,-0.0
22364,-0.0
22365,-0.0
22366,-0.0
22367,-0.0
22368,-0.0
22369,-0.0
22370,-0.0
22371,-0.0
22372,-0.0
22373,-0.0
22374,-0.0
22375,-0.0
22376,-0.0
22377,-0.0
22378,-0.0
22379,194.86000000005234
22380,300.0
22381,305.0
22382,305.0
22383,315.0
22384,320.0
22385,345.0
22386,390.0
22387,380.0
22388,368.275
22389,363.275
22390,363.275
22391,393.275
22392,157.92499999999998
22393,152.92499999999998
22394,157.92499999999998
22395,147.92499999999998
22396,184.87499999999997
22397,174.87499999999997
22398,184.87499999999997
22399,199.87499999999997
22400,303.825
22401,313.825
22402,313.825
22403,313.825
22404,-0.0
22405,-0.0
22406,-0.0
22407,-0.0
22408,-0.0
22409,-0.0
22410,-0.0
22411,-0.0
22412,-0.0
22413,-0.0
22414,-0.0
22415,-0.0
22416,-0.0
22417,-0.0
22418,-0.0
22419,-0.0
22420,-0.0
22421,-0.0
22422,-0.0
22423,-0.0
22424,-0.0
22425,-0.0
22426,-0.0
22427,-0.0
22428,-0.0
22429,-0.0
22430,-0.0
22431,-0.0
22432,-0.0
22433,-0.0
22434,-0.0
22435,-0.0
22436,-0.0
22437,-0.0
22438,-0.0
22439,-0.0
22440,-0.0
22441,-0.0
22442,-0.0
22443,-0.0
22444,-0.0
22445,-0.0
22446,-0.0
22447,-0.0
22448,-0.0
22449,-0.0
22450,-0.0
22451,-0.0
22452,-0.0
22453,-0.0
22454,-0.0
22455,-0.0
22456,-0.0
22457,-0.0
22458,-0.0
22459,-0.0
22460,-0.0
22461,-0.0
22462,-0.0
22463,-0.0
22464,-0.0
22465,-0.0
22466,-0.0
22467,-0.0
22468,-0.0
22469,-0.0
22470,-0.0
22471,-0.0
22472,-0.0
22473,-0.0
22474,-0.0
22475,47.560000000062985
22476,315.0
22477,305.0
22478,305.0
22479,320.0
22480,345.0
22481,365.0
22482,420.0
22483,420.0
22484,394.375
22485,394.375
22486,384.375
22487,399.375
22488,268.35
22489,268.35
22490,273.35
22491,298.35
22492,164.5
22493,189.5
22494,194.5
22495,189.5
22496,35.125
22497,40.125
22498,65.125
22499,35.125
22500,236.05
22501,256.05
22502,206.05
22503,201.05
22504,-0.0
22505,-0.0
22506,-0.0
22507,-0.0
22508,-0.0
22509,-0.0
22510,-0.0
22511,-0.0
22512,-0.0
22513,-0.0
22514,-0.0
22515,-0.0
22516,-0.0
22517,-0.0
22518,-0.0
22519,-0.0
22520,-0.0
22521,-0.0
22522,-0.0
22523,-0.0
22524,-0.0
22525,-0.0
22526,-0.0
22527,-0.0
22528,-0.0
22529,-0.0
22530,-0.0
22531,-0.0
22532,-0.0
22533,-0.0
22534,20.071556899994533
22535,252.2
22536,391.0
22537,376.0
22538,376.0
22539,381.0
22540,390.0
22541,380.0
22542,375.0
22543,375.0
22544,360.0
22545,345.0
22546,355.0
22547,340.0
22548,345.0
22549,340.0
22550,330.0
22551,330.0
22552,320.0
22553,325.0
22554,310.0
22555,320.0
22556,310.0
22557,315.0
22558,315.0
22559,315.0
22560,315.0
22561,315.0
22562,315.0
22563,320.0
22564,310.0
22565,315.0
22566,305.0
22567,320.0
22568,310.0
22569,320.0
22570,315.0
22571,315.0
22572,310.0
22573,315.0
22574,310.0
22575,325.0
22576,350.0
22577,360.0
22578,415.0
22579,395.0
22580,380.1
22581,380.1
22582,385.1
22583,415.1
22584,151.10000000000002
22585,151.10000000000002
22586,126.10000000000002
22587,136.10000000000002
22588,-0.0
22589,-0.0
22590,-0.0
22591,-0.0
22592,-0.0
22593,-0.0
22594,-0.0
22595,-0.0
22596,-0.0
22597,-0.0
22598,-0.0
22599,-0.0
22600,-0.0
22601,-0.0
22602,-0.0
22603,-0.0
22604,-0.0
22605,-0.0
22606,-0.0
22607,-0.0
22608,-0.0
22609,-0.0
22610,-0.0
22611,-0.0
22612,-0.0
22613,-0.0
22614,-0.0
22615,-0.0
22616,-0.0
22617,-0.0
22618,-0.0
22619,-0.0
22620,-0.0
22621,-0.0
22622,-0.0
22623,-0.0
22624,-0.0
22625,-0.0
22626,-0.0
22627,-0.0
22628,-0.0
22629,-0.0
22630,-0.0
22631,-0.0
22632,-0.0
22633,-0.0
22634,-0.0
22635,-0.0
22636,-0.0
22637,-0.0
22638,-0.0
22639,-0.0
22640,-0.0
22641,-0.0
22642,-0.0
22643,-0.0
22644,-0.0
22645,-0.0
22646,-0.0
22647,-0.0
22648,-0.0
22649,-0.0
22650,-0.0
22651,-0.0
22652,-0.0
22653,-0.0
22654,-0.0
22655,-0.0
22656,-0.0
22657,-0.0
22658,-0.0
22659,-0.0
22660,-0.0
22661,-0.0
22662,-0.0
22663,-0.0
22664,-0.0
22665,-0.0
22666,-0.0
22667,281.06000000005497
22668,300.0
22669,310.0
22670,300.0
22671,325.0
22672,335.0
22673,355.0
22674,400.0
22675,410.0
22676,384.5
22677,394.5
22678,384.5
22679,419.5
22680,180.22500000000002
22681,150.22500000000002
22682,170.22500000000002
22683,195.22500000000002
22684,-0.0
22685,-0.0
22686,-0.0
22687,-0.0
22688,-0.0
22689,-0.0
22690,-0.0
22691,-0.0
22692,-0.0
22693,-0.0
22694,-0.0
22695,-0.0
22696,-0.0
22697,-0.0
22698,-0.0
22699,-0.0
22700,-0.0
22701,-0.0
22702,-0.0
22703,-0.0
22704,-0.0
22705,-0.0
22706,-0.0
22707,-0.0
22708,-0.0
22709,-0.0
22710,-0.0
22711,-0.0
22712,-0.0
22713,-0.0
22714,-0.0
22715,-0.0
22716,-0.0
22717,-0.0
22718,-0.0
22719,-0.0
22720,-0.0
22721,-0.0
22722,-0.0
22723,-0.0
22724,-0.0
22725,-0.0
22726,-0.0
22727,-0.0
22728,-0.0
22729,-0.0
22730,-0.0
22731,-0.0
22732,-0.0
22733,-0.0
22734,-0.0
22735,-0.0
22736,-0.0
22737,-0.0
22738,-0.0
22739,-0.0
22740,-0.0
22741,-0.0
22742,-0.0
22743,-0.0
22744,-0.0
22745,-0.0
22746,-0.0
22747,-0.0
22748,-0.0
22749,-0.0
22750,-0.0
22751,-0.0
22752,-0.0
22753,-0.0
22754,-0.0
22755,-0.0
22756,-0.0
22757,-0.0
22758,-0.0
22759,-0.0
22760,-0.0
22761,-0.0
22762,170.5600000000691
22763,320.0
22764,305.0
22765,330.0
22766,305.0
22767,325.0
22768,330.0
22769,360.0
22770,410.0
22771,400.0
22772,399.1
22773,404.1
22774,409.1
22775,424.1
22776,355.725
22777,330.725
22778,315.725
22779,315.725
22780,153.325
22781,148.325
22782,153.325
22783,183.325
22784,92.00000000000006
22785,97.00000000000006
22786,107.00000000000006
22787,127.00000000000006
22788,247.14999999999998
22789,207.14999999999998
22790,217.14999999999998
22791,222.14999999999998
22792,212.05
22793,217.05
22794,217.05
22795,227.05
22796,27.049999999999955
22797,32.049999999999955
22798,37.049999999999955
22799,27.049999999999955
22800,-0.0
22801,-0.0
22802,-0.0
22803,-0.0
22804,-0.0
22805,-0.0
22806,-0.0
22807,-0.0
22808,-0.0
22809,-0.0
22810,-0.0
22811,-0.0
22812,-0.0
22813,-0.0
22814,-0.0
22815,-0.0
22816,-0.0
22817,-0.0
22818,-0.0
22819,-0.0
22820,-0.0
22821,-0.0
22822,-0.0
22823,-0.0
22824,-0.0
22825,-0.0
22826,-0.0
22827,11.835410000017191
22828,365.0
22829,365.0
22830,365.0
22831,365.0
22832,365.0
22833,340.0
22834,345.0
22835,340.0
22836,335.0
22837,325.0
22838,320.0
22839,310.0
22840,320.0
22841,305.0
22842,310.0
22843,300.0
22844,310.0
22845,300.0
22846,305.0
22847,300.0
22848,300.0
22849,300.0
22850,305.0
22851,295.0
22852,305.0
22853,295.0
22854,305.0
22855,300.0
22856,300.0
22857,300.0
22858,315.0
22859,310.0
22860,305.0
22861,305.0
22862,310.0
22863,315.0
22864,335.0
22865,350.0
22866,405.0
22867,385.0
22868,398.95
22869,393.95
22870,403.95
22871,428.95
22872,309.75
22873,284.75
22874,279.75
22875,294.75
22876,111.85000000000002
22877,121.85000000000002
22878,121.85000000000002
22879,111.85000000000002
22880,63.650000000000034
22881,58.650000000000034
22882,53.650000000000034
22883,53.650000000000034
22884,-0.0
22885,-0.0
22886,-0.0
22887,-0.0
22888,-0.0
22889,-0.0
22890,-0.0
22891,-0.0
22892,-0.0
22893,-0.0
22894,-0.0
22895,-0.0
22896,-0.0
22897,-0.0
22898,-0.0
22899,-0.0
22900,-0.0
22901,-0.0
22902,-0.0
22903,-0.0
22904,-0.0
22905,-0.0
22906,-0.0
22907,-0.0
22908,-0.0
22909,-0.0
22910,-0.0
22911,-0.0
22912,-0.0
22913,-0.0
22914,-0.0
22915,-0.0
22916,-0.0
22917,-0.0
22918,-0.0
22919,-0.0
22920,-0.0
22921,-0.0
22922,-0.0
22923,-0.0
22924,-0.0
22925,-0.0
22926,-0.0
22927,-0.0
22928,-0.0
22929,-0.0
22930,-0.0
22931,132.40237480001542
22932,325.0
22933,320.0
22934,310.0
22935,315.0
22936,300.0
22937,310.0
22938,300.0
22939,300.0
22940,300.0
22941,300.0
22942,305.0
22943,295.0
22944,310.0
22945,295.0
22946,300.0
22947,295.0
22948,300.0
22949,300.0
22950,295.0
22951,305.0
22952,295.0
22953,310.0
22954,295.0
22955,305.0
22956,305.0
22957,310.0
22958,300.0
22959,310.0
22960,320.0
22961,325.0
22962,395.0
22963,375.0
22964,371.625
22965,361.625
22966,376.625
22967,371.625
22968,373.7
22969,368.7
22970,368.7
22971,338.7
22972,48.85000000000002
22973,53.85000000000002
22974,48.85000000000002
22975,53.85000000000002
22976,-0.0
22977,26.905882499997855
22978,5.625
22979,5.625
22980,-0.0
22981,-0.0
22982,-0.0
22983,-0.0
22984,-0.0
22985,-0.0
22986,-0.0
22987,-0.0
22988,-0.0
22989,-0.0
22990,-0.0
22991,-0.0
22992,-0.0
22993,-0.0
22994,-0.0
22995,-0.0
22996,-0.0
22997,-0.0
22998,-0.0
22999,-0.0
23000,-0.0
23001,-0.0
23002,-0.0
23003,-0.0
23004,-0.0
23005,-0.0
23006,-0.0
23007,-0.0
23008,-0.0
23009,-0.0
23010,-0.0
23011,-0.0
23012,-0.0
23013,-0.0
23014,-0.0
23015,-0.0
23016,-0.0
23017,-0.0
23018,-0.0
23019,-0.0
23020,-0.0
23021,-0.0
23022,-0.0
23023,-0.0
23024,-0.0
23025,-0.0
23026,-0.0
23027,-0.0
23028,-0.0
23029,-0.0
23030,-0.0
23031,-0.0
23032,-0.0
23033,-0.0
23034,-0.0
23035,-0.0
23036,-0.0
23037,-0.0
23038,-0.0
23039,-0.0
23040,-0.0
23041,-0.0
23042,118.54469320005009
23043,300.0
23044,310.0
23045,295.0
23046,305.0
23047,290.0
23048,310.0
23049,295.0
23050,305.0
23051,300.0
23052,305.0
23053,305.0
23054,295.0
23055,315.0
23056,315.0
23057,340.0
23058,385.0
23059,375.0
23060,358.2
23061,348.2
23062,358.2
23063,363.2
23064,362.225
23065,342.225
23066,327.225
23067,322.225
23068,209.15
23069,204.15
23070,199.15
23071,229.15
23072,182.0
23073,187.0
23074,172.0
23075,177.0
23076,126.5
23077,116.5
23078,126.5
23079,101.5
23080,145.95000000000002
23081,135.95000000000002
23082,165.95000000000002
23083,145.95000000000002
23084,133.32500000000002
23085,133.32500000000002
23086,123.32500000000002
23087,133.32500000000002
23088,77.60000000000002
23089,82.60000000000002
23090,77.60000000000002
23091,82.60000000000002
23092,116.97500000000002
23093,126.97500000000002
23094,121.97500000000002
23095,116.97500000000002
23096,193.3
23097,173.3
23098,178.3
23099,193.3
23100,156.325
23101,151.325
23102,146.325
23103,156.325
23104,140.5
23105,150.5
23106,145.5
23107,145.5
23108,253.625
23109,253.625
23110,258.625
23111,253.625
23112,365.0
23113,350.0
23114,355.0
23115,355.0
23116,355.0
23117,350.0
23118,350.0
23119,350.0
23120,330.0
23121,340.0
23122,335.0
23123,335.0
23124,320.0
23125,310.0
23126,325.0
23127,310.0
23128,315.0
23129,300.0
23130,320.0
23131,305.0
23132,315.0
23133,315.0
23134,320.0
23135,320.0
23136,310.0
23137,320.0
23138,315.0
23139,315.0
23140,315.0
23141,315.0
23142,320.0
23143,305.0
23144,315.0
23145,305.0
23146,320.0
23147,310.0
23148,330.0
23149,315.0
23150,310.0
23151,330.0
23152,330.0
23153,380.0
23154,420.0
23155,405.0
23156,404.525
23157,404.525
23158,389.525
23159,409.525
23160,353.35
23161,378.35
23162,358.35
23163,388.35
23164,226.05
23165,211.05
23166,231.05
23167,206.05
23168,188.0
23169,213.0
23170,213.0
23171,208.0
23172,-0.0
23173,-0.0
23174,-0.0
23175,-0.0
23176,-0.0
23177,-0.0
23178,-0.0
23179,-0.0
23180,-0.0
23181,-0.0
23182,131.7675619999924
23183,312.35
23184,288.725
23185,278.725
23186,288.725
23187,303.725
23188,257.65
23189,267.65
23190,267.65
23191,247.65
23192,24.025000000000034
23193,24.025000000000034
23194,9.025000000000034
23195,24.025000000000034
23196,218.5
23197,208.5
23198,193.5
23199,183.5
23200,221.4
23201,231.4
23202,211.4
23203,211.4
23204,276.95
23205,276.95
23206,281.95
23207,281.95
23208,395.0
23209,385.0
23210,370.0
23211,370.0
23212,380.0
23213,375.0
23214,375.0
23215,365.0
23216,350.0
23217,355.0
23218,355.0
23219,330.0
23220,345.0
23221,325.0
23222,325.0
23223,320.0
23224,315.0
23225,320.0
23226,310.0
23227,320.0
23228,310.0
23229,315.0
23230,310.0
23231,305.0
23232,310.0
23233,310.0
23234,325.0
23235,315.0
23236,310.0
23237,315.0
23238,305.0
23239,310.0
23240,305.0
23241,315.0
23242,305.0
23243,315.0
23244,320.0
23245,330.0
23246,325.0
23247,325.0
23248,345.0
23249,355.0
23250,420.0
23251,410.0
23252,412.125
23253,412.125
23254,427.125
23255,452.125
23256,252.29999999999998
23257,247.29999999999998
23258,267.29999999999995
23259,257.29999999999995
23260,211.3
23261,206.3
23262,226.3
23263,231.3
23264,137.7
23265,102.69999999999999
23266,97.69999999999999
23267,77.69999999999999
23268,177.575
23269,182.575
23270,162.575
23271,152.575
23272,290.225
23273,275.225
23274,280.225
23275,295.225
23276,-0.0
23277,-0.0
23278,-0.0
23279,-0.0
23280,-0.0
23281,-0.0
23282,-0.0
23283,-0.0
23284,-0.0
23285,-0.0
23286,-0.0
23287,-0.0
23288,-0.0
23289,-0.0
23290,-0.0
23291,-0.0
23292,-0.0
23293,-0.0
23294,-0.0
23295,-0.0
23296,-0.0
23297,-0.0
23298,-0.0
23299,-0.0
23300,-0.0
23301,-0.0
23302,-0.0
23303,-0.0
23304,-0.0
23305,-0.0
23306,-0.0
23307,-0.0
23308,-0.0
23309,-0.0
23310,-0.0
23311,-0.0
23312,-0.0
23313,-0.0
23314,-0.0
23315,-0.0
23316,-0.0
23317,-0.0
23318,-0.0
23319,-0.0
23320,-0.0
23321,-0.0
23322,-0.0
23323,-0.0
23324,-0.0
23325,-0.0
23326,-0.0
23327,-0.0
23328,-0.0
23329,-0.0
23330,-0.0
23331,-0.0
23332,-0.0
23333,-0.0
23334,-0.0
23335,-0.0
23336,-0.0
23337,-0.0
23338,97.96000000007294
23339,305.0
23340,320.0
23341,300.0
23342,315.0
23343,310.0
23344,335.0
23345,340.0
23346,415.0
23347,410.0
23348,408.975
23349,408.975
23350,413.975
23351,433.975
23352,344.45
23353,349.45
23354,354.45
23355,364.45
23356,264.0
23357,254.0
23358,279.0
23359,294.0
23360,183.97499999999997
23361,198.97499999999997
23362,208.97499999999997
23363,223.97499999999997
23364,239.925
23365,259.925
23366,259.925
23367,239.925
23368,272.2
23369,272.2
23370,307.2
23371,297.2
23372,292.425
23373,247.425
23374,207.425
23375,222.425
23376,-0.0
23377,-0.0
23378,-0.0
23379,-0.0
23380,-0.0
23381,-0.0
23382,-0.0
23383,-0.0
23384,-0.0
23385,-0.0
23386,-0.0
23387,-0.0
23388,-0.0
23389,-0.0
23390,-0.0
23391,-0.0
23392,-0.0
23393,-0.0
23394,-0.0
23395,-0.0
23396,-0.0
23397,-0.0
23398,-0.0
23399,-0.0
23400,141.2856516000134
23401,380.0
23402,365.0
23403,365.0
23404,375.0
23405,365.0
23406,375.0
23407,355.0
23408,345.0
23409,350.0
23410,325.0
23411,340.0
23412,325.0
23413,325.0
23414,315.0
23415,310.0
23416,310.0
23417,305.0
23418,315.0
23419,300.0
23420,310.0
23421,300.0
23422,305.0
23423,305.0
23424,305.0
23425,305.0
23426,300.0
23427,310.0
23428,300.0
23429,305.0
23430,300.0
23431,305.0
23432,305.0
23433,305.0
23434,305.0
23435,325.0
23436,315.0
23437,320.0
23438,315.0
23439,320.0
23440,340.0
23441,355.0
23442,415.0
23443,415.0
23444,423.95
23445,423.95
23446,438.95
23447,453.95
23448,290.475
23449,300.475
23450,305.475
23451,280.475
23452,130.7
23453,135.7
23454,130.7
23455,160.7
23456,-0.0
23457,-0.0
23458,-0.0
23459,-0.0
23460,-0.0
23461,-0.0
23462,-0.0
23463,-0.0
23464,-0.0
23465,-0.0
23466,-0.0
23467,-0.0
23468,-0.0
23469,-0.0
23470,-0.0
23471,-0.0
23472,-0.0
23473,-0.0
23474,-0.0
23475,-0.0
23476,-0.0
23477,-0.0
23478,-0.0
23479,-0.0
23480,-0.0
23481,-0.0
23482,-0.0
23483,-0.0
23484,-0.0
23485,-0.0
23486,-0.0
23487,-0.0
23488,-0.0
23489,-0.0
23490,-0.0
23491,-0.0
23492,-0.0
23493,-0.0
23494,-0.0
23495,-0.0
23496,-0.0
23497,-0.0
23498,-0.0
23499,-0.0
23500,-0.0
23501,-0.0
23502,-0.0
23503,-0.0
23504,-0.0
23505,-0.0
23506,-0.0
23507,-0.0
23508,-0.0
23509,-0.0
23510,-0.0
23511,-0.0
23512,-0.0
23513,-0.0
23514,-0.0
23515,-0.0
23516,-0.0
23517,-0.0
23518,-0.0
23519,-0.0
23520,-0.0
23521,-0.0
23522,-0.0
23523,-0.0
23524,-0.0
23525,-0.0
23526,-0.0
23527,-0.0
23528,-0.0
23529,155.0600000000703
23530,305.0
23531,325.0
23532,320.0
23533,315.0
23534,310.0
23535,320.0
23536,340.0
23537,345.0
23538,400.0
23539,380.0
23540,397.85
23541,392.85
23542,402.85
23543,417.85
23544,205.95
23545,200.95
23546,165.95
23547,180.95
23548,-0.0
23549,-0.0
23550,-0.0
23551,-0.0
23552,-0.0
23553,-0.0
23554,-0.0
23555,-0.0
23556,-0.0
23557,-0.0
23558,-0.0
23559,-0.0
23560,-0.0
23561,-0.0
23562,-0.0
23563,-0.0
23564,-0.0
23565,-0.0
23566,-0.0
23567,-0.0
23568,-0.0
23569,-0.0
23570,-0.0
23571,-0.0
23572,-0.0
23573,-0.0
23574,-0.0
23575,-0.0
23576,-0.0
23577,-0.0
23578,-0.0
23579,-0.0
23580,-0.0
23581,-0.0
23582,-0.0
23583,-0.0
23584,-0.0
23585,-0.0
23586,-0.0
23587,-0.0
23588,-0.0
23589,-0.0
23590,-0.0
23591,-0.0
23592,-0.0
23593,-0.0
23594,-0.0
23595,-0.0
23596,-0.0
23597,-0.0
23598,-0.0
23599,-0.0
23600,-0.0
23601,-0.0
23602,-0.0
23603,-0.0
23604,-0.0
23605,-0.0
23606,-0.0
23607,-0.0
23608,-0.0
23609,-0.0
23610,-0.0
23611,-0.0
23612,-0.0
23613,-0.0
23614,-0.0
23615,-0.0
23616,-0.0
23617,-0.0
23618,-0.0
23619,-0.0
23620,-0.0
23621,-0.0
23622,-0.0
23623,-0.0
23624,-0.0
23625,81.56000000006591
23626,305.0
23627,335.0
23628,305.0
23629,310.0
23630,305.0
23631,320.0
23632,320.0
23633,345.0
23634,390.0
23635,380.0
23636,390.15
23637,375.15
23638,380.15
23639,365.15
23640,125.57499999999999
23641,140.575
23642,130.575
23643,130.575
23644,-0.0
23645,-0.0
23646,-0.0
23647,-0.0
23648,-0.0
23649,-0.0
23650,-0.0
23651,-0.0
23652,-0.0
23653,-0.0
23654,-0.0
23655,-0.0
23656,-0.0
23657,-0.0
23658,-0.0
23659,-0.0
23660,-0.0
23661,-0.0
23662,-0.0
23663,-0.0
23664,-0.0
23665,-0.0
23666,-0.0
23667,-0.0
23668,-0.0
23669,-0.0
23670,-0.0
23671,-0.0
23672,-0.0
23673,-0.0
23674,-0.0
23675,-0.0
23676,-0.0
23677,-0.0
23678,-0.0
23679,-0.0
23680,-0.0
23681,-0.0
23682,-0.0
23683,-0.0
23684,-0.0
23685,-0.0
23686,-0.0
23687,-0.0
23688,-0.0
23689,-0.0
23690,-0.0
23691,-0.0
23692,-0.0
23693,-0.0
23694,-0.0
23695,-0.0
23696,-0.0
23697,-0.0
23698,-0.0
23699,-0.0
23700,-0.0
23701,-0.0
23702,-0.0
23703,-0.0
23704,-0.0
23705,-0.0
23706,-0.0
23707,-0.0
23708,-0.0
23709,-0.0
23710,-0.0
23711,-0.0
23712,-0.0
23713,-0.0
23714,-0.0
23715,-0.0
23716,-0.0
23717,-0.0
23718,-0.0
23719,-0.0
23720,-0.0
23721,-0.0
23722,-0.0
23723,200.86000000007652
23724,300.0
23725,305.0
23726,305.0
23727,305.0
23728,315.0
23729,335.0
23730,385.0
23731,360.0
23732,357.125
23733,377.125
23734,387.125
23735,347.125
23736,111.07499999999999
23737,111.07499999999999
23738,136.075
23739,111.07499999999999
23740,-0.0
23741,-0.0
23742,-0.0
23743,-0.0
23744,-0.0
23745,-0.0
23746,-0.0
23747,-0.0
23748,-0.0
23749,-0.0
23750,-0.0
23751,-0.0
23752,-0.0
23753,-0.0
23754,-0.0
23755,-0.0
23756,-0.0
23757,-0.0
23758,-0.0
23759,-0.0
23760,-0.0
23761,-0.0
23762,-0.0
23763,-0.0
23764,-0.0
23765,-0.0
23766,-0.0
23767,-0.0
23768,-0.0
23769,-0.0
23770,-0.0
23771,-0.0
23772,-0.0
23773,-0.0
23774,-0.0
23775,-0.0
23776,-0.0
23777,-0.0
23778,-0.0
23779,-0.0
23780,-0.0
23781,-0.0
23782,-0.0
23783,-0.0
23784,-0.0
23785,-0.0
23786,-0.0
23787,-0.0
23788,-0.0
23789,-0.0
23790,-0.0
23791,-0.0
23792,-0.0
23793,-0.0
23794,-0.0
23795,-0.0
23796,-0.0
23797,-0.0
23798,-0.0
23799,-0.0
23800,-0.0
23801,-0.0
23802,-0.0
23803,-0.0
23804,-0.0
23805,-0.0
23806,-0.0
23807,-0.0
23808,-0.0
23809,-0.0
23810,-0.0
23811,-0.0
23812,-0.0
23813,-0.0
23814,-0.0
23815,-0.0
23816,-0.0
23817,-0.0
23818,43.360000000055436
23819,310.0
23820,310.0
23821,310.0
23822,315.0
23823,320.0
23824,365.0
23825,375.0
23826,425.0
23827,395.0
23828,409.0
23829,409.0
23830,419.0
23831,449.0
23832,192.775
23833,187.775
23834,192.775
23835,207.775
23836,-0.0
23837,-0.0
23838,-0.0
23839,-0.0
23840,-0.0
23841,-0.0
23842,-0.0
23843,-0.0
23844,-0.0
23845,-0.0
23846,-0.0
23847,-0.0
23848,-0.0
23849,-0.0
23850,-0.0
23851,-0.0
23852,-0.0
23853,-0.0
23854,-0.0
23855,-0.0
23856,-0.0
23857,-0.0
23858,-0.0
23859,-0.0
23860,-0.0
23861,-0.0
23862,-0.0
23863,-0.0
23864,-0.0
23865,-0.0
23866,-0.0
23867,-0.0
23868,-0.0
23869,-0.0
23870,-0.0
23871,-0.0
23872,-0.0
23873,-0.0
23874,-0.0
23875,-0.0
23876,-0.0
23877,-0.0
23878,-0.0
23879,-0.0
23880,-0.0
23881,-0.0
23882,-0.0
23883,-0.0
23884,-0.0
23885,-0.0
23886,-0.0
23887,-0.0
23888,-0.0
23889,-0.0
23890,-0.0
23891,-0.0
23892,-0.0
23893,-0.0
23894,-0.0
23895,-0.0
23896,-0.0
23897,-0.0
23898,-0.0
23899,-0.0
23900,-0.0
23901,-0.0
23902,-0.0
23903,-0.0
23904,-0.0
23905,-0.0
23906,-0.0
23907,-0.0
23908,-0.0
23909,-0.0
23910,-0.0
23911,14.571093000044925
23912,310.0
23913,320.0
23914,310.0
23915,325.0
23916,315.0
23917,320.0
23918,315.0
23919,325.0
23920,350.0
23921,365.0
23922,415.0
23923,410.0
23924,420.0
23925,430.0
23926,430.0
23927,435.0
23928,329.025
23929,329.025
23930,319.025
23931,334.025
23932,182.45
23933,177.45
23934,197.45
23935,227.45
23936,97.90000000000003
23937,82.90000000000003
23938,97.90000000000003
23939,62.900000000000034
23940,-0.0
23941,-0.0
23942,-0.0
23943,-0.0
23944,-0.0
23945,-0.0
23946,-0.0
23947,-0.0
23948,-0.0
23949,-0.0
23950,-0.0
23951,-0.0
23952,-0.0
23953,-0.0
23954,-0.0
23955,-0.0
23956,-0.0
23957,-0.0
23958,-0.0
23959,-0.0
23960,-0.0
23961,-0.0
23962,-0.0
23963,-0.0
23964,-0.0
23965,-0.0
23966,-0.0
23967,-0.0
23968,-0.0
23969,-0.0
23970,-0.0
23971,-0.0
23972,-0.0
23973,-0.0
23974,-0.0
23975,-0.0
23976,-0.0
23977,-0.0
23978,-0.0
23979,-0.0
23980,-0.0
23981,-0.0
23982,-0.0
23983,-0.0
23984,-0.0
23985,-0.0
23986,-0.0
23987,-0.0
23988,-0.0
23989,-0.0
23990,-0.0
23991,-0.0
23992,-0.0
23993,-0.0
23994,-0.0
23995,-0.0
23996,-0.0
23997,-0.0
23998,-0.0
23999,-0.0
24000,-0.0
24001,-0.0
24002,-0.0
24003,-0.0
24004,-0.0
24005,-0.0
24006,310.0
24007,55.66000000007082
24008,310.0
24009,315.0
24010,305.0
24011,315.0
24012,305.0
24013,320.0
24014,315.0
24015,325.0
24016,350.0
24017,370.0
24018,415.0
24019,385.0
24020,430.0
24021,425.0
24022,435.0
24023,450.0
24024,193.74999999999997
24025,208.74999999999997
24026,208.74999999999997
24027,258.75
24028,-0.0
24029,-0.0
24030,-0.0
24031,-0.0
24032,-0.0
24033,-0.0
24034,-0.0
24035,-0.0
24036,-0.0
24037,-0.0
24038,-0.0
24039,-0.0
24040,-0.0
24041,-0.0
24042,-0.0
24043,-0.0
24044,-0.0
24045,-0.0
24046,-0.0
24047,-0.0
24048,-0.0
24049,-0.0
24050,-0.0
24051,-0.0
24052,-0.0
24053,-0.0
24054,-0.0
24055,-0.0
24056,-0.0
24057,-0.0
24058,-0.0
24059,-0.0
24060,-0.0
24061,-0.0
24062,-0.0
24063,-0.0
24064,-0.0
24065,-0.0
24066,-0.0
24067,-0.0
24068,-0.0
24069,-0.0
24070,-0.0
24071,-0.0
24072,-0.0
24073,-0.0
24074,-0.0
24075,-0.0
24076,-0.0
24077,-0.0
24078,-0.0
24079,-0.0
24080,-0.0
24081,-0.0
24082,-0.0
24083,-0.0
24084,-0.0
24085,-0.0
24086,-0.0
24087,-0.0
24088,-0.0
24089,-0.0
24090,-0.0
24091,-0.0
24092,-0.0
24093,-0.0
24094,-0.0
24095,-0.0
24096,-0.0
24097,-0.0
24098,-0.0
24099,-0.0
24100,-0.0
24101,-0.0
24102,-0.0
24103,-0.0
24104,215.76000000007417
24105,310.0
24106,300.0
24107,310.0
24108,315.0
24109,315.0
24110,300.0
24111,315.0
24112,335.0
24113,360.0
24114,410.0
24115,390.0
24116,415.0
24117,410.0
24118,400.0
24119,405.0
24120,187.125
24121,187.125
24122,222.125
24123,242.125
24124,-0.0
24125,-0.0
24126,-0.0
24127,-0.0
24128,-0.0
24129,-0.0
24130,-0.0
24131,-0.0
24132,-0.0
24133,-0.0
24134,-0.0
24135,-0.0
24136,-0.0
24137,-0.0
24138,-0.0
24139,-0.0
24140,-0.0
24141,-0.0
24142,-0.0
24143,-0.0
24144,-0.0
24145,-0.0
24146,-0.0
24147,-0.0
24148,-0.0
24149,-0.0
24150,-0.0
24151,-0.0
24152,-0.0
24153,-0.0
24154,-0.0
24155,-0.0
24156,-0.0
24157,-0.0
24158,-0.0
24159,-0.0
24160,-0.0
24161,-0.0
24162,-0.0
24163,-0.0
24164,-0.0
24165,-0.0
24166,-0.0
24167,-0.0
24168,-0.0
24169,-0.0
24170,-0.0
24171,-0.0
24172,-0.0
24173,-0.0
24174,-0.0
24175,-0.0
24176,-0.0
24177,-0.0
24178,-0.0
24179,-0.0
24180,-0.0
24181,-0.0
24182,-0.0
24183,-0.0
24184,-0.0
24185,-0.0
24186,-0.0
24187,245.66000000001807
24188,330.0
24189,335.0
24190,335.0
24191,335.0
24192,325.0
24193,335.0
24194,340.0
24195,320.0
24196,335.0
24197,330.0
24198,325.0
24199,330.0
24200,330.0
24201,325.0
24202,330.0
24203,335.0
24204,330.0
24205,330.0
24206,335.0
24207,335.0
24208,365.0
24209,395.0
24210,425.0
24211,405.0
24212,430.0
24213,460.0
24214,435.0
24215,460.0
24216,318.85
24217,323.85
24218,318.85
24219,313.85
24220,320.8
24221,340.8
24222,355.8
24223,370.8
24224,-0.0
24225,-0.0
24226,-0.0
24227,-0.0
24228,-0.0
24229,-0.0
24230,-0.0
24231,-0.0
24232,-0.0
24233,-0.0
24234,-0.0
24235,-0.0
24236,-0.0
24237,-0.0
24238,-0.0
24239,-0.0
24240,-0.0
24241,-0.0
24242,-0.0
24243,-0.0
24244,-0.0
24245,-0.0
24246,-0.0
24247,-0.0
24248,-0.0
24249,-0.0
24250,-0.0
24251,-0.0
24252,-0.0
24253,-0.0
24254,-0.0
24255,-0.0
24256,-0.0
24257,-0.0
24258,-0.0
24259,-0.0
24260,-0.0
24261,-0.0
24262,-0.0
24263,-0.0
24264,-0.0
24265,-0.0
24266,-0.0
24267,148.12149719999897
24268,400.0
24269,395.0
24270,405.0
24271,380.0
24272,365.0
24273,370.0
24274,360.0
24275,360.0
24276,345.0
24277,340.0
24278,335.0
24279,325.0
24280,325.0
24281,330.0
24282,320.0
24283,325.0
24284,320.0
24285,315.0
24286,325.0
24287,315.0
24288,315.0
24289,320.0
24290,310.0
24291,315.0
24292,315.0
24293,320.0
24294,315.0
24295,305.0
24296,320.0
24297,310.0
24298,315.0
24299,315.0
24300,310.0
24301,320.0
24302,315.0
24303,315.0
24304,345.0
24305,355.0
24306,400.0
24307,390.0
24308,400.0
24309,400.0
24310,415.0
24311,425.0
24312,285.125
24313,275.125
24314,235.125
24315,240.125
24316,-0.0
24317,-0.0
24318,-0.0
24319,-0.0
24320,-0.0
24321,-0.0
24322,-0.0
24323,-0.0
24324,-0.0
24325,-0.0
24326,-0.0
24327,-0.0
24328,-0.0
24329,-0.0
24330,-0.0
24331,-0.0
24332,-0.0
24333,-0.0
24334,-0.0
24335,-0.0
24336,-0.0
24337,-0.0
24338,-0.0
24339,-0.0
24340,-0.0
24341,-0.0
24342,-0.0
24343,-0.0
24344,-0.0
24345,-0.0
24346,-0.0
24347,-0.0
24348,-0.0
24349,-0.0
24350,-0.0
24351,-0.0
24352,-0.0
24353,-0.0
24354,-0.0
24355,-0.0
24356,-0.0
24357,-0.0
24358,-0.0
24359,-0.0
24360,-0.0
24361,-0.0
24362,-0.0
24363,-0.0
24364,-0.0
24365,-0.0
24366,-0.0
24367,-0.0
24368,-0.0
24369,-0.0
24370,-0.0
24371,-0.0
24372,-0.0
24373,-0.0
24374,-0.0
24375,-0.0
24376,-0.0
24377,-0.0
24378,-0.0
24379,-0.0
24380,-0.0
24381,-0.0
24382,-0.0
24383,-0.0
24384,-0.0
24385,-0.0
24386,-0.0
24387,-0.0
24388,236.3149768000572
24389,315.0
24390,315.0
24391,305.0
24392,315.0
24393,305.0
24394,315.0
24395,305.0
24396,310.0
24397,315.0
24398,310.0
24399,315.0
24400,325.0
24401,350.0
24402,380.0
24403,355.0
24404,380.0
24405,365.0
24406,365.0
24407,375.0
24408,301.575
24409,296.575
24410,276.575
24411,291.575
24412,184.02499999999998
24413,199.02499999999998
24414,194.02499999999998
24415,194.02499999999998
24416,-0.0
24417,-0.0
24418,-0.0
24419,-0.0
24420,-0.0
24421,-0.0
24422,-0.0
24423,-0.0
24424,-0.0
24425,-0.0
24426,-0.0
24427,-0.0
24428,-0.0
24429,-0.0
24430,-0.0
24431,-0.0
24432,-0.0
24433,-0.0
24434,-0.0
24435,-0.0
24436,-0.0
24437,-0.0
24438,-0.0
24439,-0.0
24440,-0.0
24441,-0.0
24442,-0.0
24443,-0.0
24444,-0.0
24445,-0.0
24446,-0.0
24447,-0.0
24448,-0.0
24449,-0.0
24450,-0.0
24451,-0.0
24452,-0.0
24453,-0.0
24454,-0.0
24455,-0.0
24456,-0.0
24457,-0.0
24458,-0.0
24459,-0.0
24460,-0.0
24461,-0.0
24462,-0.0
24463,-0.0
24464,-0.0
24465,-0.0
24466,-0.0
24467,-0.0
24468,-0.0
24469,-0.0
24470,-0.0
24471,-0.0
24472,-0.0
24473,-0.0
24474,-0.0
24475,-0.0
24476,-0.0
24477,-0.0
24478,-0.0
24479,-0.0
24480,-0.0
24481,-0.0
24482,-0.0
24483,-0.0
24484,-0.0
24485,-0.0
24486,-0.0
24487,-0.0
24488,-0.0
24489,-0.0
24490,281.86000000006084
24491,310.0
24492,320.0
24493,310.0
24494,320.0
24495,320.0
24496,365.0
24497,385.0
24498,430.0
24499,405.0
24500,425.0
24501,410.0
24502,415.0
24503,430.0
24504,349.8
24505,359.8
24506,384.8
24507,394.8
24508,101.77499999999998
24509,91.77499999999998
24510,101.77499999999998
24511,126.77499999999998
24512,-0.0
24513,-0.0
24514,-0.0
24515,-0.0
24516,-0.0
24517,-0.0
24518,-0.0
24519,-0.0
24520,-0.0
24521,-0.0
24522,-0.0
24523,-0.0
24524,-0.0
24525,-0.0
24526,-0.0
24527,-0.0
24528,-0.0
24529,-0.0
24530,-0.0
24531,-0.0
24532,-0.0
24533,-0.0
24534,-0.0
24535,-0.0
24536,-0.0
24537,-0.0
24538,-0.0
24539,-0.0
24540,-0.0
24541,-0.0
24542,-0.0
24543,-0.0
24544,-0.0
24545,-0.0
24546,-0.0
24547,-0.0
24548,-0.0
24549,-0.0
24550,-0.0
24551,-0.0
24552,-0.0
24553,-0.0
24554,-0.0
24555,-0.0
24556,-0.0
24557,-0.0
24558,-0.0
24559,-0.0
24560,-0.0
24561,-0.0
24562,-0.0
24563,-0.0
24564,-0.0
24565,-0.0
24566,-0.0
24567,-0.0
24568,-0.0
24569,-0.0
24570,-0.0
24571,-0.0
24572,-0.0
24573,-0.0
24574,-0.0
24575,-0.0
24576,-0.0
24577,-0.0
24578,-0.0
24579,-0.0
24580,-0.0
24581,-0.0
24582,45.960000000051025
24583,315.0
24584,325.0
24585,315.0
24586,320.0
24587,315.0
24588,320.0
24589,325.0
24590,315.0
24591,335.0
24592,340.0
24593,370.0
24594,410.0
24595,420.0
24596,430.0
24597,435.0
24598,435.0
24599,435.0
24600,331.17499999999995
24601,316.17499999999995
24602,331.17499999999995
24603,311.17499999999995
24604,38.025000000000034
24605,58.025000000000034
24606,33.025000000000034
24607,73.02500000000003
24608,-0.0
24609,-0.0
24610,-0.0
24611,-0.0
24612,-0.0
24613,-0.0
24614,-0.0
24615,-0.0
24616,-0.0
24617,-0.0
24618,-0.0
24619,-0.0
24620,-0.0
24621,-0.0
24622,-0.0
24623,-0.0
24624,-0.0
24625,-0.0
24626,-0.0
24627,-0.0
24628,-0.0
24629,-0.0
24630,-0.0
24631,-0.0
24632,-0.0
24633,-0.0
24634,-0.0
24635,-0.0
24636,-0.0
24637,-0.0
24638,-0.0
24639,-0.0
24640,-0.0
24641,-0.0
24642,-0.0
24643,-0.0
24644,-0.0
24645,-0.0
24646,-0.0
24647,-0.0
24648,-0.0
24649,-0.0
24650,-0.0
24651,-0.0
24652,-0.0
24653,-0.0
24654,-0.0
24655,-0.0
24656,-0.0
24657,-0.0
24658,-0.0
24659,-0.0
24660,-0.0
24661,-0.0
24662,-0.0
24663,-0.0
24664,-0.0
24665,-0.0
24666,-0.0
24667,100.66000000003072
24668,-0.0
24669,325.0
24670,330.0
24671,320.0
24672,325.0
24673,330.0
24674,315.0
24675,330.0
24676,325.0
24677,320.0
24678,325.0
24679,315.0
24680,330.0
24681,325.0
24682,320.0
24683,325.0
24684,325.0
24685,325.0
24686,330.0
24687,330.0
24688,375.0
24689,395.0
24690,420.0
24691,420.0
24692,430.0
24693,445.0
24694,440.0
24695,445.0
24696,382.775
24697,407.775
24698,397.775
24699,402.775
24700,213.5
24701,223.5
24702,198.5
24703,218.5
24704,164.35000000000002
24705,154.35000000000002
24706,174.35000000000002
24707,169.35000000000002
24708,98.5
24709,103.5
24710,123.5
24711,113.5
24712,388.85
24713,378.85
24714,343.85
24715,353.85
24716,99.07499999999999
24717,104.07499999999999
24718,84.07499999999999
24719,84.07499999999999
24720,327.025
24721,327.025
24722,327.025
24723,332.025
24724,299.8
24725,284.8
24726,289.8
24727,289.8
24728,191.8
24729,171.8
24730,171.8
24731,176.8
24732,141.45
24733,136.45
24734,131.45
24735,121.44999999999999
24736,309.8
24737,299.8
24738,314.8
24739,299.8
24740,402.825
24741,397.825
24742,407.825
24743,397.825
24744,390.0
24745,395.0
24746,385.0
24747,385.0
24748,390.0
24749,400.0
24750,410.0
24751,390.0
24752,365.0
24753,365.0
24754,365.0
24755,350.0
24756,345.0
24757,340.0
24758,325.0
24759,335.0
24760,320.0
24761,335.0
24762,325.0
24763,325.0
24764,325.0
24765,310.0
24766,330.0
24767,315.0
24768,325.0
24769,310.0
24770,325.0
24771,320.0
24772,310.0
24773,320.0
24774,300.0
24775,320.0
24776,300.0
24777,315.0
24778,315.0
24779,315.0
24780,310.0
24781,305.0
24782,315.0
24783,310.0
24784,340.0
24785,365.0
24786,405.0
24787,410.0
24788,430.0
24789,450.0
24790,420.0
24791,445.0
24792,225.575
24793,225.575
24794,220.575
24795,230.575
24796,122.85000000000002
24797,122.85000000000002
24798,122.85000000000002
24799,147.85000000000002
24800,86.17499999999995
24801,91.17499999999995
24802,86.17499999999995
24803,86.17499999999995
24804,-0.0
24805,-0.0
24806,-0.0
24807,-0.0
24808,-0.0
24809,-0.0
24810,-0.0
24811,-0.0
24812,-0.0
24813,-0.0
24814,-0.0
24815,-0.0
24816,-0.0
24817,-0.0
24818,-0.0
24819,-0.0
24820,-0.0
24821,-0.0
24822,-0.0
24823,-0.0
24824,-0.0
24825,-0.0
24826,-0.0
24827,-0.0
24828,-0.0
24829,-0.0
24830,-0.0
24831,-0.0
24832,-0.0
24833,-0.0
24834,-0.0
24835,-0.0
24836,-0.0
24837,-0.0
24838,-0.0
24839,352.85710199997425
24840,405.0
24841,380.0
24842,375.0
24843,375.0
24844,390.0
24845,375.0
24846,380.0
24847,365.0
24848,355.0
24849,355.0
24850,340.0
24851,350.0
24852,330.0
24853,320.0
24854,320.0
24855,315.0
24856,320.0
24857,310.0
24858,315.0
24859,305.0
24860,315.0
24861,300.0
24862,310.0
24863,305.0
24864,305.0
24865,305.0
24866,305.0
24867,305.0
24868,305.0
24869,305.0
24870,310.0
24871,310.0
24872,305.0
24873,305.0
24874,305.0
24875,300.0
24876,310.0
24877,300.0
24878,310.0
24879,310.0
24880,340.0
24881,360.0
24882,395.0
24883,375.0
24884,415.0
24885,420.0
24886,410.0
24887,425.0
24888,381.7
24889,361.7
24890,391.7
24891,386.7
24892,344.775
24893,344.775
24894,354.775
24895,359.775
24896,304.525
24897,329.525
24898,304.525
24899,304.525
24900,312.875
24901,307.875
24902,287.875
24903,312.875
24904,316.55
24905,306.55
24906,306.55
24907,296.55
24908,-0.0
24909,-0.0
24910,-0.0
24911,-0.0
24912,-0.0
24913,-0.0
24914,-0.0
24915,-0.0
24916,-0.0
24917,-0.0
24918,-0.0
24919,-0.0
24920,-0.0
24921,-0.0
24922,-0.0
24923,-0.0
24924,-0.0
24925,-0.0
24926,-0.0
24927,-0.0
24928,-0.0
24929,-0.0
24930,-0.0
24931,-0.0
24932,-0.0
24933,-0.0
24934,-0.0
24935,-0.0
24936,-0.0
24937,-0.0
24938,-0.0
24939,-0.0
24940,-0.0
24941,-0.0
24942,-0.0
24943,-0.0
24944,-0.0
24945,-0.0
24946,253.12074680001973
24947,335.0
24948,335.0
24949,320.0
24950,320.0
24951,310.0
24952,305.0
24953,315.0
24954,300.0
24955,315.0
24956,295.0
24957,310.0
24958,300.0
24959,310.0
24960,310.0
24961,300.0
24962,305.0
24963,300.0
24964,310.0
24965,295.0
24966,310.0
24967,305.0
24968,300.0
24969,300.0
24970,300.0
24971,310.0
24972,295.0
24973,310.0
24974,300.0
24975,315.0
24976,330.0
24977,340.0
24978,370.0
24979,355.0
24980,375.0
24981,370.0
24982,385.0
24983,365.0
24984,215.725
24985,210.725
24986,235.725
24987,220.725
24988,-0.0
24989,-0.0
24990,-0.0
24991,-0.0
24992,-0.0
24993,-0.0
24994,-0.0
24995,-0.0
24996,-0.0
24997,-0.0
24998,-0.0
24999,-0.0
25000,-0.0
25001,-0.0
25002,-0.0
25003,-0.0
25004,-0.0
25005,-0.0
25006,-0.0
25007,-0.0
25008,-0.0
25009,-0.0
25010,-0.0
25011,-0.0
25012,-0.0
25013,-0.0
25014,-0.0
25015,-0.0
25016,-0.0
25017,-0.0
25018,-0.0
25019,-0.0
25020,-0.0
25021,-0.0
25022,-0.0
25023,-0.0
25024,-0.0
25025,-0.0
25026,-0.0
25027,-0.0
25028,-0.0
25029,-0.0
25030,-0.0
25031,-0.0
25032,-0.0
25033,-0.0
25034,-0.0
25035,-0.0
25036,-0.0
25037,-0.0
25038,-0.0
25039,-0.0
25040,-0.0
25041,-0.0
25042,-0.0
25043,-0.0
25044,-0.0
25045,-0.0
25046,-0.0
25047,-0.0
25048,-0.0
25049,-0.0
25050,-0.0
25051,-0.0
25052,-0.0
25053,-0.0
25054,-0.0
25055,-0.0
25056,-0.0
25057,-0.0
25058,-0.0
25059,-0.0
25060,-0.0
25061,-0.0
25062,-0.0
25063,-0.0
25064,-0.0
25065,25.96000000005114
25066,305.0
25067,300.0
25068,305.0
25069,295.0
25070,310.0
25071,305.0
25072,320.0
25073,360.0
25074,375.0
25075,355.0
25076,375.0
25077,375.0
25078,380.0
25079,380.0
25080,187.1
25081,167.1
25082,177.1
25083,202.1
25084,-0.0
25085,-0.0
25086,-0.0
25087,-0.0
25088,-0.0
25089,-0.0
25090,-0.0
25091,-0.0
25092,-0.0
25093,-0.0
25094,-0.0
25095,-0.0
25096,-0.0
25097,-0.0
25098,-0.0
25099,-0.0
25100,-0.0
25101,-0.0
25102,-0.0
25103,-0.0
25104,-0.0
25105,-0.0
25106,-0.0
25107,-0.0
25108,-0.0
25109,-0.0
25110,-0.0
25111,-0.0
25112,-0.0
25113,-0.0
25114,-0.0
25115,-0.0
25116,-0.0
25117,-0.0
25118,-0.0
25119,-0.0
25120,-0.0
25121,-0.0
25122,-0.0
25123,-0.0
25124,-0.0
25125,-0.0
25126,-0.0
25127,-0.0
25128,-0.0
25129,-0.0
25130,-0.0
25131,-0.0
25132,-0.0
25133,-0.0
25134,-0.0
25135,-0.0
25136,-0.0
25137,-0.0
25138,-0.0
25139,-0.0
25140,-0.0
25141,-0.0
25142,-0.0
25143,-0.0
25144,-0.0
25145,-0.0
25146,-0.0
25147,-0.0
25148,-0.0
25149,-0.0
25150,-0.0
25151,-0.0
25152,-0.0
25153,-0.0
25154,-0.0
25155,-0.0
25156,-0.0
25157,-0.0
25158,310.0
25159,38.550055400067436
25160,310.0
25161,305.0
25162,310.0
25163,305.0
25164,315.0
25165,305.0
25166,310.0
25167,310.0
25168,350.0
25169,380.0
25170,430.0
25171,405.0
25172,405.0
25173,430.0
25174,430.0
25175,425.0
25176,455.0
25177,460.0
25178,455.0
25179,485.0
25180,-0.0
25181,-0.0
25182,-0.0
25183,-0.0
25184,-0.0
25185,-0.0
25186,-0.0
25187,-0.0
25188,-0.0
25189,-0.0
25190,-0.0
25191,-0.0
25192,-0.0
25193,-0.0
25194,-0.0
25195,-0.0
25196,-0.0
25197,-0.0
25198,-0.0
25199,-0.0
25200,-0.0
25201,-0.0
25202,-0.0
25203,-0.0
25204,-0.0
25205,-0.0
25206,-0.0
25207,-0.0
25208,-0.0
25209,-0.0
25210,-0.0
25211,-0.0
25212,-0.0
25213,-0.0
25214,-0.0
25215,-0.0
25216,-0.0
25217,-0.0
25218,-0.0
25219,-0.0
25220,-0.0
25221,-0.0
25222,-0.0
25223,-0.0
25224,-0.0
25225,-0.0
25226,-0.0
25227,-0.0
25228,-0.0
25229,-0.0
25230,-0.0
25231,-0.0
25232,44.6603256000368
25233,350.0
25234,335.0
25235,345.0
25236,330.0
25237,330.0
25238,320.0
25239,315.0
25240,320.0
25241,305.0
25242,325.0
25243,305.0
25244,320.0
25245,305.0
25246,320.0
25247,310.0
25248,305.0
25249,310.0
25250,305.0
25251,310.0
25252,305.0
25253,310.0
25254,300.0
25255,310.0
25256,300.0
25257,305.0
25258,310.0
25259,310.0
25260,310.0
25261,305.0
25262,315.0
25263,305.0
25264,350.0
25265,345.0
25266,405.0
25267,390.0
25268,420.0
25269,425.0
25270,415.0
25271,410.0
25272,240.125
25273,210.125
25274,260.125
25275,290.125
25276,-0.0
25277,-0.0
25278,-0.0
25279,-0.0
25280,-0.0
25281,-0.0
25282,-0.0
25283,-0.0
25284,-0.0
25285,-0.0
25286,-0.0
25287,-0.0
25288,-0.0
25289,-0.0
25290,-0.0
25291,-0.0
25292,-0.0
25293,-0.0
25294,-0.0
25295,-0.0
25296,-0.0
25297,-0.0
25298,-0.0
25299,-0.0
25300,-0.0
25301,-0.0
25302,-0.0
25303,-0.0
25304,-0.0
25305,-0.0
25306,-0.0
25307,-0.0
25308,-0.0
25309,-0.0
25310,-0.0
25311,-0.0
25312,-0.0
25313,-0.0
25314,-0.0
25315,-0.0
25316,-0.0
25317,-0.0
25318,-0.0
25319,-0.0
25320,-0.0
25321,-0.0
25322,-0.0
25323,-0.0
25324,-0.0
25325,-0.0
25326,-0.0
25327,-0.0
25328,-0.0
25329,-0.0
25330,-0.0
25331,-0.0
25332,-0.0
25333,-0.0
25334,-0.0
25335,-0.0
25336,-0.0
25337,-0.0
25338,-0.0
25339,-0.0
25340,-0.0
25341,-0.0
25342,-0.0
25343,-0.0
25344,-0.0
25345,-0.0
25346,-0.0
25347,-0.0
25348,-0.0
25349,131.06000000006756
25350,320.0
25351,295.0
25352,315.0
25353,305.0
25354,315.0
25355,305.0
25356,320.0
25357,310.0
25358,305.0
25359,320.0
25360,330.0
25361,355.0
25362,415.0
25363,415.0
25364,420.0
25365,445.0
25366,420.0
25367,440.0
25368,353.55
25369,348.55
25370,358.55
25371,373.55
25372,33.25
25373,43.25
25374,43.25
25375,53.25
25376,-0.0
25377,-0.0
25378,-0.0
25379,-0.0
25380,-0.0
25381,-0.0
25382,-0.0
25383,-0.0
25384,-0.0
25385,-0.0
25386,-0.0
25387,-0.0
25388,-0.0
25389,-0.0
25390,-0.0
25391,-0.0
25392,-0.0
25393,-0.0
25394,-0.0
25395,-0.0
25396,-0.0
25397,-0.0
25398,-0.0
25399,-0.0
25400,-0.0
25401,-0.0
25402,-0.0
25403,-0.0
25404,-0.0
25405,-0.0
25406,-0.0
25407,-0.0
25408,-0.0
25409,-0.0
25410,-0.0
25411,-0.0
25412,-0.0
25413,-0.0
25414,-0.0
25415,-0.0
25416,-0.0
25417,-0.0
25418,-0.0
25419,-0.0
25420,-0.0
25421,-0.0
25422,-0.0
25423,-0.0
25424,-0.0
25425,-0.0
25426,-0.0
25427,-0.0
25428,-0.0
25429,-0.0
25430,-0.0
25431,-0.0
25432,-0.0
25433,-0.0
25434,-0.0
25435,-0.0
25436,-0.0
25437,-0.0
25438,-0.0
25439,-0.0
25440,-0.0
25441,-0.0
25442,-0.0
25443,-0.0
25444,-0.0
25445,-0.0
25446,-0.0
25447,-0.0
25448,264.16000000006267
25449,310.0
25450,300.0
25451,305.0
25452,305.0
25453,325.0
25454,300.0
25455,320.0
25456,330.0
25457,360.0
25458,410.0
25459,390.0
25460,415.0
25461,430.0
25462,425.0
25463,415.0
25464,254.75
25465,264.75
25466,264.75
25467,259.75
25468,-0.0
25469,-0.0
25470,-0.0
25471,-0.0
25472,-0.0
25473,-0.0
25474,-0.0
25475,-0.0
25476,-0.0
25477,-0.0
25478,-0.0
25479,-0.0
25480,-0.0
25481,-0.0
25482,-0.0
25483,-0.0
25484,-0.0
25485,-0.0
25486,-0.0
25487,-0.0
25488,-0.0
25489,-0.0
25490,-0.0
25491,-0.0
25492,-0.0
25493,-0.0
25494,-0.0
25495,-0.0
25496,-0.0
25497,-0.0
25498,-0.0
25499,-0.0
25500,-0.0
25501,-0.0
25502,-0.0
25503,-0.0
25504,-0.0
25505,-0.0
25506,-0.0
25507,-0.0
25508,-0.0
25509,-0.0
25510,-0.0
25511,-0.0
25512,-0.0
25513,-0.0
25514,-0.0
25515,-0.0
25516,-0.0
25517,-0.0
25518,-0.0
25519,-0.0
25520,-0.0
25521,-0.0
25522,-0.0
25523,-0.0
25524,-0.0
25525,-0.0
25526,-0.0
25527,-0.0
25528,-0.0
25529,-0.0
25530,-0.0
25531,-0.0
25532,-0.0
25533,-0.0
25534,-0.0
25535,-0.0
25536,-0.0
25537,-0.0
25538,-0.0
25539,6.660000000054424
25540,320.0
25541,315.0
25542,310.0
25543,320.0
25544,305.0
25545,325.0
25546,310.0
25547,325.0
25548,310.0
25549,330.0
25550,315.0
25551,325.0
25552,350.0
25553,350.0
25554,415.0
25555,390.0
25556,430.0
25557,440.0
25558,450.0
25559,445.0
25560,401.0
25561,411.0
25562,406.0
25563,401.0
25564,-0.0
25565,-0.0
25566,-0.0
25567,-0.0
25568,186.49283280000398
25569,207.02500000000003
25570,192.02500000000003
25571,197.02500000000003
25572,-0.0
25573,-0.0
25574,-0.0
25575,-0.0
25576,-0.0
25577,-0.0
25578,-0.0
25579,-0.0
25580,-0.0
25581,-0.0
25582,-0.0
25583,-0.0
25584,-0.0
25585,-0.0
25586,-0.0
25587,-0.0
25588,-0.0
25589,-0.0
25590,-0.0
25591,-0.0
25592,-0.0
25593,-0.0
25594,-0.0
25595,-0.0
25596,-0.0
25597,-0.0
25598,108.29831399999836
25599,253.625
25600,269.575
25601,264.575
25602,259.575
25603,254.575
25604,395.0
25605,395.0
25606,405.0
25607,390.0
25608,380.0
25609,395.0
25610,380.0
25611,380.0
25612,390.0
25613,400.0
25614,385.0
25615,365.0
25616,365.0
25617,370.0
25618,345.0
25619,360.0
25620,335.0
25621,330.0
25622,335.0
25623,315.0
25624,335.0
25625,310.0
25626,320.0
25627,315.0
25628,320.0
25629,325.0
25630,310.0
25631,315.0
25632,305.0
25633,320.0
25634,300.0
25635,315.0
25636,305.0
25637,305.0
25638,305.0
25639,305.0
25640,305.0
25641,300.0
25642,315.0
25643,305.0
25644,315.0
25645,305.0
25646,310.0
25647,315.0
25648,325.0
25649,345.0
25650,355.0
25651,390.0
25652,395.0
25653,400.0
25654,380.0
25655,390.0
25656,263.5
25657,253.5
25658,243.5
25659,233.5
25660,-0.0
25661,-0.0
25662,-0.0
25663,-0.0
25664,-0.0
25665,-0.0
25666,-0.0
25667,-0.0
25668,-0.0
25669,-0.0
25670,-0.0
25671,-0.0
25672,-0.0
25673,-0.0
25674,-0.0
25675,-0.0
25676,-0.0
25677,-0.0
25678,-0.0
25679,-0.0
25680,-0.0
25681,-0.0
25682,-0.0
25683,-0.0
25684,-0.0
25685,-0.0
25686,-0.0
25687,-0.0
25688,-0.0
25689,-0.0
25690,-0.0
25691,-0.0
25692,-0.0
25693,-0.0
25694,-0.0
25695,-0.0
25696,-0.0
25697,-0.0
25698,-0.0
25699,-0.0
25700,-0.0
25701,-0.0
25702,-0.0
25703,-0.0
25704,-0.0
25705,-0.0
25706,-0.0
25707,-0.0
25708,-0.0
25709,-0.0
25710,-0.0
25711,-0.0
25712,-0.0
25713,-0.0
25714,-0.0
25715,-0.0
25716,-0.0
25717,-0.0
25718,-0.0
25719,-0.0
25720,-0.0
25721,-0.0
25722,-0.0
25723,-0.0
25724,-0.0
25725,-0.0
25726,-0.0
25727,-0.0
25728,-0.0
25729,-0.0
25730,-0.0
25731,-0.0
25732,-0.0
25733,-0.0
25734,-0.0
25735,-0.0
25736,259.16000000006255
25737,305.0
25738,310.0
25739,305.0
25740,305.0
25741,310.0
25742,295.0
25743,315.0
25744,325.0
25745,340.0
25746,390.0
25747,370.0
25748,390.0
25749,390.0
25750,400.0
25751,380.0
25752,275.35
25753,280.35
25754,265.35
25755,270.35
25756,-0.0
25757,-0.0
25758,-0.0
25759,-0.0
25760,-0.0
25761,-0.0
25762,-0.0
25763,-0.0
25764,-0.0
25765,-0.0
25766,-0.0
25767,-0.0
25768,-0.0
25769,-0.0
25770,-0.0
25771,-0.0
25772,-0.0
25773,-0.0
25774,-0.0
25775,-0.0
25776,-0.0
25777,-0.0
25778,-0.0
25779,-0.0
25780,-0.0
25781,-0.0
25782,-0.0
25783,-0.0
25784,-0.0
25785,-0.0
25786,-0.0
25787,-0.0
25788,-0.0
25789,-0.0
25790,-0.0
25791,-0.0
25792,-0.0
25793,-0.0
25794,-0.0
25795,-0.0
25796,-0.0
25797,-0.0
25798,-0.0
25799,-0.0
25800,-0.0
25801,-0.0
25802,-0.0
25803,-0.0
25804,-0.0
25805,-0.0
25806,-0.0
25807,-0.0
25808,-0.0
25809,-0.0
25810,-0.0
25811,-0.0
25812,-0.0
25813,-0.0
25814,-0.0
25815,-0.0
25816,34.77691000004859
25817,-0.0
25818,320.0
25819,310.0
25820,325.0
25821,310.0
25822,325.0
25823,320.0
25824,315.0
25825,325.0
25826,310.0
25827,325.0
25828,310.0
25829,320.0
25830,315.0
25831,315.0
25832,320.0
25833,310.0
25834,320.0
25835,315.0
25836,325.0
25837,315.0
25838,320.0
25839,325.0
25840,355.0
25841,405.0
25842,400.0
25843,410.0
25844,415.0
25845,410.0
25846,410.0
25847,440.0
25848,430.575
25849,440.575
25850,435.575
25851,455.575
25852,-0.0
25853,-0.0
25854,-0.0
25855,-0.0
25856,-0.0
25857,-0.0
25858,-0.0
25859,-0.0
25860,-0.0
25861,-0.0
25862,-0.0
25863,-0.0
25864,-0.0
25865,-0.0
25866,-0.0
25867,-0.0
25868,-0.0
25869,-0.0
25870,-0.0
25871,-0.0
25872,-0.0
25873,-0.0
25874,-0.0
25875,-0.0
25876,-0.0
25877,-0.0
25878,-0.0
25879,-0.0
25880,-0.0
25881,-0.0
25882,-0.0
25883,-0.0
25884,-0.0
25885,-0.0
25886,-0.0
25887,-0.0
25888,-0.0
25889,-0.0
25890,251.39891199998058
25891,331.975
25892,415.0
25893,395.0
25894,400.0
25895,405.0
25896,395.0
25897,400.0
25898,385.0
25899,405.0
25900,405.0
25901,395.0
25902,375.0
25903,375.0
25904,360.0
25905,350.0
25906,360.0
25907,340.0
25908,350.0
25909,340.0
25910,335.0
25911,330.0
25912,320.0
25913,325.0
25914,325.0
25915,325.0
25916,325.0
25917,320.0
25918,325.0
25919,315.0
25920,325.0
25921,315.0
25922,325.0
25923,310.0
25924,315.0
25925,315.0
25926,310.0
25927,320.0
25928,315.0
25929,315.0
25930,310.0
25931,320.0
25932,315.0
25933,325.0
25934,310.0
25935,330.0
25936,365.0
25937,400.0
25938,415.0
25939,405.0
25940,415.0
25941,430.0
25942,430.0
25943,405.0
25944,287.625
25945,282.625
25946,327.625
25947,312.625
25948,-0.0
25949,-0.0
25950,-0.0
25951,-0.0
25952,-0.0
25953,-0.0
25954,-0.0
25955,-0.0
25956,-0.0
25957,-0.0
25958,-0.0
25959,-0.0
25960,-0.0
25961,-0.0
25962,-0.0
25963,-0.0
25964,-0.0
25965,-0.0
25966,-0.0
25967,-0.0
25968,-0.0
25969,-0.0
25970,-0.0
25971,-0.0
25972,-0.0
25973,-0.0
25974,-0.0
25975,-0.0
25976,-0.0
25977,-0.0
25978,-0.0
25979,-0.0
25980,-0.0
25981,-0.0
25982,-0.0
25983,-0.0
25984,-0.0
25985,-0.0
25986,-0.0
25987,-0.0
25988,-0.0
25989,-0.0
25990,-0.0
25991,-0.0
25992,-0.0
25993,-0.0
25994,-0.0
25995,-0.0
25996,-0.0
25997,-0.0
25998,-0.0
25999,-0.0
26000,-0.0
26001,-0.0
26002,-0.0
26003,-0.0
26004,-0.0
26005,-0.0
26006,-0.0
26007,-0.0
26008,-0.0
26009,-0.0
26010,-0.0
26011,-0.0
26012,-0.0
26013,-0.0
26014,-0.0
26015,-0.0
26016,-0.0
26017,-0.0
26018,199.6600000000609
26019,310.0
26020,310.0
26021,305.0
26022,315.0
26023,300.0
26024,315.0
26025,305.0
26026,315.0
26027,305.0
26028,305.0
26029,315.0
26030,300.0
26031,325.0
26032,340.0
26033,365.0
26034,390.0
26035,405.0
26036,400.0
26037,415.0
26038,410.0
26039,425.0
26040,404.675
26041,394.675
26042,424.675
26043,419.675
26044,302.0
26045,302.0
26046,312.0
26047,317.0
26048,476.0
26049,451.0
26050,446.0
26051,466.0
26052,-0.0
26053,-0.0
26054,-0.0
26055,-0.0
26056,-0.0
26057,-0.0
26058,-0.0
26059,-0.0
26060,-0.0
26061,-0.0
26062,-0.0
26063,-0.0
26064,-0.0
26065,128.36376679998847
26066,383.925
26067,393.925
26068,-0.0
26069,-0.0
26070,-0.0
26071,-0.0
26072,-0.0
26073,-0.0
26074,-0.0
26075,-0.0
26076,-0.0
26077,-0.0
26078,-0.0
26079,-0.0
26080,-0.0
26081,-0.0
26082,-0.0
26083,-0.0
26084,-0.0
26085,-0.0
26086,-0.0
26087,-0.0
26088,-0.0
26089,-0.0
26090,-0.0
26091,-0.0
26092,-0.0
26093,-0.0
26094,-0.0
26095,-0.0
26096,-0.0
26097,230.7810384000216
26098,350.0
26099,350.0
26100,330.0
26101,335.0
26102,315.0
26103,325.0
26104,305.0
26105,320.0
26106,310.0
26107,320.0
26108,310.0
26109,310.0
26110,310.0
26111,300.0
26112,310.0
26113,300.0
26114,310.0
26115,305.0
26116,310.0
26117,300.0
26118,300.0
26119,305.0
26120,305.0
26121,310.0
26122,310.0
26123,300.0
26124,310.0
26125,305.0
26126,310.0
26127,310.0
26128,320.0
26129,355.0
26130,400.0
26131,430.0
26132,435.0
26133,435.0
26134,425.0
26135,450.0
26136,332.025
26137,337.025
26138,347.025
26139,332.025
26140,-0.0
26141,-0.0
26142,-0.0
26143,-0.0
26144,-0.0
26145,-0.0
26146,-0.0
26147,-0.0
26148,-0.0
26149,-0.0
26150,-0.0
26151,-0.0
26152,-0.0
26153,-0.0
26154,-0.0
26155,-0.0
26156,-0.0
26157,-0.0
26158,-0.0
26159,-0.0
26160,-0.0
26161,-0.0
26162,-0.0
26163,-0.0
26164,-0.0
26165,-0.0
26166,-0.0
26167,-0.0
26168,-0.0
26169,-0.0
26170,-0.0
26171,-0.0
26172,-0.0
26173,-0.0
26174,-0.0
26175,-0.0
26176,-0.0
26177,-0.0
26178,-0.0
26179,-0.0
26180,-0.0
26181,-0.0
26182,-0.0
26183,-0.0
26184,-0.0
26185,-0.0
26186,-0.0
26187,-0.0
26188,-0.0
26189,-0.0
26190,-0.0
26191,-0.0
26192,-0.0
26193,-0.0
26194,-0.0
26195,-0.0
26196,-0.0
26197,-0.0
26198,-0.0
26199,-0.0
26200,-0.0
26201,-0.0
26202,-0.0
26203,-0.0
26204,-0.0
26205,-0.0
26206,-0.0
26207,-0.0
26208,-0.0
26209,-0.0
26210,-0.0
26211,300.0
26212,111.04467240005732
26213,300.0
26214,305.0
26215,300.0
26216,310.0
26217,305.0
26218,305.0
26219,315.0
26220,305.0
26221,310.0
26222,300.0
26223,320.0
26224,330.0
26225,370.0
26226,390.0
26227,400.0
26228,410.0
26229,450.0
26230,450.0
26231,460.0
26232,337.975
26233,322.975
26234,322.975
26235,327.975
26236,-0.0
26237,-0.0
26238,-0.0
26239,-0.0
26240,-0.0
26241,-0.0
26242,-0.0
26243,-0.0
26244,-0.0
26245,-0.0
26246,-0.0
26247,-0.0
26248,-0.0
26249,-0.0
26250,-0.0
26251,-0.0
26252,-0.0
26253,-0.0
26254,-0.0
26255,-0.0
26256,-0.0
26257,-0.0
26258,-0.0
26259,-0.0
26260,-0.0
26261,-0.0
26262,-0.0
26263,-0.0
26264,-0.0
26265,-0.0
26266,-0.0
26267,-0.0
26268,-0.0
26269,-0.0
26270,-0.0
26271,-0.0
26272,-0.0
26273,-0.0
26274,-0.0
26275,-0.0
26276,-0.0
26277,-0.0
26278,-0.0
26279,-0.0
26280,-0.0
26281,-0.0
26282,-0.0
26283,-0.0
26284,-0.0
26285,-0.0
26286,-0.0
26287,-0.0
26288,-0.0
26289,-0.0
26290,-0.0
26291,-0.0
26292,-0.0
26293,-0.0
26294,-0.0
26295,-0.0
26296,-0.0
26297,-0.0
26298,-0.0
26299,-0.0
26300,-0.0
26301,-0.0
26302,-0.0
26303,-0.0
26304,-0.0
26305,-0.0
26306,292.36000000005964
26307,315.0
26308,300.0
26309,310.0
26310,305.0
26311,305.0
26312,310.0
26313,305.0
26314,310.0
26315,300.0
26316,315.0
26317,300.0
26318,315.0
26319,310.0
26320,325.0
26321,335.0
26322,390.0
26323,360.0
26324,375.0
26325,375.0
26326,370.0
26327,380.0
26328,286.65
26329,296.65
26330,276.65
26331,291.65
26332,325.25
26333,345.25
26334,335.25
26335,325.25
26336,200.8
26337,215.8
26338,205.8
26339,195.8
26340,197.10000000000002
26341,182.10000000000002
26342,197.10000000000002
26343,197.10000000000002
26344,-0.0
26345,-0.0
26346,-0.0
26347,-0.0
26348,-0.0
26349,-0.0
26350,-0.0
26351,-0.0
26352,-0.0
26353,-0.0
26354,-0.0
26355,-0.0
26356,-0.0
26357,-0.0
26358,-0.0
26359,-0.0
26360,-0.0
26361,-0.0
26362,-0.0
26363,-0.0
26364,-0.0
26365,-0.0
26366,-0.0
26367,-0.0
26368,-0.0
26369,-0.0
26370,-0.0
26371,-0.0
26372,148.85852520004846
26373,360.0
26374,365.0
26375,355.0
26376,370.0
26377,360.0
26378,365.0
26379,345.0
26380,355.0
26381,345.0
26382,345.0
26383,345.0
26384,335.0
26385,335.0
26386,335.0
26387,335.0
26388,320.0
26389,320.0
26390,310.0
26391,315.0
26392,310.0
26393,315.0
26394,310.0
26395,305.0
26396,320.0
26397,305.0
26398,315.0
26399,300.0
26400,315.0
26401,310.0
26402,305.0
26403,310.0
26404,310.0
26405,310.0
26406,300.0
26407,315.0
26408,305.0
26409,310.0
26410,305.0
26411,315.0
26412,320.0
26413,305.0
26414,315.0
26415,305.0
26416,330.0
26417,345.0
26418,405.0
26419,370.0
26420,395.0
26421,395.0
26422,390.0
26423,380.0
26424,408.525
26425,423.525
26426,393.525
26427,398.525
26428,354.4
26429,349.4
26430,349.4
26431,354.4
26432,373.05
26433,358.05
26434,368.05
26435,368.05
26436,327.275
26437,292.275
26438,297.275
26439,282.275
26440,304.025
26441,309.025
26442,299.025
26443,319.025
26444,303.05
26445,298.05
26446,273.05
26447,278.05
26448,273.975
26449,258.975
26450,268.975
26451,258.975
26452,286.55
26453,286.55
26454,286.55
26455,291.55
26456,282.45
26457,277.45
26458,267.45
26459,272.45
26460,280.8
26461,265.8
26462,270.8
26463,260.8
26464,373.5
26465,353.5
26466,373.5
26467,368.5
26468,365.0
26469,375.0
26470,365.0
26471,370.0
26472,365.0
26473,375.0
26474,355.0
26475,370.0
26476,350.0
26477,355.0
26478,360.0
26479,360.0
26480,345.0
26481,335.0
26482,345.0
26483,330.0
26484,335.0
26485,320.0
26486,325.0
26487,315.0
26488,320.0
26489,320.0
26490,310.0
26491,320.0
26492,315.0
26493,325.0
26494,310.0
26495,325.0
26496,315.0
26497,320.0
26498,315.0
26499,315.0
26500,315.0
26501,315.0
26502,320.0
26503,315.0
26504,320.0
26505,310.0
26506,320.0
26507,315.0
26508,325.0
26509,310.0
26510,325.0
26511,325.0
26512,355.0
26513,385.0
26514,425.0
26515,425.0
26516,405.0
26517,415.0
26518,400.0
26519,440.0
26520,490.0
26521,470.0
26522,470.0
26523,485.0
26524,262.45000000000005
26525,242.45000000000002
26526,277.45000000000005
26527,257.45000000000005
26528,113.39999999999998
26529,128.39999999999998
26530,128.39999999999998
26531,143.39999999999998
26532,35.75
26533,40.75
26534,55.75
26535,45.75
26536,227.625
26537,247.625
26538,212.625
26539,232.625
26540,-0.0
26541,-0.0
26542,-0.0
26543,-0.0
26544,-0.0
26545,-0.0
26546,-0.0
26547,-0.0
26548,-0.0
26549,-0.0
26550,-0.0
26551,-0.0
26552,-0.0
26553,-0.0
26554,-0.0
26555,-0.0
26556,-0.0
26557,-0.0
26558,-0.0
26559,-0.0
26560,-0.0
26561,-0.0
26562,-0.0
26563,-0.0
26564,-0.0
26565,-0.0
26566,-0.0
26567,-0.0
26568,-0.0
26569,-0.0
26570,-0.0
26571,-0.0
26572,-0.0
26573,-0.0
26574,-0.0
26575,-0.0
26576,-0.0
26577,-0.0
26578,-0.0
26579,-0.0
26580,-0.0
26581,-0.0
26582,-0.0
26583,-0.0
26584,-0.0
26585,-0.0
26586,-0.0
26587,-0.0
26588,-0.0
26589,-0.0
26590,-0.0
26591,1.213662400060457
26592,305.0
26593,315.0
26594,315.0
26595,310.0
26596,315.0
26597,310.0
26598,320.0
26599,315.0
26600,320.0
26601,310.0
26602,320.0
26603,305.0
26604,320.0
26605,310.0
26606,315.0
26607,330.0
26608,335.0
26609,360.0
26610,395.0
26611,450.0
26612,410.0
26613,430.0
26614,410.0
26615,465.0
26616,475.0
26617,455.0
26618,470.0
26619,495.0
26620,167.90000000000003
26621,162.90000000000003
26622,157.90000000000003
26623,137.90000000000003
26624,-0.0
26625,-0.0
26626,-0.0
26627,-0.0
26628,-0.0
26629,-0.0
26630,-0.0
26631,-0.0
26632,-0.0
26633,-0.0
26634,-0.0
26635,-0.0
26636,-0.0
26637,-0.0
26638,-0.0
26639,-0.0
26640,-0.0
26641,-0.0
26642,-0.0
26643,-0.0
26644,-0.0
26645,-0.0
26646,-0.0
26647,-0.0
26648,-0.0
26649,-0.0
26650,-0.0
26651,-0.0
26652,-0.0
26653,-0.0
26654,-0.0
26655,-0.0
26656,-0.0
26657,-0.0
26658,-0.0
26659,-0.0
26660,-0.0
26661,-0.0
26662,-0.0
26663,-0.0
26664,-0.0
26665,-0.0
26666,-0.0
26667,-0.0
26668,-0.0
26669,-0.0
26670,-0.0
26671,-0.0
26672,-0.0
26673,-0.0
26674,264.4600000000428
26675,340.0
26676,335.0
26677,325.0
26678,320.0
26679,315.0
26680,315.0
26681,310.0
26682,310.0
26683,315.0
26684,305.0
26685,310.0
26686,305.0
26687,320.0
26688,300.0
26689,310.0
26690,305.0
26691,305.0
26692,300.0
26693,310.0
26694,315.0
26695,300.0
26696,310.0
26697,300.0
26698,310.0
26699,300.0
26700,315.0
26701,305.0
26702,310.0
26703,310.0
26704,340.0
26705,355.0
26706,435.0
26707,415.0
26708,425.0
26709,445.0
26710,435.0
26711,445.0
26712,455.0
26713,505.0
26714,490.0
26715,490.0
26716,484.825
26717,474.825
26718,499.825
26719,504.825
26720,220.5
26721,260.5
26722,240.5
26723,240.5
26724,328.175
26725,313.175
26726,313.175
26727,328.175
26728,365.225
26729,350.225
26730,370.225
26731,370.225
26732,465.0
26733,420.0
26734,410.0
26735,415.0
26736,210.25
26737,210.25
26738,205.25
26739,215.25
26740,324.32500000000005
26741,309.32500000000005
26742,319.32500000000005
26743,309.32500000000005
26744,391.95
26745,371.95
26746,351.95
26747,341.95
26748,353.275
26749,363.275
26750,343.275
26751,343.275
26752,353.45
26753,343.45
26754,343.45
26755,338.45
26756,400.0
26757,405.0
26758,395.0
26759,410.0
26760,385.0
26761,390.0
26762,370.0
26763,390.0
26764,400.0
26765,385.0
26766,370.0
26767,360.0
26768,360.0
26769,350.0
26770,355.0
26771,340.0
26772,330.0
26773,325.0
26774,310.0
26775,320.0
26776,305.0
26777,320.0
26778,300.0
26779,315.0
26780,310.0
26781,315.0
26782,305.0
26783,310.0
26784,310.0
26785,305.0
26786,320.0
26787,305.0
26788,315.0
26789,300.0
26790,315.0
26791,310.0
26792,310.0
26793,305.0
26794,310.0
26795,315.0
26796,315.0
26797,320.0
26798,310.0
26799,330.0
26800,335.0
26801,380.0
26802,405.0
26803,430.0
26804,435.0
26805,465.0
26806,450.0
26807,450.0
26808,420.225
26809,445.225
26810,480.225
26811,465.225
26812,245.64999999999998
26813,265.65
26814,265.65
26815,270.65
26816,50.69999999999999
26817,45.69999999999999
26818,10.699999999999989
26819,-0.0
26820,-0.0
26821,-0.0
26822,-0.0
26823,-0.0
26824,-0.0
26825,-0.0
26826,-0.0
26827,-0.0
26828,-0.0
26829,-0.0
26830,-0.0
26831,-0.0
26832,-0.0
26833,-0.0
26834,-0.0
26835,-0.0
26836,-0.0
26837,-0.0
26838,-0.0
26839,-0.0
26840,-0.0
26841,-0.0
26842,-0.0
26843,-0.0
26844,-0.0
26845,-0.0
26846,-0.0
26847,-0.0
26848,-0.0
26849,-0.0
26850,-0.0
26851,-0.0
26852,-0.0
26853,-0.0
26854,-0.0
26855,-0.0
26856,-0.0
26857,-0.0
26858,-0.0
26859,-0.0
26860,-0.0
26861,-0.0
26862,-0.0
26863,-0.0
26864,-0.0
26865,-0.0
26866,-0.0
26867,-0.0
26868,-0.0
26869,-0.0
26870,-0.0
26871,-0.0
26872,-0.0
26873,-0.0
26874,-0.0
26875,-0.0
26876,-0.0
26877,-0.0
26878,-0.0
26879,-0.0
26880,-0.0
26881,213.06433960004117
26882,305.0
26883,310.0
26884,305.0
26885,305.0
26886,305.0
26887,305.0
26888,310.0
26889,305.0
26890,305.0
26891,305.0
26892,315.0
26893,315.0
26894,305.0
26895,310.0
26896,335.0
26897,360.0
26898,400.0
26899,395.0
26900,425.0
26901,425.0
26902,420.0
26903,445.0
26904,406.35
26905,406.35
26906,421.35
26907,436.35
26908,-0.0
26909,-0.0
26910,-0.0
26911,-0.0
26912,-0.0
26913,-0.0
26914,-0.0
26915,-0.0
26916,-0.0
26917,-0.0
26918,-0.0
26919,-0.0
26920,-0.0
26921,-0.0
26922,-0.0
26923,-0.0
26924,-0.0
26925,-0.0
26926,-0.0
26927,-0.0
26928,-0.0
26929,-0.0
26930,-0.0
26931,-0.0
26932,-0.0
26933,-0.0
26934,-0.0
26935,-0.0
26936,-0.0
26937,-0.0
26938,-0.0
26939,-0.0
26940,-0.0
26941,-0.0
26942,-0.0
26943,-0.0
26944,-0.0
26945,-0.0
26946,-0.0
26947,-0.0
26948,-0.0
26949,-0.0
26950,-0.0
26951,-0.0
26952,-0.0
26953,-0.0
26954,-0.0
26955,-0.0
26956,-0.0
26957,-0.0
26958,-0.0
26959,-0.0
26960,-0.0
26961,-0.0
26962,-0.0
26963,-0.0
26964,-0.0
26965,-0.0
26966,-0.0
26967,-0.0
26968,-0.0
26969,-0.0
26970,-0.0
26971,-0.0
26972,-0.0
26973,-0.0
26974,-0.0
26975,-0.0
26976,-0.0
26977,-0.0
26978,-0.0
26979,-0.0
26980,-0.0
26981,95.8600000000759
26982,315.0
26983,305.0
26984,315.0
26985,300.0
26986,315.0
26987,310.0
26988,305.0
26989,315.0
26990,305.0
26991,325.0
26992,320.0
26993,345.0
26994,370.0
26995,350.0
26996,365.0
26997,370.0
26998,365.0
26999,370.0
27000,324.85
27001,349.85
27002,359.85
27003,334.85
27004,-0.0
27005,-0.0
27006,-0.0
27007,-0.0
27008,-0.0
27009,-0.0
27010,-0.0
27011,-0.0
27012,-0.0
27013,-0.0
27014,-0.0
27015,-0.0
27016,-0.0
27017,-0.0
27018,-0.0
27019,-0.0
27020,-0.0
27021,-0.0
27022,-0.0
27023,-0.0
27024,-0.0
27025,-0.0
27026,-0.0
27027,-0.0
27028,-0.0
27029,-0.0
27030,-0.0
27031,-0.0
27032,-0.0
27033,-0.0
27034,-0.0
27035,-0.0
27036,-0.0
27037,-0.0
27038,-0.0
27039,-0.0
27040,-0.0
27041,-0.0
27042,-0.0
27043,-0.0
27044,-0.0
27045,-0.0
27046,-0.0
27047,-0.0
27048,-0.0
27049,-0.0
27050,-0.0
27051,-0.0
27052,-0.0
27053,-0.0
27054,-0.0
27055,-0.0
27056,-0.0
27057,-0.0
27058,-0.0
27059,-0.0
27060,-0.0
27061,-0.0
27062,-0.0
27063,-0.0
27064,-0.0
27065,-0.0
27066,-0.0
27067,-0.0
27068,-0.0
27069,-0.0
27070,-0.0
27071,-0.0
27072,-0.0
27073,-0.0
27074,-0.0
27075,-0.0
27076,-0.0
27077,-0.0
27078,-0.0
27079,227.46000000006165
27080,300.0
27081,305.0
27082,300.0
27083,300.0
27084,305.0
27085,300.0
27086,300.0
27087,305.0
27088,315.0
27089,330.0
27090,375.0
27091,365.0
27092,360.0
27093,365.0
27094,380.0
27095,375.0
27096,333.4
27097,343.4
27098,343.4
27099,333.4
27100,-0.0
27101,-0.0
27102,-0.0
27103,-0.0
27104,-0.0
27105,-0.0
27106,-0.0
27107,-0.0
27108,-0.0
27109,-0.0
27110,-0.0
27111,-0.0
27112,-0.0
27113,-0.0
27114,-0.0
27115,-0.0
27116,-0.0
27117,-0.0
27118,-0.0
27119,-0.0
27120,-0.0
27121,-0.0
27122,-0.0
27123,-0.0
27124,-0.0
27125,-0.0
27126,-0.0
27127,-0.0
27128,-0.0
27129,-0.0
27130,-0.0
27131,-0.0
27132,-0.0
27133,-0.0
27134,-0.0
27135,-0.0
27136,-0.0
27137,-0.0
27138,-0.0
27139,-0.0
27140,-0.0
27141,-0.0
27142,-0.0
27143,-0.0
27144,-0.0
27145,-0.0
27146,-0.0
27147,-0.0
27148,-0.0
27149,-0.0
27150,-0.0
27151,-0.0
27152,-0.0
27153,-0.0
27154,-0.0
27155,-0.0
27156,-0.0
27157,-0.0
27158,-0.0
27159,-0.0
27160,-0.0
27161,-0.0
27162,-0.0
27163,-0.0
27164,-0.0
27165,-0.0
27166,-0.0
27167,-0.0
27168,-0.0
27169,-0.0
27170,-0.0
27171,-0.0
27172,-0.0
27173,-0.0
27174,215.26000000006206
27175,325.0
27176,310.0
27177,320.0
27178,310.0
27179,325.0
27180,320.0
27181,325.0
27182,315.0
27183,335.0
27184,355.0
27185,385.0
27186,430.0
27187,390.0
27188,410.0
27189,405.0
27190,435.0
27191,455.0
27192,459.325
27193,474.325
27194,479.325
27195,499.325
27196,307.7
27197,302.7
27198,317.7
27199,332.7
27200,-0.0
27201,-0.0
27202,-0.0
27203,-0.0
27204,65.75941299999607
27205,79.25
27206,89.25
27207,94.25
27208,-0.0
27209,-0.0
27210,-0.0
27211,-0.0
27212,-0.0
27213,399.49269719999745
27214,545.0
27215,510.0
27216,-0.0
27217,-0.0
27218,-0.0
27219,-0.0
27220,-0.0
27221,-0.0
27222,-0.0
27223,8.124232000001399
27224,-0.0
27225,-0.0
27226,-0.0
27227,-0.0
27228,-0.0
27229,-0.0
27230,-0.0
27231,-0.0
27232,-0.0
27233,-0.0
27234,104.8068193000002
27235,335.625
27236,400.0
27237,400.0
27238,405.0
27239,400.0
27240,400.0
27241,385.0
27242,395.0
27243,390.0
27244,380.0
27245,385.0
27246,380.0
27247,385.0
27248,360.0
27249,355.0
27250,350.0
27251,355.0
27252,340.0
27253,350.0
27254,330.0
27255,340.0
27256,330.0
27257,335.0
27258,325.0
27259,330.0
27260,330.0
27261,325.0
27262,325.0
27263,325.0
27264,330.0
27265,315.0
27266,325.0
27267,315.0
27268,325.0
27269,320.0
27270,325.0
27271,325.0
27272,315.0
27273,325.0
27274,320.0
27275,325.0
27276,320.0
27277,335.0
27278,325.0
27279,335.0
27280,345.0
27281,375.0
27282,410.0
27283,410.0
27284,440.0
27285,455.0
27286,440.0
27287,455.0
27288,490.0
27289,475.0
27290,500.0
27291,520.0
27292,489.275
27293,469.275
27294,484.275
27295,484.275
27296,396.85
27297,391.85
27298,376.85
27299,406.85
27300,414.625
27301,419.625
27302,419.625
27303,424.625
27304,426.225
27305,401.225
27306,411.225
27307,416.225
27308,520.0
27309,540.0
27310,560.0
27311,500.0
27312,417.575
27313,437.575
27314,422.575
27315,447.575
27316,-0.0
27317,-0.0
27318,-0.0
27319,-0.0
27320,-0.0
27321,-0.0
27322,-0.0
27323,-0.0
27324,-0.0
27325,-0.0
27326,-0.0
27327,-0.0
27328,138.22300440000015
27329,370.725
27330,370.725
27331,375.725
27332,395.0
27333,385.0
27334,400.0
27335,400.0
27336,410.0
27337,390.0
27338,385.0
27339,390.0
27340,380.0
27341,370.0
27342,360.0
27343,365.0
27344,355.0
27345,340.0
27346,355.0
27347,350.0
27348,335.0
27349,330.0
27350,325.0
27351,315.0
27352,315.0
27353,315.0
27354,315.0
27355,315.0
27356,315.0
27357,310.0
27358,315.0
27359,315.0
27360,310.0
27361,310.0
27362,305.0
27363,315.0
27364,310.0
27365,310.0
27366,310.0
27367,305.0
27368,305.0
27369,310.0
27370,315.0
27371,310.0
27372,315.0
27373,310.0
27374,310.0
27375,320.0
27376,335.0
27377,375.0
27378,410.0
27379,395.0
27380,405.0
27381,440.0
27382,425.0
27383,460.0
27384,460.0
27385,465.0
27386,475.0
27387,475.0
27388,100.90000000000003
27389,90.90000000000003
27390,105.90000000000003
27391,110.90000000000003
27392,-0.0
27393,-0.0
27394,-0.0
27395,-0.0
27396,-0.0
27397,-0.0
27398,-0.0
27399,-0.0
27400,-0.0
27401,-0.0
27402,-0.0
27403,-0.0
27404,-0.0
27405,-0.0
27406,-0.0
27407,-0.0
27408,-0.0
27409,-0.0
27410,-0.0
27411,-0.0
27412,-0.0
27413,-0.0
27414,-0.0
27415,-0.0
27416,-0.0
27417,-0.0
27418,-0.0
27419,-0.0
27420,-0.0
27421,-0.0
27422,-0.0
27423,-0.0
27424,-0.0
27425,-0.0
27426,-0.0
27427,-0.0
27428,-0.0
27429,-0.0
27430,-0.0
27431,25.59876719998863
27432,390.0
27433,390.0
27434,380.0
27435,385.0
27436,375.0
27437,380.0
27438,360.0
27439,365.0
27440,345.0
27441,345.0
27442,340.0
27443,330.0
27444,335.0
27445,320.0
27446,320.0
27447,310.0
27448,315.0
27449,305.0
27450,315.0
27451,310.0
27452,315.0
27453,310.0
27454,310.0
27455,315.0
27456,300.0
27457,310.0
27458,305.0
27459,315.0
27460,300.0
27461,310.0
27462,305.0
27463,310.0
27464,310.0
27465,310.0
27466,310.0
27467,305.0
27468,325.0
27469,300.0
27470,320.0
27471,310.0
27472,340.0
27473,350.0
27474,415.0
27475,405.0
27476,405.0
27477,435.0
27478,425.0
27479,460.0
27480,460.0
27481,485.0
27482,500.0
27483,485.0
27484,433.9
27485,438.9
27486,453.9
27487,463.9
27488,427.29999999999995
27489,427.29999999999995
27490,392.29999999999995
27491,422.29999999999995
27492,458.75
27493,458.75
27494,438.75
27495,418.75
27496,312.975
27497,297.975
27498,312.975
27499,307.975
27500,234.45
27501,214.45
27502,209.45
27503,214.45
27504,338.07500000000005
27505,353.07500000000005
27506,363.07500000000005
27507,333.07500000000005
27508,95.5
27509,85.5
27510,85.5
27511,85.5
27512,251.29999999999998
27513,251.29999999999998
27514,236.29999999999998
27515,206.29999999999998
27516,382.2
27517,397.2
27518,382.2
27519,397.2
27520,420.0
27521,405.0
27522,410.0
27523,405.0
27524,400.0
27525,390.0
27526,400.0
27527,395.0
27528,415.0
27529,395.0
27530,390.0
27531,375.0
27532,400.0
27533,365.0
27534,365.0
27535,365.0
27536,345.0
27537,355.0
27538,335.0
27539,350.0
27540,325.0
27541,335.0
27542,310.0
27543,320.0
27544,310.0
27545,315.0
27546,315.0
27547,310.0
27548,315.0
27549,300.0
27550,315.0
27551,305.0
27552,315.0
27553,300.0
27554,310.0
27555,305.0
27556,305.0
27557,305.0
27558,300.0
27559,305.0
27560,300.0
27561,315.0
27562,295.0
27563,315.0
27564,305.0
27565,320.0
27566,305.0
27567,320.0
27568,340.0
27569,390.0
27570,400.0
27571,415.0
27572,445.0
27573,455.0
27574,445.0
27575,455.0
27576,475.0
27577,470.0
27578,485.0
27579,495.0
27580,441.075
27581,421.075
27582,431.075
27583,451.075
27584,340.025
27585,345.025
27586,355.025
27587,390.025
27588,264.0
27589,259.0
27590,264.0
27591,264.0
27592,415.8
27593,445.8
27594,430.8
27595,420.8
27596,385.875
27597,375.875
27598,400.875
27599,375.875
27600,351.75
27601,341.75
27602,336.75
27603,326.75
27604,67.22500000000002
27605,97.22500000000002
27606,62.22500000000002
27607,72.22500000000002
27608,-0.0
27609,-0.0
27610,-0.0
27611,-0.0
27612,-0.0
27613,-0.0
27614,-0.0
27615,-0.0
27616,-0.0
27617,-0.0
27618,-0.0
27619,-0.0
27620,216.23656560000205
27621,400.0
27622,395.0
27623,400.0
27624,395.0
27625,380.0
27626,380.0
27627,370.0
27628,370.0
27629,385.0
27630,360.0
27631,355.0
27632,335.0
27633,340.0
27634,335.0
27635,335.0
27636,325.0
27637,325.0
27638,310.0
27639,310.0
27640,300.0
27641,305.0
27642,305.0
27643,300.0
27644,300.0
27645,305.0
27646,300.0
27647,300.0
27648,300.0
27649,300.0
27650,295.0
27651,295.0
27652,290.0
27653,295.0
27654,295.0
27655,290.0
27656,295.0
27657,300.0
27658,295.0
27659,290.0
27660,300.0
27661,295.0
27662,295.0
27663,305.0
27664,320.0
27665,340.0
27666,365.0
27667,365.0
27668,375.0
27669,380.0
27670,380.0
27671,390.0
27672,415.0
27673,420.0
27674,400.0
27675,380.0
27676,207.92499999999998
27677,202.92499999999998
27678,202.92499999999998
27679,217.92499999999998
27680,102.72500000000002
27681,102.72500000000002
27682,87.72500000000002
27683,97.72500000000002
27684,164.2
27685,164.2
27686,164.2
27687,144.2
27688,-0.0
27689,6.184941699999557
27690,9.424999999999955
27691,14.424999999999955
27692,-0.0
27693,-0.0
27694,-0.0
27695,-0.0
27696,-0.0
27697,-0.0
27698,-0.0
27699,-0.0
27700,-0.0
27701,-0.0
27702,-0.0
27703,-0.0
27704,-0.0
27705,-0.0
27706,-0.0
27707,-0.0
27708,-0.0
27709,-0.0
27710,-0.0
27711,-0.0
27712,-0.0
27713,-0.0
27714,-0.0
27715,-0.0
27716,-0.0
27717,-0.0
27718,-0.0
27719,-0.0
27720,-0.0
27721,-0.0
27722,-0.0
27723,-0.0
27724,-0.0
27725,-0.0
27726,-0.0
27727,-0.0
27728,-0.0
27729,-0.0
27730,-0.0
27731,-0.0
27732,-0.0
27733,-0.0
27734,-0.0
27735,-0.0
27736,-0.0
27737,-0.0
27738,-0.0
27739,-0.0
27740,-0.0
27741,-0.0
27742,-0.0
27743,-0.0
27744,-0.0
27745,-0.0
27746,-0.0
27747,-0.0
27748,-0.0
27749,295.0
27750,230.96000000005233
27751,295.0
27752,295.0
27753,300.0
27754,300.0
27755,300.0
27756,305.0
27757,295.0
27758,300.0
27759,305.0
27760,310.0
27761,335.0
27762,375.0
27763,370.0
27764,370.0
27765,390.0
27766,385.0
27767,375.0
27768,370.0
27769,375.0
27770,370.0
27771,375.0
27772,-0.0
27773,-0.0
27774,-0.0
27775,-0.0
27776,-0.0
27777,-0.0
27778,-0.0
27779,-0.0
27780,-0.0
27781,-0.0
27782,-0.0
27783,-0.0
27784,-0.0
27785,-0.0
27786,-0.0
27787,-0.0
27788,-0.0
27789,-0.0
27790,-0.0
27791,-0.0
27792,-0.0
27793,-0.0
27794,-0.0
27795,-0.0
27796,-0.0
27797,-0.0
27798,-0.0
27799,-0.0
27800,-0.0
27801,-0.0
27802,-0.0
27803,-0.0
27804,-0.0
27805,-0.0
27806,-0.0
27807,-0.0
27808,-0.0
27809,-0.0
27810,-0.0
27811,-0.0
27812,-0.0
27813,-0.0
27814,-0.0
27815,-0.0
27816,-0.0
27817,-0.0
27818,-0.0
27819,-0.0
27820,-0.0
27821,-0.0
27822,-0.0
27823,-0.0
27824,-0.0
27825,-0.0
27826,-0.0
27827,-0.0
27828,-0.0
27829,-0.0
27830,-0.0
27831,-0.0
27832,-0.0
27833,-0.0
27834,-0.0
27835,-0.0
27836,-0.0
27837,-0.0
27838,-0.0
27839,-0.0
27840,-0.0
27841,-0.0
27842,-0.0
27843,-0.0
27844,-0.0
27845,279.3600000000542
27846,305.0
27847,305.0
27848,300.0
27849,305.0
27850,305.0
27851,305.0
27852,310.0
27853,310.0
27854,305.0
27855,315.0
27856,345.0
27857,380.0
27858,425.0
27859,410.0
27860,400.0
27861,415.0
27862,420.0
27863,425.0
27864,470.0
27865,465.0
27866,455.0
27867,470.0
27868,-0.0
27869,-0.0
27870,-0.0
27871,3.6494466000069785
27872,-0.0
27873,-0.0
27874,-0.0
27875,-0.0
27876,-0.0
27877,-0.0
27878,-0.0
27879,-0.0
27880,-0.0
27881,-0.0
27882,-0.0
27883,-0.0
27884,-0.0
27885,-0.0
27886,-0.0
27887,-0.0
27888,-0.0
27889,-0.0
27890,-0.0
27891,-0.0
27892,-0.0
27893,-0.0
27894,-0.0
27895,-0.0
27896,-0.0
27897,-0.0
27898,-0.0
27899,-0.0
27900,-0.0
27901,-0.0
27902,-0.0
27903,-0.0
27904,-0.0
27905,-0.0
27906,-0.0
27907,-0.0
27908,-0.0
27909,-0.0
27910,-0.0
27911,-0.0
27912,-0.0
27913,-0.0
27914,-0.0
27915,-0.0
27916,-0.0
27917,-0.0
27918,-0.0
27919,-0.0
27920,-0.0
27921,-0.0
27922,-0.0
27923,-0.0
27924,-0.0
27925,-0.0
27926,-0.0
27927,-0.0
27928,-0.0
27929,-0.0
27930,-0.0
27931,-0.0
27932,-0.0
27933,26.860000000045943
27934,305.0
27935,300.0
27936,310.0
27937,295.0
27938,310.0
27939,300.0
27940,310.0
27941,295.0
27942,310.0
27943,300.0
27944,305.0
27945,295.0
27946,300.0
27947,310.0
27948,310.0
27949,305.0
27950,300.0
27951,325.0
27952,340.0
27953,370.0
27954,400.0
27955,405.0
27956,415.0
27957,435.0
27958,435.0
27959,430.0
27960,480.0
27961,495.0
27962,495.0
27963,490.0
27964,466.575
27965,461.575
27966,486.575
27967,531.575
27968,437.6
27969,442.6
27970,392.6
27971,407.6
27972,481.2
27973,486.2
27974,441.2
27975,436.2
27976,335.725
27977,325.725
27978,350.725
27979,335.725
27980,460.225
27981,460.225
27982,475.225
27983,485.225
27984,299.525
27985,299.525
27986,299.525
27987,294.525
27988,398.45
27989,413.45
27990,408.45
27991,398.45
27992,390.325
27993,380.325
27994,360.325
27995,355.325
27996,338.75
27997,353.75
27998,353.75
27999,333.75
28000,427.275
28001,417.275
28002,392.275
28003,397.275
28004,395.0
28005,395.0
28006,395.0
28007,405.0
28008,390.0
28009,395.0
28010,375.0
28011,385.0
28012,385.0
28013,365.0
28014,365.0
28015,370.0
28016,340.0
28017,350.0
28018,360.0
28019,340.0
28020,340.0
28021,315.0
28022,325.0
28023,310.0
28024,310.0
28025,305.0
28026,310.0
28027,310.0
28028,300.0
28029,310.0
28030,295.0
28031,310.0
28032,300.0
28033,305.0
28034,295.0
28035,300.0
28036,300.0
28037,295.0
28038,305.0
28039,290.0
28040,305.0
28041,295.0
28042,300.0
28043,295.0
28044,310.0
28045,295.0
28046,305.0
28047,310.0
28048,335.0
28049,360.0
28050,400.0
28051,410.0
28052,405.0
28053,435.0
28054,425.0
28055,460.0
28056,480.0
28057,455.0
28058,480.0
28059,510.0
28060,415.925
28061,425.925
28062,420.925
28063,430.925
28064,430.875
28065,425.875
28066,440.875
28067,430.875
28068,453.5
28069,438.5
28070,428.5
28071,448.5
28072,374.425
28073,359.425
28074,354.425
28075,354.425
28076,459.8
28077,454.8
28078,449.8
28079,429.8
28080,295.32500000000005
28081,290.32500000000005
28082,290.32500000000005
28083,290.32500000000005
28084,443.0
28085,453.0
28086,453.0
28087,443.0
28088,394.6
28089,384.6
28090,374.6
28091,354.6
28092,331.05
28093,331.05
28094,326.05
28095,326.05
28096,415.0
28097,410.0
28098,415.0
28099,410.0
28100,400.0
28101,405.0
28102,405.0
28103,410.0
28104,390.0
28105,395.0
28106,395.0
28107,375.0
28108,380.0
28109,365.0
28110,360.0
28111,355.0
28112,355.0
28113,340.0
28114,345.0
28115,330.0
28116,335.0
28117,325.0
28118,330.0
28119,320.0
28120,310.0
28121,315.0
28122,310.0
28123,320.0
28124,300.0
28125,320.0
28126,310.0
28127,310.0
28128,310.0
28129,310.0
28130,315.0
28131,305.0
28132,310.0
28133,300.0
28134,315.0
28135,300.0
28136,315.0
28137,300.0
28138,315.0
28139,310.0
28140,315.0
28141,320.0
28142,310.0
28143,320.0
28144,335.0
28145,360.0
28146,425.0
28147,405.0
28148,420.0
28149,460.0
28150,440.0
28151,460.0
28152,485.0
28153,485.0
28154,500.0
28155,495.0
28156,511.325
28157,511.325
28158,521.325
28159,556.325
28160,311.65
28161,266.65
28162,246.64999999999998
28163,281.65
28164,-0.0
28165,-0.0
28166,-0.0
28167,-0.0
28168,-0.0
28169,-0.0
28170,-0.0
28171,-0.0
28172,-0.0
28173,-0.0
28174,-0.0
28175,-0.0
28176,-0.0
28177,-0.0
28178,-0.0
28179,-0.0
28180,-0.0
28181,-0.0
28182,-0.0
28183,176.27995079997868
28184,405.825
28185,390.825
28186,385.825
28187,365.825
28188,394.375
28189,374.375
28190,379.375
28191,359.375
28192,404.725
28193,404.725
28194,404.725
28195,404.725
28196,385.0
28197,395.0
28198,385.0
28199,390.0
28200,370.0
28201,375.0
28202,370.0
28203,375.0
28204,385.0
28205,395.0
28206,370.0
28207,365.0
28208,355.0
28209,350.0
28210,350.0
28211,345.0
28212,335.0
28213,330.0
28214,320.0
28215,310.0
28216,310.0
28217,310.0
28218,305.0
28219,305.0
28220,305.0
28221,310.0
28222,305.0
28223,300.0
28224,305.0
28225,305.0
28226,305.0
28227,305.0
28228,310.0
28229,295.0
28230,305.0
28231,300.0
28232,300.0
28233,305.0
28234,305.0
28235,305.0
28236,305.0
28237,305.0
28238,310.0
28239,315.0
28240,330.0
28241,370.0
28242,410.0
28243,390.0
28244,415.0
28245,430.0
28246,440.0
28247,435.0
28248,450.0
28249,470.0
28250,485.0
28251,475.0
28252,-0.0
28253,-0.0
28254,-0.0
28255,-0.0
28256,-0.0
28257,-0.0
28258,-0.0
28259,-0.0
28260,-0.0
28261,-0.0
28262,-0.0
28263,-0.0
28264,-0.0
28265,-0.0
28266,-0.0
28267,-0.0
28268,-0.0
28269,-0.0
28270,-0.0
28271,-0.0
28272,-0.0
28273,-0.0
28274,-0.0
28275,-0.0
28276,-0.0
28277,-0.0
28278,-0.0
28279,-0.0
28280,-0.0
28281,-0.0
28282,-0.0
28283,249.31533380002156
28284,371.325
28285,391.325
28286,366.325
28287,366.325
28288,420.0
28289,405.0
28290,405.0
28291,400.0
28292,400.0
28293,400.0
28294,400.0
28295,395.0
28296,380.0
28297,380.0
28298,365.0
28299,370.0
28300,365.0
28301,370.0
28302,365.0
28303,380.0
28304,345.0
28305,345.0
28306,335.0
28307,335.0
28308,330.0
28309,320.0
28310,310.0
28311,315.0
28312,310.0
28313,305.0
28314,305.0
28315,305.0
28316,305.0
28317,305.0
28318,305.0
28319,300.0
28320,300.0
28321,300.0
28322,300.0
28323,300.0
28324,300.0
28325,295.0
28326,300.0
28327,295.0
28328,300.0
28329,305.0
28330,300.0
28331,305.0
28332,315.0
28333,305.0
28334,300.0
28335,325.0
28336,330.0
28337,345.0
28338,370.0
28339,370.0
28340,390.0
28341,385.0
28342,410.0
28343,400.0
28344,410.0
28345,425.0
28346,410.0
28347,395.0
28348,256.65
28349,246.65
28350,246.65
28351,256.65
28352,-0.0
28353,-0.0
28354,-0.0
28355,-0.0
28356,-0.0
28357,-0.0
28358,-0.0
28359,-0.0
28360,-0.0
28361,-0.0
28362,-0.0
28363,114.4575355999942
28364,89.25
28365,94.25
28366,94.25
28367,94.25
28368,238.275
28369,243.275
28370,233.275
28371,238.275
28372,278.9
28373,283.9
28374,273.9
28375,288.9
28376,221.125
28377,216.125
28378,216.125
28379,206.125
28380,82.67500000000001
28381,77.67500000000001
28382,82.67500000000001
28383,77.67500000000001
28384,365.0
28385,355.0
28386,375.0
28387,365.0
28388,355.0
28389,360.0
28390,370.0
28391,365.0
28392,360.0
28393,365.0
28394,350.0
28395,345.0
28396,335.0
28397,350.0
28398,340.0
28399,335.0
28400,330.0
28401,325.0
28402,325.0
28403,330.0
28404,315.0
28405,300.0
28406,305.0
28407,305.0
28408,305.0
28409,300.0
28410,300.0
28411,300.0
28412,295.0
28413,295.0
28414,295.0
28415,300.0
28416,300.0
28417,295.0
28418,295.0
28419,295.0
28420,295.0
28421,295.0
28422,295.0
28423,295.0
28424,295.0
28425,295.0
28426,295.0
28427,290.0
28428,300.0
28429,290.0
28430,295.0
28431,300.0
28432,335.0
28433,345.0
28434,370.0
28435,395.0
28436,375.0
28437,380.0
28438,365.0
28439,380.0
28440,385.0
28441,375.0
28442,375.0
28443,370.0
28444,-0.0
28445,-0.0
28446,-0.0
28447,-0.0
28448,-0.0
28449,-0.0
28450,-0.0
28451,-0.0
28452,-0.0
28453,-0.0
28454,-0.0
28455,-0.0
28456,-0.0
28457,-0.0
28458,-0.0
28459,-0.0
28460,-0.0
28461,-0.0
28462,-0.0
28463,-0.0
28464,-0.0
28465,-0.0
28466,-0.0
28467,-0.0
28468,-0.0
28469,-0.0
28470,-0.0
28471,-0.0
28472,-0.0
28473,-0.0
28474,-0.0
28475,-0.0
28476,-0.0
28477,-0.0
28478,-0.0
28479,-0.0
28480,-0.0
28481,-0.0
28482,-0.0
28483,-0.0
28484,-0.0
28485,-0.0
28486,-0.0
28487,-0.0
28488,-0.0
28489,-0.0
28490,-0.0
28491,-0.0
28492,-0.0
28493,-0.0
28494,-0.0
28495,-0.0
28496,-0.0
28497,-0.0
28498,-0.0
28499,-0.0
28500,-0.0
28501,-0.0
28502,-0.0
28503,-0.0
28504,-0.0
28505,-0.0
28506,-0.0
28507,-0.0
28508,-0.0
28509,-0.0
28510,-0.0
28511,-0.0
28512,-0.0
28513,-0.0
28514,-0.0
28515,-0.0
28516,-0.0
28517,66.76000000007068
28518,305.0
28519,300.0
28520,310.0
28521,305.0
28522,305.0
28523,305.0
28524,300.0
28525,305.0
28526,300.0
28527,315.0
28528,350.0
28529,400.0
28530,435.0
28531,405.0
28532,415.0
28533,415.0
28534,425.0
28535,445.0
28536,470.0
28537,450.0
28538,465.0
28539,475.0
28540,43.67500000000001
28541,53.67500000000001
28542,43.67500000000001
28543,43.67500000000001
28544,-0.0
28545,-0.0
28546,-0.0
28547,-0.0
28548,-0.0
28549,-0.0
28550,-0.0
28551,-0.0
28552,-0.0
28553,-0.0
28554,-0.0
28555,-0.0
28556,-0.0
28557,-0.0
28558,-0.0
28559,-0.0
28560,-0.0
28561,-0.0
28562,-0.0
28563,-0.0
28564,-0.0
28565,-0.0
28566,-0.0
28567,-0.0
28568,-0.0
28569,-0.0
28570,-0.0
28571,-0.0
28572,-0.0
28573,-0.0
28574,-0.0
28575,-0.0
28576,-0.0
28577,-0.0
28578,-0.0
28579,-0.0
28580,-0.0
28581,-0.0
28582,-0.0
28583,-0.0
28584,-0.0
28585,-0.0
28586,-0.0
28587,-0.0
28588,-0.0
28589,-0.0
28590,-0.0
28591,-0.0
28592,-0.0
28593,-0.0
28594,-0.0
28595,-0.0
28596,-0.0
28597,-0.0
28598,-0.0
28599,-0.0
28600,-0.0
28601,-0.0
28602,-0.0
28603,102.7600000000547
28604,320.0
28605,320.0
28606,320.0
28607,310.0
28608,320.0
28609,310.0
28610,315.0
28611,315.0
28612,320.0
28613,310.0
28614,315.0
28615,310.0
28616,310.0
28617,315.0
28618,305.0
28619,325.0
28620,300.0
28621,315.0
28622,310.0
28623,320.0
28624,350.0
28625,395.0
28626,410.0
28627,405.0
28628,440.0
28629,445.0
28630,430.0
28631,460.0
28632,495.0
28633,515.0
28634,520.0
28635,490.0
28636,263.375
28637,258.375
28638,278.375
28639,293.375
28640,282.07500000000005
28641,287.07500000000005
28642,262.07500000000005
28643,292.07500000000005
28644,-0.0
28645,-0.0
28646,-0.0
28647,-0.0
28648,-0.0
28649,-0.0
28650,-0.0
28651,-0.0
28652,-0.0
28653,-0.0
28654,-0.0
28655,-0.0
28656,-0.0
28657,-0.0
28658,-0.0
28659,-0.0
28660,-0.0
28661,-0.0
28662,-0.0
28663,-0.0
28664,-0.0
28665,-0.0
28666,-0.0
28667,-0.0
28668,-0.0
28669,-0.0
28670,-0.0
28671,-0.0
28672,-0.0
28673,-0.0
28674,-0.0
28675,-0.0
28676,-0.0
28677,-0.0
28678,-0.0
28679,-0.0
28680,-0.0
28681,-0.0
28682,-0.0
28683,-0.0
28684,-0.0
28685,-0.0
28686,-0.0
28687,-0.0
28688,-0.0
28689,101.86664080003501
28690,345.0
28691,355.0
28692,330.0
28693,335.0
28694,315.0
28695,320.0
28696,310.0
28697,315.0
28698,310.0
28699,310.0
28700,310.0
28701,310.0
28702,315.0
28703,300.0
28704,315.0
28705,300.0
28706,310.0
28707,300.0
28708,310.0
28709,305.0
28710,305.0
28711,305.0
28712,305.0
28713,310.0
28714,315.0
28715,315.0
28716,300.0
28717,315.0
28718,300.0
28719,325.0
28720,330.0
28721,375.0
28722,400.0
28723,420.0
28724,420.0
28725,445.0
28726,455.0
28727,470.0
28728,480.0
28729,475.0
28730,485.0
28731,500.0
28732,385.35
28733,405.35
28734,375.35
28735,405.35
28736,52.025000000000034
28737,67.02500000000003
28738,67.02500000000003
28739,57.025000000000034
28740,361.225
28741,366.225
28742,351.225
28743,391.225
28744,387.65
28745,387.65
28746,397.65
28747,412.65
28748,189.175
28749,189.175
28750,164.175
28751,169.175
28752,-0.0
28753,-0.0
28754,-0.0
28755,-0.0
28756,-0.0
28757,-0.0
28758,-0.0
28759,-0.0
28760,-0.0
28761,-0.0
28762,-0.0
28763,-0.0
28764,-0.0
28765,-0.0
28766,-0.0
28767,-0.0
28768,-0.0
28769,-0.0
28770,-0.0
28771,-0.0
28772,-0.0
28773,-0.0
28774,-0.0
28775,-0.0
28776,-0.0
28777,-0.0
28778,-0.0
28779,-0.0
28780,121.12936320002626
28781,390.0
28782,370.0
28783,370.0
28784,355.0
28785,345.0
28786,345.0
28787,340.0
28788,335.0
28789,325.0
28790,330.0
28791,315.0
28792,320.0
28793,315.0
28794,315.0
28795,305.0
28796,315.0
28797,310.0
28798,310.0
28799,310.0
28800,310.0
28801,310.0
28802,295.0
28803,310.0
28804,305.0
28805,310.0
28806,300.0
28807,310.0
28808,305.0
28809,300.0
28810,310.0
28811,310.0
28812,310.0
28813,300.0
28814,310.0
28815,305.0
28816,355.0
28817,360.0
28818,405.0
28819,445.0
28820,430.0
28821,450.0
28822,430.0
28823,440.0
28824,460.0
28825,490.0
28826,470.0
28827,485.0
28828,182.175
28829,187.175
28830,192.175
28831,227.175
28832,-0.0
28833,-0.0
28834,-0.0
28835,-0.0
28836,-0.0
28837,-0.0
28838,-0.0
28839,-0.0
28840,-0.0
28841,-0.0
28842,-0.0
28843,-0.0
28844,-0.0
28845,-0.0
28846,-0.0
28847,-0.0
28848,-0.0
28849,-0.0
28850,-0.0
28851,-0.0
28852,-0.0
28853,-0.0
28854,-0.0
28855,-0.0
28856,-0.0
28857,-0.0
28858,-0.0
28859,-0.0
28860,-0.0
28861,-0.0
28862,-0.0
28863,-0.0
28864,-0.0
28865,-0.0
28866,-0.0
28867,-0.0
28868,-0.0
28869,-0.0
28870,-0.0
28871,-0.0
28872,-0.0
28873,-0.0
28874,-0.0
28875,-0.0
28876,-0.0
28877,-0.0
28878,-0.0
28879,-0.0
28880,-0.0
28881,-0.0
28882,-0.0
28883,-0.0
28884,-0.0
28885,-0.0
28886,-0.0
28887,-0.0
28888,-0.0
28889,-0.0
28890,-0.0
28891,-0.0
28892,-0.0
28893,-0.0
28894,-0.0
28895,-0.0
28896,-0.0
28897,-0.0
28898,-0.0
28899,176.36000000007505
28900,300.0
28901,295.0
28902,305.0
28903,295.0
28904,300.0
28905,305.0
28906,295.0
28907,305.0
28908,295.0
28909,310.0
28910,295.0
28911,320.0
28912,335.0
28913,375.0
28914,395.0
28915,410.0
28916,425.0
28917,435.0
28918,420.0
28919,455.0
28920,455.0
28921,475.0
28922,460.0
28923,465.0
28924,310.0
28925,310.0
28926,320.0
28927,310.0
28928,249.05
28929,264.05
28930,274.05
28931,254.05
28932,-0.0
28933,-0.0
28934,-0.0
28935,-0.0
28936,-0.0
28937,-0.0
28938,-0.0
28939,-0.0
28940,-0.0
28941,-0.0
28942,-0.0
28943,-0.0
28944,-0.0
28945,-0.0
28946,-0.0
28947,-0.0
28948,-0.0
28949,-0.0
28950,-0.0
28951,-0.0
28952,-0.0
28953,-0.0
28954,-0.0
28955,-0.0
28956,-0.0
28957,-0.0
28958,-0.0
28959,-0.0
28960,-0.0
28961,-0.0
28962,-0.0
28963,-0.0
28964,-0.0
28965,-0.0
28966,-0.0
28967,-0.0
28968,-0.0
28969,-0.0
28970,-0.0
28971,-0.0
28972,-0.0
28973,-0.0
28974,-0.0
28975,-0.0
28976,-0.0
28977,-0.0
28978,-0.0
28979,-0.0
28980,-0.0
28981,-0.0
28982,-0.0
28983,-0.0
28984,-0.0
28985,-0.0
28986,-0.0
28987,111.69794920005006
28988,310.0
28989,295.0
28990,310.0
28991,300.0
28992,310.0
28993,305.0
28994,300.0
28995,325.0
28996,310.0
28997,305.0
28998,295.0
28999,310.0
29000,290.0
29001,310.0
29002,300.0
29003,300.0
29004,300.0
29005,300.0
29006,305.0
29007,305.0
29008,335.0
29009,335.0
29010,395.0
29011,375.0
29012,400.0
29013,395.0
29014,410.0
29015,390.0
29016,380.0
29017,410.0
29018,385.0
29019,415.0
29020,385.35
29021,380.35
29022,385.35
29023,385.35
29024,392.575
29025,397.575
29026,412.575
29027,407.575
29028,322.65
29029,322.65
29030,302.65
29031,307.65
29032,305.35
29033,320.35
29034,320.35
29035,345.35
29036,333.325
29037,348.325
29038,333.325
29039,313.325
29040,220.65
29041,210.65
29042,210.65
29043,205.65
29044,238.1
29045,223.1
29046,233.1
29047,223.1
29048,99.5
29049,84.5
29050,89.5
29051,74.5
29052,247.8
29053,242.8
29054,237.8
29055,247.8
29056,355.0
29057,370.0
29058,355.0
29059,375.0
29060,365.0
29061,365.0
29062,360.0
29063,385.0
29064,380.0
29065,365.0
29066,360.0
29067,350.0
29068,355.0
29069,350.0
29070,350.0
29071,335.0
29072,340.0
29073,330.0
29074,340.0
29075,330.0
29076,320.0
29077,320.0
29078,310.0
29079,310.0
29080,310.0
29081,315.0
29082,305.0
29083,315.0
29084,305.0
29085,310.0
29086,300.0
29087,305.0
29088,305.0
29089,305.0
29090,305.0
29091,305.0
29092,305.0
29093,305.0
29094,305.0
29095,300.0
29096,310.0
29097,300.0
29098,305.0
29099,300.0
29100,310.0
29101,305.0
29102,315.0
29103,315.0
29104,300.0
29105,310.0
29106,300.0
29107,325.0
29108,335.0
29109,365.0
29110,375.0
29111,365.0
29112,405.0
29113,400.0
29114,410.0
29115,400.0
29116,332.8
29117,327.8
29118,367.8
29119,347.8
29120,-0.0
29121,-0.0
29122,-0.0
29123,-0.0
29124,-0.0
29125,-0.0
29126,-0.0
29127,-0.0
29128,-0.0
29129,-0.0
29130,-0.0
29131,-0.0
29132,-0.0
29133,-0.0
29134,-0.0
29135,-0.0
29136,-0.0
29137,-0.0
29138,-0.0
29139,-0.0
29140,-0.0
29141,-0.0
29142,-0.0
29143,-0.0
29144,205.49149709999244
29145,279.875
29146,294.875
29147,299.875
29148,344.1
29149,349.1
29150,329.1
29151,339.1
29152,350.0
29153,360.0
29154,360.0
29155,355.0
29156,375.0
29157,365.0
29158,370.0
29159,365.0
29160,360.0
29161,355.0
29162,370.0
29163,355.0
29164,370.0
29165,350.0
29166,360.0
29167,350.0
29168,345.0
29169,350.0
29170,340.0
29171,345.0
29172,330.0
29173,340.0
29174,320.0
29175,335.0
29176,310.0
29177,310.0
29178,305.0
29179,305.0
29180,305.0
29181,300.0
29182,300.0
29183,295.0
29184,305.0
29185,295.0
29186,305.0
29187,295.0
29188,305.0
29189,295.0
29190,300.0
29191,300.0
29192,300.0
29193,300.0
29194,300.0
29195,305.0
29196,295.0
29197,305.0
29198,295.0
29199,305.0
29200,295.0
29201,305.0
29202,300.0
29203,315.0
29204,330.0
29205,340.0
29206,395.0
29207,365.0
29208,370.0
29209,370.0
29210,390.0
29211,405.0
29212,29.950000000000045
29213,4.9500000000000455
29214,4.9500000000000455
29215,-0.0
29216,-0.0
29217,-0.0
29218,-0.0
29219,-0.0
29220,-0.0
29221,-0.0
29222,-0.0
29223,-0.0
29224,-0.0
29225,-0.0
29226,-0.0
29227,-0.0
29228,-0.0
29229,-0.0
29230,-0.0
29231,-0.0
29232,-0.0
29233,-0.0
29234,-0.0
29235,-0.0
29236,-0.0
29237,-0.0
29238,-0.0
29239,-0.0
29240,-0.0
29241,-0.0
29242,-0.0
29243,-0.0
29244,-0.0
29245,-0.0
29246,-0.0
29247,-0.0
29248,-0.0
29249,-0.0
29250,-0.0
29251,-0.0
29252,-0.0
29253,-0.0
29254,-0.0
29255,-0.0
29256,-0.0
29257,-0.0
29258,-0.0
29259,-0.0
29260,-0.0
29261,-0.0
29262,-0.0
29263,-0.0
29264,-0.0
29265,-0.0
29266,-0.0
29267,-0.0
29268,-0.0
29269,-0.0
29270,-0.0
29271,-0.0
29272,-0.0
29273,-0.0
29274,-0.0
29275,-0.0
29276,-0.0
29277,-0.0
29278,-0.0
29279,-0.0
29280,-0.0
29281,-0.0
29282,-0.0
29283,-0.0
29284,253.26000000008113
29285,305.0
29286,305.0
29287,300.0
29288,305.0
29289,305.0
29290,300.0
29291,305.0
29292,305.0
29293,305.0
29294,300.0
29295,305.0
29296,300.0
29297,305.0
29298,310.0
29299,310.0
29300,345.0
29301,410.0
29302,410.0
29303,395.0
29304,415.0
29305,440.0
29306,420.0
29307,445.0
29308,390.675
29309,415.675
29310,360.675
29311,390.675
29312,203.8
29313,188.8
29314,183.8
29315,198.8
29316,448.625
29317,443.625
29318,448.625
29319,443.625
29320,402.5
29321,432.5
29322,392.5
29323,397.5
29324,-0.0
29325,-0.0
29326,-0.0
29327,-0.0
29328,-0.0
29329,-0.0
29330,-0.0
29331,-0.0
29332,-0.0
29333,-0.0
29334,-0.0
29335,-0.0
29336,-0.0
29337,-0.0
29338,-0.0
29339,-0.0
29340,-0.0
29341,-0.0
29342,-0.0
29343,43.971421199988725
29344,440.0
29345,420.0
29346,440.0
29347,410.0
29348,420.0
29349,410.0
29350,415.0
29351,415.0
29352,405.0
29353,405.0
29354,405.0
29355,410.0
29356,395.0
29357,395.0
29358,370.0
29359,375.0
29360,365.0
29361,365.0
29362,355.0
29363,360.0
29364,345.0
29365,335.0
29366,335.0
29367,345.0
29368,325.0
29369,330.0
29370,310.0
29371,310.0
29372,310.0
29373,305.0
29374,305.0
29375,305.0
29376,300.0
29377,305.0
29378,320.0
29379,310.0
29380,305.0
29381,295.0
29382,300.0
29383,300.0
29384,300.0
29385,305.0
29386,295.0
29387,295.0
29388,300.0
29389,290.0
29390,290.0
29391,295.0
29392,290.0
29393,300.0
29394,295.0
29395,300.0
29396,330.0
29397,360.0
29398,405.0
29399,395.0
29400,420.0
29401,445.0
29402,435.0
29403,445.0
29404,411.325
29405,456.325
29406,471.325
29407,456.325
29408,414.45
29409,414.45
29410,424.45
29411,464.45
29412,410.125
29413,400.125
29414,430.125
29415,435.125
29416,407.775
29417,407.775
29418,412.775
29419,437.775
29420,418.7
29421,408.7
29422,423.7
29423,393.7
29424,433.275
29425,433.275
29426,438.275
29427,433.275
29428,452.125
29429,447.125
29430,437.125
29431,452.125
29432,480.95
29433,475.95
29434,475.95
29435,470.95
29436,291.375
29437,271.375
29438,256.375
29439,241.375
29440,430.0
29441,435.0
29442,435.0
29443,430.0
29444,435.0
29445,425.0
29446,425.0
29447,410.0
29448,405.0
29449,405.0
29450,405.0
29451,430.0
29452,395.0
29453,395.0
29454,390.0
29455,385.0
29456,380.0
29457,370.0
29458,365.0
29459,360.0
29460,355.0
29461,345.0
29462,345.0
29463,340.0
29464,325.0
29465,315.0
29466,315.0
29467,310.0
29468,310.0
29469,310.0
29470,305.0
29471,305.0
29472,310.0
29473,300.0
29474,300.0
29475,300.0
29476,300.0
29477,300.0
29478,300.0
29479,300.0
29480,300.0
29481,305.0
29482,300.0
29483,295.0
29484,305.0
29485,300.0
29486,300.0
29487,300.0
29488,295.0
29489,300.0
29490,305.0
29491,310.0
29492,335.0
29493,365.0
29494,405.0
29495,400.0
29496,420.0
29497,465.0
29498,435.0
29499,425.0
29500,287.55
29501,312.55
29502,322.55
29503,332.55
29504,155.20000000000005
29505,145.20000000000005
29506,150.20000000000005
29507,155.20000000000005
29508,415.475
29509,425.475
29510,415.475
29511,435.475
29512,399.875
29513,379.875
29514,394.875
29515,369.875
29516,415.25
29517,415.25
29518,425.25
29519,435.25
29520,457.2
29521,442.2
29522,442.2
29523,457.2
29524,449.325
29525,449.325
29526,454.325
29527,444.325
29528,467.15
29529,462.15
29530,467.15
29531,447.15
29532,463.925
29533,458.925
29534,438.925
29535,438.925
29536,435.0
29537,425.0
29538,425.0
29539,430.0
29540,420.0
29541,410.0
29542,425.0
29543,415.0
29544,410.0
29545,420.0
29546,415.0
29547,415.0
29548,405.0
29549,395.0
29550,385.0
29551,380.0
29552,370.0
29553,380.0
29554,370.0
29555,365.0
29556,350.0
29557,345.0
29558,345.0
29559,330.0
29560,325.0
29561,320.0
29562,310.0
29563,305.0
29564,310.0
29565,310.0
29566,305.0
29567,310.0
29568,300.0
29569,305.0
29570,300.0
29571,305.0
29572,300.0
29573,300.0
29574,305.0
29575,300.0
29576,305.0
29577,300.0
29578,300.0
29579,305.0
29580,310.0
29581,305.0
29582,300.0
29583,305.0
29584,300.0
29585,305.0
29586,300.0
29587,315.0
29588,335.0
29589,380.0
29590,400.0
29591,385.0
29592,410.0
29593,420.0
29594,420.0
29595,420.0
29596,373.75
29597,398.75
29598,378.75
29599,383.75
29600,232.7
29601,242.7
29602,232.7
29603,242.7
29604,427.15
29605,452.15
29606,417.15
29607,442.15
29608,413.0
29609,438.0
29610,423.0
29611,398.0
29612,256.70000000000005
29613,276.70000000000005
29614,251.70000000000002
29615,256.70000000000005
29616,381.775
29617,366.775
29618,376.775
29619,361.775
29620,263.6
29621,253.6
29622,253.6
29623,238.6
29624,321.54999999999995
29625,301.54999999999995
29626,306.54999999999995
29627,306.54999999999995
29628,325.8
29629,335.8
29630,310.8
29631,305.8
29632,415.0
29633,420.0
29634,415.0
29635,410.0
29636,425.0
29637,415.0
29638,410.0
29639,405.0
29640,395.0
29641,400.0
29642,390.0
29643,405.0
29644,380.0
29645,395.0
29646,390.0
29647,365.0
29648,375.0
29649,370.0
29650,355.0
29651,345.0
29652,340.0
29653,335.0
29654,330.0
29655,330.0
29656,320.0
29657,315.0
29658,305.0
29659,310.0
29660,300.0
29661,300.0
29662,305.0
29663,300.0
29664,300.0
29665,300.0
29666,295.0
29667,295.0
29668,300.0
29669,295.0
29670,295.0
29671,295.0
29672,295.0
29673,295.0
29674,295.0
29675,300.0
29676,290.0
29677,300.0
29678,295.0
29679,295.0
29680,300.0
29681,290.0
29682,300.0
29683,300.0
29684,335.0
29685,345.0
29686,365.0
29687,360.0
29688,385.0
29689,380.0
29690,405.0
29691,400.0
29692,233.25
29693,208.25
29694,208.25
29695,208.25
29696,-0.0
29697,-0.0
29698,-0.0
29699,-0.0
29700,-0.0
29701,-0.0
29702,-0.0
29703,-0.0
29704,-0.0
29705,-0.0
29706,-0.0
29707,-0.0
29708,-0.0
29709,-0.0
29710,-0.0
29711,-0.0
29712,-0.0
29713,-0.0
29714,-0.0
29715,-0.0
29716,-0.0
29717,-0.0
29718,-0.0
29719,-0.0
29720,-0.0
29721,-0.0
29722,-0.0
29723,-0.0
29724,-0.0
29725,-0.0
29726,-0.0
29727,-0.0
29728,-0.0
29729,-0.0
29730,-0.0
29731,-0.0
29732,-0.0
29733,-0.0
29734,-0.0
29735,-0.0
29736,-0.0
29737,-0.0
29738,-0.0
29739,-0.0
29740,-0.0
29741,-0.0
29742,-0.0
29743,-0.0
29744,-0.0
29745,-0.0
29746,-0.0
29747,-0.0
29748,-0.0
29749,-0.0
29750,-0.0
29751,-0.0
29752,-0.0
29753,-0.0
29754,-0.0
29755,-0.0
29756,79.86000000005163
29757,310.0
29758,300.0
29759,305.0
29760,300.0
29761,320.0
29762,300.0
29763,315.0
29764,295.0
29765,305.0
29766,300.0
29767,300.0
29768,300.0
29769,310.0
29770,305.0
29771,305.0
29772,300.0
29773,300.0
29774,300.0
29775,300.0
29776,300.0
29777,305.0
29778,300.0
29779,310.0
29780,330.0
29781,360.0
29782,390.0
29783,365.0
29784,380.0
29785,375.0
29786,365.0
29787,385.0
29788,380.0
29789,375.0
29790,365.0
29791,375.0
29792,251.475
29793,241.475
29794,241.475
29795,266.475
29796,371.175
29797,356.175
29798,366.175
29799,361.175
29800,134.925
29801,104.92500000000001
29802,124.92500000000001
29803,119.92500000000001
29804,339.8
29805,329.8
29806,324.8
29807,339.8
29808,303.175
29809,313.175
29810,298.175
29811,303.175
29812,-0.0
29813,-0.0
29814,-0.0
29815,-0.0
29816,-0.0
29817,-0.0
29818,-0.0
29819,-0.0
29820,-0.0
29821,-0.0
29822,-0.0
29823,-0.0
29824,-0.0
29825,-0.0
29826,-0.0
29827,-0.0
29828,192.62564559999433
29829,360.0
29830,365.0
29831,370.0
29832,355.0
29833,355.0
29834,355.0
29835,360.0
29836,355.0
29837,355.0
29838,340.0
29839,350.0
29840,340.0
29841,345.0
29842,340.0
29843,335.0
29844,330.0
29845,325.0
29846,325.0
29847,320.0
29848,305.0
29849,310.0
29850,310.0
29851,310.0
29852,305.0
29853,305.0
29854,295.0
29855,305.0
29856,305.0
29857,305.0
29858,310.0
29859,305.0
29860,305.0
29861,305.0
29862,305.0
29863,305.0
29864,305.0
29865,300.0
29866,305.0
29867,300.0
29868,305.0
29869,305.0
29870,305.0
29871,305.0
29872,310.0
29873,305.0
29874,310.0
29875,315.0
29876,335.0
29877,390.0
29878,430.0
29879,415.0
29880,415.0
29881,400.0
29882,410.0
29883,450.0
29884,445.175
29885,460.175
29886,435.175
29887,445.175
29888,358.175
29889,363.175
29890,383.175
29891,393.175
29892,405.45
29893,455.45
29894,455.45
29895,435.45
29896,106.77500000000003
29897,91.77500000000003
29898,96.77500000000003
29899,121.77500000000003
29900,166.77500000000003
29901,151.77500000000003
29902,156.77500000000003
29903,156.77500000000003
29904,163.84999999999997
29905,133.84999999999997
29906,148.84999999999997
29907,138.84999999999997
29908,424.275
29909,424.275
29910,419.275
29911,424.275
29912,431.525
29913,451.525
29914,446.525
29915,451.525
29916,461.55
29917,456.55
29918,456.55
29919,431.55
29920,435.0
29921,425.0
29922,430.0
29923,425.0
29924,415.0
29925,415.0
29926,410.0
29927,410.0
29928,395.0
29929,405.0
29930,405.0
29931,410.0
29932,390.0
29933,390.0
29934,365.0
29935,375.0
29936,375.0
29937,370.0
29938,370.0
29939,360.0
29940,355.0
29941,350.0
29942,340.0
29943,345.0
29944,340.0
29945,335.0
29946,325.0
29947,330.0
29948,315.0
29949,325.0
29950,315.0
29951,325.0
29952,315.0
29953,320.0
29954,315.0
29955,310.0
29956,310.0
29957,315.0
29958,305.0
29959,310.0
29960,310.0
29961,310.0
29962,310.0
29963,310.0
29964,310.0
29965,305.0
29966,305.0
29967,305.0
29968,310.0
29969,310.0
29970,305.0
29971,320.0
29972,335.0
29973,395.0
29974,420.0
29975,410.0
29976,425.0
29977,435.0
29978,440.0
29979,465.0
29980,428.525
29981,433.525
29982,418.525
29983,423.525
29984,-0.0
29985,-0.0
29986,-0.0
29987,-0.0
29988,-0.0
29989,-0.0
29990,-0.0
29991,-0.0
29992,-0.0
29993,-0.0
29994,-0.0
29995,-0.0
29996,-0.0
29997,-0.0
29998,-0.0
29999,-0.0
30000,-0.0
30001,-0.0
30002,-0.0
30003,-0.0
30004,-0.0
30005,-0.0
30006,-0.0
30007,-0.0
30008,-0.0
30009,-0.0
30010,-0.0
30011,-0.0
30012,-0.0
30013,-0.0
30014,-0.0
30015,-0.0
30016,-0.0
30017,-0.0
30018,-0.0
30019,-0.0
30020,-0.0
30021,-0.0
30022,-0.0
30023,-0.0
30024,-0.0
30025,-0.0
30026,-0.0
30027,-0.0
30028,-0.0
30029,-0.0
30030,-0.0
30031,-0.0
30032,-0.0
30033,-0.0
30034,-0.0
30035,-0.0
30036,-0.0
30037,-0.0
30038,-0.0
30039,-0.0
30040,-0.0
30041,-0.0
30042,-0.0
30043,-0.0
30044,-0.0
30045,-0.0
30046,-0.0
30047,273.0600000000764
30048,300.0
30049,305.0
30050,300.0
30051,300.0
30052,300.0
30053,295.0
30054,300.0
30055,290.0
30056,300.0
30057,300.0
30058,300.0
30059,295.0
30060,295.0
30061,300.0
30062,290.0
30063,295.0
30064,295.0
30065,300.0
30066,310.0
30067,305.0
30068,330.0
30069,370.0
30070,395.0
30071,395.0
30072,420.0
30073,430.0
30074,435.0
30075,460.0
30076,480.0
30077,470.0
30078,470.0
30079,480.0
30080,-0.0
30081,-0.0
30082,-0.0
30083,-0.0
30084,-0.0
30085,-0.0
30086,-0.0
30087,-0.0
30088,-0.0
30089,-0.0
30090,-0.0
30091,-0.0
30092,-0.0
30093,-0.0
30094,-0.0
30095,-0.0
30096,-0.0
30097,-0.0
30098,-0.0
30099,-0.0
30100,-0.0
30101,-0.0
30102,-0.0
30103,-0.0
30104,-0.0
30105,-0.0
30106,-0.0
30107,-0.0
30108,-0.0
30109,-0.0
30110,-0.0
30111,-0.0
30112,-0.0
30113,-0.0
30114,-0.0
30115,-0.0
30116,-0.0
30117,-0.0
30118,-0.0
30119,-0.0
30120,-0.0
30121,-0.0
30122,-0.0
30123,-0.0
30124,-0.0
30125,-0.0
30126,-0.0
30127,-0.0
30128,368.1825520000187
30129,365.0
30130,355.0
30131,350.0
30132,340.0
30133,335.0
30134,330.0
30135,330.0
30136,320.0
30137,315.0
30138,310.0
30139,305.0
30140,295.0
30141,300.0
30142,305.0
30143,295.0
30144,305.0
30145,295.0
30146,300.0
30147,300.0
30148,295.0
30149,300.0
30150,300.0
30151,295.0
30152,295.0
30153,300.0
30154,295.0
30155,295.0
30156,300.0
30157,295.0
30158,295.0
30159,295.0
30160,300.0
30161,305.0
30162,300.0
30163,305.0
30164,325.0
30165,365.0
30166,405.0
30167,425.0
30168,415.0
30169,430.0
30170,425.0
30171,405.0
30172,454.825
30173,469.825
30174,469.825
30175,479.825
30176,273.525
30177,263.525
30178,293.525
30179,298.525
30180,201.125
30181,216.125
30182,221.125
30183,241.125
30184,244.52500000000003
30185,194.52500000000003
30186,194.52500000000003
30187,214.52500000000003
30188,-0.0
30189,-0.0
30190,-0.0
30191,-0.0
30192,-0.0
30193,-0.0
30194,-0.0
30195,-0.0
30196,-0.0
30197,-0.0
30198,-0.0
30199,-0.0
30200,-0.0
30201,-0.0
30202,-0.0
30203,-0.0
30204,-0.0
30205,-0.0
30206,-0.0
30207,-0.0
30208,-0.0
30209,-0.0
30210,-0.0
30211,-0.0
30212,-0.0
30213,-0.0
30214,-0.0
30215,-0.0
30216,-0.0
30217,-0.0
30218,-0.0
30219,-0.0
30220,-0.0
30221,-0.0
30222,-0.0
30223,-0.0
30224,-0.0
30225,16.4434568000284
30226,370.0
30227,365.0
30228,350.0
30229,350.0
30230,345.0
30231,345.0
30232,325.0
30233,335.0
30234,310.0
30235,315.0
30236,310.0
30237,310.0
30238,310.0
30239,305.0
30240,305.0
30241,305.0
30242,310.0
30243,305.0
30244,305.0
30245,300.0
30246,300.0
30247,300.0
30248,305.0
30249,300.0
30250,300.0
30251,300.0
30252,305.0
30253,300.0
30254,300.0
30255,300.0
30256,295.0
30257,305.0
30258,300.0
30259,310.0
30260,340.0
30261,365.0
30262,400.0
30263,395.0
30264,435.0
30265,455.0
30266,440.0
30267,455.0
30268,474.875
30269,459.875
30270,464.875
30271,464.875
30272,314.125
30273,304.125
30274,324.125
30275,324.125
30276,252.45
30277,262.45
30278,277.45
30279,262.45
30280,-0.0
30281,-0.0
30282,-0.0
30283,-0.0
30284,-0.0
30285,-0.0
30286,-0.0
30287,-0.0
30288,-0.0
30289,-0.0
30290,-0.0
30291,-0.0
30292,-0.0
30293,-0.0
30294,-0.0
30295,-0.0
30296,-0.0
30297,-0.0
30298,-0.0
30299,-0.0
30300,-0.0
30301,-0.0
30302,-0.0
30303,-0.0
30304,-0.0
30305,-0.0
30306,-0.0
30307,-0.0
30308,-0.0
30309,-0.0
30310,-0.0
30311,-0.0
30312,-0.0
30313,-0.0
30314,-0.0
30315,-0.0
30316,-0.0
30317,-0.0
30318,-0.0
30319,-0.0
30320,-0.0
30321,-0.0
30322,-0.0
30323,-0.0
30324,-0.0
30325,-0.0
30326,-0.0
30327,-0.0
30328,-0.0
30329,-0.0
30330,-0.0
30331,-0.0
30332,-0.0
30333,-0.0
30334,173.66000000006352
30335,295.0
30336,295.0
30337,300.0
30338,295.0
30339,300.0
30340,295.0
30341,295.0
30342,295.0
30343,295.0
30344,300.0
30345,295.0
30346,300.0
30347,295.0
30348,295.0
30349,295.0
30350,300.0
30351,295.0
30352,305.0
30353,300.0
30354,300.0
30355,310.0
30356,330.0
30357,335.0
30358,370.0
30359,370.0
30360,365.0
30361,355.0
30362,385.0
30363,395.0
30364,393.95
30365,383.95
30366,363.95
30367,348.95
30368,232.39999999999998
30369,232.39999999999998
30370,227.39999999999998
30371,232.39999999999998
30372,307.025
30373,317.025
30374,312.025
30375,307.025
30376,288.775
30377,273.775
30378,283.775
30379,313.775
30380,102.5
30381,107.5
30382,112.5
30383,127.5
30384,339.175
30385,344.175
30386,324.175
30387,314.175
30388,322.825
30389,327.825
30390,332.825
30391,342.825
30392,329.425
30393,319.425
30394,319.425
30395,314.425
30396,380.0
30397,370.0
30398,385.0
30399,360.0
30400,365.0
30401,365.0
30402,380.0
30403,375.0
30404,375.0
30405,375.0
30406,375.0
30407,380.0
30408,360.0
30409,375.0
30410,360.0
30411,375.0
30412,365.0
30413,365.0
30414,355.0
30415,350.0
30416,355.0
30417,345.0
30418,350.0
30419,335.0
30420,345.0
30421,325.0
30422,340.0
30423,325.0
30424,320.0
30425,315.0
30426,315.0
30427,310.0
30428,310.0
30429,310.0
30430,305.0
30431,310.0
30432,305.0
30433,305.0
30434,300.0
30435,305.0
30436,300.0
30437,300.0
30438,305.0
30439,295.0
30440,300.0
30441,300.0
30442,300.0
30443,300.0
30444,295.0
30445,300.0
30446,300.0
30447,295.0
30448,300.0
30449,300.0
30450,295.0
30451,300.0
30452,315.0
30453,345.0
30454,415.0
30455,365.0
30456,375.0
30457,370.0
30458,365.0
30459,395.0
30460,394.275
30461,409.275
30462,399.275
30463,404.275
30464,92.14999999999998
30465,97.14999999999998
30466,97.14999999999998
30467,107.14999999999998
30468,299.55
30469,314.55
30470,294.55
30471,304.55
30472,258.775
30473,243.775
30474,238.775
30475,248.775
30476,57.02499999999998
30477,57.02499999999998
30478,62.02499999999998
30479,62.02499999999998
30480,203.35
30481,198.35
30482,188.35
30483,178.35
30484,251.0
30485,246.0
30486,236.0
30487,236.0
30488,295.05
30489,285.05
30490,290.05
30491,295.05
30492,330.725
30493,320.725
30494,320.725
30495,325.725
30496,365.0
30497,360.0
30498,370.0
30499,360.0
30500,365.0
30501,370.0
30502,370.0
30503,365.0
30504,360.0
30505,355.0
30506,355.0
30507,360.0
30508,355.0
30509,360.0
30510,350.0
30511,350.0
30512,345.0
30513,345.0
30514,345.0
30515,335.0
30516,335.0
30517,325.0
30518,325.0
30519,330.0
30520,310.0
30521,310.0
30522,310.0
30523,300.0
30524,305.0
30525,300.0
30526,310.0
30527,295.0
30528,305.0
30529,310.0
30530,305.0
30531,305.0
30532,305.0
30533,305.0
30534,305.0
30535,305.0
30536,300.0
30537,305.0
30538,300.0
30539,300.0
30540,305.0
30541,300.0
30542,305.0
30543,300.0
30544,300.0
30545,310.0
30546,305.0
30547,310.0
30548,335.0
30549,385.0
30550,415.0
30551,405.0
30552,390.0
30553,405.0
30554,410.0
30555,425.0
30556,450.0
30557,460.0
30558,475.0
30559,480.0
30560,436.625
30561,436.625
30562,446.625
30563,471.625
30564,524.0
30565,479.0
30566,474.0
30567,504.0
30568,483.3
30569,448.3
30570,453.3
30571,443.3
30572,456.575
30573,481.575
30574,481.575
30575,486.575
30576,453.075
30577,433.075
30578,443.075
30579,438.075
30580,455.55
30581,455.55
30582,450.55
30583,430.55
30584,479.025
30585,479.025
30586,474.025
30587,454.025
30588,478.925
30589,463.925
30590,473.925
30591,443.925
30592,435.0
30593,435.0
30594,435.0
30595,420.0
30596,430.0
30597,420.0
30598,415.0
30599,420.0
30600,415.0
30601,395.0
30602,390.0
30603,400.0
30604,390.0
30605,375.0
30606,375.0
30607,375.0
30608,365.0
30609,360.0
30610,355.0
30611,350.0
30612,345.0
30613,330.0
30614,330.0
30615,335.0
30616,330.0
30617,330.0
30618,315.0
30619,310.0
30620,310.0
30621,305.0
30622,310.0
30623,310.0
30624,305.0
30625,305.0
30626,305.0
30627,305.0
30628,305.0
30629,305.0
30630,300.0
30631,300.0
30632,310.0
30633,305.0
30634,305.0
30635,300.0
30636,310.0
30637,305.0
30638,305.0
30639,300.0
30640,300.0
30641,305.0
30642,305.0
30643,310.0
30644,345.0
30645,380.0
30646,400.0
30647,415.0
30648,415.0
30649,445.0
30650,425.0
30651,425.0
30652,475.0
30653,475.0
30654,485.0
30655,495.0
30656,465.475
30657,490.475
30658,500.475
30659,530.475
30660,508.975
30661,493.975
30662,488.975
30663,498.975
30664,465.1
30665,475.1
30666,475.1
30667,490.1
30668,466.275
30669,471.275
30670,461.275
30671,461.275
30672,463.1
30673,493.1
30674,463.1
30675,473.1
30676,468.725
30677,448.725
30678,443.725
30679,438.725
30680,427.7
30681,442.7
30682,422.7
30683,422.7
30684,478.3
30685,473.3
30686,458.3
30687,458.3
30688,460.0
30689,450.0
30690,430.0
30691,420.0
30692,425.0
30693,415.0
30694,405.0
30695,410.0
30696,405.0
30697,395.0
30698,400.0
30699,415.0
30700,400.0
30701,385.0
30702,375.0
30703,375.0
30704,370.0
30705,375.0
30706,355.0
30707,365.0
30708,355.0
30709,340.0
30710,340.0
30711,335.0
30712,325.0
30713,325.0
30714,320.0
30715,310.0
30716,310.0
30717,305.0
30718,305.0
30719,300.0
30720,300.0
30721,305.0
30722,305.0
30723,310.0
30724,300.0
30725,305.0
30726,300.0
30727,310.0
30728,300.0
30729,300.0
30730,300.0
30731,300.0
30732,305.0
30733,300.0
30734,305.0
30735,300.0
30736,300.0
30737,310.0
30738,305.0
30739,320.0
30740,345.0
30741,380.0
30742,425.0
30743,405.0
30744,405.0
30745,435.0
30746,415.0
30747,445.0
30748,465.0
30749,460.0
30750,460.0
30751,475.0
30752,439.775
30753,454.775
30754,449.775
30755,464.775
30756,357.6
30757,362.6
30758,347.6
30759,392.6
30760,430.4
30761,395.4
30762,405.4
30763,400.4
30764,435.725
30765,445.725
30766,445.725
30767,445.725
30768,484.275
30769,469.275
30770,474.275
30771,479.275
30772,469.475
30773,474.475
30774,464.475
30775,464.475
30776,491.75
30777,476.75
30778,456.75
30779,461.75
30780,435.525
30781,425.525
30782,415.525
30783,395.525
30784,430.0
30785,440.0
30786,430.0
30787,425.0
30788,425.0
30789,415.0
30790,410.0
30791,415.0
30792,400.0
30793,405.0
30794,395.0
30795,410.0
30796,400.0
30797,385.0
30798,380.0
30799,385.0
30800,380.0
30801,370.0
30802,380.0
30803,365.0
30804,350.0
30805,340.0
30806,340.0
30807,335.0
30808,330.0
30809,320.0
30810,320.0
30811,315.0
30812,310.0
30813,305.0
30814,305.0
30815,300.0
30816,300.0
30817,300.0
30818,300.0
30819,295.0
30820,305.0
30821,295.0
30822,300.0
30823,305.0
30824,305.0
30825,295.0
30826,300.0
30827,300.0
30828,300.0
30829,305.0
30830,300.0
30831,300.0
30832,305.0
30833,300.0
30834,300.0
30835,320.0
30836,345.0
30837,365.0
30838,410.0
30839,425.0
30840,425.0
30841,445.0
30842,440.0
30843,440.0
30844,470.0
30845,490.0
30846,490.0
30847,485.0
30848,379.275
30849,399.275
30850,404.275
30851,424.275
30852,306.9
30853,296.9
30854,311.9
30855,331.9
30856,-0.0
30857,-0.0
30858,-0.0
30859,-0.0
30860,-0.0
30861,-0.0
30862,-0.0
30863,-0.0
30864,-0.0
30865,-0.0
30866,-0.0
30867,-0.0
30868,-0.0
30869,-0.0
30870,-0.0
30871,-0.0
30872,-0.0
30873,-0.0
30874,-0.0
30875,-0.0
30876,-0.0
30877,-0.0
30878,-0.0
30879,-0.0
30880,-0.0
30881,-0.0
30882,-0.0
30883,-0.0
30884,-0.0
30885,-0.0
30886,-0.0
30887,-0.0
30888,-0.0
30889,-0.0
30890,-0.0
30891,-0.0
30892,-0.0
30893,197.30042840002386
30894,375.0
30895,395.0
30896,375.0
30897,390.0
30898,370.0
30899,370.0
30900,355.0
30901,355.0
30902,360.0
30903,340.0
30904,340.0
30905,330.0
30906,325.0
30907,315.0
30908,320.0
30909,315.0
30910,310.0
30911,315.0
30912,305.0
30913,315.0
30914,300.0
30915,315.0
30916,305.0
30917,315.0
30918,300.0
30919,310.0
30920,305.0
30921,310.0
30922,310.0
30923,305.0
30924,310.0
30925,305.0
30926,330.0
30927,300.0
30928,315.0
30929,305.0
30930,320.0
30931,320.0
30932,355.0
30933,375.0
30934,415.0
30935,395.0
30936,410.0
30937,465.0
30938,470.0
30939,460.0
30940,455.0
30941,475.0
30942,475.0
30943,485.0
30944,456.3
30945,456.3
30946,476.3
30947,486.3
30948,511.325
30949,481.325
30950,486.325
30951,491.325
30952,502.325
30953,492.325
30954,462.325
30955,462.325
30956,453.875
30957,448.875
30958,443.875
30959,433.875
30960,458.95
30961,463.95
30962,448.95
30963,433.95
30964,394.35
30965,394.35
30966,379.35
30967,404.35
30968,468.425
30969,468.425
30970,458.425
30971,448.425
30972,490.0
30973,450.0
30974,455.0
30975,450.0
30976,430.0
30977,425.0
30978,410.0
30979,415.0
30980,415.0
30981,425.0
30982,415.0
30983,410.0
30984,405.0
30985,405.0
30986,410.0
30987,405.0
30988,380.0
30989,390.0
30990,360.0
30991,375.0
30992,370.0
30993,370.0
30994,365.0
30995,355.0
30996,355.0
30997,340.0
30998,345.0
30999,330.0
31000,325.0
31001,320.0
31002,320.0
31003,310.0
31004,310.0
31005,305.0
31006,305.0
31007,310.0
31008,300.0
31009,310.0
31010,300.0
31011,305.0
31012,305.0
31013,305.0
31014,305.0
31015,300.0
31016,305.0
31017,305.0
31018,310.0
31019,300.0
31020,310.0
31021,295.0
31022,315.0
31023,295.0
31024,310.0
31025,310.0
31026,320.0
31027,310.0
31028,340.0
31029,355.0
31030,375.0
31031,395.0
31032,410.0
31033,445.0
31034,395.0
31035,405.0
31036,400.0
31037,390.0
31038,375.0
31039,385.0
31040,326.125
31041,331.125
31042,346.125
31043,351.125
31044,359.275
31045,349.275
31046,359.275
31047,354.275
31048,347.9
31049,312.9
31050,337.9
31051,317.9
31052,319.325
31053,334.325
31054,339.325
31055,339.325
31056,317.875
31057,317.875
31058,287.875
31059,307.875
31060,273.6
31061,283.6
31062,288.6
31063,283.6
31064,332.925
31065,332.925
31066,332.925
31067,332.925
31068,377.05
31069,367.05
31070,382.05
31071,362.05
31072,380.0
31073,365.0
31074,380.0
31075,380.0
31076,375.0
31077,380.0
31078,380.0
31079,390.0
31080,365.0
31081,380.0
31082,370.0
31083,370.0
31084,360.0
31085,370.0
31086,360.0
31087,355.0
31088,350.0
31089,355.0
31090,350.0
31091,330.0
31092,330.0
31093,325.0
31094,330.0
31095,320.0
31096,320.0
31097,310.0
31098,305.0
31099,310.0
31100,300.0
31101,300.0
31102,305.0
31103,300.0
31104,305.0
31105,300.0
31106,300.0
31107,300.0
31108,300.0
31109,300.0
31110,300.0
31111,305.0
31112,300.0
31113,300.0
31114,300.0
31115,295.0
31116,300.0
31117,305.0
31118,300.0
31119,305.0
31120,300.0
31121,300.0
31122,295.0
31123,315.0
31124,320.0
31125,335.0
31126,370.0
31127,385.0
31128,385.0
31129,370.0
31130,385.0
31131,385.0
31132,420.0
31133,395.0
31134,370.0
31135,380.0
31136,355.675
31137,340.675
31138,345.675
31139,345.675
31140,352.075
31141,352.075
31142,332.075
31143,327.075
31144,323.85
31145,328.85
31146,313.85
31147,378.85
31148,360.875
31149,335.875
31150,360.875
31151,375.875
31152,354.125
31153,349.125
31154,344.125
31155,344.125
31156,313.375
31157,308.375
31158,323.375
31159,313.375
31160,278.7
31161,283.7
31162,278.7
31163,283.7
31164,369.9
31165,359.9
31166,359.9
31167,359.9
31168,365.0
31169,370.0
31170,360.0
31171,370.0
31172,365.0
31173,370.0
31174,375.0
31175,375.0
31176,360.0
31177,365.0
31178,360.0
31179,355.0
31180,355.0
31181,360.0
31182,345.0
31183,360.0
31184,350.0
31185,340.0
31186,345.0
31187,340.0
31188,340.0
31189,325.0
31190,320.0
31191,325.0
31192,305.0
31193,305.0
31194,305.0
31195,300.0
31196,300.0
31197,295.0
31198,300.0
31199,300.0
31200,300.0
31201,300.0
31202,300.0
31203,305.0
31204,300.0
31205,300.0
31206,305.0
31207,300.0
31208,300.0
31209,300.0
31210,305.0
31211,300.0
31212,300.0
31213,300.0
31214,300.0
31215,305.0
31216,300.0
31217,310.0
31218,305.0
31219,305.0
31220,340.0
31221,370.0
31222,425.0
31223,415.0
31224,410.0
31225,410.0
31226,410.0
31227,440.0
31228,460.0
31229,460.0
31230,485.0
31231,495.0
31232,-0.0
31233,-0.0
31234,-0.0
31235,-0.0
31236,-0.0
31237,-0.0
31238,-0.0
31239,-0.0
31240,-0.0
31241,-0.0
31242,-0.0
31243,-0.0
31244,-0.0
31245,-0.0
31246,-0.0
31247,-0.0
31248,-0.0
31249,-0.0
31250,-0.0
31251,-0.0
31252,-0.0
31253,-0.0
31254,-0.0
31255,-0.0
31256,-0.0
31257,-0.0
31258,-0.0
31259,-0.0
31260,-0.0
31261,-0.0
31262,-0.0
31263,-0.0
31264,-0.0
31265,-0.0
31266,-0.0
31267,-0.0
31268,-0.0
31269,-0.0
31270,-0.0
31271,-0.0
31272,-0.0
31273,-0.0
31274,-0.0
31275,-0.0
31276,-0.0
31277,-0.0
31278,-0.0
31279,-0.0
31280,-0.0
31281,-0.0
31282,1.548704800047119
31283,345.0
31284,335.0
31285,335.0
31286,330.0
31287,330.0
31288,325.0
31289,320.0
31290,310.0
31291,310.0
31292,305.0
31293,305.0
31294,305.0
31295,295.0
31296,295.0
31297,295.0
31298,300.0
31299,295.0
31300,295.0
31301,295.0
31302,300.0
31303,295.0
31304,295.0
31305,305.0
31306,290.0
31307,300.0
31308,295.0
31309,295.0
31310,300.0
31311,305.0
31312,295.0
31313,305.0
31314,300.0
31315,310.0
31316,335.0
31317,370.0
31318,420.0
31319,430.0
31320,435.0
31321,440.0
31322,445.0
31323,445.0
31324,490.0
31325,490.0
31326,465.0
31327,475.0
31328,298.725
31329,283.725
31330,298.725
31331,338.725
31332,335.55
31333,360.55
31334,375.55
31335,335.55
31336,77.0
31337,77.0
31338,82.0
31339,82.0
31340,211.925
31341,221.925
31342,221.925
31343,231.925
31344,200.87500000000006
31345,215.87500000000006
31346,210.87500000000006
31347,190.87500000000006
31348,130.22499999999997
31349,125.22499999999997
31350,115.22499999999997
31351,120.22499999999997
31352,379.85
31353,384.85
31354,379.85
31355,379.85
31356,464.65
31357,459.65
31358,459.65
31359,439.65
31360,435.0
31361,430.0
31362,425.0
31363,425.0
31364,415.0
31365,405.0
31366,405.0
31367,415.0
31368,395.0
31369,385.0
31370,390.0
31371,400.0
31372,400.0
31373,395.0
31374,380.0
31375,370.0
31376,365.0
31377,355.0
31378,350.0
31379,350.0
31380,335.0
31381,330.0
31382,340.0
31383,330.0
31384,325.0
31385,320.0
31386,310.0
31387,305.0
31388,305.0
31389,300.0
31390,300.0
31391,305.0
31392,300.0
31393,295.0
31394,295.0
31395,295.0
31396,300.0
31397,300.0
31398,295.0
31399,295.0
31400,290.0
31401,300.0
31402,300.0
31403,300.0
31404,300.0
31405,295.0
31406,295.0
31407,290.0
31408,300.0
31409,305.0
31410,305.0
31411,310.0
31412,335.0
31413,350.0
31414,395.0
31415,405.0
31416,425.0
31417,440.0
31418,430.0
31419,435.0
31420,460.0
31421,480.0
31422,525.0
31423,505.0
31424,394.475
31425,364.475
31426,379.475
31427,399.475
31428,401.25
31429,416.25
31430,436.25
31431,426.25
31432,259.05
31433,239.05
31434,219.05
31435,229.05
31436,104.44999999999999
31437,94.44999999999999
31438,89.44999999999999
31439,84.44999999999999
31440,356.5
31441,381.5
31442,366.5
31443,366.5
31444,381.55
31445,366.55
31446,366.55
31447,361.55
31448,328.125
31449,348.125
31450,338.125
31451,318.125
31452,470.0
31453,465.0
31454,455.0
31455,440.0
31456,430.0
31457,430.0
31458,425.0
31459,420.0
31460,430.0
31461,420.0
31462,420.0
31463,410.0
31464,400.0
31465,390.0
31466,390.0
31467,390.0
31468,390.0
31469,375.0
31470,380.0
31471,375.0
31472,365.0
31473,355.0
31474,350.0
31475,350.0
31476,340.0
31477,330.0
31478,335.0
31479,330.0
31480,325.0
31481,315.0
31482,310.0
31483,295.0
31484,305.0
31485,300.0
31486,300.0
31487,295.0
31488,295.0
31489,295.0
31490,300.0
31491,290.0
31492,300.0
31493,305.0
31494,290.0
31495,295.0
31496,300.0
31497,290.0
31498,295.0
31499,295.0
31500,295.0
31501,295.0
31502,295.0
31503,295.0
31504,300.0
31505,295.0
31506,295.0
31507,310.0
31508,340.0
31509,355.0
31510,390.0
31511,395.0
31512,415.0
31513,430.0
31514,420.0
31515,440.0
31516,445.0
31517,440.0
31518,460.0
31519,495.0
31520,108.92500000000001
31521,103.92500000000001
31522,103.92500000000001
31523,133.925
31524,-0.0
31525,-0.0
31526,-0.0
31527,-0.0
31528,-0.0
31529,-0.0
31530,-0.0
31531,-0.0
31532,-0.0
31533,-0.0
31534,-0.0
31535,-0.0
31536,-0.0
31537,-0.0
31538,-0.0
31539,-0.0
31540,-0.0
31541,-0.0
31542,-0.0
31543,-0.0
31544,256.2106304000066
31545,416.35
31546,406.35
31547,411.35
31548,470.0
31549,455.0
31550,440.0
31551,430.0
31552,425.0
31553,450.0
31554,420.0
31555,415.0
31556,415.0
31557,395.0
31558,395.0
31559,390.0
31560,375.0
31561,375.0
31562,380.0
31563,390.0
31564,390.0
31565,380.0
31566,375.0
31567,370.0
31568,365.0
31569,355.0
31570,355.0
31571,345.0
31572,360.0
31573,340.0
31574,335.0
31575,325.0
31576,320.0
31577,310.0
31578,305.0
31579,305.0
31580,300.0
31581,300.0
31582,295.0
31583,295.0
31584,295.0
31585,290.0
31586,295.0
31587,300.0
31588,290.0
31589,295.0
31590,290.0
31591,295.0
31592,295.0
31593,290.0
31594,295.0
31595,290.0
31596,285.0
31597,295.0
31598,290.0
31599,290.0
31600,300.0
31601,305.0
31602,300.0
31603,300.0
31604,335.0
31605,345.0
31606,390.0
31607,390.0
31608,415.0
31609,450.0
31610,425.0
31611,425.0
31612,420.0
31613,450.0
31614,450.0
31615,460.0
31616,358.225
31617,363.225
31618,363.225
31619,363.225
31620,435.275
31621,450.275
31622,485.275
31623,465.275
31624,380.475
31625,360.475
31626,375.475
31627,365.475
31628,342.175
31629,342.175
31630,327.175
31631,322.175
31632,-0.0
31633,-0.0
31634,-0.0
31635,-0.0
31636,91.68605600000367
31637,202.8
31638,207.8
31639,202.8
31640,437.025
31641,422.025
31642,407.025
31643,417.025
31644,450.0
31645,455.0
31646,435.0
31647,410.0
31648,410.0
31649,410.0
31650,400.0
31651,410.0
31652,410.0
31653,405.0
31654,410.0
31655,400.0
31656,380.0
31657,375.0
31658,375.0
31659,375.0
31660,375.0
31661,375.0
31662,365.0
31663,370.0
31664,370.0
31665,345.0
31666,345.0
31667,330.0
31668,325.0
31669,325.0
31670,320.0
31671,315.0
31672,315.0
31673,315.0
31674,300.0
31675,300.0
31676,295.0
31677,290.0
31678,290.0
31679,285.0
31680,285.0
31681,285.0
31682,285.0
31683,285.0
31684,290.0
31685,285.0
31686,285.0
31687,280.0
31688,285.0
31689,285.0
31690,285.0
31691,285.0
31692,285.0
31693,280.0
31694,285.0
31695,285.0
31696,290.0
31697,290.0
31698,285.0
31699,290.0
31700,305.0
31701,330.0
31702,365.0
31703,365.0
31704,385.0
31705,380.0
31706,360.0
31707,365.0
31708,395.0
31709,375.0
31710,375.0
31711,345.0
31712,-0.0
31713,-0.0
31714,-0.0
31715,-0.0
31716,-0.0
31717,-0.0
31718,-0.0
31719,-0.0
31720,-0.0
31721,-0.0
31722,-0.0
31723,-0.0
31724,-0.0
31725,-0.0
31726,-0.0
31727,-0.0
31728,-0.0
31729,-0.0
31730,-0.0
31731,-0.0
31732,-0.0
31733,-0.0
31734,-0.0
31735,-0.0
31736,-0.0
31737,-0.0
31738,-0.0
31739,-0.0
31740,-0.0
31741,-0.0
31742,-0.0
31743,-0.0
31744,-0.0
31745,-0.0
31746,-0.0
31747,-0.0
31748,-0.0
31749,-0.0
31750,-0.0
31751,-0.0
31752,-0.0
31753,-0.0
31754,-0.0
31755,-0.0
31756,-0.0
31757,-0.0
31758,-0.0
31759,-0.0
31760,-0.0
31761,-0.0
31762,-0.0
31763,-0.0
31764,-0.0
31765,-0.0
31766,-0.0
31767,-0.0
31768,-0.0
31769,-0.0
31770,-0.0
31771,-0.0
31772,-0.0
31773,-0.0
31774,-0.0
31775,-0.0
31776,222.70380040003357
31777,290.0
31778,285.0
31779,290.0
31780,290.0
31781,290.0
31782,290.0
31783,290.0
31784,290.0
31785,285.0
31786,295.0
31787,285.0
31788,290.0
31789,290.0
31790,285.0
31791,285.0
31792,285.0
31793,290.0
31794,290.0
31795,290.0
31796,300.0
31797,320.0
31798,370.0
31799,390.0
31800,415.0
31801,385.0
31802,400.0
31803,410.0
31804,375.0
31805,395.0
31806,370.0
31807,355.0
31808,339.075
31809,349.075
31810,364.075
31811,364.075
31812,166.55
31813,166.55
31814,166.55
31815,161.55
31816,-0.0
31817,-0.0
31818,-0.0
31819,-0.0
31820,-0.0
31821,-0.0
31822,-0.0
31823,-0.0
31824,-0.0
31825,-0.0
31826,162.62391360000444
31827,205.475
31828,268.825
31829,283.825
31830,273.825
31831,268.825
31832,323.425
31833,323.425
31834,333.425
31835,343.425
31836,360.0
31837,345.0
31838,350.0
31839,350.0
31840,340.0
31841,350.0
31842,345.0
31843,350.0
31844,350.0
31845,355.0
31846,355.0
31847,350.0
31848,340.0
31849,345.0
31850,345.0
31851,340.0
31852,350.0
31853,340.0
31854,335.0
31855,340.0
31856,330.0
31857,325.0
31858,325.0
31859,320.0
31860,320.0
31861,315.0
31862,305.0
31863,310.0
31864,300.0
31865,290.0
31866,295.0
31867,285.0
31868,290.0
31869,295.0
31870,285.0
31871,290.0
31872,295.0
31873,290.0
31874,295.0
31875,295.0
31876,295.0
31877,290.0
31878,295.0
31879,295.0
31880,285.0
31881,295.0
31882,285.0
31883,280.0
31884,285.0
31885,285.0
31886,280.0
31887,290.0
31888,285.0
31889,290.0
31890,290.0
31891,300.0
31892,320.0
31893,370.0
31894,410.0
31895,400.0
31896,400.0
31897,375.0
31898,395.0
31899,410.0
31900,460.0
31901,460.0
31902,465.0
31903,490.0
31904,112.02499999999998
31905,112.02499999999998
31906,127.02499999999998
31907,157.02499999999998
31908,39.17500000000001
31909,64.17500000000001
31910,59.17500000000001
31911,74.17500000000001
31912,467.625
31913,462.625
31914,467.625
31915,452.625
31916,369.6
31917,379.6
31918,384.6
31919,379.6
31920,452.725
31921,452.725
31922,422.725
31923,422.725
31924,453.325
31925,458.325
31926,443.325
31927,453.325
31928,478.15
31929,468.15
31930,473.15
31931,473.15
31932,480.0
31933,465.0
31934,465.0
31935,470.0
31936,445.0
31937,430.0
31938,425.0
31939,430.0
31940,420.0
31941,405.0
31942,410.0
31943,400.0
31944,395.0
31945,390.0
31946,400.0
31947,405.0
31948,390.0
31949,365.0
31950,360.0
31951,355.0
31952,355.0
31953,355.0
31954,345.0
31955,345.0
31956,330.0
31957,320.0
31958,325.0
31959,320.0
31960,315.0
31961,310.0
31962,305.0
31963,300.0
31964,305.0
31965,300.0
31966,300.0
31967,295.0
31968,300.0
31969,295.0
31970,295.0
31971,290.0
31972,295.0
31973,305.0
31974,295.0
31975,295.0
31976,290.0
31977,295.0
31978,290.0
31979,295.0
31980,290.0
31981,295.0
31982,290.0
31983,290.0
31984,290.0
31985,295.0
31986,295.0
31987,300.0
31988,335.0
31989,365.0
31990,400.0
31991,390.0
31992,405.0
31993,430.0
31994,420.0
31995,435.0
31996,460.0
31997,455.0
31998,465.0
31999,485.0
32000,484.95
32001,499.95
32002,494.95
32003,539.95
32004,535.3
32005,525.3
32006,515.3
32007,505.3
32008,466.85
32009,471.85
32010,471.85
32011,471.85
32012,470.35
32013,450.35
32014,440.35
32015,455.35
32016,510.825
32017,485.825
32018,485.825
32019,465.825
32020,459.075
32021,449.075
32022,449.075
32023,459.075
32024,457.4
32025,467.4
32026,472.4
32027,462.4
32028,495.0
32029,475.0
32030,465.0
32031,450.0
32032,445.0
32033,435.0
32034,430.0
32035,435.0
32036,430.0
32037,430.0
32038,425.0
32039,405.0
32040,400.0
32041,405.0
32042,395.0
32043,400.0
32044,395.0
32045,380.0
32046,370.0
32047,365.0
32048,375.0
32049,370.0
32050,355.0
32051,350.0
32052,350.0
32053,330.0
32054,335.0
32055,330.0
32056,325.0
32057,315.0
32058,315.0
32059,300.0
32060,300.0
32061,305.0
32062,300.0
32063,305.0
32064,300.0
32065,300.0
32066,305.0
32067,295.0
32068,295.0
32069,300.0
32070,300.0
32071,300.0
32072,300.0
32073,300.0
32074,300.0
32075,295.0
32076,295.0
32077,305.0
32078,300.0
32079,300.0
32080,300.0
32081,300.0
32082,295.0
32083,305.0
32084,335.0
32085,365.0
32086,405.0
32087,415.0
32088,430.0
32089,430.0
32090,425.0
32091,450.0
32092,455.0
32093,470.0
32094,500.0
32095,495.0
32096,277.5
32097,282.5
32098,282.5
32099,292.5
32100,165.52499999999998
32101,175.52499999999998
32102,210.52499999999998
32103,215.52499999999998
32104,324.04999999999995
32105,319.04999999999995
32106,299.04999999999995
32107,294.04999999999995
32108,273.8
32109,253.8
32110,248.8
32111,253.8
32112,342.25
32113,322.25
32114,312.25
32115,312.25
32116,434.025
32117,424.025
32118,434.025
32119,439.025
32120,439.7
32121,434.7
32122,439.7
32123,429.7
32124,480.0
32125,470.0
32126,460.0
32127,445.0
32128,435.0
32129,460.0
32130,420.0
32131,410.0
32132,410.0
32133,415.0
32134,405.0
32135,410.0
32136,395.0
32137,405.0
32138,395.0
32139,405.0
32140,390.0
32141,385.0
32142,370.0
32143,370.0
32144,370.0
32145,370.0
32146,360.0
32147,355.0
32148,335.0
32149,335.0
32150,340.0
32151,325.0
32152,325.0
32153,315.0
32154,310.0
32155,310.0
32156,305.0
32157,300.0
32158,300.0
32159,295.0
32160,305.0
32161,295.0
32162,300.0
32163,295.0
32164,300.0
32165,295.0
32166,300.0
32167,300.0
32168,295.0
32169,305.0
32170,290.0
32171,295.0
32172,295.0
32173,290.0
32174,290.0
32175,295.0
32176,295.0
32177,295.0
32178,295.0
32179,300.0
32180,325.0
32181,360.0
32182,375.0
32183,415.0
32184,420.0
32185,435.0
32186,425.0
32187,430.0
32188,455.0
32189,480.0
32190,485.0
32191,475.0
32192,285.225
32193,270.225
32194,305.225
32195,335.225
32196,377.70000000000005
32197,362.70000000000005
32198,347.70000000000005
32199,332.70000000000005
32200,270.35
32201,240.35000000000002
32202,235.35000000000002
32203,235.35000000000002
32204,123.50000000000006
32205,128.50000000000006
32206,133.50000000000006
32207,148.50000000000006
32208,392.525
32209,387.525
32210,362.525
32211,347.525
32212,376.45
32213,386.45
32214,391.45
32215,391.45
32216,493.725
32217,478.725
32218,483.725
32219,468.725
32220,475.0
32221,465.0
32222,460.0
32223,435.0
32224,440.0
32225,435.0
32226,425.0
32227,420.0
32228,420.0
32229,410.0
32230,400.0
32231,400.0
32232,390.0
32233,385.0
32234,390.0
32235,395.0
32236,375.0
32237,365.0
32238,355.0
32239,360.0
32240,355.0
32241,355.0
32242,345.0
32243,340.0
32244,330.0
32245,330.0
32246,315.0
32247,315.0
32248,305.0
32249,305.0
32250,295.0
32251,295.0
32252,285.0
32253,290.0
32254,285.0
32255,285.0
32256,290.0
32257,285.0
32258,280.0
32259,285.0
32260,285.0
32261,290.0
32262,285.0
32263,275.0
32264,285.0
32265,280.0
32266,280.0
32267,280.0
32268,280.0
32269,285.0
32270,280.0
32271,285.0
32272,290.0
32273,285.0
32274,290.0
32275,300.0
32276,325.0
32277,350.0
32278,365.0
32279,410.0
32280,410.0
32281,440.0
32282,445.0
32283,420.0
32284,440.0
32285,455.0
32286,445.0
32287,485.0
32288,261.525
32289,251.525
32290,256.525
32291,266.525
32292,314.75
32293,294.75
32294,319.75
32295,314.75
32296,342.54999999999995
32297,342.54999999999995
32298,337.54999999999995
32299,322.54999999999995
32300,333.125
32301,328.125
32302,338.125
32303,338.125
32304,289.125
32305,279.125
32306,299.125
32307,299.125
32308,389.875
32309,369.875
32310,364.875
32311,369.875
32312,344.475
32313,334.475
32314,319.475
32315,329.475
32316,440.0
32317,430.0
32318,420.0
32319,415.0
32320,405.0
32321,410.0
32322,420.0
32323,415.0
32324,415.0
32325,405.0
32326,400.0
32327,390.0
32328,385.0
32329,390.0
32330,395.0
32331,395.0
32332,385.0
32333,375.0
32334,360.0
32335,355.0
32336,355.0
32337,345.0
32338,345.0
32339,345.0
32340,345.0
32341,340.0
32342,330.0
32343,330.0
32344,310.0
32345,305.0
32346,300.0
32347,300.0
32348,295.0
32349,290.0
32350,295.0
32351,290.0
32352,290.0
32353,290.0
32354,285.0
32355,290.0
32356,285.0
32357,285.0
32358,295.0
32359,290.0
32360,290.0
32361,290.0
32362,285.0
32363,285.0
32364,285.0
32365,290.0
32366,285.0
32367,290.0
32368,290.0
32369,285.0
32370,295.0
32371,305.0
32372,325.0
32373,335.0
32374,355.0
32375,360.0
32376,400.0
32377,410.0
32378,390.0
32379,395.0
32380,385.0
32381,395.0
32382,405.0
32383,375.0
32384,233.075
32385,228.075
32386,228.075
32387,238.075
32388,-0.0
32389,-0.0
32390,-0.0
32391,-0.0
32392,-0.0
32393,-0.0
32394,-0.0
32395,-0.0
32396,-0.0
32397,-0.0
32398,-0.0
32399,-0.0
32400,-0.0
32401,-0.0
32402,-0.0
32403,-0.0
32404,-0.0
32405,-0.0
32406,-0.0
32407,-0.0
32408,-0.0
32409,-0.0
32410,-0.0
32411,-0.0
32412,-0.0
32413,-0.0
32414,-0.0
32415,299.9217235999877
32416,375.0
32417,370.0
32418,360.0
32419,370.0
32420,370.0
32421,365.0
32422,370.0
32423,375.0
32424,360.0
32425,360.0
32426,360.0
32427,365.0
32428,355.0
32429,350.0
32430,345.0
32431,340.0
32432,340.0
32433,335.0
32434,340.0
32435,340.0
32436,325.0
32437,325.0
32438,325.0
32439,315.0
32440,310.0
32441,305.0
32442,300.0
32443,300.0
32444,300.0
32445,295.0
32446,290.0
32447,295.0
32448,290.0
32449,290.0
32450,295.0
32451,290.0
32452,285.0
32453,295.0
32454,290.0
32455,285.0
32456,295.0
32457,285.0
32458,290.0
32459,285.0
32460,285.0
32461,295.0
32462,280.0
32463,290.0
32464,290.0
32465,305.0
32466,290.0
32467,295.0
32468,310.0
32469,330.0
32470,360.0
32471,360.0
32472,375.0
32473,360.0
32474,350.0
32475,365.0
32476,370.0
32477,390.0
32478,370.0
32479,370.0
32480,329.05
32481,324.05
32482,324.05
32483,319.05
32484,263.975
32485,263.975
32486,258.975
32487,258.975
32488,256.6
32489,256.6
32490,246.60000000000002
32491,251.60000000000002
32492,82.19999999999999
32493,92.19999999999999
32494,97.19999999999999
32495,92.19999999999999
32496,137.35000000000002
32497,122.35000000000002
32498,132.35000000000002
32499,117.35000000000002
32500,146.39999999999998
32501,141.39999999999998
32502,141.39999999999998
32503,136.39999999999998
32504,322.2
32505,317.2
32506,317.2
32507,327.2
32508,360.0
32509,350.0
32510,350.0
32511,360.0
32512,350.0
32513,355.0
32514,355.0
32515,355.0
32516,360.0
32517,360.0
32518,370.0
32519,360.0
32520,355.0
32521,355.0
32522,355.0
32523,360.0
32524,355.0
32525,350.0
32526,340.0
32527,340.0
32528,335.0
32529,330.0
32530,335.0
32531,325.0
32532,320.0
32533,310.0
32534,315.0
32535,310.0
32536,295.0
32537,300.0
32538,290.0
32539,290.0
32540,290.0
32541,290.0
32542,285.0
32543,285.0
32544,290.0
32545,290.0
32546,295.0
32547,290.0
32548,290.0
32549,290.0
32550,295.0
32551,290.0
32552,285.0
32553,290.0
32554,290.0
32555,285.0
32556,295.0
32557,290.0
32558,290.0
32559,295.0
32560,290.0
32561,285.0
32562,295.0
32563,295.0
32564,315.0
32565,360.0
32566,400.0
32567,395.0
32568,410.0
32569,395.0
32570,405.0
32571,415.0
32572,450.0
32573,475.0
32574,465.0
32575,480.0
32576,-0.0
32577,-0.0
32578,-0.0
32579,-0.0
32580,-0.0
32581,-0.0
32582,-0.0
32583,-0.0
32584,-0.0
32585,-0.0
32586,-0.0
32587,-0.0
32588,-0.0
32589,-0.0
32590,-0.0
32591,-0.0
32592,-0.0
32593,-0.0
32594,-0.0
32595,-0.0
32596,-0.0
32597,-0.0
32598,-0.0
32599,-0.0
32600,-0.0
32601,-0.0
32602,-0.0
32603,-0.0
32604,-0.0
32605,-0.0
32606,-0.0
32607,-0.0
32608,-0.0
32609,-0.0
32610,-0.0
32611,-0.0
32612,-0.0
32613,-0.0
32614,-0.0
32615,-0.0
32616,-0.0
32617,-0.0
32618,-0.0
32619,-0.0
32620,-0.0
32621,-0.0
32622,-0.0
32623,-0.0
32624,-0.0
32625,-0.0
32626,-0.0
32627,-0.0
32628,-0.0
32629,-0.0
32630,-0.0
32631,-0.0
32632,-0.0
32633,-0.0
32634,-0.0
32635,211.83092760006053
32636,300.0
32637,300.0
32638,295.0
32639,295.0
32640,295.0
32641,295.0
32642,300.0
32643,295.0
32644,295.0
32645,295.0
32646,290.0
32647,290.0
32648,295.0
32649,295.0
32650,295.0
32651,290.0
32652,290.0
32653,290.0
32654,290.0
32655,290.0
32656,290.0
32657,295.0
32658,295.0
32659,300.0
32660,325.0
32661,370.0
32662,400.0
32663,405.0
32664,405.0
32665,435.0
32666,455.0
32667,435.0
32668,460.0
32669,480.0
32670,465.0
32671,505.0
32672,-0.0
32673,-0.0
32674,-0.0
32675,-0.0
32676,-0.0
32677,-0.0
32678,-0.0
32679,-0.0
32680,-0.0
32681,-0.0
32682,-0.0
32683,-0.0
32684,-0.0
32685,-0.0
32686,-0.0
32687,-0.0
32688,-0.0
32689,-0.0
32690,-0.0
32691,-0.0
32692,-0.0
32693,-0.0
32694,-0.0
32695,-0.0
32696,-0.0
32697,-0.0
32698,-0.0
32699,-0.0
32700,-0.0
32701,-0.0
32702,-0.0
32703,-0.0
32704,-0.0
32705,-0.0
32706,-0.0
32707,-0.0
32708,-0.0
32709,-0.0
32710,-0.0
32711,-0.0
32712,-0.0
32713,-0.0
32714,-0.0
32715,-0.0
32716,-0.0
32717,-0.0
32718,-0.0
32719,-0.0
32720,-0.0
32721,-0.0
32722,-0.0
32723,-0.0
32724,-0.0
32725,-0.0
32726,-0.0
32727,-0.0
32728,-0.0
32729,-0.0
32730,-0.0
32731,-0.0
32732,36.76000000007056
32733,295.0
32734,295.0
32735,295.0
32736,290.0
32737,285.0
32738,290.0
32739,290.0
32740,285.0
32741,285.0
32742,290.0
32743,290.0
32744,290.0
32745,290.0
32746,285.0
32747,285.0
32748,290.0
32749,285.0
32750,285.0
32751,280.0
32752,285.0
32753,285.0
32754,285.0
32755,300.0
32756,315.0
32757,340.0
32758,400.0
32759,395.0
32760,425.0
32761,430.0
32762,440.0
32763,435.0
32764,430.0
32765,465.0
32766,465.0
32767,485.0
32768,482.85
32769,467.85
32770,487.85
32771,527.85
32772,265.875
32773,250.875
32774,245.875
32775,250.875
32776,62.44999999999999
32777,82.44999999999999
32778,87.44999999999999
32779,77.44999999999999
32780,74.72500000000002
32781,79.72500000000002
32782,64.72500000000002
32783,79.72500000000002
32784,28.42500000000001
32785,23.42500000000001
32786,28.42500000000001
32787,-0.0
32788,-0.0
32789,-0.0
32790,-0.0
32791,-0.0
32792,-0.0
32793,88.26199250000087
32794,258.07500000000005
32795,273.07500000000005
32796,465.0
32797,465.0
32798,440.0
32799,420.0
32800,420.0
32801,420.0
32802,420.0
32803,415.0
32804,415.0
32805,410.0
32806,415.0
32807,405.0
32808,400.0
32809,405.0
32810,395.0
32811,385.0
32812,375.0
32813,370.0
32814,370.0
32815,370.0
32816,360.0
32817,350.0
32818,350.0
32819,345.0
32820,340.0
32821,320.0
32822,320.0
32823,320.0
32824,310.0
32825,305.0
32826,300.0
32827,295.0
32828,290.0
32829,290.0
32830,290.0
32831,285.0
32832,285.0
32833,290.0
32834,280.0
32835,285.0
32836,285.0
32837,280.0
32838,285.0
32839,285.0
32840,285.0
32841,285.0
32842,280.0
32843,280.0
32844,290.0
32845,280.0
32846,285.0
32847,285.0
32848,285.0
32849,285.0
32850,285.0
32851,290.0
32852,315.0
32853,350.0
32854,395.0
32855,390.0
32856,405.0
32857,445.0
32858,425.0
32859,435.0
32860,455.0
32861,475.0
32862,475.0
32863,465.0
32864,129.95
32865,124.94999999999999
32866,139.95
32867,149.95
32868,-0.0
32869,-0.0
32870,-0.0
32871,-0.0
32872,-0.0
32873,-0.0
32874,-0.0
32875,-0.0
32876,-0.0
32877,-0.0
32878,-0.0
32879,-0.0
32880,-0.0
32881,-0.0
32882,-0.0
32883,-0.0
32884,-0.0
32885,-0.0
32886,-0.0
32887,-0.0
32888,-0.0
32889,-0.0
32890,-0.0
32891,-0.0
32892,-0.0
32893,65.22160520000256
32894,440.0
32895,430.0
32896,420.0
32897,430.0
32898,435.0
32899,420.0
32900,410.0
32901,400.0
32902,400.0
32903,410.0
32904,390.0
32905,395.0
32906,385.0
32907,380.0
32908,370.0
32909,370.0
32910,355.0
32911,360.0
32912,355.0
32913,350.0
32914,345.0
32915,345.0
32916,335.0
32917,325.0
32918,325.0
32919,320.0
32920,310.0
32921,310.0
32922,295.0
32923,295.0
32924,300.0
32925,295.0
32926,295.0
32927,290.0
32928,295.0
32929,290.0
32930,295.0
32931,300.0
32932,285.0
32933,295.0
32934,290.0
32935,295.0
32936,295.0
32937,295.0
32938,285.0
32939,295.0
32940,290.0
32941,290.0
32942,295.0
32943,290.0
32944,295.0
32945,290.0
32946,290.0
32947,300.0
32948,325.0
32949,335.0
32950,390.0
32951,405.0
32952,425.0
32953,460.0
32954,435.0
32955,420.0
32956,435.0
32957,455.0
32958,475.0
32959,465.0
32960,394.3
32961,394.3
32962,394.3
32963,409.3
32964,250.60000000000002
32965,240.60000000000002
32966,240.60000000000002
32967,265.6
32968,152.825
32969,137.825
32970,142.825
32971,137.825
32972,34.325000000000045
32973,39.325000000000045
32974,44.325000000000045
32975,34.325000000000045
32976,169.62500000000006
32977,164.62500000000006
32978,169.62500000000006
32979,144.62500000000006
32980,313.525
32981,318.525
32982,333.525
32983,323.525
32984,419.675
32985,419.675
32986,404.675
32987,394.675
32988,445.0
32989,445.0
32990,445.0
32991,425.0
32992,415.0
32993,420.0
32994,415.0
32995,415.0
32996,420.0
32997,410.0
32998,405.0
32999,400.0
33000,395.0
33001,400.0
33002,395.0
33003,395.0
33004,375.0
33005,360.0
33006,370.0
33007,370.0
33008,360.0
33009,355.0
33010,345.0
33011,345.0
33012,340.0
33013,340.0
33014,325.0
33015,320.0
33016,310.0
33017,305.0
33018,295.0
33019,295.0
33020,295.0
33021,285.0
33022,290.0
33023,290.0
33024,285.0
33025,285.0
33026,285.0
33027,285.0
33028,285.0
33029,280.0
33030,290.0
33031,285.0
33032,285.0
33033,290.0
33034,285.0
33035,280.0
33036,285.0
33037,285.0
33038,285.0
33039,285.0
33040,285.0
33041,285.0
33042,285.0
33043,295.0
33044,305.0
33045,325.0
33046,345.0
33047,360.0
33048,385.0
33049,380.0
33050,390.0
33051,385.0
33052,380.0
33053,380.0
33054,370.0
33055,375.0
33056,371.05
33057,361.05
33058,361.05
33059,376.05
33060,331.675
33061,321.675
33062,311.675
33063,311.675
33064,324.6
33065,324.6
33066,329.6
33067,339.6
33068,282.375
33069,287.375
33070,277.375
33071,282.375
33072,326.725
33073,321.725
33074,321.725
33075,346.725
33076,338.725
33077,328.725
33078,313.725
33079,323.725
33080,209.7
33081,204.7
33082,209.7
33083,209.7
33084,355.0
33085,350.0
33086,345.0
33087,345.0
33088,345.0
33089,350.0
33090,350.0
33091,355.0
33092,355.0
33093,355.0
33094,360.0
33095,360.0
33096,340.0
33097,350.0
33098,350.0
33099,340.0
33100,345.0
33101,335.0
33102,330.0
33103,330.0
33104,325.0
33105,325.0
33106,325.0
33107,320.0
33108,315.0
33109,315.0
33110,310.0
33111,315.0
33112,300.0
33113,290.0
33114,295.0
33115,290.0
33116,290.0
33117,290.0
33118,285.0
33119,285.0
33120,285.0
33121,285.0
33122,280.0
33123,285.0
33124,280.0
33125,285.0
33126,280.0
33127,280.0
33128,285.0
33129,285.0
33130,285.0
33131,275.0
33132,285.0
33133,280.0
33134,280.0
33135,285.0
33136,280.0
33137,285.0
33138,280.0
33139,290.0
33140,305.0
33141,325.0
33142,390.0
33143,360.0
33144,365.0
33145,360.0
33146,400.0
33147,400.0
33148,400.0
33149,385.0
33150,390.0
33151,370.0
33152,375.0
33153,355.0
33154,365.0
33155,370.0
33156,337.075
33157,357.075
33158,342.075
33159,352.075
33160,211.925
33161,186.925
33162,186.925
33163,186.925
33164,247.675
33165,247.675
33166,247.675
33167,242.675
33168,305.55
33169,300.55
33170,280.55
33171,295.55
33172,337.125
33173,332.125
33174,332.125
33175,337.125
33176,354.6
33177,344.6
33178,349.6
33179,344.6
33180,365.0
33181,365.0
33182,370.0
33183,355.0
33184,345.0
33185,350.0
33186,355.0
33187,355.0
33188,365.0
33189,370.0
33190,360.0
33191,355.0
33192,355.0
33193,355.0
33194,350.0
33195,355.0
33196,345.0
33197,345.0
33198,340.0
33199,335.0
33200,340.0
33201,330.0
33202,330.0
33203,330.0
33204,320.0
33205,320.0
33206,325.0
33207,315.0
33208,305.0
33209,300.0
33210,295.0
33211,300.0
33212,295.0
33213,295.0
33214,295.0
33215,290.0
33216,295.0
33217,300.0
33218,295.0
33219,295.0
33220,295.0
33221,295.0
33222,300.0
33223,295.0
33224,295.0
33225,295.0
33226,295.0
33227,295.0
33228,290.0
33229,300.0
33230,290.0
33231,290.0
33232,295.0
33233,300.0
33234,290.0
33235,305.0
33236,330.0
33237,375.0
33238,410.0
33239,425.0
33240,430.0
33241,410.0
33242,420.0
33243,445.0
33244,465.0
33245,480.0
33246,485.0
33247,485.0
33248,454.65
33249,454.65
33250,484.65
33251,504.65
33252,357.475
33253,357.475
33254,367.475
33255,397.475
33256,358.775
33257,308.775
33258,308.775
33259,338.775
33260,407.85
33261,417.85
33262,402.85
33263,412.85
33264,398.525
33265,363.525
33266,378.525
33267,378.525
33268,474.275
33269,484.275
33270,479.275
33271,469.275
33272,473.85
33273,468.85
33274,453.85
33275,458.85
33276,470.0
33277,465.0
33278,450.0
33279,445.0
33280,445.0
33281,430.0
33282,440.0
33283,430.0
33284,430.0
33285,415.0
33286,405.0
33287,410.0
33288,395.0
33289,395.0
33290,400.0
33291,400.0
33292,380.0
33293,365.0
33294,375.0
33295,360.0
33296,375.0
33297,360.0
33298,370.0
33299,345.0
33300,340.0
33301,325.0
33302,335.0
33303,330.0
33304,330.0
33305,315.0
33306,315.0
33307,310.0
33308,300.0
33309,310.0
33310,295.0
33311,305.0
33312,295.0
33313,305.0
33314,295.0
33315,300.0
33316,300.0
33317,300.0
33318,300.0
33319,290.0
33320,295.0
33321,305.0
33322,300.0
33323,300.0
33324,300.0
33325,300.0
33326,290.0
33327,295.0
33328,290.0
33329,295.0
33330,295.0
33331,305.0
33332,335.0
33333,365.0
33334,400.0
33335,400.0
33336,415.0
33337,425.0
33338,425.0
33339,415.0
33340,430.0
33341,465.0
33342,475.0
33343,530.0
33344,535.05
33345,515.05
33346,505.05
33347,520.05
33348,496.4
33349,466.4
33350,446.4
33351,461.4
33352,472.725
33353,462.725
33354,457.725
33355,452.725
33356,377.225
33357,362.225
33358,372.225
33359,387.225
33360,458.775
33361,453.775
33362,458.775
33363,418.775
33364,413.325
33365,423.325
33366,423.325
33367,423.325
33368,402.2
33369,407.2
33370,72.2
33371,72.2
33372,135.0
33373,140.0
33374,450.0
33375,450.0
33376,430.0
33377,420.0
33378,415.0
33379,420.0
33380,430.0
33381,415.0
33382,405.0
33383,400.0
33384,390.0
33385,395.0
33386,395.0
33387,390.0
33388,380.0
33389,365.0
33390,355.0
33391,360.0
33392,355.0
33393,360.0
33394,365.0
33395,350.0
33396,335.0
33397,330.0
33398,325.0
33399,320.0
33400,315.0
33401,310.0
33402,305.0
33403,295.0
33404,300.0
33405,295.0
33406,295.0
33407,295.0
33408,290.0
33409,295.0
33410,285.0
33411,295.0
33412,300.0
33413,290.0
33414,295.0
33415,290.0
33416,300.0
33417,290.0
33418,290.0
33419,290.0
33420,295.0
33421,290.0
33422,290.0
33423,290.0
33424,290.0
33425,295.0
33426,290.0
33427,300.0
33428,330.0
33429,355.0
33430,405.0
33431,395.0
33432,410.0
33433,420.0
33434,420.0
33435,430.0
33436,435.0
33437,455.0
33438,475.0
33439,485.0
33440,452.45
33441,427.45
33442,447.45
33443,462.45
33444,371.925
33445,396.925
33446,386.925
33447,416.925
33448,440.275
33449,420.275
33450,425.275
33451,420.275
33452,459.975
33453,474.975
33454,449.975
33455,464.975
33456,454.25
33457,454.25
33458,449.25
33459,449.25
33460,344.975
33461,374.975
33462,354.975
33463,339.975
33464,462.9
33465,472.9
33466,467.9
33467,472.9
33468,490.0
33469,475.0
33470,455.0
33471,440.0
33472,450.0
33473,450.0
33474,435.0
33475,420.0
33476,420.0
33477,420.0
33478,410.0
33479,425.0
33480,405.0
33481,420.0
33482,405.0
33483,420.0
33484,405.0
33485,385.0
33486,385.0
33487,380.0
33488,380.0
33489,375.0
33490,360.0
33491,370.0
33492,350.0
33493,355.0
33494,335.0
33495,345.0
33496,330.0
33497,335.0
33498,315.0
33499,330.0
33500,310.0
33501,315.0
33502,305.0
33503,305.0
33504,310.0
33505,305.0
33506,315.0
33507,290.0
33508,310.0
33509,295.0
33510,310.0
33511,305.0
33512,310.0
33513,300.0
33514,315.0
33515,310.0
33516,305.0
33517,310.0
33518,300.0
33519,310.0
33520,295.0
33521,315.0
33522,305.0
33523,320.0
33524,340.0
33525,365.0
33526,430.0
33527,410.0
33528,425.0
33529,445.0
33530,445.0
33531,445.0
33532,450.0
33533,455.0
33534,465.0
33535,500.0
33536,491.5
33537,466.5
33538,476.5
33539,471.5
33540,456.2
33541,446.2
33542,481.2
33543,496.2
33544,379.825
33545,359.825
33546,324.825
33547,334.825
33548,302.70000000000005
33549,292.70000000000005
33550,312.70000000000005
33551,297.70000000000005
33552,340.225
33553,350.225
33554,320.225
33555,300.225
33556,425.1
33557,425.1
33558,415.1
33559,420.1
33560,479.25
33561,459.25
33562,449.25
33563,459.25
33564,485.0
33565,465.0
33566,440.0
33567,445.0
33568,440.0
33569,455.0
33570,455.0
33571,430.0
33572,430.0
33573,410.0
33574,415.0
33575,410.0
33576,395.0
33577,405.0
33578,410.0
33579,400.0
33580,385.0
33581,395.0
33582,365.0
33583,375.0
33584,380.0
33585,370.0
33586,370.0
33587,355.0
33588,350.0
33589,345.0
33590,325.0
33591,330.0
33592,320.0
33593,315.0
33594,310.0
33595,310.0
33596,310.0
33597,300.0
33598,300.0
33599,295.0
33600,290.0
33601,300.0
33602,295.0
33603,290.0
33604,295.0
33605,295.0
33606,295.0
33607,295.0
33608,290.0
33609,300.0
33610,300.0
33611,300.0
33612,290.0
33613,300.0
33614,295.0
33615,300.0
33616,295.0
33617,295.0
33618,295.0
33619,305.0
33620,335.0
33621,355.0
33622,385.0
33623,410.0
33624,410.0
33625,445.0
33626,425.0
33627,420.0
33628,435.0
33629,445.0
33630,465.0
33631,485.0
33632,516.375
33633,501.375
33634,491.375
33635,516.375
33636,492.15
33637,487.15
33638,497.15
33639,492.15
33640,489.85
33641,479.85
33642,454.85
33643,449.85
33644,450.5
33645,445.5
33646,435.5
33647,435.5
33648,456.85
33649,476.85
33650,426.85
33651,431.85
33652,452.775
33653,437.775
33654,447.775
33655,432.775
33656,450.95
33657,445.95
33658,430.95
33659,430.95
33660,450.0
33661,440.0
33662,435.0
33663,425.0
33664,415.0
33665,420.0
33666,425.0
33667,425.0
33668,430.0
33669,415.0
33670,405.0
33671,415.0
33672,395.0
33673,405.0
33674,395.0
33675,395.0
33676,380.0
33677,380.0
33678,370.0
33679,375.0
33680,375.0
33681,370.0
33682,365.0
33683,355.0
33684,345.0
33685,350.0
33686,335.0
33687,330.0
33688,325.0
33689,330.0
33690,320.0
33691,305.0
33692,305.0
33693,305.0
33694,305.0
33695,310.0
33696,305.0
33697,305.0
33698,300.0
33699,300.0
33700,295.0
33701,300.0
33702,295.0
33703,300.0
33704,295.0
33705,295.0
33706,295.0
33707,300.0
33708,295.0
33709,300.0
33710,295.0
33711,300.0
33712,295.0
33713,295.0
33714,295.0
33715,315.0
33716,325.0
33717,330.0
33718,380.0
33719,360.0
33720,390.0
33721,410.0
33722,415.0
33723,395.0
33724,390.0
33725,410.0
33726,395.0
33727,405.0
33728,394.875
33729,394.875
33730,379.875
33731,394.875
33732,319.025
33733,329.025
33734,329.025
33735,334.025
33736,299.125
33737,304.125
33738,304.125
33739,314.125
33740,283.325
33741,298.325
33742,323.325
33743,313.325
33744,311.225
33745,296.225
33746,306.225
33747,311.225
33748,346.925
33749,321.925
33750,311.925
33751,316.925
33752,363.725
33753,353.725
33754,353.725
33755,358.725
33756,375.0
33757,370.0
33758,370.0
33759,370.0
33760,365.0
33761,375.0
33762,375.0
33763,370.0
33764,380.0
33765,370.0
33766,375.0
33767,375.0
33768,365.0
33769,365.0
33770,370.0
33771,370.0
33772,365.0
33773,360.0
33774,355.0
33775,350.0
33776,355.0
33777,355.0
33778,345.0
33779,340.0
33780,335.0
33781,320.0
33782,325.0
33783,320.0
33784,305.0
33785,310.0
33786,300.0
33787,300.0
33788,295.0
33789,295.0
33790,300.0
33791,295.0
33792,295.0
33793,290.0
33794,290.0
33795,300.0
33796,290.0
33797,290.0
33798,290.0
33799,295.0
33800,290.0
33801,295.0
33802,290.0
33803,290.0
33804,295.0
33805,290.0
33806,295.0
33807,290.0
33808,295.0
33809,290.0
33810,295.0
33811,305.0
33812,320.0
33813,330.0
33814,365.0
33815,375.0
33816,375.0
33817,375.0
33818,350.0
33819,360.0
33820,365.0
33821,370.0
33822,375.0
33823,375.0
33824,358.55
33825,358.55
33826,363.55
33827,373.55
33828,375.325
33829,385.325
33830,360.325
33831,355.325
33832,301.575
33833,291.575
33834,286.575
33835,296.575
33836,284.95
33837,259.95
33838,264.95
33839,259.95
33840,331.525
33841,326.525
33842,331.525
33843,326.525
33844,333.8
33845,338.8
33846,338.8
33847,328.8
33848,368.825
33849,358.825
33850,363.825
33851,378.825
33852,375.0
33853,360.0
33854,360.0
33855,360.0
33856,360.0
33857,365.0
33858,365.0
33859,365.0
33860,365.0
33861,365.0
33862,365.0
33863,360.0
33864,360.0
33865,365.0
33866,355.0
33867,360.0
33868,350.0
33869,350.0
33870,345.0
33871,350.0
33872,340.0
33873,345.0
33874,340.0
33875,340.0
33876,325.0
33877,325.0
33878,315.0
33879,320.0
33880,305.0
33881,305.0
33882,300.0
33883,295.0
33884,295.0
33885,295.0
33886,290.0
33887,290.0
33888,300.0
33889,300.0
33890,295.0
33891,290.0
33892,300.0
33893,295.0
33894,295.0
33895,295.0
33896,295.0
33897,295.0
33898,295.0
33899,295.0
33900,300.0
33901,295.0
33902,300.0
33903,295.0
33904,295.0
33905,300.0
33906,295.0
33907,310.0
33908,320.0
33909,380.0
33910,405.0
33911,400.0
33912,400.0
33913,415.0
33914,430.0
33915,445.0
33916,455.0
33917,455.0
33918,480.0
33919,500.0
33920,463.625
33921,483.625
33922,498.625
33923,453.625
33924,-0.0
33925,-0.0
33926,-0.0
33927,-0.0
33928,-0.0
33929,-0.0
33930,-0.0
33931,-0.0
33932,-0.0
33933,-0.0
33934,-0.0
33935,-0.0
33936,-0.0
33937,-0.0
33938,-0.0
33939,-0.0
33940,-0.0
33941,-0.0
33942,-0.0
33943,-0.0
33944,-0.0
33945,-0.0
33946,-0.0
33947,-0.0
33948,-0.0
33949,-0.0
33950,-0.0
33951,-0.0
33952,-0.0
33953,-0.0
33954,-0.0
33955,-0.0
33956,-0.0
33957,-0.0
33958,-0.0
33959,-0.0
33960,-0.0
33961,-0.0
33962,-0.0
33963,-0.0
33964,-0.0
33965,-0.0
33966,-0.0
33967,-0.0
33968,-0.0
33969,-0.0
33970,-0.0
33971,-0.0
33972,-0.0
33973,-0.0
33974,-0.0
33975,-0.0
33976,-0.0
33977,-0.0
33978,-0.0
33979,-0.0
33980,235.52373320007086
33981,290.0
33982,285.0
33983,290.0
33984,285.0
33985,290.0
33986,285.0
33987,285.0
33988,290.0
33989,285.0
33990,285.0
33991,290.0
33992,285.0
33993,290.0
33994,285.0
33995,290.0
33996,285.0
33997,290.0
33998,285.0
33999,285.0
34000,285.0
34001,285.0
34002,285.0
34003,295.0
34004,315.0
34005,365.0
34006,415.0
34007,390.0
34008,410.0
34009,410.0
34010,410.0
34011,445.0
34012,475.0
34013,475.0
34014,470.0
34015,490.0
34016,216.25
34017,211.25
34018,211.25
34019,251.25
34020,-0.0
34021,-0.0
34022,-0.0
34023,-0.0
34024,-0.0
34025,-0.0
34026,-0.0
34027,-0.0
34028,-0.0
34029,-0.0
34030,-0.0
34031,-0.0
34032,-0.0
34033,-0.0
34034,-0.0
34035,-0.0
34036,-0.0
34037,-0.0
34038,-0.0
34039,-0.0
34040,-0.0
34041,-0.0
34042,-0.0
34043,-0.0
34044,-0.0
34045,-0.0
34046,-0.0
34047,-0.0
34048,-0.0
34049,-0.0
34050,-0.0
34051,-0.0
34052,-0.0
34053,-0.0
34054,-0.0
34055,-0.0
34056,-0.0
34057,-0.0
34058,-0.0
34059,-0.0
34060,-0.0
34061,-0.0
34062,-0.0
34063,-0.0
34064,-0.0
34065,-0.0
34066,-0.0
34067,-0.0
34068,-0.0
34069,-0.0
34070,-0.0
34071,-0.0
34072,-0.0
34073,-0.0
34074,-0.0
34075,-0.0
34076,-0.0
34077,151.76000000007122
34078,290.0
34079,285.0
34080,285.0
34081,285.0
34082,285.0
34083,285.0
34084,285.0
34085,280.0
34086,290.0
34087,280.0
34088,285.0
34089,290.0
34090,285.0
34091,285.0
34092,290.0
34093,280.0
34094,285.0
34095,285.0
34096,285.0
34097,280.0
34098,290.0
34099,300.0
34100,315.0
34101,335.0
34102,400.0
34103,400.0
34104,405.0
34105,430.0
34106,450.0
34107,435.0
34108,430.0
34109,430.0
34110,470.0
34111,480.0
34112,319.475
34113,329.475
34114,329.475
34115,329.475
34116,-0.0
34117,-0.0
34118,-0.0
34119,-0.0
34120,-0.0
34121,-0.0
34122,-0.0
34123,-0.0
34124,-0.0
34125,-0.0
34126,-0.0
34127,-0.0
34128,-0.0
34129,-0.0
34130,-0.0
34131,-0.0
34132,-0.0
34133,-0.0
34134,-0.0
34135,-0.0
34136,-0.0
34137,-0.0
34138,-0.0
34139,-0.0
34140,-0.0
34141,-0.0
34142,-0.0
34143,-0.0
34144,-0.0
34145,-0.0
34146,-0.0
34147,-0.0
34148,-0.0
34149,-0.0
34150,-0.0
34151,-0.0
34152,-0.0
34153,-0.0
34154,-0.0
34155,-0.0
34156,-0.0
34157,-0.0
34158,-0.0
34159,-0.0
34160,-0.0
34161,-0.0
34162,-0.0
34163,-0.0
34164,-0.0
34165,-0.0
34166,-0.0
34167,15.57225520007512
34168,310.0
34169,310.0
34170,295.0
34171,300.0
34172,295.0
34173,290.0
34174,290.0
34175,290.0
34176,290.0
34177,290.0
34178,290.0
34179,290.0
34180,290.0
34181,285.0
34182,290.0
34183,285.0
34184,290.0
34185,290.0
34186,285.0
34187,290.0
34188,285.0
34189,290.0
34190,285.0
34191,285.0
34192,290.0
34193,285.0
34194,290.0
34195,300.0
34196,320.0
34197,330.0
34198,395.0
34199,385.0
34200,405.0
34201,450.0
34202,425.0
34203,410.0
34204,430.0
34205,435.0
34206,445.0
34207,465.0
34208,491.0
34209,481.0
34210,466.0
34211,516.0
34212,398.025
34213,398.025
34214,388.025
34215,413.025
34216,174.95
34217,164.95
34218,154.95
34219,124.94999999999999
34220,85.875
34221,80.875
34222,95.875
34223,105.875
34224,398.55
34225,383.55
34226,373.55
34227,368.55
34228,304.1
34229,284.1
34230,294.1
34231,284.1
34232,453.55
34233,473.55
34234,433.55
34235,428.55
34236,435.0
34237,420.0
34238,405.0
34239,405.0
34240,400.0
34241,425.0
34242,410.0
34243,395.0
34244,400.0
34245,400.0
34246,390.0
34247,400.0
34248,400.0
34249,385.0
34250,385.0
34251,380.0
34252,365.0
34253,360.0
34254,345.0
34255,340.0
34256,340.0
34257,335.0
34258,335.0
34259,335.0
34260,325.0
34261,320.0
34262,320.0
34263,315.0
34264,310.0
34265,300.0
34266,295.0
34267,300.0
34268,295.0
34269,295.0
34270,290.0
34271,290.0
34272,285.0
34273,285.0
34274,290.0
34275,285.0
34276,285.0
34277,285.0
34278,290.0
34279,290.0
34280,285.0
34281,285.0
34282,290.0
34283,285.0
34284,285.0
34285,290.0
34286,305.0
34287,300.0
34288,290.0
34289,290.0
34290,290.0
34291,300.0
34292,315.0
34293,330.0
34294,390.0
34295,375.0
34296,390.0
34297,440.0
34298,415.0
34299,390.0
34300,390.0
34301,380.0
34302,395.0
34303,410.0
34304,400.075
34305,395.075
34306,390.075
34307,410.075
34308,227.025
34309,227.025
34310,207.025
34311,207.025
34312,9.424999999999955
34313,49.424999999999955
34314,-0.0
34315,-0.0
34316,149.62156340000135
34317,154.1
34318,164.1
34319,189.1
34320,260.0
34321,250.0
34322,245.0
34323,245.0
34324,188.89999999999998
34325,213.89999999999998
34326,193.89999999999998
34327,193.89999999999998
34328,305.0
34329,305.0
34330,300.0
34331,305.0
34332,375.0
34333,365.0
34334,360.0
34335,355.0
34336,365.0
34337,355.0
34338,365.0
34339,365.0
34340,370.0
34341,370.0
34342,370.0
34343,365.0
34344,350.0
34345,355.0
34346,350.0
34347,350.0
34348,345.0
34349,335.0
34350,340.0
34351,335.0
34352,325.0
34353,325.0
34354,320.0
34355,325.0
34356,315.0
34357,315.0
34358,315.0
34359,310.0
34360,310.0
34361,310.0
34362,295.0
34363,295.0
34364,290.0
34365,295.0
34366,290.0
34367,295.0
34368,285.0
34369,290.0
34370,290.0
34371,290.0
34372,290.0
34373,285.0
34374,285.0
34375,285.0
34376,285.0
34377,285.0
34378,285.0
34379,290.0
34380,280.0
34381,285.0
34382,285.0
34383,290.0
34384,285.0
34385,285.0
34386,290.0
34387,290.0
34388,310.0
34389,315.0
34390,360.0
34391,340.0
34392,385.0
34393,380.0
34394,380.0
34395,380.0
34396,370.0
34397,365.0
34398,375.0
34399,395.0
34400,379.825
34401,349.825
34402,369.825
34403,374.825
34404,338.525
34405,338.525
34406,338.525
34407,313.525
34408,216.4
34409,201.4
34410,206.4
34411,206.4
34412,82.5
34413,87.5
34414,92.5
34415,112.5
34416,293.85
34417,278.85
34418,248.85
34419,243.85
34420,345.45
34421,345.45
34422,340.45
34423,345.45
34424,357.15
34425,362.15
34426,357.15
34427,347.15
34428,355.0
34429,355.0
34430,355.0
34431,345.0
34432,345.0
34433,345.0
34434,355.0
34435,355.0
34436,355.0
34437,365.0
34438,360.0
34439,350.0
34440,335.0
34441,345.0
34442,345.0
34443,350.0
34444,340.0
34445,330.0
34446,335.0
34447,320.0
34448,320.0
34449,325.0
34450,320.0
34451,320.0
34452,310.0
34453,320.0
34454,335.0
34455,310.0
34456,300.0
34457,290.0
34458,295.0
34459,295.0
34460,295.0
34461,290.0
34462,290.0
34463,285.0
34464,290.0
34465,285.0
34466,285.0
34467,280.0
34468,285.0
34469,285.0
34470,285.0
34471,285.0
34472,285.0
34473,285.0
34474,280.0
34475,285.0
34476,280.0
34477,290.0
34478,280.0
34479,285.0
34480,280.0
34481,285.0
34482,285.0
34483,285.0
34484,305.0
34485,315.0
34486,360.0
34487,340.0
34488,360.0
34489,360.0
34490,380.0
34491,380.0
34492,375.0
34493,370.0
34494,375.0
34495,365.0
34496,352.325
34497,347.325
34498,372.325
34499,387.325
34500,339.325
34501,329.325
34502,324.325
34503,314.325
34504,-0.0
34505,-0.0
34506,-0.0
34507,-0.0
34508,-0.0
34509,-0.0
34510,-0.0
34511,-0.0
34512,-0.0
34513,-0.0
34514,-0.0
34515,-0.0
34516,-0.0
34517,-0.0
34518,-0.0
34519,-0.0
34520,-0.0
34521,-0.0
34522,-0.0
34523,-0.0
34524,258.1784672000206
34525,355.0
34526,350.0
34527,350.0
34528,350.0
34529,345.0
34530,355.0
34531,355.0
34532,355.0
34533,365.0
34534,365.0
34535,355.0
34536,340.0
34537,345.0
34538,345.0
34539,345.0
34540,340.0
34541,335.0
34542,325.0
34543,330.0
34544,330.0
34545,325.0
34546,330.0
34547,330.0
34548,315.0
34549,310.0
34550,310.0
34551,310.0
34552,295.0
34553,295.0
34554,290.0
34555,295.0
34556,290.0
34557,290.0
34558,290.0
34559,285.0
34560,290.0
34561,295.0
34562,295.0
34563,295.0
34564,290.0
34565,290.0
34566,295.0
34567,285.0
34568,295.0
34569,295.0
34570,285.0
34571,290.0
34572,285.0
34573,290.0
34574,290.0
34575,285.0
34576,290.0
34577,290.0
34578,290.0
34579,300.0
34580,325.0
34581,365.0
34582,400.0
34583,380.0
34584,385.0
34585,390.0
34586,380.0
34587,405.0
34588,450.0
34589,445.0
34590,445.0
34591,460.0
34592,463.25
34593,463.25
34594,483.25
34595,473.25
34596,440.95
34597,450.95
34598,445.95
34599,420.95
34600,103.32499999999999
34601,98.32499999999999
34602,98.32499999999999
34603,113.32499999999999
34604,105.47500000000002
34605,85.47500000000002
34606,85.47500000000002
34607,85.47500000000002
34608,69.27500000000003
34609,74.27500000000003
34610,59.275000000000034
34611,24.275000000000034
34612,410.825
34613,415.825
34614,425.825
34615,425.825
34616,414.05
34617,409.05
34618,394.05
34619,389.05
34620,425.0
34621,420.0
34622,415.0
34623,410.0
34624,410.0
34625,395.0
34626,400.0
34627,405.0
34628,390.0
34629,390.0
34630,395.0
34631,395.0
34632,375.0
34633,385.0
34634,380.0
34635,370.0
34636,360.0
34637,360.0
34638,350.0
34639,345.0
34640,345.0
34641,340.0
34642,345.0
34643,335.0
34644,330.0
34645,325.0
34646,315.0
34647,320.0
34648,320.0
34649,315.0
34650,305.0
34651,310.0
34652,305.0
34653,305.0
34654,300.0
34655,305.0
34656,300.0
34657,300.0
34658,300.0
34659,295.0
34660,295.0
34661,300.0
34662,295.0
34663,300.0
34664,300.0
34665,310.0
34666,295.0
34667,300.0
34668,300.0
34669,295.0
34670,300.0
34671,295.0
34672,295.0
34673,305.0
34674,295.0
34675,305.0
34676,330.0
34677,365.0
34678,380.0
34679,385.0
34680,390.0
34681,415.0
34682,420.0
34683,415.0
34684,460.0
34685,435.0
34686,455.0
34687,490.0
34688,448.275
34689,438.275
34690,428.275
34691,453.275
34692,369.04999999999995
34693,359.04999999999995
34694,359.04999999999995
34695,349.04999999999995
34696,391.525
34697,381.525
34698,416.525
34699,396.525
34700,113.17500000000001
34701,98.17500000000001
34702,123.17500000000001
34703,123.17500000000001
34704,330.275
34705,300.275
34706,285.275
34707,305.275
34708,426.925
34709,446.925
34710,461.925
34711,441.925
34712,456.15
34713,461.15
34714,441.15
34715,426.15
34716,450.0
34717,420.0
34718,430.0
34719,410.0
34720,405.0
34721,405.0
34722,400.0
34723,400.0
34724,405.0
34725,395.0
34726,400.0
34727,400.0
34728,390.0
34729,385.0
34730,375.0
34731,365.0
34732,365.0
34733,360.0
34734,355.0
34735,350.0
34736,345.0
34737,335.0
34738,345.0
34739,335.0
34740,325.0
34741,320.0
34742,320.0
34743,325.0
34744,310.0
34745,315.0
34746,300.0
34747,300.0
34748,295.0
34749,295.0
34750,290.0
34751,300.0
34752,290.0
34753,295.0
34754,295.0
34755,290.0
34756,290.0
34757,300.0
34758,305.0
34759,290.0
34760,290.0
34761,290.0
34762,290.0
34763,290.0
34764,295.0
34765,290.0
34766,290.0
34767,290.0
34768,285.0
34769,295.0
34770,290.0
34771,300.0
34772,320.0
34773,335.0
34774,385.0
34775,380.0
34776,380.0
34777,410.0
34778,390.0
34779,430.0
34780,430.0
34781,480.0
34782,465.0
34783,485.0
34784,433.775
34785,428.775
34786,428.775
34787,448.775
34788,248.79999999999998
34789,238.79999999999998
34790,268.79999999999995
34791,283.79999999999995
34792,175.27499999999998
34793,165.27499999999998
34794,160.27499999999998
34795,155.27499999999998
34796,-0.0
34797,-0.0
34798,-0.0
34799,-0.0
34800,-0.0
34801,-0.0
34802,-0.0
34803,-0.0
34804,272.0801740000073
34805,345.525
34806,355.525
34807,370.525
34808,438.825
34809,423.825
34810,418.825
34811,428.825
34812,435.0
34813,425.0
34814,420.0
34815,415.0
34816,405.0
34817,410.0
34818,415.0
34819,395.0
34820,395.0
34821,400.0
34822,395.0
34823,395.0
34824,385.0
34825,390.0
34826,390.0
34827,380.0
34828,370.0
34829,370.0
34830,365.0
34831,360.0
34832,360.0
34833,350.0
34834,360.0
34835,335.0
34836,345.0
34837,315.0
34838,320.0
34839,315.0
34840,310.0
34841,310.0
34842,315.0
34843,295.0
34844,295.0
34845,300.0
34846,290.0
34847,300.0
34848,290.0
34849,305.0
34850,285.0
34851,300.0
34852,285.0
34853,290.0
34854,290.0
34855,295.0
34856,310.0
34857,300.0
34858,295.0
34859,290.0
34860,300.0
34861,285.0
34862,305.0
34863,285.0
34864,300.0
34865,290.0
34866,295.0
34867,300.0
34868,325.0
34869,340.0
34870,400.0
34871,410.0
34872,400.0
34873,420.0
34874,440.0
34875,425.0
34876,460.0
34877,465.0
34878,460.0
34879,460.0
34880,477.475
34881,477.475
34882,502.475
34883,492.475
34884,506.475
34885,491.475
34886,476.475
34887,516.475
34888,401.725
34889,391.725
34890,391.725
34891,391.725
34892,294.54999999999995
34893,299.54999999999995
34894,319.54999999999995
34895,329.54999999999995
34896,243.825
34897,208.825
34898,233.825
34899,208.825
34900,301.7
34901,286.7
34902,311.7
34903,296.7
34904,409.525
34905,394.525
34906,394.525
34907,384.525
34908,420.0
34909,435.0
34910,410.0
34911,400.0
34912,405.0
34913,400.0
34914,405.0
34915,395.0
34916,405.0
34917,395.0
34918,400.0
34919,390.0
34920,375.0
34921,385.0
34922,375.0
34923,375.0
34924,355.0
34925,360.0
34926,340.0
34927,360.0
34928,335.0
34929,360.0
34930,345.0
34931,345.0
34932,315.0
34933,320.0
34934,325.0
34935,315.0
34936,310.0
34937,300.0
34938,310.0
34939,295.0
34940,300.0
34941,285.0
34942,300.0
34943,285.0
34944,300.0
34945,285.0
34946,300.0
34947,285.0
34948,290.0
34949,290.0
34950,285.0
34951,290.0
34952,280.0
34953,295.0
34954,280.0
34955,290.0
34956,285.0
34957,290.0
34958,290.0
34959,285.0
34960,285.0
34961,285.0
34962,300.0
34963,290.0
34964,330.0
34965,330.0
34966,385.0
34967,360.0
34968,380.0
34969,395.0
34970,390.0
34971,380.0
34972,420.0
34973,430.0
34974,395.0
34975,430.0
34976,395.25
34977,400.25
34978,390.25
34979,410.25
34980,60.799999999999955
34981,65.79999999999995
34982,55.799999999999955
34983,55.799999999999955
34984,240.225
34985,210.225
34986,190.225
34987,190.225
34988,42.50000000000006
34989,47.50000000000006
34990,82.50000000000006
34991,67.50000000000006
34992,368.6
34993,363.6
34994,343.6
34995,353.6
34996,-0.0
34997,-0.0
34998,-0.0
34999,-0.0
35000,-0.0
35001,-0.0
35002,246.99345839999594
35003,-0.0
35004,365.0
35005,360.0
35006,365.0
35007,355.0
35008,360.0
35009,360.0
35010,375.0
35011,360.0
35012,370.0
35013,360.0
35014,370.0
35015,365.0
35016,355.0
35017,355.0
35018,360.0
35019,355.0
35020,345.0
35021,345.0
35022,330.0
35023,350.0
35024,330.0
35025,335.0
35026,325.0
35027,325.0
35028,325.0
35029,310.0
35030,325.0
35031,315.0
35032,320.0
35033,295.0
35034,305.0
35035,290.0
35036,300.0
35037,290.0
35038,295.0
35039,295.0
