snapshot,grid_power
0,-0.0
1,291.33379130506245
2,302.8894615323196
3,337.7531993015784
4,279.5210031794464
5,311.17452845967676
6,321.3648450980818
7,369.12660606880553
8,270.96169501543966
9,329.04367377014364
10,314.4510337178886
11,373.03817810939455
12,326.71984273137195
13,340.66297705575073
14,396.9957760612305
15,439.8901225703211
16,325.1898328295927
17,311.20338166871676
18,302.03200733697724
19,346.0815337015165
20,384.6895274876037
21,333.4668218966168
22,330.79706338447073
23,338.4614531110335
24,597.1863086844495
25,323.42401355089004
26,346.30222902127264
27,278.80614761805316
28,462.8008679421181
29,317.69106703358153
30,369.4510090359305
31,417.100476008182
32,507.3294404911271
33,267.2157469054023
34,308.8751247800282
35,356.2011810847374
36,273.83782312590563
37,232.39493070593298
38,223.06204358091222
39,225.08280485595247
40,33.29540419641374
41,40.48885028079789
42,37.833022223380446
43,6.0148406302229915
44,-0.0
45,-0.0
46,-0.0
47,-0.0
48,-0.0
49,-0.0
50,-0.0
51,-0.0
52,-0.0
53,60.720267002916515
54,20.845283171720737
55,104.33362957458701
56,-0.0
57,14.17743607036919
58,14.905013802094416
59,49.50304732189086
60,310.2116251598404
61,312.46014263342914
62,330.83447826265603
63,289.51880259546704
64,380.9516325559412
65,297.17463065288445
66,249.87476784638176
67,235.91451018371225
68,389.6151568580872
69,330.8489172081551
70,390.30800410441867
71,414.60023410377585
72,330.15606996182356
73,300.8178634151358
74,366.24669850521394
75,347.93865564517046
76,216.0214107146431
77,391.87540420242516
78,436.72738741897655
79,635.73874727252
80,280.5377449021325
81,297.02124508385253
82,272.95993948464775
83,438.43866848120314
84,15.721776976513866
85,360.3684195972484
86,436.82473398117935
87,450.0173393231047
88,-0.0
89,335.0396154621647
90,317.68419745764515
91,419.1459299910756
92,205.82151542555198
93,352.4843268505121
94,313.8159175715952
95,370.1514009698666
96,-0.0
97,281.33379130506245
98,307.8894615323196
99,327.7531993015784
100,279.5210031794464
101,311.17452845967676
102,321.3648450980818
103,374.12660606880553
104,270.96169501543966
105,329.04367377014364
106,314.4510337178886
107,373.03817810939455
108,321.71984273137195
109,340.66297705575073
110,386.9957760612305
111,454.8901225703211
112,325.1898328295927
113,306.20338166871676
114,307.03200733697724
115,351.0815337015165
116,384.6895274876037
117,333.4668218966168
118,360.79706338447073
119,373.4614531110335
120,642.1863086844495
121,373.42401355089004
122,371.30222902127264
123,318.80614761805316
124,482.8008679421181
125,357.69106703358153
126,414.4510090359305
127,437.100476008182
128,530.9294404911271
129,300.8157469054023
130,322.47512478002824
131,379.80118108473744
132,307.83782312590563
133,276.394930705933
134,272.06204358091225
135,279.0828048559525
136,96.0454041964138
137,123.23885028079795
138,115.58302222338051
139,78.76484063022305
140,-0.0
141,22.652903710377267
142,-0.0
143,32.74804968860071
144,-0.0
145,-0.0
146,-0.0
147,-0.0
148,-0.0
149,-0.0
150,-0.0
151,-0.0
152,157.91366344580075
153,181.82743607036917
154,187.55501380209438
155,207.15304732189085
156,315.2116251598404
157,332.46014263342914
158,335.83447826265603
159,299.51880259546704
160,395.9516325559412
161,297.17463065288445
162,259.87476784638176
163,230.91451018371225
164,394.6151568580872
165,345.8489172081551
166,395.30800410441867
167,419.60023410377585
168,335.15606996182356
169,305.8178634151358
170,371.24669850521394
171,357.93865564517046
172,231.0214107146431
173,396.87540420242516
174,431.72738741897655
175,640.73874727252
176,285.5377449021325
177,302.02124508385253
178,277.95993948464775
179,448.43866848120314
180,25.721776976513866
181,375.3684195972484
182,446.82473398117935
183,460.0173393231047
184,-0.0
185,335.0396154621647
186,322.68419745764515
187,419.1459299910756
188,205.82151542555198
189,357.4843268505121
190,313.8159175715952
191,370.1514009698666
192,-0.0
193,286.33379130506245
194,302.8894615323196
195,332.7531993015784
196,274.5210031794464
197,306.17452845967676
198,316.3648450980818
199,369.12660606880553
200,270.96169501543966
201,324.04367377014364
202,309.4510337178886
203,378.03817810939455
204,321.71984273137195
205,340.66297705575073
206,381.9957760612305
207,439.8901225703211
208,320.1898328295927
209,316.20338166871676
210,307.03200733697724
211,341.0815337015165
212,389.6895274876037
213,333.4668218966168
214,345.79706338447073
215,343.4614531110335
216,597.1863086844495
217,358.42401355089004
218,346.30222902127264
219,298.80614761805316
220,487.8008679421181
221,347.69106703358153
222,394.4510090359305
223,417.100476008182
224,507.3294404911271
225,272.2157469054023
226,303.8751247800282
227,356.2011810847374
228,345.71282312590563
229,324.269930705933
230,309.93704358091225
231,296.9578048559525
232,257.6204041964138
233,284.81385028079796
234,267.1580222233805
235,260.339840630223
236,102.82209710469314
237,351.2529037103772
238,238.38255011551368
239,316.34804968860067
240,285.1692456984969
241,258.2783855690319
242,244.05832561521194
243,300.29595396051013
244,224.8895553573534
245,315.8952670029165
246,271.02028317172073
247,364.508629574587
248,261.41366344580075
249,305.3274360703692
250,301.0550138020944
251,325.6530473218908
252,310.2116251598404
253,322.46014263342914
254,335.83447826265603
255,304.51880259546704
256,400.9516325559412
257,302.17463065288445
258,264.87476784638176
259,235.91451018371225
260,399.6151568580872
261,350.8489172081551
262,405.30800410441867
263,424.60023410377585
264,340.15606996182356
265,305.8178634151358
266,376.24669850521394
267,357.93865564517046
268,236.0214107146431
269,396.87540420242516
270,436.72738741897655
271,650.73874727252
272,290.5377449021325
273,312.02124508385253
274,277.95993948464775
275,458.43866848120314
276,25.721776976513866
277,375.3684195972484
278,451.82473398117935
279,465.0173393231047
280,-0.0
281,340.0396154621647
282,327.68419745764515
283,419.1459299910756
284,215.82151542555198
285,362.4843268505121
286,318.8159175715952
287,380.1514009698666
288,-0.0
289,296.33379130506245
290,312.8894615323196
291,342.7531993015784
292,284.5210031794464
293,321.17452845967676
294,331.3648450980818
295,379.12660606880553
296,280.96169501543966
297,334.04367377014364
298,324.4510337178886
299,378.03817810939455
300,336.71984273137195
301,345.66297705575073
302,396.9957760612305
303,454.8901225703211
304,330.1898328295927
305,331.20338166871676
306,317.03200733697724
307,356.0815337015165
308,399.6895274876037
309,368.4668218966168
310,365.79706338447073
311,378.4614531110335
312,642.1863086844495
313,368.42401355089004
314,376.30222902127264
315,353.80614761805316
316,582.8008679421181
317,437.69106703358153
318,494.4510090359305
319,522.100476008182
320,608.3544404911271
321,383.24074690540226
322,434.9001247800282
323,502.2261810847374
324,477.98782312590566
325,451.54493070593304
326,407.2120435809123
327,409.2328048559525
328,366.9204041964138
329,394.1138502807979
330,391.4580222233805
331,349.63984063022303
332,131.62209710469315
333,385.0529037103772
334,282.18255011551366
335,375.1480496886007
336,369.5692456984969
337,367.6783855690319
338,343.45832561521195
339,364.6959539605101
340,316.06455535735336
341,417.07026700291647
342,377.1952831717207
343,465.683629574587
344,336.66366344580075
345,380.5774360703692
346,366.3050138020944
347,390.9030473218908
348,399.9116251598404
349,412.16014263342913
350,415.5344782626561
351,364.218802595467
352,450.9516325559412
353,352.17463065288445
354,304.87476784638176
355,290.91451018371225
356,439.6151568580872
357,385.8489172081551
358,440.30800410441867
359,464.60023410377585
360,400.15606996182356
361,355.8178634151358
362,406.24669850521394
363,397.93865564517046
364,266.02141071464314
365,421.87540420242516
366,451.72738741897655
367,670.73874727252
368,320.5377449021325
369,332.02124508385253
370,317.95993948464775
371,473.43866848120314
372,40.721776976513866
373,395.3684195972484
374,466.82473398117935
375,480.0173393231047
376,17.650535792976484
377,365.0396154621647
378,347.68419745764515
379,434.1459299910756
380,225.82151542555198
381,377.4843268505121
382,328.8159175715952
383,390.1514009698666
384,-0.0
385,106.72161134572329
386,243.8436118601547
387,266.53368659415355
388,14.569765322669184
389,235.54998326365217
390,203.45756043384517
391,245.0849168978272
392,33.02214827378697
393,252.9658167610015
394,265.54630657127785
395,287.3329011986874
396,263.65544644181284
397,293.05462633601707
398,236.25136749717095
399,291.22149730659015
400,241.25136749717095
401,234.90901452296316
402,169.82659071507166
403,248.69071009993507
404,303.15296519780253
405,202.43644222515843
406,268.1319491823235
407,342.42906415845164
408,377.33343437141593
409,383.6495691654591
410,228.22542774929607
411,254.09144361378378
412,454.5070727247177
413,366.3384602970194
414,324.7891511549282
415,136.781810853739
416,530.4727444915916
417,338.7847565499658
418,281.04648000269873
419,410.25014109381243
420,452.2846096056806
421,359.02670379415446
422,287.3805565806308
423,371.7520421862755
424,265.3134046600668
425,347.1797880664925
426,387.05206282293847
427,392.03764855939755
428,253.0695051543213
429,193.25227710512172
430,292.93005004001805
431,360.8933983930419
432,207.85977466892757
433,365.37684740566806
434,315.4960109800767
435,394.50444577405625
436,186.87184293179797
437,344.477725243554
438,200.0147456701021
439,326.7732115640561
440,65.6018532561408
441,9.802130160836555
442,26.43855678473436
443,64.65948216297122
444,242.1876149417219
445,396.63027829332106
446,404.51973982564067
447,427.6460277164245
448,394.4493169427215
449,307.47068890173983
450,245.32638756629032
451,271.03048087455886
452,448.2813655530247
453,216.06301077597317
454,335.6189604256273
455,327.6054750240861
456,313.425489659285
457,296.7714805702424
458,348.36139747408095
459,300.64832212543763
460,18.407959033324403
461,306.91533685250437
462,328.8805182475697
463,377.39017317187137
464,27.030391764910576
465,245.8017323764277
466,371.6917161604832
467,364.3531539829573
468,411.4480098276502
469,347.95462252955093
470,385.6196849012117
471,363.0391704089772
472,308.9752205201411
473,329.6346395390575
474,322.3157098387464
475,323.0856554470783
476,296.3657106962381
477,312.5276624498452
478,313.7437232086344
479,493.4489222435575
480,178.6003707595793
481,311.5038164035728
482,398.9443426087755
483,535.662176059024
484,133.41842878049272
485,396.3376839822508
486,344.15328337582423
487,316.60486434010807
488,69.41634853374131
489,420.1824794448441
490,325.71263029545577
491,318.6256009331902
492,174.98717105282208
493,312.53448858098756
494,299.01847257151985
495,332.96163157785674
496,360.8923140550372
497,267.0735827163492
498,310.1384628147206
499,350.1406633987
500,508.4376761816205
501,390.2561502807343
502,364.9310228380249
503,393.12628789078383
504,573.6627479873773
505,418.99820571358333
506,315.8188310327603
507,417.6702670029165
508,800.0
509,466.4460853035347
510,432.51567314948784
511,487.0640534295793
512,494.651031622751
513,278.98837175491474
514,411.1681033693843
515,401.7978260481363
516,538.7414692858491
517,480.33927274716484
518,461.5923323375448
519,518.6409298400843
520,-0.0
521,-0.0
522,-0.0
523,-0.0
524,295.9145023830819
525,318.7371626554477
526,242.7945755774641
527,304.7940283310689
528,382.7631588553456
529,519.3217294602084
530,477.6890042106431
531,561.7380714483281
532,410.87741153339107
533,406.01268146454964
534,369.48903264793637
535,410.7555635661908
536,281.00469291334565
537,455.36484704823937
538,441.158003341537
539,432.6712128809359
540,450.0807317146825
541,437.50225128207745
542,435.76737837924236
543,421.9262500641331
544,428.6138463804828
545,418.49042368678516
546,411.9905654103803
547,431.616214502881
548,553.435475597641
549,367.6509677626045
550,356.97843673812577
551,390.69836252224644
552,529.9857523573569
553,359.501195448364
554,403.6923775111859
555,377.64458199548045
556,331.79709318185144
557,424.2949390741069
558,447.39184058312225
559,480.4337200668492
560,193.87699934365475
561,459.6371651731489
562,345.28647959816925
563,396.97376774616873
564,299.55810721190414
565,424.84242924782336
566,430.6303977904202
567,514.2197921298217
568,69.3843089790771
569,379.4387706744108
570,374.01431207033323
571,409.9980154008347
572,140.47660493371833
573,367.95207760912876
574,371.5343863877799
575,687.324962802026
576,198.78097110138748
577,432.89287040069564
578,294.7749281942432
579,360.50688241196906
580,-0.0
581,302.43078093361873
582,129.24702976679507
583,391.2510749912146
584,158.4842377408639
585,328.3626057584776
586,284.2382002736515
587,425.17072489213666
588,278.42989082724375
589,319.861028694509
590,282.0239294766442
591,394.3891174347058
592,308.83940199505184
593,313.2706279818581
594,334.3296695595006
595,334.12491397559654
596,451.53607848098886
597,381.0991655305776
598,337.57608864231764
599,341.8110960324071
600,527.886993124342
601,435.44695072795156
602,397.8381161994056
603,463.9201337097344
604,631.221229482592
605,462.1249527312213
606,419.52197079707094
607,495.1876322456134
608,800.0
609,415.2364834984844
610,423.31945455277105
611,431.98668022924943
612,328.6568489392734
613,313.154343013305
614,368.01169501543967
615,384.8015072083694
616,316.4106795614928
617,398.68654945376846
618,404.8150766841564
619,465.6774405382279
620,240.44157357419436
621,219.78885028079793
622,260.3774567070322
623,287.533487913231
624,306.8967601057806
625,399.47233869039366
626,411.3032171790871
627,494.2684875026901
628,239.851814500516
629,328.4903535888522
630,312.0000907230112
631,414.69223446721594
632,381.91017163826604
633,301.1124331421271
634,301.9207179065767
635,369.98508951417773
636,431.4809135664164
637,478.09450628940846
638,436.36881096364095
639,420.91538327624556
640,501.2024140510922
641,398.5282543709874
642,396.38027634316353
643,406.840453549975
644,518.4477139591608
645,394.8444138469887
646,408.44969855832613
647,485.0476933224978
648,399.32161638112564
649,404.5033713503853
650,390.89491843744395
651,383.0631633232043
652,277.14969086867086
653,394.1136432317014
654,489.3538784585417
655,521.2789359006719
656,241.38545382589092
657,426.32692172912607
658,324.14082902949053
659,430.90517219979824
660,265.616284814937
661,344.7822768039091
662,350.2346962374128
663,490.5540672436964
664,195.84697043375064
665,350.975141661356
666,300.779206820197
667,456.2238891934254
668,193.68582512316402
669,351.0959973289737
670,369.2538228215891
671,524.5683793140297
672,16.51849466770483
673,410.4048421758511
674,460.6406762347326
675,397.3999184434553
676,118.97010413735387
677,354.363916236082
678,307.5777807355266
679,339.73061905816337
680,112.5758973394617
681,300.1154868820343
682,305.57148308794353
683,329.4451564415349
684,259.9315066468372
685,363.58129179711034
686,325.2218789221948
687,371.8289191643241
688,260.2693562598785
689,339.00357449916663
690,318.553430887653
691,382.8478614709895
692,368.8009948172838
693,338.750108611224
694,341.9843140144795
695,455.03325437699874
696,581.3442610522308
697,478.81224087922084
698,358.93924164719044
699,358.29290412091814
700,800.0
701,452.9215076249217
702,390.57566827108826
703,407.0334834453722
704,564.819428633179
705,459.988753938063
706,369.0033585143526
707,428.203126928278
708,326.44290468846174
709,365.83081383877084
710,342.37843088765305
711,341.4460728900657
712,314.87445860407763
713,462.39840091675444
714,498.5521293457662
715,672.0844676967979
716,266.473851252871
717,334.5841994078027
718,322.8783118131175
719,406.9851101508407
720,304.97764311946565
721,424.2042801432657
722,372.8196273141015
723,564.9577341852829
724,285.73258943868206
725,393.0865066528485
726,377.18892850457104
727,530.76187461735
728,-0.0
729,87.10457988230877
730,258.5268882564304
731,314.53625191240974
732,20.74339920811218
733,412.22228555755714
734,491.49259154584234
735,543.0937545116179
736,786.3552146082113
737,579.1679136241792
738,396.44925350513864
739,407.32117132793815
740,468.2551967367764
741,354.31404701156293
742,439.5579095668613
743,372.75467540997334
744,436.3183600599807
745,438.4230212513074
746,506.53387789700946
747,409.59854201056686
748,359.83316778505167
749,437.7933232545135
750,479.2704623510675
751,452.9948859548555
752,320.3848431419128
753,488.5626923504247
754,324.71182830862176
755,476.4697857118054
756,125.41130446411756
757,326.47544700334504
758,397.62866694158646
759,764.1223443645185
760,162.1942223991528
761,436.3312982151267
762,310.3464359641448
763,301.7005188091019
764,116.141058097864
765,395.9190779725688
766,313.2214585509654
767,425.35835713775
768,-0.0
769,231.13590529709475
770,322.1849090971969
771,476.151235339076
772,141.8478111169661
773,325.0716862367249
774,296.78710311817997
775,321.67971877843684
776,167.29797941043782
777,367.5794975106937
778,274.52417138105034
779,352.07747539353755
780,313.2503117600054
781,411.6028550589846
782,312.97338613056417
783,346.4573066835136
784,290.98467094812594
785,352.64629877064755
786,270.0699694615578
787,294.07671216232836
788,347.67882867206185
789,354.21737556102835
790,300.45161971990854
791,382.121276038847
792,485.3268195359184
793,371.19801288313346
794,316.15302863538545
795,352.4948484368647
796,567.7565834879963
797,365.67301483329106
798,389.51512590309267
799,392.3468316534161
800,358.78671565210266
801,314.2004366850136
802,366.5697851442618
803,317.98261607079775
804,269.6119556063512
805,259.8605365175228
806,230.58540517449825
807,225.66296868757684
808,162.76820808029316
809,172.22240999978573
810,154.59006636582495
811,182.26253395272082
812,115.09010136611457
813,137.90470846010538
814,151.8911349390232
815,181.09090335294854
816,216.13291556231405
817,273.79631298929417
818,228.99569978761494
819,268.98614581888694
820,231.62020104763243
821,304.6931343243788
822,320.4864963345171
823,476.20521989114053
824,282.17386157120256
825,358.696493406275
826,332.96944884727833
827,337.678084272338
828,343.258705280659
829,343.0218789221948
830,224.53675008484868
831,331.0647507055044
832,457.58167341271496
833,325.0699694615578
834,313.60944521252407
835,278.4399286047841
836,486.71246466466516
837,316.49356264121843
838,344.95719165427323
839,351.23593625208923
840,343.34330651816566
841,353.56835364196434
842,357.83221424109377
843,378.7902325641591
844,348.71857100939235
845,307.5183575422795
846,373.4379440056187
847,365.61477524248255
848,197.32414822668616
849,372.8114388923869
850,339.7808054705969
851,323.326183179875
852,134.18441368998594
853,364.9331987400461
854,387.2015239447172
855,430.0557465008727
856,114.23897658842014
857,315.51375198790544
858,215.89102576025556
859,375.1027400297442
860,132.69404393232955
861,370.37110399004007
862,298.3604051744983
863,390.1190970844224
864,-0.0
865,321.5303462136198
866,303.9556758197332
867,303.39821652055446
868,339.04256978823764
869,308.5553570715846
870,320.8990682820153
871,309.91532239403887
872,306.2764740470228
873,303.92512807739195
874,311.2618780195306
875,399.73233583333047
876,256.97843673812577
877,287.7974837557001
878,275.1737017908847
879,305.55116686609074
880,307.29929584614536
881,304.81350238992866
882,301.18619521289673
883,337.8226849543239
884,299.26902261648934
885,331.32873973643467
886,381.9972521696254
887,390.810485348429
888,414.9588837474822
889,394.3392235282286
890,380.0149227543113
891,416.45464697268005
892,492.090946721412
893,369.0158128606863
894,335.0068695759364
895,340.3559652509147
896,515.8659447712545
897,406.09616937778054
898,367.34971277697275
899,304.8857021483134
900,268.76681994645924
901,180.44243082814234
902,232.4368943705046
903,218.56895536701103
904,272.51127059891513
905,267.6658692935831
906,269.1387655799608
907,279.90732104714016
908,213.8276073486475
909,210.16515893222106
910,222.30013739311784
911,236.7604983357665
912,281.56558672430987
913,322.3335312816945
914,255.74678257945982
915,345.59508910363684
916,304.223144226158
917,324.1098579281031
918,268.6345377999238
919,381.2130183290767
920,151.13869301818124
921,73.68055966587556
922,23.349554946812468
923,96.15997685765856
924,-0.0
925,-0.0
926,15.50180669988572
927,14.673205713583357
928,446.51943895151044
929,344.67975753406165
930,247.08632956863926
931,277.7209372241623
932,456.07197973278846
933,329.3482936881444
934,348.2075034142786
935,357.7916311613045
936,344.05054334608
937,268.5757317086711
938,369.5033713503853
939,314.0975368749515
940,357.7049974883102
941,347.8060454248455
942,377.3003712972731
943,350.9643794082313
944,222.21086192863123
945,410.5154440811144
946,412.9922015620638
947,396.97059954456483
948,154.3801237959324
949,334.330178050271
950,309.70232032288226
951,392.455448959514
952,301.4108043485039
953,314.1389492154692
954,472.2455158928826
955,442.9158710153401
956,52.716540610132476
957,384.65208792746023
958,304.7257587633504
959,447.43953390562
960,242.79579166249113
961,347.0026209552087
962,335.95801832306535
963,280.8376711462181
964,228.28385864296047
965,333.09421711622366
966,294.85297551613405
967,354.90383704023577
968,232.376677031041
969,317.02297732692966
970,315.681068011666
971,353.6277768352114
972,263.4306052100165
973,337.42441984845277
974,285.5142357967177
975,373.34449012060423
976,263.2075935623851
977,320.3576573441237
978,304.00405830797894
979,321.8561049621132
980,316.81571328908035
981,391.4723099392159
982,421.5698844025179
983,399.92482568021745
984,472.0946234137864
985,375.0699694615578
986,423.12339037796266
987,454.21260284383834
988,492.26089777867764
989,481.51829655678443
990,490.5286150797592
991,552.548372545124
992,390.21113550055543
993,308.73617329841846
994,348.25564478807775
995,404.4913899629024
996,520.703098417421
997,508.73102673977604
998,508.55538810324003
999,530.4559348634639
1000,584.9222527371691
1001,456.8936039145444
1002,465.3636186947233
1003,489.96216070529016
1004,114.93689954683498
1005,263.30557388452223
1006,231.50183123686384
1007,349.6897429048741
1008,330.6257627328632
1009,440.1200250985103
1010,470.3093494373327
1011,593.988037160562
1012,159.5795086440956
1013,368.41177323921283
1014,325.4131859100249
1015,490.84006108289583
1016,426.6197295073092
1017,478.157284096693
1018,480.37423928649196
1019,491.41030493144814
1020,531.6818946804581
1021,492.718952624997
1022,378.869780676403
1023,473.74377220801614
1024,645.6712462189398
1025,409.5846115558382
1026,328.0101012151232
1027,422.9792634069179
1028,489.9092058258191
1029,384.4926337792187
1030,430.2074399766957
1031,467.3517166301871
1032,375.60403767131595
1033,456.90428209342326
1034,406.3450373669994
1035,409.4050324885998
1036,259.24603746721243
1037,457.16947785211516
1038,446.98450531733533
1039,800.0
1040,241.3389441058317
1041,405.20110357348784
1042,475.4968199524706
1043,742.9456400028205
1044,165.45091992628227
1045,425.80680865605467
1046,547.914370224987
1047,790.8945247283871
1048,56.67979529957921
1049,435.5000128360327
1050,352.07798388430797
1051,328.2214338690073
1052,237.6284509567724
1053,636.803666126516
1054,415.0701854463718
1055,735.3668422857531
1056,92.33689507897626
1057,301.63688575075196
1058,411.08056608389194
1059,511.80025725814
1060,159.7431746075975
1061,328.49838418040656
1062,319.50608042513505
1063,385.92227085613087
1064,195.5247820650284
1065,366.7048952951025
1066,324.76585803432744
1067,386.3291223131054
1068,333.2011423291126
1069,346.6417954094811
1070,370.3251027607513
1071,418.0205709622916
1072,434.6484112350859
1073,338.21826566740333
1074,343.2733123746498
1075,390.07657121349587
1076,628.1465029095361
1077,378.7870643625552
1078,387.81779997755285
1079,436.48886896730335
1080,452.4789333829707
1081,396.94907503831536
1082,347.6252827551685
1083,481.69094015841574
1084,716.2309747541758
1085,515.4063429662042
1086,384.0664830819321
1087,467.1682695677185
1088,671.6879632596678
1089,447.23826371123437
1090,504.7177055849755
1091,523.9671272386058
1092,590.263167791063
1093,493.5272187029411
1094,533.4797413652574
1095,485.14332910498626
1096,399.48920289156564
1097,450.7348844152388
1098,476.8110740131301
1099,427.579743315415
1100,169.54692310572867
1101,367.9322122909362
1102,357.5799484143539
1103,342.30033839212103
1104,445.9700147801789
1105,568.7217132914042
1106,543.9387072368279
1107,555.6125487389111
1108,227.88020453740674
1109,324.0933561596656
1110,266.61490658550713
1111,366.1649789588075
1112,301.319713338505
1113,306.91151264830125
1114,284.7870190439341
1115,318.31425643338065
1116,225.54914936177337
1117,64.31350561564051
1118,98.0711835964272
1119,23.7997536277351
1120,529.050759330894
1121,410.5484824732991
1122,360.0704779523282
1123,382.43711733682665
1124,427.55748919563194
1125,396.7266876253502
1126,417.94453292152417
1127,508.53432295019695
1128,444.6178412508788
1129,394.14839839905324
1130,357.34784863495685
1131,398.96074147148175
1132,256.6971099407258
1133,434.47352584176264
1134,345.6788921096448
1135,396.3504308345409
1136,297.4146252129526
1137,436.0751726163505
1138,426.8577970553222
1139,432.3309412814802
1140,72.44210351669813
1141,290.0646006759745
1142,424.7991370932843
1143,531.5896243978823
1144,198.77560231580418
1145,440.27762542306755
1146,278.91527341492144
1147,512.7181516282702
1148,216.96767448500106
1149,657.6200287512988
1150,490.01951522512604
1151,800.0
1152,243.2432508812131
1153,298.74425601682844
1154,300.98150274652204
1155,345.5448057809248
1156,92.41760211170063
1157,404.1260975780351
1158,397.3421626614591
1159,325.28819637333635
1160,300.3464112821867
1161,385.50637392119864
1162,306.3364756978541
1163,329.49701026521933
1164,157.59519657977367
1165,333.95706477910744
1166,297.5029509791559
1167,356.6359181331274
1168,292.20031566032054
1169,336.1916517979675
1170,293.4470141655345
1171,366.45950726749294
1172,446.3141995587941
1173,370.9783345449181
1174,347.8508383697376
1175,567.433172820454
1176,705.4270664757269
1177,394.486756502865
1178,322.51078817271684
1179,425.1908251291754
1180,662.3406865530642
1181,487.0522988768719
1182,440.503473543593
1183,479.8534593249463
1184,283.2152085947246
1185,159.7968563353742
1186,131.7549768516472
1187,123.80778421928949
1188,-0.0
1189,-0.0
1190,-0.0
1191,-0.0
1192,-0.0
1193,133.82192424081592
1194,77.40836883869552
1195,65.50848791323102
1196,234.1407966918821
1197,290.0608669640336
1198,212.36102227649266
1199,219.66724616816137
1200,398.76886213273474
1201,436.72950141100887
1202,529.0694881704467
1203,627.1879141857114
1204,-0.0
1205,-0.0
1206,-0.0
1207,-0.0
1208,-0.0
1209,111.46667186708686
1210,81.46398747429521
1211,78.07521289956924
1212,-0.0
1213,-0.0
1214,-0.0
1215,-0.0
1216,496.2312672601322
1217,305.8653407528195
1218,244.55871056358808
1219,270.17885459165393
1220,641.2480980924665
1221,299.6700122624777
1222,356.5309775194038
1223,291.53247830975687
1224,344.8828210247567
1225,200.80956956998864
1226,299.68445120797674
1227,332.4953569276351
1228,184.50734054871597
1229,588.1800497924912
1230,459.64035805671097
1231,508.33445234306396
1232,203.2912120277091
1233,330.5719668967558
1234,511.290206644567
1235,511.56444788121655
1236,125.36261884203708
1237,422.1229928140141
1238,416.7188257498312
1239,484.9130985030074
1240,-0.0
1241,329.65627311060496
1242,283.816934553136
1243,448.6835233360842
1244,42.59181239335567
1245,519.2508459228411
1246,440.1098009085365
1247,634.8085898589119
1248,83.24035050360743
1249,277.5061191807598
1250,415.75396253278757
1251,333.43746019680646
1252,158.244726989608
1253,413.0318170242286
1254,294.13395945355416
1255,274.9513390598777
1256,221.51704706467513
1257,297.67882867206185
1258,260.3875275347045
1259,326.2205050070075
1260,210.15757075217664
1261,292.7627285883483
1262,272.3387784750411
1263,322.2859323517741
1264,312.4045874354123
1265,301.8619575565088
1266,264.5503401972987
1267,370.58173685029783
1268,367.3923490738926
1269,316.04878781528816
1270,333.8837111311317
1271,519.2063454839054
1272,381.62834876356476
1273,495.76083210872395
1274,201.79694959286437
1275,272.4684883177605
1276,618.0398948845616
1277,335.6899221867677
1278,237.8110069227588
1279,412.1435768598651
1280,241.01628383346593
1281,341.04902971969426
1282,344.5623613363703
1283,353.51773402226877
1284,238.53033002995852
1285,167.32472309530422
1286,190.9792019194925
1287,216.45183765488014
1288,269.9876439465588
1289,345.2721636275208
1290,332.3132164424557
1291,316.2017878684003
1292,-0.0
1293,122.41553595599055
1294,123.36550110068093
1295,130.35470009193142
1296,52.28301775552171
1297,54.56626571450411
1298,83.10474916588771
1299,127.23503192706755
1300,-0.0
1301,-0.0
1302,-0.0
1303,-0.0
1304,291.3743537481887
1305,249.03388317993858
1306,209.35243355266797
1307,308.29089888508975
1308,416.7375255845469
1309,330.05879910569274
1310,353.15570061470805
1311,323.4245730657743
1312,483.5091217515732
1313,256.00479586712277
1314,166.70497181624486
1315,272.00022906837347
1316,529.538317820593
1317,-0.0
1318,-0.0
1319,135.17278601244436
1320,238.64937786260325
1321,345.28111081258595
1322,273.18648739879956
1323,157.34325616414222
1324,-0.0
1325,171.7852197221151
1326,293.3154209267502
1327,363.9260356680462
1328,-0.0
1329,404.89795976388206
1330,385.93450921765054
1331,533.0677557940189
1332,27.650535792976484
1333,359.34461699577
1334,412.4089639214129
1335,452.5063351655739
1336,-0.0
1337,220.84773360571654
1338,265.18862454519603
1339,352.65483575783475
1340,242.56257862471548
1341,360.7233925485805
1342,341.2606289599426
1343,436.42915326809987
1344,123.37511978757263
1345,313.01936267789483
1346,299.586528949245
1347,328.39148364947573
1348,298.5982389131643
1349,296.29055723489336
1350,303.9702718472254
1351,301.5877163198592
1352,323.5870794689407
1353,304.194951958838
1354,303.22190004034013
1355,400.4625979578473
1356,217.4078598053635
1357,297.70330108638115
1358,307.7815302636718
1359,307.25783856839917
1360,315.6967839611518
1361,303.92258605950553
1362,317.8444899225623
1363,318.3513596965406
1364,362.0459377917059
1365,300.2726714317542
1366,404.61037522133006
1367,386.9618861950176
1368,605.6712462189398
1369,357.9743537481887
1370,498.671626870318
1371,267.7774847217618
1372,526.4509702803057
1373,456.8839522204729
1374,544.2735289716936
1375,523.3547762736428
1376,639.0775045433545
1377,386.65277525418577
1378,511.40844731351854
1379,519.7411578045258
1380,-0.0
1381,-0.0
1382,-0.0
1383,-0.0
1384,28.354960930369828
1385,358.32165044400165
1386,389.31428813730844
1387,365.83326253777125
1388,438.1655878645487
1389,432.5897998366912
1390,423.4763056222495
1391,434.79927477369216
1392,25.337771956811785
1393,37.14468280607412
1394,-0.0
1395,90.91314772194366
1396,57.06635758938032
1397,218.36510122113458
1398,268.6415677237216
1399,279.9342427762663
1400,275.65165134224986
1401,424.8711356068899
1402,419.1107141431693
1403,398.5113352884923
1404,442.3531267665986
1405,434.4716406730247
1406,456.91887105771684
1407,428.3153153587907
1408,623.7606030403506
1409,422.2661246206917
1410,256.60244777131464
1411,427.94831611842716
1412,437.4453618577137
1413,443.5219329504731
1414,392.02297732692966
1415,397.92662551063694
1416,414.48257131972025
1417,372.1105384676804
1418,387.42487897530697
1419,372.57667279716435
1420,419.87171714307044
1421,375.6233369116279
1422,475.44496612878623
1423,475.70479310189484
1424,255.31954267231208
1425,360.21600164584106
1426,460.11299379209856
1427,413.12478710043075
1428,57.08580377781192
1429,345.5421213881331
1430,451.4895934428878
1431,598.2967202769642
1432,61.543508386879836
1433,331.69096484037385
1434,291.27606020502435
1435,297.4623185354504
1436,133.161335564092
1437,423.42103665214205
1438,393.0665475096223
1439,370.8902247635288
1440,5.889239757804063
1441,308.23259400981874
1442,430.9496479567759
1443,374.16673002174065
1444,73.97964382966086
1445,281.91929314861136
1446,316.7342569949129
1447,318.78387147899315
1448,262.4449894900349
1449,312.56285798121525
1450,291.4669843065114
1451,290.29137247168956
1452,298.6590456026732
1453,302.45646594105483
1454,300.3608502276858
1455,285.1384628147206
1456,284.4266188625951
1457,297.40727182820393
1458,300.9178943701302
1459,312.1127390516598
1460,283.2516837422508
1461,321.0766734067036
1462,334.5921091827586
1463,360.3950969042672
1464,341.53586249617484
1465,384.2862920416519
1466,395.51147703438056
1467,407.97227776732166
1468,488.75987856476604
1469,427.58854298865134
1470,336.25944535750403
1471,310.8327861694471
1472,458.9289932512361
1473,335.34740358176936
1474,382.67649039799676
1475,469.911837107055
1476,246.61719262634634
1477,352.8426606027263
1478,338.9703110543678
1479,328.3129002780574
1480,479.91943700135283
1481,383.5267063118556
1482,311.7411039840287
1483,319.3017613812646
1484,271.97162778863037
1485,298.84621288093587
1486,313.528029720862
1487,349.9366994832984
1488,226.4685388266186
1489,264.25618903635905
1490,271.2424918009482
1491,290.1104750300975
1492,299.46306171508127
1493,250.05872571428583
1494,240.4132228489226
1495,297.1266325559412
1496,256.55638314277553
1497,301.11376557996084
1498,303.17051486356684
1499,332.5024650752061
1500,385.0135533069828
1501,425.71982251727263
1502,228.9741281575668
1503,324.2233841804066
1504,459.14912287463767
1505,244.68174213322698
1506,244.33264446638736
1507,361.50370052929225
1508,498.67498634889694
1509,243.47696950609372
1510,372.32521312492486
1511,387.03553982338667
1512,364.8898673930113
1513,464.3998765018996
1514,280.6483221254377
1515,388.88356071022906
1516,382.0591262974358
1517,365.0062790718433
1518,371.9539600150864
1519,337.53304225911535
1520,359.2260081880305
1521,344.22804171906563
1522,376.9304755916297
1523,379.0752360539334
1524,302.5421891455609
1525,322.95021198468606
1526,324.3145878520052
1527,367.22181548461185
1528,310.7037978214649
1529,310.20737270940685
1530,307.75929947697955
1531,307.7357130029304
1532,334.01643694353163
1533,309.36759292845636
1534,293.98964404443797
1535,321.587232511047
1536,285.26595808297543
1537,297.80002834917764
1538,352.17347573241005
1539,462.4417344895994
1540,94.9403608219389
1541,295.8251423211915
1542,305.6072998086496
1543,421.76702756309936
1544,178.8892901956747
1545,319.3456980655502
1546,374.7039664331027
1547,430.25414099961085
1548,90.65349960816505
1549,311.77000583952326
1550,299.7219603358797
1551,316.24669850521394
1552,292.1795156296555
1553,277.2751947806074
1554,303.4966919202842
1555,315.4672669498043
1556,289.7348042413081
1557,324.464068037916
1558,372.23311633343474
1559,371.6301030751168
1560,372.4098029891679
1561,376.0182711073736
1562,381.46369245063767
1563,384.28879229621464
1564,605.1211178545105
1565,396.31886855075106
1566,381.80105825486675
1567,388.23855720729796
1568,428.0337342854958
1569,333.8552743930059
1570,320.5472315329625
1571,284.7367461845335
1572,87.77316486282098
1573,122.01622543128538
1574,2.636178156495326
1575,62.65818647155706
1576,280.74244094876883
1577,314.9074541953424
1578,335.3228673214623
1579,343.731958118041
1580,-0.0
1581,-0.0
1582,-0.0
1583,-0.0
1584,227.3382086418254
1585,222.09282061421584
1586,202.35313139613672
1587,407.2187525614604
1588,279.6181014192267
1589,532.0204117495173
1590,332.19757424796234
1591,341.1294625104041
1592,243.89747538752619
1593,314.44179735963866
1594,331.0610759632877
1595,314.7999631945328
1596,365.45010666106646
1597,372.7910857200869
1598,382.51367628183345
1599,340.92107498520323
1600,430.66515295777197
1601,335.8922093626942
1602,247.41244931093135
1603,86.73433351605524
1604,282.91713113892104
1605,-0.0
1606,135.36530323482873
1607,300.0357227849764
1608,387.8082460088248
1609,300.23779397608877
1610,445.174401584511
1611,413.84699604657266
1612,450.2348417592989
1613,409.36660062887364
1614,473.46752169024313
1615,425.0476933224978
1616,215.2248558209428
1617,384.8749838311958
1618,412.9718853402111
1619,375.4004903718086
1620,-0.0
1621,266.0808585898483
1622,352.1176877319467
1623,456.3714221680618
1624,179.9650535297923
1625,396.8656348768961
1626,376.0003181780217
1627,372.9922015620639
1628,105.96515572299992
1629,316.5716375871215
1630,323.9151092947567
1631,335.04677160624226
1632,313.67063403566357
1633,342.04693943225675
1634,351.1301232747284
1635,344.59955612926535
1636,315.2762262856073
1637,319.9595514503174
1638,328.13249473705093
1639,386.6007111911939
1640,240.01274685229006
1641,379.19877611434265
1642,239.79498023567913
1643,319.14381383779346
1644,290.9355015172332
1645,312.39032872902783
1646,373.8437784810525
1647,253.14835272111972
1648,296.06462372282687
1649,307.6875293041777
1650,306.7397511421912
1651,325.3548343335141
1652,374.89887862579343
1653,370.6094607373826
1654,422.2027799211728
1655,420.20552673881303
1656,753.5284817787997
1657,373.1214029140128
1658,239.91419200569058
1659,376.097981928139
1660,603.396781215241
1661,478.3401136346036
1662,398.1021036737008
1663,486.5543669632896
1664,444.49552890648306
1665,352.8232322007191
1666,398.13440450674165
1667,431.4975187559897
1668,353.22551880910186
1669,386.3504352656451
1670,388.98170271813564
1671,398.3106095527891
1672,261.4993622613426
1673,326.4052751999625
1674,303.592991833832
1675,269.321509168804
1676,-0.0
1677,-0.0
1678,-0.0
1679,-0.0
1680,-0.0
1681,-0.0
1682,-0.0
1683,-0.0
1684,-0.0
1685,-0.0
1686,-0.0
1687,-0.0
1688,-0.0
1689,23.17387391218176
1690,-0.0
1691,126.16703219719653
1692,411.39211805536155
1693,254.5732366685778
1694,186.18811410426804
1695,253.3950315165267
1696,772.2853473398613
1697,483.70265595549836
1698,380.500305341989
1699,407.4884873516987
1700,530.1188710684522
1701,408.16104305813565
1702,423.26155782194235
1703,442.79649145611745
1704,521.9835130177527
1705,410.05456289843414
1706,395.70140891547686
1707,394.7401977088495
1708,402.3121011680224
1709,445.78970999972205
1710,489.570363913195
1711,491.9808286249611
1712,303.37583641957997
1713,658.0166017639608
1714,474.541486022197
1715,494.4544179043066
1716,21.617179222770062
1717,493.2157725774676
1718,558.3153197236497
1719,585.15381753866
1720,179.2583005106902
1721,361.7401342712666
1722,427.746329725642
1723,429.7007982314988
1724,215.75253826357687
1725,522.7037373647292
1726,496.52333162869877
1727,617.254293546842
1728,224.8485743481753
1729,384.06031329962207
1730,368.7170949009974
1731,309.63327249596057
1732,6.68027910839146
1733,389.3286772599179
1734,328.24714355840143
1735,412.1630920849911
1736,155.95560175427192
1737,366.40765344380856
1738,292.6012898409414
1739,371.2141439218415
1740,289.9310228380249
1741,273.6698853873119
1742,312.5836580118803
1743,352.8456608870102
1744,281.1958122991541
1745,308.67206128933316
1746,246.60950865010693
1747,317.7135838394137
1748,361.58135523469326
1749,354.2237613281524
1750,293.3078515571876
1751,586.9450811580266
1752,581.0154815991052
1753,369.6139732556486
1754,292.13871656505216
1755,403.93290524398253
1756,661.2752592082976
1757,329.4459327563036
1758,370.21264214138125
1759,251.90975208210702
1760,561.7625649077153
1761,469.6053500990779
1762,456.0807724204648
1763,471.3090371097837
1764,499.82904603948987
1765,433.27973689739866
1766,470.89447338425646
1767,557.8036157724925
1768,444.3451848788282
1769,529.739773292325
1770,440.31544156341323
1771,453.46153718527944
1772,263.54652727147743
1773,409.011301131346
1774,466.6891375038252
1775,475.16500487839966
1776,397.23586639649
1777,440.0147507055044
1778,411.74143833085463
1779,465.2853152497796
1780,302.5981824142392
1781,527.6343371688436
1782,490.0137234056321
1783,540.716824414318
1784,481.1625094157427
1785,540.1452592022862
1786,439.1106943476831
1787,428.787767488953
1788,563.9186576013394
1789,490.6030206897752
1790,401.15302863538545
1791,416.1407902738658
1792,531.943897555588
1793,436.1488187702826
1794,339.46474818780325
1795,382.4141414041403
1796,485.4261506972865
1797,285.2767343265853
1798,252.7742918381998
1799,402.8204843703445
1800,409.1136679136595
1801,370.11328629805496
1802,417.4275880500567
1803,416.42040029609865
1804,266.0042873763524
1805,396.902106191402
1806,370.5917993097963
1807,419.84022866384396
1808,191.58264004023226
1809,337.9653082702311
1810,297.1029690981177
1811,415.63995175914823
1812,-0.0
1813,275.47193594176133
1814,437.1342388759511
1815,526.760157987163
1816,-0.0
1817,394.78786634938916
1818,383.0413956749147
1819,411.67234071173004
1820,54.47677056450888
1821,453.0628708172479
1822,467.3294404911271
1823,730.0434316182107
1824,157.0151518226848
1825,272.88457655554856
1826,349.3350383450839
1827,564.183560854075
1828,50.05415561076424
1829,365.5443219721125
1830,268.00003875562476
1831,387.7639615547031
1832,165.3980738030152
1833,298.77901118418026
1834,299.7979288088876
1835,395.6967152415618
1836,255.88147179152756
1837,298.5047452655726
1838,291.10015783016024
1839,317.7338753793083
1840,236.07546512230687
1841,341.9651813950653
1842,264.5968499173579
1843,337.14746953705344
1844,409.9493297787542
1845,320.1913089379877
1846,394.11415172247183
1847,488.21139609146695
1848,392.7338753793083
1849,408.67206128933316
1850,291.1165813748247
1851,481.49477092561517
1852,601.1089354841197
1853,339.58707996381577
1854,390.9626873150223
1855,277.9917942743939
1856,631.4982372361214
1857,435.4715095750792
1858,496.36594420371085
1859,492.73127311060495
1860,391.8735523288983
1861,364.59886603906125
1862,341.1235071552572
1863,280.5674306304373
1864,16.94913539065351
1865,314.55888569763977
1866,375.8136620631868
1867,262.2414157440341
1868,-0.0
1869,83.23180028788072
1870,49.470929423531985
1871,122.0364717975389
1872,400.6772640215623
1873,411.698382230249
1874,384.00243021989644
1875,491.1975683974896
1876,159.97265970482215
1877,197.01811368771578
1878,155.7317997203371
1879,394.6560420920739
1880,391.938612276707
1881,404.70944340734644
1882,408.8749404627323
1883,467.81171370194505
1884,391.3117707215116
1885,429.3220879214489
1886,370.0357105164873
1887,456.2755394457649
1888,512.8938627002784
1889,381.10066632093066
1890,359.85984509207043
1891,406.6630792489584
1892,501.8342879499074
1893,349.04885125287103
1894,442.1415922606998
1895,431.6824031712285
1896,444.15913597021984
1897,339.3920696514957
1898,429.78888333093
1899,324.19906862029904
1900,92.69385262947361
1901,353.9125643401717
1902,491.18695812405235
1903,450.6020530721506
1904,288.76655683784657
1905,333.2427423904427
1906,398.7667481407024
1907,397.83978361065647
1908,-0.0
1909,401.10353323575225
1910,380.6955933708806
1911,592.8443760814712
1912,126.54570897085921
1913,368.1605098854071
1914,300.1330940291373
1915,426.6867796572291
1916,225.72636944732852
1917,332.51221455512155
1918,339.695559223509
1919,371.2700260391348
1920,329.19499653849954
1921,307.7502813425047
1922,378.25404990697126
1923,436.76115028674565
1924,153.04584868205768
1925,318.5544920817288
1926,312.63992226808386
1927,362.28462801565547
1928,281.02530339183147
1929,379.41296506333885
1930,360.0829076167038
1931,354.26606118310883
1932,313.8538409405509
1933,350.7640003103279
1934,331.88764256394484
1935,324.36171565210265
1936,325.9120170937765
1937,341.8497191949891
1938,321.34235297420776
1939,295.23999456006817
1940,414.3949947110595
1941,336.0108644463324
1942,407.08436965143204
1943,543.6867162196462
1944,593.1426102323478
1945,420.2512406220051
1946,356.0722722387448
1947,425.8146705315737
1948,576.6701401277508
1949,388.21536528979766
1950,378.79272565409485
1951,425.73761550926554
1952,632.0366198769113
1953,391.4610528089235
1954,364.70916398494956
1955,490.78433660129997
1956,-0.0
1957,-0.0
1958,-0.0
1959,-0.0
1960,-0.0
1961,-0.0
1962,-0.0
1963,-0.0
1964,-0.0
1965,-0.0
1966,-0.0
1967,-0.0
1968,-0.0
1969,-0.0
1970,-0.0
1971,-0.0
1972,-0.0
1973,-0.0
1974,-0.0
1975,-0.0
1976,-0.0
1977,-0.0
1978,-0.0
1979,-0.0
1980,-0.0
1981,-0.0
1982,-0.0
1983,-0.0
1984,27.883838501351306
1985,-0.0
1986,-0.0
1987,-0.0
1988,-0.0
1989,-0.0
1990,-0.0
1991,-0.0
1992,103.58645570122485
1993,-0.0
1994,-0.0
1995,-0.0
1996,-0.0
1997,-0.0
1998,-0.0
1999,-0.0
2000,-0.0
2001,-0.0
2002,305.2265440787105
2003,449.8103584732632
2004,126.96160590579146
2005,434.39621850629146
2006,471.18378992244845
2007,516.2116508319058
2008,70.86831765156757
2009,549.1177518937038
2010,417.29299323056637
2011,390.31874167558533
2012,245.5842299402336
2013,490.7064851951038
2014,457.9848481773152
2015,643.4256291229567
2016,37.74202976078374
2017,244.86252948486208
2018,335.58812261742196
2019,557.5963283430281
2020,113.41574438770107
2021,367.8654686180925
2022,413.32318159916883
2023,446.98622209250243
2024,185.5130521942791
2025,407.076507775913
2026,351.67333301131276
2027,296.18357393763443
2028,314.6129809560659
2029,416.28800606058763
2030,362.2881329357534
2031,382.2100856138626
2032,358.9998978067923
2033,297.48261007534506
2034,309.6188582324196
2035,327.5371729737792
2036,352.82853754871945
2037,366.13123630513775
2038,259.65608180774905
2039,198.50235337873727
2040,768.8202175364534
2041,357.6162125952527
2042,304.04396627610004
2043,87.15173124134054
2044,800.0
2045,213.5300229853387
2046,257.9778391377071
2047,247.05138309843156
2048,684.315574041525
2049,178.40489359247175
2050,364.29632664039724
2051,464.35795041762367
2052,299.88554878601195
2053,193.28537811981897
2054,287.6344035283226
2055,307.46274973740196
2056,56.24694073422872
2057,72.96002012251388
2058,21.02118972057435
2059,18.103541137480704
2060,-0.0
2061,-0.0
2062,-0.0
2063,-0.0
2064,-0.0
2065,-0.0
2066,-0.0
2067,-0.0
2068,-0.0
2069,-0.0
2070,-0.0
2071,-0.0
2072,-0.0
2073,-0.0
2074,-0.0
2075,-0.0
2076,-0.0
2077,-0.0
2078,-0.0
2079,-0.0
2080,-0.0
2081,-0.0
2082,-0.0
2083,236.00366974909457
2084,409.0173928115053
2085,395.542096706175
2086,341.94907503831536
2087,362.5724119499433
2088,383.4830852278085
2089,385.52436250283597
2090,402.0015397326914
2091,383.7586432136444
2092,377.8267247614581
2093,386.66847037983274
2094,381.8555964713428
2095,432.08555325387067
2096,242.14993794503107
2097,378.17577251523795
2098,363.2349453103593
2099,565.7039259886526
2100,163.63813180066623
2101,401.10992778370235
2102,267.4639958505878
2103,380.5975197107415
2104,284.68295041762366
2105,331.21888246741054
2106,303.7207043763979
2107,448.1521642010758
2108,146.95422783908467
2109,319.86359106364887
2110,306.4158361055602
2111,367.51708028985394
2112,294.29961174076135
2113,320.2537946742375
2114,317.27630869647135
2115,392.10723999626254
2116,241.47005353580366
2117,300.4383890588062
2118,294.4686408649916
2119,327.1383993771377
2120,216.31814407516669
2121,286.7837362275043
2122,293.1541763337196
2123,348.31015167523066
2124,238.25715665398363
2125,298.7578968991636
2126,291.705131879818
2127,307.94434183649196
2128,282.25756295154633
2129,289.84058026787835
2130,281.24206409348164
2131,317.7864183119257
2132,288.19306446877954
2133,318.79543080519153
2134,370.28775303728014
2135,362.12275725901384
2136,382.3194457945049
2137,357.39331669151716
2138,357.632827442773
2139,369.7064213756309
2140,440.5819145462703
2141,416.3226481690032
2142,345.56928250396413
2143,371.37909492180864
2144,344.64948862022834
2145,325.7192343232384
2146,340.44080070110255
2147,351.1555876480935
2148,-0.0
2149,-0.0
2150,-0.0
2151,-0.0
2152,-0.0
2153,-0.0
2154,-0.0
2155,-0.0
2156,-0.0
2157,-0.0
2158,-0.0
2159,-0.0
2160,-0.0
2161,-0.0
2162,-0.0
2163,-0.0
2164,-0.0
2165,-0.0
2166,-0.0
2167,-0.0
2168,-0.0
2169,-0.0
2170,-0.0
2171,-0.0
2172,-0.0
2173,-0.0
2174,-0.0
2175,-0.0
2176,-0.0
2177,-0.0
2178,-0.0
2179,-0.0
2180,35.14096698408457
2181,254.41289436411887
2182,169.4319776196168
2183,70.4299039108032
2184,364.1682061301356
2185,329.691512086769
2186,383.0247314634782
2187,384.9936142328759
2188,367.0549832696635
2189,353.6833320332283
2190,374.5488640889037
2191,449.9659693082326
2192,246.8580648793204
2193,373.40272971141275
2194,444.14322091632584
2195,366.2750432234835
2196,208.4345845011589
2197,406.9668981702324
2198,433.8342491942826
2199,521.2256059685925
2200,99.38331667949444
2201,300.64365313348065
2202,345.65122250304336
2203,436.5820550283196
2204,146.41162264213924
2205,411.937536470422
2206,467.34656382941785
2207,634.8401521427015
2208,264.0537362296421
2209,373.22583503696603
2210,366.24839059842293
2211,357.7468382164124
2212,177.1499626269892
2213,332.74732202522466
2214,319.80010471090884
2215,331.7514050151617
2216,68.30981147439482
2217,351.8433827917812
2218,379.19558323078064
2219,317.8226849543239
2220,224.52199547902907
2221,353.95658097029514
2222,385.3503039593751
2223,328.6539703334179
2224,302.06086054601724
2225,297.1447604623037
2226,275.52279746586305
2227,293.6747703640829
2228,305.9756254701683
2229,319.64502704866794
2230,379.8615371852794
2231,360.1849478528217
2232,484.1084904309322
2233,400.96657999221065
2234,363.29998968166854
2235,359.4028319046204
2236,528.2510115536317
2237,389.1569600681986
2238,371.57915465071386
2239,361.1664752813018
2240,488.68156285133335
2241,341.45534619876275
2242,317.1978466847993
2243,237.5660502972337
2244,289.3994527536048
2245,355.95461449009156
2246,191.27831766359026
2247,268.8632086418254
2248,318.67651167622813
2249,324.2912869187107
2250,315.58763866362966
2251,273.90257578156763
2252,222.21338905880623
2253,200.11192075104157
2254,235.23546081145085
2255,183.04837581223268
2256,199.23458492372248
2257,180.36045244327693
2258,207.07490170710747
2259,333.0304269402371
2260,-0.0
2261,-0.0
2262,-0.0
2263,-0.0
2264,-0.0
2265,-0.0
2266,-0.0
2267,-0.0
2268,212.58184560650182
2269,109.78632176800897
2270,85.15624215561047
2271,48.508569469775665
2272,266.4967308428224
2273,259.9753072921466
2274,137.9051852833577
2275,283.59822383254516
2276,458.9438587999632
2277,239.79135173890762
2278,236.65330929541636
2279,142.53577338652659
2280,392.10635328453566
2281,338.22781963613136
2282,351.83898162382246
2283,150.19747872029777
2284,272.9663252517719
2285,328.4037220109954
2286,409.04002175972744
2287,387.33730236664616
2288,286.5828313430882
2289,500.56533798759153
2290,378.06753980920496
2291,404.5104569111357
2292,135.75452286274222
2293,304.61614915766984
2294,404.6804573276879
2295,491.05877375364423
2296,105.54072180088053
2297,322.85741543971756
2298,361.69314074239514
2299,446.8905429415505
2300,225.35059646533142
2301,389.9776991789819
2302,378.7684402339114
2303,622.8311454203688
2304,62.63730513187414
2305,280.45918908947124
2306,344.0752360539334
2307,307.6959520103526
2308,178.26721911348204
2309,276.3888380123089
2310,302.56336647198566
2311,378.9416582159838
2312,201.97623615414642
2313,350.5790524575062
2314,356.3526067365621
2315,438.8423023726575
2316,260.4623572910752
2317,425.670037934543
2318,359.29123769977446
2319,367.9574710766702
2320,278.4673303873872
2321,296.95712821669036
2322,241.07495663153648
2323,278.380721396351
2324,478.44084438322443
2325,307.22380008377723
2326,193.15642590536285
2327,323.81790217076053
2328,420.4789968205536
2329,195.77483908459496
2330,168.05051767401469
2331,350.89907893863057
2332,664.9784236545663
2333,210.27651834177124
2334,406.4507542954917
2335,392.54285894727695
2336,593.7464137998879
2337,397.6010557371656
2338,410.3750303874509
2339,431.6425289233299
2340,453.2247762145557
2341,476.4281191276477
2342,406.12599229958266
2343,460.2621523371162
2344,147.45576362972733
2345,352.80942709356225
2346,342.1256500071465
2347,344.39129081902587
2348,247.21360975900578
2349,365.1908885667583
2350,349.91393825535897
2351,401.80378140328315
2352,-0.0
2353,-0.0
2354,-0.0
2355,-0.0
2356,17.057972436900627
2357,153.79343771621024
2358,133.24495524291112
2359,260.3241474116158
2360,310.14877944711424
2361,398.09718036386863
2362,288.7807414654704
2363,383.8049503645115
2364,260.50885921050406
2365,142.04939069863588
2366,146.39400769440593
2367,159.7998809254645
2368,433.5042614567603
2369,388.1786502052386
2370,208.32913539666487
2371,275.0570313064118
2372,462.3886476995602
2373,300.73761550926554
2374,347.2783629822114
2375,334.0339284985597
2376,409.26606118310883
2377,375.9007957137976
2378,315.40564317257787
2379,212.02422198260055
2380,163.24303489639905
2381,324.1980516387583
2382,359.81502746522017
2383,260.56759041075514
2384,17.529704807316932
2385,486.7467113412466
2386,415.7373476852673
2387,324.63058810316886
2388,103.23178883446204
2389,249.91757619210853
2390,302.1393916767204
2391,359.0752360539334
2392,-0.0
2393,281.28510568298196
2394,284.2323229972978
2395,296.7609343019316
2396,73.05000918324427
2397,350.91102479419385
2398,297.8146070939908
2399,432.63572782037875
2400,-0.0
2401,262.61036000085716
2402,238.64420037987583
2403,296.0563571848508
2404,51.37887675591088
2405,297.18807729880086
2406,235.8093017459904
2407,236.05466509164185
2408,-0.0
2409,264.95719165427323
2410,252.20350854388258
2411,238.1908885667583
2412,-0.0
2413,156.95693691383443
2414,228.17376522846757
2415,312.41314910455765
2416,247.89952399181803
2417,249.0221739458523
2418,207.0457218068919
2419,258.7971021400955
2420,298.7965936493251
2421,315.3934048110582
2422,198.98722747564457
2423,300.0619162831828
2424,778.3786602760433
2425,287.48193496367685
2426,152.65222788618547
2427,272.81221520715553
2428,671.9360356800689
2429,314.28396083616815
2430,308.1581179985718
2431,242.67155180845558
2432,366.94873217833555
2433,267.4072214741805
2434,448.258555251129
2435,474.00910891554054
2436,192.18126417488742
2437,283.750381048061
2438,366.91529210142687
2439,461.7400895201891
2440,-0.0
2441,-0.0
2442,-0.0
2443,-0.0
2444,-0.0
2445,152.38485094254315
2446,227.3084957138613
2447,303.65256546323616
2448,-0.0
2449,-0.0
2450,-0.0
2451,-0.0
2452,-0.0
2453,193.9905050009961
2454,188.0491015254511
2455,209.97955243512268
2456,303.40230472734464
2457,314.6837583999104
2458,246.3072221867041
2459,277.9318695759364
2460,420.62804927204843
2461,336.01069182998185
2462,365.91184447742603
2463,402.3339368667336
2464,466.5493091420912
2465,310.7150987034334
2466,250.04041645889149
2467,91.7005953302442
2468,244.07335265786853
2469,139.56337955554508
2470,141.21472893375426
2471,344.53321685900795
2472,500.76569240353683
2473,372.1885611076131
2474,272.7101749710376
2475,368.6640081109582
2476,257.35520201970553
2477,401.50650079636443
2478,416.133412207159
2479,618.90075794828
2480,113.84438817492335
2481,348.1727729288849
2482,351.934152284004
2483,309.86202099409167
2484,65.37488188551492
2485,421.5627557880076
2486,379.8284987930947
2487,642.620512560111
2488,-0.0
2489,238.37315202678832
2490,195.95463413664737
2491,338.49519129684455
2492,38.16329548129926
2493,275.36622836908435
2494,304.0389977383375
2495,485.37180378366645
2496,181.28039468566294
2497,348.50056008242785
2498,295.89491843744395
2499,339.2976234668986
2500,240.19725063492572
2501,287.4207497044214
2502,292.7007547157243
2503,304.600953147786
2504,359.50101772412097
2505,295.96337927549223
2506,294.13640284481244
2507,315.8308015702817
2508,285.8661884805425
2509,287.5149349493314
2510,297.89607776829575
2511,336.80642704045005
2512,316.7753732474307
2513,291.24130503767253
2514,292.8060454248455
2515,277.1800241204259
2516,642.7215604966464
2517,363.2534799616093
2518,354.6027271937116
2519,431.2696744379002
2520,698.1523801858898
2521,360.5377449021325
2522,170.1840567563395
2523,298.02872534376695
2524,622.6389207039408
2525,374.7795971862002
2526,651.4352947562267
2527,313.4847462316343
2528,715.0470748378893
2529,454.0069252128889
2530,454.6713536950765
2531,498.2157144228138
2532,196.28395303553782
2533,256.52515588000267
2534,217.40343478796817
2535,208.82112600931703
2536,421.837408755326
2537,368.7380757380788
2538,361.8620578323223
2539,354.4031212735893
2540,419.69861442122664
2541,423.3700396888487
2542,450.6468891823753
2543,440.95302268561386
2544,403.3485892793455
2545,367.1266358437824
2546,370.94237020375533
2547,409.548294255688
2548,314.3616853454513
2549,400.2051391496662
2550,368.87185633537416
2551,358.87185633537416
2552,354.9250253888459
2553,372.37638745725087
2554,362.44392701783335
2555,365.62408340648926
2556,124.43034731206552
2557,136.21400421064305
2558,108.81406585760101
2559,101.3688229368487
2560,578.0655798919977
2561,354.1205128076378
2562,324.6347732863136
2563,393.13434243256086
2564,524.7724351043074
2565,335.5034982255511
2566,367.47556638386976
2567,446.03555715418577
2568,432.34637252656194
2569,371.48129959774064
2570,413.91696550813043
2571,393.3283590818962
2572,314.6081249511186
2573,444.30567664527354
2574,575.0564462944991
2575,457.9024243694237
2576,282.54503484929825
2577,584.3604308465636
2578,360.4731195441999
2579,372.883608937924
2580,203.9691118377712
2581,330.6928225643734
2582,359.90383704023577
2583,379.07204317037133
2584,24.965346035748667
2585,351.3557996201242
2586,312.9760705233558
2587,371.130219323597
2588,185.24468823398325
2589,358.13385726034653
2590,377.8505458637812
2591,505.55575933690545
2592,117.31290216474915
2593,294.7573210471402
2594,294.6765646504996
2595,327.1961304771758
2596,163.19824195150693
2597,303.2706279818581
2598,337.68956624322846
2599,314.73383662368354
2600,168.4318754264091
2601,377.882108147571
2602,301.4172074125366
2603,330.0973465622028
2604,213.36456567568484
2605,337.29988748846085
2606,289.6765893324577
2607,296.4460853035347
2608,284.9801922689176
2609,293.25618903635905
2610,282.15383062221946
2611,271.9116354781719
2612,293.1674041433016
2613,357.20520063709154
2614,319.3920696514957
2615,376.8042264564707
2616,466.3178515692103
2617,442.6639059177505
2618,272.63061688014756
2619,445.02783636762763
2620,639.1823525696783
2621,429.9801922689176
2622,363.71860689409044
2623,517.0857719817634
2624,575.8033738680865
2625,417.2385056156405
2626,472.90640419114305
2627,517.4935515713296
2628,551.73418453803
2629,550.0828467438862
2630,498.982524173021
2631,627.7748504954823
2632,300.1663640073966
2633,407.60640640378705
2634,422.8480930570642
2635,399.3267329439713
2636,416.63481863623474
2637,456.33791946864056
2638,457.3338611606617
2639,473.9734313042053
2640,432.5428141961995
2641,506.85117523426464
2642,479.06005256373055
2643,501.61437355775854
2644,263.38587029680514
2645,355.02935779949524
2646,411.55515783617165
2647,414.07523215361823
2648,413.7233143248074
2649,538.0397532232056
2650,390.09502899882557
2651,457.605524665586
2652,473.77327347404497
2653,374.8316399400193
2654,337.75097166291965
2655,360.58807088078447
2656,399.71180362666365
2657,332.65073953858194
2658,463.71352330185806
2659,487.406849348059
2660,412.12446892240905
2661,411.8106752807822
2662,433.1312868453302
2663,419.10891431274973
2664,405.3505994293935
2665,410.06669671284726
2666,409.16949695781045
2667,401.48266042589995
2668,389.4296481962508
2669,341.6360639229732
2670,311.2847910026717
2671,314.9146445503605
2672,323.6373233028322
2673,313.83603992656595
2674,306.814248930166
2675,299.05593681362143
2676,370.806707568625
2677,282.51738992465494
2678,284.4397629739935
2679,339.2394085580482
2680,234.14275324294636
2681,272.23171007646357
2682,353.1274714932224
2683,341.6525329806477
2684,160.49861324878003
2685,352.6655980109595
2686,429.9446854687553
2687,708.5129379076192
2688,75.81764743032173
2689,205.13945511430327
2690,247.44251080436803
2691,278.66301581137554
2692,3.645485185414884
2693,267.4853191500948
2694,259.4109097649535
2695,246.29049915052337
2696,141.15989821132183
2697,265.3865352351218
2698,254.25800800473385
2699,473.2431496781127
2700,170.93700230758628
2701,230.96757229179337
2702,212.5151893406756
2703,229.29324698089792
2704,235.53455201857045
2705,233.0460646668717
2706,239.3536624737277
2707,279.60707899775406
2708,298.42621413486944
2709,289.35951506812324
2710,328.0316257213727
2711,333.2741688611956
2712,590.0329618710424
2713,421.6941330419778
2714,205.7206439585246
2715,438.8779551292938
2716,666.7195502254156
2717,309.77804971077
2718,515.2942666779113
2719,511.01938201886094
2720,517.9607253026776
2721,465.66702829789546
2722,544.6711053134732
2723,493.6793768307316
2724,661.391279642177
2725,233.40664132263325
2726,422.000842445735
2727,437.1405423740069
2728,286.4239006476278
2729,331.1915307732744
2730,337.49059159294313
2731,387.45416039041913
2732,205.21616295375287
2733,344.66684650616895
2734,372.52296378936404
2735,373.5912094629716
2736,-0.0
2737,-0.0
2738,-0.0
2739,-0.0
2740,-0.0
2741,-0.0
2742,-0.0
2743,-0.0
2744,-0.0
2745,-0.0
2746,-0.0
2747,-0.0
2748,-0.0
2749,-0.0
2750,-0.0
2751,-0.0
2752,73.71464007163308
2753,-0.0
2754,143.03689420912093
2755,346.06639496239114
2756,587.1295698839941
2757,437.0635449388089
2758,318.3795131119543
2759,361.41232243576553
2760,428.3364122602712
2761,315.7552473383266
2762,412.2485174735887
2763,463.8154337627829
2764,321.2892908661267
2765,380.7564309407652
2766,382.5430502501329
2767,486.35161443697945
2768,278.11971082080385
2769,399.95034676029496
2770,383.53311466580027
2771,393.1000943925774
2772,147.81589189952984
2773,329.4835636193029
2774,431.1441744602837
2775,429.40355638020486
2776,36.125919358738656
2777,269.4150949480982
2778,313.0861639378487
2779,370.6079056665462
2780,269.8101671704073
2781,341.3504308345409
2782,394.7702592022862
2783,475.1381703087642
2784,-0.0
2785,339.040989377352
2786,323.2444344836517
2787,354.5082563271563
2788,207.96093178423047
2789,305.96121120662735
2790,265.5377449021325
2791,318.86508700248794
2792,44.59813472289693
2793,219.04028958372567
2794,241.87472909075697
2795,326.8181815931575
2796,234.51072473513395
2797,339.15376718463654
2798,310.88045480998676
2799,297.7338753793083
2800,299.6567816013753
2801,304.03293619897704
2802,292.24043961325566
2803,312.27466160787895
2804,308.7126937330387
2805,326.89671272386056
2806,376.40596135059957
2807,401.09377206303617
2808,516.0714959239762
2809,338.7949015561161
2810,392.97657901412623
2811,414.0591050152254
2812,720.8338932507434
2813,412.1704701516979
2814,310.9338094240242
2815,345.4024502890158
2816,503.09176292689267
2817,376.4370540442237
2818,327.2260148864033
2819,320.26032500056755
2820,397.48444397489004
2821,293.07283441631023
2822,271.5663336199458
2823,292.3046489228376
2824,19.375317610478092
2825,63.716233231915695
2826,103.45863152474458
2827,115.59802320146495
2828,281.8939526249969
2829,294.3097861223463
2830,258.8023952196068
2831,273.66076420328227
2832,103.90221228492484
2833,263.6330473279022
2834,237.87444048511577
2835,283.292029513257
2836,93.45205445476456
2837,243.2672979047988
2838,245.3024981253381
2839,222.4274508565594
2840,-0.0
2841,16.477382951117747
2842,27.01145116087592
2843,22.023181031625207
2844,447.26590392049206
2845,299.54354242711906
2846,246.53644279270202
2847,284.3243725796741
2848,448.8005110084716
2849,417.5046183904068
2850,328.7334937637037
2851,222.5487115416726
2852,615.7023000119591
2853,257.64068931829206
2854,188.06933310551437
2855,310.3447191889777
2856,621.9115589570296
2857,305.91620227692124
2858,307.5589653040269
2859,265.60234557810696
2860,280.6194442344396
2861,353.70093918033126
2862,372.6670988013126
2863,356.33379130506245
2864,154.07432027549308
2865,401.41353072016227
2866,384.4478408343266
2867,373.5155075186973
2868,-0.0
2869,298.9382740295659
2870,382.38059452118523
2871,395.48656619011626
2872,179.7688596150336
2873,332.8894615323196
2874,379.7590131403492
2875,346.9074749769853
2876,266.43851593397204
2877,333.3770200220186
2878,409.1982676235723
2879,448.5739384123617
2880,-0.0
2881,283.58596078906737
2882,331.8267432623028
2883,400.67639901970904
2884,190.7268532561408
2885,358.09669851720383
2886,353.6363385043568
2887,315.8398470482394
2888,204.02904352178868
2889,350.63053411683404
2890,346.8294029731363
2891,322.3292245063131
2892,209.65825770977028
2893,308.9014606217056
2894,298.6937302465843
2895,329.97048175863097
2896,284.94546178352397
2897,313.84211106980166
2898,294.318931988334
2899,367.2902627694654
2900,313.065847715996
2901,289.966261814189
2902,377.8130333808318
2903,368.55307746747667
2904,430.78888449079983
2905,353.14121064509516
2906,335.1913336199458
2907,378.89064117715884
2908,447.71859136035573
2909,446.473946212992
2910,347.6130443936488
2911,301.9645062833971
2912,-0.0
2913,-0.0
2914,-0.0
2915,-0.0
2916,-0.0
2917,-0.0
2918,-0.0
2919,-0.0
2920,-0.0
2921,-0.0
2922,-0.0
2923,-0.0
2924,-0.0
2925,-0.0
2926,-0.0
2927,-0.0
2928,-0.0
2929,-0.0
2930,-0.0
2931,-0.0
2932,-0.0
2933,-0.0
2934,-0.0
2935,-0.0
2936,-0.0
2937,-0.0
2938,-0.0
2939,-0.0
2940,-0.0
2941,-0.0
2942,-0.0
2943,-0.0
2944,-0.0
2945,-0.0
2946,-0.0
2947,-0.0
2948,202.68587597224132
2949,-0.0
2950,-0.0
2951,-0.0
2952,-0.0
2953,-0.0
2954,-0.0
2955,-0.0
2956,-0.0
2957,-0.0
2958,-0.0
2959,-0.0
2960,-0.0
2961,-0.0
2962,66.21023766604026
2963,83.94948183093197
2964,-0.0
2965,-0.0
2966,-0.0
2967,376.37517395809255
2968,-0.0
2969,294.5209784974883
2970,319.36759292845636
2971,351.1740446508645
2972,90.55561987323372
2973,373.6417072899401
2974,399.36880121285304
2975,475.77594616589124
2976,188.61950767202245
2977,377.26193943754697
2978,446.5964939738186
2979,368.096417700203
2980,185.2708570502316
2981,326.62196299644063
2982,325.9205787629219
2983,316.2065745522788
2984,256.8399739234052
2985,374.38372396716437
2986,318.1637027689692
2987,365.1893243388223
2988,231.20539094984025
2989,390.73732300330914
2990,309.92195267810916
2991,375.13427763157586
2992,315.46455787505454
2993,385.96287861787823
2994,303.9666434297936
2995,300.3640431112478
2996,417.0305065466242
2997,410.0454927385184
2998,310.71780777818316
2999,284.19735184513195
3000,536.9952675704601
3001,348.28922742854377
3002,193.2114726126093
3003,219.42711732480387
3004,668.6248246184216
3005,418.11015685207576
3006,391.88962716311016
3007,317.7716074454081
3008,602.5714719545416
3009,334.8777970493108
3010,279.51525472841604
3011,389.675217367428
3012,299.41636904279903
3013,219.90862120641313
3014,238.62399933224344
3015,199.21308956728993
3016,254.0159584223575
3017,340.2990795061741
3018,260.0028299544628
3019,366.5014688753082
3020,229.9818863122842
3021,210.66077842192894
3022,121.822852535272
3023,143.1187204713787
3024,68.48205332568872
3025,213.3256908579088
3026,188.8169260399821
3027,335.6213684812668
3028,181.3570844256632
3029,271.88645896150626
3030,192.48877985765512
3031,378.8672875864673
3032,-0.0
3033,56.751062155181906
3034,79.54218482571602
3035,218.23158543815393
3036,375.67462033455297
3037,295.9674856998463
3038,391.04623281536345
3039,456.9455030568499
3040,499.6087957729212
3041,407.55797300444425
3042,397.8958226174856
3043,458.74055464249597
3044,614.0551358168947
3045,366.0113729371028
3046,374.18095298242565
3047,262.9907772928531
3048,442.2998628065027
3049,349.38302417353805
3050,452.8654933000506
3051,302.9176149477333
3052,161.15061206659203
3053,407.1271533152007
3054,419.0607971084344
3055,469.52755556746826
3056,35.30099506481059
3057,382.55690324734024
3058,524.0851431656322
3059,481.88297357198786
3060,135.5529601624002
3061,358.1693213359528
3062,488.80757188726386
3063,294.9883311170499
3064,298.82866442388524
3065,327.9803579138455
3066,330.3405783876803
3067,437.9767703169821
3068,268.6757626636656
3069,358.10817225291044
3070,470.7358468949142
3071,421.64029461912804
3072,-0.0
3073,313.43044532690203
3074,317.8447416997708
3075,721.1540673737978
3076,173.17524133686254
3077,353.57007041713143
3078,310.6554076861881
3079,360.18663994603065
3080,92.7784523393864
3081,247.46650371859513
3082,322.0234456678319
3083,320.4298273896609
3084,260.6157675420652
3085,308.2789731032476
3086,311.6964770642246
3087,325.21347424728026
3088,361.6096710532081
3089,341.0473117068932
3090,501.2865299521927
3091,532.9373708396314
3092,450.1044321229532
3093,407.86866150165457
3094,389.8935832778814
3095,522.2352621305282
3096,301.8441591065499
3097,459.71349571987264
3098,343.55858368842235
3099,480.3720962896228
3100,800.0
3101,348.9316969595859
3102,267.9196242288567
3103,476.7063714034975
3104,536.5531590183597
3105,297.67223348312007
3106,304.90948021281366
3107,335.72047405201306
3108,56.69503736699946
3109,101.23853267031986
3110,36.96710270162775
3111,52.463222860472065
3112,121.00267878984567
3113,486.75755710107364
3114,423.71884581895057
3115,488.2843494373327
3116,337.6082518592976
3117,429.04108181977176
3118,398.74166406645656
3119,420.1097020481004
3120,513.7238621387461
3121,490.8493233607378
3122,414.92973689739864
3123,463.1100545138881
3124,188.30884133906903
3125,387.7216345000875
3126,435.83474808103296
3127,535.5181669636046
3128,421.7623082171189
3129,351.88195560033984
3130,423.7050221702683
3131,425.8715812796912
3132,387.0221109906138
3133,369.0362234751164
3134,359.93114011620787
3135,348.9929066386193
3136,457.6052602981354
3137,412.27422948266826
3138,434.79081230305144
3139,419.1272116353599
3140,498.74112374480245
3141,517.939839247609
3142,414.2678868616159
3143,386.42947045601437
3144,438.76087086434876
3145,350.10520843772184
3146,458.9453349083582
3147,385.2255556145691
3148,357.88140835394466
3149,395.62390213271016
3150,372.5944835611638
3151,425.14466811639954
3152,364.91658389252586
3153,380.86047259091123
3154,490.8902949705963
3155,413.76623964993206
3156,231.5067933023208
3157,436.436673352948
3158,485.35516425418797
3159,481.605055642964
3160,13.248187697168362
3161,328.36265672354205
3162,334.17768690731293
3163,508.9139955485511
3164,228.30415018285512
3165,414.873966849655
3166,467.30327167487883
3167,599.1456374851193
3168,131.74410346959732
3169,323.1637027689692
3170,378.59841513540107
3171,423.90641923981974
3172,148.55689159521333
3173,324.8754676400081
3174,341.9881820097097
3175,356.7369413877045
3176,196.2261909805053
3177,314.8466144309681
3178,286.3743990668098
3179,362.4468872903687
3180,264.2761236426072
3181,351.04411882333113
3182,359.9150831021728
3183,350.9372182924003
3184,352.40091074303797
3185,361.9015977006316
3186,385.9078565925899
3187,359.53442514340463
3188,522.4642266134734
3189,355.04916943089273
3190,300.76109993272223
3191,353.1764496212592
3192,690.0319695714597
3193,404.4776863429492
3194,322.81071441680245
3195,422.18587671482146
3196,800.0
3197,301.79327290049
3198,269.7414578324304
3199,483.6495691654591
3200,609.3029430335456
3201,473.8002458047213
3202,488.7109524208935
3203,440.2067156460913
3204,324.3264457209441
3205,307.49701806584966
3206,298.8939339384916
3207,359.9010970104915
3208,451.4556721774148
3209,471.235485348429
3210,380.2875294848621
3211,404.0601302199601
3212,105.8627398667301
3213,268.19218035785724
3214,399.3635151663807
3215,386.7265033080542
3216,413.0424331481385
3217,495.04725468732664
3218,398.7731790814677
3219,427.5912972370422
3220,68.82721813539757
3221,258.17103413444084
3222,267.35367921007554
3223,386.2542211735415
3224,334.5502458047213
3225,334.1284715934354
3226,383.58489877886547
3227,452.70023410377587
3228,-0.0
3229,-0.0
3230,-0.0
3231,-0.0
3232,634.2797238138392
3233,426.9571282166903
3234,305.37188030480877
3235,365.679375918457
3236,561.9429299379634
3237,400.7853088317633
3238,330.2297407977138
3239,318.6767549632483
3240,445.3111723060226
3241,382.1399001674908
3242,397.76004419555665
3243,343.94461043277374
3244,104.97978498124769
3245,399.82361381632364
3246,407.59173587221335
3247,482.6597454165639
3248,216.92585843885692
3249,428.80367921007553
3250,424.4649641726173
3251,492.5063351655739
3252,80.24814894154355
3253,487.57211944398694
3254,474.74626628805913
3255,522.8341223191168
3256,124.9521153746463
3257,354.97919996933496
3258,338.0423632925393
3259,497.34924822220944
3260,404.2447773436315
3261,388.91009593219405
3262,385.3304962282927
3263,426.9434137467757
3264,124.22136944131714
3265,345.6575835882093
3266,337.65531956664705
3267,362.78473690341
3268,98.75997976786653
3269,367.6719837780836
3270,300.66126028058363
3271,375.66834584133403
3272,82.6517440773732
3273,331.7893037021594
3274,328.42621413486944
3275,355.7640003103279
3276,232.41194082016096
3277,287.9247005084837
3278,274.2761236426072
3279,371.73965046245434
3280,387.93447046202573
3281,269.49848637361424
3282,256.77099676143007
3283,320.61479992444066
3284,458.38091269920693
3285,398.7405793244541
3286,423.7582111535152
3287,426.2782607890037
3288,521.106251091328
3289,261.3340838110188
3290,432.2864161605863
3291,373.43676040318013
3292,758.3870059603746
3293,337.4829025813014
3294,146.8630510591919
3295,304.61104819608477
3296,-0.0
3297,-0.0
3298,-0.0
3299,-0.0
3300,-0.0
3301,-0.0
3302,-0.0
3303,-0.0
3304,-0.0
3305,-0.0
3306,-0.0
3307,-0.0
3308,-0.0
3309,-0.0
3310,-0.0
3311,-0.0
3312,-0.0
3313,-0.0
3314,-0.0
3315,-0.0
3316,-0.0
3317,-0.0
3318,-0.0
3319,-0.0
3320,-0.0
3321,-0.0
3322,-0.0
3323,-0.0
3324,-0.0
3325,-0.0
3326,-0.0
3327,-0.0
3328,-0.0
3329,-0.0
3330,-0.0
3331,-0.0
3332,274.6398359873276
3333,-0.0
3334,-0.0
3335,-0.0
3336,-0.0
3337,-0.0
3338,-0.0
3339,-0.0
3340,-0.0
3341,-0.0
3342,-0.0
3343,-0.0
3344,-0.0
3345,-0.0
3346,-0.0
3347,22.18733924460355
3348,-0.0
3349,-0.0
3350,-0.0
3351,-0.0
3352,-0.0
3353,-0.0
3354,-0.0
3355,360.1757890939698
3356,271.599979363337
3357,312.3757095444142
3358,350.9660715014403
3359,406.4991474116158
3360,172.1215932267615
3361,361.9261617143407
3362,311.62784027279434
3363,445.0435081393531
3364,132.0616368607859
3365,314.1127187092334
3366,305.21065754221587
3367,361.6814180966278
3368,253.14759641221926
3369,309.7554393257565
3370,307.3290340125281
3371,395.4045252849729
3372,241.3983919810369
3373,293.9089123297555
3374,306.44932604887396
3375,316.95444382389866
3376,305.3555806479949
3377,308.32045128521
3378,301.76681157828534
3379,319.6653082263973
3380,337.44442595176156
3381,382.7280075033442
3382,385.56611430236023
3383,391.4100959336215
3384,458.6565683407318
3385,460.0022005839794
3386,410.43081968924355
3387,458.025800320986
3388,727.0248631851028
3389,369.7272348717454
3390,406.6176111923981
3391,442.9305777848374
3392,460.74334389117644
3393,387.18870471912675
3394,356.447221214631
3395,380.6528422229519
3396,451.3207243245931
3397,455.6680010311967
3398,411.0956525188363
3399,435.1713970635401
3400,217.01321644245567
3401,362.7730315696389
3402,312.2801042943566
3403,299.7830305915544
3404,198.78784904549772
3405,380.53407657793207
3406,318.36996751140015
3407,400.6720309018823
3408,-0.0
3409,64.55736861965858
3410,48.73076897663974
3411,50.810959464813095
3412,-0.0
3413,-0.0
3414,-0.0
3415,-0.0
3416,-0.0
3417,-0.0
3418,-0.0
3419,-0.0
3420,-0.0
3421,-0.0
3422,-0.0
3423,-0.0
3424,-0.0
3425,-0.0
3426,-0.0
3427,333.1748973643973
3428,607.1435003387228
3429,372.89316290665204
3430,287.7679307530338
3431,270.00249308993574
3432,544.8933154538831
3433,354.95767546308554
3434,404.71988148699677
3435,397.37304983358064
3436,364.85885279248777
3437,442.66071303418846
3438,438.7919246573681
3439,412.15871559899045
3440,130.0654016727012
3441,469.54789647127916
3442,421.3616522145197
3443,450.37918185037313
3444,186.8771974987346
3445,318.76505604749343
3446,394.8803526167791
3447,599.4000709906865
3448,172.33270989583153
3449,356.2953841272944
3450,424.72058128062304
3451,420.196893708385
3452,86.99048379678953
3453,353.6363385043568
3454,421.2158360150505
3455,510.8128772352643
3456,16.656794684934766
3457,191.91901354487868
3458,342.18171621363484
3459,305.2368263584642
3460,59.89806096698254
3461,258.79122486374183
3462,332.46181004468
3463,324.638665963502
3464,266.3054219048347
3465,344.2773072450458
3466,332.4848106593244
3467,338.63365411156514
3468,169.52615598021566
3469,286.6630792489584
3470,251.33159072108305
3471,291.67483380166584
3472,298.77313390782655
3473,298.57959970390135
3474,287.5088035735515
3475,313.3860901819343
3476,305.66716223889546
3477,352.40727182820393
3478,305.04747733768374
3479,341.09162084297304
3480,385.69821603191485
3481,239.63308119310463
3482,401.7604258111612
3483,404.2719384594625
3484,642.1307781683909
3485,372.6820215556239
3486,360.14753297463636
3487,364.1082744461181
3488,352.08434496947393
3489,313.01498619189425
3490,328.10108669216004
3491,289.5251883625911
3492,97.13603468996169
3493,102.5230290519377
3494,124.4481358579841
3495,116.39989528909113
3496,96.47389600394854
3497,264.85062352001074
3498,235.5412701823629
3499,175.9725736804187
3500,213.79509885442474
3501,213.94580003066503
3502,274.26773458981233
3503,225.38283985624207
3504,107.86107929605923
3505,199.2158619346426
3506,173.99988497075964
3507,215.6961939147587
3508,-0.0
3509,321.9509087928804
3510,242.4142830654964
3511,320.08038956722623
3512,-0.0
3513,67.7487716464839
3514,92.39599927913122
3515,114.23447241218332
3516,369.3742270180029
3517,353.50550207876546
3518,333.0035046435674
3519,351.83115208591187
3520,405.7640003103279
3521,409.54567120534165
3522,368.3225064875006
3523,317.66806641893714
3524,518.2590894139647
3525,331.6865636724151
3526,200.7856013377197
3527,174.21009869742207
3528,472.18021542328177
3529,400.19571010594643
3530,389.29810727571083
3531,378.9923284372296
3532,316.93514458358675
3533,379.06715819360033
3534,345.9788183537304
3535,450.9276643236723
3536,28.629354146706817
3537,427.8794237547793
3538,383.63367879352325
3539,425.79507878530535
3540,59.797496839259566
3541,343.37433562922695
3542,438.6091773885258
3543,437.94520803319233
3544,98.11044935803218
3545,306.40008407424585
3546,297.7686305466601
3547,305.40102305513534
3548,308.44488302200915
3549,304.6140829397431
3550,308.78169671699004
3551,325.86330181941565
3552,314.8181913640836
3553,331.3725583273731
3554,338.57171999798555
3555,338.46021836817414
3556,295.77943155540964
3557,323.2406891825184
3558,526.9565878583113
3559,659.3922091151674
3560,157.66148934895713
3561,500.16337150738804
3562,409.3250005675436
3563,414.4693406586179
3564,262.08485346024435
3565,361.8722360008212
3566,340.5908070102136
3567,352.114914953681
3568,271.7266876253502
3569,399.05392753249794
3570,316.0531889832469
3571,351.37880023476856
3572,353.8790421391747
3573,320.99594169202106
3574,422.39184058312225
3575,434.2538228215891
3576,435.7346386105175
3577,415.5159525718848
3578,462.5212579198852
3579,402.2683252046711
3580,585.1719084945753
3581,386.8763965020078
3582,364.8620456760498
3583,517.1887770924271
3584,548.2837019478875
3585,334.0842013579603
3586,269.19531175399396
3587,202.7330954117513
3588,366.50691084926234
3589,253.34250828666683
3590,285.668564591376
3591,375.81677267768055
3592,368.2945411447181
3593,327.9748318515082
3594,310.4606348104153
3595,320.31897911213264
3596,268.49043961325566
3597,236.97537714774586
3598,328.7866891649669
3599,263.54817071329376
3600,242.4294231872357
3601,295.23716070529014
3602,217.5395166017286
3603,323.86815510602173
3604,-0.0
3605,183.16980773108233
3606,205.65461839040674
3607,237.29960668344992
3608,-0.0
3609,-0.0
3610,-0.0
3611,19.67842308702275
3612,-0.0
3613,142.22446055423515
3614,136.19964097121596
3615,164.49595396051015
3616,548.0880720158717
3617,277.81020592603204
3618,322.5205581262589
3619,260.98297885491695
3620,575.6536390718368
3621,340.4853825876777
3622,343.8859117151111
3623,326.1610818137604
3624,395.30800410441867
3625,327.5093120643219
3626,360.23363347490215
3627,371.8673510240502
3628,352.12763712401295
3629,352.85789924852986
3630,342.63551183556467
3631,331.03386506097684
3632,234.2978912908968
3633,363.76406374791077
3634,371.17133557611476
3635,404.0084347939796
3636,44.474594662487675
3637,332.1362234751164
3638,364.8375689530104
3639,624.8064139568905
3640,31.085311596991232
3641,288.22781963613136
3642,156.90237401540026
3643,432.3010710908994
3644,189.25459913635774
3645,333.32199799673026
3646,321.16008951417774
3647,443.06289549920604
3648,228.06734850634902
3649,349.1388444303252
3650,316.79247190376327
3651,341.9882066916678
3652,20.219271050545444
3653,328.0536093544763
3654,318.9057194461934
3655,350.8794871923622
3656,175.72419354530726
3657,298.44969855832613
3658,338.92821157006745
3659,365.653906895835
3660,383.03817810939455
3661,288.0572860468506
3662,284.2237613281524
3663,338.9485277919202
3664,298.109139870535
3665,285.08980187459827
3666,283.0401627085599
3667,317.11861632801345
3668,385.79556259411765
3669,360.5399454861119
3670,373.89764158586036
3671,521.6574179574187
3672,759.8717144264914
3673,395.85745419534237
3674,410.52819093340446
3675,469.4965017744489
3676,662.2012314387609
3677,386.68755597199777
3678,433.46781419619947
3679,510.960702715857
3680,556.9406172650085
3681,155.57466508563044
3682,231.82085510007397
3683,265.98318395385587
3684,420.5304154868184
3685,491.4323948030546
3686,474.9831166159579
3687,540.8418037776551
3688,156.01180515425764
3689,365.35293676050924
3690,322.03093876377903
3691,348.998804551636
3692,334.05230277718704
3693,360.9918238467744
3694,208.0326606768953
3695,256.8165568378465
3696,-0.0
3697,319.7841626023355
3698,211.63637488726033
3699,308.35152394471726
3700,18.772829380907893
3701,128.43884776309676
3702,45.55354673196376
3703,414.7351229868734
3704,292.4834996141764
3705,400.63668079679303
3706,267.84166544907055
3707,396.5193716422375
3708,402.7133845332986
3709,395.72695079548566
3710,373.9259012365743
3711,401.1471067217811
3712,467.5190573359058
3713,417.3869802883093
3714,385.04919411285084
3715,444.14152882311686
3716,437.00533002995854
3717,388.9431343243788
3718,346.61170923408633
3719,343.0695244083703
3720,469.6141645585045
3721,324.9405521247948
3722,409.6183497416492
3723,398.7122099242264
3724,407.4906879356781
3725,384.5611024504234
3726,381.2584530579213
3727,385.24487953683916
3728,153.61829938762574
3729,357.739461897958
3730,460.5159096562675
3731,690.8767015964701
3732,-0.0
3733,320.8489172081551
3734,361.49082220268605
3735,605.8121940103791
3736,95.76947029901166
3737,335.6597962514966
3738,311.57327737436015
3739,404.4774787542435
3740,234.24504516762974
3741,321.4087565024082
3742,312.39014848991326
3743,451.0421342241658
3744,169.39357044184877
3745,303.95122858653247
3746,306.7220703453004
3747,526.4448004979956
3748,106.37788445632822
3749,313.35108726429405
3750,312.4869964228225
3751,327.66047047775254
3752,278.80518000042855
3753,312.3686898399343
3754,303.32225088143457
3755,314.07598634870567
3756,307.4826671649156
3757,318.77807846642975
3758,325.92825749405085
3759,319.7987171039435
3760,335.94552811788276
3761,311.55003770538275
3762,310.74291602272433
3763,310.3772195370884
3764,373.4570474169049
3765,330.4393813583889
3766,374.7171970942051
3767,400.6325142407283
3768,504.8981087325846
3769,430.4555123970969
3770,362.39382518228757
3771,377.1773150456761
3772,584.6661095824364
3773,432.30136359685577
3774,437.21475460581956
3775,464.0591296971835
3776,-0.0
3777,-0.0
3778,-0.0
3779,-0.0
3780,-0.0
3781,-0.0
3782,-0.0
3783,-0.0
3784,-0.0
3785,-0.0
3786,-0.0
3787,-0.0
3788,-0.0
3789,-0.0
3790,-0.0
3791,-0.0
3792,-0.0
3793,-0.0
3794,-0.0
3795,-0.0
3796,-0.0
3797,-0.0
3798,-0.0
3799,-0.0
3800,-0.0
3801,-0.0
3802,-0.0
3803,-0.0
3804,-0.0
3805,-0.0
3806,-0.0
3807,-0.0
3808,-0.0
3809,-0.0
3810,-0.0
3811,-0.0
3812,-0.0
3813,-0.0
3814,-0.0
3815,-0.0
3816,-0.0
3817,-0.0
3818,-0.0
3819,-0.0
3820,-0.0
3821,-0.0
3822,-0.0
3823,280.82558582698334
3824,-0.0
3825,49.06593633059083
3826,-0.0
3827,-0.0
3828,-0.0
3829,-0.0
3830,-0.0
3831,84.32745539690836
3832,-0.0
3833,-0.0
3834,-0.0
3835,-0.0
3836,167.4660926717768
3837,350.180762669677
3838,386.7477036408293
3839,377.56505856519465
3840,33.81011681638381
3841,380.00976995354205
3842,401.61729400448365
3843,437.1738543381158
3844,95.53213544977706
3845,390.34442668302137
3846,346.47982348934573
3847,350.21820222982046
3848,179.0033585143526
3849,307.3062238916687
3850,335.821731410366
3851,296.9426892711913
3852,210.28749657971002
3853,341.7513803332036
3854,289.14842308101134
3855,277.32704860429186
3856,244.60857978810716
3857,192.02859846860116
3858,330.0684933531628
3859,309.68515100160306
3860,322.47675748094946
3861,316.47005353580363
3862,417.9760705233558
3863,406.4604995670756
3864,642.936862348861
3865,386.38564512874683
3866,225.48835948642574
3867,360.653690911021
3868,772.8118461800568
3869,436.60314756494097
3870,377.1093301832837
3871,356.39989277139
3872,-0.0
3873,-0.0
3874,-0.0
3875,-0.0
3876,-0.0
3877,-0.0
3878,-0.0
3879,-0.0
3880,-0.0
3881,-0.0
3882,-0.0
3883,-0.0
3884,-0.0
3885,-0.0
3886,-0.0
3887,-0.0
3888,-0.0
3889,-0.0
3890,-0.0
3891,-0.0
3892,-0.0
3893,-0.0
3894,-0.0
3895,-0.0
3896,-0.0
3897,-0.0
3898,-0.0
3899,-0.0
3900,-0.0
3901,-0.0
3902,-0.0
3903,-0.0
3904,-0.0
3905,-0.0
3906,-0.0
3907,-0.0
3908,59.45346386529525
3909,-0.0
3910,-0.0
3911,-0.0
3912,78.4656000336073
3913,-0.0
3914,-0.0
3915,-0.0
3916,-0.0
3917,-0.0
3918,-0.0
3919,-0.0
3920,-0.0
3921,-0.0
3922,-0.0
3923,-0.0
3924,-0.0
3925,-0.0
3926,-0.0
3927,319.52692299806887
3928,154.4287847360547
3929,315.2711897205744
3930,320.3548343335141
3931,498.6457999744385
3932,146.48696088928034
3933,293.4122836801408
3934,468.39167495233164
3935,495.17765244674695
3936,-0.0
3937,347.17852333007284
3938,303.07541727181706
3939,373.1221273895972
3940,191.85538048652876
3941,300.01314383152453
3942,299.849782632572
3943,362.004693456112
3944,242.70601446985097
3945,304.66314359744393
3946,306.539218260836
3947,375.03099360580944
3948,230.05335461403746
3949,307.36723251810696
3950,358.03280932381125
3951,260.6543453209814
3952,312.3297413196542
3953,293.4730120977425
3954,298.5119643182431
3955,311.7152013096635
3956,370.41891557094294
3957,405.4117570845318
3958,419.8578508917102
3959,418.0099016038311
3960,800.0
3961,300.80886898147367
3962,267.70480618545423
3963,420.89491843744395
3964,800.0
3965,380.2960582488554
3966,409.016805160269
3967,293.4707910949475
3968,-0.0
3969,-0.0
3970,-0.0
3971,-0.0
3972,-0.0
3973,-0.0
3974,-0.0
3975,-0.0
3976,-0.0
3977,-0.0
3978,-0.0
3979,-0.0
3980,-0.0
3981,-0.0
3982,-0.0
3983,-0.0
3984,-0.0
3985,-0.0
3986,-0.0
3987,-0.0
3988,-0.0
3989,-0.0
3990,-0.0
3991,-0.0
3992,-0.0
3993,-0.0
3994,-0.0
3995,-0.0
3996,-0.0
3997,-0.0
3998,-0.0
3999,-0.0
4000,-0.0
4001,-0.0
4002,-0.0
4003,-0.0
4004,105.69060840178122
4005,-0.0
4006,-0.0
4007,-0.0
4008,-0.0
4009,-0.0
4010,-0.0
4011,-0.0
4012,-0.0
4013,-0.0
4014,-0.0
4015,-0.0
4016,-0.0
4017,-0.0
4018,-0.0
4019,-0.0
4020,-0.0
4021,-0.0
4022,-0.0
4023,-0.0
4024,-0.0
4025,-0.0
4026,-0.0
4027,370.46438516833285
4028,89.07163588270143
4029,336.39640738187154
4030,330.0829322986619
4031,342.8136147944081
4032,-0.0
4033,271.9287588164626
4034,397.7923062729727
4035,419.1544669782628
4036,36.174096490048726
4037,269.41724616816134
4038,347.03418323899854
4039,432.67316738052216
4040,151.5415237877145
4041,321.55250202565327
4042,319.10728214653545
4043,334.8663974800923
4044,302.5371729737792
4045,298.6833320332283
4046,295.52816625144635
4047,314.8754676400081
4048,295.3522885585404
4049,344.82581440030305
4050,280.86333147169603
4051,363.8266798247199
4052,457.8725294968848
4053,333.65764702579224
4054,401.3973996814542
4055,446.66160314056344
4056,429.41896294332844
4057,318.9162657145041
4058,293.8825275286931
4059,300.3755569971831
4060,667.5441277590487
4061,449.43624801209455
4062,299.78295180023764
4063,375.6330526108313
4064,-0.0
4065,-0.0
4066,-0.0
4067,-0.0
4068,-0.0
4069,-0.0
4070,-0.0
4071,-0.0
4072,-0.0
4073,-0.0
4074,-0.0
4075,-0.0
4076,-0.0
4077,-0.0
4078,-0.0
4079,-0.0
4080,-0.0
4081,-0.0
4082,-0.0
4083,-0.0
4084,-0.0
4085,-0.0
4086,-0.0
4087,-0.0
4088,-0.0
4089,-0.0
4090,-0.0
4091,-0.0
4092,-0.0
4093,-0.0
4094,-0.0
4095,-0.0
4096,-0.0
4097,-0.0
4098,-0.0
4099,-0.0
4100,159.00941351494942
4101,-0.0
4102,-0.0
4103,-0.0
4104,-0.0
4105,-0.0
4106,-0.0
4107,-0.0
4108,-0.0
4109,-0.0
4110,-0.0
4111,-0.0
4112,-0.0
4113,-0.0
4114,-0.0
4115,-0.0
4116,-0.0
4117,-0.0
4118,-0.0
4119,42.56432051099728
4120,58.16587237622916
4121,281.60266375612866
4122,334.7915430417635
4123,385.93939419442154
4124,-0.0
4125,299.9941227236463
4126,376.9903825936891
4127,407.88479254036264
4128,18.27926617214581
4129,285.34960416574876
4130,210.07683903749415
4131,309.8957591799027
4132,41.41092284851294
4133,280.629722678752
4134,262.73169947728707
4135,395.34442668302137
4136,115.37874988074512
4137,297.5981216393375
4138,321.4284534744736
4139,373.37605240439404
4140,221.6122177248567
4141,377.0769915847253
4142,259.1606367605729
4143,314.28100861937827
4144,274.62521931758556
4145,312.58634240467194
4146,256.19312790636246
4147,302.92421669967143
4148,323.9431343243788
4149,329.99143833085463
4150,395.4442663351599
4151,458.6962701883742
4152,449.7648657347448
4153,289.9527904863145
4154,313.5842686958584
4155,357.9396479447531
4156,516.0371858098118
4157,311.1277639991788
4158,229.8424670133409
4159,62.18959117271339
4160,-0.0
4161,-0.0
4162,-0.0
4163,-0.0
4164,-0.0
4165,-0.0
4166,-0.0
4167,-0.0
4168,-0.0
4169,-0.0
4170,-0.0
4171,-0.0
4172,-0.0
4173,-0.0
4174,-0.0
4175,-0.0
4176,-0.0
4177,-0.0
4178,-0.0
4179,-0.0
4180,-0.0
4181,-0.0
4182,-0.0
4183,-0.0
4184,-0.0
4185,-0.0
4186,-0.0
4187,-0.0
4188,-0.0
4189,-0.0
4190,-0.0
4191,-0.0
4192,-0.0
4193,-0.0
4194,-0.0
4195,-0.0
4196,145.42930532027754
4197,-0.0
4198,-0.0
4199,-0.0
4200,33.87293529939416
4201,-0.0
4202,-0.0
4203,-0.0
4204,-0.0
4205,-0.0
4206,-0.0
4207,-0.0
4208,-0.0
4209,-0.0
4210,39.025328568843406
4211,223.03717223119907
4212,-0.0
4213,-0.0
4214,-0.0
4215,254.17962991631566
4216,-0.0
4217,323.32335932341186
4218,212.70668903196247
4219,296.117281168451
4220,233.12507960638712
4221,317.3351017826668
4222,252.26123964392067
4223,325.51326817909313
4224,-0.0
4225,280.86923343000785
4226,331.48889364926146
4227,248.9355649548161
4228,-0.0
4229,179.88381332433937
4230,252.7519910171817
4231,256.4267613812646
4232,-0.0
4233,212.9288856916284
4234,224.99562351399936
4235,285.59767658615
4236,245.22606410533947
4237,303.5448692185077
4238,278.8137416695739
4239,317.42441984845277
4240,285.80830944640775
4241,305.3346567294793
4242,248.50256936355132
4243,277.7226293173713
4244,211.00648796033175
4245,347.4564412590967
4246,363.6202074656488
4247,342.6852144391859
4248,359.48307981049066
4249,279.972622899355
4250,331.6197870944194
4251,409.9380837168172
4252,355.5089491352227
4253,313.99120227692123
4254,159.77361073107886
4255,219.1947742583867
4256,-0.0
4257,-0.0
4258,-0.0
4259,-0.0
4260,-0.0
4261,-0.0
4262,-0.0
4263,-0.0
4264,-0.0
4265,-0.0
4266,-0.0
4267,-0.0
4268,-0.0
4269,-0.0
4270,-0.0
4271,-0.0
4272,-0.0
4273,-0.0
4274,-0.0
4275,-0.0
4276,-0.0
4277,-0.0
4278,-0.0
4279,-0.0
4280,-0.0
4281,-0.0
4282,-0.0
4283,-0.0
4284,-0.0
4285,-0.0
4286,-0.0
4287,-0.0
4288,5.082942689483616
4289,-0.0
4290,-0.0
4291,-0.0
4292,257.84903149481534
4293,-0.0
4294,-0.0
4295,-0.0
4296,-0.0
4297,-0.0
4298,-0.0
4299,-0.0
4300,-0.0
4301,-0.0
4302,-0.0
4303,-0.0
4304,-0.0
4305,-0.0
4306,-0.0
4307,-0.0
4308,-0.0
4309,-0.0
4310,-0.0
4311,-0.0
4312,46.212922058831964
4313,607.062213722621
4314,347.94939321633706
4315,395.2289644829452
4316,212.3226474363331
4317,525.7632239955592
4318,368.6764624572919
4319,386.21631982386276
4320,210.38851983428714
4321,557.4803576521814
4322,354.12123728322223
4323,376.26870682027567
4324,92.00170517676841
4325,334.0292348246446
4326,273.3838895979549
4327,346.4568228747013
4328,257.99150176843756
4329,395.97951814735666
4330,308.40321352022505
4331,369.70125735835296
4332,273.92064220050474
4333,411.58256351908994
4334,326.8903516386946
4335,400.20008659194707
4336,279.7925353413462
4337,291.45781517428395
4338,272.6477748790425
4339,350.04232453691446
4340,800.0
4341,800.0
4342,537.1449764471178
4343,309.9239372772745
4344,501.67234071173004
4345,452.0165514099374
4346,282.3578864124972
4347,358.2341807212973
4348,503.93408884642116
4349,334.1856219743827
4350,348.3078515571875
4351,498.56835364196434
4352,679.7611405359578
4353,342.36567509964544
4354,376.67236872645975
4355,390.41928445412174
4356,317.6465401075101
4357,583.6776195725947
4358,501.3033861365755
4359,404.4631962283563
4360,292.55594656440934
4361,478.89749854189034
4362,375.03659672254713
4363,325.4877326336434
4364,275.6340228911371
4365,264.8005369280637
4366,293.997112458427
4367,331.6524567070322
4368,395.3808035204393
4369,415.0456383001896
4370,329.8675600233043
4371,416.75372647885416
4372,118.15429322682516
4373,287.41469311839427
4374,20.34169541395778
4375,376.54400826194956
4376,-0.0
4377,268.3156525128249
4378,281.54296365818584
4379,417.7844846806724
4380,328.45311717749007
4381,48.25649129310335
4382,28.08646619459296
4383,62.47335836336126
4384,471.42663060578366
4385,349.41104681347076
4386,422.1461551591339
4387,397.4150276102002
4388,800.0
4389,238.40082163338974
4390,189.91467581450283
4391,149.55481788639975
4392,359.2792918442112
4393,271.20906764221456
4394,363.548545910882
4395,392.9711855465848
4396,285.76429281628424
4397,360.99642550083337
4398,390.2507568131929
4399,417.2971784137111
4400,191.10045033611664
4401,388.0824872454744
4402,287.20399235269485
4403,383.40858230580835
4404,-0.0
4405,312.878723961153
4406,603.7099328191047
4407,624.4049559674575
4408,-0.0
4409,367.52495929421764
4410,465.6839683892717
4411,400.54649787413376
4412,127.94799362908444
4413,347.40091074303797
4414,309.5841030650678
4415,390.86990854167607
4416,156.9804213372911
4417,352.40091074303797
4418,282.2896090441484
4419,386.49646301882416
4420,16.532746133755097
4421,378.254688246006
4422,342.9552704926908
4423,271.77588173820106
4424,-0.0
4425,346.1392894835127
4426,329.2083300830707
4427,314.09603608459844
4428,200.3398342122067
4429,349.1041139449315
4430,284.0735439607244
4431,330.2507568131929
4432,275.7654764187228
4433,338.9137726245684
4434,282.41365759532806
4435,313.5160160094677
4436,584.7667738127677
4437,331.3455458577698
4438,224.67148837087265
4439,331.96399779262674
4440,379.38839295912135
4441,360.0934785669726
4442,315.7498538707852
4443,419.3424164117907
4444,589.4549017131188
4445,459.95399877071117
4446,403.7398548488697
4447,418.6821237488316
4448,296.5769812663938
4449,166.16089302860567
4450,215.17837330054286
4451,230.90275814870603
4452,116.31313431836742
4453,259.2434195972484
4454,211.0427857589062
4455,251.68863947636623
4456,162.07644515340047
4457,323.9486240900836
4458,280.3342091985321
4459,274.7441800137144
4460,-0.0
4461,-0.0
4462,-0.0
4463,-0.0
4464,-0.0
4465,-0.0
4466,-0.0
4467,-0.0
4468,-0.0
4469,-0.0
4470,-0.0
4471,-0.0
4472,-0.0
4473,-0.0
4474,-0.0
4475,-0.0
4476,-0.0
4477,-0.0
4478,-0.0
4479,-0.0
4480,-0.0
4481,-0.0
4482,-0.0
4483,-0.0
4484,158.706778196114
4485,-0.0
4486,-0.0
4487,-0.0
4488,28.717832955195036
4489,-0.0
4490,313.1472030509627
4491,389.59317322498356
4492,401.8331043474688
4493,514.2351986929453
4494,408.09424179818177
4495,481.3633689896868
4496,328.1737652284676
4497,399.2778157358162
4498,453.3674907352487
4499,526.2784520918597
4500,82.00908324347517
4501,411.03238895258187
4502,547.3396942534814
4503,652.7017527655639
4504,32.2806400873331
4505,311.0221105082694
4506,360.6891458719991
4507,366.81450490078316
4508,237.86796170802825
4509,343.2787058421912
4510,425.5112588979697
4511,631.2231128786568
4512,338.5556067896743
4513,456.1196730552863
4514,350.91690207054756
4515,485.39748879110243
4516,91.09827443409537
4517,309.341424112208
4518,387.07382338312135
4519,310.6260459863777
4520,234.60857978810714
4521,365.8559780869474
4522,315.92328783767164
4523,396.2334678441116
4524,116.36027730922521
4525,299.20615418104944
4526,340.73246270849626
4527,327.3409790590205
4528,282.81779997755285
4529,231.7218273305373
4530,273.58010819467177
4531,441.94022086321365
4532,480.0921937614336
4533,423.4572679278888
4534,500.1974021991554
4535,411.90476590223557
4536,276.93393629919
4537,363.9991733312079
4538,216.55695503279622
4539,404.948654667086
4540,525.3279243470403
4541,412.5784264197943
4542,425.1155993935735
4543,468.6541075269152
4544,171.0494119028425
4545,65.20835657020643
4546,84.4064328909228
4547,105.65900867249044
4548,120.1136679136596
4549,176.3106884972104
4550,194.9389491412341
4551,262.51525376836577
4552,-0.0
4553,178.67561181906524
4554,204.8298240568893
4555,318.96987677161115
4556,-0.0
4557,14.353406350674927
4558,37.5919635579729
4559,201.0220703700307
4560,-0.0
4561,80.82141965036062
4562,108.3148166607885
4563,245.8120816664466
4564,90.15537211835488
4565,232.02025473442748
4566,160.39609115400745
4567,430.78351748561147
4568,46.98970733704094
4569,108.28780053908511
4570,47.78089344515795
4571,102.18174075061305
4572,323.10888764779736
4573,275.67276261055343
4574,195.1059485145669
4575,298.0335247186982
4576,800.0
4577,349.1300998264978
4578,339.1616621102876
4579,277.2055015112218
4580,450.3593494373327
4581,257.872146891173
4582,225.49960554836272
4583,311.93882127596106
4584,620.4488588059746
4585,266.633501564334
4586,397.8840680647782
4587,415.85697038653007
4588,377.2061929366742
4589,457.42611194166176
4590,466.2280743765702
4591,432.6778363724792
4592,63.155726111736556
4593,477.119799930452
4594,369.41410264851555
4595,433.88172653196636
4596,158.4766436893431
4597,410.5384446957588
4598,409.8279903023243
4599,480.76789298751623
4600,120.4776219152591
4601,330.2133172530494
4602,362.2624479283174
4603,477.6812452408552
4604,346.31567566718905
4605,407.74313684207993
4606,308.036994506956
4607,444.73722081010146
4608,-0.0
4609,308.38611486389243
4610,391.2136601130292
4611,452.70472966431197
4612,-0.0
4613,276.4668606522416
4614,413.40122892105967
4615,333.2268273365487
4616,159.2144998653808
4617,226.086735866202
4618,315.50468182798966
4619,316.644963611085
4620,89.46721659578085
4621,269.3135385207926
4622,183.8734573687774
4623,357.7500064180163
4624,294.87597613077844
4625,245.30996402162592
4626,271.3401523902284
4627,320.2539250147968
4628,218.64250828666687
4629,325.7713536950765
4630,371.74381096364095
4631,434.9877369565222
4632,531.062958936789
4633,406.6716409181038
4634,299.9794924752913
4635,238.3670587656206
4636,591.8355513037131
4637,125.89234095324548
4638,219.027890306801
4639,238.4157994571101
4640,522.4858630637184
4641,363.48209726169586
4642,476.71059200949543
4643,364.534077960546
4644,-0.0
4645,-0.0
4646,-0.0
4647,-0.0
4648,-0.0
4649,-0.0
4650,-0.0
4651,-0.0
4652,-0.0
4653,-0.0
4654,-0.0
4655,-0.0
4656,-0.0
4657,-0.0
4658,55.1686936648108
4659,204.18367684336567
4660,206.8064200548901
4661,348.78408047824723
4662,354.74207411935447
4663,372.38885669881427
4664,321.81733623786
4665,432.47341903571623
4666,395.1794335055672
4667,410.7937249392375
4668,435.37110789035523
4669,363.9805777848374
4670,322.3302207062109
4671,367.55161581959345
4672,535.6259372107102
4673,425.82450572787627
4674,291.747602262692
4675,404.7133468279159
4676,696.1575143811332
4677,333.214372990215
4678,291.8382571482381
4679,363.71320222380905
4680,664.9956055562541
4681,300.05383842284976
4682,373.2539884523797
4683,461.51407016592714
4684,362.4227030732857
4685,421.0991655305776
4686,440.42029810289097
4687,445.33634882268825
4688,127.77039916101143
4689,408.92155677382135
4690,413.99999530969853
4691,556.9937914620651
4692,150.5294510569854
4693,375.8135728619435
4694,356.5261951799811
4695,639.2837970441835
4696,126.42436949442933
4697,397.6832051580625
4698,250.09347856697258
4699,330.5795362663185
4700,227.3916492802663
4701,326.85077481616304
4702,313.4657718964014
4703,373.50053802851977
4704,248.06098742118303
4705,292.6464161549442
4706,300.35628795512105
4707,479.3319215640027
4708,132.0269063753922
4709,330.2813382005194
4710,286.08252600109915
4711,362.15503890661614
4712,257.105145000139
4713,367.5821819034853
4714,272.4050712442246
4715,304.03830498456034
4716,178.0795868678687
4717,301.128527230388
4718,339.81137545480397
4719,361.2461900144435
4720,316.2205050070075
4721,238.8029794164492
4722,248.7334937637037
4723,332.6350280267524
4724,371.93315998442137
4725,331.93144320925427
4726,415.513243497135
4727,446.0724882235589
4728,435.1898328295927
4729,363.2603742195038
4730,395.9156937861508
4731,360.86434845323686
4732,493.75625694180076
4733,422.8109607890674
4734,396.139828361734
4735,448.38179803292064
4736,1.292346034597358
4737,-0.0
4738,-0.0
4739,-0.0
4740,-0.0
4741,-0.0
4742,-0.0
4743,-0.0
4744,-0.0
4745,-0.0
4746,-0.0
4747,-0.0
4748,-0.0
4749,-0.0
4750,-0.0
4751,-0.0
4752,-0.0
4753,-0.0
4754,-0.0
4755,-0.0
4756,-0.0
4757,-0.0
4758,-0.0
4759,-0.0
4760,-0.0
4761,-0.0
4762,-0.0
4763,-0.0
4764,-0.0
4765,-0.0
4766,-0.0
4767,-0.0
4768,-0.0
4769,-0.0
4770,-0.0
4771,-0.0
4772,106.92335177030827
4773,-0.0
4774,-0.0
4775,-0.0
4776,26.925336369473712
4777,-0.0
4778,-0.0
4779,-0.0
4780,-0.0
4781,-0.0
4782,-0.0
4783,74.34605484359406
4784,-0.0
4785,-0.0
4786,-0.0
4787,-0.0
4788,-0.0
4789,-0.0
4790,-0.0
4791,-0.0
4792,-0.0
4793,-0.0
4794,-0.0
4795,136.87182066180128
4796,116.08332699782594
4797,369.2190676542373
4798,418.80537130328446
4799,603.235796293364
4800,-0.0
4801,345.6196602192536
4802,413.92083350336065
4803,278.26255012152507
4804,164.70525123864178
4805,277.6707508117288
4806,360.14871657707494
4807,430.3525045433544
4808,114.49829507075839
4809,302.3815868207679
4810,331.2146277306538
4811,424.241075969299
4812,207.6460827858335
4813,300.18177965121777
4814,284.74655879401547
4815,369.1009210613695
4816,269.694680288373
4817,276.98063732210517
4818,302.42219458251526
4819,244.1611452513433
4820,357.9900009780845
4821,354.16552173734397
4822,346.96936657821004
4823,395.62553749560726
4824,356.1664505993437
4825,324.7037504482887
4826,394.3157391047719
4827,397.25756295154633
4828,238.30300452097092
4829,156.9915140369266
4830,115.69245321725788
4831,164.7131510547152
4832,-0.0
4833,-0.0
4834,-0.0
4835,-0.0
4836,-0.0
4837,-0.0
4838,-0.0
4839,-0.0
4840,-0.0
4841,-0.0
4842,-0.0
4843,-0.0
4844,-0.0
4845,-0.0
4846,-0.0
4847,-0.0
4848,-0.0
4849,-0.0
4850,-0.0
4851,-0.0
4852,-0.0
4853,-0.0
4854,-0.0
4855,-0.0
4856,-0.0
4857,-0.0
4858,-0.0
4859,-0.0
4860,-0.0
4861,-0.0
4862,-0.0
4863,-0.0
4864,-0.0
4865,-0.0
4866,-0.0
4867,-0.0
4868,212.8446550088147
4869,-0.0
4870,-0.0
4871,-0.0
4872,-0.0
4873,-0.0
4874,-0.0
4875,-0.0
4876,-0.0
4877,-0.0
4878,-0.0
4879,-0.0
4880,-0.0
4881,-0.0
4882,-0.0
4883,-0.0
4884,-0.0
4885,-0.0
4886,-0.0
4887,-0.0
4888,-0.0
4889,-0.0
4890,-0.0
4891,-0.0
4892,-0.0
4893,-0.0
4894,154.1433676007207
4895,494.95758909744734
4896,162.54602714888094
4897,320.3720962896228
4898,494.8922984723424
4899,795.5529984229714
4900,248.62122444718955
4901,263.6234003492108
4902,288.6116704784615
4903,301.7636433766814
4904,147.46261104140677
4905,282.739752655662
4906,295.4618734822629
4907,353.053125545664
4908,247.85303895371695
4909,310.5367279205917
4910,282.0410528149349
4911,299.5236628902799
4912,173.61365507762687
4913,242.54455104048597
4914,271.43261397566016
4915,269.20395359707004
4916,318.81054878601185
4917,311.5187391578841
4918,380.7393076024745
4919,375.77943155540964
4920,395.79387050090867
4921,318.118693839263
4922,345.86971723882016
4923,403.1668956525312
4924,417.6306191928867
4925,240.44680906659553
4926,174.41712918876343
4927,174.85602673834006
4928,-0.0
4929,-0.0
4930,-0.0
4931,-0.0
4932,-0.0
4933,-0.0
4934,-0.0
4935,-0.0
4936,-0.0
4937,-0.0
4938,-0.0
4939,-0.0
4940,-0.0
4941,-0.0
4942,-0.0
4943,-0.0
4944,-0.0
4945,-0.0
4946,-0.0
4947,-0.0
4948,-0.0
4949,-0.0
4950,-0.0
4951,-0.0
4952,-0.0
4953,-0.0
4954,-0.0
4955,-0.0
4956,-0.0
4957,-0.0
4958,-0.0
4959,-0.0
4960,-0.0
4961,-0.0
4962,-0.0
4963,-0.0
4964,-0.0
4965,-0.0
4966,-0.0
4967,-0.0
4968,-0.0
4969,-0.0
4970,-0.0
4971,-0.0
4972,-0.0
4973,-0.0
4974,-0.0
4975,-0.0
4976,-0.0
4977,-0.0
4978,-0.0
4979,-0.0
4980,-0.0
4981,-0.0
4982,-0.0
4983,-0.0
4984,-0.0
4985,-0.0
4986,-0.0
4987,-0.0
4988,-0.0
4989,-0.0
4990,-0.0
4991,120.63732474473596
4992,-0.0
4993,341.0184338158951
4994,443.4525989359318
4995,501.89862080188357
4996,273.52235241267556
4997,320.96389559941906
4998,379.85418380053073
4999,397.89923148586166
5000,271.4267613812646
5001,401.6407784279403
5002,262.2842402585651
5003,356.63860252591905
5004,307.3468563353742
5005,301.9715671621894
5006,292.9706770558144
5007,311.51237807271815
5008,277.0356840293516
5009,302.1276618059711
5010,322.44202699555575
5011,286.3743990668098
5012,415.1514256518247
5013,447.66288893620975
5014,320.33666601060276
5015,389.8069742868452
5016,508.6417319718982
5017,445.0
5018,322.54551865811055
5019,446.2183044230281
5020,550.8809761367899
5021,360.1113910560646
5022,328.7379842888374
5023,392.68283538838335
5024,215.90472966431196
5025,32.93482892326618
5026,69.99249658572138
5027,111.23060873983185
5028,-0.0
5029,83.88478165448757
5030,228.76414197168396
5031,158.29467443790026
5032,-0.0
5033,211.2297310469259
5034,236.61307339848568
5035,164.40838125216453
5036,30.95326412177522
5037,89.02668120733385
5038,136.3527128300849
5039,-0.0
5040,-0.0
5041,-0.0
5042,-0.0
5043,-0.0
5044,-0.0
5045,-0.0
5046,-0.0
5047,-0.0
5048,-0.0
5049,-0.0
5050,-0.0
5051,-0.0
5052,-0.0
5053,-0.0
5054,-0.0
5055,-0.0
5056,77.85169273324277
5057,-0.0
5058,-0.0
5059,-0.0
5060,471.7414254472503
5061,415.2507568131929
5062,277.3493494253099
5063,225.40762777174322
5064,333.0438394009342
5065,349.192682853175
5066,390.17165379092063
5067,413.30092534145155
5068,394.29859108452314
5069,417.49210642977397
5070,529.5265879498437
5071,448.0932494985991
5072,277.29110983450147
5073,426.88984314792424
5074,618.1560568782642
5075,397.75636750318233
5076,-0.0
5077,429.82530590953263
5078,340.3720962896228
5079,499.56937161361236
5080,156.8307124606335
5081,258.4971758960099
5082,413.8669246358371
5083,405.5032057195947
5084,145.72787023768157
5085,319.6472485805094
5086,349.1780416400813
5087,399.0427061525191
5088,210.2067401830694
5089,339.99533710423333
5090,293.71857100939235
5091,374.5471693224153
5092,249.0397810929553
5093,308.26382440079396
5094,321.79018740678947
5095,499.2301951720784
5096,258.1042795757221
5097,421.84236581024044
5098,304.48307981049066
5099,338.5154828367392
5100,102.0738999042637
5101,319.44247204874324
5102,317.5660508647773
5103,339.93590781479594
5104,303.7907410549295
5105,296.461008057846
5106,256.0257872006437
5107,297.56385028079796
5108,380.61022063903664
5109,351.21245182863254
5110,350.918911351671
5111,451.4820478613677
5112,465.88217158515386
5113,433.1722644381145
5114,404.65090432502166
5115,440.9756254701683
5116,480.83128147877886
5117,445.51425657836063
5118,420.3297925343512
5119,328.32277041118374
5120,-0.0
5121,-0.0
5122,-0.0
5123,-0.0
5124,-0.0
5125,-0.0
5126,-0.0
5127,-0.0
5128,-0.0
5129,-0.0
5130,-0.0
5131,-0.0
5132,-0.0
5133,-0.0
5134,-0.0
5135,-0.0
5136,-0.0
5137,-0.0
5138,-0.0
5139,-0.0
5140,-0.0
5141,-0.0
5142,-0.0
5143,-0.0
5144,-0.0
5145,-0.0
5146,-0.0
5147,-0.0
5148,-0.0
5149,-0.0
5150,-0.0
5151,-0.0
5152,140.3726122610069
5153,-0.0
5154,-0.0
5155,-0.0
5156,393.78624978721564
5157,-0.0
5158,-0.0
5159,-0.0
5160,-0.0
5161,-0.0
5162,-0.0
5163,-0.0
5164,-0.0
5165,-0.0
5166,-0.0
5167,-0.0
5168,-0.0
5169,-0.0
5170,43.53774539718631
5171,-0.0
5172,-0.0
5173,-0.0
5174,-0.0
5175,-0.0
5176,-0.0
5177,-0.0
5178,-0.0
5179,-0.0
5180,-0.0
5181,-0.0
5182,209.2073412718538
5183,455.7620557227879
5184,169.94473730793953
5185,306.58969723300936
5186,330.9051222757753
5187,433.2663471345531
5188,229.1728751220926
5189,300.3589546618087
5190,320.4383890588062
5191,373.77163311747347
5192,211.30372981162574
5193,299.4380998909157
5194,315.35915989120053
5195,291.02421788071933
5196,309.8575554153852
5197,303.0225555614569
5198,313.4815810569557
5199,317.92958548525473
5200,293.49301539482326
5201,274.0649822915791
5202,283.29998968166854
5203,312.20569086460705
5204,406.0320150569802
5205,287.70062100230956
5206,432.2887637924557
5207,424.7401977088495
5208,526.5510065026442
5209,405.6703304404994
5210,417.8958226174856
5211,450.8665243552581
5212,458.00646972715555
5213,299.1677178534645
5214,247.95258163204036
5215,261.5925968287715
5216,-0.0
5217,-0.0
5218,-0.0
5219,-0.0
5220,-0.0
5221,-0.0
5222,-0.0
5223,-0.0
5224,-0.0
5225,-0.0
5226,-0.0
5227,-0.0
5228,-0.0
5229,-0.0
5230,-0.0
5231,-0.0
5232,-0.0
5233,-0.0
5234,-0.0
5235,-0.0
5236,-0.0
5237,-0.0
5238,-0.0
5239,-0.0
5240,-0.0
5241,-0.0
5242,-0.0
5243,-0.0
5244,-0.0
5245,-0.0
5246,-0.0
5247,-0.0
5248,-0.0
5249,-0.0
5250,-0.0
5251,-0.0
5252,114.17552125431325
5253,-0.0
5254,-0.0
5255,-0.0
5256,-0.0
5257,-0.0
5258,-0.0
5259,-0.0
5260,-0.0
5261,-0.0
5262,-0.0
5263,13.518446156874347
5264,-0.0
5265,7.695722446925629
5266,-0.0
5267,146.4198535447572
5268,-0.0
5269,-0.0
5270,-0.0
5271,114.9706000396186
5272,-0.0
5273,-0.0
5274,-0.0
5275,-0.0
5276,-0.0
5277,131.62106245694974
5278,482.1760549220952
5279,655.9168255494052
5280,250.42545090366025
5281,385.0792309243294
5282,423.5338144594266
5283,473.71779469462376
5284,129.66561109451897
5285,287.98514068327154
5286,300.3378496130413
5287,281.64595591066774
5288,112.4315572483874
5289,283.5250368054672
5290,267.7921149701168
5291,271.59678647977495
5292,157.79726777088607
5293,292.9936776704588
5294,286.56790858877685
5295,295.62065251883627
5296,257.4777497805321
5297,292.0586599620379
5298,232.62257368041872
5299,296.8218336035737
5300,338.4438459639305
5301,397.13523117553376
5302,318.98255848368757
5303,307.1837008128002
5304,355.3902119274962
5305,405.68694528801973
5306,370.41101195816117
5307,358.68483282358136
5308,268.9441124053148
5309,251.3528850238718
5310,85.98006425866461
5311,196.2320293562542
5312,-0.0
5313,-0.0
5314,-0.0
5315,-0.0
5316,-0.0
5317,-0.0
5318,-0.0
5319,-0.0
5320,-0.0
5321,-0.0
5322,-0.0
5323,-0.0
5324,-0.0
5325,-0.0
5326,-0.0
5327,-0.0
5328,-0.0
5329,-0.0
5330,-0.0
5331,-0.0
5332,-0.0
5333,-0.0
5334,-0.0
5335,-0.0
5336,-0.0
5337,-0.0
5338,-0.0
5339,-0.0
5340,-0.0
5341,-0.0
5342,-0.0
5343,-0.0
5344,-0.0
5345,-0.0
5346,-0.0
5347,-0.0
5348,249.29978579030694
5349,-0.0
5350,-0.0
5351,-0.0
5352,79.60905001830656
5353,-0.0
5354,-0.0
5355,-0.0
5356,-0.0
5357,-0.0
5358,-0.0
5359,-0.0
5360,-0.0
5361,-0.0
5362,-0.0
5363,-0.0
5364,-0.0
5365,-0.0
5366,-0.0
5367,-0.0
5368,-0.0
5369,-0.0
5370,-0.0
5371,-0.0
5372,-0.0
5373,-0.0
5374,-0.0
5375,260.3759240797981
5376,13.775870139802407
5377,289.21305618438737
5378,321.257349031769
5379,413.98127367814857
5380,180.99253282364498
5381,288.66343284167715
5382,312.0873879819393
5383,302.85218855347426
5384,293.49299071286515
5385,303.94253106336396
5386,300.7429160227244
5387,301.9279682498176
5388,297.1710716022338
5389,316.43314943696726
5390,313.0431099521726
5391,318.2861278894384
5392,309.8232279291165
5393,322.45374536690576
5394,306.36536083360716
5395,307.92480336928446
5396,354.7488637239663
5397,351.85872232463026
5398,410.2106023112008
5399,388.65619264033603
5400,407.32682667599954
5401,481.35861788954577
5402,358.46244541061617
5403,437.36078503904224
5404,459.4593790224528
5405,432.4441906167102
5406,437.32301209774255
5407,452.4052420964301
5408,427.9970337480886
5409,420.1681053503224
5410,425.6600522270933
5411,437.36226946325655
5412,-0.0
5413,-0.0
5414,-0.0
5415,-0.0
5416,-0.0
5417,-0.0
5418,-0.0
5419,-0.0
5420,-0.0
5421,-0.0
5422,-0.0
5423,-0.0
5424,-0.0
5425,-0.0
5426,-0.0
5427,-0.0
5428,-0.0
5429,-0.0
5430,-0.0
5431,-0.0
5432,-0.0
5433,-0.0
5434,-0.0
5435,-0.0
5436,-0.0
5437,-0.0
5438,-0.0
5439,-0.0
5440,-0.0
5441,-0.0
5442,-0.0
5443,-0.0
5444,134.55301101147745
5445,-0.0
5446,-0.0
5447,-0.0
5448,33.08223300008933
5449,-0.0
5450,63.265615069483374
5451,370.5837214494632
5452,393.41177518937036
5453,382.67882867206185
5454,370.6896543627695
5455,603.1907873636578
5456,252.6059588328984
5457,415.50688241196906
5458,401.32106913473046
5459,385.16363933138626
5460,31.65998756849683
5461,302.3473401441865
5462,289.46644028101224
5463,373.7170949009974
5464,95.40545186972196
5465,324.9246617528589
5466,343.6277768352114
5467,369.9060376242151
5468,100.96518040495806
5469,278.7848637785758
5470,303.8998174878816
5471,455.39797259991474
5472,389.87667592440476
5473,465.66048396581505
5474,316.87003541684186
5475,300.6030453717333
5476,127.67055950887286
5477,331.04411882333113
5478,306.0820421922869
5479,417.37911841279026
5480,262.9305777848374
5481,295.3924125114755
5482,310.8366541646773
5483,306.01574942310344
5484,154.67049607128996
5485,266.22149730659015
5486,298.9548888770862
5487,303.42084534928614
5488,230.30730431079238
5489,273.63196201835615
5490,275.791186108117
5491,316.00131047760436
5492,292.65045927183417
5493,325.88047949194487
5494,384.10510624451416
5495,370.99594169202106
5496,472.105360984953
5497,394.53493363417505
5498,395.0347551673518
5499,368.83991048582226
5500,400.01745978025417
5501,399.71383216183614
5502,252.1935665415336
5503,167.9370346451947
5504,29.242438998611266
5505,52.33668079679305
5506,-0.0
5507,-0.0
5508,-0.0
5509,-0.0
5510,-0.0
5511,-0.0
5512,-0.0
5513,-0.0
5514,-0.0
5515,-0.0
5516,-0.0
5517,-0.0
5518,-0.0
5519,-0.0
5520,-0.0
5521,-0.0
5522,-0.0
5523,-0.0
5524,-0.0
5525,-0.0
5526,-0.0
5527,-0.0
5528,-0.0
5529,-0.0
5530,-0.0
5531,-0.0
5532,-0.0
5533,-0.0
5534,-0.0
5535,-0.0
5536,-0.0
5537,-0.0
5538,-0.0
5539,-0.0
5540,47.72629243113272
5541,-0.0
5542,-0.0
5543,-0.0
5544,-0.0
5545,-0.0
5546,-0.0
5547,-0.0
5548,-0.0
5549,-0.0
5550,-0.0
5551,-0.0
5552,-0.0
5553,-0.0
5554,-0.0
5555,5.004630731385987
5556,-0.0
5557,-0.0
5558,-0.0
5559,-0.0
5560,-0.0
5561,-0.0
5562,-0.0
5563,-0.0
5564,-0.0
5565,-0.0
5566,-0.0
5567,-0.0
5568,-0.0
5569,-0.0
5570,24.08029412530192
5571,299.1250470064065
5572,301.3682754772619
5573,311.912819547364
5574,297.50214142505564
5575,384.73296112279263
5576,238.31222804318818
5577,303.0373270726588
5578,323.9965855785225
5579,352.4097290790818
5580,260.2661880582746
5581,299.2375670095604
5582,307.0123591772382
5583,313.9532115902553
5584,269.7433905924116
5585,303.2147637430932
5586,295.36640009254165
5587,298.1491397686866
5588,317.68325886713257
5589,328.58547698025507
5590,363.4254087618691
5591,525.9320408096729
5592,226.9530250172792
5593,363.13018250858926
5594,355.3608502276858
5595,354.1856344157801
5596,50.44417791221136
5597,-0.0
5598,-0.0
5599,-0.0
5600,-0.0
5601,-0.0
5602,-0.0
5603,-0.0
5604,-0.0
5605,-0.0
5606,-0.0
5607,-0.0
5608,-0.0
5609,-0.0
5610,-0.0
5611,-0.0
5612,-0.0
5613,-0.0
5614,-0.0
5615,-0.0
5616,-0.0
5617,-0.0
5618,-0.0
5619,-0.0
5620,-0.0
5621,-0.0
5622,-0.0
5623,-0.0
5624,-0.0
5625,-0.0
5626,-0.0
5627,-0.0
5628,-0.0
5629,-0.0
5630,-0.0
5631,-0.0
5632,-0.0
5633,-0.0
5634,-0.0
5635,-0.0
5636,245.28298063003797
5637,-0.0
5638,-0.0
5639,-0.0
5640,-0.0
5641,-0.0
5642,-0.0
5643,-0.0
5644,-0.0
5645,-0.0
5646,-0.0
5647,-0.0
5648,-0.0
5649,-0.0
5650,-0.0
5651,-0.0
5652,-0.0
5653,-0.0
5654,-0.0
5655,-0.0
5656,-0.0
5657,-0.0
5658,-0.0
5659,-0.0
5660,-0.0
5661,-0.0
5662,-0.0
5663,22.950855746119146
5664,-0.0
5665,382.0133098224714
5666,382.1721622449069
5667,537.0130907023771
5668,274.53861032654936
5669,321.3707470563936
5670,303.16958004532285
5671,317.66119684300077
5672,-0.0
5673,310.3720962896228
5674,348.4631452042425
5675,299.4167623593491
5676,283.7848637785758
5677,314.5231790814677
5678,295.222362731007
5679,318.524577678613
5680,291.238645326839
5681,278.50206087278093
5682,233.3298351902912
5683,258.4939830124478
5684,424.55326525686246
5685,330.47094364217867
5686,356.1552045374067
5687,309.27709126023177
5688,552.2283925545919
5689,281.9361368831694
5690,132.25396278031434
5691,-0.0
5692,107.40765344380861
5693,60.18634644996715
5694,13.64288990227152
5695,37.79348888530412
5696,-0.0
5697,-0.0
5698,-0.0
5699,-0.0
5700,-0.0
5701,-0.0
5702,-0.0
5703,-0.0
5704,-0.0
5705,-0.0
5706,-0.0
5707,-0.0
5708,-0.0
5709,-0.0
5710,-0.0
5711,-0.0
5712,-0.0
5713,-0.0
5714,-0.0
5715,-0.0
5716,-0.0
5717,-0.0
5718,-0.0
5719,-0.0
5720,-0.0
5721,-0.0
5722,-0.0
5723,-0.0
5724,-0.0
5725,-0.0
5726,-0.0
5727,-0.0
5728,-0.0
5729,-0.0
5730,-0.0
5731,-0.0
5732,3.5248072420403105
5733,-0.0
5734,-0.0
5735,-0.0
5736,29.06105135381972
5737,-0.0
5738,-0.0
5739,-0.0
5740,-0.0
5741,-0.0
5742,-0.0
5743,-0.0
5744,-0.0
5745,-0.0
5746,32.47553561793984
5747,254.5468412291674
5748,-0.0
5749,-0.0
5750,-0.0
5751,-0.0
5752,-0.0
5753,-0.0
5754,73.77884777572461
5755,376.66428753335515
5756,-0.0
5757,374.21050598509197
5758,385.7057607195194
5759,493.2928275997758
5760,135.8577467012987
5761,247.60496653331572
5762,307.8894615323196
5763,309.6301042943566
5764,65.25571831110625
5765,284.2959313736896
5766,276.19264409755016
5767,280.11865508363826
5768,99.95479976743795
5769,231.44756141192966
5770,215.2527167304001
5771,279.6279037103772
5772,109.55334177800478
5773,219.2594841131288
5774,283.7126937330387
5775,281.14076559190767
5776,247.19813975829928
5777,284.3247845827296
5778,181.7805507301581
5779,264.44075527357614
5780,358.71170143345597
5781,288.7452483164111
5782,255.59158332498225
5783,340.55535204923547
5784,514.7029741335201
5785,313.9333643708367
5786,187.17223876604916
5787,163.85611804567264
5788,-0.0
5789,23.420943642178695
5790,-0.0
5791,-0.0
5792,-0.0
5793,-0.0
5794,-0.0
5795,-0.0
5796,-0.0
5797,-0.0
5798,-0.0
5799,-0.0
5800,-0.0
5801,-0.0
5802,-0.0
5803,-0.0
5804,-0.0
5805,-0.0
5806,-0.0
5807,-0.0
5808,-0.0
5809,-0.0
5810,-0.0
5811,-0.0
5812,-0.0
5813,-0.0
5814,-0.0
5815,-0.0
5816,-0.0
5817,-0.0
5818,-0.0
5819,-0.0
5820,-0.0
5821,-0.0
5822,-0.0
5823,-0.0
5824,-0.0
5825,-0.0
5826,-0.0
5827,-0.0
5828,67.52470504883263
5829,-0.0
5830,-0.0
5831,-0.0
5832,152.91290769520538
5833,-0.0
5834,-0.0
5835,-0.0
5836,-0.0
5837,-0.0
5838,-0.0
5839,-0.0
5840,-0.0
5841,-0.0
5842,-0.0
5843,-0.0
5844,-0.0
5845,-0.0
5846,-0.0
5847,-0.0
5848,-0.0
5849,-0.0
5850,-0.0
5851,75.30586091563126
5852,-0.0
5853,198.53829214852766
5854,367.47844957415845
5855,329.0003816156046
5856,297.15383062221946
5857,298.02523995424855
5858,277.4398264115764
5859,384.877159733217
5860,8.85662653644306
5861,270.9012548406518
5862,238.078594568286
5863,292.71355915745556
5864,44.30626165718627
5865,326.08472658507856
5866,258.8142254783862
5867,308.359921365686
5868,217.64876717862518
5869,270.4912351820733
5870,327.8600998325092
5871,302.03788461333096
5872,263.7073249474554
5873,336.4081372526208
5874,264.0681751751411
5875,317.55161191927823
5876,346.9886905004801
5877,348.22781963613136
5878,314.33484704222803
5879,354.5594350391725
5880,433.9945043392509
5881,344.3632164424557
5882,329.32040809672895
5883,216.6964101470995
5884,22.982300410477233
5885,-0.0
5886,-0.0
5887,11.550654052441601
5888,-0.0
5889,-0.0
5890,-0.0
5891,-0.0
5892,-0.0
5893,-0.0
5894,-0.0
5895,-0.0
5896,-0.0
5897,-0.0
5898,-0.0
5899,-0.0
5900,-0.0
5901,-0.0
5902,-0.0
5903,-0.0
5904,-0.0
5905,-0.0
5906,-0.0
5907,-0.0
5908,-0.0
5909,-0.0
5910,-0.0
5911,-0.0
5912,-0.0
5913,-0.0
5914,-0.0
5915,-0.0
5916,-0.0
5917,-0.0
5918,-0.0
5919,-0.0
5920,-0.0
5921,-0.0
5922,-0.0
5923,-0.0
5924,534.5712414310644
5925,-0.0
5926,-0.0
5927,-0.0
5928,111.10331245315137
5929,-0.0
5930,-0.0
5931,-0.0
5932,-0.0
5933,-0.0
5934,-0.0
5935,-0.0
5936,-0.0
5937,-0.0
5938,8.504007211375324
5939,-0.0
5940,-0.0
5941,-0.0
5942,-0.0
5943,-0.0
5944,-0.0
5945,-0.0
5946,-0.0
5947,-0.0
5948,-0.0
5949,99.34743041649247
5950,277.16558517492683
5951,373.3183213043559
5952,-0.0
5953,363.86997197925893
5954,295.490751373261
5955,359.5686718199861
5956,-0.0
5957,352.0513065772892
5958,328.1835351820096
5959,334.2831845213995
5960,232.84767016813365
5961,332.92639260169267
5962,290.92377164648394
5963,326.95076713152434
5964,181.2261909805053
5965,323.00175553079185
5966,253.31491243597983
5967,273.73300995489143
5968,319.8118839455744
5969,290.9296489228376
5970,265.361334036498
5971,275.8376711462181
5972,278.0149861918942
5973,281.30322132085536
5974,355.19401801273744
5975,399.3649085356647
5976,472.1144064629106
5977,419.0789127463077
5978,397.50343478796816
5979,348.6767549632483
5980,291.97632331363695
5981,120.75828671460715
5982,84.70780680611003
5983,124.00322968902921
5984,379.5812135733372
5985,368.1089594535542
5986,423.41205389924374
5987,479.78229246486694
5988,182.85703715688453
5989,439.65860179785477
5990,409.44298486239245
5991,375.18867823199105
5992,325.1854012741831
5993,305.97339449873806
5994,228.80660103941455
5995,318.7356392782741
5996,412.90636888579627
5997,530.663460864563
5998,524.0735439607245
5999,558.5967477241502
6000,316.06842293002
6001,373.05292824735534
6002,395.4543474811637
6003,541.242532560272
6004,318.7719300912886
6005,347.34833691162794
6006,278.89965533484263
6007,458.160539035224
6008,326.47223543327766
6009,344.6124537787901
6010,353.22678396808516
6011,387.62226248795696
6012,437.7724222682748
6013,431.77648057625373
6014,363.39996904500555
6015,424.59111235220263
6016,411.57966760934306
6017,293.7381919054776
6018,300.68944284581426
6019,364.8950318663729
6020,744.2970384549858
6021,349.2413684752554
6022,285.2473479448168
6023,229.65975850012336
6024,484.5794340731108
6025,385.06946097078736
6026,372.1335390823248
6027,372.8669694084456
6028,394.70812693428934
6029,479.06251388360147
6030,460.0701854463718
6031,580.4547360823283
6032,219.54966508563047
6033,516.6163017049009
6034,368.60528471133745
6035,376.50650079636443
6036,-0.0
6037,445.8608630637184
6038,360.3571735353114
6039,481.9108591634033
6040,48.54446193083771
6041,270.9910813972082
6042,302.632827442773
6043,368.8208025483662
6044,185.42373412849315
6045,309.2310768229205
6046,308.2760584595929
6047,520.0827666508774
6048,232.76959816428467
6049,283.9580817606482
6050,362.95476200192036
6051,354.851474725781
6052,79.19297535913131
6053,312.8786146476632
6054,300.7544427743972
6055,590.770000376957
6056,53.41405229449208
6057,300.4796311030421
6058,301.9291043865054
6059,343.8384343774273
6060,243.17644962125922
6061,313.5683633563169
6062,284.28417682098217
6063,327.6323436339608
6064,267.43126474243104
6065,309.4155134211765
6066,288.5480621020697
6067,296.6310331563564
6068,401.69769445468023
6069,368.25299615279704
6070,384.4744934593872
6071,352.5119717751554
6072,479.0690908319335
6073,476.3814846275602
6074,312.15530673061437
6075,432.0801867879529
6076,440.08953558988657
6077,287.840827079333
6078,318.9603088317633
6079,304.99417389274015
6080,-0.0
6081,-0.0
6082,-0.0
6083,-0.0
6084,-0.0
6085,-0.0
6086,-0.0
6087,-0.0
6088,-0.0
6089,-0.0
6090,-0.0
6091,-0.0
6092,-0.0
6093,-0.0
6094,-0.0
6095,-0.0
6096,-0.0
6097,-0.0
6098,-0.0
6099,-0.0
6100,-0.0
6101,-0.0
6102,-0.0
6103,-0.0
6104,-0.0
6105,-0.0
6106,-0.0
6107,-0.0
6108,-0.0
6109,-0.0
6110,-0.0
6111,-0.0
6112,-0.0
6113,-0.0
6114,-0.0
6115,-0.0
6116,98.50253110298036
6117,-0.0
6118,-0.0
6119,-0.0
6120,30.934304336181754
6121,-0.0
6122,-0.0
6123,-0.0
6124,-0.0
6125,-0.0
6126,-0.0
6127,-0.0
6128,-0.0
6129,-0.0
6130,-0.0
6131,-0.0
6132,-0.0
6133,-0.0
6134,4.603172741952903
6135,-0.0
6136,-0.0
6137,-0.0
6138,-0.0
6139,-0.0
6140,-0.0
6141,-0.0
6142,-0.0
6143,-0.0
6144,-0.0
6145,134.62676035729504
6146,349.09823666857784
6147,370.39091172112245
6148,200.50129764157168
6149,314.9187597945471
6150,398.1964733371556
6151,356.95882030989935
6152,186.1133884912626
6153,279.93370723081654
6154,266.40056788305816
6155,283.78754817136746
6156,159.35881527449698
6157,292.92842532006523
6158,327.7389816789914
6159,294.6423426558763
6160,289.15427567540695
6161,305.03361389336834
6162,275.12721675278357
6163,326.66659418325065
6164,288.248111176026
6165,335.30309444568957
6166,358.25300495624725
6167,351.0508933348458
6168,394.47730323930597
6169,380.6350914643353
6170,355.8836476935488
6171,365.7710450984577
6172,-0.0
6173,-0.0
6174,-0.0
6175,-0.0
6176,-0.0
6177,-0.0
6178,-0.0
6179,-0.0
6180,-0.0
6181,-0.0
6182,-0.0
6183,-0.0
6184,-0.0
6185,-0.0
6186,-0.0
6187,-0.0
6188,-0.0
6189,-0.0
6190,-0.0
6191,-0.0
6192,-0.0
6193,-0.0
6194,-0.0
6195,-0.0
6196,-0.0
6197,-0.0
6198,-0.0
6199,-0.0
6200,-0.0
6201,-0.0
6202,-0.0
6203,-0.0
6204,-0.0
6205,-0.0
6206,-0.0
6207,-0.0
6208,-0.0
6209,-0.0
6210,-0.0
6211,-0.0
6212,104.76901265731851
6213,-0.0
6214,-0.0
6215,-0.0
6216,11.006449699760765
6217,-0.0
6218,-0.0
6219,-0.0
6220,-0.0
6221,-0.0
6222,-0.0
6223,-0.0
6224,-0.0
6225,-0.0
6226,-0.0
6227,-0.0
6228,-0.0
6229,-0.0
6230,-0.0
6231,-0.0
6232,-0.0
6233,-0.0
6234,-0.0
6235,-0.0
6236,-0.0
6237,-0.0
6238,-0.0
6239,-0.0
6240,-0.0
6241,-0.0
6242,-0.0
6243,289.88550324184945
6244,208.02134727706022
6245,295.1154868820343
6246,270.5837214494632
6247,359.2019689979047
6248,211.65282548660412
6249,314.09840696132454
6250,305.4095111678081
6251,320.23900226048545
6252,234.2648528987121
6253,334.51413360351
6254,258.54699698719435
6255,292.47979522883605
6256,295.6174119460703
6257,298.213349128841
6258,292.74588803600665
6259,325.9548254395033
6260,316.3306231034585
6261,330.61477524248255
6262,333.24225858163044
6263,359.9192682853175
6264,336.8854666619236
6265,379.6548187704558
6266,331.432154848806
6267,377.1249218879672
6268,-0.0
6269,-0.0
6270,-0.0
6271,-0.0
6272,-0.0
6273,-0.0
6274,-0.0
6275,-0.0
6276,-0.0
6277,-0.0
6278,-0.0
6279,-0.0
6280,-0.0
6281,-0.0
6282,-0.0
6283,-0.0
6284,-0.0
6285,-0.0
6286,-0.0
6287,-0.0
6288,-0.0
6289,-0.0
6290,-0.0
6291,-0.0
6292,-0.0
6293,-0.0
6294,-0.0
6295,-0.0
6296,-0.0
6297,-0.0
6298,-0.0
6299,-0.0
6300,-0.0
6301,-0.0
6302,-0.0
6303,-0.0
6304,-0.0
6305,-0.0
6306,-0.0
6307,-0.0
6308,-0.0
6309,-0.0
6310,-0.0
6311,-0.0
6312,-0.0
6313,-0.0
6314,-0.0
6315,-0.0
6316,-0.0
6317,-0.0
6318,-0.0
6319,-0.0
6320,-0.0
6321,-0.0
6322,-0.0
6323,-0.0
6324,-0.0
6325,-0.0
6326,-0.0
6327,-0.0
6328,-0.0
6329,-0.0
6330,153.07516255092193
6331,350.5330512282174
6332,256.14395847546973
6333,321.3707223744355
6334,371.2831210838166
6335,537.2354781153423
6336,157.2054931430479
6337,363.80367921007553
6338,301.3509146433531
6339,283.08347954505706
6340,234.31989960595854
6341,339.47669404336654
6342,306.3653289068941
6343,313.4523829511178
6344,215.34520299779
6345,347.6692747033338
6346,296.934152284004
6347,344.78249756380586
6348,261.78173433259667
6349,328.6512612586681
6350,315.8136535500329
6351,339.4130856669748
6352,332.8456608870102
6353,304.35046959016563
6354,273.7447645075988
6355,308.29091952175276
6356,448.5049612503866
6357,462.3999184434553
6358,355.2202115109439
6359,361.4791236957194
6360,443.36845835287323
6361,348.1652035593222
6362,299.72505896972416
6363,332.4033791510156
6364,511.2116366132591
6365,308.8345274815923
6366,252.08902442474238
6367,313.4795298483021
6368,246.42691977896845
6369,146.81275522046397
6370,256.64023703201786
6371,188.86454560656549
6372,-0.0
6373,200.0352453941804
6374,402.5887653914817
6375,276.44509942196834
6376,312.0560454248455
6377,393.07888040869926
6378,527.1697390105703
6379,500.8247016435709
6380,209.01031581732326
6381,100.47966955950064
6382,76.59155726041018
6383,147.94687307172205
6384,89.91979489504968
6385,252.20004127332595
6386,185.0273952196068
6387,231.18968531776392
6388,-0.0
6389,-0.0
6390,-0.0
6391,-0.0
6392,177.44728060691872
6393,198.25508156255606
6394,192.56228368014075
6395,183.21181408997512
6396,411.2744282166267
6397,344.29795139570814
6398,302.76576559190767
6399,316.0358850829954
6400,421.93516578779327
6401,306.8334180576317
6402,255.58720336123005
6403,283.8343469196315
6404,661.859680451387
6405,356.5508099324443
6406,269.92713016083655
6407,368.1673794613435
6408,482.3998937614972
6409,359.2990995752935
6410,369.77224380145157
6411,379.06766668437075
6412,436.50013971119847
6413,401.40545285982915
6414,450.3476195665834
6415,450.88166309438344
6416,50.56619082350255
6417,380.2822944150245
6418,463.94114972521345
6419,421.69316542435325
6420,214.87844453875607
6421,346.0649188539962
6422,403.9763887013775
6423,411.1356127911384
6424,19.428593433198785
6425,366.1248505380137
6426,339.1420373138873
6427,330.95801832306535
6428,261.07766570628627
6429,361.2429971308815
6430,396.93802027923425
6431,441.34256895902183
6432,99.62011835600052
6433,374.82530590953263
6434,419.7638734351621
6435,567.3878713847915
6436,114.19249155031903
6437,282.3820706295802
6438,264.5877797574421
6439,337.1817162136349
6440,212.0312828613928
6441,259.680266024832
6442,360.016131038708
6443,322.3869802883093
6444,298.2823825345655
6445,314.27510666106645
6446,308.75550207876546
6447,316.28459719221155
6448,337.0576676624552
6449,319.7455664944328
6450,295.28011851300323
6451,307.35004921893625
6452,487.86619309367694
6453,361.0478201976636
6454,366.71812595620486
6455,529.670928040918
6456,678.1555483874938
6457,404.1280821772005
6458,309.3930866330365
6459,199.74784359955453
6460,478.8622900981571
6461,453.3720225337084
6462,349.8489703274065
6463,272.0972471342231
6464,459.520113640615
6465,411.79579223003475
6466,403.1268991423055
6467,412.9654357129405
6468,236.98531663239362
6469,398.01569630385205
6470,375.6143017520018
6471,315.7104400298079
6472,124.49384021600457
6473,457.4693504094058
6474,497.5207204242779
6475,479.4783571317386
6476,280.221853817673
6477,318.2375398031935
6478,319.77608669216
6479,312.36883954591417
6480,265.33425195951054
6481,400.4061294990913
6482,376.19731560720834
6483,439.8710936717086
6484,227.24977369685448
6485,381.1530247350703
6486,297.0692023300334
6487,471.9850099077906
6488,361.3494747728818
6489,327.0428058280256
6490,219.12913539666488
6491,389.10264939250203
6492,422.0838611606616
6493,310.67083893126977
6494,338.040187390518
6495,351.03925852851825
6496,420.6870396805971
6497,382.84408786833666
6498,267.59800004710075
6499,379.6627285883483
6500,696.9137595410089
6501,433.6309697187735
6502,270.8540700089244
6503,277.407080525348
6504,680.2858945862565
6505,270.10351634451285
6506,305.09127798299323
6507,418.8677960772377
6508,451.78881989334707
6509,405.63777585712694
6510,372.5692437483394
6511,420.22139511338247
6512,207.0963920281377
6513,440.0765465315378
6514,410.4838817973246
6515,570.4547114003701
6516,156.60024718733527
6517,411.0869271690579
6518,509.9099303014035
6519,503.221166045009
6520,99.60031062491817
6521,330.1095849237225
6522,299.19756782994597
6523,492.9843396865448
6524,317.80875449959524
6525,364.18484565961404
6526,335.319733975168
6527,442.8869684423839
6528,67.07169932028432
6529,279.7781210778052
6530,293.9725207061473
6531,198.385390388308
6532,-0.0
6533,272.06453723839155
6534,296.0018189683748
6535,307.3671478752688
6536,-0.0
6537,264.23280680611003
6538,215.33664132864465
6539,243.1678879521139
6540,38.10287998846951
6541,221.9415056687527
6542,284.3247845827296
6543,296.7352492944956
6544,222.67176779326957
6545,227.4033791510156
6546,161.5704016787126
6547,212.5193498418622
6548,306.3455211758117
6549,297.29599481127246
6550,121.03345777330685
6551,218.66700969166433
6552,418.1840189908219
6553,400.6986998407271
6554,281.5527698496515
6555,346.6014801536901
6556,290.1495440609374
6557,375.43623964392066
6558,410.0433433236329
6559,299.74489318794224
6560,253.1183653429098
6561,355.8962573523416
6562,366.5195942639695
6563,406.28547698025505
6564,-0.0
6565,184.65213462869528
6566,197.21598490949322
6567,277.8449472311679
6568,-0.0
6569,-0.0
6570,-0.0
6571,-0.0
6572,-0.0
6573,-0.0
6574,-0.0
6575,-0.0
6576,-0.0
6577,-0.0
6578,-0.0
6579,-0.0
6580,-0.0
6581,-0.0
6582,-0.0
6583,-0.0
6584,-0.0
6585,-0.0
6586,-0.0
6587,-0.0
6588,-0.0
6589,-0.0
6590,-0.0
6591,-0.0
6592,-0.0
6593,-0.0
6594,-0.0
6595,-0.0
6596,-0.0
6597,37.133116091594474
6598,115.34061052697535
6599,-0.0
6600,512.119799930452
6601,232.11668356803236
6602,258.9867189848742
6603,384.6513881338339
6604,384.64502704866794
6605,384.5209784974883
6606,465.6159835268793
6607,442.441010014015
6608,243.2591659351071
6609,502.2663159235476
6610,493.92083350336065
6611,258.9798740908959
6612,-0.0
6613,309.8101671704073
6614,386.7369413877045
6615,450.0237004082707
6616,-0.0
6617,291.7501720488069
6618,308.5624763656107
6619,351.2146524126119
6620,134.84470635294508
6621,359.06667438478803
6622,269.0451498785386
6623,524.4972723070007
6624,157.74004516161835
6625,342.4732196270458
6626,376.5635619559288
6627,431.89441680101777
6628,300.5832376406509
6629,348.35941287491556
6630,298.3171130199592
6631,357.114914953681
6632,186.23204357490087
6633,313.9490249502243
6634,489.1596555557617
6635,438.70383955793693
6636,218.1598100917808
6637,296.0306721774148
6638,306.278744597816
6639,393.372859520832
6640,356.74550305684994
6641,319.51193301953066
6642,300.2020711911124
6643,357.92639260169267
6644,407.79013037095143
6645,323.387082481517
6646,352.9342544772117
6647,441.8208659859491
6648,527.3331171835015
6649,412.7515072083694
6650,153.7988954364049
6651,419.58777975744215
6652,412.97826468931885
6653,394.306687208798
6654,421.04998968166854
6655,471.88616003753356
6656,302.8695327765442
6657,327.8000718057568
6658,349.79195518979895
6659,341.7351529517606
6660,374.49889657149214
6661,410.1529900544201
6662,398.4774055648081
6663,401.1130022752056
6664,-0.0
6665,-0.0
6666,-0.0
6667,-0.0
6668,-0.0
6669,-0.0
6670,-0.0
6671,-0.0
6672,-0.0
6673,-0.0
6674,-0.0
6675,-0.0
6676,-0.0
6677,-0.0
6678,-0.0
6679,-0.0
6680,-0.0
6681,-0.0
6682,-0.0
6683,-0.0
6684,-0.0
6685,-0.0
6686,-0.0
6687,-0.0
6688,-0.0
6689,-0.0
6690,-0.0
6691,-0.0
6692,-0.0
6693,-0.0
6694,-0.0
6695,-0.0
6696,254.03947500838603
6697,-0.0
6698,-0.0
6699,-0.0
6700,-0.0
6701,-0.0
6702,-0.0
6703,-0.0
6704,-0.0
6705,-0.0
6706,-0.0
6707,-0.0
6708,-0.0
6709,-0.0
6710,-0.0
6711,-0.0
6712,-0.0
6713,-0.0
6714,-0.0
6715,-0.0
6716,-0.0
6717,-0.0
6718,-0.0
6719,512.7942316172067
6720,-0.0
6721,349.2254534213614
6722,373.0066158256048
6723,422.6939674111872
6724,213.75160940157707
6725,311.5268170182172
6726,288.750108611224
6727,322.67834486324955
6728,163.17526601882065
6729,257.8904538319023
6730,293.5033095026498
6731,311.71252787597035
6732,275.37848205674686
6733,291.83712614311196
6734,298.0431099521726
6735,384.0845469032637
6736,245.976617769751
6737,269.4894162136985
6738,292.871456161252
6739,327.0952927828314
6740,430.93644018413295
6741,376.751888823974
6742,298.9509961998978
6743,371.3049134140643
6744,412.2287443679527
6745,406.20083083859055
6746,413.99820571358333
6747,428.9404091419857
6748,321.30423432922953
6749,259.91452301974493
6750,269.96061391314964
6751,266.58351579428006
6752,-0.0
6753,-0.0
6754,-0.0
6755,-0.0
6756,-0.0
6757,-0.0
6758,-0.0
6759,-0.0
6760,-0.0
6761,-0.0
6762,-0.0
6763,-0.0
6764,-0.0
6765,-0.0
6766,-0.0
6767,-0.0
6768,-0.0
6769,-0.0
6770,-0.0
6771,-0.0
6772,-0.0
6773,-0.0
6774,-0.0
6775,-0.0
6776,-0.0
6777,-0.0
6778,-0.0
6779,-0.0
6780,-0.0
6781,-0.0
6782,-0.0
6783,-0.0
6784,16.336471870029072
6785,-0.0
6786,-0.0
6787,-0.0
6788,44.33800166521905
6789,-0.0
6790,-0.0
6791,-0.0
6792,36.315446103762156
6793,178.72160102870248
6794,162.17223876604916
6795,14.582995983771525
6796,415.04229985495635
6797,364.7257587633504
6798,491.52163953548984
6799,373.14070215432474
6800,203.0576032347651
6801,348.74425601682844
6802,375.3052950296689
6803,418.46266139543025
6804,193.7670406466588
6805,369.97603176773106
6806,380.1460321842833
6807,526.0641425392275
6808,189.12201359799087
6809,320.9841871393137
6810,330.513243497135
6811,310.08929338382785
6812,110.49742964634149
6813,307.63630401752346
6814,314.7902055539945
6815,426.01057194037605
6816,238.5779076106924
6817,350.6367835575443
6818,317.8199758795741
6819,375.9827110309187
6820,116.20149827265186
6821,297.2372714116517
6822,285.3640184292897
6823,339.71352040183075
6824,254.75243607036919
6825,344.22813781415306
6826,290.93818591002486
6827,328.5385081333417
6828,282.47136401340805
6829,309.8150521471783
6830,378.16810393692793
6831,279.0735192787663
6832,267.43126474243104
6833,308.8854032243407
6834,292.58097361908864
6835,284.94546178352397
6836,264.1435134222822
6837,348.8420863878435
6838,343.3266423067291
6839,369.6017348941289
6840,410.5358892545088
6841,428.979596787321
6842,407.13034619876277
6843,376.1610818137604
6844,239.251324696251
6845,251.9320700744016
6846,237.25232415289716
6847,229.56263021976605
6848,365.4914530689308
6849,299.14831627496494
6850,317.68739028286444
6851,332.7591271253972
6852,182.007154848806
6853,249.70150432823382
6854,230.63845934545313
6855,239.06528272157442
6856,-0.0
6857,-0.0
6858,-0.0
6859,-0.0
6860,8.965631928524658
6861,225.78463414265875
6862,266.7965584761356
6863,287.886307498779
6864,224.30352918054558
6865,253.29803351979646
6866,168.1119020645362
6867,227.38070346550904
6868,-0.0
6869,-0.0
6870,-0.0
6871,-0.0
6872,-0.0
6873,-0.0
6874,-0.0
6875,-0.0
6876,-0.0
6877,-0.0
6878,-0.0
6879,-0.0
6880,-0.0
6881,-0.0
6882,-0.0
6883,-0.0
6884,56.37259495711544
6885,-0.0
6886,-0.0
6887,-0.0
6888,219.89963827847828
6889,-0.0
6890,-0.0
6891,-0.0
6892,-0.0
6893,259.4238562931909
6894,411.8781132771749
6895,374.4221311449324
6896,290.0501864124335
6897,396.0238272834365
6898,372.3116173592101
6899,336.03925852851825
6900,-0.0
6901,406.7102887626439
6902,356.9651813950653
6903,463.7327174489351
6904,158.07741096584743
6905,301.16057332299
6906,237.2355546364846
6907,346.8091114332417
6908,135.45360431907392
6909,308.4304453269021
6910,344.6896729060648
6911,361.42296990717693
6912,307.16025215768695
6913,308.25804152128023
6914,309.90328959863024
6915,397.4690065964325
6916,202.0339672541845
6917,326.0580481210367
6918,318.8112441071961
6919,365.00361657590355
6920,241.767803877868
6921,291.59044724771064
6922,290.26037027602763
6923,324.1728889354821
6924,268.86876369486225
6925,297.1624167866404
6926,292.75794312018814
6927,300.55116686609074
6928,288.84527927140556
6929,288.36899152560176
6930,291.59359359621294
6931,301.4520832796071
6932,308.44113688918077
6933,331.9323365150792
6934,387.3629459677753
6935,370.33681369498095
6936,393.60854659688744
6937,453.5121962665035
6938,372.6643897265628
6939,396.422600880078
6940,308.44854006040924
6941,254.71383801230886
6942,256.16580059219723
6943,239.11937899167907
6944,81.33189021259936
6945,90.06978514426181
6946,117.70481317101422
6947,45.33914140414034
6948,131.96536585734123
6949,188.15970204810037
6950,149.1363198178514
6951,226.32292100825728
6952,179.31376173869333
6953,425.5848604458043
6954,283.8611497192021
6955,282.15206924095486
6956,179.39533434081454
6957,192.64296170802825
6958,185.9627591207791
6959,262.4452159727706
6960,-0.0
6961,-0.0
6962,-0.0
6963,-0.0
6964,-0.0
6965,-0.0
6966,-0.0
6967,101.78198556522727
6968,-0.0
6969,-0.0
6970,-0.0
6971,-0.0
6972,-0.0
6973,-0.0
6974,-0.0
6975,-0.0
6976,-0.0
6977,-0.0
6978,-0.0
6979,-0.0
6980,-0.0
6981,-0.0
6982,-0.0
6983,81.41925648163505
6984,569.995546992857
6985,162.79240747607318
6986,244.7539121787641
6987,0.09943236446861192
6988,454.90555381540287
6989,326.71812595620486
6990,299.0050506075616
6991,433.4220289517247
6992,385.04817713131007
6993,571.9323589876947
6994,413.8176343467623
6995,466.27625150788026
6996,228.18061012244584
6997,459.7259747481645
6998,332.5660508647773
6999,506.0528717953324
7000,95.54976727883812
7001,339.13616003753356
7002,386.4734377222216
7003,414.45490171311883
7004,271.1263513283667
7005,320.21600164584106
7006,369.13248334515924
7007,436.4318623428496
7008,-0.0
7009,310.5597285352361
7010,344.7306437401215
7011,412.3186782380024
7012,-0.0
7013,241.49943991757215
7014,296.9918833840421
7015,312.7825610013888
7016,226.45931596463706
7017,299.6765893324577
7018,302.36129528087326
7019,291.81010373282436
7020,302.93863096321235
7021,322.45327305749277
7022,328.65716321697994
7023,367.33410948308415
7024,262.84128440100955
7025,300.043292154539
7026,220.46922686701157
7027,260.88147179152753
7028,382.7355674725173
7029,288.13364127553245
7030,318.0678323151613
7031,242.7512912235554
7032,456.89272037116575
7033,366.6375623900141
7034,288.70899388630016
7035,299.3301302139487
7036,288.67076907567053
7037,311.6901317535654
7038,293.275163680633
7039,271.71729286939643
7040,-0.0
7041,-0.0
7042,-0.0
7043,-0.0
7044,-0.0
7045,100.08527383147371
7046,90.39746311903711
7047,154.89933367906934
7048,-0.0
7049,312.84655042584154
7050,312.6584343714159
7051,397.7055945211852
7052,298.84712472691604
7053,157.14373022216662
7054,199.47566380322948
7055,253.97535846124046
7056,-0.0
7057,-0.0
7058,-0.0
7059,-0.0
7060,-0.0
7061,-0.0
7062,-0.0
7063,-0.0
7064,-0.0
7065,-0.0
7066,-0.0
7067,-0.0
7068,-0.0
7069,-0.0
7070,-0.0
7071,-0.0
7072,-0.0
7073,-0.0
7074,-0.0
7075,-0.0
7076,-0.0
7077,226.66188618206917
7078,321.1191040371409
7079,255.6672683324183
7080,629.6341882744009
7081,-0.0
7082,-0.0
7083,-0.0
7084,549.0813293151011
7085,526.9974681544395
7086,628.692809480814
7087,632.2264079554266
7088,352.7226293173713
7089,351.26162125952527
7090,375.79604640292996
7091,422.48969563609546
7092,-0.0
7093,227.89732340783866
7094,207.14725355223942
7095,352.08654555345333
7096,-0.0
7097,301.4118386269533
7098,379.65208792746023
7099,430.69035415639576
7100,267.75467540997334
7101,386.91504434654803
7102,364.793768307701
7103,326.5150624655098
7104,149.50366385634166
7105,304.98824544729257
7106,324.3007916685025
7107,262.6477748790425
7108,149.9970996223943
7109,211.58065544106694
7110,238.00054724639517
7111,263.5859854710255
7112,180.143640297448
7113,248.046548475684
7114,211.10431833134686
7115,310.2133419350075
7116,179.46525667857367
7117,270.93869440079527
7118,261.49893142680173
7119,313.24175009086
7120,203.22392695894303
7121,245.0528708052252
7122,174.4887411020303
7123,285.48267351292793
7124,165.0580482879526
7125,235.7557311471389
7126,107.23732325083591
7127,201.19342041231883
7128,444.32379228314693
7129,343.7227561925371
7130,197.84793799213188
7131,125.66136148368412
7132,368.0678929875163
7133,142.5671803578573
7134,106.55730821110757
7135,80.6457749261433
7136,35.283633474902174
7137,-0.0
7138,-0.0
7139,6.306736282754251
7140,-0.0
7141,-0.0
7142,-0.0
7143,-0.0
7144,-0.0
7145,-0.0
7146,-0.0
7147,-0.0
7148,-0.0
7149,-0.0
7150,-0.0
7151,-0.0
7152,-0.0
7153,-0.0
7154,-0.0
7155,-0.0
7156,-0.0
7157,-0.0
7158,-0.0
7159,-0.0
7160,-0.0
7161,-0.0
7162,-0.0
7163,-0.0
7164,-0.0
7165,-0.0
7166,-0.0
7167,-0.0
7168,-0.0
7169,-0.0
7170,-0.0
7171,-0.0
7172,433.17316432027087
7173,319.99993209455835
7174,206.5842642279996
7175,231.10156603311356
7176,474.2415844600695
7177,213.55103900081772
7178,110.62024523116634
7179,208.17038104204963
7180,457.54839828593816
7181,395.3689034060607
7182,467.5731117435696
7183,507.56626684959133
7184,75.42136692361595
7185,349.5958576177752
7186,377.4955658232655
7187,420.07645368502904
7188,348.29631298929417
7189,427.51806503632315
7190,571.4961705128678
7191,800.0
7192,35.45290452544759
7193,255.31264841441757
7194,257.37670184399684
7195,388.1274961751805
7196,64.2106071881924
7197,310.6837770864158
7198,198.93655725439876
7199,306.9106678605474
7200,166.4603082642197
7201,336.6647713421674
7202,425.87481820040523
7203,513.1854185780745
7204,233.41327597972344
7205,266.57381054708867
7206,319.3756707887894
7207,317.12986238995046
7208,188.33619627545716
7209,345.2614943843595
7210,230.786301131346
7211,439.5725644971744
7212,173.3623897736636
7213,270.71901606257984
7214,242.03029056181015
7215,292.30353949887706
7216,250.306795820022
7217,319.341424112208
7218,262.5440425497156
7219,333.9773810009602
7220,422.6249902492121
7221,278.855341730904
7222,370.34372688939504
7223,405.7730704702436
7224,440.82362218449754
7225,401.38165862652465
7226,348.96094015240436
7227,381.9279651978025
7228,529.6105680400609
7229,273.4233939311945
7230,279.56367571428984
7231,358.42508602440347
7232,246.0044095361327
7233,111.69384791408815
7234,133.02713072838017
7235,106.3708963734
7236,65.32112544177346
7237,223.53220779374283
7238,197.94583956706066
7239,198.96502458296752
7240,-0.0
7241,-0.0
7242,-0.0
7243,-0.0
7244,-0.0
7245,-0.0
7246,1.7900076797848783
7247,458.01683221494835
7248,-0.0
7249,-0.0
7250,-0.0
7251,-0.0
7252,326.31675789149034
7253,378.10826217762906
7254,385.0829975414224
7255,475.70488302661346
7256,247.1362067387687
7257,342.25824600882487
7258,234.4632306611024
7259,332.70887342915074
7260,151.65053749560732
7261,80.28349181354616
7262,71.01375393806303
7263,78.38946348247723
7264,343.2595280491359
7265,262.60878935490484
7266,147.0826077026238
7267,197.0784225194791
7268,715.2159354430303
7269,310.73494143480536
7270,219.31064846151838
7271,192.83302555615202
7272,674.4396864528512
7273,81.03931036770246
7274,254.22303685256801
7275,22.81618440548624
7276,371.3829607359552
7277,295.75790704916017
7278,402.1614246737402
7279,476.03995832214457
7280,136.6092926652929
7281,428.4396360988277
7282,320.47094364217867
7283,469.4923165913042
7284,68.42897504880341
7285,383.29261161496174
7286,393.5032444752195
7287,413.2573973207558
7288,73.85292516211058
7289,381.9615293846491
7290,268.62071595641913
7291,361.280436691025
7292,158.853649637695
7293,399.0598048088517
7294,338.31612072037655
7295,543.7045640335214
7296,149.85544392411165
7297,290.0433168364972
7298,328.8271883154903
7299,292.7135838394137
7300,23.097002712115795
7301,313.7378702497043
7302,249.0510518368504
7303,317.25120186638037
7304,198.34478262656063
7305,290.24536334565147
7306,277.7686305466601
7307,342.071622799142
7308,179.73947323326507
7309,256.65183318702145
7310,223.90719555458838
7311,322.8258531559278
7312,289.84709823978034
7313,281.07130462112025
7314,264.9111904249844
7315,293.5683783239225
7316,391.56643248038193
7317,304.67167967372853
7318,301.8634583468619
7319,429.22226053779934
7320,470.0968627533905
7321,389.2323229972978
7322,339.50484745878026
7323,214.87457654352582
7324,505.067898837989
7325,394.39149981827995
7326,402.91068402935156
7327,357.9603372690566
7328,389.3891345479999
7329,415.0188195602238
7330,409.50814843801413
7331,449.3328726963127
7332,377.16289435951853
7333,370.7859213590882
7334,381.5036192495134
7335,369.7162647714488
7336,-0.0
7337,-0.0
7338,-0.0
7339,-0.0
7340,-0.0
7341,-0.0
7342,-0.0
7343,-0.0
7344,-0.0
7345,-0.0
7346,-0.0
7347,-0.0
7348,-0.0
7349,-0.0
7350,-0.0
7351,-0.0
7352,-0.0
7353,-0.0
7354,-0.0
7355,-0.0
7356,-0.0
7357,-0.0
7358,-0.0
7359,-0.0
7360,-0.0
7361,-0.0
7362,-0.0
7363,-0.0
7364,42.691024305151814
7365,-0.0
7366,-0.0
7367,-0.0
7368,317.269464879886
7369,398.68601642601993
7370,327.5964048641704
7371,387.62109757202376
7372,626.383368023625
7373,346.90578288377634
7374,383.0365106981437
7375,490.69032947443765
7376,25.182848471942805
7377,305.05284612326705
7378,355.1875061002799
7379,553.8210185331802
7380,166.98602143454303
7381,341.0061582348315
7382,477.4459624844467
7383,727.7344986517923
7384,-0.0
7385,324.5664959179648
7386,295.4388975495766
7387,372.95744639471206
7388,61.07846670301302
7389,334.01242183967634
7390,260.3816502583508
7391,455.6004828526481
7392,166.2004812911111
7393,315.80054978108853
7394,314.9342906104431
7395,665.9365387225353
7396,149.47161776373963
7397,315.7586315247446
7398,257.49487311882285
7399,396.8338288230532
7400,129.5758339018788
7401,299.93051434725453
7402,316.75457321676566
7403,287.82316876313615
7404,242.74930662439002
7405,341.97059954456483
7406,289.5178102958843
7407,320.8740937248208
7408,300.63777585712694
7409,307.35541800451955
7410,269.70324195751834
7411,306.4519625798884
7412,277.6306515407518
7413,355.32024246593835
7414,320.7659849094932
7415,416.003994870396
7416,457.8120830490606
7417,373.3679189071084
7418,259.81918169337047
7419,345.95796268611275
7420,-0.0
7421,-0.0
7422,-0.0
7423,-0.0
7424,-0.0
7425,-0.0
7426,-0.0
7427,-0.0
7428,-0.0
7429,-0.0
7430,-0.0
7431,-0.0
7432,-0.0
7433,-0.0
7434,-0.0
7435,-0.0
7436,-0.0
7437,-0.0
7438,-0.0
7439,-0.0
7440,-0.0
7441,-0.0
7442,-0.0
7443,-0.0
7444,-0.0
7445,-0.0
7446,-0.0
7447,-0.0
7448,-0.0
7449,-0.0
7450,-0.0
7451,-0.0
7452,-0.0
7453,-0.0
7454,-0.0
7455,-0.0
7456,-0.0
7457,-0.0
7458,-0.0
7459,-0.0
7460,18.464240337066713
7461,-0.0
7462,-0.0
7463,-0.0
7464,33.93654367578597
7465,-0.0
7466,-0.0
7467,-0.0
7468,-0.0
7469,-0.0
7470,-0.0
7471,-0.0
7472,-0.0
7473,-0.0
7474,-0.0
7475,-0.0
7476,-0.0
7477,-0.0
7478,-0.0
7479,40.89855686924727
7480,-0.0
7481,-0.0
7482,-0.0
7483,-0.0
7484,-0.0
7485,-0.0
7486,110.15531839050652
7487,505.88187907919746
7488,169.63576558589628
7489,194.19635954554926
7490,380.7400073961008
7491,409.1892221456146
7492,29.91566811408552
7493,298.2775157814202
7494,362.63853200206455
7495,385.7052769107071
7496,280.5543597496528
7497,312.95846337625284
7498,309.5376180269667
7499,382.746329725642
7500,84.52765677056874
7501,335.6340991647526
7502,271.5043002123851
7503,272.2607558351084
7504,274.7808054705969
7505,289.3649085356647
7506,275.4768209185323
7507,305.57467597150554
7508,286.40915423416163
7509,322.83034301201843
7510,365.7145079291066
7511,359.81505214717833
7512,409.6301967367764
7513,322.8648859488441
7514,328.0033240816066
7515,299.8369369198458
7516,-0.0
7517,-0.0
7518,-0.0
7519,-0.0
7520,-0.0
7521,-0.0
7522,-0.0
7523,-0.0
7524,-0.0
7525,-0.0
7526,-0.0
7527,-0.0
7528,-0.0
7529,-0.0
7530,-0.0
7531,-0.0
7532,-0.0
7533,-0.0
7534,-0.0
7535,-0.0
7536,-0.0
7537,-0.0
7538,-0.0
7539,-0.0
7540,-0.0
7541,-0.0
7542,-0.0
7543,-0.0
7544,-0.0
7545,-0.0
7546,-0.0
7547,-0.0
7548,-0.0
7549,-0.0
7550,-0.0
7551,-0.0
7552,-0.0
7553,-0.0
7554,-0.0
7555,-0.0
7556,-0.0
7557,-0.0
7558,-0.0
7559,-0.0
7560,241.02177974174208
7561,-0.0
7562,-0.0
7563,-0.0
7564,-0.0
7565,-0.0
7566,-0.0
7567,-0.0
7568,-0.0
7569,-0.0
7570,-0.0
7571,-0.0
7572,-0.0
7573,-0.0
7574,-0.0
7575,40.45965931967066
7576,-0.0
7577,-0.0
7578,-0.0
7579,-0.0
7580,-0.0
7581,-0.0
7582,-0.0
7583,163.91478156056561
7584,142.33539428862315
7585,319.97332269298124
7586,316.2493828980056
7587,273.9436428151492
7588,-0.0
7589,331.86098993888425
7590,280.2512406220051
7591,306.4573066835136
7592,65.1717937128617
7593,299.5231790814677
7594,284.8700988544247
7595,315.4207819117032
7596,212.83908381703017
7597,309.7974203181172
7598,267.90440896858905
7599,313.56467694959
7600,252.52375100982096
7601,304.681958118041
7602,303.82179484794887
7603,300.2191945294031
7604,281.18676682119644
7605,325.4041423822248
7606,389.42534871045257
7607,401.0729720323711
7608,470.5195683443774
7609,430.1308325252762
7610,370.15482543950327
7611,301.1955600764164
7612,321.28199687366583
7613,294.70015783016026
7614,317.13630754936236
7615,311.3857292029927
7616,201.68832115336457
7617,207.28868213230618
7618,234.2715200383907
7619,216.11098547102546
7620,217.0444856527455
7621,216.2853456372305
7622,244.18607791344525
7623,223.41252363438934
7624,205.9773623144548
7625,242.4229391272191
7626,212.73829661638644
7627,246.05441733676298
7628,-0.0
7629,111.75129179109899
7630,162.70023995424856
7631,151.36107986360284
7632,114.76440799050461
7633,187.54863640314423
7634,95.9308339078902
7635,168.25909079657876
7636,-0.0
7637,-0.0
7638,-0.0
7639,-0.0
7640,56.16753938664132
7641,91.36590920342128
7642,102.24904840619969
7643,68.3064225725913
7644,-0.0
7645,-0.0
7646,-0.0
7647,-0.0
7648,142.3379445731623
7649,-0.0
7650,-0.0
7651,-0.0
7652,637.1335775904228
7653,284.59162084297304
7654,124.79395985808367
7655,116.2779685305741
7656,800.0
7657,285.34740358176936
7658,143.02920915257926
7659,111.28639048852102
7660,397.7933232545135
7661,326.59678647977495
7662,361.93364379323367
7663,322.71675204101757
7664,210.13507862830264
7665,362.4992742867816
7666,306.35996012131073
7667,384.3607480344781
7668,103.99409705158095
7669,368.65077744985587
7670,372.07430719193366
7671,478.1201181084738
7672,155.4098283557226
7673,338.18621957480127
7674,307.4853191500948
7675,312.1848844152388
7676,231.01722553149838
7677,304.44244736678513
7678,256.4930788324062
7679,461.02989586264613
7680,73.39056787103542
7681,472.118299140099
7682,453.7899400582028
7683,526.6148009145479
7684,166.64206323347935
7685,296.812788125616
7686,381.2425133220692
7687,316.1194817524304
7688,237.22111569098556
7689,327.0459377917059
7690,287.22868506054823
7691,306.49793912721907
7692,220.16881681411365
7693,336.8524282697389
7694,261.12364225361694
7695,315.95214104671163
7696,340.12622445320096
7697,295.47045983336636
7698,271.5534696432778
7699,251.01990992429003
7700,310.3811664495385
7701,433.11034815493167
7702,350.0411162525178
7703,492.1978472523429
7704,661.6408346324365
7705,338.50069280806633
7706,367.1691020869833
7707,393.1298048028403
7708,505.8090427127297
7709,214.44698321054003
7710,154.9387268833837
7711,268.43561027343725
7712,159.8676298789035
7713,164.2897610238359
7714,159.61636457494023
7715,224.13049817845027
7716,-0.0
7717,-0.0
7718,-0.0
7719,96.61108099869
7720,108.38061611789857
7721,305.4898450980818
7722,334.36620284446485
7723,269.7916537481251
7724,16.679579882308758
7725,277.9993642115002
7726,285.7214850381011
7727,293.98940394520946
7728,301.3975043923631
7729,315.27388682070426
7730,140.8691221561027
7731,292.5404705682501
7732,217.1186874212467
7733,305.02967345981574
7734,240.03702684456442
7735,405.2040750443267
7736,316.96475460581956
7737,362.19787958995136
7738,303.1285208123716
7739,421.8355532538706
7740,387.324618951939
7741,325.1690715545525
7742,189.432740850826
7743,292.73023744255875
7744,334.61843186573753
7745,285.1187372077266
7746,212.57131047159305
7747,199.73907154854115
7748,447.35893938443485
7749,277.8446144780689
7750,-0.0
7751,128.39875824290766
7752,800.0
7753,315.0560390068291
7754,228.61413888643915
7755,208.25964974391937
7756,515.9555252331296
7757,359.24088466644315
7758,372.32066283716773
7759,340.04060776174737
7760,165.91013369771164
7761,350.46455787505454
7762,349.4686408649916
7763,326.99773597843773
7764,-0.0
7765,361.9015977006316
7766,408.69039291202057
7767,490.4525354983489
7768,-0.0
7769,283.9008344694224
7770,332.4158334973493
7771,408.9817574869608
7772,-0.0
7773,313.44650567476407
7774,404.12024498363957
7775,408.25688882998537
7776,126.16676778725818
7777,450.08631648507986
7778,303.6833320332283
7779,364.6029431785256
7780,119.98316916766564
7781,214.24504516762974
7782,260.58103705667156
7783,367.4378418124111
7784,147.95604680745944
7785,281.85929784567526
7786,258.81690987117787
7787,313.4780679585538
7788,255.02080003066504
7789,285.70726150987247
7790,249.69468028837298
7791,291.6887642563945
7792,218.23200481927609
7793,291.35679191970684
7794,296.64454077022395
7795,306.23195195606104
7796,516.4450996008629
7797,363.07392557632903
7798,311.9933594924371
7799,338.6586393253749
7800,504.28175553680325
7801,374.0564924281905
7802,371.03122779198384
7803,413.23964599459555
7804,335.84123826731803
7805,103.98692660151428
7806,45.93967833220398
7807,149.7770957280905
7808,127.28669948329843
7809,18.957156798963624
7810,7.450656002599189
7811,112.14015880824475
7812,157.49259877892905
7813,215.63475138091113
7814,251.34945291275176
7815,226.2773350514849
7816,-0.0
7817,-0.0
7818,-0.0
7819,-0.0
7820,-0.0
7821,-0.0
7822,-0.0
7823,-0.0
7824,-0.0
7825,-0.0
7826,-0.0
7827,-0.0
7828,-0.0
7829,-0.0
7830,-0.0
7831,-0.0
7832,-0.0
7833,-0.0
7834,-0.0
7835,-0.0
7836,-0.0
7837,-0.0
7838,-0.0
7839,-0.0
7840,-0.0
7841,-0.0
7842,-0.0
7843,-0.0
7844,39.367995253214076
7845,-0.0
7846,-0.0
7847,-0.0
7848,-0.0
7849,-0.0
7850,-0.0
7851,-0.0
7852,-0.0
7853,-0.0
7854,-0.0
7855,-0.0
7856,-0.0
7857,-0.0
7858,-0.0
7859,256.69251799051847
7860,-0.0
7861,341.62196299644063
7862,426.84824308659415
7863,372.04862218449756
7864,48.58775408537679
7865,312.3238557207298
7866,245.09345388501447
7867,241.4390244247424
7868,83.89624199860776
7869,328.39733624387134
7870,217.12913791436603
7871,385.7314704089136
7872,-0.0
7873,272.4687043025745
7874,294.86422157807107
7875,383.4509068427228
7876,190.61407544885625
7877,325.6287056972112
7878,271.61122542527403
7879,366.2601451511303
7880,204.59464933337853
7881,314.6530802270429
7882,263.69557039474796
7883,338.7576779807867
7884,230.82103161673967
7885,355.78968531776394
7886,268.11233275409705
7887,242.52691921142488
7888,276.0279877846231
7889,266.82771087992734
7890,268.06047893041267
7891,311.80105825486675
7892,373.5556067896743
7893,344.37934748116373
7894,322.81023060799015
7895,392.7055462424904
7896,295.41205434834416
7897,319.8362666986
7898,234.82652142701605
7899,286.1141080442239
7900,-0.0
7901,-0.0
7902,-0.0
7903,-0.0
7904,-0.0
7905,-0.0
7906,-0.0
7907,-0.0
7908,-0.0
7909,-0.0
7910,-0.0
7911,-0.0
7912,-0.0
7913,-0.0
7914,-0.0
7915,-0.0
7916,-0.0
7917,-0.0
7918,-0.0
7919,-0.0
7920,-0.0
7921,-0.0
7922,-0.0
7923,-0.0
7924,-0.0
7925,-0.0
7926,-0.0
7927,-0.0
7928,-0.0
7929,-0.0
7930,-0.0
7931,-0.0
7932,-0.0
7933,-0.0
7934,-0.0
7935,-0.0
7936,-0.0
7937,-0.0
7938,-0.0
7939,-0.0
7940,-0.0
7941,-0.0
7942,-0.0
7943,-0.0
7944,560.6068232672083
7945,-0.0
7946,-0.0
7947,-0.0
7948,-0.0
7949,-0.0
7950,-0.0
7951,-0.0
7952,-0.0
7953,-0.0
7954,-0.0
7955,-0.0
7956,-0.0
7957,-0.0
7958,-0.0
7959,-0.0
7960,-0.0
7961,-0.0
7962,-0.0
7963,-0.0
7964,-0.0
7965,-0.0
7966,-0.0
7967,-0.0
7968,-0.0
7969,199.2131036138623
7970,290.92377164648394
7971,291.75824990914
7972,112.5641427867543
7973,279.6364653795226
7974,306.3739152579975
7975,330.09737124416097
7976,149.90463803696252
7977,306.91652045494294
7978,276.8940283310689
7979,287.5462184517368
7980,202.87703186794403
7981,310.6896543627695
7982,282.4510724735134
7983,298.80198711686654
7984,278.2336969124851
7985,287.1131981785139
7986,257.3564103041022
7987,315.2999262440856
7988,308.6982794694977
7989,344.9192682853175
7990,330.28967248173126
7991,399.08247653534556
7992,430.07861446803383
7993,355.7376917828811
7994,307.6557130281771
7995,353.5816605766823
7996,189.7616794471092
7997,163.09307688224865
7998,151.91803993180145
7999,146.10387789099815
8000,-0.0
8001,-0.0
8002,-0.0
8003,-0.0
8004,-0.0
8005,-0.0
8006,-0.0
8007,-0.0
8008,-0.0
8009,-0.0
8010,-0.0
8011,-0.0
8012,-0.0
8013,-0.0
8014,-0.0
8015,-0.0
8016,-0.0
8017,-0.0
8018,-0.0
8019,-0.0
8020,-0.0
8021,-0.0
8022,-0.0
8023,-0.0
8024,-0.0
8025,-0.0
8026,-0.0
8027,-0.0
8028,-0.0
8029,-0.0
8030,-0.0
8031,-0.0
8032,-0.0
8033,-0.0
8034,-0.0
8035,-0.0
8036,105.92251925104347
8037,-0.0
8038,-0.0
8039,-0.0
8040,324.9040147644788
8041,-0.0
8042,-0.0
8043,-0.0
8044,-0.0
8045,-0.0
8046,-0.0
8047,-0.0
8048,-0.0
8049,-0.0
8050,6.939266824202377
8051,349.07611046250713
8052,-0.0
8053,453.05210856412316
8054,416.5456324497169
8055,486.6970334195835
8056,-0.0
8057,323.02794902899836
8058,326.25255109960955
8059,447.88111584798827
8060,207.19325478152825
8061,355.26468726792154
8062,283.69557039474796
8063,354.2019689979047
8064,-0.0
8065,106.2276670889002
8066,367.0657455227883
8067,395.33854940666765
8068,220.78949401490803
8069,305.0401239529351
8070,307.49975809559385
8071,316.8903516386946
8072,114.67148837087265
8073,333.51816722953083
8074,355.313372890002
8075,372.22401606859125
8076,220.91080880937983
8077,297.95309459066954
8078,309.48307981049066
8079,285.9585268138357
8080,135.02329312060078
8081,253.9067117457761
8082,288.4037220109954
8083,347.1555227154284
8084,313.7501332931821
8085,363.87952594798696
8086,329.8828457067148
8087,368.6202074656488
8088,288.1193484592482
8089,258.94845793632095
8090,251.0739191583127
8091,253.05992526600113
8092,-0.0
8093,-0.0
8094,-0.0
8095,-0.0
8096,-0.0
8097,-0.0
8098,-0.0
8099,-0.0
8100,-0.0
8101,-0.0
8102,-0.0
8103,-0.0
8104,-0.0
8105,-0.0
8106,-0.0
8107,-0.0
8108,-0.0
8109,-0.0
8110,-0.0
8111,-0.0
8112,-0.0
8113,-0.0
8114,-0.0
8115,-0.0
8116,-0.0
8117,-0.0
8118,-0.0
8119,-0.0
8120,-0.0
8121,-0.0
8122,-0.0
8123,-0.0
8124,-0.0
8125,-0.0
8126,-0.0
8127,-0.0
8128,-0.0
8129,-0.0
8130,-0.0
8131,-0.0
8132,-0.0
8133,-0.0
8134,-0.0
8135,-0.0
8136,255.44224347542365
8137,-0.0
8138,-0.0
8139,-0.0
8140,-0.0
8141,-0.0
8142,-0.0
8143,-0.0
8144,-0.0
8145,-0.0
8146,-0.0
8147,100.89804837847691
8148,-0.0
8149,-0.0
8150,-0.0
8151,-0.0
8152,-0.0
8153,-0.0
8154,-0.0
8155,-0.0
8156,-0.0
8157,-0.0
8158,-0.0
8159,227.0165065055872
8160,313.8565253333426
8161,401.0602498620392
8162,329.96478570579404
8163,316.3129912743974
8164,120.90425642135793
8165,306.60554954236864
8166,314.4575741510557
8167,381.27407560585897
8168,203.44025427088386
8169,293.7824467316914
8170,299.02550737653235
8171,417.7713894181527
8172,258.3405974434159
8173,259.61665764844025
8174,259.77541200305546
8175,304.3602028503554
8176,291.44330058174256
8177,298.0964998677802
8178,297.89525967929893
8179,343.64391012001977
8180,317.64995078106375
8181,330.3576573441237
8182,416.9304755916297
8183,449.95252266231626
8184,208.5318980132297
8185,365.139154240173
8186,309.1473977312967
8187,228.38925001536435
8188,323.58009383104513
8189,327.95946599416703
8190,321.26214006862716
8191,291.18460123750674
8192,-0.0
8193,-0.0
8194,-0.0
8195,-0.0
8196,-0.0
8197,-0.0
8198,-0.0
8199,-0.0
8200,-0.0
8201,-0.0
8202,-0.0
8203,-0.0
8204,-0.0
8205,-0.0
8206,-0.0
8207,-0.0
8208,-0.0
8209,-0.0
8210,-0.0
8211,-0.0
8212,-0.0
8213,-0.0
8214,-0.0
8215,-0.0
8216,-0.0
8217,-0.0
8218,-0.0
8219,-0.0
8220,-0.0
8221,-0.0
8222,-0.0
8223,-0.0
8224,-0.0
8225,-0.0
8226,-0.0
8227,-0.0
8228,-0.0
8229,-0.0
8230,-0.0
8231,-0.0
8232,-0.0
8233,-0.0
8234,-0.0
8235,-0.0
8236,-0.0
8237,-0.0
8238,-0.0
8239,-0.0
8240,-0.0
8241,-0.0
8242,-0.0
8243,-0.0
8244,-0.0
8245,-0.0
8246,-0.0
8247,-0.0
8248,-0.0
8249,-0.0
8250,-0.0
8251,-0.0
8252,-0.0
8253,-0.0
8254,-0.0
8255,-0.0
8256,-0.0
8257,-0.0
8258,204.80492510594098
8259,299.85834430171735
8260,162.721929523745
8261,304.7311522308919
8262,358.02107945306193
8263,295.44158194236826
8264,224.08897520580615
8265,307.6959520103526
8266,326.9448898551707
8267,574.385123554417
8268,-0.0
8269,256.8742205999866
8270,248.13584185951186
8271,308.9894869907851
8272,289.5498563884864
8273,335.69373479258826
8274,383.26743509829606
8275,351.54442416532015
8276,302.07948467466105
8277,363.2501367203881
8278,337.7611007870515
8279,344.0377841429064
8280,310.3825890528828
8281,314.04259760034586
8282,307.7145210695873
8283,279.3230621020697
8284,111.0198834371543
8285,120.17900190794873
8286,125.37587743511824
8287,143.39510917275624
8288,94.39242673012212
8289,216.02624448730913
8290,-0.0
8291,106.12911772536417
8292,-0.0
8293,-0.0
8294,-0.0
8295,-0.0
8296,-0.0
8297,-0.0
8298,-0.0
8299,-0.0
8300,-0.0
8301,-0.0
8302,-0.0
8303,-0.0
8304,-0.0
8305,-0.0
8306,-0.0
8307,-0.0
8308,-0.0
8309,-0.0
8310,-0.0
8311,-0.0
8312,-0.0
8313,-0.0
8314,-0.0
8315,-0.0
8316,-0.0
8317,-0.0
8318,-0.0
8319,-0.0
8320,-0.0
8321,-0.0
8322,-0.0
8323,-0.0
8324,-0.0
8325,-0.0
8326,-0.0
8327,-0.0
8328,106.9945295162629
8329,-0.0
8330,-0.0
8331,-0.0
8332,10.255896035349338
8333,-0.0
8334,-0.0
8335,-0.0
8336,-0.0
8337,-0.0
8338,-0.0
8339,-0.0
8340,-0.0
8341,-0.0
8342,-0.0
8343,-0.0
8344,-0.0
8345,-0.0
8346,-0.0
8347,-0.0
8348,-0.0
8349,-0.0
8350,-0.0
8351,-0.0
8352,-0.0
8353,-0.0
8354,45.82215643023602
8355,277.2548785587547
8356,182.61768870364767
8357,352.9317860692341
8358,306.2151115394661
8359,321.6824031712285
8360,245.11057722330517
8361,298.50742965836423
8362,246.71863444697527
8363,373.67377806450025
8364,341.462700151055
8365,322.3062485736268
8366,285.07804732189084
8367,362.1582317901782
8368,223.22929574452633
8369,381.17133557611476
8370,390.02616881624834
8371,405.43253646441065
8372,430.1609796205527
8373,433.02744053822795
8374,364.9021449470268
8375,380.7050609258931
8376,229.94080254235485
8377,376.22293132658876
8378,214.46180572180123
8379,155.07805707267875
8380,-0.0
8381,-0.0
8382,-0.0
8383,-0.0
8384,-0.0
8385,-0.0
8386,-0.0
8387,-0.0
8388,-0.0
8389,-0.0
8390,-0.0
8391,-0.0
8392,-0.0
8393,-0.0
8394,-0.0
8395,-0.0
8396,-0.0
8397,-0.0
8398,-0.0
8399,-0.0
8400,-0.0
8401,-0.0
8402,-0.0
8403,-0.0
8404,-0.0
8405,-0.0
8406,-0.0
8407,-0.0
8408,-0.0
8409,-0.0
8410,-0.0
8411,-0.0
8412,-0.0
8413,-0.0
8414,-0.0
8415,-0.0
8416,-0.0
8417,-0.0
8418,-0.0
8419,-0.0
8420,249.4400700911035
8421,-0.0
8422,-0.0
8423,-0.0
8424,315.2188637628758
8425,-0.0
8426,-0.0
8427,-0.0
8428,29.74533693100591
8429,-0.0
8430,-0.0
8431,-0.0
8432,-0.0
8433,-0.0
8434,-0.0
8435,-0.0
8436,-0.0
8437,-0.0
8438,-0.0
8439,133.91641875678908
8440,-0.0
8441,-0.0
8442,-0.0
8443,-0.0
8444,-0.0
8445,-0.0
8446,273.2416506975885
8447,446.61361731210934
8448,248.5201765106543
8449,321.8614737476965
8450,242.46379464384535
8451,307.0292982622275
8452,119.51858661065299
8453,278.1385262523035
8454,269.229613922548
8455,309.3590559412691
8456,-0.0
8457,307.3297329970835
8458,197.58564261104567
8459,305.8109938391994
8460,101.44737010907372
8461,215.97444186772975
8462,136.10045033611664
8463,260.768693984243
8464,267.8273539462809
8465,300.63876815670966
8466,198.38149771111966
8467,313.76017107072244
8468,387.73068249574624
8469,372.15702350578147
8470,283.6894771335802
8471,372.45477384784584
8472,411.2906639662435
8473,190.48632371816655
8474,117.79187249816704
8475,102.20055699718301
8476,-0.0
8477,-0.0
8478,-0.0
8479,-0.0
8480,-0.0
8481,-0.0
8482,-0.0
8483,-0.0
8484,-0.0
8485,-0.0
8486,-0.0
8487,-0.0
8488,-0.0
8489,-0.0
8490,-0.0
8491,-0.0
8492,-0.0
8493,-0.0
8494,-0.0
8495,-0.0
8496,-0.0
8497,-0.0
8498,-0.0
8499,-0.0
8500,-0.0
8501,-0.0
8502,-0.0
8503,-0.0
8504,-0.0
8505,-0.0
8506,-0.0
8507,-0.0
8508,-0.0
8509,-0.0
8510,-0.0
8511,-0.0
8512,-0.0
8513,-0.0
8514,-0.0
8515,-0.0
8516,-0.0
8517,-0.0
8518,-0.0
8519,-0.0
8520,-0.0
8521,-0.0
8522,-0.0
8523,-0.0
8524,200.34487223126268
8525,-0.0
8526,-0.0
8527,-0.0
8528,-0.0
8529,-0.0
8530,-0.0
8531,-0.0
8532,-0.0
8533,-0.0
8534,-0.0
8535,-0.0
8536,-0.0
8537,-0.0
8538,-0.0
8539,-0.0
8540,-0.0
8541,-0.0
8542,218.1244012926175
8543,435.1445313939302
8544,-0.0
8545,242.98610830089612
8546,423.35205949016694
8547,348.858725917322
8548,36.69104136151617
8549,266.5999546813789
8550,218.01815439349815
8551,302.9359465704207
8552,262.2553870495251
8553,284.91070661617215
8554,236.53417040296586
8555,318.3946518510797
8556,141.34264548016415
8557,252.99737904479124
8558,282.1741468440722
8559,275.13626223074124
8560,211.04172693649588
8561,307.90489277740136
8562,299.53691823334043
8563,340.2720653346283
8564,427.2250083681739
8565,399.4514928447428
8566,256.5442081805062
8567,401.8218336035737
8568,533.7113908085378
8569,249.07231755736595
8570,67.12085063221531
8571,108.63591309772508
8572,-0.0
8573,-0.0
8574,-0.0
8575,-0.0
8576,-0.0
8577,-0.0
8578,-0.0
8579,-0.0
8580,-0.0
8581,-0.0
8582,-0.0
8583,-0.0
8584,-0.0
8585,-0.0
8586,-0.0
8587,-0.0
8588,-0.0
8589,-0.0
8590,-0.0
8591,-0.0
8592,-0.0
8593,-0.0
8594,-0.0
8595,-0.0
8596,-0.0
8597,-0.0
8598,-0.0
8599,-0.0
8600,-0.0
8601,-0.0
8602,-0.0
8603,-0.0
8604,-0.0
8605,-0.0
8606,-0.0
8607,-0.0
8608,-0.0
8609,-0.0
8610,-0.0
8611,-0.0
8612,-0.0
8613,-0.0
8614,-0.0
8615,-0.0
8616,6.177975588624236
8617,-0.0
8618,-0.0
8619,-0.0
8620,130.4361502142558
8621,-0.0
8622,-0.0
8623,-0.0
8624,-0.0
8625,-0.0
8626,-0.0
8627,-0.0
8628,-0.0
8629,-0.0
8630,-0.0
8631,-0.0
8632,-0.0
8633,-0.0
8634,-0.0
8635,-0.0
8636,-0.0
8637,-0.0
8638,-0.0
8639,-0.0
8640,-0.0
8641,224.0613649370813
8642,287.9477011231281
8643,291.8448589001762
8644,76.10729523009485
8645,323.89984216983976
8646,324.32698516670894
8647,348.10817225291044
8648,238.33571246664485
8649,371.09548883820327
8650,357.35759390654084
8651,349.19340732875935
8652,191.14545926582275
8653,334.51144921071835
8654,316.6828869800408
8655,312.4104400298079
8656,292.5093120643219
8657,336.40059256501627
8658,369.4835636193029
8659,330.613591640044
8660,470.04255749214843
8661,406.3829607359552
8662,371.96668218541834
8663,452.30664510873333
8664,450.9549536577169
8665,276.4304238549923
8666,299.70373622964206
8667,328.9635960658412
8668,-0.0
8669,-0.0
8670,-0.0
8671,-0.0
8672,-0.0
8673,-0.0
8674,-0.0
8675,-0.0
8676,-0.0
8677,-0.0
8678,-0.0
8679,-0.0
8680,-0.0
8681,-0.0
8682,-0.0
8683,-0.0
8684,-0.0
8685,-0.0
8686,-0.0
8687,-0.0
8688,-0.0
8689,-0.0
8690,-0.0
8691,-0.0
8692,-0.0
8693,-0.0
8694,-0.0
8695,-0.0
8696,-0.0
8697,-0.0
8698,-0.0
8699,-0.0
8700,-0.0
8701,-0.0
8702,-0.0
8703,-0.0
8704,-0.0
8705,-0.0
8706,-0.0
8707,-0.0
8708,80.05708800596176
8709,-0.0
8710,-0.0
8711,-0.0
8712,103.54263037395731
8713,-0.0
8714,-0.0
8715,-0.0
8716,166.17985898468908
8717,-0.0
8718,-0.0
8719,-0.0
8720,-0.0
8721,-0.0
8722,-0.0
8723,-0.0
8724,-0.0
8725,-0.0
8726,-0.0
8727,57.74239878788262
8728,-0.0
8729,-0.0
8730,-0.0
8731,-0.0
8732,-0.0
8733,-0.0
8734,-0.0
8735,-0.0
8736,-0.0
8737,-0.0
8738,-0.0
8739,-0.0
8740,-0.0
8741,-0.0
8742,224.71596742672375
8743,351.29168275296195
8744,238.4619369198458
8745,321.55787081123657
8746,226.50480870315545
8747,305.960702715857
8748,216.52241585025845
8749,244.33653913543696
8750,268.20431053071655
8751,288.048240568893
8752,244.75831334672287
8753,297.88997002309003
8754,374.4575741510557
8755,327.0621698496402
8756,352.92102381610937
8757,321.8955806579043
8758,347.88677713952796
8759,347.2251688249675
8760,382.80644589807935
8761,336.1323416838032
8762,251.13381779219816
8763,270.6457508117288
8764,218.55911589679653
8765,178.8227114414596
8766,184.41448606929777
8767,190.0730866390479
8768,-0.0
8769,-0.0
8770,-0.0
8771,-0.0
8772,-0.0
8773,31.22832607621752
8774,61.52577381720998
8775,56.131951956061044
8776,-0.0
8777,-0.0
8778,-0.0
8779,-0.0
8780,-0.0
8781,-0.0
8782,-0.0
8783,-0.0
8784,-0.0
8785,-0.0
8786,-0.0
8787,-0.0
8788,-0.0
8789,-0.0
8790,-0.0
8791,-0.0
8792,-0.0
8793,-0.0
8794,-0.0
8795,-0.0
8796,-0.0
8797,-0.0
8798,-0.0
8799,-0.0
8800,-0.0
8801,-0.0
8802,-0.0
8803,-0.0
8804,-0.0
8805,-0.0
8806,-0.0
8807,-0.0
8808,519.7402742299921
8809,-0.0
8810,-0.0
8811,-0.0
8812,354.5759351049795
8813,-0.0
8814,-0.0
8815,-0.0
8816,-0.0
8817,-0.0
8818,-0.0
8819,-0.0
8820,-0.0
8821,220.43195620597106
8822,370.6095688486562
8823,438.16391875378315
8824,110.55196786281752
8825,285.10890175259357
8826,278.6179941347571
8827,385.44888313152825
8828,200.5125437035087
8829,277.93058994901867
8830,281.95322538947147
8831,363.49018839547904
8832,206.6929494395392
8833,278.1707786577801
8834,345.1150964601105
8835,352.7612524799533
8836,171.69074885555983
8837,274.35803822140196
8838,279.21305618438737
8839,334.9615793992208
8840,226.02581188260186
8841,286.47717352963497
8842,274.6001184733949
8843,322.8857848399453
8844,230.32708735991662
8845,276.02205325176595
8846,278.7997600630984
8847,347.3422044043599
8848,239.27341456785746
8849,331.77696965951026
8850,332.82904603948987
8851,329.1917152355504
8852,325.6756992260827
8853,343.1656838037368
8854,342.48851203365683
8855,336.41512879843407
8856,242.22688198447673
8857,245.49787374867384
8858,201.93562254192628
8859,219.832223997542
8860,-0.0
8861,-0.0
8862,-0.0
8863,-0.0
8864,-0.0
8865,-0.0
8866,-0.0
8867,-0.0
8868,-0.0
8869,-0.0
8870,-0.0
8871,-0.0
8872,-0.0
8873,-0.0
8874,-0.0
8875,-0.0
8876,-0.0
8877,-0.0
8878,-0.0
8879,-0.0
8880,-0.0
8881,-0.0
8882,-0.0
8883,-0.0
8884,-0.0
8885,-0.0
8886,-0.0
8887,-0.0
8888,-0.0
8889,-0.0
8890,-0.0
8891,-0.0
8892,-0.0
8893,-0.0
8894,-0.0
8895,-0.0
8896,-0.0
8897,-0.0
8898,-0.0
8899,-0.0
8900,-0.0
8901,-0.0
8902,-0.0
8903,-0.0
8904,42.65949117117884
8905,-0.0
8906,-0.0
8907,-0.0
8908,124.72472820319683
8909,-0.0
8910,-0.0
8911,-0.0
8912,-0.0
8913,-0.0
8914,-0.0
8915,-0.0
8916,-0.0
8917,-0.0
8918,-0.0
8919,-0.0
8920,-0.0
8921,-0.0
8922,-0.0
8923,-0.0
8924,-0.0
8925,-0.0
8926,-0.0
8927,-0.0
8928,-0.0
8929,-0.0
8930,-0.0
8931,-0.0
8932,-0.0
8933,-0.0
8934,-0.0
8935,180.1377196967599
8936,246.27335113027456
8937,278.5775882926497
8938,277.0715319723596
8939,284.0269219907845
8940,269.8702916191295
8941,345.174401584511
8942,288.6427242714809
8943,313.17765790565596
8944,287.47675748094946
8945,316.6016467745879
8946,351.80103357290864
8947,377.75588369437
8948,349.8375442710523
8949,404.3259928671263
8950,327.89533880867333
8951,373.7432390352876
8952,281.66291946864055
8953,260.2895127014134
8954,276.88849976516775
8955,288.5339471850651
8956,155.1661246206917
8957,142.84546178352394
8958,131.54371657106356
8959,146.30103761820376
8960,213.36257732118435
8961,57.30917235312343
8962,113.24588215475335
8963,-0.0
8964,93.18386506097681
8965,76.77253492479393
8966,100.49328183620756
8967,192.54091172112246
8968,35.53800492550046
8969,167.02375891088192
8970,187.2237922831469
8971,149.60908047824725
8972,106.59368993894785
8973,115.11826761756089
8974,135.08302864139682
8975,113.11465436276946
8976,-0.0
8977,77.3673073302615
8978,84.08396596175228
8979,189.47408908228033
8980,23.885169120564854
8981,366.3640259823932
8982,-0.0
8983,162.8408815658815
8984,102.32001087986373
8985,116.12148950595986
8986,90.51307534864328
8987,46.706203255005725
8988,-0.0
8989,6.166434430539489
8990,7.263399377137702
8991,62.8542063873513
8992,-0.0
8993,-0.0
8994,-0.0
8995,-0.0
8996,362.9930980864552
8997,142.8906258807092
8998,-0.0
8999,142.6078229749143
9000,552.449279177204
9001,296.0857435666193
9002,89.71848189974412
9003,166.93125190639836
9004,603.3197208916085
9005,271.06591115357884
9006,227.30823317279214
9007,84.89757715817024
9008,316.8732283004039
9009,393.2285194297576
9010,289.31303003002216
9011,373.540684035363
9012,189.71330441701673
9013,300.190316638405
9014,391.5654401807992
9015,389.75533644797486
9016,-0.0
9017,289.4315669967006
9018,273.73267876686447
9019,444.381739367999
9020,141.62146151560194
9021,283.9959209789716
9022,484.28557640823476
9023,416.35072438345026
9024,-0.0
9025,279.48305512853256
9026,326.51529032028395
9027,457.65392689321163
9028,143.40031314261932
9029,275.1876569275715
9030,281.6344286328033
9031,388.28597660391483
9032,176.95055114671032
9033,389.54151070415503
9034,252.68780526681326
9035,278.1898715852175
9036,285.44158194236826
9037,289.1077906373058
9038,283.7987942333045
9039,296.45462229072194
9040,171.2753357294399
9041,314.68548979366346
9042,338.6353037659437
9043,323.9057898796124
9044,322.2594903584916
9045,342.629634559211
9046,348.2968214800646
9047,400.3972974882465
9048,393.02672709349855
9049,367.6145068509407
9050,362.61769973450276
9051,332.6871607052901
9052,253.27871169266393
9053,290.32462480241173
9054,271.2863198178514
9055,294.1009269118422
9056,341.11674619054486
9057,293.94946892240904
9058,245.055504028923
9059,260.6788409405509
9060,92.5946228462428
9061,163.1966759183934
9062,108.46603217827193
9063,161.2422074125366
9064,-0.0
9065,173.62791194238733
9066,185.55808752873355
9067,196.34860688733136
9068,114.95535891279866
9069,122.83692721147126
9070,82.66024055573814
9071,80.46103987777099
9072,-0.0
9073,-0.0
9074,-0.0
9075,-0.0
9076,-0.0
9077,-0.0
9078,-0.0
9079,-0.0
9080,-0.0
9081,-0.0
9082,-0.0
9083,-0.0
9084,-0.0
9085,-0.0
9086,-0.0
9087,-0.0
9088,-0.0
9089,-0.0
9090,-0.0
9091,-0.0
9092,-0.0
9093,-0.0
9094,-0.0
9095,-0.0
9096,548.5092525868235
9097,226.80572724682372
9098,273.5715465255264
9099,141.88525067710955
9100,384.9375999080049
9101,216.2775363134193
9102,137.3674403812252
9103,61.546217461629624
9104,343.78387147899315
9105,280.75962382432726
9106,310.4528280043053
9107,321.2205050070075
9108,234.69789785389312
9109,277.5606573972359
9110,343.55241390611224
9111,343.60160801896313
9112,258.1556495905942
9113,410.6208685036503
9114,270.7505536644115
9115,367.77520761664016
9116,44.08658331897087
9117,293.3193136039386
9118,347.4667197034091
9119,680.0669160416674
9120,11.027072006182777
9121,223.90987994738003
9122,225.35011265651914
9123,282.8317304322815
9124,98.78515628453218
9125,267.8493622613426
9126,286.7288882093296
9127,292.48212626653276
9128,228.1272801903665
9129,296.3071139980437
9130,320.4464669191393
9131,271.9341276020459
9132,117.11619975922005
9133,241.98112113091742
9134,240.02080003066504
9135,261.7063960854556
9136,218.34427413579022
9137,272.11689955284635
9138,193.7445485227848
9139,242.38407991070363
9140,347.31897074395874
9141,252.17879115407106
9142,179.16363834127904
9143,229.4951021871963
9144,379.0334289435068
9145,159.5408963673886
9146,30.8915950259277
9147,163.39156910633557
9148,-0.0
9149,-0.0
9150,-0.0
9151,-0.0
9152,-0.0
9153,-0.0
9154,-0.0
9155,-0.0
9156,-0.0
9157,-0.0
9158,-0.0
9159,-0.0
9160,-0.0
9161,-0.0
9162,-0.0
9163,-0.0
9164,-0.0
9165,-0.0
9166,-0.0
9167,-0.0
9168,-0.0
9169,223.9371278001381
9170,102.51651151922545
9171,227.937993224555
9172,-0.0
9173,-0.0
9174,164.31868157077398
9175,261.10650916453835
9176,-0.0
9177,-0.0
9178,-0.0
9179,-0.0
9180,-0.0
9181,-0.0
9182,-0.0
9183,0.43693496968821144
9184,326.8460483530875
9185,223.31440979568214
9186,142.25955340118443
9187,159.6523862838893
9188,537.8576442605643
9189,208.55422003845433
9190,80.18506189195483
9191,8.976770564508882
9192,543.1805582832617
9193,213.04265579849562
9194,70.41548964726229
9195,-0.0
9196,493.71242590904046
9197,123.72254020772306
9198,109.84569865252772
9199,-0.0
9200,174.48654051805093
9201,257.52742770219527
9202,283.45925252705416
9203,220.0683020503069
9204,-0.0
9205,217.3691324744342
9206,265.3645269200601
9207,310.96708848298107
9208,28.83899470738197
9209,254.0799050458904
9210,235.48905928005203
9211,288.3689668436436
9212,111.90019811337899
9213,273.85434943132134
9214,249.31939111518815
9215,349.86591367128005
9216,166.49772314240505
9217,277.5088035735515
9218,204.37226192041334
9219,273.3315519654583
9220,-0.0
9221,225.59010721658728
9222,308.41177518937036
9223,277.6820215556239
9224,92.95703910704208
9225,316.84115752584376
9226,257.56116588800626
9227,301.80693553122046
9228,254.44343966636782
9229,324.3756707887894
9230,343.2551967367764
9231,302.5200496354885
9232,280.2314328909228
9233,349.68512631964495
9234,340.5580364420271
9235,361.5331781033832
9236,456.71294847347747
9237,356.8795893855699
9238,365.99057290643776
9239,400.75057834636965
9240,543.2847213021494
9241,332.46008951417775
9242,138.4482458518221
9243,317.19491843744396
9244,218.67087825443818
9245,90.68286187551905
9246,82.48171954640642
9247,80.59088409889955
9248,244.6830389597283
9249,139.61873078971018
9250,162.5429228074235
9251,219.65150135789668
9252,-0.0
9253,-0.0
9254,90.16276220602393
9255,84.22135873047893
9256,45.08558250623432
9257,483.93102592326966
9258,243.15065390746162
9259,538.4429589428003
9260,452.11448468668374
9261,470.7721563944341
9262,313.7169571399565
9263,296.1242289681605
9264,-0.0
9265,13.047473437368602
9266,-0.0
9267,50.22868116023307
9268,-0.0
9269,53.20873956842503
9270,74.40039136639253
9271,367.78372063439286
9272,40.0341394479714
9273,109.42910947707279
9274,83.32358286132921
9275,157.2598476097716
9276,201.46088256529424
9277,207.16816875712482
9278,208.20152532733124
9279,248.91954909032842
9280,310.2371174818066
9281,287.69404254971556
9282,238.12537072972947
9283,316.7323475342759
9284,399.30011964207904
9285,120.3015066408258
9286,146.06330636717433
9287,240.7582026403613
9288,766.2793678702999
9289,334.21519965900706
9290,148.58944617858577
9291,196.5185231730701
9292,463.857249808927
9293,292.33928696581154
9294,249.74755109359813
9295,107.71803684655666
9296,356.47762290536633
9297,325.1619719201354
9298,285.3875275347045
9299,266.4646847502204
9300,13.498944510361184
9301,402.5645747563824
9302,322.0549832696635
9303,412.97996320054415
9304,72.34277235532994
9305,317.84297649421853
9306,229.65458101739597
9307,362.1721622449069
9308,-0.0
9309,383.8951731778827
9310,338.84699604657266
9311,399.6858507952294
9312,-0.0
9313,252.5034347879682
9314,291.07935779949526
9315,322.2046921463212
9316,52.83937632298654
9317,314.36123184329034
9318,277.5173652426968
9319,346.3178762511684
9320,3.648678068976949
9321,348.9998978067923
9322,233.0118179902903
9323,336.4424086111604
9324,151.50091602596711
9325,272.3356102734372
9326,291.48512473832267
9327,313.7412139011375
9328,289.82409762513595
9329,326.7188195602238
9330,382.3593277172149
9331,394.8395393228957
9332,353.71857100939235
9333,372.8043785652385
9334,379.23469507348085
9335,490.9908322268367
9336,467.17604070344856
9337,242.36224867985115
9338,73.81450376569592
9339,211.94415116093958
9340,-0.0
9341,-0.0
9342,-0.0
9343,-0.0
9344,-0.0
9345,-0.0
9346,-0.0
9347,-0.0
9348,-0.0
9349,-0.0
9350,-0.0
9351,-0.0
9352,-0.0
9353,-0.0
9354,-0.0
9355,-0.0
9356,-0.0
9357,-0.0
9358,-0.0
9359,-0.0
9360,-0.0
9361,-0.0
9362,-0.0
9363,-0.0
9364,-0.0
9365,-0.0
9366,-0.0
9367,-0.0
9368,-0.0
9369,-0.0
9370,-0.0
9371,-0.0
9372,-0.0
9373,-0.0
9374,-0.0
9375,-0.0
9376,-0.0
9377,-0.0
9378,-0.0
9379,-0.0
9380,-0.0
9381,-0.0
9382,-0.0
9383,-0.0
9384,247.01554553174185
9385,-0.0
9386,-0.0
9387,-0.0
9388,179.467610304838
9389,-0.0
9390,-0.0
9391,-0.0
9392,-0.0
9393,-0.0
9394,-0.0
9395,-0.0
9396,-0.0
9397,-0.0
9398,-0.0
9399,-0.0
9400,-0.0
9401,-0.0
9402,-0.0
9403,-0.0
9404,-0.0
9405,-0.0
9406,-0.0
9407,96.15100577564908
9408,-0.0
9409,-0.0
9410,-0.0
9411,-0.0
9412,56.390816299719404
9413,269.1660055461562
9414,384.52167829111454
9415,346.0468032161228
9416,55.16910932007002
9417,297.01094456298597
9418,300.52939906786895
9419,355.1049641075715
9420,254.38302417353805
9421,308.2358728145063
9422,320.15827054580296
9423,322.84297649421853
9424,308.27967345981574
9425,401.0671194379755
9426,410.78480034099294
9427,408.2759967674414
9428,423.5042614567603
9429,423.0717496743078
9430,318.6019005249195
9431,440.22238741296513
9432,430.0074031712285
9433,400.70390242797623
9434,363.67460416574875
9435,401.65652728350017
9436,-0.0
9437,-0.0
9438,-0.0
9439,-0.0
9440,-0.0
9441,-0.0
9442,-0.0
9443,-0.0
9444,-0.0
9445,-0.0
9446,-0.0
9447,-0.0
9448,-0.0
9449,-0.0
9450,-0.0
9451,-0.0
9452,-0.0
9453,-0.0
9454,-0.0
9455,-0.0
9456,-0.0
9457,-0.0
9458,-0.0
9459,-0.0
9460,-0.0
9461,-0.0
9462,-0.0
9463,-0.0
9464,-0.0
9465,-0.0
9466,-0.0
9467,-0.0
9468,-0.0
9469,-0.0
9470,-0.0
9471,-0.0
9472,-0.0
9473,-0.0
9474,-0.0
9475,-0.0
9476,-0.0
9477,-0.0
9478,-0.0
9479,-0.0
9480,163.98590440953467
9481,-0.0
9482,-0.0
9483,-0.0
9484,203.269088930934
9485,-0.0
9486,-0.0
9487,-0.0
9488,128.34225127605396
9489,-0.0
9490,52.78083064760881
9491,-0.0
9492,-0.0
9493,-0.0
9494,-0.0
9495,239.0844592561341
9496,-0.0
9497,-0.0
9498,-0.0
9499,-0.0
9500,-0.0
9501,177.78008971477104
9502,307.6093677012745
9503,349.31474680518926
9504,68.46005352378091
9505,258.4560596434921
9506,318.7667481407024
9507,286.59359359621294
9508,-0.0
9509,318.1749735128643
9510,263.6870087256026
9511,295.00268439279165
9512,105.37606548795347
9513,288.1380424434912
9514,321.3504308345409
9515,299.56966411956876
9516,263.1818184068425
9517,306.769495971077
9518,327.2196395825906
9519,298.49301539482326
9520,263.90671174577614
9521,314.0045421167912
9522,351.81917389274014
9523,369.68515100160306
9524,311.7966817688661
9525,394.6129809560659
9526,371.9576367074607
9527,380.01712333829073
9528,247.66629276918346
9529,225.7438950378868
9530,225.75833398338585
9531,248.99101391433013
9532,42.400162298019
9533,35.347863421147096
9534,45.56705795055021
9535,14.780057025577912
9536,130.9478659388483
9537,-0.0
9538,-0.0
9539,-0.0
9540,-0.0
9541,-0.0
9542,-0.0
9543,-0.0
9544,-0.0
9545,109.27528917318479
9546,154.15024832242244
9547,119.74253144103099
9548,70.30045285381779
9549,151.90969367992648
9550,139.9958576177752
9551,269.7506855749797
9552,-0.0
9553,-0.0
9554,-0.0
9555,-0.0
9556,-0.0
9557,-0.0
9558,-0.0
9559,103.841846433595
9560,-0.0
9561,16.56940296111361
9562,250.62942375477928
9563,210.57536934711553
9564,147.77388610818068
9565,263.9293066304014
9566,181.17393142680177
9567,273.4904337627829
9568,241.82715721551585
9569,250.66070661617215
9570,227.3211014723389
9571,262.4762038165379
9572,472.12720115152297
9573,249.1235375427081
9574,294.43151696516867
9575,309.6218582855318
9576,616.7843422042461
9577,313.2021346286953
9578,343.5796243858595
9579,275.2784264197943
9580,470.5284069182185
9581,328.82227865676117
9582,217.24242421242099
9583,325.3089717220432
9584,355.3630508116651
9585,410.2321573665072
9586,503.37406780522866
9587,329.69690555431043
9588,88.5696384475034
9589,420.809009240034
9590,478.6370629799412
9591,502.8223924483675
9592,157.16805358290446
9593,316.8673263420921
9594,332.56873525756896
9595,333.6454086642725
9596,206.33846029701942
9597,344.2687455759004
9598,282.99099327766714
9599,363.58716907346405
9600,193.63346280870923
9601,244.1322673603452
9602,314.0527439300594
9603,297.22870974250634
9604,230.9279321476705
9605,361.46221634224275
9606,317.06086054601724
9607,464.55493266811334
9608,-0.0
9609,379.66333398939724
9610,293.65764702579224
9611,352.71527593262266
9612,227.48679525848976
9613,315.90882421021445
9614,237.88508504631898
9615,291.48132427969875
9616,280.0614077924124
9617,304.11415172247183
9618,346.7988823528455
9619,381.8844496803828
9620,352.49975809559385
9621,320.9531333462943
9622,377.7162682322053
9623,396.0067039451458
9624,317.903832572377
9625,337.9840804782472
9626,333.31873720772654
9627,324.86952245821266
9628,386.51792337496715
9629,291.4964235506758
9630,272.31377847504115
9631,249.05809792945246
9632,345.2303259846634
9633,268.407284096693
9634,190.2450574361188
9635,276.16416009064574
9636,227.79882086542017
9637,235.6796960466363
9638,214.86872688939505
9639,213.64771339161717
9640,86.38328029659083
9641,133.36563439386308
9642,183.87568500743606
9643,195.06782061421583
9644,-0.0
9645,-0.0
9646,40.27113437749096
9647,-0.0
9648,-0.0
9649,-0.0
9650,-0.0
9651,-0.0
9652,-0.0
9653,23.20185382368443
9654,21.816208694937608
9655,111.6035912355145
9656,72.60328475843825
9657,136.15253046294654
9658,140.64148754979092
9659,205.36891372439223
9660,-0.0
9661,71.33095940044197
9662,23.358565569460488
9663,26.23946543263474
9664,72.18264702579219
9665,81.8880895672899
9666,-0.0
9667,46.22782158628891
9668,406.9557361825413
9669,314.5932326172713
9670,181.46943781642324
9671,231.32998270212
9672,751.3975144631678
9673,278.228811935714
9674,121.79426520007269
9675,166.74678786238894
9676,453.71559411064436
9677,196.61050094968962
9678,209.98486126087465
9679,245.7087376182674
9680,485.43272776726656
9681,385.6480543014394
9682,386.9615293846491
9683,184.48017943288497
9684,-0.0
9685,284.76636652509785
9686,341.41940799651593
9687,379.49014068928295
9688,117.60743494129335
9689,354.181652776052
9690,256.29686023568934
9691,326.9074749769853
9692,175.6749994324564
9693,302.7162435502472
9694,293.0166782851032
9695,434.2870771985879
9696,84.6057040924596
9697,248.8029794164492
9698,342.51637294311416
9699,358.78336298822273
9700,91.95253574587568
9701,293.26791890710837
9702,276.5187391578841
9703,306.45464697268005
9704,225.85576210213338
9705,322.53400477217525
9706,236.69563383233086
9707,329.33823122864595
9708,244.20714648063213
9709,257.9941861612292
9710,244.62572780835598
9711,289.659465994167
9712,393.716586410227
9713,352.3468563353742
9714,388.64320808029316
9715,376.99773597843773
9716,363.3473401441865
9717,394.3310434746879
9718,365.5210031794464
9719,394.33740455985384
9720,468.53881461041794
9721,167.8262361541464
9722,176.50371559297906
9723,161.7757562456493
9724,247.55176194880823
9725,43.69601293023429
9726,0.8129124830806518
9727,34.56302109430467
9728,107.85341220114765
9729,48.656811988826234
9730,128.7969668967558
9731,137.37390688982364
9732,-0.0
9733,-0.0
9734,-0.0
9735,-0.0
9736,-0.0
9737,-0.0
9738,-0.0
9739,-0.0
9740,-0.0
9741,-0.0
9742,-0.0
9743,-0.0
9744,-0.0
9745,-0.0
9746,-0.0
9747,-0.0
9748,-0.0
9749,-0.0
9750,-0.0
9751,-0.0
9752,-0.0
9753,-0.0
9754,-0.0
9755,-0.0
9756,-0.0
9757,-0.0
9758,-0.0
9759,-0.0
9760,-0.0
9761,-0.0
9762,-0.0
9763,-0.0
9764,-0.0
9765,-0.0
9766,-0.0
9767,-0.0
9768,-0.0
9769,-0.0
9770,-0.0
9771,-0.0
9772,-0.0
9773,-0.0
9774,-0.0
9775,-0.0
9776,-0.0
9777,-0.0
9778,-0.0
9779,-0.0
9780,-0.0
9781,-0.0
9782,181.428801973631
9783,555.3355725079197
9784,-0.0
9785,355.62234461204525
9786,239.2129990750277
9787,226.24549022081726
9788,-0.0
9789,175.26497977387788
9790,254.49848637361424
9791,395.4048421758511
9792,-0.0
9793,292.1361987931583
9794,415.7972546873266
9795,310.69821603191485
9796,111.22178981254655
9797,364.7761364786399
9798,320.8452405157808
9799,298.6833320332283
9800,221.03485736055947
9801,327.1758389372812
9802,298.4379440056187
9803,335.9430708867959
9804,163.44094558632486
9805,303.2717756094816
9806,318.3325635070678
9807,344.990446031272
9808,285.9820112372924
9809,349.6102718813161
9810,390.0721700455372
9811,417.2944940209194
9812,440.303342913092
9813,426.03457265523343
9814,296.67484160229617
9815,406.63688950608855
9816,302.98625630775587
9817,298.36908433543175
9818,285.61866540196974
9819,281.07926234748084
9820,107.22763138671611
9821,77.33510373282436
9822,96.08792141879813
9823,120.83397172204322
9824,-0.0
9825,-0.0
9826,-0.0
9827,-0.0
9828,-0.0
9829,-0.0
9830,-0.0
9831,-0.0
9832,-0.0
9833,-0.0
9834,-0.0
9835,-0.0
9836,-0.0
9837,-0.0
9838,-0.0
9839,-0.0
9840,-0.0
9841,-0.0
9842,-0.0
9843,-0.0
9844,-0.0
9845,-0.0
9846,-0.0
9847,-0.0
9848,-0.0
9849,-0.0
9850,-0.0
9851,-0.0
9852,-0.0
9853,-0.0
9854,-0.0
9855,-0.0
9856,-0.0
9857,-0.0
9858,-0.0
9859,-0.0
9860,-0.0
9861,-0.0
9862,-0.0
9863,-0.0
9864,-0.0
9865,-0.0
9866,-0.0
9867,-0.0
9868,126.17180580631418
9869,-0.0
9870,-0.0
9871,-0.0
9872,-0.0
9873,-0.0
9874,-0.0
9875,-0.0
9876,-0.0
9877,-0.0
9878,530.7183292215893
9879,519.9581074327135
9880,162.74812302195144
9881,352.7355921544754
9882,320.1064167221186
9883,301.128527230388
9884,118.1185025364071
9885,407.20906863232176
9886,363.5032444752195
9887,617.4820497453904
9888,274.89946055423513
9889,352.48432685051216
9890,348.93945763200446
9891,379.25921628913056
9892,110.37606548795347
9893,345.98909679804285
9894,328.6454086642725
9895,384.3313616527096
9896,91.53983169450552
9897,201.69343324835148
9898,282.09609952218136
9899,296.6540090890427
9900,220.02450140499747
9901,275.5259903494251
9902,286.6721494088742
9903,334.80598198726256
9904,337.09559103141095
9905,353.3080428600435
9906,341.3866374283295
9907,389.1660055461562
9908,442.20520900526543
9909,408.0605119805447
9910,297.8261540300581
9911,250.0820248883954
9912,363.72392614387263
9913,130.2551961692328
9914,220.31732843722963
9915,132.55655976608858
9916,-0.0
9917,-0.0
9918,-0.0
9919,-0.0
9920,-0.0
9921,-0.0
9922,-0.0
9923,-0.0
9924,-0.0
9925,-0.0
9926,-0.0
9927,-0.0
9928,-0.0
9929,-0.0
9930,-0.0
9931,-0.0
9932,-0.0
9933,-0.0
9934,-0.0
9935,-0.0
9936,-0.0
9937,-0.0
9938,-0.0
9939,-0.0
9940,-0.0
9941,-0.0
9942,-0.0
9943,-0.0
9944,-0.0
9945,-0.0
9946,-0.0
9947,-0.0
9948,-0.0
9949,-0.0
9950,-0.0
9951,-0.0
9952,-0.0
9953,-0.0
9954,-0.0
9955,-0.0
9956,-0.0
9957,-0.0
9958,-0.0
9959,-0.0
9960,9.44221780335829
9961,-0.0
9962,-0.0
9963,-0.0
9964,124.39643255888348
9965,-0.0
9966,-0.0
9967,-0.0
9968,-0.0
9969,-0.0
9970,-0.0
9971,-0.0
9972,-0.0
9973,-0.0
9974,-0.0
9975,39.082575860069255
9976,-0.0
9977,-0.0
9978,-0.0
9979,-0.0
9980,-0.0
9981,-0.0
9982,-0.0
9983,-0.0
9984,-0.0
9985,-0.0
9986,-0.0
9987,40.59920193920064
9988,90.8122786447384
9989,316.33330749625014
9990,314.2430605684644
9991,311.7288882093296
9992,227.8187675951774
9993,411.01961741833367
9994,209.02428225183095
9995,434.34980880390316
9996,196.97942903770843
9997,298.05453713869474
9998,297.7857538849508
9999,306.09778936359317
10000,346.787358837413
10001,356.65669348183434
10002,406.2065745522788
10003,418.41177518937036
10004,349.26434650307925
10005,424.79894352057545
10006,428.69187111555306
10007,496.37558476438596
10008,244.3458685036503
10009,57.17300646511716
10010,74.20818200369834
10011,45.93486962904858
10012,-0.0
10013,-0.0
10014,-0.0
10015,-0.0
10016,-0.0
10017,-0.0
10018,-0.0
10019,-0.0
10020,-0.0
10021,-0.0
10022,-0.0
10023,-0.0
10024,-0.0
10025,-0.0
10026,-0.0
10027,-0.0
10028,-0.0
10029,-0.0
10030,-0.0
10031,-0.0
10032,-0.0
10033,-0.0
10034,-0.0
10035,-0.0
10036,-0.0
10037,-0.0
10038,-0.0
10039,-0.0
10040,-0.0
10041,-0.0
10042,-0.0
10043,-0.0
10044,-0.0
10045,-0.0
10046,-0.0
10047,-0.0
10048,-0.0
10049,-0.0
10050,-0.0
10051,-0.0
10052,-0.0
10053,-0.0
10054,-0.0
10055,-0.0
10056,-0.0
10057,-0.0
10058,-0.0
10059,-0.0
10060,132.13886960733714
10061,-0.0
10062,-0.0
10063,-0.0
10064,-0.0
10065,-0.0
10066,-0.0
10067,-0.0
10068,-0.0
10069,-0.0
10070,-0.0
10071,5.416850973943838
10072,-0.0
10073,-0.0
10074,-0.0
10075,-0.0
10076,-0.0
10077,-0.0
10078,-0.0
10079,-0.0
10080,-0.0
10081,-0.0
10082,-0.0
10083,151.57986308735852
10084,59.635041110311846
10085,316.5295014110088
10086,291.14028178309536
10087,365.37966565918543
10088,251.04878781528814
10089,340.52448955907204
10090,301.783934916576
10091,271.8710277164245
10092,231.14444228428198
10093,302.809411430051
10094,305.78049575092075
10095,331.8384731330521
10096,304.8732670560287
10097,364.10191336095215
10098,406.7464953564326
10099,382.2372467296936
10100,359.8823352657869
10101,435.75528997128964
10102,452.7644434133578
10103,449.4713233076257
10104,244.20767936340064
10105,333.6454824201869
10106,286.46108181376036
10107,308.17284668479925
10108,134.49074011187295
10109,-0.0
10110,-0.0
10111,32.504949151976426
10112,-0.0
10113,-0.0
10114,-0.0
10115,-0.0
10116,-0.0
10117,-0.0
10118,-0.0
10119,-0.0
10120,-0.0
10121,-0.0
10122,-0.0
10123,-0.0
10124,-0.0
10125,-0.0
10126,-0.0
10127,-0.0
10128,-0.0
10129,-0.0
10130,-0.0
10131,-0.0
10132,-0.0
10133,-0.0
10134,-0.0
10135,-0.0
10136,-0.0
10137,-0.0
10138,-0.0
10139,-0.0
10140,-0.0
10141,-0.0
10142,-0.0
10143,-0.0
10144,-0.0
10145,-0.0
10146,-0.0
10147,-0.0
10148,-0.0
10149,-0.0
10150,-0.0
10151,-0.0
10152,423.1004881016345
10153,-0.0
10154,-0.0
10155,-0.0
10156,94.44342608775491
10157,-0.0
10158,-0.0
10159,-0.0
10160,-0.0
10161,-0.0
10162,308.9965163010186
10163,406.1211738456393
10164,187.4503726798871
10165,476.80664302526407
10166,413.2542044371937
10167,469.43359319168337
10168,-0.0
10169,334.202452806717
10170,353.3417810458545
10171,299.90166113821454
10172,138.7964023464692
10173,238.22561905215198
10174,281.9603211002524
10175,406.4670766370556
10176,-0.0
10177,369.3805557655605
10178,332.2250083681739
10179,336.15370374705367
10180,163.5158000246537
10181,301.54713324006997
10182,315.89440994667353
10183,318.0103171999372
10184,179.53471764936103
10185,239.23014709527652
10186,305.0807689766398
10187,350.54069217117825
10188,259.17776009886364
10189,307.941315356004
10190,289.3445923138119
10191,357.2533777684016
10192,213.04166349891295
10193,343.3539271520406
10194,339.5701726103391
10195,355.63255694830343
10196,355.05846418602334
10197,351.15338161353696
10198,368.94694073422875
10199,351.1072355994909
10200,8.002735215691333
10201,33.002421744955036
10202,22.886910432710028
10203,17.282872696312634
10204,-0.0
10205,-0.0
10206,-0.0
10207,-0.0
10208,-0.0
10209,-0.0
10210,-0.0
10211,-0.0
10212,-0.0
10213,-0.0
10214,-0.0
10215,-0.0
10216,-0.0
10217,-0.0
10218,-0.0
10219,-0.0
10220,-0.0
10221,-0.0
10222,-0.0
10223,-0.0
10224,-0.0
10225,-0.0
10226,-0.0
10227,-0.0
10228,-0.0
10229,-0.0
10230,-0.0
10231,-0.0
10232,-0.0
10233,-0.0
10234,-0.0
10235,-0.0
10236,-0.0
10237,-0.0
10238,-0.0
10239,-0.0
10240,-0.0
10241,-0.0
10242,-0.0
10243,-0.0
10244,-0.0
10245,-0.0
10246,-0.0
10247,-0.0
10248,89.07082130736183
10249,-0.0
10250,-0.0
10251,-0.0
10252,97.68786057140665
10253,-0.0
10254,-0.0
10255,-0.0
10256,-0.0
10257,-0.0
10258,-0.0
10259,-0.0
10260,-0.0
10261,-0.0
10262,-0.0
10263,-0.0
10264,-0.0
10265,-0.0
10266,-0.0
10267,-0.0
10268,-0.0
10269,-0.0
10270,-0.0
10271,39.14227169817167
10272,-0.0
10273,277.74562993201573
10274,219.62033434081457
10275,286.69464153274816
10276,183.6163394704185
10277,281.8448589001762
10278,306.50650079636443
10279,279.0302518061854
10280,223.75697818716037
10281,323.5443607277373
10282,289.4745181413453
10283,327.4848353412825
10284,151.79547348446943
10285,242.7231378081417
10286,300.41270405137016
10287,310.7243848481632
10288,164.11074285409575
10289,264.5594103572144
10290,351.2765440138366
10291,450.7346386105175
10292,171.7157340693696
10293,334.3279774662916
10294,389.65039583425124
10295,391.4573066835136
10296,165.02347605528277
10297,223.61420705922924
10298,264.29857537540806
10299,188.97785644159856
10300,-0.0
10301,-0.0
10302,-0.0
10303,-0.0
10304,-0.0
10305,-0.0
10306,-0.0
10307,-0.0
10308,-0.0
10309,-0.0
10310,-0.0
10311,-0.0
10312,-0.0
10313,-0.0
10314,-0.0
10315,-0.0
10316,-0.0
10317,-0.0
10318,-0.0
10319,-0.0
10320,-0.0
10321,-0.0
10322,-0.0
10323,-0.0
10324,-0.0
10325,-0.0
10326,-0.0
10327,-0.0
10328,-0.0
10329,-0.0
10330,-0.0
10331,-0.0
10332,-0.0
10333,-0.0
10334,-0.0
10335,-0.0
10336,-0.0
10337,-0.0
10338,-0.0
10339,-0.0
10340,-0.0
10341,-0.0
10342,-0.0
10343,-0.0
10344,-0.0
10345,-0.0
10346,-0.0
10347,-0.0
10348,92.21154814364468
10349,-0.0
10350,-0.0
10351,-0.0
10352,-0.0
10353,-0.0
10354,-0.0
10355,-0.0
10356,-0.0
10357,-0.0
10358,49.9751200321345
10359,328.37433562922695
10360,-0.0
10361,331.601671456546
10362,293.8078643932202
10363,332.07210660795425
10364,62.86873802279692
10365,335.0572226092677
10366,282.2954863205021
10367,357.6548357578348
10368,-0.0
10369,353.858725917322
10370,299.61029656327423
10371,347.86866150165457
10372,-0.0
10373,299.12539778440885
10374,302.6066586265247
10375,385.80680865605467
10376,306.02481958301917
10377,372.47847425611656
10378,300.4100196585785
10379,330.8511177921345
10380,302.6269748483775
10381,317.2773706826287
10382,302.4911964264485
10383,338.0680482999753
10384,318.065847715996
10385,383.2358728145063
10386,416.57327737436015
10387,412.0004450531875
10388,481.80084925561266
10389,482.6032814256667
10390,378.19438094183664
10391,463.91726499964676
10392,568.7814398764828
10393,471.6621484368011
10394,367.66005004602937
10395,461.94862803497034
10396,483.69124816308596
10397,274.9306451227355
10398,282.66720489483544
10399,297.14760031253445
10400,432.89845793632094
10401,367.6685011537931
10402,389.0013001592729
10403,374.8732179820724
10404,237.96702252769694
10405,300.53474080372513
10406,245.89339044743153
10407,245.90466119132668
10408,-0.0
10409,193.46295856867724
10410,167.01029216399485
10411,198.8928607142472
10412,-0.0
10413,-0.0
10414,-0.0
10415,-0.0
10416,-0.0
10417,-0.0
10418,-0.0
10419,-0.0
10420,-0.0
10421,-0.0
10422,-0.0
10423,-0.0
10424,-0.0
10425,-0.0
10426,-0.0
10427,-0.0
10428,-0.0
10429,-0.0
10430,-0.0
10431,-0.0
10432,-0.0
10433,-0.0
10434,-0.0
10435,-0.0
10436,13.229612612424262
10437,-0.0
10438,-0.0
10439,-0.0
10440,132.61885872747337
10441,-0.0
10442,-0.0
10443,94.31206926572455
10444,585.0880085782889
10445,305.31855037272936
10446,335.6788921096448
10447,357.4393426027641
10448,322.9364550611911
10449,299.2702463662535
10450,386.94759892992045
10451,356.2493828980056
10452,151.46130056380238
10453,418.26595898990115
10454,442.1048771761407
10455,519.8688140488857
10456,-0.0
10457,299.809683361595
10458,262.0099990219155
10459,404.192898837989
10460,172.15900810494685
10461,350.5448057809248
10462,285.3640431112478
10463,386.3146833676064
10464,84.60887229406353
10465,350.2443957280269
10466,329.4740096505749
10467,385.70846979426915
10468,111.37788445632822
10469,343.1343410691588
10470,290.60352918054554
10471,361.4969468276364
10472,292.26344022790005
10473,331.673816820125
10474,315.2566340895466
10475,306.6540090890427
10476,256.92926730723303
10477,327.0058138387708
10478,318.63416260233555
10479,331.812788125616
10480,300.99642550083337
10481,364.61029656327423
10482,427.2078850298832
10483,444.77662028745215
10484,406.2793538991801
10485,363.63895708684436
10486,299.1952767537044
10487,393.6560557431769
10488,62.5029406608244
10489,65.02618317987496
10490,14.08896488747466
10491,109.19565123841575
10492,-0.0
10493,-0.0
10494,-0.0
10495,-0.0
10496,-0.0
10497,-0.0
10498,-0.0
10499,-0.0
10500,-0.0
10501,-0.0
10502,-0.0
10503,-0.0
10504,-0.0
10505,-0.0
10506,-0.0
10507,-0.0
10508,-0.0
10509,-0.0
10510,-0.0
10511,-0.0
10512,-0.0
10513,-0.0
10514,-0.0
10515,-0.0
10516,-0.0
10517,-0.0
10518,-0.0
10519,-0.0
10520,-0.0
10521,-0.0
10522,-0.0
10523,-0.0
10524,-0.0
10525,-0.0
10526,-0.0
10527,-0.0
10528,-0.0
10529,-0.0
10530,-0.0
10531,-0.0
10532,-0.0
10533,-0.0
10534,-0.0
10535,-0.0
10536,60.82418623973081
10537,-0.0
10538,-0.0
10539,-0.0
10540,59.750221907776904
10541,-0.0
10542,-0.0
10543,-0.0
10544,-0.0
10545,-0.0
10546,-0.0
10547,-0.0
10548,-0.0
10549,-0.0
10550,-0.0
10551,180.80897097946308
10552,-0.0
10553,-0.0
10554,-0.0
10555,-0.0
10556,-0.0
10557,-0.0
10558,-0.0
10559,-0.0
10560,-0.0
10561,-0.0
10562,-0.0
10563,-0.0
10564,140.77844545762827
10565,297.3571630882615
10566,302.4992731891965
10567,294.24189626746727
10568,309.899714055645
10569,308.095749853079
10570,304.73097862548883
10571,364.0373126849777
10572,237.05648406001663
10573,303.80198711686654
10574,300.490751373261
10575,313.17499080581854
10576,323.90303505340177
10577,347.7805750471916
10578,408.66343284167715
10579,417.0001251184392
10580,367.6245942639633
10581,366.90625052378437
10582,403.1674026450465
10583,416.35695195606104
10584,239.28427110676571
10585,201.725203230472
10586,216.28687977051405
10587,210.1323578526074
10588,351.4502962443319
10589,338.98564601772904
10590,381.57514890001113
10591,331.2581903718723
10592,427.3954707192414
10593,369.42943797342593
10594,353.1020077535295
10595,312.50803254171194
10596,-0.0
10597,58.219294917433174
10598,112.22082236430839
10599,126.17417287221909
10600,-0.0
10601,-0.0
10602,-0.0
10603,-0.0
10604,-0.0
10605,-0.0
10606,-0.0
10607,-0.0
10608,-0.0
10609,-0.0
10610,-0.0
10611,-0.0
10612,-0.0
10613,-0.0
10614,-0.0
10615,-0.0
10616,-0.0
10617,-0.0
10618,-0.0
10619,-0.0
10620,-0.0
10621,-0.0
10622,-0.0
10623,-0.0
10624,-0.0
10625,-0.0
10626,-0.0
10627,-0.0
10628,-0.0
10629,-0.0
10630,-0.0
10631,-0.0
10632,268.1675532852714
10633,-0.0
10634,-0.0
10635,-0.0
10636,47.4493421197335
10637,-0.0
10638,-0.0
10639,-0.0
10640,-0.0
10641,-0.0
10642,-0.0
10643,-0.0
10644,-0.0
10645,-0.0
10646,-0.0
10647,-0.0
10648,-0.0
10649,-0.0
10650,-0.0
10651,-0.0
10652,-0.0
10653,-0.0
10654,-0.0
10655,-0.0
10656,-0.0
10657,-0.0
10658,-0.0
10659,-0.0
10660,-0.0
10661,220.3477547394314
10662,296.20814843801406
10663,305.46015684290205
10664,293.5169971830556
10665,300.51641499436874
10666,296.1179709308593
10667,309.6108284262126
10668,284.35046959016563
10669,293.7478237690977
10670,291.3141782545281
10671,332.352770392809
10672,292.0442210165388
10673,334.76051393070225
10674,400.5588888876054
10675,420.82760868671966
10676,296.668802595467
10677,373.44586793610665
10678,346.90780485595246
10679,411.0564971867385
10680,228.39017285561516
10681,61.77637391518725
10682,44.65775758717379
10683,-0.0
10684,-0.0
10685,-0.0
10686,-0.0
10687,-0.0
10688,-0.0
10689,-0.0
10690,-0.0
10691,-0.0
10692,-0.0
10693,-0.0
10694,-0.0
10695,-0.0
10696,-0.0
10697,-0.0
10698,-0.0
10699,-0.0
10700,-0.0
10701,-0.0
10702,-0.0
10703,-0.0
10704,-0.0
10705,-0.0
10706,-0.0
10707,-0.0
10708,-0.0
10709,-0.0
10710,-0.0
10711,-0.0
10712,-0.0
10713,-0.0
10714,-0.0
10715,-0.0
10716,-0.0
10717,-0.0
10718,-0.0
10719,-0.0
10720,-0.0
10721,-0.0
10722,-0.0
10723,-0.0
10724,-0.0
10725,-0.0
10726,-0.0
10727,-0.0
10728,225.6033848264517
10729,-0.0
10730,-0.0
10731,-0.0
10732,19.30056210507564
10733,-0.0
10734,-0.0
10735,-0.0
10736,-0.0
10737,-0.0
10738,-0.0
10739,-0.0
10740,-0.0
10741,-0.0
10742,-0.0
10743,189.31052336147354
10744,-0.0
10745,-0.0
10746,-0.0
10747,-0.0
10748,-0.0
10749,-0.0
10750,-0.0
10751,-0.0
10752,-0.0
10753,-0.0
10754,-0.0
10755,12.477201525069177
10756,151.3047221112084
10757,339.50825632715635
10758,292.6414137938765
10759,316.87003541684186
10760,156.60196396250237
10761,296.22686609217345
10762,301.128527230388
10763,295.490751373261
10764,255.08440840705683
10765,265.2458718364218
10766,277.93326217762905
10767,298.2823578526074
10768,319.37347020481
10769,313.7907163729714
10770,368.2395495068806
10771,376.14028178309536
10772,372.4947954625933
10773,410.2196253639439
10774,264.1288055176977
10775,329.39029990205717
10776,134.87780988534342
10777,101.51839701042786
10778,18.957015137607556
10779,9.59798387829656
10780,-0.0
10781,-0.0
10782,-0.0
10783,-0.0
10784,-0.0
10785,-0.0
10786,-0.0
10787,-0.0
10788,-0.0
10789,-0.0
10790,-0.0
10791,-0.0
10792,-0.0
10793,-0.0
10794,-0.0
10795,-0.0
10796,-0.0
10797,-0.0
10798,-0.0
10799,-0.0
10800,-0.0
10801,-0.0
10802,-0.0
10803,-0.0
10804,-0.0
10805,-0.0
10806,-0.0
10807,-0.0
10808,-0.0
10809,-0.0
10810,-0.0
10811,-0.0
10812,-0.0
10813,-0.0
10814,-0.0
10815,-0.0
10816,-0.0
10817,-0.0
10818,-0.0
10819,-0.0
10820,-0.0
10821,-0.0
10822,-0.0
10823,-0.0
10824,-0.0
10825,-0.0
10826,-0.0
10827,-0.0
10828,-0.0
10829,-0.0
10830,-0.0
10831,-0.0
10832,-0.0
10833,-0.0
10834,-0.0
10835,-0.0
10836,-0.0
10837,-0.0
10838,-0.0
10839,-0.0
10840,-0.0
10841,-0.0
10842,-0.0
10843,-0.0
10844,-0.0
10845,-0.0
10846,-0.0
10847,-0.0
10848,-0.0
10849,-0.0
10850,-0.0
10851,-0.0
10852,42.694445678213754
10853,296.2151362214242
10854,292.36983226806046
10855,322.6291507503987
10856,87.09687583694998
10857,302.4819171502143
10858,299.22061474765843
10859,361.39002161474747
10860,220.7114466930172
10861,295.5308563896963
10862,290.9722852869391
10863,330.1176627840556
10864,286.90047927269893
10865,322.6269418948041
10866,363.64395858153705
10867,379.401315999589
10868,341.4512434883596
10869,357.3145880153504
10870,313.5776226981542
10871,307.8783585274562
10872,81.23311661595783
10873,96.80907847928951
10874,80.01452280723848
10875,85.6507017063227
10876,-0.0
10877,-0.0
10878,-0.0
10879,-0.0
10880,-0.0
10881,-0.0
10882,-0.0
10883,-0.0
10884,-0.0
10885,-0.0
10886,-0.0
10887,-0.0
10888,-0.0
10889,-0.0
10890,-0.0
10891,-0.0
10892,-0.0
10893,-0.0
10894,-0.0
10895,-0.0
10896,-0.0
10897,-0.0
10898,-0.0
10899,-0.0
10900,-0.0
10901,-0.0
10902,-0.0
10903,-0.0
10904,-0.0
10905,-0.0
10906,-0.0
10907,-0.0
10908,-0.0
10909,-0.0
10910,-0.0
10911,-0.0
10912,-0.0
10913,-0.0
10914,-0.0
10915,-0.0
10916,-0.0
10917,-0.0
10918,-0.0
10919,-0.0
10920,624.9537887813501
10921,-0.0
10922,-0.0
10923,-0.0
10924,428.29032093122714
10925,-0.0
10926,-0.0
10927,-0.0
10928,-0.0
10929,-0.0
10930,-0.0
10931,-0.0
10932,-0.0
10933,-0.0
10934,-0.0
10935,-0.0
10936,-0.0
10937,-0.0
10938,-0.0
10939,-0.0
10940,-0.0
10941,-0.0
10942,-0.0
10943,-0.0
10944,-0.0
10945,-0.0
10946,-0.0
10947,9.859298340729083
10948,-0.0
10949,-0.0
10950,-0.0
10951,-0.0
10952,12.055372393525658
10953,293.9988356226263
10954,315.60157793662427
10955,351.28631396737865
10956,233.70780875626764
10957,279.72304968860067
10958,298.4383928353693
10959,305.84174589564634
10960,299.9855610545009
10961,360.9988664715084
10962,365.3089964040014
10963,384.48257131972025
10964,239.17375295997851
10965,318.27062473463974
10966,318.8267419642103
10967,317.6091886959017
10968,20.70626745249051
10969,18.628202585915886
10970,29.5493052937759
10971,30.145824665233498
10972,-0.0
10973,-0.0
10974,-0.0
10975,-0.0
10976,-0.0
10977,-0.0
10978,-0.0
10979,-0.0
10980,-0.0
10981,-0.0
10982,-0.0
10983,-0.0
10984,-0.0
10985,-0.0
10986,-0.0
10987,-0.0
10988,-0.0
10989,-0.0
10990,-0.0
10991,-0.0
10992,-0.0
10993,-0.0
10994,-0.0
10995,-0.0
10996,-0.0
10997,-0.0
10998,-0.0
10999,-0.0
11000,-0.0
11001,-0.0
11002,-0.0
11003,-0.0
11004,-0.0
11005,-0.0
11006,-0.0
11007,-0.0
11008,-0.0
11009,-0.0
11010,-0.0
11011,-0.0
11012,161.31471748033584
11013,-0.0
11014,-0.0
11015,-0.0
11016,9.192984934882588
11017,-0.0
11018,-0.0
11019,-0.0
11020,49.914369729933696
11021,-0.0
11022,-0.0
11023,-0.0
11024,-0.0
11025,-0.0
11026,-0.0
11027,-0.0
11028,-0.0
11029,-0.0
11030,-0.0
11031,-0.0
11032,-0.0
11033,-0.0
11034,-0.0
11035,-0.0
11036,-0.0
11037,-0.0
11038,-0.0
11039,-0.0
11040,-0.0
11041,-0.0
11042,-0.0
11043,-0.0
11044,-0.0
11045,235.69924987976594
11046,239.6401420718969
11047,349.4676238834508
11048,195.88246409111022
11049,284.5787342794845
11050,283.92332659329645
11051,283.1294807743459
11052,212.7209372241623
11053,331.4455768127643
11054,294.0414978681224
11055,288.7415469420787
11056,257.9631323682098
11057,333.73888723124514
11058,356.8020505544494
11059,403.65713853502183
11060,362.3220962896228
11061,321.28653913543695
11062,324.10702350578146
11063,376.6347824865374
11064,60.07042855272039
11065,103.27382533327891
11066,5.31734655619141
11067,36.2085636193029
11068,-0.0
11069,-0.0
11070,-0.0
11071,-0.0
11072,-0.0
11073,-0.0
11074,-0.0
11075,-0.0
11076,-0.0
11077,-0.0
11078,-0.0
11079,-0.0
11080,-0.0
11081,-0.0
11082,-0.0
11083,-0.0
11084,-0.0
11085,-0.0
11086,-0.0
11087,-0.0
11088,-0.0
11089,-0.0
11090,-0.0
11091,-0.0
11092,-0.0
11093,-0.0
11094,-0.0
11095,-0.0
11096,-0.0
11097,-0.0
11098,-0.0
11099,-0.0
11100,-0.0
11101,-0.0
11102,-0.0
11103,-0.0
11104,-0.0
11105,-0.0
11106,-0.0
11107,-0.0
11108,-0.0
11109,-0.0
11110,-0.0
11111,-0.0
11112,34.56065161925335
11113,-0.0
11114,-0.0
11115,-0.0
11116,-0.0
11117,-0.0
11118,-0.0
11119,-0.0
11120,-0.0
11121,-0.0
11122,-0.0
11123,-0.0
11124,-0.0
11125,-0.0
11126,-0.0
11127,12.385733743341689
11128,-0.0
11129,-0.0
11130,-0.0
11131,-0.0
11132,-0.0
11133,-0.0
11134,-0.0
11135,-0.0
11136,-0.0
11137,65.03882105456171
11138,340.7987554776797
11139,451.157596424242
11140,307.27468628983706
11141,376.25743607638054
11142,305.13577842192893
11143,292.1565396969692
11144,193.2180496825893
11145,299.8845377999238
11146,257.67396837724897
11147,250.39072041826654
11148,243.42500585047273
11149,274.3247845827296
11150,290.8286256682605
11151,279.92833844523324
11152,138.21098880379702
11153,274.04885125287103
11154,338.15347368857294
11155,269.846398446154
11156,352.3703491270048
11157,331.5711098405128
11158,222.61919786217464
11159,289.5234799555979
11160,209.96131648507986
11161,-0.0
11162,-0.0
11163,-0.0
11164,-0.0
11165,-0.0
11166,-0.0
11167,-0.0
11168,-0.0
11169,-0.0
11170,-0.0
11171,-0.0
11172,-0.0
11173,-0.0
11174,-0.0
11175,-0.0
11176,-0.0
11177,-0.0
11178,-0.0
11179,-0.0
11180,-0.0
11181,-0.0
11182,-0.0
11183,-0.0
11184,-0.0
11185,-0.0
11186,-0.0
11187,-0.0
11188,-0.0
11189,-0.0
11190,-0.0
11191,-0.0
11192,-0.0
11193,-0.0
11194,-0.0
11195,-0.0
11196,-0.0
11197,-0.0
11198,-0.0
11199,-0.0
11200,-0.0
11201,-0.0
11202,-0.0
11203,-0.0
11204,-0.0
11205,-0.0
11206,-0.0
11207,-0.0
11208,-0.0
11209,-0.0
11210,-0.0
11211,-0.0
11212,-0.0
11213,-0.0
11214,-0.0
11215,-0.0
11216,-0.0
11217,-0.0
11218,-0.0
11219,-0.0
11220,-0.0
11221,-0.0
11222,-0.0
11223,-0.0
11224,-0.0
11225,-0.0
11226,-0.0
11227,-0.0
11228,-0.0
11229,-0.0
11230,-0.0
11231,133.7815399912683
11232,-0.0
11233,281.7496882399946
11234,260.0758467379115
11235,294.85297551613405
11236,162.42468767245103
11237,302.56921906638127
11238,283.259357237963
11239,285.8489172081551
11240,40.09744776530326
11241,297.53448858098756
11242,226.3235375427081
11243,288.7934254477212
11244,239.14082902949056
11245,298.6346464111478
11246,251.7041955014762
11247,280.8606717608625
11248,243.2491281575668
11249,314.50973243555126
11250,393.29679679810647
11251,377.9824316085218
11252,272.702161115831
11253,319.9704863205021
11254,284.5325810705082
11255,313.5185484225718
11256,12.207095311538328
11257,11.182784219289552
11258,-0.0
11259,-0.0
11260,-0.0
11261,-0.0
11262,-0.0
11263,-0.0
11264,-0.0
11265,-0.0
11266,-0.0
11267,-0.0
11268,-0.0
11269,-0.0
11270,-0.0
11271,-0.0
11272,-0.0
11273,-0.0
11274,-0.0
11275,-0.0
11276,-0.0
11277,-0.0
11278,-0.0
11279,-0.0
11280,-0.0
11281,-0.0
11282,-0.0
11283,-0.0
11284,-0.0
11285,-0.0
11286,-0.0
11287,-0.0
11288,-0.0
11289,-0.0
11290,-0.0
11291,-0.0
11292,-0.0
11293,-0.0
11294,-0.0
11295,-0.0
11296,-0.0
11297,-0.0
11298,-0.0
11299,-0.0
11300,-0.0
11301,-0.0
11302,-0.0
11303,-0.0
11304,203.77386277877986
11305,-0.0
11306,-0.0
11307,-0.0
11308,-0.0
11309,-0.0
11310,-0.0
11311,-0.0
11312,-0.0
11313,-0.0
11314,-0.0
11315,-0.0
11316,-0.0
11317,-0.0
11318,-0.0
11319,-0.0
11320,-0.0
11321,-0.0
11322,-0.0
11323,49.45504001488388
11324,-0.0
11325,297.7627532703064
11326,263.14169445390746
11327,355.1315932387842
11328,82.95483852306276
11329,391.51358635711483
11330,455.65243078744004
11331,320.2940489677319
11332,40.6288069003117
11333,298.8679686331329
11334,324.00357449916663
11335,387.122968132056
11336,206.19412020594513
11337,319.3075202418738
11338,303.4080991306825
11339,383.1216994285214
11340,270.30362761841803
11341,320.6563604663504
11342,334.1973494292973
11343,324.341424112208
11344,294.7668750158682
11345,350.8597652837852
11346,399.0291293273131
11347,403.1526855264655
11348,344.6958924730848
11349,343.9570933613807
11350,360.15053618123346
11351,367.24154241373316
11352,256.6496562729443
11353,253.67011559077258
11354,87.11691377149303
11355,106.77001868049405
11356,-0.0
11357,-0.0
11358,-0.0
11359,-0.0
11360,-0.0
11361,-0.0
11362,-0.0
11363,-0.0
11364,-0.0
11365,-0.0
11366,-0.0
11367,-0.0
11368,-0.0
11369,-0.0
11370,-0.0
11371,-0.0
11372,-0.0
11373,-0.0
11374,-0.0
11375,-0.0
11376,-0.0
11377,-0.0
11378,-0.0
11379,-0.0
11380,-0.0
11381,-0.0
11382,-0.0
11383,-0.0
11384,-0.0
11385,-0.0
11386,-0.0
11387,-0.0
11388,-0.0
11389,-0.0
11390,-0.0
11391,-0.0
11392,-0.0
11393,-0.0
11394,-0.0
11395,-0.0
11396,-0.0
11397,-0.0
11398,-0.0
11399,-0.0
11400,241.81735014743586
11401,346.80041200305544
11402,285.42432084303664
11403,304.7860611770974
11404,777.1752960919565
11405,323.3929597578707
11406,351.0568656756212
11407,389.0211816462696
11408,316.7443194544113
11409,345.00856166914537
11410,344.39647081945446
11411,311.13488831555395
11412,188.57940840104547
11413,359.29174619054487
11414,431.14366596951334
11415,433.7647635415371
11416,193.96006635981354
11417,352.86278422530086
11418,292.66758261012484
11419,333.8966739682358
11420,150.49372827200906
11421,370.34222609904197
11422,323.5357990585919
11423,420.0322620774161
11424,-0.0
11425,312.18043372495316
11426,374.4861657313027
11427,376.7679951807239
11428,222.61401201127336
11429,324.3211078903552
11430,365.3652267136864
11431,396.9610208938787
11432,81.22546650492083
11433,293.76730172945815
11434,304.57875267002333
11435,295.4096778707286
11436,301.16270603087366
11437,302.2641173452476
11438,302.22013225993453
11439,315.09081797070905
11440,319.8904150762775
11441,378.8960585430613
11442,382.30992526600113
11443,395.55320258591587
11444,448.03165600732115
11445,435.15662060286354
11446,414.2724299090557
11447,502.71599804609855
11448,526.1906820852054
11449,450.69555422594374
11450,392.8070603112487
11451,348.9456746830932
11452,498.5599244834809
11453,351.0976086807083
11454,398.2012775724523
11455,410.13332746563515
11456,167.34389582803988
11457,6.72106257173416
11458,-0.0
11459,18.397613148567086
11460,-0.0
11461,171.23672597043412
11462,148.79791654039855
11463,182.385594104633
11464,112.63183457564675
11465,190.6305234389348
11466,199.44904675482672
11467,216.37056752557965
11468,-0.0
11469,-0.0
11470,-0.0
11471,-0.0
11472,-0.0
11473,-0.0
11474,-0.0
11475,-0.0
11476,-0.0
11477,-0.0
11478,-0.0
11479,-0.0
11480,-0.0
11481,-0.0
11482,-0.0
11483,-0.0
11484,-0.0
11485,-0.0
11486,-0.0
11487,-0.0
11488,-0.0
11489,-0.0
11490,-0.0
11491,-0.0
11492,-0.0
11493,-0.0
11494,-0.0
11495,-0.0
11496,82.58512054166238
11497,-0.0
11498,-0.0
11499,-0.0
11500,147.53715939516633
11501,-0.0
11502,-0.0
11503,-0.0
11504,-0.0
11505,-0.0
11506,-0.0
11507,-0.0
11508,-0.0
11509,-0.0
11510,-0.0
11511,306.4164121989313
11512,-0.0
11513,399.7526273732251
11514,352.01386701714574
11515,291.6139098180657
11516,354.22226053779934
11517,436.47247010459705
11518,390.3737883828318
11519,478.9802813785659
11520,-0.0
11521,-0.0
11522,301.7609343019316
11523,348.3188051131682
11524,254.1665140369266
11525,321.07350520509965
11526,281.8218582855318
11527,319.3788389903933
11528,158.230288044109
11529,308.9447383998926
11530,312.2042372430001
11531,408.53113006663494
11532,243.64417570353743
11533,323.9458187171704
11534,292.63285212473113
11535,327.74780583403697
11536,230.8300770946973
11537,342.3066878163085
11538,377.81157605900444
11539,410.69937265534963
11540,249.20197874869262
11541,319.40008141191095
11542,310.2432833789903
11543,303.85695195606104
11544,31.918155959625995
11545,20.67463824453741
11546,9.144782106420845
11547,19.608557199883222
11548,-0.0
11549,-0.0
11550,-0.0
11551,-0.0
11552,-0.0
11553,-0.0
11554,-0.0
11555,-0.0
11556,-0.0
11557,-0.0
11558,-0.0
11559,-0.0
11560,-0.0
11561,-0.0
11562,-0.0
11563,-0.0
11564,-0.0
11565,-0.0
11566,-0.0
11567,-0.0
11568,-0.0
11569,-0.0
11570,-0.0
11571,-0.0
11572,-0.0
11573,-0.0
11574,-0.0
11575,-0.0
11576,-0.0
11577,-0.0
11578,-0.0
11579,-0.0
11580,-0.0
11581,-0.0
11582,-0.0
11583,-0.0
11584,-0.0
11585,-0.0
11586,-0.0
11587,-0.0
11588,-0.0
11589,-0.0
11590,-0.0
11591,-0.0
11592,-0.0
11593,-0.0
11594,-0.0
11595,-0.0
11596,69.70322837890546
11597,-0.0
11598,-0.0
11599,-0.0
11600,-0.0
11601,-0.0
11602,-0.0
11603,-0.0
11604,-0.0
11605,-0.0
11606,-0.0
11607,48.34912085199028
11608,-0.0
11609,-0.0
11610,-0.0
11611,-0.0
11612,-0.0
11613,-0.0
11614,-0.0
11615,84.04682839313477
11616,-0.0
11617,-0.0
11618,-0.0
11619,80.80776269506646
11620,13.489715084528086
11621,337.2431003481299
11622,334.65652528807857
11623,431.2172111522916
11624,185.5274911397782
11625,303.9526432007846
11626,291.85298215269165
11627,315.63953800471035
11628,269.6770978232281
11629,302.3506729016216
11630,299.875203230472
11631,304.4619034089626
11632,308.5703870986633
11633,337.63197475961664
11634,402.5720946573691
11635,361.8313432635981
11636,334.1448049099764
11637,356.78901372839186
11638,364.6122019542196
11639,361.63321594705104
11640,196.37058472833192
11641,166.35327139692484
11642,194.58564737912897
11643,191.87391525799754
11644,88.79488343715428
11645,91.95645578113536
11646,99.5970853563453
11647,103.32543856552331
11648,-0.0
11649,-0.0
11650,-0.0
11651,-0.0
11652,-0.0
11653,-0.0
11654,-0.0
11655,-0.0
11656,-0.0
11657,-0.0
11658,-0.0
11659,-0.0
11660,-0.0
11661,-0.0
11662,-0.0
11663,-0.0
11664,-0.0
11665,-0.0
11666,-0.0
11667,-0.0
11668,-0.0
11669,-0.0
11670,-0.0
11671,-0.0
11672,-0.0
11673,-0.0
11674,-0.0
11675,-0.0
11676,-0.0
11677,-0.0
11678,-0.0
11679,-0.0
11680,-0.0
11681,-0.0
11682,-0.0
11683,-0.0
11684,-0.0
11685,-0.0
11686,-0.0
11687,-0.0
11688,339.24577322351274
11689,-0.0
11690,-0.0
11691,-0.0
11692,5.6456241540331575
11693,-0.0
11694,-0.0
11695,-0.0
11696,-0.0
11697,-0.0
11698,-0.0
11699,129.10572782323845
11700,80.00447768910107
11701,328.8330409098859
11702,334.64135035629363
11703,459.93609911765185
11704,181.78911239930346
11705,425.5920152946103
11706,315.58272914988055
11707,401.87709629563415
11708,260.0988473525559
11709,492.3893721751446
11710,346.6647713421674
11711,471.58425561229893
11712,-0.0
11713,344.2484293540477
11714,389.39765442189304
11715,361.1505355454497
11716,191.56672498633827
11717,309.59266473421314
11718,288.95220448429455
11719,268.66671718570797
11720,-0.0
11721,289.7460749852032
11722,288.93188826244176
11723,298.4582602274715
11724,257.42589595684774
11725,288.4758920565326
11726,322.8114142104288
11727,337.1068617753061
11728,271.9987529599785
11729,378.09424179818177
11730,408.6314782095439
11731,407.4451951971597
11732,334.2169979907188
11733,392.86015684290203
11734,398.53024769723345
11735,406.61809274942027
11736,135.26404483401822
11737,170.4555484723258
11738,115.95902094097951
11739,148.89144379906992
11740,-0.0
11741,-0.0
11742,-0.0
11743,-0.0
11744,-0.0
11745,-0.0
11746,-0.0
11747,-0.0
11748,-0.0
11749,-0.0
11750,-0.0
11751,-0.0
11752,-0.0
11753,-0.0
11754,-0.0
11755,-0.0
11756,-0.0
11757,-0.0
11758,-0.0
11759,-0.0
11760,-0.0
11761,-0.0
11762,-0.0
11763,-0.0
11764,-0.0
11765,-0.0
11766,-0.0
11767,-0.0
11768,-0.0
11769,-0.0
11770,-0.0
11771,-0.0
11772,-0.0
11773,-0.0
11774,-0.0
11775,-0.0
11776,-0.0
11777,12.041931715418286
11778,-0.0
11779,-0.0
11780,251.32383728175137
11781,130.0967552047639
11782,-0.0
11783,-0.0
11784,403.19146716065495
11785,13.44476890296778
11786,-0.0
11787,-0.0
11788,-0.0
11789,-0.0
11790,-0.0
11791,-0.0
11792,-0.0
11793,-0.0
11794,-0.0
11795,-0.0
11796,-0.0
11797,-0.0
11798,66.32250698255439
11799,87.06669956180008
11800,-0.0
11801,177.52978132845965
11802,175.28665732241234
11803,-0.0
11804,-0.0
11805,80.66980837111623
11806,215.7678547269453
11807,646.9777369444996
11808,-0.0
11809,89.74284384107023
11810,-0.0
11811,-0.0
11812,-0.0
11813,-0.0
11814,93.71286774009116
11815,277.4975575116145
11816,246.47641462096962
11817,330.93770210121255
11818,344.94444480198314
11819,288.40689021259936
11820,302.6905832247693
11821,362.61742087964944
11822,291.14935194301114
11823,328.2706032999
11824,287.0099990219155
11825,386.1574051213861
11826,408.7902572461172
11827,428.89935836102745
11828,452.15599482329526
11829,358.11969911985835
11830,148.2481759962229
11831,353.6750264871357
11832,424.2704059652069
11833,215.81188784588954
11834,143.17782743676167
11835,260.5745529966549
11836,504.7673800288871
11837,463.8446253639439
11838,399.7779262971978
11839,342.6838113741818
11840,299.4150683159825
11841,326.46685870208404
11842,329.6488184198741
11843,322.8996587471679
11844,-0.0
11845,-0.0
11846,-0.0
11847,-0.0
11848,-0.0
11849,-0.0
11850,-0.0
11851,-0.0
11852,-0.0
11853,-0.0
11854,-0.0
11855,149.37867181350398
11856,-0.0
11857,-0.0
11858,-0.0
11859,-0.0
11860,-0.0
11861,-0.0
11862,-0.0
11863,-0.0
11864,-0.0
11865,-0.0
11866,-0.0
11867,-0.0
11868,-0.0
11869,-0.0
11870,-0.0
11871,-0.0
11872,-0.0
11873,-0.0
11874,-0.0
11875,-0.0
11876,145.12403832230575
11877,108.68133013017152
11878,-0.0
11879,98.73098336987654
11880,541.9905637231935
11881,126.70442847016486
11882,178.33983811252185
11883,-0.0
11884,538.5905779418401
11885,200.16175593532137
11886,-0.0
11887,134.66928778689325
11888,331.0600585591833
11889,221.09628983493002
11890,173.4152605788888
11891,245.76378432551385
11892,70.14930158898767
11893,261.305905713647
11894,231.08405147341034
11895,258.7393710400574
11896,-0.0
11897,339.8086663800542
11898,265.43081968924355
11899,235.6189851075854
11900,182.45890966707432
11901,361.11312066726435
11902,317.5746125339227
11903,278.48762192728185
11904,-0.0
11905,189.52298777861176
11906,281.5561787180276
11907,313.61972365683647
11908,106.9637818078127
11909,305.26251136590025
11910,124.16900712686231
11911,293.4844290437198
11912,245.55806112398525
11913,250.55803644202712
11914,267.71994492457964
11915,335.03373818581105
11916,74.25389934273144
11917,268.3464500378115
11918,301.5043248943432
11919,288.31442862716756
11920,251.5774625575049
11921,335.72486865697545
11922,397.71994492457964
11923,392.03249114578955
11924,354.19577996154567
11925,174.3697495764286
11926,229.58577590422777
11927,149.02752347738664
11928,-0.0
11929,-0.0
11930,-0.0
11931,-0.0
11932,633.3421255447789
11933,200.08705347668013
11934,267.7793041127003
11935,255.8921453575677
11936,-0.0
11937,-0.0
11938,-0.0
11939,-0.0
11940,-0.0
11941,58.4095388942639
11942,547.1299254350266
11943,656.4084409644692
11944,-0.0
11945,-0.0
11946,-0.0
11947,-0.0
11948,-0.0
11949,-0.0
11950,-0.0
11951,-0.0
11952,-0.0
11953,-0.0
11954,-0.0
11955,-0.0
11956,-0.0
11957,-0.0
11958,-0.0
11959,259.5877032362998
11960,-0.0
11961,-0.0
11962,-0.0
11963,-0.0
11964,113.19799224647053
11965,110.49833886178553
11966,174.60784627425846
11967,3.681658058981128
11968,47.80702293823788
11969,30.893186876086588
11970,59.10557526713623
11971,198.98761997712427
11972,361.9945107572672
11973,67.3752452371777
11974,-0.0
11975,-0.0
11976,607.1002391391781
11977,148.87329702091589
11978,194.6512524679306
11979,125.18140331854227
11980,522.3786099220199
11981,98.14885653580018
11982,79.37306291714009
11983,18.892349321419374
11984,302.5007257132184
11985,68.85931092923465
11986,65.40373509455486
11987,20.372681301535465
11988,126.49922393275816
11989,236.72499553214124
11990,178.50721367355018
11991,273.10698865047186
11992,-0.0
11993,404.5072640275736
11994,294.48624801209456
11995,286.01354883912404
11996,18.78445649090588
11997,319.45420191949256
11998,356.06124216162186
11999,414.2816837310464
12000,-0.0
12001,237.52155042584155
12002,333.56467694959
12003,289.347785197374
12004,-0.0
12005,273.4272064344521
12006,245.0704779523282
12007,306.38564512874683
12008,-0.0
12009,23.94591992027091
12010,192.85719945490354
12011,305.519604582301
12012,-0.0
12013,283.41545188174473
12014,274.4434396663678
12015,311.85342056932154
12016,250.54410598729845
12017,343.51649981827995
12018,312.2189397889643
12019,372.6937761083313
12020,266.3809652509147
12021,350.6550796123985
12022,296.27725760354593
12023,406.08444787520517
12024,186.06362064488087
12025,63.24831375726373
12026,6.551980131306578
12027,-0.0
12028,-0.0
12029,-0.0
12030,-0.0
12031,-0.0
12032,-0.0
12033,-0.0
12034,-0.0
12035,-0.0
12036,-0.0
12037,-0.0
12038,-0.0
12039,-0.0
12040,-0.0
12041,-0.0
12042,-0.0
12043,-0.0
12044,-0.0
12045,-0.0
12046,-0.0
12047,-0.0
12048,-0.0
12049,-0.0
12050,-0.0
12051,-0.0
12052,-0.0
12053,-0.0
12054,-0.0
12055,-0.0
12056,-0.0
12057,-0.0
12058,-0.0
12059,-0.0
12060,-0.0
12061,-0.0
12062,-0.0
12063,-0.0
12064,-0.0
12065,-0.0
12066,-0.0
12067,-0.0
12068,-0.0
12069,-0.0
12070,-0.0
12071,-0.0
12072,35.37185236256926
12073,-0.0
12074,-0.0
12075,-0.0
12076,-0.0
12077,-0.0
12078,-0.0
12079,64.88937716903911
12080,307.9631323682098
12081,182.01834470624684
12082,169.46941717976023
12083,303.5945224582127
12084,-0.0
12085,246.31497587356273
12086,324.4889570868444
12087,297.5205581262589
12088,-0.0
12089,316.6481564946471
12090,313.59403864940043
12091,326.5498176328616
12092,5.228316528503115
12093,278.5656445672146
12094,248.59234655619144
12095,326.5497929509035
12096,131.16674310530007
12097,278.14121064509516
12098,316.57010917275625
12099,410.47701222138824
12100,293.201650819883
12101,360.0246927078534
12102,358.203342913092
12103,339.9963233076257
12104,185.61139105606458
12105,423.4039133138513
12106,355.68595298843707
12107,378.3819049987896
12108,63.685609138349975
12109,299.87597613077844
12110,323.16641184371895
12111,325.5452895897371
12112,318.1583339833859
12113,343.857033824113
12114,368.79978653288714
12115,438.5844846806724
12116,433.98174716862934
12117,344.3702670029165
12118,355.0400889526455
12119,414.2660508647773
12120,531.6372945660158
12121,399.4431240060473
12122,353.56046861208114
12123,210.98834916809423
12124,299.0054495270576
12125,-0.0
12126,5.994725039450415
12127,131.59615618564186
12128,312.6623308039394
12129,316.95920819957905
12130,305.79646316135063
12131,297.280332538564
12132,-0.0
12133,12.29459937857927
12134,-0.0
12135,-0.0
12136,-0.0
12137,-0.0
12138,-0.0
12139,-0.0
12140,-0.0
12141,-0.0
12142,-0.0
12143,-0.0
12144,-0.0
12145,-0.0
12146,-0.0
12147,-0.0
12148,-0.0
12149,-0.0
12150,-0.0
12151,-0.0
12152,-0.0
12153,-0.0
12154,-0.0
12155,-0.0
12156,-0.0
12157,-0.0
12158,-0.0
12159,-0.0
12160,-0.0
12161,-0.0
12162,-0.0
12163,-0.0
12164,39.87612080488941
12165,-0.0
12166,-0.0
12167,-0.0
12168,-0.0
12169,-0.0
12170,-0.0
12171,-0.0
12172,-0.0
12173,-0.0
12174,-0.0
12175,-0.0
12176,-0.0
12177,-0.0
12178,-0.0
12179,-0.0
12180,-0.0
12181,-0.0
12182,-0.0
12183,-0.0
12184,-0.0
12185,-0.0
12186,-0.0
12187,-0.0
12188,-0.0
12189,-0.0
12190,-0.0
12191,-0.0
12192,-0.0
12193,-0.0
12194,-0.0
12195,-0.0
12196,-0.0
12197,170.2898901072429
12198,308.92284278448415
12199,339.9642772150236
12200,203.396636450245
12201,306.8154972003658
12202,275.50838320232214
12203,302.26880901348335
12204,243.99061166206255
12205,354.9092058258191
12206,321.0617259704341
12207,303.22731114536094
12208,274.0510271548923
12209,327.6269748483775
12210,413.2840746277745
12211,402.94399974879565
12212,166.7375250170033
12213,302.60815633974255
12214,321.21316640099946
12215,330.24516766439206
12216,-0.0
12217,-0.0
12218,-0.0
12219,-0.0
12220,-0.0
12221,-0.0
12222,47.497167046102184
12223,68.5954043014155
12224,-0.0
12225,-0.0
12226,-0.0
12227,-0.0
12228,-0.0
12229,-0.0
12230,-0.0
12231,-0.0
12232,-0.0
12233,-0.0
12234,-0.0
12235,-0.0
12236,-0.0
12237,-0.0
12238,-0.0
12239,-0.0
12240,-0.0
12241,-0.0
12242,-0.0
12243,-0.0
12244,-0.0
12245,-0.0
12246,-0.0
12247,-0.0
12248,-0.0
12249,-0.0
12250,-0.0
12251,-0.0
12252,-0.0
12253,-0.0
12254,-0.0
12255,-0.0
12256,-0.0
12257,-0.0
12258,-0.0
12259,-0.0
12260,-0.0
12261,-0.0
12262,-0.0
12263,-0.0
12264,31.74236783288825
12265,-0.0
12266,-0.0
12267,-0.0
12268,-0.0
12269,-0.0
12270,-0.0
12271,-0.0
12272,-0.0
12273,-0.0
12274,-0.0
12275,-0.0
12276,-0.0
12277,-0.0
12278,-0.0
12279,-0.0
12280,-0.0
12281,-0.0
12282,-0.0
12283,14.478640381960986
12284,-0.0
12285,-0.0
12286,-0.0
12287,-0.0
12288,-0.0
12289,-0.0
12290,-0.0
12291,79.26366399925183
12292,-0.0
12293,316.282427228014
12294,304.9811903394109
12295,321.3163001759064
12296,299.53905413504197
12297,303.43764282066803
12298,320.0872201559249
12299,327.2423507521243
12300,283.29998968166854
12301,295.86192991273856
12302,295.88140417287866
12303,312.6911085473833
12304,319.8492350834716
12305,355.852525082444
12306,373.83146838203743
12307,395.8120338251862
12308,329.0433528859336
12309,383.3666864298119
12310,365.5875650042273
12311,336.2180854463028
12312,-0.0
12313,-0.0
12314,-0.0
12315,-0.0
12316,-0.0
12317,-0.0
12318,-0.0
12319,-0.0
12320,-0.0
12321,-0.0
12322,-0.0
12323,-0.0
12324,-0.0
12325,-0.0
12326,-0.0
12327,-0.0
12328,-0.0
12329,-0.0
12330,-0.0
12331,-0.0
12332,-0.0
12333,-0.0
12334,-0.0
12335,-0.0
12336,-0.0
12337,-0.0
12338,-0.0
12339,-0.0
12340,-0.0
12341,-0.0
12342,-0.0
12343,-0.0
12344,-0.0
12345,-0.0
12346,-0.0
12347,-0.0
12348,-0.0
12349,-0.0
12350,-0.0
12351,-0.0
12352,-0.0
12353,-0.0
12354,-0.0
12355,-0.0
12356,207.90845022020358
12357,-0.0
12358,-0.0
12359,-0.0
12360,186.45622704940365
12361,-0.0
12362,-0.0
12363,-0.0
12364,296.7686813957373
12365,-0.0
12366,-0.0
12367,-0.0
12368,-0.0
12369,-0.0
12370,-0.0
12371,-0.0
12372,-0.0
12373,-0.0
12374,-0.0
12375,-0.0
12376,-0.0
12377,-0.0
12378,-0.0
12379,-0.0
12380,-0.0
12381,-0.0
12382,-0.0
12383,-0.0
12384,-0.0
12385,186.62201742297466
12386,627.2714168851327
12387,800.0
12388,220.09983965213854
12389,294.91658389252586
12390,292.4195101897236
12391,298.60847759489945
12392,287.8092136264494
12393,343.9773810009602
12394,293.22194235977764
12395,327.15332213144904
12396,294.06229789878745
12397,325.46458255701265
12398,316.9282503256922
12399,301.36586207962256
12400,299.20395359707004
12401,348.61754775481523
12402,369.57655837746324
12403,407.8028772232415
12404,402.1243622613426
12405,491.05155684986926
12406,413.55329954462843
12407,468.71647974916056
12408,420.7088099915678
12409,397.93261007534505
12410,323.6558113210696
12411,257.4710537809966
12412,-0.0
12413,-0.0
12414,-0.0
12415,-0.0
12416,265.4600830961614
12417,336.20916065217796
12418,333.4667236037243
12419,322.9507710318395
12420,208.47001031232008
12421,268.63585022768575
12422,276.5745058728562
12423,185.62923440208095
12424,-0.0
12425,203.81557875691047
12426,262.8272064344521
12427,289.8357046660145
12428,-0.0
12429,-0.0
12430,-0.0
12431,11.559555918885593
12432,53.91849083546168
12433,75.84942555394557
12434,112.84031663840503
12435,183.53485597794554
12436,-0.0
12437,-0.0
12438,-0.0
12439,-0.0
12440,168.22524190440615
12441,159.55318061507302
12442,159.0100422453991
12443,332.6583512872773
12444,-0.0
12445,-0.0
12446,-0.0
12447,-0.0
12448,141.57668372503508
12449,91.86904059955802
12450,-0.0
12451,65.78968280006278
12452,386.0156491800533
12453,290.235009340247
12454,295.4258344694224
12455,210.19099271012354
12456,543.2889886093824
12457,357.0019748483775
12458,182.17814504723978
12459,89.08857224101502
12460,491.0020102712307
12461,334.83316778505167
12462,338.1556495905942
12463,316.28510568298196
12464,294.1060738621387
12465,352.0004203712294
12466,291.5422482632989
12467,312.5264107206545
12468,55.89448646781585
12469,284.4551942190752
12470,437.0994837085993
12471,578.3982520223117
12472,-0.0
12473,334.6990814563317
12474,305.9499651446904
12475,328.59084576583837
12476,91.29766123241615
12477,358.2177818585911
12478,431.56224729723715
12479,559.5908961198618
12480,-0.0
12481,424.05661192528964
12482,435.0868249758502
12483,359.69588857276966
12484,63.58456120181475
12485,288.49349920363557
12486,283.8313488166769
12487,348.33055966587557
12488,209.97898398452094
12489,311.51825534907186
12490,350.8307768883236
12491,339.24576964321415
12492,247.9748622389591
12493,233.93338905279484
12494,326.58454811825527
12495,353.59940743498373
12496,300.33296463627033
12497,352.46599522782475
12498,407.18807729880086
12499,450.27912621342057
12500,463.16183529418174
12501,341.94648308794353
12502,319.4846730432635
12503,397.65592049983724
12504,494.0922104977813
12505,280.70152784503233
12506,135.77399039652587
12507,87.41455283965215
12508,277.94438583225894
12509,32.57091463734173
12510,113.19594364217862
12511,150.96457418883872
12512,308.2923368054035
12513,310.41090376950075
12514,251.9189053562183
12515,239.57744248838551
12516,-0.0
12517,-0.0
12518,-0.0
12519,-0.0
12520,72.96721716332448
12521,247.1180321311711
12522,215.41531273808985
12523,360.3433586773667
12524,268.76898943046416
12525,261.10730877865115
12526,196.0591069653829
12527,258.1708290355019
12528,217.03388569763976
12529,248.05768829911813
12530,138.20135327852427
12531,206.4420863878435
12532,-0.0
12533,48.08848749667871
12534,-0.0
12535,3.899965144690368
12536,-0.0
12537,-0.0
12538,195.69805178373824
12539,197.01960472728098
12540,89.06188575075198
12541,35.21443057732515
12542,-0.0
12543,64.77185633537421
12544,302.6211345224709
12545,274.8412332319157
12546,241.8282316391868
12547,271.2733880807217
12548,242.6986112986225
12549,260.44641713265946
12550,244.36708401512232
12551,213.5511805171938
12552,527.6122330785905
12553,240.9807679526061
12554,289.30496653331573
12555,241.0497697965393
12556,471.299760613295
12557,360.9440878683367
12558,382.71892794303886
12559,339.13446794432457
12560,235.03403069176738
12561,436.66377904258474
12562,316.22152198854826
12563,309.3424164117907
12564,47.871930906358955
12565,400.8789787015918
12566,444.38541606037336
12567,531.1619975922008
12568,-0.0
12569,321.68557137283244
12570,316.9138360621513
12571,455.2220702250507
12572,281.25625247394197
12573,356.935844377213
12574,394.14960668345
12575,800.0
12576,119.75541296911717
12577,414.483779604117
12578,464.9793912721909
12579,456.4462766063906
12580,-0.0
12581,95.67966842441339
12582,133.52216110981965
12583,238.243226199255
12584,157.61231991806437
12585,306.293183543315
12586,239.74704260282778
12587,318.4235297420778
12588,-0.0
12589,130.2862882953133
12590,147.90736118537896
12591,301.3396685814161
12592,302.0474139001009
12593,353.689209309582
12594,338.8900968982558
12595,304.4529936350958
12596,337.0713458944462
12597,205.365242314947
12598,301.2266138694358
12599,330.65050177572897
12600,370.6297669960094
12601,346.68050012860783
12602,222.01448174641894
12603,291.2683045680081
12604,-0.0
12605,-0.0
12606,-0.0
12607,-0.0
12608,-0.0
12609,-0.0
12610,-0.0
12611,-0.0
12612,-0.0
12613,-0.0
12614,-0.0
12615,-0.0
12616,-0.0
12617,-0.0
12618,-0.0
12619,-0.0
12620,-0.0
12621,-0.0
12622,-0.0
12623,46.245357567668975
12624,-0.0
12625,-0.0
12626,-0.0
12627,-0.0
12628,-0.0
12629,-0.0
12630,-0.0
12631,-0.0
12632,-0.0
12633,-0.0
12634,-0.0
12635,-0.0
12636,-0.0
12637,-0.0
12638,-0.0
12639,-0.0
12640,-0.0
12641,-0.0
12642,-0.0
12643,-0.0
12644,-0.0
12645,-0.0
12646,-0.0
12647,-0.0
12648,-0.0
12649,-0.0
12650,-0.0
12651,-0.0
12652,146.98277496355536
12653,-0.0
12654,-0.0
12655,-0.0
12656,-0.0
12657,-0.0
12658,-0.0
12659,-0.0
12660,-0.0
12661,-0.0
12662,-0.0
12663,-0.0
12664,-0.0
12665,-0.0
12666,-0.0
12667,-0.0
12668,-0.0
12669,235.25770138395978
12670,310.3815487949953
12671,484.43075846385926
12672,194.6988654715177
12673,299.13129974272067
12674,320.4817058953034
12675,350.5330512282174
12676,236.18775912077913
12677,290.2886801821486
12678,353.05631842922605
12679,364.57135621277774
12680,224.29153020573085
12681,315.59129081902586
12682,325.3720962896228
12683,324.25162223760975
12684,267.6509430806464
12685,372.9777626165648
12686,313.703648255081
12687,305.10692521288894
12688,307.6761442792702
12689,420.8212229195956
12690,383.11455802003456
12691,337.9594556758355
12692,271.9328928305135
12693,266.04068346781935
12694,241.40472657906716
12695,333.43346418602334
12696,-0.0
12697,-0.0
12698,-0.0
12699,-0.0
12700,-0.0
12701,-0.0
12702,-0.0
12703,-0.0
12704,-0.0
12705,-0.0
12706,-0.0
12707,-0.0
12708,-0.0
12709,-0.0
12710,-0.0
12711,-0.0
12712,-0.0
12713,-0.0
12714,-0.0
12715,-0.0
12716,-0.0
12717,-0.0
12718,-0.0
12719,-0.0
12720,-0.0
12721,-0.0
12722,-0.0
12723,-0.0
12724,-0.0
12725,-0.0
12726,-0.0
12727,-0.0
12728,-0.0
12729,-0.0
12730,-0.0
12731,-0.0
12732,-0.0
12733,-0.0
12734,-0.0
12735,-0.0
12736,-0.0
12737,-0.0
12738,-0.0
12739,-0.0
12740,-0.0
12741,-0.0
12742,-0.0
12743,-0.0
12744,350.4092340880758
12745,-0.0
12746,-0.0
12747,-0.0
12748,157.80233047190018
12749,-0.0
12750,-0.0
12751,-0.0
12752,-0.0
12753,-0.0
12754,-0.0
12755,-0.0
12756,-0.0
12757,-0.0
12758,-0.0
12759,-0.0
12760,-0.0
12761,-0.0
12762,-0.0
12763,-0.0
12764,-0.0
12765,-0.0
12766,44.555695404269045
12767,225.70510614004206
12768,-0.0
12769,317.6398795605087
12770,339.70195728209274
12771,335.6720225337084
12772,254.03661289135135
12773,295.4854139825558
12774,303.88631191925197
12775,347.1952683795248
12776,263.326183179875
12777,310.6529722893639
12778,319.9241285801304
12779,377.3079406668358
12780,247.70869886264262
12781,295.8863320863405
12782,307.9327783688168
12783,306.0045033611664
12784,319.7749281942432
12785,351.783934916576
12786,372.8209681791568
12787,414.693204179978
12788,302.0676750525446
12789,333.1064250902925
12790,248.80391664662287
12791,323.36085859585967
12792,181.33010039404144
12793,111.81961880094762
12794,-0.0
12795,70.55850603219275
12796,-0.0
12797,-0.0
12798,-0.0
12799,-0.0
12800,-0.0
12801,-0.0
12802,-0.0
12803,-0.0
12804,-0.0
12805,-0.0
12806,-0.0
12807,-0.0
12808,-0.0
12809,-0.0
12810,-0.0
12811,-0.0
12812,-0.0
12813,-0.0
12814,-0.0
12815,-0.0
12816,-0.0
12817,-0.0
12818,-0.0
12819,-0.0
12820,-0.0
12821,-0.0
12822,-0.0
12823,-0.0
12824,-0.0
12825,-0.0
12826,-0.0
12827,-0.0
12828,-0.0
12829,-0.0
12830,-0.0
12831,-0.0
12832,-0.0
12833,-0.0
12834,-0.0
12835,-0.0
12836,-0.0
12837,-0.0
12838,-0.0
12839,-0.0
12840,-0.0
12841,-0.0
12842,-0.0
12843,-0.0
12844,-0.0
12845,-0.0
12846,-0.0
12847,-0.0
12848,-0.0
12849,-0.0
12850,-0.0
12851,-0.0
12852,-0.0
12853,-0.0
12854,-0.0
12855,-0.0
12856,-0.0
12857,-0.0
12858,113.02593435894903
12859,373.90809309239813
12860,237.65413596420845
12861,297.2655319594998
12862,298.7463701474908
12863,453.38926836664217
12864,174.49142549482195
12865,355.5722074757243
12866,367.69179150916597
12867,364.39228563630974
12868,153.81891915230133
12869,298.0455314941432
12870,333.05044115287234
12871,355.38551825358104
12872,287.55212041004864
12873,308.3914589675176
12874,290.6928225643734
12875,300.99274880845905
12876,208.1886879827789
12877,301.9079587857976
12878,350.28449499900387
12879,293.6635243021459
12880,244.7502354863898
12881,322.8782154703826
12882,389.4451317595768
12883,377.60346574296267
12884,324.72536292909916
12885,347.1208802045957
12886,356.91024734433796
12887,373.5845726552334
12888,306.2423407057187
12889,256.3123101672765
12890,255.65421808829677
12891,245.65421808829677
12892,1.4524567070321703
12893,0.8035987468829955
12894,-0.0
12895,10.698772438830865
12896,-0.0
12897,-0.0
12898,-0.0
12899,-0.0
12900,-0.0
12901,-0.0
12902,-0.0
12903,-0.0
12904,-0.0
12905,-0.0
12906,-0.0
12907,-0.0
12908,-0.0
12909,-0.0
12910,-0.0
12911,-0.0
12912,-0.0
12913,-0.0
12914,-0.0
12915,-0.0
12916,-0.0
12917,-0.0
12918,-0.0
12919,-0.0
12920,-0.0
12921,-0.0
12922,-0.0
12923,-0.0
12924,-0.0
12925,-0.0
12926,-0.0
12927,-0.0
12928,-0.0
12929,-0.0
12930,-0.0
12931,-0.0
12932,-0.0
12933,-0.0
12934,-0.0
12935,-0.0
12936,-0.0
12937,-0.0
12938,-0.0
12939,-0.0
12940,-0.0
12941,-0.0
12942,-0.0
12943,-0.0
12944,-0.0
12945,-0.0
12946,-0.0
12947,-0.0
12948,-0.0
12949,-0.0
12950,-0.0
12951,225.41015322582987
12952,222.84496109338386
12953,308.03661976553275
12954,309.7878976593968
12955,471.1065374868911
12956,149.91905230050347
12957,315.5156649796676
12958,341.563647371079
12959,531.6232649166877
12960,146.1779891672371
12961,315.68586144876076
12962,343.6293927637045
12963,394.60604470066886
12964,228.01498619189422
12965,315.7868584004623
12966,303.97644671883154
12967,401.8537745609964
12968,283.78754817136746
12969,331.95076713152434
12970,295.12404855117967
12971,320.10053944576487
12972,248.1620353577183
12973,305.94357937756627
12974,302.4537815482632
12975,319.37298639599777
12976,214.62630991006077
12977,321.8406411771588
12978,374.90468271129885
12979,363.8422236174254
12980,304.7795817957105
12981,315.082522542799
12982,301.49266118399566
12983,325.6126716253692
12984,346.22320042638734
12985,325.14484631557957
12986,302.402512481542
12987,356.7309643053833
12988,136.0638114968731
12989,91.67481497123336
12990,86.56375228990679
12991,84.75475522252823
12992,-0.0
12993,-0.0
12994,15.04363292798547
12995,-0.0
12996,-0.0
12997,-0.0
12998,-0.0
12999,-0.0
13000,-0.0
13001,-0.0
13002,-0.0
13003,-0.0
13004,-0.0
13005,-0.0
13006,-0.0
13007,-0.0
13008,-0.0
13009,-0.0
13010,-0.0
13011,-0.0
13012,-0.0
13013,-0.0
13014,-0.0
13015,188.98169915727044
13016,-0.0
13017,-0.0
13018,-0.0
13019,-0.0
13020,-0.0
13021,-0.0
13022,-0.0
13023,-0.0
13024,-0.0
13025,-0.0
13026,-0.0
13027,-0.0
13028,-0.0
13029,-0.0
13030,-0.0
13031,-0.0
13032,314.8316072823943
13033,-0.0
13034,-0.0
13035,-0.0
13036,-0.0
13037,-0.0
13038,-0.0
13039,-0.0
13040,-0.0
13041,-0.0
13042,57.61373142414851
13043,380.1749100752814
13044,186.89920581379633
13045,314.84393003817644
13046,319.15964446099025
13047,371.54294805692524
13048,185.33127254306135
13049,322.4591503338465
13050,278.22781963613136
13051,308.31392013639714
13052,79.63187290870792
13053,459.8035135792849
13054,443.4237210449337
13055,726.1607127866616
13056,16.33069962460081
13057,314.73700482528744
13058,494.2630842843608
13059,548.0956413854344
13060,143.17574982763293
13061,274.06229789878745
13062,266.2332518592976
13063,269.27880803539887
13064,-0.0
13065,263.9008344694224
13066,284.7781210778052
13067,273.3261584979168
13068,234.4845559188856
13069,276.84802710178013
13070,276.5074930959471
13071,294.838536570635
13072,292.6653820261455
13073,333.16421125973955
13074,372.48950433323955
13075,377.30721619125137
13076,408.75049217698614
13077,355.33066380924083
13078,248.0259407079252
13079,422.0563591350084
13080,329.3517962365742
13081,205.66510469888613
13082,245.54057233889418
13083,177.90970481332837
13084,319.6944079965159
13085,67.49905383410876
13086,151.32570897687057
13087,208.98642201105906
13088,-0.0
13089,-0.0
13090,-0.0
13091,-0.0
13092,-0.0
13093,-0.0
13094,-0.0
13095,-0.0
13096,-0.0
13097,-0.0
13098,-0.0
13099,-0.0
13100,-0.0
13101,-0.0
13102,-0.0
13103,-0.0
13104,261.2840701599157
13105,290.97456526514395
13106,179.25037072972947
13107,386.85037576513184
13108,104.87921167028045
13109,145.40420972012288
13110,110.70512826379115
13111,219.1203123215376
13112,-0.0
13113,-0.0
13114,-0.0
13115,-0.0
13116,-0.0
13117,-0.0
13118,-0.0
13119,-0.0
13120,134.94301929513847
13121,25.837213256997956
13122,-0.0
13123,-0.0
13124,220.98320710822009
13125,160.81419899125052
13126,-0.0
13127,-0.0
13128,483.59904507342816
13129,131.7553043578932
13130,-0.0
13131,31.29539079283751
13132,465.04399194816534
13133,197.3503170429345
13134,197.8870696454843
13135,251.33040711864447
13136,322.21475460581956
13137,281.1038592044927
13138,256.69611764114313
13139,196.2122358438185
13140,75.78439305332296
13141,250.39120422707882
13142,277.8155993935735
13143,357.8424926854062
13144,-0.0
13145,216.83777333942578
13146,118.76534855344983
13147,206.54055617008996
13148,125.82350002471733
13149,292.50024190440615
13150,319.3531786649154
13151,421.13510430036797
13152,20.698292553057172
13153,276.8309037634894
13154,276.16376620655205
13155,307.91565503052607
13156,-0.0
13157,281.7961485961376
13158,224.37226192041334
13159,316.6796940964787
13160,63.22371097412898
13161,333.52404450588455
13162,304.26386059912943
13163,316.78661930936767
13164,-0.0
13165,101.30351382681172
13166,301.2471823140262
13167,373.5497541952787
13168,291.92926730723303
13169,380.05456289843414
13170,341.1498357518234
13171,429.47132525778323
13172,326.36979099473456
13173,345.8293616998104
13174,389.9655217373439
13175,365.6214132323443
13176,352.6742225501441
13177,365.05312497812037
13178,318.96249643473004
13179,76.84250520142211
13180,-0.0
13181,-0.0
13182,-0.0
13183,-0.0
13184,-0.0
13185,-0.0
13186,-0.0
13187,-0.0
13188,-0.0
13189,-0.0
13190,-0.0
13191,-0.0
13192,-0.0
13193,76.71312290944056
13194,208.79971472713032
13195,202.58407001493572
13196,-0.0
13197,-0.0
13198,-0.0
13199,-0.0
13200,-0.0
13201,-0.0
13202,-0.0
13203,-0.0
13204,-0.0
13205,-0.0
13206,-0.0
13207,-0.0
13208,-0.0
13209,-0.0
13210,-0.0
13211,-0.0
13212,-0.0
13213,-0.0
13214,-0.0
13215,-0.0
13216,-0.0
13217,-0.0
13218,-0.0
13219,-0.0
13220,-0.0
13221,-0.0
13222,-0.0
13223,-0.0
13224,275.9422479432824
13225,464.2277022224321
13226,147.09539136038114
13227,60.003960830156814
13228,754.0308503967112
13229,251.07009633672357
13230,181.70349570784992
13231,216.14006579828134
13232,315.8777950991532
13233,200.04310085168314
13234,120.69679176270412
13235,241.16795138969678
13236,142.78065292336578
13237,257.96581676100146
13238,267.83003833907253
13239,329.8492741418016
13240,-0.0
13241,275.96169501543966
13242,288.45876871824186
13243,322.96431597064844
13244,1.729448539284249
13245,265.3009185436683
13246,311.20340635067487
13247,387.18928558319755
13248,58.11949483598977
13249,301.3812558505416
13250,432.91203404728964
13251,348.0301249310196
13252,146.58803350777373
13253,330.3576208685512
13254,324.93588313283783
13255,373.2172486858625
13256,180.66326956170712
13257,301.8161945611445
13258,300.55103795696243
13259,346.61883725631196
13260,264.29643986445996
13261,316.21896788256083
13262,301.41517150600924
13263,302.205690864607
13264,331.97415697143884
13265,369.83749077130585
13266,381.281937481378
13267,478.1541164417556
13268,301.59686860386324
13269,325.5544418737411
13270,322.7718808723523
13271,416.92736483215594
13272,184.07566688847425
13273,104.02209628962274
13274,13.559523013733553
13275,-0.0
13276,-0.0
13277,-0.0
13278,-0.0
13279,-0.0
13280,-0.0
13281,-0.0
13282,-0.0
13283,-0.0
13284,-0.0
13285,-0.0
13286,-0.0
13287,-0.0
13288,-0.0
13289,-0.0
13290,-0.0
13291,-0.0
13292,-0.0
13293,-0.0
13294,-0.0
13295,-0.0
13296,-0.0
13297,-0.0
13298,-0.0
13299,-0.0
13300,-0.0
13301,-0.0
13302,-0.0
13303,-0.0
13304,-0.0
13305,-0.0
13306,-0.0
13307,-0.0
13308,-0.0
13309,-0.0
13310,-0.0
13311,-0.0
13312,-0.0
13313,-0.0
13314,-0.0
13315,-0.0
13316,-0.0
13317,-0.0
13318,-0.0
13319,-0.0
13320,307.25510592449757
13321,-0.0
13322,-0.0
13323,-0.0
13324,-0.0
13325,-0.0
13326,-0.0
13327,-0.0
13328,-0.0
13329,-0.0
13330,-0.0
13331,-0.0
13332,-0.0
13333,-0.0
13334,-0.0
13335,-0.0
13336,-0.0
13337,-0.0
13338,-0.0
13339,-0.0
13340,-0.0
13341,-0.0
13342,-0.0
13343,67.4595958820878
13344,-0.0
13345,-0.0
13346,185.50154610804412
13347,493.41787605823214
13348,189.3642087420384
13349,360.53573562100905
13350,342.24213170646465
13351,438.09174870824603
13352,259.6369491883349
13353,304.0933516918068
13354,261.8367810398431
13355,450.5166523655111
13356,329.10191336095215
13357,342.26830052271293
13358,321.4284534744736
13359,330.23900226048545
13360,335.6318985807733
13361,361.021602017499
13362,424.1104750300975
13363,392.47675748094946
13364,319.6134569642479
13365,300.9247561454363
13366,269.540078634314
13367,267.11519965900703
13368,333.05923050777716
13369,168.39686413600452
13370,93.4015331279615
13371,-0.0
13372,98.46874232238373
13373,9.805637322105127
13374,8.457915562314042
13375,43.10771647224718
13376,-0.0
13377,-0.0
13378,-0.0
13379,-0.0
13380,-0.0
13381,-0.0
13382,-0.0
13383,-0.0
13384,-0.0
13385,-0.0
13386,-0.0
13387,-0.0
13388,-0.0
13389,-0.0
13390,-0.0
13391,-0.0
13392,-0.0
13393,-0.0
13394,-0.0
13395,-0.0
13396,-0.0
13397,-0.0
13398,-0.0
13399,-0.0
13400,-0.0
13401,-0.0
13402,-0.0
13403,-0.0
13404,-0.0
13405,-0.0
13406,-0.0
13407,-0.0
13408,-0.0
13409,-0.0
13410,-0.0
13411,-0.0
13412,-0.0
13413,-0.0
13414,-0.0
13415,-0.0
13416,-0.0
13417,-0.0
13418,-0.0
13419,-0.0
13420,-0.0
13421,-0.0
13422,-0.0
13423,-0.0
13424,-0.0
13425,-0.0
13426,-0.0
13427,-0.0
13428,-0.0
13429,-0.0
13430,-0.0
13431,-0.0
13432,-0.0
13433,-0.0
13434,-0.0
13435,7.0393224611549385
13436,-0.0
13437,-0.0
13438,35.546268310706864
13439,299.2706153933525
13440,-0.0
13441,229.4546853807994
13442,324.81457311352324
13443,305.71326242231436
13444,312.83760770863523
13445,373.3251240423761
13446,298.4555758346798
13447,308.4812608421159
13448,232.34833244376915
13449,307.1710716022337
13450,329.9818843621266
13451,306.1916791447625
13452,284.14302961346993
13453,317.42856994218187
13454,308.94111644911175
13455,322.646373447369
13456,328.70887524881755
13457,360.65419583739697
13458,399.3565808995746
13459,401.56156445705557
13460,293.94288161721994
13461,275.8225782313927
13462,316.94882539480795
13463,377.17375352752214
13464,184.53347954505708
13465,191.0575874885245
13466,164.87132915809843
13467,219.77008625248118
13468,-0.0
13469,-0.0
13470,-0.0
13471,-0.0
13472,-0.0
13473,-0.0
13474,-0.0
13475,-0.0
13476,-0.0
13477,-0.0
13478,-0.0
13479,-0.0
13480,-0.0
13481,-0.0
13482,-0.0
13483,-0.0
13484,-0.0
13485,-0.0
13486,-0.0
13487,-0.0
13488,-0.0
13489,-0.0
13490,-0.0
13491,-0.0
13492,-0.0
13493,-0.0
13494,-0.0
13495,-0.0
13496,-0.0
13497,-0.0
13498,-0.0
13499,-0.0
13500,-0.0
13501,-0.0
13502,-0.0
13503,-0.0
13504,-0.0
13505,-0.0
13506,-0.0
13507,-0.0
13508,-0.0
13509,-0.0
13510,-0.0
13511,-0.0
13512,3.266539213938586
13513,-0.0
13514,-0.0
13515,-0.0
13516,19.003344935739733
13517,-0.0
13518,-0.0
13519,-0.0
13520,-0.0
13521,-0.0
13522,-0.0
13523,-0.0
13524,-0.0
13525,-0.0
13526,-0.0
13527,-0.0
13528,-0.0
13529,-0.0
13530,-0.0
13531,-0.0
13532,-0.0
13533,-0.0
13534,-0.0
13535,-0.0
13536,-0.0
13537,-0.0
13538,-0.0
13539,191.23691419363038
13540,169.69081229314273
13541,293.3604298564564
13542,313.5448692185077
13543,299.84709823978034
13544,96.31475988874871
13545,366.5258247186345
13546,357.94939321633706
13547,386.52531622786415
13548,320.5078747115517
13549,356.3413606746251
13550,305.41270405137016
13551,289.59046415023374
13552,46.09083821273481
13553,358.5733964488956
13554,414.30634296620417
13555,389.6158231790178
13556,211.5964029140128
13557,274.124021919064
13558,282.46413555366763
13559,241.78942862716758
13560,73.99457809516531
13561,-0.0
13562,-0.0
13563,-0.0
13564,468.05323082411644
13565,206.50201360400223
13566,145.76101390831874
13567,171.60354534934976
13568,188.6204843703445
13569,182.0417888464848
13570,124.68738782350604
13571,215.71658389252585
13572,31.48648349848439
13573,98.32667340670358
13574,90.50350464356742
13575,100.16246214696402
13576,111.6519703805187
13577,171.97618110560475
13578,187.2133910089638
13579,199.48118373965443
13580,-0.0
13581,-0.0
13582,-0.0
13583,-0.0
13584,-0.0
13585,-0.0
13586,-0.0
13587,-0.0
13588,-0.0
13589,15.286173334981157
13590,157.30804090988588
13591,180.14248041691718
13592,-0.0
13593,87.57253939265269
13594,44.983996404001374
13595,43.32676974943853
13596,-0.0
13597,28.46324349713501
13598,16.901695993524125
13599,44.23362957458699
13600,382.62227727414717
13601,257.2323578526074
13602,194.54279160937892
13603,252.1398962671756
13604,344.96599384521073
13605,230.2833359335434
13606,105.52533977473504
13607,211.34605420356021
13608,484.30171929286826
13609,246.0671066019429
13610,255.7581101979415
13611,367.7448160992563
13612,699.1008445402272
13613,454.11436770728585
13614,251.39299851349548
13615,277.28472406737734
13616,246.08402679145223
13617,264.7443582100361
13618,319.2814924281905
13619,317.68787415001947
13620,243.52068500142468
13621,344.1794521920726
13622,315.1096096056806
13623,302.5318041881959
13624,20.86023979123445
13625,286.47276261055345
13626,206.69662613191355
13627,309.71400421064305
13628,235.9482730514814
13629,306.6770343856452
13630,317.07261509872467
13631,375.8704170324464
13632,-0.0
13633,269.30229245885556
13634,348.07929436191233
13635,255.73125442409955
13636,147.15095492657184
13637,374.50777251834404
13638,311.74917974922425
13639,352.75588369437
13640,256.1557130281771
13641,312.7825610013888
13642,305.4821897041157
13643,390.87849489277954
13644,133.98135019929092
13645,313.0108010087495
13646,302.92421669967143
13647,298.1182347124089
13648,314.9357906398456
13649,343.09433523882683
13650,362.50143411792953
13651,373.99332092917825
13652,222.38324990913998
13653,236.59295602903217
13654,245.26081235288316
13655,226.59794107737667
13656,-0.0
13657,-0.0
13658,-0.0
13659,-0.0
13660,-0.0
13661,-0.0
13662,-0.0
13663,-0.0
13664,-0.0
13665,-0.0
13666,-0.0
13667,-0.0
13668,-0.0
13669,-0.0
13670,-0.0
13671,-0.0
13672,-0.0
13673,-0.0
13674,-0.0
13675,-0.0
13676,-0.0
13677,-0.0
13678,-0.0
13679,-0.0
13680,-0.0
13681,-0.0
13682,-0.0
13683,-0.0
13684,-0.0
13685,-0.0
13686,-0.0
13687,-0.0
13688,-0.0
13689,-0.0
13690,-0.0
13691,-0.0
13692,-0.0
13693,-0.0
13694,-0.0
13695,-0.0
13696,-0.0
13697,-0.0
13698,-0.0
13699,-0.0
13700,-0.0
13701,-0.0
13702,-0.0
13703,-0.0
13704,-0.0
13705,-0.0
13706,-0.0
13707,-0.0
13708,-0.0
13709,-0.0
13710,-0.0
13711,-0.0
13712,-0.0
13713,-0.0
13714,-0.0
13715,-0.0
13716,-0.0
13717,-0.0
13718,-0.0
13719,-0.0
13720,-0.0
13721,-0.0
13722,13.493969433834991
13723,140.1112634383187
13724,-0.0
13725,-0.0
13726,133.19155009981364
13727,800.0
13728,-0.0
13729,-0.0
13730,17.478220010731548
13731,56.5908709428503
13732,-0.0
13733,-0.0
13734,-0.0
13735,79.09542741184507
13736,86.77982625457366
13737,221.36146091166384
13738,290.19938679832075
13739,347.0058138387708
13740,323.14072683628285
13741,332.9381471544001
13742,320.9986260848127
13743,326.930959400442
13744,305.42177421128594
13745,349.4974940740316
13746,357.62158138083606
13747,331.8309037634894
13748,222.18763224561334
13749,207.02080003066504
13750,233.98012883133475
13751,236.0157881787282
13752,-0.0
13753,-0.0
13754,-0.0
13755,-0.0
13756,-0.0
13757,-0.0
13758,-0.0
13759,-0.0
13760,-0.0
13761,-0.0
13762,-0.0
13763,-0.0
13764,-0.0
13765,-0.0
13766,-0.0
13767,-0.0
13768,-0.0
13769,-0.0
13770,-0.0
13771,-0.0
13772,-0.0
13773,-0.0
13774,-0.0
13775,-0.0
13776,-0.0
13777,-0.0
13778,-0.0
13779,-0.0
13780,-0.0
13781,-0.0
13782,-0.0
13783,131.5561711202824
13784,127.45358229979698
13785,176.81430565231693
13786,146.74852137390388
13787,173.49450823956607
13788,-0.0
13789,123.46803351378509
13790,159.1544949929925
13791,209.2716492862777
13792,266.5507075942566
13793,208.68792336895575
13794,225.0013984521654
13795,277.5926505155665
13796,256.06171621964626
13797,47.792373043327146
13798,-0.0
13799,-0.0
13800,380.8845629044455
13801,176.35628286139283
13802,42.52522655067227
13803,-0.0
13804,407.7585680871617
13805,208.3222905026866
13806,163.50235337873727
13807,288.04652379372584
13808,387.71844413422656
13809,281.11508058447157
13810,200.95511794545965
13811,332.6269748483775
13812,275.8092770640323
13813,322.5548048028403
13814,351.8759126931956
13815,386.65841025700144
13816,101.68148739278817
13817,332.5313203793836
13818,352.6291754323568
13819,333.9169408261723
13820,306.1466675502195
13821,370.22676389896577
13822,336.9683742786273
13823,400.7747625634526
13824,-0.0
13825,453.7011551651453
13826,417.3507243306044
13827,404.70077354954066
13828,246.22251428813098
13829,295.4821897041157
13830,282.878723961153
13831,390.06747637162204
13832,260.77773946220066
13833,306.4433762287849
13834,317.7857538849508
13835,319.15964446099025
13836,251.01722553149838
13837,337.14746953705344
13838,351.5872325110469
13839,327.44787958995136
13840,274.31904254971556
13841,348.64820361844573
13842,387.1732897878292
13843,470.8668755834118
13844,373.5158994526334
13845,288.41047503009753
13846,263.49488343715433
13847,302.9490853566469
13848,335.3755989830326
13849,319.87993795104245
13850,238.05104346867654
13851,212.51748374968875
13852,361.21401062865937
13853,156.0560325888128
13854,242.8357823222441
13855,266.41269763335384
13856,-0.0
13857,-0.0
13858,-0.0
13859,-0.0
13860,-0.0
13861,-0.0
13862,-0.0
13863,-0.0
13864,-0.0
13865,-0.0
13866,-0.0
13867,-0.0
13868,-0.0
13869,-0.0
13870,-0.0
13871,-0.0
13872,-0.0
13873,-0.0
13874,-0.0
13875,-0.0
13876,-0.0
13877,-0.0
13878,-0.0
13879,-0.0
13880,-0.0
13881,-0.0
13882,-0.0
13883,-0.0
13884,-0.0
13885,-0.0
13886,-0.0
13887,-0.0
13888,-0.0
13889,-0.0
13890,-0.0
13891,-0.0
13892,-0.0
13893,-0.0
13894,-0.0
13895,-0.0
13896,-0.0
13897,-0.0
13898,-0.0
13899,-0.0
13900,104.83312952448068
13901,-0.0
13902,-0.0
13903,-0.0
13904,226.8637875020465
13905,317.7082150538304
13906,313.55123030367366
13907,304.35095339897794
13908,179.0449585756827
13909,351.7465200383907
13910,360.8452158338227
13911,335.22458799694454
13912,26.406037871741944
13913,374.62640292002413
13914,435.43052718328715
13915,374.86322927848835
13916,84.03470481332835
13917,367.77300703266076
13918,504.7768362722662
13919,571.75865719681
13920,-0.0
13921,410.307011804836
13922,392.0855532538706
13923,369.2195761450077
13924,113.45954503301053
13925,358.694094286353
13926,321.930959400442
13927,328.45506734390943
13928,57.92061652843944
13929,202.2595475507117
13930,187.53107971261147
13931,351.0585577688302
13932,258.9270279676289
13933,326.7374251965168
13934,303.380721396351
13935,325.608922648087
13936,339.820929423532
13937,372.3987101590586
13938,372.68250536443617
13939,404.3515443345417
13940,374.69843204745104
13941,369.9590435278001
13942,413.0559697187735
13943,436.0753323966684
13944,109.8233919810369
13945,169.69518292867065
13946,156.55445609238777
13947,143.80005860835539
13948,201.35784089298122
13949,146.20665862652467
13950,132.49178899146474
13951,145.49988092546448
13952,-0.0
13953,-0.0
13954,-0.0
13955,-0.0
13956,-0.0
13957,-0.0
13958,-0.0
13959,-0.0
13960,-0.0
13961,-0.0
13962,159.5484947972857
13963,320.15518641844494
13964,66.77945761998171
13965,214.10033644196352
13966,202.5216409181038
13967,256.2409109177147
13968,317.7074658079306
13969,329.80995037052287
13970,215.53900421064304
13971,300.2980173509922
13972,-0.0
13973,-0.0
13974,-0.0
13975,-0.0
13976,-0.0
13977,-0.0
13978,-0.0
13979,-0.0
13980,76.04690750446804
13981,79.6494831410557
13982,109.12080839883895
13983,124.30207955928631
13984,300.5112396439207
13985,312.3267368442865
13986,256.36383354445013
13987,336.95096386228937
13988,406.7672493983862
13989,88.99330190532694
13990,169.7022801903665
13991,187.79920638133996
13992,643.0728748745657
13993,175.3970996223943
13994,204.13180167049472
13995,190.5409312226982
13996,626.267905823549
13997,328.5950309489831
13998,335.8954022462562
13999,313.07811075947376
14000,458.38410558276894
14001,302.0244379674146
14002,355.4533118131175
14003,321.9576120255026
14004,138.12754801436475
14005,341.77805764022236
14006,405.02418421708296
14007,375.1952262971341
14008,34.41952327328306
14009,305.83447826265603
14010,294.1515912826153
14011,370.642660833898
14012,175.5888989321906
14013,468.3339438522936
14014,389.554232874487
14015,369.851474725781
14016,-0.0
14017,293.89764158586036
14018,354.65578930179265
14019,320.4528280043053
14020,86.84343463096548
14021,339.0928678829945
14022,292.266608429504
14023,352.16996166092747
14024,225.47512882532337
14025,332.1415922606998
14026,303.3604051744983
14027,315.71582317901783
14028,224.675381048061
14029,378.70850854989396
14030,323.2823578526074
14031,324.8439053562183
14032,304.63007319438213
14033,345.8217496743078
14034,405.1952198791178
14035,387.7446065324586
14036,505.7295963711298
14037,367.0171951440475
14038,284.8161796901006
14039,365.378084127358
14040,414.67455104649736
14041,354.6354193931449
14042,293.2999606768316
14043,356.7165961610149
14044,421.70657706997997
14045,189.7020480367482
14046,254.94056648842144
14047,230.74077339253796
14048,205.10472909676838
14049,73.71838417439523
14050,132.11470343672576
14051,91.16036180603476
14052,8.41597207346058
14053,213.34302571315482
14054,194.4057439831716
14055,146.15811661595788
14056,3.617614380189707
14057,209.35517805027104
14058,180.3547717527083
14059,235.26131786769386
14060,181.27626278626207
14061,255.77813334629428
14062,259.49353615408273
14063,314.69679094763376
14064,102.38865897794204
14065,223.07361966679645
14066,215.58193943153563
14067,282.80643930893916
14068,81.20815941687773
14069,160.65280736764225
14070,169.02049731527535
14071,168.19098672882228
14072,-0.0
14073,-0.0
14074,-0.0
14075,-0.0
14076,35.19643382485227
14077,199.93570466601454
14078,130.10135327852427
14079,208.9162785505368
14080,143.55115654775926
14081,163.92913011373574
14082,128.7681751751411
14083,154.7807317146825
14084,377.98952943776123
14085,288.9297246289096
14086,249.69520104763242
14087,312.7343961385678
14088,534.891539708992
14089,370.26068933767095
14090,270.62676333142224
14091,294.9104563435921
14092,448.3819049987896
14093,336.8999056074226
14094,343.94949540954474
14095,369.42532402849446
14096,369.5376180269667
14097,334.3825156827677
14098,371.95076713152434
14099,324.7059510322681
14100,243.02134727706022
14101,389.4473323435562
14102,395.17759446807304
14103,466.5761777519658
14104,42.20798623298367
14105,395.7892015089517
14106,334.37615459760167
14107,361.2488990891933
14108,186.54420818050616
14109,462.3064398764827
14110,429.0913670926414
14111,641.1888662020754
14112,7.7831460133015185
14113,417.3475561290005
14114,357.4816424577205
14115,325.308487913231
14116,103.32108221828989
14117,319.4050324885998
14118,311.9052743930059
14119,357.27954658464995
14120,272.91345444654667
14121,308.3716759183934
14122,310.47045983336636
14123,349.1244054848261
14124,127.48609546486347
14125,294.30449304283496
14126,286.24449792123454
14127,367.9376633455878
14128,262.6992280417299
14129,334.37849237507834
14130,363.3076962447285
14131,383.30345216151045
14132,336.89212138813315
14133,338.3445677768338
14134,280.5624905842573
14135,327.0342608952281
14136,-0.0
14137,-0.0
14138,-0.0
14139,-0.0
14140,-0.0
14141,-0.0
14142,-0.0
14143,-0.0
14144,-0.0
14145,-0.0
14146,-0.0
14147,-0.0
14148,-0.0
14149,-0.0
14150,-0.0
14151,-0.0
14152,-0.0
14153,-0.0
14154,-0.0
14155,-0.0
14156,-0.0
14157,-0.0
14158,-0.0
14159,-0.0
14160,-0.0
14161,-0.0
14162,-0.0
14163,-0.0
14164,-0.0
14165,-0.0
14166,-0.0
14167,-0.0
14168,-0.0
14169,-0.0
14170,-0.0
14171,-0.0
14172,-0.0
14173,-0.0
14174,-0.0
14175,-0.0
14176,-0.0
14177,-0.0
14178,-0.0
14179,-0.0
14180,-0.0
14181,-0.0
14182,-0.0
14183,-0.0
14184,-0.0
14185,-0.0
14186,-0.0
14187,-0.0
14188,-0.0
14189,-0.0
14190,-0.0
14191,-0.0
14192,-0.0
14193,-0.0
14194,-0.0
14195,-0.0
14196,-0.0
14197,-0.0
14198,-0.0
14199,-0.0
14200,-0.0
14201,-0.0
14202,-0.0
14203,-0.0
14204,-0.0
14205,-0.0
14206,-0.0
14207,-0.0
14208,-0.0
14209,-0.0
14210,-0.0
14211,-0.0
14212,-0.0
14213,91.32275332409088
14214,318.14072683628285
14215,314.9331987400461
14216,112.17175495723689
14217,323.22414294375704
14218,289.5268804558001
14219,364.5312322598426
14220,241.0461034224965
14221,322.6406295752099
14222,317.4761769782757
14223,323.65694265503726
14224,332.21983634614344
14225,318.7314657960749
14226,357.2565272835002
14227,357.6024547568746
14228,260.32187250417843
14229,306.9375521077333
14230,316.45284543230355
14231,295.67385282537856
14232,-0.0
14233,-0.0
14234,-0.0
14235,-0.0
14236,-0.0
14237,-0.0
14238,-0.0
14239,-0.0
14240,-0.0
14241,-0.0
14242,-0.0
14243,-0.0
14244,-0.0
14245,-0.0
14246,-0.0
14247,-0.0
14248,-0.0
14249,-0.0
14250,-0.0
14251,-0.0
14252,-0.0
14253,-0.0
14254,-0.0
14255,-0.0
14256,-0.0
14257,-0.0
14258,-0.0
14259,-0.0
14260,-0.0
14261,-0.0
14262,-0.0
14263,-0.0
14264,-0.0
14265,-0.0
14266,-0.0
14267,-0.0
14268,-0.0
14269,-0.0
14270,-0.0
14271,-0.0
14272,-0.0
14273,-0.0
14274,-0.0
14275,-0.0
14276,-0.0
14277,-0.0
14278,-0.0
14279,-0.0
14280,145.0908489235734
14281,-0.0
14282,-0.0
14283,-0.0
14284,-0.0
14285,-0.0
14286,-0.0
14287,-0.0
14288,-0.0
14289,-0.0
14290,-0.0
14291,-0.0
14292,-0.0
14293,-0.0
14294,-0.0
14295,-0.0
14296,-0.0
14297,-0.0
14298,-0.0
14299,-0.0
14300,-0.0
14301,-0.0
14302,-0.0
14303,-0.0
14304,-0.0
14305,-0.0
14306,-0.0
14307,-0.0
14308,-0.0
14309,-0.0
14310,61.316361897038746
14311,303.3157569945743
14312,307.3413107789022
14313,354.9095038339127
14314,303.52772119825886
14315,357.5564968960493
14316,238.97936560012553
14317,345.5448057809248
14318,302.59221968102565
14319,304.1917152355504
14320,220.30688184442545
14321,306.5990484061997
14322,346.57450152414924
14323,344.3182926800141
14324,280.9883984361727
14325,308.181816234626
14326,385.2274489064019
14327,250.48706329784468
14328,-0.0
14329,-0.0
14330,-0.0
14331,-0.0
14332,-0.0
14333,-0.0
14334,-0.0
14335,-0.0
14336,-0.0
14337,-0.0
14338,-0.0
14339,-0.0
14340,-0.0
14341,-0.0
14342,-0.0
14343,-0.0
14344,-0.0
14345,-0.0
14346,-0.0
14347,-0.0
14348,-0.0
14349,-0.0
14350,-0.0
14351,-0.0
14352,-0.0
14353,-0.0
14354,-0.0
14355,-0.0
14356,-0.0
14357,-0.0
14358,-0.0
14359,-0.0
14360,-0.0
14361,-0.0
14362,-0.0
14363,-0.0
14364,-0.0
14365,-0.0
14366,-0.0
14367,-0.0
14368,-0.0
14369,-0.0
14370,-0.0
14371,-0.0
14372,-0.0
14373,-0.0
14374,-0.0
14375,-0.0
14376,-0.0
14377,-0.0
14378,-0.0
14379,-0.0
14380,272.06103827026027
14381,-0.0
14382,-0.0
14383,-0.0
14384,-0.0
14385,-0.0
14386,-0.0
14387,-0.0
14388,-0.0
14389,-0.0
14390,-0.0
14391,-0.0
14392,-0.0
14393,-0.0
14394,-0.0
14395,11.744765002652684
14396,-0.0
14397,-0.0
14398,-0.0
14399,68.52770761964598
14400,-0.0
14401,-0.0
14402,-0.0
14403,-0.0
14404,-0.0
14405,-0.0
14406,174.83142638735012
14407,313.3157569945743
14408,302.3413107789022
14409,364.9095038339127
14410,293.52772119825886
14411,367.5564968960493
14412,238.97936560012553
14413,345.5448057809248
14414,317.59221968102565
14415,304.1917152355504
14416,239.38188184442544
14417,325.6740484061997
14418,390.64950152414923
14419,373.3932926800141
14420,333.3883984361727
14421,350.581816234626
14422,407.62744890640187
14423,262.88706329784463
14424,-0.0
14425,-0.0
14426,-0.0
14427,7.701613578451948
14428,-0.0
14429,-0.0
14430,-0.0
14431,-0.0
14432,-0.0
14433,-0.0
14434,-0.0
14435,-0.0
14436,-0.0
14437,-0.0
14438,-0.0
14439,-0.0
14440,-0.0
14441,-0.0
14442,-0.0
14443,-0.0
14444,-0.0
14445,-0.0
14446,-0.0
14447,-0.0
14448,-0.0
14449,-0.0
14450,-0.0
14451,-0.0
14452,-0.0
14453,-0.0
14454,-0.0
14455,-0.0
14456,-0.0
14457,-0.0
14458,-0.0
14459,-0.0
14460,-0.0
14461,-0.0
14462,-0.0
14463,-0.0
14464,-0.0
14465,-0.0
14466,-0.0
14467,-0.0
14468,-0.0
14469,-0.0
14470,-0.0
14471,-0.0
14472,-0.0
14473,-0.0
14474,-0.0
14475,-0.0
14476,292.06103827026027
14477,-0.0
14478,-0.0
14479,-0.0
14480,-0.0
14481,-0.0
14482,-0.0
14483,-0.0
14484,-0.0
14485,-0.0
14486,-0.0
14487,-0.0
14488,-0.0
14489,-0.0
14490,-0.0
14491,16.744765002652684
14492,-0.0
14493,-0.0
14494,-0.0
14495,78.52770761964598
14496,-0.0
14497,156.08838723710346
14498,284.09117578978555
14499,352.51049566676045
14500,173.18699588956994
14501,296.40596135059957
14502,253.49988497075964
14503,299.0013739151873
14504,-0.0
14505,286.4032769578079
14506,262.54135815692393
14507,275.8665243552581
14508,207.84544490219614
14509,252.00463023633222
14510,269.44346434832596
14511,270.84671662417577
14512,235.32148893841622
14513,234.99050890131127
14514,320.88392654840214
14515,293.43653076726304
14516,222.4277433625158
14517,305.9738208654202
14518,180.28078231623272
14519,335.13663352801433
14520,-0.0
14521,-0.0
14522,-0.0
14523,-0.0
14524,-0.0
14525,-0.0
14526,-0.0
14527,-0.0
14528,-0.0
14529,-0.0
14530,-0.0
14531,-0.0
14532,-0.0
14533,-0.0
14534,-0.0
14535,-0.0
14536,-0.0
14537,-0.0
14538,-0.0
14539,-0.0
14540,-0.0
14541,-0.0
14542,-0.0
14543,-0.0
14544,-0.0
14545,-0.0
14546,-0.0
14547,-0.0
14548,-0.0
14549,-0.0
14550,-0.0
14551,-0.0
14552,-0.0
14553,-0.0
14554,-0.0
14555,-0.0
14556,-0.0
14557,-0.0
14558,-0.0
14559,-0.0
14560,-0.0
14561,-0.0
14562,-0.0
14563,-0.0
14564,-0.0
14565,-0.0
14566,-0.0
14567,-0.0
14568,150.41485215613193
14569,-0.0
14570,-0.0
14571,-0.0
14572,-0.0
14573,-0.0
14574,-0.0
14575,-0.0
14576,-0.0
14577,-0.0
14578,-0.0
14579,-0.0
14580,-0.0
14581,-0.0
14582,-0.0
14583,-0.0
14584,-0.0
14585,-0.0
14586,-0.0
14587,-0.0
14588,-0.0
14589,-0.0
14590,207.63814167817497
14591,474.98795294133623
14592,-0.0
14593,387.7206447182059
14594,319.6648347797503
14595,430.5486984581131
14596,21.434407271969633
14597,303.70096386228937
14598,277.073123589495
14599,328.3481668129786
14600,129.9569756694592
14601,299.38520007555934
14602,154.0097195995186
14603,253.66722567647838
14604,69.50516464669471
14605,172.30334819602115
14606,217.34884093453957
14607,279.36541702643507
14608,151.67038941022352
14609,256.8853987564819
14610,254.07446835486542
14611,340.94031858856255
14612,209.01674562300127
14613,234.04881639756144
14614,214.6095125504221
14615,284.70052270941704
14616,-0.0
14617,-0.0
14618,-0.0
14619,-0.0
14620,-0.0
14621,-0.0
14622,-0.0
14623,-0.0
14624,-0.0
14625,-0.0
14626,-0.0
14627,-0.0
14628,-0.0
14629,-0.0
14630,-0.0
14631,-0.0
14632,-0.0
14633,-0.0
14634,-0.0
14635,-0.0
14636,-0.0
14637,-0.0
14638,-0.0
14639,-0.0
14640,-0.0
14641,-0.0
14642,-0.0
14643,-0.0
14644,-0.0
14645,-0.0
14646,-0.0
14647,-0.0
14648,-0.0
14649,-0.0
14650,-0.0
14651,-0.0
14652,-0.0
14653,-0.0
14654,-0.0
14655,-0.0
14656,-0.0
14657,-0.0
14658,-0.0
14659,-0.0
14660,-0.0
14661,-0.0
14662,-0.0
14663,-0.0
14664,-0.0
14665,-0.0
14666,-0.0
14667,-0.0
14668,86.83725127004254
14669,-0.0
14670,-0.0
14671,-0.0
14672,-0.0
14673,-0.0
14674,-0.0
14675,-0.0
14676,-0.0
14677,-0.0
14678,-0.0
14679,-0.0
14680,-0.0
14681,-0.0
14682,-0.0
14683,-0.0
14684,-0.0
14685,-0.0
14686,-0.0
14687,65.3410042360324
14688,-0.0
14689,-0.0
14690,213.14033028561224
14691,503.42592162891304
14692,243.9419260399821
14693,374.8487903329893
14694,346.8817652875911
14695,349.15328337582423
14696,219.8720834535901
14697,251.4908782484268
14698,303.18452748159234
14699,358.23538900569406
14700,282.6450658042927
14701,346.69684211672757
14702,323.85971821690464
14703,332.00312944597914
14704,286.54463316457424
14705,339.2427857589062
14706,372.447580098435
14707,371.17691336095214
14708,235.619930705933
14709,314.873728845564
14710,253.74353420392518
14711,252.25093918033127
14712,44.626105523645464
14713,-0.0
14714,-0.0
14715,-0.0
14716,152.62843088765302
14717,122.90905789142667
14718,28.17082009978438
14719,152.0806187537198
14720,-0.0
14721,-0.0
14722,-0.0
14723,-0.0
14724,-0.0
14725,323.49358247276257
14726,343.99863640314425
14727,370.5800163197956
14728,-0.0
14729,131.4855811236203
14730,249.49171314041283
14731,232.43087727635367
14732,-0.0
14733,183.02548119033335
14734,142.6516364562564
14735,104.41358773972883
14736,-0.0
14737,-0.0
14738,-0.0
14739,-0.0
14740,-0.0
14741,-0.0
14742,-0.0
14743,-0.0
14744,-0.0
14745,-0.0
14746,-0.0
14747,-0.0
14748,-0.0
14749,-0.0
14750,-0.0
14751,-0.0
14752,-0.0
14753,-0.0
14754,-0.0
14755,-0.0
14756,-0.0
14757,-0.0
14758,-0.0
14759,-0.0
14760,218.2163864191807
14761,227.28563167966095
14762,192.50553831668907
14763,221.86408576718776
14764,539.789074633786
14765,357.35909469689386
14766,386.590425394609
14767,341.9549523146691
14768,402.0662540135587
14769,370.2480477384431
14770,326.92607442367097
14771,315.2982341508766
14772,297.83052214788484
14773,404.9642772150236
14774,351.4663768434293
14775,467.75438290401695
14776,133.8230796534879
14777,403.812265561179
14778,405.2150093462584
14779,435.3011098465242
14780,19.307762447539403
14781,313.9724960241892
14782,329.97968377814726
14783,441.49595452805374
14784,-0.0
14785,393.4829529353249
14786,432.02731366306216
14787,505.2445870308828
14788,153.25379714952376
14789,268.09571790657674
14790,347.1415922606998
14791,338.83035651709423
14792,53.5936313617305
14793,353.14609562186615
14794,312.7456299320157
14795,309.347785197374
14796,230.9776347512918
14797,322.7194364338092
14798,266.92070563808767
14799,336.36266919606055
14800,209.66042719377523
14801,341.09865062179085
14802,370.1117790896855
14803,375.9746514345274
14804,423.20750398182224
14805,304.0038428907085
14806,312.1536398869071
14807,277.00122193549976
14808,225.5454785198718
14809,152.89381096364096
14810,104.67017651065433
14811,130.29939069863593
14812,-0.0
14813,-0.0
14814,-0.0
14815,-0.0
14816,-0.0
14817,-0.0
14818,-0.0
14819,-0.0
14820,-0.0
14821,-0.0
14822,-0.0
14823,-0.0
14824,-0.0
14825,-0.0
14826,-0.0
14827,-0.0
14828,-0.0
14829,-0.0
14830,-0.0
14831,-0.0
14832,-0.0
14833,-0.0
14834,-0.0
14835,-0.0
14836,-0.0
14837,-0.0
14838,-0.0
14839,-0.0
14840,-0.0
14841,-0.0
14842,-0.0
14843,-0.0
14844,-0.0
14845,-0.0
14846,-0.0
14847,-0.0
14848,-0.0
14849,-0.0
14850,-0.0
14851,-0.0
14852,-0.0
14853,-0.0
14854,-0.0
14855,-0.0
14856,-0.0
14857,-0.0
14858,-0.0
14859,-0.0
14860,84.86887699141516
14861,-0.0
14862,-0.0
14863,-0.0
14864,-0.0
14865,-0.0
14866,-0.0
14867,-0.0
14868,-0.0
14869,-0.0
14870,-0.0
14871,-0.0
14872,-0.0
14873,-0.0
14874,-0.0
14875,-0.0
14876,-0.0
14877,-0.0
14878,-0.0
14879,357.08403358480217
14880,15.837747667360475
14881,210.22754021373441
14882,294.2990995752935
14883,418.3065667516485
14884,305.332480827458
14885,335.7617997263485
14886,357.69863640314423
14887,342.8028772232415
14888,269.6315804027516
14889,387.6634221089382
14890,386.7626263951406
14891,426.79955746451367
14892,247.30283970525073
14893,371.5150871474679
14894,366.36216070529014
14895,391.43653133480666
14896,286.29551085748017
14897,363.1709397418635
14898,393.14793912721905
14899,392.0306579587681
14900,278.0344782626561
14901,349.1732592553984
14902,302.1850525637306
14903,393.280566083892
14904,173.7099725347798
14905,120.79530980383643
14906,174.82993809602243
14907,170.40091269319555
14908,218.19564276804834
14909,59.47148698825866
14910,48.14408145032033
14911,93.18369691248505
14912,98.97318549948402
14913,-0.0
14914,-0.0
14915,24.298096957379396
14916,15.324558847127655
14917,-0.0
14918,2.71739172983256
14919,35.597807784194536
14920,-0.0
14921,78.21476492415108
14922,50.134478262656074
14923,115.3360656449562
14924,-0.0
14925,-0.0
14926,-0.0
14927,-0.0
14928,-0.0
14929,-0.0
14930,-0.0
14931,-0.0
14932,-0.0
14933,-0.0
14934,-0.0
14935,-0.0
14936,-0.0
14937,62.652316995833694
14938,91.78530883176332
14939,110.7920515325339
14940,107.40261648734997
14941,136.605069294067
14942,88.12750982628356
14943,38.0188925201856
14944,157.25619683698937
14945,213.33775522046398
14946,152.16421906036987
14947,57.59017845480051
14948,405.6721375629487
14949,234.50329507676975
14950,274.38147179152753
14951,310.94251080436806
14952,437.9504987399825
14953,382.5622467296936
14954,278.81678242846846
14955,365.59924123664956
14956,612.907984457863
14957,338.46464599459557
14958,337.19446306592494
14959,349.3360553266247
14960,347.20570912786195
14961,392.8456608870102
14962,274.90313724660945
14963,314.0162966694986
14964,334.11095883890977
14965,341.65671816379245
14966,295.48855078928165
14967,366.65623435498014
14968,240.57346768710886
14969,321.7550570255779
14970,329.3360553266247
14971,354.3874006595387
14972,180.9235556616699
14973,505.77009357149564
14974,396.8749203936129
14975,398.9448510995459
14976,-0.0
14977,374.26286829954677
14978,447.45128845832744
14979,506.3501383285845
14980,338.66891776968737
14981,349.36708443768595
14982,372.9579548854824
14983,443.1644272445536
14984,262.1200924364084
14985,306.6689565253121
14986,386.31199897481474
14987,416.9465819483796
14988,269.32526839154184
14989,338.1000943925774
14990,335.5164363806971
14991,337.6467825794598
14992,216.84531565430916
14993,351.2970244838659
14994,402.3389674051758
14995,385.73093486346386
14996,208.606395517912
14997,374.8559697187735
14998,395.9844969491615
14999,395.3323068284936
15000,334.32347020481
15001,332.37490365726507
15002,348.08434106915877
15003,333.9278648097725
15004,235.090859984485
15005,288.76466273094337
15006,193.78962326279503
15007,236.91540266280845
15008,234.14166601661412
15009,223.64235297420777
15010,251.58369301216987
15011,216.44254580465764
15012,199.52821547038258
15013,237.6508266687921
15014,215.81232885378188
15015,186.381611357746
15016,133.52030785367884
15017,218.67758609989914
15018,140.03853852079257
15019,211.26443699534147
15020,69.67659323277287
15021,111.1654622000762
15022,112.8483738620751
15023,34.50385905951273
15024,22.100842270052738
15025,127.25127562229477
15026,123.98062295847852
15027,122.90080603212914
15028,-0.0
15029,162.89715777704805
15030,129.5864058422548
15031,191.62649103956517
15032,155.27098254278343
15033,204.05753841456823
15034,209.88882379366223
15035,277.9879258866569
15036,137.2199861979056
15037,69.70629764758307
15038,47.68336047052156
15039,68.28321295869279
15040,57.622077603117376
15041,64.2269172612673
15042,-0.0
15043,76.94050110068098
15044,383.0955197931977
15045,236.0173199240757
15046,202.52483770198097
15047,255.49723153296245
15048,459.8710263338105
15049,294.5681997121192
15050,305.0039043781338
15051,246.94758594890774
15052,475.53157511982243
15053,314.71180362666365
15054,299.27343924981557
15055,258.2811495682107
15056,401.75087184243324
15057,294.53324154096606
15058,243.188712664737
15059,298.3293266995208
15060,317.03249114578955
15061,277.9193317229004
15062,303.86291110046665
15063,338.1113404545144
15064,167.63582902347918
15065,296.1723278756974
15066,360.30797942246056
15067,432.9537697023377
15068,59.93866872872994
15069,353.1920721691969
15070,301.6775181944575
15071,418.1563493842205
15072,-0.0
15073,402.8275452491368
15074,345.9174105613179
15075,335.75594713195295
15076,204.23159852171335
15077,342.59761314856706
15078,388.8496804393643
15079,359.99900770041734
15080,134.48117173246766
15081,331.46490046348134
15082,323.77379191609805
15083,324.3731832236352
15084,309.21305618438737
15085,330.47045252919696
15086,308.29679679810647
15087,322.35002453697814
15088,302.07018292867065
15089,347.25462055942654
15090,373.24251080436807
15091,369.597595434145
15092,270.3544655779528
15093,280.1274003780971
15094,267.30510624451415
15095,360.4186472830079
15096,120.72486670681789
15097,161.59678452961742
15098,84.54230975072426
15099,127.2264825264113
15100,133.8496466774255
15101,21.964334234590204
15102,44.49294553922405
15103,67.90692315135989
15104,-0.0
15105,-0.0
15106,-0.0
15107,-0.0
15108,-0.0
15109,-0.0
15110,-0.0
15111,-0.0
15112,-0.0
15113,-0.0
15114,-0.0
15115,-0.0
15116,-0.0
15117,-0.0
15118,-0.0
15119,-0.0
15120,-0.0
15121,-0.0
15122,-0.0
15123,-0.0
15124,-0.0
15125,-0.0
15126,-0.0
15127,-0.0
15128,-0.0
15129,-0.0
15130,-0.0
15131,-0.0
15132,-0.0
15133,-0.0
15134,-0.0
15135,-0.0
15136,-0.0
15137,-0.0
15138,-0.0
15139,-0.0
15140,-0.0
15141,-0.0
15142,-0.0
15143,-0.0
15144,-0.0
15145,-0.0
15146,-0.0
15147,178.33545282406774
15148,529.8353231665099
15149,346.5187391578841
15150,360.8719178227995
15151,352.73119098651665
15152,440.14286398267933
15153,361.09111235220263
15154,327.38477970432996
15155,351.5588384288611
15156,271.44756141192966
15157,356.16008951417774
15158,385.0193239222701
15159,553.4623688894739
15160,116.84882809850689
15161,333.61384638048276
15162,378.70265595549836
15163,376.5028241039901
15164,73.07349360670094
15165,321.277390662981
15166,406.166394710172
15167,594.4171943289771
15168,-0.0
15169,314.27797285166787
15170,325.1485575799998
15171,338.98105974423356
15172,309.26973787548314
15173,303.92742876870597
15174,330.28775303728014
15175,397.5446684332333
15176,237.52740302023716
15177,322.50934261904206
15178,323.2371099393128
15179,342.8288867539035
15180,297.14797802782385
15181,330.2589166544207
15182,312.00877993403253
15183,327.61899068611643
15184,319.7038396827377
15185,338.2821779900886
15186,388.7625591078319
15187,369.5357651350227
15188,268.2230339996683
15189,282.75492964829914
15190,290.6401198977525
15191,324.2011021661212
15192,236.3719259403041
15193,259.6367629208813
15194,225.59577354352933
15195,188.48303449186957
15196,9.24607260118691
15197,-0.0
15198,-0.0
15199,-0.0
15200,-0.0
15201,-0.0
15202,-0.0
15203,-0.0
15204,-0.0
15205,-0.0
15206,-0.0
15207,-0.0
15208,-0.0
15209,-0.0
15210,-0.0
15211,-0.0
15212,-0.0
15213,-0.0
15214,-0.0
15215,-0.0
15216,-0.0
15217,-0.0
15218,-0.0
15219,-0.0
15220,-0.0
15221,-0.0
15222,-0.0
15223,-0.0
15224,-0.0
15225,-0.0
15226,-0.0
15227,-0.0
15228,-0.0
15229,-0.0
15230,-0.0
15231,-0.0
15232,-0.0
15233,-0.0
15234,-0.0
15235,-0.0
15236,-0.0
15237,-0.0
15238,-0.0
15239,-0.0
15240,-0.0
15241,-0.0
15242,-0.0
15243,-0.0
15244,18.115677689836843
15245,-0.0
15246,-0.0
15247,-0.0
15248,-0.0
15249,-0.0
15250,-0.0
15251,-0.0
15252,-0.0
15253,-0.0
15254,-0.0
15255,159.2709078993089
15256,-0.0
15257,-0.0
15258,-0.0
15259,45.81194787821107
15260,-0.0
15261,-0.0
15262,13.289189167972836
15263,396.40265368532414
15264,-0.0
15265,-0.0
15266,-0.0
15267,43.37993235825138
15268,221.18555853679976
15269,332.18756880803045
15270,301.38615361951724
15271,305.150217367428
15272,-0.0
15273,262.78406179174186
15274,364.8199124419912
15275,390.9425870779836
15276,252.9658167610015
15277,274.995115023229
15278,337.8114142104288
15279,343.2358974964644
15280,333.97702197217615
15281,289.52603761820376
15282,304.1837868372037
15283,373.15541882312607
15284,298.3510094260449
15285,322.93707468088667
15286,263.9863463049871
15287,363.79992234377045
15288,84.50789729837228
15289,44.42179679810646
15290,-0.0
15291,-0.0
15292,-0.0
15293,-0.0
15294,-0.0
15295,-0.0
15296,-0.0
15297,-0.0
15298,-0.0
15299,-0.0
15300,-0.0
15301,-0.0
15302,-0.0
15303,-0.0
15304,-0.0
15305,-0.0
15306,-0.0
15307,-0.0
15308,-0.0
15309,-0.0
15310,-0.0
15311,-0.0
15312,-0.0
15313,-0.0
15314,-0.0
15315,-0.0
15316,-0.0
15317,-0.0
15318,-0.0
15319,-0.0
15320,-0.0
15321,-0.0
15322,-0.0
15323,-0.0
15324,-0.0
15325,-0.0
15326,-0.0
15327,-0.0
15328,-0.0
15329,-0.0
15330,-0.0
15331,-0.0
15332,-0.0
15333,-0.0
15334,-0.0
15335,-0.0
15336,5.874499949893675
15337,-0.0
15338,-0.0
15339,-0.0
15340,-0.0
15341,-0.0
15342,-0.0
15343,-0.0
15344,-0.0
15345,-0.0
15346,-0.0
15347,-0.0
15348,-0.0
15349,-0.0
15350,-0.0
15351,-0.0
15352,-0.0
15353,-0.0
15354,-0.0
15355,-0.0
15356,-0.0
15357,-0.0
15358,-0.0
15359,9.710097954841785
15360,-0.0
15361,-0.0
15362,271.38816858127734
15363,443.1905960608019
15364,69.08118985142946
15365,386.58084674392285
15366,399.53343284382197
15367,374.04050556853974
15368,92.45820987344806
15369,297.73704358091226
15370,290.7077453186847
15371,330.9638709174609
15372,273.29778909768913
15373,348.67157748052085
15374,331.6829116619989
15375,377.9525860998991
15376,284.9249301444008
15377,309.4256417839525
15378,376.3378506529903
15379,384.104738019776
15380,286.1480386015186
15381,284.39962894351356
15382,314.0317715291446
15383,307.3031674183664
15384,88.23300410441863
15385,61.071095621866135
15386,21.646255402183975
15387,5.974232868475596
15388,-0.0
15389,-0.0
15390,-0.0
15391,-0.0
15392,-0.0
15393,-0.0
15394,-0.0
15395,-0.0
15396,-0.0
15397,-0.0
15398,-0.0
15399,-0.0
15400,-0.0
15401,-0.0
15402,-0.0
15403,-0.0
15404,-0.0
15405,-0.0
15406,-0.0
15407,-0.0
15408,-0.0
15409,-0.0
15410,-0.0
15411,-0.0
15412,-0.0
15413,-0.0
15414,-0.0
15415,-0.0
15416,-0.0
15417,-0.0
15418,-0.0
15419,-0.0
15420,-0.0
15421,-0.0
15422,-0.0
15423,-0.0
15424,-0.0
15425,-0.0
15426,-0.0
15427,-0.0
15428,-0.0
15429,-0.0
15430,-0.0
15431,-0.0
15432,123.52097523720693
15433,-0.0
15434,-0.0
15435,-0.0
15436,42.538099958111616
15437,-0.0
15438,-0.0
15439,-0.0
15440,-0.0
15441,-0.0
15442,-0.0
15443,-0.0
15444,-0.0
15445,-0.0
15446,-0.0
15447,-0.0
15448,-0.0
15449,-0.0
15450,-0.0
15451,-0.0
15452,-0.0
15453,-0.0
15454,-0.0
15455,56.92335177030827
15456,-0.0
15457,183.76073736294262
15458,337.9530699087114
15459,389.08062952147486
15460,134.91416732373244
15461,340.3720962896228
15462,322.1362234751164
15463,331.04779551570545
15464,140.04090026770376
15465,331.31030688160575
15466,322.65582805741747
15467,358.08517163826605
15468,210.8540700089244
15469,339.96795390739794
15470,325.52228897509264
15471,318.2593819199211
15472,294.3208472994437
15473,344.5258291256871
15474,375.6640243313878
15475,391.23586945627784
15476,280.1654991505234
15477,322.99788237745304
15478,326.1881780029484
15479,363.90167545412646
15480,184.9099324844807
15481,-0.0
15482,-0.0
15483,-0.0
15484,-0.0
15485,-0.0
15486,-0.0
15487,-0.0
15488,-0.0
15489,-0.0
15490,-0.0
15491,-0.0
15492,-0.0
15493,-0.0
15494,-0.0
15495,-0.0
15496,-0.0
15497,-0.0
15498,-0.0
15499,-0.0
15500,-0.0
15501,-0.0
15502,-0.0
15503,-0.0
15504,-0.0
15505,-0.0
15506,-0.0
15507,-0.0
15508,-0.0
15509,-0.0
15510,-0.0
15511,-0.0
15512,-0.0
15513,-0.0
15514,-0.0
15515,-0.0
15516,-0.0
15517,-0.0
15518,-0.0
15519,-0.0
15520,-0.0
15521,-0.0
15522,-0.0
15523,-0.0
15524,-0.0
15525,-0.0
15526,-0.0
15527,-0.0
15528,-0.0
15529,-0.0
15530,-0.0
15531,-0.0
15532,36.96815698368948
15533,-0.0
15534,-0.0
15535,-0.0
15536,-0.0
15537,-0.0
15538,-0.0
15539,-0.0
15540,-0.0
15541,-0.0
15542,-0.0
15543,-0.0
15544,-0.0
15545,-0.0
15546,-0.0
15547,-0.0
15548,-0.0
15549,-0.0
15550,-0.0
15551,-0.0
15552,-0.0
15553,154.03726254161364
15554,364.202452806717
15555,412.0566753628725
15556,171.55915561677557
15557,344.2200846357781
15558,348.3946518510797
15559,354.9129072001515
15560,138.658448022519
15561,336.2354524432769
15562,330.09517066018157
15563,327.3008551060854
15564,301.79029600174204
15565,335.66933814091675
15566,340.669821949729
15567,360.501997435198
15568,270.7608560781585
15569,345.4738679892189
15570,395.7747600630984
15571,392.440906189206
15572,228.55981650979714
15573,307.94622486975317
15574,275.2304651283182
15575,237.341512086769
15576,-0.0
15577,2.7380547119803023
15578,-0.0
15579,-0.0
15580,-0.0
15581,-0.0
15582,-0.0
15583,-0.0
15584,-0.0
15585,-0.0
15586,-0.0
15587,-0.0
15588,-0.0
15589,-0.0
15590,-0.0
15591,-0.0
15592,-0.0
15593,-0.0
15594,-0.0
15595,-0.0
15596,-0.0
15597,-0.0
15598,-0.0
15599,-0.0
15600,-0.0
15601,-0.0
15602,-0.0
15603,-0.0
15604,-0.0
15605,-0.0
15606,-0.0
15607,-0.0
15608,-0.0
15609,-0.0
15610,-0.0
15611,-0.0
15612,-0.0
15613,-0.0
15614,-0.0
15615,-0.0
15616,-0.0
15617,-0.0
15618,-0.0
15619,-0.0
15620,-0.0
15621,-0.0
15622,-0.0
15623,-0.0
15624,70.35540233076915
15625,-0.0
15626,-0.0
15627,-0.0
15628,-0.0
15629,-0.0
15630,-0.0
15631,-0.0
15632,-0.0
15633,-0.0
15634,-0.0
15635,-0.0
15636,-0.0
15637,-0.0
15638,-0.0
15639,-0.0
15640,-0.0
15641,-0.0
15642,-0.0
15643,-0.0
15644,-0.0
15645,-0.0
15646,-0.0
15647,283.15971999202566
15648,-0.0
15649,-0.0
15650,114.97224304015566
15651,715.9992493572967
15652,87.19843226425564
15653,321.5006235200107
15654,354.4131103489329
15655,356.6990180187488
15656,197.4156421944934
15657,498.6739940493143
15658,381.7680198626821
15659,296.30222902127264
15660,257.448871889534
15661,315.2769256294412
15662,297.0207365930821
15663,426.1409815767217
15664,210.17383898438197
15665,206.63482236026988
15666,297.86979099473456
15667,281.5418769660258
15668,-0.0
15669,287.15507097053745
15670,302.49479930917306
15671,280.8069770605417
15672,-0.0
15673,-0.0
15674,-0.0
15675,-0.0
15676,-0.0
15677,-0.0
15678,-0.0
15679,-0.0
15680,-0.0
15681,-0.0
15682,-0.0
15683,-0.0
15684,-0.0
15685,-0.0
15686,-0.0
15687,-0.0
15688,-0.0
15689,-0.0
15690,-0.0
15691,-0.0
15692,-0.0
15693,-0.0
15694,-0.0
15695,-0.0
15696,-0.0
15697,-0.0
15698,-0.0
15699,-0.0
15700,-0.0
15701,-0.0
15702,-0.0
15703,-0.0
15704,-0.0
15705,-0.0
15706,-0.0
15707,-0.0
15708,-0.0
15709,-0.0
15710,-0.0
15711,-0.0
15712,-0.0
15713,-0.0
15714,-0.0
15715,-0.0
15716,-0.0
15717,-0.0
15718,-0.0
15719,-0.0
15720,-0.0
15721,-0.0
15722,-0.0
15723,-0.0
15724,-0.0
15725,-0.0
15726,-0.0
15727,-0.0
15728,-0.0
15729,-0.0
15730,-0.0
15731,-0.0
15732,-0.0
15733,-0.0
15734,-0.0
15735,-0.0
15736,-0.0
15737,-0.0
15738,-0.0
15739,-0.0
15740,-0.0
15741,-0.0
15742,-0.0
15743,128.96241998607798
15744,-0.0
15745,109.216853491645
15746,-0.0
15747,117.94935495576613
15748,-0.0
15749,144.23239450175075
15750,367.9895171692722
15751,348.6945780951653
15752,50.24764045077319
15753,335.20265480273355
15754,353.40713887942854
15755,343.10865606172274
15756,252.3221636275208
15757,312.14007059042086
15758,324.9574295289391
15759,317.3780946702289
15760,315.1083102628829
15761,325.9392391638087
15762,383.37288467837817
15763,404.75414422914025
15764,393.17180878122616
15765,379.60466955950056
15766,284.6237774969566
15767,356.0070965781776
15768,44.077380198791644
15769,40.54657748052088
15770,-0.0
15771,-0.0
15772,-0.0
15773,-0.0
15774,-0.0
15775,-0.0
15776,-0.0
15777,-0.0
15778,-0.0
15779,-0.0
15780,-0.0
15781,-0.0
15782,-0.0
15783,-0.0
15784,-0.0
15785,-0.0
15786,-0.0
15787,-0.0
15788,-0.0
15789,-0.0
15790,-0.0
15791,-0.0
15792,-0.0
15793,-0.0
15794,-0.0
15795,-0.0
15796,-0.0
15797,-0.0
15798,-0.0
15799,-0.0
15800,-0.0
15801,-0.0
15802,-0.0
15803,-0.0
15804,-0.0
15805,-0.0
15806,-0.0
15807,-0.0
15808,-0.0
15809,-0.0
15810,-0.0
15811,-0.0
15812,-0.0
15813,-0.0
15814,-0.0
15815,-0.0
15816,36.69644035951376
15817,-0.0
15818,-0.0
15819,-0.0
15820,-0.0
15821,-0.0
15822,-0.0
15823,-0.0
15824,-0.0
15825,-0.0
15826,-0.0
15827,-0.0
15828,-0.0
15829,-0.0
15830,-0.0
15831,-0.0
15832,-0.0
15833,-0.0
15834,-0.0
15835,-0.0
15836,-0.0
15837,-0.0
15838,-0.0
15839,211.1436277089424
15840,-0.0
15841,-0.0
15842,333.9556079702904
15843,439.7435818952675
15844,-0.0
15845,304.44612405915944
15846,433.19328045359356
15847,417.6944512199995
15848,106.91512086769035
15849,367.54525083411227
15850,357.3837874047473
15851,385.5181284739061
15852,219.31233023639587
15853,391.2141439218415
15854,344.03830498456034
15855,386.104558998119
15856,295.6267716995961
15857,333.6461590594491
15858,329.2876116089504
15859,417.0835945742974
15860,268.9689156745498
15861,266.88776358863794
15862,211.81387676793366
15863,251.75885474264533
15864,48.81040517449825
15865,62.889342602764096
15866,3.5917191358655387
15867,4.735169120564848
15868,-0.0
15869,-0.0
15870,-0.0
15871,-0.0
15872,-0.0
15873,-0.0
15874,-0.0
15875,-0.0
15876,-0.0
15877,-0.0
15878,-0.0
15879,-0.0
15880,-0.0
15881,-0.0
15882,-0.0
15883,-0.0
15884,-0.0
15885,-0.0
15886,-0.0
15887,-0.0
15888,-0.0
15889,-0.0
15890,-0.0
15891,-0.0
15892,-0.0
15893,-0.0
15894,-0.0
15895,-0.0
15896,-0.0
15897,-0.0
15898,-0.0
15899,-0.0
15900,-0.0
15901,-0.0
15902,-0.0
15903,-0.0
15904,-0.0
15905,-0.0
15906,-0.0
15907,-0.0
15908,-0.0
15909,-0.0
15910,-0.0
15911,-0.0
15912,-0.0
15913,-0.0
15914,-0.0
15915,-0.0
15916,18.93152540583276
15917,-0.0
15918,-0.0
15919,-0.0
15920,-0.0
15921,-0.0
15922,-0.0
15923,-0.0
15924,-0.0
15925,-0.0
15926,-0.0
15927,-0.0
15928,-0.0
15929,-0.0
15930,-0.0
15931,-0.0
15932,-0.0
15933,-0.0
15934,-0.0
15935,-0.0
15936,-0.0
15937,-0.0
15938,-0.0
15939,102.9396207425043
15940,208.78368017613724
15941,345.4929519572404
15942,317.55748919563194
15943,345.32832032627147
15944,206.0556573912245
15945,318.02794902899836
15946,303.1150418288468
15947,325.38334235155975
15948,270.3992820874119
15949,341.41989180532823
15950,277.5093120643219
15951,322.5627325346497
15952,289.5839798646263
15953,326.01739700111517
15954,356.49039039431943
15955,379.8246514345274
15956,260.94898584554625
15957,294.70378354277324
15958,321.1185056216519
15959,425.75886367836284
15960,-0.0
15961,23.06492080415373
15962,-0.0
15963,1.2034470564572324
15964,-0.0
15965,-0.0
15966,-0.0
15967,-0.0
15968,-0.0
15969,-0.0
15970,-0.0
15971,-0.0
15972,-0.0
15973,-0.0
15974,-0.0
15975,-0.0
15976,-0.0
15977,-0.0
15978,-0.0
15979,-0.0
15980,-0.0
15981,-0.0
15982,-0.0
15983,-0.0
15984,-0.0
15985,-0.0
15986,-0.0
15987,-0.0
15988,-0.0
15989,-0.0
15990,-0.0
15991,-0.0
15992,-0.0
15993,-0.0
15994,-0.0
15995,-0.0
15996,-0.0
15997,-0.0
15998,-0.0
15999,-0.0
16000,-0.0
16001,-0.0
16002,-0.0
16003,-0.0
16004,-0.0
16005,-0.0
16006,-0.0
16007,-0.0
16008,153.56703390862594
16009,-0.0
16010,-0.0
16011,-0.0
16012,46.95168574768286
16013,-0.0
16014,-0.0
16015,-0.0
16016,-0.0
16017,-0.0
16018,-0.0
16019,-0.0
16020,-0.0
16021,-0.0
16022,-0.0
16023,-0.0
16024,-0.0
16025,-0.0
16026,-0.0
16027,-0.0
16028,-0.0
16029,31.973029691971533
16030,44.91753793153748
16031,437.8166928962569
16032,-0.0
16033,-0.0
16034,203.6123478666812
16035,689.566668531727
16036,261.41333941730636
16037,301.82505116909385
16038,378.94265051556647
16039,504.0208891403133
16040,-0.0
16041,392.2715971750868
16042,388.28724282937844
16043,361.7315726021212
16044,264.6983816627054
16045,391.4049690510169
16046,344.09654457536885
16047,355.43251178245254
16048,315.1870313124232
16049,351.8325034142786
16050,347.1767387944441
16051,381.19205809233614
16052,339.8748563768365
16053,434.49760718496964
16054,505.3824755445289
16055,528.2660598004948
16056,36.90566380924088
16057,20.985085046319007
16058,-0.0
16059,-0.0
16060,-0.0
16061,-0.0
16062,-0.0
16063,-0.0
16064,-0.0
16065,-0.0
16066,-0.0
16067,-0.0
16068,-0.0
16069,-0.0
16070,-0.0
16071,-0.0
16072,-0.0
16073,-0.0
16074,-0.0
16075,-0.0
16076,-0.0
16077,-0.0
16078,-0.0
16079,-0.0
16080,-0.0
16081,-0.0
16082,-0.0
16083,-0.0
16084,-0.0
16085,-0.0
16086,-0.0
16087,-0.0
16088,-0.0
16089,-0.0
16090,-0.0
16091,-0.0
16092,-0.0
16093,-0.0
16094,-0.0
16095,-0.0
16096,-0.0
16097,-0.0
16098,-0.0
16099,-0.0
16100,-0.0
16101,-0.0
16102,-0.0
16103,-0.0
16104,-0.0
16105,-0.0
16106,-0.0
16107,-0.0
16108,-0.0
16109,-0.0
16110,-0.0
16111,-0.0
16112,-0.0
16113,-0.0
16114,-0.0
16115,-0.0
16116,-0.0
16117,-0.0
16118,-0.0
16119,-0.0
16120,-0.0
16121,-0.0
16122,-0.0
16123,-0.0
16124,-0.0
16125,-0.0
16126,-0.0
16127,-0.0
16128,-0.0
16129,-0.0
16130,-0.0
16131,-0.0
16132,-0.0
16133,-0.0
16134,-0.0
16135,-0.0
16136,-0.0
16137,-0.0
16138,-0.0
16139,-0.0
16140,-0.0
16141,-0.0
16142,-0.0
16143,-0.0
16144,-0.0
16145,-0.0
16146,-0.0
16147,-0.0
16148,-0.0
16149,-0.0
16150,-0.0
16151,-0.0
16152,-0.0
16153,-0.0
16154,-0.0
16155,-0.0
16156,-0.0
16157,-0.0
16158,-0.0
16159,-0.0
16160,-0.0
16161,-0.0
16162,-0.0
16163,-0.0
16164,-0.0
16165,-0.0
16166,-0.0
16167,-0.0
16168,-0.0
16169,-0.0
16170,-0.0
16171,-0.0
16172,-0.0
16173,-0.0
16174,-0.0
16175,-0.0
16176,-0.0
16177,-0.0
16178,-0.0
16179,-0.0
16180,-0.0
16181,-0.0
16182,-0.0
16183,-0.0
16184,-0.0
16185,-0.0
16186,-0.0
16187,-0.0
16188,-0.0
16189,-0.0
16190,-0.0
16191,-0.0
16192,-0.0
16193,-0.0
16194,-0.0
16195,-0.0
16196,-0.0
16197,-0.0
16198,-0.0
16199,-0.0
16200,-0.0
16201,-0.0
16202,-0.0
16203,-0.0
16204,81.10046576234072
16205,-0.0
16206,-0.0
16207,-0.0
16208,-0.0
16209,-0.0
16210,-0.0
16211,-0.0
16212,-0.0
16213,-0.0
16214,-0.0
16215,31.930221346244707
16216,-0.0
16217,-0.0
16218,-0.0
16219,-0.0
16220,-0.0
16221,-0.0
16222,129.0541428509382
16223,354.4397629739935
16224,-0.0
16225,236.80086695201084
16226,357.40190304262063
16227,402.3891561903306
16228,199.71698110939107
16229,378.968844013773
16230,323.30855135081384
16231,346.1344045067417
16232,158.01747928183
16233,196.24428193642052
16234,355.63458297356493
16235,362.5601735884236
16236,320.99057290643776
16237,476.9081747706116
16238,412.1753551284689
16239,456.435539035224
16240,259.6180457822742
16241,356.54752907432123
16242,419.7892544832231
16243,436.49516675986644
16244,287.75722650958284
16245,319.8437967449943
16246,387.290684035363
16247,349.710702715857
16248,28.073987063754313
16249,4.982454340322301
16250,0.19306251862193946
16251,-0.0
16252,-0.0
16253,-0.0
16254,-0.0
16255,-0.0
16256,-0.0
16257,-0.0
16258,-0.0
16259,-0.0
16260,-0.0
16261,-0.0
16262,-0.0
16263,-0.0
16264,-0.0
16265,-0.0
16266,-0.0
16267,-0.0
16268,-0.0
16269,-0.0
16270,-0.0
16271,-0.0
16272,-0.0
16273,-0.0
16274,-0.0
16275,-0.0
16276,-0.0
16277,-0.0
16278,-0.0
16279,-0.0
16280,-0.0
16281,-0.0
16282,-0.0
16283,-0.0
16284,-0.0
16285,-0.0
16286,-0.0
16287,-0.0
16288,-0.0
16289,-0.0
16290,-0.0
16291,-0.0
16292,-0.0
16293,-0.0
16294,-0.0
16295,-0.0
16296,-0.0
16297,-0.0
16298,-0.0
16299,-0.0
16300,-0.0
16301,-0.0
16302,-0.0
16303,-0.0
16304,-0.0
16305,-0.0
16306,-0.0
16307,-0.0
16308,-0.0
16309,-0.0
16310,-0.0
16311,-0.0
16312,-0.0
16313,-0.0
16314,-0.0
16315,-0.0
16316,-0.0
16317,-0.0
16318,-0.0
16319,-0.0
16320,-0.0
16321,-0.0
16322,-0.0
16323,97.57345752298866
16324,338.1380177615331
16325,485.75933131837087
16326,435.07308239536695
16327,455.70479310189484
16328,199.33583934181064
16329,436.123858238431
16330,336.04779551570545
16331,342.85789924852986
16332,326.9603211002524
16333,377.3923490738926
16334,283.9040026710263
16335,335.52279746586305
16336,222.13579849104835
16337,316.77347215496764
16338,396.339459582162
16339,405.3200581486424
16340,107.8042564213579
16341,334.1259764157991
16342,292.38755848969896
16343,242.73230236063478
16344,-0.0
16345,-0.0
16346,-0.0
16347,-0.0
16348,-0.0
16349,-0.0
16350,-0.0
16351,-0.0
16352,-0.0
16353,-0.0
16354,-0.0
16355,-0.0
16356,-0.0
16357,-0.0
16358,-0.0
16359,-0.0
16360,-0.0
16361,-0.0
16362,-0.0
16363,-0.0
16364,-0.0
16365,-0.0
16366,-0.0
16367,-0.0
16368,-0.0
16369,-0.0
16370,-0.0
16371,-0.0
16372,-0.0
16373,-0.0
16374,-0.0
16375,-0.0
16376,-0.0
16377,-0.0
16378,-0.0
16379,-0.0
16380,-0.0
16381,-0.0
16382,-0.0
16383,-0.0
16384,-0.0
16385,-0.0
16386,-0.0
16387,-0.0
16388,-0.0
16389,-0.0
16390,-0.0
16391,-0.0
16392,-0.0
16393,-0.0
16394,-0.0
16395,-0.0
16396,-0.0
16397,-0.0
16398,-0.0
16399,-0.0
16400,-0.0
16401,-0.0
16402,-0.0
16403,-0.0
16404,-0.0
16405,-0.0
16406,-0.0
16407,-0.0
16408,-0.0
16409,-0.0
16410,-0.0
16411,135.20246085212256
16412,-0.0
16413,414.3404318126253
16414,451.01376482393806
16415,648.712108721126
16416,61.64238042139385
16417,375.23580937692344
16418,350.60036097894164
16419,389.14155350507497
16420,94.92959856881416
16421,354.01530436991595
16422,313.99868952239564
16423,404.73869691849643
16424,181.44369341669943
16425,344.6418341651059
16426,271.26261355910793
16427,404.9295467296299
16428,152.3968020810356
16429,356.5038164035728
16430,332.7456299320157
16431,356.9020815094439
16432,285.4069517000247
16433,296.24142996268074
16434,382.51110440058096
16435,438.5633010842452
16436,383.19993461225954
16437,346.72279551570546
16438,348.9659442037109
16439,437.5557976699666
16440,431.07729302639916
16441,478.247763178097
16442,319.63050792923815
16443,419.6312077228645
16444,150.55780599103963
16445,-0.0
16446,-0.0
16447,-0.0
16448,37.96864728300794
16449,-0.0
16450,53.92666560607327
16451,-0.0
16452,181.9677443406003
16453,371.21958256302406
16454,330.351366114557
16455,251.48405384613153
16456,137.89411240531484
16457,163.92698516670896
16458,160.48316388473654
16459,204.24671914187695
16460,29.24667772357099
16461,7.826810600200872
16462,-0.0
16463,-0.0
16464,-0.0
16465,-0.0
16466,-0.0
16467,-0.0
16468,99.65213211099413
16469,211.070039317157
16470,195.27936169981038
16471,249.14933367906934
16472,-0.0
16473,-0.0
16474,-0.0
16475,-0.0
16476,-0.0
16477,56.94916106271883
16478,91.00142118396595
16479,163.09870430858587
16480,142.98761160895037
16481,187.10933270098485
16482,161.83828434789734
16483,180.65737012109648
16484,316.1833300830707
16485,246.27409957529352
16486,206.49160201148766
16487,235.07927957572213
16488,376.681652776052
16489,226.53980577491342
16490,192.31701206438555
16491,50.763834927064096
16492,354.44206575118056
16493,424.66885433210444
16494,387.0428471013515
16495,377.4871381184696
16496,338.6116457965034
16497,292.03029056181015
16498,352.7162682322053
16499,363.3513350145825
16500,293.80566380924085
16501,343.31979741275086
16502,476.77237166672455
16503,485.05158599968615
16504,221.39350700426587
16505,356.48301637290774
16506,361.22906667615285
16507,368.5096302423436
16508,156.53883939492286
16509,350.16683221494833
16510,304.05322773887167
16511,446.21264313148845
16512,140.90425642135793
16513,367.1491616302624
16514,325.2277561985485
16515,336.6706486185211
16516,139.99441522960265
16517,328.9544050682739
16518,316.3996002654336
16519,400.15679443740805
16520,234.0226824366227
16521,325.4843656061369
16522,285.5142357967177
16523,266.4930788324062
16524,277.27248570585766
16525,307.5606573972359
16526,283.2336969124851
16527,334.48307981049066
16528,329.6017348941289
16529,375.6751907353123
16530,390.83447826265603
16531,397.7279981029546
16532,380.4637047191267
16533,418.6905320556754
16534,470.8984170855586
16535,589.8133979945237
16536,454.52477483194167
16537,513.4759870166536
16538,367.21465826308463
16539,354.55292824735534
16540,-0.0
16541,-0.0
16542,-0.0
16543,-0.0
16544,226.10801108997865
16545,-0.0
16546,-0.0
16547,25.742568391478226
16548,71.89856151214263
16549,277.24001129641596
16550,227.90228855854042
16551,173.59341902970485
16552,-0.0
16553,20.357634757303153
16554,-0.0
16555,58.960235075848935
16556,259.3444979212345
16557,231.25296519780252
16558,209.65078525048614
16559,148.2864486431747
16560,269.5916064793464
16561,207.6499095077378
16562,222.96427469732248
16563,283.86086054601725
16564,149.6145819894691
16565,231.0650190970463
16566,222.66719904436266
16567,272.83671565210267
16568,192.79602129840822
16569,233.02866247372768
16570,157.05988189753765
16571,215.65563732210515
16572,190.39780136617821
16573,175.47584868806905
16574,148.7848838476952
16575,182.19349083546166
16576,296.3852635131422
16577,246.11201457607532
16578,172.7445485227848
16579,205.85588897729917
16580,236.455959400442
16581,182.07491982606928
16582,163.66314463669892
16583,198.48356556946052
16584,418.537557107085
16585,181.50683457564674
16586,148.90068443989244
16587,174.50641420441735
16588,407.4040789446419
16589,262.1643768905301
16590,336.3775919503719
16591,369.13079125195026
16592,371.590425394609
16593,354.58141867227613
16594,351.86464194930045
16595,319.6134647648782
16596,123.2114726126093
16597,379.1474060994706
16598,456.7119561738948
16599,592.7081138507299
16600,301.980612640147
16601,486.6649873269814
16602,302.63870471912674
16603,457.65872843502314
16604,-0.0
16605,354.66115808737595
16606,441.175203571345
16607,756.3045443869656
16608,16.92566713600104
16609,285.29187306571066
16610,194.3642087420384
16611,393.6529780338352
16612,99.85106743811102
16613,322.4880035428865
16614,277.01539248945693
16615,314.2724222682748
16616,158.09184991134651
16617,232.92300841527472
16618,238.65595493258326
16619,328.7378949316625
16620,236.04661191326687
16621,314.91607540175545
16622,317.25437006798427
16623,336.5930851054425
16624,313.21296854259685
16625,328.59413499213537
16626,306.98172596442276
16627,292.70074202700266
16628,297.47070284667245
16629,321.4932080512992
16630,313.6299011455753
16631,327.30198711686654
16632,388.85582300930014
16633,367.01677267768054
16634,319.47643150229743
16635,228.77383898438194
16636,569.7074989134314
16637,373.71262054466786
16638,207.64799419662808
16639,258.1504754406384
16640,230.64769722281292
16641,190.89944633558846
16642,204.9035046435674
16643,176.10790329382496
16644,23.412385873348455
16645,11.024921776226861
16646,-0.0
16647,93.6999274887706
16648,-0.0
16649,-0.0
16650,-0.0
16651,-0.0
16652,-0.0
16653,-0.0
16654,-0.0
16655,-0.0
16656,-0.0
16657,-0.0
16658,-0.0
16659,-0.0
16660,-0.0
16661,-0.0
16662,-0.0
16663,172.1659905992871
16664,-0.0
16665,-0.0
16666,-0.0
16667,-0.0
16668,-0.0
16669,-0.0
16670,-0.0
16671,-0.0
16672,-0.0
16673,-0.0
16674,-0.0
16675,-0.0
16676,-0.0
16677,-0.0
16678,-0.0
16679,-0.0
16680,-0.0
16681,-0.0
16682,-0.0
16683,30.16079194557173
16684,367.9525777317252
16685,350.28228604685063
16686,246.3582596599279
16687,326.1429578077131
16688,241.26092146589897
16689,272.6573041658124
16690,273.70243997068434
16691,313.04335559212194
16692,175.90377261254565
16693,332.22868506054823
16694,352.3436634518122
16695,336.15423691978214
16696,69.49979586111141
16697,319.2376917828811
16698,478.12331099203584
16699,478.2703354759018
16700,-0.0
16701,354.3179150067932
16702,272.24360781485956
16703,634.1419361107868
16704,-0.0
16705,233.21168859742332
16706,393.3354446426466
16707,376.31199897481474
16708,180.55097556323483
16709,358.32148950595985
16710,301.99776066039584
16711,319.19120674478
16712,200.5130521942791
16713,350.33685731345867
16714,235.11964738322092
16715,345.975141661356
16716,278.845787762176
16717,315.2828029057949
16718,319.0527439300594
16719,332.82316876313615
16720,249.34908088878814
16721,364.5897752424826
16722,397.6524547568746
16723,367.39901355089006
16724,276.89670045537156
16725,299.69686860386327
16726,335.8826431254771
16727,340.98956833836604
16728,390.51573772215795
16729,246.4938316003039
16730,194.5345027996342
16731,122.53507472798748
16732,420.22648518909244
16733,257.9895062833971
16734,193.2304931430479
16735,349.8301800004285
16736,231.35816778505165
16737,249.60851579428007
16738,265.8880710862145
16739,307.99351871404167
16740,-0.0
16741,-0.0
16742,-0.0
16743,-0.0
16744,-0.0
16745,-0.0
16746,-0.0
16747,-0.0
16748,-0.0
16749,-0.0
16750,-0.0
16751,-0.0
16752,-0.0
16753,-0.0
16754,-0.0
16755,-0.0
16756,-0.0
16757,-0.0
16758,-0.0
16759,-0.0
16760,-0.0
16761,-0.0
16762,-0.0
16763,-0.0
16764,-0.0
16765,-0.0
16766,-0.0
16767,-0.0
16768,-0.0
16769,-0.0
16770,-0.0
16771,-0.0
16772,-0.0
16773,-0.0
16774,-0.0
16775,-0.0
16776,-0.0
16777,-0.0
16778,-0.0
16779,-0.0
16780,11.165712545146448
16781,-0.0
16782,-0.0
16783,-0.0
16784,-0.0
16785,-0.0
16786,-0.0
16787,193.13330725476516
16788,263.43676040318013
16789,332.88677713952796
16790,377.0743071919336
16791,494.3325699371063
16792,224.35516326408077
16793,215.4205659268892
16794,361.71394077306013
16795,413.8662952868846
16796,93.97965810608193
16797,403.33812903543827
16798,362.38647179753895
16799,481.85581245615685
16800,19.093452894907216
16801,316.7464953564326
16802,313.55665671068226
16803,556.6378262111505
16804,99.74405523158906
16805,354.15165138692254
16806,316.5385468889665
16807,525.7231000426241
16808,256.7822428233671
16809,367.16091618296986
16810,304.64502704866794
16811,380.59886018858856
16812,210.09444618459713
16813,286.4091295522035
16814,258.7046158727056
16815,293.1037710849517
16816,317.67357686587644
16817,362.2261423291126
16818,354.21582512917536
16819,380.83510373282434
16820,292.6962863571785
16821,246.92372437770524
16822,207.8453201221679
16823,260.5290090890427
16824,64.14694040962013
16825,24.66386059912946
16826,-0.0
16827,-0.0
16828,-0.0
16829,-0.0
16830,-0.0
16831,-0.0
16832,-0.0
16833,-0.0
16834,-0.0
16835,-0.0
16836,-0.0
16837,-0.0
16838,-0.0
16839,-0.0
16840,-0.0
16841,-0.0
16842,-0.0
16843,-0.0
16844,-0.0
16845,-0.0
16846,-0.0
16847,-0.0
16848,-0.0
16849,-0.0
16850,-0.0
16851,-0.0
16852,-0.0
16853,-0.0
16854,-0.0
16855,-0.0
16856,-0.0
16857,-0.0
16858,-0.0
16859,-0.0
16860,-0.0
16861,-0.0
16862,-0.0
16863,-0.0
16864,-0.0
16865,-0.0
16866,-0.0
16867,-0.0
16868,-0.0
16869,-0.0
16870,-0.0
16871,-0.0
16872,-0.0
16873,-0.0
16874,-0.0
16875,-0.0
16876,-0.0
16877,-0.0
16878,-0.0
16879,-0.0
16880,-0.0
16881,-0.0
16882,-0.0
16883,-0.0
16884,-0.0
16885,-0.0
16886,-0.0
16887,-0.0
16888,-0.0
16889,-0.0
16890,-0.0
16891,-0.0
16892,-0.0
16893,-0.0
16894,-0.0
16895,3.176919851458706
16896,-0.0
16897,-0.0
16898,-0.0
16899,-0.0
16900,-0.0
16901,-0.0
16902,240.52941344152458
16903,345.9698361323008
16904,277.10785407488873
16905,313.2501367203882
16906,299.4965263715563
16907,313.1138094989669
16908,305.3281588793876
16909,315.39956573330795
16910,303.05322208959325
16911,307.95368615993954
16912,315.32564639784556
16913,350.59538249681304
16914,383.6551374806213
16915,364.42401795012563
16916,299.3239193354624
16917,318.67688198447667
16918,314.5944054491311
16919,327.46515430325695
16920,-0.0
16921,-0.0
16922,-0.0
16923,-0.0
16924,-0.0
16925,-0.0
16926,-0.0
16927,-0.0
16928,-0.0
16929,-0.0
16930,-0.0
16931,-0.0
16932,-0.0
16933,-0.0
16934,-0.0
16935,-0.0
16936,-0.0
16937,-0.0
16938,-0.0
16939,-0.0
16940,-0.0
16941,-0.0
16942,-0.0
16943,-0.0
16944,-0.0
16945,-0.0
16946,-0.0
16947,-0.0
16948,-0.0
16949,-0.0
16950,-0.0
16951,-0.0
16952,-0.0
16953,-0.0
16954,-0.0
16955,-0.0
16956,-0.0
16957,-0.0
16958,-0.0
16959,-0.0
16960,-0.0
16961,-0.0
16962,-0.0
16963,-0.0
16964,-0.0
16965,-0.0
16966,-0.0
16967,-0.0
16968,-0.0
16969,-0.0
16970,-0.0
16971,-0.0
16972,-0.0
16973,-0.0
16974,-0.0
16975,-0.0
16976,-0.0
16977,-0.0
16978,-0.0
16979,-0.0
16980,-0.0
16981,-0.0
16982,-0.0
16983,-0.0
16984,-0.0
16985,-0.0
16986,-0.0
16987,-0.0
16988,-0.0
16989,-0.0
16990,-0.0
16991,298.2837438612472
16992,-0.0
16993,-0.0
16994,32.506589410959236
16995,77.04101455436398
16996,-0.0
16997,151.10327323496034
16998,323.1925806599673
16999,365.5442972901544
17000,94.30577784837396
17001,314.99683179839604
17002,363.0648800983714
17003,386.65841025700144
17004,131.46130056380238
17005,365.3828585427475
17006,309.0500348553096
17007,312.25756295154633
17008,136.301543446293
17009,260.6730290519377
17010,370.1080610249576
17011,331.30537126862407
17012,211.3125010475688
17013,237.97787293503268
17014,232.82860804790676
17015,261.2338315422893
17016,136.51912410662632
17017,133.20764996216332
17018,135.33690110803747
17019,142.30028134250472
17020,-0.0
17021,-0.0
17022,-0.0
17023,-0.0
17024,-0.0
17025,-0.0
17026,-0.0
17027,-0.0
17028,-0.0
17029,-0.0
17030,-0.0
17031,-0.0
17032,-0.0
17033,-0.0
17034,-0.0
17035,-0.0
17036,-0.0
17037,-0.0
17038,-0.0
17039,-0.0
17040,-0.0
17041,-0.0
17042,-0.0
17043,-0.0
17044,-0.0
17045,-0.0
17046,-0.0
17047,-0.0
17048,-0.0
17049,-0.0
17050,-0.0
17051,-0.0
17052,-0.0
17053,-0.0
17054,-0.0
17055,-0.0
17056,-0.0
17057,-0.0
17058,-0.0
17059,-0.0
17060,-0.0
17061,-0.0
17062,-0.0
17063,-0.0
17064,-0.0
17065,-0.0
17066,-0.0
17067,-0.0
17068,-0.0
17069,-0.0
17070,-0.0
17071,-0.0
17072,-0.0
17073,-0.0
17074,-0.0
17075,-0.0
17076,-0.0
17077,-0.0
17078,-0.0
17079,-0.0
17080,-0.0
17081,-0.0
17082,-0.0
17083,-0.0
17084,-0.0
17085,-0.0
17086,-0.0
17087,457.8375713895384
17088,63.57331513987771
17089,372.0743071919336
17090,406.06075835280956
17091,444.84731422459436
17092,25.175978896006427
17093,354.05542832285107
17094,314.179960682843
17095,344.312570903168
17096,124.54478010885947
17097,340.88146923987074
17098,301.76997977988924
17099,322.1607690671001
17100,342.3698322680605
17101,329.1077659553477
17102,310.8141620408033
17103,335.80243217005403
17104,312.4050959261827
17105,379.39915137063554
17106,438.21118449988757
17107,432.5944835611638
17108,416.61728953662487
17109,370.2319902523299
17110,366.706898948509
17111,480.0287834959423
17112,56.20074844501892
17113,64.36445121398808
17114,32.33563676057286
17115,75.66936462805239
17116,-0.0
17117,-0.0
17118,-0.0
17119,-0.0
17120,-0.0
17121,-0.0
17122,-0.0
17123,-0.0
17124,-0.0
17125,-0.0
17126,-0.0
17127,-0.0
17128,-0.0
17129,-0.0
17130,-0.0
17131,-0.0
17132,-0.0
17133,-0.0
17134,-0.0
17135,-0.0
17136,-0.0
17137,-0.0
17138,-0.0
17139,-0.0
17140,-0.0
17141,-0.0
17142,-0.0
17143,-0.0
17144,-0.0
17145,-0.0
17146,-0.0
17147,-0.0
17148,-0.0
17149,-0.0
17150,-0.0
17151,-0.0
17152,-0.0
17153,-0.0
17154,-0.0
17155,-0.0
17156,-0.0
17157,-0.0
17158,-0.0
17159,-0.0
17160,-0.0
17161,-0.0
17162,-0.0
17163,-0.0
17164,-0.0
17165,-0.0
17166,-0.0
17167,-0.0
17168,-0.0
17169,-0.0
17170,-0.0
17171,-0.0
17172,-0.0
17173,-0.0
17174,-0.0
17175,251.94578809616954
17176,261.8377733394258
17177,323.01399389231153
17178,405.75227043957864
17179,409.80232997684635
17180,98.53807616371367
17181,310.8146705315737
17182,329.81822034878223
17183,512.6031979189644
17184,-0.0
17185,154.39456274143146
17186,381.2718750218796
17187,359.84929882375974
17188,145.43967386434525
17189,309.2467372608387
17190,313.9350811460038
17191,317.23773053850584
17192,207.1991320578819
17193,319.7000737559144
17194,323.6202074656488
17195,370.9200949541096
17196,316.1552045374067
17197,341.22098881581974
17198,308.05460165405896
17199,372.3174699536057
17200,347.75416691920293
17201,381.90578288377634
17202,381.2621297502957
17203,446.40228465822526
17204,371.2871587551325
17205,354.38558573645906
17206,340.21735492436534
17207,456.5491616302624
17208,258.6988905760394
17209,88.95901005510439
17210,98.8542854261948
17211,97.86422101052743
17212,110.56838264680127
17213,48.59243899861123
17214,-0.0
17215,24.87805317236358
17216,-0.0
17217,-0.0
17218,-0.0
17219,-0.0
17220,-0.0
17221,-0.0
17222,-0.0
17223,-0.0
17224,-0.0
17225,-0.0
17226,-0.0
17227,-0.0
17228,-0.0
17229,-0.0
17230,-0.0
17231,-0.0
17232,-0.0
17233,-0.0
17234,-0.0
17235,-0.0
17236,-0.0
17237,-0.0
17238,-0.0
17239,-0.0
17240,-0.0
17241,-0.0
17242,-0.0
17243,-0.0
17244,-0.0
17245,-0.0
17246,-0.0
17247,-0.0
17248,-0.0
17249,-0.0
17250,-0.0
17251,-0.0
17252,-0.0
17253,-0.0
17254,-0.0
17255,-0.0
17256,70.00731707433522
17257,-0.0
17258,-0.0
17259,-0.0
17260,92.08580749925602
17261,-0.0
17262,-0.0
17263,-0.0
17264,-0.0
17265,-0.0
17266,-0.0
17267,-0.0
17268,-0.0
17269,-0.0
17270,-0.0
17271,-0.0
17272,108.44174406146294
17273,369.5634795450647
17274,353.82926104550876
17275,385.5213234366762
17276,327.5078852972147
17277,431.48890012408253
17278,793.734816829814
17279,800.0
17280,-0.0
17281,352.35490951374913
17282,432.28126335981705
17283,362.71846881618467
17284,200.68943837795547
17285,305.45065210228404
17286,278.3405974434159
17287,355.1550776622409
17288,176.68588856074692
17289,318.9548888770862
17290,320.80830944640775
17291,320.69550695716504
17292,295.73393881689117
17293,326.66259544014616
17294,277.4429946131803
17295,334.22325283738206
17296,296.44900128240096
17297,360.48142899060764
17298,388.1292038696501
17299,358.14632720794083
17300,409.76538649400425
17301,392.4596464111478
17302,403.7731214943575
17303,510.43692521890034
17304,360.91823903528757
17305,295.0040460394898
17306,267.0220982397803
17307,179.05606549396475
17308,275.0468833900535
17309,41.552493089935766
17310,84.57722455341393
17311,-0.0
17312,-0.0
17313,-0.0
17314,-0.0
17315,-0.0
17316,-0.0
17317,-0.0
17318,-0.0
17319,-0.0
17320,-0.0
17321,-0.0
17322,-0.0
17323,-0.0
17324,-0.0
17325,-0.0
17326,-0.0
17327,-0.0
17328,-0.0
17329,-0.0
17330,-0.0
17331,-0.0
17332,-0.0
17333,-0.0
17334,-0.0
17335,-0.0
17336,-0.0
17337,-0.0
17338,-0.0
17339,-0.0
17340,-0.0
17341,-0.0
17342,-0.0
17343,-0.0
17344,-0.0
17345,-0.0
17346,-0.0
17347,-0.0
17348,-0.0
17349,-0.0
17350,-0.0
17351,-0.0
17352,-0.0
17353,-0.0
17354,-0.0
17355,-0.0
17356,-0.0
17357,-0.0
17358,-0.0
17359,-0.0
17360,-0.0
17361,-0.0
17362,-0.0
17363,-0.0
17364,-0.0
17365,-0.0
17366,392.36825401167823
17367,411.8054347408674
17368,175.24248765000388
17369,398.0354937166029
17370,291.50161581959344
17371,443.56854494482025
17372,48.484021756049856
17373,423.41883606816265
17374,427.6709914785009
17375,554.4379943596422
17376,-0.0
17377,327.3725413428103
17378,411.5108772823651
17379,431.7499042248087
17380,261.71860976501716
17381,326.01891762470734
17382,313.24175009086
17383,413.50278534836536
17384,183.85633403048666
17385,329.8669059708627
17386,333.39733624387134
17387,343.8389181862396
17388,221.99655237599916
17389,310.21063286025776
17390,345.55653565167404
17391,335.1497088766576
17392,178.10677266565784
17393,355.0518538236844
17394,399.21519965900706
17395,371.6486403034594
17396,459.23042442253586
17397,417.17055617610134
17398,380.68434691963154
17399,367.75207704158515
17400,180.16247384790947
17401,200.49396237578483
17402,137.2703279227982
17403,237.78794790593383
17404,528.7285303156327
17405,-0.0
17406,233.1512464724779
17407,228.4115572543988
17408,25.460368369031116
17409,-0.0
17410,-0.0
17411,-0.0
17412,9.72937591845698
17413,65.91515044007078
17414,120.81850367149427
17415,64.35311912764762
17416,136.77956289843414
17417,120.05923635824989
17418,112.23875198790539
17419,179.05642509029244
17420,99.26363876384262
17421,165.67400128240095
17422,166.66725858163036
17423,148.1849807579737
17424,270.3645741888388
17425,351.43974680518926
17426,246.75072780835598
17427,297.6018209185323
17428,78.91923229492065
17429,272.2756682710882
17430,259.3514515714168
17431,344.81941145767763
17432,198.14662864961474
17433,181.99193260297844
17434,186.90055108306063
17435,181.8551086759202
17436,265.2706777421918
17437,271.6876194807034
17438,269.56489626717564
17439,328.4375526392262
17440,264.55328532598185
17441,213.62733777747667
17442,133.99822578270272
17443,225.65955045136428
17444,366.5690257009222
17445,210.74111820267538
17446,247.31978904457696
17447,286.6563167598221
17448,584.8276259906111
17449,148.04768444797043
17450,309.09647276961203
17451,330.23219749376597
17452,431.8973827293811
17453,363.3117195524178
17454,388.70238506217765
17455,433.95367743852734
17456,402.3987101590586
17457,372.4275880500567
17458,357.99687055402086
17459,375.14702448386595
17460,305.7398160932449
17461,340.99175954707914
17462,350.57051221710253
17463,488.47850075708277
17464,188.5013610791546
17465,335.47746647408866
17466,335.4601141353269
17467,417.9181714672019
17468,258.1160341284295
17469,330.7659695260701
17470,433.73651184207
17471,703.1071034321853
17472,91.02339531380844
17473,326.17450377771866
17474,356.1280187396176
17475,302.26344022790005
17476,98.88129456233833
17477,393.7107091338733
17478,363.2840499458164
17479,337.9643159706484
17480,182.6583211473532
17481,368.4198530497035
17482,316.8849581711532
17483,422.10804537774465
17484,274.79892110847027
17485,381.2890230421284
17486,333.79291695695076
17487,322.38427121355954
17488,190.93384190661268
17489,348.4626691960606
17490,375.2412106450952
17491,399.496025766267
17492,341.4075610013888
17493,409.48417097050947
17494,329.26325966593924
17495,443.97261956658343
17496,-0.0
17497,-0.0
17498,-0.0
17499,45.66543564576175
17500,-0.0
17501,-0.0
17502,-0.0
17503,-0.0
17504,-0.0
17505,-0.0
17506,-0.0
17507,-0.0
17508,-0.0
17509,-0.0
17510,-0.0
17511,-0.0
17512,-0.0
17513,-0.0
17514,-0.0
17515,-0.0
17516,-0.0
17517,-0.0
17518,-0.0
17519,-0.0
17520,-0.0
17521,-0.0
17522,-0.0
17523,-0.0
17524,-0.0
17525,-0.0
17526,-0.0
17527,-0.0
17528,-0.0
17529,-0.0
17530,-0.0
17531,-0.0
17532,-0.0
17533,-0.0
17534,-0.0
17535,-0.0
17536,-0.0
17537,-0.0
17538,-0.0
17539,-0.0
17540,-0.0
17541,-0.0
17542,-0.0
17543,-0.0
17544,22.16813691457014
17545,-0.0
17546,-0.0
17547,-0.0
17548,65.23224151324325
17549,-0.0
17550,-0.0
17551,-0.0
17552,-0.0
17553,-0.0
17554,-0.0
17555,-0.0
17556,-0.0
17557,-0.0
17558,-0.0
17559,-0.0
17560,-0.0
17561,-0.0
17562,-0.0
17563,-0.0
17564,-0.0
17565,-0.0
17566,-0.0
17567,277.4005799765107
17568,-0.0
17569,-0.0
17570,-0.0
17571,-0.0
17572,-0.0
17573,-0.0
17574,314.6508807106297
17575,329.05859652445497
17576,221.8201415103647
17577,334.667519172542
17578,358.83843437742735
17579,423.2339128972991
17580,227.4322570420137
17581,298.4758920565326
17582,282.21475460581956
17583,297.38477970432996
17584,206.03310377992517
17585,301.6400418288468
17586,396.15149103956514
17587,375.97824837553463
17588,257.41930913607985
17589,329.65571966930816
17590,334.75958485686874
17591,346.4481144126262
17592,-0.0
17593,-0.0
17594,-0.0
17595,-0.0
17596,-0.0
17597,-0.0
17598,-0.0
17599,-0.0
17600,-0.0
17601,-0.0
17602,-0.0
17603,-0.0
17604,-0.0
17605,-0.0
17606,-0.0
17607,-0.0
17608,-0.0
17609,-0.0
17610,-0.0
17611,-0.0
17612,-0.0
17613,-0.0
17614,-0.0
17615,-0.0
17616,-0.0
17617,-0.0
17618,-0.0
17619,-0.0
17620,-0.0
17621,-0.0
17622,-0.0
17623,-0.0
17624,-0.0
17625,-0.0
17626,-0.0
17627,-0.0
17628,-0.0
17629,-0.0
17630,-0.0
17631,-0.0
17632,-0.0
17633,-0.0
17634,-0.0
17635,-0.0
17636,-0.0
17637,-0.0
17638,-0.0
17639,-0.0
17640,13.198888698372002
17641,-0.0
17642,-0.0
17643,-0.0
17644,-0.0
17645,-0.0
17646,-0.0
17647,-0.0
17648,-0.0
17649,-0.0
17650,-0.0
17651,-0.0
17652,-0.0
17653,-0.0
17654,-0.0
17655,-0.0
17656,-0.0
17657,-0.0
17658,-0.0
17659,327.94700209843023
17660,180.9984100999987
17661,450.08411590110046
17662,377.2015239447172
17663,600.8488406870129
17664,197.02320500105975
17665,311.91115166935964
17666,397.5100118579482
17667,333.34548242018695
17668,118.30932766558249
17669,346.4631839598673
17670,344.01482056110365
17671,327.5777807355266
17672,174.01559687587232
17673,337.82853754871945
17674,353.3134116456268
17675,312.901216085027
17676,195.42963608680498
17677,276.4096380429739
17678,315.68694528801973
17679,359.07842893749546
17680,194.68810321839297
17681,356.2760355230662
17682,407.06136903678765
17683,393.1059716689311
17684,248.1306721774148
17685,265.48500291976165
17686,249.11889207145325
17687,277.5010230551353
17688,-0.0
17689,-0.0
17690,-0.0
17691,-0.0
17692,-0.0
17693,-0.0
17694,-0.0
17695,-0.0
17696,-0.0
17697,-0.0
17698,-0.0
17699,-0.0
17700,-0.0
17701,-0.0
17702,-0.0
17703,-0.0
17704,-0.0
17705,-0.0
17706,-0.0
17707,-0.0
17708,-0.0
17709,-0.0
17710,-0.0
17711,-0.0
17712,-0.0
17713,-0.0
17714,-0.0
17715,-0.0
17716,-0.0
17717,-0.0
17718,-0.0
17719,-0.0
17720,-0.0
17721,-0.0
17722,-0.0
17723,-0.0
17724,-0.0
17725,-0.0
17726,-0.0
17727,-0.0
17728,-0.0
17729,-0.0
17730,-0.0
17731,-0.0
17732,-0.0
17733,-0.0
17734,-0.0
17735,-0.0
17736,-0.0
17737,-0.0
17738,-0.0
17739,-0.0
17740,-0.0
17741,277.9267160320819
17742,293.7404067081036
17743,331.93784766288377
17744,396.33548339827144
17745,303.738862549287
17746,288.74205543284904
17747,311.46688533419973
17748,364.8086663800542
17749,299.7695594086599
17750,320.19887830755033
17751,308.51059785996813
17752,250.03303839218472
17753,279.5792427702549
17754,349.5633030344028
17755,413.5920540502351
17756,191.58164774064963
17757,322.2475150211871
17758,335.7350802719017
17759,627.0752229703739
17760,50.340126718163106
17761,338.4232014253405
17762,322.7026352990561
17763,582.5321820385698
17764,170.19060914436136
17765,338.510138733114
17766,326.77805764022236
17767,352.3549095137492
17768,203.57033824112972
17769,312.0351755385812
17770,340.68885554996734
17771,465.00826916318897
17772,243.47149088857384
17773,318.1551410998238
17774,313.29679679810647
17775,337.16776107694807
17776,311.3861289375591
17777,369.4167870413072
17778,421.9427139531494
17779,403.17008853609326
17780,422.0278894917306
17781,489.12887399068296
17782,397.9345377999238
17783,430.34717841371105
17784,232.7949223377591
17785,271.7348637785758
17786,239.39976199590902
17787,257.79760673055074
17788,161.85867883659273
17789,25.782359802764965
17790,-0.0
17791,-0.0
17792,-0.0
17793,-0.0
17794,-0.0
17795,-0.0
17796,-0.0
17797,-0.0
17798,-0.0
17799,-0.0
17800,-0.0
17801,-0.0
17802,-0.0
17803,-0.0
17804,-0.0
17805,-0.0
17806,-0.0
17807,-0.0
17808,-0.0
17809,-0.0
17810,-0.0
17811,-0.0
17812,-0.0
17813,-0.0
17814,-0.0
17815,-0.0
17816,-0.0
17817,-0.0
17818,-0.0
17819,-0.0
17820,-0.0
17821,-0.0
17822,-0.0
17823,-0.0
17824,-0.0
17825,-0.0
17826,-0.0
17827,-0.0
17828,-0.0
17829,-0.0
17830,-0.0
17831,-0.0
17832,-0.0
17833,-0.0
17834,-0.0
17835,281.02790185338534
17836,415.8276086867197
17837,242.00610634472716
17838,330.36771980362215
17839,397.4938808192402
17840,420.642660833898
17841,210.2366103736502
17842,280.2527414123582
17843,317.800651957304
17844,205.27721813539756
17845,255.00466899195698
17846,356.8529120785511
17847,522.7560749972259
17848,163.79959523003123
17849,361.2087751362582
17850,426.5397551733632
17851,519.9152990869868
17852,102.26204064064746
17853,387.74732202522466
17854,390.027377100645
17855,800.0
17856,-0.0
17857,391.98182092454374
17858,412.3165023359811
17859,339.5146174123223
17860,180.61775214123057
17861,314.2959313736896
17862,311.56474038717295
17863,338.0974099997857
17864,144.90243745298318
17865,330.77355427905593
17866,311.9228815401089
17867,243.00374012995724
17868,95.05364711999385
17869,125.91061750652389
17870,259.90313724660945
17871,313.2251352433397
17872,371.39101391433013
17873,435.95434163069103
17874,415.66396935533345
17875,424.22325283738206
17876,414.3280084212861
17877,428.6902325641591
17878,460.7254081027403
17879,406.34069183599325
17880,690.0493982517394
17881,425.4152099773386
17882,293.95768730901096
17883,394.33048339226
17884,360.555809370912
17885,314.76024677679436
17886,211.42850350848022
17887,365.3840921791927
17888,275.45005701956654
17889,339.4061294990913
17890,368.85764702579223
17891,394.27622835351605
17892,187.64529111733106
17893,283.04744890039046
17894,339.3095215214837
17895,335.76640152538744
17896,133.84961643423782
17897,165.88165671068225
17898,172.0624223874438
17899,169.9995452306775
17900,-0.0
17901,-0.0
17902,-0.0
17903,-0.0
17904,-0.0
17905,-0.0
17906,-0.0
17907,-0.0
17908,-0.0
17909,-0.0
17910,-0.0
17911,-0.0
17912,-0.0
17913,-0.0
17914,-0.0
17915,-0.0
17916,-0.0
17917,-0.0
17918,-0.0
17919,-0.0
17920,-0.0
17921,-0.0
17922,-0.0
17923,-0.0
17924,-0.0
17925,-0.0
17926,-0.0
17927,-0.0
17928,-0.0
17929,-0.0
17930,-0.0
17931,-0.0
17932,-0.0
17933,129.19541245176597
17934,234.00945315813436
17935,324.9600934144929
17936,362.2949778297317
17937,319.9138994997342
17938,267.49267253484345
17939,350.09517066018157
17940,147.50957988832016
17941,383.74594811003743
17942,373.42573032605713
17943,338.9458187171704
17944,278.63247050912656
17945,303.5367913581746
17946,298.5191842110716
17947,285.3816502583508
17948,-0.0
17949,304.391077351913
17950,406.9898741029187
17951,389.207337783488
17952,-0.0
17953,312.3405607642009
17954,335.7868584004623
17955,705.3419964903629
17956,276.6806863960614
17957,408.25152004440207
17958,400.5379362049884
17959,554.1551914538472
17960,73.54663783285898
17961,313.72393979497565
17962,283.3635980580603
17963,312.27466160787895
17964,199.60959676964794
17965,313.08297105428665
17966,252.6455742950631
17967,320.15290176021966
17968,314.6849723897998
17969,373.1400644156673
17970,422.63221438607377
17971,380.8974242184323
17972,332.55992526600113
17973,396.2053092483156
17974,351.7543002123851
17975,435.2030064711285
17976,226.89996904500555
17977,258.66576364175006
17978,188.1845662372171
17979,124.62090626916786
17980,-0.0
17981,-0.0
17982,-0.0
17983,-0.0
17984,-0.0
17985,-0.0
17986,-0.0
17987,-0.0
17988,-0.0
17989,-0.0
17990,-0.0
17991,-0.0
17992,-0.0
17993,-0.0
17994,-0.0
17995,-0.0
17996,-0.0
17997,-0.0
17998,-0.0
17999,-0.0
18000,-0.0
18001,-0.0
18002,-0.0
18003,-0.0
18004,-0.0
18005,-0.0
18006,-0.0
18007,-0.0
18008,-0.0
18009,-0.0
18010,-0.0
18011,-0.0
18012,-0.0
18013,-0.0
18014,-0.0
18015,-0.0
18016,-0.0
18017,-0.0
18018,-0.0
18019,-0.0
18020,-0.0
18021,-0.0
18022,-0.0
18023,-0.0
18024,-0.0
18025,-0.0
18026,-0.0
18027,-0.0
18028,-0.0
18029,-0.0
18030,-0.0
18031,-0.0
18032,-0.0
18033,-0.0
18034,-0.0
18035,-0.0
18036,-0.0
18037,-0.0
18038,-0.0
18039,-0.0
18040,-0.0
18041,-0.0
18042,-0.0
18043,-0.0
18044,-0.0
18045,155.96351188386876
18046,536.5490166361349
18047,681.3006763917354
18048,76.50021623234079
18049,372.60298193415036
18050,413.00347230595895
18051,418.3151284207939
18052,88.80375573121785
18053,354.9327149312339
18054,313.92332659329645
18055,343.83035651709423
18056,114.96652963818724
18057,296.66624745056237
18058,320.473144226158
18059,408.6674169793343
18060,217.94651752068953
18061,341.1309550043595
18062,342.09167518574804
18063,349.3788636723515
18064,318.6846238243273
18065,367.9508658123469
18066,410.9588016233939
18067,455.6493214105803
18068,396.8167604091915
18069,396.6210749852032
18070,445.37875296598986
18071,438.81452106958733
18072,369.77653621320627
18073,346.4684933531628
18074,282.08745377879006
18075,167.35511794545963
18076,81.57461058376506
18077,69.88683862695325
18078,78.29053595599055
18079,51.406061593649646
18080,-0.0
18081,-0.0
18082,-0.0
18083,-0.0
18084,-0.0
18085,-0.0
18086,-0.0
18087,-0.0
18088,-0.0
18089,-0.0
18090,-0.0
18091,-0.0
18092,-0.0
18093,-0.0
18094,-0.0
18095,-0.0
18096,-0.0
18097,-0.0
18098,-0.0
18099,-0.0
18100,-0.0
18101,-0.0
18102,-0.0
18103,-0.0
18104,-0.0
18105,267.5177262702677
18106,291.5173426558763
18107,340.39904450588455
18108,324.4828293929306
18109,316.96546415023374
18110,349.0114019419397
18111,315.4841645524931
18112,260.38584827752817
18113,217.79411240531482
18114,158.50824349112366
18115,267.8941680422674
18116,349.77017902835547
18117,91.8856789939492
18118,296.2294949929925
18119,330.50092496168463
18120,477.3256752566482
18121,329.3927055849755
18122,326.16488594884413
18123,285.7184190297048
18124,538.9749125929826
18125,355.6296979967939
18126,319.85665220850836
18127,339.22107693536077
18128,331.980612640147
18129,371.58454811825527
18130,353.20433521267466
18131,351.812788125616
18132,242.67812887843556
18133,323.8343793254716
18134,338.94257377093913
18135,380.4337999571733
18136,281.66944033412443
18137,322.22662244657437
18138,330.5344356329019
18139,526.101582099371
18140,157.05109420494378
18141,365.2798055288129
18142,345.29420421656533
18143,630.1371361220004
18144,165.7679695086586
18145,277.88457655554856
18146,422.7896465621392
18147,608.5073531372218
18148,206.38813821868257
18149,350.82492429392806
18150,317.01488399868657
18151,443.900541963466
18152,122.25246198996129
18153,342.84297649421853
18154,277.8557233465086
18155,290.2688477691081
18156,166.56184000956725
18157,333.21289688182003
18158,383.7111929426856
18159,312.87553107759095
18160,294.2206544689938
18161,341.4632946662289
18162,420.71810978740064
18163,438.7257425945462
18164,318.4992496048235
18165,336.66882965014634
18166,275.1745918972597
18167,291.5949675114002
18168,231.31503792853164
18169,154.82077549368688
18170,115.46808063758375
18171,157.00614371773796
18172,378.99163367900564
18173,238.04735450781308
18174,191.44616686007936
18175,288.2371626554477
18176,223.95557834706975
18177,255.30941069206895
18178,223.64623086520587
18179,253.6166000231354
18180,-0.0
18181,-0.0
18182,-0.0
18183,-0.0
18184,-0.0
18185,-0.0
18186,-0.0
18187,-0.0
18188,-0.0
18189,-0.0
18190,-0.0
18191,-0.0
18192,-0.0
18193,-0.0
18194,-0.0
18195,-0.0
18196,-0.0
18197,-0.0
18198,-0.0
18199,-0.0
18200,-0.0
18201,-0.0
18202,-0.0
18203,-0.0
18204,-0.0
18205,-0.0
18206,-0.0
18207,-0.0
18208,-0.0
18209,-0.0
18210,-0.0
18211,-0.0
18212,-0.0
18213,-0.0
18214,-0.0
18215,-0.0
18216,137.15095013869654
18217,-0.0
18218,-0.0
18219,-0.0
18220,-0.0
18221,-0.0
18222,-0.0
18223,-0.0
18224,-0.0
18225,-0.0
18226,-0.0
18227,-0.0
18228,-0.0
18229,-0.0
18230,-0.0
18231,-0.0
18232,-0.0
18233,-0.0
18234,-0.0
18235,-0.0
18236,-0.0
18237,12.900661434986944
18238,378.05580993845564
18239,634.4509325147882
18240,37.150230450987465
18241,373.8672875864673
18242,366.17085176730245
18243,562.7807677050794
18244,119.08875922099213
18245,337.30305569006475
18246,324.15964446099025
18247,336.451454089118
18248,212.64337371108374
18249,292.2954863205021
18250,243.56934594154703
18251,347.07210660795425
18252,231.06371056959946
18253,323.5304302730086
18254,323.23858188925607
18255,348.69777097872736
18256,239.1218045987368
18257,346.82067774219183
18258,401.83728006625233
18259,372.11858192424734
18260,292.1090519755135
18261,283.48024209643006
18262,314.3047735525961
18263,290.64401606257985
18264,311.8093841628697
18265,258.25985346024436
18266,274.7821746902104
18267,282.71638288978943
18268,-0.0
18269,-0.0
18270,-0.0
18271,-0.0
18272,-0.0
18273,-0.0
18274,-0.0
18275,-0.0
18276,-0.0
18277,-0.0
18278,-0.0
18279,-0.0
18280,-0.0
18281,-0.0
18282,-0.0
18283,-0.0
18284,-0.0
18285,-0.0
18286,-0.0
18287,-0.0
18288,-0.0
18289,-0.0
18290,-0.0
18291,-0.0
18292,-0.0
18293,-0.0
18294,-0.0
18295,-0.0
18296,-0.0
18297,-0.0
18298,-0.0
18299,-0.0
18300,-0.0
18301,-0.0
18302,-0.0
18303,-0.0
18304,-0.0
18305,-0.0
18306,-0.0
18307,-0.0
18308,-0.0
18309,-0.0
18310,-0.0
18311,-0.0
18312,-0.0
18313,-0.0
18314,-0.0
18315,-0.0
18316,-0.0
18317,-0.0
18318,-0.0
18319,-0.0
18320,-0.0
18321,-0.0
18322,-0.0
18323,-0.0
18324,-0.0
18325,-0.0
18326,-0.0
18327,-0.0
18328,-0.0
18329,-0.0
18330,-0.0
18331,-0.0
18332,-0.0
18333,9.816489995002257
18334,-0.0
18335,162.21541613887484
18336,-0.0
18337,-0.0
18338,332.62384703957116
18339,478.9802813785659
18340,247.11738336165865
18341,372.07428250997555
18342,363.217781858591
18343,382.2272089521533
18344,-0.0
18345,235.20942457586105
18346,370.06798486239245
18347,388.7139020174354
18348,138.84288738457028
18349,302.8637765248836
18350,329.52905635782133
18351,338.1835351820096
18352,247.96386854473968
18353,342.7715426252112
18354,402.03542790629876
18355,423.4259333298585
18356,281.7837500317365
18357,357.53417379407455
18358,383.2903295585635
18359,379.7812956974255
18360,233.1495078230138
18361,286.08763029545577
18362,242.47109952218133
18363,231.75527634316353
18364,129.0732209679361
18365,93.83906569806838
18366,98.63035230769393
18367,81.53818591002488
18368,-0.0
18369,-0.0
18370,-0.0
18371,-0.0
18372,-0.0
18373,-0.0
18374,-0.0
18375,-0.0
18376,-0.0
18377,-0.0
18378,-0.0
18379,-0.0
18380,-0.0
18381,-0.0
18382,-0.0
18383,-0.0
18384,-0.0
18385,-0.0
18386,-0.0
18387,-0.0
18388,-0.0
18389,-0.0
18390,-0.0
18391,-0.0
18392,-0.0
18393,-0.0
18394,-0.0
18395,-0.0
18396,-0.0
18397,-0.0
18398,-0.0
18399,-0.0
18400,-0.0
18401,-0.0
18402,-0.0
18403,-0.0
18404,-0.0
18405,-0.0
18406,-0.0
18407,-0.0
18408,-0.0
18409,-0.0
18410,-0.0
18411,-0.0
18412,-0.0
18413,-0.0
18414,-0.0
18415,-0.0
18416,-0.0
18417,-0.0
18418,-0.0
18419,-0.0
18420,-0.0
18421,-0.0
18422,-0.0
18423,-0.0
18424,-0.0
18425,-0.0
18426,-0.0
18427,-0.0
18428,-0.0
18429,-0.0
18430,-0.0
18431,47.4228314751407
18432,-0.0
18433,332.9760705233558
18434,584.8534074857621
18435,730.0091849416293
18436,147.45136497946976
18437,101.14473479023835
18438,240.0795234302858
18439,404.70665082589437
18440,74.83174351584097
18441,365.6945146575824
18442,339.9620766310443
18443,332.09559103141095
18444,234.03760519093402
18445,342.38515793374825
18446,295.84620813340536
18447,328.9435255836584
18448,335.89489375548584
18449,362.0535150340469
18450,409.73887970927115
18451,430.50705287164936
18452,342.81928923137343
18453,341.741724629165
18454,332.26820808029316
18455,345.56669863779865
18456,105.33254304542943
18457,155.5910128078446
18458,56.66385223095551
18459,108.6541293273131
18460,-0.0
18461,-0.0
18462,-0.0
18463,-0.0
18464,-0.0
18465,-0.0
18466,-0.0
18467,-0.0
18468,-0.0
18469,-0.0
18470,-0.0
18471,-0.0
18472,-0.0
18473,-0.0
18474,-0.0
18475,-0.0
18476,-0.0
18477,-0.0
18478,-0.0
18479,-0.0
18480,-0.0
18481,-0.0
18482,-0.0
18483,-0.0
18484,-0.0
18485,-0.0
18486,-0.0
18487,-0.0
18488,-0.0
18489,-0.0
18490,-0.0
18491,-0.0
18492,-0.0
18493,-0.0
18494,-0.0
18495,-0.0
18496,-0.0
18497,-0.0
18498,-0.0
18499,-0.0
18500,-0.0
18501,-0.0
18502,-0.0
18503,-0.0
18504,83.72553561793984
18505,-0.0
18506,-0.0
18507,-0.0
18508,-0.0
18509,-0.0
18510,-0.0
18511,-0.0
18512,-0.0
18513,-0.0
18514,-0.0
18515,-0.0
18516,-0.0
18517,-0.0
18518,-0.0
18519,36.45153061097153
18520,187.52034214144487
18521,344.1281068591586
18522,476.5532018192796
18523,479.0646897856227
18524,81.6247239103746
18525,375.14334779149164
18526,397.5190820178639
18527,625.5371598902198
18528,89.12716639876015
18529,373.0477567600807
18530,384.81135077284586
18531,411.03188046181145
18532,157.00122136795613
18533,345.57148308794353
18534,311.68607986360286
18535,376.03555715418577
18536,247.8422767005922
18537,332.4623185354504
18538,335.0721700455372
18539,365.5854382246303
18540,252.5707198567343
18541,351.6251558800027
18542,337.2083688386955
18543,340.7505536644115
18544,266.953235539502
18545,298.84138659421717
18546,394.1980763207164
18547,428.90895048285006
18548,420.14861576648127
18549,457.53740481374007
18550,447.70339588736346
18551,448.569987637818
18552,462.0036285505372
18553,497.1731240039453
18554,424.81528373325295
18555,544.0587090996295
18556,570.8378649667752
18557,311.6804976109067
18558,343.3724300689051
18559,389.4309878377353
18560,377.6500698555992
18561,340.22030590352125
18562,370.7597182169046
18563,373.9730989075369
18564,339.51299517471256
18565,316.0975432929678
18566,336.61129528087326
18567,307.1286992791949
18568,-0.0
18569,-0.0
18570,-0.0
18571,-0.0
18572,-0.0
18573,-0.0
18574,114.45043142495973
18575,260.920841448971
18576,161.71434260276408
18577,171.858174203068
18578,130.37515783016025
18579,163.56722999935712
18580,127.55875839991039
18581,141.8943052357647
18582,95.08785351335652
18583,204.86079710843438
18584,219.93140193592833
18585,276.50905579628915
18586,286.14772175979107
18587,301.9181078372431
18588,333.6071139980437
18589,355.1366154090525
18590,271.3158128606863
18591,296.7338856976398
18592,30.31905871851977
18593,89.88187794411027
18594,106.61076615343985
18595,161.4044850972246
18596,278.62065113622225
18597,161.84726248795693
18598,182.6470102652193
18599,205.3397693920098
18600,462.61626043157503
18601,350.5402611464324
18602,343.8739890139119
18603,373.1576573441237
18604,396.21242714667443
18605,359.9368754324205
18606,382.9648244614188
18607,389.370277321248
18608,386.3797925343512
18609,377.09561571336906
18610,373.89984216983976
18611,375.51375198790544
18612,152.72928290849364
18613,330.81147764801165
18614,538.6536778274615
18615,458.4589847030559
18616,227.14406066867735
18617,391.6182863040663
18618,625.0058007552113
18619,577.4835505357435
18620,119.98684586003998
18621,452.32136263079406
18622,385.0941783605989
18623,561.8949441095093
18624,30.50526683990239
18625,348.0969261909734
18626,355.3111723060226
18627,421.2136354310711
18628,226.0989742277217
18629,308.3026740744602
18630,421.28263727500433
18631,355.4207819117032
18632,118.39912954018078
18633,355.00805317837495
18634,312.1971474587166
18635,384.0143120703333
18636,281.96399779262674
18637,303.0112848175618
18638,348.0712411835374
18639,357.60617481771243
18640,270.0362312757468
18641,422.7793681178267
18642,433.16958004532285
18643,467.6313513343781
18644,432.21004029524147
18645,424.7364756978541
18646,534.5180056440354
18647,577.4213976310837
18648,469.00372647885416
18649,330.59441969746143
18650,316.69189313483
18651,458.9758408874387
18652,517.3099852258324
18653,324.14120617723637
18654,429.0499281942432
18655,436.24656716218936
18656,440.3678595148206
18657,464.1003362969835
18658,442.4548888770862
18659,417.8247845827296
18660,353.9410405464459
18661,301.6609854710255
18662,332.17422896816055
18663,342.6334180576318
18664,436.3842569949129
18665,403.87056844459033
18666,375.9757381266875
18667,405.2877758571269
18668,314.0210666170293
18669,308.769801313066
18670,242.65619683698938
18671,199.44968572229345
18672,313.514752655662
18673,307.2183762287849
18674,292.07135174491896
18675,321.7794786792083
18676,254.2074640911102
18677,375.03944926383053
18678,368.4319005309308
18679,502.003179232459
18680,249.95938525269267
18681,377.8143076024745
18682,447.9170476322187
18683,419.0631820097097
18684,265.89364224760556
18685,407.0309224499948
18686,409.9840170406643
18687,350.71846434832594
18688,272.7336988626426
18689,255.62632859656617
18690,237.05260616901847
18691,330.3302950296689
18692,543.541748708246
18693,356.9056145903046
18694,313.60395749738524
18695,434.04672304219207
18696,478.2374582466488
18697,322.11996109338384
18698,310.4343650385933
18699,242.9644771335802
18700,440.17222568248974
18701,393.27648057625373
18702,370.20523939271635
18703,419.24257675965214
18704,344.39110203387116
18705,317.4227030732857
18706,289.7470672847859
18707,337.1971227767585
18708,348.25662690702796
18709,333.2501367203881
18710,344.32990544544816
18711,327.79497373494394
18712,346.90703666785026
18713,373.83641953191994
18714,343.47800595520033
18715,427.93820419021563
18716,281.0172255314984
18717,616.7811493206839
18718,113.52877908251571
18719,587.6644131440264
18720,104.86282199081842
18721,344.216635427593
18722,511.02082570273035
18723,420.2358928570858
18724,221.21443642779786
18725,327.7681220558897
18726,361.8438666005935
18727,346.1194817524304
18728,238.86390340004934
18729,339.4798869269286
18730,285.16516480369745
18731,281.6924409487688
18732,316.00179428641667
18733,316.9918833840421
18734,351.5380630801542
18735,376.68777195681184
18736,334.85297551613405
18737,368.3545525801027
18738,406.72032654018426
18739,447.7157597414349
18740,257.89227865074974
18741,289.8895308203752
18742,457.38151101571157
18743,391.4640411610902
18744,119.40031371016296
18745,192.08402735899585
18746,73.59299656333792
18747,102.33945316414571
18748,146.8838067334006
18749,137.0742274773351
18750,104.94218981053177
18751,92.95221953708838
18752,-0.0
18753,-0.0
18754,-0.0
18755,-0.0
18756,-0.0
18757,-0.0
18758,-0.0
18759,-0.0
18760,-0.0
18761,-0.0
18762,-0.0
18763,-0.0
18764,-0.0
18765,-0.0
18766,-0.0
18767,-0.0
18768,-0.0
18769,-0.0
18770,-0.0
18771,-0.0
18772,-0.0
18773,-0.0
18774,-0.0
18775,-0.0
18776,-0.0
18777,-0.0
18778,-0.0
18779,-0.0
18780,-0.0
18781,-0.0
18782,-0.0
18783,-0.0
18784,-0.0
18785,-0.0
18786,-0.0
18787,-0.0
18788,-0.0
18789,-0.0
18790,-0.0
18791,-0.0
18792,25.557995663755037
18793,-0.0
18794,-0.0
18795,-0.0
18796,3.3980989800270436
18797,-0.0
18798,-0.0
18799,319.86584206448265
18800,425.15778673699066
18801,407.3982263502463
18802,366.5962779890046
18803,380.3229021767719
18804,248.66819329410293
18805,375.8741184067789
18806,406.85511266253053
18807,486.34206046825136
18808,204.31820751274955
18809,329.3445923138119
18810,358.0360022073733
18811,394.50777251834404
18812,129.657557916144
18813,435.3123805904193
18814,374.5574257580491
18815,515.1922493983861
18816,-0.0
18817,449.55863404244576
18818,390.94527147077525
18819,406.0490038001022
18820,-0.0
18821,334.4798869269286
18822,353.17765790565596
18823,315.6607764717714
18824,103.80914919875929
18825,302.5606573972359
18826,281.78173433259667
18827,325.94357937756627
18828,267.688407322748
18829,311.34823025056147
18830,289.35953975008135
18831,338.2877266381907
18832,204.41657105649318
18833,349.7781210778052
18834,384.8791443323824
18835,386.28462187416966
18836,372.02813139613676
18837,398.65515468337355
18838,408.46473393943893
18839,434.4369802190233
18840,467.2351025050956
18841,450.60749756380585
18842,329.54187891618335
18843,428.2322718282039
18844,690.4022863608561
18845,325.9261526474441
18846,143.11822382653375
18847,238.04723738343517
18848,131.71292141879815
18849,114.12121022854288
18850,104.57449735970232
18851,105.65973243555125
18852,254.46930314062712
18853,282.7773706826287
18854,277.3502276857595
18855,264.5179887627076
18856,78.36225648048146
18857,196.5397947246049
18858,197.51457223868118
18859,200.17453362872862
18860,-0.0
18861,-0.0
18862,-0.0
18863,-0.0
18864,-0.0
18865,-0.0
18866,-0.0
18867,-0.0
18868,-0.0
18869,-0.0
18870,-0.0
18871,-0.0
18872,106.11585426241093
18873,187.14067761734665
18874,174.85742965836425
18875,233.1671892935748
18876,89.62673099381377
18877,120.81518990821922
18878,-0.0
18879,75.92257424796233
18880,12.6109323517741
18881,45.805713595720746
18882,-0.0
18883,6.332187753958124
18884,199.93446404400942
18885,177.4090209409795
18886,58.73623517606191
18887,224.14547851987177
18888,462.34657804806454
18889,325.438427959411
18890,188.53562197438268
18891,236.36952830868546
18892,657.9299927729246
18893,376.5268170182172
18894,251.65918657177008
18895,321.59141769419165
18896,452.4918962200748
18897,314.3424164117907
18898,312.46014263342914
18899,304.4578786118669
18900,343.34865062179085
18901,275.70825380945513
18902,353.400020636663
18903,393.78604738101444
18904,285.48267351292793
18905,292.5841665026507
18906,312.7568759939527
18907,398.3931510607266
18908,63.55570799277476
18909,417.85859904215613
18910,367.5826657122976
18911,480.51882826753234
18912,-0.0
18913,270.5147442874881
18914,473.7755257946618
18915,357.4933970104279
18916,176.91362007733727
18917,376.3007529128777
18918,350.0973465622028
18919,302.5173652426968
18920,8.582869108605735
18921,333.3652901512693
18922,330.8772619264247
18923,396.5889246042559
18924,50.98377985164376
18925,201.62177169358472
18926,294.0158128606863
18927,333.60528471133745
18928,248.02990894620555
18929,337.6531436646258
18930,395.54797398252873
18931,393.78437996976356
18932,314.46597069084663
18933,390.01885433210447
18934,345.99007863431405
18935,366.44559103141097
18936,123.07001673033645
18937,137.29058517492683
18938,110.88510763313954
18939,165.49172750403946
18940,95.04909762513596
18941,25.027089310074217
18942,-0.0
18943,89.58134686651935
18944,-0.0
18945,-0.0
18946,-0.0
18947,-0.0
18948,-0.0
18949,-0.0
18950,-0.0
18951,-0.0
18952,-0.0
18953,-0.0
18954,-0.0
18955,-0.0
18956,-0.0
18957,-0.0
18958,-0.0
18959,-0.0
18960,-0.0
18961,-0.0
18962,-0.0
18963,-0.0
18964,-0.0
18965,-0.0
18966,-0.0
18967,-0.0
18968,-0.0
18969,-0.0
18970,-0.0
18971,-0.0
18972,-0.0
18973,-0.0
18974,-0.0
18975,-0.0
18976,-0.0
18977,-0.0
18978,-0.0
18979,-0.0
18980,-0.0
18981,-0.0
18982,-0.0
18983,-0.0
18984,-0.0
18985,-0.0
18986,-0.0
18987,-0.0
18988,26.75182740903881
18989,-0.0
18990,-0.0
18991,-0.0
18992,-0.0
18993,-0.0
18994,-0.0
18995,-0.0
18996,-0.0
18997,-0.0
18998,-0.0
18999,-0.0
19000,-0.0
19001,-0.0
19002,-0.0
19003,-0.0
19004,-0.0
19005,-0.0
19006,-0.0
19007,263.37990682101145
19008,-0.0
19009,-0.0
19010,39.72942187711192
19011,228.51885344454422
19012,-0.0
19013,148.42869023038787
19014,354.7942521165133
19015,339.7108360090391
19016,136.92319872802338
19017,336.5168330572617
19018,313.19961504063957
19019,333.89492772749054
19020,331.8341285935577
19021,310.86604054644584
19022,315.3955807130794
19023,351.3472132690207
19024,285.1531666881508
19025,339.4814878857147
19026,395.73582504535005
19027,353.81501528194366
19028,281.52961620121494
19029,283.39487142006027
19030,268.9935591206917
19031,291.4105596036256
19032,13.39732669254223
19033,-0.0
19034,-0.0
19035,-0.0
19036,-0.0
19037,-0.0
19038,-0.0
19039,-0.0
19040,-0.0
19041,-0.0
19042,-0.0
19043,-0.0
19044,-0.0
19045,-0.0
19046,-0.0
19047,-0.0
19048,-0.0
19049,-0.0
19050,-0.0
19051,-0.0
19052,-0.0
19053,-0.0
19054,-0.0
19055,-0.0
19056,-0.0
19057,-0.0
19058,-0.0
19059,-0.0
19060,-0.0
19061,-0.0
19062,-0.0
19063,-0.0
19064,-0.0
19065,-0.0
19066,-0.0
19067,-0.0
19068,-0.0
19069,-0.0
19070,-0.0
19071,-0.0
19072,-0.0
19073,-0.0
19074,-0.0
19075,-0.0
19076,-0.0
19077,-0.0
19078,-0.0
19079,-0.0
19080,-0.0
19081,-0.0
19082,-0.0
19083,-0.0
19084,103.14404123959184
19085,-0.0
19086,-0.0
19087,-0.0
19088,-0.0
19089,-0.0
19090,-0.0
19091,-0.0
19092,-0.0
19093,-0.0
19094,-0.0
19095,-0.0
19096,-0.0
19097,-0.0
19098,-0.0
19099,-0.0
19100,-0.0
19101,101.85018942518855
19102,88.91743573832991
19103,397.21952480087725
19104,-0.0
19105,-0.0
19106,194.5649568670408
19107,456.4004401577543
19108,-0.0
19109,333.689209309582
19110,334.1767677992809
19111,355.43251178245254
19112,246.3956829062871
19113,297.8006766392621
19114,297.51787373346724
19115,328.35989668372787
19116,235.82741738386378
19117,292.61889698804436
19118,290.40781907459916
19119,316.0076715627704
19120,270.02813724660945
19121,339.5251475118288
19122,385.9540847951146
19123,516.0296637090279
19124,359.0644453635154
19125,312.7113301361829
19126,410.89068013504783
19127,359.56155782194236
19128,57.239385258704004
19129,66.38778365775724
19130,21.359438939487646
19131,156.0800202201107
19132,222.0681348919224
19133,-0.0
19134,-0.0
19135,69.32378976544572
19136,-0.0
19137,-0.0
19138,110.18889754957667
19139,94.95845695823655
19140,-0.0
19141,-0.0
19142,-0.0
19143,-0.0
19144,-0.0
19145,-0.0
19146,-0.0
19147,-0.0
19148,-0.0
19149,-0.0
19150,-0.0
19151,-0.0
19152,-0.0
19153,-0.0
19154,-0.0
19155,-0.0
19156,-0.0
19157,-0.0
19158,-0.0
19159,-0.0
19160,-0.0
19161,-0.0
19162,-0.0
19163,-0.0
19164,-0.0
19165,-0.0
19166,-0.0
19167,-0.0
19168,-0.0
19169,-0.0
19170,-0.0
19171,-0.0
19172,-0.0
19173,-0.0
19174,-0.0
19175,-0.0
19176,27.24048737708813
19177,-0.0
19178,-0.0
19179,-0.0
19180,-0.0
19181,-0.0
19182,-0.0
19183,-0.0
19184,-0.0
19185,-0.0
19186,254.41648990423
19187,299.85348400690447
19188,118.0094014214969
19189,295.77723097143024
19190,260.59864420377454
19191,356.63911101668947
19192,139.55014889444274
19193,368.62189955885776
19194,260.85847117688314
19195,305.6639446733753
19196,-0.0
19197,208.56126808121394
19198,300.7451848788282
19199,365.78531566348465
19200,388.74183105192856
19201,325.15504776663965
19202,483.8317621212434
19203,788.7578174444584
19204,127.19741528271484
19205,318.689209309582
19206,324.1767677992809
19207,340.43251178245254
19208,236.3956829062871
19209,292.8006766392621
19210,287.51787373346724
19211,323.35989668372787
19212,235.82741738386378
19213,277.61889698804436
19214,285.40781907459916
19215,301.0076715627704
19216,269.90313724660945
19217,339.4001475118288
19218,375.8290847951146
19219,445.9604061417433
19220,363.1394453635154
19221,336.78633013618287
19222,429.9656801350478
19223,343.63655782194235
19224,-0.0
19225,3.562783657757251
19226,-0.0
19227,78.57012995900939
19228,-0.0
19229,-0.0
19230,-0.0
19231,-0.0
19232,-0.0
19233,-0.0
19234,-0.0
19235,-0.0
19236,-0.0
19237,-0.0
19238,-0.0
19239,-0.0
19240,-0.0
19241,-0.0
19242,-0.0
19243,-0.0
19244,-0.0
19245,-0.0
19246,-0.0
19247,-0.0
19248,-0.0
19249,-0.0
19250,-0.0
19251,-0.0
19252,-0.0
19253,-0.0
19254,-0.0
19255,-0.0
19256,-0.0
19257,-0.0
19258,-0.0
19259,-0.0
19260,-0.0
19261,-0.0
19262,-0.0
19263,-0.0
19264,-0.0
19265,-0.0
19266,-0.0
19267,-0.0
19268,-0.0
19269,-0.0
19270,-0.0
19271,-0.0
19272,36.790487377088084
19273,-0.0
19274,-0.0
19275,-0.0
19276,-0.0
19277,-0.0
19278,-0.0
19279,-0.0
19280,-0.0
19281,-0.0
19282,-0.0
19283,-0.0
19284,-0.0
19285,-0.0
19286,-0.0
19287,-0.0
19288,-0.0
19289,-0.0
19290,-0.0
19291,-0.0
19292,-0.0
19293,-0.0
19294,-0.0
19295,188.65830855884758
19296,-0.0
19297,-0.0
19298,-0.0
19299,-0.0
19300,-0.0
19301,110.67104972439941
19302,376.9416969716086
19303,364.525379665447
19304,150.6989923466835
19305,347.11869900192414
19306,296.3513984521654
19307,332.35067290162164
19308,330.5553672148693
19309,330.7688804695043
19310,312.9530015517305
19311,356.1772128524684
19312,294.184227990076
19313,382.53257415105566
19314,410.02897540417274
19315,415.69761263689725
19316,316.11284835206516
19317,309.454616201215
19318,327.2409741279203
19319,325.3749688943737
19320,225.81508906586694
19321,83.8500821240883
19322,-0.0
19323,37.5151072165873
19324,-0.0
19325,-0.0
19326,-0.0
19327,-0.0
19328,-0.0
19329,-0.0
19330,-0.0
19331,-0.0
19332,-0.0
19333,-0.0
19334,-0.0
19335,-0.0
19336,-0.0
19337,-0.0
19338,-0.0
19339,-0.0
19340,-0.0
19341,-0.0
19342,-0.0
19343,-0.0
19344,-0.0
19345,-0.0
19346,-0.0
19347,-0.0
19348,-0.0
19349,-0.0
19350,-0.0
19351,-0.0
19352,-0.0
19353,-0.0
19354,-0.0
19355,-0.0
19356,-0.0
19357,-0.0
19358,-0.0
19359,-0.0
19360,-0.0
19361,-0.0
19362,-0.0
19363,-0.0
19364,-0.0
19365,-0.0
19366,-0.0
19367,-0.0
19368,18.752145587060568
19369,-0.0
19370,-0.0
19371,-0.0
19372,101.46847516171124
19373,-0.0
19374,-0.0
19375,-0.0
19376,-0.0
19377,-0.0
19378,-0.0
19379,-0.0
19380,-0.0
19381,-0.0
19382,-0.0
19383,-0.0
19384,-0.0
19385,-0.0
19386,-0.0
19387,41.25352982057939
19388,-0.0
19389,-0.0
19390,-0.0
19391,30.332926375699344
19392,-0.0
19393,-0.0
19394,-0.0
19395,-0.0
19396,-0.0
19397,179.10325484655655
19398,314.33873971941637
19399,339.1965755303633
19400,199.15626027457228
19401,298.8733315459722
19402,309.4857069270095
19403,334.94477407203505
19404,287.3820953115383
19405,317.64208689703725
19406,314.08755210773325
19407,312.9839798646263
19408,336.14252446360746
19409,361.9063720682993
19410,404.8016317475982
19411,402.19271049132726
19412,302.5014318170044
19413,302.44733459427067
19414,318.63459415789254
19415,508.9089500535466
19416,-0.0
19417,165.48958705138284
19418,61.83899779262671
19419,136.48346418602333
19420,-0.0
19421,-0.0
19422,-0.0
19423,-0.0
19424,-0.0
19425,-0.0
19426,-0.0
19427,-0.0
19428,-0.0
19429,-0.0
19430,-0.0
19431,-0.0
19432,-0.0
19433,-0.0
19434,-0.0
19435,-0.0
19436,-0.0
19437,-0.0
19438,-0.0
19439,-0.0
19440,-0.0
19441,-0.0
19442,-0.0
19443,-0.0
19444,-0.0
19445,-0.0
19446,-0.0
19447,-0.0
19448,-0.0
19449,-0.0
19450,-0.0
19451,-0.0
19452,-0.0
19453,-0.0
19454,-0.0
19455,-0.0
19456,-0.0
19457,-0.0
19458,-0.0
19459,-0.0
19460,-0.0
19461,-0.0
19462,-0.0
19463,-0.0
19464,235.55506660132926
19465,-0.0
19466,-0.0
19467,-0.0
19468,192.8253064045864
19469,-0.0
19470,-0.0
19471,-0.0
19472,-0.0
19473,-0.0
19474,-0.0
19475,-0.0
19476,-0.0
19477,-0.0
19478,-0.0
19479,-0.0
19480,-0.0
19481,-0.0
19482,-0.0
19483,-0.0
19484,-0.0
19485,-0.0
19486,-0.0
19487,11.742080609860977
19488,-0.0
19489,-0.0
19490,78.84908855586724
19491,-0.0
19492,100.92505645202297
19493,324.82361381632364
19494,283.9986648404375
19495,299.12539778440885
19496,241.935628392399
19497,297.3933413734753
19498,280.02080003066504
19499,408.42471334451636
19500,219.2888704948973
19501,296.30810629762635
19502,315.70138423351875
19503,325.3608502276858
19504,311.83041995467715
19505,371.19801288313346
19506,375.6500389006048
19507,423.0049237323958
19508,295.0838035735515
19509,305.8776740744602
19510,340.14743663190137
19511,390.3188795808971
19512,188.58652743449153
19513,99.12792434704023
19514,55.32156074417308
19515,38.084797823291765
19516,-0.0
19517,-0.0
19518,-0.0
19519,-0.0
19520,-0.0
19521,-0.0
19522,-0.0
19523,-0.0
19524,-0.0
19525,-0.0
19526,-0.0
19527,-0.0
19528,-0.0
19529,-0.0
19530,-0.0
19531,-0.0
19532,-0.0
19533,-0.0
19534,-0.0
19535,-0.0
19536,-0.0
19537,-0.0
19538,-0.0
19539,-0.0
19540,-0.0
19541,-0.0
19542,-0.0
19543,-0.0
19544,-0.0
19545,-0.0
19546,-0.0
19547,-0.0
19548,-0.0
19549,-0.0
19550,-0.0
19551,-0.0
19552,-0.0
19553,-0.0
19554,-0.0
19555,-0.0
19556,-0.0
19557,-0.0
19558,-0.0
19559,-0.0
19560,-0.0
19561,-0.0
19562,-0.0
19563,-0.0
19564,-0.0
19565,-0.0
19566,-0.0
19567,-0.0
19568,-0.0
19569,-0.0
19570,-0.0
19571,-0.0
19572,-0.0
19573,-0.0
19574,222.55359591298878
19575,376.0526804924765
19576,223.43724421199244
19577,301.3198361683757
19578,316.9859814257303
19579,399.23350659973636
19580,-0.0
19581,344.38154806514314
19582,415.29257285933693
19583,534.5769409831751
19584,43.5647534707324
19585,227.93476296798212
19586,305.5543597496528
19587,323.9720122153769
19588,121.35488384168383
19589,271.3631530048728
19590,285.95044895350264
19591,292.77448314105567
19592,213.27261258102345
19593,318.52186860386325
19594,306.5994708725666
19595,303.68381584204053
19596,248.65912313418715
19597,296.62566437077305
19598,281.7213188397669
19599,282.4831185661154
19600,251.77687403778376
19601,337.35909469689386
19602,401.82405886951113
19603,351.38027634316353
19604,298.6587809867309
19605,331.7588753793083
19606,344.29336396029584
19607,350.77417974922423
19608,261.9586373752173
19609,277.0474469502329
19610,139.34808607150424
19611,249.74439126016813
19612,144.15387399068294
19613,71.6524238018801
19614,26.58980772507097
19615,59.49639259568129
19616,272.651107328823
19617,249.31152686694787
19618,171.8421227707471
19619,179.76043751210668
19620,230.92849432523593
19621,213.96868171575395
19622,265.8959397418635
19623,198.52119781507386
19624,164.84699547902906
19625,258.30963219250117
19626,220.34263182906108
19627,177.59530980383641
19628,200.06623071421456
19629,204.3932405628816
19630,266.14728060691874
19631,280.78645506119113
19632,109.84793019150158
19633,179.88974623764568
19634,187.2280162219164
19635,222.85674660108575
19636,95.95083390187881
19637,176.86725216361407
19638,183.95428152587965
19639,253.49410013682575
19640,219.93591561542627
19641,222.1469688469134
19642,181.62516368063302
19643,224.13029056181017
19644,157.27224965192426
19645,217.1846483613054
19646,144.1662779829932
19647,231.62709572809052
19648,-0.0
19649,73.76202741210804
19650,194.22999415553866
19651,348.75926649817404
19652,286.13095606767047
19653,71.38079710242297
19654,-0.0
19655,-0.0
19656,319.9496125339227
19657,210.88124605592566
19658,122.67570255885425
19659,82.405138014579
19660,461.969582563024
19661,265.4494191359292
19662,266.8869427703185
19663,274.3637249332261
19664,325.3121646056053
19665,222.97317014575015
19666,322.54672694250723
19667,258.5495382104647
19668,216.61321002443935
19669,298.4849375344902
19670,280.40781907459916
19671,313.19306446877954
19672,210.17837078284168
19673,295.50838320232214
19674,280.8900334606729
19675,353.3364369422293
19676,171.47523101853105
19677,339.6301042943566
19678,259.88550541754836
19679,356.9652060770234
19680,43.93148097477189
19681,434.25283052200643
19682,385.09686275339055
19683,338.5069458495519
19684,123.49698459315397
19685,344.040989377352
19686,356.0296798778321
19687,374.43023368722356
19688,269.7294354557248
19689,317.74243704845367
19690,334.09018349020283
19691,381.61511810246236
19692,218.11702642801214
19693,368.1685877457402
19694,366.8091114332417
19695,306.6053481489203
19696,192.33220140506114
19697,365.0872628635001
19698,514.0480502561443
19699,324.01724662643227
19700,254.11337037230084
19701,310.9020266065933
19702,339.12403055102766
19703,376.2431483365697
19704,54.79827737436019
19705,16.496111790670422
19706,-0.0
19707,38.835918059209995
19708,-0.0
19709,-0.0
19710,-0.0
19711,-0.0
19712,-0.0
19713,-0.0
19714,-0.0
19715,-0.0
19716,-0.0
19717,-0.0
19718,-0.0
19719,-0.0
19720,-0.0
19721,-0.0
19722,-0.0
19723,-0.0
19724,-0.0
19725,-0.0
19726,-0.0
19727,-0.0
19728,-0.0
19729,-0.0
19730,-0.0
19731,-0.0
19732,-0.0
19733,-0.0
19734,-0.0
19735,-0.0
19736,-0.0
19737,-0.0
19738,-0.0
19739,-0.0
19740,-0.0
19741,-0.0
19742,-0.0
19743,-0.0
19744,-0.0
19745,-0.0
19746,-0.0
19747,-0.0
19748,-0.0
19749,-0.0
19750,-0.0
19751,-0.0
19752,-0.0
19753,-0.0
19754,-0.0
19755,-0.0
19756,-0.0
19757,-0.0
19758,-0.0
19759,-0.0
19760,-0.0
19761,-0.0
19762,-0.0
19763,-0.0
19764,-0.0
19765,-0.0
19766,-0.0
19767,-0.0
19768,-0.0
19769,-0.0
19770,-0.0
19771,-0.0
19772,-0.0
19773,-0.0
19774,-0.0
19775,-0.0
19776,-0.0
19777,-0.0
19778,-0.0
19779,99.190422652346
19780,110.85286172452768
19781,321.74917974922425
19782,333.4090661146206
19783,353.24395067483937
19784,199.98217686808297
19785,313.7651371005047
19786,330.8071456319752
19787,363.3941680422674
19788,273.87783385477803
19789,333.6654083035646
19790,331.71444926383055
19791,343.28775132014886
19792,307.92201611569203
19793,351.21832910498625
19794,438.74998839805113
19795,439.2440608964207
19796,393.2769632920608
19797,332.7369369198458
19798,333.852295348196
19799,366.25202890751837
19800,199.83598646151336
19801,184.42994841435393
19802,175.4552518061854
19803,199.06370471912675
19804,-0.0
19805,-0.0
19806,-0.0
19807,-0.0
19808,-0.0
19809,-0.0
19810,-0.0
19811,-0.0
19812,-0.0
19813,-0.0
19814,-0.0
19815,-0.0
19816,-0.0
19817,-0.0
19818,-0.0
19819,-0.0
19820,-0.0
19821,-0.0
19822,-0.0
19823,-0.0
19824,-0.0
19825,-0.0
19826,-0.0
19827,-0.0
19828,-0.0
19829,-0.0
19830,-0.0
19831,-0.0
19832,-0.0
19833,-0.0
19834,-0.0
19835,-0.0
19836,-0.0
19837,-0.0
19838,-0.0
19839,-0.0
19840,-0.0
19841,-0.0
19842,-0.0
19843,-0.0
19844,-0.0
19845,-0.0
19846,-0.0
19847,-0.0
19848,-0.0
19849,-0.0
19850,-0.0
19851,-0.0
19852,-0.0
19853,-0.0
19854,-0.0
19855,-0.0
19856,-0.0
19857,-0.0
19858,-0.0
19859,-0.0
19860,-0.0
19861,-0.0
19862,-0.0
19863,-0.0
19864,-0.0
19865,-0.0
19866,-0.0
19867,-0.0
19868,-0.0
19869,-0.0
19870,-0.0
19871,-0.0
19872,93.89713349779998
19873,384.73872160045454
19874,320.519604582301
19875,375.2529327152141
19876,152.0440297136829
19877,349.1853294684263
19878,335.38921962791346
19879,380.81853852680393
19880,196.99435179201978
19881,319.88722219271546
19882,323.036994506956
19883,366.4568228747013
19884,259.8395535521758
19885,319.86422157807107
19886,325.7387991117041
19887,342.00900672233286
19888,196.31328378035374
19889,346.3599601213108
19890,427.0145628135463
19891,404.6303205903467
19892,304.33599578935696
19893,341.50020883127536
19894,342.3325950540284
19895,357.56050699641577
19896,355.95084732739247
19897,368.9302026954461
19898,334.8108644463324
19899,339.96919621751357
19900,179.03858068642998
19901,16.559925266001144
19902,-0.0
19903,10.180132731649902
19904,-0.0
19905,-0.0
19906,-0.0
19907,-0.0
19908,-0.0
19909,-0.0
19910,-0.0
19911,-0.0
19912,-0.0
19913,-0.0
19914,-0.0
19915,-0.0
19916,-0.0
19917,-0.0
19918,-0.0
19919,-0.0
19920,-0.0
19921,-0.0
19922,-0.0
19923,-0.0
19924,-0.0
19925,-0.0
19926,-0.0
19927,-0.0
19928,-0.0
19929,-0.0
19930,-0.0
19931,-0.0
19932,-0.0
19933,-0.0
19934,-0.0
19935,-0.0
19936,-0.0
19937,-0.0
19938,-0.0
19939,-0.0
19940,-0.0
19941,-0.0
19942,-0.0
19943,-0.0
19944,150.0447572020223
19945,-0.0
19946,-0.0
19947,-0.0
19948,-0.0
19949,-0.0
19950,289.5946259769638
19951,381.5556949092153
19952,339.7113198178514
19953,334.3189073063759
19954,360.2769256294412
19955,335.150217367428
19956,320.02080003066504
19957,329.3104311853081
19958,331.686364926804
19959,533.9825622782273
19960,204.60957208768983
19961,331.7406180800789
19962,360.21549315507065
19963,581.9607530698804
19964,-0.0
19965,326.23769212799965
19966,335.0417777487845
19967,599.3270651081457
19968,213.15175691340585
19969,465.2220949070088
19970,377.62281434719085
19971,317.3874640971216
19972,146.22130600373427
19973,370.3106884972103
19974,310.5196292642591
19975,347.9670250453982
19976,268.0118179902903
19977,324.9332234220043
19978,327.3468563353742
19979,303.4673303873872
19980,222.403887641786
19981,309.39110203387116
19982,321.55886311081923
19983,327.3179784443761
19984,321.59678647977495
19985,385.0865843090781
19986,409.1425211226995
19987,390.7623082171189
19988,334.3486630352599
19989,325.15474721573014
19990,341.6874168283429
19991,368.8353967798036
19992,277.8994276345549
19993,255.40743997669574
19994,210.55545676014435
19995,238.27919023659362
19996,-0.0
19997,-0.0
19998,-0.0
19999,-0.0
20000,79.78165259374998
20001,333.50205892262335
20002,315.41050151723323
20003,352.8755291274334
20004,271.16101837617754
20005,309.2124739957005
20006,272.5253627544157
20007,231.92742876870594
20008,-0.0
20009,-0.0
20010,-0.0
20011,-0.0
20012,-0.0
20013,-0.0
20014,-0.0
20015,-0.0
20016,-0.0
20017,-0.0
20018,-0.0
20019,-0.0
20020,-0.0
20021,-0.0
20022,-0.0
20023,-0.0
20024,-0.0
20025,-0.0
20026,-0.0
20027,-0.0
20028,-0.0
20029,-0.0
20030,-0.0
20031,-0.0
20032,-0.0
20033,-0.0
20034,-0.0
20035,-0.0
20036,-0.0
20037,-0.0
20038,-0.0
20039,-0.0
20040,-0.0
20041,-0.0
20042,-0.0
20043,-0.0
20044,48.829618462896974
20045,-0.0
20046,-0.0
20047,-0.0
20048,-0.0
20049,-0.0
20050,-0.0
20051,-0.0
20052,-0.0
20053,-0.0
20054,-0.0
20055,117.66655204997119
20056,-0.0
20057,-0.0
20058,-0.0
20059,165.14551011489993
20060,-0.0
20061,83.36307598867711
20062,163.99347377909726
20063,612.5064116867165
20064,-0.0
20065,-0.0
20066,112.10847033828588
20067,533.9407751930866
20068,220.6050299708986
20069,305.75911533355685
20070,306.4808157889284
20071,315.14702448386595
20072,237.68030478045682
20073,369.30886952883554
20074,388.73370974851775
20075,275.40194179824545
20076,197.52254272542424
20077,297.81777529559474
20078,287.96799266302276
20079,306.6640187305844
20080,335.09375305014
20081,369.7741778853427
20082,390.4100196585785
20083,376.7293720181419
20084,364.44138373248165
20085,363.41429338382784
20086,329.2204022462562
20087,395.8191939165884
20088,307.5742218305918
20089,197.35504670724646
20090,160.55082025077579
20091,133.76739382497013
20092,-0.0
20093,-0.0
20094,-0.0
20095,-0.0
20096,-0.0
20097,-0.0
20098,-0.0
20099,-0.0
20100,-0.0
20101,-0.0
20102,-0.0
20103,-0.0
20104,-0.0
20105,-0.0
20106,-0.0
20107,-0.0
20108,-0.0
20109,-0.0
20110,-0.0
20111,-0.0
20112,-0.0
20113,-0.0
20114,-0.0
20115,-0.0
20116,-0.0
20117,-0.0
20118,-0.0
20119,-0.0
20120,-0.0
20121,-0.0
20122,-0.0
20123,-0.0
20124,-0.0
20125,-0.0
20126,-0.0
20127,-0.0
20128,-0.0
20129,-0.0
20130,-0.0
20131,-0.0
20132,-0.0
20133,-0.0
20134,-0.0
20135,-0.0
20136,-0.0
20137,-0.0
20138,-0.0
20139,-0.0
20140,-0.0
20141,-0.0
20142,-0.0
20143,-0.0
20144,-0.0
20145,-0.0
20146,-0.0
20147,-0.0
20148,-0.0
20149,-0.0
20150,-0.0
20151,-0.0
20152,-0.0
20153,-0.0
20154,-0.0
20155,-0.0
20156,-0.0
20157,-0.0
20158,-0.0
20159,-0.0
20160,-0.0
20161,-0.0
20162,-0.0
20163,430.50555630110165
20164,129.19517594311068
20165,332.0261300606236
20166,300.3897281186839
20167,339.7739358946605
20168,-0.0
20169,203.59602324856576
20170,300.461898164221
20171,374.8474464717624
20172,251.20485777711173
20173,318.01427356931316
20174,312.08305872403247
20175,451.11073063334874
20176,317.2607311531503
20177,366.2327680504853
20178,316.8923362378599
20179,381.5276915091631
20180,333.47038809761636
20181,327.5139978276117
20182,361.75227584451864
20183,364.2868756032145
20184,186.55082942127916
20185,229.64119271642758
20186,-0.0
20187,101.52286747562596
20188,-0.0
20189,-0.0
20190,-0.0
20191,-0.0
20192,-0.0
20193,-0.0
20194,-0.0
20195,-0.0
20196,-0.0
20197,-0.0
20198,-0.0
20199,-0.0
20200,-0.0
20201,-0.0
20202,-0.0
20203,-0.0
20204,-0.0
20205,-0.0
20206,-0.0
20207,-0.0
20208,-0.0
20209,-0.0
20210,-0.0
20211,-0.0
20212,-0.0
20213,-0.0
20214,-0.0
20215,-0.0
20216,-0.0
20217,-0.0
20218,-0.0
20219,-0.0
20220,-0.0
20221,-0.0
20222,-0.0
20223,-0.0
20224,-0.0
20225,-0.0
20226,-0.0
20227,-0.0
20228,-0.0
20229,-0.0
20230,-0.0
20231,-0.0
20232,-0.0
20233,-0.0
20234,-0.0
20235,-0.0
20236,56.20852089087316
20237,-0.0
20238,-0.0
20239,-0.0
20240,-0.0
20241,-0.0
20242,-0.0
20243,-0.0
20244,-0.0
20245,-0.0
20246,-0.0
20247,-0.0
20248,-0.0
20249,-0.0
20250,-0.0
20251,-0.0
20252,-0.0
20253,-0.0
20254,-0.0
20255,-0.0
20256,-0.0
20257,-0.0
20258,-0.0
20259,267.30423253841855
20260,270.9242554552962
20261,313.1094839412805
20262,316.0624200865187
20263,319.2786411514392
20264,321.7260207542102
20265,318.2659463221723
20266,418.26531506388017
20267,461.3709383592495
20268,283.5426933164864
20269,302.1447604623037
20270,296.79566478732534
20271,328.05092496168464
20272,303.2336969124851
20273,357.1736630352599
20274,358.6314782095439
20275,364.6134647648782
20276,249.0033526638799
20277,247.28890340004935
20278,242.89511697338656
20279,317.8566097042758
20280,264.7671812358484
20281,228.15117913457985
20282,191.0384647648782
20283,188.16691577114463
20284,-0.0
20285,-0.0
20286,-0.0
20287,-0.0
20288,-0.0
20289,-0.0
20290,-0.0
20291,-0.0
20292,-0.0
20293,-0.0
20294,-0.0
20295,-0.0
20296,-0.0
20297,-0.0
20298,-0.0
20299,-0.0
20300,-0.0
20301,-0.0
20302,-0.0
20303,-0.0
20304,-0.0
20305,-0.0
20306,-0.0
20307,-0.0
20308,-0.0
20309,-0.0
20310,-0.0
20311,-0.0
20312,-0.0
20313,-0.0
20314,-0.0
20315,-0.0
20316,-0.0
20317,-0.0
20318,-0.0
20319,-0.0
20320,-0.0
20321,-0.0
20322,-0.0
20323,-0.0
20324,-0.0
20325,-0.0
20326,-0.0
20327,-0.0
20328,58.80838174721839
20329,-0.0
20330,-0.0
20331,-0.0
20332,-0.0
20333,-0.0
20334,-0.0
20335,-0.0
20336,-0.0
20337,-0.0
20338,-0.0
20339,-0.0
20340,-0.0
20341,-0.0
20342,-0.0
20343,-0.0
20344,-0.0
20345,-0.0
20346,-0.0
20347,-0.0
20348,-0.0
20349,-0.0
20350,325.294789635396
20351,486.3966233666856
20352,-0.0
20353,317.09559103141095
20354,285.8777950991532
20355,249.9058216394011
20356,-0.0
20357,264.99194682162505
20358,248.47100707976153
20359,304.6332971779187
20360,114.7554129691172
20361,262.26123964392065
20362,308.0928816172199
20363,454.85377287532987
20364,341.433846942015
20365,294.1457140062616
20366,211.44219262634635
20367,379.4126018581625
20368,269.29643986445996
20369,374.0639899919964
20370,353.7501332931821
20371,338.6004244165245
20372,302.2500451736411
20373,278.27268885463906
20374,248.8762180351846
20375,292.0602370260065
20376,17.37588173820111
20377,58.656802238038345
20378,12.921171327938167
20379,-0.0
20380,-0.0
20381,-0.0
20382,-0.0
20383,-0.0
20384,-0.0
20385,-0.0
20386,-0.0
20387,-0.0
20388,-0.0
20389,-0.0
20390,-0.0
20391,-0.0
20392,-0.0
20393,-0.0
20394,-0.0
20395,-0.0
20396,-0.0
20397,-0.0
20398,-0.0
20399,-0.0
20400,-0.0
20401,-0.0
20402,-0.0
20403,-0.0
20404,-0.0
20405,-0.0
20406,-0.0
20407,-0.0
20408,-0.0
20409,-0.0
20410,-0.0
20411,-0.0
20412,-0.0
20413,-0.0
20414,-0.0
20415,-0.0
20416,-0.0
20417,-0.0
20418,-0.0
20419,-0.0
20420,-0.0
20421,-0.0
20422,-0.0
20423,-0.0
20424,-0.0
20425,-0.0
20426,-0.0
20427,-0.0
20428,-0.0
20429,-0.0
20430,-0.0
20431,-0.0
20432,-0.0
20433,-0.0
20434,-0.0
20435,-0.0
20436,-0.0
20437,-0.0
20438,-0.0
20439,-0.0
20440,-0.0
20441,-0.0
20442,-0.0
20443,-0.0
20444,-0.0
20445,-0.0
20446,-0.0
20447,-0.0
20448,-0.0
20449,-0.0
20450,-0.0
20451,-0.0
20452,-0.0
20453,-0.0
20454,217.04088027854388
20455,440.817062418409
20456,189.36152434924674
20457,310.069949532093
20458,316.69934530008373
20459,375.52400575025973
20460,255.93369351924022
20461,308.36914691018194
20462,323.045274581126
20463,320.9881412965188
20464,339.44242914882255
20465,365.91602343525193
20466,407.02105670040663
20467,434.82042093276164
20468,411.6510604302942
20469,403.10815633974255
20470,404.50601821456513
20471,426.56165516999033
20472,381.0397164336679
20473,459.5327839704688
20474,334.4244463355885
20475,330.3711939147587
20476,507.01366458088796
20477,288.651835137179
20478,239.93157203457764
20479,377.98907406624227
20480,242.96144921071834
20481,214.52398901391192
20482,220.369713338505
20483,128.74605824885535
20484,207.4132331788035
20485,153.7137947888253
20486,229.1196292642591
20487,235.43063595647203
20488,-0.0
20489,-0.0
20490,-0.0
20491,-0.0
20492,-0.0
20493,-0.0
20494,-0.0
20495,-0.0
20496,-0.0
20497,-0.0
20498,-0.0
20499,-0.0
20500,-0.0
20501,-0.0
20502,-0.0
20503,-0.0
20504,-0.0
20505,-0.0
20506,-0.0
20507,-0.0
20508,-0.0
20509,-0.0
20510,-0.0
20511,-0.0
20512,-0.0
20513,-0.0
20514,-0.0
20515,-0.0
20516,-0.0
20517,-0.0
20518,-0.0
20519,-0.0
20520,-0.0
20521,-0.0
20522,-0.0
20523,-0.0
20524,-0.0
20525,-0.0
20526,-0.0
20527,-0.0
20528,-0.0
20529,-0.0
20530,-0.0
20531,-0.0
20532,-0.0
20533,-0.0
20534,-0.0
20535,-0.0
20536,-0.0
20537,-0.0
20538,-0.0
20539,25.206057090551155
20540,-0.0
20541,410.944787661963
20542,365.5127596883227
20543,524.7790368562455
20544,108.39593665661869
20545,404.2212682382167
20546,350.41490463534956
20547,342.9782711073352
20548,237.40608822576536
20549,305.73026212451686
20550,364.20784627425843
20551,540.8872478647808
20552,144.07064358311874
20553,279.78397367220083
20554,229.97530729214662
20555,335.0198077310824
20556,167.01466801387252
20557,329.32698516670894
20558,317.2484927916306
20559,333.1722891200726
20560,276.25944535750403
20561,338.37803700355937
20562,348.8404189765927
20563,397.6296592411691
20564,478.2953432765321
20565,400.2486034979922
20566,392.8471842641838
20567,438.4988905760394
20568,360.18621900725765
20569,384.1838915481125
20570,393.62684740566806
20571,366.9268370873366
20572,379.8845461680977
20573,331.0285046435674
20574,268.3217903800901
20575,331.24549858899115
20576,426.59161037572113
20577,264.87155879401547
20578,275.7145987258169
20579,274.39473787548314
20580,183.5443175042537
20581,198.1920042637552
20582,226.23275850951006
20583,259.2410080638574
20584,-0.0
20585,78.22492819424318
20586,93.83701904393409
20587,83.52211416104645
20588,-0.0
20589,-0.0
20590,-0.0
20591,-0.0
20592,-0.0
20593,-0.0
20594,-0.0
20595,-0.0
20596,-0.0
20597,-0.0
20598,-0.0
20599,-0.0
20600,-0.0
20601,-0.0
20602,-0.0
20603,-0.0
20604,-0.0
20605,306.60621943224
20606,144.5343276655825
20607,265.2679986584755
20608,-0.0
20609,-0.0
20610,-0.0
20611,-0.0
20612,-0.0
20613,-0.0
20614,-0.0
20615,-0.0
20616,170.51313627245733
20617,199.51604834707612
20618,248.7906711993303
20619,273.6661388393383
20620,394.226271405551
20621,344.38522475751745
20622,337.30673238243907
20623,314.15746855896896
20624,350.81196260536086
20625,331.09696494659823
20626,330.5484824732991
20627,333.1917102397476
20628,336.41729342738745
20629,355.723356347434
20630,356.0803516096812
20631,622.9867117854272
20632,117.03597653530798
20633,318.48394523490754
20634,334.9300305384422
20635,488.88462690957203
20636,88.44829897107351
20637,352.4035951358296
20638,377.00482153918813
20639,471.65640097587794
20640,19.34737790970405
20641,248.18232689761294
20642,305.9001284183175
20643,543.6932932896262
20644,95.33429330070817
20645,365.53573562100905
20646,287.2440611000263
20647,381.08961156184955
20648,180.4034425885985
20649,347.6000305150519
20650,319.2056210083209
20651,328.1835105000515
20652,218.37632022839227
20653,315.1550932889604
20654,319.4397629739935
20655,310.3982651058711
20656,304.75512046316084
20657,362.4451759664628
20658,391.99292392445284
20659,374.39482211272866
20660,304.0314650821592
20661,345.28861050266687
20662,347.9164260623656
20663,391.81345474360296
20664,168.59709695829417
20665,268.2749799308806
20666,114.44287288163643
20667,184.68265226308844
20668,-0.0
20669,-0.0
20670,-0.0
20671,-0.0
20672,-0.0
20673,-0.0
20674,-0.0
20675,-0.0
20676,-0.0
20677,-0.0
20678,-0.0
20679,-0.0
20680,-0.0
20681,-0.0
20682,-0.0
20683,-0.0
20684,-0.0
20685,-0.0
20686,-0.0
20687,-0.0
20688,-0.0
20689,-0.0
20690,-0.0
20691,-0.0
20692,-0.0
20693,-0.0
20694,-0.0
20695,-0.0
20696,-0.0
20697,-0.0
20698,-0.0
20699,-0.0
20700,-0.0
20701,-0.0
20702,-0.0
20703,-0.0
20704,-0.0
20705,-0.0
20706,-0.0
20707,-0.0
20708,-0.0
20709,-0.0
20710,-0.0
20711,-0.0
20712,-0.0
20713,-0.0
20714,-0.0
20715,-0.0
20716,-0.0
20717,-0.0
20718,-0.0
20719,-0.0
20720,-0.0
20721,-0.0
20722,-0.0
20723,-0.0
20724,-0.0
20725,-0.0
20726,-0.0
20727,-0.0
20728,-0.0
20729,-0.0
20730,-0.0
20731,-0.0
20732,-0.0
20733,-0.0
20734,-0.0
20735,-0.0
20736,-0.0
20737,-0.0
20738,-0.0
20739,59.68956400790299
20740,263.68432433281095
20741,372.38598798872664
20742,325.43251178245254
20743,375.7838080414102
20744,181.41113883332696
20745,340.2331249841318
20746,298.55074649486136
20747,312.6617053337711
20748,196.794964993699
20749,318.01936267789483
20750,300.2079484674661
20751,330.7618244083066
20752,324.838536570635
20753,343.2652345143167
20754,381.0397423373305
20755,424.8727832472164
20756,399.8436654019697
20757,402.5310557431769
20758,368.58255263321485
20759,440.7240560558505
20760,354.94381725929867
20761,358.88402585365617
20762,361.11420735942437
20763,301.7764599395907
20764,60.48320744529315
20765,-0.0
20766,-0.0
20767,14.8606470789044
20768,-0.0
20769,-0.0
20770,-0.0
20771,-0.0
20772,-0.0
20773,-0.0
20774,-0.0
20775,-0.0
20776,-0.0
20777,-0.0
20778,-0.0
20779,-0.0
20780,-0.0
20781,-0.0
20782,-0.0
20783,-0.0
20784,-0.0
20785,-0.0
20786,-0.0
20787,-0.0
20788,-0.0
20789,-0.0
20790,-0.0
20791,-0.0
20792,-0.0
20793,-0.0
20794,-0.0
20795,-0.0
20796,-0.0
20797,-0.0
20798,-0.0
20799,-0.0
20800,-0.0
20801,-0.0
20802,-0.0
20803,-0.0
20804,-0.0
20805,-0.0
20806,-0.0
20807,-0.0
20808,-0.0
20809,-0.0
20810,-0.0
20811,-0.0
20812,-0.0
20813,-0.0
20814,-0.0
20815,-0.0
20816,-0.0
20817,-0.0
20818,-0.0
20819,-0.0
20820,-0.0
20821,-0.0
20822,-0.0
20823,20.021270260864412
20824,-0.0
20825,-0.0
20826,-0.0
20827,366.19423949077094
20828,222.3055487800005
20829,325.09441764969085
20830,372.39923929747937
20831,573.6147621589231
20832,237.03936072172593
20833,434.82431360994997
20834,377.7928147637431
20835,376.9732592553984
20836,192.14993794503107
20837,331.3071139980437
20838,298.9580817606482
20839,286.281937481378
20840,-0.0
20841,301.94002956035774
20842,310.9679560290322
20843,313.118982981732
20844,301.9774444385431
20845,316.03923384656014
20846,294.139861411866
20847,323.74998839805113
20848,340.6960162937566
20849,383.76742177569633
20850,399.7546119723904
20851,398.2241685733878
20852,421.52098052368905
20853,420.3348844152388
20854,373.7193071859222
20855,432.95017442577085
20856,308.0006311929996
20857,352.339265621575
20858,251.78179191970685
20859,195.19504321747218
20860,58.62567468910458
20861,72.11835919009798
20862,77.53505873423538
20863,56.82142355067578
20864,-0.0
20865,-0.0
20866,-0.0
20867,-0.0
20868,-0.0
20869,-0.0
20870,-0.0
20871,-0.0
20872,-0.0
20873,-0.0
20874,-0.0
20875,-0.0
20876,-0.0
20877,-0.0
20878,-0.0
20879,-0.0
20880,-0.0
20881,-0.0
20882,-0.0
20883,-0.0
20884,-0.0
20885,-0.0
20886,-0.0
20887,-0.0
20888,-0.0
20889,-0.0
20890,-0.0
20891,-0.0
20892,-0.0
20893,-0.0
20894,-0.0
20895,-0.0
20896,-0.0
20897,-0.0
20898,-0.0
20899,-0.0
20900,-0.0
20901,-0.0
20902,-0.0
20903,-0.0
20904,124.40489788529385
20905,-0.0
20906,-0.0
20907,-0.0
20908,-0.0
20909,-0.0
20910,-0.0
20911,-0.0
20912,435.87707094227386
20913,330.77674716261794
20914,272.99788753556163
20915,298.4907901288858
20916,322.51738992465494
20917,289.42312344451506
20918,303.871472769612
20919,357.60298193415036
20920,247.01904449987316
20921,344.30937801960596
20922,339.35267017414503
20923,380.012938155146
20924,-0.0
20925,312.0765685373926
20926,358.79963194037293
20927,475.63924973633686
20928,275.1277005615959
20929,268.1818184068425
20930,340.09512495681696
20931,407.7154834167035
20932,232.65732884777051
20933,318.31213874401396
20934,318.0365770579576
20935,419.63397228958684
20936,199.06837006501348
20937,314.7129115622708
20938,321.46218847212793
20939,303.8137416695739
20940,294.06766668437075
20941,308.499687551869
20942,311.4865783599296
20943,318.4709524654505
20944,333.3171130199592
20945,344.2613705276073
20946,386.2247507620746
20947,390.97948278070504
20948,359.39783076919633
20949,362.3248414750094
20950,338.2300881732897
20951,375.4689521751777
20952,284.09506385413516
20953,360.32390728937673
20954,295.8559981560668
20955,335.7439413787848
20956,3.36271032970501
20957,24.749710052405646
20958,-0.0
20959,-0.0
20960,-0.0
20961,-0.0
20962,-0.0
20963,-0.0
20964,-0.0
20965,-0.0
20966,-0.0
20967,-0.0
20968,-0.0
20969,-0.0
20970,-0.0
20971,-0.0
20972,-0.0
20973,82.31158470158516
20974,-0.0
20975,-0.0
20976,-0.0
20977,-0.0
20978,-0.0
20979,-0.0
20980,-0.0
20981,-0.0
20982,-0.0
20983,-0.0
20984,-0.0
20985,-0.0
20986,-0.0
20987,-0.0
20988,-0.0
20989,-0.0
20990,-0.0
20991,-0.0
20992,-0.0
20993,-0.0
20994,-0.0
20995,-0.0
20996,-0.0
20997,-0.0
20998,-0.0
20999,-0.0
21000,96.82840879588628
21001,-0.0
21002,-0.0
21003,-0.0
21004,33.8670580230405
21005,-0.0
21006,-0.0
21007,-0.0
21008,-0.0
21009,-0.0
21010,-0.0
21011,-0.0
21012,-0.0
21013,-0.0
21014,-0.0
21015,-0.0
21016,-0.0
21017,-0.0
21018,-0.0
21019,-0.0
21020,-0.0
21021,-0.0
21022,-0.0
21023,251.85919205984175
21024,-0.0
21025,229.22206923494343
21026,313.0279243470402
21027,281.64595591066774
21028,137.66468223251917
21029,299.74605030324506
21030,137.79460806005255
21031,282.39653425703733
21032,166.72598783172393
21033,256.5309775194038
21034,232.57928152587965
21035,191.4138232261186
21036,134.4373710871582
21037,289.14302961346993
21038,242.47506538774047
21039,291.0108644463324
21040,269.07134337674506
21041,324.30766124443886
21042,334.9346995303992
21043,304.3920696514957
21044,213.89772314240503
21045,289.41268341470715
21046,301.7221001899379
21047,295.39466997004143
21048,126.96966801988388
21049,155.33546666192356
21050,111.25703772442813
21051,122.81002355889365
21052,-0.0
21053,-0.0
21054,-0.0
21055,-0.0
21056,-0.0
21057,-0.0
21058,-0.0
21059,-0.0
21060,-0.0
21061,-0.0
21062,-0.0
21063,-0.0
21064,-0.0
21065,-0.0
21066,-0.0
21067,-0.0
21068,-0.0
21069,-0.0
21070,-0.0
21071,-0.0
21072,-0.0
21073,-0.0
21074,-0.0
21075,-0.0
21076,-0.0
21077,-0.0
21078,-0.0
21079,-0.0
21080,-0.0
21081,-0.0
21082,-0.0
21083,-0.0
21084,-0.0
21085,-0.0
21086,-0.0
21087,-0.0
21088,-0.0
21089,-0.0
21090,-0.0
21091,-0.0
21092,-0.0
21093,-0.0
21094,-0.0
21095,-0.0
21096,-0.0
21097,-0.0
21098,-0.0
21099,-0.0
21100,-0.0
21101,-0.0
21102,-0.0
21103,-0.0
21104,-0.0
21105,-0.0
21106,-0.0
21107,-0.0
21108,-0.0
21109,-0.0
21110,-0.0
21111,-0.0
21112,-0.0
21113,-0.0
21114,-0.0
21115,180.55246812924793
21116,114.02515084460032
21117,309.45828145818183
21118,564.4989184272683
21119,800.0
21120,-0.0
21121,314.37347020481
21122,360.8271001959493
21123,357.35761858849895
21124,152.22580936490067
21125,340.3052950296689
21126,287.2778791733991
21127,325.1930010311967
21128,143.9637430521879
21129,291.9084425946099
21130,292.17095396051013
21131,323.4379440056187
21132,278.4731829817828
21133,306.55030144167387
21134,305.02568500743604
21135,339.0356205917687
21136,290.25762638912926
21137,374.87595144882033
21138,385.81735492436536
21139,406.6373942415224
21140,413.23249114578954
21141,419.9907410549295
21142,401.9740627698263
21143,422.4059838090607
21144,564.650753197186
21145,403.19417194258256
21146,351.367912489092
21147,359.57224770176674
21148,-0.0
21149,-0.0
21150,-0.0
21151,-0.0
21152,-0.0
21153,-0.0
21154,-0.0
21155,-0.0
21156,-0.0
21157,-0.0
21158,-0.0
21159,-0.0
21160,-0.0
21161,-0.0
21162,-0.0
21163,-0.0
21164,-0.0
21165,-0.0
21166,-0.0
21167,-0.0
21168,-0.0
21169,-0.0
21170,-0.0
21171,-0.0
21172,-0.0
21173,-0.0
21174,-0.0
21175,-0.0
21176,-0.0
21177,-0.0
21178,-0.0
21179,-0.0
21180,-0.0
21181,-0.0
21182,-0.0
21183,-0.0
21184,-0.0
21185,-0.0
21186,-0.0
21187,-0.0
21188,-0.0
21189,-0.0
21190,-0.0
21191,-0.0
21192,-0.0
21193,-0.0
21194,-0.0
21195,-0.0
21196,-0.0
21197,-0.0
21198,-0.0
21199,-0.0
21200,-0.0
21201,-0.0
21202,-0.0
21203,-0.0
21204,-0.0
21205,-0.0
21206,-0.0
21207,-0.0
21208,-0.0
21209,-0.0
21210,13.503022934226124
21211,553.2688346855487
21212,215.57934496346257
21213,366.85511266253053
21214,416.8311197483034
21215,800.0
21216,161.46669403134382
21217,329.89846825465247
21218,332.65534424860516
21219,310.84572432459305
21220,75.34232730214245
21221,322.50561068998945
21222,293.8511565477593
21223,345.57099927913123
21224,225.47512882532337
21225,304.22644572094407
21226,92.39460149705621
21227,242.2184312981939
21228,-0.0
21229,306.99776066039584
21230,307.9995796287706
21231,324.16545284851395
21232,419.8041756696883
21233,392.37841861916394
21234,394.54400379409077
21235,368.7014476711017
21236,332.05337330054283
21237,325.36729343694003
21238,349.4114756978541
21239,350.22295334586573
21240,196.35855636081794
21241,236.32164343580496
21242,104.01469506855186
21243,85.654798384824
21244,-0.0
21245,-0.0
21246,-0.0
21247,-0.0
21248,-0.0
21249,-0.0
21250,-0.0
21251,-0.0
21252,-0.0
21253,-0.0
21254,-0.0
21255,-0.0
21256,-0.0
21257,-0.0
21258,-0.0
21259,-0.0
21260,-0.0
21261,-0.0
21262,-0.0
21263,-0.0
21264,-0.0
21265,-0.0
21266,-0.0
21267,-0.0
21268,-0.0
21269,-0.0
21270,-0.0
21271,-0.0
21272,-0.0
21273,-0.0
21274,-0.0
21275,-0.0
21276,-0.0
21277,-0.0
21278,-0.0
21279,-0.0
21280,-0.0
21281,-0.0
21282,-0.0
21283,-0.0
21284,-0.0
21285,-0.0
21286,-0.0
21287,-0.0
21288,-0.0
21289,-0.0
21290,-0.0
21291,-0.0
21292,80.41097369759018
21293,-0.0
21294,-0.0
21295,-0.0
21296,-0.0
21297,-0.0
21298,-0.0
21299,-0.0
21300,-0.0
21301,-0.0
21302,-0.0
21303,-0.0
21304,-0.0
21305,-0.0
21306,-0.0
21307,-0.0
21308,-0.0
21309,-0.0
21310,-0.0
21311,12.781314456421114
21312,-0.0
21313,287.519209916517
21314,335.931849506817
21315,297.8493622613426
21316,130.73960010843086
21317,287.1335390823248
21318,331.4920618508654
21319,312.00898204037475
21320,258.0208634682479
21321,292.6242657736277
21322,310.09517066018157
21323,333.9314044536295
21324,269.69787317193504
21325,306.39152240510055
21326,310.23951075125586
21327,361.4455768127643
21328,289.4958019808226
21329,382.17095396051013
21330,359.4813877172817
21331,388.36311424924804
21332,366.4420741193544
21333,361.65592454513234
21334,288.4268966246043
21335,399.99063806714196
21336,350.8404343303265
21337,217.69412272364627
21338,161.88999846038328
21339,109.2116535971337
21340,-0.0
21341,-0.0
21342,-0.0
21343,-0.0
21344,-0.0
21345,-0.0
21346,-0.0
21347,-0.0
21348,-0.0
21349,-0.0
21350,-0.0
21351,-0.0
21352,-0.0
21353,-0.0
21354,-0.0
21355,-0.0
21356,-0.0
21357,-0.0
21358,-0.0
21359,-0.0
21360,-0.0
21361,-0.0
21362,-0.0
21363,-0.0
21364,-0.0
21365,-0.0
21366,-0.0
21367,-0.0
21368,-0.0
21369,-0.0
21370,-0.0
21371,-0.0
21372,-0.0
21373,-0.0
21374,-0.0
21375,-0.0
21376,-0.0
21377,-0.0
21378,-0.0
21379,-0.0
21380,-0.0
21381,-0.0
21382,-0.0
21383,-0.0
21384,-0.0
21385,-0.0
21386,-0.0
21387,-0.0
21388,80.25538754457887
21389,-0.0
21390,-0.0
21391,-0.0
21392,-0.0
21393,-0.0
21394,-0.0
21395,-0.0
21396,-0.0
21397,-0.0
21398,-0.0
21399,-0.0
21400,-0.0
21401,-0.0
21402,-0.0
21403,-0.0
21404,-0.0
21405,-0.0
21406,-0.0
21407,301.1416431097771
21408,-0.0
21409,-0.0
21410,-0.0
21411,81.61937802965485
21412,94.2565837355231
21413,308.45208421599557
21414,346.0344269383049
21415,484.52876385186494
21416,194.97898398452094
21417,392.6543519490225
21418,295.5832129586928
21419,341.5295014110088
21420,169.5812026874621
21421,333.3481668129786
21422,264.06546610039135
21423,306.60803254171196
21424,359.1611235906071
21425,382.1364486396401
21426,437.87795004811227
21427,435.0338729478924
21428,415.42094978367277
21429,397.5516545511538
21430,393.4446281832805
21431,436.82380551595327
21432,224.79506674880378
21433,219.25090343425794
21434,186.4116335280143
21435,191.41751080436802
21436,46.812093809608086
21437,-0.0
21438,-0.0
21439,-0.0
21440,-0.0
21441,-0.0
21442,-0.0
21443,-0.0
21444,-0.0
21445,-0.0
21446,-0.0
21447,-0.0
21448,-0.0
21449,-0.0
21450,-0.0
21451,-0.0
21452,-0.0
21453,-0.0
21454,-0.0
21455,-0.0
21456,-0.0
21457,-0.0
21458,-0.0
21459,-0.0
21460,-0.0
21461,-0.0
21462,-0.0
21463,-0.0
21464,-0.0
21465,-0.0
21466,-0.0
21467,-0.0
21468,-0.0
21469,-0.0
21470,-0.0
21471,-0.0
21472,-0.0
21473,-0.0
21474,-0.0
21475,-0.0
21476,-0.0
21477,-0.0
21478,-0.0
21479,-0.0
21480,-0.0
21481,-0.0
21482,-0.0
21483,-0.0
21484,87.90533832564267
21485,-0.0
21486,-0.0
21487,-0.0
21488,-0.0
21489,-0.0
21490,-0.0
21491,-0.0
21492,-0.0
21493,-0.0
21494,-0.0
21495,-0.0
21496,-0.0
21497,-0.0
21498,-0.0
21499,-0.0
21500,-0.0
21501,-0.0
21502,-0.0
21503,83.90568118562248
21504,69.1223414512382
21505,283.0316257213727
21506,202.4877875580724
21507,360.86773263965483
21508,-0.0
21509,306.7005188091019
21510,316.60486434010807
21511,360.1117855077019
21512,73.07620268145075
21513,266.3144673827924
21514,263.1620106757602
21515,333.8533571317387
21516,117.18348482798618
21517,309.83192545228496
21518,317.5879896743035
21519,318.90795080834545
21520,358.2285146121696
21521,371.59896238179624
21522,380.94140347554503
21523,409.0853911790003
21524,349.3765973420937
21525,375.77642827986534
21526,347.24531622185276
21527,360.67789144188816
21528,258.05450928448107
21529,370.5107284512556
21530,138.1708654184055
21531,197.8983162749649
21532,-0.0
21533,-0.0
21534,-0.0
21535,-0.0
21536,-0.0
21537,-0.0
21538,-0.0
21539,-0.0
21540,-0.0
21541,-0.0
21542,-0.0
21543,-0.0
21544,-0.0
21545,-0.0
21546,-0.0
21547,-0.0
21548,-0.0
21549,-0.0
21550,-0.0
21551,-0.0
21552,-0.0
21553,-0.0
21554,-0.0
21555,-0.0
21556,-0.0
21557,-0.0
21558,-0.0
21559,-0.0
21560,-0.0
21561,-0.0
21562,-0.0
21563,-0.0
21564,-0.0
21565,-0.0
21566,-0.0
21567,-0.0
21568,-0.0
21569,-0.0
21570,-0.0
21571,-0.0
21572,-0.0
21573,-0.0
21574,-0.0
21575,-0.0
21576,126.117025540452
21577,-0.0
21578,-0.0
21579,-0.0
21580,-0.0
21581,-0.0
21582,-0.0
21583,-0.0
21584,-0.0
21585,-0.0
21586,-0.0
21587,-0.0
21588,-0.0
21589,-0.0
21590,-0.0
21591,-0.0
21592,-0.0
21593,-0.0
21594,-0.0
21595,-0.0
21596,-0.0
21597,-0.0
21598,-0.0
21599,-0.0
21600,-0.0
21601,-0.0
21602,202.39827501309597
21603,265.4800138020944
21604,174.24606214917054
21605,280.2111413510282
21606,308.7410631332664
21607,289.06766668437075
21608,-0.0
21609,304.2376917828811
21610,341.55250202565327
21611,311.0419182393518
21612,286.61710270162774
21613,307.5430502501329
21614,311.11142857405537
21615,300.02029153989463
21616,250.3393257214363
21617,322.6707754936869
21618,364.03342000778935
21619,375.2111413510282
21620,309.971798748264
21621,359.9969752649297
21622,318.34935194301113
21623,336.4756151518368
21624,62.25533588043125
21625,98.13259780685596
21626,99.61663116130451
21627,57.405528565901136
21628,-0.0
21629,-0.0
21630,-0.0
21631,-0.0
21632,-0.0
21633,-0.0
21634,-0.0
21635,-0.0
21636,-0.0
21637,-0.0
21638,-0.0
21639,-0.0
21640,-0.0
21641,-0.0
21642,-0.0
21643,-0.0
21644,-0.0
21645,-0.0
21646,-0.0
21647,-0.0
21648,-0.0
21649,-0.0
21650,-0.0
21651,-0.0
21652,-0.0
21653,-0.0
21654,-0.0
21655,-0.0
21656,-0.0
21657,-0.0
21658,-0.0
21659,-0.0
21660,-0.0
21661,-0.0
21662,-0.0
21663,-0.0
21664,-0.0
21665,-0.0
21666,-0.0
21667,-0.0
21668,-0.0
21669,-0.0
21670,-0.0
21671,-0.0
21672,-0.0
21673,-0.0
21674,-0.0
21675,-0.0
21676,-0.0
21677,-0.0
21678,-0.0
21679,-0.0
21680,-0.0
21681,-0.0
21682,-0.0
21683,-0.0
21684,-0.0
21685,-0.0
21686,-0.0
21687,-0.0
21688,-0.0
21689,-0.0
21690,-0.0
21691,-0.0
21692,-0.0
21693,-0.0
21694,-0.0
21695,0.4286055266512676
21696,-0.0
21697,-0.0
21698,-0.0
21699,-0.0
21700,125.22270962091878
21701,300.7419919952662
21702,306.7983738620751
21703,293.230504028923
21704,190.63439167070902
21705,322.31892187510743
21706,309.8694166507378
21707,547.7981640526618
21708,245.02130852143543
21709,308.7961098405128
21710,300.21921921136124
21711,318.1551410998238
21712,181.8329130446129
21713,323.30855135081384
21714,381.54710855811186
21715,373.4726991729705
21716,305.6033855690319
21717,323.8735297420778
21718,284.22630210943043
21719,327.2253732474307
21720,77.67515783016024
21721,69.59359912699956
21722,75.04871940486862
21723,68.10702076706998
21724,-0.0
21725,-0.0
21726,-0.0
21727,-0.0
21728,-0.0
21729,-0.0
21730,-0.0
21731,-0.0
21732,-0.0
21733,-0.0
21734,-0.0
21735,-0.0
21736,-0.0
21737,-0.0
21738,-0.0
21739,-0.0
21740,-0.0
21741,-0.0
21742,-0.0
21743,-0.0
21744,-0.0
21745,-0.0
21746,-0.0
21747,-0.0
21748,-0.0
21749,-0.0
21750,-0.0
21751,-0.0
21752,-0.0
21753,-0.0
21754,-0.0
21755,-0.0
21756,-0.0
21757,-0.0
21758,-0.0
21759,-0.0
21760,-0.0
21761,-0.0
21762,-0.0
21763,-0.0
21764,-0.0
21765,-0.0
21766,-0.0
21767,-0.0
21768,-0.0
21769,-0.0
21770,-0.0
21771,-0.0
21772,-0.0
21773,-0.0
21774,-0.0
21775,-0.0
21776,-0.0
21777,-0.0
21778,-0.0
21779,-0.0
21780,-0.0
21781,-0.0
21782,-0.0
21783,-0.0
21784,-0.0
21785,-0.0
21786,-0.0
21787,-0.0
21788,-0.0
21789,-0.0
21790,-0.0
21791,-0.0
21792,-0.0
21793,-0.0
21794,-0.0
21795,-0.0
21796,250.9972610873869
21797,312.4321918929626
21798,311.8205238190514
21799,314.7482418319906
21800,301.88689780815923
21801,317.28790576840225
21802,307.4537815482632
21803,293.6779385656869
21804,318.0734036568594
21805,304.16756404280596
21806,310.0866089910362
21807,322.9183131826446
21808,350.673670097537
21809,381.49777601412336
21810,391.69464153274816
21811,400.39020361058857
21812,413.25492134622846
21813,441.78989646024206
21814,401.3261640743548
21815,529.7824508625708
21816,157.456362032492
21817,324.98807534864324
21818,274.1519049927782
21819,303.4125973903037
21820,101.81919647956069
21821,104.37829790070087
21822,147.20935174748595
21823,108.10381835373036
21824,-0.0
21825,-0.0
21826,-0.0
21827,-0.0
21828,-0.0
21829,-0.0
21830,-0.0
21831,-0.0
21832,-0.0
21833,-0.0
21834,-0.0
21835,-0.0
21836,-0.0
21837,-0.0
21838,-0.0
21839,-0.0
21840,-0.0
21841,-0.0
21842,-0.0
21843,-0.0
21844,-0.0
21845,-0.0
21846,-0.0
21847,-0.0
21848,-0.0
21849,-0.0
21850,-0.0
21851,-0.0
21852,-0.0
21853,39.91064861509983
21854,204.2834219579469
21855,262.4060331563564
21856,64.55928947750135
21857,70.52584478775391
21858,21.390193240990754
21859,146.5838940658137
21860,361.28110106179804
21861,275.9249198260693
21862,139.23593958486074
21863,152.8123710871582
21864,674.0879063850812
21865,352.9450167303365
21866,314.6748972392487
21867,356.94588215475335
21868,491.5852479118816
21869,243.98623517606194
21870,312.81243119196955
21871,287.24730918919204
21872,353.31392013639714
21873,347.4826347573032
21874,334.7171970942051
21875,344.7861742561802
21876,340.38385084233016
21877,338.79294163890887
21878,414.78469814778526
21879,561.94092065684
21880,171.59927956971072
21881,400.5266901430514
21882,352.0170599007078
21883,535.0997631309962
21884,198.49816819559257
21885,463.1323564699934
21886,393.3354199606885
21887,722.5035495696818
21888,221.69343324835148
21889,243.55224728521443
21890,335.04280834572677
21891,420.7427164708506
21892,174.24923035077444
21893,397.13155448315945
21894,315.0144389454991
21895,336.87003541684186
21896,176.93125190639836
21897,342.7879297869721
21898,319.6043946049624
21899,354.3467928977913
21900,296.73844217805765
21901,324.641858847064
21902,317.3238557207298
21903,348.2444344836517
21904,335.8718931408414
21905,358.0572860468506
21906,377.78304481020103
21907,415.2250718057568
21908,342.3061806681851
21909,337.5686673521273
21910,313.25394522889616
21911,178.4526075516325
21912,213.1663439382773
21913,244.626868187311
21914,147.2964107146431
21915,269.5424350982961
21916,256.16732648707205
21917,202.52511070636157
21918,227.7587194993056
21919,322.21829020438145
21920,-0.0
21921,-0.0
21922,-0.0
21923,-0.0
21924,-0.0
21925,-0.0
21926,-0.0
21927,-0.0
21928,76.44233875556114
21929,80.26732648707207
21930,26.400014218646643
21931,31.32515978031784
21932,194.38516717040727
21933,273.46577200992397
21934,108.14265384833804
21935,219.09012590309268
21936,230.6377635886379
21937,194.852963247645
21938,182.99146481799036
21939,265.1347738538572
21940,180.16077005375507
21941,234.02218036386867
21942,215.29555617610134
21943,197.89684601704275
21944,43.76934342384584
21945,-0.0
21946,108.95233135946033
21947,240.8952119335075
21948,95.03448858098756
21949,94.63034619876275
21950,40.505940713936596
21951,116.14809305706419
21952,409.1567103631621
21953,307.76127059891513
21954,324.90608042513503
21955,445.68838767619224
21956,559.1392388819625
21957,260.22455047895374
21958,200.93331277917926
21959,310.2294354557248
21960,453.80176194880823
21961,228.85221618524
21962,107.72567355401739
21963,-0.0
21964,461.64934009708566
21965,310.53822871094474
21966,303.39027536507905
21967,337.6996287027269
21968,266.5459002737151
21969,337.0094905311451
21970,330.57467597150554
21971,339.00993558433265
21972,306.36586207962256
21973,407.4464034815564
21974,373.9998731248342
21975,488.6600389126275
21976,159.58439557102417
21977,376.3237535275221
21978,267.5296036042165
21979,391.22538998377854
21980,5.661336801726009
21981,423.77651809424447
21982,397.37423343601927
21983,351.42528527286964
21984,124.90563033654522
21985,297.7194364338092
21986,380.24120284446485
21987,376.57182594792334
21988,266.7619266015143
21989,300.31168079679304
21990,316.22098881581974
21991,290.71045439343453
21992,176.20369885663126
21993,308.34867530374896
21994,315.2828029057949
21995,325.3662190132691
21996,246.85758107050816
21997,314.32749365747935
21998,290.5372364113621
21999,288.45339993265856
22000,314.89089888508977
22001,370.7077453186847
22002,377.64509048625087
22003,426.8673510240502
22004,344.19635369507654
22005,366.5982567376972
22006,345.18104932516064
22007,430.35963609281634
22008,393.03080993845566
22009,355.41926633515993
22010,237.23991633629504
22011,256.41131534999266
22012,40.598578248490455
22013,148.38771631985924
22014,94.9160341284295
22015,94.19164928026633
22016,114.1481072757108
22017,88.9582991280762
22018,112.04663896794617
22019,43.084205403255424
22020,149.46232243576551
22021,204.5912312817581
22022,171.11855679074569
22023,152.85380608524125
22024,-0.0
22025,93.7946066774386
22026,113.71065739723592
22027,126.92104509845778
22028,-0.0
22029,-0.0
22030,-0.0
22031,-0.0
22032,-0.0
22033,-0.0
22034,-0.0
22035,-0.0
22036,-0.0
22037,-0.0
22038,-0.0
22039,-0.0
22040,-0.0
22041,-0.0
22042,-0.0
22043,-0.0
22044,-0.0
22045,-0.0
22046,-0.0
22047,-0.0
22048,-0.0
22049,-0.0
22050,21.02566230768106
22051,108.41100610768845
22052,312.76046081145086
22053,186.22706672325364
22054,250.84761704888223
22055,265.3400738902991
22056,521.1694648505963
22057,317.7685011537932
22058,304.20063132064104
22059,347.21682579693197
22060,540.9361391603369
22061,385.4212657205155
22062,354.3536377917696
22063,380.7388237936622
22064,306.3636368136851
22065,300.7109382022468
22066,352.80875449959524
22067,352.03785993137285
22068,290.1480167834486
22069,333.74853107622374
22070,533.6605176148266
22071,631.4631074387249
22072,302.52324251905054
22073,592.5434575378029
22074,314.85249170732175
22075,457.41336508937167
22076,170.90326412177527
22077,481.49764662126273
22078,441.4029844518516
22079,522.7988833429526
22080,-0.0
22081,60.821807931508346
22082,419.4923412732623
22083,342.30305569006475
22084,68.92780428239752
22085,284.691512086769
22086,290.66716223889546
22087,321.36803798164385
22088,142.8122152071555
22089,381.99625987004276
22090,347.70400518872754
22091,425.5866218270689
22092,211.4972393335928
22093,313.9377655387955
22094,303.5191842110716
22095,345.6174596352742
22096,389.99900770041734
22097,375.9499404627323
22098,374.2959313736896
22099,379.23551588085985
22100,374.41190206453615
22101,427.0175437095201
22102,327.5910360785871
22103,456.82993614586485
22104,442.56825339891424
22105,428.05948858098753
22106,319.4439501072958
22107,349.7379990750277
22108,251.37380008377718
22109,310.3800589757355
22110,311.97367725390654
22111,318.29571400626156
22112,153.61769778434513
22113,62.75901062264796
22114,60.66291110046663
22115,94.3349970717579
22116,-0.0
22117,-0.0
22118,-0.0
22119,-0.0
22120,-0.0
22121,-0.0
22122,-0.0
22123,-0.0
22124,-0.0
22125,-0.0
22126,-0.0
22127,-0.0
22128,-0.0
22129,-0.0
22130,-0.0
22131,-0.0
22132,-0.0
22133,-0.0
22134,-0.0
22135,-0.0
22136,-0.0
22137,-0.0
22138,-0.0
22139,-0.0
22140,-0.0
22141,-0.0
22142,-0.0
22143,-0.0
22144,-0.0
22145,-0.0
22146,-0.0
22147,-0.0
22148,106.23712174795867
22149,171.48749267939488
22150,92.93870610174073
22151,200.16223836151968
22152,620.3496628879461
22153,261.6583295155271
22154,275.0241281575668
22155,332.3207980805074
22156,594.6694272505649
22157,356.2904991505234
22158,338.1502808050109
22159,334.20663798986175
22160,313.3063507668345
22161,332.32704860429186
22162,336.5994708725666
22163,329.24088466644315
22164,190.88026350713088
22165,361.6792102876665
22166,409.4350939820365
22167,565.0265761039183
22168,69.99320694520597
22169,362.9953944456259
22170,376.4392157275983
22171,401.3489300441878
22172,92.28770096612539
22173,340.6025368809629
22174,280.0726538543494
22175,342.47308078857515
22176,-0.0
22177,430.2311403849664
22178,348.7635799390985
22179,326.8267432623028
22180,56.000903189934434
22181,322.02025278426987
22182,361.49426243484476
22183,396.42697736607863
22184,94.1090754428449
22185,267.1543391129898
22186,314.36171565210265
22187,398.4364678972238
22188,247.6108438096694
22189,312.3238557207298
22190,304.3071774356266
22191,329.208813891883
22192,325.4736280349703
22193,375.36941189683114
22194,414.42534871045257
22195,324.3402158278113
22196,479.06176738874007
22197,331.1747742643981
22198,352.91810141922673
22199,405.37991146390675
22200,195.48608376391797
22201,325.6166847031196
22202,205.99712667707365
22203,149.3120637950116
22204,-0.0
22205,-0.0
22206,-0.0
22207,-0.0
22208,-0.0
22209,-0.0
22210,-0.0
22211,-0.0
22212,-0.0
22213,-0.0
22214,-0.0
22215,-0.0
22216,-0.0
22217,-0.0
22218,-0.0
22219,-0.0
22220,-0.0
22221,-0.0
22222,-0.0
22223,-0.0
22224,-0.0
22225,-0.0
22226,-0.0
22227,-0.0
22228,-0.0
22229,-0.0
22230,-0.0
22231,-0.0
22232,-0.0
22233,-0.0
22234,-0.0
22235,-0.0
22236,-0.0
22237,-0.0
22238,-0.0
22239,-0.0
22240,-0.0
22241,-0.0
22242,-0.0
22243,-0.0
22244,17.415834137383058
22245,-0.0
22246,-0.0
22247,-0.0
22248,207.68739544909977
22249,-0.0
22250,-0.0
22251,-0.0
22252,-0.0
22253,-0.0
22254,-0.0
22255,-0.0
22256,-0.0
22257,-0.0
22258,-0.0
22259,192.18784921449446
22260,221.13099563836562
22261,345.1700004165522
22262,461.3596922973125
22263,711.8224815580157
22264,131.21322814340115
22265,459.4025393986641
22266,318.2503117600054
22267,323.55074649486136
22268,40.63736856945707
22269,464.79495191013956
22270,403.67010137212594
22271,478.31950490679446
22272,-0.0
22273,394.9204765697142
22274,329.66166657814637
22275,345.2245633149864
22276,38.91116475291909
22277,270.8841315023611
22278,360.4635655754719
22279,353.45458353509713
22280,217.96093178423047
22281,332.67834486324955
22282,329.91022280735984
22283,385.18884053001005
22284,207.88607734590164
22285,315.2165101366115
22286,336.50650079636443
22287,330.61160704087865
22288,301.25622779198386
22289,343.5191842110716
22290,368.74425601682844
22291,372.10466119132667
22292,316.5763674971709
22293,373.9564535275858
22294,375.2095377999238
22295,376.9271799473164
22296,99.9687391578841
22297,125.13636492680399
22298,110.92763430010305
22299,115.94061467338278
22300,-0.0
22301,-0.0
22302,-0.0
22303,-0.0
22304,-0.0
22305,-0.0
22306,-0.0
22307,-0.0
22308,-0.0
22309,-0.0
22310,-0.0
22311,-0.0
22312,-0.0
22313,-0.0
22314,-0.0
22315,-0.0
22316,-0.0
22317,-0.0
22318,-0.0
22319,-0.0
22320,-0.0
22321,-0.0
22322,-0.0
22323,-0.0
22324,-0.0
22325,-0.0
22326,-0.0
22327,-0.0
22328,-0.0
22329,-0.0
22330,-0.0
22331,-0.0
22332,-0.0
22333,-0.0
22334,-0.0
22335,-0.0
22336,-0.0
22337,-0.0
22338,-0.0
22339,-0.0
22340,-0.0
22341,-0.0
22342,-0.0
22343,-0.0
22344,147.48408739131742
22345,-0.0
22346,-0.0
22347,-0.0
22348,-0.0
22349,-0.0
22350,-0.0
22351,-0.0
22352,-0.0
22353,-0.0
22354,-0.0
22355,-0.0
22356,-0.0
22357,-0.0
22358,-0.0
22359,-0.0
22360,-0.0
22361,-0.0
22362,-0.0
22363,-0.0
22364,-0.0
22365,-0.0
22366,-0.0
22367,105.42393653469435
22368,-0.0
22369,-0.0
22370,-0.0
22371,269.12993425945524
22372,290.97613396093874
22373,356.5434318657375
22374,227.4033791510156
22375,362.5479352269039
22376,21.841767219714598
22377,311.0307117675797
22378,312.26059812797814
22379,350.51005061357296
22380,255.6302064875643
22381,313.7983027412711
22382,364.13565154676314
22383,295.1047385102536
22384,305.78262443897165
22385,352.11048049263974
22386,397.87000253964504
22387,400.8713296566913
22388,360.40853908232475
22389,377.6257980200608
22390,368.5678286096678
22391,397.8775561880703
22392,164.97272845431266
22393,174.6978777756028
22394,166.5566855153834
22395,154.18729299067482
22396,182.20473299708348
22397,184.78553350019175
22398,193.3249195870421
22399,206.14157121843425
22400,352.16658844739504
22401,295.8403678074988
22402,326.2153287290278
22403,325.94268168662614
22404,-0.0
22405,-0.0
22406,-0.0
22407,-0.0
22408,-0.0
22409,-0.0
22410,-0.0
22411,-0.0
22412,-0.0
22413,-0.0
22414,-0.0
22415,-0.0
22416,-0.0
22417,-0.0
22418,-0.0
22419,-0.0
22420,-0.0
22421,-0.0
22422,-0.0
22423,-0.0
22424,-0.0
22425,-0.0
22426,-0.0
22427,-0.0
22428,-0.0
22429,-0.0
22430,-0.0
22431,-0.0
22432,-0.0
22433,-0.0
22434,-0.0
22435,-0.0
22436,-0.0
22437,-0.0
22438,-0.0
22439,-0.0
22440,-0.0
22441,-0.0
22442,-0.0
22443,-0.0
22444,-0.0
22445,-0.0
22446,-0.0
22447,-0.0
22448,-0.0
22449,-0.0
22450,-0.0
22451,-0.0
22452,-0.0
22453,-0.0
22454,-0.0
22455,-0.0
22456,-0.0
22457,-0.0
22458,-0.0
22459,-0.0
22460,-0.0
22461,-0.0
22462,-0.0
22463,274.1385136637979
22464,-0.0
22465,-0.0
22466,-0.0
22467,321.36354671392985
22468,-0.0
22469,62.265757961486656
22470,275.14216418905306
22471,394.1062898469528
22472,278.3117442343759
22473,398.8031954012632
22474,360.6773913192917
22475,377.13203829197175
22476,310.10692521288894
22477,326.13121162317964
22478,304.6247355087733
22479,345.89440994667353
22480,350.18177965121777
22481,372.59224436298376
22482,408.42401355089004
22483,412.8840927467363
22484,320.9064860101742
22485,392.85945372567795
22486,339.3989929142271
22487,427.6654357129405
22488,263.37031622185276
22489,279.7960853035347
22490,225.8480413204268
22491,229.6157817607119
22492,364.90017318389414
22493,157.51450238308195
22494,57.666679667717176
22495,157.88976687430863
22496,71.5665188159892
22497,36.51654708705864
22498,61.372206995984335
22499,88.3077778631331
22500,200.25392891511197
22501,261.99632084015917
22502,212.0222852869391
22503,205.7434373021307
22504,-0.0
22505,-0.0
22506,-0.0
22507,-0.0
22508,-0.0
22509,-0.0
22510,-0.0
22511,-0.0
22512,-0.0
22513,-0.0
22514,-0.0
22515,-0.0
22516,-0.0
22517,-0.0
22518,-0.0
22519,-0.0
22520,-0.0
22521,-0.0
22522,-0.0
22523,-0.0
22524,-0.0
22525,-0.0
22526,-0.0
22527,106.95410786643744
22528,-0.0
22529,-0.0
22530,-0.0
22531,-0.0
22532,343.45107499121457
22533,271.8445185578975
22534,232.09358327788144
22535,215.4946208960852
22536,517.1089108021615
22537,334.5891536726294
22538,299.80346322526145
22539,286.25593429592027
22540,481.66965631893845
22541,317.9198155317127
22542,310.3505964653314
22543,320.30998870358405
22544,391.5669162891942
22545,321.60266375612866
22546,370.2710483530875
22547,359.3703020032061
22548,142.05946095876465
22549,380.0396154621647
22550,446.35161443697945
22551,561.317583745212
22552,113.7829557005528
22553,430.74269178889244
22554,265.0817240142652
22555,419.3917771455393
22556,57.926469122835016
22557,470.66955412573077
22558,388.3241738987515
22559,771.0821816559586
22560,-0.0
22561,382.85373874734324
22562,336.8384731330521
22563,366.8379646422817
22564,-0.0
22565,284.4434396663678
22566,230.30461991800075
22567,331.60483965814996
22568,103.84071148254904
22569,316.16057332299
22570,296.78444340734643
22571,312.2431240060473
22572,256.14715135903174
22573,315.3608502276858
22574,317.8664609176752
22575,328.18989626717564
22576,321.1033507137223
22577,347.84667786855096
22578,419.21305618438737
22579,399.4619034089626
22580,485.7355938079132
22581,489.2346839291386
22582,450.91853852680396
22583,482.75164287427276
22584,151.8072615098725
22585,82.12041841506046
22586,16.893170707282394
22587,44.47363583560063
22588,-0.0
22589,-0.0
22590,-0.0
22591,-0.0
22592,-0.0
22593,-0.0
22594,-0.0
22595,-0.0
22596,-0.0
22597,-0.0
22598,-0.0
22599,-0.0
22600,-0.0
22601,-0.0
22602,-0.0
22603,-0.0
22604,-0.0
22605,-0.0
22606,-0.0
22607,-0.0
22608,-0.0
22609,-0.0
22610,-0.0
22611,-0.0
22612,-0.0
22613,-0.0
22614,-0.0
22615,-0.0
22616,-0.0
22617,-0.0
22618,-0.0
22619,-0.0
22620,-0.0
22621,-0.0
22622,-0.0
22623,-0.0
22624,-0.0
22625,-0.0
22626,-0.0
22627,-0.0
22628,-0.0
22629,-0.0
22630,-0.0
22631,-0.0
22632,187.03070182228544
22633,-0.0
22634,-0.0
22635,-0.0
22636,-0.0
22637,-0.0
22638,-0.0
22639,-0.0
22640,-0.0
22641,-0.0
22642,-0.0
22643,-0.0
22644,-0.0
22645,-0.0
22646,-0.0
22647,160.91638000116427
22648,-0.0
22649,-0.0
22650,-0.0
22651,-0.0
22652,-0.0
22653,-0.0
22654,-0.0
22655,-0.0
22656,-0.0
22657,-0.0
22658,354.66084758741187
22659,319.0586212064131
22660,-0.0
22661,300.2138257438198
22662,284.2237613281524
22663,294.73748863409975
22664,241.62934106314742
22665,328.66301581137554
22666,251.94958352908577
22667,311.47225411978303
22668,220.166132421322
22669,335.31704958237634
22670,284.4547104102629
22671,320.5543597496528
22672,305.7280615405375
22673,353.77313390782655
22674,390.9066483081932
22675,385.9820112372924
22676,345.65837273901064
22677,400.9663768434293
22678,319.47530729214657
22679,420.72686609217345
22680,142.3649001674908
22681,168.2678072226366
22682,173.16950823956608
22683,187.6471945825153
22684,-0.0
22685,-0.0
22686,-0.0
22687,-0.0
22688,-0.0
22689,-0.0
22690,-0.0
22691,-0.0
22692,-0.0
22693,-0.0
22694,-0.0
22695,-0.0
22696,-0.0
22697,-0.0
22698,-0.0
22699,-0.0
22700,-0.0
22701,-0.0
22702,-0.0
22703,-0.0
22704,-0.0
22705,-0.0
22706,-0.0
22707,-0.0
22708,-0.0
22709,-0.0
22710,-0.0
22711,-0.0
22712,-0.0
22713,-0.0
22714,-0.0
22715,-0.0
22716,-0.0
22717,-0.0
22718,-0.0
22719,-0.0
22720,-0.0
22721,-0.0
22722,-0.0
22723,-0.0
22724,-0.0
22725,-0.0
22726,-0.0
22727,-0.0
22728,20.860417515477593
22729,-0.0
22730,-0.0
22731,-0.0
22732,-0.0
22733,-0.0
22734,-0.0
22735,-0.0
22736,-0.0
22737,-0.0
22738,-0.0
22739,-0.0
22740,-0.0
22741,-0.0
22742,-0.0
22743,17.391611019695347
22744,-0.0
22745,-0.0
22746,-0.0
22747,-0.0
22748,-0.0
22749,-0.0
22750,-0.0
22751,-0.0
22752,-0.0
22753,90.68104041592125
22754,333.3134116456268
22755,323.4294070184315
22756,236.8372895306135
22757,327.46500292824203
22758,268.50522907438483
22759,325.05456289843414
22760,177.05796016841157
22761,312.5665346735896
22762,305.85160160094676
22763,339.2259372301737
22764,133.74183944803502
22765,372.98412370173077
22766,235.80390827844897
22767,328.57074039442756
22768,446.22171329140417
22769,347.3126096587928
22770,371.9811458128755
22771,412.9616562598149
22772,424.8933620101383
22773,407.49196745828806
22774,328.8475510935982
22775,471.3276927609656
22776,535.9899032527355
22777,342.5896666312586
22778,292.89058517492685
22779,284.56222609303063
22780,194.17292490857244
22781,92.63904701156295
22782,76.3634706153509
22783,158.22446055423512
22784,125.09090387810186
22785,72.05823959080855
22786,112.74075139377099
22787,135.89351311323838
22788,251.8001595239437
22789,216.8030314600232
22790,232.28195525593924
22791,301.35229563144543
22792,152.3225491434406
22793,224.68630401752353
22794,236.51835458824775
22795,300.54087750437486
22796,-0.0
22797,36.15919099682674
22798,54.43454584951398
22799,36.062527003252534
22800,-0.0
22801,-0.0
22802,-0.0
22803,-0.0
22804,-0.0
22805,-0.0
22806,-0.0
22807,-0.0
22808,-0.0
22809,-0.0
22810,-0.0
22811,-0.0
22812,-0.0
22813,-0.0
22814,-0.0
22815,-0.0
22816,-0.0
22817,-0.0
22818,-0.0
22819,-0.0
22820,-0.0
22821,-0.0
22822,-0.0
22823,-0.0
22824,292.4331261917091
22825,-0.0
22826,-0.0
22827,-0.0
22828,514.9754437898781
22829,338.0230640522273
22830,278.7863645689289
22831,300.7980556840534
22832,438.6994630719363
22833,355.5597285352361
22834,361.9886905004801
22835,356.75776610032773
22836,215.0399079681211
22837,347.93054724144355
22838,334.94369544073766
22839,587.008921847514
22840,91.6846802763502
22841,320.73351119242983
22842,323.7362580100701
22843,383.29988145165277
22844,263.2630586122954
22845,311.9705387208785
22846,316.35383408193434
22847,366.84777169936797
22848,292.27785449144096
22849,301.84145540101883
22850,330.53585024715403
22851,415.63602388789826
22852,255.69383954591422
22853,298.6115002478968
22854,334.05561369640577
22855,399.08868269984976
22856,201.11341317322075
22857,305.6628506529903
22858,318.7629724715513
22859,317.96645309440663
22860,319.6359815707103
22861,353.38241348956
22862,318.0974099997857
22863,382.13203829197175
22864,217.7101749710376
22865,353.2111844998876
22866,408.2934107983547
22867,386.6943124352712
22868,409.9619411143453
22869,407.3522806751921
22870,397.54135425660877
22871,437.06668143504635
22872,444.8958383467511
22873,270.9223278756974
22874,234.42758163204036
22875,279.5655359559906
22876,295.3266467589928
22877,101.13736970454426
22878,72.09635564523413
22879,83.73275758717384
22880,78.2426894161713
22881,-0.0
22882,87.3309966928082
22883,32.46103259482419
22884,-0.0
22885,-0.0
22886,-0.0
22887,-0.0
22888,-0.0
22889,-0.0
22890,-0.0
22891,-0.0
22892,-0.0
22893,-0.0
22894,-0.0
22895,-0.0
22896,-0.0
22897,-0.0
22898,-0.0
22899,-0.0
22900,-0.0
22901,-0.0
22902,-0.0
22903,-0.0
22904,-0.0
22905,-0.0
22906,-0.0
22907,-0.0
22908,-0.0
22909,-0.0
22910,-0.0
22911,-0.0
22912,-0.0
22913,-0.0
22914,-0.0
22915,-0.0
22916,-0.0
22917,-0.0
22918,-0.0
22919,-0.0
22920,117.84038071602163
22921,-0.0
22922,-0.0
22923,-0.0
22924,28.74888674821443
22925,-0.0
22926,-0.0
22927,-0.0
22928,-0.0
22929,221.73720666521876
22930,353.8624026096963
22931,345.84572432459305
22932,58.62248457077044
22933,388.37336801160234
22934,390.82978458874095
22935,603.9088111266551
22936,86.39280721063957
22937,387.6832298400206
22938,403.7075162503113
22939,359.7130119110604
22940,47.82544586825787
22941,308.31392013639714
22942,395.38503444476873
22943,465.5797769330906
22944,82.3630638952246
22945,309.11632762449307
22946,314.9535149618989
22947,317.90658487061035
22948,231.4101465337443
22949,325.49024288249063
22950,281.2444979212346
22951,329.5087648179267
22952,207.86256824048684
22953,330.308487913231
22954,296.9052743930059
22955,336.1772128524684
22956,242.27028512187832
22957,313.36308956728993
22958,256.51068597950916
22959,311.35679191970684
22960,219.43906318036719
22961,315.7623082171189
22962,358.28018195058615
22963,393.61972365683647
22964,289.9724670193523
22965,349.1108029589071
22966,371.64531622185274
22967,397.34619196460113
22968,289.83907349869867
22969,356.25799768640235
22970,435.4278959097469
22971,342.9435690592348
22972,31.399436017257024
22973,33.81575332341861
22974,17.947028384181134
22975,27.421521843568318
22976,12.090087549044275
22977,26.468039931801414
22978,15.093640864991597
22979,-0.0
22980,-0.0
22981,-0.0
22982,-0.0
22983,-0.0
22984,-0.0
22985,-0.0
22986,-0.0
22987,-0.0
22988,-0.0
22989,-0.0
22990,-0.0
22991,-0.0
22992,-0.0
22993,-0.0
22994,-0.0
22995,-0.0
22996,-0.0
22997,-0.0
22998,-0.0
22999,-0.0
23000,-0.0
23001,-0.0
23002,-0.0
23003,-0.0
23004,-0.0
23005,-0.0
23006,-0.0
23007,-0.0
23008,-0.0
23009,-0.0
23010,-0.0
23011,-0.0
23012,-0.0
23013,-0.0
23014,-0.0
23015,-0.0
23016,-0.0
23017,-0.0
23018,-0.0
23019,-0.0
23020,-0.0
23021,-0.0
23022,-0.0
23023,-0.0
23024,-0.0
23025,-0.0
23026,-0.0
23027,-0.0
23028,-0.0
23029,-0.0
23030,259.0699466652195
23031,487.3578098913548
23032,180.92355566166992
23033,323.12309500722176
23034,407.90508408025727
23035,435.1071165157449
23036,147.4396351087205
23037,389.34899348177066
23038,421.3975909843101
23039,387.1491616302624
23040,214.19050695115368
23041,357.48751973407417
23042,389.3083857200233
23043,433.4990839740329
23044,265.4136963509528
23045,304.4108850829954
23046,310.62921418798163
23047,325.2908560841699
23048,27.052400079972358
23049,292.4018783606625
23050,318.87098896079976
23051,336.0703123215376
23052,271.3690302812265
23053,312.90977775417235
23054,285.9066483081932
23055,325.20475558390405
23056,273.43037463605606
23057,358.2299955381526
23058,374.65087964306355
23059,410.6950231483528
23060,353.8554076861881
23061,359.5161841579594
23062,359.9032032018935
23063,377.21530436991594
23064,315.9354931490593
23065,352.90609269362415
23066,331.4396911682367
23067,298.98641811074395
23068,349.8516002183328
23069,210.76074161646176
23070,169.04089888508977
23071,182.4852286578326
23072,285.54876189569603
23073,209.93546276160842
23074,172.1443400910743
23075,142.12772524355398
23076,112.36920874804976
23077,52.67332017528009
23078,127.53925852851823
23079,123.64159226069975
23080,57.932113430500095
23081,92.28749267939489
23082,187.4709150599054
23083,142.5869104327101
23084,76.54208206496477
23085,126.07919160116107
23086,108.68904311124783
23087,115.19602771642454
23088,90.12863598659199
23089,109.85117718442227
23090,65.56211538666906
23091,63.46064707890442
23092,109.77248375570012
23093,169.32403223739547
23094,116.70661135774606
23095,97.43150469667961
23096,155.22339003087933
23097,172.18859610790275
23098,196.78979782930313
23099,230.64049525020823
23100,139.4517716995961
23101,166.58163408954655
23102,142.50003695044717
23103,168.05976548568327
23104,137.12247148721104
23105,79.16768480333252
23106,150.45080588714913
23107,187.50262095520876
23108,326.27079027987713
23109,216.1113114496775
23110,239.93310629762635
23111,258.80677965121777
23112,432.2042083375089
23113,320.42494241288983
23114,312.2179228074235
23115,363.6747703640829
23116,595.3676432824798
23117,331.23593625208923
23118,341.0654273447666
23119,301.6464644014381
23120,226.04709572207918
23121,348.22731114536094
23122,192.34983323412223
23123,332.6761442792702
23124,253.04115500814254
23125,387.1058694757234
23126,356.7689874803066
23127,407.5298195890306
23128,265.11647918161697
23129,330.469951342596
23130,367.73288307972564
23131,404.4062160910384
23132,261.9409971779823
23133,389.26238449073446
23134,341.03018836860247
23135,441.4612240426601
23136,87.87681588312998
23137,389.77342740389014
23138,349.85786049290505
23139,370.151909460637
23140,241.9933594924371
23141,325.161463429365
23142,267.6482833698129
23143,365.2326411753195
23144,208.40568192820265
23145,340.0310537930194
23146,326.4808157889284
23147,383.1798584896353
23148,282.28155586577344
23149,315.0721700455372
23150,310.47631242776197
23151,376.2606289599426
23152,312.4050959261827
23153,393.553430887653
23154,347.18099173805047
23155,396.3252296359171
23156,481.42879828461093
23157,382.58550361237076
23158,285.22568443989246
23159,365.84805373389577
23160,314.0176460477078
23161,395.80058866470114
23162,328.1542898940536
23163,309.72858424995457
23164,452.1569508849543
23165,80.3222309654189
23166,71.32453374260592
23167,81.32673432658531
23168,208.58272914988052
23169,85.23117815048397
23170,223.4164952821901
23171,204.79568946928345
23172,-0.0
23173,-0.0
23174,-0.0
23175,-0.0
23176,-0.0
23177,-0.0
23178,-0.0
23179,1.216553974949079
23180,261.1475859489078
23181,339.2002276857595
23182,343.81320864182544
23183,303.8773008270295
23184,291.2942437483394
23185,290.2288164035728
23186,311.7037549161475
23187,364.8958517673025
23188,112.34400517670477
23189,218.84900518271613
23190,302.07484021968213
23191,273.3567530191021
23192,-0.0
23193,41.619928755775454
23194,57.205342298447626
23195,81.68839742698016
23196,220.52076127504026
23197,214.1869452880197
23198,221.90589791301667
23199,224.11697582646195
23200,256.69085608416987
23201,232.39594169202107
23202,170.7974631190371
23203,258.4111826243541
23204,459.46658892792817
23205,273.7456647873253
23206,260.29915911256126
23207,258.1052045374067
23208,682.3355090703367
23209,341.3807601519758
23210,286.03805024412156
23211,343.2251352433397
23212,570.7439000732892
23213,316.946874454336
23214,264.0899675053888
23215,282.25047739079594
23216,366.39689119068385
23217,366.157380439428
23218,355.1876322456134
23219,304.35097808093604
23220,259.50804034234227
23221,354.97919996933496
23222,459.95692383027495
23223,558.0870550343309
23224,73.95397309864586
23225,435.3123805904193
23226,351.7572329275992
23227,352.47627367213715
23228,158.22760365131734
23229,432.8960386022996
23230,423.4936905064915
23231,404.4639718730346
23232,-0.0
23233,336.84703480219747
23234,386.69045634960344
23235,414.7237741641851
23236,221.4191920117019
23237,326.83581342221856
23238,372.3485484285832
23239,386.08107457466235
23240,312.85202197217615
23241,373.80367921007553
23242,288.40101293624565
23243,362.0977916153903
23244,311.5994708725666
23245,386.52311564388475
23246,359.56918031075645
23247,359.33823122864595
23248,317.69106703358153
23249,341.2589368667336
23250,388.548545910882
23251,425.5741921626933
23252,462.03739870938114
23253,441.9165430417635
23254,339.67003484929825
23255,563.7134407954436
23256,164.75842585826203
23257,276.340989377352
23258,208.32310280785202
23259,202.8986688857326
23260,281.9394926322941
23261,105.17614176156903
23262,45.48661427396533
23263,172.5829050990026
23264,18.259537232380197
23265,-0.0
23266,74.63463609281631
23267,100.86641184371892
23268,59.60679135216323
23269,173.64042734476655
23270,197.95442263871797
23271,246.20766181198246
23272,221.36088061513664
23273,319.6236467214757
23274,244.9774113884111
23275,271.4668135284429
23276,-0.0
23277,-0.0
23278,-0.0
23279,-0.0
23280,-0.0
23281,-0.0
23282,-0.0
23283,-0.0
23284,-0.0
23285,-0.0
23286,-0.0
23287,-0.0
23288,-0.0
23289,-0.0
23290,-0.0
23291,-0.0
23292,-0.0
23293,-0.0
23294,-0.0
23295,-0.0
23296,-0.0
23297,-0.0
23298,-0.0
23299,-0.0
23300,-0.0
23301,-0.0
23302,-0.0
23303,-0.0
23304,190.93449563903766
23305,-0.0
23306,-0.0
23307,-0.0
23308,15.192771467769717
23309,-0.0
23310,-0.0
23311,-0.0
23312,-0.0
23313,-0.0
23314,-0.0
23315,-0.0
23316,-0.0
23317,-0.0
23318,-0.0
23319,-0.0
23320,-0.0
23321,-0.0
23322,-0.0
23323,-0.0
23324,-0.0
23325,-0.0
23326,270.8327724633902
23327,116.62144092705739
23328,-0.0
23329,393.0178865694999
23330,396.70709587908186
23331,522.316693638837
23332,130.41031216453484
23333,283.6292776255645
23334,273.4790602581365
23335,323.98057388452224
23336,275.94728075189875
23337,388.53480675900926
23338,337.64090530310614
23339,350.72658543214254
23340,291.0167417226861
23341,353.3620972677072
23342,332.37839393720583
23343,329.4280084212861
23344,383.7577026627448
23345,364.3933026178505
23346,402.0094905311451
23347,411.06811173755824
23348,429.9185793775663
23349,388.34897869558046
23350,423.7900521471783
23351,410.27454462848107
23352,296.89031022038864
23353,376.5713007208051
23354,306.64494687473723
23355,344.3580222233805
23356,392.8802257416133
23357,248.86151250332128
23358,171.36644808164252
23359,196.5134725655085
23360,212.75618708620146
23361,-0.0
23362,209.5523603642972
23363,203.62319525027183
23364,-0.0
23365,170.04513119203318
23366,288.7639181862396
23367,328.13051881511325
23368,97.23233859855841
23369,300.2704809282927
23370,287.858575887792
23371,315.7032667950746
23372,301.09130477775665
23373,323.25571536304994
23374,273.2499751911113
23375,305.5587812285778
23376,-0.0
23377,-0.0
23378,-0.0
23379,-0.0
23380,-0.0
23381,-0.0
23382,-0.0
23383,-0.0
23384,-0.0
23385,-0.0
23386,-0.0
23387,-0.0
23388,-0.0
23389,-0.0
23390,-0.0
23391,-0.0
23392,-0.0
23393,-0.0
23394,-0.0
23395,-0.0
23396,-0.0
23397,-0.0
23398,-0.0
23399,-0.0
23400,583.7815205851971
23401,297.56803546394264
23402,278.6564387413955
23403,302.6311600315222
23404,672.3815102996256
23405,172.29602786109774
23406,344.5733654939012
23407,328.87464097121597
23408,348.30535846725184
23409,384.39756503494726
23410,337.9471926323577
23411,535.6658527513982
23412,133.26015823468975
23413,332.09750011936
23414,428.32156167062004
23415,560.7311779029573
23416,36.30450612639436
23417,316.54710855811186
23418,421.435539035224
23419,470.9838946333573
23420,38.29636482847843
23421,378.0309292601756
23422,379.14692229065827
23423,505.78990130257796
23424,7.6329286458735055
23425,337.96124178114763
23426,451.61361731210934
23427,343.4866296276992
23428,136.83924944782072
23429,343.6539703334179
23430,330.8452158338227
23431,307.91565503052607
23432,278.5138154254883
23433,321.07935779949526
23434,306.963005493044
23435,332.04373720772656
23436,286.2332518592976
23437,343.68601642601993
23438,331.71444926383055
23439,316.75237263278626
23440,340.3175580731467
23441,370.487558489699
23442,396.2647894611292
23443,412.098783914973
23444,430.6184727164998
23445,411.27704860429185
23446,426.91211538666903
23447,435.01274295197493
23448,339.5026932107748
23449,291.5548416083075
23450,299.6148367299079
23451,274.4272044842946
23452,164.65247036489535
23453,139.69820571358335
23454,192.41933424060156
23455,104.16244541061619
23456,-0.0
23457,-0.0
23458,-0.0
23459,-0.0
23460,-0.0
23461,-0.0
23462,-0.0
23463,-0.0
23464,-0.0
23465,-0.0
23466,-0.0
23467,-0.0
23468,-0.0
23469,-0.0
23470,-0.0
23471,-0.0
23472,-0.0
23473,-0.0
23474,-0.0
23475,-0.0
23476,-0.0
23477,-0.0
23478,-0.0
23479,-0.0
23480,-0.0
23481,-0.0
23482,-0.0
23483,-0.0
23484,-0.0
23485,-0.0
23486,-0.0
23487,-0.0
23488,-0.0
23489,-0.0
23490,-0.0
23491,-0.0
23492,-0.0
23493,-0.0
23494,-0.0
23495,-0.0
23496,138.9120669527465
23497,-0.0
23498,-0.0
23499,-0.0
23500,8.316858774574257
23501,-0.0
23502,-0.0
23503,-0.0
23504,-0.0
23505,-0.0
23506,-0.0
23507,-0.0
23508,-0.0
23509,-0.0
23510,-0.0
23511,186.36064633632418
23512,-0.0
23513,-0.0
23514,-0.0
23515,-0.0
23516,-0.0
23517,-0.0
23518,-0.0
23519,-0.0
23520,-0.0
23521,281.7466020866127
23522,349.01479587914554
23523,413.1675954461575
23524,114.26197720306453
23525,323.6688930877292
23526,238.99380454562458
23527,339.2719384594625
23528,150.08958588978422
23529,298.09791849055614
23530,305.1876569275715
23531,330.36941189683114
23532,203.1720484533005
23533,308.7501332931821
23534,312.7279981029546
23535,326.8272270711151
23536,323.9350811460038
23537,327.101976798535
23538,399.22056844459036
23539,350.15070117624026
23540,509.98692326874277
23541,326.8726577546646
23542,363.6908393478221
23543,507.0370462435934
23544,337.0508335415292
23545,114.79409566896697
23546,118.99654847568397
23547,140.18868408246377
23548,-0.0
23549,-0.0
23550,-0.0
23551,-0.0
23552,-0.0
23553,-0.0
23554,-0.0
23555,-0.0
23556,-0.0
23557,-0.0
23558,-0.0
23559,-0.0
23560,-0.0
23561,-0.0
23562,-0.0
23563,-0.0
23564,-0.0
23565,-0.0
23566,-0.0
23567,-0.0
23568,-0.0
23569,-0.0
23570,-0.0
23571,-0.0
23572,-0.0
23573,-0.0
23574,-0.0
23575,-0.0
23576,-0.0
23577,-0.0
23578,-0.0
23579,-0.0
23580,-0.0
23581,-0.0
23582,-0.0
23583,-0.0
23584,-0.0
23585,-0.0
23586,-0.0
23587,-0.0
23588,3.5569891455256766
23589,-0.0
23590,-0.0
23591,-0.0
23592,15.13286446571044
23593,-0.0
23594,-0.0
23595,-0.0
23596,127.97385636076365
23597,-0.0
23598,-0.0
23599,-0.0
23600,-0.0
23601,-0.0
23602,-0.0
23603,-0.0
23604,-0.0
23605,-0.0
23606,-0.0
23607,81.94855296893206
23608,-0.0
23609,-0.0
23610,-0.0
23611,-0.0
23612,-0.0
23613,-0.0
23614,-0.0
23615,-0.0
23616,-0.0
23617,58.235834843912244
23618,365.0653004696008
23619,374.34899348177066
23620,173.60826161008546
23621,318.4379440056187
23622,290.8777704171951
23623,317.1014929897228
23624,99.60567941050147
23625,377.25608684315137
23626,308.7672319495147
23627,344.9305143472545
23628,299.13983672990787
23629,345.0166395294784
23630,289.1660302281143
23631,316.0162332319157
23632,288.1732814196553
23633,343.77313390782655
23634,390.76499260991056
23635,394.6071036797122
23636,309.5078476568724
23637,379.1726391406732
23638,387.2825279537413
23639,397.56854257209903
23640,109.78429770069525
23641,157.43378935490483
23642,110.54075332341858
23643,142.93287039538757
23644,-0.0
23645,-0.0
23646,-0.0
23647,-0.0
23648,-0.0
23649,-0.0
23650,-0.0
23651,-0.0
23652,-0.0
23653,-0.0
23654,-0.0
23655,-0.0
23656,-0.0
23657,-0.0
23658,-0.0
23659,-0.0
23660,-0.0
23661,-0.0
23662,-0.0
23663,-0.0
23664,-0.0
23665,-0.0
23666,-0.0
23667,-0.0
23668,-0.0
23669,-0.0
23670,-0.0
23671,-0.0
23672,-0.0
23673,-0.0
23674,-0.0
23675,-0.0
23676,-0.0
23677,-0.0
23678,-0.0
23679,-0.0
23680,-0.0
23681,-0.0
23682,-0.0
23683,-0.0
23684,-0.0
23685,-0.0
23686,-0.0
23687,-0.0
23688,38.289697658743194
23689,-0.0
23690,-0.0
23691,-0.0
23692,-0.0
23693,-0.0
23694,-0.0
23695,-0.0
23696,-0.0
23697,-0.0
23698,-0.0
23699,-0.0
23700,-0.0
23701,-0.0
23702,-0.0
23703,-0.0
23704,-0.0
23705,-0.0
23706,-0.0
23707,-0.0
23708,-0.0
23709,-0.0
23710,-0.0
23711,-0.0
23712,-0.0
23713,-0.0
23714,33.415922111944155
23715,306.635585133211
23716,125.16223974413367
23717,369.64921924179555
23718,302.82904603948987
23719,338.70313976431066
23720,267.71138325543427
23721,326.20340635067487
23722,317.0694222151626
23723,422.11660704689
23724,211.6645800393115
23725,367.77300703266076
23726,318.2647260235463
23727,319.2895702885236
23728,269.2589756223584
23729,340.58592203344256
23730,340.09616295976423
23731,351.1375973903037
23732,361.1664731861643
23733,355.96493516778037
23734,370.7425230728571
23735,349.6076347573032
23736,101.82286927161985
23737,104.29106508342394
23738,128.4972192644734
23739,123.93489040222437
23740,-0.0
23741,-0.0
23742,-0.0
23743,-0.0
23744,-0.0
23745,-0.0
23746,-0.0
23747,-0.0
23748,-0.0
23749,-0.0
23750,-0.0
23751,-0.0
23752,-0.0
23753,-0.0
23754,-0.0
23755,-0.0
23756,-0.0
23757,-0.0
23758,-0.0
23759,-0.0
23760,-0.0
23761,-0.0
23762,-0.0
23763,-0.0
23764,-0.0
23765,-0.0
23766,-0.0
23767,-0.0
23768,-0.0
23769,-0.0
23770,-0.0
23771,-0.0
23772,-0.0
23773,-0.0
23774,-0.0
23775,-0.0
23776,-0.0
23777,-0.0
23778,-0.0
23779,-0.0
23780,-0.0
23781,-0.0
23782,-0.0
23783,-0.0
23784,170.64581545688907
23785,-0.0
23786,-0.0
23787,-0.0
23788,7.6262367941801585
23789,-0.0
23790,-0.0
23791,-0.0
23792,-0.0
23793,-0.0
23794,-0.0
23795,-0.0
23796,-0.0
23797,-0.0
23798,-0.0
23799,24.668981702324118
23800,-0.0
23801,-0.0
23802,-0.0
23803,-0.0
23804,-0.0
23805,-0.0
23806,-0.0
23807,266.47412393723505
23808,-0.0
23809,-0.0
23810,199.22664731671824
23811,668.7485559816866
23812,341.6305493475441
23813,356.47126182020037
23814,306.06811173755824
23815,329.62151794325314
23816,8.983843289226627
23817,338.23002022011076
23818,325.4009494986628
23819,399.76438192593247
23820,133.56008447877537
23821,291.7700044618474
23822,344.0987204773901
23823,376.1045343161609
23824,354.9251455616712
23825,374.03293619897704
23826,359.84540614657135
23827,417.0838611606617
23828,401.5954125645877
23829,363.40334039539084
23830,118.91934480645983
23831,220.75682563992925
23832,339.94369465751237
23833,111.91046024390725
23834,169.53644279270205
23835,204.7871749239368
23836,-0.0
23837,-0.0
23838,-0.0
23839,-0.0
23840,-0.0
23841,-0.0
23842,-0.0
23843,-0.0
23844,-0.0
23845,-0.0
23846,-0.0
23847,-0.0
23848,-0.0
23849,-0.0
23850,-0.0
23851,-0.0
23852,-0.0
23853,-0.0
23854,-0.0
23855,-0.0
23856,-0.0
23857,-0.0
23858,-0.0
23859,-0.0
23860,-0.0
23861,-0.0
23862,-0.0
23863,-0.0
23864,-0.0
23865,-0.0
23866,-0.0
23867,-0.0
23868,-0.0
23869,-0.0
23870,-0.0
23871,-0.0
23872,-0.0
23873,-0.0
23874,-0.0
23875,-0.0
23876,-0.0
23877,-0.0
23878,-0.0
23879,-0.0
23880,86.00644969976076
23881,-0.0
23882,-0.0
23883,-0.0
23884,-0.0
23885,-0.0
23886,-0.0
23887,-0.0
23888,-0.0
23889,-0.0
23890,-0.0
23891,-0.0
23892,-0.0
23893,-0.0
23894,74.32206192936701
23895,402.53437379927425
23896,-0.0
23897,-0.0
23898,-0.0
23899,-0.0
23900,-0.0
23901,-0.0
23902,-0.0
23903,203.26573010792202
23904,162.10763809007472
23905,235.7434927856192
23906,359.1447217066789
23907,316.9138360621513
23908,230.92844063844092
23909,324.5466635049243
23910,278.99012785325027
23911,336.2381368360686
23912,287.4975575116145
23913,334.67927372524935
23914,333.8736733535914
23915,331.8705192256541
23916,281.9752685365218
23917,275.3992820874119
23918,216.89284472863034
23919,319.21200677544505
23920,290.0704779523282
23921,372.85202197217615
23922,377.08214438549453
23923,411.21245182863254
23924,423.9693278225852
23925,415.00319288356206
23926,348.7660483470761
23927,411.14076559190767
23928,416.06138382297786
23929,307.80717938578414
23930,266.06704511451755
23931,355.3620717537196
23932,292.6527709847387
23933,144.98818995531997
23934,167.05221870294116
23935,241.26323317880352
23936,68.7291094770728
23937,71.78588703315299
23938,101.60671061986413
23939,71.76538033728457
23940,-0.0
23941,-0.0
23942,-0.0
23943,-0.0
23944,-0.0
23945,-0.0
23946,-0.0
23947,-0.0
23948,-0.0
23949,-0.0
23950,-0.0
23951,-0.0
23952,-0.0
23953,-0.0
23954,-0.0
23955,-0.0
23956,-0.0
23957,-0.0
23958,-0.0
23959,-0.0
23960,-0.0
23961,-0.0
23962,-0.0
23963,-0.0
23964,-0.0
23965,-0.0
23966,-0.0
23967,-0.0
23968,-0.0
23969,-0.0
23970,-0.0
23971,-0.0
23972,-0.0
23973,-0.0
23974,-0.0
23975,-0.0
23976,-0.0
23977,-0.0
23978,-0.0
23979,-0.0
23980,-0.0
23981,-0.0
23982,-0.0
23983,-0.0
23984,-0.0
23985,-0.0
23986,-0.0
23987,-0.0
23988,-0.0
23989,-0.0
23990,5.336603068073714
23991,38.10424131515106
23992,-0.0
23993,-0.0
23994,-0.0
23995,-0.0
23996,-0.0
23997,-0.0
23998,312.40791421389656
23999,529.4732333358063
24000,243.3009819812512
24001,369.7851819565975
24002,361.3183600599807
24003,384.236190992528
24004,73.15154092859183
24005,289.96843771621025
24006,313.92601098608804
24007,344.94446948394125
24008,239.2883620041269
24009,290.5634299095686
24010,208.20631981184002
24011,353.1054878601188
24012,274.73214453047456
24013,331.4027684670375
24014,305.2138257438198
24015,349.4943258724277
24016,395.01929924031197
24017,347.1222930203878
24018,384.47231755736595
24019,395.4934604480108
24020,450.2074399766957
24021,423.52772119825886
24022,443.3572369728943
24023,498.1081475709523
24024,18.363757270834498
24025,216.9051657817819
24026,84.57521679988439
24027,217.97424513696473
24028,-0.0
24029,-0.0
24030,-0.0
24031,-0.0
24032,-0.0
24033,-0.0
24034,-0.0
24035,-0.0
24036,-0.0
24037,-0.0
24038,-0.0
24039,-0.0
24040,-0.0
24041,-0.0
24042,-0.0
24043,-0.0
24044,-0.0
24045,-0.0
24046,-0.0
24047,-0.0
24048,-0.0
24049,-0.0
24050,-0.0
24051,-0.0
24052,-0.0
24053,-0.0
24054,-0.0
24055,-0.0
24056,-0.0
24057,-0.0
24058,-0.0
24059,-0.0
24060,-0.0
24061,-0.0
24062,-0.0
24063,-0.0
24064,-0.0
24065,-0.0
24066,-0.0
24067,-0.0
24068,63.55320774224242
24069,-0.0
24070,-0.0
24071,-0.0
24072,4.682696172238707
24073,-0.0
24074,-0.0
24075,-0.0
24076,-0.0
24077,-0.0
24078,-0.0
24079,-0.0
24080,-0.0
24081,-0.0
24082,-0.0
24083,-0.0
24084,-0.0
24085,-0.0
24086,-0.0
24087,24.008205230552676
24088,-0.0
24089,-0.0
24090,-0.0
24091,-0.0
24092,-0.0
24093,-0.0
24094,-0.0
24095,340.05459326761354
24096,-0.0
24097,408.416151675371
24098,226.86933562321553
24099,363.3444654386461
24100,154.64800394741596
24101,275.6933063731857
24102,301.4407165179514
24103,330.09466216941115
24104,241.8084116396154
24105,325.8484087173847
24106,315.5597285352361
24107,343.385606373122
24108,225.19232591952846
24109,308.8655954932583
24110,290.4736280349703
24111,327.9471926323577
24112,328.2449429744221
24113,421.34404506741674
24114,389.35951506812324
24115,383.9089123297555
24116,446.0906038614322
24117,391.58237221623403
24118,344.2707301750658
24119,427.0982754242026
24120,220.6693854096954
24121,171.60856361930294
24122,197.6739662821114
24123,247.39402879184135
24124,-0.0
24125,-0.0
24126,-0.0
24127,-0.0
24128,-0.0
24129,-0.0
24130,-0.0
24131,-0.0
24132,-0.0
24133,-0.0
24134,-0.0
24135,-0.0
24136,-0.0
24137,-0.0
24138,-0.0
24139,-0.0
24140,-0.0
24141,-0.0
24142,-0.0
24143,-0.0
24144,-0.0
24145,-0.0
24146,-0.0
24147,-0.0
24148,-0.0
24149,-0.0
24150,-0.0
24151,-0.0
24152,-0.0
24153,-0.0
24154,-0.0
24155,-0.0
24156,-0.0
24157,-0.0
24158,-0.0
24159,-0.0
24160,-0.0
24161,-0.0
24162,-0.0
24163,-0.0
24164,-0.0
24165,-0.0
24166,-0.0
24167,-0.0
24168,-0.0
24169,-0.0
24170,-0.0
24171,-0.0
24172,185.8804165494157
24173,-0.0
24174,-0.0
24175,-0.0
24176,-0.0
24177,95.06502550359966
24178,429.704450241915
24179,475.22308720659146
24180,160.80956956998864
24181,393.4000453186211
24182,490.2397020541118
24183,646.942612750049
24184,55.47322074730039
24185,362.271493406275
24186,409.82530590953263
24187,390.6340991647526
24188,62.15023045098741
24189,382.84836996175994
24190,414.2709461598798
24191,411.22538998377854
24192,134.94892249108426
24193,293.95000390031515
24194,349.5263719650297
24195,334.96795390739794
24196,35.36680402518181
24197,305.0149227543113
24198,241.47107051734446
24199,306.80473494724106
24200,34.01857377462028
24201,324.3649085356647
24202,284.70645952303846
24203,344.3531786649154
24204,236.35289924251848
24205,297.9711855465848
24206,321.7352492944956
24207,284.85665220850836
24208,261.62443140441826
24209,392.45963414265873
24210,380.8755945151739
24211,393.00545690512433
24212,546.7124646646652
24213,477.869169992425
24214,340.50129764157174
24215,431.0744728227242
24216,393.6897448550317
24217,318.52390493966607
24218,271.01606898373916
24219,309.8373800228757
24220,401.90405050734864
24221,306.70715679896364
24222,337.64214982542643
24223,302.97513914365487
24224,-0.0
24225,-0.0
24226,-0.0
24227,-0.0
24228,-0.0
24229,-0.0
24230,-0.0
24231,-0.0
24232,-0.0
24233,-0.0
24234,-0.0
24235,-0.0
24236,-0.0
24237,-0.0
24238,-0.0
24239,-0.0
24240,-0.0
24241,-0.0
24242,-0.0
24243,-0.0
24244,-0.0
24245,-0.0
24246,-0.0
24247,-0.0
24248,-0.0
24249,-0.0
24250,-0.0
24251,-0.0
24252,-0.0
24253,-0.0
24254,-0.0
24255,-0.0
24256,-0.0
24257,-0.0
24258,-0.0
24259,-0.0
24260,44.582355974940015
24261,-0.0
24262,-0.0
24263,-0.0
24264,530.7110450937741
24265,346.0632267607872
24266,388.0225555614569
24267,343.5084219579469
24268,469.1527748850539
24269,340.0646006759745
24270,264.77471220942914
24271,333.7971021400955
24272,407.5078359559269
24273,417.32874069750085
24274,404.4275246124738
24275,387.45324837553466
24276,-0.0
24277,362.3436634518122
24278,460.27177282867194
24279,569.9575989419432
24280,131.8023430604058
24281,381.6300161748156
24282,336.28142899060765
24283,346.23225955971486
24284,155.90106353779586
24285,397.3020633904821
24286,395.5672979047988
24287,551.0374652322088
24288,84.1587286825499
24289,349.84929882375974
24290,319.670712056104
24291,331.07935779949526
24292,52.00001308355945
24293,357.744637632433
24294,329.01530436991595
24295,358.53531524977967
24296,89.8515759288814
24297,328.76406374791077
24298,300.1619472381773
24299,385.8559780869474
24300,252.10565349090936
24301,327.9530699087114
24302,341.4861845745117
24303,252.4723563129907
24304,135.62193732437532
24305,368.3946518510797
24306,403.0744093851413
24307,399.68515100160306
24308,366.4412003267637
24309,386.2156447121946
24310,392.3532174205402
24311,345.5558605400059
24312,387.3891400215264
24313,214.48821644245572
24314,198.07318493194038
24315,245.68182083647625
24316,-0.0
24317,-0.0
24318,-0.0
24319,-0.0
24320,-0.0
24321,-0.0
24322,-0.0
24323,-0.0
24324,-0.0
24325,-0.0
24326,-0.0
24327,-0.0
24328,-0.0
24329,-0.0
24330,-0.0
24331,-0.0
24332,-0.0
24333,-0.0
24334,-0.0
24335,-0.0
24336,-0.0
24337,-0.0
24338,-0.0
24339,-0.0
24340,-0.0
24341,-0.0
24342,-0.0
24343,-0.0
24344,-0.0
24345,-0.0
24346,-0.0
24347,-0.0
24348,-0.0
24349,-0.0
24350,-0.0
24351,-0.0
24352,-0.0
24353,-0.0
24354,-0.0
24355,-0.0
24356,-0.0
24357,-0.0
24358,-0.0
24359,-0.0
24360,163.20966573768703
24361,-0.0
24362,-0.0
24363,-0.0
24364,20.735401346673257
24365,-0.0
24366,-0.0
24367,-0.0
24368,-0.0
24369,-0.0
24370,-0.0
24371,-0.0
24372,-0.0
24373,-0.0
24374,-0.0
24375,-0.0
24376,-0.0
24377,-0.0
24378,-0.0
24379,-0.0
24380,-0.0
24381,-0.0
24382,-0.0
24383,170.3585872456867
24384,131.36612990362082
24385,328.78531866777087
24386,415.8411928925029
24387,488.68303952727194
24388,195.10622541926267
24389,371.40767812576667
24390,241.5892171102123
24391,334.89259097829876
24392,197.3349104798109
24393,352.8581882070642
24394,319.0126199771243
24395,333.9832582773139
24396,292.2318779441103
24397,413.97322049977356
24398,282.15702350578147
24399,358.3594128749156
24400,378.2177571766329
24401,301.141274082678
24402,387.64995078106375
24403,332.266608429504
24404,367.5146808499052
24405,340.21701862738183
24406,339.71180362666365
24407,393.359921365686
24408,279.75094113048885
24409,259.36443057732515
24410,279.24089041508415
24411,301.1684169526173
24412,237.69021639535487
24413,221.16659226069973
24414,182.2613813052767
24415,141.12477621455565
24416,-0.0
24417,-0.0
24418,-0.0
24419,-0.0
24420,-0.0
24421,-0.0
24422,-0.0
24423,-0.0
24424,-0.0
24425,-0.0
24426,-0.0
24427,-0.0
24428,-0.0
24429,-0.0
24430,-0.0
24431,-0.0
24432,-0.0
24433,-0.0
24434,-0.0
24435,-0.0
24436,-0.0
24437,-0.0
24438,-0.0
24439,-0.0
24440,-0.0
24441,-0.0
24442,-0.0
24443,-0.0
24444,-0.0
24445,-0.0
24446,-0.0
24447,-0.0
24448,-0.0
24449,-0.0
24450,-0.0
24451,-0.0
24452,-0.0
24453,-0.0
24454,-0.0
24455,-0.0
24456,-0.0
24457,-0.0
24458,-0.0
24459,-0.0
24460,-0.0
24461,-0.0
24462,-0.0
24463,-0.0
24464,-0.0
24465,-0.0
24466,-0.0
24467,-0.0
24468,-0.0
24469,-0.0
24470,-0.0
24471,-0.0
24472,-0.0
24473,-0.0
24474,-0.0
24475,-0.0
24476,-0.0
24477,-0.0
24478,-0.0
24479,337.2263943768137
24480,-0.0
24481,-0.0
24482,-0.0
24483,444.5740247394632
24484,170.0489534460787
24485,347.4676873210337
24486,337.98731658529283
24487,381.73965046245434
24488,200.40931986495218
24489,404.91728368615213
24490,297.18438217063124
24491,417.83562310946985
24492,326.2643056523169
24493,332.0838611606617
24494,316.96888276939774
24495,340.0486856220805
24496,366.73208109289163
24497,371.980612640147
24498,433.00223933960416
24499,415.2480477384431
24500,511.603363549755
24501,376.7876116089504
24502,274.8901990914635
24503,366.69292475758107
24504,424.69777687977313
24505,414.69208248752835
24506,354.7486299851279
24507,338.33461545615336
24508,171.13429133789134
24509,82.43628496254175
24510,84.06460904414836
24511,131.6826615641122
24512,-0.0
24513,-0.0
24514,-0.0
24515,-0.0
24516,-0.0
24517,-0.0
24518,-0.0
24519,-0.0
24520,-0.0
24521,-0.0
24522,-0.0
24523,-0.0
24524,-0.0
24525,-0.0
24526,-0.0
24527,-0.0
24528,-0.0
24529,-0.0
24530,-0.0
24531,-0.0
24532,-0.0
24533,-0.0
24534,-0.0
24535,-0.0
24536,-0.0
24537,-0.0
24538,-0.0
24539,-0.0
24540,-0.0
24541,-0.0
24542,-0.0
24543,-0.0
24544,-0.0
24545,-0.0
24546,-0.0
24547,-0.0
24548,-0.0
24549,-0.0
24550,-0.0
24551,-0.0
24552,9.6506747615947
24553,-0.0
24554,-0.0
24555,-0.0
24556,-0.0
24557,-0.0
24558,-0.0
24559,-0.0
24560,-0.0
24561,-0.0
24562,-0.0
24563,-0.0
24564,-0.0
24565,-0.0
24566,78.43572984302648
24567,144.85146114716804
24568,-0.0
24569,-0.0
24570,-0.0
24571,-0.0
24572,-0.0
24573,27.334406641941655
24574,300.7334303261208
24575,518.4863371217428
24576,86.78570353092738
24577,332.9905094688549
24578,326.93681199483757
24579,420.79188590174334
24580,170.06339239157776
24581,330.1673160237606
24582,345.8687249392375
24583,329.1740834064893
24584,-0.0
24585,350.3341482387089
24586,335.040099270977
24587,324.65627311060496
24588,288.59183806542103
24589,318.5191842110716
24590,309.99143833085463
24591,348.1925559780092
24592,323.63196201835615
24593,362.69643581916483
24594,377.0329996365599
24595,390.54042929492414
24596,521.943897555588
24597,464.474034332533
24598,339.5919649405869
24599,490.5271739518637
24600,249.37812692827794
24601,242.0713945458388
24602,295.60990267918055
24603,293.9120682628703
24604,250.7322776154611
24605,-0.0
24606,-0.0
24607,-0.0
24608,-0.0
24609,-0.0
24610,-0.0
24611,-0.0
24612,-0.0
24613,-0.0
24614,-0.0
24615,-0.0
24616,-0.0
24617,-0.0
24618,-0.0
24619,-0.0
24620,-0.0
24621,-0.0
24622,-0.0
24623,-0.0
24624,-0.0
24625,-0.0
24626,-0.0
24627,-0.0
24628,-0.0
24629,-0.0
24630,-0.0
24631,-0.0
24632,-0.0
24633,-0.0
24634,-0.0
24635,-0.0
24636,-0.0
24637,-0.0
24638,-0.0
24639,-0.0
24640,-0.0
24641,-0.0
24642,-0.0
24643,-0.0
24644,-0.0
24645,-0.0
24646,-0.0
24647,-0.0
24648,88.20628155126906
24649,-0.0
24650,182.38660114848153
24651,172.8366919301949
24652,318.0154700007065
24653,30.890593790627577
24654,126.42584560282427
24655,180.99454210476844
24656,386.54442416532015
24657,438.17714941488555
24658,435.0824238078915
24659,620.1709408769507
24660,-0.0
24661,398.5844846806724
24662,492.4940721220961
24663,514.0984526533919
24664,-0.0
24665,422.8243523655747
24666,347.7333668885379
24667,312.56385028079796
24668,79.79701303044726
24669,407.08555325387067
24670,401.72201863339325
24671,796.5927407603019
24672,237.34296365818585
24673,275.93061654046215
24674,285.9156937861508
24675,487.4737805822014
24676,270.68525319481074
24677,405.6074218577339
24678,295.65589149500033
24679,339.8840293091534
24680,115.19479432750612
24681,295.6414772314594
24682,316.24718231402625
24683,407.5185735270935
24684,198.48692213365555
24685,206.03584966014216
24686,299.67438874847835
24687,277.87920776996526
24688,399.4654479814295
24689,409.41947143409885
24690,405.8259165935107
24691,475.1807873516351
24692,432.1361987931583
24693,430.56608962040207
24694,345.40024970503646
24695,376.5833398338586
24696,648.1276958462104
24697,538.4594768800421
24698,273.2104886812005
24699,372.78138576712405
24700,304.4191026545269
24701,224.481502746522
24702,165.51856069106088
24703,226.6262632088257
24704,314.39033993774916
24705,162.53401899082195
24706,180.12355427905595
24707,163.41766668437074
24708,38.93132818001392
24709,74.50230277718705
24710,113.41070661617213
24711,114.32272370994866
24712,190.7736825368357
24713,384.2915819423683
24714,297.9502212677432
24715,336.06743899861124
24716,-0.0
24717,42.60105378700798
24718,78.41693260297839
24719,64.04075332341858
24720,220.142001746054
24721,317.2677036348179
24722,274.8897935064243
24723,356.44713114493237
24724,181.55752543355555
24725,256.2930788324062
24726,104.84409315126584
24727,363.99021444519735
24728,146.76623713223088
24729,129.49425991714358
24730,150.03367223052695
24731,222.43997644110635
24732,81.85245028901582
24733,76.86688923451487
24734,48.33965184506829
24735,68.72299419662806
24736,337.20998090295376
24737,292.7129459557763
24738,254.55291987918147
24739,275.4067220641076
24740,520.6777464477606
24741,344.116491450106
24742,407.4497355087733
24743,404.0026966612807
24744,800.0
24745,601.3757986540625
24746,290.71780777818316
24747,298.2522963591707
24748,412.83441482507317
24749,332.6225736804187
24750,383.1096483613054
24751,418.6657248861253
24752,356.2963764268771
24753,475.2893799757749
24754,454.49014068928295
24755,638.0427705802092
24756,124.63775018506166
24757,496.63661792675373
24758,544.1209447772659
24759,800.0
24760,9.786759268092965
24761,369.25162223760975
24762,340.1267329439713
24763,322.9648244614188
24764,-0.0
24765,291.9143198709636
24766,393.9565809702952
24767,450.9961576768351
24768,53.46958281055083
24769,276.29686023568934
24770,303.78217938578416
24771,347.65534424860516
24772,230.3104725123963
24773,343.83035651709423
24774,296.37708345960147
24775,356.0703123215376
24776,-0.0
24777,291.73256490170394
24778,309.52954016663364
24779,329.60707899775406
24780,165.56004572315058
24781,329.9129072001515
24782,321.98600610768847
24783,336.7893037021594
24784,305.0410915705597
24785,341.42947045601437
24786,417.2543700679843
24787,395.59499219335834
24788,524.9028447406531
24789,447.8493622613426
24790,376.64058712508444
24791,498.1744650220939
24792,291.5667565088763
24793,199.82493014440075
24794,125.15252599508779
24795,66.8369137654816
24796,143.08631786769385
24797,6.642725654094889
24798,80.15453179845974
24799,140.45982682812866
24800,168.97735256543035
24801,74.60489082724372
24802,42.830026070583415
24803,90.07862525065896
24804,-0.0
24805,-0.0
24806,-0.0
24807,-0.0
24808,-0.0
24809,-0.0
24810,-0.0
24811,-0.0
24812,-0.0
24813,-0.0
24814,-0.0
24815,-0.0
24816,-0.0
24817,-0.0
24818,-0.0
24819,-0.0
24820,-0.0
24821,-0.0
24822,-0.0
24823,-0.0
24824,-0.0
24825,-0.0
24826,-0.0
24827,-0.0
24828,-0.0
24829,-0.0
24830,-0.0
24831,-0.0
24832,-0.0
24833,-0.0
24834,-0.0
24835,-0.0
24836,16.894957382222458
24837,324.1982936881444
24838,295.8014165711272
24839,386.4115475036109
24840,717.2195630614483
24841,369.1745918972597
24842,336.4903697576564
24843,410.4351961752442
24844,508.7187869942064
24845,282.17562295246717
24846,290.6974915563304
24847,347.6937761083313
24848,383.8966492862777
24849,413.2840746277745
24850,410.5673225867569
24851,422.06842991557994
24852,-0.0
24853,414.51314130392734
24854,448.230720013737
24855,493.22972771415436
24856,144.38280818872403
24857,272.90489277740136
24858,264.3225839987502
24859,343.53848345138357
24860,108.37881331832799
24861,365.6886620631868
24862,368.06753980920496
24863,385.0936698698285
24864,-0.0
24865,411.7530724264126
24866,539.3053841393171
24867,525.3189576603993
24868,132.97687152008257
24869,351.6214791876283
24870,298.25082025077575
24871,346.37340676722715
24872,243.45385905951272
24873,304.7690509178895
24874,329.95619935469057
24875,397.7463050436839
24876,130.99084073043605
24877,290.40145798943314
24878,314.2724469502329
24879,315.0518538236844
24880,351.6770097036871
24881,312.12277682920006
24882,304.55723445519317
24883,372.8638012068417
24884,429.59266473421314
24885,404.0649822915791
24886,251.1261353435527
24887,465.4582214718467
24888,488.58297357198785
24889,373.0450373669994
24890,253.9862248577304
24891,387.86913499213534
24892,507.6759235790706
24893,306.97263126752887
24894,304.63165220850834
24895,325.36459872581685
24896,348.8947935124357
24897,242.5174940680202
24898,259.505700759688
24899,368.87585321142797
24900,295.1213168896093
24901,325.5276598558135
24902,303.2759494986628
24903,355.0652532008221
24904,229.13832700383733
24905,310.1355358011169
24906,318.8364635414672
24907,310.6238217197523
24908,-0.0
24909,-0.0
24910,-0.0
24911,-0.0
24912,-0.0
24913,-0.0
24914,-0.0
24915,-0.0
24916,-0.0
24917,-0.0
24918,-0.0
24919,-0.0
24920,-0.0
24921,-0.0
24922,-0.0
24923,-0.0
24924,-0.0
24925,-0.0
24926,-0.0
24927,-0.0
24928,-0.0
24929,-0.0
24930,-0.0
24931,-0.0
24932,-0.0
24933,-0.0
24934,172.5606238395691
24935,397.0802969798265
24936,611.6730405053564
24937,344.33973201899903
24938,311.5715852811512
24939,390.06041549282975
24940,443.30707524241893
24941,336.1899350228004
24942,366.8218582855318
24943,386.0852350758489
24944,348.7356943476831
24945,492.08456095428795
24946,473.5920540502351
24947,656.2118668167197
24948,121.40724615613863
24949,357.44151850478534
24950,445.61818411085864
24951,531.5314094890318
24952,212.46430313461576
24953,361.18845891440543
24954,341.09328825422386
24955,350.9548501214614
24956,171.99435179201976
24957,307.5029262971978
24958,331.5380630801542
24959,800.0
24960,-0.0
24961,265.9937411080417
24962,371.4392157275983
24963,385.2610105755472
24964,213.72592439414103
24965,199.05789673082867
24966,246.27434342985723
24967,280.5489909640695
24968,-0.0
24969,267.66806641893714
24970,303.79613452247094
24971,316.0622344612045
24972,227.1029690981177
24973,325.7329465173085
24974,314.59266473421314
24975,317.4681958118041
24976,312.6360203263351
24977,358.87955062994513
24978,349.9801922689176
24979,358.17545732167656
24980,321.8832660779442
24981,383.8276721243026
24982,387.4681958118041
24983,305.95095744427306
24984,192.1111536195172
24985,214.7953757591205
24986,186.31779160937893
24987,205.29517261033914
24988,-0.0
24989,-0.0
24990,-0.0
24991,-0.0
24992,-0.0
24993,-0.0
24994,-0.0
24995,-0.0
24996,-0.0
24997,-0.0
24998,-0.0
24999,-0.0
25000,-0.0
25001,-0.0
25002,-0.0
25003,-0.0
25004,-0.0
25005,-0.0
25006,-0.0
25007,-0.0
25008,-0.0
25009,-0.0
25010,-0.0
25011,-0.0
25012,-0.0
25013,-0.0
25014,-0.0
25015,-0.0
25016,-0.0
25017,-0.0
25018,-0.0
25019,-0.0
25020,-0.0
25021,-0.0
25022,-0.0
25023,-0.0
25024,-0.0
25025,-0.0
25026,-0.0
25027,-0.0
25028,-0.0
25029,-0.0
25030,-0.0
25031,-0.0
25032,-0.0
25033,-0.0
25034,-0.0
25035,-0.0
25036,15.539182749956467
25037,-0.0
25038,-0.0
25039,-0.0
25040,-0.0
25041,-0.0
25042,-0.0
25043,-0.0
25044,-0.0
25045,-0.0
25046,-0.0
25047,-0.0
25048,-0.0
25049,-0.0
25050,-0.0
25051,-0.0
25052,-0.0
25053,-0.0
25054,-0.0
25055,-0.0
25056,-0.0
25057,35.247119093958304
25058,348.1225865164514
25059,356.64447980227277
25060,212.84815397694592
25061,316.450501775729
25062,356.4846177665975
25063,361.04092593976907
25064,211.13638910590703
25065,307.85918309509833
25066,310.70396380222377
25067,366.15055592178464
25068,263.97888179131326
25069,336.9160119641725
25070,352.69544351958217
25071,302.3874640971216
25072,312.00361325479145
25073,340.3987735966415
25074,377.381611502726
25075,354.06178940801703
25076,335.7398160932449
25077,383.6603314185839
25078,372.98511600131343
25079,375.3089717220432
25080,192.27381841987403
25081,172.56377509346237
25082,203.09687016925074
25083,185.15460165405895
25084,-0.0
25085,-0.0
25086,-0.0
25087,-0.0
25088,-0.0
25089,-0.0
25090,-0.0
25091,-0.0
25092,-0.0
25093,-0.0
25094,-0.0
25095,-0.0
25096,-0.0
25097,-0.0
25098,-0.0
25099,-0.0
25100,-0.0
25101,-0.0
25102,-0.0
25103,-0.0
25104,-0.0
25105,-0.0
25106,-0.0
25107,-0.0
25108,-0.0
25109,-0.0
25110,-0.0
25111,-0.0
25112,-0.0
25113,-0.0
25114,-0.0
25115,-0.0
25116,-0.0
25117,-0.0
25118,-0.0
25119,-0.0
25120,-0.0
25121,-0.0
25122,-0.0
25123,-0.0
25124,-0.0
25125,-0.0
25126,-0.0
25127,-0.0
25128,-0.0
25129,-0.0
25130,-0.0
25131,-0.0
25132,14.53419557997779
25133,-0.0
25134,-0.0
25135,-0.0
25136,-0.0
25137,-0.0
25138,-0.0
25139,1.1016203599423307
25140,-0.0
25141,-0.0
25142,-0.0
25143,451.88533097770926
25144,87.53040460094329
25145,308.8971577770481
25146,289.9309981560668
25147,483.51447426826286
25148,171.84464291536216
25149,322.2215468741867
25150,321.12517212484573
25151,558.7255122889417
25152,118.22542774929605
25153,355.3266110362989
25154,368.3011732841071
25155,386.98184560650185
25156,200.29654205766766
25157,351.97376774616873
25158,342.0287897714571
25159,357.9868327764805
25160,168.0282415349547
25161,319.2724350774318
25162,330.82809249553196
25163,322.5804898102764
25164,303.7126937330387
25165,321.54123128175814
25166,319.3243007739173
25167,338.550238004091
25168,347.4740484061997
25169,374.13983672990787
25170,411.7988576708874
25171,431.2408212288602
25172,461.53755458938383
25173,441.72032654018426
25174,337.60864322569006
25175,410.06092398360016
25176,568.894629190399
25177,440.87511070636157
25178,423.9382493476078
25179,472.1105384676804
25180,-0.0
25181,-0.0
25182,-0.0
25183,-0.0
25184,-0.0
25185,-0.0
25186,-0.0
25187,-0.0
25188,-0.0
25189,-0.0
25190,-0.0
25191,-0.0
25192,-0.0
25193,-0.0
25194,-0.0
25195,-0.0
25196,-0.0
25197,-0.0
25198,-0.0
25199,-0.0
25200,-0.0
25201,-0.0
25202,-0.0
25203,-0.0
25204,-0.0
25205,-0.0
25206,-0.0
25207,-0.0
25208,-0.0
25209,-0.0
25210,-0.0
25211,-0.0
25212,-0.0
25213,-0.0
25214,-0.0
25215,-0.0
25216,-0.0
25217,-0.0
25218,-0.0
25219,-0.0
25220,-0.0
25221,-0.0
25222,-0.0
25223,-0.0
25224,147.17947736908445
25225,-0.0
25226,-0.0
25227,-0.0
25228,60.14309354610657
25229,-0.0
25230,202.90692272047127
25231,402.8402921014269
25232,332.72531371016294
25233,467.7372842476844
25234,500.3258272363357
25235,761.7786809127062
25236,7.28700117249906
25237,326.0306721774148
25238,443.32320628112694
25239,608.2967202769642
25240,-0.0
25241,376.69314074239514
25242,374.66701068177156
25243,365.0450089297061
25244,72.45871836421844
25245,398.1419104387215
25246,354.7568125563698
25247,790.1001704186662
25248,135.01202237670566
25249,283.93237207125406
25250,174.0268429378093
25251,289.7348042413081
25252,-0.0
25253,339.0843062138492
25254,270.80023158607463
25255,308.74425601682844
25256,172.01466801387252
25257,343.26424221473405
25258,321.9079587857976
25259,321.4893774580737
25260,288.219257966986
25261,309.0703510771624
25262,301.3455211758117
25263,330.9232631557135
25264,320.07855581266125
25265,332.21156172225756
25266,367.8616006228623
25267,368.81103259482416
25268,335.85039331655
25269,387.3852635131422
25270,343.3790046211839
25271,440.10910111491023
25272,167.969985775342
25273,184.23059005332647
25274,184.9965749628197
25275,285.2751926854699
25276,-0.0
25277,-0.0
25278,-0.0
25279,-0.0
25280,-0.0
25281,-0.0
25282,-0.0
25283,-0.0
25284,-0.0
25285,-0.0
25286,-0.0
25287,-0.0
25288,-0.0
25289,-0.0
25290,-0.0
25291,-0.0
25292,-0.0
25293,-0.0
25294,-0.0
25295,-0.0
25296,-0.0
25297,-0.0
25298,-0.0
25299,-0.0
25300,-0.0
25301,-0.0
25302,-0.0
25303,-0.0
25304,-0.0
25305,-0.0
25306,-0.0
25307,-0.0
25308,-0.0
25309,-0.0
25310,-0.0
25311,-0.0
25312,-0.0
25313,-0.0
25314,-0.0
25315,-0.0
25316,-0.0
25317,-0.0
25318,-0.0
25319,-0.0
25320,109.70639658050936
25321,-0.0
25322,-0.0
25323,-0.0
25324,163.07976459211181
25325,-0.0
25326,-0.0
25327,-0.0
25328,-0.0
25329,-0.0
25330,-0.0
25331,-0.0
25332,-0.0
25333,-0.0
25334,-0.0
25335,181.21630624524994
25336,-0.0
25337,-0.0
25338,-0.0
25339,-0.0
25340,-0.0
25341,302.65517807938085
25342,359.15596776861594
25343,660.9718722566516
25344,17.272078418187732
25345,265.2030881726532
25346,399.7125281022481
25347,518.8151412568266
25348,264.1493906986359
25349,305.70140891547686
25350,305.06092398360016
25351,284.73748863409975
25352,159.40261591980638
25353,307.85789924852986
25354,214.84320556259198
25355,368.01837037831217
25356,183.15226540417626
25357,332.6179046884617
25358,256.4732464193657
25359,359.50557193436464
25360,316.951759431107
25361,312.7952831717207
25362,372.5354808805702
25363,455.73243802653815
25364,544.2613921911518
25365,476.61023312569137
25366,390.3527723673527
25367,439.8700988544247
25368,245.7865469360673
25369,324.4453775642981
25370,159.23235281720503
25371,285.66201457607536
25372,94.3198038307672
25373,15.96994492457964
25374,-0.0
25375,-0.0
25376,-0.0
25377,-0.0
25378,-0.0
25379,-0.0
25380,-0.0
25381,-0.0
25382,-0.0
25383,-0.0
25384,-0.0
25385,-0.0
25386,-0.0
25387,-0.0
25388,-0.0
25389,-0.0
25390,-0.0
25391,-0.0
25392,-0.0
25393,-0.0
25394,-0.0
25395,-0.0
25396,-0.0
25397,-0.0
25398,-0.0
25399,-0.0
25400,-0.0
25401,-0.0
25402,-0.0
25403,-0.0
25404,-0.0
25405,-0.0
25406,-0.0
25407,-0.0
25408,-0.0
25409,-0.0
25410,-0.0
25411,-0.0
25412,42.189086407221566
25413,-0.0
25414,-0.0
25415,-0.0
25416,80.78943107237899
25417,-0.0
25418,-0.0
25419,-0.0
25420,65.6221150486183
25421,-0.0
25422,-0.0
25423,-0.0
25424,-0.0
25425,-0.0
25426,-0.0
25427,-0.0
25428,-0.0
25429,-0.0
25430,-0.0
25431,37.48358879631485
25432,-0.0
25433,-0.0
25434,-0.0
25435,-0.0
25436,-0.0
25437,-0.0
25438,-0.0
25439,356.06676080747224
25440,250.48905928005203
25441,503.47460725099353
25442,484.63568906475393
25443,258.77093332384715
25444,123.08108765822175
25445,372.03369943018623
25446,287.5697275571516
25447,353.4342919952025
25448,-0.0
25449,334.667519172542
25450,269.530048657404
25451,497.14398414753504
25452,196.19728840754905
25453,361.20021346711286
25454,345.88533978675775
25455,370.9083404014022
25456,312.76594615386847
25457,380.6837770864158
25458,359.77004321747216
25459,382.60985151008674
25460,436.34772175979106
25461,445.7473854628076
25462,297.9817318148955
25463,442.68419745764515
25464,378.13091269920693
25465,149.8417864737636
25466,171.75242965235284
25467,19.25248025390306
25468,-0.0
25469,-0.0
25470,-0.0
25471,-0.0
25472,-0.0
25473,-0.0
25474,-0.0
25475,-0.0
25476,-0.0
25477,-0.0
25478,-0.0
25479,-0.0
25480,-0.0
25481,-0.0
25482,-0.0
25483,-0.0
25484,-0.0
25485,-0.0
25486,-0.0
25487,-0.0
25488,-0.0
25489,-0.0
25490,-0.0
25491,-0.0
25492,-0.0
25493,-0.0
25494,-0.0
25495,-0.0
25496,-0.0
25497,-0.0
25498,-0.0
25499,-0.0
25500,-0.0
25501,-0.0
25502,-0.0
25503,-0.0
25504,-0.0
25505,-0.0
25506,-0.0
25507,-0.0
25508,149.6551172028794
25509,-0.0
25510,-0.0
25511,-0.0
25512,77.01095306092725
25513,-0.0
25514,-0.0
25515,-0.0
25516,-0.0
25517,-0.0
25518,-0.0
25519,-0.0
25520,-0.0
25521,-0.0
25522,-0.0
25523,-0.0
25524,-0.0
25525,6.892806468059348
25526,-0.0
25527,-0.0
25528,-0.0
25529,-0.0
25530,-0.0
25531,0.522608438449538
25532,60.9174870824603
25533,325.68696996997784
25534,167.55509730879666
25535,382.9139430191786
25536,311.1723278756974
25537,323.3572122909362
25538,293.06635620676633
25539,477.59780445142303
25540,181.92535096646506
25541,322.1738177522368
25542,335.27373274587916
25543,401.20507376192575
25544,215.56759041075514
25545,333.64899514657003
25546,336.5865665282359
25547,462.8436762878448
25548,285.99642550083337
25549,355.8222399011364
25550,323.5304302730086
25551,368.9511875027537
25552,312.73169947728707
25553,354.4889570868444
25554,407.5665593555477
25555,433.22951172934035
25556,503.2375895896734
25557,433.3604051744983
25558,428.34915911256127
25559,500.6715387248961
25560,382.4235931796607
25561,396.86920874804974
25562,356.18864922715414
25563,274.2992898880422
25564,4.601605103619001
25565,-0.0
25566,-0.0
25567,-0.0
25568,213.47766640468245
25569,221.5448733964017
25570,190.33623574360556
25571,195.6104769802551
25572,-0.0
25573,-0.0
25574,-0.0
25575,-0.0
25576,-0.0
25577,-0.0
25578,-0.0
25579,-0.0
25580,-0.0
25581,-0.0
25582,-0.0
25583,-0.0
25584,-0.0
25585,-0.0
25586,-0.0
25587,-0.0
25588,-0.0
25589,146.40345707961916
25590,220.9934810846737
25591,333.594962228471
25592,384.4749610993952
25593,365.64412077348874
25594,307.022221214631
25595,393.4694654386461
25596,287.8306456902791
25597,209.11086639649
25598,159.83943642779786
25599,213.81630893798769
25600,331.987156804975
25601,257.329191601161
25602,160.6017795002264
25603,219.37075290686633
25604,476.6092408261087
25605,267.8662696148193
25606,231.70666390945385
25607,251.21811312017223
25608,800.0
25609,378.57423091831805
25610,195.8812558067135
25611,304.1210212984082
25612,536.8792968796135
25613,340.84988482577967
25614,356.1177896592214
25615,321.56841707954726
25616,290.89639454583886
25617,440.5528589592997
25618,422.0336747482281
25619,451.1500270546793
25620,-0.0
25621,440.33267213031394
25622,368.6598476097716
25623,484.35286147700094
25624,200.43280428840887
25625,354.74508268562056
25626,254.02265775466458
25627,328.4812361601578
25628,223.36507416645526
25629,337.15334681340715
25630,340.513243497135
25631,450.7507696492255
25632,-0.0
25633,185.99572570720704
25634,32.91522306089803
25635,294.8935832778814
25636,50.083008819804206
25637,271.4556145903046
25638,282.4253874660773
25639,307.9589471850651
25640,-0.0
25641,242.13450669994936
25642,263.02354786103956
25643,395.7025925179155
25644,308.1727729288849
25645,340.9548254395033
25646,256.4213925956813
25647,355.73243802653815
25648,254.96674562300126
25649,334.39110203387116
25650,354.61029656327423
25651,384.47183374855365
25652,398.59403864940043
25653,407.47675748094946
25654,349.65994980297927
25655,388.051433452455
25656,295.7899980459606
25657,242.21269373303866
25658,238.0728570031308
25659,238.6348661993735
25660,-0.0
25661,-0.0
25662,-0.0
25663,-0.0
25664,-0.0
25665,-0.0
25666,-0.0
25667,-0.0
25668,-0.0
25669,-0.0
25670,-0.0
25671,-0.0
25672,-0.0
25673,-0.0
25674,-0.0
25675,-0.0
25676,-0.0
25677,-0.0
25678,-0.0
25679,-0.0
25680,-0.0
25681,-0.0
25682,-0.0
25683,-0.0
25684,-0.0
25685,-0.0
25686,-0.0
25687,-0.0
25688,-0.0
25689,-0.0
25690,-0.0
25691,-0.0
25692,-0.0
25693,-0.0
25694,-0.0
25695,-0.0
25696,-0.0
25697,-0.0
25698,-0.0
25699,-0.0
25700,-0.0
25701,-0.0
25702,-0.0
25703,-0.0
25704,-0.0
25705,-0.0
25706,-0.0
25707,-0.0
25708,-0.0
25709,-0.0
25710,-0.0
25711,-0.0
25712,-0.0
25713,-0.0
25714,-0.0
25715,74.28462236922348
25716,-0.0
25717,-0.0
25718,-0.0
25719,-0.0
25720,-0.0
25721,-0.0
25722,-0.0
25723,-0.0
25724,-0.0
25725,-0.0
25726,204.42891501177567
25727,374.3318454615219
25728,194.831959500655
25729,303.73566966572497
25730,305.4966039676566
25731,344.3467928977913
25732,-0.0
25733,287.37890242797624
25734,299.96843771621025
25735,304.330178050271
25736,172.20549314304793
25737,295.9210872536923
25738,344.82900728386505
25739,336.23494395250657
25740,191.6506249026247
25741,306.88227377836154
25742,313.0568022380383
25743,318.8105487860119
25744,275.9103250005675
25745,331.94588215475335
25746,314.7416738172445
25747,342.67662808808245
25748,375.4506274203259
25749,407.37841861916394
25750,378.58010819467177
25751,386.0220532517659
25752,287.41358446389245
25753,287.92044947828737
25754,282.42529949151634
25755,253.64998968166853
25756,-0.0
25757,-0.0
25758,-0.0
25759,-0.0
25760,-0.0
25761,-0.0
25762,-0.0
25763,-0.0
25764,-0.0
25765,-0.0
25766,-0.0
25767,-0.0
25768,-0.0
25769,-0.0
25770,-0.0
25771,-0.0
25772,-0.0
25773,-0.0
25774,-0.0
25775,-0.0
25776,-0.0
25777,-0.0
25778,-0.0
25779,-0.0
25780,-0.0
25781,-0.0
25782,-0.0
25783,-0.0
25784,-0.0
25785,-0.0
25786,-0.0
25787,-0.0
25788,-0.0
25789,-0.0
25790,-0.0
25791,-0.0
25792,-0.0
25793,-0.0
25794,-0.0
25795,-0.0
25796,-0.0
25797,-0.0
25798,-0.0
25799,-0.0
25800,33.79808086106527
25801,160.63886583543612
25802,243.5649694555464
25803,243.3858741971203
25804,375.4244586040776
25805,274.17926088921666
25806,282.7727910478467
25807,386.80103357290864
25808,266.10753589686703
25809,313.0519172612673
25810,451.62048688804566
25811,603.4447370604128
25812,18.71277025418101
25813,252.4611102510537
25814,374.4532096199099
25815,548.0816862487476
25816,59.72215859211846
25817,317.8348986338854
25818,353.2268273365487
25819,496.269406613902
25820,147.49197274121715
25821,327.7825363194307
25822,320.28011851300323
25823,466.4607155518896
25824,44.39335445703472
25825,340.4442663351599
25826,366.23446014369426
25827,339.47720253413695
25828,133.5167676422782
25829,355.20424709313363
25830,319.0992289681605
25831,414.4928250820746
25832,204.90412954619214
25833,329.29813195766894
25834,372.8280537399072
25835,444.58748725148575
25836,298.58596078906737
25837,331.77218036386864
25838,314.52954016663364
25839,346.9972521696254
25840,347.5376814645496
25841,394.73748863409975
25842,307.46430313461576
25843,410.80830944640775
25844,439.9850772456887
25845,365.35598993287283
25846,248.25379714952376
25847,419.6049030957328
25848,692.0738549056593
25849,408.08428738236375
25850,295.6095391825378
25851,375.4668911846725
25852,11.224059355728755
25853,-0.0
25854,-0.0
25855,-0.0
25856,-0.0
25857,-0.0
25858,-0.0
25859,-0.0
25860,-0.0
25861,-0.0
25862,-0.0
25863,-0.0
25864,-0.0
25865,-0.0
25866,-0.0
25867,-0.0
25868,-0.0
25869,-0.0
25870,-0.0
25871,-0.0
25872,-0.0
25873,-0.0
25874,-0.0
25875,-0.0
25876,-0.0
25877,-0.0
25878,-0.0
25879,-0.0
25880,-0.0
25881,-0.0
25882,-0.0
25883,-0.0
25884,-0.0
25885,-0.0
25886,-0.0
25887,-0.0
25888,246.55864451489805
25889,440.69695519581035
25890,341.2848618284183
25891,336.31959231381194
25892,424.91607540175545
25893,398.9404499315871
25894,368.7217638929544
25895,401.0595500684129
25896,639.6256266052555
25897,312.5161816402583
25898,223.51359944067426
25899,1.5582398383352825
25900,513.0336557268366
25901,370.04380064530943
25902,333.92112600931705
25903,391.137940555831
25904,355.22238741296513
25905,360.4731372161818
25906,389.6109750420427
25907,546.8521357637825
25908,186.92585843885692
25909,404.9380837168172
25910,438.0579858404769
25911,641.0359644418558
25912,-0.0
25913,331.6251558800027
25914,303.40689021259936
25915,483.71511030183206
25916,245.32491145789538
25917,380.5213213574681
25918,361.3589678217281
25919,486.48908495211737
25920,-0.0
25921,335.0342466765814
25922,357.44739578113905
25923,330.4672669498043
25924,265.62164481841893
25925,333.05249673138405
25926,352.3634711828945
25927,412.4923800288871
25928,291.68927274716486
25929,316.8619575565088
25930,328.2877266381907
25931,355.94041117596237
25932,293.3203059035213
25933,348.61384638048276
25934,324.6936879887903
25935,347.6381962283563
25936,333.996005129604
25937,387.58685089544235
25938,411.63691043271007
25939,409.5611024504234
25940,394.691512086769
25941,439.4974940740316
25942,370.3735970799758
25943,439.41040127418313
25944,336.5126038083201
25945,251.43337288399061
25946,281.92729245885556
25947,295.5208226174856
25948,-0.0
25949,-0.0
25950,-0.0
25951,-0.0
25952,-0.0
25953,-0.0
25954,-0.0
25955,-0.0
25956,-0.0
25957,-0.0
25958,-0.0
25959,-0.0
25960,-0.0
25961,-0.0
25962,-0.0
25963,-0.0
25964,-0.0
25965,-0.0
25966,-0.0
25967,-0.0
25968,-0.0
25969,-0.0
25970,-0.0
25971,-0.0
25972,-0.0
25973,-0.0
25974,-0.0
25975,-0.0
25976,-0.0
25977,-0.0
25978,-0.0
25979,-0.0
25980,-0.0
25981,-0.0
25982,-0.0
25983,-0.0
25984,-0.0
25985,-0.0
25986,-0.0
25987,-0.0
25988,-0.0
25989,-0.0
25990,-0.0
25991,-0.0
25992,184.77709051765157
25993,-0.0
25994,-0.0
25995,-0.0
25996,-0.0
25997,-0.0
25998,-0.0
25999,-0.0
26000,-0.0
26001,-0.0
26002,22.709652901654408
26003,92.1682313071475
26004,-0.0
26005,-0.0
26006,-0.0
26007,279.50822382309997
26008,100.46315828780192
26009,371.84652631142706
26010,296.83898162382246
26011,378.572730127965
26012,192.9063688857963
26013,322.89533880867333
26014,396.35212292774986
26015,406.23078345131995
26016,-0.0
26017,217.37769414357956
26018,439.6943877824166
26019,447.93030996083917
26020,186.53247830975687
26021,324.6012264033585
26022,387.37154904322756
26023,335.3774650752061
26024,227.5883270038373
26025,342.5714196503606
26026,321.4808157889284
26027,336.97108335337714
26028,278.6725697801036
26029,314.4226643176609
26030,259.38302417353805
26031,342.7103909558516
26032,389.1041139449315
26033,353.0343101141643
26034,255.6060222704813
26035,377.51784905150913
26036,382.4916802352608
26037,413.599891243796
26038,381.03118066818513
26039,506.34943853495815
26040,699.6749234788576
26041,272.9106815116504
26042,250.09704203528415
26043,197.60954698316812
26044,458.6943490267918
26045,272.19401801273744
26046,146.5875884545862
26047,170.98674366683233
26048,385.0520441364331
26049,283.8410684161955
26050,346.95463413664737
26051,459.6346464111478
26052,-0.0
26053,-0.0
26054,-0.0
26055,-0.0
26056,-0.0
26057,-0.0
26058,-0.0
26059,-0.0
26060,-0.0
26061,-0.0
26062,-0.0
26063,-0.0
26064,-0.0
26065,268.0871105367802
26066,389.8734817688922
26067,403.8312042422849
26068,-0.0
26069,-0.0
26070,-0.0
26071,-0.0
26072,-0.0
26073,-0.0
26074,-0.0
26075,-0.0
26076,-0.0
26077,-0.0
26078,-0.0
26079,-0.0
26080,-0.0
26081,-0.0
26082,-0.0
26083,-0.0
26084,131.0573112238626
26085,-0.0
26086,-0.0
26087,-0.0
26088,225.89925666287354
26089,-0.0
26090,97.59131658285403
26091,75.63836086903973
26092,607.1541581677873
26093,293.382197504746
26094,439.0057504011879
26095,395.0748544383288
26096,299.53372534977836
26097,444.1292904615972
26098,404.27142996869213
26099,528.2297277141544
26100,-0.0
26101,479.2822559868243
26102,431.36605338247847
26103,585.0698929404155
26104,13.016754806245558
26105,385.0246927078534
26106,394.5681880111738
26107,493.52426049069857
26108,203.66550890131128
26109,369.2944305833365
26110,444.00427429279296
26111,469.59824950461046
26112,161.2009897818815
26113,430.56898999800774
26114,431.25912816958953
26115,378.1798338076772
26116,194.19686803631964
26117,351.93313530246326
26118,383.06705600039265
26119,359.7477670784122
26120,230.05923189039117
26121,374.3607233525199
26122,304.32746897552124
26123,324.0035498172085
26124,176.39989277138997
26125,316.171819384927
26126,345.4640740662423
26127,366.37877555281045
26128,420.0557465008727
26129,335.90396391540156
26130,384.9021449470268
26131,458.7090170406643
26132,455.6260459863777
26133,475.5736836719229
26134,273.9348651611898
26135,432.99689523597897
26136,445.53312945199053
26137,356.2220840211337
26138,-0.0
26139,-0.0
26140,-0.0
26141,-0.0
26142,-0.0
26143,-0.0
26144,-0.0
26145,-0.0
26146,-0.0
26147,-0.0
26148,-0.0
26149,-0.0
26150,-0.0
26151,-0.0
26152,-0.0
26153,-0.0
26154,-0.0
26155,-0.0
26156,-0.0
26157,-0.0
26158,-0.0
26159,-0.0
26160,-0.0
26161,-0.0
26162,-0.0
26163,-0.0
26164,-0.0
26165,-0.0
26166,-0.0
26167,-0.0
26168,-0.0
26169,-0.0
26170,-0.0
26171,-0.0
26172,-0.0
26173,-0.0
26174,-0.0
26175,-0.0
26176,-0.0
26177,-0.0
26178,-0.0
26179,-0.0
26180,-0.0
26181,-0.0
26182,-0.0
26183,-0.0
26184,117.66265937278285
26185,-0.0
26186,-0.0
26187,-0.0
26188,81.83137399368889
26189,-0.0
26190,-0.0
26191,-0.0
26192,-0.0
26193,-0.0
26194,14.026320868426069
26195,33.54949994989374
26196,-0.0
26197,-0.0
26198,-0.0
26199,260.77593258727836
26200,-0.0
26201,-0.0
26202,-0.0
26203,-0.0
26204,-0.0
26205,388.5861646990979
26206,398.16810393692793
26207,449.75163507364243
26208,14.789443660884558
26209,304.4337743332292
26210,329.40559884970025
26211,342.80364983213485
26212,303.6202074656488
26213,297.1853929060092
26214,315.784736479084
26215,408.0718253354492
26216,268.3582045905189
26217,342.701345477894
26218,328.6138710624409
26219,311.0739890139119
26220,253.09571790657674
26221,317.33241738987516
26222,318.90840383898507
26223,341.79518097851303
26224,309.9801922689176
26225,356.9661983766061
26226,378.6693768965415
26227,404.95093934229925
26228,436.87218526485714
26229,439.96843771621025
26230,456.4663768434293
26231,447.2548538767966
26232,573.7082745172024
26233,359.8391828224463
26234,103.83961627723511
26235,326.6470859712913
26236,-0.0
26237,-0.0
26238,-0.0
26239,-0.0
26240,-0.0
26241,-0.0
26242,-0.0
26243,-0.0
26244,-0.0
26245,-0.0
26246,-0.0
26247,-0.0
26248,-0.0
26249,-0.0
26250,-0.0
26251,-0.0
26252,-0.0
26253,-0.0
26254,-0.0
26255,-0.0
26256,-0.0
26257,-0.0
26258,-0.0
26259,-0.0
26260,-0.0
26261,-0.0
26262,-0.0
26263,-0.0
26264,-0.0
26265,-0.0
26266,-0.0
26267,-0.0
26268,-0.0
26269,-0.0
26270,-0.0
26271,-0.0
26272,-0.0
26273,-0.0
26274,-0.0
26275,-0.0
26276,-0.0
26277,-0.0
26278,-0.0
26279,-0.0
26280,288.70967857371966
26281,-0.0
26282,-0.0
26283,-0.0
26284,-0.0
26285,-0.0
26286,-0.0
26287,-0.0
26288,-0.0
26289,-0.0
26290,-0.0
26291,14.294684828721984
26292,-0.0
26293,-0.0
26294,-0.0
26295,-0.0
26296,-0.0
26297,-0.0
26298,-0.0
26299,342.1434158737617
26300,280.3009185436683
26301,297.98511600131343
26302,248.6067855016905
26303,329.49164147963603
26304,323.77847801145174
26305,340.8943852647154
26306,345.1059329133063
26307,413.7422714176631
26308,241.41283092653595
26309,276.8742205999866
26310,306.9052743930059
26311,358.1022949765567
26312,194.13913693628157
26313,304.8268066998857
26314,297.0239294766442
26315,357.8510543545516
26316,292.20887732946585
26317,338.5385081333417
26318,298.069040599558
26319,347.3693731412063
26320,308.02574844501896
26321,369.5547413652574
26322,305.5472741889024
26323,389.3008163504606
26324,380.12404855117967
26325,385.10373232932693
26326,331.6347098487307
26327,403.9602576626695
26328,309.6143159706484
26329,303.3184727164998
26330,228.07995426482663
26331,255.00235199612328
26332,369.5476234668986
26333,378.9242618733125
26334,292.6411407894959
26335,303.59915911256127
26336,205.38957211457011
26337,219.3552420964301
26338,236.9066148963136
26339,205.1820318739554
26340,167.94354842257184
26341,196.85760395471
26342,209.20253298417254
26343,236.7291462270465
26344,-0.0
26345,-0.0
26346,-0.0
26347,-0.0
26348,-0.0
26349,-0.0
26350,-0.0
26351,-0.0
26352,-0.0
26353,-0.0
26354,-0.0
26355,-0.0
26356,129.5685931566218
26357,285.9048623899505
26358,285.0591380653574
26359,223.22700133551317
26360,75.79095647219994
26361,72.59786732146227
26362,89.95916260233552
26363,84.30963219250116
26364,96.66654694207867
26365,76.95842000778933
26366,40.63686706424658
26367,138.17256392963083
26368,153.5405600704051
26369,187.74349668593436
26370,124.28306055644165
26371,200.1074763595993
26372,519.5378340117808
26373,263.0042486207276
26374,198.44730667149085
26375,392.0806929590577
26376,727.1666922562231
26377,329.6166576484402
26378,215.68136051762238
26379,96.52050777223545
26380,800.0
26381,330.46506636582495
26382,405.4635655754719
26383,382.3693484592482
26384,287.06504572916197
26385,407.9777626165648
26386,384.76805861830684
26387,403.5609755752576
26388,79.1560689717164
26389,431.93485207763035
26390,350.6891458719991
26391,355.1406633987
26392,210.88246409111022
26393,319.5466881868825
26394,278.53410696538293
26395,250.41101195816117
26396,40.516512901839405
26397,394.0859736251
26398,244.6925043863517
26399,516.6238710744636
26400,45.73570743124253
26401,353.12846379280506
26402,507.56527455000867
26403,559.8939905655513
26404,136.15818143615473
26405,329.5723731943185
26406,326.5727935655479
26407,340.41807283695346
26408,-0.0
26409,338.3481668129786
26410,342.730198686934
26411,375.1315932387842
26412,292.97974721573013
26413,374.51364979469776
26414,323.718062518622
26415,315.9841871393137
26416,365.7383153028918
26417,331.5909092034213
26418,395.37258009843504
26419,354.71451270141347
26420,404.699565265144
26421,402.3179784443761
26422,345.03843185972613
26423,199.99492372037304
26424,445.6056929590577
26425,422.7022516080932
26426,390.39283483286243
26427,502.1314929957341
26428,401.42564625181126
26429,405.43236427062374
26430,274.58913303596637
26431,390.32597223046326
26432,386.7189177696874
26433,349.0432572992294
26434,288.7213227400821
26435,355.81006887751477
26436,311.6430767372686
26437,258.1821567989636
26438,240.31886408289233
26439,216.65850798235033
26440,241.1798229218021
26441,288.3267839680851
26442,286.13553846768036
26443,305.442715903307
26444,251.62205501629683
26445,241.70007765622955
26446,215.8051592187856
26447,271.5258920565326
26448,154.69329158699546
26449,283.44044798142954
26450,273.8536605235701
26451,437.7243322964554
26452,305.18416260233556
26453,298.4291055767576
26454,307.76782061421585
26455,334.5630015927289
26456,203.48217296776784
26457,356.764262996377
26458,448.9273550813681
26459,233.6805674665059
26460,259.1491591125613
26461,256.05711789835885
26462,210.0477295604214
26463,309.28346142609524
26464,356.64121064509516
26465,442.1241248247952
26466,371.1905585428111
26467,374.27355427905593
26468,410.8276086867197
26469,303.9563649854811
26470,239.26635368906517
26471,342.21475460581956
26472,426.0698038307672
26473,240.10083195172123
26474,198.6231843643968
26475,62.4570262710094
26476,399.73918072730874
26477,304.0050752895197
26478,355.3956053950376
26479,374.3184234975636
26480,304.1376361459285
26481,631.9051978718636
26482,601.908874564238
26483,681.9993762324625
26484,-0.0
26485,391.3467294602084
26486,431.6953413263745
26487,661.8175965812447
26488,340.56829020438147
26489,544.5192098831369
26490,300.7045771170808
26491,345.9954578832088
26492,-0.0
26493,496.6045471521936
26494,362.33727768468805
26495,460.51982056711506
26496,178.4842130589058
26497,373.01571066747863
26498,440.28621177417097
26499,661.456746353559
26500,80.43478888757423
26501,287.8786992791949
26502,318.1091645524931
26503,338.06536390718367
26504,269.33702294424927
26505,374.8514994077391
26506,322.0062976475831
26507,327.3987101590586
26508,302.4975575116145
26509,345.9259722304633
26510,304.4172708501195
26511,375.9949247104803
26512,353.1091645524931
26513,406.26111276875486
26514,428.03111723060226
26515,439.76585803432744
26516,448.41714397495366
26517,387.43126474243104
26518,269.2866699109179
26519,399.02217394585233
26520,532.5511281104659
26521,164.52107970058876
26522,83.93665845749922
26523,188.93196478358414
26524,359.73445624337916
26525,252.81353462047744
26526,194.78708638183218
26527,197.3761378612539
26528,131.11039095585159
26529,65.28058168515253
26530,95.12988050891225
26531,155.004864340108
26532,46.41665374812508
26533,113.85768844409816
26534,52.08379130506242
26535,37.262886563488536
26536,17.914964987687625
26537,289.6085107772524
26538,188.01521192749615
26539,241.3908444076308
26540,-0.0
26541,-0.0
26542,-0.0
26543,-0.0
26544,-0.0
26545,-0.0
26546,-0.0
26547,-0.0
26548,-0.0
26549,-0.0
26550,-0.0
26551,-0.0
26552,-0.0
26553,-0.0
26554,-0.0
26555,-0.0
26556,-0.0
26557,-0.0
26558,-0.0
26559,-0.0
26560,-0.0
26561,-0.0
26562,-0.0
26563,-0.0
26564,-0.0
26565,-0.0
26566,-0.0
26567,-0.0
26568,-0.0
26569,-0.0
26570,-0.0
26571,-0.0
26572,-0.0
26573,-0.0
26574,-0.0
26575,-0.0
26576,-0.0
26577,-0.0
26578,-0.0
26579,130.74415431867465
26580,-0.0
26581,-0.0
26582,323.5179848138622
26583,800.0
26584,174.58707996381582
26585,300.0523623144548
26586,444.45758610591054
26587,393.57543920271473
26588,203.51260714109162
26589,391.0291960690198
26590,405.3214507503351
26591,686.0002416568793
26592,-0.0
26593,372.6633974269801
26594,343.07392557632903
26595,433.26545049913074
26596,253.42500585047273
26597,311.22689077413156
26598,332.5141723591348
26599,338.8880876171323
26600,255.16293953775997
26601,261.92070563808767
26602,327.4623185354504
26603,333.4347758040148
26604,284.9689462069806
26605,351.56962536394394
26606,242.8593753569248
26607,354.58091018150577
26608,295.66762136574965
26609,349.391077351913
26610,354.8593366013
26611,487.5281274958216
26612,385.0582149088504
26613,420.4736280349703
26614,383.5715465255264
26615,401.77955843057543
26616,466.71493307264285
26617,358.35065990291434
26618,280.25204161873194
26619,410.12869286117854
26620,231.53904757910658
26621,122.03766082788664
26622,103.05120966701071
26623,124.6641025035356
26624,-0.0
26625,-0.0
26626,-0.0
26627,-0.0
26628,-0.0
26629,-0.0
26630,-0.0
26631,-0.0
26632,-0.0
26633,-0.0
26634,-0.0
26635,-0.0
26636,-0.0
26637,-0.0
26638,-0.0
26639,-0.0
26640,-0.0
26641,-0.0
26642,-0.0
26643,-0.0
26644,-0.0
26645,-0.0
26646,-0.0
26647,-0.0
26648,51.37167371617721
26649,330.7453078536788
26650,167.63912019993376
26651,445.33816389074786
26652,265.62029544020976
26653,173.85817753583956
26654,281.1250266321157
26655,326.57195267810914
26656,580.9217035406164
26657,426.89174424038725
26658,332.45935933310056
26659,353.20672011395
26660,529.7115358026654
26661,307.3344019890405
26662,270.0863930062222
26663,359.37763070599664
26664,602.5390810518022
26665,270.3055875356253
26666,275.9316335220029
26667,249.89876076060884
26668,528.6952778887916
26669,370.36672750403943
26670,416.93313530246326
26671,449.2131903778836
26672,155.80371697559306
26673,397.4613262358677
26674,373.2877513201488
26675,348.31392013639714
26676,-0.0
26677,-0.0
26678,387.8681776928423
26679,553.9819734717748
26680,120.37338109516179
26681,360.2299321005697
26682,256.7100727778299
26683,448.2681348919224
26684,273.2598657287334
26685,361.99089108445946
26686,434.38541606037336
26687,722.9077166338648
26688,415.7309619181432
26689,332.2137623062369
26690,800.0
26691,800.0
26692,272.7921149701168
26693,284.9138994997342
26694,288.9756889077512
26695,335.3774650752061
26696,228.3330280738532
26697,326.4861845745117
26698,368.8614103101136
26699,312.8028525412834
26700,265.9536171551066
26701,296.1808895448428
26702,244.87428403756945
26703,375.2556417899639
26704,352.18220002244715
26705,368.3657986420397
26706,421.0279877846231
26707,406.2819127994199
26708,462.35490951374913
26709,448.52186860386325
26710,424.88182872517405
26711,457.78841359578433
26712,555.647545810669
26713,436.97306795254246
26714,366.0128490454978
26715,418.36456567568484
26716,533.2940224805961
26717,461.3293248943432
26718,445.03394076704876
26719,525.0901710767338
26720,251.93703982557707
26721,219.4644428458142
26722,216.29435430972094
26723,311.8611684057075
26724,161.88210896264135
26725,273.7416227931306
26726,369.26512005262
26727,415.3557239140522
26728,89.91291191553705
26729,443.02049915653475
26730,344.80690248108846
26731,415.34534717684727
26732,299.63088060912526
26733,479.07792044672505
26734,506.02868757824945
26735,371.58285602504634
26736,115.04403613169924
26737,190.43226346003004
26738,115.80315146525611
26739,288.15561725298573
26740,222.16190791500895
26741,338.88561864161113
26742,51.85051962417231
26743,341.9167358722134
26744,417.67121664655923
26745,377.3771429968692
26746,284.9334239081045
26747,382.0473712441609
26748,199.42413595819707
26749,250.2431829757714
26750,299.1650334606729
26751,311.8957159564191
26752,309.7441758428977
26753,258.9395677708224
26754,292.98909413536165
26755,356.0882209103145
26756,440.29944243527336
26757,199.23041491927478
26758,289.011920183498
26759,173.9336568767931
26760,419.04955104649736
26761,177.66299013931018
26762,108.76094738549108
26763,91.75244915392864
26764,438.52406918784266
26765,327.9716940373552
26766,374.6621503869587
26767,372.81729148678244
26768,7.841869412922279
26769,383.6021165097335
26770,456.05168819289383
26771,646.8790043736572
26772,145.86681686121446
26773,366.42528527286964
26774,280.3239191583127
26775,411.453146182327
26776,-0.0
26777,330.10373232932693
26778,362.5276190050512
26779,402.38277042320647
26780,100.23220920569145
26781,323.0108010087495
26782,359.21369886865403
26783,487.1183238220571
26784,80.7031775298282
26785,277.8498460701549
26786,460.52838223626037
26787,381.8749203936129
26788,230.6050299708986
26789,476.94510583998465
26790,397.9948859548555
26791,366.86955160802955
26792,96.04639592845285
26793,313.6026003185458
26794,304.18315356640505
26795,344.60391079615016
26796,295.47094364217867
26797,320.447459218722
26798,294.2814924281905
26799,332.91563034856796
26800,312.728506593725
26801,370.05504670724645
26802,373.36091366526864
26803,474.9182759857348
26804,476.88715875513253
26805,463.1524567070322
26806,372.157991123406
26807,385.0619162831828
26808,375.4799173143795
26809,288.5450652367491
26810,301.9808580223047
26811,110.18009227339434
26812,189.8918769660258
26813,134.46033280119784
26814,-0.0
26815,77.17810182375621
26816,-0.0
26817,28.234972389799818
26818,-0.0
26819,-0.0
26820,-0.0
26821,-0.0
26822,-0.0
26823,-0.0
26824,-0.0
26825,-0.0
26826,-0.0
26827,-0.0
26828,-0.0
26829,-0.0
26830,-0.0
26831,-0.0
26832,-0.0
26833,-0.0
26834,-0.0
26835,-0.0
26836,-0.0
26837,-0.0
26838,-0.0
26839,-0.0
26840,-0.0
26841,-0.0
26842,-0.0
26843,-0.0
26844,-0.0
26845,-0.0
26846,-0.0
26847,-0.0
26848,-0.0
26849,-0.0
26850,-0.0
26851,-0.0
26852,-0.0
26853,-0.0
26854,-0.0
26855,-0.0
26856,38.47246960954362
26857,-0.0
26858,-0.0
26859,-0.0
26860,-0.0
26861,-0.0
26862,-0.0
26863,-0.0
26864,-0.0
26865,-0.0
26866,-0.0
26867,325.93417132942534
26868,109.9900140616439
26869,215.82790119267605
26870,445.3786733596028
26871,467.6817290496675
26872,7.4110497236787864
26873,211.26360585869062
26874,255.7547388475562
26875,326.51237807271815
26876,88.10505589049072
26877,297.32702392233375
26878,425.71383857985245
26879,473.27621275225545
26880,-0.0
26881,446.33669168266806
26882,361.94172165356673
26883,368.67377806450025
26884,167.35839490326757
26885,289.5846115558382
26886,338.3422895366249
26887,391.6610946497931
26888,232.8652773152366
26889,298.7934254477212
26890,334.0121114863539
26891,329.4943258724277
26892,285.45382030388794
26893,310.4966286496147
26894,290.0464850381011
26895,309.46595647219993
26896,281.5224158502584
26897,377.6237819648154
26898,330.61627603283563
26899,380.34960416574876
26900,523.4102990809754
26901,401.3572757285191
26902,380.81198613878206
26903,354.066458399974
26904,683.863106483303
26905,348.4845066999494
26906,346.784521063576
26907,340.46565251282493
26908,-0.0
26909,-0.0
26910,-0.0
26911,-0.0
26912,-0.0
26913,-0.0
26914,-0.0
26915,-0.0
26916,-0.0
26917,-0.0
26918,-0.0
26919,-0.0
26920,-0.0
26921,-0.0
26922,-0.0
26923,-0.0
26924,-0.0
26925,-0.0
26926,-0.0
26927,-0.0
26928,-0.0
26929,-0.0
26930,-0.0
26931,77.88117879051777
26932,-0.0
26933,-0.0
26934,-0.0
26935,-0.0
26936,-0.0
26937,-0.0
26938,-0.0
26939,-0.0
26940,-0.0
26941,-0.0
26942,-0.0
26943,-0.0
26944,-0.0
26945,-0.0
26946,-0.0
26947,-0.0
26948,-0.0
26949,-0.0
26950,-0.0
26951,-0.0
26952,5.115232636649353
26953,-0.0
26954,-0.0
26955,-0.0
26956,43.397106680444494
26957,-0.0
26958,-0.0
26959,-0.0
26960,-0.0
26961,-0.0
26962,-0.0
26963,219.75210530384186
26964,-0.0
26965,-0.0
26966,-0.0
26967,344.5873981459198
26968,39.1768443204233
26969,191.04172693649588
26970,264.1665140369266
26971,321.18357393763443
26972,34.10469895684423
26973,335.9954578832088
26974,299.00993558433265
26975,395.66515295777197
26976,-0.0
26977,154.1658142433003
26978,384.65208792746023
26979,434.4576107878686
26980,168.18431149677826
26981,309.4456402503472
26982,343.6079691041291
26983,376.75089652439135
26984,138.45906122419825
26985,284.8877060015277
26986,314.8412209634266
26987,343.81860196438686
26988,250.65637530381264
26989,282.5093120643219
26990,283.175965812447
26991,337.84616937778054
26992,250.47193594176133
26993,359.04418226091406
26994,363.4181362745364
26995,374.5520569724658
26996,390.80780095563733
26997,372.6558527393756
26998,364.58141867227613
26999,332.3275324131041
27000,385.6167093850777
27001,310.0124557289477
27002,286.46809500121043
27003,297.9569886504719
27004,-0.0
27005,-0.0
27006,-0.0
27007,-0.0
27008,-0.0
27009,-0.0
27010,-0.0
27011,-0.0
27012,-0.0
27013,-0.0
27014,-0.0
27015,-0.0
27016,-0.0
27017,-0.0
27018,-0.0
27019,-0.0
27020,-0.0
27021,-0.0
27022,-0.0
27023,-0.0
27024,-0.0
27025,-0.0
27026,-0.0
27027,-0.0
27028,-0.0
27029,-0.0
27030,-0.0
27031,-0.0
27032,-0.0
27033,-0.0
27034,-0.0
27035,-0.0
27036,-0.0
27037,-0.0
27038,-0.0
27039,-0.0
27040,-0.0
27041,-0.0
27042,-0.0
27043,-0.0
27044,193.34445186003325
27045,-0.0
27046,-0.0
27047,-0.0
27048,379.38878666817845
27049,-0.0
27050,-0.0
27051,-0.0
27052,-0.0
27053,-0.0
27054,-0.0
27055,-0.0
27056,-0.0
27057,-0.0
27058,-0.0
27059,-0.0
27060,-0.0
27061,-0.0
27062,-0.0
27063,-0.0
27064,-0.0
27065,-0.0
27066,-0.0
27067,-0.0
27068,-0.0
27069,-0.0
27070,-0.0
27071,419.01662803272484
27072,-0.0
27073,280.3698957056434
27074,359.99900770041734
27075,365.8388547486567
27076,-0.0
27077,346.9390372607751
27078,330.54797398252873
27079,368.25788112956803
27080,35.10917763605255
27081,265.0325545833724
27082,312.13282668885927
27083,454.1005729934113
27084,201.13370471311538
27085,302.2958683717618
27086,310.4731372161818
27087,355.2375388848846
27088,301.0857188846612
27089,338.4005291274334
27090,383.02523995424855
27091,371.1199655612426
27092,318.5025693635513
27093,367.3304913343555
27094,394.94369544073766
27095,388.8033356060836
27096,357.32376411035
27097,427.93931012017566
27098,274.3280442164922
27099,339.67306510529454
27100,-0.0
27101,-0.0
27102,-0.0
27103,-0.0
27104,-0.0
27105,-0.0
27106,-0.0
27107,-0.0
27108,-0.0
27109,-0.0
27110,-0.0
27111,-0.0
27112,-0.0
27113,-0.0
27114,-0.0
27115,-0.0
27116,-0.0
27117,-0.0
27118,-0.0
27119,-0.0
27120,-0.0
27121,-0.0
27122,-0.0
27123,-0.0
27124,-0.0
27125,-0.0
27126,-0.0
27127,-0.0
27128,-0.0
27129,-0.0
27130,-0.0
27131,-0.0
27132,-0.0
27133,-0.0
27134,-0.0
27135,-0.0
27136,-0.0
27137,-0.0
27138,-0.0
27139,-0.0
27140,-0.0
27141,-0.0
27142,-0.0
27143,-0.0
27144,82.44029664177583
27145,-0.0
27146,-0.0
27147,-0.0
27148,-0.0
27149,-0.0
27150,-0.0
27151,6.223443645184489
27152,-0.0
27153,-0.0
27154,30.457483417649428
27155,-0.0
27156,-0.0
27157,-0.0
27158,-0.0
27159,25.956796460055784
27160,-0.0
27161,47.195171650362795
27162,336.23811215411047
27163,400.6534230870227
27164,252.41781809651465
27165,373.81811815557455
27166,526.3528227213761
27167,771.3361066707553
27168,186.03048087455886
27169,488.7322336401228
27170,596.5475405277399
27171,631.8442738882634
27172,213.36507416645526
27173,410.15411004461635
27174,421.61729400448365
27175,513.2757042614851
27176,352.7820771925765
27177,488.4724066670142
27178,445.505381621616
27179,595.6643766430034
27180,393.4107828897877
27181,362.2250083681739
27182,386.115805060056
27183,453.31461993002347
27184,449.52758024942636
27185,413.56467694959
27186,459.3296695595006
27187,428.5962392333798
27188,637.7668372503506
27189,495.0530621080811
27190,425.5890902350465
27191,503.3679745440609
27192,714.2419911801958
27193,242.50222593602786
27194,-0.0
27195,78.86567144685705
27196,665.2419814294078
27197,267.365827079333
27198,126.609663962566
27199,312.6369001143786
27200,47.15133111426736
27201,-0.0
27202,37.26142452876025
27203,-0.0
27204,10.374634553199627
27205,181.3842388759511
27206,168.43433716884363
27207,90.90132469625102
27208,-0.0
27209,-0.0
27210,-0.0
27211,-0.0
27212,518.7528176859738
27213,630.7309619181432
27214,608.7978019337218
27215,656.5328855974268
27216,-0.0
27217,-0.0
27218,-0.0
27219,-0.0
27220,149.32901298935786
27221,210.0668444834374
27222,243.37222763264734
27223,273.7320855607504
27224,-0.0
27225,-0.0
27226,-0.0
27227,-0.0
27228,10.841667966771695
27229,-0.0
27230,-0.0
27231,-0.0
27232,390.62400770041734
27233,318.2524586571897
27234,193.60404742210383
27235,289.0612765943679
27236,338.74256392361946
27237,288.714678332204
27238,232.3850722102863
27239,187.4609189481978
27240,590.4119277366015
27241,266.22350658771364
27242,60.191385459130004
27243,-0.0
27244,536.737665863289
27245,406.03016368664436
27246,404.9706383001896
27247,467.6196214636288
27248,264.21670044936013
27249,400.71212180468535
27250,431.17622055288575
27251,703.7084320287516
27252,-0.0
27253,490.1242398540356
27254,465.31774937600267
27255,607.4744803758277
27256,-0.0
27257,286.8773888015905
27258,232.10345290693
27259,344.6359568887522
27260,187.23437103404603
27261,380.97463317058566
27262,323.080286661495
27263,530.63968393515
27264,-0.0
27265,253.67036919612417
27266,394.88891428592444
27267,326.89351984029855
27268,-0.0
27269,333.2936039145444
27270,328.8105487860119
27271,364.9241532620885
27272,114.06575860634771
27273,366.59847857298394
27274,344.6097880725039
27275,374.86910655484206
27276,292.24360781485956
27277,361.3562834289364
27278,406.6092408261087
27279,350.6318985807733
27280,363.0423632925393
27281,288.5698544323174
27282,248.26821141306468
27283,422.9616562598149
27284,501.14197387630435
27285,446.5850319270676
27286,292.87531509277693
27287,409.63426479554323
27288,475.2485562292135
27289,228.75777918388712
27290,287.2444088115863
27291,302.38018723351524
27292,639.4740942923643
27293,264.2126517471891
27294,374.08666796076034
27295,426.81367376413226
27296,383.7440036491108
27297,362.28938135838894
27298,330.4450309489831
27299,348.1040518899626
27300,401.5334425946099
27301,435.5600177084209
27302,353.60436560012556
27303,271.7700529682601
27304,-0.0
27305,384.85696201835617
27306,444.7405075186973
27307,408.60390242797627
27308,406.6506249026247
27309,586.3327990054797
27310,568.9057194461934
27311,513.1204106144302
27312,312.8426641666695
27313,501.473849870257
27314,382.6508714198696
27315,507.8942501663557
27316,-0.0
27317,-0.0
27318,-0.0
27319,-0.0
27320,95.75938525269265
27321,294.44728507477754
27322,100.70970733102956
27323,269.33770015105506
27324,20.58336047052154
27325,4.414225478386172
27326,-0.0
27327,-0.0
27328,418.58509983250923
27329,308.2118199404479
27330,312.13783092653597
27331,225.39600456206037
27332,502.7345751729346
27333,309.6839427172064
27334,233.24523548037845
27335,53.24013451879341
27336,795.5725901692397
27337,175.7721546918033
27338,67.48321976921585
27339,-0.0
27340,375.3667028220813
27341,168.1131337508238
27342,321.38934650307925
27343,328.8430786874262
27344,172.2813398809594
27345,332.5954125645877
27346,432.394549657872
27347,700.6570232582546
27348,151.97822075331175
27349,405.0418160461441
27350,427.2785542850673
27351,800.0
27352,76.56650900152422
27353,269.1723913132803
27354,264.0339038166016
27355,373.73153384649646
27356,124.57363331789944
27357,382.9055925710276
27358,368.59304634981777
27359,665.325026239609
27360,-0.0
27361,300.3870190439341
27362,328.26743509829606
27363,356.4108463273706
27364,118.1013791981164
27365,283.6292776255645
27366,340.1379543239502
27367,320.14114720751223
27368,146.86227474442327
27369,375.19791068992583
27370,382.56505856519465
27371,373.6534618426475
27372,343.9543803863158
27373,357.58856767060945
27374,328.35989668372787
27375,324.37347020481
27376,366.5957694982342
27377,383.8768415551953
27378,396.8074193400327
27379,419.1190366992428
27380,460.2818106062122
27381,431.9891989912505
27382,323.5874615794204
27383,335.0746384535148
27384,369.4273086276598
27385,301.463984956594
27386,324.3823243799118
27387,285.69950083745385
27388,508.41211123882715
27389,-0.0
27390,43.098139758299304
27391,96.81252558454695
27392,-0.0
27393,-0.0
27394,-0.0
27395,-0.0
27396,-0.0
27397,-0.0
27398,-0.0
27399,-0.0
27400,-0.0
27401,-0.0
27402,-0.0
27403,-0.0
27404,-0.0
27405,143.1383100199627
27406,24.038381258175917
27407,-0.0
27408,501.2675767596521
27409,454.97710229108685
27410,372.81299322455493
27411,472.77944634159985
27412,-0.0
27413,-0.0
27414,-0.0
27415,-0.0
27416,123.69338402941526
27417,320.9726874720251
27418,175.32025668458505
27419,335.54455217557324
27420,80.92929241175474
27421,46.01638521160322
27422,42.24915326208851
27423,12.954214187981602
27424,534.0831850889431
27425,378.6472644381145
27426,225.0589117622119
27427,239.62269860542693
27428,523.8454952562196
27429,378.42989082724375
27430,223.40449832576405
27431,215.8988629538165
27432,710.0716097155826
27433,262.85183066932024
27434,227.50590319594582
27435,-0.0
27436,474.5217029730727
27437,402.228201251736
27438,395.4351961752442
27439,450.174401584511
27440,115.83307867540341
27441,284.37763070599664
27442,444.64572684229427
27443,491.3853526227905
27444,75.23322618723222
27445,464.0213976310837
27446,443.5685696267784
27447,592.7022612563344
27448,-0.0
27449,301.17501226848907
27450,306.5705929815685
27451,408.78556357220214
27452,165.3927050174319
27453,357.40091074303797
27454,355.8853644687159
27455,441.3687377752701
27456,4.581495193418505
27457,362.38059452118523
27458,394.92316096250585
27459,534.9292295417155
27460,271.6518331870214
27461,283.7158866166007
27462,323.0568022380383
27463,368.3129278368145
27464,331.53537868736254
27465,337.4099562209956
27466,361.1825816380517
27467,440.3610662124998
27468,312.0383684221432
27469,340.47263573538766
27470,344.1190366992428
27471,394.55374906567477
27472,392.61154360329573
27473,391.02111820868674
27474,383.7073249474554
27475,397.37890242797624
27476,595.5562678276758
27477,455.4672669498043
27478,433.8335494006563
27479,537.1636005757615
27480,537.8419841946359
27481,464.8647053868833
27482,485.60940645689925
27483,504.6156406668994
27484,633.9249086926674
27485,391.05165472019814
27486,437.04121064509513
27487,417.8414669131279
27488,472.8966596046091
27489,415.69516034185
27490,377.14441384698864
27491,376.6600235588936
27492,354.3640754488563
27493,511.04401021210714
27494,475.72964502252245
27495,571.5327523042447
27496,11.883988850897879
27497,300.356611502726
27498,360.9243932163371
27499,515.6642984192302
27500,105.8295765495372
27501,273.64340732875934
27502,266.63708499921813
27503,239.55053944576485
27504,310.86711497011686
27505,367.3356923975255
27506,355.64155935554777
27507,400.3369641195051
27508,-0.0
27509,116.44626377035793
27510,94.651107473803
27511,247.95346436034868
27512,128.97276009285224
27513,255.65903125931098
27514,241.30856166914535
27515,263.7613262358677
27516,473.52324503675175
27517,423.10884889217255
27518,366.3660302281143
27519,352.2961629597642
27520,354.75879715553515
27521,249.3737627107664
27522,101.12911224230066
27523,252.4770499869058
27524,566.4805232829721
27525,255.8658245616318
27526,236.31964486551973
27527,212.23804772642038
27528,775.8906320511987
27529,232.6619978397275
27530,134.8809376286918
27531,-0.0
27532,270.47024384855234
27533,396.942205462379
27534,424.8429377385937
27535,443.2172486858625
27536,181.63717825670832
27537,490.2888961669627
27538,545.3739796856877
27539,774.3853395392309
27540,21.267575057021304
27541,483.3082588448575
27542,428.31461993002347
27543,645.9750651402137
27544,-0.0
27545,312.5318041881959
27546,314.8123677543866
27547,446.14047308595127
27548,71.5290941233389
27549,321.44876969632634
27550,445.9009870166535
27551,418.695786379562
27552,-0.0
27553,115.46267447898967
27554,366.32104445277236
27555,339.77125150186885
27556,79.51370163388196
27557,354.39279412708015
27558,306.5674247799646
27559,405.84961700178144
27560,-0.0
27561,397.95156911835835
27562,293.1380177615331
27563,355.16951660774
27564,155.36382712643376
27565,366.4049690510169
27566,292.0672216311832
27567,327.2891252353361
27568,393.53529056782156
27569,374.5846115558382
27570,353.95588117666887
27571,455.90565600861055
27572,562.1599238833871
27573,393.30954365039656
27574,408.91527341492144
27575,444.318931988334
27576,663.1458031159099
27577,348.63982389387525
27578,316.4698622329478
27579,347.52890381059024
27580,599.357065346651
27581,297.66520940979495
27582,219.05554821245687
27583,299.21601934223924
27584,372.3569088991047
27585,277.40221033476723
27586,297.59252697317226
27587,315.3584731270407
27588,79.46264979703153
27589,269.8687249392375
27590,236.31580254235485
27591,218.28787819531462
27592,200.1143148355612
27593,441.2533364950757
27594,419.33947575096624
27595,454.70521095542307
27596,203.40172790856897
27597,375.7595377999238
27598,417.05538105407237
27599,447.65474973343134
27600,30.0185039190211
27601,294.42125930249915
27602,268.72304327058436
27603,363.12343144918526
27604,-0.0
27605,53.25934886978911
27606,63.85603315635642
27607,147.22349920964695
27608,-0.0
27609,-0.0
27610,-0.0
27611,-0.0
27612,-0.0
27613,-0.0
27614,-0.0
27615,-0.0
27616,295.2418522840677
27617,294.79441774730384
27618,133.46948061734312
27619,200.15137529780125
27620,363.9725207061473
27621,281.49774782436316
27622,73.23965070998105
27623,186.11856597399
27624,727.3836862016468
27625,181.2308599724623
27626,140.6860541915375
27627,20.61315967041594
27628,388.34548242018695
27629,297.0975756305763
27630,309.3659255172055
27631,331.66039485616676
27632,185.58033726304524
27633,395.4405896427856
27634,355.2074399766957
27635,508.250019254049
27636,-0.0
27637,377.4527892486805
27638,295.2485562292135
27639,345.1609549385946
27640,-0.0
27641,346.3819931183306
27642,182.0376439465588
27643,262.5440425497156
27644,-0.0
27645,251.7389259868699
27646,272.8931382246939
27647,297.3008551060854
27648,-0.0
27649,160.90057972898362
27650,294.8700988544247
27651,371.58624021146426
27652,55.18942554192279
27653,297.0929313205774
27654,349.2137959500997
27655,387.3421873434172
27656,170.29117327208434
27657,317.0664563999719
27658,300.2322412002942
27659,298.52112344351127
27660,299.07622835351606
27661,328.6707905490108
27662,312.5227340282801
27663,348.4748997569499
27664,288.0866724286191
27665,300.2057478834867
27666,369.00965506717307
27667,368.8235598809249
27668,381.3249976990749
27669,393.55016282382195
27670,385.62823139061703
27671,400.6051351796962
27672,429.8499562860509
27673,423.83940199505184
27674,414.2978662836392
27675,381.7753732474307
27676,395.1048110946544
27677,169.39505353580364
27678,122.51377205702477
27679,177.5534122011476
27680,327.2297956195961
27681,25.74766034874253
27682,48.840080584471615
27683,82.78592398360017
27684,112.90193147991393
27685,174.2014146142522
27686,171.60693105308832
27687,189.24814880324112
27688,-0.0
27689,39.68749219740583
27690,40.6206383687202
27691,30.85076908168189
27692,-0.0
27693,-0.0
27694,-0.0
27695,-0.0
27696,-0.0
27697,-0.0
27698,-0.0
27699,-0.0
27700,-0.0
27701,-0.0
27702,-0.0
27703,-0.0
27704,-0.0
27705,-0.0
27706,-0.0
27707,-0.0
27708,-0.0
27709,-0.0
27710,-0.0
27711,-0.0
27712,-0.0
27713,-0.0
27714,-0.0
27715,-0.0
27716,88.7591651925269
27717,-0.0
27718,-0.0
27719,-0.0
27720,12.204971073664638
27721,-0.0
27722,-0.0
27723,-0.0
27724,-0.0
27725,-0.0
27726,274.5141106488743
27727,410.012938155146
27728,290.768693984243
27729,428.00881640958414
27730,395.2556417899639
27731,424.47841081853363
27732,-0.0
27733,262.7375520716826
27734,411.5280006206558
27735,391.94389755558797
27736,138.90918015375374
27737,304.1858379591967
27738,209.5080403423423
27739,345.0048602948129
27740,272.09926772378526
27741,299.89309946906917
27742,320.49614484080246
27743,423.3028900592742
27744,-0.0
27745,363.4743912661795
27746,371.101366114557
27747,308.7613793551191
27748,-0.0
27749,252.01585161631112
27750,240.9017633314222
27751,335.99226499964675
27752,-0.0
27753,342.4067633374336
27754,351.3125074655851
27755,333.890772009924
27756,131.79329758244816
27757,91.308882612395
27758,289.56429533398546
27759,300.6120908496909
27760,305.3378496130413
27761,328.5480374201116
27762,388.2214338690073
27763,379.51193301953066
27764,338.50525375634294
27765,392.59809695737937
27766,380.0924862673899
27767,383.4005291274334
27768,375.80243217005403
27769,363.6116457965034
27770,379.3176323792945
27771,381.7188195602238
27772,-0.0
27773,-0.0
27774,-0.0
27775,-0.0
27776,-0.0
27777,-0.0
27778,-0.0
27779,-0.0
27780,-0.0
27781,-0.0
27782,-0.0
27783,-0.0
27784,-0.0
27785,-0.0
27786,-0.0
27787,-0.0
27788,-0.0
27789,-0.0
27790,-0.0
27791,-0.0
27792,-0.0
27793,-0.0
27794,-0.0
27795,-0.0
27796,-0.0
27797,-0.0
27798,-0.0
27799,-0.0
27800,-0.0
27801,-0.0
27802,-0.0
27803,-0.0
27804,-0.0
27805,-0.0
27806,-0.0
27807,-0.0
27808,-0.0
27809,-0.0
27810,-0.0
27811,-0.0
27812,-0.0
27813,-0.0
27814,-0.0
27815,-0.0
27816,73.17372696789664
27817,-0.0
27818,-0.0
27819,-0.0
27820,-0.0
27821,-0.0
27822,-0.0
27823,-0.0
27824,-0.0
27825,-0.0
27826,-0.0
27827,-0.0
27828,-0.0
27829,-0.0
27830,-0.0
27831,-0.0
27832,-0.0
27833,-0.0
27834,-0.0
27835,-0.0
27836,-0.0
27837,218.4811234831887
27838,443.1560551357222
27839,444.78370584820254
27840,79.96116085260394
27841,316.9503571536124
27842,381.44630770995
27843,335.946288452316
27844,218.02137195901832
27845,312.160252157687
27846,373.30804450360426
27847,347.0314988462069
27848,220.41149576697347
27849,349.528547867051
27850,348.9367732392128
27851,374.54250300373775
27852,341.95661972591995
27853,389.4585784054932
27854,339.58361925625553
27855,398.9763887013775
27856,390.17807827688534
27857,411.89891330783996
27858,445.7126549774139
27859,450.47263573538766
27860,493.7914408485558
27861,408.83674228421836
27862,275.53114315019434
27863,340.821515425552
27864,664.4101087682268
27865,443.6234003492108
27866,272.4834110720718
27867,232.9521788122292
27868,143.62021187066523
27869,-0.0
27870,-0.0
27871,-0.0
27872,-0.0
27873,-0.0
27874,-0.0
27875,-0.0
27876,-0.0
27877,-0.0
27878,-0.0
27879,-0.0
27880,-0.0
27881,-0.0
27882,-0.0
27883,-0.0
27884,-0.0
27885,-0.0
27886,-0.0
27887,-0.0
27888,-0.0
27889,-0.0
27890,-0.0
27891,-0.0
27892,-0.0
27893,-0.0
27894,-0.0
27895,-0.0
27896,-0.0
27897,-0.0
27898,-0.0
27899,-0.0
27900,-0.0
27901,-0.0
27902,-0.0
27903,-0.0
27904,-0.0
27905,-0.0
27906,-0.0
27907,-0.0
27908,102.44298103456754
27909,-0.0
27910,-0.0
27911,-0.0
27912,83.36455209707196
27913,-0.0
27914,-0.0
27915,38.5867063204127
27916,404.1158684976389
27917,382.7825363194307
27918,406.0093883379375
27919,387.27417779906665
27920,354.37615459760167
27921,662.7621682583937
27922,713.6619469906504
27923,800.0
27924,151.72966452409824
27925,369.2602085887132
27926,377.18391679761424
27927,538.3618047617508
27928,-0.0
27929,377.18708499921814
27930,388.7395623429133
27931,571.5421470601984
27932,230.8039329604071
27933,396.8054347408674
27934,410.81488651638773
27935,468.2991886849418
27936,-0.0
27937,276.51020217069686
27938,515.5530996260719
27939,682.4548886295595
27940,192.7101749710376
27941,355.62234461204525
27942,350.76131591753625
27943,332.23088564452763
27944,376.130219323597
27945,359.3896012435181
27946,352.10635328453566
27947,381.73645757889227
27948,371.8203574951787
27949,364.42433172891174
27950,372.08284417912085
27951,521.2865299521927
27952,456.38049232797755
27953,617.1082613625587
27954,610.6771234952935
27955,576.8066430252641
27956,800.0
27957,591.5788868267156
27958,402.61036000085716
27959,493.4225374424951
27960,543.7111929426856
27961,468.4416453799512
27962,413.0154946826646
27963,359.70522655668367
27964,727.424324495825
27965,434.497016115692
27966,411.4465749628197
27967,520.5907881787283
27968,563.5068642930073
27969,490.029763952078
27970,471.46677909569695
27971,456.3577026627448
27972,515.8846425108327
27973,547.5151671764187
27974,558.374338146928
27975,620.997152494119
27976,177.2263998347794
27977,433.90703439165657
27978,410.6689609931709
27979,517.9962009003186
27980,424.63102478818246
27981,540.4052788608648
27982,553.4422733678207
27983,596.0195456125768
27984,343.4184810846738
27985,403.8676323966047
27986,391.959648928849
27987,470.05558282023975
27988,476.5662254312854
27989,493.312720787718
27990,549.9887628737805
27991,522.7402700821499
27992,434.6081845213995
27993,367.1324193400327
27994,328.7003526107677
27995,370.5671951440475
27996,365.1351613199345
27997,404.557317146825
27998,373.5244443854309
27999,403.26362511273965
28000,610.8163838289893
28001,462.8860985501082
28002,474.2595299992935
28003,393.96964153274814
28004,623.3153444056079
28005,333.1074724592841
28006,323.01817907545626
28007,223.9412262463558
28008,800.0
28009,373.91208053135944
28010,383.7469404096201
28011,122.17323106563185
28012,452.21864728300795
28013,370.44158194236826
28014,373.5592834820486
28015,530.2018033671142
28016,176.08869578340924
28017,452.29299323056637
28018,391.95664440787806
28019,452.62767464200374
28020,86.48309289405009
28021,408.1274961751805
28022,426.6001706661929
28023,539.7731595798919
28024,135.03233859855843
28025,185.2708570502316
28026,312.0640534295793
28027,370.42027342093286
28028,-0.0
28029,331.56425657836064
28030,465.0890008778715
28031,486.6997178123751
28032,-0.0
28033,263.4881057360941
28034,446.0506958933112
28035,563.1587412710558
28036,233.60407642694074
28037,302.80875449959524
28038,283.738862549287
28039,304.2029612974874
28040,249.93469953039923
28041,330.4207572297451
28042,340.67470692650005
28043,496.48272386695135
28044,188.1490725206142
28045,333.37972909676836
28046,346.28094518179535
28047,285.6211610096067
28048,341.0910876702445
28049,447.19513817759315
28050,388.3518435053529
28051,429.8754676400081
28052,492.65703634181415
28053,523.5519300973
28054,465.58812261742196
28055,670.1863474400743
28056,800.0
28057,317.24290802123323
28058,122.99208678035029
28059,429.63208889352194
28060,583.2282469929207
28061,299.9604046069547
28062,331.05959481949037
28063,424.8916434297936
28064,403.9124783157682
28065,448.5073436339608
28066,472.4996473892323
28067,451.65980034099294
28068,460.5581761532256
28069,515.6924784667596
28070,509.96490073503435
28071,607.8646160297084
28072,223.8506165344508
28073,508.0363779725052
28074,484.01248725148577
28075,656.6562929321976
28076,429.2434396663678
28077,519.3339413345924
28078,471.68178996954924
28079,536.5963892629097
28080,171.39558014553592
28081,349.85037966544706
28082,280.74089693493227
28083,544.3037805882129
28084,374.8142889159691
28085,531.881218041196
28086,494.22318939979914
28087,499.40765344380856
28088,383.7745672153016
28089,347.9812052051633
28090,282.95919689010157
28091,390.6414344305395
28092,344.6611619876911
28093,293.00226792187743
28094,285.25980619146566
28095,293.9634544465467
28096,481.0639265544135
28097,391.6689565253121
28098,159.33243047343458
28099,342.75247482599394
28100,800.0
28101,415.9697728757727
28102,363.0839633538693
28103,280.57126710312946
28104,553.0163857791468
28105,267.15900810494685
28106,177.4379183335534
28107,208.83703479017467
28108,442.1667687773654
28109,305.3158659799377
28110,365.3982651058711
28111,334.3162229135842
28112,253.89058070706807
28113,366.6594025565841
28114,359.1163523064512
28115,304.46644028101224
28116,4.839121582547705
28117,258.1710808356759
28118,320.74786927161983
28119,415.4946440504494
28120,-0.0
28121,227.14089246707346
28122,261.1990051827162
28123,388.5610002572157
28124,-0.0
28125,294.798437299658
28126,495.7064851951038
28127,800.0
28128,113.16498757450819
28129,129.60519560168922
28130,212.88020006954795
28131,295.8922093626942
28132,100.78071636094867
28133,248.48544602526061
28134,244.2017530130907
28135,271.9116354781719
28136,136.6692490312685
28137,274.52419606300845
28138,157.251978181149
28139,277.62477426439807
28140,308.2449429744221
28141,312.7974837557001
28142,311.4866930652821
28143,276.1209578608253
28144,289.77860488661753
28145,365.09517066018157
28146,367.3510415185189
28147,379.1777600988636
28148,363.46244541061617
28149,431.96939126016815
28150,265.79733120846896
28151,453.0284328378106
28152,800.0
28153,386.96501477416746
28154,325.99940239958136
28155,331.4495706930531
28156,555.9257425945463
28157,450.21190401469374
28158,296.47379309821736
28159,475.495190729301
28160,315.8935690592348
28161,125.67415854501763
28162,78.07657007840868
28163,162.35385264149636
28164,-0.0
28165,-0.0
28166,-0.0
28167,-0.0
28168,88.63019698430315
28169,432.3038985276611
28170,366.12767797477534
28171,442.8726972228129
28172,-0.0
28173,-0.0
28174,-0.0
28175,-0.0
28176,259.72919493393266
28177,456.9453491270048
28178,405.96164579650343
28179,420.8718686038633
28180,6.225434982382808
28181,385.35196453004596
28182,335.06964543306333
28183,415.4231175940423
28184,375.31175650286497
28185,330.808868961292
28186,286.2888580814282
28187,347.30632427969874
28188,335.67236872645975
28189,271.12935723195164
28190,291.97776594933634
28191,267.76307478109965
28192,454.5074975638059
28193,227.31802067775246
28194,52.682331612998496
28195,112.3664903150189
28196,531.5184466519278
28197,305.7263694473285
28198,144.83445259059073
28199,89.05330426001399
28200,491.20139706955143
28201,91.09975054249031
28202,9.542363540066049
28203,50.12192448834264
28204,324.998307906791
28205,278.56177657198435
28206,311.6870721631855
28207,275.8995627474428
28208,128.47446778732183
28209,305.2982341508766
28210,352.3527089297698
28211,252.7963001532615
28212,59.038381505702716
28213,313.3288428907085
28214,359.70764312547703
28215,329.05274393005936
28216,25.50795123269404
28217,210.91131730015022
28218,224.8485990301334
28219,307.74243704845367
28220,110.74864558638848
28221,236.80572724682372
28222,295.01175455270743
28223,383.02373916389547
28224,-0.0
28225,15.210709381400079
28226,254.04836744405878
28227,349.5862789670891
28228,130.88981747585888
28229,288.9955213207917
28230,269.651412815792
28231,321.7230109329759
28232,161.67998660243512
28233,318.1059716689311
28234,296.2386206448809
28235,345.94894816314957
28236,227.576597133088
28237,338.1546326090534
28238,300.5313591350084
28239,343.0161697943328
28240,294.7379971248701
28241,376.2210134977779
28242,374.4926090972606
28243,353.6121542872738
28244,538.7850797633898
28245,495.21232495346675
28246,348.08498033541014
28247,410.9675722917934
28248,505.5993439974008
28249,442.74882281557774
28250,297.61918949400075
28251,261.9846065204358
28252,141.67476898146893
28253,-0.0
28254,-0.0
28255,-0.0
28256,-0.0
28257,-0.0
28258,-0.0
28259,-0.0
28260,-0.0
28261,-0.0
28262,-0.0
28263,-0.0
28264,-0.0
28265,-0.0
28266,-0.0
28267,49.62008073546298
28268,-0.0
28269,-0.0
28270,-0.0
28271,-0.0
28272,-0.0
28273,20.350494127143747
28274,-0.0
28275,6.589139453982732
28276,-0.0
28277,359.7473259255398
28278,303.6342052582755
28279,366.36075193479326
28280,305.48181003866864
28281,304.09297202635975
28282,358.5173284372296
28283,373.20245475687454
28284,389.0353662738935
28285,362.0097447040403
28286,165.78048672503158
28287,338.03456428705954
28288,443.65716321697994
28289,259.37644710355806
28290,134.85525262125572
28291,237.3733176575789
28292,272.00022906837347
28293,122.78263752253105
28294,176.64994979095653
28295,280.72685325614077
28296,647.9075006490507
28297,117.21652322017087
28298,71.47233064092535
28299,85.43578118715692
28300,509.97402248660757
28301,386.0071877539581
28302,311.49356264121843
28303,424.3120624123976
28304,159.25022265035716
28305,382.03737612256054
28306,357.83441482507317
28307,365.06580896037116
28308,-0.0
28309,321.32791402870873
28310,340.6287303791693
28311,290.93869440079527
28312,-0.0
28313,149.56139495637976
28314,294.1601529517606
28315,365.8100015396167
28316,136.64308021502012
28317,293.7126937330387
28318,251.17602925002984
28319,394.33992332185494
28320,68.81234208232132
28321,170.1671247209047
28322,328.9544050682739
28323,416.49595452805374
28324,151.02777179980907
28325,335.0540544076638
28326,360.6656614485424
28327,314.50017846682323
28328,49.16779884246563
28329,321.75774141836956
28330,261.8656342488831
28331,318.6833320332283
28332,50.05144653601445
28333,361.17672904365617
28334,324.6242023360448
28335,314.0302271242273
28336,272.9139629373171
28337,322.8439687938012
28338,366.59359359621294
28339,381.5615475036109
28340,423.96294205546116
28341,408.19526505275894
28342,364.82192172311466
28343,524.9975069100643
28344,572.4534643603487
28345,428.82498773151093
28346,381.1899350228004
28347,392.8060454248455
28348,333.6403825936891
28349,273.8578850298832
28350,187.49990950773778
28351,197.77415074438733
28352,-0.0
28353,-0.0
28354,-0.0
28355,-0.0
28356,-0.0
28357,-0.0
28358,-0.0
28359,-0.0
28360,76.64033880266193
28361,311.6417383899145
28362,157.06061222359477
28363,250.64091172112245
28364,-0.0
28365,97.10792393048797
28366,88.28878879337262
28367,56.880651540751785
28368,-0.0
28369,207.45007570607197
28370,185.5421169202744
28371,247.483813891883
28372,125.58317948599714
28373,254.28165025835077
28374,233.62943545572477
28375,301.4286113046338
28376,131.46166601060276
28377,35.98999789283971
28378,204.89542483307676
28379,244.47587588772836
28380,30.71298680653865
28381,85.91677477281814
28382,24.434242208722672
28383,0.8866639154652205
28384,457.0593844376223
28385,360.87460221559115
28386,365.2138257438198
28387,351.3455458577698
28388,475.2198943230294
28389,354.32749365747935
28390,182.17173027527878
28391,117.64635060983179
28392,554.3812555591868
28393,276.1305118295533
28394,239.84052116980035
28395,-0.0
28396,374.68540437851317
28397,357.852689208238
28398,472.8639925096976
28399,293.77130271304304
28400,281.6464644014381
28401,344.87083126498993
28402,383.43237413775745
28403,522.6636134117941
28404,108.34993542732991
28405,309.7482418319906
28406,334.6125829103406
28407,506.0839872663753
28408,143.18162710398664
28409,307.14077789754697
28410,323.17506520811185
28411,403.9380929163308
28412,223.89865856740116
28413,301.4375177022288
28414,313.1786834586722
28415,437.23930818945144
28416,186.49187054800947
28417,307.85556114431756
28418,430.70881285506675
28419,384.1581683525953
28420,112.81538340875943
28421,330.9744339355303
28422,349.7766449694103
28423,308.3513350145825
28424,212.59688867298263
28425,306.1352842622664
28426,331.0980112381299
28427,374.90016034786146
28428,204.24555365840015
28429,298.6857790378967
28430,307.7343826253499
28431,323.8089927448526
28432,319.6712205468744
28433,353.8264318170044
28434,377.1321193817332
28435,406.14177444890623
28436,379.72589563577094
28437,382.10111836992036
28438,368.92093488184565
28439,397.6420441894621
28440,416.8801150080499
28441,390.8772866083828
28442,360.73933228443263
28443,376.05018602771975
28444,-0.0
28445,-0.0
28446,-0.0
28447,-0.0
28448,-0.0
28449,-0.0
28450,-0.0
28451,-0.0
28452,-0.0
28453,-0.0
28454,-0.0
28455,-0.0
28456,-0.0
28457,-0.0
28458,-0.0
28459,-0.0
28460,-0.0
28461,-0.0
28462,-0.0
28463,-0.0
28464,-0.0
28465,-0.0
28466,-0.0
28467,-0.0
28468,-0.0
28469,-0.0
28470,-0.0
28471,-0.0
28472,-0.0
28473,-0.0
28474,-0.0
28475,-0.0
28476,-0.0
28477,-0.0
28478,-0.0
28479,-0.0
28480,-0.0
28481,-0.0
28482,-0.0
28483,-0.0
28484,332.3310943237651
28485,-0.0
28486,-0.0
28487,-0.0
28488,-0.0
28489,-0.0
28490,-0.0
28491,-0.0
28492,-0.0
28493,-0.0
28494,-0.0
28495,-0.0
28496,-0.0
28497,-0.0
28498,-0.0
28499,-0.0
28500,-0.0
28501,-0.0
28502,-0.0
28503,-0.0
28504,-0.0
28505,-0.0
28506,-0.0
28507,-0.0
28508,-0.0
28509,-0.0
28510,23.299529294166575
28511,323.1959967900792
28512,311.98065085829916
28513,325.39303283909294
28514,324.3796344029203
28515,335.2735075078101
28516,307.33241738987516
28517,338.5472091728126
28518,344.57071974640587
28519,339.235320665677
28520,320.18101591364007
28521,342.59294082418626
28522,315.0771507260794
28523,347.7321362814666
28524,313.7232739365699
28525,328.837208553976
28526,312.21721761627987
28527,328.4722657832617
28528,364.2988617260601
28529,566.4058945453528
28530,553.545569012134
28531,473.5177081026767
28532,498.03817810939455
28533,511.95245922473333
28534,405.81735492436536
28535,422.757359802765
28536,397.84498577534197
28537,473.8736486716333
28538,213.25846614148077
28539,438.30905984158426
28540,201.20651168223955
28541,-0.0
28542,-0.0
28543,5.425172048806921
28544,-0.0
28545,-0.0
28546,-0.0
28547,-0.0
28548,-0.0
28549,-0.0
28550,-0.0
28551,-0.0
28552,-0.0
28553,-0.0
28554,-0.0
28555,-0.0
28556,-0.0
28557,-0.0
28558,-0.0
28559,-0.0
28560,-0.0
28561,-0.0
28562,-0.0
28563,-0.0
28564,-0.0
28565,-0.0
28566,-0.0
28567,-0.0
28568,-0.0
28569,-0.0
28570,-0.0
28571,-0.0
28572,-0.0
28573,-0.0
28574,-0.0
28575,-0.0
28576,-0.0
28577,-0.0
28578,-0.0
28579,-0.0
28580,54.24014661224578
28581,-0.0
28582,-0.0
28583,-0.0
28584,-0.0
28585,-0.0
28586,-0.0
28587,-0.0
28588,-0.0
28589,-0.0
28590,271.43135561890665
28591,309.97211440858456
28592,126.56921807627401
28593,465.3556727449584
28594,347.56336647198566
28595,407.0427449081439
28596,-0.0
28597,498.98076518737815
28598,347.9525860998991
28599,469.52975615144766
28600,106.50826941071574
28601,350.09466216941115
28602,224.4909170040516
28603,436.6199783972753
28604,189.44542426553315
28605,288.577399119922
28606,331.4460606215766
28607,525.5990761734026
28608,-0.0
28609,302.00361325479145
28610,416.9610208938787
28611,334.9620766310443
28612,217.64927566939556
28613,338.7523338771615
28614,248.99380454562458
28615,325.3576820260818
28616,36.463285162967736
28617,335.2651957586919
28618,316.0852103938908
28619,397.47259697976284
28620,240.40245028901583
28621,405.2262800901535
28622,293.77630210943045
28623,351.7690121622647
28624,332.8669694084456
28625,418.10865606172274
28626,382.24363249681767
28627,443.3941680422674
28628,558.1847187844483
28629,446.7465200383907
28630,433.66620869493755
28631,611.6280562576084
28632,485.791186108117
28633,456.9757523453341
28634,452.7957916624911
28635,353.10894856767914
28636,463.717442083856
28637,65.292805260482
28638,158.2994457680449
28639,257.69441579714623
28640,270.54230570542916
28641,281.2581535664051
28642,255.6374763656107
28643,261.7493887484784
28644,-0.0
28645,-0.0
28646,-0.0
28647,-0.0
28648,-0.0
28649,-0.0
28650,-0.0
28651,-0.0
28652,-0.0
28653,-0.0
28654,-0.0
28655,-0.0
28656,-0.0
28657,-0.0
28658,-0.0
28659,-0.0
28660,-0.0
28661,-0.0
28662,-0.0
28663,-0.0
28664,-0.0
28665,-0.0
28666,-0.0
28667,-0.0
28668,-0.0
28669,-0.0
28670,-0.0
28671,-0.0
28672,-0.0
28673,-0.0
28674,-0.0
28675,9.7666207704832
28676,-0.0
28677,-0.0
28678,-0.0
28679,-0.0
28680,29.8585985471027
28681,-0.0
28682,-0.0
28683,-0.0
28684,60.67524803666174
28685,337.4285803496394
28686,346.23593625208923
28687,421.5723097567356
28688,-0.0
28689,448.35256798093735
28690,414.35484607616627
28691,423.45995232068043
28692,-0.0
28693,404.1383606215129
28694,415.185647646448
28695,428.1098643461194
28696,-0.0
28697,324.13666852830397
28698,338.6079691041291
28699,337.4099562209956
28700,151.790080016928
28701,317.47401234932227
28702,341.4338534965385
28703,551.1208813396829
28704,116.5195401546109
28705,275.6500389006048
28706,329.565725888948
28707,402.66441705637845
28708,225.8215401075101
28709,315.4796311030421
28710,318.0611305907058
28711,427.0654320124069
28712,214.86032890088268
28713,376.3151799658267
28714,328.8565500153007
28715,507.9667325394418
28716,76.90972740014891
28717,321.2925393654346
28718,308.42611606899516
28719,332.74233383403754
28720,343.1433568891729
28721,393.8226548409205
28722,388.68381584204053
28723,427.6363040175235
28724,444.97540745989704
28725,467.2762582575995
28726,449.99143833085463
28727,474.46839359560244
28728,566.9416319300336
28729,463.36628245085194
28730,468.588645181859
28731,463.39564415066235
28732,511.2753891620217
28733,357.4583625656592
28734,331.7163212064768
28735,402.26115166935966
28736,79.91790175311522
28737,102.92206965750711
28738,140.72446307193636
28739,85.96494144081677
28740,230.6704489474913
28741,381.4651460011863
28742,361.58345258407445
28743,451.23974930448105
28744,359.74926772378524
28745,399.2180583439158
28746,412.03325635370106
28747,568.9455427113342
28748,67.15085453854181
28749,205.00155693544372
28750,173.22431089457925
28751,179.43607758315372
28752,-0.0
28753,-0.0
28754,-0.0
28755,-0.0
28756,-0.0
28757,-0.0
28758,-0.0
28759,-0.0
28760,-0.0
28761,-0.0
28762,-0.0
28763,-0.0
28764,-0.0
28765,-0.0
28766,-0.0
28767,-0.0
28768,-0.0
28769,-0.0
28770,-0.0
28771,-0.0
28772,110.02666372840588
28773,-0.0
28774,39.282849866183824
28775,321.404777748161
28776,800.0
28777,273.79272565409485
28778,259.51171703471664
28779,207.09370763534602
28780,496.89472812469523
28781,387.5173652426968
28782,365.8574788773005
28783,414.1099665393271
28784,167.4892883484255
28785,424.7905507421808
28786,383.220950060195
28787,339.19169055359225
28788,-0.0
28789,516.0614581464358
28790,389.42433172891174
28791,441.6141258028797
28792,197.08096078305596
28793,295.0234844234567
28794,221.3240213515204
28795,316.3594763124985
28796,225.16344802853035
28797,313.76725663147283
28798,318.08297105428665
28799,389.6606742785637
28800,43.89675048937818
28801,339.0045330869898
28802,352.0586433819366
28803,489.93290623408984
28804,140.12163198238625
28805,321.0422385192525
28806,318.4772986480742
28807,358.04456392459656
28808,295.7623082171189
28809,307.3052304944812
28810,321.4685187140417
28811,385.04012780020804
28812,248.28066575939843
28813,308.5581103322892
28814,320.1507222089532
28815,364.7851819565975
28816,311.05652368130103
28817,371.26295296787396
28818,409.2823021095747
28819,450.4443008333223
28820,469.5988488221392
28821,523.2808817442125
28822,505.3279265748261
28823,448.8335494006563
28824,559.5649951276117
28825,503.2070196054663
28826,253.28951993450016
28827,498.7903552328038
28828,345.16030444127955
28829,128.5445140900388
28830,157.54808858920546
28831,211.65856361930295
28832,-0.0
28833,-0.0
28834,-0.0
28835,-0.0
28836,-0.0
28837,-0.0
28838,-0.0
28839,-0.0
28840,-0.0
28841,-0.0
28842,-0.0
28843,-0.0
28844,-0.0
28845,-0.0
28846,-0.0
28847,-0.0
28848,-0.0
28849,-0.0
28850,-0.0
28851,-0.0
28852,-0.0
28853,-0.0
28854,-0.0
28855,-0.0
28856,-0.0
28857,-0.0
28858,-0.0
28859,-0.0
28860,-0.0
28861,-0.0
28862,-0.0
28863,-0.0
28864,-0.0
28865,-0.0
28866,-0.0
28867,-0.0
28868,13.293374351117563
28869,-0.0
28870,-0.0
28871,-0.0
28872,134.08526025286085
28873,-0.0
28874,-0.0
28875,-0.0
28876,-0.0
28877,-0.0
28878,24.69345842536336
28879,67.65141331084578
28880,-0.0
28881,-0.0
28882,-0.0
28883,-0.0
28884,-0.0
28885,-0.0
28886,-0.0
28887,-0.0
28888,-0.0
28889,-0.0
28890,84.13590437988907
28891,417.9452327151505
28892,29.783082575718595
28893,308.85386562250903
28894,382.7265219945596
28895,539.7699666963298
28896,-0.0
28897,130.90962520694126
28898,382.7179603254143
28899,346.7946724877427
28900,220.26718035785728
28901,319.7397139000372
28902,296.9025900002143
28903,353.39953682785074
28904,203.24961196637906
28905,310.97877547357893
28906,348.0445638765186
28907,298.5024774702776
28908,297.78922986278485
28909,318.5169971830556
28910,302.5497484611495
28911,339.9552221924105
28912,339.92497119529884
28913,389.3875819113875
28914,396.0321653891866
28915,418.8588901506447
28916,430.10890175259357
28917,437.64857708367714
28918,421.26802854026164
28919,472.13569862493887
28920,543.4018844483713
28921,516.4541384819097
28922,399.6518966246043
28923,470.0807317146825
28924,531.0792591820068
28925,266.71275717062156
28926,205.6980000471008
28927,298.6549626330006
28928,280.4888896089059
28929,267.1984324615605
28930,283.90643627745806
28931,258.16784581242007
28932,-0.0
28933,-0.0
28934,-0.0
28935,-0.0
28936,-0.0
28937,-0.0
28938,-0.0
28939,-0.0
28940,-0.0
28941,-0.0
28942,-0.0
28943,-0.0
28944,-0.0
28945,-0.0
28946,-0.0
28947,-0.0
28948,-0.0
28949,-0.0
28950,-0.0
28951,-0.0
28952,-0.0
28953,-0.0
28954,-0.0
28955,-0.0
28956,-0.0
28957,-0.0
28958,-0.0
28959,-0.0
28960,-0.0
28961,84.89580243212555
28962,348.4448135815551
28963,437.55429631206994
28964,800.0
28965,594.3058926300876
28966,410.2421951440475
28967,270.7038773234545
28968,666.7902194805997
28969,329.44075527357614
28970,280.48098141971894
28971,325.7889855241376
28972,448.59256254100546
28973,415.27912621342057
28974,435.832977472303
28975,387.4880035428865
28976,126.90385012379522
28977,517.3235632147735
28978,379.2831845213995
28979,381.51774685830145
28980,118.34996010928805
28981,332.5777807355266
28982,405.3994980722259
28983,423.1243032916185
28984,147.27817167935547
28985,316.98015351329286
28986,263.1042795757221
28987,327.25120186638037
28988,233.34158974299856
28989,344.392769445122
28990,357.29986280650274
28991,530.379373153229
28992,11.001895489517153
28993,232.09440742897237
28994,290.05504670724645
28995,317.60985151008674
28996,254.03978109295528
28997,310.64365313348065
28998,291.0162332319157
28999,543.8001938205571
29000,214.36640932601776
29001,263.7537853035983
29002,372.9488847255667
29003,442.40480342022636
29004,256.82821937069775
29005,303.9981810316252
29006,316.9368366767957
29007,334.1564762593863
29008,251.31229148077108
29009,320.017607147103
29010,362.91345444654667
29011,333.4159603725151
29012,356.3230290519377
29013,420.62016871002396
29014,329.8774522391734
29015,417.45327305749277
29016,330.6649616549161
29017,366.1931525883206
29018,314.9234534684622
29019,392.7862376937631
29020,320.93154554744194
29021,195.2641920056906
29022,297.4331613670354
29023,273.54507374990305
29024,412.1040563578213
29025,399.00396196524395
29026,439.24884150208317
29027,401.4405954932583
29028,236.30643874139548
29029,291.9202463662535
29030,272.3821198485164
29031,146.94303099608388
29032,137.84465713400883
29033,304.0685710093924
29034,327.9855118355647
29035,310.5354563435921
29036,123.05204356888947
29037,281.4094718446397
29038,353.77782800430526
29039,318.44902386922155
29040,-0.0
29041,160.9685503727294
29042,47.9655865575408
29043,188.76235743605517
29044,121.9071399176358
29045,202.34405286804707
29046,191.15511014482934
29047,236.56682189661683
29048,26.074778164713237
29049,35.62683513717899
29050,-0.0
29051,-0.0
29052,49.637073545799495
29053,68.72723235404422
29054,83.96355022173805
29055,-0.0
29056,315.46557485659537
29057,262.25098588156635
29058,-0.0
29059,203.5397929388807
29060,466.8599729573434
29061,206.7323489168899
29062,131.8290203674245
29063,-0.0
29064,390.8254081027403
29065,243.74087183041047
29066,178.1040882728662
29067,195.19651110267318
29068,395.89121706311147
29069,329.7636821323062
29070,313.39564415066235
29071,360.38921962791346
29072,84.07262818228409
29073,288.5891783545875
29074,349.98824544729257
29075,327.3585862061235
29076,28.334312879392257
29077,406.7765815318274
29078,394.9145992933605
29079,392.46084242705547
29080,71.04690441922324
29081,304.4055162974121
29082,232.41194082016096
29083,357.7820771925765
29084,22.023497507016145
29085,276.2535433991922
29086,286.951759431107
29087,536.7217261274368
29088,-0.0
29089,178.42919103361746
29090,467.61224339692205
29091,306.16913499213535
29092,139.63088060912526
29093,307.34996559449553
29094,317.2817487697395
29095,300.6928225643734
29096,325.3050626684668
29097,477.84989302934775
29098,706.8973359963445
29099,800.0
29100,439.26995386029716
29101,294.1457140062616
29102,232.4381096364093
29103,295.9183781789425
29104,389.49014068928295
29105,288.78217938578416
29106,241.3983919810369
29107,308.09791849055614
29108,177.28085607214712
29109,268.37953779391245
29110,302.2387475200467
29111,321.79936616165776
29112,374.7754366850136
29113,328.7542937943687
29114,333.26941969746144
29115,327.0799684834733
29116,290.01794748938164
29117,241.3842686958584
29118,309.74689913629413
29119,333.65476980255073
29120,-0.0
29121,-0.0
29122,-0.0
29123,-0.0
29124,-0.0
29125,-0.0
29126,-0.0
29127,-0.0
29128,-0.0
29129,23.25856026126769
29130,-0.0
29131,15.48335852036396
29132,-0.0
29133,-0.0
29134,-0.0
29135,-0.0
29136,222.45056593290056
29137,263.81492722217007
29138,97.17833397737446
29139,227.3458659859491
29140,232.33781475773173
29141,246.63004475708888
29142,235.35449304283495
29143,236.25794846746612
29144,289.42756546323614
29145,276.56961685079006
29146,270.207480827458
29147,263.8335655694605
29148,306.9615759409042
29149,316.8691143554724
29150,191.53056494880474
29151,280.52726987203505
29152,353.21874947621563
29153,294.7443582100361
29154,268.73448606328634
29155,202.33270989583153
29156,783.1472027031624
29157,493.2018421227389
29158,229.0674506995567
29159,276.1738286660505
29160,459.666043064147
29161,344.2034451062997
29162,368.3689668436436
29163,365.40682677501644
29164,273.1774419208419
29165,322.92201611569203
29166,289.1873140675916
29167,308.89227280027706
29168,96.28958337208303
29169,323.0807951522654
29170,336.75237263278626
29171,279.74438289199423
29172,227.36059548724694
29173,359.1393529210956
29174,334.7803216617846
29175,477.1305375016186
29176,-0.0
29177,269.4263163280771
29178,129.28178493414688
29179,91.84026642936152
29180,195.14361561548986
29181,330.19466458669115
29182,324.04926818700415
29183,415.55318926752096
29184,213.0272245534139
29185,306.72818538316363
29186,375.98364490853174
29187,581.4099305489303
29188,151.51237393124484
29189,337.28205256863043
29190,329.86142643469543
29191,337.1666569291765
29192,312.2864635414672
29193,359.1624137823542
29194,506.4191154905596
29195,161.733479098827
29196,308.9050398649112
29197,367.59981373254647
29198,385.12523215361824
29199,222.11176835626569
29200,262.76911435547237
29201,321.1186782379854
29202,304.07889729213997
29203,319.05293284536003
29204,362.3360032243587
29205,343.43525961282705
29206,385.45918908947124
29207,370.5589854654297
29208,383.4268233761213
29209,375.5957730569768
29210,401.79536744398564
29211,402.2431240060473
29212,39.594376644429985
29213,26.91329851953745
29214,10.175751013654402
29215,-0.0
29216,-0.0
29217,-0.0
29218,-0.0
29219,-0.0
29220,-0.0
29221,-0.0
29222,-0.0
29223,-0.0
29224,-0.0
29225,-0.0
29226,-0.0
29227,-0.0
29228,-0.0
29229,-0.0
29230,-0.0
29231,-0.0
29232,-0.0
29233,-0.0
29234,-0.0
29235,-0.0
29236,-0.0
29237,-0.0
29238,-0.0
29239,-0.0
29240,-0.0
29241,-0.0
29242,-0.0
29243,-0.0
29244,-0.0
29245,-0.0
29246,-0.0
29247,-0.0
29248,-0.0
29249,-0.0
29250,-0.0
29251,-0.0
29252,263.93206598668485
29253,-0.0
29254,-0.0
29255,-0.0
29256,440.68951489909807
29257,-0.0
29258,-0.0
29259,-0.0
29260,-0.0
29261,-0.0
29262,-0.0
29263,212.75485313421632
29264,-0.0
29265,482.1305621835768
29266,733.37025707371
29267,677.7328065585833
29268,219.8897152826512
29269,437.43148072724506
29270,512.6609290190025
29271,505.94916414796364
29272,146.51315438748682
29273,456.5793706355279
29274,394.5018952419903
29275,446.89692870867464
29276,314.9882454472926
29277,410.8180793999498
29278,437.8206756732004
29279,640.8392867182847
29280,-0.0
29281,489.7538356576218
29282,407.61055130371307
29283,392.50684365634424
29284,368.28675902056614
29285,450.81118514205525
29286,457.13324657636844
29287,411.66058615902267
29288,245.21479336144438
29289,352.74732202522466
29290,355.4838817973246
29291,460.6262372892336
29292,335.484390288095
29293,356.80323415688804
29294,305.45602088786734
29295,428.06337930801834
29296,358.515023709885
29297,322.7248052193926
29298,309.07622835351606
29299,378.6476092482519
29300,392.35759390654084
29301,412.2228324661527
29302,464.19928460511306
29303,412.6959520103526
29304,363.4854213433025
29305,426.8940036491108
29306,382.0099990219155
29307,308.39762874982773
29308,568.7603876230801
29309,428.8675806599673
29310,351.9280595903799
29311,341.8595662372171
29312,437.3115383203666
29313,187.8762283535161
29314,207.91903669924287
29315,244.94516675986642
29316,505.03265344380856
29317,481.0953963957835
29318,502.89642996869213
29319,518.8255950827174
29320,228.23960010843086
29321,460.15534424860516
29322,420.08317420306804
29323,398.00516563680196
29324,-0.0
29325,-0.0
29326,-0.0
29327,-0.0
29328,-0.0
29329,-0.0
29330,-0.0
29331,-0.0
29332,-0.0
29333,39.48358425596594
29334,-0.0
29335,44.760534567365255
29336,155.09165708089657
29337,10.948919973383
29338,156.7317357152106
29339,308.29033100203156
29340,390.9634285269546
29341,258.95101293624566
29342,193.08598937134064
29343,220.05704804275962
29344,624.5228865755113
29345,364.0109278839153
29346,361.14765984980215
29347,353.79441774730384
29348,800.0
29349,402.66758261012484
29350,464.5948406362344
29351,549.8991680482787
29352,583.8359412874916
29353,417.03785993137285
29354,436.7112810622266
29355,443.2412416000896
29356,414.2836930121699
29357,438.17178062930225
29358,568.4371676908501
29359,565.3830498456034
29360,-0.0
29361,383.80735590244984
29362,402.92051532533895
29363,549.9500542543386
29364,8.069625611470713
29365,496.12555033163994
29366,496.6307406504
29367,702.0367911106478
29368,234.18194528200834
29369,353.29628830733606
29370,353.7347020481004
29371,404.16673002174065
29372,178.5649694555464
29373,359.01165235949975
29374,398.67597864847966
29375,664.7359113226044
29376,104.20422142106833
29377,339.4681323742212
29378,484.1566675622422
29379,329.0816218210575
29380,-0.0
29381,170.34890437212243
29382,232.52155042584155
29383,243.6067855016905
29384,-0.0
29385,250.25223292158782
29386,218.3560040065395
29387,169.42513272563852
29388,-0.0
29389,155.18744094275743
29390,158.86808858319407
29391,175.16980911369635
29392,254.2472457516091
29393,204.13006677636582
29394,121.4179837273052
29395,209.3984554186198
29396,459.41429395137146
29397,280.137279212282
29398,372.105145000139
29399,418.05092496168464
29400,360.89320166227685
29401,408.26571832312897
29402,287.61551280162644
29403,333.5414850320897
29404,519.5214733371556
29405,392.71483031189155
29406,428.6295317984597
29407,436.79594364217866
29408,421.63807729880085
29409,382.8542058198077
29410,284.0370799638158
29411,308.8237627107664
29412,283.1644875968917
29413,335.8220077475181
29414,455.716315500984
29415,456.08301832306535
29416,201.3847624004385
29417,372.0799768516472
29418,381.9009062751792
29419,445.02080839883894
29420,230.6985369751645
29421,245.16398495659402
29422,39.77285725065752
29423,249.53426227784203
29424,385.08024343801145
29425,394.18800939335915
29426,345.2774296523528
29427,418.22043710156584
29428,183.20711871342922
29429,398.00647179152753
29430,391.64380259546704
29431,421.640609711905
29432,157.1255972804018
29433,242.8137508528182
29434,316.64311507032977
29435,347.9587907375188
29436,313.2423510240502
29437,166.59937201213052
29438,172.75943684435015
29439,204.6407430050871
29440,382.26709223831625
29441,274.94253672396013
29442,218.11630195242773
29443,146.04201944245222
29444,377.98613298285426
29445,121.06550386590891
29446,341.1823903351958
29447,358.5142992343006
29448,459.704450241915
29449,366.36046861208115
29450,367.8038695228242
29451,438.9634505462315
29452,344.5391188173198
29453,410.6752154172704
29454,393.0744093851413
29455,453.9939958484805
29456,75.82011583829933
29457,442.3570854157704
29458,379.5782257887141
29459,313.4651298034079
29460,-0.0
29461,473.1296720772018
29462,420.6480296194813
29463,417.3223796123348
29464,210.6691221561027
29465,380.90517219979824
29466,294.8647053868833
29467,376.251583481985
29468,205.3398342122067
29469,289.56161094119375
29470,382.2935017213367
29471,471.23515993732053
29472,193.1143420352205
29473,436.0250108858751
29474,577.1596313774307
29475,583.9724441850049
29476,42.62925195349919
29477,302.74243704845367
29478,329.60391079615016
29479,440.80262347290994
29480,290.1849478528217
29481,399.26775327631776
29482,282.7226293173713
29483,322.53985736657086
29484,253.12457111561673
29485,375.5614206284451
29486,295.62652979519
29487,359.554232874487
29488,299.7054425414977
29489,341.3531152273325
29490,311.2354524432769
29491,354.8461059401977
29492,453.67547015770924
29493,487.5293357802183
29494,344.23329061492234
29495,454.50240373276074
29496,466.01526561429114
29497,575.4625979578473
29498,366.3235375427081
29499,345.70017594912207
29500,306.891424112208
29501,260.0683575422795
29502,284.79094810402603
29503,330.7168956525312
29504,195.67263573538767
29505,85.81896042562732
29506,105.39718621434142
29507,233.07086208563402
29508,419.18450084947665
29509,528.4896936859379
29510,470.0206958872998
29511,530.1613346040417
29512,363.16962089608523
29513,489.2983394293291
29514,411.64720504582675
29515,424.6804981784503
29516,454.39472170667887
29517,483.68109911164044
29518,484.4289437013022
29519,497.3879155683254
29520,444.0507361765299
29521,486.6852557125119
29522,441.6226396357028
29523,526.2373126849776
29524,351.40545229228553
29525,397.07430662439003
29526,323.79930215653127
29527,666.7513032445177
29528,434.19741390010086
29529,353.31843519850906
29530,419.73465031146293
29531,378.57456079728524
29532,378.3464313513061
29533,121.22963300156016
29534,278.2468842051239
29535,303.99695406072317
29536,538.4621529046599
29537,96.2536446022927
29538,207.71215957020294
29539,352.6631814421661
29540,546.5563947028415
29541,313.17744192084194
29542,365.1137701068672
29543,282.7133678545996
29544,357.44618749674237
29545,414.3419326029784
29546,433.6486015478346
29547,421.8272517530732
29548,396.85927316371715
29549,435.2705645442752
29550,445.88217158515386
29551,411.43701514361896
29552,221.18655083638242
29553,462.0278221538325
29554,435.0824238078915
29555,473.6150546648795
29556,89.48267252282074
29557,281.98160493972966
29558,448.6642240957722
29559,519.3871081535823
29560,114.04865995001512
29561,359.7942521165133
29562,425.7598151271832
29563,489.1764752933246
29564,153.49330790077963
29565,381.54882533327896
29566,470.28251039983854
29567,526.9558434111514
29568,1.2039666806295486
29569,288.8484721549676
29570,345.43788056803584
29571,355.08561669145354
29572,142.56951157233763
29573,316.49793912721907
29574,317.16776107694807
29575,416.42378448251657
29576,188.402997535411
29577,406.4499532987649
29578,323.31072725283514
29579,411.0891277530373
29580,294.2526392191505
29581,337.54844371767433
29582,309.90163645625637
29583,410.6993996343534
29584,290.83447826265603
29585,306.6599110473545
29586,286.18676682119644
29587,338.68601642601993
29588,466.98351301775267
29589,362.88138367198655
29590,363.5255452962376
29591,401.440208027181
29592,483.75719417197445
29593,382.6739436952908
29594,378.1705723449055
29595,406.10015783016024
29596,714.404314183505
29597,526.2878727674055
29598,451.85766376214
29599,375.81134435482954
29600,243.6697481938146
29601,264.6395210695873
29602,234.54754329296782
29603,202.1840474281152
29604,206.42689995737584
29605,452.04897674542286
29606,418.9831043474688
29607,588.726202433924
29608,164.69372575430785
29609,503.58761412665154
29610,463.96338710864865
29611,444.924598315276
29612,96.74358466049543
29613,374.2298195890306
29614,150.80709084367953
29615,187.28739814183757
29616,518.276323313637
29617,397.5191925792455
29618,126.92430158898767
29619,437.3075674194051
29620,71.2683589248935
29621,56.2453829922072
29622,36.91839782549826
29623,349.03372006684924
29624,310.76788405179866
29625,99.34557567767706
29626,225.61914279276564
29627,341.97075722974506
29628,379.7250433684635
29629,385.95778673699067
29630,230.9517181577811
29631,144.7177418228991
29632,590.9347498844227
29633,273.3227743114989
29634,293.48104485730187
29635,274.2636692962735
29636,437.22551685894433
29637,364.62570312639787
29638,364.11466021324225
29639,372.1773150456761
29640,433.3652901512693
29641,386.3743990668098
29642,414.6097880725039
29643,398.3170883380011
29644,-0.0
29645,366.0456196136842
29646,434.4708167670129
29647,400.4063429662042
29648,371.96888276939774
29649,447.00482153918813
29650,459.4580945966809
29651,363.3887992566841
29652,242.2825481653561
29653,458.13554935355546
29654,477.41336508937167
29655,664.6209576132985
29656,208.07958686786873
29657,344.3585474504987
29658,218.6420244778546
29659,376.6412869187107
29660,214.86889057002804
29661,333.5587996732363
29662,256.77636554701337
29663,353.1889039675929
29664,-0.0
29665,-0.0
29666,293.080286661495
29667,359.2308222069447
29668,78.87275757515107
29669,293.62879381675225
29670,258.38120520516327
29671,290.7853088317633
29672,260.60401298935784
29673,284.318931988334
29674,309.029743315415
29675,319.8177365399699
29676,276.76148576613315
29677,303.9693031406271
29678,294.650369277202
29679,327.67832018129144
29680,283.2538378609491
29681,295.00950328617853
29682,305.3124169278522
29683,303.39196745828804
29684,351.65671816379245
29685,342.0747560216041
29686,367.4945683368471
29687,365.5949639570416
29688,401.18038105407237
29689,384.5729184900753
29690,418.2161294553481
29691,410.34482884440143
29692,271.62972909676836
29693,182.3736646825776
29694,212.0809471852523
29695,223.9912455345364
29696,-0.0
29697,-0.0
29698,-0.0
29699,-0.0
29700,-0.0
29701,-0.0
29702,-0.0
29703,-0.0
29704,-0.0
29705,-0.0
29706,-0.0
29707,-0.0
29708,-0.0
29709,-0.0
29710,-0.0
29711,-0.0
29712,-0.0
29713,-0.0
29714,-0.0
29715,-0.0
29716,-0.0
29717,-0.0
29718,-0.0
29719,-0.0
29720,-0.0
29721,-0.0
29722,-0.0
29723,-0.0
29724,-0.0
29725,-0.0
29726,-0.0
29727,-0.0
29728,-0.0
29729,-0.0
29730,-0.0
29731,-0.0
29732,84.45247156571259
29733,-0.0
29734,-0.0
29735,-0.0
29736,150.3255729909506
29737,2.7218912631740295
29738,-0.0
29739,-0.0
29740,-0.0
29741,-0.0
29742,-0.0
29743,159.92106958372398
29744,144.5939495397522
29745,343.3545525801027
29746,360.3806579587681
29747,328.3315519654583
29748,192.4797343796975
29749,289.709119233872
29750,357.6093430193164
29751,481.4864005593257
29752,87.02250520743345
29753,332.8921706070694
29754,195.94336339275225
29755,452.69348360237495
29756,261.6031722468991
29757,416.5654401807992
29758,329.6760808416873
29759,523.9621657406925
29760,104.4351705031788
29761,273.58059200348407
29762,296.65132469625104
29763,497.66092901900254
29764,17.378495140306313
29765,333.997697222813
29766,356.11897326165996
29767,442.2171464926548
29768,157.88387676192227
29769,437.61004281294265
29770,436.99795196325175
29771,339.51144921071835
29772,214.7389894244528
29773,363.7978019337218
29774,336.22906667615285
29775,392.33362567427184
29776,339.59215624344273
29777,384.9926466152514
29778,307.0870540442237
29779,384.984084946106
29780,411.32056064396005
29781,401.12216614522197
29782,428.84160257903125
29783,383.43206672926505
29784,426.0296798778321
29785,327.02175357462295
29786,446.6958251351868
29787,457.8911536255286
29788,628.0608862180826
29789,517.303755483691
29790,399.9588837474822
29791,383.5592834820486
29792,340.7341916071724
29793,283.37659770063163
29794,297.16095298843703
29795,311.6242250678454
29796,421.52044366456215
29797,416.6530292029291
29798,400.1235277919202
29799,400.04545578807125
29800,147.6557071777044
29801,177.54191238887904
29802,174.30335518158108
29803,179.24828379237653
29804,356.1824769271429
29805,379.0195761450077
29806,386.6636743316759
29807,399.5130119110604
29808,321.83804049333366
29809,343.35627116044736
29810,288.38882574381984
29811,385.462624444983
29812,-0.0
29813,-0.0
29814,-0.0
29815,-0.0
29816,14.199434067099421
29817,47.7496720711904
29818,-0.0
29819,6.633383202322113
29820,-0.0
29821,-0.0
29822,-0.0
29823,-0.0
29824,583.2923437909635
29825,369.21152296663274
29826,222.9357552675648
29827,338.89764158586036
29828,726.5343098666376
29829,370.06041549282975
29830,354.7230743705588
29831,392.1704701516979
29832,770.724983438689
29833,316.18725063000875
29834,409.21369886865403
29835,334.63965826308464
29836,337.85253046294656
29837,393.2786811602331
29838,504.99385489964806
29839,522.9180469173614
29840,304.5647791427977
29841,521.8007657489104
29842,489.73722081010146
29843,523.6942855892089
29844,91.71084909259858
29845,480.3231428435441
29846,515.2820265910262
29847,646.1193805493299
29848,72.57101236269068
29849,519.3491847846266
29850,383.2086870167172
29851,442.18558420886507
29852,302.7194611157674
29853,397.910961356611
29854,371.38414433839375
29855,533.6761699513355
29856,64.97876799970689
29857,359.5601101508407
29858,347.3693484592482
29859,321.32472114514667
29860,246.427269872035
29861,352.34317964299987
29862,345.66026798100097
29863,401.9957760612305
29864,171.8473273081538
29865,242.4809426640942
29866,285.78847703336726
29867,275.27474972741993
29868,268.208011905049
29869,335.3544891425198
29870,290.71045439343453
29871,311.4952547344274
29872,316.84166601661417
29873,296.5128618815304
29874,230.97444186772975
29875,366.99086640250135
29876,402.65166755623085
29877,321.0204184150604
29878,383.8404189765927
29879,372.21794748938163
29880,436.03018836860247
29881,267.92987799121113
29882,184.0662670971181
29883,370.4259347124725
29884,620.1571003469406
29885,371.8107021483134
29886,292.33717630655076
29887,433.7577925874634
29888,540.6771499824292
29889,307.54677811160104
29890,421.98774936999126
29891,410.9431220558897
29892,291.4655334382894
29893,451.97144823263386
29894,463.6628721998619
29895,499.9406244980952
29896,-0.0
29897,85.49625540218405
29898,127.83675065239228
29899,158.0618224581491
29900,163.83049176043397
29901,118.96675399117521
29902,141.46063481041537
29903,149.12504921893628
29904,-0.0
29905,109.19689509099895
29906,76.92591017549434
29907,56.64898454605313
29908,130.45865045877673
29909,372.21193887000334
29910,184.95517691518378
29911,434.8983369116279
29912,333.8797182108932
29913,299.21856012351725
29914,184.8096349577291
29915,393.91930899109985
29916,417.6853968063244
29917,370.6394590146184
29918,95.1252997390431
29919,371.548307906791
29920,501.4680936185964
29921,300.3777575811624
29922,166.48040850125847
29923,215.26108709668955
29924,667.5209654139288
29925,125.38392736347248
29926,284.55503387121377
29927,218.6210084623755
29928,402.57780541748474
29929,384.8502911233424
29930,375.30948021281364
29931,323.0357862225593
29932,185.28408771133394
29933,393.66620869493755
29934,396.0906038614322
29935,409.45371811068026
29936,143.71129414578604
29937,336.06593583553695
29938,317.258555251129
29939,386.8614737476965
29940,-0.0
29941,320.9301327316499
29942,435.29257285933693
29943,488.0543338300607
29944,67.2571556638764
29945,352.1618838005944
29946,288.7853722693462
29947,350.3806579587681
29948,72.75596021551237
29949,360.7527542483909
29950,383.8063636028671
29951,377.8424680034481
29952,78.26971220341778
29953,303.60310880931615
29954,318.23318842171466
29955,370.33366442989666
29956,97.15779982055011
29957,296.42356849770255
29958,369.9669616078153
29959,324.1740834064893
29960,-0.0
29961,408.51132233555256
29962,262.7145514570382
29963,312.56921906638127
29964,261.11242087363803
29965,298.5191842110716
29966,235.77503038745087
29967,320.458705280659
29968,275.19989528909116
29969,349.30350074325224
29970,307.6125359028784
29971,327.89533880867333
29972,257.2879169509394
29973,375.1967024055291
29974,433.7988189152626
29975,428.40321352022505
29976,554.4864639969086
29977,376.4850009720731
29978,272.2348548428583
29979,275.42525960080434
29980,587.0061831668183
29981,415.626976798535
29982,327.0141227176349
29983,428.67717953078056
29984,-0.0
29985,-0.0
29986,-0.0
29987,-0.0
29988,-0.0
29989,-0.0
29990,-0.0
29991,-0.0
29992,-0.0
29993,-0.0
29994,-0.0
29995,-0.0
29996,-0.0
29997,-0.0
29998,-0.0
29999,-0.0
30000,-0.0
30001,-0.0
30002,-0.0
30003,-0.0
30004,-0.0
30005,-0.0
30006,-0.0
30007,-0.0
30008,-0.0
30009,-0.0
30010,-0.0
30011,-0.0
30012,-0.0
30013,-0.0
30014,-0.0
30015,-0.0
30016,-0.0
30017,-0.0
30018,-0.0
30019,-0.0
30020,71.12242039060743
30021,-0.0
30022,-0.0
30023,-0.0
30024,-0.0
30025,-0.0
30026,-0.0
30027,-0.0
30028,-0.0
30029,-0.0
30030,-0.0
30031,-0.0
30032,-0.0
30033,158.36256749790664
30034,-0.0
30035,-0.0
30036,-0.0
30037,-0.0
30038,-0.0
30039,237.0143428638662
30040,-0.0
30041,317.95626279227344
30042,275.25762638912926
30043,335.33332321631406
30044,312.2372714116517
30045,316.0595481504391
30046,312.6384649462565
30047,380.1385256101205
30048,258.3582045905189
30049,310.1348661993735
30050,327.34268268557923
30051,345.85892985393366
30052,311.05738352148575
30053,308.57829559977574
30054,310.94486351833183
30055,312.7206522373688
30056,304.37751248154206
30057,341.9982391961064
30058,377.5821819034853
30059,365.163155522574
30060,284.0446660697263
30061,342.86866150165457
30062,357.6949597107699
30063,323.26155782194235
30064,251.7560493251606
30065,291.7005188091019
30066,326.49793912721907
30067,403.0349852258325
30068,449.4837549221588
30069,240.44136595755424
30070,365.77137837703464
30071,392.7771922158055
30072,563.4873294213255
30073,355.015915053894
30074,392.0447295073092
30075,232.088822658575
30076,540.8972141990214
30077,436.9175374364837
30078,459.1023971697644
30079,486.6214482595235
30080,-0.0
30081,-0.0
30082,-0.0
30083,-0.0
30084,-0.0
30085,-0.0
30086,-0.0
30087,-0.0
30088,-0.0
30089,-0.0
30090,-0.0
30091,-0.0
30092,-0.0
30093,-0.0
30094,-0.0
30095,-0.0
30096,-0.0
30097,-0.0
30098,-0.0
30099,-0.0
30100,-0.0
30101,-0.0
30102,-0.0
30103,-0.0
30104,-0.0
30105,-0.0
30106,-0.0
30107,-0.0
30108,-0.0
30109,-0.0
30110,-0.0
30111,-0.0
30112,165.6301682269933
30113,-0.0
30114,-0.0
30115,-0.0
30116,41.939775314972735
30117,-0.0
30118,-0.0
30119,-0.0
30120,-0.0
30121,-0.0
30122,70.34570919742293
30123,403.0755682858129
30124,404.19645386032687
30125,397.9384947499107
30126,501.2112351424637
30127,656.8014655425367
30128,23.009185436682856
30129,412.6714048680726
30130,451.56273110604945
30131,471.2158360150505
30132,128.9043198589408
30133,350.61233267346216
30134,353.82638910942933
30135,526.9586473211696
30136,181.98313041204088
30137,345.7730704702436
30138,369.0923593922241
30139,421.95782801031663
30140,168.0683408059317
30141,336.63320905837764
30142,405.89290915632046
30143,446.5558862120712
30144,1.5851331301680602
30145,332.4436332294852
30146,357.23656745391486
30147,360.3352319506485
30148,310.82222767753683
30149,357.01368837634
30150,359.0715289680733
30151,359.0614168306528
30152,337.72348146587325
30153,358.682032664611
30154,348.731097022532
30155,345.7189880821724
30156,313.4722657832617
30157,346.44821272427055
30158,332.01951396342895
30159,340.9368305947142
30160,370.581761532256
30161,269.48810628490827
30162,321.482917401794
30163,321.0992039778454
30164,345.19324997243893
30165,396.59252646151367
30166,473.4736217095706
30167,573.4092820994347
30168,482.50732746515655
30169,399.81872883955265
30170,353.9708039309802
30171,276.01872632185143
30172,581.0544138162143
30173,431.8349990219155
30174,422.8571095301849
30175,483.47761709735084
30176,354.28191946806464
30177,271.6368489452847
30178,276.9260129362456
30179,278.93818786018244
30180,197.64642355067576
30181,277.81545634960344
30182,321.48386562852045
30183,249.16467889974763
30184,78.11662208060704
30185,219.02143113456142
30186,176.55480675299793
30187,221.82806586552778
30188,-0.0
30189,-0.0
30190,-0.0
30191,-0.0
30192,-0.0
30193,-0.0
30194,-0.0
30195,-0.0
30196,-0.0
30197,-0.0
30198,-0.0
30199,-0.0
30200,-0.0
30201,-0.0
30202,-0.0
30203,-0.0
30204,-0.0
30205,-0.0
30206,-0.0
30207,133.43750611421672
30208,444.59268941617125
30209,380.6766915256654
30210,237.58177461581542
30211,264.7116123238078
30212,659.1289979556408
30213,373.2427423904427
30214,368.089840630223
30215,334.49362607880136
30216,419.76585803432744
30217,384.486756502865
30218,396.09159616101493
30219,392.57780541748474
30220,335.61308314927356
30221,328.91575722373375
30222,457.1721622449069
30223,516.5274921298853
30224,152.1117985912613
30225,389.4280331032442
30226,441.46221634224275
30227,446.9700910537945
30228,57.1940310962969
30229,465.7886930181813
30230,404.7274508565594
30231,545.1836630472827
30232,5.606798585249919
30233,353.82179484794887
30234,242.94013175356542
30235,374.6408665474813
30236,270.797547193283
30237,225.01323066110234
30238,353.98006539375183
30239,430.25733388317286
30240,64.37257910832781
30241,256.3000284372933
30242,389.819428633179
30243,355.9660715014403
30244,164.16849863609195
30245,319.44244736678513
30246,277.06453723839155
30247,301.9774444385431
30248,-0.0
30249,206.8869427703185
30250,306.5529858344655
30251,349.58040169073536
30252,180.9118257909206
30253,301.501107328823
30254,280.47094364217867
30255,303.29091952175276
30256,219.4962857896349
30257,301.76678689632723
30258,278.175965812447
30259,339.66166657814637
30260,381.6995265095192
30261,292.0944074289724
30262,286.20319036586085
30263,420.25931848233824
30264,441.7117648710389
30265,451.75237263278626
30266,377.11153076726305
30267,461.8272270711151
30268,707.4194498373855
30269,381.59999553214124
30270,433.52459384741724
30271,455.50740707154364
30272,399.0973303933986
30273,253.86619000843217
30274,300.58332366505437
30275,279.8995465786386
30276,114.95273499434188
30277,242.56009341449288
30278,352.2753059095326
30279,348.8657066221835
30280,-0.0
30281,-0.0
30282,-0.0
30283,-0.0
30284,-0.0
30285,-0.0
30286,-0.0
30287,-0.0
30288,-0.0
30289,-0.0
30290,-0.0
30291,-0.0
30292,-0.0
30293,-0.0
30294,-0.0
30295,-0.0
30296,-0.0
30297,-0.0
30298,-0.0
30299,-0.0
30300,330.3452074656488
30301,106.40287413799678
30302,246.38865117731174
30303,119.41635953953792
30304,466.77438094784804
30305,343.0759101754944
30306,359.3744625043927
30307,329.48772412048953
30308,417.45646594105483
30309,407.0383684221432
30310,422.7681220558897
30311,373.91208053135944
30312,347.0447295073092
30313,387.24900128240097
30314,345.04428445412174
30315,359.5359259337577
30316,386.6310331563564
30317,366.0306721774148
30318,369.3157144228138
30319,381.2381368360686
30320,127.80783872115487
30321,403.532630856988
30322,414.5686965019442
30323,395.3486118661661
30324,24.94282922991647
30325,381.0382662289355
30326,375.1406633987
30327,416.9845299992935
30328,10.69609196907777
30329,268.999198013166
30330,197.30015531245908
30331,301.7149330726428
30332,160.98718872001982
30333,305.6639446733753
30334,321.27555171425394
30335,379.87128245686336
30336,38.84170378213173
30337,246.89770502344325
30338,297.85792393048797
30339,344.5285725490091
30340,206.9532602214601
30341,282.83223892305193
30342,261.7010272998723
30343,391.67821798808376
30344,222.79310726969948
30345,300.0663174511416
30346,317.3351017826668
30347,301.7839349165761
30348,154.5004956547377
30349,322.75636750318233
30350,252.28155586577344
30351,298.14660411263657
30352,318.58230877865117
30353,282.53499707175797
30354,251.0113729371028
30355,305.1935342039252
30356,280.07316234511984
30357,323.07762695066145
30358,311.52829312661214
30359,397.2800797573785
30360,398.81860196438686
30361,307.22382476573534
30362,297.2996715036468
30363,349.53321685900795
30364,387.0361639378487
30365,338.2667314043546
30366,259.7661466399686
30367,174.86279340854514
30368,244.52446892240903
30369,35.059797255748094
30370,110.00915171646044
30371,31.46575860634769
30372,299.8802148557382
30373,254.42518626745354
30374,277.7733777623902
30375,324.77868311039066
30376,164.0950264811243
30377,301.11278617545844
30378,200.9965994997978
30379,300.95770851321754
30380,-0.0
30381,81.62002899882552
30382,108.2852841498052
30383,135.03448858098756
30384,370.0490937248208
30385,334.9373082171189
30386,254.17062351399937
30387,305.97654206367906
30388,65.6130309900725
30389,336.4564782095439
30390,291.78944284581416
30391,354.79068988583566
30392,249.80764255793346
30393,223.00658430306672
30394,274.14587378657944
30395,236.61186901440414
30396,283.754777603181
30397,376.3364756978541
30398,294.3840164731207
30399,351.62834876356476
30400,436.144658269096
30401,310.84403223138406
30402,292.2130625126106
30403,311.04341902970486
30404,446.5488006513208
30405,350.0005084907704
30406,278.53826746656955
30407,264.3700860183921
30408,341.7700044618474
30409,347.7343838700787
30410,369.33873971941637
30411,346.3054219048347
30412,280.7349311164739
30413,342.7573844847231
30414,415.96875589423195
30415,420.8271001959493
30416,73.51021525425631
30417,284.78179777017954
30418,376.110920083285
30419,273.59822383254516
30420,80.96077923699931
30421,252.98930118445816
30422,336.21832910498625
30423,433.4707145738052
30424,262.0479223908713
30425,269.50436364996796
30426,278.48225314169855
30427,353.01300159272887
30428,177.77109895463775
30429,306.85342056932154
30430,288.35772078170663
30431,342.36081147206096
30432,55.97202529893633
30433,237.14626125265676
30434,313.8854279062988
30435,313.6026003185458
30436,86.7103406018282
30437,345.971948777794
30438,278.4849375344902
30439,328.1546572910115
30440,101.20198208146414
30441,316.18038105407237
30442,316.930959400442
30443,458.0222630555005
30444,162.9876090912492
30445,253.82595534913548
30446,306.8561049621132
30447,178.99479684520725
30448,215.48956777082242
30449,273.49935179803117
30450,262.105145000139
30451,245.43988984915927
30452,330.99274880845905
30453,354.0933516918068
30454,406.7871278001381
30455,371.7406180800789
30456,387.23995580444335
30457,388.0856801290364
30458,316.77634086505526
30459,403.5448692185077
30460,505.2860804311464
30461,400.36930523576467
30462,388.83929533398543
30463,376.6485089604348
30464,231.6535873351993
30465,78.45810629762634
30466,38.34632078992448
30467,71.55602478818244
30468,265.03857547123977
30469,200.83977467493895
30470,186.33911239930347
30471,145.14209181575265
30472,104.60657788505034
30473,258.6563449163618
30474,182.0931053195419
30475,161.89739521359547
30476,20.218572959549924
30477,-0.0
30478,-0.0
30479,-0.0
30480,68.36422296068503
30481,174.7072757285191
30482,80.00921125372818
30483,165.09968823999463
30484,-0.0
30485,186.33028024347868
30486,139.79809443967815
30487,246.76770168466032
30488,111.75397951666221
30489,298.86323317880357
30490,201.97438233046202
30491,243.86741836194827
30492,235.79327736834884
30493,238.56727670059223
30494,168.66392346916874
30495,250.68318395385592
30496,618.6468082515252
30497,231.0908963673886
30498,165.48618358440447
30499,209.021474152226
30500,386.1745284596768
30501,323.49398301244787
30502,302.49267253484345
30503,288.1539328154271
30504,365.47045983336636
30505,270.9370023075863
30506,310.1827472688423
30507,344.02169013704
30508,361.3220614343131
30509,355.9585268138357
30510,389.27462285225414
30511,351.6310331563564
30512,36.071381142262624
30513,321.1840577464467
30514,329.6856348104153
30515,340.3228586571227
30516,354.4009620871684
30517,329.97641352595093
30518,339.59266473421314
30519,375.1636640133444
30520,301.0030848643628
30521,326.7594368700973
30522,332.4944033327904
30523,304.10840582589844
30524,340.410169869892
30525,303.4796699121804
30526,315.9895949181257
30527,333.7911725323303
30528,281.51605476509246
30529,332.7812396467425
30530,341.52615247240584
30531,396.79165001298463
30532,236.33797648820712
30533,317.85556114431756
30534,325.0937103425648
30535,317.8365204011536
30536,303.11770153968035
30537,323.1657030853924
30538,345.6845073923023
30539,505.7840240262243
30540,96.43022208882493
30541,404.3570466601456
30542,225.19640616264758
30543,316.7267280613363
30544,307.72502050263046
30545,321.8688344620509
30546,306.46061391314964
30547,317.19271049132726
30548,346.8493602019108
30549,414.99558902716325
30550,421.79455567205105
30551,464.0319260293759
30552,523.4846450285338
30553,428.7581864715571
30554,257.7801691145535
30555,435.73929407194356
30556,569.094675202072
30557,440.4853825876777
30558,442.56704316436
30559,493.9331689406446
30560,463.5760217531632
30561,441.0719865217246
30562,446.2352718813161
30563,479.92730281537234
30564,522.2823578526074
30565,483.39915137063554
30566,480.6171190016167
30567,561.1499716058247
30568,438.32396823226895
30569,459.1258496283176
30570,512.8800980277164
30571,545.2465819483797
30572,494.4784166690064
30573,478.21191043271006
30574,466.63592398360015
30575,517.0738292335941
30576,410.7692599171436
30577,437.8093204324958
30578,427.645147928381
30579,480.4673490738926
30580,310.12851829467047
30581,462.450585488565
30582,455.4165484148787
30583,528.0776068521767
30584,423.59884930271346
30585,468.22844510629966
30586,475.035355955562
30587,470.8677672364436
30588,556.6515219945596
30589,461.32690304262064
30590,400.22553692806366
30591,454.4197761052753
30592,675.63266067481
30593,424.44883313390926
30594,394.19539192792473
30595,284.48017943288494
30596,436.4483371467755
30597,425.49406879814916
30598,417.5858250453501
30599,451.48743373897275
30600,485.09098547703684
30601,413.3743356292269
30602,395.831285379094
30603,384.3536377917696
30604,308.5495382104647
30605,420.36573520445677
30606,444.77342740389014
30607,461.574510340715
30608,195.35845834085046
30609,364.8600545280184
30610,369.9372052540978
30611,498.7198309292987
30612,257.74710604041064
30613,339.51021405196207
30614,363.5573213102333
30615,558.7368312368649
30616,242.14089246707346
30617,359.3007916685025
30618,256.87470440879883
30619,512.3343254678982
30620,138.2887876427597
30621,540.0704014311858
30622,139.1424876231178
30623,568.216215230029
30624,160.38682774107818
30625,418.1905960608019
30626,565.5317911046365
30627,470.23921824529947
30628,148.83969450100824
30629,439.8269980027416
30630,375.7923697105556
30631,383.00930021839645
30632,265.9188866697129
30633,335.7008757427484
30634,366.5316773130301
30635,399.8536753097603
30636,222.63161915837634
30637,314.48305512853256
30638,376.92408982450564
30639,415.7886930181813
30640,360.44912662997285
30641,441.99207468689804
30642,327.92102381610937
30643,361.86098993888425
30644,645.4270664757269
30645,572.0285219474588
30646,301.51753087348743
30647,485.35078776818733
30648,800.0
30649,366.92706672325363
30650,409.3392235282286
30651,435.27695031139933
30652,800.0
30653,413.2373736048594
30654,471.04242673012214
30655,635.8170871003671
30656,722.6292379098894
30657,531.7992373363344
30658,528.2313675031824
30659,531.9039372832859
30660,426.96161679166653
30661,557.2243194604227
30662,512.4156283984104
30663,574.5220063649042
30664,272.5518734702402
30665,535.2604711297823
30666,448.7148386800655
30667,490.1577311000381
30668,424.48886449944456
30669,515.8613036490472
30670,448.54429282229563
30671,498.3701072225986
30672,486.95923440809236
30673,531.3931201057321
30674,441.0161388393384
30675,521.4102434440229
30676,427.8482218823876
30677,452.0159442037109
30678,426.288850280798
30679,487.52599481728384
30680,343.492662216512
30681,317.16842488017755
30682,367.88008755800877
30683,439.674251554981
30684,467.9220511159817
30685,474.97432531089544
30686,437.52961392254804
30687,516.5696356822755
30688,800.0
30689,469.7311275489337
30690,395.4741365257407
30691,272.25466257394066
30692,469.96156814027387
30693,451.4744547037624
30694,485.85866247973905
30695,376.7587337179523
30696,442.09510722259864
30697,415.1208309856595
30698,374.0045421167912
30699,429.6648347797503
30700,347.3307252966662
30701,422.5281028138635
30702,474.29075389096215
30703,613.6355621895882
30704,217.54922003244295
30705,376.21245182863254
30706,445.8902247635288
30707,499.3506855749797
30708,210.0259775133924
30709,446.5654401807992
30710,568.7050231603755
30711,799.8435363291196
30712,231.62714047916805
30713,368.66253200256324
30714,312.20568444590384
30715,384.66652687295925
30716,215.45798080507456
30717,414.58211846590245
30718,351.4771390965541
30719,787.1727855173908
30720,73.74873370592951
30721,291.2444979212346
30722,289.007251191541
30723,405.06162377722643
30724,62.879984084733934
30725,331.587232511047
30726,285.62382072044016
30727,325.8772866083828
30728,73.7198558149314
30729,313.3513596965406
30730,275.0582149088504
30731,363.14829620584555
30732,282.22331627496493
30733,341.56960068198583
30734,290.84033085705164
30735,331.75454853480755
30736,286.8507361765299
30737,315.62921418798163
30738,322.3351017826668
30739,315.4388728676185
30740,298.8259800310936
30741,358.0749178759117
30742,361.24549022081726
30743,342.9919855772498
30744,425.4672669498043
30745,436.40008407424585
30746,367.2238000837772
30747,244.8885069982545
30748,490.41807283695346
30749,373.8296567234679
30750,252.916915154107
30751,471.18945121398815
30752,528.5434649158695
30753,424.62260673055073
30754,413.04071832312894
30755,427.57886952282416
30756,326.01864476530676
30757,327.0926090972606
30758,276.9316788406241
30759,496.134322950197
30760,326.41824251303916
30761,397.4929066386193
30762,359.7167314043546
30763,469.26409470290525
30764,303.0630786814148
30765,412.5126116089504
30766,353.7377856079149
30767,490.4412047946224
30768,606.8332136712164
30769,584.486332653884
30770,580.5228821076525
30771,593.7213400439734
30772,335.90374598043
30773,445.18864727699656
30774,315.2429695086586
30775,469.9887273059473
30776,375.62933464513105
30777,323.8373218682219
30778,259.4097972557481
30779,390.3166615487554
30780,357.7551858509013
30781,334.3172171633245
30782,358.58327834643325
30783,329.2878801454722
30784,800.0
30785,405.3875275347045
30786,376.8110960324071
30787,339.42143135130607
30788,409.7000737559144
30789,369.36002355889366
30790,425.6030453717333
30791,484.77345208584825
30792,81.90585940491866
30793,333.7398548488697
30794,357.0677301219536
30795,311.51753087348743
30796,356.48180808851106
30797,401.70001031833146
30798,377.97923872495977
30799,429.3264766759386
30800,84.01857377462034
30801,376.0045033611664
30802,374.9336825488584
30803,589.5913799286741
30804,-0.0
30805,277.6455742950631
30806,433.6016729792762
30807,632.136122272016
30808,300.26616337631646
30809,243.08176276988996
30810,311.97476004575145
30811,406.74182636447557
30812,133.1848199875487
30813,410.26640404308864
30814,479.9532224559425
30815,584.7951432129955
30816,133.072017498306
30817,388.5519300973
30818,319.8177365399699
30819,403.9325880560681
30820,219.11833690561656
30821,286.7871278001381
30822,310.8398470482394
30823,370.1113016988896
30824,-0.0
30825,262.29280192771046
30826,323.700455371519
30827,347.48751973407417
30828,271.88278226913195
30829,296.5273008270295
30830,274.92833844523324
30831,407.48921182728316
30832,397.2903088377747
30833,392.9687171386072
30834,305.87460221559115
30835,380.73780681212145
30836,486.1490594370548
30837,477.45445665993134
30838,326.81745711757304
30839,470.72658543214254
30840,550.5748672743615
30841,440.0636083763918
30842,442.0640534295793
30843,451.8213497947614
30844,699.5999415978195
30845,427.37133305841354
30846,383.1458796370522
30847,541.3210444527723
30848,682.1269454510339
30849,507.63022769177087
30850,479.3745471461822
30851,763.8323492369068
30852,198.02514304397
30853,336.0880138612179
30854,294.63706826287034
30855,398.0793887544897
30856,-0.0
30857,-0.0
30858,-0.0
30859,-0.0
30860,-0.0
30861,-0.0
30862,-0.0
30863,-0.0
30864,-0.0
30865,-0.0
30866,-0.0
30867,-0.0
30868,-0.0
30869,-0.0
30870,-0.0
30871,-0.0
30872,36.58741877850052
30873,-0.0
30874,-0.0
30875,89.93510178266683
30876,334.17045341535004
30877,305.1610016398297
30878,177.6717898125465
30879,335.19425601682843
30880,693.0924485018724
30881,347.5707198567343
30882,340.44673474313754
30883,320.19280972834076
30884,585.8630636476978
30885,299.35296268010137
30886,400.55755263321487
30887,357.4750653877405
30888,263.29660549525056
30889,392.3617790896855
30890,376.8309284454475
30891,288.8969417922341
30892,383.96981163139753
30893,352.65682035700013
30894,382.90977775417235
30895,402.21693050784086
30896,259.4711092729692
30897,440.9516572378993
30898,413.20063383834224
30899,405.4640740662423
30900,58.67216249243364
30901,406.1248505380137
30902,466.7530971083707
30903,495.2798260070469
30904,78.83314211298631
30905,303.0519172612673
30906,294.83314310309356
30907,366.0093636559793
30908,181.98310573008277
30909,407.99759502960524
30910,412.0043377303758
30911,585.6643766430034
30912,-0.0
30913,313.51330693471795
30914,340.93450921765054
30915,397.57630462713166
30916,86.96160590579146
30917,311.88229846031965
30918,281.6833954708112
30919,400.5293745358431
30920,-0.0
30921,356.2028978599045
30922,245.04747733768377
30923,335.9318248248589
30924,327.55161191927823
30925,372.16091618296986
30926,357.28005507542036
30927,347.0256215698532
30928,326.95125094033665
30929,310.42714299686924
30930,290.8724016316118
30931,364.1388444303252
30932,526.3303305975021
30933,361.21562003023644
30934,371.1931525883206
30935,419.4798869269286
30936,455.33685731345867
30937,356.3849453351205
30938,440.4682345674289
30939,346.5784548570876
30940,506.2547516835889
30941,290.3472122789135
30942,353.1057803660751
30943,396.5058010027381
30944,603.7422182984117
30945,369.5378574136717
30946,347.3764821038477
30947,550.3865067978286
30948,555.4494054848261
30949,514.1043681178267
30950,508.78415033384647
30951,527.4097512670367
30952,370.74562936447205
30953,516.8481790814676
30954,474.59380901348334
30955,488.4214564558278
30956,213.00219108071823
30957,352.54319329410293
30958,404.2106737110201
30959,462.4829691041291
30960,415.0998357518234
30961,467.1976273672137
30962,423.51748821754745
30963,451.6026598558135
30964,226.93126612504506
30965,325.0961771784109
30966,352.60401313433783
30967,508.7936556511819
30968,435.9343120643219
30969,315.13705737699524
30970,372.8464560332642
30971,442.7091768209822
30972,208.2215350721077
30973,90.66820637766239
30974,283.36655027485017
30975,237.54752793923402
30976,592.7565834879963
30977,411.8507361765299
30978,148.60219303087587
30979,-0.0
30980,556.4521538827444
30981,419.60171021217076
30982,400.43618847482685
30983,442.17315454448953
30984,347.5964048641704
30985,489.4382621836404
30986,384.36541702643507
30987,432.85741543971756
30988,365.33514053829157
30989,378.4961835964272
30990,411.29804383812797
30991,466.98718971012704
30992,213.34894312774722
30993,477.936646364047
30994,416.312482783627
30995,504.3763459004576
30996,-0.0
30997,470.1504086702839
30998,427.9948859548555
30999,555.8471239118456
31000,76.31843658112302
31001,345.9665799922107
31002,369.363916236082
31003,370.91102479419385
31004,241.1791974516338
31005,281.0541812828296
31006,358.5641931407778
31007,536.5399711581772
31008,91.87768130754685
31009,216.07865800586893
31010,332.6639059177505
31011,391.2425133220692
31012,-0.0
31013,292.0094905311451
31014,302.31529405158443
31015,307.62109757202376
31016,-0.0
31017,303.90301037144366
31018,260.8814471095694
31019,276.74700384720296
31020,186.60464835529402
31021,342.08335266989127
31022,325.03156228378975
31023,311.959812609482
31024,182.26003135952396
31025,307.3874640971216
31026,319.4226396357028
31027,357.70402987068564
31028,406.81450490078316
31029,357.2950025116898
31030,321.46468475022033
31031,469.46445568184686
31032,606.0844587610803
31033,371.5459002737151
31034,301.3673381880175
31035,436.7689874803066
31036,495.8410553326361
31037,353.0347939229766
31038,299.4096767985987
31039,254.1134519288455
31040,439.1712559697276
31041,300.9870456760498
31042,279.9167333545122
31043,211.736899546835
31044,149.4783559966514
31045,278.80872534977834
31046,323.5510989606491
31047,365.2158949847746
31048,121.61985581493138
31049,264.026835137179
31050,352.23286244306263
31051,333.4886064262342
31052,194.8615366177358
31053,354.186028694509
31054,340.20545480998675
31055,320.8784696432778
31056,314.38200928713485
31057,333.6223607808495
31058,263.4384299095685
31059,320.54795139570814
31060,208.37323610103422
31061,287.52603566804623
31062,294.83545244327695
31063,211.37279104784673
31064,412.9753777152895
31065,317.2497845827296
31066,247.0866537421137
31067,346.9836212064131
31068,398.02243258660627
31069,323.2575668518615
31070,243.83103453897036
31071,309.72711189689477
31072,530.1702410833244
31073,298.3731273448302
31074,396.07935779949526
31075,129.0090198058923
31076,577.0600842312487
31077,374.37078581201837
31078,377.25756295154633
31079,411.08791946864056
31080,335.77137837703464
31081,375.4821897041157
31082,366.42040029609865
31083,360.40145798943314
31084,278.65058614699996
31085,406.9940592860634
31086,408.10817225291044
31087,421.8577970553222
31088,103.9454114295005
31089,455.37330457401947
31090,385.363026129707
31091,367.6002975413587
31092,61.486285777612125
31093,327.381611502726
31094,348.59084576583837
31095,377.7355674725173
31096,240.1950103123201
31097,306.72349474178816
31098,307.54036585734127
31099,377.76712975630704
31100,89.36619334120371
31101,303.10328727613944
31102,425.8116936328257
31103,390.3417422902297
31104,-0.0
31105,240.24367125244245
31106,319.4287710075074
31107,424.0593210000394
31108,195.10888513009618
31109,316.71157935888266
31110,304.7929769320049
31111,325.84890313166323
31112,309.4193329379017
31113,311.36681815543454
31114,307.78827947303824
31115,347.23625443011093
31116,255.87559451517384
31117,379.75313586399545
31118,250.63340308823854
31119,324.3223012891882
31120,294.19756782994597
31121,310.42120462240143
31122,300.4724299090557
31123,334.117172522578
31124,309.5210031794464
31125,363.69510215326136
31126,376.8486528947848
31127,390.7905193585978
31128,393.9281323756116
31129,384.5674372383792
31130,383.2535046435674
31131,398.5891150443225
31132,462.06133441978864
31133,413.4816279059811
31134,376.3336525146682
31135,384.83841563892486
31136,373.66759197264446
31137,354.82387251894755
31138,337.8662701823629
31139,347.95355504035473
31140,364.5908328056819
31141,360.4080703259813
31142,337.85253898531806
31143,336.63282108805595
31144,330.18797807235467
31145,330.83210818012657
31146,317.6692343232385
31147,415.41426483587145
31148,337.86739187481254
31149,351.711247482412
31150,375.5687126707484
31151,358.0058546895331
31152,368.22695079548566
31153,473.1121509545022
31154,244.29315074923764
31155,372.0151413993361
31156,322.9220016435092
31157,333.9562889540741
31158,331.29260587551846
31159,333.70900111161683
31160,273.359465994167
31161,296.05787039538757
31162,286.4466593917239
31163,337.15741089092614
31164,380.6099459026641
31165,375.38755848969896
31166,308.5442003798758
31167,366.692394743318
31168,481.7496805313262
31169,371.7609343019316
31170,342.85253046294656
31171,314.3140223296048
31172,394.3961940194057
31173,371.94099133067255
31174,382.37447271944814
31175,382.9998321739856
31176,377.94714956550405
31177,369.96175878684596
31178,374.0997861665322
31179,366.6221555666496
31180,362.4696830914154
31181,370.3216686927477
31182,366.5261951799811
31183,440.22138865503194
31184,287.8620844316746
31185,362.61678704980824
31186,370.37355857895284
31187,523.7001628655626
31188,191.60772903140685
31189,340.9585511987376
31190,334.17768690731293
31191,472.10727865002093
31192,205.69480716353877
31193,315.4731372161818
31194,326.3206257335929
31195,522.5309221830729
31196,202.3691571563923
31197,422.04714607610265
31198,537.5963283430281
31199,630.5938986906751
31200,227.31091756558382
31201,543.6008317041944
31202,301.27018292867064
31203,402.760768671141
31204,219.02585063822664
31205,402.55282020367497
31206,388.93309654683844
31207,393.3151284207939
31208,282.5638749627561
31209,442.808921120493
31210,377.08286886107896
31211,443.29969717571214
31212,294.5728570031308
31213,443.9347886400475
31214,349.26286829954677
31215,427.51489683471925
31216,464.05564430766503
31217,346.4455768127643
31218,317.22549217698617
31219,415.8523013945731
31220,478.42103665214205
31221,377.3757095444142
31222,423.74425601682844
31223,468.6652163953549
31224,635.1687402929713
31225,457.4297886340361
31226,394.5124168283429
31227,437.1853929060092
31228,643.3970437379149
31229,449.67975753406165
31230,364.52030338582006
31231,516.5930851054426
31232,392.1410181346622
31233,10.28699897481475
31234,-0.0
31235,4.077715347786146
31236,-0.0
31237,-0.0
31238,-0.0
31239,-0.0
31240,-0.0
31241,42.269197047104285
31242,-0.0
31243,29.475389983778513
31244,-0.0
31245,-0.0
31246,-0.0
31247,-0.0
31248,-0.0
31249,-0.0
31250,-0.0
31251,-0.0
31252,-0.0
31253,-0.0
31254,-0.0
31255,-0.0
31256,-0.0
31257,-0.0
31258,-0.0
31259,-0.0
31260,655.7114108776572
31261,423.8304219048347
31262,311.8608146598525
31263,349.9572570420137
31264,359.2824847277732
31265,303.3799969207666
31266,197.51008837909055
31267,21.962382220560073
31268,443.2936039145444
31269,412.40775563701624
31270,419.25213072838017
31271,365.12504085076233
31272,419.6472029506892
31273,459.1875300524057
31274,435.1032238385565
31275,487.9917177532516
31276,447.46720351222143
31277,430.93450921765054
31278,489.00744249439686
31279,473.33222707712645
31280,117.20162514781768
31281,487.07868367793424
31282,570.7433915825188
31283,538.9337963404648
31284,237.4268635744723
31285,401.9732592553984
31286,445.7886930181813
31287,630.8023556489118
31288,157.99984745276888
31289,372.39503346668425
31290,357.76176097072374
31291,471.06781923160185
31292,296.1375973903037
31293,306.60215526535825
31294,449.65646441346087
31295,746.3189833324648
31296,-0.0
31297,363.8496804393643
31298,492.41822538418455
31299,393.20820320790494
31300,82.43204105719968
31301,339.4563778215138
31302,319.03830498456034
31303,362.47844957415845
31304,270.9675722917934
31305,376.37560735120655
31306,298.6314782095439
31307,295.8863320863405
31308,212.30820849083403
31309,307.78841359578433
31310,318.79294163890887
31311,324.8177365399699
31312,304.6129809560659
31313,309.8786605235701
31314,290.34372688939504
31315,269.1665140369266
31316,463.735885650539
31317,289.19906862029904
31318,355.4949118744476
31319,617.4385416060373
31320,562.5090195583655
31321,313.4003131426193
31322,309.8265907150717
31323,358.7574866779308
31324,488.80198711686654
31325,458.76505604749343
31326,343.4521916482619
31327,347.73636846924404
31328,391.17408787434806
31329,292.890521737344
31330,262.84234460603386
31331,338.76829215453904
31332,326.6442805538066
31333,375.24371267074844
31334,366.6298662902656
31335,384.8561851360439
31336,-0.0
31337,119.92639260169267
31338,124.95527049269079
31339,154.84786147098953
31340,288.0349277837023
31341,242.4644369953415
31342,191.2096853117526
31343,224.80909274673633
31344,83.29649478888904
31345,203.1443175042538
31346,223.3458802045958
31347,202.66749658572144
31348,-0.0
31349,115.25119349820642
31350,35.73754370350868
31351,96.42352137390384
31352,323.4134933471515
31353,196.22788445632824
31354,168.66771086790465
31355,206.0803514816919
31356,420.5255945151738
31357,324.4621517695726
31358,-0.0
31359,227.90478944910643
31360,550.5866218270689
31361,350.97444186772975
31362,198.84975696050665
31363,48.50632257706798
31364,533.1558655754083
31365,363.51698362709226
31366,364.0799050458904
31367,275.3232193646864
31368,453.96245824664885
31369,287.3835714199332
31370,381.2241816993818
31371,389.24676194279687
31372,198.79151736969817
31373,435.89121706311147
31374,400.5105591043434
31375,424.35803895972833
31376,4.441340285488877
31377,380.17270949130204
31378,382.33190889910475
31379,392.76763824707746
31380,126.41580782528393
31381,362.9525860998991
31382,365.49024288249063
31383,583.2715190783404
31384,190.8369713525918
31385,275.2693562598785
31386,315.1384874966787
31387,319.1452301974493
31388,285.5431136877158
31389,332.59171119025524
31390,359.6553054929804
31391,425.1477242774923
31392,17.70190580784862
31393,291.27606020502435
31394,333.58180028788075
31395,336.3530905453744
31396,178.53877595733996
31397,201.15670532775977
31398,216.07546512230687
31399,313.0279243470402
31400,201.23153508413048
31401,292.4510724735134
31402,345.66885433210444
31403,336.74869594041195
31404,272.69109171553964
31405,285.6468460170427
31406,319.1767924812391
31407,336.1162888688683
31408,364.4328933980571
31409,254.95770014504365
31410,277.27248570585766
31411,355.87090084125873
31412,402.1176240284308
31413,354.5755413959224
31414,334.1899984603833
31415,435.7730704702436
31416,566.351105946209
31417,365.75205445476456
31418,323.9397501379608
31419,330.5707832943172
31420,582.1396076615345
31421,365.62583000156366
31422,351.4613005638024
31423,284.3923621574521
31424,445.9318228747013
31425,230.58621258924137
31426,183.33281013888165
31427,298.84189313483006
31428,170.6108245556204
31429,324.68139161759683
31430,452.70464697268005
31431,457.8169162891942
31432,119.7196306468731
31433,234.21463163096894
31434,254.18207704759652
31435,221.11136903678766
31436,-0.0
31437,122.37958548525472
31438,70.00755263321484
31439,-0.0
31440,355.43188826244176
31441,299.6309568827408
31442,267.0216138634245
31443,422.99423775288665
31444,294.58578622255925
31445,336.6429700762022
31446,214.08478108694393
31447,292.7580506606738
31448,250.4417701599794
31449,356.9585494006563
31450,233.50815104870387
31451,242.15941230737198
31452,450.8895249699025
31453,430.71949987139214
31454,353.2266113517347
31455,360.6857616855811
31456,456.7748647566603
31457,329.5256721714034
31458,368.2459105920466
31459,351.79984997047006
31460,472.0026456371669
31461,337.62576656398073
31462,406.15788893019834
31463,437.1213007208051
31464,447.0977916153903
31465,440.20107889152973
31466,346.68390396158156
31467,375.6815765024364
31468,304.33484704222803
31469,415.2272477077781
31470,394.91019812540173
31471,487.74313684207993
31472,50.35553328128668
31473,463.4129834737671
31474,368.98057388452224
31475,352.3815868207679
31476,158.89793409181672
31477,407.98632428571017
31478,392.5623494904449
31479,372.060376737205
31480,55.33156504901774
31481,316.27018292867064
31482,257.0853619510147
31483,395.83517805628236
31484,135.56052953196286
31485,386.8487268954064
31486,281.8565887709255
31487,344.5515731636535
31488,-0.0
31489,-0.0
31490,261.93780429442023
31491,381.2077581547174
31492,86.30619821960335
31493,349.51413360351
31494,251.62027090323164
31495,381.8487515773645
31496,265.1132616160968
31497,333.31609603841844
31498,325.8452158338227
31499,331.77757383141005
31500,274.3162229135842
31501,319.1334509627838
31502,301.8561049621132
31503,340.71214648664346
31504,226.34382908260272
31505,284.0157881787282
31506,285.22824000736074
31507,313.29091952175276
31508,455.6299139816079
31509,350.150217367428
31510,283.8531411469246
31511,444.0175049538953
31512,785.0706174159998
31513,269.4373710871582
31514,285.38951213386986
31515,174.04106589849437
31516,611.6248633740463
31517,309.0556961468493
31518,377.48145115486454
31519,327.2059769518602
31520,133.86678509114964
31521,79.92142550083337
31522,67.89797983300146
31523,62.188567103065864
31524,-0.0
31525,-0.0
31526,-0.0
31527,-0.0
31528,-0.0
31529,-0.0
31530,-0.0
31531,-0.0
31532,278.0760148864033
31533,317.628071858869
31534,294.44724575160916
31535,341.38088954484283
31536,233.39683318101004
31537,331.2238699393764
31538,349.6388380123089
31539,344.9730109329759
31540,193.57527438699458
31541,276.46911240531483
31542,199.44985192062762
31543,309.19662669945717
31544,127.52779786438117
31545,340.28336437083675
31546,157.81277667219737
31547,324.74663645024503
31548,455.3062873292516
31549,395.6189604256273
31550,328.8734573687774
31551,386.74163506161966
31552,446.88178996954923
31553,407.07360739830733
31554,393.9756889077512
31555,179.46772508655127
31556,512.8906698167164
31557,346.3000531192514
31558,407.7739993322434
31559,406.31030688160575
31560,682.6873138200649
31561,524.9248530557148
31562,380.7505536644115
31563,336.6811948868318
31564,279.5374267241108
31565,364.8155606379487
31566,388.2070196054663
31567,605.128132531224
31568,140.0333308981411
31569,306.4443685283676
31570,284.6058953953155
31571,380.96926438500236
31572,-0.0
31573,425.41978961212055
31574,376.5263085274468
31575,376.6011876477337
31576,-0.0
31577,261.2711752282533
31578,347.6810045740831
31579,384.02555813227025
31580,27.661273364143085
31581,302.4681958118041
31582,354.8862298931328
31583,632.8541460350132
31584,21.679770617621102
31585,-0.0
31586,124.0161053666427
31587,370.9858792325226
31588,83.29220432729181
31589,310.7762386718476
31590,290.1732179820724
31591,324.48842391411586
31592,128.99578914478994
31593,325.5651220027775
31594,271.31395889202196
31595,304.01530436991595
31596,179.7913517389076
31597,379.5970659021719
31598,335.7121464866435
31599,315.0861005002658
31600,195.6429533398544
31601,311.92827500765037
31602,292.22012339140286
31603,240.09933116136816
31604,369.97332269298124
31605,322.5697275571516
31606,239.85863680767372
31607,51.799442682800134
31608,609.8864211959886
31609,320.38363485751614
31610,-0.0
31611,-0.0
31612,676.1727351633674
31613,366.1102202896587
31614,289.05979563483635
31615,495.19634873181485
31616,454.0082995506399
31617,327.8763881338339
31618,319.69229806192976
31619,368.18868602543716
31620,469.19606101532156
31621,460.5638304538031
31622,493.4027147954301
31623,518.154950670139
31624,422.55162255762633
31625,395.01530241975837
31626,376.91837622878495
31627,350.16063481041533
31628,357.8195045946429
31629,352.9245624901853
31630,331.70595536073927
31631,364.3941310918202
31632,-0.0
31633,28.438083716817175
31634,-0.0
31635,-0.0
31636,131.9215297891786
31637,150.6503545609253
31638,216.50308870915683
31639,211.56917820966189
31640,442.5588728251295
31641,425.0973942485101
31642,410.1635781217357
31643,422.16346281472056
31644,505.3106638152522
31645,480.41807283695346
31646,400.92159574446265
31647,396.8507361765299
31648,690.4072587446445
31649,384.53861032654936
31650,375.5922831186085
31651,336.08402679145223
31652,494.8568435113643
31653,359.51880259546704
31654,359.53909413536167
31655,337.14038397630304
31656,367.3089697254133
31657,382.72807824373024
31658,381.86006619090745
31659,386.16701928371253
31660,404.12028612590666
31661,382.3895284711721
31662,400.305319711627
31663,435.21232495346675
31664,299.32301189601657
31665,360.4875831716571
31666,348.74860614623384
31667,334.4023480958081
31668,375.87274265291586
31669,363.03331781458166
31670,428.2830823281918
31671,398.8464875558023
31672,132.45030867964977
31673,378.52358537903035
31674,334.9011526474441
31675,405.54064527973816
31676,131.9691752753541
31677,366.6728492025005
31678,339.1906982540096
31679,450.7877007185986
31680,61.14945231971146
31681,316.86940447302925
31682,292.05854789885944
31683,338.6064007177464
31684,266.63154164712677
31685,298.15850189140605
31686,290.8273069501449
31687,305.13140213395786
31688,283.3401136346036
31689,300.7529854525699
31690,291.0545115854062
31691,320.64545560665334
31692,302.7459093770227
31693,286.5586962211965
31694,304.69339459455557
31695,313.55661400310703
31696,302.79497373494394
31697,306.3004441663267
31698,301.01481305042483
31699,324.61112558851335
31700,334.6536960595742
31701,350.80346072452284
31702,369.6306852638037
31703,379.52823469049525
31704,413.2579988137051
31705,385.5784597255697
31706,368.5646042191495
31707,374.11206293290627
31708,406.0595481504391
31709,424.4313636909467
31710,348.4272064344521
31711,353.7469404096201
31712,-0.0
31713,-0.0
31714,-0.0
31715,-0.0
31716,-0.0
31717,-0.0
31718,-0.0
31719,-0.0
31720,-0.0
31721,-0.0
31722,-0.0
31723,-0.0
31724,-0.0
31725,-0.0
31726,-0.0
31727,-0.0
31728,-0.0
31729,-0.0
31730,-0.0
31731,-0.0
31732,-0.0
31733,-0.0
31734,-0.0
31735,-0.0
31736,-0.0
31737,-0.0
31738,-0.0
31739,-0.0
31740,-0.0
31741,-0.0
31742,-0.0
31743,-0.0
31744,43.32979692972026
31745,-0.0
31746,-0.0
31747,-0.0
31748,138.20110406854155
31749,-0.0
31750,-0.0
31751,-0.0
31752,22.97429210592867
31753,429.7991124113262
31754,441.657901766231
31755,426.2050984438839
31756,340.54579808050744
31757,474.6538047026273
31758,433.8261713339495
31759,375.55924472642386
31760,127.50689549552851
31761,312.5724119499433
31762,399.8108669640336
31763,488.95730544587957
31764,254.16699784573888
31765,360.07117774595446
31766,459.058812509269
31767,512.2594710295693
31768,208.41695267209778
31769,289.9481214943575
31770,298.58547698025507
31771,413.02008715347927
31772,282.85253046294656
31773,497.11193805493303
31774,354.19609172155106
31775,619.7626133115812
31776,269.7781210778052
31777,435.24828840521525
31778,602.8198993584317
31779,426.32813001352275
31780,242.77230723903443
31781,500.2729564311105
31782,334.54298681255
31783,465.74709295685125
31784,258.1444035286572
31785,391.7530724264126
31786,428.90322635625773
31787,499.1123831081205
31788,297.0292982622275
31789,359.4558940127015
31790,416.9690987542118
31791,459.9387835104435
31792,388.24564276804836
31793,310.5394369953415
31794,285.3378496130413
31795,415.9501564475463
31796,298.77310922586844
31797,416.64934009708566
31798,435.8907332542992
31799,513.2221583445917
31800,432.2773706826287
31801,478.0553261296434
31802,356.79936616165776
31803,604.2802076226515
31804,584.8543997853448
31805,452.7355674725173
31806,391.23225955971486
31807,365.5367526025498
31808,511.8631457717861
31809,425.0117098016299
31810,397.86474875534685
31811,373.26939962834206
31812,342.1238749747788
31813,204.41009983250922
31814,236.5399622224597
31815,174.25182928670628
31816,-0.0
31817,-0.0
31818,-0.0
31819,-0.0
31820,328.2061670170821
31821,267.9216473361201
31822,165.07746255750487
31823,35.35736508569411
31824,271.80240553793834
31825,234.91207858120183
31826,87.65700871959122
31827,266.8046061219177
31828,207.5531249781204
31829,330.79289046981506
31830,258.323002564802
31831,261.31938931001054
31832,169.8339382493476
31833,346.95223738944657
31834,231.6227581426947
31835,239.51541255857634
31836,351.5850319270676
31837,371.1686511833231
31838,276.2716837190237
31839,136.9268507384396
31840,483.9636418490874
31841,355.29721716933585
31842,319.52417138105034
31843,238.67138617766497
31844,583.742462720519
31845,364.56966411956876
31846,376.59310978740064
31847,205.300218750042
31848,314.72626725412084
31849,388.05629374726794
31850,349.7920515325339
31851,272.9112538625673
31852,266.0091723531234
31853,255.14313180667762
31854,396.0698038307672
31855,377.9611477690445
31856,258.20581132106963
31857,416.3954150822889
31858,432.56138187282033
31859,353.4722153641583
31860,115.51503679344444
31861,191.53247830975687
31862,310.8024074880959
31863,533.4366838820378
31864,340.1117855077019
31865,289.4659317902418
31866,313.60528471133745
31867,510.500712629659
31868,352.48432685051216
31869,476.6072562269434
31870,491.5057244815958
31871,611.6881792444817
31872,168.3858741971203
31873,294.1281068591586
31874,513.1682952397838
31875,434.64792742627367
31876,175.92038746006597
31877,370.10810881532757
31878,321.110920083285
31879,490.492659451284
31880,-0.0
31881,248.69607888551838
31882,400.8753020092175
31883,423.47289047582643
31884,352.94032305642133
31885,353.17127213853183
31886,347.52174172869746
31887,338.02156326187423
31888,275.1849478528217
31889,344.38691685072644
31890,228.91575722373375
31891,314.76588271628555
31892,413.2140804842586
31893,386.58454811825527
31894,410.461898164221
31895,270.80221618524
31896,583.4114826834141
31897,372.9503855159198
31898,193.02652475978758
31899,-0.0
31900,305.138755320677
31901,406.5224158502584
31902,189.2404526968151
31903,-0.0
31904,70.72964055466369
31905,-0.0
31906,-0.0
31907,-0.0
31908,-0.0
31909,-0.0
31910,39.097461168879555
31911,114.15688436212662
31912,414.03195365018223
31913,498.0169040207051
31914,494.93390828446036
31915,473.33763029545577
31916,161.05909997982303
31917,438.1583158644241
31918,355.55901062264803
31919,377.6369698249979
31920,304.8642003738645
31921,528.4740775560166
31922,443.91396740517587
31923,501.47631689562076
31924,392.29851300572994
31925,420.4216080129517
31926,257.0411791225571
31927,520.2549671008593
31928,627.714002828029
31929,497.40749951396344
31930,464.1144040901894
31931,524.3903374200479
31932,539.2366994832984
31933,493.26155782194235
31934,418.9414422311698
31935,449.09971277697275
31936,453.761354673161
31937,368.1652035593222
31938,312.66100554014486
31939,199.66391900130998
31940,341.55177755006883
31941,370.32977175270827
31942,409.46595647219993
31943,427.51097947557275
31944,425.38334235155975
31945,364.74068151766176
31946,354.46107149542894
31947,393.07760226870334
31948,444.50237905080263
31949,385.74148350449576
31950,363.9693031406271
31951,446.2943918277117
31952,145.2466728331486
31953,498.58837735786074
31954,400.2240795061741
31955,372.33778617545846
31956,-0.0
31957,491.4746460066183
31958,581.8222655732018
31959,702.8590310117843
31960,125.41079597334715
31961,343.0247561454363
31962,212.7674222622634
31963,367.60835071973366
31964,106.44734542711561
31965,384.3949947110595
31966,442.3759255292282
31967,627.412564092645
31968,611.7721038427263
31969,299.1281068591586
31970,513.1682952397838
31971,429.64792742627367
31972,175.92038746006597
31973,385.10810881532757
31974,321.110920083285
31975,490.492659451284
31976,-0.0
31977,248.69607888551838
31978,405.8753020092175
31979,438.47289047582643
31980,357.94032305642133
31981,363.17127213853183
31982,357.52174172869746
31983,338.02156326187423
31984,280.1849478528217
31985,349.38691685072644
31986,233.91575722373375
31987,314.76588271628555
31988,428.2140804842586
31989,381.58454811825527
31990,400.461898164221
31991,260.80221618524
31992,588.4114826834141
31993,427.9503855159198
31994,218.02652475978758
31995,-0.0
31996,305.138755320677
31997,401.5224158502584
31998,189.2404526968151
31999,-0.0
32000,443.6546405546637
32001,360.071148173574
32002,151.82749000469096
32003,359.1799064285044
32004,365.8172126954656
32005,452.33667632893423
32006,495.2224611688795
32007,545.2818843621267
32008,413.25695365018225
32009,507.24190402070514
32010,499.1589082844604
32011,492.5626302954558
32012,261.80909997982303
32013,508.9083158644241
32014,411.30901062264803
32015,453.3869698249979
32016,362.96420037386446
32017,561.5740775560165
32018,507.01396740517583
32019,544.5763168956207
32020,398.04851300572994
32021,411.1716080129517
32022,262.7911791225571
32023,526.0049671008593
32024,606.964002828029
32025,496.65749951396344
32026,463.3644040901894
32027,513.6403374200479
32028,554.2366994832984
32029,503.26155782194235
32030,418.9414422311698
32031,429.09971277697275
32032,453.761354673161
32033,373.1652035593222
32034,317.66100554014486
32035,204.66391900130998
32036,351.55177755006883
32037,395.32977175270827
32038,424.46595647219993
32039,432.51097947557275
32040,430.38334235155975
32041,379.74068151766176
32042,349.46107149542894
32043,388.07760226870334
32044,449.50237905080263
32045,400.74148350449576
32046,373.9693031406271
32047,456.2943918277117
32048,165.2466728331486
32049,513.5883773578607
32050,410.2240795061741
32051,377.33778617545846
32052,-0.0
32053,501.4746460066183
32054,591.8222655732018
32055,712.8590310117843
32056,135.41079597334715
32057,348.0247561454363
32058,222.7674222622634
32059,367.60835071973366
32060,101.44734542711561
32061,389.3949947110595
32062,442.3759255292282
32063,637.412564092645
32064,-0.0
32065,148.60289282450213
32066,350.38017414995585
32067,333.2786811602331
32068,266.0456196136842
32069,411.2131516222588
32070,475.6316060748169
32071,615.3661424921268
32072,253.3063507668345
32073,315.05456289843414
32074,391.92945861008894
32075,658.7918481362258
32076,422.40797162183026
32077,515.3884433131449
32078,287.26931750425376
32079,322.6612215249589
32080,334.45369342872215
32081,276.0108644463324
32082,268.4704985889912
32083,514.1904057480533
32084,307.21475460581956
32085,356.91702894571335
32086,320.6050299708986
32087,415.70726150987247
32088,628.0041474176272
32089,245.2172864513801
32090,303.71199393941237
32091,396.5801469502965
32092,800.0
32093,409.11785309680425
32094,400.3916880358911
32095,410.83597905300917
32096,673.4217105261762
32097,361.28019478661884
32098,204.91781809651465
32099,233.65300395342734
32100,200.67154067505365
32101,182.15015588000267
32102,244.30030980984776
32103,298.40442375477926
32104,209.47375881045122
32105,358.68547307993987
32106,390.8495574645136
32107,324.9385326703198
32108,69.40164578448068
32109,221.61243119196956
32110,284.581632139389
32111,176.17452594197562
32112,272.59203479618606
32113,415.4496662207177
32114,307.84767658615
32115,353.8340396274849
32116,418.73951270141345
32117,420.89283483286243
32118,365.2763674971709
32119,584.7496008329772
32120,468.0481668129786
32121,339.364134986124
32122,274.25871056358807
32123,377.8534490066148
32124,573.9357809396301
32125,457.67345988647855
32126,352.7850540913245
32127,386.12415074438735
32128,516.8113120172211
32129,407.2585305691709
32130,330.495420365218
32131,59.63168160585201
32132,467.7500064180163
32133,274.5293488637777
32134,293.714678332204
32135,236.33139941822714
32136,297.91761494773334
32137,380.0005084907704
32138,428.96294205546116
32139,437.24532459002666
32140,352.76057736828517
32141,386.5155709562802
32142,329.0510271548923
32143,420.807317146825
32144,60.724945178117764
32145,368.3112357436055
32146,407.63183514319036
32147,349.67390493966604
32148,-0.0
32149,298.69876327831
32150,387.1988395519256
32151,439.37416999843634
32152,73.40278155059696
32153,293.11821003045077
32154,375.4288350900782
32155,325.7185075718095
32156,254.32260868070833
32157,318.76406374791077
32158,344.88939809473675
32159,411.40934553701754
32160,-0.0
32161,368.94482641758776
32162,349.3061604540858
32163,356.5028241039901
32164,211.49136205723906
32165,323.14609562186615
32166,250.56391371838083
32167,409.5677042023615
32168,83.31252054914458
32169,320.3576573441237
32170,294.05593681362143
32171,338.8790174572166
32172,249.38890144989176
32173,345.3395417062503
32174,273.57423091831805
32175,193.0389791061213
32176,214.0980206837638
32177,295.5484824732991
32178,250.38481845995472
32179,281.8854666619236
32180,286.8656342488831
32181,400.76131591753625
32182,342.1917539911752
32183,453.1920721691969
32184,648.2431496781127
32185,321.8382818301962
32186,313.18063480440395
32187,262.9998474527689
32188,585.9298402256935
32189,362.7823450165747
32190,250.9111013153362
32191,391.3700225808092
32192,346.20821952168916
32193,216.11234906788127
32194,310.9841153335569
32195,296.5854686120812
32196,349.6549523146691
32197,359.0337913050625
32198,266.1918071104266
32199,311.9007607135081
32200,164.4196512835361
32201,258.5222891200726
32202,157.43584575982703
32203,229.3743745298317
32204,-0.0
32205,117.01062254192632
32206,131.96999009822082
32207,145.19464153274825
32208,413.16546024991857
32209,342.4768228686899
32210,314.8354337567715
32211,394.55062156985315
32212,84.42346265170647
32213,349.93225314169854
32214,297.16780777818315
32215,392.9800099017792
32216,458.1598779972225
32217,408.4319433318508
32218,300.804268689847
32219,263.72040752918537
32220,467.29229343694004
32221,413.5720303343387
32222,360.8824394091521
32223,298.90281906858775
32224,553.3204972063771
32225,219.675165063247
32226,268.709793355433
32227,-0.0
32228,317.30283970525073
32229,278.9835507832703
32230,348.9617584530225
32231,364.7524360703692
32232,313.2550054339205
32233,257.0723991139106
32234,351.4903697576564
32235,270.8107778543854
32236,291.41162843748197
32237,372.95716890020776
32238,501.9370279796516
32239,373.75550207876546
32240,244.31851174663117
32241,441.4012923586426
32242,346.05367279205916
32243,348.703648255081
32244,354.86515701845155
32245,272.3943089910999
32246,413.68451563566686
32247,435.88386367836284
32248,185.1265169591573
32249,438.3691828284576
32250,232.7177690225584
32251,374.343116205417
32252,107.10811490887855
32253,303.74304536495595
32254,291.3574560327151
32255,529.771499014489
32256,85.02426073822534
32257,292.5584032767428
32258,306.0183922936304
32259,338.82017182747245
32260,271.4754470033451
32261,303.7578968991636
32262,299.9783184033314
32263,421.0026452128383
32264,172.1413762758857
32265,285.39453286849545
32266,290.7284746273969
32267,353.83775539020314
32268,242.87603956836134
32269,286.08255068305726
32270,290.49045054758886
32271,288.0424026450465
32272,295.7299319492242
32273,301.77649602616316
32274,305.01510599487847
32275,327.09600008995744
32276,362.12654627765164
32277,330.18226346003
32278,376.06820296603246
32279,433.67059132808834
32280,507.46330684347515
32281,439.61029656327423
32282,448.24760268525563
32283,390.74250048603653
32284,641.8668625192768
32285,461.5241079434674
32286,438.0284328378106
32287,334.74317460759755
32288,283.6224574117848
32289,271.1361682960885
32290,267.0284309208686
32291,286.66572490414694
32292,324.8537076473688
32293,317.9445394682519
32294,338.214314574574
32295,454.60557098033365
32296,253.30522265636844
32297,367.5405524621302
32298,364.8147819447985
32299,417.6276085714373
32300,262.2978998040507
32301,341.71627597305553
32302,348.996292035458
32303,426.3784800379989
32304,235.08449443146029
32305,299.78781164563554
32306,305.2465928816401
32307,395.28175563645596
32308,323.8254877091274
32309,394.528104909001
32310,368.4978918584404
32311,541.2919149065802
32312,321.90038746607735
32313,329.49531622185276
32314,351.64815454448956
32315,338.4528894917306
32316,350.8418316474047
32317,361.54002299736146
32318,417.4307562516606
32319,426.99433853870505
32320,626.4451983315728
32321,413.24762736721374
32322,386.9608295910228
32323,284.4454242655331
32324,425.3909109177147
32325,410.6844895420838
32326,406.09778936359317
32327,400.3476331395277
32328,414.0236205149941
32329,435.89980341421494
32330,551.780958017828
32331,426.0328727613941
32332,379.8326592942813
32333,468.4017374118301
32334,457.731890780143
32335,372.3639549917068
32336,181.30252152722903
32337,543.1773653996995
32338,393.7432390352876
32339,491.7782736250364
32340,26.169720004048088
32341,314.04785895328837
32342,463.97539640179485
32343,550.2756408239022
32344,352.6954682015403
32345,370.5154440811144
32346,331.451454089118
32347,530.2783498986519
32348,78.37612892553634
32349,320.6287303791693
32350,384.73552871689253
32351,527.3076481608795
32352,36.858357385276776
32353,186.95642842306404
32354,307.5601735884236
32355,364.7964280185345
32356,289.9652695146063
32357,316.1772128524684
32358,264.48673182090687
32359,321.6535252802304
32360,248.0117933083322
32361,335.8276086867197
32362,298.92869537887975
32363,299.56381152517315
32364,68.9967814443726
32365,247.31897074395877
32366,256.6807110780195
32367,346.32104445277236
32368,246.16427469732247
32369,328.7924331481385
32370,327.8082213268667
32371,339.6990814563317
32372,265.0704779523282
32373,291.52512492500824
32374,345.43033588043124
32375,382.5168814338846
32376,434.64132567433546
32377,298.29609700448015
32378,210.45679720263595
32379,306.6934332483515
32380,416.78078257649486
32381,408.81415505063035
32382,411.9070793754254
32383,380.43781064668246
32384,288.34496785479104
32385,232.85263726899296
32386,196.8544949929925
32387,241.569650986836
32388,-0.0
32389,-0.0
32390,-0.0
32391,-0.0
32392,-0.0
32393,-0.0
32394,-0.0
32395,-0.0
32396,-0.0
32397,-0.0
32398,-0.0
32399,-0.0
32400,-0.0
32401,-0.0
32402,-0.0
32403,-0.0
32404,-0.0
32405,-0.0
32406,-0.0
32407,-0.0
32408,-0.0
32409,-0.0
32410,-0.0
32411,-0.0
32412,-0.0
32413,-0.0
32414,244.942220249728
32415,364.17843692201416
32416,399.01819450983555
32417,367.5318041881959
32418,360.666472603771
32419,376.7837362275043
32420,395.98117118511044
32421,361.88229846031965
32422,381.65893945797626
32423,384.8066646124107
32424,375.33752100210705
32425,376.5904045401354
32426,385.74574525122864
32427,450.56410502123674
32428,288.733299382999
32429,361.8796539065977
32430,375.73064497636716
32431,500.92347914052755
32432,340.95262485552394
32433,416.8401652262611
32434,453.0606949152267
32435,385.09149396780725
32436,72.78215371371883
32437,239.62352722437657
32438,470.53694390540574
32439,379.69624885018857
32440,152.699437399871
32441,318.42249411821444
32442,321.1994509148456
32443,434.0366226678194
32444,355.68595298843707
32445,369.6087957729212
32446,456.3506221373968
32447,510.2237870002178
32448,419.90504532463245
32449,186.95642842306404
32450,317.5601735884236
32451,364.7964280185345
32452,289.9652695146063
32453,326.1772128524684
32454,259.48673182090687
32455,316.6535252802304
32456,253.0117933083322
32457,330.8276086867197
32458,303.92869537887975
32459,299.56381152517315
32460,68.9967814443726
32461,252.31897074395877
32462,251.68071107801953
32463,346.32104445277236
32464,246.16427469732247
32465,348.7924331481385
32466,322.8082213268667
32467,329.6990814563317
32468,250.07047795232816
32469,286.52512492500824
32470,350.43033588043124
32471,382.5168814338846
32472,409.64132567433546
32473,248.29609700448015
32474,170.45679720263595
32475,276.6934332483515
32476,401.78078257649486
32477,403.81415505063035
32478,376.9070793754254
32479,375.43781064668246
32480,384.31996785479106
32481,328.827637268993
32482,292.8294949929925
32483,322.544650986836
32484,293.3473942015792
32485,273.4917079388224
32486,276.9113301209573
32487,291.79527681840665
32488,246.0632720794083
32489,266.82429369182705
32490,365.0589600210978
32491,326.20651024621293
32492,5.382810706425218
32493,40.58439808872532
32494,139.31976090042923
32495,107.2497252572517
32496,151.01052189824287
32497,129.74827623749508
32498,143.56967518968693
32499,187.48771909712244
32500,94.59676584311197
32501,156.48203207624226
32502,170.9317654325711
32503,191.50861730609793
32504,266.3119758204505
32505,336.6280084212861
32506,312.5667275040395
32507,319.42012339140285
32508,348.9292038696501
32509,371.1649220039399
32510,336.951759431107
32511,364.17843692201416
32512,386.3673094274082
32513,352.5318041881959
32514,356.08255068305726
32515,397.8253446651574
32516,494.2207844294044
32517,356.88229846031965
32518,447.7698141490987
32519,403.8790174572166
32520,455.47432782859664
32521,464.95740763908725
32522,521.8125203016177
32523,445.56410502123674
32524,394.7509352800161
32525,402.16408438457375
32526,442.062068830414
32527,500.92347914052755
32528,335.95262485552394
32529,411.8401652262611
32530,448.0606949152267
32531,370.09149396780725
32532,67.78215371371883
32533,224.62352722437657
32534,460.53694390540574
32535,468.29652897410824
32536,137.699437399871
32537,381.796873071722
32538,425.7363307037265
32539,558.8601255045746
32540,345.68595298843707
32541,364.6087957729212
32542,451.3506221373968
32543,500.2237870002178
32544,26.76526297989875
32545,289.46595647219993
32546,332.7735155234311
32547,423.03721049177
32548,111.49603104919609
32549,286.39154708705865
32550,293.61435487125317
32551,328.7405793244541
32552,106.22178981254652
32553,326.18574983965567
32554,287.5318041881959
32555,303.83623379344795
32556,240.32442764908308
32557,259.24139315721357
32558,274.85885279248777
32559,321.558379302007
32560,261.4208841049109
32561,315.4266345060988
32562,324.40183960503776
32563,321.2985523288983
32564,373.096417700203
32565,385.0716862367249
32566,390.43031119847313
32567,257.89246311302577
32568,478.9362647484424
32569,306.79448118488676
32570,121.40286967013799
32571,249.51541840904906
32572,465.5308753261961
32573,342.79997684563585
32574,109.36329296359804
32575,270.00128480553906
32576,-0.0
32577,-0.0
32578,-0.0
32579,-0.0
32580,-0.0
32581,-0.0
32582,1.9935073028857109
32583,-0.0
32584,-0.0
32585,-0.0
32586,-0.0
32587,-0.0
32588,-0.0
32589,-0.0
32590,-0.0
32591,-0.0
32592,-0.0
32593,-0.0
32594,-0.0
32595,-0.0
32596,-0.0
32597,-0.0
32598,-0.0
32599,-0.0
32600,-0.0
32601,-0.0
32602,-0.0
32603,-0.0
32604,-0.0
32605,-0.0
32606,-0.0
32607,-0.0
32608,-0.0
32609,-0.0
32610,-0.0
32611,-0.0
32612,-0.0
32613,-0.0
32614,213.6065336972173
32615,338.9360734455865
32616,417.0982754242026
32617,276.74898844636834
32618,233.3174055259156
32619,320.7344226257035
32620,218.6579395317486
32621,335.0325545833724
32622,397.82266027236574
32623,353.3026740744602
32624,116.18534255198571
32625,330.6933310551438
32626,185.40175049538954
32627,340.36672750403943
32628,237.89732340783866
32629,378.65077744985587
32630,501.107943184537
32631,513.3708749216667
32632,4.483640140445289
32633,261.0691040371409
32634,299.6883438851651
32635,372.47257229780473
32636,254.89409176865183
32637,281.76997977988924
32638,493.88462690957203
32639,690.5897135075304
32640,237.13450669994936
32641,301.6684480345417
32642,317.5083197647392
32643,362.86815301088416
32644,181.5496016480476
32645,319.3644247268524
32646,311.47764758732444
32647,414.6655345733766
32648,-0.0
32649,89.64899624699862
32650,292.6905832247693
32651,356.33816779106303
32652,166.8355727554464
32653,324.68464251083265
32654,318.00175553079185
32655,414.2325143001537
32656,387.5009416980324
32657,310.3720962896228
32658,312.869169992425
32659,319.32698516670894
32660,451.77288015749497
32661,343.4993764799893
32662,383.53093876377903
32663,423.1001190745355
32664,405.33197233668767
32665,285.43599717197094
32666,232.70359790105758
32667,261.6633717549148
32668,563.3899828591227
32669,468.5106225419263
32670,249.4586549266355
32671,301.81407293115507
32672,-0.0
32673,-0.0
32674,-0.0
32675,-0.0
32676,-0.0
32677,-0.0
32678,-0.0
32679,-0.0
32680,-0.0
32681,-0.0
32682,-0.0
32683,-0.0
32684,-0.0
32685,-0.0
32686,-0.0
32687,-0.0
32688,-0.0
32689,-0.0
32690,-0.0
32691,-0.0
32692,-0.0
32693,-0.0
32694,-0.0
32695,-0.0
32696,-0.0
32697,-0.0
32698,-0.0
32699,-0.0
32700,-0.0
32701,206.4092187941411
32702,413.9179578077131
32703,152.09300784171978
32704,502.6110597944835
32705,406.74112657084925
32706,316.1165813748247
32707,223.03240203614132
32708,564.1309825548061
32709,445.90565600861055
32710,451.50330791280237
32711,526.7557568192042
32712,415.28548729858653
32713,335.4024502890158
32714,318.35919689010154
32715,353.39564415066235
32716,361.66578832370817
32717,461.49058574247044
32718,414.80549817845025
32719,423.09641770020306
32720,233.4206293644721
32721,421.57180126596523
32722,374.1190366992428
32723,400.61649201764965
32724,165.80857727040598
32725,431.7471951500589
32726,439.12878197082676
32727,657.8829992440532
32728,183.66867710291518
32729,327.5746125339227
32730,343.18619489284316
32731,381.1847822220311
32732,161.4373076495753
32733,296.51554627432205
32734,305.5078747115517
32735,456.13998927713897
32736,-0.0
32737,-0.0
32738,302.571928141131
32739,335.36573520445677
32740,160.60870666327293
32741,225.09933116136816
32742,319.48844859607397
32743,450.6203600128799
32744,206.6875559719978
32745,392.89920680390355
32746,458.5098215451995
32747,345.65122250304336
32748,203.88738782350603
32749,314.3874006595387
32750,317.25976353552574
32751,294.43388569763977
32752,329.2687455759004
32753,289.2291301137357
32754,334.50825632715635
32755,436.15491203145035
32756,522.8047606193064
32757,386.2750432234835
32758,331.42456079728527
32759,399.4745181413453
32760,646.0117802247728
32761,313.35970538087196
32762,367.49854981119717
32763,215.96566421377037
32764,708.704055542751
32765,437.54672694250723
32766,429.4637558882206
32767,312.41392541932635
32768,488.176095060334
32769,322.4573961856686
32770,241.88202042053675
32771,237.7864681447506
32772,180.6139894244528
32773,136.15439403741883
32774,41.14464876583489
32775,191.32074244355488
32776,95.0561501357543
32777,113.17975363374646
32778,48.20423035678583
32779,92.6344640440094
32780,42.03224087320951
32781,116.71905928606341
32782,84.58605337646715
32783,97.30548981027638
32784,87.30084925561266
32785,80.65537715375723
32786,-0.0
32787,50.12721090231088
32788,-0.0
32789,-0.0
32790,-0.0
32791,-0.0
32792,216.8635651529083
32793,299.38211399804374
32794,250.0641743092924
32795,311.3103890056941
32796,589.4346101732242
32797,476.9079587857976
32798,470.7441925792455
32799,418.2390656980684
32800,473.3476830041663
32801,335.0276696066014
32802,200.59037504058554
32803,-0.0
32804,395.70189272428917
32805,377.23507082767236
32806,381.2824212901903
32807,374.89089888508977
32808,401.9918833840421
32809,350.97393337695934
32810,271.85001170094546
32811,373.5972315329625
32812,341.2246901901522
32813,303.86390340004937
32814,460.8324936634907
32815,424.15596776861594
32816,20.789062045279934
32817,315.2143342345902
32818,345.4388975495766
32819,386.28094518179535
32820,19.466541484112668
32821,363.38826608395556
32822,308.871472769612
32823,372.4960567212614
32824,-0.0
32825,282.2666331114621
32826,233.9360734455865
32827,313.0134854015412
32828,-0.0
32829,264.0190057442484
32830,395.4395726612448
32831,576.766735057143
32832,12.127254518301186
32833,104.53890283250576
32834,316.7053791039148
32835,377.16040769219944
32836,166.32452984229076
32837,334.77662028745215
32838,294.0067427007706
32839,309.2922299993571
32840,-0.0
32841,283.1524567070322
32842,284.0414978681224
32843,306.601671456546
32844,296.5385468889665
32845,275.5976519041919
32846,346.74818744964153
32847,309.06130559920473
32848,313.59353015863
32849,283.065847715996
32850,236.08354298263995
32851,325.7527542483909
32852,430.9330331092556
32853,391.8149887095954
32854,309.7678673154509
32855,461.0436103325607
32856,449.4130856669748
32857,397.8588915481125
32858,214.61155668685515
32859,209.29721617922863
32860,500.20695616788345
32861,260.72883785530615
32862,191.1719205880275
32863,402.25587085833735
32864,252.56592008929636
32865,77.75116044807442
32866,111.21212975029566
32867,20.535706048628526
32868,-0.0
32869,-0.0
32870,-0.0
32871,-0.0
32872,-0.0
32873,-0.0
32874,-0.0
32875,-0.0
32876,279.2639894244528
32877,435.8401671764186
32878,379.5710012292888
32879,436.27954853480753
32880,390.04418811138675
32881,409.7202689530741
32882,378.49657106250453
32883,389.1947870944194
32884,-0.0
32885,61.63422408976088
32886,58.01450043292439
32887,126.6102311755338
32888,116.58227572851908
32889,126.40320515205109
32890,52.49579361264867
32891,87.8006048335053
32892,451.2188129137985
32893,433.09254970497284
32894,382.6685749097075
32895,347.9433246371275
32896,493.5695372444029
32897,382.31040907481344
32898,354.05472852922475
32899,264.2438615651912
32900,498.9416582159838
32901,421.41989180532823
32902,436.1569213125738
32903,419.9305143472545
32904,340.8381549550304
32905,364.99192213966694
32906,410.46138967345064
32907,375.9440878683367
32908,243.34258204258123
32909,465.2636949683389
32910,395.66026798100097
32911,440.4112279429752
32912,212.40756433416033
32913,490.65828338183564
32914,499.47154124259725
32915,730.4282500781654
32916,173.1816271039866
32917,418.0408625021862
32918,484.5955651118188
32919,529.2481615300494
32920,7.407856840116665
32921,277.52372632786285
32922,466.67674187968885
32923,641.8320355267438
32924,211.3325830206657
32925,464.1941071223857
32926,625.3196574540257
32927,800.0
32928,17.66717532245491
32929,457.938338457256
32930,370.8212476015537
32931,400.3011345284823
32932,158.7323101612651
32933,371.34087686581285
32934,346.76850367149433
32935,391.95245922473333
32936,201.59828727012805
32937,372.4378418124111
32938,305.2363178676938
32939,354.7707430110985
32940,308.37436031118506
32941,380.03862316258204
32942,395.2145255374461
32943,427.6416050967324
32944,332.3693484592482
32945,380.02418421708296
32946,396.5365622898011
32947,378.4626367134721
32948,415.0819399990792
32949,394.6841587020204
32950,516.5419557573425
32951,687.4857264377647
32952,725.3981885847288
32953,465.0807317146825
32954,365.7317382329118
32955,325.22705640492217
32956,800.0
32957,422.105145000139
32958,453.69557039474796
32959,475.7243848481632
32960,637.4966893219697
32961,361.1453427089885
32962,370.90263907417057
32963,393.9134647648782
32964,311.87187502187965
32965,273.35051490878675
32966,185.47694374840302
32967,282.22784027279437
32968,-0.0
32969,34.79586736856308
32970,169.06582122886022
32971,142.89129276918345
32972,26.415222245827678
32973,70.51665179796754
32974,-0.0
32975,43.86578622857068
32976,135.83527592661133
32977,179.46305276182278
32978,156.67778268568424
32979,186.98847118289456
32980,191.99160591180276
32981,268.3960911540074
32982,261.42769219342193
32983,315.83173238243904
32984,124.8049776667176
32985,250.1922126954657
32986,250.17460554836273
32987,332.9701047048975
32988,267.08783035899233
32989,404.19539192792473
32990,428.44432977274283
32991,458.8041877008459
32992,561.6339335339621
32993,396.79029600174204
32994,331.70199491749685
32995,271.96010511543835
32996,517.1545304158458
32997,454.48528039447
32998,475.163155522574
32999,418.46096930222126
33000,381.7641271854937
33001,428.550238004091
33002,462.66608181977176
33003,456.5317019949882
33004,451.3553158113119
33005,397.2250083681739
33006,461.0922959546412
33007,484.57626587150685
33008,200.60650607929358
33009,354.10510624451416
33010,415.8992702414864
33011,515.6808001876677
33012,268.10476338453435
33013,396.66745573495905
33014,491.8125203016178
33015,607.0901457246853
33016,146.92588312081506
33017,307.54036585734127
33018,374.9926466152514
33019,382.88798542392465
33020,177.14727823419756
33021,377.463502137889
33022,382.62230585642044
33023,508.86111780415723
33024,-0.0
33025,407.67365118933446
33026,335.28768788256593
33027,418.3836217739567
33028,-0.0
33029,309.1564762593863
33030,314.681958118041
33031,470.6198762040676
33032,163.9573572850638
33033,352.68639804162456
33034,356.3611930876656
33035,397.4486040655358
33036,221.0290047661639
33037,333.4690224805962
33038,404.8013129953056
33039,317.40410362660003
33040,288.23318842171466
33041,307.762244779536
33042,335.43202797364023
33043,331.41672360372434
33044,306.41452301974493
33045,316.9891989912505
33046,367.8488537705722
33047,324.709119233872
33048,337.58465031146295
33049,374.06766668437075
33050,308.3330280738532
33051,246.4202089932427
33052,497.564066265612
33053,399.9620766310443
33054,287.16389308171784
33055,169.02834372816235
33056,401.70758358820933
33057,182.87802806784185
33058,94.29722007954382
33059,100.53584072442465
33060,335.41337874047474
33061,254.06664928026635
33062,254.2714048641704
33063,212.2687839089616
33064,274.47109115400747
33065,330.3591153335569
33066,272.7737652284676
33067,304.1503401972987
33068,69.90808899373496
33069,257.07824195751834
33070,290.10568249574624
33071,293.6911594760013
33072,309.5053850993675
33073,318.80934496947395
33074,308.15713016684794
33075,393.96713170646467
33076,171.6671163527308
33077,316.10977970433
33078,332.80662182105755
33079,355.92703243548766
33080,13.500079038843495
33081,251.50911143324169
33082,233.42930858055897
33083,225.201997435198
33084,447.8388159930319
33085,355.00856166914537
33086,343.44113688918077
33087,361.19481999957145
33088,426.3927306894972
33089,337.399218649829
33090,304.80748277761563
33091,304.4813877172817
33092,462.0128747175631
33093,399.6728879581253
33094,391.66796422572946
33095,419.6264276019823
33096,361.70859666943494
33097,346.95444382389866
33098,354.2435690592348
33099,371.92779119883807
33100,256.0150496294771
33101,467.8495535641985
33102,442.94520803319233
33103,514.8548835941571
33104,130.69091448635038
33105,363.95708946106555
33106,411.76211790437026
33107,526.4912855360967
33108,-0.0
33109,170.74767796876395
33110,455.78233193301526
33111,627.652558652713
33112,224.6406505626673
33113,490.47234322943126
33114,352.5479352269039
33115,401.7471951500589
33116,81.71892695293164
33117,440.15580213782533
33118,388.7219551958103
33119,373.1333487695761
33120,-0.0
33121,372.9601307875037
33122,458.1864108776572
33123,474.7768362722662
33124,218.30951896843843
33125,345.33366442989666
33126,302.97875491614747
33127,412.4165332909756
33128,180.75841553993055
33129,395.15947883019965
33130,349.2885533069828
33131,455.3081954072746
33132,237.0794599927029
33133,377.2411394068819
33134,277.5895599701921
33135,337.6548604397929
33136,271.6427630271057
33137,279.8038060852413
33138,288.25618903635905
33139,322.41854257209906
33140,361.53755458938383
33141,310.2197030201735
33142,417.28005507542036
33143,377.5949040738173
33144,467.32187112156447
33145,435.77793076505657
33146,416.10823569049336
33147,425.28819637333635
33148,621.0117802247728
33149,450.87626962684203
33150,391.919713338505
33151,407.21059410463295
33152,584.3780626756247
33153,371.72888820932957
33154,382.17632274609343
33155,375.1096096056806
33156,494.9096308098872
33157,395.16604891461975
33158,363.33613745071295
33159,347.5427507586166
33160,192.97330400647587
33161,218.70845110776378
33162,149.31026351314225
33163,187.34358132772388
33164,229.8491468440722
33165,240.97767407446017
33166,207.491044446761
33167,208.5244010169674
33168,300.0073948030546
33169,309.7443996283421
33170,266.13055324785927
33171,338.2454435195822
33172,309.33975460581956
33173,336.4118858957319
33174,329.46917194258253
33175,376.60169404336654
33176,336.87519478060744
33177,310.4782542260074
33178,320.06823456742893
33179,298.4837111311317
33180,408.17178062930225
33181,363.44113688918077
33182,228.1148258440328
33183,315.9418872843573
33184,501.8386891178661
33185,356.6395701435436
33186,303.8318573074473
33187,-0.0
33188,311.9987529599785
33189,358.3229902963129
33190,342.82365257194846
33191,389.67022824729173
33192,433.07293327674637
33193,290.5815455474419
33194,331.38027634316353
33195,354.6535887178133
33196,305.1768946744467
33197,339.42851691205647
33198,352.4275633680986
33199,314.6193420412319
33200,-0.0
33201,118.02384036699593
33202,411.8834820627582
33203,392.59981373254647
33204,-0.0
33205,255.11964738322092
33206,343.72077159337175
33207,358.43158292045274
33208,50.37168900195286
33209,319.03830498456034
33210,260.19987060713305
33211,375.6047374649422
33212,207.61720489483542
33213,388.1274714932224
33214,338.86460319367563
33215,399.53882631136344
33216,-0.0
33217,389.3891174347058
33218,624.3814468620426
33219,529.5218942759286
33220,292.5895599701921
33221,347.8858095219034
33222,419.9312141408808
33223,512.5909348754866
33224,152.1044698884708
33225,427.4020943454766
33226,459.6185657264632
33227,532.6829373340643
33228,340.9516325559412
33229,462.49678119684586
33230,404.17209880732395
33231,376.3868534131435
33232,348.3909751587054
33233,428.1585252862418
33234,399.0624892016433
33235,360.88804886150757
33236,474.9595835411085
33237,513.2334044065287
33238,412.77131493945177
33239,454.83485987826066
33240,621.6532327742741
33241,366.2075668518615
33242,-0.0
33243,3.6548231693288358
33244,633.0682642847894
33245,270.95393434302105
33246,179.85305203727637
33247,208.73526237805504
33248,667.9829268707527
33249,427.3122138245415
33250,434.36231211743404
33251,492.7997723142405
33252,275.5337868372037
33253,379.18357198747685
33254,371.18450084947665
33255,371.3929578077131
33256,114.04832545820918
33257,493.00920639336266
33258,380.6413587244675
33259,408.04326176708815
33260,280.61524636024217
33261,410.61860586470203
33262,398.5631387862262
33263,479.9098929283927
33264,351.9757155398669
33265,454.530686963605
33266,440.2876263951406
33267,506.4237229950912
33268,457.9791320638933
33269,543.2085803556507
33270,477.64396684364357
33271,570.8174395661548
33272,439.93035009907794
33273,400.89523799807966
33274,256.16338597356145
33275,383.5628206082045
33276,477.0581514712675
33277,452.0527826856842
33278,431.9864899165007
33279,448.49299071286515
33280,704.7234816582287
33281,416.98063732210517
33282,316.35926032768447
33283,71.00020339630811
33284,516.8054347408674
33285,341.8778972923609
33286,372.1484618366361
33287,469.30886952883554
33288,374.5327330501957
33289,381.6053481489203
33290,374.36539234447696
33291,390.22824000736074
33292,17.50718800148485
33293,341.4438847195553
33294,396.28999065975296
33295,405.43788056803584
33296,107.46778852413416
33297,497.5838739966943
33298,500.698891143583
33299,425.81537032520004
33300,245.94875686029366
33301,549.9522301563599
33302,470.2022624939683
33303,541.8462584874288
33304,271.73036431772454
33305,348.0824625635163
33306,351.83530493144815
33307,485.3285116291273
33308,136.16086582894638
33309,423.36378936091626
33310,422.03270713060357
33311,617.6958754892103
33312,-0.0
33313,414.1635371381786
33314,420.44496612878623
33315,373.2664427987134
33316,161.0449198200579
33317,394.9461615771503
33318,403.02913263143694
33319,391.36924626604053
33320,77.1347992059057
33321,368.9132888157561
33322,313.2647507055044
33323,337.6435896958978
33324,289.1023971697644
33325,442.80894580245115
33326,335.29356515891965
33327,347.27954658464995
33328,311.79518097851303
33329,436.9140520469653
33330,346.0382415469775
33331,418.0462312877695
33332,514.9184919705489
33333,449.0341198014156
33334,388.42401355089004
33335,425.73563091010016
33336,521.1612977985744
33337,210.65666780976898
33338,331.55497043363084
33339,344.93789241396126
33340,412.2030247350703
33341,285.1103859204493
33342,-0.0
33343,191.22208231850288
33344,624.5689938983229
33345,473.5958615180903
33346,424.73981999356005
33347,413.67221674677216
33348,473.5222930203878
33349,534.1960076473051
33350,450.8600545138881
33351,499.90963024234355
33352,442.87572585819845
33353,455.58021485573823
33354,480.63158487061037
33355,515.8444183148474
33356,255.56170476622756
33357,386.17081871717045
33358,369.87229107023023
33359,441.64077005976645
33360,430.55673433259665
33361,473.76595452204236
33362,437.32625498563175
33363,526.0043848541745
33364,365.3467535746229
33365,445.63978556081406
33366,395.6696557513948
33367,507.6622389290633
33368,398.83688575075195
33369,366.12112600931704
33370,55.64432977274282
33371,104.73398009021716
33372,181.86686721523793
33373,113.5137907435302
33374,396.5512937412566
33375,480.4266345060988
33376,578.1927966447813
33377,416.36266919606055
33378,328.7286334688908
33379,298.2645594026485
33380,531.4558305751186
33381,407.22012339140286
33382,438.58767756423447
33383,469.65796520381394
33384,381.97473536379334
33385,360.74837776239025
33386,406.5326942945709
33387,373.92064220050474
33388,295.5039820343634
33389,493.98127367814857
33390,416.40177616745484
33391,450.35618123572874
33392,149.72116629253577
33393,424.4617712890552
33394,446.60921614415054
33395,442.3191867287728
33396,26.172404396839738
33397,437.74901411843365
33398,555.292764162193
33399,581.9896062789204
33400,218.0331018297676
33401,388.96782703223215
33402,330.57685187352683
33403,510.9021706190921
33404,251.31446738279234
33405,325.6287303791693
33406,355.21820222982046
33407,467.00871421637646
33408,290.0
33409,404.1635371381786
33410,410.44496612878623
33411,368.2664427987134
33412,161.0449198200579
33413,384.9461615771503
33414,398.02913263143694
33415,391.36924626604053
33416,82.1347992059057
33417,353.9132888157561
33418,303.2647507055044
33419,327.6435896958978
33420,284.1023971697644
33421,432.80894580245115
33422,335.29356515891965
33423,342.27954658464995
33424,311.79518097851303
33425,436.9140520469653
33426,341.0382415469775
33427,413.0462312877695
33428,509.91849197054887
33429,439.0341198014156
33430,393.42401355089004
33431,420.73563091010016
33432,516.1612977985744
33433,205.65666780976898
33434,326.55497043363084
33435,359.93789241396126
33436,417.2030247350703
33437,275.1103859204493
33438,-0.0
33439,146.22208231850288
33440,541.9689938983229
33441,385.99586151809035
33442,367.13981999356
33443,356.0722167467722
33444,349.0472930203878
33445,464.72100764730516
33446,391.3850545138881
33447,455.4346302423436
33448,410.4257258581984
33449,413.1302148557382
33450,448.1815848706103
33451,483.3944183148474
33452,338.31170476622754
33453,498.92081871717045
33454,447.62229107023023
33455,519.3907700597664
33456,426.03173433259667
33457,474.2409545220424
33458,427.8012549856318
33459,556.4793848541746
33460,296.99675357462297
33461,397.2897855608141
33462,327.31965575139486
33463,424.3122389290633
33464,459.53688575075194
33465,431.821126009317
33466,451.3443297727428
33467,505.4339800902171
33468,536.8668672152379
33469,448.5137907435302
33470,401.5512937412566
33471,470.4266345060988
33472,598.1927966447813
33473,446.36266919606055
33474,348.7286334688908
33475,298.2645594026485
33476,521.4558305751186
33477,412.22012339140286
33478,443.58767756423447
33479,494.65796520381394
33480,396.97473536379334
33481,385.74837776239025
33482,416.5326942945709
33483,403.92064220050474
33484,320.5039820343634
33485,513.9812736781486
33486,446.40177616745484
33487,470.35618123572874
33488,174.72116629253577
33489,439.4617712890552
33490,441.60921614415054
33491,462.3191867287728
33492,41.17240439683974
33493,462.74901411843365
33494,565.292764162193
33495,606.9896062789204
33496,233.0331018297676
33497,413.96782703223215
33498,340.57685187352683
33499,545.9021706190921
33500,261.3144673827924
33501,345.6287303791693
33502,365.21820222982046
33503,477.00871421637646
33504,-0.0
33505,348.17175594734414
33506,467.9992871228143
33507,465.2563415835902
33508,194.6154493640435
33509,305.19034132036313
33510,313.34867530374896
33511,313.9778894917306
33512,65.77851577696927
33513,333.0969015090153
33514,307.03249114578955
33515,381.73645757889227
33516,165.85726289248643
33517,336.5727935655479
33518,289.92512087971306
33519,313.39196745828804
33520,299.2291301137357
33521,325.7532627391613
33522,299.61614915766984
33523,347.19344608438416
33524,390.66297705575073
33525,351.5909338853794
33526,435.54260519694543
33527,485.4459584283689
33528,699.8502146022001
33529,238.7540778095547
33530,133.92071872164712
33531,244.48433993407156
33532,761.7576648972272
33533,350.7872934309287
33534,355.0281780973718
33535,528.6079691041291
33536,682.9511615831616
33537,469.35792393048797
33538,490.082284096693
33539,466.8234106675423
33540,458.59602576626696
33541,451.1363916236082
33542,498.9681220558897
33543,539.3429027383041
33544,269.2469398420765
33545,426.0188276999887
33546,382.4017884359439
33547,424.28626279828484
33548,201.20085258838424
33549,345.41259153983106
33550,342.5637130873007
33551,342.5172280491996
33552,373.0476849543239
33553,363.86503987868923
33554,308.37479699619865
33555,371.297512905517
33556,216.15495759759824
33557,495.8838327233684
33558,407.92636164669824
33559,519.6216782911146
33560,481.7470490208441
33561,470.5373062669613
33562,396.0177791959099
33563,458.52829954462845
33564,477.17683123686385
33565,436.1610818137604
33566,295.6466300322287
33567,384.20443740588235
33568,669.6865505888557
33569,462.88089986317425
33570,419.8967514794854
33571,377.0276061690185
33572,626.8061345344937
33573,426.28142899060765
33574,497.0999921993697
33575,456.462700151055
33576,414.832175485469
33577,406.55886311081923
33578,437.71307534864326
33579,400.02885320904
33580,282.9523701150851
33581,373.06047893041267
33582,285.90224714023446
33583,356.7844187253883
33584,31.94109838108278
33585,529.4656639662436
33586,452.8216926547412
33587,386.1483349614703
33588,-0.0
33589,537.8945624939047
33590,549.4181866285599
33591,679.8198359208488
33592,167.56365897794203
33593,352.9034166690064
33594,129.90831472933687
33595,524.2711621446938
33596,260.65052270941703
33597,382.57630462713166
33598,429.47202505140956
33599,618.5790393739467
33600,243.78266319459647
33601,271.9838302056672
33602,438.6316695123998
33603,358.20015002952994
33604,174.11613632163716
33605,364.81674424038727
33606,371.52850911142616
33607,379.2217767289871
33608,192.84546958415427
33609,351.4857007656994
33610,382.0855532538706
33611,385.7517619488082
33612,268.82547154032324
33613,314.41947143409885
33614,323.9255271772758
33615,410.2605020847768
33616,313.7352105388708
33617,325.19571010594643
33618,293.4844290437198
33619,358.9827744685016
33620,356.14565056867866
33621,403.31024344402283
33622,375.37260478039315
33623,449.62103413444083
33624,564.1972753239896
33625,372.1088463744714
33626,200.91381039008596
33627,205.28140331854232
33628,697.220555361031
33629,345.0019845991653
33630,314.6710045620604
33631,381.61001714087735
33632,606.2115766534278
33633,477.2992801372543
33634,497.7547678523931
33635,508.9992657736277
33636,470.41257480348315
33637,528.0556560086105
33638,590.2774714932224
33639,544.415132321109
33640,380.48439167070904
33641,586.0545899531135
33642,525.7637091869856
33643,463.4756009331902
33644,250.83594153501832
33645,481.0506830572785
33646,446.7728920034204
33647,478.98931402049084
33648,304.91882461474404
33649,515.0276579056559
33650,444.6325610013888
33651,522.6536404544507
33652,460.8291178452466
33653,472.19984021968213
33654,480.10693358106283
33655,563.0986266523563
33656,488.3626406137872
33657,451.13175496925965
33658,388.7019910171817
33659,497.3747767820993
33660,673.4944149820759
33661,449.39647081945446
33662,395.2490400380258
33663,449.1045977537438
33664,523.9759048925653
33665,423.82498773151093
33666,320.3975653122448
33667,215.96834860656202
33668,586.8819812724051
33669,416.9196886565469
33670,417.600781350171
33671,457.3201790283555
33672,392.1276618059711
33673,389.6423426558763
33674,422.10683709334796
33675,441.6070402421293
33676,187.3219476427068
33677,424.4275246124738
33678,470.83517805628236
33679,439.54838028009146
33680,245.2248558209428
33681,454.8280149842824
33682,518.7065239507286
33683,430.3882273283308
33684,116.84343463096548
33685,406.40765344380856
33686,392.2881329357534
33687,374.8316669946986
33688,192.36695657241293
33689,277.54723543327765
33690,365.75543864118254
33691,358.4487062587434
33692,38.535900261692404
33693,327.228201251736
33694,413.87485695603
33695,476.0186498007091
33696,176.04760421284956
33697,181.89332853744264
33698,358.053125545664
33699,382.76393687274503
33700,23.022148273786968
33701,228.8842196219021
33702,362.7815687018061
33703,349.91239870938114
33704,292.1276618059711
33705,458.9978885256688
33706,382.05082276847696
33707,323.61384638048276
33708,69.91786869806486
33709,320.4528280043053
33710,347.7270058033719
33711,372.6746434889171
33712,296.28462187416966
33713,353.572730127965
33714,321.03875003774783
33715,359.2831845213995
33716,380.1663237241779
33717,370.183955553239
33718,407.71307534864326
33719,342.65045927183417
33720,475.0300614934367
33721,437.59761314856706
33722,392.3532421024983
33723,360.0988473525559
33724,800.0
33725,440.3689034060607
33726,392.9070686794226
33727,442.47037171382533
33728,453.938481501226
33729,364.82362998512787
33730,372.10956233690194
33731,370.6260621551819
33732,317.3362357436055
33733,248.41170086591237
33734,384.84085413401226
33735,328.65558810316884
33736,109.925524092031
33737,347.3978285658375
33738,301.757827442773
33739,345.9517185803447
33740,81.64020494193622
33741,304.25733331562924
33742,307.8951726103391
33743,290.30292824735534
33744,-0.0
33745,238.14302124529604
33746,267.1813015478983
33747,326.6981195441999
33748,328.7238576708874
33749,295.02020941580633
33750,305.631816456685
33751,331.445494688676
33752,294.0958880052261
33753,350.75161386943586
33754,307.3056166854422
33755,277.2312460559257
33756,410.2331496660899
33757,320.57835266387985
33758,329.8016055012619
33759,291.55177755006883
33760,359.15427567540695
33761,327.13721577469914
33762,205.67599173203908
33763,-0.0
33764,438.84699604657266
33765,329.5273642646124
33766,311.33209921185346
33767,244.40213211099413
33768,365.0577311000381
33769,269.04348246728773
33770,329.6572654101876
33771,347.17999943846775
33772,206.4436687347413
33773,356.33379130506245
33774,353.32565000714646
33775,340.69013817158174
33776,130.27871892575067
33777,367.31212584998053
33778,369.3788389903933
33779,424.95789144789956
33780,2.1832935251302956
33781,405.636299748732
33782,328.9404499315871
33783,369.08965031747437
33784,114.19834414471461
33785,279.74655879401547
33786,208.01278560791485
33787,376.68728814799954
33788,-0.0
33789,367.16947785211516
33790,336.37340676722715
33791,465.1611709234087
33792,89.6922884015377
33793,332.0026209552087
33794,363.51180614436487
33795,388.79731812490957
33796,-0.0
33797,250.2779179290239
33798,296.95712821669036
33799,369.13248334515924
33800,101.16137431971677
33801,337.9552704926908
33802,311.10233373218153
33803,358.02695672941564
33804,207.28523255814775
33805,339.32059939958486
33806,344.0463581629353
33807,336.6936492331655
33808,266.1466428682613
33809,327.3693484592482
33810,254.25312302796283
33811,345.8334859630734
33812,433.1473039062629
33813,343.7555020787654
33814,377.9616315778568
33815,419.8461059401977
33816,519.0358365765827
33817,372.1565396969692
33818,324.75512046316084
33819,328.8372014110725
33820,478.8112485796382
33821,387.7537077923488
33822,377.3382946662289
33823,336.9522679218774
33824,416.0546430723649
33825,244.5944113292875
33826,318.22758163204037
33827,331.9226682179761
33828,469.18861089409296
33829,318.4094718446397
33830,347.233467276568
33831,323.887984856381
33832,214.8706131956679
33833,252.79112852100684
33834,294.74458004532283
33835,287.4094782626561
33836,302.2995407281658
33837,192.70249950795207
33838,293.6012859406262
33839,297.3049095137492
33840,-0.0
33841,198.38088897729915
33842,334.20968126645744
33843,379.5118327764805
33844,305.249761995909
33845,328.7828766617093
33846,309.05174911277555
33847,268.52406667014145
33848,-0.0
33849,338.5742431868071
33850,117.59721812938616
33851,249.04985582094275
33852,457.7062057727069
33853,385.07166155476676
33854,290.08220782307745
33855,364.0126199771243
33856,605.9968574704615
33857,347.1885611076131
33858,123.52095282542294
33859,-0.0
33860,500.1734092849283
33861,269.2888458129392
33862,339.27880803539887
33863,352.13351440036666
33864,204.69132078391314
33865,295.70288502387183
33866,233.1779257296542
33867,302.1489456454484
33868,323.1385262523035
33869,333.9350811460038
33870,330.89808663904785
33871,371.85293676050924
33872,18.008701627870607
33873,329.1227133916172
33874,324.91658389252586
33875,329.5498563884864
33876,86.2633898738766
33877,250.33347312704075
33878,369.02606662304066
33879,501.6505483814824
33880,39.87825323590016
33881,261.467369143012
33882,234.35465477331036
33883,301.5963026709627
33884,37.91793213564779
33885,306.4749385125747
33886,322.46183472663813
33887,374.78469814778526
33888,-0.0
33889,328.9543803863158
33890,351.68189468045813
33891,457.2022237383435
33892,183.21536528979766
33893,309.27510666106645
33894,305.8542859937384
33895,337.0170845826659
33896,203.46024482663682
33897,298.86827988605
33898,330.0888095750156
33899,358.78336298822273
33900,392.36250356526995
33901,329.6702035653336
33902,322.0116911151245
33903,311.440208027181
33904,288.6057685201497
33905,299.7113198178514
33906,247.03616783816386
33907,327.1618838005944
33908,373.79511754093016
33909,416.14248236707476
33910,285.3285881502697
33911,68.98751998160094
33912,315.5328599253615
33913,396.6978097343521
33914,94.70065876782712
33915,309.523471587424
33916,558.7508330868084
33917,65.02506173495209
33918,-0.0
33919,387.1558152213848
33920,601.4109451878068
33921,464.35574593332916
33922,447.3558093709121
33923,389.5096399931315
33924,-0.0
33925,-0.0
33926,-0.0
33927,-0.0
33928,-0.0
33929,-0.0
33930,-0.0
33931,-0.0
33932,-0.0
33933,-0.0
33934,-0.0
33935,-0.0
33936,-0.0
33937,-0.0
33938,-0.0
33939,-0.0
33940,-0.0
33941,-0.0
33942,-0.0
33943,-0.0
33944,-0.0
33945,-0.0
33946,-0.0
33947,-0.0
33948,-0.0
33949,-0.0
33950,-0.0
33951,-0.0
33952,148.3694123918849
33953,-0.0
33954,-0.0
33955,-0.0
33956,-0.0
33957,-0.0
33958,-0.0
33959,76.11239657477296
33960,432.15283832263674
33961,431.19433619075915
33962,345.0528708052252
33963,356.63154164712677
33964,226.38862202749485
33965,372.0640534295793
33966,342.3040479896474
33967,391.28682245814906
33968,-0.0
33969,294.4150702661401
33970,374.0265504318529
33971,365.96657999221065
33972,-0.0
33973,336.46906123622097
33974,375.93987800323384
33975,495.15797803984657
33976,106.17900614877786
33977,272.97977189768824
33978,254.6342647955432
33979,263.9959804476459
33980,-0.0
33981,333.7635552571404
33982,406.966389679462
33983,520.5092742988044
33984,93.10137919811643
33985,224.10926674570078
33986,489.36950100647937
33987,516.8083351184731
33988,158.59382266458638
33989,271.2300589757355
33990,315.42665918805693
33991,397.63355191835745
33992,38.310319965165206
33993,336.1451667598664
33994,286.40008407424585
33995,361.80862762442945
33996,266.13488831555395
33997,320.9029716158189
33998,306.41989180532823
33999,296.3450373669994
34000,289.4023480958081
34001,291.249891388776
34002,218.6473932634379
34003,311.13708889953335
34004,368.246635067631
34005,398.890772009924
34006,426.4027684670375
34007,379.1024218517225
34008,454.095527593828
34009,280.1382715118647
34010,394.6279037103772
34011,379.93201513760755
34012,790.3661424921268
34013,375.1030325357006
34014,215.21290996537945
34015,-0.0
34016,-0.0
34017,-0.0
34018,-0.0
34019,182.14051726948517
34020,-0.0
34021,-0.0
34022,-0.0
34023,-0.0
34024,-0.0
34025,-0.0
34026,-0.0
34027,-0.0
34028,-0.0
34029,-0.0
34030,-0.0
34031,-0.0
34032,-0.0
34033,-0.0
34034,-0.0
34035,-0.0
34036,-0.0
34037,-0.0
34038,-0.0
34039,-0.0
34040,-0.0
34041,-0.0
34042,-0.0
34043,-0.0
34044,55.35842008027953
34045,-0.0
34046,-0.0
34047,-0.0
34048,22.497303266229437
34049,-0.0
34050,-0.0
34051,-0.0
34052,-0.0
34053,-0.0
34054,-0.0
34055,312.89880258041694
34056,360.826400402323
34057,352.41145701134866
34058,358.8719812603824
34059,371.97473536379334
34060,242.6353205327088
34061,363.1957488615712
34062,312.774966949868
34063,360.12402386922156
34064,44.26393712027175
34065,384.6729126400834
34066,336.69464153274816
34067,339.56968880152687
34068,-0.0
34069,277.9252089992541
34070,352.8168076779702
34071,423.2542044371937
34072,-0.0
34073,275.42496709484794
34074,271.7961732780957
34075,337.579981319506
34076,79.65487352335236
34077,291.73208109289163
34078,18.902603083773727
34079,415.6411600435449
34080,-0.0
34081,22.216523220170927
34082,263.40689021259936
34083,309.3499857813533
34084,-0.0
34085,204.62621161716825
34086,325.04551742047653
34087,332.38059452118523
34088,132.1594919137591
34089,354.1442132159085
34090,234.71231211743407
34091,344.4387706744108
34092,212.1147236508251
34093,284.1569600681986
34094,266.53905537973685
34095,328.20063383834224
34096,269.91658389252586
34097,272.7108747646639
34098,299.0789127463077
34099,261.9233900308793
34100,405.1108178900773
34101,321.4465937943051
34102,318.5206850014247
34103,301.32989862787406
34104,478.80048632651346
34105,455.10053944576487
34106,214.9873543508104
34107,307.44768828709545
34108,559.7462662880591
34109,341.7511643483896
34110,235.69461586068286
34111,139.08588352534457
34112,301.6202689530741
34113,140.722983310753
34114,157.43743257458354
34115,64.56973869055355
34116,-0.0
34117,-0.0
34118,-0.0
34119,-0.0
34120,-0.0
34121,-0.0
34122,-0.0
34123,-0.0
34124,-0.0
34125,-0.0
34126,-0.0
34127,-0.0
34128,-0.0
34129,-0.0
34130,-0.0
34131,-0.0
34132,-0.0
34133,-0.0
34134,-0.0
34135,-0.0
34136,-0.0
34137,-0.0
34138,-0.0
34139,-0.0
34140,254.84787455454898
34141,231.89480464583758
34142,208.38785879628563
34143,329.78228157899184
34144,630.2152253310724
34145,293.0047324295399
34146,289.35296268010137
34147,145.61436795481262
34148,368.99012785325027
34149,337.3713330584136
34150,382.116391062076
34151,363.0000634375829
34152,299.35513858212266
34153,337.4723563129907
34154,358.11284124486747
34155,316.5256087338205
34156,192.44009423557463
34157,376.8705192256541
34158,399.94446948394125
34159,369.40822537216184
34160,-0.0
34161,398.6422404626686
34162,359.33286244306265
34163,348.17545732167656
34164,240.03354688295514
34165,350.37478068241444
34166,318.49886798921887
34167,343.13165667636713
34168,-0.0
34169,149.74046553284774
34170,320.27373274587916
34171,366.7134569642479
34172,-0.0
34173,368.1162254312854
34174,322.28861674456573
34175,361.115805060056
34176,-0.0
34177,-0.0
34178,267.281047375003
34179,368.96782703223215
34180,180.41788153409755
34181,313.17494883090615
34182,339.81137545480397
34183,340.0653004696008
34184,-0.0
34185,374.3661168200614
34186,293.8479636641972
34187,318.6657248861253
34188,275.60355386250365
34189,319.93590781479594
34190,331.8812814787789
34191,357.12616101561804
34192,384.09455997620347
34193,409.4923412732623
34194,303.6111619876911
34195,325.44697540990967
34196,346.8903269567365
34197,368.78387147899315
34198,378.27113647262854
34199,312.5418419657362
34200,276.2785532949601
34201,492.4645191194298
34202,300.7674856998463
34203,270.1211234916159
34204,800.0
34205,160.78487686213526
34206,279.4143704725138
34207,-0.0
34208,556.1545938534287
34209,315.52983267259003
34210,394.6821237488316
34211,391.5220976722367
34212,26.438836309678038
34213,340.6935749097075
34214,365.03180613835343
34215,389.45447045601435
34216,-0.0
34217,128.66320222380904
34218,149.2630547119803
34219,75.31184252726842
34220,-0.0
34221,-0.0
34222,-0.0
34223,92.74015044007082
34224,280.20650217897844
34225,359.5464501827915
34226,301.61147122999535
34227,366.03851203365684
34228,-0.0
34229,263.2285906679709
34230,182.78580044120594
34231,245.72027090323166
34232,365.92184154918397
34233,454.208575887792
34234,349.8189746442739
34235,398.4120456760498
34236,399.8534840069044
34237,259.33632315062295
34238,372.97118554658476
34239,401.98329703293865
34240,543.5162073123236
34241,304.13057526713624
34242,196.00310377391384
34243,350.6013532785243
34244,448.38241348956
34245,357.5932366625664
34246,415.87997100117445
34247,463.10497936934837
34248,643.932804040882
34249,271.4197005024723
34250,54.73807364601248
34251,32.431849754343716
34252,-0.0
34253,-0.0
34254,118.11361755963608
34255,268.58110049425443
34256,9.348370209286713
34257,368.96294205546116
34258,358.22414294375704
34259,390.6570997793971
34260,-0.0
34261,324.57875267002333
34262,397.9666221763604
34263,538.8408262642627
34264,245.42276651086857
34265,523.090247917893
34266,308.2069949235082
34267,446.114304269703
34268,48.32475891066426
34269,367.27050110669234
34270,240.44845151830464
34271,459.49720156807524
34272,79.14380592823858
34273,259.50973243555126
34274,427.1364147779724
34275,334.0319438993944
34276,86.7649035002623
34277,315.44107345159784
34278,281.2241816993818
34279,293.23318842171466
34280,180.4264432032429
34281,316.0184338158951
34282,308.92284278448415
34283,309.4943258724277
34284,259.22107693536077
34285,287.9359712523788
34286,308.72393979497565
34287,388.4220289517247
34288,170.63170727791737
34289,273.9495200915029
34290,272.4772412897617
34291,295.3811417675804
34292,422.34487173620886
34293,548.9689313090662
34294,462.14059996111706
34295,351.58822481062964
34296,467.4666950214511
34297,405.0699694615578
34298,359.8047737028659
34299,404.91022280735984
34300,753.9217739637592
34301,338.66134840012467
34302,297.9464928387314
34303,420.58004475708884
34304,482.319332290444
34305,326.0088341059823
34306,372.2780247350703
34307,308.98001965256714
34308,223.32991341406432
34309,257.6970225337084
34310,168.87621998534217
34311,198.5234476179895
34312,-0.0
34313,-0.0
34314,37.25624662346919
34315,8.434451775520305
34316,138.84924318680714
34317,146.73870471912673
34318,174.91099383919936
34319,137.816370425413
34320,228.49081481084391
34321,234.8732917379868
34322,217.05597556924621
34323,249.7920515325339
34324,150.15942067554587
34325,229.1421951440475
34326,205.92342098587378
34327,233.96849335316278
34328,265.6243292112106
34329,309.4456402503472
34330,194.02635912899703
34331,311.1194282526867
34332,382.833214948098
34333,374.14771799172104
34334,355.5976519041919
34335,360.3382710168083
34336,391.7411267490886
34337,360.15650508846704
34338,371.7015099290372
34339,371.3379780723546
34340,402.9795651915691
34341,375.16083434637386
34342,378.76151514972395
34343,377.2929537281071
34344,372.0433601890511
34345,376.1280440609252
34346,362.29078909915364
34347,372.25541982207915
34348,354.427987753495
34349,345.8777822220979
34350,393.3004838696157
34351,416.9218193785776
34352,322.7627532703064
34353,349.60322078762124
34354,345.9469854397101
34355,347.52374130679436
34356,319.92064563761244
34357,479.61854104450515
34358,198.02341772980748
34359,347.4155041537517
34360,336.016227664677
34361,348.7765784370273
34362,298.65261709735086
34363,384.301023803353
34364,222.65145157141683
34365,303.3785090329014
34366,300.23294850742036
34367,532.3798182064165
34368,83.28078610268909
34369,325.14560392899045
34370,337.82372470265307
34371,363.3872481236143
34372,279.2178840517987
34373,287.0794794808268
34374,317.06393007924305
34375,315.946288452316
34376,240.42813529645187
34377,383.04942417133157
34378,217.67106024002598
34379,346.2465367244844
34380,256.28510568298196
34381,299.43951450516784
34382,298.2904998549204
34383,315.05979838731764
34384,347.0657455227883
34385,258.1404458155712
34386,382.3480399378128
34387,219.1630065397137
34388,315.62823139061703
34389,337.71415835050857
34390,372.0960427975326
34391,355.02376081047174
34392,396.88398316450457
34393,404.8369193097427
34394,383.9209348818456
34395,393.52852393472847
34396,417.31088895148997
34397,377.6975987340232
34398,385.7046711093499
34399,396.25287983780794
34400,401.79695333513075
34401,354.61148304514455
34402,372.4843965282239
34403,381.6931271549248
34404,359.0817818291215
34405,341.79028172262133
34406,342.49354191793947
34407,316.7361844998876
34408,308.2139964100127
34409,134.71936975995806
34410,217.42276055889204
34411,228.266218836469
34412,74.27266417268092
34413,96.07325903474279
34414,105.6909602250463
34415,127.61464192453221
34416,307.0214859649062
34417,308.6876266168689
34418,264.5250847117892
34419,283.51374087252117
34420,344.22310922586837
34421,396.0045317850177
34422,351.5549905575796
34423,372.14568434194814
34424,360.35252968429427
34425,371.14088811415905
34426,361.6075741510557
34427,389.88153417181456
34428,325.16514012173934
34429,363.78531866777087
34430,359.38833192608877
34431,356.3992764890748
34432,394.9335015883871
34433,349.9942171204862
34434,360.35990990590176
34435,362.0412382676728
34436,412.2798452321019
34437,378.007033367972
34438,366.26008103179436
34439,363.5501628238219
34440,341.49377955391594
34441,354.6854897936635
34442,361.0018289769246
34443,354.31908600090145
34444,356.3004441663267
34445,342.7495313278035
34446,360.10028509008885
34447,368.3679745440609
34448,259.8395535521758
34449,344.0737522396473
34450,356.80642704045005
34451,422.89923148586166
34452,187.13869188309405
34453,327.0152701206724
34454,347.5699300284157
34455,435.5686244051837
34456,208.7633639542845
34457,302.25616983678043
34458,296.7029672508645
34459,309.6249551004186
34460,291.0018189683748
34461,317.8216662415485
34462,314.7396892180791
34463,335.04229985495635
34464,253.28015726862805
34465,299.4050324885998
34466,343.6304859099612
34467,355.3160572827936
34468,222.53011209498692
34469,291.1776966612807
34470,331.41940799651593
34471,355.35078776818733
34472,176.5292854261948
34473,292.1736383533018
34474,315.7238763573928
34475,314.0265751138111
34476,124.98000096606174
34477,292.02971151599996
34478,331.19900544580054
34479,327.73876035607935
34480,248.82278714753156
34481,287.1650766841564
34482,242.31897074395877
34483,290.06778860336
34484,305.87420297889224
34485,323.456409773682
34486,363.42107950396223
34487,344.7734989716444
34488,382.6056329490077
34489,349.0013739151873
34490,383.537928765023
34491,389.6616862756166
34492,396.5976020339014
34493,386.3537547036763
34494,362.24043961325566
34495,398.820269058771
34496,443.8214630188241
34497,310.9660321782719
34498,312.88622932558917
34499,381.84012590309266
34500,537.5167796632404
34501,164.043543303364
34502,329.19370934361166
34503,332.44742530720544
34504,-0.0
34505,-0.0
34506,-0.0
34507,-0.0
34508,-0.0
34509,-0.0
34510,-0.0
34511,-0.0
34512,-0.0
34513,-0.0
34514,-0.0
34515,-0.0
34516,-0.0
34517,-0.0
34518,-0.0
34519,-0.0
34520,-0.0
34521,-0.0
34522,-0.0
34523,-0.0
34524,358.42350448937805
34525,362.4913219805089
34526,357.3896214219017
34527,364.80953654849026
34528,401.9783581066203
34529,346.8089970673785
34530,367.75564753686695
34531,354.37934748116373
34532,394.22450122113037
34533,367.8498172721585
34534,376.13311963331296
34535,480.05523801010236
34536,260.5158960989765
34537,369.49286171320034
34538,352.13861326859353
34539,357.6997633629766
34540,345.78835472964437
34541,348.03516244370536
34542,345.48753590393414
34543,387.80980809532053
34544,285.2405030508385
34545,339.7467845101632
34546,431.614609611692
34547,408.9817357272247
34548,168.85681783929894
34549,465.49633614365837
34550,207.90152272687982
34551,396.0982868330639
34552,302.87000253964504
34553,460.14995421385225
34554,300.66662906616693
34555,363.7342182392881
34556,96.58580824183622
34557,312.2078127859853
34558,319.8982140262425
34559,383.6243758593753
34560,251.10064163897255
34561,305.7717524055838
34562,335.96641699227496
34563,452.7881963181523
34564,162.27447030502302
34565,295.25171546043424
34566,308.9072044938647
34567,420.7801096544066
34568,182.83422352221726
34569,307.98322984992507
34570,312.4270736129998
34571,309.2692753284994
34572,291.36178159040156
34573,312.48478908629386
34574,319.32695179443874
34575,316.5102964628262
34576,308.45782438793424
34577,300.2827164722472
34578,295.65419583739697
34579,311.3559987108878
34580,350.2913322804858
34581,395.96716700697624
34582,435.83804097954135
34583,398.0099016038311
34584,423.56235417504575
34585,466.5469191025097
34586,327.22970204208906
34587,419.1041154244391
34588,474.68111782818147
34589,453.19890773351347
34590,448.2912498696217
34591,473.3251228175141
34592,532.1058751157341
34593,488.43714843680107
34594,485.2996144840802
34595,543.5430566681492
34596,585.2744920767732
34597,466.2499262440856
34598,423.259900584043
34599,417.06728116845096
34600,78.55643289092278
34601,27.526753013090683
34602,4.547973414985094
34603,121.46981421100017
34604,115.20376757185052
34605,104.15812608529725
34606,73.39384791408814
34607,93.05937142374322
34608,82.0742992926304
34609,81.12798215269169
34610,61.62713022344898
34611,83.26089930905852
34612,366.7005698332157
34613,423.8767647677659
34614,429.92553618123344
34615,453.80624581936263
34616,408.49295585755556
34617,419.2569840606404
34618,399.89678121028504
34619,409.6089427578545
34620,450.7717096980087
34621,447.08301601645724
34622,425.2718970277004
34623,428.57683827794847
34624,432.3571203806863
34625,397.97532504903296
34626,404.2455145180276
34627,408.91877025289216
34628,427.24672229891064
34629,400.05118257907907
34630,405.78040722117714
34631,474.2709214779217
34632,321.5310819247728
34633,397.7495313278035
34634,399.2130171770326
34635,382.8642159599109
34636,441.8979210082573
34637,315.3076881414215
34638,432.07200266363964
34639,800.0
34640,-0.0
34641,337.9503855159197
34642,377.8129479656815
34643,388.7472011557861
34644,302.51787373346724
34645,353.7708382650886
34646,344.2771838296119
34647,438.4598950557142
34648,246.27165903706558
34649,479.6182214576763
34650,409.9776991789819
34651,381.82306656992847
34652,34.99959271233007
34653,339.1004507660832
34654,334.8599728130886
34655,353.7931417537331
34656,311.3949472311679
34657,310.02738276125257
34658,340.3497123533307
34659,451.8964202179042
34660,178.70142540218126
34661,360.1893243388223
34662,291.59361827817105
34663,331.4803319801161
34664,214.26267699669086
34665,337.59152620993393
34666,312.20061529221937
34667,314.5888220998689
34668,309.05580108121916
34669,313.16353845643897
34670,310.8929309245515
34671,324.6125829103406
34672,313.75860420628965
34673,320.9650450855979
34674,304.04931089457926
34675,322.24389307040633
34676,337.91977050447196
34677,385.9203099855836
34678,386.46348584922913
34679,392.09750011936
34680,480.3394757934051
34681,498.4279062280784
34682,353.9251972113111
34683,415.76499260991056
34684,688.1403195486132
34685,355.8011272398916
34686,466.7995922370841
34687,492.75028134250476
34688,473.4040406122846
34689,441.80860320733655
34690,433.48343768224726
34691,462.98212868275704
34692,407.4738697251118
34693,368.4390392332148
34694,361.66612245025726
34695,353.2284369220141
34696,393.57851503404686
34697,390.5269138290907
34698,458.2822576095573
34699,465.85099286712625
34700,156.95299420263945
34701,164.54204568206117
34702,148.80958297356494
34703,180.98273751805445
34704,230.2769845991653
34705,366.4688276999887
34706,347.210844377213
34707,352.05523354224357
34708,351.40687152609394
34709,485.42019129684456
34710,473.6886186947233
34711,564.872892425984
34712,391.1685994466856
34713,441.0291443323824
34714,431.6813591350084
34715,511.12233039339856
34716,474.09018349020283
34717,418.88859610790274
34718,428.91747399890085
34719,397.0816605766823
34720,484.18436185080174
34721,367.3708492496013
34722,220.7887695393236
34723,202.37111707359952
34724,434.2360706803783
34725,397.9991248668595
34726,407.4307345711353
34727,403.7067106198641
34728,408.87977902503695
34729,389.228204886841
34730,382.2662819742011
34731,384.9810629889954
34732,362.63285212473113
34733,407.2856517157507
34734,481.5996868573807
34735,422.8622757345305
34736,154.57363331789944
34737,407.8623004164886
34738,314.77029623510134
34739,408.0210547711038
34740,267.45927993884476
34741,337.4343138143409
34742,414.03908432909793
34743,562.0622848152279
34744,70.12313277273935
34745,397.72064471820596
34746,267.47314964061184
34747,390.6881535724164
34748,198.0619550388076
34749,306.92726094269153
34750,324.1194304111346
34751,502.18998537682387
34752,95.11357880401133
34753,301.6668869664435
34754,317.7834042756959
34755,435.50691912516226
34756,226.31766026635438
34757,336.3301146126881
34758,317.7739993322434
34759,330.5448057809248
34760,190.14632469023965
34761,304.41787561607435
34762,296.37693029285515
34763,333.3110182028852
34764,259.5070480427596
34765,310.6593536662438
34766,307.5083197647392
34767,318.2038267219043
34768,391.8108035264507
34769,342.61742087964944
34770,270.629722678752
34771,308.9634505462315
34772,464.91629138656947
34773,354.8899065855071
34774,331.349197868186
34775,433.8384343774273
34776,572.6780523572932
34777,408.2823578526074
34778,280.7498538707852
34779,409.5904888321919
34780,653.2490269544663
34781,480.1154622000762
34782,366.34433757337314
34783,466.03386506097684
34784,690.7993367643141
34785,359.9541974516338
34786,377.4336393253749
34787,420.06598295933566
34788,272.052996152797
34789,207.3629601744229
34790,90.98885361356946
34791,258.0066379898617
34792,90.14389057002803
34793,184.659716266747
34794,146.08647764801162
34795,149.81897911213267
34796,-0.0
34797,-0.0
34798,-0.0
34799,-0.0
34800,267.84348888530405
34801,280.89709823978035
34802,271.64767658615
34803,325.92766822398744
34804,195.31146676213655
34805,302.4686815707739
34806,410.6624705151379
34807,626.495663972255
34808,385.2031004411423
34809,453.74644418733874
34810,403.6694138469887
34811,422.9215198934107
34812,441.3076224888141
34813,458.0680482999753
34814,478.86143499207174
34815,442.2078850298832
34816,505.2434034284442
34817,413.46413750382516
34818,344.3172152131669
34819,269.55503387121377
34820,423.9544050682739
34821,387.21156172225756
34822,412.1330552735125
34823,393.3256746891046
34824,389.89307478711106
34825,412.37251666085217
34826,414.710811327081
34827,397.0752994915163
34828,246.08501909103492
34829,360.01172987074926
34830,426.02651167622815
34831,384.681958118041
34832,270.5820293562542
34833,449.6516041186479
34834,387.46771200299185
34835,319.94546178352397
34836,281.99604388522874
34837,343.550238004091
34838,496.2089664391141
34839,368.4487062587434
34840,188.63982389387522
34841,340.25344120598453
34842,310.4100196585785
34843,314.9909298400843
34844,186.2550441895453
34845,318.9950128300213
34846,353.01839506027034
34847,451.83012744872076
34848,153.98942805962395
34849,362.15820710822004
34850,355.7260769413722
34851,393.7914408485558
34852,57.34864963168366
34853,311.26111276875486
34854,374.2795078290252
34855,367.11172207011896
34856,276.3401770721865
34857,397.97727880775255
34858,362.82486085634514
34859,566.7843422042461
34860,375.5037142103651
34861,313.30487465843953
34862,321.97425155498104
34863,336.2980685200861
34864,457.6902907188129
34865,427.1797316144695
34866,300.42714299686924
34867,315.8339697718857
34868,401.47077801138806
34869,381.36755417283155
34870,399.8556599089257
34871,461.3413606746251
34872,671.9489985171731
34873,465.12034717684725
34874,444.7343204324958
34875,409.4691246738039
34876,644.797152494119
34877,476.98012883133475
34878,435.3469197729571
34879,340.4584892958449
34880,699.5404530168319
34881,423.21798429484886
34882,468.3244010169674
34883,491.65227629005136
34884,384.4797324295399
34885,510.2101858569127
34886,504.49119447629096
34887,549.6874130730077
34888,341.44904198818335
34889,431.4326431254771
34890,395.11696745828806
34891,483.0049528822127
34892,334.57517651666564
34893,507.98985208364167
34894,356.5584982315624
34895,294.04263377921865
34896,85.49961781685178
34897,296.48203634181414
34898,250.71264256394483
34899,220.37210855811182
34900,68.7946999349287
34901,257.8033507137223
34902,312.6526248555239
34903,368.45089652439134
34904,409.5105610545009
34905,412.2642441648916
34906,378.57554334608
34907,389.21600359599864
34908,414.70275814870604
34909,424.95399877071117
34910,452.76763824707746
34911,419.8754676400081
34912,406.64547210185543
34913,358.7912248637418
34914,374.515609711905
34915,347.44031022038865
34916,569.8061979720766
34917,312.62576656398073
34918,235.88662459229684
34919,366.4727379285953
34920,391.68557137283244
34921,383.5566237712151
34922,354.8791443323824
34923,393.3310434746879
34924,310.5435974965281
34925,363.40640640378706
34926,355.1844640440094
34927,375.3143651895847
34928,171.7671040842417
34929,420.82444048511576
34930,382.9467088235454
34931,355.49343576605264
34932,221.68487157920612
34933,160.3611427336421
34934,316.1231584448047
34935,491.8729357944475
34936,65.02796211255779
34937,252.91664733010873
34938,223.8007788324698
34939,275.1822634600301
34940,-0.0
34941,254.25580742075448
34942,272.66221382454154
34943,299.47720253413695
34944,-0.0
34945,277.20568444590384
34946,293.5480374201116
34947,315.57099927913123
34948,-0.0
34949,287.8782154703826
34950,269.3681014192267
34951,250.78310824778393
34952,39.300384380832554
34953,309.27513134302455
34954,338.81811815557455
34955,339.0608217903925
34956,297.8894615323196
34957,295.15290176021966
34958,303.062679514392
34959,336.0526804924765
34960,342.17267073567723
34961,313.6657002041672
34962,314.0008654244169
34963,290.90933270098486
34964,319.99731560720835
34965,345.1267329439713
34966,397.9760705233558
34967,377.6959520103526
34968,666.1230819236623
34969,399.4744934593872
34970,401.0419429213099
34971,364.07939655512
34972,536.7269036101643
34973,437.1736383533018
34974,398.57959970390135
34975,405.6500389006048
34976,677.6779953377267
34977,387.34609952218136
34978,387.11783483286246
34979,400.9834550080789
34980,84.96232885378184
34981,84.62181952990696
34982,144.75609716148284
34983,254.8289670006463
34984,191.322981928139
34985,225.51051198054466
34986,229.3697217066789
34987,314.2265899000013
34988,3.802737512043123
34989,87.85717353531149
34990,144.7533777684017
34991,241.26964851830817
34992,405.89717841371106
34993,425.13167731303014
34994,353.94909567497837
34995,405.3166498478099
34996,-0.0
34997,-0.0
34998,-0.0
34999,-0.0
35000,419.502799567012
35001,357.1601037328244
35002,345.2751455616712
35003,363.85745434032236
35004,412.41532500657894
35005,346.7352492944956
35006,354.2323229972978
35007,372.03198265501914
35008,639.4979260436596
35009,352.7108747646639
35010,351.40059256501627
35011,227.04942318122434
35012,434.1730911069066
35013,330.8435484225718
35014,360.2426789528598
35015,345.3554814421025
35016,371.13708889953335
35017,341.1434499846993
35018,325.7916699169293
35019,308.2341807212973
35020,177.0616368607859
35021,345.02885320904
35022,350.308487913231
35023,336.9950762676042
35024,104.61474957041719
35025,369.85786049290505
35026,403.21727336782067
35027,476.72907951218554
35028,205.96367961460498
35029,315.86016327009213
35030,367.089229946245
35031,369.35803895972833
35032,336.26699004510857
35033,325.6864614792074
35034,291.0857188846612
35035,353.6246086336075
35036,280.81735492436536
35037,287.3874640971216
35038,315.0631245675795
35039,390.95651753271227
