snapshot,0
0,-78.70789634899802
1,291.0920820233437
2,303.7392501690166
3,340.5718727471544
4,278.8301339449356
5,312.5705428414515
6,323.4326963337039
7,374.343339950905
8,269.706519599672
9,331.61778210054814
10,316.0630646438397
11,378.51279782042326
12,329.1407433264959
13,344.00313382609096
14,403.3906055192152
15,450.101865377949
16,327.5098614817495
17,312.6012983122045
18,303.1549096598409
19,349.449285471112
20,389.94337418654567
21,334.35467529464063
22,329.86067871755967
23,338.03037359442055
24,613.1533971906359
25,322.6608209444072
26,345.399149393267
27,274.44205657884794
28,470.23771047789137
29,315.8906178172204
30,371.06303833462607
31,420.86505031100074
32,517.7020049626542
33,262.08751294248543
34,305.5045155497244
35,355.29143947259735
36,275.38799881470067
37,232.2017543203571
38,221.92391502806677
39,224.0779029677509
40,30.353021903781105
41,39.33930327590772
42,36.508379269093524
43,2.9221031812516145
44,-259.876571756855
45,-16.385562423671765
46,-126.0380501921561
47,-10.954498832152385
48,-19.139558289782958
49,-21.155080838044405
50,-46.97194386057814
51,-3.015562068186867
52,-36.109307562495616
53,60.896314896797534
54,18.062770598503008
55,107.71470531245131
56,-29.625715441594622
57,11.853601267530834
58,12.29950269449752
59,49.17854816063966
60,307.25877473239177
61,310.6444688143417
62,330.23020505835933
63,286.52027510532844
64,54.310820079689314
65,-45.648800887857384
66,-96.06709388087377
67,-121.60702612056214
68,47.55658720623552
69,-9.754404051657323
70,48.295113142512555
71,74.18890430574929
72,-10.492929987934357
73,-47.09501836201749
74,22.64747098215451
75,8.46204285890322
76,-126.82272248916946
77,55.29549501884504
78,97.77487755710955
79,325.8957811857435
80,-42.06396005478281
81,-24.49372004981298
82,-50.141362210171025
83,131.57685001355878
84,-313.67967663159
85,59.01880124334228
86,140.51579998823607
87,154.57817991926166
88,-332.942335732026
89,42.679385180406854
90,29.509387467064315
91,132.3307405306055
92,-89.72828349090166
93,66.60385277454579
94,25.386075958282362
95,85.43569850151673
96,-73.70789634899802
97,281.0920820233437
98,308.7392501690166
99,330.5718727471544
100,278.8301339449356
101,312.5705428414515
102,323.4326963337039
103,379.343339950905
104,-20.293480400328022
105,41.617782100548126
106,26.06306464383973
107,88.51279782042326
108,324.1407433264959
109,344.00313382609096
110,393.3906055192152
111,465.101865377949
112,327.5098614817495
113,307.6012983122045
114,308.1549096598409
115,354.449285471112
116,389.94337418654567
117,334.35467529464063
118,359.86067871755967
119,373.03037359442055
120,258.1533971906359
121,-12.339179055592819
122,-14.600850606732973
123,-70.55794342115205
124,120.23771047789138
125,-29.10938218277961
126,26.063038334626082
127,60.86505031100074
128,167.70200496265423
129,-82.91248705751455
130,-54.495484450275626
131,-14.708560527402636
132,25.06299881470067
133,-3.123245679642885
134,-18.401084971933216
135,-16.247097032249084
136,-47.57197809621885
137,-18.585696724092237
138,-21.416620730906434
139,-50.00289681874834
140,-259.876571756855
141,-16.385562423671765
142,-126.0380501921561
143,-10.954498832152385
144,-19.139558289782958
145,-21.155080838044405
146,-46.97194386057814
147,-3.015562068186867
148,-94.15930756249563
149,2.8463148967975265
150,-44.987229401497004
151,54.66470531245131
152,-79.05071544159463
153,-37.57139873246918
154,-42.12549730550249
155,-5.246451839360356
156,-47.7412252676082
157,-29.35553118565831
158,-9.769794941640654
159,-48.47972489467158
160,54.310820079689314
161,-45.648800887857384
162,-96.06709388087377
163,-121.60702612056214
164,47.55658720623552
165,-9.754404051657323
166,48.295113142512555
167,74.18890430574929
168,-10.492929987934357
169,-47.09501836201749
170,22.64747098215451
171,8.46204285890322
172,-126.82272248916946
173,55.29549501884504
174,97.77487755710955
175,325.8957811857435
176,-42.06396005478281
177,-24.49372004981298
178,-50.141362210171025
179,131.57685001355878
180,-313.67967663159
181,59.01880124334228
182,140.51579998823607
183,154.57817991926166
184,-332.942335732026
185,42.679385180406854
186,29.509387467064315
187,132.3307405306055
188,200.27171650909833
189,361.60385277454577
190,315.3860759582824
191,375.43569850151675
192,-78.70789634899802
193,286.0920820233437
194,303.7392501690166
195,335.5718727471544
196,3588.8301339449354
197,3622.5705428414517
198,3633.432696333704
199,3684.343339950905
200,3579.706519599672
201,3641.617782100548
202,3626.06306464384
203,3688.512797820423
204,3639.140743326496
205,3654.003133826091
206,3703.390605519215
207,3765.1018653779493
208,3637.5098614817493
209,3622.6012983122046
210,3618.154909659841
211,3654.449285471112
212,3684.9433741865455
213,3614.3546752946404
214,3584.8606787175595
215,3593.0303735944203
216,613.1533971906359
217,357.6608209444072
218,345.399149393267
219,294.44205657884794
220,120.23771047789138
221,-29.10938218277961
222,26.063038334626082
223,60.86505031100074
224,167.70200496265423
225,-82.91248705751455
226,-54.495484450275626
227,-14.708560527402636
228,25.06299881470067
229,-3.123245679642885
230,-18.401084971933216
231,-16.247097032249084
232,-47.57197809621885
233,-18.585696724092237
234,-21.416620730906434
235,-50.00289681874834
236,-259.876571756855
237,-16.385562423671765
238,-126.0380501921561
239,-10.954498832152385
240,-19.139558289782958
241,-21.155080838044405
242,-46.97194386057814
243,-3.015562068186867
244,-94.15930756249563
245,2.8463148967975265
246,-44.987229401497004
247,54.66470531245131
248,-79.05071544159463
249,-37.57139873246918
250,-42.12549730550249
251,-5.246451839360356
252,-47.7412252676082
253,-29.35553118565831
254,-9.769794941640654
255,-48.47972489467158
256,54.310820079689314
257,-45.648800887857384
258,-96.06709388087377
259,-121.60702612056214
260,47.55658720623552
261,-9.754404051657323
262,48.295113142512555
263,74.18890430574929
264,-10.492929987934357
265,-47.09501836201749
266,22.64747098215451
267,8.46204285890322
268,-126.82272248916946
269,55.29549501884504
270,97.77487755710955
271,325.8957811857435
272,-42.06396005478281
273,-24.49372004981298
274,-50.141362210171025
275,131.57685001355878
276,-313.67967663159
277,59.01880124334228
278,140.51579998823607
279,154.57817991926166
280,-332.942335732026
281,42.679385180406854
282,29.509387467064315
283,132.3307405306055
284,-89.72828349090166
285,66.60385277454579
286,25.386075958282362
287,85.43569850151673
288,-368.707896348998
289,-3.907917976656261
290,13.739250169016593
291,45.57187274715437
292,-11.169866055064423
293,22.570542841451505
294,33.43269633370391
295,84.34333995090498
296,-20.293480400328022
297,41.617782100548126
298,26.06306464383973
299,88.51279782042326
300,339.1407433264959
301,349.00313382609096
302,403.3906055192152
303,465.101865377949
304,37.50986148174951
305,22.60129831220452
306,18.154909659840868
307,54.449285471111985
308,84.94337418654568
309,14.354675294640627
310,-15.13932128244036
311,-6.96962640557947
312,258.1533971906359
313,-12.339179055592819
314,-14.600850606732973
315,-70.55794342115205
316,120.23771047789138
317,-29.10938218277961
318,26.063038334626082
319,60.86505031100074
320,167.70200496265423
321,-82.91248705751455
322,-54.495484450275626
323,-14.708560527402636
324,25.06299881470067
325,-3.123245679642885
326,-18.401084971933216
327,-16.247097032249084
328,-47.57197809621885
329,-18.585696724092237
330,-21.416620730906434
331,-50.00289681874834
332,-259.876571756855
333,-16.385562423671765
334,-126.0380501921561
335,-10.954498832152385
336,-19.139558289782958
337,-21.155080838044405
338,-46.97194386057814
339,-3.015562068186867
340,-94.15930756249563
341,2.8463148967975265
342,-44.987229401497004
343,54.66470531245131
344,-79.05071544159463
345,-37.57139873246918
346,-42.12549730550249
347,-5.246451839360356
348,-47.7412252676082
349,-29.35553118565831
350,-9.769794941640654
351,-48.47972489467158
352,54.310820079689314
353,-45.648800887857384
354,-96.06709388087377
355,-121.60702612056214
356,47.55658720623552
357,-9.754404051657323
358,48.295113142512555
359,74.18890430574929
360,-10.492929987934357
361,-47.09501836201749
362,22.64747098215451
363,8.46204285890322
364,-126.82272248916946
365,55.29549501884504
366,97.77487755710955
367,325.8957811857435
368,-42.06396005478281
369,-24.49372004981298
370,-50.141362210171025
371,131.57685001355878
372,-313.67967663159
373,59.01880124334228
374,140.51579998823607
375,154.57817991926166
376,-332.942335732026
377,42.679385180406854
378,29.509387467064315
379,132.3307405306055
380,-89.72828349090166
381,66.60385277454579
382,25.386075958282362
383,85.43569850151673
384,-566.3096648908065
385,-211.35067419223347
386,-65.18836446192505
387,-41.00235697492409
388,-304.24834972351437
389,-79.35842800440665
390,-108.23702576507723
391,-63.86522148920429
392,-289.9090653188571
393,-55.46474219023438
394,-36.72518918473613
395,-18.831872036184585
396,-38.74071173299758
397,-18.06256431994089
398,-73.28115750729657
399,-20.016549617482667
400,-73.28115750729657
401,-74.712010400687
402,-144.08524993132733
403,-70.68099161337774
404,-28.617031558594924
405,-151.9626231353595
406,-140.56197265818605
407,-66.69617180523213
408,-45.47952740725441
409,-33.417331752934224
410,-199.08842327734365
411,-198.16531189812125
412,-37.83293862533121
413,-99.83654646610734
414,-149.45480258134066
415,-344.527624270572
416,44.63337047794863
417,-154.36276007792233
418,-226.5669499245905
419,-94.1746721432653
420,5.4464807907163575
421,-67.31159693085617
422,-186.3184571574995
423,-75.06586932423536
424,-153.23964605655758
425,-76.63518760904847
426,-39.463820470077636
427,-39.47918505084733
428,-229.36711846065165
429,-277.1390991990129
430,-181.54896505234046
431,-103.77521991351661
432,-224.07449395134134
433,-56.17248634654475
434,-98.68262435556228
435,-25.12453606542034
436,-242.4755526140609
437,-37.17136713897083
438,-196.48828369263848
439,-61.372765515955116
440,-121.80705507191813
441,-117.32985833037418
442,-94.266964864738
443,-53.52617409188958
444,-206.35039766496547
445,-41.72549202121778
446,-27.9862418522012
447,-19.324196351155624
448,-37.894502185264535
449,-130.60753965517273
450,-164.87108095584
451,-148.13163329940627
452,51.464505182891784
453,-190.73411664832378
454,-63.29596903353024
455,-82.49706457403286
456,-92.28227671487048
457,-99.37497762188931
458,-60.37272599602971
459,-89.91289524306067
460,-390.7610685040868
461,-72.5734133509862
462,-33.17115644084187
463,7.877399513245841
464,-360.2515888986698
465,-111.06794977189145
466,-102.34436702012619
467,9.969797583783008
468,-474.2428080172754
469,-11.385259587190106
470,53.956987465354594
471,35.2174081506427
472,-366.54427923711916
473,-7.477341610533841
474,-39.78692392287298
475,19.27802368120563
476,-51.387577042188774
477,-3.7233062244972377
478,-7.29272985837482
479,200.87316140349608
480,-342.29673449939855
481,12.262250914889819
482,105.46763900898272
483,251.19913536582615
484,-177.56411893498122
485,97.3594813828415
486,47.064262891264484
487,12.369960835559478
488,-351.26646625404254
489,122.77633912109054
490,22.078192217266817
491,14.523922466029969
492,-143.7621727877456
493,8.031229485438207
494,-1.0462384990890516
495,13.816178309719595
496,-7.215801717671817
497,-45.75651080852704
498,5.477236261469368
499,42.787095101076524
500,184.87223968333936
501,42.91019591172952
502,-16.062458970876413
503,8.662045501045576
504,190.44179497549504
505,4.26180320941827
506,-100.3904343410117
507,2.846314896797523
508,418.79345671702436
509,12.200713664170145
510,-66.60385277454579
511,2.2001343004204763
512,39.786897613659335
513,-184.7645297626697
514,-38.540682781641586
515,-59.188022105517966
516,48.0643024111899
517,-24.847578973361337
518,-34.171195960767285
519,21.308910810236767
520,-29.078626712026598
521,-5.738802463545044
522,-16.24709703224908
523,-19.047265568310266
524,-34.09426782006429
525,0.8923559084693959
526,-74.72740129067033
527,-13.970034591125604
528,-96.15941291156008
529,76.05054426339109
530,10.354438287298033
531,73.29654839727989
532,-29.41706843637798
533,-7.954301344735203
534,-41.5562711590421
535,2.430918722529489
536,-210.98142437870175
537,11.554506758579448
538,-58.12641902565923
539,-4.000237007342596
540,5.415699010749693
541,-22.324367529359158
542,-64.89604278909636
543,-29.432459326361318
544,25.170682426156702
545,-88.8359012732186
546,1.5231719240767632
547,-116.28364614049877
548,147.5623808437322
549,-45.14105937368936
550,-51.18757440004642
551,-38.21760563805987
552,143.8852209799713
553,-32.50955864526786
554,-6.7234774027007695
555,-13.169997713342545
556,-77.6198625482042
557,36.55596832256044
558,71.83491372392281
559,117.71449903388921
560,-234.01353606437132
561,106.2061386360461
562,-37.00214627679514
563,44.74105408940465
564,-281.7240058612265
565,90.43600133799838
566,96.60556455658114
567,196.36520919119914
568,-267.13851983526325
569,63.357506284249915
570,68.23470831007856
571,106.59077933956114
572,-170.04060465449737
573,61.77279710945347
574,76.2505732147471
575,407.53124532206
576,-113.22193771157558
577,141.65435751801147
578,-5.569555292155705
579,64.49603750481164
580,-377.5756799007609
581,-2.7386049761278617
582,-182.0105338965585
583,97.26716235215517
584,-145.51610282471773
585,30.232522513358017
586,-16.8009585979398
587,133.42309908121726
588,-17.662559035656187
589,21.17044541881409
590,-13.831569199702924
591,95.28244789307402
592,4.0925297288152835
593,8.815901782451583
594,31.26334381325009
595,20.38579943101436
596,140.2081137346377
597,38.479145530921905
598,-55.88016467371605
599,-56.695592441482454
600,146.97773749807482
601,27.124641414484817
602,-18.2933487420499
603,9.50822873956498
604,150.5317965511827
605,-13.723885588246905
606,-64.46528203405865
607,0.20000264214235486
608,347.1585456352439
609,-80.75852542704406
610,-72.14265259594848
611,-121.53009797985914
612,-94.22081850400163
613,-84.09716463881261
614,-20.293480400328026
615,-18.385667772736237
616,-107.91392231228188
617,-9.55440140951497
618,2.3078179118764908
619,45.864194419983065
620,-33.8788742879386
621,-18.585696724092237
622,-1.9693498783114602
623,21.64740515301544
624,-187.85701997155957
625,-34.678911165721665
626,-3.6925244445305765
627,108.34473568574691
628,-87.69737005265686
629,6.785014653420449
630,-10.93908163295541
631,109.329384315689
632,45.925731670702746
633,-56.187850927314436
634,-55.3262767988117
635,22.555151951468176
636,-40.11002737566834
637,25.016826144750674
638,-8.800510892468255
639,-11.169866055064425
640,75.89671429119873
641,-28.216999965096566
642,-19.847302446093327
643,-16.631737735764105
644,110.26791289410838
645,-16.154778001562754
646,3.6771335545472468
647,74.66586403995066
648,-0.7231087370800573
649,4.800273885125656
650,0.9539194684027184
651,-12.723819759107847
652,-132.59228042346754
653,4.384851401643971
654,127.22275408266785
655,150.59330749268878
656,-142.42361261582786
657,54.710851673187655
658,-59.54190733827998
659,70.25023085834002
660,-379.221926326277
661,-42.60245703970385
662,-25.632251270374724
663,165.80958322504577
664,-175.82555347877877
665,33.01730015943586
666,-71.31183393819875
667,161.19392109207914
668,-118.65300130309494
669,54.46470267030897
670,73.81965449221761
671,234.04429153512436
672,-420.8243438460554
673,117.68371725392255
674,165.9019022557321
675,103.8213925834666
676,-192.96500641949723
677,52.61842729343685
678,8.07737584617455
679,47.67966170767487
680,-199.7807765436707
681,0.12310081065299627
682,5.938805105687399
683,31.38644462390309
684,-42.71016696037352
685,67.77313946586054
686,21.55508612232912
687,71.2348794882821
688,-47.67968801688851
689,25.586104909638372
690,14.446994325326964
691,77.65064432817086
692,52.018393057796146
693,-6.661940151981096
694,-56.51095438010979
695,74.65047314996733
696,209.2890315924493
697,68.01931477795289
698,-86.40500885990278
699,-103.08289295640323
700,381.08356628391886
701,-2.215525190403806
702,-63.34211539426658
703,-61.78818799943681
704,85.08183957796837
705,-16.00092172015674
706,-118.3145332695299
707,-87.18965484770249
708,24.10907934629795
709,28.786278729984257
710,14.446994325326965
711,8.123522206910895
712,-4.877202025828662
713,104.40603592912397
714,158.93227585015262
715,375.8832871145085
716,-80.9585280691864
717,7.631197891939853
718,-4.846446555075649
719,58.157200805625905
720,-60.54194685820539
721,77.20446637393616
722,22.432077450028824
723,232.56729228099758
724,-32.95576290871619
725,60.15730615469036
726,48.54126214539126
727,254.8762689203734
728,-840.1255157680341
729,-308.0485840887146
730,-104.00600433562562
731,-49.633647005216645
732,-380.03735409404345
733,-226.92080884813885
734,159.05535035159198
735,214.0585236976083
736,395.83827317205777
737,190.98026565120244
738,-3.7848434752169133
739,-8.185085766844217
740,62.09590056224882
741,-59.35726927690731
742,20.847341966018742
743,-34.371224912123296
744,49.37208080314098
745,40.95621061418774
746,102.89825489503055
747,10.231363785858683
748,-32.15569972171949
749,61.60357624727777
750,111.14490422180808
751,88.46665145968691
752,-47.55658720623552
753,137.03869538504483
754,-26.955394243095476
755,134.80780561387132
756,-228.7363024450443
757,-14.41621254536031
758,66.75770905595179
759,468.073218489479
760,-168.20974647682223
761,129.33054304318833
762,0.3692761227453403
763,-8.846657253204597
764,-195.9805684876841
765,96.91327711939316
766,14.093135401778603
767,133.6231017233596
768,-824.4169157207062
769,-73.40423200873592
770,23.64753681129357
771,187.7647009408732
772,-168.57899629035393
773,26.72463613020011
774,-8.754364531731909
775,23.109039826372538
776,-157.4398593968289
777,72.03494267527881
778,-27.15542319445148
779,55.510888550970726
780,14.123890872531604
781,118.96071386590697
782,3.1694183495928705
783,28.201609075113232
784,-14.93934494951165
785,50.78756911576171
786,-37.232930698904156
787,-27.632382928652834
788,8.185085766844214
789,15.154712172423693
790,-68.80398707496626
791,28.909353231423605
792,122.93019540249655
793,1.2769966119844192
794,-62.72669026864253
795,-34.6481820041823
796,173.48695378693557
797,-20.601192963140043
798,-5.84648607500106
799,7.831200534082207
800,15.3085684538297
801,-32.21723697243916
802,7.61583331117017
803,-54.83392617462701
804,23.862904034205602
805,8.138939406107871
806,-7.077336326249137
807,14.323919823887614
808,-1.4462437833737596
809,8.631263721078916
810,-15.493206515202369
811,24.66296722120231
812,2.307844221090141
813,5.3080153992936765
814,20.21655225962502
815,51.34143068145244
816,-36.6328701540498
817,24.832214392591656
818,14.385457074607285
819,62.34207587434116
820,-68.35780912073156
821,14.862390499595001
822,42.35628172761151
823,203.01173214398324
824,-63.15750364210756
825,23.739829532766258
826,1.6462727347297559
827,-9.32359067819231
828,16.477881454358094
829,21.55508612232911
830,-94.08235311257896
831,14.139281762514944
832,109.34477520567233
833,-37.23293069890414
834,-49.44903525305763
835,-92.26688582488717
836,124.40719465662332
837,-57.03406047504749
838,-26.69385435023345
839,-20.001158727499334
840,-17.754851757128872
841,-12.185322774186812
842,-12.969995071200188
843,9.369763348142303
844,-17.354846472844166
845,-55.94170192443573
846,14.32389351467397
847,5.984951466423741
848,-168.07125477618592
849,18.985728317590592
850,-10.892935272219063
851,-28.43239349722225
852,-230.0440808369954
853,21.247373559517094
854,60.972760231670414
855,106.6523165902808
856,-213.99698644688863
857,5.877267854967723
858,-100.31347989109504
859,64.06525044056028
860,-188.9955511921213
861,69.68095209345233
862,-7.077336326249135
863,80.94313717920309
864,-502.22904986947657
865,-37.58678962245252
866,-0.738499627063387
867,-15.616281016641718
868,-235.9828859426828
869,-20.078086868202345
870,-95.83630945876475
871,-14.231600793201277
872,-65.77303411679607
873,-23.032085376455882
874,-9.739013161673991
875,111.63722853677912
876,-51.18757440004643
877,-7.677370561889844
878,-26.46306992812444
879,11.246794195767425
880,-148.05470515870323
881,-25.109145175437014
882,-0.06156355993332063
883,34.98665003774733
884,-32.401875033811834
885,1.384706532654084
886,23.44750785993757
887,38.17143296810989
888,37.26368616965716
889,-16.693274986483782
890,-26.632317099513777
891,17.539484534216832
892,108.82169541994826
893,-11.708363039985453
894,-58.61876964984392
895,-47.58736898620218
896,130.69988499507272
897,13.693103808280245
898,-22.278221168622814
899,-94.19006303324863
900,36.232864869765095
901,-62.71132568787286
902,-45.27955107432569
903,-83.37405590173258
904,7.846591424065537
905,-15.170103062407021
906,-23.555191471393588
907,10.400610957248023
908,-115.5451465134354
909,-32.23262786242249
910,-76.48133132764248
911,-79.49691970504297
912,-81.1277489313621
913,79.12766989151127
914,24.139861126264613
915,109.25248248419963
916,16.49327234434142
917,53.68003037329559
918,-0.12307450143934773
919,125.20723153440638
920,123.4225197174676
921,46.187297872778416
922,-7.46197702976416
923,64.81911464839334
924,-47.26429184262048
925,-19.86269333607666
926,-0.1846117521590216
927,4.261803209418271
928,102.88286400504722
929,-11.00064519288873
930,-109.69866043843433
931,-82.37399007259353
932,102.40590427084584
933,-38.00218579672055
934,-12.569963477701837
935,-2.353964272612835
936,-17.0009875492958
937,-97.4517741043142
938,4.800273885125659
939,-59.58805369901632
940,-2.4463096125128203
941,-2.3385996918431537
942,23.770611312732917
943,-9.631329550217975
944,-130.88449674723176
945,69.83480837485834
946,77.80450060957686
947,60.72661122879171
948,-197.8575993353092
949,4.615662132966634
950,-47.910446129783885
951,66.57307099457914
952,-258.43032797348127
953,-22.43205114081518
954,178.27183678207794
955,147.00851927804152
956,-275.36977827205743
957,79.57382153653234
958,-0.2923216728286917
959,146.50077776387346
960,-71.63491108178044
961,44.77180956015767
962,22.339758419342488
963,-25.755325771814064
964,-81.77395583695282
965,24.61679455125232
966,-10.81600713151606
967,47.86429976904754
968,-223.28984796354158
969,-38.571464561608245
970,11.385259587190106
971,51.83375499642348
972,-78.74302918799626
973,29.2324829934326
974,-20.770440134529387
975,72.8503704430452
976,-60.55736405740237
977,16.37017153368843
978,-1.0616030798587355
979,7.308120748358151
980,-21.293546229467083
981,-190.22637513415575
982,-28.309345304996548
983,-11.908391991341453
984,66.18845660027776
985,-37.23293069890414
986,-84.83566426587602
987,-143.23904038359424
988,-26.04764744464275
989,-56.08016731585842
990,-153.9781193744073
991,-226.6438780652935
992,44.541051447262305
993,-53.941596575371264
994,-55.57245211090404
995,-127.33043769412386
996,-49.47979072381064
997,-1.723174566219118
998,-1.3539247526874263
999,26.201530035262408
1000,150.63948016263873
1001,14.170037233267958
1002,12.539181697735177
1003,22.77054548359386
1004,-148.57781125364093
1005,20.23194314960835
1006,-8.338942048250225
1007,101.65204006301279
1008,-205.90421971073079
1009,16.17016889154608
1010,80.32771205357905
1011,190.8418265689934
1012,-186.42616707816913
1013,46.83347846915547
1014,1.0000395199254086
1015,177.3333345128722
1016,-45.78726627928006
1017,14.47774979607998
1018,22.17051124795315
1019,39.263817827935284
1020,60.418872356766045
1021,24.216789266967616
1022,-75.81975984128208
1023,25.30917412679301
1024,229.89022455558938
1025,-16.431708784408105
1026,-108.71398549927859
1027,-2.153961630470487
1028,69.18860146926764
1029,-37.84832951531453
1030,21.53969523234578
1031,55.80321022379941
1032,-36.66365193401645
1033,55.3262767988117
1034,12.093003743500478
1035,15.354741123779686
1036,-128.71514422677794
1037,76.92753559109082
1038,87.38965748984485
1039,500.89048969755885
1040,-126.48425445560444
1041,53.5108095111199
1042,139.10033798482897
1043,408.19284311763397
1044,-186.05691726463743
1045,80.8046717877804
1046,226.95159062810552
1047,485.95117105726086
1048,-291.33991821224754
1049,123.11480715465558
1050,28.863206870687264
1051,14.093109092564953
1052,-77.14292912321649
1053,343.01984323647855
1054,106.66770748026413
1055,453.4108306320264
1056,-232.01340440609317
1057,-3.5848408330745585
1058,107.74470145010619
1059,215.10473588748374
1060,-160.16309979218707
1061,25.047607924717337
1062,15.462451044449356
1063,80.92774628921975
1064,-122.02244860404383
1065,65.77303411679607
1066,15.739355518081066
1067,92.0207105127948
1068,19.401124491858624
1069,44.38719516585629
1070,58.97262857339229
1071,104.48296406982699
1072,122.20706035620285
1073,30.07866623195201
1074,19.47805263256163
1075,74.69664581991731
1076,317.8029881403719
1077,25.355320487529358
1078,-12.985359651969873
1079,38.894541705189944
1080,45.27952476511205
1081,-24.57064819051598
1082,-61.157371983829435
1083,39.109935237315625
1084,246.4757896214035
1085,37.74064590385853
1086,-96.92866800937648
1087,-13.677712918296912
1088,198.99610424665735
1089,-50.910617307987415
1090,-32.27877422315884
1091,-33.07883741015555
1092,70.7117733933444
1093,-32.40187503381183
1094,36.832899105405794
1095,-4.030992478095609
1096,-52.29532384064151
1097,23.647510502079918
1098,56.77252058218546
1099,14.954709530281336
1100,-197.22678331970184
1101,8.90819450392427
1102,13.862350979669586
1103,-7.754272393379205
1104,-1.6308555355327812
1105,123.88408856168562
1106,97.46716499429753
1107,125.89958480073342
1108,-25.41685773824903
1109,93.12845995338989
1110,21.20122719878075
1111,153.96275479363763
1112,2.0462780190144656
1113,2.6770940346218346
1114,-10.246754675842011
1115,14.831608719628338
1116,86.31268982921644
1117,-64.23447130273597
1118,-12.262250914889819
1119,-70.1117391577037
1120,126.8996506298725
1121,0.5846433456573763
1122,-63.880612379187596
1123,-34.70971925490198
1124,13.38539124546822
1125,-19.478052632561635
1126,3.138662878839861
1127,110.3602319247947
1128,58.21873805634557
1129,-0.9077467984527257
1130,-45.46416282648472
1131,-1.1077757498087273
1132,-136.76176460219946
1133,58.06490808415321
1134,-25.9245729432034
1135,33.41733175293422
1136,-66.71156269521545
1137,86.42037344067245
1138,71.26566126824876
1139,87.75893361259018
1140,-301.18664129459114
1141,-58.557232399124246
1142,90.38985497726202
1143,209.55057148531137
1144,-134.54623941179568
1145,128.2074027126099
1146,-38.463754640938575
1147,221.41279080670282
1148,-93.83620410970026
1149,375.86789622452517
1150,191.88801244965518
1151,753.628187877445
1152,-71.1579513475791
1153,-1.3385338627040948
1154,1.0462121898754053
1155,43.2178821653279
1156,-226.59773170455713
1157,110.99102163118845
1158,103.75982902353329
1159,26.95542055230913
1160,0.3692498135317024
1161,91.1437191850951
1162,6.754232873453786
1163,36.77136185468612
1164,-151.79340227318383
1165,41.52546306986179
1166,-2.6616768354248563
1167,49.71057514591965
1168,-29.632488277717314
1169,33.24808458154489
1170,-6.985017295562802
1171,65.51146791472038
1172,118.65302761230859
1173,17.031769329262463
1174,-82.23552468117084
1175,178.47186573343393
1176,320.2339068629014
1177,-32.52494953525118
1178,-114.57586246426298
1179,-15.785528188031059
1180,183.70292668281095
1181,12.846894260547195
1182,-63.41906984418322
1183,-37.463715121013166
1184,144.7160659469347
1185,7.831226843295854
1186,-38.048358466670535
1187,-51.84914588640681
1188,-41.233167706246746
1189,10.446757317984366
1190,36.386721151171095
1191,94.86702540959234
1192,-94.11313489254563
1193,57.15716128570048
1194,2.353964272612835
1195,21.647405153015445
1196,36.12518125830907
1197,79.74306870792167
1198,-40.38695815851369
1199,-21.939753135057785
1200,-38.83300445447027
1201,28.278563525029888
1202,94.72856001816967
1203,215.3047648388397
1204,-5.338770870046687
1205,-0.12310081065299627
1206,-84.63566162373367
1207,-54.63392353248466
1208,-283.9241138524333
1209,-58.34183886699857
1210,-69.00398971710861
1211,-88.60511685110959
1212,-85.11262135793503
1213,-202.16552259625018
1214,-23.52443600064058
1215,-181.30278974024816
1216,75.92746976195176
1217,-116.32979250123512
1218,-176.34865957371647
1219,-149.03940640707262
1220,257.15333136149684
1221,-106.94463826310948
1222,-51.66453413424777
1223,-131.60760548431182
1224,-64.08064133054361
1225,-222.98213540072956
1226,-106.92924737312617
1227,-61.29586368446576
1228,-208.3812847939966
1229,221.9051414308875
1230,90.2206078058727
1231,147.4546972322762
1232,-167.04043347629383
1233,-20.708902883809714
1234,166.59425552205914
1235,166.88657719488785
1236,-250.1067768152144
1237,92.86692006052787
1238,92.43610668706286
1239,170.4560008287654
1240,-373.4523420827653
1241,10.292901036578357
1242,-27.90928740228455
1243,158.48607158670427
1244,-279.7084833129651
1245,233.70582350155928
1246,149.347092660671
1247,356.88216790693457
1248,-225.7207403768574
1249,-18.647233974811915
1250,128.71514422677794
1251,40.971601504171076
1252,-151.10104900685678
1253,120.48388578998374
1254,-0.9231376884360536
1255,-21.370448060956445
1256,-78.32760670451458
1257,8.185085766844217
1258,-36.89443635612547
1259,33.278840052297895
1260,-90.43600133799839
1261,-2.3847723617931456
1262,-24.155252016247946
1263,23.755220422749588
1264,7.8927640940155275
1265,1.984714459081144
1266,-37.78681857380852
1267,75.2351164956247
1268,45.187232043639355
1269,-46.848869359138796
1270,-49.15668727101529
1271,143.05442863143523
1272,-8.923585393907587
1273,70.09637457693401
1274,-227.25930319091754
1275,-167.9173984947799
1276,152.4703646495275
1277,-153.82428940221496
1278,-268.81554804074597
1279,-82.98941519821754
1280,-161.47087818413814
1281,-60.172723353887356
1282,-61.757406219470134
1283,-84.18948366949897
1284,55.43398671948137
1285,-4.477196741543953
1286,10.077507504452672
1287,53.218461529077565
1288,-131.06913480860442
1289,-61.48047543662478
1290,-64.63450289623432
1291,-65.81920678674607
1292,-213.93544919616897
1293,-16.18555978152941
1294,-25.832253912517068
1295,-34.371198602909644
1296,-104.85221388335867
1297,-91.75914431071915
1298,-50.67985919509205
1299,-8.969758063857594
1300,-555.3398014778845
1301,-213.25848681982527
1302,-197.65757038395324
1303,22.385904780078832
1304,-50.125997629401326
1305,-89.92828613304403
1306,-142.88518146004589
1307,-32.09416247099982
1308,-15.016246781001009
1309,-91.42067627715412
1310,-56.14173087579174
1311,-77.17371090318315
1312,67.69621132515755
1313,-164.1479459095463
1314,-248.67592392182394
1315,-136.43866114940414
1316,143.4082875549836
1317,-462.94984115155796
1318,-470.8272143555902
1319,-287.6166382969639
1320,-177.31794362288886
1321,-58.326447977015235
1322,-124.51490457729298
1323,-263.98449237565364
1324,-569.1098334268678
1325,-216.61251692157714
1326,-71.0810232068761
1327,4.184875068715266
1328,-606.4504477372278
1329,53.1876797491109
1330,43.633278339595925
1331,205.79650979006112
1332,-332.9423357320259
1333,4.6310530229499705
1334,82.51245546401618
1335,125.25340420435637
1336,-441.9793983748863
1337,-100.3596262518314
1338,-53.09538702763821
1339,56.126313676594755
1340,-208.44282204471628
1341,64.72682192692065
1342,49.3105435524213
1343,145.4237837940314
1344,-352.9742499302783
1345,13.87771556043927
1346,-25.6476158511444
1347,30.263304293324676
1348,-156.76292332969882
1349,-1.9231772083614702
1350,-48.295113142512555
1351,1.692392786252455
1352,-144.0083217906243
1353,-19.55498077326464
1354,-31.340271953953092
1355,117.74528081385587
1356,-167.80971488332386
1357,-7.2465834976384755
1358,-46.98733475056148
1359,-5.861876964984392
1360,-33.14037466087522
1361,-22.63208009217118
1362,-75.34280010708072
1363,14.231600793201276
1364,44.81798223010766
1365,-73.48116014943894
1366,-117.89911078604824
1367,-18.247202381313553
1368,229.89022455558936
1369,-50.12599762940133
1370,-291.8322688364322
1371,-172.91767502204792
1372,60.17272335388735
1373,-172.56381609849956
1374,-267.60008867948125
1375,-141.1620068938268
1376,138.9465080126366
1377,-154.470469998592
1378,-105.77535157179473
1379,-96.80559350793715
1380,-28.893988650653924
1381,-53.95696115614094
1382,11.369895006420421
1383,-35.155897209136675
1384,-393.66892065160397
1385,-179.4872961433427
1386,-3.246346490295881
1387,-49.310543552421294
1388,-138.0541257949536
1389,-42.69477607039019
1390,-16.724056766450442
1391,-18.75491758626793
1392,55.09549237670268
1393,67.6808204351742
1394,-4.892592915811992
1395,162.30169684188786
1396,-177.7795124671069
1397,-5.84651238421471
1398,31.755694437434784
1399,65.11146263043568
1400,-158.43992522596795
1401,-138.23876385632624
1402,-101.8981890658915
1403,5.354161760030024
1404,-56.51098068932343
1405,-57.172525866470174
1406,-255.0301252017794
1407,-80.08153674148669
1408,206.53503572633815
1409,2.415527832546159
1410,-168.84053618321596
1411,-49.679793365952996
1412,-46.55652137709646
1413,-293.2784863105923
1414,-38.94071437513993
1415,-42.1563053946828
1416,36.7559709647028
1417,-13.739250169016591
1418,2.5847486947218528
1419,-21.46276709164278
1420,-247.89125162481056
1421,11.323722336470428
1422,133.71542075404597
1423,133.99237784610494
1424,-106.25228499678244
1425,26.878466102392476
1426,133.36156183049758
1427,88.6051168511096
1428,-613.6970312348664
1429,32.55573131521785
1430,156.14749820407476
1431,312.6334644417146
1432,-259.50732194332335
1433,39.10996154652928
1434,-3.9694552273759367
1435,7.954301344735202
1436,-167.17887255850286
1437,147.5469899537489
1438,115.19126128067339
1439,96.88252164864015
1440,-518.4761469017257
1441,-113.83736283719959
1442,160.90159941925043
1443,100.37504345102838
1444,-230.9364104362511
1445,0.0
1446,39.15610790726562
1447,41.340851317702764
1448,-341.5582085631215
1449,34.70969294568833
1450,-233.7827516422623
1451,-51.018327228657085
1452,-82.55862813396618
1453,13.27770763401221
1454,0.38464070351502144
1455,5.477236261469369
1456,-101.62125828304613
1457,18.554914944125578
1458,6.30805491921909
1459,23.570608670590566
1460,-65.92689039820208
1461,6.477302090608431
1462,-21.601258792279108
1463,21.73972418370178
1464,-3.6925244445305765
1465,-71.03487684613975
1466,-123.97640759237196
1467,-168.76360804251294
1468,89.28207922745331
1469,50.7260055558284
1470,-41.294678647752775
1471,-73.72733546153127
1472,46.2026624535481
1473,-52.926139856248874
1474,-67.94238663724988
1475,-27.44774486728017
1476,-89.06668569532762
1477,-9.062050785330285
1478,-18.66262486479524
1479,-29.447876525558286
1480,124.76105358017168
1481,38.00218579672055
1482,-33.18652102161157
1483,-35.78668691553039
1484,-304.7253094577157
1485,-13.785422838966582
1486,-12.33917905559282
1487,63.14211275212421
1488,-53.01845888693521
1489,8.800510892468253
1490,-44.541051447262305
1491,20.37040854103103
1492,-434.48666587436907
1493,-45.07954843218334
1494,-17.63177725568952
1495,54.31082007968931
1496,-51.126037149326756
1497,-0.353858923548362
1498,-33.78658156646592
1499,37.70986412389186
1500,68.52702998290725
1501,122.57631016973454
1502,-76.48133132764245
1503,25.04760792471734
1504,116.3452097004321
1505,-117.59142453244985
1506,-146.08538158960542
1507,-33.00190926945254
1508,153.14732702587122
1509,-138.60801366985794
1510,-59.60344458899966
1511,-163.40944628248292
1512,-16.508663234324757
1513,-27.66313839940585
1514,-89.91289524306067
1515,-174.57933864676102
1516,-120.59156940143976
1517,-56.680201551499124
1518,23.401361499201222
1519,-23.739829532766258
1520,-90.6667857601074
1521,-17.9702715984682
1522,44.6949077286683
1523,52.31071473062484
1524,-321.0493346306678
1525,-10.600613599390375
1526,4.231021429451605
1527,55.664744832376726
1528,-294.2939430297147
1529,-22.924401764999864
1530,-5.692629793595055
1531,-43.74098826026559
1532,-261.3074246502454
1533,9.985188473766335
1534,-1.0769676606284193
1535,28.340100775749562
1536,-114.02197458935863
1537,-2.6001658939188292
1538,70.28098632909305
1539,183.81063660348062
1540,-207.91971594977855
1541,34.12504960003095
1542,75.06589563344902
1543,140.45428904673005
1544,-118.14531240735421
1545,97.71334030638988
1546,84.958765076529
1547,149.500948942077
1548,-212.48920541279523
1549,119.23767095796597
1550,17.09328027076849
1551,22.64747098215451
1552,2.323208801859824
1553,-18.89338297769061
1554,34.802011976374665
1555,21.81665232440479
1556,-21.601258792279104
1557,29.81712633908998
1558,9.923651223046662
1559,44.525660557278975
1560,84.49719623231098
1561,7.60044242118684
1562,-3.769452585233582
1563,30.232496204144372
1564,265.93845136398176
1565,22.724399122857513
1566,17.908734347748524
1567,24.770650832658337
1568,91.75914431071915
1569,2.030887129031135
1570,-12.154540994220152
1571,-50.32597396233004
1572,52.09532119849915
1573,83.26634598106291
1574,-33.32501272224789
1575,25.324538707562695
1576,-40.83313611274839
1577,-4.4156594908242806
1578,12.016075602797475
1579,26.309213646718426
1580,-116.09903438833975
1581,46.510375016360115
1582,-6.861942794123454
1583,17.01637843927913
1584,22.878255404263523
1585,22.61668920218785
1586,-3.7540616952502504
1587,235.9367132727328
1588,-16.66249320651712
1589,268.36937008651125
1590,55.37242315954805
1591,54.233891938986304
1592,-47.35658456409317
1593,22.50900559073183
1594,34.894331007061
1595,12.231495444136806
1596,15.216249423143363
1597,28.370856246502573
1598,44.06409171306094
1599,-5.600310762908716
1600,91.31296635648445
1601,-9.708257690920982
1602,-104.02139522560897
1603,-275.29285013135444
1604,-76.83521656040449
1605,-410.5314428094771
1606,-239.44462596510434
1607,-58.58801417909092
1608,34.971259147764
1609,-58.372620646965224
1610,90.78986026154674
1611,62.726716577856195
1612,101.5135746715901
1613,63.2805781435469
1614,131.60760548431182
1615,74.66586403995066
1616,-138.3310828870126
1617,47.83354429829453
1618,83.1124896996569
1619,43.06405219313554
1620,-477.47376361758796
1621,-62.803618409345546
1622,70.60408978188838
1623,145.36224654331173
1624,-138.60801366985794
1625,98.42108446270024
1626,75.68129444985941
1627,77.80450060957688
1628,-206.82735739916683
1629,153.37811144798025
1630,170.04060465449734
1631,283.23176058610625
1632,52.98767710696854
1633,226.36694728244814
1634,363.5441080589157
1635,317.1106348740449
1636,16.954814879345804
1637,141.9158974108735
1638,200.02695185576303
1639,175.76401622805906
1640,-63.94214962990729
1641,84.42026809160798
1642,14.462358906096647
1643,53.34156233973056
1644,-9.662111330184635
1645,88.09740164615523
1646,78.71222109881595
1647,113.17576504162558
1648,3.477104603191247
1649,18.385694081949882
1650,7.215801717671817
1651,103.48292454990158
1652,354.7897435271837
1653,75.43511913776705
1654,122.31477027687251
1655,93.72849418903061
1656,503.49065559147766
1657,-39.30996418867163
1658,-197.28832057042152
1659,-52.12607666925217
1660,324.66490462528174
1661,-1.7693209269554622
1662,-87.29733845915852
1663,43.17173580459154
1664,242.84480242759258
1665,-25.770716661797394
1666,6.5388393413281065
1667,10.123680174402661
1668,-8.846657253204599
1669,32.740369376590515
1670,53.01845888693521
1671,55.2493486581087
1672,-2.292427021893161
1673,161.7939816369335
1674,70.69640881257472
1675,39.12535243651261
1676,-79.21996261298398
1677,74.03504802434328
1678,61.388156405938446
1679,78.37375306525092
1680,-115.72975826559441
1681,155.97825103268545
1682,74.03504802434328
1683,241.6601248462945
1684,20.170379589675022
1685,139.02343615333962
1686,34.5250811935293
1687,259.06114398908863
1688,53.95696115614094
1689,95.99016574017075
1690,79.69692234718532
1691,126.9304061006255
1692,203.50408276816793
1693,57.66487649065485
1694,-4.5695157722302895
1695,77.72757246887387
1696,364.85186014165305
1697,62.57286029645017
1698,-47.43351270479617
1699,-2.677094034621831
1700,128.03818185043423
1701,3.3694473009488757
1702,30.12481259268835
1703,45.61801910789072
1704,140.6850471596254
1705,16.04709439010673
1706,6.077296806323723
1707,-0.2769307828453549
1708,13.12382504339255
1709,70.12715635690068
1710,127.45351219556319
1711,130.02289630951537
1712,-60.357335106046364
1713,317.66452274894925
1714,127.42273041559653
1715,153.97814568362097
1716,-339.3734651526844
1717,163.3171272517966
1718,243.36790852253029
1719,266.64619552029217
1720,-166.00958586718815
1721,33.832727927202264
1722,104.1906423969983
1723,100.94432221591607
1724,-105.79074246177805
1725,221.39742622593315
1726,204.150263364545
1727,327.5112458312929
1728,-85.43572481073038
1729,78.9430318301386
1730,62.5882511864335
1731,4.938739276548336
1732,-317.9876262017446
1733,84.55873348303066
1734,30.109448011918673
1735,108.89859725143762
1736,-158.87073859943297
1737,60.12655068393736
1738,-13.21614407407889
1739,65.24992802185837
1740,-16.062458970876417
1741,-38.72532084301426
1742,2.7539958661111896
1743,40.34078548856371
1744,-36.03286222762273
1745,-1.415488312620747
1746,-83.55869396310524
1747,2.892487566747519
1748,33.66348075581293
1749,-16.81634948792313
1750,-129.71518374670333
1751,188.61088417939263
1752,192.94964183872753
1753,-43.04863499393854
1754,-130.9613985787211
1755,-54.43389458112867
1756,193.22654631235926
1757,-165.80958322504577
1758,-101.03658862817511
1759,-237.79835323037457
1760,78.0660405024389
1761,-36.15593672906209
1762,-50.57217558363603
1763,-60.98815112165374
1764,3.01556206818686
1765,-46.602694047046455
1766,-6.5080575613614435
1767,96.79020261795382
1768,-20.524264822437036
1769,27.863141041548204
1770,-35.47897435271837
1771,-5.477236261469368
1772,-212.84306433634356
1773,-57.7879509920942
1774,3.6925244445305783
1775,-3.261737380279209
1776,-47.44890359477951
1777,14.139281762514944
1778,-5.338770870046691
1779,57.06484225501415
1780,-144.80838497762102
1781,84.40487720162464
1782,49.633620696003
1783,119.66845802221734
1784,32.81729751729352
1785,90.35907319729537
1786,-6.677304732750784
1787,-28.340100775749566
1788,89.45132639884264
1789,16.63171142655046
1790,-62.72669026864254
1791,-25.43222231901871
1792,98.00566197921856
1793,6.554203922097788
1794,-91.17450096506175
1795,-40.063854705718356
1796,59.080338494061955
1797,-132.9461393470159
1798,-156.9321441918745
1799,-2.323208801859824
1800,4.384877710857616
1801,-37.18675802895416
1802,13.24692585404555
1803,-3.8155989459699278
1804,-137.50026422926285
1805,18.01644426841819
1806,0.630816015607369
1807,53.126142498391225
1808,-190.18022877341937
1809,-28.81706050995092
1810,-72.37341070884385
1811,48.64894575684727
1812,-595.5575124650088
1813,-74.1119761650463
1814,108.86784178068461
1815,199.07305869657395
1816,-457.90339195433995
1817,74.38890694789166
1818,72.52729329946351
1819,108.37549115649992
1820,-272.3696070938539
1821,157.8245001003439
1822,167.70200496265423
1823,458.3957425785246
1824,-163.07097824891787
1825,-34.23275952070062
1826,52.58764551347019
1827,281.6009050505735
1828,-271.7541556590162
1829,69.865590154825
1830,-34.10968501926126
1831,88.22050245680822
1832,-138.14644482563992
1833,-6.631132062800793
1834,-0.21539353212568102
1835,102.00589898656116
1836,-52.356861091361175
1837,-6.923480044843128
1838,-14.816244138858657
1839,-2.4155278325461573
1840,-84.12794641877929
1841,39.40225691014432
1842,-53.726176734031924
1843,18.277984161280223
1844,85.22030496939104
1845,-42.433236177528165
1846,-22.262830278639488
1847,88.69743588179594
1848,-2.4155278325461467
1849,-1.4154883126207523
1850,-121.39163258843645
1851,33.57118803434023
1852,134.42316491035632
1853,-149.67019611346635
1854,-73.5888700701086
1855,-209.99674943954605
1856,184.85684879335602
1857,-24.09371476552827
1858,3.507912692371556
1859,10.292901036578357
1860,28.03238821293754
1861,20.278089510344692
1862,0.5846696548710177
1863,-58.634160539827256
1864,-291.1860619308415
1865,15.385496594532698
1866,70.01944643623101
1867,-19.06263014907995
1868,-114.71432785568567
1869,41.12545778557708
1870,5.138768227904336
1871,50.51061202370271
1872,3.200200129559537
1873,46.92579749984179
1874,28.0631699929042
1875,121.00699188492142
1876,-92.20534857416749
1877,-20.739658354562724
1878,-86.0665145171241
1879,168.60975176110693
1880,-49.018221879592616
1881,-19.41648907262831
1882,-9.646720440201305
1883,37.18675802895416
1884,-58.48030425842125
1885,-23.293651578531563
1886,-54.5108490310453
1887,26.755391600953125
1888,88.3589678482309
1889,-41.46392581914211
1890,-69.43477678135999
1891,-14.216209903217948
1892,92.55918118850221
1893,-80.95852806918641
1894,23.60136414134358
1895,33.77119067648259
1896,41.740856601987474
1897,-64.60374742548132
1898,21.093543587324735
1899,-86.12805176784377
1900,-332.89616306207597
1901,-49.12593180026227
1902,129.17668676178232
1903,69.92712740554467
1904,-113.23730229234525
1905,-44.510269667295645
1906,30.66330957760939
1907,45.66416546862706
1908,-465.81154693833884
1909,113.17579135083922
1910,213.28926859979194
1911,264.184495017796
1912,-222.19746310371622
1913,30.01710267201869
1914,-15.847065438750725
1915,108.39088204648326
1916,-95.15934708242102
1917,104.51374584979365
1918,140.03886656324838
1919,435.64058798491413
1920,61.04968837237341
1921,10.523685458687371
1922,111.40644411467011
1923,145.7776690267934
1924,-167.30197336915586
1925,96.37480644368577
1926,6.877307374893137
1927,165.67111783362307
1928,-25.555323129671713
1929,149.0547709878423
1930,42.725531541143205
1931,36.52518654259378
1932,4.107920618798616
1933,54.110817437546956
1934,18.001027069221216
1935,15.308568453829698
1936,11.631434899282448
1937,39.27918240870497
1938,1.4308528933904299
1939,-21.062761807358072
1940,89.95906791301067
1941,-25.570714019655043
1942,-3.107854789659555
1943,142.50054075653088
1944,216.53558878087415
1945,-5.061840087201334
1946,-68.14241558860589
1947,-31.109487531844085
1948,71.06563231689276
1949,-124.48412279732634
1950,-123.8686976717023
1951,-79.1584253622643
1952,145.08531576046636
1953,-106.02150057467342
1954,-129.20746854174897
1955,-42.787095101076524
1956,124.545660048046
1957,33.171156440841884
1958,130.19214348090472
1959,46.80269668918881
1960,92.86689375131424
1961,192.61114749594887
1962,217.50487283004657
1963,18.939555647640603
1964,-121.13009269557443
1965,1.184677581298085
1966,-37.556007842485855
1967,-39.30996418867163
1968,-186.54924157960846
1969,5.800339714264718
1970,30.43252515550037
1971,131.49989556364216
1972,-52.24917747990516
1973,5.984977775637388
1974,-22.00129038577746
1975,69.97327376628101
1976,-40.37156726853036
1977,-9.308226097422626
1978,-36.817508215422464
1979,-5.538773512189044
1980,51.46450518289178
1981,12.569963477701835
1982,-61.52662179736113
1983,67.05003072878048
1984,164.8864455366097
1985,7.323485329127831
1986,4.20023964948495
1987,24.139861126264606
1988,140.00811109249534
1989,-83.71255024451126
1990,7.231192607655149
1991,-14.616215187502656
1992,261.5689908523211
1993,-34.12504960003095
1994,-89.89750435307735
1995,-83.7125239352976
1996,-80.11231852145336
1997,34.771230196408
1998,92.82074739057789
1999,22.64747098215451
2000,-182.54900457226586
2001,138.13105393565658
2002,76.31211046546676
2003,106.39075038820512
2004,-232.41343599959154
2005,147.13159377948085
2006,145.16224390116935
2007,198.48838904170296
2008,-276.2159615105768
2009,249.55288894031003
2010,109.0370626428603
2011,90.94371654295276
2012,-58.00334452421988
2013,197.94991836599556
2014,163.07097824891792
2015,366.0673195029178
2016,-284.87800701162234
2017,-58.77262593124993
2018,43.26405483527788
2019,253.26080427482393
2020,101.77373021490874
2021,371.6804780787671
2022,421.4537492029058
2023,456.3472243189491
2024,178.62433766529654
2025,413.8063045299649
2026,355.08010148671934
2027,296.2616057220011
2028,315.246754675842
2029,424.284396682452
2030,366.06507926235673
2031,386.3115311017171
2032,363.2193437293089
2033,297.64628594544155
2034,309.92337469577865
2035,328.6933803355483
2036,354.66324374847034
2037,367.52439648071515
2038,251.39228916662373
2039,186.8660492455951
2040,414.454725366903
2041,-39.84846117359267
2042,-128.9305377589036
2043,-365.4518943772938
2044,355.72827210560314
2045,-278.708417483826
2046,-236.65984831902648
2047,-248.30667410829227
2048,234.12124598504099
2049,-315.8028827913074
2050,-128.31511263327957
2051,-26.986176023062143
2052,4.061774258062275
2053,-104.23678875773466
2054,71.06565862610641
2055,41.5100984890921
2056,55.17242051740568
2057,50.11058043020436
2058,34.29427046220665
2059,86.65115786278146
2060,-33.90965606790527
2061,19.508834412528298
2062,12.893066930497184
2063,47.20272828268716
2064,-74.69661951070367
2065,137.03869538504483
2066,54.46467636109533
2067,119.46842907086133
2068,-67.66545585440451
2069,36.20210939901207
2070,-137.28487069713717
2071,62.08050967226549
2072,166.6711573535485
2073,109.06784442282695
2074,43.633278339595925
2075,239.10613162232565
2076,2.3539905818264852
2077,17.21638108142148
2078,37.340614310360166
2079,67.80392124582721
2080,42.75631332110986
2081,34.971259147764
2082,-84.83569057508966
2083,12.954604181216858
2084,157.5629602074819
2085,32.555705006004196
2086,-24.57064819051598
2087,-13.246925854045546
2088,95.8670912387314
2089,28.340100775749562
2090,120.88391738348209
2091,15.954749050206747
2092,32.12494425096648
2093,91.54375077859348
2094,33.955802428641604
2095,87.49736741051453
2096,-114.960503167778
2097,193.3804289029789
2098,129.53057199454432
2099,282.06247389479154
2100,-193.31886534304562
2101,81.12777524057576
2102,121.5147070898758
2103,263.1075273571676
2104,-26.986176023062136
2105,257.52258117502856
2106,24.324499187637283
2107,168.5789699811403
2108,-147.1469846694642
2109,212.33534913138922
2110,152.13187030674885
2111,586.7108552118043
2112,299.67747591095434
2113,535.6606383809051
2114,514.490192962091
2115,459.0559297153417
2116,239.25945944520595
2117,301.7858705444381
2118,295.092898394436
2119,329.586894971517
2120,210.47144262397268
2121,327.35658456409317
2122,352.49651151949683
2123,412.14582594196486
2124,235.50509491347404
2125,380.23627522312404
2126,299.73903947088763
2127,412.26890044340416
2128,282.0767569624995
2129,317.6941967066405
2130,282.53862864319916
2131,348.12614249839123
2132,-12.585354367685163
2133,22.78593637357719
2134,108.69859460929527
2135,7.185019937705156
2136,116.92982673687584
2137,-8.108183935354857
2138,-2.5232377532158248
2139,27.293888585874157
2140,430.74799506910216
2141,45.094913012953015
2142,-31.371053733919762
2143,30.524844186186712
2144,175.36398463456072
2145,12.816138789794179
2146,33.29423094228123
2147,75.2043610248717
2148,11.462214037106754
2149,32.10955336098314
2150,4.492561322313637
2151,95.48245053521637
2152,39.44842958009431
2153,150.6856265233751
2154,-20.755049244546054
2155,-5.538773512189042
2156,-111.48337225537311
2157,-0.30771256281201786
2158,4.092529728815284
2159,75.09665110420202
2160,-30.524844186186705
2161,24.432182799093304
2162,8.338942048250226
2163,79.604603316499
2164,-120.22234589712168
2165,115.45282748274906
2166,52.24917747990516
2167,116.32979250123512
2168,36.9098272461088
2169,4.8464202458620065
2170,-32.70956128741021
2171,21.293519920253438
2172,45.55648185717104
2173,57.695658270621514
2174,-78.05067592166921
2175,34.40198038287631
2176,190.3956486147587
2177,-78.28146034377824
2178,-69.88095473559467
2179,-14.26235626395429
2180,195.50360875348275
2181,-96.5594181958448
2182,-192.4726821045262
2183,-298.0018583642286
2184,20.431945791750714
2185,-21.647405153015452
2186,35.20201726065937
2187,31.97106166034682
2188,23.509045110657247
2189,14.585459716749643
2190,42.15627908546916
2191,122.54555469898152
2192,-99.28268490041663
2193,46.26422601348142
2194,121.6685633712818
2195,49.32590813319098
2196,-113.5911612158936
2197,103.35982373924858
2198,126.66886620776347
2199,225.1514879211834
2200,-213.84313016548262
2201,6.0157332463904005
2202,64.64989378621766
2203,150.9164109454841
2204,-153.0550079951849
2205,129.976749948779
2206,178.37954670274758
2207,367.5751005370112
2208,262.0134816205308
2209,378.71282677177925
2210,371.6050115020451
2211,362.54296071671484
2212,170.03952314143564
2213,335.8952527272177
2214,322.09443899826783
2215,334.8336759565726
2216,53.69401060452188
2217,356.2502966874791
2218,2618.5427487357865
2219,3634.9866500377475
2220,3535.534744275155
2221,3668.173171059359
2222,3701.6366491730296
2223,3641.20238592628
2224,3618.185665130594
2225,3607.6158070019565
2226,3584.5683307355175
2227,3609.246688846703
2228,306.36959216993876
2229,319.2919793164216
2230,379.5227637385306
2231,359.5378517920323
2232,491.9611878805922
2233,402.6785292893892
2234,362.19897557292114
2235,358.04488228417256
2236,131.3768210622028
2237,4.431024071593964
2238,-3.6463780837942323
2239,-9.415909708878644
2240,137.88490493277789
2241,7.600442421186841
2242,-23.58597325136025
2243,-108.46781018718626
2244,60.75736669954472
2245,105.05221652550102
2246,-70.48101528044903
2247,22.878255404263523
2248,65.04992537971602
2249,71.03487684613975
2250,61.75740621947014
2251,17.32409100209115
2252,21.785870544438126
2253,14.216209903217944
2254,46.32576326420109
2255,-14.631606077485984
2256,5.4464544815027125
2257,6.646549261997769
2258,24.46296457905995
2259,180.04118401824704
2260,-15.216275732357019
2261,87.82047086330988
2262,113.69887113656327
2263,94.08235311257896
2264,-19.708837054670646
2265,68.86552432568594
2266,-59.6342263689663
2267,100.80583051527974
2268,76.72753294894845
2269,-22.18590213793648
2270,-43.11017224465823
2271,-82.17398743045115
2272,-73.01961761443454
2273,-69.31170227992064
2274,-210.08906847023238
2275,-65.44993066400072
2276,132.11534699847982
2277,-112.1449437417335
2278,-110.16022928265237
2279,-215.81248004379412
2280,55.541670330937386
2281,-17.877952567781865
2282,-3.369420991735227
2283,-218.30493601704325
2284,-82.11242387051783
2285,-7.031163656299148
2286,84.25104722943229
2287,55.787845643029726
2288,-46.27961690346475
2289,181.81053125441613
2290,61.89587161089282
2291,90.08214241445002
2292,-212.3815218013392
2293,-5.738802463545049
2294,106.25228499678245
2295,192.99578819946387
2296,-201.95012906412452
2297,29.694025528436985
2298,76.41979407692278
2299,172.56381609849956
2300,-68.91167068642227
2301,111.89876842964115
2302,94.62085009750001
2303,354.77435263720037
2304,-242.35247811262155
2305,-10.169826535139007
2306,52.310714730624824
2307,18.8626275069376
2308,-119.09920556654329
2309,-14.508531576046636
2310,8.062011265404866
2311,94.80548815887265
2312,-88.49743323965357
2313,64.57296564551464
2314,70.72716428332774
2315,158.6553187580936
2316,-26.155383674526064
2317,139.28497604620165
2318,79.1891808330173
2319,83.09712511888722
2320,-12.293006385642833
2321,7.415804359814171
2322,-57.480264738495826
2323,-12.385325416329167
2324,168.88668254395233
2325,-50.9260345071844
2326,-215.1509085574337
2327,-81.20470338127876
2328,11.16986605506446
2329,-217.68951089141922
2330,-263.230601858607
2331,-68.3270273407649
2332,229.151724928526
2333,-276.8467775261842
2334,-83.72791482528093
2335,-130.53061151446974
2336,105.68303254110839
2337,-87.40504837982817
2338,-73.78889902146459
2339,-83.0971251188872
2340,-56.387879878670425
2341,0.3231034527953476
2342,-53.29538966978056
2343,-16.908668518609467
2344,-209.2890052832357
2345,20.26269862036136
2346,-1.7847381261524387
2347,27.278497695890827
2348,-154.33200460716932
2349,-49.89518689807867
2350,-60.849685730231066
2351,-5.538799821402694
2352,-11.446796837909773
2353,-18.43184044268623
2354,-28.3093189957829
2355,29.61709738773398
2356,-140.45428904673005
2357,-10.692932630076712
2358,-11.277575975734091
2359,108.1908794043409
2360,-86.52808336134213
2361,17.87795256778187
2362,-103.97524886487263
2363,-8.015838595454877
2364,45.418016465748366
2365,-54.203136468233296
2366,-49.572083445283326
2367,-19.29344088040261
2368,19.724227944653975
2369,-12.600718948454851
2370,-188.3185888157776
2371,-117.1913929389515
2372,87.82044455409623
2373,-79.15842536226428
2374,-34.87894011707766
2375,-54.326210969672644
2376,36.52518654259379
2377,-4.369460511660644
2378,-79.51228428581265
2379,-184.3798890591547
2380,-215.0585895267474
2381,-32.83268840727685
2382,10.462121898754049
2383,-95.32859425381037
2384,-354.38971193368536
2385,145.7622781368101
2386,91.38992080640111
2387,-5.723411573561712
2388,-231.05951124690412
2389,-69.3732395306403
2390,-13.708494698263578
2391,52.31071473062484
2392,-393.438136229495
2393,-25.27839234682635
2394,-11.477578617876446
2395,1.8770308476251287
2396,-236.5829201783235
2397,64.92682456906302
2398,3.0001711782035354
2399,152.0395512760625
2400,-389.17635932929034
2401,-34.52505488431566
2402,-54.741633453154336
2403,11.785291180688457
2404,-254.3531628254357
2405,7.661979671906515
2406,-52.43378923206418
2407,-52.17224933920215
2408,-451.1799408608528
2409,-26.693854350233448
2410,-45.61801910789072
2411,-49.89518689807868
2412,-404.74649398519574
2413,-136.48480751014046
2414,-60.57272863817205
2415,13.23153496406222
2416,-60.86505031100074
2417,-43.67945100954592
2418,-99.08265594906062
2419,-49.24900630170162
2420,-22.601324621418172
2421,-42.21781633618883
2422,-182.28746467940388
2423,-69.2193832492343
2424,408.654411961852
2425,-114.606617935016
2426,-268.9847952121353
2427,-178.2102995313583
2428,209.91982129884306
2429,-149.9932995662617
2430,-151.1933680375431
2431,-220.99739463243478
2432,-100.25196894958901
2433,-227.6747256743992
2434,-56.218632707281095
2435,-55.41859582949804
2436,-156.57828526832614
2437,-85.62033656288939
2438,19.016483788343606
2439,125.42262506653205
2440,-289.80135539818735
2441,-73.61965185007526
2442,-123.51483874815393
2443,-77.28139451463916
2444,-388.776327735792
2445,-135.06934550673338
2446,-65.86535314748241
2447,-0.47693342498770974
2448,-192.42650943457622
2449,-88.74358224253227
2450,-82.92787794749788
2451,-12.277641804873147
2452,-275.4313155227771
2453,-69.58863306276601
2454,-54.603168061731644
2455,-9.908286642276984
2456,-52.78767446482619
2457,-35.43280168276838
2458,-92.3283967663932
2459,-58.618769649843934
2460,-27.12464141448482
2461,-111.99108746032749
2462,-74.78893854139001
2463,-14.646996967469317
2464,49.61825611523332
2465,-111.16029511179141
2466,-154.51661635932834
2467,-323.2956152918246
2468,-155.5474376592204
2469,-272.27728806316753
2470,-275.8467116970451
2471,-48.46436031390189
2472,118.06835795743757
2473,-18.985728317590592
2474,-125.02261978224736
2475,-33.401940862950894
2476,-130.73064046582573
2477,22.924401764999864
2478,59.83422901110867
2479,275.9698125076981
2480,-262.38439231087386
2481,-7.27733896839149
2482,2.0616689089977953
2483,-32.12494425096647
2484,-287.40121845562453
2485,102.92903667499722
2486,63.77292876773159
2487,349.220188235028
2488,-602.1886445278096
2489,-71.01948595615642
2490,-105.57532262043873
2491,41.03313875489075
2492,-273.76967820727765
2493,-69.665561203469
2494,-45.24876929435903
2495,186.93388228312352
2496,-342.41980900083786
2497,62.35744045511085
2498,0.9539194684027166
2499,47.21811917267049
2500,-253.84544762048128
2501,-11.600653119315789
2502,-15.108565811687342
2503,-41.5100984890921
2504,-492.78233207141767
2505,-61.63433171803078
2506,0.8616004377163797
2507,32.86344387802986
2508,-161.31702190273214
2509,-10.077507504452672
2510,-45.325697435062025
2511,39.233036047968625
2512,1.8924217376084584
2513,1.3231429727207629
2514,-2.3385996918431537
2515,-24.324472878423634
2516,349.3278981556977
2517,-1.8616662668554422
2518,-59.04955671409529
2519,28.00160643297088
2520,312.47960816030854
2521,-42.063960054782825
2522,-271.61569026759355
2523,-177.97951510924923
2524,136.05402044588908
2525,-101.49818378160678
2526,-238.27531296457593
2527,-172.16378450500122
2528,257.04564775004087
2529,-5.215670059393695
2530,-31.155660201794078
2531,4.600244933769659
2532,-62.48054126576384
2533,7.061945436265807
2534,-29.309384824921963
2535,-43.787160930215585
2536,-394.66898648074306
2537,-44.217947994466954
2538,-31.786449908187794
2539,-16.093214441629428
2540,-149.00862462710597
2541,-20.6319747431067
2542,-97.89797836776253
2543,-62.58822487721986
2544,23.95524937410559
2545,-55.66477114159038
2546,-59.24955935623765
2547,89.18978650598062
2548,-96.80559350793715
2549,30.570990546923053
2550,7.831226843295854
2551,7.831226843295852
2552,-301.52513563736983
2553,-126.48422814639079
2554,-65.72688775605972
2555,15.108565811687345
2556,-9.031295314577267
2557,10.35443828729803
2558,-37.14061166821781
2559,-0.5846433456573763
2560,168.4866772596676
2561,-54.23391824819995
2562,-75.00433207351568
2563,-22.53978737069849
2564,127.6689057276889
2565,-63.41904353496958
2566,-40.52542354993638
2567,43.740988260265595
2568,34.47893483279296
2569,-19.739618834637312
2570,25.493785878952036
2571,8.87743903317126
2572,-100.82122140526307
2573,79.20457172300063
2574,223.905246779952
2575,93.69773871827759
2576,-93.22077898407622
2577,239.15227798306202
2578,16.493246035127783
2579,19.0626564582936
2580,-139.66961674971668
2581,0.738499627063387
2582,47.86429976904754
2583,68.29624556079824
2584,-309.1563335293097
2585,54.74163345315432
2586,13.831569199702924
2587,75.81975984128208
2588,-116.9913639875955
2589,67.29620604087282
2590,88.31279517828091
2591,229.76712374493638
2592,-184.07217649634265
2593,10.400610957248023
2594,4.984885637284673
2595,39.64843222223666
2596,-135.1616645374197
2597,8.815901782451583
2598,50.83368916728441
2599,31.694157186715106
2600,-124.25333837521733
2601,99.00572780835762
2602,12.169931884203482
2603,42.740922431126535
2604,-76.35828313541676
2605,50.418319302230024
2606,4.984911946498327
2607,12.200713664170143
2608,-21.33969259020343
2609,8.800510892468257
2610,-13.693103808280245
2611,-29.94020084052933
2612,-28.60164066861159
2613,18.339521411999893
2614,-64.60374742548132
2615,1.9231772083614693
2616,76.01976248342442
2617,34.81740286635799
2618,-165.68650872360644
2619,-100.46736248171472
2620,190.99565654118578
2621,-21.339692590203427
2622,-177.91797785852958
2623,-191.51876263612348
2624,110.1140566127024
2625,-64.23447130273597
2626,-24.832214392591656
2627,-56.46478171015979
2628,-55.21856687814203
2629,-16.81634948792313
2630,-40.786989752012055
2631,-8.73897364174858
2632,-116.22210888977911
2633,3.6309871938109044
2634,46.525765906343445
2635,16.124022530809736
2636,-121.40702347841979
2637,22.47822381076517
2638,23.539826890623907
2639,30.617136907659393
2640,-38.94071437513993
2641,50.92600819797075
2642,26.63229079030013
2643,56.00323917515541
2644,-91.20528274502843
2645,17.139452940718478
2646,88.05122897620524
2647,96.06709388087376
2648,-2.4001369425628285
2649,119.45306449009165
2650,-27.586210258702845
2651,28.386247136485906
2652,45.43338104651805
2653,-49.372080803140975
2654,-88.89743852393829
2655,-53.89542390542127
2656,-26.95542055230912
2657,-206.15039502282312
2658,-264.21527679776267
2659,-407.4235617106039
2660,12.923822401250199
2661,-101.82126092518848
2662,-230.47486790124674
2663,-114.63737340576903
2664,-31.586447266045443
2665,-90.3744640872787
2666,-20.44733668173403
2667,-66.37306835243677
2668,-107.88316684152888
2669,-21.016589137408083
2670,-2.20013430042048
2671,-41.17163045552708
2672,-142.86979057006255
2673,-2.923269346714175
2674,-35.60204885415772
2675,4.3233404601379455
2676,-413.10080061421564
2677,-2.6462859454415337
2678,10.062116614469343
2679,73.80428991144791
2680,-271.3541503747315
2681,-37.171393448184475
2682,99.26726770121965
2683,87.0357985662965
2684,-111.39105322468679
2685,98.77494338624861
2686,181.1489597680558
2687,483.4125687232753
2688,-190.99565654118578
2689,-47.8181534083112
2690,-13.385391245468227
2691,19.893448806829667
2692,-278.58534298238663
2693,13.308463104765222
2694,10.03136114371633
2695,-3.954064337392605
2696,-121.34545991848647
2697,16.40095331365509
2698,4.53873399226363
2699,243.2909803818273
2700,-89.60518268024866
2701,-25.616860380391387
2702,-39.95614478504868
2703,-27.401572197330175
2704,-26.078429224609415
2705,-23.40133518998758
2706,-16.67788409650045
2707,15.570108346691725
2708,24.970679784014337
2709,-22.00129038577746
2710,-23.416726079970914
2711,-8.800510892468253
2712,245.19879300941906
2713,23.124404407142226
2714,-262.5382485922799
2715,-80.03539038075037
2716,209.68906318594767
2717,-284.37029180666804
2718,-273.76967820727765
2719,-64.43450025409197
2720,46.725768548485796
2721,-130.31521798234405
2722,-396.17676751483646
2723,-118.05299337666789
2724,-198.33453276029695
2725,-198.44224268096661
2726,-13.277681324798563
2727,45.37184379579838
2728,-143.08518410218826
2729,35.83283327626673
2730,37.217539808920826
2731,51.20296529002976
2732,-150.73177288411145
2733,2.6770940346218346
2734,109.43709423635866
2735,84.23563003023531
2736,-47.833517989080875
2737,71.81952283393949
2738,49.74133061667266
2739,147.25466828092019
2740,-120.4684949000004
2741,8.6466283018486
2742,26.447679038141104
2743,-26.67846346025012
2744,-267.50776964879486
2745,-281.4778305491341
2746,-26.8169288516728
2747,-47.31041189414318
2748,-114.23736812148432
2749,-23.339797939267903
2750,-63.01903825068488
2751,2.8001685360611823
2752,197.74988941463957
2753,-23.939832174908613
2754,-158.60917239735727
2755,-62.81903560854252
2756,204.7964702701357
2757,28.847815980703935
2758,-102.9905739257169
2759,-35.802077805513726
2760,40.8638915835014
2761,-95.12856530245438
2762,18.385694081949886
2763,52.03378394777948
2764,-94.55931284678032
2765,-4.523343102280297
2766,13.370000355484898
2767,124.02255395310829
2768,-103.26750470856223
2769,31.924941608824124
2770,19.754983415406993
2771,19.29341457118896
2772,-220.84353835102877
2773,-16.539418705077775
2774,102.48285872076251
2775,95.29783878305736
2776,-313.2488895673386
2777,-59.24955935623765
2778,-7.369657999077827
2779,64.60372111626766
2780,-37.50986148174951
2781,33.417331752934224
2782,90.35907319729537
2783,176.0255561209211
2784,-349.94332328132174
2785,30.955631250438078
2786,19.44727085259497
2787,52.77228357484286
2788,-103.43675187995157
2789,6.3542275891690805
2790,-42.063960054782825
2791,20.108842338955352
2792,-277.56988626326427
2793,-86.29729893923312
2794,-61.95740886161249
2795,28.586276087841906
2796,-80.46620375421536
2797,20.41655490176737
2798,0.9385022692057383
2799,-2.415527832546158
2800,-16.354780643705105
2801,-1.0308212998920743
2802,-13.60078477759391
2803,7.754272393379202
2804,-12.031466492780801
2805,-3.307883741015554
2806,-3.8309898359532575
2807,17.15481752148816
2808,129.05361226034296
2809,-86.55886514130879
2810,-12.816112480580532
2811,-11.662216679249108
2812,331.32684477726286
2813,23.63214592131024
2814,-73.61965185007526
2815,-63.52675345563925
2816,131.8999271571405
2817,7.554296060450497
2818,-39.571530390747306
2819,-52.32610562060816
2820,107.77548323007285
2821,-19.50880810331465
2822,-42.43320986831452
2823,-4.338705040907627
2824,-51.51067785284177
2825,-4.246412319434942
2826,32.78651573732685
2827,19.07802103906328
2828,24.216789266967613
2829,48.11047508113988
2830,10.2621192566117
2831,20.770440134529387
2832,-93.95927861113962
2833,97.62102127570354
2834,64.83453184759034
2835,118.57609947160559
2836,-79.14303447228097
2837,75.21972560564137
2838,77.38910443530884
2839,63.66521884706192
2840,-98.35954721198057
2841,14.339284404657292
2842,14.90856316954499
2843,4.261776900204625
2844,178.53340298415358
2845,26.401506368191114
2846,-24.770650832658333
2847,15.5085974051857
2848,78.66610104729324
2849,61.29583737525211
2850,-43.98716357235793
2851,-135.85401780374676
2852,267.2308388659496
2853,-114.43739707284031
2854,-188.59551959862296
2855,-63.588290706358926
2856,284.5087571980907
2857,-57.64948560067152
2858,-66.55770641380943
2859,-100.62119245390707
2860,-89.94367702302733
2861,-1.3847065326540786
2862,18.831872036184585
2863,-3.9079179766562575
2864,-208.84285363821465
2865,54.803170703874
2866,42.04859547401313
2867,35.725149664810715
2868,-416.70100602805985
2869,-33.109592880908565
2870,55.83399200376607
2871,69.80402659489168
2872,-144.14678718204698
2873,13.73925016901659
2874,74.35815147713865
2875,39.34074596863829
2876,-46.433446875657104
2877,30.24788709412771
2878,111.06794977189142
2879,153.03961710520156
2880,-363.08253921469765
2881,-28.155489023590537
2882,33.9250469578886
2883,107.31388807664119
2884,-121.80705507191814
2885,81.63549044553012
2886,57.17252586647016
2887,11.554506758579445
2888,-102.29822065938984
2889,85.03569321723201
2890,44.587171498785004
2891,23.801366783485935
2892,-96.29787830298278
2893,20.70890288380971
2894,25.73996119104438
2895,94.25162659318197
2896,-16.047068080893084
2897,14.75470688813898
2898,-11.385259587190106
2899,85.66648292362572
2900,-2.0616689089977953
2901,-48.00276516047022
2902,16.97020576932914
2903,15.970166249403722
2904,95.39013150453005
2905,-17.9702715984682
2906,-42.43320986831452
2907,23.58597325136025
2908,194.54971559429367
2909,65.52685880470372
2910,-23.862904034205606
2911,-77.8506469703132
2912,29.23245668421896
2913,-16.770203127186786
2914,-70.41945172051571
2915,-77.12753823323315
2916,10.769860770779715
2917,-3.307883741015555
2918,-3.3386392117685695
2919,-87.91276358478255
2920,-100.5904106739404
2921,48.202794111826215
2922,25.770716661797394
2923,21.647405153015445
2924,-103.43675187995159
2925,11.969902932847482
2926,54.00313382609094
2927,-46.479593236393455
2928,170.87142331224712
2929,167.5327577912649
2930,5.615701652892049
2931,30.986386721191085
2932,-159.30152566368432
2933,115.42204570278241
2934,30.232522513358017
2935,93.9131322504033
2936,-40.66388894135905
2937,15.170103062407014
2938,83.63559579459461
2939,59.88040168105865
2940,-91.4668489471041
2941,-4.246412319434938
2942,28.863206870687268
2943,22.90901087501654
2944,172.51766973776319
2945,-110.20634933417506
2946,-24.847578973361337
2947,-6.1542249470267265
2948,409.83908954315007
2949,-47.41814812402649
2950,-46.710377658502466
2951,-14.277747153937622
2952,51.51067785284177
2953,58.680333209777245
2954,11.308331446487102
2955,-20.585802073156714
2956,11.662190370035464
2957,41.8793483026238
2958,13.139215933375885
2959,29.755562779156655
2960,-43.61791375882625
2961,2.6463122546551716
2962,280.35469021855573
2963,299.26346408622965
2964,-446.16427344360153
2965,10.031361143716328
2966,117.71449903388921
2967,292.5553775735122
2968,-192.81115013809125
2969,-11.169892364278063
2970,9.985188473766339
2971,49.21825083094862
2972,-228.58247247285192
2973,78.49682756669026
2974,100.59043698315405
2975,187.36466934737487
2976,-124.05333573307495
2977,71.69644833250013
2978,150.93180183546744
2979,61.92665339085947
2980,-127.62275936695255
2981,23.04747626643922
2982,16.97020576932914
2983,6.615767482031112
2984,-56.66481066151579
2985,73.95811988364028
2986,14.03157184184528
2987,64.15754316203298
2988,-83.98945471814297
2989,91.38989449718746
2990,5.246451839360354
2991,74.75815676142335
2992,11.154475165081092
2993,70.31174179984605
2994,-6.431129420658436
2995,-15.600890126658387
2996,98.0979810099049
2997,37.3560052003435
2998,-100.49811795246774
2999,-150.08561859694802
3000,130.0382871994987
3001,-60.449654136732704
3002,-225.75152215682408
3003,-240.44466548502976
3004,211.7199503149788
3005,-55.31088590882837
3006,-88.58975227033991
3007,-167.59429504198457
3008,264.3999148591353
3009,-31.601811846815128
3010,-95.94399307022076
3011,-5.169523698657351
3012,94.40545656537432
3013,14.985491310247994
3014,13.616175667577242
3015,3.5848145238609135
3016,-22.447442030798506
3017,58.86494496193627
3018,-0.07692814070300358
3019,134.76163294392134
3020,20.739658354562724
3021,-5.18491458864068
3022,-89.22054197673364
3023,-71.85030461390615
3024,-230.65950596261942
3025,-49.618256115233315
3026,-75.74285800979271
3027,70.08095737773704
3028,-169.10207607607796
3029,-72.60419513095286
3030,-173.22541389407357
3031,57.4187011785625
3032,-101.55972103232645
3033,-25.847644802500398
3034,-1.5539273948297776
3035,151.60876421181115
3036,-63.44982531493624
3037,-132.42303325207817
3038,-20.41655490176737
3039,55.15702962742236
3040,79.52767517579599
3041,-13.26231674402888
3042,-18.23183780054387
3043,41.294678647752775
3044,201.51934199987315
3045,-52.2183956999385
3046,-43.510203838156585
3047,-156.70138607897914
3048,50.41829299301638
3049,-43.2948103060309
3050,61.680504387980776
3051,-103.48292454990157
3052,-243.937187287418
3053,23.585973251360244
3054,52.29532384064151
3055,100.75965784532974
3056,-351.4357134254318
3057,194.5035429243437
3058,213.35080585051162
3059,113.92965555867231
3060,-239.24459701374835
3061,41.156213256330105
3062,163.94794326740396
3063,355.5744158241971
3064,-38.55607367162492
3065,53.326145140533576
3066,39.60228586150032
3067,131.0844993893741
3068,-44.04870082307761
3069,51.27989343073276
3070,171.33299215646514
3071,124.33026651592031
3072,-454.2570401797594
3073,54.880098844577
3074,91.32835724646777
3075,450.4106594538228
3076,-140.5158262974497
3077,51.77224405491745
3078,-4.631026713736318
3079,53.49539231192292
3080,-226.2130910010421
3081,-61.326619155218765
3082,12.816138789794179
3083,16.447099674391435
3084,-47.310438203356824
3085,58.68030690056361
3086,9.277470626669611
3087,71.72723011246678
3088,69.40402131060696
3089,33.09422830013887
3090,209.22749434172965
3091,232.30575238813552
3092,128.0227909604509
3093,45.69494724859373
3094,-21.432011620889764
3095,108.97552539214064
3096,-125.94573116146974
3097,37.00211996758149
3098,-108.12934215362122
3099,16.385562423671757
3100,371.94458735788555
3101,-145.03914309051635
3102,-210.07367758024907
3103,-14.1700635424816
3104,220.59736303893644
3105,-34.032730569344615
3106,-31.647984516765117
3107,-20.12423322893868
3108,12.093003743500482
3109,32.924981128749536
3110,-24.92450711406434
3111,-3.077099318906539
3112,-327.1573869077446
3113,62.71132568787286
3114,0.846183238519405
3115,80.32771205357903
3116,-30.66330957760939
3117,72.1272353967515
3118,29.170919433499282
3119,46.61808493702978
3120,64.03446866059362
3121,23.662901392063247
3122,-46.602694047046455
3123,4.754101215175666
3124,-288.32435614406063
3125,-70.43484261049905
3126,44.110264383010936
3127,123.86869767170228
3128,-9.846723082343656
3129,-79.00456908085829
3130,-2.4462833032991735
3131,68.61934901359359
3132,65.98842764892176
3133,2.27706244112348
3134,10.077481195239024
3135,2.2308897711734907
3136,125.17647606365337
3137,11.662216679249111
3138,31.74030354745145
3139,64.12678769127996
3140,559.8631445801648
3141,99.06726505907729
3142,-0.04614636073634415
3143,-25.124509756206702
3144,35.98668955767274
3145,-69.17323688849797
3146,52.17224933920215
3147,-21.0781526973414
3148,-18.247202381313556
3149,34.340443132156636
3150,10.83139802149939
3151,122.91480451251324
3152,-16.077849860859743
3153,72.0964799259985
3154,233.07500748595191
3155,57.310991257892844
3156,-147.62391809445188
3157,147.20852192018384
3158,149.608632553533
3159,156.2705727055141
3160,-337.63492600569555
3161,23.047476266439215
3162,87.05118945627983
3163,222.7205691986539
3164,-87.08197123624649
3165,101.12890765886145
3166,178.33340034201123
3167,302.87906039005725
3168,120.65116924808001
3169,324.0315718418453
3170,383.4506812059539
3171,431.74579434846646
3172,137.91311732648816
3173,326.18583630879743
3174,344.75641867017436
3175,359.8182587573757
3176,189.0548482022799
3177,316.1550808380444
3178,285.47607753397006
3179,366.2343001245324
3180,261.9208860625764
3181,354.07975913031225
3182,363.86522148920426
3183,354.29545549891964
3184,355.52600291368606
3185,364.66412594870167
3186,390.9123817084501
3187,362.14088819548584
3188,535.812480043794
3189,354.72276638067297
3190,294.54802840826864
3191,350.089422211938
3192,708.4941826791996
3193,403.7839612749856
3194,316.73277181870577
3195,420.35212083229936
3196,368.99056254041835
3197,-184.62606437124703
3198,-224.12066662129132
3199,-33.417331752934224
3200,76.69672485976815
3201,-57.08023314499748
3202,-67.83470302579386
3203,-87.55890466123421
3204,-6.15419863781308
3205,-50.74139644581172
3206,-33.26344916231457
3207,-16.200950671512743
3208,-4.231021429451612
3209,38.17143296810989
3210,-58.772625931249934
3211,-33.432722642917554
3212,90.23347449006371
3213,262.9354794527179
3214,410.46534042523444
3215,388.29571137751265
3216,415.9296221877495
3217,503.0112905875143
3218,400.38996647532906
3219,433.0859012732186
3220,58.95615266348699
3221,260.7832072261722
3222,271.2305439079062
3223,398.29971823643604
3224,-57.08023314499747
3225,-41.54088026905876
3226,5.84651238421471
3227,74.18890430574929
3228,-18.70877122553159
3229,-49.94133325881502
3230,-77.0967564532665
3231,81.42009691340444
3232,233.73660528152595
3233,7.415804359814169
3234,-127.51507575549654
3235,-52.57228093270051
3236,151.3010779582128
3237,-4.492561322313641
3238,-90.35907319729537
3239,-97.34409049285817
3240,32.30955600312551
3241,-40.35617637854704
3242,-13.046923211903191
3243,-65.08070715968267
3244,-309.14094263932634
3245,15.800919078014381
3246,34.74047472565499
3247,104.09834967552563
3248,-173.8254481297143
3249,62.68054390790619
3250,52.726137214106515
3251,125.25340420435639
3252,-303.5252409864343
3253,157.3013940054062
3254,138.30030110704593
3255,194.88818362785872
3256,-218.56647590990528
3257,31.955697079577135
3258,19.231877320469287
3259,189.04169755285764
3260,95.12859161166803
3261,84.11255552879595
3262,80.29695658282603
3263,124.65336996871567
3264,-198.0268201974849
3265,32.678805816657196
3266,29.478605687097655
3267,56.26477906801744
3268,84.83314749804694
3269,371.80388172590176
3270,300.0455669969867
3271,380.32743552631104
3272,67.66291277736181
3273,333.5554943078753
3274,329.97067978401435
3275,359.1108174375469
3276,227.6262864546745
3277,286.7989439794228
3278,271.9208860625764
3279,375.4804359166994
3280,392.7429633588572
3281,266.82826419540845
3282,252.27273036760778
3283,320.9849777756374
3284,466.51528645362544
3285,401.2947049569664
3286,425.3245650167763
3287,428.3404036122312
3288,528.7610140602462
3289,250.543762163892
3290,432.1075124332525
3291,368.7186713144999
3292,775.0925446527303
3293,327.0979660859898
3294,124.24039305989419
3295,292.38854966756946
3296,152.79344179310925
3297,6.369592169938766
3298,-64.0960059113133
3299,-110.6833090683764
3300,128.73053511676125
3301,381.62206326883984
3302,293.0015555277469
3303,140.25426009537406
3304,-218.84340669275065
3305,151.39337067968546
3306,43.44866658743691
3307,57.98795363423655
3308,-20.031940507465997
3309,-11.523724978612783
3310,14.693143328205657
3311,-3.5386681631245693
3312,-13.216144074078883
3313,54.295429189705985
3314,-7.369657999077827
3315,41.58700032058147
3316,-37.86374671451152
3317,6.3080549192190905
3318,-48.69514473601091
3319,212.21227462994986
3320,98.65184257559562
3321,-32.709587596623855
3322,-71.1271958768261
3323,72.2503362074045
3324,135.48476799021506
3325,-0.43078706425136826
3326,-99.35958673190598
3327,-12.508426226982163
3328,495.68159728634106
3329,396.0139951551414
3330,330.9185027784387
3331,370.3820204120347
3332,433.2404510423513
3333,-92.77457472062788
3334,-68.94245246638894
3335,-78.98917819087495
3336,101.79050545443546
3337,12.16993188420348
3338,63.77290245851795
3339,-43.525594728139914
3340,-405.66960536441815
3341,63.75753787774826
3342,102.66747047292154
3343,84.05101827807627
3344,176.29677048070738
3345,432.04972789229885
3346,480.5143910426824
3347,566.7811847292169
3348,-31.130318317618503
3349,404.04925387761364
3350,347.8622851505305
3351,532.7348013611379
3352,-4.542132960324068
3353,280.3361505785664
3354,441.4691400928891
3355,472.4863349032605
3356,269.3979511458423
3357,312.8619823140489
3358,354.3262109696726
3359,413.1908794043409
3360,163.3610596811855
3361,412.94470409224857
3362,312.72409628637587
3363,453.9467845399046
3364,120.98963728164503
3365,393.83620410970025
3366,305.554190711386
3367,366.46538738312313
3368,250.058666741185
3369,399.9137511340783
3370,351.5876059935448
3371,507.0273600413092
3372,237.53484962421948
3373,293.5073333286219
3374,314.80085324887534
3375,316.7536535097041
3376,318.5241331641589
3377,325.5553231296717
3378,301.55365086756177
3379,345.047910761199
3380,409.58951526299734
3381,390.49406240622005
3382,384.6145034054673
3383,397.3702373628275
3384,257.81490284785724
3385,37.30985883960715
3386,-36.84828999538912
3387,40.81774522276507
3388,511.29112696402046
3389,-80.23541933210636
3390,-51.5721887943478
3391,-23.52443600064057
3392,97.20562510143549
3393,-7.846617733279185
3394,-29.955565421299013
3395,-4.154093288748609
3396,6.231126778516085
3397,21.52430434236245
3398,0.6615714863603834
3399,26.324604536701756
3400,-64.63450289623432
3401,58.757235041266604
3402,20.924296415935395
3403,18.262593271296886
3404,-132.16149335921617
3405,40.248492767091015
3406,-15.35474112377969
3407,72.37341070884385
3408,-33.12511456445216
3409,98.15996683081396
3410,77.89812410147027
3411,124.00879667002734
3412,-158.1783853331059
3413,16.000921720156736
3414,-11.508360397843102
3415,219.15114556477633
3416,-68.94245246638894
3417,-33.10959288090856
3418,-14.35467529464063
3419,37.371396090326826
3420,34.125049600030955
3421,-55.3262767988117
3422,-19.616518023984312
3423,88.72819135254895
3424,39.60228586150032
3425,-0.13846539142267744
3426,-53.89542390542127
3427,-51.63375235428112
3428,231.4595428404025
3429,-28.893962341440275
3430,-124.96105622231403
3431,-133.23846101984458
3432,149.1163345477756
3433,-53.34156233973055
3434,5.031058307234671
3435,-2.8001422268475356
3436,-16.139387111579424
3437,50.802933696531404
3438,73.32730386803291
3439,34.27890588143696
3440,-255.7532339388595
3441,95.45169506446337
3442,49.41822716387732
3443,101.66743095299611
3444,-195.1958961906707
3445,-33.294230942281246
3446,69.15784599851462
3447,281.8316894726825
3448,-162.7324839061392
3449,44.017945352324595
3450,122.28398849690583
3451,122.79170370186021
3452,-232.38265421962487
3453,57.17252586647017
3454,129.20746854174897
3455,219.38190367767166
3456,-296.6940799722775
3457,-115.20665217065672
3458,39.63306764146698
3459,-5.077204667971014
3460,43.73874801970453
3461,256.0743736783617
3462,334.6019830250187
3463,326.26306728598206
3464,264.4136185630936
3465,347.52610826275054
3466,334.95614478504865
3467,341.5103750163601
3468,161.2537974659874
3469,285.78379009678207
3470,248.7822231837366
3471,290.1370301366553
3472,298.6922479172626
3473,298.81559894596995
3474,287.0149168752981
3475,313.93897628389095
3476,304.72221332613697
3477,353.5549149441256
3478,300.7652258607824
3479,339.84501130030833
3480,22.062827636497133
3481,-138.9618725934063
3482,28.524712527908584
3483,31.201806562530415
3484,295.4017187795234
3485,-7.800445063329192
3486,-15.831674548767403
3487,-16.93945029857613
3488,-3.1078810988732073
3489,-60.741975809561396
3490,-34.0019750985916
3491,-80.4507865550184
3492,-36.30976670125446
3493,-46.55654768631011
3494,-23.185941657861896
3495,-37.094438998267826
3496,-172.5484252085162
3497,28.24778174506323
3498,-8.323551158266895
3499,-71.81954914315313
3500,-0.13846539142267744
3501,-31.955697079577135
3502,43.00248863320221
3503,1.5539537040434226
3504,-136.0540204458891
3505,-28.017023632167856
3506,-54.89546342534669
3507,5.538773512189039
3508,-311.49493322115285
3509,72.40419248881051
3510,-7.046554546282465
3511,65.08070715968267
3512,-74.85047579210968
3513,0.9846749391557275
3514,32.5865130951845
3515,55.86477378373273
3516,26.247676395998752
3517,14.66238785745265
3518,-1.8616399576417955
3519,12.87764973130021
3520,54.110817437546956
3521,58.14180991564257
3522,14.200845322448265
3523,-34.46354394280963
3524,163.3632999217466
3525,-35.509756132685034
3526,-175.04088118176537
3527,-214.02776822685527
3528,119.576138991531
3529,32.186481501686146
3530,20.57041118317338
3531,9.58518318948163
3532,-51.233720760782774
3533,20.324235871081036
3534,-9.615938660234647
3535,102.2520742986535
3536,-342.55827439226056
3537,88.34357695824757
3538,46.51040132557377
3539,91.45145805712076
3540,-288.01666989046225
3541,19.585736244017653
3542,121.09931091560777
3543,120.39156675929739
3544,-225.8592057682801
3545,1.4923901441101037
3546,-7.708126032642858
3547,37.74064590385853
3548,13.754641058999917
3549,66.12691934955807
3550,79.68153145720198
3551,219.443467237605
3552,87.6358328019372
3553,151.76262049321716
3554,309.8025404349004
3555,262.5228840115102
3556,0.8308186577497221
3557,200.39620166929475
3558,268.2155138051053
3559,393.745848792307
3560,-146.39309415241743
3561,218.6895767205583
3562,127.19197230270117
3563,127.34582858410718
3564,-29.755562779156662
3565,71.2810521582321
3566,53.926205685387934
3567,60.88044120098408
3568,-19.478052632561635
3569,110.91409349048541
3570,27.770848320075515
3571,60.09579521318434
3572,46.77194121843579
3573,1.0616030798587346
3574,71.83491372392281
3575,73.81965449221761
3576,80.7277436470774
3577,43.187126694574886
3578,98.62108710484259
3579,39.72538667215332
3580,224.02832128139133
3581,2.000105349064473
3582,-32.12491794175283
3583,124.91490986157768
3584,187.4262329073082
3585,-14.24699168318461
3586,-88.74358224253228
3587,-164.91722731657637
3588,12.58532805847151
3589,-118.69917397304494
3590,-78.91225005017195
3591,22.508979281518183
3592,34.663520275738335
3593,-2.9847802882202057
3594,-16.32402517295209
3595,-5.815730604248049
3596,-13.600784777593907
3597,-41.86395741264047
3598,45.34108832504536
3599,-13.539247526874234
3600,-38.8483953444536
3601,22.770545483593857
3602,-60.04962254323436
3603,58.618795959057564
3604,-253.04541074269827
3605,21.33969259020343
3606,61.29583737525211
3607,89.697501710935
3608,-11.877610211374796
3609,52.61842729343686
3610,24.062932985561606
3611,101.9597526258248
3612,-184.56452712052732
3613,-26.755391600953125
3614,-27.847776460778523
3615,-3.015562068186867
3616,200.48852069998105
3617,-71.61954650101077
3618,-18.63184308482858
3619,-78.89688546940226
3620,245.8603908049931
3621,-20.801195605282395
3622,-11.846828431408133
3623,-30.740237718312393
3624,48.295113142512555
3625,-34.63276480498532
3626,10.908326162202393
3627,23.30904246851489
3628,-3.0617347381368596
3629,3.0463175389398796
3630,8.138913096894225
3631,-20.216552259625022
3632,-123.3302269959949
3633,20.001158727499337
3634,38.55607367162491
3635,73.55808829014192
3636,-309.6794396242473
3637,2.27706244112348
3638,42.46401795749482
3639,319.572335376541
3640,-302.63288507796494
3641,-17.87795256778186
3642,-152.5319019002472
3643,141.0235415024041
3644,-123.37637335673125
3645,40.84852700273172
3646,22.555151951468176
3647,157.82452640955754
3648,-82.00474025906182
3649,47.04887200128115
3650,12.56993716848819
3651,44.75644497938798
3652,-303.55602276640093
3653,35.232799040626034
3654,9.492864158795296
3655,54.23391824819995
3656,-132.46917961281454
3657,3.677133554547247
3658,41.49470759910878
3659,75.31204463632771
3660,88.51279782042326
3661,-7.4004397790444845
3662,-16.81634948792313
3663,36.18671850902875
3664,-2.015522548261453
3665,-15.893211799487073
3666,-18.077981519137865
3667,18.247228690527205
3668,64.80375006762367
3669,-4.754101215175664
3670,-22.493614700748502
3671,135.0078082560137
3672,378.26803316708794
3673,-4.415659490824282
3674,5.892658744951049
3675,63.41904353496958
3676,231.52108009112217
3677,-88.8051458024656
3678,-38.94071437513994
3679,33.001909269452554
3680,283.447154118232
3681,-155.03972245426604
3682,-105.74456979182808
3683,-79.98924402001401
3684,-92.14378501423417
3685,-5.908023325720739
3686,-2.123206159717469
3687,84.06640916805961
3688,-167.87122582482988
3689,23.293677887745204
3690,-17.554849114986517
3691,32.50955864526786
3692,-30.909484889701726
3693,-7.523514280483836
3694,-154.57817991926166
3695,-113.23730229234525
3696,-450.65683476591516
3697,19.86269333607666
3698,-74.09658527506296
3699,60.972760231670414
3700,-230.13637355846808
3701,-123.89947945166895
3702,-206.91967642985315
3703,181.27200796028148
3704,-109.62173229773131
3705,5.661874322842042
3706,-119.89924244432635
3707,221.79743151021785
3708,114.39122440289033
3709,100.2673335303587
3710,49.664402475969666
3711,61.895897920106464
3712,61.31122826523544
3713,23.862930343419254
3714,-5.277207310113372
3715,57.7110228513912
3716,55.433986719481354
3717,14.862390499595
3718,-46.24883512349808
3719,-44.69490772866831
3720,100.85197687601608
3721,-64.01910407982393
3722,31.571056376062117
3723,14.616241496716302
3724,34.632764804985314
3725,4.861811135845333
3726,12.000711022027788
3727,26.909247882359136
3728,-214.65858424246267
3729,14.370066184623958
3730,209.22749434172962
3731,358.02069912749624
3732,-405.1772547402334
3733,-9.754404051657323
3734,202.30398798767288
3735,296.4479046601852
3736,-239.01381259163935
3737,86.37422707993612
3738,1.6770018962691253
3739,118.65302761230858
3740,-75.41975455699736
3741,67.54235504375153
3742,7.877373204032196
3743,155.67053846987343
3744,-144.54681877554535
3745,10.862153492252403
3746,35.30972718132904
3747,236.04442319340245
3748,-201.05777315565513
3749,94.92856266031202
3750,48.172012331859555
3751,37.38678698031016
3752,-17.262527442157825
3753,87.34351112910852
3754,59.17265752474829
3755,100.0827217781997
3756,35.23279904062603
3757,133.51541811190359
3758,113.16037415164224
3759,101.35969208097045
3760,220.02811058326236
3761,46.048806172142086
3762,40.29463912782736
3763,33.66348075581292
3764,86.69733053273146
3765,-31.50951912534244
3766,-5.631092542875379
3767,136.10016680662542
3768,436.51755300340017
3769,32.463412284531515
3770,-34.755865615638314
3771,-34.98665003774733
3772,277.3083463704022
3773,-29.524778357047648
3774,-29.61709738773398
3775,-11.662190370035457
3776,180.3950429417954
3777,-87.29736476837218
3778,-39.986926565015345
3779,-160.93238119921708
3780,-22.98593901571954
3781,14.04696273182861
3782,-8.292795687513882
3783,73.83504538220093
3784,-314.2797108672307
3785,3.1232719888565317
3786,22.97057443494986
3787,49.54132797453031
3788,-50.8798618372344
3789,-20.939660996705076
3790,-83.31249234179926
3791,29.95559173051266
3792,-231.1364393876071
3793,-7.138873576968812
3794,-97.54409313500054
3795,91.91302690133881
3796,-226.1361628603391
3797,-62.542078516483514
3798,-74.63508225998399
3799,250.01445778452808
3800,-2.861705786780856
3801,-9.015904424593938
3802,3.8002080559865945
3803,0.4461779542346971
3804,-70.12713004768702
3805,-8.800510892468255
3806,-44.741027780191004
3807,114.02197458935862
3808,35.58665796417439
3809,31.047923971910766
3810,-72.48112062951353
3811,-17.047133910032144
3812,144.63913780623167
3813,-95.00549080101503
3814,-88.58972596112626
3815,-482.04325308060453
3816,-203.6271572696073
3817,-153.91658212368765
3818,-41.325460427719435
3819,-6.7850146534204505
3820,-100.22118716962238
3821,63.634463376308915
3822,78.40453484521758
3823,471.8118892947459
3824,-107.68316419938651
3825,246.0911489178885
3826,79.75845959790499
3827,38.57146456160824
3828,-340.66585265465216
3829,84.28177639097166
3830,187.21081306596886
3831,310.3256465298381
3832,-25.97071930393976
3833,68.54244718210424
3834,49.695184255936326
3835,47.34119367410983
3836,-75.09665110420201
3837,58.81877229198628
3838,92.4668884670295
3839,72.01955178529548
3840,-283.73950210027425
3841,95.94401937943441
3842,118.97610475589029
3843,151.54722696109147
3844,-207.28892624338482
3845,106.96002915309282
3846,60.20347882464036
3847,64.18832494199962
3848,-118.31453326952992
3849,18.447205023455915
3850,54.17235468826663
3851,7.400413469830838
3852,-90.29750963736205
3853,49.83364964735901
3854,-0.9077204892390824
3855,-13.508465746907577
3856,-64.37296300337229
3857,-109.76019768915401
3858,42.71016696037352
3859,10.323682816545016
3860,7.969692234718529
3861,-35.74054055479405
3862,13.831569199702924
3863,12.21607824493983
3864,258.953434068419
3865,1.4769992541267722
3866,-180.68736461462407
3867,-68.58859354284058
3868,306.78697836671347
3869,-51.587605993544784
3870,-104.34449867840429
3871,-142.40822172584453
3872,270.9695096712165
3873,-19.60112713400098
3874,-83.97409013737328
3875,-14.57006882676631
3876,-2.677094034621833
3877,-43.15634491460822
3878,-18.262593271296886
3879,21.508913452379126
3880,-218.59725768987195
3881,-226.6438780652935
3882,-39.37150143939131
3883,143.74678189776228
3884,-29.647852858486992
3885,-8.108157626141212
3886,-7.661979671906513
3887,-12.585328058471521
3888,-106.5292157796278
3889,43.41791111668389
3890,84.89722782580934
3891,140.1311855939347
3892,-96.43634369440544
3893,0.20000264214235308
3894,124.930300751561
3895,280.72391372287376
3896,26.863075212409143
3897,45.46418913569836
3898,45.187232043639355
3899,30.847947638982056
3900,81.14313982134544
3901,44.58719780799865
3902,-27.924704601481526
3903,16.708665876467112
3904,0.29232167282868815
3905,-5.8003397142647195
3906,-11.46218772789311
3907,-73.68116279158127
3908,209.19671256176298
3909,-53.341562339730544
3910,-141.28508139526613
3911,-145.91610810900244
3912,240.12158834144805
3913,-120.20695500713838
3914,-21.062761807358072
3915,7.769663283362533
3916,-116.79136134545314
3917,16.78559401717012
3918,60.326553326079704
3919,114.46815254359332
3920,-394.40742027866736
3921,83.58944943385828
3922,24.016786624825265
3923,77.11214734324983
3924,-220.45889764751377
3925,8.985148953840927
3926,56.7417388022188
3927,300.5712161689671
3928,-176.4871512743528
3929,29.40167754639465
3930,109.17555434349663
3931,225.12070614121671
3932,-168.96363699386893
3933,-1.6923927862524621
3934,174.16391616327934
3935,250.47602662874607
3936,-322.5724802455309
3937,55.61859847164039
3938,61.080443843126424
3939,77.9429923102132
3940,-109.94483575052668
3941,34.21736863071728
3942,5.1695236986573505
3943,102.11360890723081
3944,-55.74167297307973
3945,32.49419406449817
3946,15.031637670984338
3947,105.09838919545103
3948,-74.55815411928099
3949,104.74450396268901
3950,67.18849612020317
3951,171.94841728208917
3952,87.6358328019372
3953,8.969731754643947
3954,21.555086122329115
3955,81.80473761691947
3956,394.0381704651357
3957,251.78377871148354
3958,134.79241472388802
3959,110.57562545692042
3960,599.2807923802924
3961,121.19162994629411
3962,-146.34692148246748
3963,0.953919468402713
3964,403.838747186743
3965,-84.95873876731537
3966,-65.00375270976602
3967,-198.82688338448165
3968,28.309318995782903
3969,-71.40412665967143
3970,-67.05003072878048
3971,-20.985833666655065
3972,-55.833992003766085
3973,-4.661808493702976
3974,-0.5846433456573763
3975,5.7080206835783835
3976,-152.00879580530952
3977,62.834400189312205
3978,-73.81965449221761
3979,73.60426096009192
3980,-119.65306713223401
3981,50.710640975058716
3982,-65.11146263043568
3983,10.323656507331371
3984,-34.34046944137028
3985,178.6872592655596
3986,96.71330078646444
3987,35.07896906843367
3988,-520.4454704708235
3989,-198.54995260163625
3990,-200.6731324521401
3991,95.34395883458006
3992,34.10965871004762
3993,44.26409435520329
3994,5.677265212825372
3995,129.54596288452765
3996,340.0196720582751
3997,59.34187838692398
3998,6.308081228432737
3999,56.003239175155414
4000,90.9129347629861
4001,-36.72518918473613
4002,-107.32930527583817
4003,-62.48054126576383
4004,279.80080234365136
4005,-178.41032848271425
4006,-216.24326710804547
4007,-73.98890166360694
4008,-27.06310416376514
4009,-199.28845222869967
4010,73.98890166360694
4011,-40.694670721325714
4012,-62.465150375780496
4013,68.95781704715863
4014,124.60719729876567
4015,14.893172279561664
4016,-695.8094551053841
4017,18.662624864795244
4018,167.65585860191786
4019,56.43402623940678
4020,-404.17721522030797
4021,87.98969172548556
4022,108.39088204648324
4023,189.34941011566968
4024,-311.01799979616516
4025,-24.52447552056599
4026,88.18972067684156
4027,164.87108095584003
4028,-219.5050044883247
4029,44.12562896378061
4030,42.72555785035685
4031,56.2955608479841
4032,-555.0166980250891
4033,-19.262659100435943
4034,114.8989396078447
4035,137.66948509143853
4036,-265.23073351688504
4037,-21.939753135057785
4038,55.464742190234375
4039,157.40910392607586
4040,-152.91654260376222
4041,33.632725285059905
4042,36.35593937120443
4043,42.49474711903419
4044,18.69338033554826
4045,14.58545971674964
4046,5.892632435737408
4047,21.18583630879742
4048,-4.954130166531666
4049,53.11077791762154
4050,-9.73903947088764
4051,68.03470566793622
4052,146.96232029887784
4053,-1.430852893390428
4054,-9.169760705999948
4055,65.72688775605971
4056,42.01781369404648
4057,-91.75914431071914
4058,-139.76190947118937
4059,-170.14831457516703
4060,215.9509454352168
4061,-5.877267854967723
4062,-176.0563379008878
4063,-95.20551975237103
4064,365.08267087297577
4065,-55.66477114159038
4066,-56.0494118451054
4067,-37.26368616965716
4068,-23.41675238918456
4069,60.55733774818872
4070,40.71006161130904
4071,44.31024071593964
4072,-197.8422084453259
4073,85.94344001568473
4074,434.8866974678674
4075,126.4688635656211
4076,14.477776105293621
4077,37.140611668217815
4078,12.939213291233525
4079,109.92944486054334
4080,24.924533423277985
4081,149.60865886274667
4082,137.86951404279455
4083,188.24163436586093
4084,21.032006336605058
4085,13.370000355484898
4086,-17.40101914279415
4087,152.42419197957753
4088,39.95617109426233
4089,5.831095185017732
4090,-61.81896977940346
4091,14.908536860331346
4092,33.44808722368724
4093,35.01740550850034
4094,-83.72791482528095
4095,-72.29648256814085
4096,115.83746818626409
4097,-88.7282176617626
4098,-136.25402308803146
4099,-108.26780754504391
4100,336.6348601765565
4101,-47.848935188277856
4102,-170.07136012525038
4103,-94.2054276140183
4104,129.85367544733967
4105,-46.66423129776612
4106,26.093820114592745
4107,-2.307844221090141
4108,-53.203070639094236
4109,37.30985883960715
4110,64.742212816904
4111,56.64944608074611
4112,-57.9418072735002
4113,19.755009724620635
4114,67.89624027651352
4115,80.31234747280936
4116,-267.29237611666923
4117,77.65064432817084
4118,136.11555769660876
4119,271.1387568426058
4120,-209.84289315814004
4121,-24.939898004047674
4122,31.75566812822113
4123,91.60528802931313
4124,-403.0386839997463
4125,5.323379980063361
4126,82.06627750978149
4127,109.66787865846769
4128,-300.29428538612177
4129,-15.616281016641716
4130,-95.85170034874808
4131,15.877820909503745
4132,-270.3079381848561
4133,-20.647339323876388
4134,-39.72536036293967
4135,106.96002915309282
4136,-186.13384540534042
4137,2.769413065308168
4138,28.17085360436022
4139,83.5433030731219
4140,-72.89651680378154
4141,82.15859654046783
4142,-38.20221474807655
4143,9.892895752293649
4144,-27.047713273781817
4145,13.416146716221244
4146,-46.69501307773279
4147,8.44665196891989
4148,14.862390499595001
4149,-5.338770870046691
4150,16.462490564374768
4151,94.54392195679698
4152,69.03474518786165
4153,-101.31357202944776
4154,-92.11302954348116
4155,-44.83334681087734
4156,141.8081874902038
4157,-71.2810521582321
4158,-189.90327168136037
4159,-352.6203910067299
4160,-100.92890501671909
4161,-209.36595973315232
4162,-233.47503907945028
4163,-276.4775277126525
4164,-54.803170703873995
4165,-77.40446901607851
4166,-25.263001456843025
4167,-70.92716692547009
4168,-61.372765515955116
4169,-7.215801717671814
4170,1.1692866913147526
4171,4.554098573033313
4172,-146.20845609104478
4173,-4.738736634405983
4174,-60.92658756172042
4175,58.81879860119992
4176,-334.4193349861527
4177,-40.77159886202872
4178,-43.556350198892915
4179,200.4577389200144
4180,-187.93394811226258
4181,35.83285958548038
4182,-82.86631438756456
4183,225.55149320546812
4184,-206.22729685431247
4185,-72.91193400297853
4186,-48.956684628872935
4187,66.21921207103077
4188,-22.432051140815176
4189,-0.24614900287869546
4190,-105.26763636684036
4191,-53.079996137654874
4192,197.36524871112454
4193,-31.709521767484787
4194,-232.10572343677953
4195,-176.8256193079178
4196,359.46694291087005
4197,-231.05951124690412
4198,-244.2141180702633
4199,-176.61022577579212
4200,224.566844575526
4201,-184.74913887268636
4202,-40.80235433278173
4203,-34.47890852357931
4204,-94.80548815887268
4205,-46.17190698279508
4206,2.2924533311068096
4207,-39.14071701728229
4208,-170.22521640665641
4209,44.033309933094294
4210,256.7071534072622
4211,458.180349046399
4212,-215.25859216888972
4213,120.19156411715505
4214,174.62548500749736
4215,496.7056409380572
4216,48.3412595032489
4217,591.7265226290556
4218,39.90999842431234
4219,-4.138702398765277
4220,-81.94320300834214
4221,18.47798680342257
4222,-45.55648185717105
4223,32.524975844464834
4224,-369.0982724610881
4225,-15.062393141737356
4226,38.894568014403596
4227,-43.771770040232255
4228,-384.422231804901
4229,-117.37603100032418
4230,-45.03337576223334
4231,-35.786686915530396
4232,-921.3609746200659
4233,-87.48197652053119
4234,-74.61969137000067
4235,-4.692563964455992
4236,-47.72583437762486
4237,9.108223455280271
4238,-11.923756572111138
4239,29.232482993432605
4240,0.8616004377163815
4241,11.016009773658412
4242,-44.23331257523664
4243,-18.416449552702897
4244,-100.19040538965571
4245,13.277681324798559
4246,-6.800405543403779
4247,-23.785975893502602
4248,10.108289284419335
4249,-79.97385313003068
4250,-14.262356263954292
4251,69.2193832492343
4252,-18.72416211551492
4253,-57.649485600671525
4254,-216.7048359522635
4255,-137.37716341860985
4256,84.72798065442
4257,-66.34231288168375
4258,-97.02098704006282
4259,-30.43252515550037
4260,-26.647707989497107
4261,-27.616992038669505
4262,-74.25044155646897
4263,-75.40436366701404
4264,-237.67527872893524
4265,52.04914852854916
4266,75.86593251123207
4267,72.78883319232554
4268,-152.65497640168655
4269,-44.71029861865164
4270,24.55525730053265
4271,-64.71143103693733
4272,-156.9321441918745
4273,11.523724978612787
4274,30.355597014797368
4275,141.65433120879783
4276,-183.90295563416697
4277,-27.447744867280168
4278,-30.771019498279053
4279,29.170919433499286
4280,-15.923993579453736
4281,97.31330871289153
4282,14.262356263954292
4283,38.64839270231125
4284,175.51784091596676
4285,12.33917905559282
4286,-100.11347724895269
4287,108.42166382644992
4288,223.75141680775963
4289,-10.015970253732998
4290,-101.42125564090378
4291,-93.91313225040328
4292,484.62802808454006
4293,-285.3088203850874
4294,-295.2324452989204
4295,-377.66799893144724
4296,-99.79037379615735
4297,-159.93231537007804
4298,16.954841188559456
4299,29.78634455912332
4300,8.415870188953228
4301,-14.923927750314673
4302,6.923480044843124
4303,90.66678576010739
4304,-116.65289595403047
4305,-20.09345144897202
4306,41.46392581914211
4307,56.83405783290513
4308,-287.63200287773356
4309,85.43569850151671
4310,63.957540519890614
4311,143.08518410218826
4312,291.01684106866577
4313,576.2794887838032
4314,51.11064625934342
4315,106.83695465165347
4316,-88.1281834261219
4317,251.3068452864958
4318,73.20422936659357
4319,102.55976055225187
4320,-90.18982602590603
4321,279.785411453668
4322,63.01903825068488
4323,81.29702241196507
4324,-216.3817588086818
4325,41.6023912105648
4326,-28.37088255571623
4327,54.84931706461034
4328,-39.44842958009431
4329,107.63699152943653
4330,19.616518023984312
4331,74.29658791720531
4332,-17.139452940718485
4333,124.26872926520063
4334,28.66320422854491
4335,106.80617287168681
4336,-21.53972154155943
4337,1.5539273948297776
4338,-29.155528543515953
4339,53.341562339730544
4340,598.4346091417731
4341,621.6359416896182
4342,151.5164451811248
4343,-101.34432750020078
4344,108.3754911564999
4345,71.43488213042446
4346,-120.06848961571569
4347,-49.84904053734233
4348,36.17132761904543
4349,-139.43883232760766
4350,-129.71518374670336
4351,-12.185322774186812
4352,255.16861690241575
4353,-88.48204234967025
4354,-62.57283398723653
4355,-53.24924330904422
4356,-89.72825718168801
4357,193.8419714379833
4358,106.03689146465678
4359,18.80106394700427
4360,-105.06760741548436
4361,93.55924701764125
4362,4.169484178731935
4363,-37.98679490673722
4364,-35.03279639848367
4365,-78.55839112662359
4366,-31.447981874622766
4367,-1.9693498783114585
4368,10.9852543029054
4369,26.616926209530448
4370,-21.53969523234578
4371,76.4044294961531
4372,-203.13483295463624
4373,-17.385628252810825
4374,-312.72575716318727
4375,77.61988885741785
4376,-458.4572798292443
4377,-102.20590162870351
4378,-93.4361725162019
4379,51.787608635687135
4380,22.20129302791981
4381,-271.1387568426058
4382,-287.3089257341519
4383,-229.33636298989865
4384,76.18900965481377
4385,-48.541288454604896
4386,39.6484585314503
4387,18.6164785040589
4388,437.0252682083546
4389,-161.59395268557748
4390,-223.93602855991864
4391,-277.6160589332142
4392,-54.06467107681061
4393,-126.62269353781349
4394,-33.52501536439024
4395,-34.14044049001428
4396,-116.4375024219048
4397,-25.586104909638372
4398,21.58586790229577
4399,39.75614214290633
4400,-185.3645639983104
4401,35.26358082059269
4402,-72.26572709738784
4403,40.94081972420442
4404,-533.3385110921071
4405,-28.90935323142361
4406,291.7553406957292
4407,329.8036991623997
4408,-495.8748222803075
4409,55.98787459438573
4410,165.94804861646844
4411,107.17542268521852
4412,-183.39521411999897
4413,50.52600291368604
4414,10.215972895875339
4415,102.19051073872019
4416,-157.77835373960758
4417,50.52600291368604
4418,-18.878018396920925
4419,97.52872855423084
4420,-302.1559516529772
4421,88.74358224253228
4422,45.787266279280054
4423,-24.755259942675
4424,-532.6000377742573
4425,54.51084903104531
4426,36.4636492918741
4427,20.3550176510477
4428,-111.56030039607612
4429,52.34149651059149
4430,-11.64682578926578
4431,21.585867902295774
4432,-25.83228022173072
4433,41.47931670912545
4434,-13.41614671622124
4435,9.077467984527257
4436,276.8929238869205
4437,-14.554677936782982
4438,-186.88773592238715
4439,-51.20296529002975
4440,-21.970508605810807
4441,-58.52645061915759
4442,-116.45289331188812
4443,-32.67880581665719
4444,127.33043769412384
4445,-10.708323520060041
4446,-75.9582515419184
4447,-76.01978879263808
4448,64.35757211338898
4449,-69.32706686069031
4450,-17.077915689998807
4451,-5.646483432858709
4452,-88.00508261546888
4453,59.01880124334228
4454,12.969995071200188
4455,56.295587157197744
4456,-133.34617094051424
4457,82.9586334182509
4458,112.43726541456219
4459,160.47081235499905
4460,-87.49736741051453
4461,138.63876914061095
4462,-6.000368665620716
4463,150.3933048505464
4464,159.56306555654635
4465,153.8396539829846
4466,114.43739707284031
4467,216.5663705608408
4468,7.646588781923183
4469,55.75706386306307
4470,-78.25067856381156
4471,141.9158974108735
4472,185.39534577827706
4473,-12.769966119844188
4474,68.18856194934223
4475,52.079956617729465
4476,159.209206632998
4477,6.031124136373732
4478,14.47774979607998
4479,20.293480400328026
4480,72.69651416163919
4481,49.18744274176831
4482,-12.862285150530528
4483,-39.04839798659596
4484,309.66404873426404
4485,-82.88170527754788
4486,-224.98224074979402
4487,-241.26009325279614
4488,181.76435858446615
4489,-150.56255202193574
4490,-85.48187117146671
4491,-11.092937914361414
4492,1.9539589883281323
4493,143.08518410218824
4494,24.616820860465978
4495,113.37579399298157
4496,-60.572728638172066
4497,25.878426582467057
4498,78.20453220307522
4499,177.24101548218584
4500,-301.6482101388092
4501,59.72654539965265
4502,236.9983163525915
4503,327.98820556549424
4504,-312.01803931609055
4505,-9.569792299498303
4506,43.3717384467339
4507,71.21951490751242
4508,-71.55798294107747
4509,40.802380641995384
4510,139.1157288748123
4511,358.38994894102797
4512,51.75682685572047
4513,177.07176831079653
4514,59.60344458899966
4515,202.95019489326356
4516,-222.67439652870394
4517,20.616583853123373
4518,98.1441536798549
4519,21.98589949579413
4520,-64.3729630033723
4521,75.52743816845339
4522,27.632382928652838
4523,113.23732860155889
4524,-185.0876069062514
4525,-0.8461832385194015
4526,43.4179111166839
4527,13.154606823359213
4528,-12.985359651969874
4529,-67.45003601306519
4530,-22.83208273431353
4531,140.63890079888907
4532,165.3172589100747
4533,62.311294094374496
4534,96.14402202157676
4535,28.678568809314594
4536,-141.8389692701705
4537,-49.03361276957594
4538,-206.19654138355943
4539,-32.032598911066486
4540,19.216486430485958
4541,-68.98859882712527
4542,-50.295218491577025
4543,-9.21590706673629
4544,108.59088468862561
4545,6.43112942065844
4546,-26.401532677404756
4547,-9.077441675313612
4548,4.384877710857616
4549,58.9572639926226
4550,84.14331099954897
4551,172.1637845050012
4552,-134.25391773896698
4553,159.51691919581
4554,187.39545112734154
4555,325.0495716380104
4556,-21.89355415589415
4557,22.601324621418158
4558,47.371975454076505
4559,173.6100545975886
4560,-114.71432785568567
4561,40.04846381573502
4562,85.34340578004404
4563,231.90572079463715
4564,-149.62404975273
4565,6.923480044843124
4566,-53.43385506120324
4567,224.12064031207765
4568,-43.340982975980886
4569,11.339139535667409
4570,-53.15692427835789
4571,31.478737345375777
4572,-6.492692980591755
4573,-25.07836339547035
4574,-126.94579699060883
4575,9.415909708878644
4576,452.749259145666
4577,-62.511296736516854
4578,-51.81836410644015
4579,-112.52958444524853
4580,80.32771205357906
4581,-140.83890344103142
4582,-164.68644289446738
4583,-93.86695958045327
4584,234.98282011354374
4585,-131.4999218728558
4586,-7.585077840417156
4587,22.232048498672828
4588,-34.95586825778068
4589,93.19002351332321
4590,91.91300059212516
4591,61.480475436624786
4592,-332.4038387471049
4593,108.85245089070128
4594,-5.954169686457085
4595,57.43409206854584
4596,-204.15028967375864
4597,75.18897013488836
4598,90.42061044801505
4599,155.37821679704473
4600,-223.33596801506428
4601,16.216315252282428
4602,45.048766652216685
4603,189.39558278561967
4604,38.70992995303092
4605,120.1761732271717
4606,-2.0924243797508115
4607,159.60923822649633
4608,-508.9525009629637
4609,8.939002593104583
4610,91.89763601135546
4611,168.10203655615257
4612,-371.3753085929979
4613,-19.75500972462064
4614,126.20729736354545
4615,35.4174371019987
4616,-139.40805054764098
4617,-68.1269983894089
4618,27.186178665204494
4619,28.401638026469236
4620,-224.41298829412003
4621,-32.70958759662385
4622,-118.45299866095259
4623,61.55740357732778
4624,-5.461845371486039
4625,-58.29569250626222
4626,-35.87900594621672
4627,5.600310762908716
4628,-118.69917397304494
4629,-31.15566020179407
4630,-8.800510892468253
4631,37.29444164041018
4632,123.71486769950994
4633,-8.87743903317125
4634,-138.5926227798746
4635,-209.59674415526132
4636,109.37555698563901
4637,-397.94608844179197
4638,-266.6923418810285
4639,-262.0151424973422
4640,123.49944785817061
4641,-45.98726892142241
4642,53.38768239125326
4643,-108.82166911073462
4644,-404.3772441716641
4645,-17.477920974283514
4646,-16.739421347220123
4647,-67.54235504375153
4648,-321.29550994276013
4649,-32.955762908716196
4650,-32.524975844464834
4651,-30.832556748998726
4652,-40.40234904849703
4653,-36.75597096470279
4654,25.416857738249032
4655,-0.5846433456573763
4656,-2.8463148967975282
4657,19.247268210452617
4658,43.89484454167161
4659,68.38859090069823
4660,-149.51633983206034
4661,-3.50788638315791
4662,18.831845726970933
4663,42.971706853235546
4664,-77.92757511101622
4665,34.694302055704995
4666,-21.047370917374742
4667,11.585288538546108
4668,25.9245729432034
4669,-23.524436000640577
4670,-73.25040203654355
4671,-25.047607924717333
4672,146.63924315529616
4673,0.6923269571133961
4674,-115.5759019841884
4675,23.632145921310247
4676,468.3193938015713
4677,-71.18873312754576
4678,-120.62237749062004
4679,-38.67914817306426
4680,364.8364692516697
4681,-101.20586210877809
4682,-28.509347947138902
4683,81.55856230482713
4684,-34.72508383567165
4685,38.47914553092191
4686,64.40374478333896
4687,74.97355029354902
4688,-258.1995435513723
4689,261.83050443596954
4690,115.51436473346874
4691,209.98138485877638
4692,-217.95107709349492
4693,99.99040274751334
4694,119.60692077149766
4695,410.1468021059621
4696,-216.99715762509217
4697,82.80477713684489
4698,-58.526450619157586
4699,37.92525765601755
4700,-72.06569814603185
4701,155.3628259070614
4702,83.83559843673694
4703,179.99501134829703
4704,-50.03365228950136
4705,9.077467984527258
4706,51.26450254074943
4707,211.4891658928698
4708,-173.7177382090446
4709,53.6338577033456
4710,1.1538958013314264
4711,76.91214470110748
4712,-35.063578178450335
4713,82.69709352538887
4714,-18.75494389548158
4715,20.293480400328026
4716,-119.29920820868564
4717,11.862219321391464
4718,53.09538702763822
4719,49.29515266243797
4720,33.278840052297895
4721,-54.57238628176498
4722,-43.987163572357936
4723,34.786621086391335
4724,55.35705857877835
4725,-8.600508250325895
4726,32.52494953525118
4727,75.7582225905624
4728,37.50986148174951
4729,-60.480409607485726
4730,-31.001803920388063
4731,-63.03440283145456
4732,58.12644533487288
4733,-28.155489023590537
4734,-45.92573167070274
4735,19.339587241138958
4736,195.39589883281306
4737,13.877715560439267
4738,24.13986112626461
4739,-9.846723082343658
4740,-86.31268982921642
4741,-6.292664029235759
4742,-2.4001369425628276
4743,80.49695922496838
4744,-68.48088362217092
4745,86.51269247135879
4746,51.75682685572047
4747,209.65828140598103
4748,-33.24808458154489
4749,72.00416089531215
4750,100.72890237457673
4751,279.246914468747
4752,20.447336681734036
4753,25.647615851144398
4754,72.06572445524547
4755,226.5054126738708
4756,-36.909827246108804
4757,142.74671606862324
4758,149.4855843613073
4759,238.79841905951363
4760,-44.31026702515329
4761,-8.831292672434914
4762,-41.04852964487409
4763,36.925218136092134
4764,19.031874678326936
4765,-9.615938660234647
4766,-80.91238170845007
4767,-160.60927774642175
4768,-4.107920618798609
4769,-40.52542354993637
4770,-26.032256554659426
4771,34.402006692089955
4772,275.7851744463254
4773,-64.12678769127994
4774,-245.87575538576277
4775,-145.90074352823277
4776,169.1943951067643
4777,-18.062590629154535
4778,-27.601601148686175
4779,-28.786278729984257
4780,-77.11214734324983
4781,134.30006409970332
4782,49.34132533238795
4783,241.0600906106538
4784,-173.64081006834164
4785,69.05013607784497
4786,70.75794606329438
4787,-38.98686073587628
4788,-172.2099571749512
4789,7.061945436265809
4790,89.46671728882598
4791,135.5001588801984
4792,-126.57654717707712
4793,106.11381960535977
4794,5.4310899007330224
4795,24.20139837698429
4796,-196.04210573840376
4797,79.1122526923143
4798,126.6380844277968
4799,328.5574580211683
4800,-495.0901762925078
4801,53.956961156140935
4802,126.76115892923616
4803,-23.170577077092215
4804,-138.88494445270328
4805,-23.80139309269958
4806,74.77354765140666
4807,138.94650801263663
4808,-187.07234767454617
4809,2.5386023339855086
4810,38.60222003236126
4811,137.7618041221249
4812,-93.11306906340657
4813,5.523408931419361
4814,-32.24801875240583
4815,68.3270273407649
4816,-37.6329622924025
4817,-13.877715560439269
4818,-8.077402155388198
4819,-64.84989642836001
4820,40.49464176996971
4821,9.769794941640654
4822,-29.87866358980966
4823,48.633581176077584
4824,-9.415936018092275
4825,-58.94187310263927
4826,4.600271242983304
4827,-2.9232430375005336
4828,64.46525572484498
4829,-43.52559472813991
4830,-44.91030126079399
4831,-8.646654611062239
4832,72.4041924888105
4833,2.4001369425628276
4834,100.54426431320407
4835,10.769834461566068
4836,-72.66575869088618
4837,-57.98795363423656
4838,-21.231982669533764
4839,-9.600547770251316
4840,-29.17091943349928
4841,16.493246035127783
4842,63.619072486325585
4843,8.185085766844217
4844,-147.7162371251382
4845,29.140163962746268
4846,13.923861921175614
4847,81.08160257062576
4848,-118.40685230021624
4849,21.18583630879742
4850,-22.955157235752882
4851,63.81907512846793
4852,-184.48759897982433
4853,37.07907441749814
4854,3.50788638315791
4855,262.07670605727554
4856,-28.078534573673892
4857,-24.816823502608326
4858,-124.545660048046
4859,-42.11010641551917
4860,-132.14610246923286
4861,-117.25293018967119
4862,-162.90173107752855
4863,-5.646483432858711
4864,98.7287707162986
4865,-114.02197458935863
4866,-129.40747118389135
4867,-17.416383723563847
4868,410.00833671453944
4869,52.787674464826196
4870,-55.48013308021771
4871,-152.00879580530952
4872,70.45023350048237
4873,-13.15460682335921
4874,110.43716006549771
4875,9.031295314577267
4876,55.14163873743903
4877,21.4012298409231
4878,54.587777171748314
4879,27.80160379082853
4880,-63.188259112860564
4881,26.109211004576075
4882,27.524673007983168
4883,-0.353858923548362
4884,-179.41036800263967
4885,40.27924823784402
4886,32.663414926673866
4887,122.66862920042087
4888,-99.99040274751334
4889,-8.954340864660615
4890,4.446388652363645
4891,59.71115450966932
4892,-29.770953669139985
4893,71.97340542455913
4894,61.72665074871713
4895,261.29203376026214
4896,-146.5161686538568
4897,16.385562423671765
4898,202.41169790834255
4899,533.5539309334464
4900,-60.0957689039707
4901,-22.785936373577186
4902,-12.139150104236823
4903,12.539208006948822
4904,-162.59401851471654
4905,-7.7389078126095185
4906,0.49232431497103946
4907,61.880507030123134
4908,-44.92566584156368
4909,11.231403305784097
4910,-3.154027459609545
4911,-0.5077415141680177
4912,-118.72992944379796
4913,-66.57307099457913
4914,-41.1100932048074
4915,-38.15604207812656
4916,4.061774258062268
4917,-14.370066184623958
4918,-15.200884842373677
4919,0.8308186577497203
4920,0.84620954773305
4921,-49.972141347995326
4922,-41.71010113123446
4923,-1.9539589883281288
4924,189.13401658354397
4925,-5.892658744951049
4926,-54.95702698528001
4927,-59.81883812112534
4928,19.04723925909662
4929,-48.23357589179288
4930,-51.756853164934114
4931,-149.39326533062098
4932,-18.508768583389234
4933,-65.92689039820209
4934,-177.5179462650312
4935,-165.85575589499575
4936,-106.0522823546401
4937,-9.677475910954321
4938,34.5250811935293
4939,6.8157701241734605
4940,5.969586885654058
4941,38.802248983717256
4942,34.54047208351263
4943,-14.139281762514942
4944,-62.44975948579718
4945,38.35607102948256
4946,59.92652173258136
4947,176.19480329231044
4948,-20.585802073156714
4949,11.81607296065512
4950,16.77020312718679
4951,343.01984323647855
4952,27.232351335154483
4953,-13.539247526874234
4954,-8.385088408986569
4955,37.8791112952812
4956,204.22719150524802
4957,-66.06535578962475
4958,-151.7318387132505
4959,-138.5926227798746
4960,216.98176673510886
4961,-71.18873312754577
4962,-156.34750084621712
4963,-310.6333590926501
4964,137.16176988648417
4965,-277.0929528382765
4966,-467.8732158473366
4967,-618.8973367134904
4968,-54.03388929684395
4969,-264.615308391261
4970,-50.233654931643706
4971,-111.23722325249443
4972,12.677647089157855
4973,-64.0960059113133
4974,-52.95689532700189
4975,-125.77651029929407
4976,-377.82182890363964
4977,-41.971641024096485
4978,27.893922821514863
4979,-11.07757333359173
4980,-425.4707614497751
4981,-116.8990712661228
4982,60.741975809561396
4983,114.66818149494932
4984,-211.22759969079414
4985,-31.69415718671511
4986,-21.73972418370178
4987,31.601838156028776
4988,-172.99460316275093
4989,12.062221963533815
4990,-23.724438642782925
4991,76.7736793096848
4992,121.29704700797538
4993,343.0634465201722
4994,453.23992258382555
4995,514.5502949580434
4996,272.1063537057531
4997,322.01637843927915
4998,384.7892413778717
4999,404.683269548451
5000,269.21331308446963
5001,407.6825585264232
5002,259.797679902859
5003,360.3727259960297
5004,307.83122684329584
5005,302.4311952497975
5006,292.50724119026916
5007,312.6010217849365
5008,-24.47832915982964
5009,-3.061708428923211
5010,13.262316744028881
5011,-14.523922466029969
5012,85.43572481073036
5013,88.11276622692492
5014,-95.57474325668908
5015,-21.5243306515761
5016,78.4968538759039
5017,0.0
5018,-119.86848697357334
5019,-4.031018787309257
5020,97.40562774357787
5021,-121.93012957335749
5022,-160.70159677710808
5023,-81.88163944840883
5024,168.10203655615257
5025,-21.601232483065456
5026,12.569963477701833
5027,29.878637280596003
5028,-206.1042223528731
5029,-35.32511807131236
5030,87.12811759698283
5031,28.00160643297088
5032,-357.0821968582905
5033,19.031874678326936
5034,51.41835882215543
5035,6.431155729872086
5036,-137.60794784071885
5037,-81.03545620988942
5038,-41.24855859623007
5039,-190.36484052557842
5040,22.401295670062165
5041,-4.569489463016641
5042,13.523856636890908
5043,179.33343986193668
5044,-17.26252744215783
5045,55.41859582949803
5046,10.877544382235735
5047,161.50163365489115
5048,68.72705893426325
5049,36.8328991054058
5050,2.1693525204538098
5051,22.9397926549832
5052,82.97405061744787
5053,35.50972982347139
5054,-86.2511262692831
5055,64.03446866059363
5056,354.3743473529157
5057,45.98726892142242
5058,-82.3739900725935
5059,-28.417028916452566
5060,445.5026756480275
5061,21.585867902295767
5062,-125.40723417654873
5063,-186.1030636253738
5064,-60.71122033880839
5065,-54.15699010749694
5066,31.95569707957714
5067,20.801195605282395
5068,-6.077296806323723
5069,51.63375235428112
5070,154.05507382432396
5071,77.91221053024654
5072,-98.82108974698497
5073,55.31088590882837
5074,269.8463693406381
5075,29.58631560776732
5076,-165.69134294643413
5077,434.758459597905
5078,341.3855624236718
5079,510.7489018653438
5080,145.74348827876634
5081,254.44235941532963
5082,421.1292104953431
5083,412.12927632448213
5084,134.89758156751492
5085,400.97480115940107
5086,438.62252235960995
5087,404.9131980795423
5088,204.28676504267463
5089,348.61730808586293
5090,292.64515352715586
5091,385.9893098491531
5092,245.35038274105037
5093,346.38730051492075
5094,454.93203884281
5095,530.1517644484513
5096,255.01249407123498
5097,429.545660048046
5098,305.10828928441936
5099,340.7251233555971
5100,88.69519564123487
5101,320.724293773793
5102,318.7241621155149
5103,341.90955071884076
5104,302.72208166785884
5105,295.5683965646564
5106,252.79696888083117
5107,296.41430327590774
5108,404.69719887445336
5109,351.29238750196777
5110,348.0126915586522
5111,555.8241182240114
5112,64.89606909831001
5113,19.370342711891965
5114,-11.031400663641744
5115,6.3695921699387625
5116,49.972115038781695
5117,22.985965324933186
5118,6.8004055434037785
5119,-112.59112169596821
5120,11.292940556503773
5121,32.278800532372486
5122,87.91276358478255
5123,47.218092863456846
5124,-159.56309186576
5125,29.217092103449275
5126,119.11457014731297
5127,161.20931198206245
5128,-132.6692085641705
5129,153.79350762224826
5130,106.1753831652931
5131,379.17577996554064
5132,1.369289333457104
5133,270.5233317169818
5134,216.81254587293316
5135,208.1812558426406
5136,-118.29914237954658
5137,54.141599217513615
5138,-17.308700112107825
5139,143.14674766212156
5140,-5.661874322842035
5141,45.38726099499535
5142,120.56081393068673
5143,279.8161932336347
5144,-16.877913047856453
5145,-5.3387708700466945
5146,-11.323722336470432
5147,161.40934093341846
5148,132.63845309341752
5149,25.262975147629376
5150,-46.77194121843579
5151,115.72978457480805
5152,460.7497068511375
5153,-81.66624591628313
5154,-160.3169823828067
5155,-141.33125406521611
5156,538.9234835834596
5157,-55.15702962742236
5158,-181.27203426949512
5159,-212.22766551993317
5160,26.339969117471444
5161,-285.10879143373137
5162,-68.15778016937557
5163,-20.031914198252352
5164,-20.58580207315671
5165,5.661874322842039
5166,87.00501678632983
5167,97.69797572562018
5168,-98.34413001278358
5169,11.646825789265783
5170,240.19849017293743
5171,143.45443391571993
5172,-312.83346708385693
5173,25.032217034734003
5174,184.16449552702898
5175,141.20817956377678
5176,-65.89613492744907
5177,137.22330713720385
5178,46.3257632642011
5179,74.25046786568262
5180,-80.29695658282603
5181,128.89975597893695
5182,115.1758966999037
5183,176.25634054303012
5184,-133.30002457977793
5185,81.51241594409078
5186,255.29169140385508
5187,460.78048863110416
5188,-75.49668269770036
5189,43.694841899529244
5190,21.785870544438122
5191,78.6353192673266
5192,-94.54392195679698
5193,28.74010606003427
5194,109.20630981424964
5195,42.83324146181287
5196,10.092872085222357
5197,-2.1078152697341404
5198,36.09439947834241
5199,29.77095366913999
5200,3.7233062244972377
5201,-16.98559665931247
5202,-17.80102442707886
5203,48.802802038253276
5204,121.25316719701377
5205,-77.06600098251349
5206,18.770308476251262
5207,-0.276930782845362
5208,357.0667796590936
5209,-31.263343813250092
5210,-18.23183780054388
5211,-25.72457030106105
5212,159.59382102729933
5213,-36.35593937120444
5214,-48.31047772328224
5215,-33.77119067648259
5216,10.431366428001034
5217,-3.815625255183569
5218,-14.293111734707313
5219,55.633989361623726
5220,-69.03477149707525
5221,155.02435787349634
5222,186.98005495307348
5223,73.65043363004192
5224,33.232693691561536
5225,247.58353906199855
5226,278.0006996367293
5227,197.87299022529257
5228,52.695355434139856
5229,114.69893696570234
5230,119.91463333430968
5231,244.8756895566237
5232,99.544198484065
5233,32.03262522028014
5234,39.72536036293967
5235,165.36340527081106
5236,-9.277444317455963
5237,243.73715833606198
5238,131.3460655914498
5239,269.47711952710637
5240,22.80130095434687
5241,-16.616346845780782
5242,6.415764839888755
5243,126.73040345848314
5244,319.603090847294
5245,-17.631777255689528
5246,-76.37364771618644
5247,39.60228586150032
5248,193.8727269087363
5249,-154.0242920443573
5250,-355.98981199846514
5251,-194.51896012354067
5252,251.5376033993912
5253,-89.58979179026532
5254,19.37036902110561
5255,-51.649143244264444
5256,128.40743166396592
5257,-145.7315226660571
5258,-11.292940556503769
5259,0.5384969849210286
5260,-22.355149309325817
5261,14.170037233267962
5262,56.357098098703766
5263,192.21111590245053
5264,-103.91368530493932
5265,191.33415088396447
5266,96.34405097293276
5267,339.204217981295
5268,-266.73848824176486
5269,95.0670280517347
5270,120.02231694576571
5271,342.989061456512
5272,-77.95835689098288
5273,14.108499982548285
5274,33.74043520572957
5275,122.86863184256323
5276,-112.45265630454554
5277,100.92890501671909
5278,188.85708580069863
5279,374.05240262761964
5280,-58.17259169560923
5281,85.35877036081372
5282,137.00791360507816
5283,179.8411813761047
5284,-181.5643559423238
5285,-7.477341610533845
5286,-4.969521056514997
5287,-24.89375164331133
5288,-199.9346328250767
5289,-12.231495444136804
5290,-29.001672262109942
5291,-19.616518023984312
5292,-151.5780087410581
5293,-2.1385970497008007
5294,-19.647299803950975
5295,0.6615714863603817
5296,-45.32569743506203
5297,-19.12419370901327
5298,-71.81954914315313
5299,-14.046989041042254
5300,9.000539843824253
5301,55.572452110904045
5302,-86.35883618995278
5303,-66.95771169809416
5304,-26.232285506015415
5305,6.061879607126748
5306,-58.187982585592565
5307,-65.35761163331439
5308,-12.477644447015493
5309,-73.86580085295395
5310,-207.50431977551057
5311,-95.31320336382704
5312,-41.38699767843911
5313,-28.324736194979877
5314,36.202083089798435
5315,-52.1261029784658
5316,-331.66533912004155
5317,-0.27695709205900165
5318,-15.954775359420394
5319,12.739184339877532
5320,-286.6165724678248
5321,20.278115819558344
5322,84.72798065442001
5323,20.724267464579395
5324,-143.3313594142806
5325,-37.23293069890415
5326,-102.35975791010952
5327,20.185796788872004
5328,-63.49599798488624
5329,14.954709530281336
5330,-66.32689568248679
5331,12.093003743500478
5332,-54.095426547563626
5333,-24.078323875544935
5334,-103.83678347344994
5335,-9.354372458158972
5336,27.524673007983175
5337,-45.187232043639355
5338,-81.25084974201512
5339,24.97067978401433
5340,61.9882169507928
5341,-65.5730314746537
5342,-229.4748020721077
5343,-47.279656423390165
5344,126.13036922284245
5345,-44.602562388768334
5346,-229.7363419649697
5347,-72.6965141616392
5348,400.9001132592592
5349,71.52722747032443
5350,-170.5791016394184
5351,-135.7463078830771
5352,225.35149056332574
5353,-397.0844880040755
5354,-272.80039415810523
5355,-160.1015625414674
5356,-25.555323129671706
5357,14.108499982548281
5358,71.40415296888509
5359,13.20075318409556
5360,-265.61534791118646
5361,-54.618532642501336
5362,48.26433136254589
5363,-6.815796433387108
5364,-578.187301411395
5365,20.785804715299072
5366,42.802485991059854
5367,127.02272513131184
5368,-161.16316562132613
5369,-121.86859232263781
5370,-92.89767553128088
5371,-21.616649682262434
5372,-174.5485305575807
5373,-51.156818929293415
5374,18.8626275069376
5375,36.24825575974842
5376,-305.09458558046106
5377,28.340074466535913
5378,83.60481401462793
5379,137.48487333927955
5380,-126.85350426913615
5381,19.95498605754935
5382,83.29712776102957
5383,45.17186746286967
5384,3.7232799152835945
5385,133.50002722192028
5386,40.648498051375725
5387,120.36081128854437
5388,49.03361276957594
5389,152.39343650882452
5390,52.49532648278386
5391,201.1193104063748
5392,140.94661336170108
5393,230.7517986840921
5394,116.36057428120179
5395,89.18976019676697
5396,318.1722379539036
5397,115.03740499926738
5398,26.570753539580455
5399,97.09791518076582
5400,61.603549938064106
5401,137.97719765425057
5402,-60.26501607536004
5403,8.477433748886554
5404,287.58585651699724
5405,23.878294924188936
5406,19.20109554050263
5407,21.01661544662173
5408,95.80555398801172
5409,145.7776690267934
5410,78.00450325171923
5411,161.36316826346845
5412,-29.078600402812953
5413,34.10968501926126
5414,33.57118803434023
5415,147.79316526584122
5416,-149.62404975272997
5417,142.40822172584453
5418,125.46879773648207
5419,229.61326746353038
5420,-39.894607534329005
5421,-24.47832915982965
5422,52.27993295065817
5423,-49.818258757375666
5424,-135.14627364743637
5425,36.6636782432301
5426,63.849830599220965
5427,-7.923545873982189
5428,-14.12389087253161
5429,200.3038826386084
5430,112.43726541456218
5431,209.21210345174632
5432,34.35583402213997
5433,-56.895595083624805
5434,-131.03835302863777
5435,36.6328701540498
5436,334.95783197107374
5437,33.048055630188884
5438,-76.85058114117415
5439,39.77153303288966
5440,237.70603419968822
5441,-9.123614345263604
5442,-78.54300023664025
5443,-14.000816371092267
5444,289.2474938324967
5445,-18.139518769857542
5446,-226.25923736177847
5447,-80.6354509256047
5448,207.7350778884059
5449,-92.77460102984153
5450,-39.263817827935284
5451,-31.355662843936432
5452,24.955288894031
5453,8.185085766844217
5454,16.724056766450442
5455,264.5537448313277
5456,-109.14477256352997
5457,64.49603750481165
5458,60.03425796246467
5459,48.141230551892896
5460,-312.67961080245095
5461,-18.81648114620125
5462,-27.216960445171146
5463,62.588251186433496
5464,-223.41289615576727
5465,15.908628998684051
5466,51.833754996423465
5467,85.1741586086547
5468,-206.8273310899532
5469,-11.954538352077801
5470,14.816217829645012
5471,176.30248690376646
5472,111.79108481818514
5473,187.24159484593554
5474,33.97119331862494
5475,16.631737735764105
5476,-167.7020049626542
5477,49.07975913031228
5478,27.80160379082853
5479,135.77708966304374
5480,-23.524436000640584
5481,11.077573333591735
5482,27.540037588752856
5483,22.40129567006216
5484,-133.5923462526066
5485,-20.016549617482667
5486,4.21563053946828
5487,3.6463780837942323
5488,-68.95781704715863
5489,-17.4471655035305
5490,-9.815941302376999
5491,22.385904780078832
5492,-18.4933776934059
5493,0.9385285784193886
5494,-0.953893159189068
5495,1.0616030798587346
5496,108.83706000071795
5497,15.493206515202367
5498,-5.292598200096695
5499,-22.555151951468176
5500,24.801458921838645
5501,51.12603714932675
5502,-100.7904396252964
5503,-185.2722712768377
5504,-18.954946537623933
5505,5.6618743228420385
5506,-86.08190540710741
5507,-79.86614320936101
5508,-90.28214505659236
5509,-18.970337427607262
5510,59.89576626182835
5511,24.216789266967616
5512,-142.11590005301588
5513,132.45381503204484
5514,-17.01637843927913
5515,-12.877649731300208
5516,-98.52876807415625
5517,34.50969030354598
5518,-7.954301344735201
5519,93.66695693831093
5520,19.401124491858628
5521,130.82295949651208
5522,-42.07935094476615
5523,82.4355273233132
5524,-215.9663363252001
5525,34.89430469784735
5526,-6.400373949905422
5527,156.47057534765648
5528,-109.99098211126304
5529,1.6154646455494515
5530,-16.354806952918747
5531,25.878400273253412
5532,183.47214226070196
5533,-35.694367884844056
5534,-110.1294475026857
5535,-20.18577047965836
5536,180.1642585196864
5537,-82.60477449470253
5538,-129.57671835528066
5539,-80.32771205357905
5540,255.3224731838217
5541,29.770953669139992
5542,-241.69090662626118
5543,-196.98063431682317
5544,181.08739620812244
5545,-62.74208115862587
5546,-90.49753858871806
5547,-15.585525545888704
5548,43.556376508106574
5549,34.92508647781401
5550,-13.90849734040593
5551,-4.754127524389311
5552,-376.85257116368086
5553,27.663138399405856
5554,62.7574720486092
5555,220.44350675753043
5556,-297.27872331793486
5557,87.40504837982819
5558,165.36340527081106
5559,60.29579785532669
5560,-202.18091348623352
5561,86.45115522063911
5562,49.12590549104863
5563,32.371093253845174
5564,-130.68446779587575
5565,119.96077969504603
5566,43.43327569745357
5567,51.71068049498412
5568,-261.4304991516848
5569,74.1427316357993
5570,53.372317810483565
5571,58.649551429810586
5572,22.139755777200143
5573,118.43760777096927
5574,42.15627908546916
5575,263.83063609424767
5576,-55.09549237670268
5577,91.37452991641777
5578,241.72166209701416
5579,180.04118401824704
5580,-31.69413087750146
5581,62.41897770583052
5582,120.85313560351543
5583,39.66384942143364
5584,-16.26246161301877
5585,93.94388772115629
5586,32.78648942811321
5587,57.587948349951844
5588,31.49412823535911
5589,-1.5077810340934334
5590,10.3390473973147
5591,176.87176566865415
5592,70.00405554624768
5593,8.954367173874264
5594,0.38464070351502144
5595,60.1726970446737
5596,31.463372764606092
5597,-25.9245729432034
5598,11.96990293284748
5599,-4.215630539468279
5600,-23.078258046405878
5601,17.87795256778187
5602,79.29689075368698
5603,57.372554817826156
5604,-53.910814795404605
5605,23.339824248481552
5606,63.01901194147123
5607,80.68159728634106
5608,-10.092898394436006
5609,126.59193806706047
5610,168.82514529323262
5611,211.9353438471045
5612,-41.92549466336014
5613,-2.769386756094523
5614,30.770993189065404
5615,-0.38461439430138
5616,-154.470469998592
5617,4.677199383686309
5618,30.986413030404734
5619,63.095966391387876
5620,-271.8003283289662
5621,165.3172589100747
5622,3.723279915283591
5623,118.79149300373128
5624,-31.494128235359103
5625,3.815598945969927
5626,-56.89559508362481
5627,56.35709809870377
5628,345.15841397696573
5629,21.23198266953377
5630,-61.80357888942012
5631,-21.87818957512446
5632,172.0714917835285
5633,19.678055274704
5634,-273.07732494095063
5635,-228.0593400687006
5636,465.9038659690252
5637,46.356545044167746
5638,-165.39418705077773
5639,-258.8918968176993
5640,197.7499157238532
5641,-8.015838595454873
5642,-85.38955214078037
5643,39.494575940830664
5644,173.88698538043394
5645,42.38706350757817
5646,31.263343813250092
5647,35.8636150562334
5648,-73.54272370937224
5649,26.063038334626082
5650,79.41999156433997
5651,107.46777066726084
5652,-281.0316262856858
5653,-13.800813728949912
5654,34.04812145932795
5655,119.09920556654329
5656,-135.31552081882572
5657,55.772454753046404
5658,10.262145565825346
5659,21.53969523234578
5660,-99.25190312044997
5661,78.77378465874928
5662,125.16108517367003
5663,287.53971015626087
5664,-415.11632316247704
5665,116.46828420187146
5666,87.58968644120085
5667,257.9687591292633
5668,-27.140032304468143
5669,28.109342662854193
5670,8.708191861781927
5671,24.155225707034294
5672,-313.4335013194976
5673,16.385562423671768
5674,56.987914114311145
5675,4.707954854439324
5676,-11.954538352077797
5677,26.139966475329082
5678,-5.092621867167993
5679,14.416238854573947
5680,-9.33898156817564
5681,-17.58563089495318
5682,-71.06565862610641
5683,-49.57210975449698
5684,116.77599676468347
5685,-20.816586495265724
5686,-25.416857738249032
5687,-91.37452991641777
5688,167.59429504198454
5689,-104.52911043056334
5690,-274.73896225645007
5691,-493.674687979887
5692,60.12655068393735
5693,-22.185875828722832
5694,-77.12753823323315
5695,-40.72542619207873
5696,-54.46467636109532
5697,-116.20671799979579
5698,22.862864514280194
5699,-35.24818993060936
5700,-187.61084465946723
5701,32.32494689310883
5702,-9.000539843824257
5703,60.40348146678272
5704,-445.3180638958685
5705,-24.786041722641666
5706,55.264739548092024
5707,229.04401500785633
5708,-149.11630823856197
5709,1.9078126275917864
5710,-88.82053669244893
5711,14.770097778122313
5712,-267.12312894527986
5713,13.354609465501566
5714,-11.400650477173436
5715,127.34582858410718
5716,-313.0950332859326
5717,13.169997713342546
5718,-7.046554546282474
5719,106.72924473098381
5720,-227.29005866167054
5721,4.246412319434942
5722,-46.20266245354809
5723,-24.478355469043294
5724,40.7100353020954
5725,-73.20422936659357
5726,-205.0118638022614
5727,-71.0810232068761
5728,481.2124344228548
5729,-112.82190611807721
5730,-161.79398163693347
5731,-123.53022963813727
5732,160.24002793289006
5733,-90.68217665009072
5734,-197.6883521639199
5735,-328.88056147396367
5736,198.11913922817126
5737,-256.6763716272955
5738,-95.26705700309071
5739,-261.7843843844468
5740,5.477236261469368
5741,-40.417713629266714
5742,-1.476999254126774
5743,42.325526256858495
5744,-248.72209659177398
5745,35.20204356987301
5746,233.73660528152598
5747,465.1191936720118
5748,-390.3917923813415
5749,77.48139715678153
5750,134.22313595900033
5751,132.4384241420615
5752,-208.95053724967065
5753,-57.01866958506415
5754,-65.21917255110534
5755,76.38903860616978
5756,-359.9746581158244
5757,73.77348182226761
5758,80.69696186711074
5759,211.36606508221683
5760,-174.96397935027605
5761,-55.84938289374941
5762,13.73925016901659
5763,20.924296415935395
5764,-244.89108044660705
5765,-16.739421347220123
5766,-20.047305088235678
5767,-15.86245632873406
5768,-207.90432505979524
5769,-67.74238399510753
5770,-85.004937746479
5771,-16.385562423671765
5772,-197.67296127393658
5773,-75.40436366701404
5774,-12.031466492780801
5775,-25.432248628232365
5776,-66.94232080811082
5777,-16.708665876467112
5778,-120.68388843212607
5779,-43.23327305531122
5780,41.26392317699976
5781,-54.633923532484665
5782,-143.2698221635609
5783,-58.03412630418655
5784,138.25415474630958
5785,-81.0816288798394
5786,-226.85927159741917
5787,-273.03117858021426
5788,-123.11480715465557
5789,-20.81658649526573
5790,-98.82111605619859
5791,-82.57399271473585
5792,-71.83491372392281
5793,3.415593661685225
5794,3.5386681631245667
5795,-32.24801875240582
5796,-127.51504944628289
5797,-39.909998424312334
5798,-9.415936018092289
5799,-17.093306579982137
5800,-254.76858530891738
5801,4.261803209418268
5802,-54.818561593857325
5803,4.6464176037196445
5804,-312.9565415852963
5805,-39.756142142906334
5806,-63.66521884706192
5807,-58.66491601058027
5808,-156.00900650343846
5809,-47.04887200128114
5810,-134.7308511639547
5811,70.55794342115203
5812,-204.381047786654
5813,-23.77061131273292
5814,-54.833952483840655
5815,-9.78518583162398
5816,-202.7348013611379
5817,-93.49770976692159
5818,-81.83549308767248
5819,-2.3078442210901393
5820,38.92532348515661
5821,-54.41855630957262
5822,-107.71391967013953
5823,-73.5888700701086
5824,87.42043926981152
5825,-92.12839412425083
5826,-242.87558420755923
5827,-65.35761163331439
5828,228.45937166219895
5829,-71.86569550388948
5830,-233.33654737881398
5831,-187.27235031668855
5832,308.817839186531
5833,-172.5945978784662
5834,-112.29880002313952
5835,-104.99067927478137
5836,-12.508426226982163
5837,-43.21790847454154
5838,-56.75712969220213
5839,13.293072214781892
5840,-527.9843756412906
5841,-7.969692234718536
5842,-37.602180512435844
5843,16.32402517295209
5844,-416.3317562145281
5845,-31.0633148618941
5846,-113.42194035371793
5847,85.65109203364241
5848,-272.8773222988082
5849,-61.157371983829435
5850,30.46330693546703
5851,19.80115608535698
5852,-373.4062220312426
5853,-102.82132675432754
5854,71.92723275460915
5855,41.57163573981178
5856,-13.693103808280242
5857,8.554335580375913
5858,-24.04754209557828
5859,85.14337682868803
5860,-299.67886026049774
5861,-31.017194810371393
5862,-66.00381853890508
5863,2.8924612575338706
5864,-261.8920679959029
5865,38.463754640938575
5866,-38.571464561608245
5867,19.57037166324797
5868,-82.45091821329652
5869,-26.124601894559408
5870,40.35617637854704
5871,12.831529679777512
5872,-33.355768193000905
5873,33.47884269444025
5874,-32.97112748948588
5875,18.70877122553159
5876,18.10873698989088
5877,-17.87795256778186
5878,-91.31296635648444
5879,-59.09570307483164
5880,46.89501571987515
5881,-64.63450289623432
5882,-91.32835724646779
5883,-254.01469479187065
5884,-25.201437896909695
5885,-44.84873770086067
5886,-56.52634527009311
5887,-37.38676067109651
5888,-99.32883126115297
5889,-74.77354765140666
5890,1.8001027069221216
5891,-52.17224933920215
5892,-819.324293853538
5893,-412.53154815854157
5894,11.939147462094475
5895,-12.877676040513851
5896,-388.80710951575867
5897,-42.83324146181286
5898,32.98654468868286
5899,44.35641338588964
5900,-54.04928018682728
5901,-154.11661107504364
5902,-35.95593408691973
5903,-11.27757597573409
5904,-226.56692361537685
5905,-0.9231113792224104
5906,-117.06829212829851
5907,65.40378430326437
5908,-234.9828201135437
5909,-50.44907477298304
5910,-135.77706335383007
5911,-32.44802139454818
5912,-110.6525535976234
5913,-62.17280239373818
5914,-160.30156518360974
5915,-38.986860735876284
5916,-71.81954914315313
5917,-31.555665486078784
5918,-225.22841606188638
5919,-54.80314439466034
5920,44.60258869798197
5921,-88.8359012732186
5922,-245.32186751085843
5923,-55.326276798811705
5924,704.9792158113843
5925,-50.541393803669365
5926,-238.95227534091964
5927,-370.0060192595407
5928,285.5703602779494
5929,-176.70251849726483
5930,-269.76944119993505
5931,-210.56602820443374
5932,-88.22050245680822
5933,-50.54139380366937
5934,3.123245679642885
5935,32.986518379469224
5936,-318.6799794680716
5937,-33.84811881718559
5938,192.1957250124672
5939,8.554361889589558
5940,-466.7346846267748
5941,7.661979671906511
5942,-27.616992038669505
5943,172.8561640805419
5944,-464.24222865352573
5945,-88.0820107561719
5946,-33.83272792720226
5947,-22.601324621418172
5948,-240.7062053778918
5949,-16.27787881221574
5950,-24.339863768406964
5951,83.48176582240225
5952,-334.17315967406034
5953,68.08085202867257
5954,0.5231060949376989
5955,63.49597167567258
5956,-341.4197431716988
5957,66.14228393032776
5958,35.37129074126236
5959,47.20272828268716
5960,-66.24996754178378
5961,45.7564844993134
5962,0.9846749391557346
5963,39.38689232937463
5964,-115.9451517977201
5965,29.847881809842995
5966,-44.433341526592635
5967,-17.33945558286083
5968,26.447705347354756
5969,-4.338705040907627
5970,-26.263067285982086
5971,-25.755325771814064
5972,-60.741975809561396
5973,-67.89624027651354
5974,-31.771059018204465
5975,-0.6769623763437096
5976,87.52812288126752
5977,9.677475910954318
5978,-29.309384824921963
5979,-97.34409049285819
5980,145.50071193473437
5981,-21.016615446621728
5982,-38.125286607373546
5983,-28.21702627431021
5984,0.6461805963770502
5985,-0.9231376884360571
5986,-0.600060544854351
5987,54.15696379828331
5988,-182.8259616643249
5989,93.60541968759127
5990,69.35784864065698
5991,22.18590213793648
5992,36.679042823999794
5993,42.8486323517962
5994,-23.41675238918456
5995,67.11156797950017
5996,-119.48384627005831
5997,27.35542583659383
5998,-11.64682578926578
5999,14.493166995276953
6000,-111.92955020960781
6001,-24.539892719762967
6002,-0.6615714863603799
6003,177.96412421926593
6004,-8.477407439672906
6005,11.323722336470428
6006,-45.648774578643724
6007,113.45272213368459
6008,-55.91092014446908
6009,-20.585802073156714
6010,-22.06282763649713
6011,41.24853228701643
6012,4.554098573033312
6013,3.49249549317458
6014,-53.40307328123658
6015,6.492692980591759
6016,53.141533388374555
6017,-56.48017260014313
6018,-43.740988260265595
6019,53.310780559763884
6020,388.31475889157394
6021,-32.78651573732686
6022,-106.3292394466991
6023,-176.2409496530468
6024,106.14460138532642
6025,-10.58524901862069
6026,-8.385088408986569
6027,-18.262593271296886
6028,15.67781826736139
6029,116.25289066974575
6030,106.66770748026413
6031,229.6594401334804
6032,-155.0397224542661
6033,172.27149442567085
6034,19.83191155611
6035,22.924401764999867
6036,-365.23650084516805
6037,123.4994478581706
6038,43.01787952318553
6039,167.25582700841952
6040,-278.69302659384266
6041,-46.91038030064482
6042,-2.5232377532158274
6043,73.35808564799957
6044,-122.13015852471348
6045,53.52617409188957
6046,105.40607544904938
6047,323.98796855815164
6048,-61.003542011637066
6049,-11.769900290705129
6050,72.43494795956352
6051,69.12706421854796
6052,-224.7053099669487
6053,162.67094665541956
6054,70.12713004768703
6055,420.3473841118541
6056,-252.18381030498188
6057,53.00306799695187
6058,17.554849114986517
6059,57.38794570780949
6060,-49.910577788062014
6061,32.263409642389156
6062,-6.092661387093408
6063,24.12447023628128
6064,-29.386312965624967
6065,29.940174531315684
6066,-6.877307374893137
6067,1.7385654562024442
6068,449.25673734327773
6069,24.786041722641663
6070,4.769492105158999
6071,-23.970640264088914
6072,163.1017337196709
6073,70.7579460632944
6074,-93.6362014675579
6075,26.293822756735093
6076,201.33473024771416
6077,-37.66371776315552
6078,-4.492561322313639
6079,-24.70911358193866
6080,71.2348794882821
6081,-31.55566548607878
6082,-31.217197452513748
6083,68.60395812361027
6084,-31.601811846815124
6085,66.9115653373578
6086,167.73278674262087
6087,85.74341106432874
6088,-137.0694771650115
6089,137.51562881003255
6090,170.11753279520036
6091,191.0572201011191
6092,-96.1132402416101
6093,-6.2618822492690995
6094,-20.06269597821901
6095,1.5693182848131109
6096,-50.54136749445572
6097,4.846446555075644
6098,-81.26624063199843
6099,63.9267850491376
6100,-72.01955178529548
6101,-40.37156726853036
6102,-64.38835389335563
6103,42.956315963252216
6104,-150.3625493797934
6105,-47.78739793755818
6106,-13.693077499066602
6107,28.509321637925254
6108,47.433486395582534
6109,5.861876964984393
6110,-5.708020683578383
6111,36.50979565261045
6112,133.96159606613827
6113,-26.940029662325795
6114,-104.29835231766796
6115,9.954433003013328
6116,272.13882267174483
6117,-18.247202381313556
6118,-147.45467092306254
6119,-177.50255537504788
6120,216.10482802583644
6121,-74.46583508859466
6122,-65.94228128818541
6123,-28.64781333856158
6124,23.86290403420561
6125,-17.631777255689524
6126,120.80698924277907
6127,96.65173722653113
6128,-281.46241334993715
6129,151.82415774393684
6130,156.76292332969882
6131,110.51408820620073
6132,-216.27404888801212
6133,74.29661422641897
6134,230.6748705433891
6135,112.06801560103051
6136,-78.98917819087495
6137,72.23494531742116
6138,32.186481501686146
6139,48.49511578465491
6140,-66.40382382318978
6141,170.48678260873209
6142,16.831740377906456
6143,147.42391545230953
6144,-115.74517546479139
6145,-0.2000026421423513
6146,57.664876490654855
6147,91.02064468365575
6148,-100.72890237457673
6149,21.231982669533764
6150,115.32975298130972
6151,71.37334487970479
6152,-105.40610175826305
6153,-5.400308120766366
6154,-25.155317845387003
6155,-1.2923875019677489
6156,-139.25422057544864
6157,55.63398936162372
6158,38.50992731088857
6159,-16.370171533688435
6160,-6.231126778516085
6161,16.185533472315765
6162,-10.523685458687375
6163,47.20272828268716
6164,-23.18596796707554
6165,0.3230771435817008
6166,44.91027495158034
6167,64.66528467620098
6168,57.00327869508082
6169,0.6769623763437131
6170,-15.047028560967671
6171,35.61743974414105
6172,150.2548394591237
6173,28.340100775749562
6174,-31.109487531844085
6175,-9.53901051953164
6176,42.5716752597372
6177,19.3857336018753
6178,3.754061695250252
6179,-71.97337911534548
6180,-73.65040732082826
6181,-94.9900999110317
6182,54.31082007968931
6183,87.85122633406287
6184,-95.39013150453005
6185,40.217710987124356
6186,24.709113581938663
6187,6.384983059922099
6188,-259.89196264683835
6189,3.1848092395762073
6190,-3.4309582424549063
6191,-14.677778747435976
6192,-102.52900508149887
6193,50.9260345071844
6194,25.678397631111057
6195,-22.370513890095502
6196,-7.4927588097308195
6197,-41.49470759910877
6198,-34.478908523579314
6199,-1.5539537040434261
6200,-75.94286065193508
6201,-40.46385999000305
6202,-20.047331397449327
6203,59.957303512548016
6204,-21.8474077951578
6205,58.526450619157586
6206,-47.27965642339016
6207,0.8616004377163815
6208,152.3165083681215
6209,-12.262250914889812
6210,-83.48176582240222
6211,-33.64808986582959
6212,316.1259599348891
6213,-100.02118452748002
6214,-217.70490178140255
6215,-264.307595828449
6216,216.1817298573258
6217,-39.41764780012765
6218,-121.42241436840312
6219,-96.00555663015408
6220,-9.908260333063332
6221,90.8975701822164
6222,82.54323724398286
6223,17.46255639351383
6224,-32.57112220520116
6225,85.11262135793501
6226,30.986386721191085
6227,30.740264027526038
6228,-378.77574837204236
6229,80.14310030142002
6230,168.25586652834494
6231,180.74890186534378
6232,-91.80531698066915
6233,1.6308818447464297
6234,23.755220422749588
6235,61.126616513076414
6236,-18.01641795920453
6237,18.83187203618458
6238,75.29665374634438
6239,10.031361143716328
6240,-126.94579699060886
6241,110.06788394275239
6242,11.431432257140097
6243,57.5418019892155
6244,-92.71306377912185
6245,0.12310081065299272
6246,-31.355662843936422
6247,68.43473726143456
6248,-83.51252129315525
6249,36.063617698375744
6250,21.75508876447147
6251,32.23262786242249
6252,-54.080061966793934
6253,47.4489035947795
6254,41.61780840976177
6255,15.616281016641715
6256,8.169721186074536
6257,20.539655712420366
6258,14.308528933904284
6259,38.3252892495159
6260,12.077639162730794
6261,5.984951466423743
6262,-17.86256167779853
6263,-5.4156990107496945
6264,-19.30880546117229
6265,30.755628608295723
6266,-14.462358906096647
6267,4.323314150924297
6268,41.55627115904209
6269,7.585051531203511
6270,-28.709350589281254
6271,-11.523751287826432
6272,21.739697874488137
6273,-9.138978926033285
6274,-26.60153531954712
6275,-42.725531541143205
6276,-12.723819759107846
6277,-18.031808849187875
6278,-32.34033778309216
6279,-12.585328058471521
6280,-130.74603135580907
6281,-13.80078741973626
6282,23.293651578531563
6283,50.079824959451344
6284,-28.801669619967594
6285,19.739618834637312
6286,18.831845726970936
6287,64.0190777706103
6288,-11.277575975734088
6289,15.293203873060014
6290,-30.924849470471415
6291,57.68024107142454
6292,-14.062353621811937
6293,17.308700112107818
6294,-14.108499982548285
6295,29.4786319963113
6296,-9.092832565296945
6297,-16.908668518609463
6298,-14.400821655376973
6299,50.29521849157703
6300,46.47961954560711
6301,-15.923993579453732
6302,-9.923651223046665
6303,37.54064326171617
6304,58.57259697989394
6305,-1.6924190954661
6306,-16.385562423671765
6307,19.06263014907995
6308,155.7474666105764
6309,-27.740066540108852
6310,-126.96118788059216
6311,-105.48302989896605
6312,190.1186915226997
6313,-81.42009691340445
6314,-35.57129338340471
6315,-34.83276744712767
6316,99.91347460681035
6317,3.0001711782035363
6318,47.83351798908088
6319,79.95846224004735
6320,-159.07074124157532
6321,6.231153087729732
6322,11.569897648562776
6323,93.00538545195056
6324,-380.5143138282448
6325,13.416173025434885
6326,16.323998863738442
6327,105.29839183759337
6328,-228.82859516651695
6329,72.97347125369821
6330,37.586789622452514
6331,53.864642125454615
6332,-41.41777945840576
6333,28.109316353640548
6334,81.31238699273477
6335,252.87616357130892
6336,-152.20879844745184
6337,62.6805439079062
6338,6.769623763437117
6339,-18.031808849187875
6340,-64.68067556618432
6341,42.079350944766155
6342,6.784988344206802
6343,14.339284404657295
6344,-90.23599869585603
6345,56.14170456657809
6346,2.0616689089977918
6347,53.064605247671544
6348,-30.078666231952013
6349,30.540208766956393
6350,22.185875828722832
6351,47.34119367410984
6352,40.340785488563704
6353,-0.6923532663270429
6354,-27.986215542987555
6355,3.5078863831579064
6356,136.97715813432515
6357,103.82139258346662
6358,-42.402428088347854
6359,-57.04945136503081
6360,24.909116224081032
6361,-65.91149950821874
6362,-117.54525186249987
6363,-82.71248441537219
6364,224.443743764873
6365,-17.924098928518212
6366,-73.08112855594058
6367,-23.63214592131024
6368,76.58904124831211
6369,-24.26293562770396
6370,92.80535650059454
6371,15.231640313126697
6372,-266.8769536331875
6373,29.61709738773397
6374,256.1840473123245
6375,127.0535069112785
6376,-2.338599691843143
6377,105.34456450754337
6378,248.2758923283256
6379,236.18288858482512
6380,184.25681455771533
6381,31.26334381325009
6382,5.800313405051073
6383,87.1896548477025
6384,83.62488543554784
6385,256.6040977083154
6386,185.66211925661167
6387,235.52713004768702
6388,-73.65040732082826
6389,-5.646457123645062
6390,-13.185362294112227
6391,59.69576361968599
6392,175.68679841359742
6393,198.19608053159726
6394,192.4576072137475
6395,183.14996048007455
6396,68.91169699563592
6397,13.508465746907577
6398,-25.432248628232358
6399,10.03133483450268
6400,111.56030039607613
6401,-5.8003397142647195
6402,-55.09551868591633
6403,-24.98607067399766
6404,279.12381365809404
6405,-30.324815234830705
6406,-117.3298583303742
6407,-28.60166697782524
6408,103.82136627425297
6409,-32.724978486607185
6410,-16.231706142265754
6411,-6.32344580920242
6412,54.895489734560336
6413,22.8166918443302
6414,90.9744983229194
6415,91.54375077859345
6416,-329.83445463315275
6417,32.27877422315884
6418,121.45316983915613
6419,76.41982038613644
6420,-138.7003327005443
6421,17.124062050735155
6422,89.51286364956233
6423,97.1440878507158
6424,-320.3877631443075
6425,54.495458141061974
6426,31.063341171107737
6427,22.339758419342488
6428,-46.81808757917213
6429,65.28068349261139
6430,103.32904195928192
6431,145.33149107255872
6432,-218.9203611426673
6433,79.758459597905
6434,122.3301348576422
6435,285.0164724030451
6436,-198.0576019774516
6437,-24.1091056555116
6438,-32.41726592379517
6439,39.63306764146698
6440,-99.09804683904396
6441,-37.64832687317219
6442,63.97293140987394
6443,23.862930343419254
6444,-1.8308581776751343
6445,15.216249423143363
6446,14.662387857452647
6447,1.3692893334571066
6448,34.17119596076729
6449,21.04737091737474
6450,-5.031058307234671
6451,-8.154303986877558
6452,178.93343457765195
6453,6.446546619855418
6454,-24.816823502608326
6455,154.20893010572996
6456,296.4940510209216
6457,4.4002422916273005
6458,-117.89911078604824
6459,-256.0917282816381
6460,59.86501079107533
6461,32.69419670664052
6462,-61.66508718878381
6463,-187.18005759521583
6464,101.09815218810841
6465,55.55706122092071
6466,40.9869923941544
6467,30.155594372655013
6468,-92.0053196228115
6469,74.31197880718865
6470,50.43368388299971
6471,2.5693578047385213
6472,-336.9733545193352
6473,17.954880708484872
6474,49.98750592876502
6475,30.755628608295716
6476,274.1924441157191
6477,315.7033984958289
6478,317.6730249014083
6479,309.11813626649644
6480,3428.528542452112
6481,3599.153790452267
6482,3589.3378491498897
6483,3651.8799276663735
6484,3438.2983373937527
6485,3581.0296888816065
6486,3523.380176971721
6487,3704.4983549598105
6488,358.0892536758768
6489,322.1800716226568
6490,207.48141118422242
6491,388.66110011381755
6492,423.5398268906239
6493,307.08897450646646
6494,336.9220447900758
6495,351.10777574980875
6496,25.35529417831571
6497,-4.323314150924299
6498,-121.83781054267115
6499,-2.3847723617931393
6500,321.81861603769784
6501,35.84822416625006
6502,-132.3307405306055
6503,-125.34569692582907
6504,304.0944934421083
6505,-133.13077740838858
6506,-95.83630945876475
6507,30.771019498279053
6508,55.20320229737235
6509,11.339113226453762
6510,2.7386312853415085
6511,48.20279411182622
6512,-184.30296091845167
6513,74.69661951070367
6514,59.14187574478162
6515,229.6594138242667
6516,-206.1503950228231
6517,75.77361348054573
6518,186.44155796815247
6519,184.64145526123033
6520,-240.26005373287074
6521,5.446454481502707
6522,-6.184980417779741
6523,189.71865992920138
6524,8.32357746748054
6525,57.757195521341195
6526,37.64832687317219
6527,146.97771118886118
6528,-253.61466319837228
6529,-21.55508612232912
6530,-11.754509400721801
6531,-108.31395390578025
6532,-325.4649678122785
6533,-24.447573689076634
6534,-4.261776900204625
6535,2.523211444002177
6536,-394.7459146214461
6537,-38.125286607373546
6538,-95.57476956590271
6539,-55.2493486581087
6540,-284.49336630810734
6541,-83.20480873034323
6542,-16.708665876467112
6543,-14.139281762514944
6544,-77.09675645326651
6545,-82.71248441537219
6546,-152.88576082379555
6547,-109.2370915942163
6548,-14.554704245996625
6549,-50.849080057267756
6550,-308.01780230874795
6551,-193.28808356307897
6552,8.72358275176525
6553,-4.584880352999974
6554,-136.91562088360547
6555,-115.54512020422175
6556,-152.4549737595442
6557,-45.55648185717105
6558,-29.986347201265673
6559,-126.2380791435121
6560,-143.4544602249336
6561,-28.570885197858576
6562,-17.247162861388144
6563,-1.5077810340934334
6564,-230.62403486057121
6565,182.55573482207805
6566,193.97003809798582
6567,343.0851876090485
6568,-316.9875603726055
6569,14.031571841845278
6570,135.28473903885907
6571,406.86967383569953
6572,-233.39811093874727
6573,4.138702398765275
6574,-48.848974708203265
6575,95.52859689595273
6576,3581.1066170223094
6577,3610.923690742972
6578,3541.8120174144074
6579,3723.207126185342
6580,3378.6333555540336
6581,3583.414408624972
6582,3533.703859788266
6583,3671.2195149075123
6584,-163.52335145295015
6585,-69.742489344172
6586,-123.86872398091595
6587,-31.75569443743478
6588,202.9035200740015
6589,224.70362278092364
6590,101.71362821895642
6591,193.38133569922053
6592,-60.60348410892508
6593,-75.61975719913973
6594,-98.05183464916854
6595,-72.40419248881051
6596,-60.84965942101741
6597,-134.43855580033966
6598,-308.756328245025
6599,-415.14707863323014
6600,108.85245089070128
6601,-189.61097631774533
6602,-155.6397829991204
6603,-37.679108653138854
6604,-5.708020683578383
6605,-11.169892364278072
6606,96.59019997581146
6607,66.5576801045958
6608,-151.08565811687345
6609,146.3161397025008
6610,126.76115892923615
6611,-97.02098704006282
6612,-456.9341079051676
6613,-37.50986148174951
6614,49.818258757375666
6615,122.6070919497012
6616,-384.8222633983994
6617,-40.77159886202871
6618,-6.861942794123452
6619,38.602246341574904
6620,-186.7030978610145
6621,46.97194386057815
6622,-38.32531555872954
6623,326.09578382788584
6624,-178.28722767206125
6625,220.0588660540154
6626,508.82942646152435
6627,603.6041328404303
6628,-4.707954854439322
6629,46.21805334353143
6630,-7.123482686985481
6631,60.88044120098407
6632,-121.2685580869971
6633,134.73087747316833
6634,235.01360189351036
6635,153.17808249662426
6636,-87.2358275176525
6637,-4.23102142945161
6638,6.692695622734113
6639,99.52883390329532
6640,55.15702962742236
6641,10.139044755172346
6642,0.2153935321256828
6643,45.756484499313395
6644,77.58910707745119
6645,-44.35641338588964
6646,-66.15767482031109
6647,39.248426937951955
6648,125.06876614298369
6649,-18.385667772736234
6650,-299.7403975112174
6651,-32.41726592379516
6652,-10.415975538017712
6653,-35.648195214894066
6654,-17.80102442707886
6655,36.386721151171095
6656,-5.015693726464988
6657,5.569555292155705
6658,7.692761451873173
6659,-11.554506758579445
6660,-45.35645290581505
6661,17.29328291291084
6662,75.05047843425203
6663,98.75955249626529
6664,41.44853492915879
6665,-59.61883547898299
6666,-7.108118106215798
6667,-4.9233483865650065
6668,-205.07340105298107
6669,41.47931670912545
6670,-44.617979587965316
6671,5.4310635915193775
6672,-29.463241106327978
6673,96.25170563303277
6674,-14.877781389578331
6675,36.90982724610879
6676,-166.56347374209247
6677,0.43078706425136737
6678,-38.37143561025225
6679,111.76030303821848
6680,-11.862219321391466
6681,12.369934526345837
6682,-6.646549261997771
6683,53.40309959045024
6684,56.680201551499124
6685,-7.26194807840816
6686,-30.90945858048808
6687,41.21777681626341
6688,47.7412252676082
6689,-31.417200094656103
6690,-225.28995331260606
6691,-194.64203462498
6692,83.95869924738996
6693,4.738736634405985
6694,-85.5741638929394
6695,-104.49835495981031
6696,427.27086415669726
6697,-21.78587054443813
6698,-68.71164173506628
6699,-21.232008978747412
6700,74.74276587144001
6701,-20.89351463596873
6702,-13.27768132479856
6703,127.17658141271785
6704,-300.8943196217624
6705,54.52623992102863
6706,5.3849172307830315
6707,11.554506758579446
6708,-226.25923736177847
6709,49.58747433526666
6710,157.63988834818485
6711,189.01094208210466
6712,-302.1405607629938
6713,21.478157981626108
6714,21.73969787448814
6715,139.45422321759096
6716,-34.86354922709434
6717,61.80357888942013
6718,78.60453748735993
6719,395.4382415785595
6720,-448.33359965484163
6721,47.14119103196748
6722,77.81986519034656
6723,125.45340684649872
6724,-86.60501150204512
6725,17.616412674919836
6726,-6.661940151981098
6727,34.832793756341324
6728,-140.51579998823607
6729,-39.556139500763976
6730,18.10873698989088
6731,39.74077756213665
6732,-15.585499236675059
6733,11.862219321391466
6734,57.1879167564535
6735,118.57609947160559
6736,-46.92579749984179
6737,-21.862824994354778
6738,11.739118510738468
6739,156.96292597184117
6740,125.02261978224738
6741,23.185967967075545
6742,-97.0517688200295
6743,-3.9386997566229276
6744,47.43351270479617
6745,54.38777452960596
6746,4.261803209418272
6747,16.816349487923127
6748,95.15934708242101
6749,1.5077810340934334
6750,3.41559366168522
6751,12.339179055592822
6752,25.555323129671713
6753,55.55706122092071
6754,114.76050052563565
6755,58.58798786987727
6756,-0.6769623763436812
6757,174.42545605614134
6758,164.96337367731272
6759,265.23073351688504
6760,-152.59343915096687
6761,39.98692656501534
6762,63.37289717423322
6763,256.1224837523912
6764,-74.25044155646897
6765,-0.8000368777830609
6766,-4.461805851560625
6767,149.85480786562536
6768,-97.59026580495052
6769,30.878729418948716
6770,21.27815533948376
6771,155.0705042342327
6772,-42.87941413176286
6773,13.554638416857564
6774,50.34136485231337
6775,206.6735011177608
6776,-152.08569763679884
6777,-23.73985584197991
6778,-16.50866323432476
6779,83.06634333892056
6780,235.1982136456694
6781,3.8155989459699278
6782,-46.86426024912213
6783,93.02075003272023
6784,213.73544655402662
6785,29.80173544910665
6786,-14.031598151058924
6787,9.43132690807562
6788,209.07363806032365
6789,140.2234783154074
6790,-78.69685651804626
6791,-116.34520970043208
6792,211.18145333005776
6793,-52.66459996338684
6794,-226.8592715974192
6795,-394.83820734291874
6796,53.3415360305169
6797,-0.2923216728286864
6798,140.19272284465438
6799,8.67741008181526
6800,-177.94873332928256
6801,-1.338533862704093
6802,37.63293598318886
6803,83.63562210380826
6804,-139.88501028184237
6805,47.9412542189642
6806,64.11139680129662
6807,214.320089899684
6808,-134.17698959826396
6809,11.708363039985455
6810,32.524949535251196
6811,10.754469880796385
6812,-201.99627542486087
6813,51.89531855635679
6814,31.524910015325773
6815,144.97760583979672
6816,-60.14194157392068
6817,64.63450289623432
6818,24.324472878423634
6819,91.65146069926313
6820,-185.25685407764075
6821,2.384772361793143
6822,-15.600916435872035
6823,37.00214627679514
6824,-37.57139873246918
6825,57.80334188207754
6826,1.0000395199254157
6827,41.07931142484073
6828,-13.35463577471521
6829,10.462148207967697
6830,88.6512895210596
6831,-11.646852098479428
6832,-29.386312965624967
6833,14.800853248875324
6834,-7.908154983998859
6835,-16.047068080893084
6836,-48.87975648816993
6837,14.754680578925333
6838,-55.080127795932995
6839,-5.754167044314727
6840,63.003621051487904
6841,54.680096202434655
6842,7.6004424211868375
6843,-30.74023771831239
6844,-3.569449943091227
6845,20.52426482243704
6846,28.847815980703935
6847,2.1078152697341412
6848,94.22081850400164
6849,-24.278326517687294
6850,10.939107942169048
6851,36.032862227622736
6852,-14.462358906096648
6853,27.724675650125523
6854,24.69372269195533
6855,118.09913973740426
6856,-43.87945365168827
6857,132.08456521851318
6858,386.8992968881669
6859,482.9202444083043
6860,4.754127524389313
6861,-2.707849505374849
6862,59.788082650372324
6863,76.55828577755912
6864,-10.015970253732998
6865,36.879045466142145
6866,-43.26402852606424
6867,132.06917432852984
6868,22.678226452907523
6869,133.37695272048092
6870,120.83777102274576
6871,34.217368630717274
6872,-3.661742664563919
6873,26.155357365312415
6874,-25.90918205322007
6875,28.432419806435895
6876,53.833860345487956
6877,-34.55583666428232
6878,-45.094913012953015
6879,-134.99241736603037
6880,259.09189945984167
6881,-9.492837849581647
6882,-36.925218136092134
6883,15.923993579453734
6884,254.19930654402964
6885,-23.462898749920903
6886,-120.97623641416843
6887,-14.570068826766313
6888,433.5173818251967
6889,-60.78812217029774
6890,-181.91821486587216
6891,-213.07387506766625
6892,91.95917326207514
6893,8.154330296091203
6894,65.95767217816874
6895,26.03225655465942
6896,-58.572596979893945
6897,54.387774529605956
6898,39.771533032889664
6899,1.1077757498087273
6900,-406.4081313006952
6901,87.09736212622983
6902,39.402256910144324
6903,153.2088642765909
6904,-156.60904073907915
6905,-4.092556038028931
6906,-61.57279446731111
6907,49.89518689807867
6908,-175.39476641452737
6909,57.78797730130785
6910,152.0087958053095
6911,637.6676451897416
6912,37.24832158888748
6913,94.26699117395164
6914,140.62350990890573
6915,118.14528609814057
6916,-88.43589598893391
6917,220.0281105832624
6918,169.30210502743398
6919,170.62524800015476
6920,-56.741738802218805
6921,4.307949570154615
6922,24.69372269195533
6923,69.61941484273267
6924,-22.52439648071516
6925,47.03350742051147
6926,3.4617400224215635
6927,11.246794195767425
6928,-1.230850251248075
6929,-1.7385391469888
6930,-3.6309871938109035
6931,59.34187838692398
6932,-1.6616373154994406
6933,13.58539388761058
6934,15.66242737737806
6935,69.09630874779495
6936,203.41176373748158
6937,86.89733317487382
6938,8.169694876860884
6939,33.49425989363723
6940,32.10955336098314
6941,-14.508531576046636
6942,-7.631197891939854
6943,-25.801472132550405
6944,-23.016720795686197
6945,7.615833311170171
6946,42.4024543975615
6947,-40.06385470571835
6948,2.707849505374849
6949,46.61808493702978
6950,-0.30771256281201786
6951,87.29736476837216
6952,-103.51368002065459
6953,158.9938131008723
6954,18.585696724092237
6955,22.093583107250147
6956,-75.019722963499
6957,-71.55798294107744
6958,-68.01931477795289
6959,5.323379980063358
6960,25.52454134970505
6961,31.509519125342436
6962,4.36948682087429
6963,162.7940211568589
6964,2.784777646077856
6965,477.2429791954789
6966,464.0114442314167
6967,817.3395793944569
6968,50.23368124085735
6969,13.723885588246906
6970,-10.369829177281364
6971,87.86661722404621
6972,89.20515108675032
6973,-28.309345304996555
6974,-22.001264076563814
6975,12.416107196295826
6976,142.23900086366885
6977,-28.37085624650258
6978,-47.956618799733874
6979,-9.87750486231032
6980,184.93377693405904
6981,12.43149808627916
6982,-100.1596499189027
6983,-109.92944486054336
6984,239.8292666686194
6985,-199.54999212156167
6986,-117.51449639174686
6987,-378.29878863784097
6988,111.8218665981518
6989,-24.816823502608322
6990,-54.3569927496393
6991,94.25160028396832
6992,48.018156050453555
6993,252.55306011851357
6994,89.34364278738664
6995,139.9311566425787
6996,-119.19152459722964
6997,143.60831650633958
6998,18.724162115514915
6999,198.31914187031362
7000,-223.25906618357493
7001,36.386721151171095
7002,92.17454048498718
7003,127.33043769412383
7004,-25.447613209002043
7005,26.87846610239247
7006,79.01995997084161
7007,156.08596095335508
7008,-452.672331004963
7009,16.58556506581412
7010,47.679688016888505
7011,125.05337525300037
7012,-365.63653243866645
7013,-62.357440455110854
7014,2.12320615971747
7015,18.954946537623933
7016,-78.38914395523423
7017,4.984911946498327
7018,7.846617733279183
7019,-3.40020277170189
7020,8.462016549689576
7021,29.26323846418562
7022,25.216855096106677
7023,71.77337647320314
7024,-34.278905881436955
7025,0.04614636073634415
7026,-84.77415332436999
7027,-52.35686109136118
7028,61.542012687344446
7029,-76.60443213829545
7030,-108.65244824855893
7031,-162.2863059519045
7032,68.95784335637228
7033,-27.24774222513781
7034,-110.31405925484472
7035,-136.30019575798147
7036,-85.35877036081371
7037,-71.48105480037445
7038,-80.45081286423203
7039,-135.40783984951202
7040,-88.91285572313527
7041,-52.403033761311164
7042,-118.25299601881024
7043,-9.662111330184636
7044,-156.36289173620045
7045,-22.293612058606143
7046,-43.27941941604757
7047,41.46392581914212
7048,-463.4421917757427
7049,-71.92723275460915
7050,-45.479527407254395
7051,55.83399200376607
7052,-35.525147022668364
7053,-181.24125248952845
7054,-146.77770854671883
7055,-99.34419584192266
7056,-75.25050738560803
7057,9.215933375949938
7058,-61.141981093846105
7059,95.82094487799506
7060,-462.84213123088824
7061,-160.9323811992171
7062,-150.62408927265543
7063,72.05030725604848
7064,-588.7571332308187
7065,-277.1390991990129
7066,-109.452485126342
7067,-137.60797414993252
7068,89.29747011743663
7069,61.98819064157915
7070,22.98593901571954
7071,42.094741834749485
7072,-308.756328245025
7073,-352.9127126795586
7074,-534.2155024198067
7075,-322.18786585122956
7076,-10.046725724486013
7077,-55.43398671948136
7078,-52.156858449218824
7079,-127.25350955342084
7080,266.0923076453878
7081,-485.01266878805507
7082,-459.13424220558807
7083,-499.62888397555776
7084,190.88797292972978
7085,167.34814603910584
7086,281.0777989556358
7087,274.1850743815457
7088,-18.4164495527029
7089,-3.984846117359268
7090,38.15604207812657
7091,87.9281544747659
7092,-754.8897935994462
7093,-98.17490915060789
7094,-125.62265401788807
7095,34.20197774073395
7096,-415.7009401989208
7097,-9.154369816016612
7098,79.57382153653232
7099,133.97698695612164
7100,-34.371224912123296
7101,97.97490650846555
7102,69.06555327704194
7103,28.263172635046555
7104,-165.7480459743261
7105,10.64675996012672
7106,31.232562033283433
7107,-29.155528543515956
7108,-154.56278902927835
7109,-83.58944943385826
7110,-60.757366699544725
7111,-28.15546271437689
7112,-117.09907390826517
7113,-50.049043179484684
7114,-84.09719094802627
7115,16.21634156149607
7116,-117.82218264534522
7117,-25.647642160358046
7118,-35.709758774827385
7119,8.785120002484922
7120,-119.14535192727963
7121,-47.91044612978388
7122,-139.1157288748123
7123,-31.463372764606092
7124,-170.48675629951842
7125,-121.77627329195148
7126,-312.06421198604056
7127,-217.24333293718453
7128,36.58672379331345
7129,-86.63576697279814
7130,-236.79831371044915
7131,-324.40336473241973
7132,155.37821679704473
7133,-84.98952054728204
7134,-112.71419619740755
7135,-150.99333908618712
7136,10.908326162202385
7137,-20.185796788872
7138,-40.23310187710769
7139,-51.95685580707647
7140,-254.21469743401298
7141,-131.11528116934076
7142,-77.28139451463917
7143,34.248124101470296
7144,-273.69275006657466
7145,5.615727962105696
7146,-17.4471655035305
7147,-10.923717052185724
7148,-121.66856337128182
7149,1.1693130005283976
7150,-73.72733546153127
7151,-8.508189219639569
7152,-268.892476181449
7153,15.13932128244036
7154,-81.34316877270143
7155,24.72450447192199
7156,-201.71801780269766
7157,22.357055512393316
7158,-152.2071687716524
7159,32.050501677080604
7160,-166.90196808487116
7161,-76.97368195182715
7162,-248.53745853040127
7163,-20.847368275232384
7164,2.1078152697341395
7165,-101.91357995587482
7166,-180.87200267599675
7167,-135.99248319516943
7168,78.45068120595393
7169,-84.34333995090498
7170,-189.93405346132707
7171,-247.66046720270157
7172,220.33582314607438
7173,-49.32593444240462
7174,-175.5486226959334
7175,-144.08527624054094
7176,111.11412244184143
7177,-166.76347638423485
7178,-287.1396785627625
7179,-188.48780967795327
7180,156.37828262618376
7181,32.371093253845174
7182,104.00600433562562
7183,162.62480029468318
7184,-303.3406029250616
7185,-0.43078706425134783
7186,258.93804317843563
7187,604.3272415775104
7188,24.832214392591652
7189,114.606617935016
7190,268.0770484136826
7191,659.2689039820208
7192,-292.6476966041986
7193,-47.63354165615217
7194,-45.4334073557317
7195,99.2672940104333
7196,-240.67544990713876
7197,22.047436746513803
7198,-97.06715971001283
7199,23.355215138464878
7200,-131.68453362501484
7201,49.74133061667266
7202,150.162546737651
7203,243.22944313110762
7204,-54.98778245603303
7205,-24.970653474800685
7206,41.97166733331013
7207,34.24815041068394
7208,-103.03674659566687
7209,64.23447130273598
7210,-57.78795099209421
7211,164.76337103517037
7212,-113.66811566581026
7213,-9.892869443080004
7214,-45.802657169263384
7215,7.785054173345862
7216,-42.310135366875166
7217,20.616583853123373
7218,-39.92538931429567
7219,36.21747397978176
7220,109.3909478756223
7221,-75.83515073126541
7222,-10.292901036578353
7223,32.80190662731019
7224,55.48013308021771
7225,8.108157626141214
7226,-63.75753787774827
7227,-28.617031558594917
7228,188.73398499004566
7229,-84.34333995090498
7230,-83.12788058964023
7231,-20.38579943101436
7232,114.29893168141763
7233,-12.87764973130021
7234,9.862113972326991
7235,-34.54047208351263
7236,-170.97913323291678
7237,148.6239839235909
7238,45.387234685781706
7239,55.89555556369939
7240,-179.02575360833828
7241,48.910511958922946
7242,-60.24965149459035
7243,5.154159117887669
7244,-3.338665520982218
7245,16.954841188559456
7246,-3.569449943091236
7247,32.155699721719486
7248,-123.79176953099929
7249,-138.17722660560656
7250,-86.06651451712409
7251,69.12706421854796
7252,-78.72763829801293
7253,-12.862285150530525
7254,-21.416647040120083
7255,69.85019926484166
7256,-77.08136556328316
7257,34.971259147764
7258,-90.5898576194044
7259,19.4626617425783
7260,48.63358117607759
7261,-22.10897399723348
7262,-16.00092172015674
7263,-8.138939406107873
7264,109.26787337418295
7265,17.9702715984682
7266,-94.51314017683035
7267,-25.232219676876365
7268,359.12844856809136
7269,-72.01955178529548
7270,-169.47135219882333
7271,-192.36497218385654
7272,324.5110746530894
7273,-313.34120859802493
7274,-134.06930598680793
7275,-391.3918582104805
7276,-9.185151595983278
7277,-84.46644076155796
7278,44.94108304076065
7279,118.36070593947991
7280,-227.4593321422735
7281,78.28143403456458
7282,-20.816586495265724
7283,132.69996403492354
7284,-278.81612740449566
7285,67.46542690304852
7286,73.0195913052209
7287,99.40575940185597
7288,-257.0456477500408
7289,82.03552203902849
7290,-33.44808722368724
7291,70.65023614262473
7292,-139.79269125115601
7293,105.59071351042206
7294,46.17190698279508
7295,270.4310389955091
7296,-144.0544944605743
7297,0.04617266994999625
7298,41.38702398765275
7299,2.892487566747519
7300,-279.16998632804405
7301,30.632527797642727
7302,-43.64866922957926
7303,29.047844932059935
7304,-97.69794941640654
7305,0.2615398928620287
7306,-7.708126032642859
7307,60.834294840247736
7308,-117.52988728173018
7309,-30.217131623374684
7310,-70.45023350048237
7311,19.001092898360273
7312,-5.492627151452698
7313,-14.846999609611668
7314,-37.402177870293485
7315,-12.185296464973169
7316,60.29579785532671
7317,-42.987124052432534
7318,-77.95835689098287
7319,63.12672186214088
7320,69.38863042062363
7321,-11.477578617876441
7322,-75.142823774152
7323,-239.9677057508284
7324,89.74364807167134
7325,-17.570240004969847
7326,-24.478329159829645
7327,-56.403270768653755
7328,31.401809204672773
7329,43.217882165327886
7330,26.07842922460941
7331,42.648603400440194
7332,19.831911556110004
7333,94.03620675184263
7334,63.695974317814944
7335,58.29569250626222
7336,-77.8506469703132
7337,56.01863006513875
7338,53.64927490254257
7339,83.63562210380823
7340,-226.10538108037247
7341,-5.246451839360354
7342,-13.631566557560573
7343,43.83330729095193
7344,-64.619112006251
7345,63.44982531493624
7346,-37.032901747548145
7347,70.06559279696735
7348,-106.2830667767491
7349,49.32593444240463
7350,3.8309898359532575
7351,112.49882897449551
7352,72.58880424096952
7353,-16.493272344341428
7354,-2.0616425997841503
7355,28.38624713648591
7356,26.38614178742143
7357,12.969995071200188
7358,22.447442030798513
7359,-17.26252744215783
7360,67.69623763437117
7361,-23.847539453435928
7362,-45.34108832504536
7363,61.43432907588844
7364,203.82715991174965
7365,-90.35907319729537
7366,-20.139624118922015
7367,-60.972760231670414
7368,410.6545173109165
7369,25.24761056685969
7370,-61.188153763796095
7371,8.123548516124542
7372,278.6160984531396
7373,-24.616794551252326
7374,24.555283609746297
7375,133.97696064690797
7376,-362.2209387769812
7377,-47.91047243899753
7378,51.46450518289178
7379,217.25872382716784
7380,-105.0060701647647
7381,111.43722589463678
7382,235.3520699270754
7383,429.286360395745
7384,-385.14534054198106
7385,26.18613914527908
7386,-4.861811135845329
7387,83.09709880967357
7388,-244.01408911890732
7389,77.81986519034655
7390,-31.57105637606211
7391,212.7815270856239
7392,-131.96149071707381
7393,218.99728928337032
7394,176.8563747786708
7395,482.10479033132424
7396,-149.7932706149057
7397,32.78651573732686
7398,-34.64815569496865
7399,119.20691548721295
7400,-165.67111783362307
7401,10.585222709407049
7402,33.84811881718559
7403,8.338942048250225
7404,-55.69552661234339
7405,60.72661122879171
7406,4.8156647751089885
7407,32.90959023876621
7408,11.33911322645376
7409,13.16999771334254
7410,-32.294191422355816
7411,6.877333684106784
7412,-39.83307028360933
7413,11.00064519288873
7414,-52.479961902014175
7415,33.04805563018889
7416,82.83555891681155
7417,-1.8462753768721107
7418,-112.2218718824365
7419,-31.06334117110774
7420,123.60715777884027
7421,-33.98658420860827
7422,-1.5231456148631146
7423,49.5875006444803
7424,21.693551513751796
7425,30.55562596615337
7426,145.7007408860904
7427,61.64972260801412
7428,-204.93493566155834
7429,140.2388692053907
7430,181.9643612266085
7431,133.9615960661383
7432,-73.6196255408616
7433,79.758459597905
7434,32.98651837946921
7435,106.37538580743545
7436,-10.38522006726469
7437,16.539418705077775
7438,15.81628365878407
7439,-38.72532084301425
7440,11.123719694328074
7441,27.063104163765143
7442,9.815967611590644
7443,85.37416125079706
7444,-10.308291926561687
7445,9.062050785330282
7446,30.417160574730687
7447,83.82023385596727
7448,-12.816112480580532
7449,32.03262522028014
7450,-7.27733896839149
7451,65.68074139532338
7452,17.970271598468194
7453,-20.047331397449327
7454,-21.98589949579413
7455,10.662150850110049
7456,35.97129866768942
7457,-19.908839696813
7458,2.754022175324838
7459,40.3869581585137
7460,225.88998754824675
7461,-119.68382260298702
7462,-71.29641673900178
7463,-199.99617007579639
7464,219.30500184618236
7465,-64.00368688062696
7466,-226.39770275320114
7467,-237.07524449329452
7468,112.94500692873021
7469,25.816863022533735
7470,-28.740132369247917
7471,85.92804912570142
7472,-277.16988097897956
7473,105.74456979182807
7474,69.11167332856463
7475,10.092872085222357
7476,-428.8094006615437
7477,54.14159921751363
7478,40.479277189200026
7479,274.6928158957137
7480,-128.7766814774976
7481,-35.83283327626673
7482,-41.74088291120112
7483,105.34456450754338
7484,-154.701254420701
7485,26.709218931003136
7486,19.57037166324797
7487,235.44438895776176
7488,-128.29972174329623
7489,-96.79022892716748
7490,102.0520453472975
7491,132.37688689134185
7492,-277.23141822969916
7493,93.39002615546556
7494,107.63699152943654
7495,107.34466985660784
7496,-4.738736634405985
7497,29.80173544910665
7498,26.155357365312412
7499,104.1906423969983
7500,-213.68927388407664
7501,53.97235204612428
7502,-14.385457074607288
7503,-18.908773867673943
7504,-10.892935272219065
7505,-0.6769623763437114
7506,-26.139966475329082
7507,-10.046725724486013
7508,-19.816520666126664
7509,17.2471365521745
7510,12.400716306312496
7511,10.462148207967699
7512,62.09590056224882
7513,-14.400821655376973
7514,-8.92361170312125
7515,-33.617334395076576
7516,29.817100029876336
7517,-3.754061695250252
7518,15.831700857981046
7519,-3.0463438481535263
7520,-9.07746798452726
7521,21.55511243154276
7522,4.292558680171286
7523,11.231403305784095
7524,-77.2198572639195
7525,72.91190769376487
7526,79.61999420648232
7527,11.83146385063845
7528,-144.62374691624836
7529,155.6243921091371
7530,197.88838111527588
7531,280.10851490646337
7532,-95.77477220804508
7533,72.92729858374821
7534,22.385904780078832
7535,20.847368275232387
7536,-41.97166733331013
7537,22.355123000112172
7538,10.446757317984364
7539,51.47992238208876
7540,-106.11381960535977
7541,34.340443132156636
7542,61.326619155218765
7543,40.43313082846369
7544,-83.85098932672028
7545,-32.124944250966465
7546,-26.401506368191118
7547,13.677712918296912
7548,138.37722924774894
7549,12.000684712814145
7550,-31.355662843936432
7551,18.447205023455915
7552,65.52688511391737
7553,-96.6055908657948
7554,-25.73993488183073
7555,13.185388603325876
7556,228.55166438367164
7557,-21.9705086058108
7558,-77.49678804676485
7559,-24.893751643311326
7560,477.35066280693496
7561,54.141599217513615
7562,-70.75794606329438
7563,-338.8349681677633
7564,59.04958302330894
7565,54.08006196679395
7566,80.78928089779707
7567,32.54034042523452
7568,-119.3299899886523
7569,60.20347882464036
7570,30.217131623374684
7571,-0.030755470753014436
7572,-261.29203376026214
7573,68.78856987576928
7574,110.65255359762341
7575,279.554627031559
7576,-296.55561458085486
7577,11.246794195767428
7578,10.708323520060038
7579,49.1874427417683
7580,-82.55862813396618
7581,46.833478469155466
7582,32.35572867307548
7583,69.51170492206298
7584,-152.07033305602917
7585,37.279077059640485
7586,33.309621832264554
7587,-11.78529118068846
7588,-302.97137942074363
7589,55.28013043807535
7590,-5.061840087201332
7591,28.20160907511324
7592,-234.32124862718334
7593,26.139966475329082
7594,-0.13846539142267744
7595,37.75603679384186
7596,-71.5887647210441
7597,26.432288148157774
7598,-12.89304062128354
7599,30.4479160454837
7600,-34.617373915002
7601,26.30921364671843
7602,20.06269597821901
7603,10.892935272219066
7604,-14.723925108172324
7605,0.4307870642513656
7606,10.04675203369966
7607,49.1105146010653
7608,139.9773293125287
7609,86.26651715926644
7610,38.3252892495159
7611,-40.51003265995305
7612,-7.800471372542839
7613,-14.816244138858652
7614,3.7694525852335836
7615,2.969389398236876
7616,-27.540063897966505
7617,-21.57047701231244
7618,1.8616662668554405
7619,-28.155462714376895
7620,-10.585222709407045
7621,-16.724056766450442
7622,13.016141431936536
7623,6.861942794123454
7624,-21.262764449500423
7625,17.585630894953177
7626,-19.3857336018753
7627,26.786173380919784
7628,-185.9645982339511
7629,-35.09433364920335
7630,8.55433558037591
7631,-8.862048143187929
7632,-53.38768239125325
7633,29.524778357047648
7634,-62.803644718559184
7635,14.29313804392095
7636,-242.16784005124887
7637,36.87904546614214
7638,59.74190998042232
7639,9.092832565296945
7640,-57.14174408650351
7641,-14.293138043920953
7642,-2.6924849246051643
7643,-44.20255710448362
7644,-57.51102020924884
7645,23.03211168566953
7646,-21.908945045877473
7647,-39.06378887657928
7648,141.51586581737516
7649,-68.21934372930889
7650,-20.878123745985402
7651,-39.094570656545955
7652,360.95933305498016
7653,-20.154988699691692
7654,-190.48794133623142
7655,-199.565383011545
7656,508.5371047886957
7657,-52.926139856248874
7658,-204.62722309874636
7659,-249.12210187605865
7660,61.60357624727776
7661,-19.616518023984312
7662,28.709350589281257
7663,-13.09306957263954
7664,-122.43784477831187
7665,39.97156198424566
7666,-14.539313356013302
7667,68.6039844328239
7668,-240.90623432924775
7669,57.1879167564535
7670,71.49644569035779
7671,184.5337453405607
7672,-148.79320478576662
7673,46.03344159137241
7674,13.30846310476522
7675,23.647510502079925
7676,-57.541801989215514
7677,20.724267464579388
7678,-30.386352485550383
7679,192.96500641949726
7680,-230.89026407551475
7681,188.79552224076528
7682,179.91808320759404
7683,252.21456577573488
7684,-126.1611510028091
7685,7.26194807840816
7686,91.92839148210848
7687,33.171156440841884
7688,-61.58818535729445
7689,44.81798223010766
7690,-2.954024817467193
7691,17.585630894953177
7692,-74.43507961784164
7693,49.941359568028666
7694,-36.10979036832575
7695,27.66313839940585
7696,42.77170421109321
7697,5.831121494231381
7698,-19.662690693934305
7699,-46.87965113910546
7700,-4.92334838656501
7701,88.58972596112626
7702,-37.26368616965716
7703,103.60599905134093
7704,278.2776304195746
7705,-71.49644569035777
7706,-30.27866887409436
7707,2.7232403953581823
7708,276.8313866362009
7709,-60.388090576799385
7710,-113.16037415164224
7711,-8.169694876860884
7712,5.908049634934379
7713,31.94030618959381
7714,10.969863412922068
7715,58.418767007701575
7716,-44.04870082307761
7717,74.74279218065367
7718,106.34463033668243
7719,245.52189646221441
7720,-176.67173671729816
7721,33.43269633370391
7722,69.54248670202965
7723,11.369895006420421
7724,-308.0485840887146
7725,-24.170616597017627
7726,-15.939384469437066
7727,-17.785659846309176
7728,27.924678292267878
7729,64.03449496980727
7730,-121.86859232263781
7731,39.80228850364267
7732,-111.52954492532311
7733,-12.493035336998833
7734,-97.75951297633986
7735,78.2968249245479
7736,-29.617097387733974
7737,7.938910454751872
7738,-49.695184255936326
7739,87.49736741051451
7740,85.62033656288938
7741,35.35587354206538
7742,-109.32941062490264
7743,6.108025967863089
7744,54.94163609529668
7745,7.508123390500504
7746,-80.48156833498506
7747,-67.5115995729985
7748,90.66678576010742
7749,-100.68272970462674
7750,-416.7625695879932
7751,-249.32210451820103
7752,552.3704120796476
7753,-63.89600326917094
7754,-145.37763743329504
7755,-177.73336610637054
7756,155.57821943918708
7757,-6.13880774782975
7758,18.46259591343924
7759,-10.616004489373704
7760,-196.22671749056278
7761,11.154475165081088
7762,10.092898394436002
7763,-3.2002001295595335
7764,-548.416347742255
7765,44.66412594870165
7766,99.86730193686036
7767,192.34958129387323
7768,-438.19458120888294
7769,-38.4791455309219
7770,23.89368581417227
7771,110.83716534978241
7772,-353.2819624930903
7773,19.662664384720653
7774,116.31442792046545
7775,126.05344108213943
7776,-179.9642295683304
7777,170.6406388901381
7778,14.585459716749643
7779,84.851081465073
7780,-181.22586159954514
7781,-75.41975455699736
7782,-42.01781369404648
7783,82.54323724398286
7784,-151.4087615696688
7785,-8.67741008181526
7786,-27.909313711498196
7787,30.35559701479736
7788,-31.95569707957714
7789,0.7538905170467167
7790,-37.6329622924025
7791,1.8001027069221216
7792,-87.15887306773584
7793,1.4462437833737578
7794,6.846525594926476
7795,32.5095849544815
7796,224.56681826631237
7797,29.924809950545995
7798,-77.8198914995602
7799,-54.72624256317099
7800,132.7153549249069
7801,-16.754812237203456
7802,-25.30917412679301
7803,-22.955157235752885
7804,206.38115313571848
7805,-51.41835882215543
7806,-118.62224583234193
7807,-7.938936763965518
7808,63.14211275212421
7809,-36.340548481221106
7810,-59.26495024622097
7811,25.67839763111106
7812,154.05061974839293
7813,312.6450069287302
7814,566.9366325034462
7815,510.8729884958568
7816,-279.5700179215424
7817,62.71132568787285
7818,96.57480908582814
7819,111.3295159739671
7820,-112.49880266528187
7821,24.355254658390297
7822,20.570437492387025
7823,-39.86385206357599
7824,3496.7940325421573
7825,3633.878900597152
7826,3583.876003778404
7827,3639.8484611735926
7828,3466.392289166624
7829,3632.0787715810166
7830,3639.063788876579
7831,3674.8812312628625
7832,3580.9065880709536
7833,3620.478118461701
7834,3571.152184019296
7835,3555.2281904398424
7836,3640.9715751949575
7837,3576.8140320329244
7838,3560.0438552149512
7839,3634.386589492893
7840,116.20671799979577
7841,37.140611668217815
7842,-1.1077494405950787
7843,6.800405543403777
7844,250.38370759805974
7845,-46.571912267079796
7846,-73.78887271225095
7847,-123.89947945166894
7848,182.0412893673115
7849,-286.9088941406535
7850,-192.3341904038899
7851,-114.14504909079797
7852,93.59002879760793
7853,-44.38719516585629
7854,-24.70911358193866
7855,-1.5693182848131073
7856,-177.57950982496456
7857,-6.892698264876465
7858,53.32614514053358
7859,59.60344458899966
7860,-345.1122676162295
7861,23.04747626643921
7862,119.22228006798265
7863,55.48013308021771
7864,-278.6468802331063
7865,2.4770650832658276
7866,-58.52647692837124
7867,-73.08112855594058
7868,68.00052491990914
7869,329.9398980040477
7870,211.9951939117991
7871,391.71330078646446
7872,-456.3186827795435
7873,-24.01676031561161
7874,5.18491458864068
7875,94.28238206393496
7876,183.73202127675256
7877,327.6480240366905
7878,270.398872865999
7879,370.9582515419184
7880,198.96396442636092
7881,316.27843186675176
7882,262.29099176712583
7883,341.97222038784616
7884,226.91942449859545
7885,360.12713004768705
7886,266.99894662156515
7887,239.39706894561095
7888,275.10682772043833
7889,265.6296309788944
7890,266.6140293907821
7891,312.9087343477485
7892,376.7568268557205
7893,344.3384285136396
7894,318.3804798082029
7895,409.724504471922
7896,339.85946073416653
7897,323.02797057431445
7898,232.0839775040937
7899,304.0109074222212
7900,100.12886813893604
7901,-27.37081672657716
7902,5.20030547862401
7903,35.72514966481072
7904,79.43535614510964
7905,7.846617733279184
7906,113.9296555586723
7907,73.80428991144792
7908,-295.9094076752641
7909,240.90623432924778
7910,281.17011798632217
7911,433.07120387096194
7912,-43.40249391748691
7913,41.95627644332681
7914,128.14586546189022
7915,227.33623133162055
7916,21.86282499435478
7917,92.11302954348115
7918,70.12713004768703
7919,148.2393432200759
7920,23.03208537645589
7921,101.1289339680751
7922,52.31071473062484
7923,250.04523956449472
7924,7.308120748358149
7925,13.27768132479856
7926,-34.14044049001428
7927,118.48378044091925
7928,-19.170340069749617
7929,-23.509045110657247
7930,-85.94344001568474
7931,35.678976994860726
7932,102.39051338086253
7933,16.231706142265754
7934,-38.7714672037506
7935,-22.555151951468176
7936,194.672790095733
7937,27.524673007983168
7938,-133.03845837770223
7939,9.585156880267984
7940,94.35928389542434
7941,-116.71443320475015
7942,-218.64343035982196
7943,-107.29852349587152
7944,748.7202303808634
7945,-69.38863042062363
7946,-143.5467529464063
7947,-565.1711336702448
7948,115.60668376415505
7949,-41.69471024125112
7950,-6.861916484909806
7951,-25.26300145684302
7952,-352.8511754288389
7953,23.739829532766258
7954,28.447810696419232
7955,64.40371847412533
7956,-309.5717297035777
7957,72.86576133302853
7958,52.51074368198084
7959,76.8813629211408
7960,-185.30300043837704
7961,16.58559137502776
7962,7.4619770297641566
7963,47.956618799733874
7964,-198.2883863995606
7965,8.077402155388203
7966,10.662150850110049
7967,128.82282783823393
7968,-198.44224268096661
7969,31.740303547451454
7970,0.984674939155731
7971,-8.785120002484923
7972,-189.134016583544
7973,-11.046791553625074
7974,12.123785523467138
7975,42.74094874034019
7976,-149.33170177068766
7977,18.03180884918788
7978,-13.97003459112561
7979,-2.615556783902159
7980,-92.86689375131422
7981,16.724056766450442
7982,-8.046620375421536
7983,-1.2769966119844156
7984,-23.20133254784523
7985,-3.0771256281201875
7986,-40.12539195643802
7987,16.30863428296876
7988,-12.046831073550486
7989,-5.4156990107496945
7990,-52.98767710696855
7991,92.49767024699618
7992,244.6910778044647
7993,9.846723082343658
7994,-52.06453941853249
7995,-13.770031948983252
7996,126.79194070920282
7997,-8.50816291042592
7998,-4.431024071593967
7999,0.030781779966660316
8000,-19.601127134000983
8001,78.01989414170255
8002,91.5129689986268
8003,159.77845908867204
8004,-108.1908794043409
8005,71.11180498684276
8006,17.67794992563951
8007,85.40494303076372
8008,-176.5640794150558
8009,29.032427732862963
8010,-1.5693182848131109
8011,188.9186230514183
8012,-102.46746783077919
8013,5.538799821402691
8014,-34.3250522421733
8015,14.031571841845278
8016,-95.7439904280784
8017,17.90870803853488
8018,-34.601983025018654
8019,29.970956311282347
8020,-281.2931924877615
8021,-26.70924524021678
8022,-28.555494307875236
8023,100.05193999823302
8024,11.569897648562776
8025,32.89419934878287
8026,-27.6169920386695
8027,-28.986307681340257
8028,-4.877202025828662
8029,-4.33870504090763
8030,9.67747591095432
8031,6.615767482031108
8032,67.66542954519088
8033,-63.2805781435469
8034,-36.95597360684515
8035,52.7415017948762
8036,292.3861304021229
8037,-14.293111734707306
8038,-81.38934144265144
8039,-142.85442598929288
8040,508.1370731951973
8041,-131.39223826139977
8042,-198.0576019774516
8043,-407.80820241411897
8044,127.03811602129517
8045,-39.15610790726562
8046,11.523724978612783
8047,67.03463983879715
8048,-60.31116243609638
8049,77.63527974740117
8050,195.8574676770311
8051,188.2416606750746
8052,-372.8061614863883
8053,115.17587039069005
8054,92.25149493490383
8055,177.68719343642056
8056,-578.7873093378221
8057,19.21651273969961
8058,17.324064692877506
8059,152.30111747813817
8060,-114.91433049782803
8061,48.248940472562566
8062,-22.709008232874183
8063,68.43473726143456
8064,-362.08247338555856
8065,-195.88824945699778
8066,66.1576748203111
8067,112.28340913315618
8068,-73.7734818222676
8069,16.0317035001234
8070,13.323853994748553
8071,28.663204228544913
8072,-186.88773592238718
8073,46.387274205707115
8074,69.61941484273265
8075,92.97460367198389
8076,-78.97381361010527
8077,8.47743374888655
8078,10.108289284419335
8079,-4.307923260940967
8080,-165.1941580994217
8081,-43.80252551098527
8082,-7.031163656299146
8083,50.26443671161037
8084,-6.661913842767454
8085,20.124233228938678
8086,-64.08061502132998
8087,-6.800405543403782
8088,39.83307028360933
8089,8.73897364174858
8090,-31.63259362678178
8091,-24.18600748700095
8092,70.77331064406408
8093,-0.9385285784193851
8094,-14.123890872531614
8095,-13.23153496406222
8096,-7.461950720550519
8097,47.58736898620218
8098,69.69634298343564
8099,202.68865500040155
8100,-188.7647667700123
8101,22.86286451428019
8102,52.664573654173196
8103,118.92993208594031
8104,-143.7929282584986
8105,305.8638406782774
8106,231.96725804535686
8107,373.0369459084973
8108,88.9743666646413
8109,93.4823451861519
8110,16.53941870507777
8111,33.87890059715225
8112,-29.26323846418562
8113,1.4769992541267722
8114,-21.23200897874741
8115,22.63208009217118
8116,-137.86951404279455
8117,29.44787652555829
8118,-74.665837730737
8119,112.12957916096383
8120,-5.523382622205716
8121,-154.30122282720265
8122,-74.71201040068699
8123,-46.64884040778279
8124,61.588159048080804
8125,-8.415870188953232
8126,-92.38996032632652
8127,78.72761198879927
8128,172.40998612630716
8129,24.44754737986299
8130,-112.1911164116835
8131,-0.8616004377163815
8132,160.2246633521204
8133,-65.34222074333105
8134,-41.6023912105648
8135,-60.51119138745238
8136,439.4254051509174
8137,-114.20661265073129
8138,-75.46590091773372
8139,-85.69726470359241
8140,154.73200989145406
8141,36.12515494909542
8142,78.11221317238888
8143,23.49365422067391
8144,-121.36087711768343
8145,152.28572658815483
8146,129.592109245264
8147,301.3404975759972
8148,-297.07872067579257
8149,77.34293176535886
8150,73.72733546153127
8151,119.48381996084467
8152,-148.5009094221516
8153,69.97327376628101
8154,20.72429377379304
8155,32.81727120807987
8156,-143.79292825849862
8157,-70.25020454912637
8158,10.539076348670697
8159,135.7463078830771
8160,14.770071468908666
8161,113.05269054018623
8162,31.940332498807454
8163,28.047779102920877
8164,-190.90333751049945
8165,113.31423043304825
8166,19.585736244017653
8167,102.62132411218519
8168,-64.92682456906303
8169,18.8626275069376
8170,44.710272309438
8171,308.46398026298266
8172,-28.417028916452566
8173,-32.386484143828504
8174,-32.217263281652805
8175,30.355623324011013
8176,2.030887129031134
8177,10.40061095724802
8178,6.2772731392524275
8179,68.91167068642227
8180,8.154303986877554
8181,16.370171533688435
8182,44.694907728668305
8183,69.23477413921762
8184,-110.52947909618405
8185,83.05095244893724
8186,12.708428869124512
8187,-46.72579485769945
8188,-5.031084616448316
8189,-5.692629793595054
8190,-12.831503370563865
8191,-34.232733211486966
8192,10.800616241532728
8193,45.55648185717105
8194,36.47901387264378
8195,21.416620730906434
8196,-36.6636782432301
8197,125.11493881293369
8198,-5.323406289277008
8199,39.83307028360933
8200,24.432182799093297
8201,35.47897435271837
8202,58.58801417909091
8203,320.23390686290145
8204,-73.89658263292061
8205,-40.83313611274839
8206,62.29590320439117
8207,-13.093069572639543
8208,-33.78658156646593
8209,122.80709459184355
8210,-126.59193806706047
8211,-95.77474589883143
8212,84.20487455948229
8213,76.14286329407743
8214,75.20433471565804
8215,95.66706228737542
8216,-39.70999578216998
8217,0.24617531209234222
8218,40.540788130706055
8219,31.955697079577135
8220,183.70292668281095
8221,12.816138789794177
8222,-181.59511141307684
8223,1.23082394203443
8224,50.49522113371938
8225,-80.8046717877804
8226,-528.3536254548223
8227,-214.62780246249602
8228,121.82244596190147
8229,-241.02933513990075
8230,-478.36611952605733
8231,-92.57457207848555
8232,144.28525257346965
8233,-3.4309582424549028
8234,-116.56060323255778
8235,-622.9283291915859
8236,118.28375148956326
8237,-61.24971732372941
8238,-119.49921085082799
8239,-28.78627872998426
8240,-108.65242193934527
8241,42.21784264540247
8242,88.2358670375779
8243,99.59037115401499
8244,-183.28753050854294
8245,-22.555151951468172
8246,49.03361276957594
8247,83.8356247459506
8248,-132.53074317274786
8249,37.89450218526453
8250,-5.984977775637386
8251,-13.754641058999919
8252,-117.7144990338892
8253,81.66627222549678
8254,18.924164757657273
8255,126.65347531778013
8256,-65.43456608323103
8257,19.10880281902994
8258,18.293375051263553
8259,10.508294568704041
8260,-135.66937974237408
8261,21.032006336605054
8262,77.83528238954352
8263,5.800339714264718
8264,-64.92682456906303
8265,18.8626275069376
8266,44.710272309438
8267,308.46398026298266
8268,-721.903275219977
8269,-35.30972718132903
8270,-39.294573298688306
8271,80.85081814851675
8272,-11.139110584311409
8273,45.21801382360602
8274,24.801432612624993
8275,1.646246425516111
8276,-51.07986447937676
8277,18.247228690527205
8278,18.401058662719567
8279,28.00160643297088
8280,51.91068313712648
8281,25.03221703473401
8282,23.3859706092179
8283,-6.877307374893137
8284,-16.847131267889793
8285,23.385970609217896
8286,40.80235433278174
8287,17.662559035656184
8288,-14.87778138957833
8289,143.05442863143523
8290,27.401572197330175
8291,54.495458141061974
8292,-8.938976283890936
8293,14.185428123251286
8294,116.43750242190478
8295,23.262896107778545
8296,5.354135450816375
8297,195.42668061277973
8298,252.89155446129226
8299,335.1270791424631
8300,34.10965871004762
8301,214.75087696393535
8302,487.88973915560564
8303,276.4005995719495
8304,-52.12610297846581
8305,-23.07825804640588
8306,-146.79309943670216
8307,-13.708494698263578
8308,10.015970253732995
8309,56.387853569456794
8310,36.72518918473613
8311,89.35900736815631
8312,-46.98733475056147
8313,50.956789977937405
8314,27.709284760142197
8315,33.063446520172214
8316,-67.8808493865302
8317,-6.815770124173464
8318,9.677475910954321
8319,-4.6771993836863075
8320,131.77685265570113
8321,-14.677752438222328
8322,18.66259855558159
8323,-37.95603943598421
8324,-114.40661529287365
8325,22.985939015719538
8326,-53.64924859332893
8327,20.98583366665507
8328,329.157492256809
8329,-26.416897258174444
8330,-27.724675650125523
8331,11.80068207067179
8332,215.38169297954275
8333,-32.14030883173616
8334,-54.44931178032564
8335,-142.39285714507486
8336,-21.0012245566384
8337,-38.52529189165825
8338,86.86655139490715
8339,65.3114915817917
8340,-389.49943647287205
8341,32.15572603093313
8342,71.7579855832198
8343,59.26495024622098
8344,-187.67240821940055
8345,105.28300094761005
8346,25.95535472317006
8347,113.40654946373458
8348,168.86963077715757
8349,393.71368266279694
8350,320.5088739324537
8351,423.48463633193694
8352,184.56256340723428
8353,315.84734196601875
8354,491.3805737719688
8355,276.41460611238944
8356,175.20844116712968
8357,357.08081250874716
8358,306.95451204286417
8359,323.7711906764826
8360,242.15106481172214
8361,298.7386708052669
8362,243.5354948171082
8363,377.5420785164835
8364,344.52593708454697
8365,323.44723133266956
8366,284.75354816063964
8367,365.9266138709341
8368,217.17894977294048
8369,383.5560736716249
8370,389.36860462064294
8371,407.1092768337151
8372,432.4791060109965
8373,435.86419441998305
8374,363.90675924915695
8375,378.44403167743957
8376,228.1156125329357
8377,382.72338919545103
8378,211.94574647787127
8379,147.98760028501732
8380,150.31640301905702
8381,-107.43698888729418
8382,-137.9464158742839
8383,-134.3154812989003
8384,8.41587018895323
8385,27.232351335154483
8386,92.46688846702953
8387,31.632593626781784
8388,-551.9242341254129
8389,10.677541740093375
8390,54.680096202434655
8391,78.00452956093287
8392,-145.1314621212027
8393,98.19030004059124
8394,126.88425973988915
8395,43.494839257386886
8396,-172.94845680201456
8397,123.56098510889025
8398,104.14446972704832
8399,105.49842078894937
8400,-119.39150093015834
8401,71.52722747032445
8402,23.678292282046584
8403,55.41859582949803
8404,-77.1736845939695
8405,39.77153303288966
8406,97.03637793004617
8407,381.5605260181202
8408,130.6229305451561
8409,426.62465725110656
8410,248.937463814686
8411,392.2226768682302
8412,31.463372764606095
8413,-24.26293562770396
8414,2.3385996918431537
8415,155.34746132629172
8416,242.3370872226382
8417,31.063341171107744
8418,-36.555942013346794
8419,49.864431427325655
8420,507.4293553481006
8421,64.696040146954
8422,-7.9081549839988625
8423,38.03296757668721
8424,497.8133903786523
8425,106.03691777387041
8426,-191.07258468188877
8427,-76.66596938901512
8428,193.51889429440163
8429,-58.81877229198628
8430,-166.91733266564086
8431,-132.48459681201152
8432,55.987848285172085
8433,3.200200129559537
8434,40.18695551637134
8435,100.6365833438904
8436,-344.4045234599191
8437,137.65412051066886
8438,116.77597045546982
8439,368.51360280621697
8440,-296.6940799722775
8441,-4.631026713736315
8442,40.556179020689385
8443,4.569489463016641
8444,-108.20627029432424
8445,-13.585420196824227
8446,-9.47747326881196
8447,161.60934357556079
8448,-60.203478824640364
8449,28.632422448578247
8450,-71.98879631454247
8451,7.492732500517175
8452,-192.38036307383985
8453,-28.632422448578254
8454,-22.139755777200136
8455,4.646443912933297
8456,-354.80513441716704
8457,-2.8463148967975274
8458,-103.83678347344993
8459,11.523751287826432
8460,-211.64299586506218
8461,-84.2356300302353
8462,-185.3645639983104
8463,-41.81778474269047
8464,-60.94197845170375
8465,-41.9562764433268
8466,-209.581353265278
8467,-81.26624063199843
8468,13.570002997627249
8469,-29.678634638453655
8470,-161.2862664319791
8471,-50.679832885878405
8472,169.9790674037777
8473,-44.064091713060954
8474,-142.86979057006255
8475,-170.14831457516706
8476,54.34160185965597
8477,-144.11603171129397
8478,-153.0088353252349
8479,-102.11358259801716
8480,-13.13921593337588
8481,-32.094162470999805
8482,-30.58638143690638
8483,-35.60207516337137
8484,-677.7622816754266
8485,-2.9848065974338596
8486,20.831977385249054
8487,73.32730386803291
8488,-203.2886629268286
8489,-28.20163538432688
8490,-0.7384996270633835
8491,-3.4001764624882433
8492,-22.155120357969814
8493,5.4156990107496945
8494,-40.49464176996972
8495,-121.80705507191814
8496,-185.93381645398446
8497,-50.17214399013768
8498,-64.06525044056028
8499,-2.0462780190144656
8500,-174.64084958826703
8501,19.908839696813
8502,-56.126313676594755
8503,45.26416018434236
8504,-99.23648592125298
8505,-32.57112220520118
8506,-95.79016309802839
8507,25.432222319018713
8508,-77.49678804676485
8509,-75.01972296349902
8510,-77.83525608032988
8511,-9.55440140951497
8512,159.76309450790237
8513,-7.123482686985481
8514,-268.2462692758583
8515,-162.82480293682556
8516,212.2738118806695
8517,72.60419513095286
8518,-141.1773977838101
8519,-21.601232483065466
8520,145.85459716749642
8521,-206.7657938392335
8522,-214.70473060319904
8523,-229.7825146349197
8524,396.68445641057724
8525,-135.23859267812273
8526,-137.0694771650115
8527,-244.89108044660705
8528,-264.07681140633997
8529,-67.20388701018649
8530,-27.693920179372512
8531,-21.49354887160944
8532,-385.4838348847598
8533,-4.092556038028938
8534,-10.400610957248027
8535,105.29839183759337
8536,-270.26179182411977
8537,-16.98559665931247
8538,-45.894976199949724
8539,29.170919433499282
8540,-403.3310056725749
8541,-59.41883283684062
8542,-1.6616373154994406
8543,144.05446815136065
8544,-388.02243721874527
8545,-60.772757589528055
8546,131.48453098287249
8547,52.07993030851581
8548,-275.33899649209076
8549,-35.60207516337137
8550,-76.72753294894845
8551,-2.2001343004204754
8552,-40.23307556789403
8553,-10.754469880796385
8554,-67.65006496442119
8555,14.277747153937622
8556,-169.1174669660613
8557,-44.77180956015767
8558,-19.001092898360277
8559,-31.832622578137784
8560,-132.1307115792495
8561,-39.540748610780646
8562,-91.09757282435876
8563,-37.01751085756482
8564,39.67921400220334
8565,-0.5846696548710248
8566,-142.25439175365216
8567,-14.046989041042238
8568,281.5239769098705
8569,-32.540340425234504
8570,-189.1801629442803
8571,-160.91699030923377
8572,-45.2333784043757
8573,-83.89713568745663
8574,-114.59125335424632
8575,-57.55716656998519
8576,-290.9706683987158
8577,-213.92005830618564
8578,53.849277544684924
8579,-16.447125983605083
8580,-236.53674750837345
8581,-0.4769597342013583
8582,80.80467178778039
8583,27.878531931531533
8584,-379.3296099377331
8585,1.153922110545075
8586,-50.079824959451344
8587,-29.64787916770064
8588,-97.00562245929314
8589,0.8462095477330536
8590,-104.45218228986033
8591,-123.76101406024625
8592,-489.5206210003521
8593,-23.33982424848155
8594,-10.508294568704041
8595,19.92423058679633
8596,-214.16623361827797
8597,-74.48122597857798
8598,-132.96153023699924
8599,31.140269311810744
8600,-209.15056620102663
8601,-14.123890872531614
8602,-65.46532155398405
8603,-17.73948717635919
8604,-66.11152845957476
8605,-27.524673007983168
8606,-118.0837488474209
8607,-114.37585982212065
8608,-40.648498051375725
8609,-64.06525044056028
8610,-200.4269834492614
8611,-53.00306799695188
8612,189.16479836351067
8613,90.15904424593938
8614,-192.74961288737157
8615,-81.75856494696949
8616,152.40882739880786
8617,-170.88681420223043
8618,-254.39933549538566
8619,-387.4070384023349
8620,300.84814695181245
8621,-6.754259182667436
8622,-93.66693062909728
8623,-105.26763636684036
8624,33.63269897584625
8625,-26.216894616032093
8626,-51.6952896050008
8627,-22.355123000112172
8628,-434.4097377336661
8629,-47.248874643423505
8630,-63.68060973704526
8631,77.37371354532549
8632,-441.4101196099985
8633,-21.647405153015445
8634,-91.65146069926313
8635,-33.75579978649925
8636,-275.7082463056224
8637,-19.093411929046614
8638,33.309621832264554
8639,50.40290210303305
8640,-225.95152479896643
8641,11.062182443608407
8642,-12.846894260547195
8643,-8.69280097179859
8644,-243.98335995736798
8645,14.816244138858657
8646,20.601192963140047
8647,51.27989343073276
8648,-76.38903860616979
8649,81.11238435059242
8650,50.47983024373606
8651,63.095966391387876
8652,-121.36085080846979
8653,36.78675274466945
8654,7.123482686985483
8655,2.569357804738523
8656,-34.63276480498532
8657,-25.15529153617336
8658,-16.53941870507777
8659,-84.62027073375033
8660,74.28122333643563
8661,-9.185151595983276
8662,-40.54081443991971
8663,119.56074810154767
8664,180.01042854749403
8665,-52.464571012030845
8666,-32.98651837946921
8667,45.15647657288634
8668,344.38915887914936
8669,37.94064854600087
8670,-39.60228586150032
8671,-8.908220813137921
8672,-0.7077178470967276
8673,43.7409882602656
8674,158.37838797524827
8675,-25.663006741127727
8676,-284.7241507302164
8677,17.277918332141162
8678,91.03603557363908
8679,121.09931091560777
8680,-318.4338041559793
8681,63.726756097781596
8682,44.91030126079399
8683,87.35890201909184
8684,114.23739443069798
8685,100.46733617250106
8686,129.69979285672002
8687,64.72682192692065
8688,11.877610211374787
8689,111.1756596925611
8690,43.971772682374606
8691,42.587092458934166
8692,-52.926139856248874
8693,198.31916817952725
8694,9.600547770251314
8695,128.89975597893695
8696,-84.32794906092164
8697,60.726584919578066
8698,5.846512384214709
8699,57.21867222720651
8700,12.52381711696549
8701,-26.63229079030013
8702,19.801129776143338
8703,53.48000142193958
8704,109.34477520567232
8705,20.616583853123373
8706,-34.63276480498532
8707,120.43773942924739
8708,345.6661291819201
8709,15.216275732357012
8710,-45.064131232986355
8711,12.200713664170141
8712,288.17049986265465
8713,-42.187060865435825
8714,-129.592109245264
8715,-75.48129180771704
8716,360.2669797886531
8717,-85.52801753220307
8718,-61.49586632660812
8719,-99.91347460681034
8720,59.188048414731625
8721,3.41559366168522
8722,107.26774171590485
8723,68.7270326250496
8724,20.861348506458683
8725,235.91966150593805
8726,485.9808713241657
8727,609.295378284482
8728,-20.802303427557774
8729,360.06586932423534
8730,299.46296457906
8731,346.0810495160897
8732,98.69751309623354
8733,287.01579907552946
8734,314.09429412927796
8735,325.4801330802177
8736,101.97461505728245
8737,275.10770992066966
8738,316.09439947834244
8739,275.7384996270634
8740,155.50106567644002
8741,266.03054477262407
8742,292.9862418522012
8743,356.6511578627815
8744,236.38266560492343
8745,324.95702698528
8746,223.96686124510927
8747,308.00190926945254
8748,212.99669499570552
8749,242.64457416340616
8750,268.41556735247156
8751,288.9084973404059
8752,242.10522128746746
8753,297.0915684887331
8754,399.3247757149053
8755,336.9853201320445
8756,24.4321827990933
8757,-7.5389051704671655
8758,3.0770993189065408
8759,10.400610957248027
8760,323.08022175969893
8761,46.00265981140574
8762,-33.94043784787193
8763,-23.801393092699577
8764,211.41221144295312
8765,4.954130166531666
8766,5.584919872925387
8767,-15.031637670984336
8768,2.2309160803871393
8769,-61.04968837237341
8770,-24.78604172264166
8771,11.323748645684077
8772,-167.80490178140252
8773,61.515767482031144
8774,89.055805070784
8775,89.71770570283968
8776,-423.77834235430896
8777,-11.123719694328077
8778,21.816626015191137
8779,-45.74111991854372
8780,3106.1098921787734
8781,3703.252113818579
8782,3610.0005793637497
8783,3626.4323144573714
8784,3470.7617496782846
8785,3586.4453615831426
8786,3589.568633571999
8787,3603.7694525852335
8788,-97.33519682443614
8789,162.14161986618853
8790,123.29294799446694
8791,130.0315134506694
8792,65.56444108318847
8793,191.5714329681099
8794,169.8169235673881
8795,167.58661315996426
8796,-32.81729751729351
8797,-29.524804666261296
8798,-47.43351270479617
8799,27.5400638979665
8800,20.95507819590205
8801,-16.84710495867614
8802,-129.5767446644943
8803,21.0781526973414
8804,-156.4552107668868
8805,-172.64074423920258
8806,-174.73316861895336
8807,-20.001158727499334
8808,774.4447743727108
8809,139.26958515621834
8810,-62.97286558073489
8811,43.9410172116216
8812,609.0506136311467
8813,-71.54259205109412
8814,-69.65017031348567
8815,-19.52419899329798
8816,-6.584985702064448
8817,-33.20191191159489
8818,65.18839077113869
8819,15.970139940190078
8820,-333.4808064077333
8821,80.06614585150336
8822,166.56347374209247
8823,157.93221002101356
8824,-185.94920734396777
8825,26.570779848794096
8826,23.18596796707554
8827,108.96016081137095
8828,-84.72798065442001
8829,53.86466843466826
8830,66.71153638600181
8831,166.8096490541848
8832,-67.48081779303186
8833,37.60218051243585
8834,229.1978712892623
8835,77.55832529748454
8836,-104.790676632639
8837,28.263172635046555
8838,21.062735498144427
8839,102.88286400504722
8840,-52.20300480995517
8841,81.31238699273477
8842,55.72630839231005
8843,56.3724889886871
8844,-47.61815076616884
8845,42.17166997545249
8846,24.64760264043263
8847,164.17872768951298
8848,-48.74129109674725
8849,26.186139145279075
8850,3.015562068186865
8851,-0.8615741285027347
8852,-9.939042113029991
8853,35.232799040626034
8854,-2.677067725408186
8855,112.48341177529852
8856,129.9306035880427
8857,66.95771169809414
8858,-12.24686002490649
8859,39.1407170172823
8860,83.72791482528095
8861,33.18652102161156
8862,50.587540164405716
8863,-9.046686204560597
8864,8.969758063857594
8865,14.308528933904283
8866,14.616241496716304
8867,-43.71020648029893
8868,-54.126208327530286
8869,86.92808864562681
8870,59.61883547898298
8871,58.31105708703191
8872,-102.82132675432754
8873,193.14961817165627
8874,400.8693314792925
8875,352.4203883645876
8876,-50.079824959451344
8877,10.800616241532733
8878,87.92815447476589
8879,-43.60252286884292
8880,-156.59364984909584
8881,18.1703005498242
8882,-54.218527358216626
8883,8.246623017563891
8884,-109.19091892426633
8885,78.60453748735992
8886,1.892421737608455
8887,110.11405661270237
8888,-204.85798121164171
8889,-42.864023241779535
8890,-17.339455582860836
8891,130.4075370130304
8892,155.54746396843407
8893,-37.63293598318886
8894,-204.91954477157503
8895,6.431155729872085
8896,48.941293738889605
8897,31.863378048890798
8898,-56.92635055437782
8899,-63.75753787774826
8900,174.74858581815033
8901,-28.986281372126612
8902,-57.03406047504749
8903,-12.50839991776851
8904,276.5698467433388
8905,29.355557494871952
8906,-113.17579135083923
8907,-78.85071279945227
8908,369.37520324393336
8909,-71.29644304821542
8910,-99.25190312044997
8911,-100.28272442034203
8912,107.5446724987502
8913,43.156318605394574
8914,18.862627506937596
8915,25.847644802500398
8916,-106.31384855671578
8917,83.20480873034323
8918,162.60940940469987
8919,131.39221195218613
8920,-86.62040239202844
8921,22.61668920218785
8922,-8.431261078936558
8923,103.35982373924857
8924,-103.48289824068793
8925,13.323827685534907
8926,19.508808103314646
8927,70.72716428332772
8928,-134.14620781829734
8929,44.448732416575965
8930,213.27387770980857
8931,241.1370187513568
8932,74.4966168685613
8933,152.3165083681215
8934,193.05732545018355
8935,136.77712918296916
8936,-14.63163238669963
8937,60.988151121653736
8938,20.00115872749934
8939,135.28473903885907
8940,12.677647089157855
8941,90.78986026154675
8942,25.201464206123344
8943,40.69467072132571
8944,7.969692234718533
8945,28.35546535651925
8946,17.90870803853488
8947,56.23402359726443
8948,42.46399164828118
8949,73.89658263292061
8950,8.415870188953232
8951,51.95682949786283
8952,22.478223810765165
8953,-16.293243392985428
8954,1.4000974226374137
8955,3.1540274596095443
8956,2.415527832546161
8957,-16.04706808089309
8958,-28.09392546365722
8959,-17.693314506409198
8960,82.14323195969814
8961,-89.52825453954566
8962,-8.585117360342572
8963,-258.6611123955903
8964,-20.21655225962502
8965,-37.70986412389186
8966,-17.754878066342513
8967,91.02064468365576
8968,-125.09954792295035
8969,28.478566167172243
8970,36.58672379331345
8971,-3.50788638315791
8972,-6.2157621977464075
8973,8.200476656827547
8974,40.14078284642135
8975,16.724056766450442
8976,-104.52913673977697
8977,44.27948524518662
8978,92.18995768418415
8979,399.37694133518244
8980,-59.38805105687398
8981,300.3404317468581
8982,262.4767113415602
8983,591.0187784727452
8984,42.12552361471614
8985,67.49620868301518
8986,29.540169247030974
8987,-17.154843830701807
8988,-101.49815747239315
8989,38.41760828020223
8990,39.58689497151698
8991,93.51310065690491
8992,17.493311864266843
8993,-5.938805105687396
8994,-84.8972015165957
8995,41.233141397033094
8996,154.28585824643298
8997,-80.32773836279269
8998,-289.9090653188571
8999,-85.95883090566807
9000,242.44477083409421
9001,-14.831608719628345
9002,-229.47480207210768
9003,-152.50112012028055
9004,317.9876262017446
9005,-36.171327619045414
9006,-88.14354800689158
9007,-234.61354399079838
9008,17.98566248845153
9009,99.37497762188931
9010,-6.061905916340391
9011,78.38914395523425
9012,-106.89849190237315
9013,10.862153492252402
9014,113.59118752510724
9015,116.99139029680916
9016,-354.15895382079003
9017,138.16183571562323
9018,15.016246781001009
9019,180.54889922320137
9020,72.28109167815752
9021,98.26722818129424
9022,228.41319899224894
9023,351.0510727219168
9024,-322.1724749612462
9025,10.10826297520569
9026,366.2827130350435
9027,395.0382362942748
9028,-134.94627100529402
9029,0.2000289513560034
9030,45.6333836886604
9031,128.20742902182357
9032,-104.51374584979365
9033,127.42275672481018
9034,8.954367173874264
9035,3.4001764624882425
9036,5.800339714264719
9037,9.708257690920977
9038,14.708534218188992
9039,17.539458225003187
9040,-121.22241172626076
9041,66.98849347806082
9042,10.092898394436002
9043,15.493206515202367
9044,4.923348386565007
9045,13.462293076957586
9046,-1.8154672876918045
9047,59.049583023308934
9048,81.75859125618311
9049,49.34132533238795
9050,33.35579450221455
9051,22.770545483593857
9052,-24.832188083378007
9053,19.985767837516004
9054,-0.30771256281201875
9055,2.6924586153915175
9056,52.54149915273385
9057,12.923822401250199
9058,-7.215801717671816
9059,4.107920618798612
9060,-61.00351570242342
9061,8.92361170312125
9062,-38.75607631376727
9063,12.169931884203484
9064,-15.410057239730975
9065,180.87764444701548
9066,220.4639600547828
9067,275.4668568735311
9068,256.74415545727936
9069,251.68173600632838
9070,149.32371618746785
9071,91.21238521531029
9072,-72.66573238167254
9073,63.972931409873944
9074,50.12599762940134
9075,172.11763814426484
9076,228.37627064980913
9077,400.3557199299193
9078,304.4732641104182
9079,361.30759847059136
9080,-71.60415561102744
9081,-21.23200897874741
9082,2.661703144638503
9083,1.9847407682947917
9084,-14.246965373970962
9085,28.66320422854491
9086,1.8616399576417972
9087,30.709455938345727
9088,-16.339389753721772
9089,-11.708389349199102
9090,-53.41849048043356
9091,-51.57221510356144
9092,136.60788201157982
9093,0.30771256281201786
9094,-40.94084603341807
9095,-115.1297240299537
9096,308.2331958408736
9097,-78.01989414170257
9098,-28.17085360436022
9099,-163.2094436403406
9100,95.8670912387314
9101,-83.91255288665361
9102,-168.02510841544958
9103,-248.84514478399964
9104,41.340851317702764
9105,-20.50887393245371
9106,21.801261434421455
9107,33.2788400522979
9108,-53.61846681336226
9109,-2.6001658939188292
9110,67.74235768589388
9111,62.46515037578052
9112,-17.954880708484872
9113,144.56220966552868
9114,0.8000368777830591
9115,104.22142417696497
9116,-246.1372952786248
9117,30.186376152621676
9118,82.57401902394952
9119,437.1021963490576
9120,-276.04674064840117
9121,-59.78808265037233
9122,-42.26396269692518
9123,13.677712918296919
9124,-182.50285821152957
9125,-2.2924270218931633
9126,17.83180620704552
9127,29.293993934938634
9128,-44.63334416873499
9129,33.371159082984235
9130,53.77234940398192
9131,2.061642599784152
9132,-162.96326832824823
9133,-40.52542354993638
9134,-31.955697079577135
9135,-14.170037233267958
9136,-71.05026773612309
9137,-45.71033813857705
9138,-171.88685372215582
9139,-130.69985868585908
9140,-45.49494460645137
9141,-114.929747697025
9142,-198.0883574482046
9143,-171.08681684437278
9144,139.1926570155153
9145,-137.40794519857653
9146,-274.53895961430766
9147,-117.31446744039086
9148,-103.20596745784256
9149,-336.25021947304145
9150,-299.2480731962463
9151,-434.0097061401677
9152,-178.36415581276427
9153,-196.64213997404448
9154,-182.1797547587342
9155,-250.46063573876276
9156,-771.1830633016452
9157,-90.11289788520303
9158,-20.70887657459606
9159,98.57491443489259
9160,3348.0623650071107
9161,3649.4182534730908
9162,3696.651737226531
9163,3532.4114722862987
9164,3658.8187986012
9165,3697.1133060707493
9166,3543.3351893384843
9167,3496.7171044014544
9168,3187.2376674193492
9169,3591.245661777482
9170,3451.1606225442833
9171,3606.1695895277962
9172,2902.2981231570075
9173,3228.7323750184582
9174,3554.1050238000503
9175,3662.6036157672033
9176,3169.267395820881
9177,3328.3842834231928
9178,3574.6292886224874
9179,3662.049727892299
9180,3460.9150265959406
9181,3453.8838629396414
9182,3407.6812004860935
9183,3588.2608551800477
9184,327.85285250300205
9185,218.15477142831742
9186,131.42640889756495
9187,149.9659329517072
9188,296.70947086226084
9189,-59.63422636896632
9190,-201.79627278271852
9191,-272.3696070938539
9192,195.25745975060406
9193,-151.31644253898247
9194,-298.01722294499825
9195,-431.7634254790109
9196,158.5168796758846
9197,-230.53640515196642
9198,-239.99848753079507
9199,-394.68435106151276
9200,-176.42558771441946
9201,-77.2506127346725
9202,-44.27948524518663
9203,-101.19044490958113
9204,-1054.4763611384712
9205,-104.06756789555897
9206,-42.24859811615549
9207,1.030847609105713
9208,11.291279679692366
9209,251.38208624117374
9210,231.5655655750471
9211,288.2614345437976
9212,100.15826556935929
9213,272.46023893851515
9214,246.96700611409915
9215,354.1424551085313
9216,158.6849927157849
9217,277.0149168752981
9218,199.05655998431524
9219,272.89190820299785
9220,-186.15031780838552
9221,221.67327549571675
9222,309.955288894031
9223,277.1995549366708
9224,80.29584876055063
9225,318.9404115386583
9226,255.7521524257977
9227,302.58535436768517
9228,252.42887779479884
9229,326.9716673333101
9230,347.0959005622488
9231,303.01583859545485
9232,278.59846732259524
9233,350.32365650733135
9234,337.6280245459235
9235,360.64532470535937
9236,462.7594866671262
9237,356.01457451889104
9238,364.73730137963867
9239,400.8000631869967
9240,557.5902956690131
9241,333.8551519514682
9242,127.38195631233137
9243,317.2539194684027
9244,220.84626178990635
9245,83.76084068037552
9246,74.3597161885169
9247,72.3442199494691
9248,248.2668072735002
9249,136.2757198131727
9250,159.72234547287894
9251,222.57390095263713
9252,-10.954472522938735
9253,46.97194386057815
9254,164.486440252325
9255,179.47190525335935
9256,3359.3245237836477
9257,3816.4432960594013
9258,3554.4588827235984
9259,3826.582340814574
9260,3754.655081750751
9261,3753.224255166574
9262,3585.8145718767487
9263,3604.3694868208745
9264,3528.1035490253576
9265,3574.521605011031
9266,3512.4257044487827
9267,3640.8023543327818
9268,3253.426124019627
9269,3498.932603282645
9270,3532.1806878641896
9271,3844.9064713365906
9272,3478.946861754342
9273,3568.9059033581393
9274,3562.397845796778
9275,3635.8790059462167
9276,195.56755210692597
9277,201.32146893318634
9278,202.7525983538448
9279,246.15511858054535
9280,308.5946373504029
9281,285.2246106857043
9282,231.7286390100317
9283,315.5180910860323
9284,146.4854131831038
9285,-145.57764007543742
9286,-128.77668147749762
9287,-22.50900559073183
9288,438.39458385102535
9289,-22.15512035796982
9290,-214.6893397132157
9291,-158.27070436379225
9292,132.02302796779347
9293,-50.802933696531404
9294,-85.54340842218639
9295,-236.93677910187185
9296,22.893619985033205
9297,-15.816283658784071
9298,-36.894436356125475
9299,-57.064842255014135
9300,-316.04905810339983
9301,98.66725977479258
9302,23.509045110657237
9303,115.0989685592007
9304,-237.33678438615658
9305,29.67863463845366
9306,-53.66463948331226
9307,87.58968644120085
9308,-363.7133289210913
9309,110.74487262830972
9310,62.72671657785619
9311,127.5766130062162
9312,-334.68090118822835
9313,-29.30938482492196
9314,17.139452940718485
9315,44.98720309228335
9316,-242.13708458049584
9317,41.9562764433268
9318,-2.6463122546551734
9319,76.01978879263807
9320,-294.5708738125601
9321,68.21934372930889
9322,-44.75641867017434
9323,54.833952483840655
9324,-142.3005381143885
9325,-8.169694876860882
9326,44.23333888445028
9327,74.988967492746
9328,-10.846788911482719
9329,46.387274205707115
9330,44.72566319942132
9331,31.524883706112117
9332,-17.35484647284417
9333,18.44723133266956
9334,11.78529118068846
9335,169.45596130884
9336,214.8124405238687
9337,-19.49344352254497
9338,-183.16442969788994
9339,-46.58732946627677
9340,24.093714765528276
9341,-200.4423480300311
9342,-126.1611510028091
9343,-195.96517759770077
9344,-292.2015186499639
9345,-74.34276058715531
9346,-41.46392581914212
9347,-39.479211360060965
9348,-195.16514071991773
9349,1.8308844868887846
9350,14.093109092564951
9351,31.98647885954379
9352,-147.23930370015051
9353,184.48759897982433
9354,109.09862620279362
9355,19.55498077326464
9356,-194.58047106504668
9357,29.355531185658307
9358,-9.323616987405963
9359,229.84405188563937
9360,-201.76549100275184
9361,6.154198637813078
9362,17.816415317062187
9363,65.29607438259471
9364,-5.431089900733024
9365,81.46624327414078
9366,154.73203620066766
9367,80.8046717877804
9368,-97.03637793004616
9369,74.21968608571596
9370,198.24224003882424
9371,400.4692998857941
9372,-16.047068080893084
9373,18.508768583389234
9374,17.647168145672854
9375,99.46729665257564
9376,198.0729928674349
9377,168.8866825439523
9378,125.54569956797143
9379,218.4280105184826
9380,198.36531454026363
9381,3.5232772731412396
9382,-88.72819135254895
9383,20.508900241667355
9384,441.1024333564001
9385,5.692656102808698
9386,-301.0020295424321
9387,-299.77117929118407
9388,379.76042331119805
9389,-73.40423200873592
9390,-184.57991801051068
9391,-210.21214297167174
9392,-65.44995697321436
9393,-31.601811846815128
9394,-13.954643701142277
9395,25.078389704683993
9396,-198.67302710307564
9397,98.4518662426669
9398,153.9627547936376
9399,154.8397198121237
9400,-515.1836277414798
9401,-11.354504116437091
9402,69.25016502920096
9403,161.54780632484113
9404,-248.9990273746193
9405,30.186349843408024
9406,86.20497990854678
9407,360.2362243179001
9408,-8.785120002484923
9409,27.493917537230157
9410,38.87917712442027
9411,255.73786935808977
9412,-153.62426045085894
9413,-16.87791304785645
9414,106.0830378253931
9415,59.741909980422335
9416,-244.98339947729337
9417,40.017708344982005
9418,74.86586668209301
9419,129.0690031503263
9420,-43.2948103060309
9421,14.108499982548283
9422,26.8169288516728
9423,29.678634638453655
9424,-12.493035336998826
9425,54.43392089034231
9426,22.15512035796982
9427,30.140203482671684
9428,19.72422794465398
9429,-7.38502257984751
9430,-108.08316948367124
9431,-5.092595557954347
9432,33.77119067648259
9433,-8.12354851612455
9434,-15.616281016641716
9435,-7.108118106215798
9436,57.864879132797206
9437,-31.97108796956046
9438,-145.28531840260874
9439,3.9694552273759367
9440,26.970785133078806
9441,10.246754675842013
9442,44.741054089404656
9443,88.2358670375779
9444,-118.2068496580739
9445,82.14323195969814
9446,72.98883583446788
9447,35.58668427338804
9448,-246.7835021842155
9449,61.618940828047464
9450,89.43593550885933
9451,33.648116175043235
9452,-531.6307537250849
9453,-30.894093999718407
9454,-21.401229840923108
9455,106.79078198170347
9456,-87.5281491904812
9457,100.4211898117647
9458,56.40327076865377
9459,38.5253182008719
9460,-12.200713664170145
9461,49.47976441459699
9462,-0.3384943427786773
9463,142.08514458226284
9464,-82.72784899614189
9465,-20.539629403206725
9466,35.07894275922002
9467,43.24866394529455
9468,111.36029775393378
9469,19.631908913967646
9470,-26.047673753856404
9471,107.46777066726082
9472,105.85227971249775
9473,66.03460031887174
9474,-78.01989414170255
9475,-48.018156050453555
9476,-1.4616346733570893
9477,-38.55607367162491
9478,-127.29968222337085
9479,-9.308226097422622
9480,357.92838009681
9481,-75.65053897910639
9482,-112.63726805670456
9483,-222.79749733935694
9484,405.1311083794971
9485,-88.49743323965357
9486,-108.85245089070128
9487,-83.85098932672028
9488,351.91264685041955
9489,97.06713340079918
9490,271.3695412647148
9491,107.12927632448216
9492,-257.03025686005753
9493,79.08149722156129
9494,236.9059973219052
9495,491.2745510373242
9496,-546.6316096161025
9497,35.35589985127903
9498,11.64682578926578
9499,119.76077705290366
9500,139.9599747092523
9501,312.2471365521745
9502,308.7703347854649
9503,352.8956609127639
9504,53.52451321507817
9505,256.7060455849868
9506,320.66330957760937
9507,286.3690128061891
9508,-177.4737636175879
9509,320.03251987121564
9510,261.95222089707914
9511,295.66215085011004
9512,93.20400374454951
9513,288.01528554091885
9514,323.4173317529342
9515,300.20058200589204
9516,261.4137239121581
9517,307.2158017176718
9518,328.35491230198323
9519,298.72330622449726
9520,-43.80252551098526
9521,-27.709311069355838
9522,-24.70911358193866
9523,10.323682816545018
9524,-56.71095702225214
9525,10.246754675842014
9526,-19.231877320469287
9527,10.677541740093378
9528,5.400308120766365
9529,-7.308120748358151
9530,-7.29272985837482
9531,22.80130095434687
9532,68.61934901359359
9533,55.7724547530464
9534,66.66539002526545
9535,7.200410827688485
9536,161.0862374806231
9537,5.354161760030019
9538,-27.293888585874154
9539,-43.86408907091858
9540,-30.555625966153364
9541,26.909247882359136
9542,-2.2154988811901593
9543,-13.631566557560573
9544,-103.79061080349996
9545,0.4000315934983547
9546,48.23354958257923
9547,22.216657608689495
9548,-80.0507812707337
9549,6.938870934826458
9550,-0.43078706425136737
9551,143.20828491284124
9552,8.30818657749721
9553,-60.58811952815539
9554,-0.7538905170467167
9555,-12.21607824493983
9556,-316.35674435699815
9557,-220.28967678533803
9558,-101.46740200164012
9559,6.200344998549426
9560,-343.95834550568435
9561,-161.1477747313428
9562,88.34357695824757
9563,45.648800887857384
9564,-71.31183393819876
9565,47.171946502720495
9566,-35.70975877482739
9567,52.033783947779476
9568,-20.170405898888674
9569,-10.754469880796384
9570,-35.63283063412438
9571,7.169655356935472
9572,164.5018311423083
9573,-73.20422936659357
9574,-24.909142533294663
9575,-14.04696273182861
9576,295.0324426567781
9577,-33.89426517792194
9578,3.8156252551835763
9579,-68.98859882712529
9580,149.79329692411935
9581,-6.585012011278095
9582,-120.19156411715504
9583,-5.000302836481656
9584,37.694499543122184
9585,90.85142382148007
9586,190.13408241268303
9587,-0.3230771435817026
9588,-236.02903230341911
9589,118.11453062738757
9590,174.42548236535498
9591,205.5349698971991
9592,-157.5783510974652
9593,23.309016159301244
9594,29.386312965624963
9595,35.8636150562334
9596,-99.83654646610732
9597,47.187337392703824
9598,-12.800747899810853
9599,62.44975948579719
9600,-97.39023685359453
9601,-64.88067820832667
9602,20.30887129031136
9603,-2.9539985082535463
9604,-68.29627187001189
9605,76.17364507404409
9606,18.185665130593886
9607,180.73351097536042
9608,-364.8364692516697
9609,95.57474325668908
9610,-1.4308528933904299
9611,66.85002808663813
9612,-66.63463455451244
9613,27.61696572945586
9614,-60.88044120098407
9615,-19.739592525423664
9616,-42.571701568950836
9617,-22.262830278639484
9618,-19.40109818264498
9619,33.986557899394626
9620,13.323853994748552
9621,-25.632251270374713
9622,13.554638416857566
9623,43.710232789512574
9624,-35.57129338340471
9625,-3.507886383157908
9626,7.508123390500503
9627,-22.816718153543846
9628,81.58931777558013
9629,-3.707915334513908
9630,-24.155252016247942
9631,-59.60344458899965
9632,350.86100926442543
9633,269.30274979608
9634,185.32808029495703
9635,277.24138372356384
9636,227.35537095227818
9637,235.75582394203443
9638,214.23209896342166
9639,212.6009405914072
9640,81.27598097605048
9641,131.3558322447155
9642,184.86631261014006
9643,196.46668920218784
9644,-213.29045061810854
9645,-11.340018717502396
9646,40.01705307198773
9647,-228.5830751274189
9648,-208.92174943954606
9649,-5.3410413671567785
9650,-32.83465606790527
9651,-17.295303191966568
9652,-142.7356291655174
9653,23.534917230783066
9654,22.057917976656295
9655,118.09453291404505
9656,66.29410101343886
9657,135.0220158387198
9658,139.80692514307577
9659,208.47211768092404
9660,-75.17357924490503
9661,18.0471997391712
9662,-38.41760828020224
9663,-30.017128981232336
9664,-1.430852893390429
9665,3.584814523860912
9666,-108.17548851435757
9667,-39.75614214290633
9668,88.85129216320193
9669,-9.60057407946496
9670,-151.50108060035512
9671,-103.6829271920439
9672,449.1798092025747
9673,-71.17334223756244
9674,-237.9214540410276
9675,-168.68667990180995
9676,142.53132253649753
9677,-136.8540836328858
9678,-117.26832107965451
9679,-79.18920714223096
9680,171.0098887036698
9681,80.63545092560472
9682,82.03552203902848
9683,-144.454499744859
9684,-440.91779529502753
9685,-10.908326162202394
9686,49.479790723810645
9687,95.39013150453005
9688,-189.08787022280762
9689,73.7427263515146
9690,-35.92515230695307
9691,39.34074596863829
9692,-127.19197230270117
9693,13.554612107643916
9694,3.21556471032922
9695,148.47012764218493
9696,-218.93572572343697
9697,-54.572386281764985
9698,50.64907741512539
9699,67.98853299798623
9700,-211.10452518935477
9701,-1.8462753768721125
9702,-14.370066184623955
9703,17.53948453421683
9704,-68.3732000107149
9705,34.67893747493531
9706,-56.81866694292181
9707,36.60211468329678
9708,-54.14157290829996
9709,-28.786278729984257
9710,-53.69539495406528
9711,-5.692629793595053
9712,89.23593286671696
9713,7.831226843295854
9714,-1.4462437833737578
9715,-3.2002001295595335
9716,-18.816481146201248
9717,19.53958988328131
9718,-11.169866055064423
9719,-12.43149808627916
9720,248.02974332544693
9721,-88.49743323965357
9722,-68.58856723362693
9723,-105.6061044004054
9724,91.40528538717076
9725,-120.56081393068673
9726,-166.2711520692638
9727,-172.9330922212449
9728,-43.03324410395523
9729,-90.1436796651697
9730,-20.70890288380971
9731,-27.555428478736186
9732,-5.908023325720734
9733,82.38938096257684
9734,79.12764358229764
9735,-8.615899140309232
9736,-78.11814202301267
9737,377.2306773436088
9738,341.4422523368294
9739,293.4258343776249
9740,-89.25129744748665
9741,73.43501378870258
9742,8.29279568751388
9743,63.942149629907284
9744,104.5752831005133
9745,72.06569814603182
9746,24.924533423277992
9747,42.140914504699474
9748,-244.82954319588737
9749,-20.06269597821901
9750,30.109448011918666
9751,56.218632707281095
9752,-85.06644868798503
9753,58.83418949118325
9754,-25.293756927596036
9755,139.63883496975
9756,4.615635823752989
9757,20.078086868202345
9758,-18.247202381313556
9759,56.55712705005977
9760,174.5947032275307
9761,13.400782135451557
9762,-69.51173123127664
9763,23.49365422067391
9764,58.80340771121659
9765,-11.939147462094471
9766,19.185730959732947
9767,-5.96958688565406
9768,149.99327325704803
9769,-39.663849421433646
9770,-63.295969033530234
9771,-154.82432892214035
9772,158.51685336667097
9773,-32.5095849544815
9774,-9.446691488845307
9775,-68.29624556079824
9776,22.17051124795315
9777,9.55440140951497
9778,-6.108052277076737
9779,7.477341610533843
9780,-367.7751031791536
9781,15.539352875938711
9782,128.56128794537193
9783,272.16957814249787
9784,-343.52755844143303
9785,64.61911200625099
9786,-59.46497919757698
9787,-67.9577775272332
9788,-587.0493232453694
9789,-122.29937938688919
9790,-43.17173580459155
9791,117.68371725392254
9792,-413.48544131773065
9793,2.2770361319098242
9794,128.76129058751428
9795,22.062827636497133
9796,99.43513052306562
9797,370.03569321723205
9798,322.8788347680132
9799,299.58545971674965
9800,216.4880580705944
9801,329.95644762153034
9802,299.32389351467395
9803,338.9720492096426
9804,154.4377508145459
9805,320.1704058988887
9806,320.7402377183124
9807,347.95661879973386
9808,284.3985305095919
9809,349.5845775165183
9810,390.076928140703
9811,419.09399129279626
9812,443.8109833314658
9813,426.62361962954833
9814,289.7242718361575
9815,480.0435453647492
9816,298.4172545384966
9817,5.692629793595053
9818,1.9385680983448026
9819,40.07921928648803
9820,236.82751321298008
9821,77.12479722829809
9822,96.12503423564068
9823,120.52469716351831
9824,-30.01710267201869
9825,-30.078639922738365
9826,98.15951826062455
9827,74.28119702722199
9828,-40.61774258062271
9829,33.12498377089189
9830,38.86378623443693
9831,75.08126021421869
9832,3314.6296686734067
9833,3572.1368589584517
9834,3578.321813067018
9835,3665.8192067867462
9836,3505.948402358174
9837,3597.892184730266
9838,3622.8628645142803
9839,3639.8484611735926
9840,3606.754232873454
9841,3624.847578973361
9842,3594.58430098925
9843,3715.4374365927656
9844,3113.4180129271317
9845,3575.1370301366555
9846,3590.260986838326
9847,3708.529347437906
9848,3313.72189556574
9849,3538.273349251283
9850,3559.0437893858125
9851,3663.2652135627773
9852,3608.323551158267
9853,3605.30798909008
9854,3611.308331446487
9855,3648.602799396111
9856,41.817938779079284
9857,32.51001551813831
9858,13.340834175888034
9859,161.31830835740664
9860,157.13214683401685
9861,-19.508834412528287
9862,-40.37156726853037
9863,36.40208573194079
9864,165.37879616079442
9865,9.292861516652941
9866,-118.80685758450096
9867,-266.89237083238453
9868,328.280527238323
9869,-35.44819257275171
9870,-112.91422514876355
9871,-135.80784513379675
9872,-101.69818642374914
9873,43.26405483527789
9874,25.893791163236745
9875,21.955091406613818
9876,16.99814163577139
9877,490.7489281745574
9878,561.2450051992945
9879,534.4597140186061
9880,153.69925118748253
9881,356.5420389965581
9882,321.43201162088974
9883,301.8622193213915
9884,106.12724678205001
9885,414.606894462284
9886,368.0195913052209
9887,638.7429519735587
9888,273.2446083990469
9889,356.60385277454577
9890,352.4956293192655
9891,385.14398250165135
9892,98.20400374454954
9893,349.68039903891633
9894,330.8636150562334
9895,390.2208843331407
9896,78.12591687634716
9897,195.87147421747102
9898,281.24535894100006
9899,297.0927009070188
9900,215.411090409966
9901,273.5827999053439
9902,284.4748792865453
9903,336.7710590182045
9904,337.89304062128355
9905,354.1854281232513
9906,338.18160958434623
9907,388.12208695214355
9908,445.7937354142032
9909,409.0682697021991
9910,290.90698704111185
9911,239.02620348372068
9912,373.4417822532472
9913,126.22892825954764
9914,220.91018318948161
9915,126.70414990249999
9916,362.1747924162449
9917,36.57135921254377
9918,48.11047508113988
9919,-16.72405676645045
9920,277.56988626326427
9921,210.10445936021574
9922,240.02926931076172
9923,192.8726873888109
9924,3444.5140995914994
9925,3844.998790367277
9926,3964.513392108088
9927,3909.0486499178537
9928,3399.9115108935175
9929,3799.319207699453
9930,3614.8162441388586
9931,4156.416795447727
9932,3527.9650573247213
9933,3560.7207912820813
9934,3530.949863922155
9935,3650.8952264180043
9936,3457.4225047935524
9937,3602.6155304746885
9938,3664.8345055383766
9939,3936.0963631916356
9940,3409.2812742416595
9941,3656.4340262394066
9942,3614.7393159981557
9943,3747.9316306572637
9944,3343.4774846541104
9945,3460.7919257852877
9946,3588.783961274986
9947,3619.9704032567465
9948,3622.308976639376
9949,3603.4924954931744
9950,3560.0130734349846
9951,3592.9995918144537
9952,-72.54265788023318
9953,-125.13032970291704
9954,-80.62003372640774
9955,30.60177232688971
9956,199.31920769945268
9957,-114.40661529287365
9958,-60.9727602316704
9959,-32.46341228453149
9960,193.19579084160625
9961,-105.86767060248107
9962,-136.4232702594208
9963,-431.6711327575382
9964,326.3881055007145
9965,-59.757300870405665
9966,-80.82006267776374
9967,-70.05020190698403
9968,-99.0519004783076
9969,-53.52617409188958
9970,48.57204392535791
9971,34.52508119352931
9972,-251.7683878215002
9973,36.50979565261046
9974,162.85555840757857
9975,283.41639864747896
9976,-411.22376976659046
9977,75.66590355987607
9978,86.83579592415414
9979,67.38852507155917
9980,-138.68494181056093
9981,56.434026239406776
9982,42.7717042110932
9983,147.4239154523095
9984,-304.7560649284688
9985,-55.26473954809202
9986,56.69559244148246
9987,-16.339389753721775
9988,-212.31995824140589
9989,22.73979001284084
9990,31.171024782563762
9991,17.83180620704552
9992,-66.28077563096409
9993,123.6686687203463
9994,112.76036886735754
9995,253.58388141840567
9996,-104.48296406982698
9997,8.55433558037591
9998,2.9694157074505227
9999,42.340917146841825
10000,62.14207323219881
10001,17.754851757128876
10002,6.615767482031108
10003,24.955288894031
10004,-41.15621325633009
10005,34.355834022139966
10006,6.200371307763074
10007,62.35746676432449
10008,144.56220966552866
10009,-60.28040696534337
10010,-58.111054444889554
10011,-77.58910707745117
10012,284.0010419931363
10013,-44.402559746625975
10014,-11.83146385063845
10015,-40.29463912782737
10016,31.109487531844085
10017,-31.740303547451447
10018,-5.461845371486035
10019,-25.370711377512684
10020,-71.58876472104413
10021,57.449482958529174
10022,115.42204570278238
10023,80.82006267776373
10024,-98.57494074410626
10025,48.58743481534124
10026,-5.154132808674024
10027,27.3400349466105
10028,-265.09224181624876
10029,-95.77477220804506
10030,-93.02077634193388
10031,31.755668128221135
10032,30.478671516236716
10033,37.94064854600087
10034,-100.29811531032537
10035,31.38644462390309
10036,-362.1747924162449
10037,-17.093306579982134
10038,73.63501643084494
10039,69.18862777848128
10040,-312.5532431542471
10041,25.697937558876486
10042,-52.36666768879506
10043,105.88303518325075
10044,-76.49674852683944
10045,-13.985425481108937
10046,-1.1539221105450679
10047,37.479106010996496
10048,-21.755088764471466
10049,-38.38682650023558
10050,8.615872831095585
10051,69.60402395274932
10052,166.96350533559084
10053,13.939252811158942
10054,65.9576458689551
10055,-8.9235853939076
10056,148.25473411005925
10057,-73.03498219520424
10058,-90.62061309015739
10059,-106.79080829091714
10060,329.31134853821504
10061,-166.0865140078911
10062,-64.55757475553132
10063,-174.610094117514
10064,-22.893646294246853
10065,-33.87890059715225
10066,34.755839306424676
10067,117.63757089318621
10068,-334.88090383037076
10069,69.63477942350234
10070,147.9778033272139
10071,252.8607726813256
10072,-468.75018086582276
10073,26.155357365312415
10074,48.58743481534124
10075,88.68204499181259
10076,74.63339507395895
10077,317.61668920218784
10078,352.1107120884825
10079,327.1556997217195
10080,189.2397627909206
10081,302.9543013447352
10082,367.63525343818753
10083,340.1103039029363
10084,44.44732175781894
10085,318.2785635250299
10086,291.2154593612647
10087,370.019722963499
10088,248.1511306408612
10089,343.52587125540794
10090,302.23119260765515
10091,270.6758036488444
10092,226.93451255209712
10093,328.10959288090856
10094,336.2331413970331
10095,333.27826068854824
10096,-16.12402253080974
10097,15.03163767098434
10098,1.8616399576417955
10099,2.384746052579498
10100,-15.554743765922044
10101,76.86599834037112
10102,83.45098404243556
10103,42.63323881967051
10104,-97.09794148997949
10105,19.554980773264642
10106,-30.740237718312386
10107,-23.585973251360247
10108,223.53599696642027
10109,-158.11684808238624
10110,-150.74716377409476
10111,6.7850146534204505
10112,14.954709530281336
10113,-20.339653070278015
10114,13.216170383292534
10115,9.769794941640654
10116,-119.54535721156435
10117,201.04238226567182
10118,110.48330642623407
10119,135.94631052521945
10120,-294.9093681553387
10121,220.59736303893644
10122,154.73203620066766
10123,316.00288543344976
10124,8.908220813137916
10125,48.80282834746693
10126,55.341667688795035
10127,113.2373286015589
10128,78.74300287878262
10129,159.8861690093417
10130,80.17385577217304
10131,232.84424937305656
10132,-142.97750049073224
10133,55.92631103445241
10134,-34.98662372853367
10135,164.20950946947963
10136,-69.09630874779495
10137,74.23505066648563
10138,10.062116614469343
10139,60.23426060460702
10140,-48.40279675396857
10141,-7.969692234718533
10142,-106.59077933956112
10143,33.50962447440692
10144,-108.0677785936879
10145,-57.92641638351689
10146,-38.84839534445359
10147,16.57020048504443
10148,272.7850032681219
10149,-12.508426226982163
10150,-86.28190804924978
10151,-21.38583895093977
10152,623.4668261765071
10153,77.75835424884052
10154,-113.1911559316089
10155,-65.38841972249469
10156,283.80103935099396
10157,-46.23341792430111
10158,14.616241496716304
10159,-112.72958708739088
10160,-30.801774969032067
10161,24.462938269846312
10162,18.539524054142248
10163,97.12869696073248
10164,-125.2995505650927
10165,183.1336742271369
10166,115.39129023202938
10167,185.93381645398443
10168,-340.096600198978
10169,41.78702927193747
10170,62.18819328372151
10171,10.55446723865403
10172,-166.50193649137282
10173,-55.18781140738902
10174,-8.569726470359242
10175,124.14562845454763
10176,-976.0718262932536
10177,89.94367702302735
10178,39.67921400220333
10179,54.526213611814995
10180,-134.82317019464102
10181,12.308423584839806
10182,27.60160114868618
10183,35.18665267988968
10184,-128.40743166396592
10185,-48.78741114826995
10186,25.832253912517068
10187,70.77331064406407
10188,-27.52467300798317
10189,19.124167399799624
10190,4.631026713736317
10191,66.35767746245344
10192,-98.02105286920188
10193,25.478394988968706
10194,-16.447099674391435
10195,39.38689232937464
10196,41.51009848909211
10197,54.29542918970598
10198,71.01948595615642
10199,15.154738481637333
10200,5.015667417251341
10201,48.44896942391856
10202,-3.5848145238609135
10203,37.97140401675389
10204,7.508123390500504
10205,44.80259134012432
10206,-29.047844932059938
10207,-3.923282557425944
10208,-5.815730604248046
10209,10.662150850110049
10210,14.800853248875327
10211,37.92525765601755
10212,-91.63606980927979
10213,18.64723397481191
10214,20.847368275232384
10215,35.90978772618338
10216,-99.45190576259232
10217,50.66446830510873
10218,133.48463633193694
10219,555.0936261657921
10220,49.618256115233315
10221,104.0675415863453
10222,115.60668376415506
10223,136.8079109629358
10224,18.185665130593883
10225,172.00995453280882
10226,-22.893619985033205
10227,94.43621203612733
10228,-9.831332192360321
10229,25.12453606542034
10230,39.77150672367601
10231,128.46894260547194
10232,-220.59738934815007
10233,-27.170814084434806
10234,-32.32494689310883
10235,29.617097387733978
10236,-117.19139293895151
10237,-39.940780204278994
10238,-3.9694552273759367
10239,77.32756718458916
10240,111.00641252117175
10241,-41.61780840976178
10242,-22.078192217266817
10243,27.340061255824153
10244,132.4076686713085
10245,-8.400479298969902
10246,-21.7704796544548
10247,30.170958953424694
10248,294.06315860760566
10249,6.692695622734114
10250,-197.19602784894886
10251,-249.6913543317327
10252,303.2483102035889
10253,-69.2193832492343
10254,-180.21043118963638
10255,-271.9695755003555
10256,-42.187060865435825
10257,-18.570305834108908
10258,-13.431537606204573
10259,54.880098844577
10260,-45.848803529999735
10261,29.155528543515953
10262,34.58659213503533
10263,49.618256115233315
10264,-271.7387910782465
10265,-35.786686915530396
10266,23.909076704155595
10267,55.480133080217705
10268,-226.62848717531017
10269,-7.846617733279185
10270,1.9693235690978135
10271,18.647233974811915
10272,-388.6378623443693
10273,-13.062287792672876
10274,-75.01972296349902
10275,-3.5232772731412396
10276,-108.0677785936879
10277,-8.69280097179859
10278,22.924401764999864
10279,-11.692972150002127
10280,-65.28070980182503
10281,35.75590513556374
10282,4.769518414372641
10283,39.95617109426233
10284,-147.31620553163987
10285,-45.06413123298636
10286,5.769557934298058
10287,11.431432257140095
10288,-150.17793762763435
10289,-59.09572938404528
10290,-30.617163216873045
10291,80.72774364707739
10292,-206.0272942121701
10293,-32.69419670664052
10294,15.616281016641718
10295,28.201609075113236
10296,-60.9727602316704
10297,5.908049634934383
10298,53.449245951186576
10299,-30.109448011918673
10300,-32.03262522028014
10301,-0.7231350462937023
10302,-15.000882200231324
10303,12.985359651969873
10304,-10.139044755172348
10305,-0.9846749391557319
10306,-48.47972489467158
10307,0.4769597342013583
10308,-46.35651873495411
10309,23.139795297125552
10310,15.954775359420397
10311,-19.43187996261164
10312,-93.45156340618526
10313,21.570477012312445
10314,21.247373559517094
10315,3.600205413844243
10316,-28.755523259231246
10317,9.739039470887636
10318,-2.584748694721849
10319,3.3386392117685677
10320,-161.45548729415484
10321,-13.646957447543901
10322,-17.924098928518212
10323,83.9125528866536
10324,-39.35611054940798
10325,144.03907726137732
10326,1.8154672876918045
10327,125.79190118927741
10328,-75.8813234012154
10329,-44.2640943552033
10330,7.692735142659528
10331,49.20283363175163
10332,41.74088291120112
10333,2.030887129031136
10334,7.6927351426595285
10335,12.969968761986543
10336,1.800102706922118
10337,-27.278497695890824
10338,-8.646654611062246
10339,34.35583402213996
10340,278.41609581099726
10341,-65.18839077113869
10342,-51.14142803931008
10343,-78.77378465874928
10344,178.7487965162793
10345,-11.585288538546106
10346,-68.06548744790288
10347,-67.88082307731656
10348,302.7405949986346
10349,-75.81975984128208
10350,-13.923888230389261
10351,-149.85480786562536
10352,26.463069928124433
10353,-4.015601588112279
10354,6.1388340570433995
10355,30.155568063441365
10356,-109.96020033129636
10357,-17.585630894953173
10358,19.570371663247972
10359,19.58573624401765
10360,-354.497421854355
10361,28.35549166573289
10362,-6.60037659204778
10363,34.18658685075062
10364,-268.7540107900263
10365,26.709218931003132
10366,-24.201398376984287
10367,56.12631367659477
10368,-443.04100145474496
10369,52.07993030851582
10370,-0.41539617426803943
10371,45.69494724859372
10372,-355.71288121561975
10373,-6.261908558482743
10374,8.108157626141212
10375,80.8046717877804
10376,1.092384859825394
10377,71.92725906382279
10378,-4.892592915811992
10379,27.555454787949834
10380,2.8001685360611823
10381,18.4164495527029
10382,7.985083124701863
10383,35.24818993060936
10384,-2.061668908997796
10385,14.108499982548283
10386,1.6770018962691235
10387,7.461977029764164
10388,62.7574720486092
10389,68.94245246638894
10390,-47.67966170767487
10391,43.69484189952925
10392,162.34784320262423
10393,26.84771063163946
10394,-78.68149193727658
10395,-10.15443564515568
10396,105.14456186540103
10397,-101.3904738609371
10398,-93.14385084337323
10399,-93.69771240906395
10400,8.73897364174858
10401,-44.80259134012433
10402,4.584880352999974
10403,0.18463806137266658
10404,-70.17327640842336
10405,12.508399917768518
10406,-24.416818218323616
10407,-8.415870188953232
10408,-356.11288649990445
10409,95.1439561924377
10410,51.58757968433113
10411,65.88071772825208
10412,-213.4277339912146
10413,34.817402866357995
10414,-4.877202025828659
10415,-11.908391991341453
10416,-43.5717673980899
10417,43.63330464880958
10418,28.493957057155566
10419,12.662282508388168
10420,-220.41272497756373
10421,36.386721151171095
10422,-45.633409997874054
10423,68.03470566793621
10424,-72.0811153452288
10425,-5.4156990107496945
10426,18.154883350627223
10427,53.92620568538793
10428,-2.1539616304704854
10429,35.678976994860726
10430,8.354306629019911
10431,65.64995961535672
10432,43.448666587436904
10433,9.415909708878644
10434,-75.1120156849717
10435,90.1744351359227
10436,290.1552406309494
10437,115.37589934204605
10438,10.123653865189016
10439,-46.78733210841911
10440,287.1858249234989
10441,-113.6373338858436
10442,-215.24322758812005
10443,-230.76718957407542
10444,234.5981794100287
10445,-52.95689532700189
10446,-25.9245729432034
10447,2.6001658939188275
10448,-28.84781598070393
10449,-32.75573395736019
10450,55.372449468761694
10451,33.309621832264554
10452,-184.97992329479538
10453,104.74453027190266
10454,135.48476799021506
10455,223.70524413780964
10456,-371.8522683271992
10457,-10.862153492252403
10458,-40.49464176996972
10459,89.74364807167133
10460,-136.26941397801477
10461,43.21788216532789
10462,-15.600890126658388
10463,92.0053196228115
10464,-234.92128286282403
10465,53.556955871856246
10466,31.4172000946561
10467,91.35913902643442
10468,-201.05777315565513
10469,40.648498051375725
10470,-10.015970253732997
10471,70.88102056473375
10472,-8.246623017563888
10473,28.43239349722225
10474,16.26248792223241
10475,7.09270090701882
10476,-45.91034078071941
10477,28.786278729984257
10478,19.862693336076653
10479,7.261948078408159
10480,-25.586104909638372
10481,-0.41539617426803677
10482,29.00167226210995
10483,58.3879852277349
10484,60.89583209096742
10485,4.784909304355974
10486,-106.54463297882478
10487,15.462424735235711
10488,-20.462701262503728
10489,-28.43239349722225
10490,-82.72784899614187
10491,14.32389351467397
10492,167.59429504198454
10493,-32.46341228453151
10494,-30.632527797642727
10495,11.000618883675081
10496,-12.031466492780805
10497,-39.77153303288966
10498,63.080575501404546
10499,-37.70986412389186
10500,-553.4627706302593
10501,-22.616689202187843
10502,47.75661615759152
10503,31.69413087750146
10504,-164.57873297379768
10505,71.85033092311978
10506,24.032151205594946
10507,53.20309694830788
10508,-223.50524149566726
10509,27.063104163765143
10510,52.41839834208085
10511,23.33982424848155
10512,-76.45057585688946
10513,40.956210614187746
10514,0.7846722970133762
10515,19.985767837516004
10516,-78.85071279945228
10517,4.600244933769657
10518,-21.401229840923097
10519,49.84904053734233
10520,-88.82053669244893
10521,-35.64822152410771
10522,-24.92450711406434
10523,15.73938182729471
10524,-24.63218544123565
10525,2.0001053490644747
10526,-36.60214099251043
10527,35.26358082059269
10528,182.44132096080986
10529,-15.354714814566043
10530,-31.832596268924146
10531,76.06593515337441
10532,172.5792069884829
10533,-17.401019142794155
10534,-3.9232825574259422
10535,40.98696608494075
10536,237.30602891540352
10537,-0.8462095477330536
10538,-99.72883654543767
10539,-110.08327483273573
10540,241.4909039841188
10541,-68.12702469862255
10542,-89.420544618876
10543,-57.541775680001855
10544,-64.51142839479498
10545,-62.003581531562475
10546,-2.2616715511401484
10547,44.233338884450276
10548,-79.98924402001401
10549,46.37190962493744
10550,225.47456506476507
10551,434.48666587436907
10552,-265.87691411326216
10553,60.9727602316704
10554,36.10979036832574
10555,50.00289681874834
10556,-269.12326060355804
10557,36.817508215422464
10558,165.9019022557321
10559,210.04292210949606
10560,-354.86667166788675
10561,-70.89641145471707
10562,116.02210624763676
10563,99.1441931997803
10564,-101.88279817590816
10565,49.156687271015294
10566,5.138768227904338
10567,65.71149686607639
10568,31.509519125342436
10569,93.09767817342323
10570,27.632356619439186
10571,73.5888700701086
10572,-56.434026239406776
10573,-1.2769966119844192
10574,0.5231060949377024
10575,36.23286486976509
10576,-1.1692866913147544
10577,10.585222709407041
10578,25.18604700692637
10579,41.11006689559375
10580,31.832596268924135
10581,-3.4309582424549045
10582,19.001092898360277
10583,8.108183935354859
10584,82.60477449470253
10585,11.83146385063845
10586,39.694604892186646
10587,-1.8308844868887846
10588,31.817231688154457
10589,34.63276480498532
10590,55.61859847164038
10591,-18.431840442686227
10592,150.82411822401141
10593,62.38822223507751
10594,34.32505224217331
10595,-3.615596303827566
10596,-585.1569015077608
10597,-27.293862276660512
10598,55.46474219023438
10599,194.45739656360735
10600,-194.21122125151498
10601,97.85180569781257
10602,89.20517739596396
10603,121.66856337128182
10604,192.5957302967519
10605,217.8741489527919
10606,38.0483321574569
10607,-57.92644269273053
10608,10.508294568704038
10609,43.971772682374606
10610,-4.477196741543956
10611,29.20170121346594
10612,3573.8753981054406
10613,3641.9562764433267
10614,3632.9249811287496
10615,3884.1856537452954
10616,-210.0890684702324
10617,-61.28044648526878
10618,-367.0519944420736
10619,-27.924704601481523
10620,202.42708879832588
10621,18.862653816151244
10622,-20.262724929575015
10623,63.98829599064362
10624,5.031058307234673
10625,97.31333502210515
10626,88.83590127321861
10627,9.554401409514973
10628,121.60702612056215
10629,96.35941555370246
10630,78.37375306525092
10631,122.54555469898152
10632,475.42748559857347
10633,133.60773714258994
10634,-53.818495764718264
10635,8.077375846174554
10636,244.36797435166932
10637,21.83201690517447
10638,-33.75579978649926
10639,14.400821655376967
10640,-16.293243392985424
10641,-37.32524972959049
10642,28.663204228544913
10643,75.95822523270476
10644,-88.8051458024656
10645,127.7920065383419
10646,147.37774278235955
10647,236.56752928834015
10648,-159.85538722937503
10649,53.54153867265926
10650,4.7848829951423255
10651,155.68592935985674
10652,-176.4255877144195
10653,97.5902658049505
10654,-20.616583853123373
10655,157.65525292895455
10656,-147.43930634229284
10657,-11.677607569232443
10658,98.89801788768796
10659,56.06477642587509
10660,-81.12777524057576
10661,51.64914324426445
10662,42.279379896122144
10663,74.37354236712197
10664,49.32590813319098
10665,72.51187610026652
10666,78.75839376876593
10667,70.37330535977938
10668,-0.6923532663270429
10669,21.61662337304879
10670,43.58713197885958
10671,46.23344423351475
10672,-19.139584598996603
10673,-5.584919872925388
10674,28.647813338561583
10675,48.848974708203265
10676,-48.47972489467158
10677,17.370237362827496
10678,-16.247097032249087
10679,55.21859318735568
10680,317.6029854982296
10681,-11.723753929968785
10682,-29.970982620495995
10683,-88.2051115668249
10684,48.556653035374595
10685,13.646931138330258
10686,-5.446454481502709
10687,2.0001316582781214
10688,36.89443635612547
10689,14.354675294640629
10690,28.63242244857826
10691,18.847236616954266
10692,-74.712010400687
10693,65.69610597609307
10694,5.261842729343684
10695,186.11845451535712
10696,-243.90640550745132
10697,31.647984516765117
10698,47.01809022131448
10699,120.66852385135638
10700,-22.909010875016538
10701,95.20551975237102
10702,6.323445809202422
10703,37.32524972959048
10704,7.692761451873174
10705,17.64716814567285
10706,60.61890130812205
10707,37.832964934544854
10708,-201.11933671558845
10709,30.740237718312397
10710,17.677949925639513
10711,126.60730264783015
10712,-202.68865500040155
10713,-39.0484242958096
10714,13.493074856924242
10715,17.9702715984682
10716,1.4000711134237633
10717,79.08149722156129
10718,-4.769518414372643
10719,43.38712933671724
10720,21.57047701231244
10721,7.631197891939854
10722,-15.185493952390349
10723,7.108118106215798
10724,25.739934881830738
10725,-121.3608508084698
10726,-111.7449384574488
10727,-72.8811259137982
10728,418.3318878728063
10729,-49.741330616672656
10730,-242.44479714330788
10731,-10.862153492252396
10732,203.70408541031028
10733,-58.772625931249934
10734,-104.59067399049665
10735,30.678700467592712
10736,-32.44802139454818
10737,-14.416212545360302
10738,-23.9860048448586
10739,31.247952923266766
10740,-101.63664917302944
10741,75.3120446363277
10742,189.487901816306
10743,443.5487166596994
10744,-289.6321345360117
10745,40.002317454998675
10746,29.924809950546
10747,113.23732860155889
10748,-194.73432734645272
10749,-15.954749050206747
10750,-9.646720440201307
10751,89.18976019676698
10752,-97.34409049285817
10753,52.89535807628221
10754,47.09501836201749
10755,60.1726970446737
10756,-147.83931162657754
10757,52.77228357484287
10758,2.815559426044512
10759,33.971193318624934
10760,-142.19282819371884
10761,1.3077520827374336
10762,11.862219321391464
10763,0.5231060949377024
10764,-37.21753980892082
10765,-26.38614178742143
10766,-12.862285150530525
10767,-1.8308844868887846
10768,4.661808493702978
10769,-17.277944641354804
10770,-28.524738837122236
10771,1.2154593612647435
10772,25.41685773824903
10773,44.31026702515329
10774,-132.7307458148902
10775,-68.49627451215423
10776,91.51299530784044
10777,45.29494196430902
10778,-69.35784864065698
10779,-74.00426624437661
10780,51.01832722865709
10781,-111.45259047540647
10782,-27.37081672657716
10783,-5.67726521282537
10784,-69.32709316990397
10785,21.09354358732473
10786,151.25490528826276
10787,-21.35508348018676
10788,-167.74815132339057
10789,42.771704211093194
10790,66.21921207103077
10791,-12.569963477701837
10792,-72.75805141235887
10793,50.15675310015435
10794,209.25827612169633
10795,376.0678988666675
10796,575.6025264074595
10797,380.71431647038713
10798,78.60453748735993
10799,2.061668908997788
10800,-147.91623976728056
10801,42.663994290423524
10802,9.108223455280278
10803,-23.355188829251237
10804,-203.98101619315565
10805,-6.954261824809787
10806,-0.8616004377163833
10807,19.75498341540699
10808,-45.86416811076942
10809,13.416146716221238
10810,-25.55532312967171
10811,6.32344580920242
10812,-163.36327361253294
10813,-21.708942403735126
10814,-27.15539688523783
10815,20.031940507465997
10816,39.60228586150032
10817,-76.98907284181048
10818,-20.63194843389306
10819,122.40708930755885
10820,116.66828684401379
10821,-12.723793449894199
10822,-23.093648936389204
10823,72.92729858374821
10824,177.45640901431153
10825,-80.17385577217303
10826,-84.31258448015197
10827,-128.79207236748093
10828,141.46971945663879
10829,-109.89866308057667
10830,-191.38029724470078
10831,-19.493443522544965
10832,12.27764180487315
10833,-22.01665496654714
10834,44.78720045014101
10835,61.37276551595512
10836,-269.200188744261
10837,49.78750328662266
10838,89.00514844460797
10839,178.07183413993556
10840,-156.67060429901247
10841,42.294744476891836
10842,35.98668955767275
10843,88.12818342612188
10844,-153.10115435592124
10845,-9.4466914888453
10846,62.35744045511085
10847,191.0879755718721
10848,-131.0537439186211
10849,48.37201497400191
10850,45.14108568290301
10851,33.940411538658275
10852,-167.00967800554082
10853,11.954538352077797
10854,13.185362294112224
10855,40.11000106645469
10856,-210.95066890794877
10857,111.7756939282018
10858,29.26321215497197
10859,76.09669062412743
10860,-68.52702998290727
10861,35.20204356987301
10862,39.094570656545955
10863,37.4329333410465
10864,36.417476621924116
10865,17.63180356490317
10866,25.155291536173355
10867,29.432485635574956
10868,62.21897506368816
10869,177.50258168426154
10870,30.740237718312393
10871,46.21805334353142
10872,-2.1232061597174674
10873,60.14194157392068
10874,9.631329550217975
10875,5.600337072122365
10876,65.26531891184169
10877,65.0652899604857
10878,-2.4309187225294906
10879,7.338902528324812
10880,-24.770650832658337
10881,-3.569423633877583
10882,103.68292719204392
10883,41.81781105190413
10884,-101.09815218810843
10885,97.65180305567019
10886,59.2034129955013
10887,56.60327341079611
10888,-158.4245343359846
10889,120.11463597645202
10890,25.570714019655043
10891,90.71293212084373
10892,-103.1444302071229
10893,54.09542654756363
10894,72.78883319232553
10895,96.34405097293276
10896,-107.34466985660784
10897,128.14586546189022
10898,69.35784864065698
10899,26.83231974165613
10900,-12.354569945576152
10901,90.40524586724537
10902,45.387234685781706
10903,76.71214205896513
10904,-4.307949570154614
10905,21.44737620165945
10906,-16.69327498648378
10907,63.0036210514879
10908,-2.8617057867808597
10909,23.232114327811885
10910,8.81587547323794
10911,34.0019750985916
10912,361.5901490705875
10913,49.54132797453032
10914,-30.340232434027683
10915,38.586855451591575
10916,136.51556298089346
10917,-2.153987939684132
10918,-92.68228199915521
10919,-11.446796837909773
10920,877.0814893748793
10921,-65.4191751932477
10922,-151.9318676646065
10923,-179.56422428404565
10924,660.9766876582565
10925,-0.9077467984527274
10926,14.770071468908666
10927,-42.63323881967051
10928,18.170300549824198
10929,-39.35611054940797
10930,63.12672186214088
10931,2.2308897711734907
10932,-86.54347425132546
10933,89.48208186959567
10934,77.61988885741785
10935,183.64138943209127
10936,-149.03938009785898
10937,-1.4000711134237669
10938,-28.878571451456946
10939,140.45428904673005
10940,-278.785345624529
10941,80.20463755213972
10942,109.72941590918734
10943,172.30227620563753
10944,-25.786107551780724
10945,-107.63699152943654
10946,-8.00044770547155
10947,273.585040145905
10948,-67.77313946586054
10949,8.154303986877554
10950,25.786107551780724
10951,21.693577822965437
10952,-84.4356589815913
10953,22.40129567006217
10954,44.15641074374727
10955,65.32685616256138
10956,-60.00347618249802
10957,-10.954498832152385
10958,15.785528188031053
10959,23.370579719234563
10960,-0.01539088998333149
10961,68.5731763436436
10962,-5.000276527268012
10963,36.75597096470279
10964,-56.49556349012646
10965,41.20235961706644
10966,47.295047313373495
10967,73.40423200873593
10968,3.6309871938109044
10969,74.4966168685613
10970,43.23327305531123
10971,10.585222709407045
10972,5.061813777987686
10973,53.80310487473493
10974,-19.955012366762993
10975,17.539484534216832
10976,29.294020244152282
10977,-0.1846117521590216
10978,163.10173371967093
10979,34.17119596076729
10980,-26.678463460250118
10981,20.955078195902054
10982,114.729718745669
10983,60.52658227743571
10984,36.15593672906208
10985,150.60872469188573
10986,243.19868766035458
10987,224.35142473418668
10988,-29.94020084052933
10989,-36.09439947834241
10990,-33.75579978649925
10991,-138.4387664984686
10992,-126.97657877057549
10993,67.54238135296518
10994,139.08494709484566
10995,112.31419091312284
10996,78.2814340345646
10997,227.82855564659158
10998,103.31367737851224
10999,66.20382118104743
11000,-30.386378794764028
11001,100.65197423387374
11002,69.25016502920096
11003,62.95747469075156
11004,18.847236616954262
11005,46.44883776564045
11006,-59.55727191904966
11007,-47.11040925200083
11008,182.19514564871753
11009,-47.63351534693852
11010,-118.16070329733755
11011,54.572386281764985
11012,541.1389824646499
11013,202.33476976763956
11014,-131.42299373215278
11015,-24.878360753327996
11016,232.58268317098089
11017,-75.54285536765038
11018,-237.6445232581822
11019,-296.0786548466535
11020,262.98445285572825
11021,-3.907917976656261
11022,-35.66361241409104
11023,-27.6169920386695
11024,56.32634262795076
11025,41.01774786490742
11026,-61.08047015234007
11027,15.800919078014385
11028,30.955631250438078
11029,42.43320986831452
11030,107.51389071878354
11031,193.48811251443496
11032,-157.11678225324715
11033,36.155936729062084
11034,38.802248983717256
11035,166.71735633271211
11036,-54.40313911037564
11037,94.35928389542433
11038,30.063275341968676
11039,119.63767624225068
11040,-233.13657104588526
11041,-19.585762553231298
11042,48.52587125540792
11043,89.94367702302735
11044,-104.52911043056334
11045,-35.87900594621673
11046,-53.680030373295594
11047,63.38826175500292
11048,-105.65225076114174
11049,-11.108328804344746
11050,-6.477302090608429
11051,-7.323485329127836
11052,-82.37399007259351
11053,38.8483953444536
11054,4.307949570154616
11055,-12.00071102202779
11056,-66.12689304034443
11057,-22.662835562924194
11058,-35.38665532203204
11059,25.216828786893036
11060,16.385562423671757
11061,-27.355425836593835
11062,-29.678634638453655
11063,16.400953313655094
11064,209.07363806032365
11065,76.26596410473043
11066,-60.12655068393736
11067,-16.53941870507777
11068,119.14535192727965
11069,-38.35607102948256
11070,-50.46446566296637
11071,-46.8026966891888
11072,19.724227944653983
11073,6.1080522770767445
11074,17.324064692877503
11075,2.861705786780856
11076,15.908602689470413
11077,5.077230977184662
11078,6.2157621977464
11079,18.46259591343924
11080,-242.0447655498095
11081,-56.0494118451054
11082,9.446717798058948
11083,10.93908163295541
11084,-50.12599762940133
11085,140.60811901892242
11086,85.94344001568474
11087,47.12580014198416
11088,-4.169457869518283
11089,45.66416546862706
11090,14.370066184623958
11091,66.01920942888842
11092,-251.04530539363378
11093,-25.70917941107772
11094,-103.82139258346659
11095,71.6041293018138
11096,-25.18607331614002
11097,-52.387642871327834
11098,-65.15763530038569
11099,40.433104519250044
11100,-33.29425725149487
11101,-70.1424946284567
11102,-78.52763565587057
11103,11.20064783503108
11104,4.400268600840953
11105,-30.5248441861867
11106,-8.938976283890934
11107,13.400755826237905
11108,39.540722301567
11109,-54.51084903104531
11110,-179.77961781617137
11111,-97.6056303857202
11112,226.25923736177845
11113,-25.86303569248373
11114,-256.72254429724546
11115,-396.97680439261956
11116,156.43981987690344
11117,-58.81879860119992
11118,-142.6697879279202
11119,-158.79381045872995
11120,-119.31459909866898
11121,-58.24954614552588
11122,-21.23200897874741
11123,-7.492732500517171
11124,-260.1688934296837
11125,13.770031948983252
11126,44.325657915136624
11127,249.62981708101304
11128,-396.6998473005605
11129,-1.5847091747964388
11130,-25.04760792471734
11131,28.832425090720598
11132,-128.5458970553886
11133,-32.3864841438285
11134,8.815901782451583
11135,32.401875033811834
11136,-312.2180419582329
11137,31.863378048890798
11138,48.81821923745025
11139,155.79361297131277
11140,7.754298702592841
11141,65.29607438259471
11142,-5.18491458864068
11143,-3.0309266489565516
11144,-113.82197194721627
11145,-0.12307450143935128
11146,-39.78689761365935
11147,-52.87996718629888
11148,-65.63456872537338
11149,-16.708665876467116
11150,-4.446388652363648
11151,-26.724609820986462
11152,-199.103814167327
11153,-80.95852806918641
11154,-55.264713238878386
11155,-122.74555734112388
11156,26.216894616032093
11157,4.0463833680789385
11158,-160.05541618073104
11159,-104.72913938191934
11160,170.64063889013806
11161,-49.06436824032895
11162,-130.77678682656207
11163,-235.4443889577617
11164,60.280406965343374
11165,-103.11364842715624
11166,-97.42101863356118
11167,-290.64756494592046
11168,-26.33996911747144
11169,-184.05678560635934
11170,-122.66862920042087
11171,-11.708363039985453
11172,-34.971259147764
11173,-67.95777752723322
11174,-2.5232377532158274
11175,39.956144785048686
11176,29.894028170579347
11177,362.590188590513
11178,176.08709337164078
11179,189.76483259915136
11180,-71.17334223756242
11181,75.20436102487169
11182,108.52937374711958
11183,108.4370284072196
11184,-117.23753929968785
11185,127.63815025693586
11186,1.0769676606284193
11187,85.85112098499842
11188,-282.2932583169005
11189,2.1232061597174763
11190,36.32515759123777
11191,156.5628943783428
11192,-39.23303604796862
11193,-12.969968761986546
11194,-177.77951246710688
11195,-80.97391895916975
11196,-183.11828333715357
11197,-185.68766745110574
11198,-139.28497604620165
11199,-123.02248812396924
11200,-10.892935272219063
11201,-53.52617409188958
11202,-227.0285187688085
11203,-224.84377535837135
11204,166.34808020996678
11205,-63.34211539426658
11206,-212.61227991423456
11207,-175.87172614872875
11208,-14.339284404657306
11209,-92.25149493490383
11210,-189.8725162106074
11211,-130.5306378236834
11212,166.67118366276216
11213,-200.88855229347942
11214,-213.7200556640433
11215,-133.50002722192025
11216,-80.20463755213969
11217,-45.341088325045355
11218,-7.985083124701864
11219,23.093648936389208
11220,-319.69540987798035
11221,33.586552615109916
11222,-20.70887657459606
11223,107.63699152943653
11224,-415.4086185260922
11225,-10.308291926561687
11226,-60.08037801398737
11227,-31.940332498807454
11228,-240.36773734432677
11229,55.834018312979715
11230,-32.3864841438285
11231,220.9973946324348
11232,-361.9286171041525
11233,-14.12389087253161
11234,-42.55631067896751
11235,-10.81600713151606
11236,-141.31586317523278
11237,2.7386049761278635
11238,-7.185046246918805
11239,-9.754404051657323
11240,-271.7080092982799
11241,8.031229485438203
11242,-73.20422936659357
11243,-6.61576748203111
11244,235.45809266172003
11245,298.21498534657957
11246,248.52010392712486
11247,279.59883598821597
11248,238.51866867235753
11249,312.8291859155652
11250,393.18450640309453
11251,376.86048123014245
11252,268.7482149508624
11253,318.4736016230157
11254,280.0400230890805
11255,311.5962942481226
11256,10.715920653702085
11257,7.975854113593236
11258,-231.8380216650428
11259,-79.5668300758536
11260,95.77477220804508
11261,-175.3947664145274
11262,-69.69634298343566
11263,-82.45091821329652
11264,3534.226965883204
11265,3552.074136671019
11266,3592.8764910038008
11267,3519.626115276471
11268,3122.4339173517255
11269,3587.2300338801556
11270,3647.156555612737
11271,3584.014442860613
11272,3404.8964228400155
11273,3630.386378794764
11274,3570.4752216429524
11275,3577.3217735470926
11276,3429.3439702198784
11277,3577.4910207184816
11278,3522.0570339990004
11279,3562.2901358761083
11280,3395.8189548554883
11281,3565.674947757827
11282,3536.042433170896
11283,3601.60010006478
11284,3215.393130133726
11285,3560.228493276324
11286,3536.980988058529
11287,3624.0629329855615
11288,3349.5701460412038
11289,3488.778167637489
11290,3556.9051923361117
11291,3550.33559752403
11292,3527.48809759052
11293,3555.1050896291895
11294,3438.2521910330165
11295,3536.134752201582
11296,282.67937332287687
11297,155.7646346395027
11298,165.42644313320568
11299,273.15575369332856
11300,236.6137401412662
11301,63.341600522706614
11302,184.040879844816
11303,275.1381761419068
11304,354.45127549361865
11305,-125.36108781581238
11306,-115.2528248406067
11307,-64.81911464839334
11308,80.86620903850006
11309,-128.14586546189022
11310,-63.26518725356357
11311,-173.1023130834206
11312,-251.70685057078052
11313,-104.28296142768464
11314,-74.11197616504629
11315,-108.91398814142096
11316,-347.8047262316209
11317,-106.55999755959446
11318,2.630921364671842
11319,90.35907319729537
11320,-513.3373786738214
11321,-6.169589527796411
11322,-63.60368159634226
11323,-13.800787419736263
11324,-551.7549869540235
11325,-2.384746052579498
11326,-44.61797958796531
11327,64.0960059113133
11328,-242.01401007905648
11329,108.20627029432423
11330,155.25514229560537
11331,21.632014263032122
11332,-281.80090769271584
11333,21.247399868730742
11334,25.58610490963837
11335,92.86689375131422
11336,-99.99040274751334
11337,96.57483539504177
11338,15.031637670984338
11339,229.13633403854263
11340,-26.324578227488107
11341,39.909998424312334
11342,39.60228586150032
11343,20.616583853123373
11344,-37.556007842485855
11345,39.233036047968625
11346,7.354267109094497
11347,24.509110939796308
11348,9.215907066736285
11349,-2.230889771173489
11350,7.138873576968816
11351,54.06464476759696
11352,146.42384962317047
11353,79.21996261298396
11354,-71.66569286174712
11355,-45.3872346857817
11356,76.43518496690612
11357,-6.646549261997771
11358,-26.263067285982082
11359,-39.40228321935796
11360,54.726242563170985
11361,5.10801275715132
11362,13.323853994748553
11363,-36.8328991054058
11364,-91.18989185504508
11365,-73.85043627218425
11366,-23.801393092699577
11367,90.37443777806506
11368,-75.97364243190174
11369,33.063446520172214
11370,127.45353850477686
11371,2.369355162596168
11372,-11.354477807223446
11373,-107.74470145010619
11374,-62.78822751936222
11375,-221.47435436663616
11376,46.23344423351476
11377,-0.2769570920590052
11378,-189.54941275781204
11379,-121.5916352305788
11380,-289.6321345360117
11381,-79.17378994303398
11382,18.570305834108908
11383,94.820879048856
11384,-184.82606701338938
11385,-16.970205769329137
11386,-61.35740093518543
11387,44.556442337245635
11388,1.5385365048464443
11389,60.72658491957806
11390,-35.90976141696974
11391,9.785185831623984
11392,28.309318995782903
11393,40.55620532990304
11394,-2.9694157074505227
11395,34.15580507078396
11396,76.25054690553345
11397,-32.017260639510454
11398,-59.17263121553464
11399,-104.94453291404501
11400,102.89825489503055
11401,-32.217263281652805
11402,-81.65088133551346
11403,-66.3422865724701
11404,516.0759836499492
11405,-49.67979336595299
11406,-14.862390499594998
11407,9.615938660234645
11408,-35.448192572751715
11409,5.338770870046691
11410,10.015970253732998
11411,-20.108868648169004
11412,-140.08501292398472
11413,52.54149915273385
11414,129.130540401046
11415,137.25408891717052
11416,-118.36067963026626
11417,51.018327228657085
11418,-7.815835953312522
11419,30.801801278245716
11420,-159.363062914404
11421,69.65017031348566
11422,30.417134265517042
11423,127.9458628197479
11424,-331.5422646186022
11425,80.83545356774705
11426,178.28722767206125
11427,87.15887306773585
11428,-77.15832001319983
11429,25.9245729432034
11430,75.00433207351568
11431,108.68320371931195
11432,-233.19810829660494
11433,26.124601894559408
11434,31.324881063969766
11435,35.27894540136238
11436,30.12481259268836
11437,51.20296529002975
11438,8.56972647035924
11439,23.047476266439215
11440,-5.446454481502707
11441,38.15604207812656
11442,-24.186007487000957
11443,74.63508225998399
11444,421.1474209896372
11445,329.6036702110437
11446,27.940069182251214
11447,155.9628601427021
11448,100.2673335303587
11449,25.124536065420344
11450,-41.91013008259046
11451,-104.65218493200268
11452,215.68940554235476
11453,-54.01849840686062
11454,-9.138978926033282
11455,6.138807747829752
11456,89.09746747529428
11457,-9.677502220167966
11458,0.738499627063387
11459,29.41709474559163
11460,-24.247544737720624
11461,33.10959288090855
11462,3.861771615919917
11463,39.663849421433646
11464,-76.41982038613642
11465,44.57180691801531
11466,29.555533827800655
11467,43.756379150248925
11468,-314.064317335105
11469,-34.15580507078396
11470,14.923927750314672
11471,48.664336646830606
11472,-66.92692991812748
11473,-30.078639922738365
11474,-102.82132675432756
11475,96.99023156930983
11476,-308.71018188428866
11477,13.354609465501568
11478,-63.03440283145456
11479,10.877544382235731
11480,-150.77797186327507
11481,-33.75579978649925
11482,-12.262250914889817
11483,48.2181586925959
11484,-6.2618822492690995
11485,-1.1539221105450697
11486,-28.217026274310207
11487,6.061905916340395
11488,-3.969455227375935
11489,4.400242291627302
11490,22.61668920218785
11491,12.569937168488192
11492,81.48163416412412
11493,-5.354161760030019
11494,-104.35988956838763
11495,-10.954472522938737
11496,239.18305976302867
11497,-43.91023543165493
11498,-19.862693336076664
11499,-23.032111685669534
11500,335.0655418917434
11501,-15.21624942314336
11502,-34.832793756341324
11503,2.969389398236876
11504,14.462358906096643
11505,-4.954130166531666
11506,-7.769689592576178
11507,5.246451839360354
11508,-421.6243807238385
11509,20.047305088235685
11510,172.30227620563753
11511,163.9787250473706
11512,-177.81026793785992
11513,106.32921313748545
11514,60.77273128031441
11515,-8.938976283890932
11516,63.1267218621409
11517,145.4699564639814
11518,80.34310294356239
11519,190.7802630090601
11520,-366.60581648783887
11521,-342.03516829732285
11522,1.8770308476251252
11523,56.83405783290514
11524,-43.525594728139914
11525,22.462859229995487
11526,-14.046962731828609
11527,25.98611019392308
11528,-151.1164398968401
11529,23.801366783485932
11530,83.58944943385825
11531,126.34576275496813
11532,-57.69563196140788
11533,25.52454134970505
11534,-2.523211444002178
11535,24.24754473772063
11536,-84.38951262085497
11537,16.00092172015674
11538,53.818495764718264
11539,105.86767060248107
11540,-40.95621061418774
11541,47.279656423390165
11542,16.862495848659474
11543,43.002488633202205
11544,38.25240479753057
11545,54.57728586150034
11546,34.62287916770066
11547,78.47127451215427
11548,11.01600977365841
11549,44.864128590844004
11550,4.030992478095609
11551,3.661742664563917
11552,18.231811491330227
11553,22.0474367465138
11554,-64.48064661482832
11555,-59.064947604078625
11556,3586.014574518891
11557,3597.3383231645753
11558,3668.403955481468
11559,3620.8165864952657
11560,3540.7350234445653
11561,3601.800102706922
11562,3623.9398321749086
11563,3617.9394898185014
11564,3525.826486584234
11565,3494.2246484282055
11566,3612.4007163063125
11567,3592.445730248763
11568,3411.8814401355785
11569,3598.5691471066098
11570,3523.7648176752364
11571,3675.481291807717
11572,3418.620282119049
11573,3644.7102986186514
11574,3613.4315639154183
11575,3590.660992122611
11576,3460.2996014703167
11577,3601.5385628140602
11578,3444.606392312972
11579,3606.523474760558
11580,3452.0068320920163
11581,3617.0471339100322
11582,3563.997919552344
11583,3595.3228006163135
11584,3657.403336597793
11585,3591.0456328261257
11586,3646.048832481356
11587,3596.815190760424
11588,257.81225091488983
11589,242.4580891548598
11590,124.03499007364255
11591,96.23366281008202
11592,122.71480187037086
11593,-38.571464561608245
11594,-19.139558289782954
11595,-25.770716661797398
11596,284.07797013383936
11597,53.84925123547128
11598,-48.46433400468824
11599,7.400439779044486
11600,49.1105146010653
11601,17.077915689998804
11602,2.7078495053748473
11603,-15.323959343813026
11604,526.2888341050322
11605,335.0632753419687
11606,417.66804983667123
11607,598.2938772005756
11608,306.8468547406218
11609,391.9440852085735
11610,423.2071261853419
11611,493.4573307344683
11612,400.03682563551774
11613,521.6441545925616
11614,461.37886198993345
11615,637.0043865173562
11616,454.8861690093417
11617,376.63521391826214
11618,491.08825209914016
11619,633.8814173649814
11620,330.5251207134547
11621,595.3558226368414
11622,638.0665689609646
11623,543.3069506355603
11624,178.63972855527987
11625,389.20573045049997
11626,332.43351270479616
11627,323.3404036122312
11628,268.3372302662149
11629,345.6183219443724
11630,327.0326252202801
11631,330.2017407333914
11632,5.384917230783035
11633,54.26467371895296
11634,89.29747011743663
11635,46.602694047046455
11636,34.971259147763995
11637,165.05569270799904
11638,42.356308036825155
11639,163.94794326740399
11640,38.74071173299758
11641,37.571398732469184
11642,96.95944978934315
11643,12.12378552346714
11644,-16.847131267889786
11645,10.892935272219063
11646,71.0810232068761
11647,97.59026580495052
11648,34.894304697847346
11649,20.12423322893869
11650,83.42020226246892
11651,26.863075212409143
11652,-24.72450447192199
11653,10.739078990813052
11654,30.709455938345727
11655,25.232219676876362
11656,-58.557232399124246
11657,13.000750541953202
11658,6.323445809202422
11659,79.25074439295062
11660,3526.9496269148126
11661,3611.4160413671566
11662,3634.1865868507507
11663,3564.5671983172315
11664,3196.484356266052
11665,3600.261539892862
11666,3545.2276110760927
11667,3768.8559270731994
11668,-39.09457065654595
11669,93.11309537262022
11670,121.69934515124848
11671,165.94804861646844
11672,3594.4920082677777
11673,3723.9610167023884
11674,3607.861982314049
11675,3640.1100010664545
11676,-40.971601504171076
11677,53.89542390542127
11678,27.06310416376514
11679,8.662045501045576
11680,12.108394633483808
11681,59.00341035335896
11682,-49.32593444240463
11683,13.40078213545156
11684,297.37104234862124
11685,-26.324604536701756
11686,-191.54954441609013
11687,-0.4769597342013583
11688,556.6014071998856
11689,25.709179411077727
11690,-19.908839696813004
11691,18.477986803422574
11692,215.79711546302443
11693,36.709824603966446
11694,-19.954986057549345
11695,58.94187310263927
11696,118.17606787810722
11697,7.646588781923185
11698,3.538641853910921
11699,-2.8309503160278453
11700,-239.82924035940573
11701,36.06361769837576
11702,36.925218136092134
11703,175.81016258879544
11704,-115.3451175620794
11705,144.53145419477565
11706,21.93972682584414
11707,119.25303553873567
11708,-37.202148918937496
11709,205.07340105298104
11710,49.74133061667266
11711,188.22626978509126
11712,-315.6028538399515
11713,52.49532648278386
11714,100.62119245390707
11715,70.51177075120204
11716,-110.25252200412505
11717,15.55474376592204
11718,-6.446520310641771
11719,-22.739763703627204
11720,-370.1752401217164
11721,-5.60031076290872
11722,-1.1385312205617453
11723,9.015904424593938
11724,-50.71061466584507
11725,-6.954235515596142
11726,18.985702008376947
11727,28.893988650653924
11728,-56.49556349012646
11729,24.616820860465968
11730,9.200542485966608
11731,-2.723240395358177
11732,-62.018946112332166
11733,74.37354236712197
11734,42.38706350757817
11735,58.66491601058026
11736,60.388090576799385
11737,106.55999755959446
11738,-13.15460682335921
11739,13.631566557560568
11740,304.1406661120583
11741,-17.462556393513825
11742,22.61668920218785
11743,26.432314457371422
11744,175.5332318059501
11745,108.54473832788926
11746,247.78356801335457
11747,339.9734993883251
11748,159.30149935447068
11749,888.7590969441118
11750,686.0704419437102
11751,478.22765413463463
11752,-11.123719694328074
11753,178.47186573343396
11754,219.8127170511367
11755,416.0394345416995
11756,24.32449918763728
11757,46.21805334353142
11758,70.1886672984067
11759,28.570885197858573
11760,58.0802726649229
11761,36.18671850902874
11762,-10.446757317984364
11763,31.294125593216748
11764,-179.9488649875607
11765,35.663586104877396
11766,-49.89518689807868
11767,103.86753894420295
11768,-0.7385259362770356
11769,75.77361348054573
11770,3.3848118817185586
11771,223.828318639249
11772,-20.32426218029468
11773,16.462490564374768
11774,27.940069182251207
11775,189.79558806990437
11776,259.19960938051133
11777,425.3015142783858
11778,283.3856168675123
11779,265.5384197704835
11780,630.7133833649319
11781,485.50499310302615
11782,63.449825314936234
11783,79.91231587931101
11784,636.6214329998662
11785,210.51985553448375
11786,-77.66603521815419
11787,-206.8888946498865
11788,97.63641216568686
11789,-41.371633097669424
11790,-383.56063136718467
11791,-426.4554363889308
11792,-254.32240735468267
11793,-168.13279202690558
11794,-25.4014668482657
11795,17.847197097028857
11796,-208.04279045121794
11797,49.2336154117183
11798,296.46329555016854
11799,329.23442039751205
11800,-140.6389007988891
11801,420.3319932218708
11802,423.27062714935465
11803,98.39030268273358
11804,-140.62350990890576
11805,311.75649942322855
11806,471.7503520440262
11807,920.7301586044587
11808,-5.738802463545042
11809,326.7573553142462
11810,154.07043840509365
11811,117.74528081385587
11812,-66.12691934955808
11813,-23.18594165786189
11814,-30.678700467592712
11815,-23.986004844858606
11816,-67.71162852435452
11817,27.64774750942252
11818,37.24829527967383
11819,-23.0167207956862
11820,-2.4616741932825024
11821,50.75678733579506
11822,-20.093451448972026
11823,8.815875473237936
11824,-40.49464176996972
11825,11.893001101358124
11826,9.369789657355948
11827,41.463952128355764
11828,154.88586617286003
11829,28.001632742184533
11830,-206.36578855494878
11831,-30.03251987121567
11832,241.53705034485515
11833,-17.308673802894166
11834,-105.39071086827971
11835,14.416212545360299
11836,98.59030532487594
11837,44.31026702515328
11838,-2.661703144638503
11839,-95.49784142519971
11840,-37.371396090326826
11841,2.1231798505038224
11842,33.29423094228123
11843,95.45166875524971
11844,-331.40377291796585
11845,-15.185493952390345
11846,7.015799075529463
11847,5.246451839360354
11848,-386.3454090132625
11849,32.9095902387662
11850,48.1412305518929
11851,32.401875033811834
11852,147.82898751544138
11853,228.9741682645175
11854,246.68345302465968
11855,236.92904897300235
11856,-160.2400279328901
11857,-119.19152459722963
11858,-205.68879986939143
11859,-75.17357924490501
11860,-315.9874945434665
11861,42.648603400440194
11862,-8.092793045371526
11863,21.5243306515761
11864,-33.50595122873446
11865,64.27063811041043
11866,-102.61591277526378
11867,72.4255477702513
11868,-63.69597431781494
11869,-28.755496950017598
11870,-113.97582822862229
11871,-15.508597405185697
11872,-64.41910936410865
11873,-111.03719430113841
11874,-263.86141787421434
11875,-349.4817544371037
11876,64.49603750481164
11877,-85.37416125079704
11878,-253.29155974557693
11879,-117.29910285962117
11880,216.32022155796213
11881,-231.67493637252812
11882,-155.31667954632505
11883,-362.5440422297766
11884,190.36486683479205
11885,-159.71692183795236
11886,-383.776051208524
11887,-224.1975947619943
11888,-30.84792132976841
11889,-116.08361718914277
11890,-161.57856179559417
11891,-89.78982074162133
11892,-266.3230920674968
11893,-57.234089426403486
11894,-78.78914923951895
11895,-49.310543552421294
11896,-355.74363668637284
11897,42.43320986831452
11898,-36.84828999538913
11899,-63.295942724316575
11900,-119.96080600425967
11901,65.14224441040236
11902,24.062932985561613
11903,-17.601021784936506
11904,-470.9810706369962
11905,-117.76064539462554
11906,-9.000513534610608
11907,19.847302446093323
11908,-195.10360346919802
11909,10.939107942169052
11910,-176.76405574798451
11911,-1.6154909547630965
11912,-47.371949144862846
11913,-47.371975454076505
11914,-29.07860040281295
11915,48.00276516047022
11916,-240.62930354640244
11917,-33.740435205729575
11918,-14.385430765393643
11919,-17.785633537095528
11920,-67.60391860368485
11921,-15.216275732357008
11922,-29.07860040281295
11923,-8.492798329656235
11924,59.63422636896632
11925,-137.3771897278235
11926,-110.4986973162174
11927,-207.02736004130915
11928,-108.17548851435757
11929,-44.27948524518663
11930,-141.7005038787478
11931,-185.90306098323146
11932,343.0813804871983
11933,-119.63767624225068
11934,-58.141836224856206
11935,-102.79057128357452
11936,85.48187117146671
11937,-3.3078837410155533
11938,-13.816178309719596
11939,-20.431945791750703
11940,-43.8020646427907
11941,463.2118945310419
11942,571.5882415785595
11943,689.7195983506977
11944,-350.0202514220247
11945,123.2532988552919
11946,383.37601961502565
11947,396.8075572212302
11948,-75.46592722694737
11949,24.786041722641666
11950,10.246754675842016
11951,-10.539050039457052
11952,-118.31455957874356
11953,46.14112520282843
11954,93.5592733268549
11955,79.37381889438998
11956,3576.9524974243473
11957,3520.349224013551
11958,3597.1536851032024
11959,3882.031692114825
11960,-188.6108841793926
11961,-183.96449288488665
11962,-106.2523113059961
11963,22.262830278639484
11964,111.07494775782672
11965,109.845532761346
11966,178.51135728137123
11967,-3.6838146765599333
11968,-156.87060694115482
11969,-164.24026494023266
11970,-128.83821872821727
11971,4.277167790187953
11972,108.45241929720292
11973,-184.27220544769864
11974,-293.878520546233
11975,-541.9236547616632
11976,284.81646976090275
11977,-208.95053724967065
11978,-128.17662093264326
11979,-228.874767836467
11980,162.42477134332717
11981,-273.785069097261
11982,-283.1394415554199
11983,-358.26687443958866
11984,-39.97156198424566
11985,-289.01670941038765
11986,-287.37046298487155
11987,-324.71107729523175
11988,-206.25807863427912
11989,-83.43559315245223
11990,-140.16196737390138
11991,-39.32532876944131
11992,-413.02387247351265
11993,106.06767324462342
11994,-5.877267854967723
11995,-14.908563169544983
11996,-299.7557884012007
11997,10.077507504452672
11998,59.75730087040567
11999,127.14579963275116
12000,-806.2004688101455
12001,-71.92723275460915
12002,30.4479160454837
12003,-11.354504116437091
12004,-357.65144931396463
12005,-28.32470988576623
12006,-63.8806123791876
12007,1.476999254126774
12008,-486.4281307914622
12009,-288.9243903797013
12010,-114.2066126507313
12011,0.5538615656907169
12012,-346.11233344536845
12013,-17.67794992563951
12014,-32.57112220520117
12015,-3.354030101751899
12016,-74.0350480243433
12017,-17.570240004969847
12018,-98.89801788768794
12019,-18.447205023455915
12020,-47.58736898620217
12021,20.924270106721746
12022,-58.35720344776825
12023,64.01910407982393
12024,-9.339007877389278
12025,-129.59210924526403
12026,-190.0263724920134
12027,-231.93647626539018
12028,126.97657877057549
12029,-91.7437534207358
12030,-47.495049955515846
12031,-150.76258097329176
12032,-97.34409049285817
12033,-40.18695551637134
12034,30.4479160454837
12035,-129.28439668245198
12036,-275.4774618835134
12037,-7.108118106215805
12038,-34.77125650562165
12039,-43.83328098173828
12040,-267.3539133673889
12041,-28.909353231423612
12042,9.292835207439298
12043,33.048081939402536
12044,-39.70999578216999
12045,5.96956057644041
12046,-51.92607402710981
12047,-9.877478553096672
12048,-40.74081708206206
12049,-66.75768274673815
12050,-145.71610546686009
12051,-42.664020599637176
12052,-227.8901192065249
12053,-54.74160714394068
12054,-37.23293069890414
12055,2.2154988811901575
12056,-260.47660599249576
12057,19.339587241138954
12058,-90.54371125866805
12059,15.17010306240702
12060,99.45190576259232
12061,11.523724978612787
12062,-126.63808442779681
12063,-28.84781598070393
12064,153.16269160664092
12065,-31.43259098463943
12066,-56.572491630829454
12067,-12.508426226982163
12068,34.43276216284297
12069,-45.07952212296969
12070,-384.32991277421473
12071,-74.81972032135666
12072,206.65808391856385
12073,-97.42101863356118
12074,-147.9316306572639
12075,-105.57532262043873
12076,140.3004064561104
12077,-112.57573080598488
12078,-195.3805342520434
12079,-137.86951404279455
12080,-66.12689304034443
12081,-179.0565090790913
12082,-187.10312945451284
12083,-22.816718153543846
12084,-421.1935936595871
12085,-78.54300023664025
12086,4.784909304355973
12087,-18.63184308482858
12088,-503.7983681542897
12089,12.416107196295826
12090,3.8309898359532575
12091,22.97057443494986
12092,-324.86495988585136
12093,-22.84749993351051
12094,-60.12655068393736
12095,22.970548125736215
12096,-179.96425587754402
12097,-17.9702715984682
12098,17.662559035656173
12099,117.76064539462556
12100,-7.2465571884248305
12101,69.31170227992062
12102,56.71098333146578
12103,42.63323881967051
12104,-121.93012957335748
12105,136.86944821365546
12106,59.3572692769073
12107,78.2198967838449
12108,-262.55363948226324
12109,-5.461845371486039
12110,24.693749001168975
12111,16.570174175830786
12112,-7.29272985837482
12113,-11.877610211374794
12114,-38.586855451591575
12115,51.78760863568713
12116,93.03614092270357
12117,2.8463148967975282
12118,-1.7693472361691072
12119,18.724162115514922
12120,143.30060394352756
12121,-2.9386339274838633
12122,-41.18699503629676
12123,-198.48838904170293
12124,193.76504329728027
12125,-175.59476905666972
12126,-129.2228594317323
12127,6.969626405579474
12128,3.877136196689605
12129,17.293282912910843
12130,82.00476656827547
12131,32.063380691033146
12132,-175.93323709023477
12133,48.15662144187623
12134,124.93030075156102
12135,52.64920907340352
12136,-228.92094050641697
12137,42.63323881967051
12138,84.98952054728203
12139,182.3028555693872
12140,-315.15667588571677
12141,10.92371705218573
12142,107.12927632448215
12143,23.416752389184552
12144,-25.73996119104438
12145,69.89634562557802
12146,-17.170208411471492
12147,17.12406205073515
12148,-318.04916345246426
12149,2.5386286431991536
12150,13.139215933375885
12151,166.91735897485447
12152,-336.3579030844975
12153,-164.5018311423083
12154,-63.54211803640892
12155,75.57361083840338
12156,14.323893514673962
12157,9.55440140951497
12158,-12.277641804873145
12159,-2.2462806611568205
12160,-55.880138364502415
12161,99.20573045049997
12162,12.4776444470155
12163,97.3287259120885
12164,415.13168774324674
12165,239.47538143585737
12166,-40.956210614187746
12167,0.5846433456573834
12168,172.28688531565422
12169,-66.78846452670481
12170,-88.02047350545223
12171,-87.7127609426402
12172,179.51807792330936
12173,-29.647852858486992
12174,-243.02944048896524
12175,-113.88350919793596
12176,35.232799040626034
12177,-12.739210649091174
12178,-60.35733510604637
12179,-124.7148809102217
12180,-377.2371855579823
12181,-64.57296564551466
12182,36.52518654259378
12183,153.33193877803026
12184,-102.39053969007617
12185,-5.83109518501773
12186,-22.509005590731828
12187,3.8463544167229413
12188,-331.01913221445085
12189,19.86266702686301
12190,30.370987904780698
12191,83.43559315245226
12192,-649.8991143246649
12193,-12.616109838438177
12194,46.079587952108746
12195,108.11392495442425
12196,-127.51507575549654
12197,25.26300145684302
12198,20.170405898888674
12199,58.58801417909091
12200,-92.3130321856235
12201,17.924125237731857
12202,-15.447033845252378
12203,13.077678682656208
12204,-54.37238363962263
12205,69.18860146926762
12206,33.10959288090856
12207,8.769729112501594
12208,-43.6486955387929
12209,2.8001685360611805
12210,62.126682342215474
12211,29.786318249909673
12212,-142.20821908370218
12213,10.83137171228574
12214,28.2323908550799
12215,107.32927896662453
12216,-67.20388701018649
12217,3.354030101751899
12218,5.4464807907163575
12219,7.215801717671816
12220,62.880572859262195
12221,41.7562474919708
12222,-5.384917230783033
12223,12.86225884131688
12224,26.032282863873075
12225,-9.338981568175639
12226,24.909142533294656
12227,-4.477196741543956
12228,-54.77238892390733
12229,100.9289050167191
12230,81.55856230482712
12231,105.74456979182808
12232,7.661979671906511
12233,115.74514915557774
12234,282.60094457049894
12235,585.0184361163382
12236,41.24853228701643
12237,276.3390623212298
12238,387.8839718273226
12239,455.0263215867894
12240,-17.92412523773186
12241,74.12736705502962
12242,21.6935515137518
12243,53.7107858440486
12244,-125.3610878158124
12245,16.616346845780775
12246,-23.324433358498222
12247,31.986478859543794
12248,-109.20630981424964
12249,107.74467514089254
12250,9.169760705999943
12251,134.97702647604703
12252,24.109079346297953
12253,30.67867415837907
12254,30.14020348267168
12255,15.047028560967668
12256,-9.539010519531644
12257,-178.22569042134162
12258,-156.11671642410812
12259,-28.340100775749562
12260,320.68008481713616
12261,-40.23310187710769
12262,-223.64370688708993
12263,-172.4099861263072
12264,265.89230500324544
12265,17.447139194316847
12266,-119.14535192727965
12267,-505.04458298630743
12268,138.82343351119727
12269,-99.513443013312
12270,-115.00664952851434
12271,-383.52987589643163
12272,76.52750399759245
12273,-26.77078249093645
12274,4.061774258062272
12275,-9.462082378828635
12276,-90.55907583943774
12277,121.2069945270638
12278,149.36248355065433
12279,83.51252129315526
12280,13.570029306840894
12281,194.38046842290433
12282,63.080575501404546
12283,251.86070685218652
12284,-196.28828105049612
12285,191.02643832115243
12286,49.172078160998616
12287,253.89159398121768
12288,-158.1014571924029
12289,174.9793439310457
12290,225.6284213461711
12291,188.85705949148496
12292,-363.62103619961863
12293,36.77136185468613
12294,142.0697536922795
12295,151.4241524596521
12296,58.20337347557589
12297,95.54398778593605
12298,139.9004011718257
12299,171.17913587505913
12300,-17.801024427078858
12301,38.879177124420266
12302,34.50969030354598
12303,85.15879402788502
12304,13.693103808280245
12305,111.69879209671245
12306,93.83620410970028
12307,361.28243650777546
12308,354.9282089186064
12309,598.973106126694
12310,543.6621939086521
12311,263.73831706356134
12312,-33.67887164579625
12313,58.06490808415322
12314,19.247268210452617
12315,8.938976283890934
12316,-51.74143596573714
12317,-2.523211444002179
12318,35.37129074126236
12319,-41.556244849828445
12320,18.724162115514922
12321,-179.56422428404568
12322,-19.508808103314646
12323,55.17242051740568
12324,9.246688846702948
12325,33.97119331862494
12326,60.55733774818873
12327,-83.05097875815086
12328,-250.87605822224447
12329,99.55961568326198
12330,147.00849296882785
12331,110.32945014482804
12332,3627.1554231944515
12333,3649.664428785183
12334,3677.8506732795267
12335,3685.2664776393412
12336,3415.512427329389
12337,3692.9438218920172
12338,4010.854519953059
12339,3847.368145529873
12340,3752.1780166674853
12341,3825.85920576828
12342,3695.667088596589
12343,3917.202953904731
12344,3565.3056716350816
12345,3633.094228300139
12346,3645.0487666522167
12347,3624.678358111186
12348,-1.5385365048464479
12349,13.970034591125604
12350,-103.79061080349993
12351,-36.69443371398312
12352,245.12186486871605
12353,-3.554059053107899
12354,-387.49933112380756
12355,99.35958673190598
12356,465.2115127026981
12357,-25.970719303939745
12358,-162.57862762473323
12359,-285.93961009148114
12360,414.1777945840577
12361,-163.16329727960425
12362,-119.0530328965933
12363,-389.2225056900267
12364,520.7839648136021
12365,-2.707849505374849
12366,2.8770966767641877
12367,-27.40159850654382
12368,58.44954878766823
12369,-13.662322028313582
12370,-60.31118874531003
12371,0.7692814070300464
12372,-140.6389007988891
12373,33.771164367268945
12374,10.092898394435998
12375,58.91109132267262
12376,-350.62025934845184
12377,-67.92699574726655
12378,42.20245175541915
12379,97.05176882002951
12380,-288.86285312898167
12381,11.446796837909782
12382,69.41938589137665
12383,54.32623727888628
12384,-141.70050387874778
12385,71.48105480037445
12386,338.18878757138634
12387,557.4630076376019
12388,-90.49753858871806
12389,-16.077849860859747
12390,-18.73955300549825
12391,3.846380725936589
12392,-18.32415683123021
12393,36.21747397978176
12394,-12.554572587718505
12395,12.954577872003211
12396,-27.647747509422516
12397,11.154501474294737
12398,7.385022579847508
12399,-19.86266702686301
12400,-38.15604207812656
12401,-17.462530084300184
12402,-48.41816133473826
12403,13.646957447543903
12404,-2.292427021893161
12405,92.49764393778254
12406,-0.7692814070300464
12407,74.0196834435736
12408,53.572320452625924
12409,2.6462859454415266
12410,-76.52750399759246
12411,-168.3943319197676
12412,37.21753980892082
12413,-11.708363039985455
12414,-58.71108868053026
12415,-47.510440845499176
12416,-39.002251625859614
12417,41.74088291120112
12418,38.817639873700585
12419,-4.36948682087429
12420,203.20855131201495
12421,268.659640703515
12422,277.1216835624182
12423,180.83977551316846
12424,-139.65557597363602
12425,198.50273265426523
12426,261.0752901142337
12427,290.52371969432807
12428,-52.471239411795665
12429,-97.28922164190334
12430,-14.222878302982792
12431,7.240191625141648
12432,50.04638423279685
12433,73.09355766275439
12434,113.51215349225244
12435,188.2082199484201
12436,-31.124852112613773
12437,48.295113142512555
12438,-24.77067714187198
12439,36.89446266533912
12440,167.40114600525146
12441,158.81663431787223
12442,159.55626636322128
12443,344.982670448733
12444,-80.26617480285937
12445,-58.526450619157586
12446,-23.986004844858602
12447,20.370408541031033
12448,24.278326517687294
12449,-18.04719973917121
12450,-148.33166225076224
12451,-35.18665267988969
12452,68.74244982424658
12453,-22.693617342890853
12454,-38.479145530921905
12455,-139.99272020251203
12456,185.3799548882937
12457,2.800168536061186
12458,-156.90138872112146
12459,-277.44683807103854
12460,139.63883496975
12461,-32.15569972171949
12462,-17.954880708484872
12463,-25.278392346826344
12464,-54.24930913818328
12465,7.4619507205505125
12466,-35.663586104877396
12467,-23.955249374105588
12468,-286.84735688993385
12469,-43.2178821653279
12470,114.16043998078129
12471,286.0934663728871
12472,-343.2813831293406
12473,36.98675538681181
12474,-9.646694130987656
12475,19.816520666126667
12476,-233.12115384668826
12477,56.72637422144912
12478,129.57671835528066
12479,266.0461612846514
12480,-437.9637704775604
12481,121.5762443405955
12482,143.9929572098546
12483,52.97228621698522
12484,-262.6613494029329
12485,-22.924401764999864
12486,-27.893922821514867
12487,46.187297872778416
12488,-111.94494109959116
12489,12.277641804873149
12490,32.86341756881622
12491,41.83320194188745
12492,-76.7736793096848
12493,-81.08160257062578
12494,17.677949925639517
12495,25.15529153617336
12496,-52.941530746232196
12497,-34.67893747493531
12498,7.661979671906513
12499,48.264331362545896
12500,161.79398163693347
12501,5.938805105687399
12502,-28.663177919331265
12503,44.00252815312763
12504,244.67568691448136
12505,17.21638108142148
12506,-153.25501063732725
12507,-199.47309029007235
12508,154.79354714217368
12509,-96.09784935162676
12510,-20.816586495265724
12511,-28.524712527908584
12512,311.33939719168495
12513,314.5865732637849
12514,252.5679036787207
12515,241.0610048448586
12516,-154.393541857889
12517,79.37384520360364
12518,148.59320214362427
12519,83.9740901373733
12520,3502.778984008581
12521,3683.0817342289038
12522,3654.618532642501
12523,3798.4422426809665
12524,3611.985293822831
12525,3614.4777761052937
12526,3566.4595937456265
12527,3643.325565776784
12528,3615.385496594533
12529,3669.773244814925
12530,3552.6741972158734
12531,3614.754680578925
12532,3210.1005319336296
12533,3605.477262570683
12534,3490.439831262202
12535,3590.3533058690123
12536,3151.527908644522
12537,3319.599189729922
12538,3575.321668198028
12539,3608.7082181709957
12540,88.84015916692545
12541,32.76117688778002
12542,-6.039057477420222
12543,65.25622684329586
12544,4.0464096772925835
12545,-4.246412319434938
12546,-50.09521584943467
12547,-18.708771225531585
12548,-89.51286364956232
12549,-65.2653189118417
12550,-82.40474554334654
12551,-141.9005328301038
12552,155.53207307845074
12553,-134.00776873608828
12554,-55.84938289374939
12555,-117.94528345599822
12556,118.63763672232527
12557,-4.323314150924297
12558,24.216762957753968
12559,-27.570819368719516
12560,-122.54555469898152
12561,103.03672028645323
12562,-20.016523308269022
12563,-32.67880581665719
12564,-284.7395416201997
12565,80.88159992848341
12566,137.91566040353092
12567,230.4133306505271
12568,-367.9597412405263
12569,17.78563353709553
12570,7.369657999077823
12571,165.45569799228377
12572,-25.309147817579365
12573,66.0192094288884
12574,89.697501710935
12575,684.9780833930985
12576,-197.4575677418109
12577,127.3612194740905
12578,175.85630894953175
12579,156.1013255341248
12580,-520.3070050794008
12581,-223.12060079215223
12582,-166.79425816420147
12583,-71.15797765679274
12584,-141.11586053309045
12585,6.708086512717445
12586,-58.89572674190293
12587,14.308528933904283
12588,-426.2400428568052
12589,-180.9027581467498
12590,-172.77923593983888
12591,-9.231297956719619
12592,-35.12511542917001
12593,9.262079736686282
12594,-81.1277489313621
12595,-80.52774100493505
12596,340.55709809870376
12597,199.17881547251997
12598,301.0305816504071
12599,354.81716321687304
12600,554.7542162038706
12601,348.9405774325771
12602,217.70368332577797
12603,291.5233378179956
12604,172.37920434634052
12605,-17.67794992563951
12606,-31.355662843936422
12607,21.678160623768463
12608,3668.250099200062
12609,3605.738802463545
12610,3641.756247491971
12611,3708.5909109978393
12612,3566.1057085128646
12613,3712.2988000231394
12614,3671.8041582531696
12615,3680.773916317027
12616,3433.174960055832
12617,3678.6353192673264
12618,3699.8519373560907
12619,3634.925086477814
12620,3539.965768346749
12621,3581.7374067287033
12622,3605.954195995671
12623,3829.1209431485595
12624,3670.280986329093
12625,3548.0431441929236
12626,3555.9974718468725
12627,3718.237605128827
12628,3418.097176024111
12629,3621.908971355091
12630,3623.509045110657
12631,3666.5577064138092
12632,3539.4426622518113
12633,3442.4062580125515
12634,3560.2284669671103
12635,3590.707164792561
12636,3546.889248391592
12637,3561.3208518269357
12638,3547.3662081257935
12639,3555.612804834144
12640,3490.3321213415325
12641,3533.0576528826755
12642,3446.068026986329
12643,3659.7880563411586
12644,420.6583858423389
12645,249.95676275601716
12646,177.07505747846926
12647,347.23843379792436
12648,162.48630859404687
12649,-193.18039995162292
12650,-169.28671413745064
12651,-104.28296142768463
12652,339.80425221693577
12653,-76.60443213829546
12654,-138.97726348338963
12655,-13.016141431936534
12656,15.862456328734062
12657,1.5539273948297776
12658,-35.57129338340471
12659,-38.34068013949923
12660,-149.83944328485566
12661,47.602759876185516
12662,97.32869960287483
12663,111.29873419400045
12664,-387.7147246559333
12665,57.234089426403486
12666,101.02122404740544
12667,55.43398671948136
12668,23.27574392071915
12669,386.35913902643443
12670,342.70986412389186
12671,549.96800858731
12672,188.08611720764353
12673,298.41473777066756
12674,321.83204321438814
12675,353.8646421254546
12676,231.9806852220471
12677,290.307712562812
12678,355.8949761999497
12679,369.15812252578263
12680,218.64086097356557
12681,317.27849769589085
12682,326.3855624236718
12683,326.5097956526105
12684,264.858914317097
12685,377.7891097195935
12686,314.2774706266696
12687,304.7843299406063
12688,-2.4770650832658347
12689,80.82003636855009
12690,19.308831770385943
12691,-23.49365422067391
12692,-58.51108603838791
12693,-48.80282834746693
12694,-64.40371847412531
12695,37.971430325967546
12696,67.12695886948349
12697,0.3230771435817026
12698,-44.66412594870165
12699,-149.82405239487235
12700,51.49528696285845
12701,-93.46692798695493
12702,-68.55781176287391
12703,27.201569555187824
12704,9.262053427472635
12705,16.98559665931247
12706,4.046383368078949
12707,152.03957758527613
12708,-5.815704295034401
12709,172.99462947196454
12710,265.5845924404334
12711,411.5930195801222
12712,3573.4753928211558
12713,3632.663414926674
12714,3659.6034445889995
12715,3668.942452466389
12716,3535.7039651373307
12717,3636.217473979782
12718,3599.7846064678743
12719,3622.785936373577
12720,3690.2206078058725
12721,3630.9556575596516
12722,3591.5379571410967
12723,3656.264805377231
12724,3685.835730095015
12725,3653.5723467618395
12726,3645.771875389297
12727,4065.365368984104
12728,3635.1097245391866
12729,3653.4800277311533
12730,3601.8924217376084
12731,3690.8206420415136
12732,211.75482846631158
12733,268.78830957760937
12734,268.91110755178073
12735,277.80537272970264
12736,216.96640215433916
12737,24.186007487000957
12738,16.031703500123403
12739,84.02023649810963
12740,370.94452152874646
12741,118.63763672232527
12742,-133.94620517615496
12743,-7.661979671906508
12744,583.9568330364795
12745,9.292861516652948
12746,-148.02392337873658
12747,-302.41749154583925
12748,356.6667743748088
12749,-47.0027256405448
12750,-20.8011956052824
12751,0.569278764887688
12752,21.30891081023677
12753,-23.370579719234566
12754,-56.48019890935677
12755,-9.323616987405957
12756,18.63184308482858
12757,-1.2923611927541003
12758,-3.2001738203458956
12759,121.23777630703044
12760,-189.7494153999544
12761,22.355123000112176
12762,45.21798751439237
12763,62.23436595367149
12764,-284.12414280378925
12765,184.45681719985768
12766,299.9096446826067
12767,239.0907407323423
12768,-469.59639041355575
12769,125.2379870051594
12770,140.02347567326504
12771,32.69419670664052
12772,-43.66406011956259
12773,17.524093644233506
12774,16.354780643705105
12775,52.2953238406415
12776,-28.43239349722225
12777,26.786173380919784
12778,42.55628436975387
12779,82.40477185256017
12780,244.9204778770303
12781,295.6151222891424
12782,308.78542283896655
12783,306.40037394990543
12784,-5.569555292155703
12785,7.231192607655147
12786,-28.970916791356924
12787,42.310135366875166
12788,33.355768193000905
12789,61.11122562309309
12790,-34.078903239294604
12791,40.06385470571835
12792,64.68067556618432
12793,-25.401493157479347
12794,-166.87121261411812
12795,-48.06432872040354
12796,101.69818642374914
12797,41.40238856842244
12798,7.231192607655148
12799,-29.432459326361315
12800,-49.95675045801199
12801,26.847710631639462
12802,69.94249198631435
12803,23.3859706092179
12804,3530.2113642950917
12805,3707.4369888872943
12806,3720.6377683806036
12807,3739.1157288748122
12808,3544.5044760297988
12809,3672.5888042409697
12810,3632.894199348783
12811,3691.6976070599994
12812,3564.951812711533
12813,3606.1080522770767
12814,3607.0157990755297
12815,3677.2660036246557
12816,3680.943137179203
12817,3636.386721151171
12818,3640.448495409233
12819,3750.6702619426055
12820,3593.5996260500947
12821,3648.356650393232
12822,3580.7219500095807
12823,3719.8223143036234
12824,3472.2541398223943
12825,3593.7073096615504
12826,3526.02651553559
12827,3589.7378544341746
12828,3661.880507030123
12829,3701.9905344057915
12830,3671.8503046139062
12831,3727.2073631926846
12832,184.35274451179524
12833,165.920904069109
12834,157.59735291084212
12835,135.24305949253397
12836,46.602694047046455
12837,-65.86532683826876
12838,-37.04829263753148
12839,22.555151951468172
12840,1.6770282054827774
12841,-79.83538773860802
12842,-45.064131232986355
12843,-72.51187610026653
12844,191.94957600958853
12845,-35.55590249342138
12846,-34.78662108639133
12847,-29.293993934938634
12848,129.45364385384133
12849,33.83272792720227
12850,-12.554572587718505
12851,-9.000513534610608
12852,-152.34729014808815
12853,88.92822030390495
12854,106.92924737312617
12855,142.16207272296583
12856,60.18700642159527
12857,334.1561079072656
12858,361.17276287381276
12859,461.3794150444695
12860,233.8733834869236
12861,394.3142962621873
12862,344.7108516731877
12863,650.6675907459012
12864,-128.45357802470227
12865,196.38057377196878
12866,88.14357431610522
12867,79.29689075368698
12868,-134.50006674184567
12869,3.2463201810822326
12870,51.21835618001309
12871,69.69631667422202
12872,-7.938910454751866
12873,30.26327798411103
12874,0.738499627063387
12875,17.047133910032144
12876,-87.20504573768584
12877,12.693037979141184
12878,69.588633062766
12879,-6.754232873453787
12880,-74.88125757207634
12881,-2.2616715511401484
12882,31.386418314689443
12883,24.093688456314624
12884,-15.908602689470406
12885,13.293072214781894
12886,7.738907812609522
12887,9.52361962954831
12888,5.508018041436028
12889,-31.724912657468117
12890,-37.75603679384185
12891,-37.75603679384185
12892,-1.969349878311462
12893,10.523685458687371
12894,-7.8004450633291915
12895,1.9693235690978144
12896,9.646720440201303
12897,38.95610526512327
12898,-13.60078477759391
12899,28.093951772870867
12900,-43.0024886332022
12901,11.600653119315787
12902,40.89467336346806
12903,-10.200582005892022
12904,11.351848676609421
12905,220.2411252028284
12906,238.34897999248798
12907,313.6915298815143
12908,3534.965465510267
12909,3630.1402034826715
12910,3631.0017776111745
12911,3614.5392870467995
12912,3478.900689084392
12913,3603.1847829303624
12914,3594.64583823997
12915,3662.3728313450943
12916,3463.561338850596
12917,3709.452485126342
12918,3598.430681715187
12919,3695.8209185687815
12920,-280.98866950007397
12921,40.6464672037506
12922,-28.419336291345708
12923,18.062590629154535
12924,-59.88037537184501
12925,-54.40313911037565
12926,-43.06402588392188
12927,9.492864158795298
12928,33.49425989363723
12929,-98.75955249626527
12930,-94.62087640671365
12931,-58.757235041266604
12932,206.15036871360945
12933,-42.971706853235546
12934,-127.7612247583752
12935,-85.9434137064711
12936,120.39156675929739
12937,-74.77354765140667
12938,-63.24982267279388
12939,10.969863412922074
12940,101.48279289162346
12941,-87.23580120843886
12942,-41.279287757769445
12943,-0.5538615656907133
12944,82.35859918261019
12945,-26.616926209530444
12946,-60.71122033880838
12947,-34.21736863071728
12948,-333.69622624907265
12949,-30.417134265517042
12950,112.02186924029415
12951,14.06235362181194
12952,-76.91214470110748
12953,42.987097743218875
12954,102.83671764431087
12955,196.2728901605128
12956,-149.316337189918
12957,144.66989327698468
12958,295.52479328096274
12959,590.8957039713059
12960,-163.9633341573873
12961,216.90483859440585
12962,381.3143507060278
12963,336.0348259409158
12964,-60.741975809561396
12965,183.3490677592626
12966,98.05183464916855
12967,297.67875491143326
12968,-1.2923875019677524
12969,39.38689232937463
12970,5.461871680699684
12971,26.755391600953125
12972,-49.925942368831684
12973,22.324367529359158
12974,2.615556783902159
12975,31.309516483200085
12976,-104.80606752262233
12977,24.61682086046597
12978,47.495049955515846
12979,41.002383284137736
12980,35.817468695497055
12981,56.26480537723109
12982,24.86299617255831
12983,60.203478824640364
12984,20.124233228938685
12985,84.00487191733994
12986,30.355597014797365
12987,96.54405361507513
12988,238.64456277810763
12989,47.06426289126448
12990,25.062998814700666
12991,10.954498832152387
12992,72.75805141235887
12993,14.416212545360302
12994,116.31442792046543
12995,40.20234640635467
12996,-8.523580109622895
12997,7.123482686985483
12998,6.846551904140124
12999,-25.24761056685969
13000,14.04696273182861
13001,48.44894311470492
13002,59.52651644829665
13003,136.2078767272951
13004,-73.74272635151459
13005,23.078258046405875
13006,22.81671815354385
13007,21.801261434421455
13008,3688.451286878917
13009,3683.004806088201
13010,3607.877373204032
13011,3704.9445066048315
13012,29.464023682254663
13013,313.97220151659565
13014,315.2036311315934
13015,752.8742240453073
13016,70.173302717637
13017,161.59395268557745
13018,-42.78706879186288
13019,77.14292912321649
13020,-132.91535756704923
13021,-31.07873206109107
13022,19.41651538184196
13023,106.2523113059961
13024,109.60634140774798
13025,-152.39343650882452
13026,-89.78982074162133
13027,-212.87384611631026
13028,181.30278974024813
13029,11.262185085750751
13030,95.99016574017074
13031,-85.83573009501508
13032,604.8195922016952
13033,-108.42163751723626
13034,-109.23709159421631
13035,17.647168145672854
13036,184.04142102558964
13037,-95.02088169099834
13038,-29.355557494871952
13039,-24.26293562770396
13040,22.462832920781835
13041,-63.9267850491376
13042,-75.91207887196842
13043,64.1421785812633
13044,-136.54634476086014
13045,10.492929987934357
13046,15.093174921704012
13047,81.5893440847938
13048,-116.8990712661228
13049,23.939858484122258
13050,-17.87795256778186
13051,8.862048143187929
13052,-229.56712110279403
13053,165.0095463472627
13054,158.20914080385893
13055,454.2570401797594
13056,-302.37131887588924
13057,15.708600047328051
13058,196.41135555193546
13059,259.12268123980834
13060,-167.1635079777332
13061,-27.64774750942252
13062,-30.66330957760939
13063,-27.41696308731351
13064,-377.63721715148057
13065,-38.47914553092191
13066,-21.555086122329115
13067,-28.4324198064359
13068,-69.83480837485834
13069,-24.678358111185645
13070,-30.370987904780694
13071,-10.831398021499389
13072,-45.125694792919674
13073,-12.616109838438181
13074,-55.972457395188755
13075,-34.84818464632465
13076,13.031506012706213
13077,-43.91023543165493
13078,-142.30051180517486
13079,-10.092898394436002
13080,-26.139992784542727
13081,-168.64050723185997
13082,-147.4546709230625
13083,-251.52223881862147
13084,49.47979072381064
13085,-187.36466934737487
13086,-119.3299899886523
13087,-68.5270562921209
13088,-54.06467107681061
13089,-20.678121103843047
13090,-50.94139908795408
13091,23.278286997761874
13092,-139.93115664257869
13093,-1.800102706922118
13094,142.0389982215265
13095,315.31053216712274
13096,-66.21921207103077
13097,75.57358452918974
13098,-87.48197652053118
13099,72.6965141616392
13100,-148.68552117431062
13101,-13.508465746907575
13102,0.8000631869967094
13103,-35.909761416969744
13104,259.96608918976324
13105,291.61404739731466
13106,172.8536390100317
13107,393.48120446518516
13108,-99.31344037116963
13109,-77.43525079604518
13110,-114.42200618285698
13111,38.44839006016889
13112,-51.63375235428112
13113,-110.48333273544772
13114,-117.80681806457554
13115,-65.4961033339507
13116,-24.662967221202315
13117,-88.12815711690824
13118,-114.03736547934194
13119,-64.35757211338898
13120,-40.03307292575169
13121,-156.3321099562338
13122,-1092.6477941065812
13123,-391.62266894180317
13124,60.92658756172041
13125,-8.53894469039258
13126,-249.04517373535566
13127,-183.84139207423362
13128,168.25586652834494
13129,-190.79562758982976
13130,-340.06581841901135
13131,-297.87875755357555
13132,117.29907655040753
13133,-178.70265015554293
13134,-167.47122054054523
13135,-131.8229990164375
13136,-29.617097387733985
13137,-57.44945664931553
13138,-83.46637493241892
13139,-142.60825067720054
13140,-265.64612969115313
13141,-79.52767517579599
13142,-50.29521849157702
13143,56.326342627950766
13144,-723.9956995997278
13145,-93.97466950112295
13146,-203.84255080173298
13147,-99.62112662476801
13148,-196.31906283046277
13149,-13.323853994748553
13150,9.969823892996654
13151,123.79176953099928
13152,-292.3861304021229
13153,-35.35589985127903
13154,-20.078086868202337
13155,3.1078810988732037
13156,-332.8807984813063
13157,-30.06330165118232
13158,-85.94344001568474
13159,23.10901351715889
13160,-263.0459901064479
13161,41.063894225643764
13162,-0.7846722970133762
13163,17.893343457765194
13164,-460.6112414597148
13165,-238.44456013596528
13166,-4.0002370073426015
13167,57.08023314499747
13168,-45.91034078071941
13169,16.047094390106732
13170,-46.74115943846913
13171,20.755049244546058
13172,-58.01873541420321
13173,-26.61692620953044
13174,9.769794941640654
13175,-21.50893976159277
13176,-57.18791675645352
13177,-65.31146527257803
13178,-98.45186624266691
13179,-351.20492900332283
13180,-86.91272406485714
13181,-277.64681440396726
13182,-286.50886254715516
13183,-182.8567171350779
13184,-20.893514635968735
13185,-72.40416617959687
13186,-24.447573689076634
13187,-25.89381747245039
13188,-142.07215498294983
13189,79.6489277503147
13190,82.94318500180958
13191,81.1590262394068
13192,188.8858867735462
13193,258.24230015943584
13194,206.06858925625266
13195,200.76173258445834
13196,-33.81736334643258
13197,130.54600240445308
13198,195.6728559248721
13199,22.816718153543846
13200,3224.1167128854913
13201,3650.033678598715
13202,3626.1707482552956
13203,3817.4433355793267
13204,3533.965425990342
13205,3625.90918205322
13206,3637.2790770596407
13207,3772.5330606277466
13208,3452.083760232719
13209,3613.846960089686
13210,3584.6606497662037
13211,3633.971193318625
13212,189.56310238634066
13213,163.80890903281227
13214,130.7149572599414
13215,119.59184323857664
13216,123.14558893462222
13217,-56.72634791223547
13218,-476.5352350391686
13219,-352.1280666917588
13220,52.34149651059149
13221,-163.82484245675096
13222,-246.61425501282616
13223,-65.74227864604306
13224,522.8609983033697
13225,225.90537843823012
13226,-170.68678525087444
13227,-252.8607726813256
13228,420.0088897690754
13229,-105.45224811899939
13230,-168.7328262625463
13231,-142.68517881790356
13232,-9.723622271690662
13233,-143.8544655092183
13234,-212.44305905205886
13235,-89.35900736815631
13236,-188.90323216143497
13237,-55.46474219023438
13238,-50.2798276015937
13239,31.81720537894081
13240,-426.91697892393523
13241,-20.293480400328026
13242,-17.63177725568952
13243,24.47832915982964
13244,-323.26485982107164
13245,-36.98675538681181
13246,22.601324621418165
13247,98.26722818129424
13248,-247.16814288773054
13249,42.03317827481616
13250,197.64220580318357
13251,56.52634527009312
13252,-168.85590076398563
13253,102.6982522528882
13254,31.909524409627146
13255,83.37402959251894
13256,-116.5451860333608
13257,46.479593236393455
13258,64.9883618197827
13259,102.88286400504722
13260,-43.387103027503585
13261,42.69477607039018
13262,5.523382622205713
13263,50.86447094725107
13264,44.55641602803198
13265,19.785738886160008
13266,-9.292835207439293
13267,111.48337225537313
13268,3.754061695250254
13269,18.63184308482858
13270,-0.32310345279534936
13271,84.05101827807628
13272,85.72804648355907
13273,16.38556242367176
13274,-101.35969208097045
13275,-241.86012748843686
13276,264.261423158499
13277,20.86273285600207
13278,-30.109421702705024
13279,-5.415699010749691
13280,79.08149722156129
13281,43.86408907091858
13282,57.7879509920942
13283,45.510309187221054
13284,-170.36368179807909
13285,114.46817885280697
13286,85.82033920503173
13287,112.2218718824365
13288,66.7577090559518
13289,12.785357009827518
13290,165.2710862401247
13291,304.52530681557334
13292,3705.0368519447316
13293,3691.4975781086437
13294,3595.9536166319212
13295,3612.9853596519697
13296,3611.0775733335918
13297,3666.726927275985
13298,3558.5822205415943
13299,3757.1937103939504
13300,3404.0655778730525
13301,3649.218224521735
13302,3579.0141663333447
13303,3635.1097245391866
13304,3574.967782965266
13305,3637.5713987324693
13306,3570.4444661721996
13307,3711.929550209608
13308,3584.1836900320022
13309,3566.3672747149403
13310,3596.861363430374
13311,3599.8769254985605
13312,303.6556716350814
13313,258.82260135147203
13314,249.37709489933974
13315,246.88375672585923
13316,68.29624556079824
13317,-28.724715170050942
13318,-60.15733246390402
13319,31.01716850115774
13320,557.570691249058
13321,-96.72866536723413
13322,-200.6115952014204
13323,-336.4502221151838
13324,88.72819135254895
13325,-27.478526647246827
13326,-113.92968186788593
13327,-16.647128625747442
13328,44.2640943552033
13329,-5.984977775637388
13330,8.031229485438208
13331,-40.60235169063937
13332,-73.45040467868591
13333,29.940200840529332
13334,-3.5694236338775838
13335,144.82377586760435
13336,-278.2314840588383
13337,-7.215801717671816
13338,80.06617216071702
13339,99.48266123334534
13340,-135.13088275745304
13341,70.00405554624768
13342,166.84043083415148
13343,313.66428574160665
13344,-435.14823736072947
13345,54.74163345315432
13346,191.33415088396447
13347,215.45862112024574
13348,-117.92989256601489
13349,64.52679297556466
13350,50.35675574229669
13351,157.85528188031054
13352,-37.69449954312218
13353,9.69286680093765
13354,-40.679279831342384
13355,160.44005688424608
13356,15.03163767098434
13357,39.72536036293967
13358,28.170853604360225
13359,32.2326278624225
13360,16.66249320651712
13361,17.07788938078516
13362,20.370408541031026
13363,7.969692234718533
13364,71.11180498684277
13365,35.20204356987302
13366,-19.570371663247965
13367,-22.15512035796982
13368,69.18862777848128
13369,-79.68153145720198
13370,-175.61015994665308
13371,-382.22209750448053
13372,101.57511192230979
13373,-13.87771556043927
13374,-36.6328701540498
13375,56.880204193641475
13376,-76.15825418406077
13377,106.19074774606278
13378,107.6216006394532
13379,36.24825575974842
13380,-118.23760512882691
13381,149.74712425416934
13382,293.878520546233
13383,300.49431433747776
13384,-146.31616601171444
13385,78.83532190946895
13386,91.34374813645111
13387,288.262818893341
13388,-62.66515301792286
13389,106.08306413460674
13390,252.27612933566823
13391,36.12515494909542
13392,40.80235433278173
13393,51.98763758704313
13394,-13.662322028313586
13395,180.1488939389167
13396,-51.910683137126476
13397,67.8039212458272
13398,18.92416475765727
13399,250.52217298948244
13400,-35.894370526986414
13401,50.772151916564745
13402,58.83418949118326
13403,521.0762864864308
13404,67.16040132557379
13405,-1.1820432143880844
13406,-109.60310136787467
13407,-5.874607178844073
13408,46.21805334353142
13409,-11.016009773658412
13410,-70.03481101700069
13411,32.34031147387851
13412,108.63703104936195
13413,-38.03296757668721
13414,-57.37255481782616
13415,-86.40500885990276
13416,31.417200094656103
13417,-269.72326852998503
13418,-245.5988246029174
13419,-368.821315369029
13420,111.0987315518581
13421,-126.46886356562112
13422,-92.32842307560685
13423,-28.278563525029885
13424,60.23423429539337
13425,50.94142539716772
13426,-49.66440247596966
13427,-7.461950720550513
13428,-60.52658227743571
13429,14.385457074607288
13430,117.88374620527854
13431,45.894976199949724
13432,-412.96233522279294
13433,170.93296056296677
13434,123.14556262540859
13435,249.26056726748135
13436,-194.38046842290433
13437,53.68003037329559
13438,279.6469460622454
13439,571.4176513387442
13440,-146.25462876099476
13441,-26.509216288860777
13442,140.88507611098143
13443,67.8039212458272
13444,8.354332938233554
13445,106.23692041601277
13446,-1.6462464255161144
13447,14.370066184623955
13448,-72.11187081598183
13449,43.58713197885959
13450,42.61784792968718
13451,94.00545128108962
13452,-22.232048498672825
13453,52.54149915273385
13454,63.57289981637559
13455,125.46879773648206
13456,25.663006741127727
13457,40.202320097141026
13458,66.21921207103077
13459,80.8046717877804
13460,54.97241787526334
13461,24.170642906231272
13462,63.64982795707859
13463,70.69640881257472
13464,-18.031808849187883
13465,-11.077573333591733
13466,-23.001329905702875
13467,32.92498112874953
13468,-1.3847065326540857
13469,-18.170274240610553
13470,-48.74129109674725
13471,-50.341364852313376
13472,-11.862219321391478
13473,112.7142225066212
13474,67.51159957299852
13475,18.847262926167918
13476,-505.30614918838313
13477,-20.431972100964344
13478,114.23736812148432
13479,54.72624256317099
13480,-260.5381432432154
13481,54.695460783204325
13482,101.79050545443546
13483,-5.815730604248049
13484,39.5715303907473
13485,-70.7117733933444
13486,31.15566020179407
13487,-8.70819186178192
13488,-3.984846117359268
13489,58.572623289107575
13490,-15.447060154466026
13491,107.49852613801384
13492,-8.185085766844214
13493,64.43450025409197
13494,-3.000171178203537
13495,60.526582277435715
13496,-187.1646930144462
13497,-55.35705857877836
13498,10.923690742972077
13499,30.124838901902
13500,-109.76019768915401
13501,51.34143068145244
13502,-78.81993101948562
13503,68.01931477795289
13504,109.54480415702832
13505,2.0616689089977953
13506,-77.72757246887386
13507,-79.558430646549
13508,62.095900562248815
13509,-36.09437316912876
13510,-47.64890623692186
13511,45.81802175003307
13512,238.73688180879395
13513,-137.5310197000159
13514,1.2462411412314012
13515,-3.846380725936587
13516,198.0576282866652
13517,-8.569726470359239
13518,-4.24641231943494
13519,-43.494812948173255
13520,-7.277365277605135
13521,-10.969863412922066
13522,-18.970337427607262
13523,29.663243748470325
13524,-138.11566304567324
13525,-20.831977385249058
13526,46.66423129776613
13527,63.619072486325585
13528,-370.51373446449514
13529,1.8616662668554476
13530,72.18879895668482
13531,35.478974352718375
13532,-348.4662977179813
13533,102.46746783077919
13534,65.64995961535672
13535,119.7915325236567
13536,-250.73759283082177
13537,-57.218698536420156
13538,91.80531698066913
13539,15.185493952390345
13540,-138.90033534268662
13541,-7.077310017035497
13542,9.108223455280275
13543,-5.492627151452702
13544,-222.44363841580852
13545,70.9118023447004
13546,51.11064625934342
13547,97.55948402498387
13548,11.20064783503108
13549,54.726242563171
13550,5.769557934298057
13551,-21.75511507368511
13552,-296.1248275166035
13553,20.97044277667173
13554,37.74064590385852
13555,6.092661387093404
13556,-39.30996418867163
13557,27.3400349466105
13558,25.57071401965504
13559,-17.785633537095528
13560,30.586381436906386
13561,-98.55954985412292
13562,-70.95794870543675
13563,-93.35924437549892
13564,226.16691833109212
13565,-31.30951648320009
13566,-80.06617216071703
13567,-57.84951455202753
13568,-2.323208801859824
13569,-25.324565016776347
13570,-91.7899260906858
13571,-16.077849860859743
13572,-80.75852542704406
13573,6.477302090608433
13574,-1.8616399576417955
13575,19.09341192904661
13576,-80.63542461639108
13577,17.200990191438155
13578,-0.09231903068633507
13579,8.969758063857592
13580,-107.23695993593817
13581,-27.078495053748476
13582,39.094570656545955
13583,26.278431866751767
13584,-57.1109886157505
13585,34.43276216284297
13586,23.524436000640577
13587,52.6645736541732
13588,-2.630921364671842
13589,67.8808493865302
13590,36.06361769837575
13591,60.40350777599636
13592,-57.741804631357866
13593,45.72572902856039
13594,-5.00027652726801
13595,3.8925270866729322
13596,-52.8646026055292
13597,32.52494953525118
13598,20.201161369641692
13599,54.66470531245132
13600,142.48514986654754
13601,-1.830884486888782
13602,-52.664573654173196
13603,3.4002027717018883
13604,114.39122440289033
13605,-29.17091943349928
13606,-156.82443427120484
13607,-49.35671622237129
13608,169.27134955668095
13609,-68.68088626431327
13610,-63.68060973704526
13611,61.01890659240675
13612,382.7759853793849
13613,121.6378079005288
13614,-83.78947838521425
13615,-66.85002808663813
13616,-78.7891755487326
13617,-69.55787759201297
13618,-16.75481223720346
13619,-13.123851352606199
13620,-86.85116050492383
13621,36.43286751190744
13622,5.446480790716355
13623,-2.630921364671842
13624,-308.20244037012066
13625,-25.078363395470358
13626,-110.11405661270236
13627,10.354438287298034
13628,-73.60423465087827
13629,12.446888976262485
13630,7.5389051704671655
13631,75.54282905843671
13632,-823.216820940211
13633,-48.71050931678059
13634,51.2491116507661
13635,-47.187337392703824
13636,-168.25586652834497
13637,79.41999156433998
13638,12.523790807751846
13639,56.23402359726443
13640,-52.06453941853249
13641,18.954946537623933
13642,-4.815664775108987
13643,107.5293079179805
13644,-176.9640846993405
13645,8.53894469039258
13646,8.446651968919891
13647,-23.324407049284574
13648,32.632659455920844
13649,12.400716306312496
13650,16.462490564374768
13651,24.89375164331133
13652,-8.785120002484923
13653,42.23320722617217
13654,27.170787775221157
13655,-4.292558680171288
13656,22.50900559073183
13657,-26.632290790300132
13658,-19.585736244017653
13659,20.016523308269015
13660,-4.277167790187949
13661,-64.34218122340565
13662,-18.44723133266956
13663,-44.75644497938798
13664,-18.50874227417559
13665,-7.523514280483839
13666,-5.169523698657354
13667,-25.663033050341376
13668,-171.8560982514028
13669,90.55907583943772
13670,64.28064397268597
13671,9.73903947088764
13672,98.97497233760461
13673,259.12268123980834
13674,319.31076917446535
13675,93.48231887693827
13676,-7.815835953312523
13677,-40.740817082062065
13678,9.262079736686282
13679,3.8925533958865763
13680,-58.972628573392285
13681,-7.000381876332483
13682,32.14033514094981
13683,63.84985690843459
13684,-141.6235757380448
13685,42.75633963032351
13686,57.04947767424446
13687,32.66344123588751
13688,31.309490173986433
13689,100.00576732828303
13690,35.64822152410771
13691,445.5796037887304
13692,82.75863077610853
13693,52.00300216781282
13694,12.462253557032172
13695,-0.8000631869967059
13696,77.97372147175257
13697,-21.55511243154276
13698,-27.386207616560487
13699,-18.37030319196656
13700,201.6885891712625
13701,128.65358066684462
13702,123.74562317026295
13703,169.0097833546053
13704,133.23848732905822
13705,-89.72828349090165
13706,-34.87894011707766
13707,-240.13695292221774
13708,94.60548551673033
13709,-7.508123390500508
13710,-11.246820504981073
13711,-166.02497675717143
13712,111.97572287955782
13713,-29.14016396274627
13714,-52.710746324123186
13715,-20.30887129031135
13716,0.07692814070300713
13717,54.52621361181499
13718,61.75743252868379
13719,11.862219321391466
13720,26.324578227488104
13721,230.21330169917107
13722,266.8000518016982
13723,385.7761565575885
13724,-143.6390719770926
13725,95.51320600596941
13726,383.7298785385739
13727,1089.170663194176
13728,-101.23661757953111
13729,52.61842729343684
13730,244.398756131636
13731,302.07899720306057
13732,-140.42350726676338
13733,-2.1385970497008007
13734,51.31064890148578
13735,16.293269702199076
13736,-237.93684493101088
13737,-94.48238470607731
13738,-10.446757317984364
13739,28.78627872998426
13740,8.677436391028905
13741,35.10972453918668
13742,11.723753929968785
13743,18.047199739171205
13744,-15.539352875938711
13745,10.123653865189018
13746,-18.524159473372563
13747,-35.35589985127902
13748,0.2000026421423513
13749,-31.955697079577135
13750,12.769966119844188
13751,-11.708389349199102
13752,148.7470584250303
13753,-2.384746052579498
13754,-5.0310583072346695
13755,-109.66787865846767
13756,130.63832143513943
13757,-63.41904353496958
13758,-39.47921136006097
13759,-18.924164757657273
13760,99.25190312044995
13761,-4.1694841787319366
13762,-9.06205078533028
13763,50.726005555828394
13764,43.740988260265595
13765,5.384917230783035
13766,64.71143103693733
13767,40.94081972420441
13768,-86.08190540710743
13769,-21.47815798162611
13770,-0.15385628140600893
13771,-57.341773037859504
13772,-19.031874678326925
13773,21.370448060956445
13774,5.861876964984393
13775,-1.8770308476251234
13776,14.031571841845278
13777,-18.754917586267933
13778,2.1539616304704836
13779,97.79026844709287
13780,-80.86620903850007
13781,62.6805439079062
13782,82.4509182132965
13783,111.42183500465343
13784,-61.92665339085948
13785,6.677304732750784
13786,-25.37068506829904
13787,3.1386365696262146
13788,-311.3256860497635
13789,-65.98842764892176
13790,-33.2788400522979
13791,30.801774969032063
13792,29.74017188917333
13793,-21.278155339483753
13794,-19.87808422605999
13795,41.51009848909211
13796,142.50054075653088
13797,-90.15907055515302
13798,-343.3890930500103
13799,-337.89643958934397
13800,118.91456750517061
13801,-99.09804683904396
13802,-241.75244387698083
13803,-525.1534516344765
13804,66.89617444737448
13805,-129.69979285672002
13806,-188.1339507544049
13807,-50.049069488698336
13808,50.86447094725108
13809,-41.448561238372434
13810,-132.22303060993585
13811,2.8001685360611814
13812,-52.43381554127782
13813,2.7232403953581787
13814,28.64781333856158
13815,81.71241858623314
13816,-227.38237769235687
13817,24.016786624825265
13818,40.11002737566834
13819,25.49375956973839
13820,-30.755602299082078
13821,69.52709581204633
13822,23.41672607997091
13823,96.7594471472008
13824,-382.9759880215273
13825,142.5159316465142
13826,109.09859989357997
13827,100.94429590670241
13828,-73.31191297804958
13829,-4.8156647751089885
13830,-28.909353231423616
13831,96.00553032094045
13832,-63.1267218621409
13833,1.5385365048464479
13834,2.9694157074505227
13835,15.093174921704016
13836,-57.5418019892155
13837,18.27798416128022
13838,28.34010077574956
13839,7.938910454751873
13840,-39.925389314295664
13841,17.985636179237883
13842,5.754193353528374
13843,89.63596446021532
13844,95.09780983170135
13845,20.370408541031033
13846,-16.84713126788979
13847,-6.769623763437117
13848,36.402112041154425
13849,-12.093030052714127
13850,-83.32788323178256
13851,-110.54484367695375
13852,71.91184186462583
13853,-125.45340684649872
13854,-48.9412937388896
13855,-55.78784564302972
13856,16.323998863738442
13857,-14.508531576046636
13858,42.44860075829785
13859,9.769794941640654
13860,-62.06511878228216
13861,32.278800532372486
13862,166.6557927727788
13863,305.54073722548213
13864,-199.688483822198
13865,-61.834334360173145
13866,5.0310583072346695
13867,30.155594372655013
13868,-137.71565776138854
13869,22.370513890095506
13870,-26.386141787421433
13871,-12.15454099422015
13872,27.58621025870285
13873,-83.52791218313858
13874,-28.478566167172243
13875,-3.169418349592875
13876,-202.28862340690318
13877,66.8346371966548
13878,30.54023507617004
13879,113.83733652798597
13880,-162.07091241977884
13881,8.200476656827547
13882,-42.21781633618883
13883,49.12590549104863
13884,185.80461033021942
13885,196.46590528931182
13886,221.88392175506016
13887,189.4677882495507
13888,-27.94006918225121
13889,17.370211053613847
13890,-114.60664424422966
13891,-44.92569215077732
13892,105.32917361756004
13893,-86.55886514130879
13894,-74.11200247425992
13895,-20.570411183173384
13896,100.88275865598274
13897,-258.90728770768266
13898,-209.4121060938887
13899,-479.9508287008538
13900,284.216435525262
13901,-38.617637231558234
13902,-109.36016609565566
13903,-191.71879158747947
13904,49.32593444240463
13905,-18.43181413347258
13906,-22.862864514280194
13907,-27.34006125582415
13908,-182.22592742868417
13909,1.861666266855444
13910,32.87880845879954
13911,32.217263281652805
13912,-318.2799478745733
13913,63.55750892639225
13914,133.7000298640626
13915,58.48030425842124
13916,-251.52223881862147
13917,66.91156533735781
13918,202.2886234069032
13919,279.016130046638
13920,-343.92756372571773
13921,101.59050281229312
13922,87.49736741051453
13923,52.464571012030845
13924,-214.82780510463837
13925,57.234089426403486
13926,18.04719973917121
13927,25.001435254767344
13928,-263.3690672500296
13929,-109.51402237706166
13930,-119.88387786355668
13931,49.09515002029561
13932,-49.110514601065304
13933,23.170550767878566
13934,-12.385325416329165
13935,11.308357755700747
13936,5.138768227904336
13937,13.21614407407889
13938,-34.4481530528263
13939,26.83231974165613
13940,62.74208115862587
13941,0.5692524556740466
13942,35.84822416625006
13943,49.72593972668934
13944,-62.46515037578051
13945,1.3539247526874192
13946,-7.323511638341483
13947,8.754364531731909
13948,232.5122500501719
13949,146.70815762614117
13950,131.42979158852847
13951,144.30655911959735
13952,-8.292769378300235
13953,-9.646694130987658
13954,101.35971839018411
13955,14.693143328205657
13956,-450.62605298594843
13957,141.79282290943414
13958,41.55624484982845
13959,84.32794906092165
13960,-267.9387112216666
13961,231.0581980107845
13962,404.14340842218644
13963,322.89487613516997
13964,3451.7606830891377
13965,3614.123917181745
13966,3591.1225609668286
13967,3663.480580785689
13968,3682.9432425282675
13969,3694.851634519609
13970,3610.354438287298
13971,3684.712589764437
13972,3482.931681562488
13973,3683.6663775745615
13974,3542.73512879363
13975,3700.4981179524675
13976,3535.2885689630625
13977,3598.4152908252036
13978,3604.107946928012
13979,3646.2949814842345
13980,74.67373328129383
13981,78.84346767808013
13982,109.59851692262619
13983,126.769607534329
13984,-45.55648185717104
13985,-27.632356619439186
13986,-97.94412472849889
13987,-1.3846802234404372
13988,218.72035850052495
13989,-109.34480151488597
13990,-44.633344168734986
13991,-9.35437245815897
13992,327.95742378552757
13993,-154.56278902927835
13994,-107.94470409224854
13995,-127.76125106758889
13996,278.4930239517003
13997,-49.46439983382731
13998,-25.69378852109439
13999,-39.35611054940797
14000,115.52975562345206
14001,-40.47925087998638
14002,-4.846446555075648
14003,-19.231903629682936
14004,-215.1816903374004
14005,12.554572587718505
14006,95.95938396020411
14007,58.83418949118326
14008,-299.0788523340707
14009,-9.769794941640654
14010,-16.893277628626137
14011,59.31112291617097
14012,-153.93197301367096
14013,174.10237891255963
14014,63.48058078568925
14015,69.12706421854796
14016,-490.1360461259761
14017,-22.493614700748502
14018,36.940609026075464
14019,21.80126143442146
14020,-243.19868766035455
14021,36.34057479043476
14022,-24.232180156950946
14023,50.2798276015937
14024,-90.0975069952197
14025,23.601364141343577
14026,-7.077336326249139
14027,6.092661387093404
14028,-85.62033656288939
14029,57.24945400717318
14030,-1.8308844868887828
14031,10.492903678720712
14032,-40.63313347060604
14033,-7.385022579847508
14034,-2.72321408614453
14035,-21.324328009433746
14036,174.76395039892006
14037,16.247097032249087
14038,-71.37334487970479
14039,-17.47794728349716
14040,36.294402120484776
14041,-33.0326910494192
14042,-93.08228728343992
14043,-20.15501500890536
14044,111.92955020960781
14045,-140.70043804960878
14046,-81.82010219768915
14047,-112.94500692873021
14048,40.9100642534514
14049,-77.81986519034656
14050,0.41539617426803677
14051,-64.55760106474497
14052,-175.59476905666975
14053,21.5243306515761
14054,1.3385338627040895
14055,-2.123206159717471
14056,-230.67489685260276
14057,4.615662132966634
14058,-36.95599991605879
14059,21.57047701231244
14060,-110.37559650556439
14061,-25.632251270374717
14062,-27.00154060383182
14063,63.81907512846794
14064,-162.48630859404687
14065,-49.833649647358996
14066,-31.171024782563755
14067,35.15587089992303
14068,-71.83491372392281
14069,-13.800787419736263
14070,25.50915045972172
14071,102.63671500216853
14072,-184.241423667732
14073,-36.61750557328011
14074,-47.44890359477951
14075,-64.11142311051027
14076,-100.32887078107838
14077,11.123719694328077
14078,-47.32580278412651
14079,31.35566284393643
14080,-6.554230231311436
14081,4.507952212296969
14082,-32.97112748948588
14083,5.415699010749694
14084,63.065184611421216
14085,-42.525528899000854
14086,-68.35780912073156
14087,-33.140374660875224
14088,202.70401958117122
14089,65.04989907050236
14090,-57.66487649065485
14091,-37.109829888251156
14092,78.21989678384492
14093,-19.29341457118896
14094,-17.108697469965463
14095,10.046725724486013
14096,26.15535736531242
14097,-16.64712862574744
14098,39.38689232937464
14099,-21.632014263032115
14100,-92.71306377912187
14101,68.69627715429661
14102,74.80432943137333
14103,156.23979092554745
14104,-285.4472594672965
14105,96.77483803718413
14106,15.323959343813026
14107,59.95732982176167
14108,-142.25439175365216
14109,162.34784320262418
14110,116.28364614049877
14111,337.0348654608412
14112,-322.1416931812796
14113,125.08415703296704
14114,55.94170192443573
14115,21.64740515301545
14116,-220.30504136610776
14117,15.354741123779688
14118,2.0308871290311217
14119,55.72628208309641
14120,-34.20197774073395
14121,8.923611703121248
14122,5.831121494231379
14123,47.03348111129782
14124,-183.8875647441836
14125,-11.400650477173436
14126,-14.662387857452647
14127,61.757432528683786
14128,-29.57095102699764
14129,2.215525190403807
14130,-9.585156880267984
14131,30.50945329620338
14132,32.555731315217834
14133,12.78535700982752
14134,-32.81729751729352
14135,-4.600271242983304
14136,40.74081708206206
14137,24.50911093979631
14138,-68.05009655791956
14139,-140.93122247171777
14140,130.5613932944364
14141,-34.40198038287631
14142,-54.95702698528
14143,-31.509519125342432
14144,95.7439904280784
14145,26.46306992812444
14146,66.98846716884717
14147,27.986241852201196
14148,-153.962728484424
14149,42.940925073268886
14150,62.38822223507751
14151,170.00982287453073
14152,-114.03736547934197
14153,146.65463404527947
14154,78.65071015730992
14155,95.45166875524973
14156,-94.48238470607733
14157,3.1847829303625588
14158,-0.04614636073634415
14159,-23.724438642782935
14160,-45.833412640016405
14161,16.508636925111112
14162,3.4463491324382325
14163,87.86661722404621
14164,-622.4821512373513
14165,-69.35787494987062
14166,64.71143103693733
14167,161.00933564913376
14168,3.554059053107899
14169,60.388090576799385
14170,-3.707915334513906
14171,12.246860024906486
14172,-26.770782490936455
14173,-40.89467336346807
14174,-9.662111330184633
14175,38.263751998796224
14176,175.33320285459408
14177,77.34293176535886
14178,12.262250914889815
14179,109.82173493987368
14180,108.31395390578025
14181,39.817705702839646
14182,-66.63463455451246
14183,-5.031058307234673
14184,250.92220458298078
14185,-16.01631261014007
14186,-80.83545356774707
14187,-111.57569128605947
14188,179.2565117212337
14189,-91.08218193437544
14190,-94.11313489254563
14191,-18.847236616954262
14192,123.14558893462222
14193,5.661874322842038
14194,5.95416968645708
14195,23.109039826372534
14196,-62.51129673651686
14197,-6.908089154859798
14198,49.81825875737567
14199,27.293888585874154
14200,-310.7718244840728
14201,36.9867553868118
14202,49.34132533238796
14203,95.79016309802839
14204,-241.67551573627784
14205,93.43617251620192
14206,30.06327534196868
14207,185.74920470182545
14208,-224.95145896982737
14209,12.231495444136803
14210,110.03712847199937
14211,59.08033849406195
14212,-96.59019997581144
14213,52.57228093270051
14214,8.677436391028905
14215,21.247373559517094
14216,-200.21156360792207
14217,24.755286251888652
14218,-16.493246035127783
14219,58.12641902565923
14220,-57.51102020924884
14221,49.04897735034562
14222,34.78662108639133
14223,25.155291536173355
14224,65.24990171264473
14225,5.123351028707361
14226,-7.108118106215796
14227,19.908839696812997
14228,-40.002317454998675
14229,27.170787775221164
14230,24.462938269846312
14231,4.969521056514997
14232,-54.833952483840655
14233,-13.80081372894991
14234,-2.769386756094522
14235,-71.66569286174713
14236,-8.6005082503259
14237,-18.201056020577212
14238,-17.739487176359187
14239,-10.015943944519352
14240,-53.095360718424566
14241,59.480370087560296
14242,-5.400308120766363
14243,-30.509453296203375
14244,-41.00235697492409
14245,17.954880708484872
14246,16.400953313655094
14247,33.12498377089189
14248,-76.94292648107414
14249,-6.769623763437117
14250,122.45323566829519
14251,28.047779102920877
14252,-98.62108710484262
14253,38.171459277323535
14254,29.801735449106648
14255,-71.77337647320314
14256,-61.48047543662478
14257,12.893066930497188
14258,12.231495444136808
14259,45.21798751439237
14260,12.339152746379177
14261,182.74903352362188
14262,321.9416905391372
14263,575.2948138446475
14264,90.49753858871804
14265,77.46603257601183
14266,92.09763865349782
14267,168.8866825439523
14268,34.70969294568833
14269,36.75597096470278
14270,18.124127879874212
14271,48.3412595032489
14272,44.910301260794
14273,-57.21869853642016
14274,-158.54763514663762
14275,-57.58794834995185
14276,187.34927845739156
14277,-22.40129567006216
14278,-131.79224354568447
14279,-17.601021784936513
14280,415.5471102267285
14281,-61.37279182516875
14282,-150.3933048505464
14283,-45.47955371646805
14284,103.0982575371729
14285,-5.415699010749693
14286,-41.24853228701643
14287,-78.66610104729325
14288,132.59228042346754
14289,2.8463148967975265
14290,-24.73989536190532
14291,3.523277273141238
14292,-111.7756939282018
14293,30.817165859015393
14294,8.23125843679421
14295,66.1115021503611
14296,-133.63849261334295
14297,-0.43078706425136915
14298,120.08385419648538
14299,178.2564458920946
14300,-195.13435893995103
14301,62.772862938592525
14302,22.693617342890853
14303,166.3788356807198
14304,-131.80760812645414
14305,34.64815569496865
14306,120.06848961571569
14307,227.0131278788252
14308,-72.85034413383157
14309,49.21825083094861
14310,36.84826368617548
14311,57.74177832214421
14312,3.5386681631245693
14313,93.25153445482925
14314,-1.5693445940267523
14315,66.68078091524879
14316,-70.37330535977938
14317,43.21788216532789
14318,8.09276673615788
14319,-0.8615741285027365
14320,-62.695934797889535
14321,-2.6924849246051608
14322,11.01600977365841
14323,33.12501008010554
14324,17.954880708484865
14325,129.08439404030963
14326,85.54340842218639
14327,56.75712969220213
14328,-6.492666671378114
14329,-8.29279568751388
14330,7.785080482559511
14331,29.66324374847032
14332,18.570305834108908
14333,-13.831569199702924
14334,-0.47695973420136006
14335,-146.19306520106144
14336,29.14013765353262
14337,0.8769913276997121
14338,75.26589827559135
14339,-21.43201162088976
14340,-10.50829456870404
14341,33.26344916231457
14342,112.85268789804388
14343,136.40787936943747
14344,27.86316735076185
14345,256.55329712585615
14346,697.8095867636624
14347,690.6553222967101
14348,253.41466055622993
14349,46.26419970426778
14350,15.216249423143362
14351,35.55590249342138
14352,-63.01903825068488
14353,-15.831700857981048
14354,29.047844932059935
14355,-16.585565065814116
14356,-82.5124554640162
14357,179.99501134829706
14358,61.60357624727778
14359,180.81046542527707
14360,12.169931884203484
14361,35.78668691553038
14362,-3.492521802388225
14363,5.415699010749691
14364,-69.68095209345233
14365,-1.3847065326540822
14366,-41.094676005610424
14367,17.216381081421485
14368,72.12726170596515
14369,9.677502220167966
14370,-63.88061237918761
14371,-8.985148953840927
14372,356.9744869376209
14373,110.97565705041876
14374,-25.86303569248373
14375,-32.001869749527124
14376,200.47312980999774
14377,-163.13251549963758
14378,-284.07797013383936
14379,-113.97582822862228
14380,478.45843855674366
14381,-51.54145963280844
14382,-32.55573131521785
14383,-30.940240360454744
14384,3.7386708052669224
14385,-17.185599301454825
14386,-62.742081158625865
14387,0.8616004377163833
14388,51.67992502423111
14389,-22.616715511401495
14390,8.015838595454875
14391,44.57180691801531
14392,-494.81321920044877
14393,16.800958597939804
14394,135.13090906666667
14395,254.27623468473269
14396,-325.5880686229315
14397,107.0215664038125
14398,226.5977053953435
14399,314.8028169621684
14400,166.1634421485941
14401,34.64815569496865
14402,120.06848961571569
14403,227.0131278788252
14404,-72.85034413383157
14405,49.21825083094861
14406,36.84826368617548
14407,57.74177832214421
14408,3.5386681631245693
14409,93.25153445482925
14410,-1.5693445940267523
14411,66.68078091524879
14412,-70.37330535977938
14413,43.21788216532789
14414,8.09276673615788
14415,-0.8615741285027365
14416,-62.695934797889535
14417,-2.6924849246051608
14418,11.01600977365841
14419,33.12501008010554
14420,17.954880708484865
14421,129.08439404030963
14422,85.54340842218639
14423,56.75712969220213
14424,-6.492666671378114
14425,-8.29279568751388
14426,7.785080482559511
14427,29.66324374847032
14428,18.570305834108908
14429,-13.831569199702924
14430,-0.47695973420136006
14431,-146.19306520106144
14432,29.14013765353262
14433,0.8769913276997121
14434,75.26589827559135
14435,-21.43201162088976
14436,-10.50829456870404
14437,33.26344916231457
14438,112.85268789804388
14439,136.40787936943747
14440,27.86316735076185
14441,256.55329712585615
14442,697.8095867636624
14443,690.6553222967101
14444,253.41466055622993
14445,46.26419970426778
14446,15.216249423143362
14447,35.55590249342138
14448,-63.01903825068488
14449,-15.831700857981048
14450,29.047844932059935
14451,-16.585565065814116
14452,-82.5124554640162
14453,179.99501134829706
14454,61.60357624727778
14455,180.81046542527707
14456,12.169931884203484
14457,35.78668691553038
14458,-3.492521802388225
14459,5.415699010749691
14460,-69.68095209345233
14461,-1.3847065326540822
14462,-41.094676005610424
14463,17.216381081421485
14464,72.12726170596515
14465,9.677502220167966
14466,-63.88061237918761
14467,-8.985148953840927
14468,356.9744869376209
14469,110.97565705041876
14470,-25.86303569248373
14471,-32.001869749527124
14472,200.47312980999774
14473,-163.13251549963758
14474,-284.07797013383936
14475,-113.97582822862228
14476,478.45843855674366
14477,-51.54145963280844
14478,-32.55573131521785
14479,-30.940240360454744
14480,3.7386708052669224
14481,-17.185599301454825
14482,-62.742081158625865
14483,0.8616004377163833
14484,51.67992502423111
14485,-22.616715511401495
14486,8.015838595454875
14487,44.57180691801531
14488,-494.81321920044877
14489,16.800958597939804
14490,135.13090906666667
14491,254.27623468473269
14492,-325.5880686229315
14493,107.0215664038125
14494,226.5977053953435
14495,314.8028169621684
14496,-320.4360931697765
14497,0.26156620207567016
14498,-27.616965729455856
14499,55.97245739518875
14500,-151.16258625757644
14501,-3.8309898359532575
14502,-54.895463425346676
14503,-11.72375392996879
14504,-372.3753744221369
14505,-14.493140686063306
14506,-50.587540164405716
14507,-25.72457030106105
14508,-103.55985269060459
14509,-61.81894347018981
14510,-32.571095895987526
14511,-47.064262891264484
14512,-59.69576361968599
14513,-113.34501221301493
14514,-32.44802139454818
14515,-67.03463983879716
14516,-106.88310101238982
14517,-7.169629047721827
14518,-151.8087668539535
14519,-8.062011265404866
14520,-133.60773714258994
14521,-67.98855930719986
14522,-121.40702347841977
14523,-97.23638057218852
14524,-11.939147462094468
14525,-132.99231201696588
14526,-126.20729736354545
14527,-90.40521955803173
14528,-37.3560052003435
14529,10.323656507331371
14530,2.707849505374849
14531,-129.62289102523067
14532,-456.62642165156916
14533,-45.69494724859373
14534,24.801458921838638
14535,-20.41655490176737
14536,-282.12398483629755
14537,-25.90918205322008
14538,-37.63296229240251
14539,27.84777646077852
14540,30.15559437265501
14541,-22.755154593610527
14542,2.169378829667462
14543,-82.03549572981484
14544,-186.4569488581358
14545,-71.2348794882821
14546,-81.34316877270143
14547,40.956210614187746
14548,-159.00920399085564
14549,-18.308739632033234
14550,-47.75661615759152
14551,-43.002488633202205
14552,-362.32864869765086
14553,-113.62194299586028
14554,-143.8237100384653
14555,-32.017234330296816
14556,-43.61791375882624
14557,-65.52685880470372
14558,-147.57777173371554
14559,125.48418862646537
14560,-43.971772682374606
14561,-133.99237784610494
14562,-179.96425587754405
14563,-216.79715498294982
14564,58.634160539827256
14565,-74.4966168685613
14566,-284.0010419931363
14567,-45.69497355780739
14568,385.4069067440568
14569,-218.397228738516
14570,-833.2481820839274
14571,-783.6453168586773
14572,125.97651294143643
14573,-273.4465747544823
14574,-206.16575960359282
14575,-97.95951561848223
14576,17.862587987012184
14577,-91.80531698066913
14578,-43.84867187172161
14579,-130.3306088723274
14580,-336.08097230165214
14581,-38.95607895590963
14582,-14.4162125453603
14583,82.92787794749788
14584,-321.18780002209047
14585,-17.293309222124492
14586,-9.831332192360335
14587,-12.646865309191194
14588,-253.6146631983723
14589,35.89439683620006
14590,16.462490564374768
14591,181.19507981957847
14592,-400.9462596199955
14593,88.17432978685824
14594,15.631671906625044
14595,144.48528152482567
14596,3.3985155856768188
14597,303.61531977655955
14598,275.89122349018373
14599,330.2171316233747
14600,119.40550747059828
14601,299.0150222243626
14602,144.71437876090963
14603,250.61255461608934
14604,54.30888267560988
14605,163.88444230339124
14606,211.24044750373474
14607,277.67535594337284
14608,142.46640432425002
14609,252.64026009642305
14610,247.00685009854902
14611,340.2589639171279
14612,204.3995268500327
14613,228.44477779982594
14614,206.73492688664584
14615,281.4469635965465
14616,-402.91560949830694
14617,-307.04851825957553
14618,-157.35741807700018
14619,-189.10323480357735
14620,-20.77044013452938
14621,-80.26617480285938
14622,-119.32996367943866
14623,-200.70391423210674
14624,-258.55340247492063
14625,-123.88408856168562
14626,70.78872784326106
14627,-132.85382031632957
14628,-187.27235031668855
14629,-90.92832565296942
14630,7.523514280483835
14631,-0.4769597342013583
14632,-50.38753752226336
14633,-57.23406311718984
14634,-27.216960445171154
14635,-13.154606823359215
14636,-73.98887535439329
14637,-74.29658791720531
14638,-32.50955864526785
14639,-8.246623017563888
14640,3555.289727690562
14641,3634.8327937563413
14642,3485.60877559711
14643,3577.152526375703
14644,3164.574831856425
14645,3543.3505802284676
14646,3545.627642669591
14647,3616.447099674391
14648,3509.3793869098427
14649,3561.8901042826096
14650,3484.7933478293435
14651,3595.353556087067
14652,3519.6415061664543
14653,3517.2721246946444
14654,3509.1332115977502
14655,3517.272151003858
14656,3458.1456398398464
14657,3526.6726961319673
14658,3533.8115433997223
14659,3532.4268631762816
14660,176.35858204079548
14661,47.79757062269158
14662,-112.58150206537081
14663,186.3437705145618
14664,109.29862884493598
14665,-130.9306431079681
14666,-146.62385226531282
14667,-85.37416125079706
14668,249.0451737353556
14669,-169.85596659312472
14670,-93.5746379076246
14671,-104.28296142768463
14672,27.309279475857494
14673,-141.0542969731571
14674,-134.79241472388802
14675,-41.31009584694975
14676,-167.20968064768314
14677,-44.94105673154701
14678,-2.4155278325461573
14679,-8.154303986877554
14680,-587.772458291663
14681,5.138768227904336
14682,5.569555292155702
14683,17.539484534216832
14684,-627.1439597310542
14685,-39.1407170172823
14686,76.38903860616978
14687,295.4170833602931
14688,-829.6479766700833
14689,-302.03285084232425
14690,141.85436016015382
14691,195.51899964346606
14692,-75.74285800979273
14693,58.46491336843792
14694,23.324407049284574
14695,47.06426289126448
14696,-106.72924473098381
14697,-67.69621132515753
14698,-17.924098928518205
14699,40.75620797204539
14700,-39.81770570283965
14701,33.78658156646592
14702,-1.2154593612647453
14703,18.12412787987421
14704,-43.20249127534456
14705,12.96999507120019
14706,-10.262145565825344
14707,15.031637670984338
14708,-3.123245679642885
14709,70.69638250336108
14710,-5.123351028707359
14711,-1.3847065326540857
14712,31.63261993599542
14713,-79.635358787252
14714,-126.66886620776347
14715,-81.43548780338777
14716,14.446994325326969
14717,-17.231745662191166
14718,-123.5456205281206
14719,3.600205413844243
14720,-52.54149915273384
14721,-47.57197809621885
14722,-21.155080838044405
14723,-1.6154909547630965
14724,-1.800102706922118
14725,130.31521798234408
14726,29.524778357047644
14727,63.188285422074216
14728,-457.31874860868254
14729,-91.6053143385268
14730,12.86225884131688
14731,-5.323379980063358
14732,-252.44537650705752
14733,47.66429712690518
14734,10.554440929440386
14735,-40.863891583501406
14736,26.06303833462608
14737,54.43389458112866
14738,-3.8925270866729313
14739,13.446928496187901
14740,-75.77361348054573
14741,5.661874322842039
14742,17.077915689998807
14743,-11.262185085750755
14744,3.2309556003125444
14745,-1.5539273948297767
14746,-14.89317227956166
14747,47.09501836201749
14748,18.077981519137865
14749,-29.2324829934326
14750,-56.35709809870377
14751,1.2769966119844174
14752,17.41641003277748
14753,-42.46399164828117
14754,-30.955631250438078
14755,-102.03668076652781
14756,-6.8004055434037785
14757,19.93959516756601
14758,-34.87894011707767
14759,-40.663888941359055
14760,464.180691402806
14761,45.97190434065273
14762,-124.76107988938533
14763,-93.46695429616858
14764,164.9941554572794
14765,-29.46324110632797
14766,12.35456994557615
14767,-29.894028170579336
14768,39.50999314002763
14769,10.923690742972079
14770,-29.924809950546
14771,-47.64890623692186
14772,-76.9275355910908
14773,58.588014179090905
14774,6.892698264876467
14775,136.17709494732847
14776,-203.7810135510133
14777,68.01934108716654
14778,80.17385577217306
14779,106.91385648314284
14780,-341.83513934596687
14781,-11.754535709935443
14782,5.3079890900800315
14783,124.1764102345143
14784,-365.37496623659075
14785,78.32760670451458
14786,114.08351184007832
14787,197.45756774181086
14788,-172.40995981709352
14789,-55.3262767988117
14790,23.601364141343577
14791,25.4014668482657
14792,-283.9702602131697
14793,30.001738091249006
14794,-13.06228779267288
14795,-11.35450411643709
14796,-100.22116086040872
14797,-2.430918722529489
14798,-51.249111650766096
14799,-3.8771361966896
14800,-120.54544934991704
14801,3.5694236338775838
14802,-18.80109025621792
14803,-1.8923954283948063
14804,114.62200882499933
14805,-17.77026895632585
14806,-30.401743375533712
14807,-62.54207851648352
14808,63.31135992351358
14809,-8.800510892468255
14810,-60.203478824640364
14811,-54.20313646823328
14812,117.08370932749548
14813,-30.986413030404737
14814,-83.80484296598394
14815,-3.0309529581701966
14816,-18.493377693405908
14817,18.001027069221212
14818,-13.446928496187905
14819,13.93927912037259
14820,-75.40436366701404
14821,24.01676031561162
14822,14.262356263954294
14823,23.462872440707255
14824,-119.74538616292035
14825,110.48330642623405
14826,-13.385391245468227
14827,22.924401764999864
14828,-45.95648714145575
14829,27.309279475857494
14830,29.278629354168945
14831,-15.693209157344722
14832,-213.7508111347963
14833,-63.60368159634225
14834,-75.66590355987607
14835,-6.631158372014439
14836,-183.54907040140492
14837,-70.32713268982937
14838,-75.3889727770307
14839,-26.078429224609415
14840,-37.21751349970717
14841,-16.43170878440811
14842,-60.89580578175376
14843,-8.092766736157882
14844,-19.401124491858628
14845,-4.169457869518292
14846,-45.61804541710436
14847,11.369895006420421
14848,-24.955288894031
14849,-34.64815569496865
14850,-69.21938324923431
14851,0.1846380613726737
14852,55.29552132805868
14853,-111.05255888190811
14854,-358.02069912749624
14855,-80.11231852145335
14856,100.80583051527975
14857,-87.1434821777525
14858,-94.34391931465466
14859,-72.4964852102832
14860,225.62844765538472
14861,-102.03665445731417
14862,-24.662967221202315
14863,-37.863746714511514
14864,7.308120748358151
14865,-12.354569945576152
14866,-4.000237007342598
14867,-5.261842729343684
14868,-208.13510948190424
14869,45.094913012953015
14870,83.78945207600061
14871,60.649683088088715
14872,-279.2315235787637
14873,-35.925152306953066
14874,50.97218086792074
14875,61.57279446731112
14876,-318.2953387645566
14877,66.9115653373578
14878,7.523514280483823
14879,68.41934637145123
14880,-340.20428381043405
14881,-127.66893203690255
14882,-32.72497848660718
14883,94.12852578252897
14884,-26.293822756735093
14885,16.800958597939797
14886,29.524778357047644
14887,13.646957447543901
14888,-59.01880124334228
14889,61.4651108558551
14890,65.83457136751574
14891,97.85180569781255
14892,-109.4678760163253
14893,28.263198944260203
14894,22.770545483593857
14895,60.15733246390402
14896,-32.3557286730755
14897,22.9397926549832
14898,17.58563089495318
14899,21.724333293718452
14900,-9.769794941640653
14901,71.38873576968811
14902,26.63229079030013
14903,107.74470145010619
14904,-10.462121898754052
14905,-66.86539266740782
14906,-3.9386734474092755
14907,28.64781333856158
14908,110.05251936198269
14909,-37.817574044561525
14910,-65.88071772825208
14911,-23.201332547845226
14912,87.69737005265686
14913,-30.894093999718404
14914,-27.04771327378181
14915,2.7693867560945193
14916,-51.21835618001308
14917,-48.74126478753361
14918,-32.678832125870834
14919,2.3693551625961664
14920,-70.20405818839004
14921,-11.81607296065512
14922,-9.769794941640654
14923,17.093306579982134
14924,-84.09716463881263
14925,-1.9385680983448008
14926,-27.047739582995458
14927,7.123482686985479
14928,-68.52702998290727
14929,-11.523751287826432
14930,55.910920144469074
14931,58.18798258559256
14932,-133.3923173012506
14933,56.80327605293847
14934,-3.5386681631245693
14935,25.339929597546025
14936,-132.49128586045128
14937,59.1351603871282
14938,91.50743867768637
14939,111.10798644793768
14940,-38.66378359229458
14941,3.123245679642886
14942,-53.88003301543794
14943,-112.62190347593486
14944,-78.7122474080296
14945,-24.26293562770396
14946,-100.12886813893604
14947,-184.94914151482874
14948,87.58966013198722
14949,-84.20487455948229
14950,-52.356861091361175
14951,-13.385391245468231
14952,82.74326619533886
14953,2.384746052579498
14954,-86.88196859410412
14955,0.2923216728286846
14956,258.9226522884523
14957,-22.955157235752882
14958,-24.309081988440305
14959,-0.7077178470967258
14960,-8.308160268283562
14961,40.340785488563704
14962,-69.38863042062364
14963,-38.35607102948256
14964,-6.277299448466074
14965,17.754878066342513
14966,-36.78675274466946
14967,44.40258605583962
14968,-100.65197423387374
14969,7.200410827688486
14970,-0.7077178470967258
14971,31.32488106396977
14972,-142.91596324001253
14973,192.68807563665186
14974,81.94320300834215
14975,78.81995732869925
14976,-549.0163556686821
14977,52.51071737276719
14978,135.85401780374676
14979,203.96565161238595
14980,14.570095135979958
14981,36.6328701540498
14982,56.449417129390106
14983,131.2845283407301
14984,-61.695868968750474
14985,-19.53958988328131
14986,81.34316877270145
14987,108.66781282932861
14988,-43.356373865964215
14989,19.29341457118896
14990,16.53941870507777
14991,24.139861126264613
14992,-132.4999613927812
14993,10.816007131516061
14994,22.585933731434835
14995,26.201530035262408
14996,-141.36200953596912
14997,35.84822416625007
14998,47.71044348764153
14999,36.35596568041808
15000,4.661808493702981
15001,2.584775003935498
15002,40.648498051375725
15003,9.569765990284655
15004,-6.138834057043397
15005,56.40327076865376
15006,-44.833373120091
15007,-9.523645938761954
15008,7.292729858374823
15009,1.4308528933904299
15010,20.555046602403703
15011,4.4156594908242806
15012,-2.26167155114015
15013,49.03361276957594
15014,25.75532577181406
15015,-5.615727962105698
15016,130.73779690771664
15017,220.85011542917
15018,138.01541240337616
15019,212.61858046510778
15020,67.27853279624941
15021,111.17307450143936
15022,113.2965834976385
15023,30.446186745379634
15024,14.30809616858025
15025,128.0392106490912
15026,124.22328255742596
15027,123.73156391541823
15028,-259.27032431287296
15029,163.15409328874858
15030,128.3064880061736
15031,193.44787652555826
15032,-46.77191490922215
15033,5.231087258590673
15034,11.446823147123425
15035,84.03562738809296
15036,42.12549730550249
15037,2.138570740487154
15038,-37.32524972959048
15039,-4.707981163652967
15040,-41.094676005610424
15041,-28.724741479264587
15042,-121.96091135332415
15043,-25.832253912517068
15044,134.515457631829
15045,-38.248387418026546
15046,-68.61934901359359
15047,-12.154540994220156
15048,129.74596552667
15049,-41.12545778557708
15050,-30.001738091249003
15051,-75.89671429119873
15052,133.80773978473226
15053,-26.955420552309125
15054,-48.74126478753361
15055,-92.4361329962765
15056,76.48133132764248
15057,-48.46433400468825
15058,-87.2050194284722
15059,-44.41797694582296
15060,-8.492798329656237
15061,-39.52535772079732
15062,-17.20099019143815
15063,35.29433629134571
15064,-162.40938045334389
15065,-14.739315998155648
15066,48.29508683329891
15067,125.73033762934409
15068,-271.8772564696692
15069,40.71003530209539
15070,-14.200819013234618
15071,99.29804948118631
15072,-463.8421970600274
15073,82.95863341825088
15074,32.95576290871619
15075,22.124364887216807
15076,-128.73053511676125
15077,29.417094745591633
15078,73.38886742796625
15079,53.295389669780555
15080,-197.74988941463954
15081,117.06831843751216
15082,26.03228286387307
15083,30.74023771831239
15084,22.58590742222119
15085,27.97085096221787
15086,-1.8154935969054513
15087,-8.154330296091203
15088,1.3539247526874245
15089,23.109013517158893
15090,-13.385391245468226
15091,23.109039826372538
15092,86.1434426578271
15093,56.449417129390106
15094,-0.953893159189068
15095,71.65030197176378
15096,6.661913842767447
15097,2.26167155114015
15098,-47.895055239800556
15099,-18.385694081949886
15100,101.09815218810844
15101,-37.07904810828449
15102,-23.724438642782925
15103,48.06432872040354
15104,46.01802439217542
15105,1.6001000647797703
15106,36.54057743257711
15107,67.8808493865302
15108,40.64849805137571
15109,47.03348111129782
15110,69.54248670202965
15111,61.98819064157916
15112,42.34089083762818
15113,38.01757668670388
15114,2.7386312853415067
15115,77.97372147175255
15116,-150.3933048505464
15117,11.323722336470432
15118,12.416080887082181
15119,10.831398021499389
15120,-29.817100029876336
15121,-6.661913842767456
15122,-82.08166839976482
15123,-19.06263014907995
15124,110.34105759626489
15125,167.1902034826717
15126,167.32866887409438
15127,163.77549202121781
15128,-91.82068156143882
15129,63.4036789541999
15130,-48.47972489467158
15131,-5.754167044314727
15132,5.615727962105696
15133,24.49374635902662
15134,-51.664507825034136
15135,31.186415672547085
15136,6.231126778516087
15137,-33.43269633370391
15138,-83.74330571526427
15139,-50.67983288587841
15140,56.63402888154913
15141,7.169655356935473
15142,-34.725083835671654
15143,9.185151595983278
15144,133.11538651840524
15145,-10.077507504452672
15146,-14.031571841845278
15147,-53.75695851399858
15148,160.88623483848073
15149,-14.370066184623955
15150,-4.400242291627304
15151,-13.077678682656208
15152,80.09695394068368
15153,6.492692980591761
15154,-13.446928496187901
15155,1.661611006285792
15156,-67.74238399510753
15157,22.555151951468176
15158,47.987400579700534
15159,254.18394196326
15160,-221.87435965092084
15161,25.170682426156684
15162,62.57286029645017
15163,65.55764058467038
15164,-257.8764664077906
15165,39.140717017282284
15166,124.85337261085803
15167,292.5092312127759
15168,-335.8194060995765
15169,25.170682426156684
15170,50.84908005726774
15171,127.00733424132851
15172,-6.108052277076737
15173,7.200437136902135
15174,104.59067399049665
15175,120.94545463420175
15176,-77.25063904388614
15177,88.14357431610522
15178,122.17630488544981
15179,116.31442792046543
15180,-8.369697519003239
15181,72.94268947373153
15182,39.4176741093413
15183,54.01849840686062
15184,97.66716763643987
15185,88.92822030390494
15186,92.34381396559016
15187,132.39225147211152
15188,124.59183271799598
15189,85.31262400007738
15190,32.924981128749536
15191,130.82295949651208
15192,124.56105093802933
15193,29.0324540420766
15194,-1.9231772083614729
15195,-25.493785878952036
15196,140.97739514166776
15197,-9.939042113029997
15198,-6.077270497110078
15199,-7.569686950433823
15200,242.7832651768729
15201,70.58869889190507
15202,36.7097982947528
15203,145.00836131054973
15204,43.433275697453574
15205,146.2392115617978
15206,202.75019225112123
15207,131.77685265570116
15208,3589.137846507748
15209,3710.006373001246
15210,3699.944256386777
15211,3811.7045594249953
15212,3494.5477518810007
15213,3711.1910505825444
15214,3686.5434742513253
15215,3644.710272309438
15216,3706.6369257002975
15217,3584.891434188313
15218,3580.044987633237
15219,3648.987440099626
15220,3551.4125914938722
15221,3638.21760563806
15222,3640.1100273756683
15223,3747.054665638778
15224,3600.8615741285025
15225,3684.0202364981096
15226,3640.171564626388
15227,3650.8952527272177
15228,3611.277575975734
15229,3643.956408101605
15230,3589.1070384185673
15231,3707.852385061562
15232,33.7250180065326
15233,34.017339679361285
15234,-6.169589527796411
15235,24.755286251888652
15236,155.87056742122942
15237,8.662045501045572
15238,-69.57324217278267
15239,33.909656067905274
15240,131.8691716863875
15241,29.86327269982632
15242,12.077612853517149
15243,-54.35696644042566
15244,180.05657490823037
15245,-14.046962731828609
15246,-9.815967611590645
15247,-43.002488633202205
15248,156.11674273332176
15249,83.95869924738996
15250,-12.369960835559485
15251,48.27969594331559
15252,-91.1129637143421
15253,137.79258590209156
15254,177.36408998362518
15255,400.8693314792925
15256,-184.626064371247
15257,148.99323373712264
15258,172.91770133126155
15259,274.60049686502737
15260,-80.08156305070035
15261,189.70326903921804
15262,255.92248111024878
15263,642.9756342798216
15264,-79.81999684862467
15265,27.84777646077852
15266,69.12706421854797
15267,43.23327305531122
15268,-105.32917361756003
15269,34.30966135218998
15270,-25.170682426156688
15271,-5.16952369865735
15272,-36.51264156613479
15273,259.0118751875599
15274,368.43413158847125
15275,395.6197571991397
15276,249.53525780976562
15277,272.0279903102828
15278,338.98570200837696
15279,344.1085262917619
15280,334.49469751900324
15281,288.4316854935908
15282,298.7814888708915
15283,412.20458795210874
15284,324.28375499642345
15285,325.6063449146082
15286,262.10976756597233
15287,367.5150134332177
15288,86.04950711406434
15289,44.30950640309455
15290,-14.400700077204384
15291,-19.247449468761687
15292,144.73145683691797
15293,-32.955762908716196
15294,-15.785528188031053
15295,-22.339732110128843
15296,3628.8170342007375
15297,3610.3082919265617
15298,3672.0349426752787
15299,3621.5243306515763
15300,3516.502869596828
15301,3601.000065829139
15302,3695.5593786759196
15303,3677.496788046765
15304,3536.565565575047
15305,3636.9098272461088
15306,3652.156858449219
15307,3639.017642515843
15308,3603.0463438481534
15309,3615.508571095972
15310,3642.3255262568587
15311,3601.877030847625
15312,3598.4460726051702
15313,3592.122600486754
15314,3546.366115987441
15315,3621.939753135058
15316,3521.426217983393
15317,3599.23071859297
15318,3602.061642599784
15319,3669.3117022799206
15320,3601.800102706922
15321,3564.244068555223
15322,3572.7368931940923
15323,3610.8313717122855
15324,3564.690272818671
15325,3566.9980907305476
15326,3491.870657846379
15327,3382.125851047208
15328,-159.51691919581003
15329,-25.15529153617335
15330,18.70877122553159
15331,83.7586966052476
15332,138.53108552915495
15333,6.9234800448431315
15334,-67.37313418157584
15335,34.49429941356264
15336,229.5517302128107
15337,-21.047370917374742
15338,-86.5896206120618
15339,-85.03566690801836
15340,103.68292719204393
15341,-15.87784721871739
15342,-38.29450746954924
15343,-13.970034591125602
15344,156.13210731409146
15345,4.061774258062272
15346,-36.9098272461088
15347,9.800550412393665
15348,-173.67159184830828
15349,9.108223455280271
15350,48.648972066060914
15351,94.15930756249563
15352,-232.07496796602652
15353,-63.41906984418322
15354,5.231060949377024
15355,151.60876421181115
15356,-310.80260626403947
15357,82.43555363252682
15358,105.1599264461707
15359,225.4592004839954
15360,-334.48087223687236
15361,49.248979992487975
15362,114.49893432355998
15363,120.65313296137306
15364,-267.4616232880586
15365,60.31116243609639
15366,95.43627786526639
15367,57.60333923993518
15368,-237.21373619393086
15369,-18.40108497193321
15370,-25.89381747245039
15371,17.016352130065485
15372,-55.11088326668601
15373,25.232219676876362
15374,7.123508996199124
15375,35.125115429170016
15376,-27.447744867280168
15377,-33.30959552305091
15378,31.97106166034682
15379,14.170063542481602
15380,28.67856880931459
15381,15.739355518081062
15382,9.939042113029995
15383,73.17347389584054
15384,48.295113142512534
15385,30.001738091249
15386,-6.692695622734117
15387,-39.38689232937463
15388,86.68191333353448
15389,9.292861516652945
15390,-12.816112480580534
15391,16.67788409650045
15392,25.44763951821569
15393,7.492732500517176
15394,84.4356589815913
15395,28.478566167172243
15396,-21.20122719878075
15397,21.262764449500427
15398,42.20245175541915
15399,43.87945365168827
15400,-95.57476956590271
15401,56.63405519076279
15402,15.631671906625048
15403,88.86668305318527
15404,4.015627897325926
15405,28.34010077574957
15406,-52.00300216781282
15407,-6.892698264876465
15408,29.694025528436985
15409,64.92682456906302
15410,19.4626617425783
15411,260.06118350901403
15412,-151.2856870682294
15413,5.769584243511707
15414,-79.1584253622643
15415,21.724333293718452
15416,-90.3898286680484
15417,-78.85071279945227
15418,-152.91654260376222
15419,-5.661874322842042
15420,3.1386365696262146
15421,-22.21668391790314
15422,-3.2002001295595357
15423,12.523790807751848
15424,75.11204199418535
15425,-27.232351335154483
15426,-38.66378359229458
15427,9.846723082343658
15428,27.140032304468146
15429,-21.447402510873097
15430,-25.832253912517068
15431,-26.632317099513777
15432,323.00329361899594
15433,40.9869923941544
15434,-199.11920505731032
15435,-75.91207887196842
15436,184.6106734812637
15437,-10.262119256611697
15438,-49.01822187959261
15439,-55.64938025160705
15440,-11.46218772789311
15441,-32.10955336098314
15442,24.632185441235652
15443,-7.754298702592852
15444,-66.0961375695914
15445,21.44740251087309
15446,75.25050738560803
15447,86.2972989392331
15448,-227.6593084752022
15449,-16.78559401717012
15450,94.28235575472132
15451,78.17375042310857
15452,-670.7157008199306
15453,67.37313418157584
15454,109.63709687850101
15455,275.7851744463254
15456,-249.93752964382506
15457,4.646417603719648
15458,8.477407439672902
15459,73.63504274005858
15460,-197.28834687963518
15461,16.38556242367176
15462,2.27706244112348
15463,6.44652031064177
15464,-181.16432434882546
15465,17.385628252810825
15466,2.8309240068142003
15467,45.92573167070274
15468,-132.3307405306055
15469,15.954775359420392
15470,11.216012415800769
15471,-7.185019937705156
15472,-18.231811491330227
15473,20.247334039591678
15474,26.924638772342465
15475,80.9585280691864
15476,-3.954064337392605
15477,46.17190698279508
15478,7.800445063329194
15479,23.44753416915121
15480,182.96442705574754
15481,-34.70969294568832
15482,-32.78651573732685
15483,-78.74302918799626
15484,115.8528590762474
15485,-10.416001847231351
15486,-46.80269668918881
15487,-29.201674904252307
15488,6.631158372014439
15489,27.67852928938918
15490,63.17289453209088
15491,60.695829448825044
15492,-47.47968537474616
15493,69.00398971710861
15494,40.017708344982005
15495,133.53080900188695
15496,-53.172315168341214
15497,10.477539097951027
15498,13.231534964062218
15499,91.80531698066913
15500,-1.9539589883281288
15501,-3.4925218023882234
15502,-27.52467300798317
15503,37.017537166778475
15504,-14.170063542481603
15505,-32.694196706640525
15506,-58.48030425842125
15507,-3.2309556003125515
15508,-98.29798365204725
15509,4.477196741543956
15510,6.369592169938766
15511,313.0950332859326
15512,-38.109895717390216
15513,25.58607860042472
15514,-74.80432943137332
15515,18.61645219484525
15516,-37.109829888251156
15517,-26.416897258174448
15518,-16.3547806437051
15519,-6.4003739499054255
15520,65.11146263043568
15521,-27.693920179372505
15522,-20.908905525952065
15523,9.277470626669611
15524,179.548859703276
15525,29.186310323482612
15526,-21.60125879227911
15527,54.110817437546956
15528,44.3871951658563
15529,48.218185001809545
15530,-82.09705928974816
15531,17.4471655035305
15532,191.81108430895216
15533,-76.18903596402741
15534,3.0463438481535263
15535,13.046896902689548
15536,-19.031874678326936
15537,-20.86273285600207
15538,-28.77091414921458
15539,-24.878360753328003
15540,-136.39248847945413
15541,31.06334117110774
15542,74.95818571277935
15543,50.91061730798742
15544,-221.7051124795315
15545,-3.1386365696262146
15546,8.877439033171258
15547,31.324881063969762
15548,-435.7482715963701
15549,73.60426096009192
15550,76.52750399759245
15551,172.6715260191692
15552,-422.3474894609186
15553,-20.20116136964168
15554,41.787029271937456
15555,87.46658563054787
15556,-168.8866825439523
15557,25.816889331747383
15558,14.277747153937627
15559,26.55538895881077
15560,-198.62685443312563
15561,6.6465492619977695
15562,5.431089900733024
15563,-2.877096676764187
15564,-24.73989536190532
15565,22.032045856530473
15566,-4.615662132966635
15567,16.524027815094442
15568,-65.24992802185837
15569,-1.6001000647797694
15570,21.75511507368511
15571,58.14183622485621
15572,-25.678423940324706
15573,58.941846793425626
15574,18.7395266962846
15575,-21.64740515301545
15576,-15.554743765922042
15577,-6.061879607126745
15578,-84.32797537013529
15579,-30.370987904780694
15580,100.22116086040872
15581,-1.1538958013314229
15582,-58.4341578976849
15583,4.5694894630166445
15584,89.543645429529
15585,-36.57135921254377
15586,3.9233088666395872
15587,9.631329550217977
15588,-34.57122755426565
15589,15.216249423143363
15590,-21.031980027391405
15591,20.355043960261348
15592,-64.40371847412531
15593,43.24866394529456
15594,31.23258834249708
15595,22.524370171501516
15596,2.907852147517202
15597,81.78934672693615
15598,191.87262155967187
15599,126.65347531778015
15600,-105.71381432107506
15601,-83.23559051030988
15602,-103.2982864885289
15603,8.215867546810873
15604,-23.32443335849822
15605,79.06610633157796
15606,51.018327228657085
15607,9.923651223046665
15608,-121.19160363708046
15609,-14.000816371092263
15610,-18.077981519137865
15611,39.64845853145031
15612,5.061840087201334
15613,-4.692590273669639
15614,2.2001343004204763
15615,141.08507875312378
15616,15.970139940190078
15617,47.17197281193415
15618,9.277470626669611
15619,9.569792299498301
15620,114.22197723150099
15621,-78.45068120595391
15622,-100.06733088821636
15623,-61.26508190449909
15624,343.26599223935733
15625,-26.924638772342462
15626,-44.771809560157664
15627,43.40252022670056
15628,105.59073981963571
15629,-59.44961461680729
15630,-37.6329622924025
15631,18.708771225531585
15632,61.80357888942014
15633,48.27972225252923
15634,25.370711377512684
15635,-19.616518023984312
15636,48.987466408839595
15637,48.66436295604424
15638,-26.970785133078806
15639,115.36053476127637
15640,-47.21811917267049
15641,210.33524378232474
15642,21.80126143442146
15643,216.38173249946814
15644,-70.86562967475041
15645,141.91589741087347
15646,104.51371954057998
15647,543.5852920771626
15648,-375.72940452388883
15649,21.73972418370178
15650,223.36674979503096
15651,443.42564215825996
15652,-237.49064066756256
15653,28.247781745063225
15654,47.341219983323484
15655,71.09641409685943
15656,-120.00692605578237
15657,206.4427166956518
15658,87.15889937694949
15659,-14.600850606732973
15660,-45.35647921502869
15661,10.954472522938737
15662,2.1539616304704854
15663,118.46838955093591
15664,-76.8813629211408
15665,-91.3129926656981
15666,-58.01873541420322
15667,-59.434197417610314
15668,-416.9933540101022
15669,7.47736791974749
15670,9.939042113029991
15671,4.00021069812895
15672,36.371330261187765
15673,-20.308844981097707
15674,7.600442421186838
15675,-38.41760828020224
15676,9.600547770251312
15677,42.49477342824784
15678,55.495523970201035
15679,-53.249243309044225
15680,46.494984126376785
15681,-52.09532119849915
15682,81.57395319481044
15683,26.986176023062136
15684,176.8102284179345
15685,138.06951668493693
15686,208.3351121240466
15687,202.68862869118792
15688,-11.846828431408134
15689,77.12753823323317
15690,256.1840473123245
15691,360.1131235072471
15692,377.77568254290327
15693,312.5565363010116
15694,42.98709774321888
15695,-28.709350589281254
15696,-416.4548570251812
15697,-7.277365277605135
15698,34.74047472565498
15699,27.97085096221787
15700,-35.67897699486073
15701,27.678502980175537
15702,31.647984516765113
15703,102.77518039359121
15704,50.97218086792074
15705,94.23620939398498
15706,64.86531362755699
15707,-8.662019191831929
15708,41.663954770498115
15709,21.50893976159277
15710,-11.89297479214448
15711,18.44723133266956
15712,84.03562738809296
15713,-28.478566167172236
15714,-83.43559315245226
15715,6.354227589169081
15716,338.681138195571
15717,5.3541354508163685
15718,-213.07384875845258
15719,-130.4844651537334
15720,74.03504802434328
15721,-74.01965713435996
15722,-169.486716779593
15723,-74.46583508859466
15724,73.45040467868591
15725,-62.265147733638166
15726,-68.66549537432994
15727,-49.387471693124304
15728,23.939858484122254
15729,-34.725083835671654
15730,-40.879282473484736
15731,-50.71061466584507
15732,-36.61750557328011
15733,-55.46476849944803
15734,3.8155989459699278
15735,15.923993579453736
15736,-223.10520990216892
15737,141.4697194566388
15738,-29.032454042076605
15739,32.10955336098314
15740,-434.9943810793235
15741,8.508189219639569
15742,176.25634054303015
15743,379.221926326277
15744,-461.18052022460256
15745,358.1745554089023
15746,222.73596008863723
15747,367.4827815063249
15748,-460.4419942883254
15749,-86.15883354781042
15750,67.14234975946682
15751,30.586381436906375
15752,-276.87755930615083
15753,70.08098368695067
15754,55.41859582949803
15755,24.632185441235656
15756,-61.48047543662478
15757,13.446954805401548
15758,35.248189930609364
15759,11.739144819952116
15760,29.770953669139995
15761,36.494431071840765
15762,17.539458225003187
15763,50.18753488012101
15764,73.40423200873592
15765,31.263343813250092
15766,-64.64989378621766
15767,16.124022530809732
15768,150.19330220840405
15769,25.232219676876365
15770,-56.06477642587508
15771,-61.9574088616125
15772,131.1921830008301
15773,45.879585309966394
15774,1.7077836762357883
15775,-26.447679038141107
15776,23.478289639904233
15777,42.987097743218875
15778,97.3748459636112
15779,118.89917661518729
15780,-146.16230973030844
15781,57.38791939859586
15782,113.54501485515726
15783,19.031874678326936
15784,3.523303582354881
15785,-36.89446266533911
15786,37.356005200343496
15787,-6.184954108566094
15788,-182.8259616643249
15789,4.461779542346978
15790,-22.478223810765165
15791,43.5717673980899
15792,15.247031203110023
15793,-9.96979758378301
15794,-24.58603908049931
15795,27.663138399405852
15796,-175.17934657318807
15797,-1.492390144110102
15798,-25.078389704683993
15799,48.83361012743359
15800,-59.34190469613763
15801,-25.93996383318673
15802,-67.49620868301518
15803,8.415870188953228
15804,5.692629793595053
15805,-129.97674994877903
15806,-17.75487806634252
15807,-4.569489463016641
15808,-81.45087869337111
15809,11.785317489902106
15810,-298.5249381499526
15811,-44.97183851151367
15812,138.62340455984128
15813,32.89419934878288
15814,-39.34074596863829
15815,49.910577788062
15816,238.87534720021668
15817,-39.17149879724895
15818,-117.46832372179686
15819,-342.2813436094152
15820,-44.3410224959063
15821,-87.72815183262352
15822,-245.8911462757461
15823,-16.154778001562747
15824,28.201635384326885
15825,0.015364580769682945
15826,-5.754193353528374
15827,-18.84726292616791
15828,-232.73653945238692
15829,30.86333852896539
15830,21.693551513751792
15831,179.8873014276274
15832,-273.2927184730763
15833,59.35726927690731
15834,-3.123245679642885
15835,134.515457631829
15836,-189.50326639707566
15837,181.2104707095618
15838,100.48275337169804
15839,445.5026756480275
15840,16.400953313655087
15841,48.064328720403545
15842,84.18948366949897
15843,127.63815025693587
15844,-85.80779422857279
15845,303.0910286449089
15846,441.31528381148314
15847,423.80569885700163
15848,93.52594846984553
15849,370.67985919509204
15850,359.8484611735927
15851,390.4969592249684
15852,211.6851638939884
15853,395.24992802185835
15854,345.293480400328
15855,389.80347354035564
15856,294.5143375115485
15857,333.39207938120137
15858,327.09795378798464
15859,419.3636545761588
15860,270.7189281057996
15861,267.8412783744994
15862,208.8067834046921
15863,249.40742331329614
15864,48.37266367375085
15865,63.050165893918816
15866,0.8320467212483322
15867,1.0619489431260192
15868,82.92785163828422
15869,-27.14003230446815
15870,-55.433986719481375
15871,-58.48030425842124
15872,9.031295314577267
15873,1.815493596905453
15874,44.58719780799865
15875,88.6512895210596
15876,3517.564446367473
15877,3619.2318773204693
15878,3712.2218718824365
15879,3630.7863840790487
15880,3567.8443002782806
15881,3652.741501794876
15882,3642.3101353668753
15883,3665.1114626304357
15884,3526.9496269148126
15885,3656.557100740846
15886,3613.185362294112
15887,3671.234879488282
15888,3658.695697790547
15889,3669.3117022799206
15890,3615.5701346559053
15891,3623.385970609218
15892,3548.0277533029403
15893,3639.4176478001277
15894,3615.8470917479644
15895,3636.6636519340163
15896,3591.568765230277
15897,3534.073109601798
15898,3571.121402239329
15899,3586.583853283779
15900,3606.4619112006253
15901,3647.125800141984
15902,3575.7832107330323
15903,3613.3238539947483
15904,3643.1101985538717
15905,3509.071648037817
15906,3369.0635632545354
15907,3582.5990071664196
15908,181.12664331075393
15909,89.10595910717277
15910,61.981014856206286
15911,198.57322945053477
15912,148.6085930336076
15913,-160.5323759149324
15914,-247.69124898266824
15915,-82.91248705751454
15916,177.99490599923257
15917,-58.2803016162789
15918,-130.3306088723274
15919,-46.67962218774946
15920,-110.7756544082764
15921,-107.37545163657451
15922,-74.91201304282936
15923,8.385088408986569
15924,-173.7177382090446
15925,11.062182443608407
15926,100.23655175039205
15927,106.97542004307616
15928,-149.48555805209367
15929,36.37133026118777
15930,2.7847776460778526
15931,128.03815554122056
15932,-90.10005007226249
15933,363.9256263216383
15934,320.2923216728287
15935,518.3197475432769
15936,43.98431765883356
15937,437.60739478618285
15938,416.2984576667325
15939,564.9224415903234
15940,202.44023944774813
15941,347.83296493454486
15942,318.3853912454682
15943,347.98712405243253
15944,199.5323609910173
15945,319.2165127396996
15946,302.66112378088883
15947,327.3864841438285
15948,267.4588036837478
15949,342.83208273431353
15950,275.3672351950147
15951,368.5877113426093
15952,295.969789657356
15953,349.20218051243586
15954,356.1535192092837
15955,379.7076045716052
15956,281.6150007109698
15957,326.8318294978628
15958,323.5080018123279
15959,433.7286096182006
15960,-50.34219658779591
15961,22.770872475610666
15962,-135.02284584476658
15963,-0.8615499729675804
15964,125.5149440972184
15965,-37.64832687317219
15966,-55.26473954809203
15967,-26.093820114592738
15968,3610.8313717122855
15969,3532.9653601612026
15970,3605.2926245093104
15971,3634.1404404900145
15972,3509.1485761785198
15973,3614.723951417386
15974,3625.078389704684
15975,3598.39989993522
15976,3515.472021987722
15977,3678.4352903159706
15978,3595.3689732862636
15979,3636.109764059112
15980,3648.956684628873
15981,3607.2619743876216
15982,3553.3049869222673
15983,3642.463991648281
15984,3622.4628329207817
15985,3582.691299887892
15986,3531.8422198306243
15987,3655.72630839231
15988,3513.410379387938
15989,3612.5083999177687
15990,3569.829041046575
15991,3748.239343220076
15992,3613.0161414319364
15993,3594.230415756488
15994,3592.476485719516
15995,3603.2924928510324
15996,3586.860784066624
15997,3544.0736889655477
15998,3474.700449434907
15999,3581.4296941658913
16000,3612.816138789794
16001,3593.3226952672494
16002,3506.6407556245013
16003,3580.9065880709536
16004,180.1335030489334
16005,-7.185019937705157
16006,-110.96026616043541
16007,-104.25217964771798
16008,357.08217054907686
16009,-67.77313946586054
16010,-88.62050774109294
16011,-58.664942319793916
16012,165.62497147288676
16013,-24.816823502608322
16014,-27.755457430092186
16015,-26.524607178844114
16016,-47.295047313373495
16017,7.600442421186839
16018,52.40303376131117
16019,19.06263014907995
16020,-117.0221720767758
16021,5.3849172307830315
16022,36.64828735324677
16023,173.4100256462326
16024,-218.70494130132795
16025,99.8365201568937
16026,45.402625575765036
16027,137.40794519857653
16028,-353.5588932759357
16029,243.86025914671498
16030,246.9988957163412
16031,671.1311233034122
16032,-48.91051195892294
16033,82.20474290120417
16034,134.34621046043966
16035,471.3503204505278
16036,-89.09744116608064
16037,-30.032493562002017
16038,41.51009848909211
16039,180.1642585196864
16040,-386.99161591885326
16041,85.54340842218639
16042,46.14112520282842
16043,28.49395705715557
16044,-80.26617480285938
16045,49.4643998338273
16046,-6.292664029235761
16047,27.10925052450149
16048,-14.32391982388761
16049,-12.569963477701837
16050,-49.510546194563645
16051,30.355597014797365
16052,110.86794712974908
16053,224.56684457552603
16054,166.53271827133946
16055,185.5953484204194
16056,-43.91023543165494
16057,-60.88044120098407
16058,-249.7375270016827
16059,-487.828201904886
16060,-72.28109167815751
16061,-330.6191006209524
16062,-23.462898749920882
16063,0.0
16064,0.0
16065,0.0
16066,0.0
16067,0.0
16068,0.0
16069,0.0
16070,0.0
16071,0.0
16072,0.0
16073,0.0
16074,0.0
16075,0.0
16076,0.0
16077,0.0
16078,0.0
16079,0.0
16080,0.0
16081,0.0
16082,0.0
16083,0.0
16084,0.0
16085,0.0
16086,0.0
16087,0.0
16088,0.0
16089,0.0
16090,0.0
16091,0.0
16092,0.0
16093,0.0
16094,0.0
16095,0.0
16096,0.0
16097,0.0
16098,0.0
16099,0.0
16100,0.0
16101,0.0
16102,0.0
16103,0.0
16104,0.0
16105,0.0
16106,0.0
16107,0.0
16108,0.0
16109,0.0
16110,0.0
16111,0.0
16112,0.0
16113,0.0
16114,0.0
16115,0.0
16116,0.0
16117,0.0
16118,0.0
16119,0.0
16120,0.0
16121,0.0
16122,0.0
16123,0.0
16124,0.0
16125,0.0
16126,0.0
16127,0.0
16128,0.0
16129,0.0
16130,0.0
16131,0.0
16132,0.0
16133,0.0
16134,0.0
16135,0.0
16136,0.0
16137,0.0
16138,0.0
16139,0.0
16140,0.0
16141,0.0
16142,0.0
16143,0.0
16144,0.0
16145,0.0
16146,0.0
16147,0.0
16148,0.0
16149,0.0
16150,0.0
16151,0.0
16152,0.0
16153,0.0
16154,0.0
16155,0.0
16156,0.0
16157,0.0
16158,0.0
16159,-72.21955442743783
16160,-20.647339323876388
16161,-10.246754675842013
16162,89.88213977230767
16163,12.862285150530527
16164,-201.48858652912014
16165,-4.200239649484942
16166,43.94099090240795
16167,100.9135404359494
16168,-63.89600326917094
16169,75.9120788719684
16170,180.4412156117454
16171,-19.38575991108894
16172,-5.2772336193270135
16173,-26.17074825529575
16174,73.12730122589056
16175,-27.432353977296835
16176,-128.60743430610827
16177,24.386036438356957
16178,10.231363785858683
16179,91.9130269013388
16180,-57.51102020924885
16181,108.92937903140428
16182,-17.18559930145482
16183,121.65319879051214
16184,-99.82115557612401
16185,55.864747474519085
16186,165.39418705077773
16187,398.4538036467463
16188,-46.87962482989181
16189,-35.386655322032034
16190,-7.1542381577384955
16191,18.77033478546491
16192,-29.663270057683974
16193,-8.015838595454877
16194,-21.55508612232912
16195,-94.55931284678033
16196,19.247268210452614
16197,3.277128270262537
16198,-431.6711064483245
16199,-233.76738706149263
16200,61.357400935185424
16201,19.40112449185863
16202,-137.3156261678902
16203,-240.27544462285405
16204,206.2888604142458
16205,-46.32576326420109
16206,-6.846551904140121
16207,70.15791182765369
16208,36.355939371204435
16209,33.06347282938586
16210,-82.08166839976484
16211,-35.06357817845034
16212,-205.0272546922447
16213,-125.09954792295038
16214,92.72845466910519
16215,217.16640479648152
16216,-188.41088153725028
16217,-6.6157674820311065
16218,-22.52439648071516
16219,2.6463122546551716
16220,-287.8627872998426
16221,39.3715014393913
16222,55.618624780854034
16223,10.062116614469343
16224,-552.4934865810869
16225,-125.99187752220612
16226,-2.769386756094523
16227,61.172762873812765
16228,-149.53173072204365
16229,30.878729418948716
16230,-12.46225355703217
16231,6.5388393413281065
16232,-193.98043682940596
16233,-158.56302603662095
16234,27.324644056627168
16235,24.04754209557828
16236,-20.262698620361366
16237,156.59367615830948
16238,71.60415561102745
16239,113.45272213368457
16240,-70.06559279696737
16241,27.924704601481523
16242,36.70979829475281
16243,49.187469050981946
16244,-17.047160219245793
16245,17.15484383070181
16246,78.38914395523425
16247,33.00190926945254
16248,17.69334081562284
16249,3.738697114480569
16250,9.292835207439298
16251,1.2923875019677524
16252,144.9006776990937
16253,56.71098333146579
16254,-1.1693130005283994
16255,-49.84904053734233
16256,39.32535507865496
16257,56.772494272971805
16258,16.477855145144453
16259,21.832043214388115
16260,-217.28947929792085
16261,-0.6615977955740284
16262,50.23368124085735
16263,-32.80190662731018
16264,-265.4307361590274
16265,-2.077059798981127
16266,37.61757140241917
16267,47.31041189414317
16268,-108.71398549927859
16269,22.63208009217118
16270,-112.94498061951656
16271,-81.74320036619979
16272,-81.66624591628313
16273,-9.185151595983276
16274,-70.75794606329438
16275,-18.15490965984087
16276,-110.0063466920327
16277,-10.892935272219063
16278,-0.3692498135316953
16279,-16.37019784290208
16280,-197.74988941463957
16281,-41.77163838195413
16282,-34.0019750985916
16283,-2.723240395358177
16284,-47.60275987618551
16285,-85.11262135793503
16286,-34.01736598857493
16287,-60.049622543234356
16288,26.355386316668415
16289,-39.89460753432901
16290,-16.47785514514445
16291,-7.200410827688483
16292,-14.446994325326958
16293,-25.586078600424717
16294,-53.03384977691854
16295,38.66378359229458
16296,108.09856037365456
16297,-37.786792264594865
16298,-136.30019575798144
16299,-43.98716357235794
16300,89.774429851638
16301,67.55774593373486
16302,-23.95522306489194
16303,-39.940780204278994
16304,32.124917941752834
16305,-32.955762908716196
16306,-61.08047015234008
16307,-36.12518125830907
16308,-113.1757913508392
16309,-49.818258757375666
16310,-10.246754675842011
16311,32.26338333317551
16312,-205.0887919429644
16313,1.5231719240767632
16314,87.62046822116751
16315,91.94378237209182
16316,-215.0585895267474
16317,-1.861639957641792
16318,-64.71143103693734
16319,176.5948348858088
16320,-207.08889729202886
16321,22.124338578003158
16322,33.57118803434024
16323,-10.246728366628368
16324,-1.9847407682947846
16325,150.039445926998
16326,108.66781282932861
16327,133.99237784610494
16328,-144.60835602626503
16329,107.79084781084255
16330,6.4465203106417714
16331,3.0463175389398796
16332,-8.569726470359239
16333,45.187232043639355
16334,-54.46470267030897
16335,-15.431669264482695
16336,-96.77483803718413
16337,-17.21638108142149
16338,35.61743974414106
16339,55.849409202963045
16340,-190.90333751049945
16341,68.46549273218758
16342,16.508636925111112
16343,-47.07962747203416
16344,-22.78593637357719
16345,-8.046620375421538
16346,-21.83204321438812
16347,-61.83433436017315
16348,12.585354367685166
16349,-25.955328413956416
16350,-31.00177761117441
16351,15.81628365878407
16352,54.97241787526333
16353,-16.877913047856453
16354,29.21706579423563
16355,11.416041367156764
16356,-0.47695973420135473
16357,-3.6155963038275694
16358,86.02036815638775
16359,22.124364887216807
16360,36.479040181857435
16361,-6.000342356407071
16362,235.79824788131012
16363,182.19514564871753
16364,-98.60572252407292
16365,-33.371159082984235
16366,-50.57214927442239
16367,-34.678911165721665
16368,35.97129866768942
16369,14.246965373970959
16370,-49.679793365952996
16371,-9.000513534610606
16372,-62.634397547169854
16373,-34.21734232150364
16374,-67.41928054231218
16375,75.41975455699738
16376,-78.75839376876594
16377,4.015601588112279
16378,-76.38903860616978
16379,3.1847829303625588
16380,-3.6925244445305765
16381,-15.370132013763016
16382,-150.65487105262207
16383,-99.1441931997803
16384,4.784909304355978
16385,-73.00420041523756
16386,-332.38844785712155
16387,-76.89675381112414
16388,114.43739707284033
16389,12.985359651969873
16390,-67.21927790016983
16391,-15.600916435872026
16392,52.18764022918547
16393,-32.817297517293525
16394,5.077230977184662
16395,-30.06327534196868
16396,146.11613706035845
16397,8.369723828216886
16398,5.969586885654056
16399,1.9847144590811467
16400,58.4341578976849
16401,59.126511164011944
16402,-0.09231903068633329
16403,26.586170738777437
16404,-35.70973246561374
16405,37.43293334104651
16406,76.14286329407743
16407,143.4082875549836
16408,-139.91579206180904
16409,65.17299988115535
16410,85.71265559357573
16411,189.85712532062405
16412,-37.20217522815116
16413,73.91197352290393
16414,128.99207500962328
16415,329.0651732261227
16416,-296.7094445530472
16417,48.21815869259591
16418,5.969586885654058
16419,57.71104916060485
16420,-250.5683456594324
16421,14.939318640298003
16422,-22.385904780078832
16423,79.66614056721866
16424,-169.00975704539164
16425,10.277510146595027
16426,-57.28023578713983
16427,63.88063868840126
16428,-194.64203462498
16429,12.262250914889819
16430,-13.062287792672878
16431,18.016417959204546
16432,-35.248189930609364
16433,-45.01798487225001
16434,-17.016378439279134
16435,64.04985955057695
16436,55.987848285172085
16437,6.446520310641769
16438,3.5079126923715584
16439,76.61982302827877
16440,78.48146298592059
16441,102.11360890723083
16442,-50.97218086792074
16443,66.28074932175043
16444,238.13684757315326
16445,0.10770992066966478
16446,-63.15750364210756
16447,-6.1541986378130815
16448,71.6503019717638
16449,25.570714019655036
16450,93.99006039110628
16451,12.785357009827523
16452,-66.3884592424201
16453,114.02197458935863
16454,75.78900437052906
16455,18.370276882752915
16456,-12.477644447015498
16457,20.601192963140047
16458,11.600679428529435
16459,58.24951983631223
16460,-21.10893447730806
16461,-43.940990902407954
16462,-137.93107760272787
16463,-72.25030989819084
16464,-13.262290434815228
16465,-25.524541349705046
16466,1.630855535532782
16467,13.139242242589532
16468,-139.20804790549866
16469,-9.785185831623986
16470,-26.616926209530448
16471,41.46392581914211
16472,-65.01914359974934
16473,-61.43432907588844
16474,-14.570068826766311
16475,61.66508718878381
16476,-206.45810758563516
16477,-44.95644762153034
16478,2.0001316582781232
16479,78.85071279945228
16480,-35.402046212015364
16481,0.9692840491723995
16482,-15.308568453829695
16483,-5.9080496349343825
16484,36.463649291874106
16485,-32.724978486607185
16486,-85.78958373427872
16487,-49.98750592876501
16488,73.7427263515146
16489,-59.649590949736
16490,-96.12865744080707
16491,-247.01428660632453
16492,-20.84736827523239
16493,48.67975384602758
16494,-7.415830669027816
16495,9.046686204560594
16496,-12.139176413450468
16497,-45.80265716926339
16498,13.554638416857568
16499,14.231574483987632
16500,-43.91023543165493
16501,3.5386681631245693
16502,161.7785644377365
16503,175.9332633994484
16504,-110.43716006549772
16505,44.217947994466954
16506,38.61761092234459
16507,41.04852964487408
16508,-163.57869345387226
16509,32.155699721719486
16510,-6.338836699185755
16511,145.19299937192238
16512,-190.90333751049943
16513,82.23552468117083
16514,16.231706142265754
16515,44.417950636609305
16516,-165.2249398793884
16517,30.863338528965386
16518,28.140098133607207
16519,106.76002651095048
16520,-70.32713268982938
16521,32.49416775528452
16522,-20.77044013452938
16523,-30.38635248555038
16524,-29.555560137014304
16525,-2.6001658939188292
16526,-23.201332547845226
16527,10.108289284419333
16528,-5.754167044314727
16529,16.708639567253464
16530,-9.769794941640654
16531,2.9078521475171994
16532,-7.846617733279185
16533,27.57081936871952
16534,56.57249163082946
16535,188.6570568493426
16536,92.6822819991552
16537,139.53115135829398
16538,-27.032322383798487
16539,-24.539892719762964
16540,5.092595557954354
16541,-2.26167155114015
16542,-25.678397631111057
16543,-0.4153961742680359
16544,237.0444890225415
16545,-10.785225351549402
16546,-34.87894011707767
16547,18.139518769857542
16548,58.99946803461404
16549,280.84566619704856
16550,227.59586983346836
16551,169.37682894064113
16552,-150.19330220840405
16553,20.52131225465517
16554,-9.972776460778519
16555,59.69107296065513
16556,258.4376121425473
16557,229.48296844140503
16558,207.77515845595562
16559,142.69478044196825
16560,269.4460094181735
16561,203.75020627856213
16562,220.0742314515142
16563,284.9856651305939
16564,142.43752917159358
16565,229.25790789655076
16566,220.96571788200015
16567,273.78356845382973
16568,187.7934000715166
16569,231.99711590349955
16570,152.00872777450323
16571,214.79728443956074
16572,186.7369515852684
16573,171.49049974590804
16574,142.38053819937875
16575,178.32138423279682
16576,-40.094636485685
16577,-93.68234782829425
16578,-171.88685372215582
16579,-136.59251743081012
16580,18.0471997391712
16581,-45.24876929435903
16582,-70.20405818839002
16583,-38.41760828020223
16584,165.57879880293675
16585,-76.41982038613644
16586,-111.17565969256111
16587,-83.88177110668694
16588,34.54044577429899
16589,-114.94511227779469
16590,-30.50945329620337
16591,15.062419450951001
16592,12.354569945576152
16593,-0.4461779542346971
16594,12.646865309191197
16595,-16.400953313655094
16596,-225.75152215682408
16597,52.38764287132784
16598,151.05487633690677
16599,296.01711759593377
16600,-13.87774186965293
16601,193.64196879584097
16602,-7.8466177332791816
16603,157.39371303609252
16604,-347.94319162304356
16605,58.26491072629556
16606,139.82344672190905
16607,481.0585781414489
16608,-317.72605999966896
16609,-15.677818267361395
16610,-117.92989256601489
16611,94.49777559606065
16612,-218.67418583057497
16613,23.970613954875272
16614,-19.17031376053597
16615,4.554098573033314
16616,-156.5936498490958
16617,-82.15859654046783
16618,-65.38839341328105
16619,30.632554106856375
16620,-84.15870188953231
16621,10.569831819423714
16622,13.06228779267288
16623,23.016694486472552
16624,6.1695632185827645
16625,1.246214832017758
16626,-69.75788023415534
16627,-79.65074967723534
16628,23.693656862816265
16629,51.32603979146911
16630,0.13846539142267922
16631,-1.2769966119844192
16632,70.65023614262472
16633,22.508979281518187
16634,19.801156085356983
16635,-76.88136292114082
16636,728.725728636074
16637,381.8441400928891
16638,204.17175818270223
16639,254.04807800829957
16640,232.5594848897017
16641,190.84996312221693
16642,204.7883600423582
16643,174.0942949939958
16644,19.088263484438656
16645,6.873041130516512
16646,-118.53421935524588
16647,105.70863956725347
16648,-211.8584157064015
16649,-123.48405696818726
16650,-57.64948560067152
16651,-6.908089154859798
16652,-17.474981128749548
16653,57.97525237173282
16654,-30.817165859015397
16655,-31.447955565409114
16656,3543.642901901296
16657,3482.5008944982364
16658,3492.7014765041286
16659,3646.8642602491223
16660,3562.582457548937
16661,3544.750651341891
16662,3541.673552022985
16663,3690.9283256529693
16664,3551.0587062611103
16665,3555.8743710362196
16666,3523.5494241431106
16667,3553.828093017205
16668,-166.47115471140614
16669,-22.83208273431353
16670,-166.84040452493784
16671,-58.434157897684905
16672,-133.26924279981125
16673,-58.12641902565924
16674,-27.924678292267878
16675,-37.709890433105514
16676,-10.446757317984371
16677,-80.5738873656714
16678,-94.08235311257896
16679,-42.4793825382645
16680,101.89818906589149
16681,-19.55498077326464
16682,-93.60541968759125
16683,-223.58214332715664
16684,-4.554098573033313
16685,-7.4004397790444845
16686,-118.17606787810723
16687,-27.801603790828526
16688,-121.23777630703044
16689,-77.11217365246348
16690,-81.3277778827181
16691,-34.06351234931127
16692,-164.25562952100233
16693,-2.954024817467193
16694,23.816757673469265
16695,27.87855824074518
16696,-267.01541902461025
16697,9.846723082343658
16698,168.54821451038725
16699,179.36422164190333
16700,-375.03707756677545
16701,41.91010377337681
16702,-29.586341916980967
16703,345.5122729005142
16704,-407.0696764778419
16705,-81.85088397765581
16706,94.15930756249563
16707,81.34316877270145
16708,-132.65381767418722
16709,67.49620868301518
16710,-3.200173820345892
16711,25.786107551780724
16712,-111.37566233470345
16713,48.32586861326558
16714,-69.15784599851463
16715,33.01730015943587
16716,-27.878531931531533
16717,5.631092542875379
16718,20.30887129031135
16719,8.338942048250225
16720,-90.20521691588937
16721,5.984951466423742
16722,19.908839696813004
16723,-12.339179055592822
16724,0.7692814070300482
16725,3.754061695250253
16726,42.325526256858495
16727,37.109856197464794
16728,153.67043312080892
16729,26.80153796168947
16730,-17.924125237731854
16731,-78.68146562806294
16732,95.08244525093168
16733,-77.8506469703132
16734,-152.20879844745184
16735,-17.262527442157825
16736,-32.155699721719486
16737,10.554440929440386
16738,50.52597660447239
16739,79.681531457202
16740,-53.09538702763821
16741,22.816718153543853
16742,-30.109448011918673
16743,17.47792097428351
16744,-29.647852858486992
16745,-43.03327041316887
16746,-4.784909304355974
16747,-71.54261836030777
16748,2.07703348976748
16749,-1.4000974226374145
16750,12.062248272747464
16751,-53.018432577721555
16752,193.44663045552704
16753,164.10646385063842
16754,110.62701548323486
16755,147.4137682279043
16756,-209.53518059532803
16757,31.463346455392447
16758,2.538602333985512
16759,122.77633912109054
16760,-55.75706386306307
16761,1.815493596905453
16762,-30.386352485550383
16763,158.6861005380603
16764,-6.138807747829752
16765,-21.539695232345778
16766,2.9848065974338525
16767,12.277641804873147
16768,-48.602799396110925
16769,-11.61604400929912
16770,17.7702426471122
16771,-5.154159117887668
16772,23.00132990570287
16773,-17.86256167779854
16774,6.815796433387108
16775,16.708665876467112
16776,209.79674679740373
16777,-4.800273885125659
16778,-29.924809950546003
16779,-39.12535243651261
16780,189.70326903921804
16781,-2.1385970497008007
16782,21.124299058077746
16783,21.078126388127757
16784,-12.616109838438181
16785,-12.200687354956496
16786,-12.600745257668493
16787,9.800550412393667
16788,-76.28132868550011
16789,3.0770993189065408
16790,71.49644569035777
16791,185.82613284252844
16792,-96.62095544656447
16793,-106.14460138532644
16794,44.46409699734565
16795,110.71409084834306
16796,-240.9216252192311
16797,104.82145841260566
16798,50.51061202370271
16799,177.85644060780987
16800,-304.75606492846873
16801,1.861639957641792
16802,96.26712283222976
16803,257.5687538449786
16804,-106.15999227530978
16805,47.202728282687154
16806,6.969626405579472
16807,235.27514178637242
16808,-56.72634791223547
16809,71.58876472104411
16810,-5.708020683578386
16811,85.91265823571807
16812,-111.82186659815181
16813,-19.816546975340312
16814,-44.0179453523246
16815,-23.339824248481552
16816,19.87805791684634
16817,19.401124491858624
16818,-15.785528188031055
16819,-3.4002027717018892
16820,46.710377658502466
16821,-12.739210649091179
16822,-49.06436824032896
16823,7.092700907018821
16824,9.32361698740597
16825,-0.7846722970133797
16826,-189.99559071204672
16827,-73.43501378870259
16828,106.4522876389248
16829,-18.262593271296893
16830,-67.66542954519088
16831,-60.49580049746905
16832,38.494536420905234
16833,39.38689232937463
16834,3.338665520982218
16835,-21.693551513751796
16836,29.83249091985966
16837,3.8309898359532575
16838,-13.185362294112224
16839,-66.77307363672148
16840,-6.677304732750777
16841,147.60852720446857
16842,61.188153763796095
16843,44.75641867017434
16844,-291.63223988507616
16845,12.708428869124514
16846,19.539589883281305
16847,17.770242647112198
16848,131.11528116934076
16849,-35.2174081506427
16850,-41.95627644332681
16851,-94.46699381609399
16852,-267.2308388659495
16853,-98.54415896413958
16854,-23.462898749920896
16855,55.64938025160704
16856,-23.739855841979907
16857,17.047133910032144
16858,3.0617084289232093
16859,104.82143210339203
16860,-80.4354219742487
16861,18.493377693405904
16862,-17.60102178493651
16863,-30.494062406220046
16864,20.801195605282395
16865,0.3692498135316953
16866,-41.725492021217796
16867,38.432972860971915
16868,188.08780439366856
16869,-10.262145565825342
16870,-32.54034042523451
16871,-10.631369070143386
16872,115.37589934204605
16873,30.463306935467028
16874,-105.54454084047208
16875,-2.6463122546551716
16876,124.42258554660664
16877,-48.7412647875336
16878,-33.77119067648259
16879,8.92361170312125
16880,2.015496239047806
16881,17.23177197140481
16882,-6.8003792341901335
16883,20.155015008905348
16884,-77.75832793962688
16885,69.71173387341898
16886,31.817231688154454
16887,19.801129776143338
16888,-125.09952161373671
16889,2.923243037500532
16890,9.800576721607314
16891,81.11238435059244
16892,-115.43743659276574
16893,3.754061695250254
16894,77.08136556328317
16895,239.81387577863603
16896,-336.1425358615855
16897,43.556376508106574
16898,126.36115364495144
16899,26.940003353112154
16900,-160.82469758776108
16901,-0.8462095477330518
16902,9.154369816016615
16903,153.33193877803026
16904,-24.401401019126638
16905,21.155080838044405
16906,17.354846472844162
16907,4.369460511660641
16908,32.386484143828504
16909,69.588633062766
16910,15.800919078014385
16911,16.30863428296876
16912,17.93948981850155
16913,115.2528248406067
16914,24.201398376984287
16915,45.833412640016405
16916,7.4927325005171745
16917,133.48466264115058
16918,33.41733175293423
16919,15.923993579453736
16920,-80.29695658282603
16921,-24.58603908049931
16922,-28.14009813360721
16923,-24.78604172264166
16924,56.0186037559251
16925,15.15471217242369
16926,17.124062050735148
16927,-14.416212545360299
16928,55.233957768125364
16929,202.61172685969856
16930,45.7564844993134
16931,53.72617673403194
16932,197.7806711946062
16933,435.9790560184792
16934,164.99415545727936
16935,15.785528188031051
16936,-35.81746869549705
16937,55.72630839231006
16938,55.20317598815871
16939,21.6012587922791
16940,-19.754983415406997
16941,108.60627557860893
16942,-13.877741869652915
16943,61.818943470189815
16944,-7.061945436265807
16945,10.523685458687371
16946,-4.384877710857618
16947,104.66760213119966
16948,-49.710575145919655
16949,54.01852471607427
16950,-18.201056020577212
16951,138.30030110704593
16952,-67.5115995729985
16953,13.185362294112227
16954,-8.415870188953233
16955,21.55511243154276
16956,-91.25142910576477
16957,25.8476448025004
16958,-39.925363005082026
16959,84.3587308408883
16960,113.43733124370127
16961,7.508123390500504
16962,-31.49412823535911
16963,-61.14200740305975
16964,244.18333629029667
16965,-5.215696368607343
16966,-60.17272335388735
16967,27.18620497441814
16968,99.60576204399833
16969,-59.003410353358944
16970,-106.28306677674911
16971,-44.37180427587296
16972,129.65364649598368
16973,-95.29781247384372
16974,-6.661940151981103
16975,42.01781369404648
16976,10.87757069144938
16977,5.215696368607341
16978,-33.00190926945254
16979,-40.663888941359055
16980,-12.000684712814145
16981,-7.754298702592852
16982,-2.569357804738522
16983,-14.277747153937623
16984,-187.65699102020355
16985,-26.493825398877455
16986,125.26876878512604
16987,84.3894863116413
16988,-76.05054426339109
16989,103.68290088283027
16990,140.88507611098143
16991,549.0471374486488
16992,-275.4928527734968
16993,107.36003443737754
16994,271.0772195918861
16995,313.218107787372
16996,-98.49801260340325
16997,17.170208411471496
16998,14.062353621811937
16999,69.86556384561136
17000,-235.24436000640574
17001,15.985557139387055
17002,51.23374706999641
17003,81.71241858623313
17004,-184.97992329479538
17005,59.03419213332561
17006,9.64669413098766
17007,-2.9232430375005336
17008,-157.80913551957423
17009,-46.556547686310104
17010,39.54074861078064
17011,14.939318640298003
17012,-6.861916484909807
17013,143.8237100384653
17014,35.60207516337137
17015,14.400821655376973
17016,3.4463491324382343
17017,60.38811688601304
17018,75.9582515419184
17019,11.569897648562776
17020,20.75504924454605
17021,46.78730579920548
17022,9.969797583783008
17023,3.89255339588658
17024,-151.74722960323382
17025,32.75573395736019
17026,-14.600850606732973
17027,-15.123956701670675
17028,-57.9879799434502
17029,6.769623763437119
17030,41.633172990531456
17031,-38.479145530921905
17032,-87.22041031845554
17033,95.54398778593604
17034,45.00259398226668
17035,37.09446530748147
17036,-18.154883350627223
17037,45.04876665221668
17038,18.524159473372563
17039,5.231060949377024
17040,-102.15975526796717
17041,-37.84832951531454
17042,20.32426218029469
17043,24.878360753327996
17044,-22.370513890095506
17045,21.616623373048785
17046,29.32477571490529
17047,124.9918380022807
17048,-45.26416018434235
17049,19.678055274703983
17050,16.462490564374768
17051,96.65173722653114
17052,64.83450553837667
17053,61.77279710945348
17054,-8.046620375421536
17055,28.801643310753942
17056,168.42514000894792
17057,106.2061386360461
17058,136.02323866592243
17059,1.2923875019677507
17060,148.3162713607789
17061,-97.03637793004616
17062,-317.4645201068069
17063,-596.7729718262736
17064,-0.4615688442180286
17065,-55.695526612343386
17066,-33.66348075581291
17067,32.494194064498174
17068,38.09450482740689
17069,-7.615833311170169
17070,8.477407439672906
17071,-0.9692840491723995
17072,63.695974317814944
17073,-0.4461779542346971
17074,-59.58805369901632
17075,-22.601324621418165
17076,-42.294744476891836
17077,-68.05009655791953
17078,-6.415738530675109
17079,-25.57071401965504
17080,-269.90790659135774
17081,-30.90948488970173
17082,-2.738631285341512
17083,40.67925352212873
17084,-78.85071279945227
17085,53.21846152907756
17086,84.758736125173
17087,255.67633210737011
17088,-278.6622711230896
17089,71.49644569035779
17090,86.40500885990278
17091,138.4080110277156
17092,-303.6021691271373
17093,30.9710221404214
17094,9.785185831623984
17095,20.585828382370362
17096,-203.01173214398324
17097,51.18757440004643
17098,-19.43190627182529
17099,66.17303940108077
17100,13.185362294112226
17101,9.708231381707332
17102,-4.461805851560623
17103,6.184980417779741
17104,-18.754917586267933
17105,30.41713426551704
17106,14.139281762514942
17107,12.139176413450471
17108,35.54051160343805
17109,107.17542268521852
17110,8.431234769722913
17111,130.08443356023503
17112,-18.09334609990755
17113,-4.061774258062268
17114,-38.20221474807656
17115,-8.000474014685192
17116,72.88112591379821
17117,10.35446459651168
17118,1.2769966119844192
17119,28.463175277188917
17120,1.1847038905117309
17121,-15.47781562521904
17122,-8.231258436794207
17123,66.17306571029442
17124,30.663309577609393
17125,1.7385654562024442
17126,-4.569515772230291
17127,7.831226843295854
17128,-45.725702719346735
17129,9.908260333063334
17130,-27.293888585874157
17131,1.923177208361471
17132,3530.0728725944555
17133,3554.289661861423
17134,3505.8253278567345
17135,3523.795599455203
17136,3384.9721659440056
17137,3430.851751253972
17138,3375.787040657236
17139,3606.877307374893
17140,3561.0746765148433
17141,3534.2116013024342
17142,3421.0357836423814
17143,3609.6005477702515
17144,3494.024645786063
17145,3569.275153171671
17146,3578.937238192642
17147,3632.1095270517694
17148,3600.04617266995
17149,3621.7397241837016
17150,3588.2608814892615
17151,3592.476485719516
17152,0.246149002878699
17153,-21.801261434421455
17154,-57.00330500429447
17155,16.17016889154608
17156,62.81900929932887
17157,-65.15760899117203
17158,-236.6906037897795
17159,11.185256945047755
17160,81.58931777558013
17161,-34.04812145932795
17162,-130.83832407728175
17163,-147.83931162657757
17164,84.25102092021864
17165,-13.339244884731883
17166,-13.862324670455937
17167,26.44767903814111
17168,-53.95696115614094
17169,-26.8169288516728
17170,-46.74115943846913
17171,-21.801261434421455
17172,-129.86904002810934
17173,50.78754280654807
17174,144.26986168348634
17175,48.06430241118989
17176,-93.97466950112295
17177,-7.44658613978083
17178,64.75760370688732
17179,74.40432414708863
17180,-246.72196493349583
17181,-31.10948753184409
17182,-5.523408931419354
17183,194.64203462498
17184,-959.7478011203015
17185,-197.8422084453259
17186,65.31146527257805
17187,31.817231688154457
17188,-202.0578389847942
17189,-11.462214037106756
17190,-17.12406205073515
17191,-24.26296193691761
17192,-120.2377104778914
17193,-16.308634282968754
17194,-6.800405543403784
17195,43.61791375882624
17196,-25.416857738249035
17197,6.631132062800793
17198,-18.06259062915454
17199,34.448126743612654
17200,-7.723543231839836
17201,-24.616794551252323
17202,-30.632527797642723
17203,38.802248983717256
17204,44.648735058718316
17205,-0.015364580769684721
17206,-20.447336681734036
17207,82.23552468117083
17208,12.123759214253496
17209,-158.14760355313925
17210,-115.6220746541384
17211,-122.00705771406048
17212,63.09594008217424
17213,-18.954946537623933
17214,-104.06756789555894
17215,-70.88102056473375
17216,47.11040925200082
17217,-13.554612107643925
17218,-3.9233088666395908
17219,2.369355162596168
17220,-21.478157981626115
17221,-13.985425481108937
17222,-7.6311978919398555
17223,-20.155015008905345
17224,-55.58784300088738
17225,20.09347775818567
17226,47.64890623692186
17227,19.862693336076656
17228,-7.877373204032203
17229,9.000539843824257
17230,-28.309345304996548
17231,1.4154620034070984
17232,-6.061905916340393
17233,-5.677238903611724
17234,-20.50887393245371
17235,70.61948067187173
17236,-87.91276358478257
17237,12.600745257668496
17238,6.4465466198554155
17239,0.7384996270633852
17240,-107.16003179523518
17241,-40.54081443991971
17242,-114.23736812148432
17243,35.75590513556373
17244,286.47653267740475
17245,253.38316026828355
17246,187.3642536758768
17247,269.1849615465293
17248,2.8309503160278418
17249,-5.584946182139035
17250,-62.44975948579718
17251,-6.538839341328105
17252,41.91010377337682
17253,-109.03708895207396
17254,-33.75579978649926
17255,23.324433358498222
17256,209.22746803251601
17257,-13.046923211903195
17258,-45.894976199949724
17259,-160.00924351078106
17260,233.32118279804428
17261,42.21781633618883
17262,4.723345744422652
17263,-0.6769360671300646
17264,-84.29719359016863
17265,1.6770018962691253
17266,16.33941606293542
17267,15.370132013763019
17268,-23.324407049284574
17269,48.987466408839595
17270,4.661808493702979
17271,205.33496725505674
17272,-30.14020348267168
17273,352.4049974746043
17274,204.98108202229471
17275,430.3171816956371
17276,44.58719780799865
17277,664.8230683841932
17278,504.96765484560444
17279,721.3955600150226
17280,-436.64062750483953
17281,39.817679393626
17282,119.68384891220067
17283,50.86449725646472
17284,-127.17658141271784
17285,-15.508571095972052
17286,-28.417028916452562
17287,42.80245968184621
17288,-152.76266001314258
17289,4.215630539468282
17290,0.8616004377163833
17291,11.400650477173436
17292,-36.52518654259378
17293,12.431498086279158
17294,-40.03309923496533
17295,9.831332192360328
17296,-8.262013907547221
17297,17.354846472844162
17298,-11.80068207067179
17299,-1.1231403305784102
17300,38.30989835953257
17301,-6.785014653420449
17302,-5.384943539996681
17303,97.65180305567019
17304,364.1318294978628
17305,295.1905620681868
17306,266.68237284854723
17307,173.24647685961335
17308,281.5406792747814
17309,33.31153898015543
17310,78.5135562408148
17311,-73.83456348907742
17312,203.18097931537258
17313,-20.093477758185674
17314,-25.47839498896871
17315,-12.493035336998828
17316,75.85054162124872
17317,-28.955525901373598
17318,-5.492600842239054
17319,27.432353977296835
17320,-3.3232746309988848
17321,72.31187345812417
17322,-6.769623763437117
17323,57.43409206854584
17324,-19.27804999041928
17325,-16.800984907153445
17326,-6.046488717143415
17327,22.955183544966523
17328,3555.828224675483
17329,3522.303209311093
17330,3520.256931292078
17331,3655.2801304380755
17332,3563.920991411641
17333,3533.5653943968437
17334,3611.6929721500023
17335,3640.2946391278274
17336,-158.25427281762194
17337,4.325237007342585
17338,7.138873576968811
17339,54.695487092417984
17340,45.664191777840706
17341,0.43078706425136915
17342,-167.19428975769983
17343,4.323340460137944
17344,26.84771063163946
17345,31.140269311810748
17346,-13.24692585404555
17347,85.83573009501508
17348,59.9880852925147
17349,7.969692234718533
17350,-33.69426253577958
17351,-18.724162115514915
17352,86.92808864562681
17353,-2.5847486947218528
17354,10.292901036578357
17355,-5.815730604248049
17356,-27.232325025940835
17357,-11.108328804344747
17358,2.8309503160278418
17359,19.75498341540699
17360,52.57228093270051
17361,35.309753490542676
17362,23.816757673469258
17363,4.800273885125659
17364,-131.82302532565114
17365,11.339113226453762
17366,75.065895633449
17367,92.5284257177492
17368,-154.30122282720265
17369,77.8506469703132
17370,-25.047607924717344
17371,131.71528909576782
17372,-289.416741003886
17373,110.2371311141417
17374,120.09927139568235
17375,260.55353413319875
17376,-389.45329011213573
17377,23.847539453435928
17378,97.54409313500054
17379,129.77674730663668
17380,-51.46453149210543
17381,6.4157385306751085
17382,8.785120002484923
17383,99.66732560393166
17384,-129.13054040104598
17385,15.847065438750732
17386,24.93989800404767
17387,30.740237718312386
17388,-93.80542232973362
17389,5.55416440217237
17390,32.571095895987526
17391,21.478157981626104
17392,-183.22596694860957
17393,5.3849172307830315
17394,-22.15512035796982
17395,-14.231600793201281
17396,74.72740129067033
17397,3.2463464902958847
17398,-24.98607067399766
17399,-65.41917519324771
17400,-112.17572552170017
17401,-85.1741586086547
17402,-136.5771265408268
17403,-29.43248563557496
17404,244.36797435166937
17405,-335.46554717602817
17406,-70.69640881257472
17407,-97.06715971001282
17408,5.154159117887673
17409,-11.67760756923244
17410,-14.354675294640629
17411,-26.447705347354756
17412,-52.57228093270051
17413,-14.000816371092263
17414,60.511191387452385
17415,0.3231034527953476
17416,16.04709439010673
17417,3.554059053107899
17418,5.877267854967723
17419,61.11122562309309
17420,-79.05074175080829
17421,-8.262013907547221
17422,-17.86256167779853
17423,21.062735498144423
17424,-28.52471252790858
17425,57.89566091276387
17426,-53.695394954065264
17427,-26.13996647532909
17428,-269.4463377471397
17429,-63.34211539426657
17430,-71.78876736318647
17431,94.820879048856
17432,-4.800273885125659
17433,-6.031097827160086
17434,59.111120274028615
17435,52.94150443701856
17436,62.11129145223215
17437,28.00163274218453
17438,3.4002027717018897
17439,82.14320565048449
17440,25.186073316140018
17441,-13.108434153409222
17442,-87.32812023912518
17443,12.277641804873156
17444,138.96189890261994
17445,-59.14187574478163
17446,-36.140545839078754
17447,31.632593626781787
17448,255.39937501531108
17449,-48.78743745748359
17450,-11.862219321391464
17451,18.693380335548255
17452,169.1174669660613
17453,-28.44781069641923
17454,18.9395556476406
17455,44.756444979387986
17456,13.216144074078887
17457,13.246925854045548
17458,-18.12412787987421
17459,10.81600713151606
17460,-41.84856652265714
17461,39.879216644345675
17462,65.80378958754908
17463,218.55111132913558
17464,-134.83856108462436
17465,66.31153110171711
17466,161.73244438621379
17467,267.15391072524653
17468,-60.634265888891726
17469,103.6675363020606
17470,226.1515274411088
17471,419.0242411391333
17472,-233.4135018287306
17473,22.570516532237857
17474,38.50990100167492
17475,-8.246623017563891
17476,-230.3671842897907
17477,94.55931284678033
17478,62.12665603300184
17479,24.47832915982964
17480,-130.40753701303038
17481,56.9417677535748
17482,7.338876219111166
17483,119.49921085082799
17484,-53.51078320190624
17485,75.98903332188506
17486,20.031914198252352
17487,13.200753184095555
17488,-161.13238384135946
17489,-3.8771361966896016
17490,-17.9702715984682
17491,2.5539932239688365
17492,18.954946537623933
17493,59.541907338279984
17494,-15.308594763043343
17495,90.97449832291942
17496,-114.0835118400783
17497,-129.25364121169895
17498,-83.88177110668695
17499,23.401361499201222
17500,224.182203872011
17501,-42.54091978898418
17502,-37.586789622452514
17503,-4.892592915811992
17504,-3.7233062244972386
17505,21.155080838044412
17506,1.2923611927541057
17507,14.985491310247998
17508,17.35484647284416
17509,38.8483953444536
17510,20.293480400328026
17511,33.54040625437357
17512,-16.89330393783978
17513,-10.000579363749665
17514,46.418082294887434
17515,13.339218575518236
17516,-59.98808529251468
17517,14.046989041042256
17518,6.354201279955435
17519,68.23470831007857
17520,-4.9233483865650065
17521,20.43197210096435
17522,48.07969330117322
17523,39.879216644345675
17524,9.3697633481423
17525,48.09508419115655
17526,38.47914553092191
17527,231.87493901467053
17528,-30.23252251335802
17529,43.49481294817325
17530,64.14215227204964
17531,235.7520752113601
17532,28.21699996509657
17533,20.678121103843047
17534,-65.03453448973268
17535,58.97265488260593
17536,63.44982531493624
17537,-28.832425090720598
17538,-35.55590249342138
17539,50.29521849157703
17540,161.47087818413814
17541,-25.586078600424727
17542,-115.22204306064005
17543,-103.11364842715622
17544,283.4010077574956
17545,-1.2462411412314083
17546,-46.01805070138907
17547,-142.6697879279202
17548,255.56864849591403
17549,-4.723345744422652
17550,15.539352875938715
17551,-6.077270497110074
17552,52.60303640345352
17553,11.939147462094468
17554,22.41666025083185
17555,-52.71072001490954
17556,-84.48180534232765
17557,49.09515002029561
17558,50.095189540221035
17559,61.403547295921776
17560,-203.16558842538925
17561,70.46559808125207
17562,72.34265523809083
17563,142.0697536922795
17564,-257.21486861221655
17565,92.82074739057788
17566,150.34715848981003
17567,537.4464580201193
17568,-327.9728146755109
17569,-17.87795256778186
17570,-1.200068471281405
17571,98.03641744997157
17572,-154.36278638713597
17573,23.585999560573896
17574,65.20375535190837
17575,14.98546500103435
17576,-78.00452956093285
17577,26.293822756735096
17578,57.38794570780949
17579,120.69930563132306
17580,-82.68170263540553
17581,-6.954235515596139
17582,-29.617097387733978
17583,-13.446928496187903
17584,-125.23801331437303
17585,-7.338876219111167
17586,29.447876525558286
17587,29.263212154971974
17588,-53.24921699983057
17589,11.646825789265781
17590,14.477749796079978
17591,63.60368159634225
17592,-15.385522903746356
17593,-16.877913047856453
17594,16.662493206517123
17595,45.97187803143908
17596,13.13921593337588
17597,8.138939406107871
17598,16.062485280090062
17599,-66.49614285387612
17600,28.61705786780857
17601,4.646443912933295
17602,-41.002383284137736
17603,-52.15685844921883
17604,20.662730213859724
17605,25.90918205322007
17606,48.4181876439519
17607,1.0616030798587364
17608,-27.493891228016512
17609,-9.015904424593938
17610,-7.785054173345863
17611,34.61740022421564
17612,-114.16043998078132
17613,-15.708600047328048
17614,57.18791675645349
17615,52.54149915273385
17616,9.723622271690664
17617,-12.369934526345837
17618,6.754259182667436
17619,45.74109360933007
17620,4.077165148045609
17621,90.85139751226642
17622,47.20272828268716
17623,75.52743816845339
17624,-9.000513534610604
17625,-4.769492105158999
17626,-21.662769733785133
17627,60.28040696534337
17628,11.492969507859769
17629,22.385931089292484
17630,-3.5694499430912323
17631,88.85129216320193
17632,51.233720760782774
17633,47.01809022131449
17634,-23.370579719234563
17635,51.98761127782949
17636,263.72295248279164
17637,74.38890694789166
17638,-52.156858449218824
17639,-28.432419806435895
17640,197.22678331970187
17641,-33.12498377089189
17642,-82.97405061744786
17643,-47.71044348764153
17644,95.05163716175137
17645,-33.21730280157823
17646,27.26313311512115
17647,76.20440054479711
17648,17.431774613547166
17649,-36.60211468329678
17650,-3.7848434752169133
17651,9.554401409514972
17652,-48.04893783042021
17653,-22.247439388656158
17654,33.7250180065326
17655,-5.86187696498439
17656,-191.2880045232281
17657,95.77477220804506
17658,110.83716534978241
17659,69.97327376628103
17660,-132.1768842491995
17661,133.33078005053093
17662,60.9727602316704
17663,304.6945539869627
17664,-131.08452569858775
17665,-3.2924928510322244
17666,82.62016538468586
17667,19.55498077326464
17668,105.34171859401897
17669,347.8782290950499
17670,346.5870266297951
17671,328.07737584617456
17672,164.39099878084625
17673,339.66324374847034
17674,355.5097298234714
17675,313.0924902088899
17676,187.54648780443682
17677,273.53577134437626
17678,316.06187960712674
17679,361.3251839004514
17680,185.43748749798968
17681,356.03051846341043
17682,406.53798345031043
17683,393.9700345911256
17684,-4.231021429451609
17685,47.78737162834454
17686,14.216209903217948
17687,34.371224912123296
17688,-28.509321637925254
17689,26.216920925245738
17690,-6.569594812081117
17691,4.307949570154614
17692,35.23282534983967
17693,20.124259538152334
17694,7.2773389683914935
17695,-3.9386997566229223
17696,7.092727216232472
17697,39.87924295355932
17698,33.20191191159489
17699,-27.924704601481526
17700,130.29982709236072
17701,5.3079890900800315
17702,4.584880352999974
17703,20.924296415935395
17704,191.61353736956434
17705,282.4031211038431
17706,320.28107367162494
17707,295.4488855882469
17708,38.248361108812894
17709,42.35628172761152
17710,-26.509216288860785
17711,2.9847802882202057
17712,3652.4492064312612
17713,3613.770031948983
17714,3609.062077094544
17715,3668.7578144050162
17716,3482.670115360412
17717,3671.5425920510943
17718,3643.556350198893
17719,3891.7399498057457
17720,3460.9304437951378
17721,3697.359455073628
17722,3609.815941302377
17723,3613.4315376062045
17724,3570.152118190157
17725,3595.6920504298455
17726,3574.167746087483
17727,3594.6766200199368
17728,185.07663802646925
17729,190.15417184013558
17730,85.70108104083026
17731,186.35391116572168
17732,233.18042146501577
17733,-45.8046239651739
17734,7.120936527325284
17735,74.00199661198444
17736,72.92729858374821
17737,-44.67951683868498
17738,-14.093135401778596
17739,-68.14241558860587
17740,181.27200796028146
17741,-15.77016360726137
17742,-45.125668483706036
17743,16.908668518609467
17744,60.04962254323436
17745,-22.66286187213784
17746,-38.64839270231125
17747,-19.75498341540699
17748,42.43320986831451
17749,-26.893856992375802
17750,16.200924362299098
17751,-12.246886334120132
17752,-69.25016502920097
17753,-37.7560104846282
17754,42.17166997545249
17755,110.4217691755144
17756,-136.8848391036388
17757,84.804908795123
17758,96.9902315693098
17759,332.65001405919725
17760,32.89137974447215
17761,450.99218035868773
17762,392.9589362547325
17763,630.7407661768382
17764,160.31383363280065
17765,339.40084796459064
17766,327.5545725877185
17767,354.817679393626
17768,196.22389788625208
17769,312.1693525204538
17770,346.2476763959987
17771,475.8870907294985
17772,238.42604680518954
17773,318.6928009717986
17774,313.18450640309453
17775,337.96996876198654
17776,309.82929126462966
17777,369.70798116365296
17778,422.40043977904446
17779,402.06051018149844
17780,9.569792299498303
17781,43.787160930215585
17782,-0.12307450143935128
17783,39.75614214290632
17784,-42.8024596818462
17785,-11.9545383520778
17786,-30.43252515550037
17787,-32.140308831736164
17788,216.08941082663947
17789,-23.709074062013244
17790,-62.880572859262195
17791,-39.07917976656261
17792,157.47064117679554
17793,-44.494878777312316
17794,12.754575229860862
17795,79.21996261298396
17796,-43.67942470033227
17797,61.14200740305974
17798,5.923440524917712
17799,60.17269704467371
17800,-36.41747662192411
17801,2.707849505374849
17802,26.27845817596541
17803,41.279287757769445
17804,-2.877096676764186
17805,47.956618799733874
17806,16.524027815094442
17807,-39.679214002203324
17808,-25.709223726824
17809,72.85004960003091
17810,38.0189939349386
17811,38.77318728846697
17812,3493.1015080976267
17813,3653.6184931225757
17814,3674.419688727858
17815,3614.216209903218
17816,-90.35559000107693
17817,-8.626924633842805
17818,58.392350624184665
17819,72.16379151872162
17820,-15.785528188031055
17821,-102.59054233221853
17822,-58.28030161627889
17823,47.57197809621885
17824,46.29498148423443
17825,-2.477065083265833
17826,-75.94286065193508
17827,14.53928704679965
17828,30.494088715433694
17829,-35.63283063412439
17830,-209.59671784604768
17831,-100.60580156392373
17832,-59.83422901110866
17833,-69.97327376628101
17834,-45.6795563586104
17835,-25.90918205322007
17836,48.84897470820327
17837,-141.7620411294675
17838,-58.2341289463289
17839,18.64723397481191
17840,59.31112291617096
17841,-148.9778428471393
17842,-85.00491143726535
17843,-23.6629277012769
17844,-159.593847336513
17845,-95.9286284894511
17846,23.29365157853156
17847,200.13463546721906
17848,-182.4874673215462
17849,43.92562632163827
17850,97.5748749149672
17851,207.76585966837254
17852,-242.75248339690623
17853,50.89525272721774
17854,79.97385313003068
17855,527.953593861324
17856,-397.65376676896324
17857,76.72750663973483
17858,87.74354272260686
17859,20.8011956052824
17860,-153.90121754291795
17861,-16.739421347220127
17862,-3.661742664563917
17863,8.631263721078916
17864,-186.64156061029482
17865,6.15419863781308
17866,-13.939279120372593
17867,-76.74289752971814
17868,-245.1064739787327
17869,-222.87442548005993
17870,-69.38863042062363
17871,-28.540103417891913
17872,372.80130095434686
17873,439.972997239013
17874,415.70774415631035
17875,424.8313321923603
17876,415.608876574596
17877,429.2697633481423
17878,461.4391158685961
17879,405.7763856547364
17880,706.2382117144969
17881,425.14590406910906
17882,283.0436568148275
17883,391.6821494281705
17884,357.175685577532
17885,307.3719355099083
17886,195.57941543695586
17887,357.0479761660953
17888,269.5329377126246
17889,339.35379045226694
17890,368.7691471066096
17891,394.21532506084424
17892,3475.65436890331
17893,3582.6759353071225
17894,3626.7553916009533
17895,3606.89272457409
17896,3580.3065538353126
17897,3694.7285600181694
17898,3651.679925024231
17899,3612.9392132912335
17900,3491.439897091341
17901,3609.5082550487787
17902,3557.30522392961
17903,3626.909247882359
17904,3561.9823970040825
17905,3622.939792654983
17906,3507.1792526094223
17907,3617.8318062070457
17908,3451.4683351070953
17909,3521.3954625126403
17910,3548.9201092114095
17911,3575.813992512999
17912,3332.7537702440673
17913,3490.439831262202
17914,3620.062695978219
17915,3606.615767482031
17916,3615.508597405186
17917,3437.959843050974
17918,3563.490178038176
17919,3599.9692182200333
17920,171.96211133018463
17921,91.31126951459657
17922,121.2819492986109
17923,123.4054319855964
17924,321.7706644196241
17925,193.03927341184513
17926,303.41401402639184
17927,304.4622671439979
17928,418.0224801975422
17929,188.00887830403184
17930,136.06829558717
17931,263.49074947549855
17932,448.94746747529433
17933,309.93884284818836
17934,226.0425630517494
17935,323.64877280121925
17936,362.4462833032992
17937,318.2599992890302
17938,263.0419854654242
17939,350.431089900733
17940,134.8188890263493
17941,387.6190066571865
17942,376.6183877735115
17943,340.52454134970503
17944,275.90515281618605
17945,302.12174459573646
17946,298.0919108451402
17947,283.42894362393787
17948,-289.46543044166503
17949,303.69164224429926
17950,413.713959190065
17951,394.75903896165465
17952,-162.9965931852576
17953,387.1896548477025
17954,490.6258273639044
17955,756.1186801374012
17956,3569.8136238473785
17957,3704.729139381919
17958,3701.836651815172
17959,3854.922441590323
17960,58.61680593655086
17961,313.96945522737593
17962,281.93713284357744
17963,312.7542723933792
17964,192.33167363606077
17965,313.6158728310956
17966,248.53461261687687
17967,320.4926271514527
17968,313.5335214959411
17969,373.53498305992207
17970,422.33436153410463
17971,379.8259089979088
17972,331.06399251299905
17973,396.92758126001877
17974,350.8645429253927
17975,437.8370661497205
17976,223.59692671876343
17977,258.4459409468921
17978,184.96621605222052
17979,116.2229366461699
17980,59.95730351254802
17981,-85.51265295143338
17982,-64.29603486266929
17983,-25.38607595828237
17984,3581.475866835841
17985,3490.6705893750973
17986,3605.5541644021723
17987,3627.324644056627
17988,3576.429417638623
17989,3592.1072359059845
17990,3611.8776102113748
17991,3651.172183510063
17992,3606.1849804177796
17993,3639.5253577207973
17994,3595.7843694605317
17995,3614.8008532488752
17996,3604.5387339922636
17997,3601.9847144590813
17998,3536.8578872478756
17999,3632.4634122845314
18000,3630.4325251555006
18001,3656.0801673158585
18002,3532.1037597234863
18003,3612.5853280584715
18004,3492.732258284095
18005,3614.308528933904
18006,3541.411985820909
18007,3731.7614617657177
18008,3615.662427377378
18009,3603.86177161592
18010,3593.491916129425
18011,3603.707915334514
18012,3590.3071331990623
18013,3574.121573417533
18014,3593.2919134872827
18015,3586.629999644515
18016,229.213621205236
18017,280.9701978429021
18018,196.05873785460878
18019,304.064702670309
18020,96.74405625721747
18021,-1.5693182848131073
18022,-85.26647763934103
18023,-123.19173529535857
18024,220.98200374245147
18025,26.94000335311214
18026,-202.10398534553053
18027,-191.94957600958853
18028,37.07907441749814
18029,-36.30979301046809
18030,-88.0050826154689
18031,11.677607569232443
18032,-0.43078706425136737
18033,-2.277062441123478
18034,6.492692980591761
18035,-29.29399393493863
18036,-175.21012835315472
18037,-175.76401622805906
18038,5.384917230783039
18039,-26.370750897438096
18040,-109.43709423635865
18041,24.83221439259165
18042,38.30992466874622
18043,17.354846472844162
18044,-336.83486281869887
18045,27.970850962217867
18046,220.16657597468506
18047,379.79120509116467
18048,-259.5534683040597
18049,50.741396445811716
18050,93.80544863894725
18051,99.46729665257566
18052,-251.76841413071384
18053,47.89508154901419
18054,-6.4773020906084255
18055,25.401466848265702
18056,-218.55111132913558
18057,-30.201767042605
18058,16.493272344341428
18059,94.51316648604399
18060,-103.45211646072126
18061,79.14303447228096
18062,146.20845609104478
18063,25.986136503136724
18064,-20.508873932453703
18065,62.77286293859253
18066,13.8931064504226
18067,45.54109096718771
18068,26.586144429563788
18069,-5.600310762908718
18070,46.37190962493743
18071,23.385970609217896
18072,56.895595083624805
18073,42.71016696037352
18074,-20.585802073156714
18075,-132.22303060993582
18076,45.94112256068607
18077,-9.154369816016615
18078,-16.18555978152941
18079,-50.172143990137684
18080,73.5119419294056
18081,20.401190320997685
18082,-53.92617937617428
18083,-106.49848661808845
18084,-87.86661722404621
18085,-23.432116969954237
18086,-137.1464053057145
18087,12.508399917768507
18088,-63.7267560977816
18089,-22.555151951468176
18090,-61.7112598587338
18091,131.05371760940744
18092,103.82139258346662
18093,18.785699366234596
18094,-50.67985919509205
18095,-0.20000264214235486
18096,73.79634999715611
18097,110.55262379834055
18098,139.92324303750053
18099,138.66219037003546
18100,273.5087927389244
18101,269.9086136342938
18102,268.69343080029705
18103,410.4871096007489
18104,-62.00358153156249
18105,-33.26344916231457
18106,-16.370171533688435
18107,41.063894225643764
18108,-24.40142732834029
18109,-21.75511507368511
18110,23.062867156422545
18111,-2.015496239047806
18112,22.262830278639484
18113,-12.477644447015507
18114,-70.3425235798127
18115,40.925455143434725
18116,45.11030390293635
18117,-235.10589461498307
18118,-33.278840052297895
18119,24.570648190515975
18120,125.40726048576238
18121,-32.278774223158834
18122,-14.400821655376973
18123,-68.17317105935889
18124,169.45596130884002
18125,-20.647365633090033
18126,-53.449245951186576
18127,-27.478500338033182
18128,-13.877741869652917
18129,17.67794992563951
18130,3.4155936616852207
18131,7.261948078408161
18132,-109.06784442282697
18133,17.970271598468198
18134,22.370513890095506
18135,86.82040503417082
18136,-46.18729787277841
18137,12.969968761986545
18138,102.80596217355786
18139,219.68964254969734
18140,-171.34838304644842
18141,134.39238313038965
18142,215.39708386952606
18143,636.2060105163846
18144,-159.07074124157526
18145,-34.23275952070061
18146,104.2368150669483
18147,318.18762884388696
18148,-131.7614617657178
18149,38.18682385809323
18150,7.477367919747491
18151,132.06917432852984
18152,-194.795890906386
18153,29.67863463845365
18154,-34.26351499145363
18155,-21.032006336605058
18156,-158.22453169384224
18157,8.754364531731902
18158,67.91160485728322
18159,-12.923822401250199
18160,-21.216618088764083
18161,2.4924559732491645
18162,23.0167207956862
18163,47.54122262546584
18164,39.97153567503201
18165,48.67972753681393
18166,-11.539115868596113
18167,-15.354741123779682
18168,36.41750293113775
18169,-23.801366783485932
18170,-60.41889866597968
18171,-26.80156427090311
18172,102.95981845496385
18173,-36.61747926406647
18174,-91.62067891929645
18175,0.8923559084693942
18176,79.66614056721866
18177,15.17010306240702
18178,1.4616346733570893
18179,4.35409593089096
18180,24.89375164331133
18181,44.448732416575965
18182,7.015799075529463
18183,27.155396885237828
18184,-26.5707798487941
18185,20.247334039591678
18186,-34.86354922709433
18187,28.970916791356927
18188,-100.4365543925344
18189,-10.923717052185724
18190,6.908089154859798
18191,38.30989835953257
18192,16.754812237203456
18193,80.34310294356239
18194,-19.24726821045262
18195,104.69835760195268
18196,-55.06471059673603
18197,17.754878066342517
18198,-42.7255315411432
18199,95.92862848945109
18200,-20.078060558988696
18201,61.511230907377794
18202,37.06368352751482
18203,273.32350025304294
18204,-4.661808493702974
18205,52.47993559280052
18206,9.615938660234645
18207,-43.46405747742023
18208,64.08064133054361
18209,76.97368195182715
18210,-102.34436702012619
18211,50.26443671161037
18212,192.3341904038899
18213,17.062524800015478
18214,-3.3540301017518974
18215,42.26398900613882
18216,306.83312472744984
18217,-18.678015754778574
18218,-103.37518832001827
18219,-154.74740078143736
18220,57.987953634236554
18221,-45.31033285429235
18222,-7.108118106215798
18223,31.37105373391976
18224,70.57330800192173
18225,10.954498832152384
18226,6.061879607126745
18227,49.69518425593632
18228,-164.455684781572
18229,11.277575975734088
18230,10.985254302905398
18231,114.62200882499934
18232,-42.833241461812875
18233,7.723543231839835
18234,21.908971355091126
18235,99.91347460681034
18236,-355.94363932851513
18237,41.110066895593754
18238,72.5426578802332
18239,340.5119963732461
18240,-285.5088230272297
18241,57.41870117856251
18242,65.20378166112202
18243,269.4463377471397
18244,-208.82746274823128
18245,34.43276216284297
18246,15.093174921704012
18247,33.52501536439024
18248,-103.77524622273026
18249,-24.201398376984287
18250,-65.48071244396736
18251,34.18658685075063
18252,-73.48118645865257
18253,9.092832565296943
18254,24.770677141871978
18255,14.60085060673297
18256,-89.32825189740329
18257,63.188285422074216
18258,15.21627573235701
18259,21.124299058077746
18260,26.57075353958046
18261,12.108394633483812
18262,48.71050931678059
18263,-9.892869443080006
18264,87.55893097044785
18265,-29.75556277915666
18266,10.200582005892024
18267,31.09409664186075
18268,70.06559279696735
18269,-0.2307844221090125
18270,3.754061695250254
18271,9.354398767372617
18272,145.9930625589191
18273,18.939555647640596
18274,4.107920618798616
18275,-32.60190398516784
18276,-66.80385541668815
18277,106.0830378253931
18278,59.51112555831332
18279,11.416041367156765
18280,68.01931477795289
18281,27.709284760142193
18282,44.78720045014099
18283,57.80334188207753
18284,-42.95634227246587
18285,59.326513806154296
18286,74.26583244645231
18287,84.02023649810964
18288,-30.232496204144372
18289,-6.061879607126745
18290,-0.6461805963770502
18291,9.492864158795296
18292,-33.67887164579626
18293,55.233957768125364
18294,43.47944836740358
18295,50.726005555828394
18296,-45.71033813857706
18297,6.200371307763071
18298,-3.907917976656262
18299,38.21760563805988
18300,27.586210258702838
18301,7.877373204032196
18302,2.784777646077849
18303,-28.0631699929042
18304,14.831635028841985
18305,28.540103417891917
18306,-6.215762197746403
18307,-30.478671516236716
18308,7.4619770297641566
18309,35.971324976903055
18310,-90.28214505659238
18311,50.23368124085735
18312,75.54282905843672
18313,-37.956039435984216
18314,-9.954433003013325
18315,-52.633818183420196
18316,137.53101970001586
18317,-1.430852893390428
18318,-13.38539124546823
18319,-10.662150850110052
18320,-8.369723828216888
18321,16.616346845780775
18322,-8.262013907547223
18323,-1.3847065326540857
18324,30.309450654061024
18325,23.878294924188936
18326,40.448495409233374
18327,87.3435111291085
18328,-0.2923216728286917
18329,36.77136185468612
18330,81.58931777558014
18331,199.34998947941932
18332,-222.16670763296315
18333,246.8911857956715
18334,192.3188258231202
18335,404.00796804891866
18336,-371.1445504801025
18337,67.54238135296518
18338,206.96579648137583
18339,190.78026300906012
18340,-72.35804612807415
18341,71.49641938114414
18342,56.72637422144911
18343,76.98907284181048
18344,-448.318235074072
18345,-85.05108410721535
18346,69.35784864065698
18347,78.57378201660693
18348,-182.4413209608099
18349,-2.27706244112348
18350,20.816586495265724
18351,35.37129074126235
18352,-80.14307399220638
18353,15.585525545888702
18354,14.800879558088972
18355,64.24986219271929
18356,-75.11201568497171
18357,12.016075602797475
18358,46.75655032845246
18359,24.016760315611617
18360,-13.03150601270622
18361,22.078192217266817
18362,-13.75464105899992
18363,-19.847302446093327
18364,137.0233044950615
18365,-1.8770308476251287
18366,12.400716306312496
18367,1.000039519925414
18368,26.463069928124433
18369,37.248321588887485
18370,48.15664775108987
18371,46.541156796326774
18372,-27.263106805907498
18373,26.724609820986462
18374,96.02094752013743
18375,60.48043591669936
18376,37.094438998267826
18377,74.88125757207634
18378,194.42661478364067
18379,13.400782135451557
18380,-2.3847460525794943
18381,-17.339481892074478
18382,19.908839696812997
18383,-30.540235076170035
18384,-43.84869818093526
18385,10.939081632955407
18386,-51.64914324426445
18387,23.786002202716247
18388,-118.6068549423586
18389,46.92577119062815
18390,89.62054726101834
18391,56.80327605293847
18392,-127.77664195757221
18393,-26.124601894559405
18394,20.001158727499337
18395,81.63549044553014
18396,-4.200239649484949
18397,35.478974352718375
18398,40.38693184930005
18399,89.86672257311068
18400,77.95835689098288
18401,34.49429941356264
18402,-2.769386756094523
18403,9.723648580904307
18404,193.87275321794996
18405,-35.155897209136675
18406,-90.51292947870138
18407,33.41730544372058
18408,131.77685265570116
18409,-56.11092278661144
18410,-27.41696308731351
18411,-55.495523970201035
18412,103.1751856778759
18413,-27.155423194451476
18414,-34.66354658495199
18415,-58.849554071952944
18416,42.20245175541915
18417,23.832148563452595
18418,-54.66467900323767
18419,-19.970403256746323
18420,-11.554533067793095
18421,22.370513890095506
18422,13.893132759636245
18423,-57.63409471068819
18424,45.894949890736086
18425,53.49539231192292
18426,53.48000142193959
18427,40.98696608494076
18428,-266.44619287814976
18429,88.02047350545223
18430,22.232048498672825
18431,280.3392993285724
18432,-521.8917142541973
18433,13.831569199702926
18434,276.98526922682055
18435,437.0406590983379
18436,-178.5949402348733
18437,-238.61380730735462
18438,-85.18954949863803
18439,95.62091592663907
18440,-266.6615864102755
18441,64.696040146954
18442,21.278155339483753
18443,12.89304062128354
18444,-96.95944978934315
18445,48.07969330117322
18446,-20.416581210981022
18447,8.12354851612454
18448,0.953893159189068
18449,7.431195249797501
18450,31.386444623903092
18451,35.694367884844056
18452,61.92665339085948
18453,22.17051124795315
18454,-1.4462437833737596
18455,43.971772682374606
18456,99.94423007756336
18457,81.23545885203177
18458,-40.463886299216696
18459,21.462793400856423
18460,73.1734475866269
18461,-11.769926599918778
18462,-11.969929242061133
18463,-44.07945629383063
18464,154.85508439289336
18465,35.04816097925336
18466,16.64712862574744
18467,28.601640668611594
18468,29.81710002987633
18469,54.31082007968931
18470,200.4269834492614
18471,124.11487298379463
18472,65.89610861823542
18473,47.91047243899753
18474,50.29521849157703
18475,58.157200805625905
18476,16.447099674391435
18477,48.01815605045354
18478,21.64740515301545
18479,19.87808422605999
18480,-61.55740357732779
18481,7.631197891939852
18482,-30.69409135757605
18483,38.3252892495159
18484,-111.82184028893816
18485,17.831806207045524
18486,-47.18733739270383
18487,96.25173194224642
18488,12.4776444470155
18489,-47.064262891264484
18490,-42.24859811615549
18491,42.279379896122144
18492,-70.09634826772037
18493,-8.69280097179859
18494,-43.84867187172161
18495,30.92484947047142
18496,-7.692761451873174
18497,-53.21846152907756
18498,-205.56572536795207
18499,25.786107551780724
18500,58.341838866998565
18501,33.35579450221455
18502,11.216038725014414
18503,9.323616987405956
18504,233.73660528152595
18505,18.18566513059389
18506,-52.18764022918549
18507,-67.23466879015317
18508,72.97344494448456
18509,14.908563169544989
18510,-2.8463148967975256
18511,-46.60269404704645
18512,-80.63542461639106
18513,23.81675767346926
18514,-20.847368275232387
18515,-5.4772362614693675
18516,-187.88777544231257
18517,-26.94002966232579
18518,56.003239175155414
18519,72.38880159882717
18520,-162.53248126399686
18521,4.400268600840953
18522,150.8856554747311
18523,153.56272320013926
18524,-280.7393309220708
18525,53.449245951186576
18526,61.31125457444908
18527,299.0326796641207
18528,-256.75332607721214
18529,40.55620532990304
18530,53.09536071842457
18531,86.37422707993612
18532,-189.7340508191847
18533,5.938805105687397
18534,-8.862048143187927
18535,43.74098826026559
18536,-87.57429555121753
18537,7.954301344735201
18538,0.07692814070300535
18539,32.60190398516783
18540,-77.20446637393616
18541,7.061945436265805
18542,2.3539642726128385
18543,0.80003687778306
18544,-93.85159499968358
18545,-102.49824961074586
18546,-32.8326620980632
18547,49.81828506658932
18548,419.77272950288994
18549,481.4674397441411
18550,447.4959435890345
18551,458.34303533699887
18552,522.0042240823088
18553,506.30982988825116
18554,423.53726978614026
18555,597.654157388452
18556,584.6590688257172
18557,307.42679470500036
18558,338.24134027253547
18559,387.33649029283106
18560,379.34774486728014
18561,338.7909864828411
18562,370.68454063873526
18563,372.79119718097
18564,338.54139995267195
18565,316.21934987831145
18566,337.0966177332792
18567,305.34062045936275
18568,4.631026713736318
18569,36.032862227622736
18570,-19.601127134000986
18571,13.462319386171231
18572,211.54231903068631
18573,187.7397672104874
18574,216.74201883634703
18575,263.85275723404317
18576,3602.600165893919
18577,3629.4017038556085
18578,3585.1837558611414
18579,3625.8937911632365
18580,3564.5671983172315
18581,3590.5071621504185
18582,3551.274099793236
18583,3652.2953238406417
18584,3520.1953940413587
18585,3596.4920873076285
18586,3622.7551545936103
18587,3644.8949103708105
18588,3633.3711590829844
18589,3661.649722608014
18590,3588.2916369600143
18591,3615.385496594533
18592,24.89106638740978
18593,88.71044435235937
18594,106.54225055940489
18595,165.60775121801953
18596,287.881733364186
18597,164.3985322870164
18598,184.9213618546861
18599,209.76952019179708
18600,101.06739671735541
18601,-34.38658949289298
18602,-4.184848759501618
18603,16.37017153368843
18604,1.2923611927541039
18605,-21.385865260153416
18606,-2.1693525204538133
18607,20.647339323876388
18608,6.80040554340378
18609,12.893066930497184
18610,14.816244138858655
18611,5.877267854967724
18612,-220.9358573817151
18613,-15.123956701670672
18614,211.7507057857318
18615,126.26886092347875
18616,-109.63712318771465
18617,65.68071508610973
18618,309.1255780585567
18619,263.79988062349463
18620,-223.85910041921568
18621,135.71552610311042
18622,58.72647957051359
18623,247.18353377771388
18624,-313.910461053699
18625,35.278971710576016
18626,32.30955600312549
18627,91.89760970214182
18628,-105.42146633903272
18629,-7.138873576968809
18630,107.96009498223188
18631,37.75603679384185
18632,-225.5514932054681
18633,31.986452550330146
18634,-13.646931138330254
18635,68.23470831007857
18636,-51.20296529002975
18637,-18.108763299104528
18638,19.262659100435947
18639,34.75586561563832
18640,-85.23569585937437
18641,34.94047736779734
18642,8.70819186178192
18643,77.41985990606184
18644,30.70945593834573
18645,6.7542328734537875
18646,113.11425410011955
18647,153.51657683940294
18648,473.7294294961531
18649,325.5356532730639
18650,310.05725828409516
18651,460.4032580464059
18652,523.7733286505967
18653,317.86913524907953
18654,428.70544470784426
18655,436.7061952497975
18656,3596.6613607882314
18657,3605.9695605764405
18658,3604.2156305394683
18659,3583.291334123533
18660,3600.923137688436
18661,3571.844537285623
18662,3604.3694868208745
18663,3594.1996602857353
18664,3639.156107907266
18665,3599.1691813422503
18666,3564.105629473014
18667,3611.3391132264537
18668,3554.720475234888
18669,3559.7822890128755
18670,3521.2877525919703
18671,3480.562326399892
18672,3592.2610921873907
18673,3601.5385365048464
18674,3590.7225293733304
18675,3606.400347640692
18676,3494.3477492388583
18677,3617.8164153170624
18678,3594.7843036313925
18679,3737.1617961956977
18680,3421.866628609345
18681,3584.799115157626
18682,3648.8643655981864
18683,3644.7564186701743
18684,3461.02273651661
18685,3622.124338578003
18686,3630.6017723268897
18687,3567.4289041040124
18688,269.94547787703027
18689,252.69917090665984
18690,233.56019198062654
18691,332.65793598318885
18692,157.85528188031057
18693,-35.75593144477738
18694,-81.91242122837548
18695,14.493140686063306
18696,62.84979107929554
18697,-76.91214470110748
18698,-94.69780454741665
18699,-161.2862664319791
18700,53.480027731153235
18701,3.4924954931745784
18702,-15.770163607261372
18703,57.81873277206087
18704,-11.3083314464871
18705,-34.72508383567166
18706,-58.895700432689274
18707,-13.646957447543901
18708,4.723345744422652
18709,23.109039826372538
18710,26.493825398877448
18711,87.85125264327652
18712,153.93197301367098
18713,347.2354737759469
18714,166.9327235556242
18715,314.0489264451217
18716,-57.54180198921551
18717,311.01797348695146
18718,259.6765428054991
18719,429.60946384854043
18720,-229.32094579070167
18721,100.68272970462674
18722,214.27391722973402
18723,266.47694834890285
18724,-105.29839183759339
18725,18.9395556476406
18726,44.60258869798198
18727,33.171156440841884
18728,-70.49637986121871
18729,26.09382011459274
18730,-31.801814488957476
18731,-40.83313611274839
18732,-4.26180320941827
18733,2.123206159717471
18734,33.61733439507658
18735,55.09549237670269
18736,-10.81600713151606
18737,-1.7539300369721307
18738,12.493035336998831
18739,40.202320097141026
18740,-109.45248512634198
18741,-86.00497726640442
18742,80.94316348841673
18743,6.277299448466078
18744,-7.754298702592848
18745,48.40279675396857
18746,-61.91128881008979
18747,-25.93996383318673
18748,492.797722961401
18749,494.15164771408837
18750,229.38248304142132
18751,26.586144429563785
18752,596.1421558106663
18753,11.38528589640375
18754,-5.277233619327015
18755,-12.816112480580536
18756,13.277681324798568
18757,-42.033204584029804
18758,4.754127524389315
18759,55.60320758165706
18760,-169.17903052599462
18761,43.048634993938556
18762,10.83139802149939
18763,70.3886962497627
18764,165.32025801150243
18765,151.1052068357838
18766,-23.088582598017197
18767,15.282853012235037
18768,72.09411724254699
18769,190.93203313428262
18770,163.62277996763876
18771,228.88837540674848
18772,65.56246334245452
18773,166.39935216496895
18774,86.02577027792157
18775,226.91054355242133
18776,-176.13323973237712
18777,-103.02135570568355
18778,-88.86668305318527
18779,5.861876964984395
18780,-32.32494689310883
18781,41.52548937907544
18782,-118.17606787810723
18783,-28.417028916452566
18784,-36.69440740476947
18785,2.277036131909835
18786,-6.523448451344772
18787,21.801261434421455
18788,13.600784777593908
18789,-27.03234869301213
18790,-29.58631560776732
18791,86.78962325420414
18792,163.6863770653283
18793,-75.48129180771704
18794,-6.923480044843128
18795,8.462016549689576
18796,144.11603171129397
18797,-7.215801717671816
18798,4.846420245862001
18799,102.8213530635412
18800,53.4646368411699
18801,39.86385206357599
18802,7.031163656299142
18803,21.662769733785133
18804,-102.68286136290487
18805,32.90961654797985
18806,60.60351041813871
18807,171.97917275284215
18808,-128.63821608607492
18809,4.631026713736318
18810,51.20296529002975
18811,79.41999156433997
18812,-213.55080849265397
18813,122.91480451251321
18814,47.49504995551585
18815,218.72035850052498
18816,-549.5548526536031
18817,138.10029846490357
18818,86.28190804924976
18819,97.05176882002948
18820,-381.8067013302125
18821,26.093820114592745
18822,40.694670721325714
18823,16.693274986483782
18824,-230.4440861212801
18825,-2.6001658939188275
18826,-30.07866623195201
18827,22.32436752935916
18828,-39.77150672367602
18829,-3.8925270866729313
18830,-22.001264076563814
18831,19.49341721333132
18832,-139.19265701551532
18833,-21.555086122329115
18834,-21.447402510873097
18835,1.3693156426707542
18836,-3.754061695250252
18837,20.816586495265724
18838,14.69314332820566
18839,169.84060201235502
18840,164.0710177688433
18841,53.06460524767155
18842,-81.31238699273477
18843,18.554914944125585
18844,420.3781658918208
18845,37.20214891893749
18846,-168.31740377906462
18847,-77.78910971959354
18848,0.6000342356407078
18849,-34.14041418080063
18850,-38.98688704508993
18851,-27.170814084434813
18852,254.73099512023796
18853,283.9164495527029
18854,278.1315007284215
18855,266.101469490408
18856,71.74379817695718
18857,221.95221474807656
18858,197.10347704721588
18859,236.79863499393855
18860,3589.9224924955474
18861,3582.752837138612
18862,3515.918226251171
18863,3512.871882403017
18864,3564.3979511458424
18865,3553.7511911857155
18866,3607.0465545462826
18867,3630.2940597640777
18868,3492.101442268488
18869,3617.2779183321413
18870,3620.339626761064
18871,3689.0974674752943
18872,3564.8287382100934
18873,3616.8317403779065
18874,3603.738670805267
18875,3681.8816657576226
18876,3638.002212105934
18877,3687.2358275176525
18878,3563.536350708126
18879,3655.372423159548
18880,23.755220422749584
18881,75.12743288416868
18882,12.431498086279158
18883,17.062524800015474
18884,16.18555978152941
18885,-13.154606823359217
18886,-128.99207500962328
18887,63.311359923513564
18888,152.42419197957753
18889,-4.16945786951829
18890,-139.43883232760766
18891,-88.45128687891724
18892,317.5722037182629
18893,17.616412674919836
18894,-115.48360926271572
18895,-40.94081972420442
18896,125.23801331437302
18897,-32.67880581665719
18898,-29.355531185658307
18899,-32.55573131521784
18900,3.569423633877582
18901,-52.54149915273386
18902,35.602048854157715
18903,78.65068384809628
18904,-31.463372764606095
18905,-23.893685814172265
18906,2.938633927483858
18907,94.22081850400166
18908,-262.6921048736859
18909,120.29924772861105
18910,56.04938553589176
18911,197.74988941463954
18912,-469.87332119640115
18913,-47.41812181481284
18914,179.90271862682437
18915,45.29494196430901
18916,-136.53098018009047
18917,65.34224705254469
18918,42.740922431126535
18919,-2.646312254655175
18920,-326.6188899228235
18921,40.89467336346807
18922,16.924033099379148
18923,92.29764129564018
18924,-276.0928870091375
18925,-120.85313560351541
18926,-11.708363039985455
18927,19.831911556109997
18928,-87.37429290907518
18929,-7.831226843295855
18930,27.23232502594084
18931,14.693169637419306
18932,-26.52460717884411
18933,48.67975384602757
18934,-19.57037166324797
18935,12.893040621283536
18936,-23.509045110657247
18937,-24.339863768406968
18938,-47.15658192195081
18939,-4.938739276548338
18940,-10.846788911482717
18941,-69.49634034129332
18942,-167.8404703540769
18943,-6.0157332463904005
18944,-60.680438558841715
18945,-14.062353621811942
18946,1.5693182848131073
18947,-3.554059053107899
18948,-50.00289681874835
18949,-12.308397275626163
18950,26.00150108390641
18951,-4.369486820874288
18952,-136.59249112159648
18953,-18.10873698989088
18954,38.540682781641586
18955,150.48562388123275
18956,-2.2001343004204745
18957,27.047713273781817
18958,25.801498441764053
18959,60.311162436096375
18960,-116.46828420187144
18961,25.032217034734007
18962,51.44911429290845
18963,89.82057621237433
18964,-120.51466756995038
18965,78.34297128528426
18966,84.03562738809296
18967,272.2618971731842
18968,-21.108908168094413
18969,23.247505217795215
18970,2.369381471809813
18971,69.51170492206299
18972,4.631026713736315
18973,58.24951983631223
18974,-6.415764839888755
18975,43.633278339595925
18976,25.078389704683993
18977,-65.66535050534004
18978,-95.26705700309068
18979,52.664573654173196
18980,83.1894178403599
18981,0.9231376884360536
18982,-14.446994325326962
18983,-92.78996561061122
18984,193.9188995786863
18985,-33.44808722368724
18986,-62.157437812968496
18987,-118.25299601881024
18988,198.64227163232266
18989,-15.631671906625046
18990,-60.83429484024772
18991,-9.369789657355945
18992,42.802459681846216
18993,-14.031571841845274
18994,-22.062827636497133
18995,9.846723082343658
18996,16.847131267889793
18997,20.031940507465997
18998,84.32794906092165
18999,106.8523455416368
19000,-55.08010148671936
19001,146.0238180296721
19002,38.74071173299758
19003,138.60801366985794
19004,-114.09890273006164
19005,216.76637320298315
19006,117.74528081385586
19007,501.1828376796012
19008,-327.8497401740716
19009,114.56044526506601
19010,273.4466010636959
19011,480.01236595157343
19012,-36.92521813609213
19013,12.785357009827523
19014,42.41784528754483
19015,26.33999542668509
19016,-184.4875726706107
19017,117.43756825104384
19018,88.0358380862219
19019,132.0384188577768
19020,28.447784387205584
19021,0.9231376884360554
19022,-4.907983805795325
19023,49.40283627389398
19024,-13.708468389049926
19025,44.54102513804865
19026,14.016180951861948
19027,39.14071701728229
19028,21.185836308797416
19029,38.34065383028558
19030,13.169997713342543
19031,143.7006092278123
19032,79.66616687643231
19033,29.970956311282343
19034,13.954643701142274
19035,-11.062182443608403
19036,95.1439561924377
19037,-4.692590273669637
19038,-21.216618088764083
19039,-1.4000711134237633
19040,-12.43147177706551
19041,12.61610983843818
19042,-19.6626906939343
19043,0.738499627063387
19044,-303.46370373571466
19045,39.556139500763976
19046,108.5139565479226
19047,-5.754167044314727
19048,-70.4656243904657
19049,176.3640504636998
19050,63.83446601845127
19051,77.71218157889054
19052,18.985702008376947
19053,14.446994325326964
19054,327.3419986599036
19055,273.93892537866697
19056,-0.26156620207567727
19057,25.97071930393975
19058,58.988019463375615
19059,157.76298915883788
19060,-13.570002997627249
19061,157.62449745820155
19062,84.48180534232766
19063,94.88241629957567
19064,-53.464636841169906
19065,29.093991292796275
19066,33.21730280157823
19067,57.38791939859585
19068,19.170340069749614
19069,67.46545321226216
19070,-0.21539353212568457
19071,54.15696379828331
19072,196.1190338791068
19073,11.769926599918776
19074,4.55412488224696
19075,181.87204219592218
19076,382.5298100672926
19077,-39.140743326495944
19078,-108.92937903140428
19079,-135.8386269137634
19080,184.50298986980766
19081,-11.369895006420423
19082,-103.6982917728136
19083,-30.494062406220046
19084,272.36960709385386
19085,41.11006689559376
19086,-29.401703855608297
19087,0.23078442210901784
19088,63.834466018451266
19089,-73.20422936659357
19090,-185.42610124903007
19091,-33.89429148713558
19092,69.95788287629769
19093,26.26306728598208
19094,10.108289284419333
19095,183.22596694860957
19096,19.662690693934305
19097,34.66354658495199
19098,77.78910971959354
19099,73.11191033590723
19100,-158.99381310087227
19101,329.00363597540303
19102,315.21823944565006
19103,649.1760055875848
19104,-347.7124072009346
19105,72.11184450676816
19106,422.50134574232465
19107,510.32181660563447
19108,-184.19527730699562
19109,9.262079736686282
19110,25.77071666179739
19111,27.109250524501487
19112,-73.1273275351042
19113,-23.662901392063254
19114,-29.29399393493863
19115,19.570345354034323
19116,-95.05163716175136
19117,-29.186310323482616
19118,-42.20245175541915
19119,-9.585183189481631
19120,-69.38863042062364
19121,-32.617268565937515
19122,-31.0941229510744
19123,96.89791253862347
19124,61.57279446731112
19125,17.493311864266843
19126,122.14552310548318
19127,30.12481259268835
19128,-75.26589827559138
19129,-76.17364507404409
19130,-102.85208222508057
19131,19.43190627182529
19132,142.05436280229617
19133,-175.36398463456072
19134,-315.04899227426074
19135,-68.72705893426325
19136,-150.40869574052974
19137,-251.59916695932446
19138,-4.861811135845331
19139,-31.75566812822114
19140,-18.724162115514915
19141,-15.462424735235711
19142,5.3695526500133495
19143,-18.554914944125578
19144,-33.201938220808536
19145,-73.86580085295394
19146,-64.41910936410864
19147,15.26242209309335
19148,-3.938699756622924
19149,-4.861811135845333
19150,-1.5231719240767632
19151,-42.04856916479949
19152,-250.7068110508551
19153,-19.216486430485958
19154,-17.262553751371478
19155,-4.415633181610637
19156,-271.0618287019028
19157,57.69563196140787
19158,-42.80245968184621
19159,41.233167706246746
19160,-119.82231430362334
19161,-13.10846046262287
19162,-40.80235433278173
19163,0.6923269571133961
19164,-95.25166611310738
19165,-22.262830278639488
19166,-43.69484189952925
19167,-26.67846346025012
19168,-46.24880881428444
19169,-119.48381996084467
19170,-94.75934179813633
19171,-86.88194228489048
19172,69.32709316990397
19173,-96.60556455658114
19174,-116.88370668535313
19175,-33.26347547152821
19176,282.38555103837325
19177,-62.049727892298826
19178,-167.48661143052854
19179,-48.75665567751693
19180,103.49831543988489
19181,-240.70623168710546
19182,-122.6840200904042
19183,-38.648392702311256
19184,-94.11313489254562
19185,-63.51138887486957
19186,-82.25088926194051
19187,-37.46368881179952
19188,-225.96691568894977
19189,-36.479040181857435
19190,-57.9879799434502
19191,33.72504431574625
19192,-181.68743044376316
19193,57.15713497648683
19194,-57.711022851391206
19195,0.7077178470967276
19196,-372.5292307035429
19197,-97.46719130351117
19198,-20.52426482243704
19199,432.19421254326227
19200,595.4190470735862
19201,72.11184450676816
19202,422.50134574232465
19203,510.32181660563447
19204,-184.19527730699562
19205,9.262079736686282
19206,25.77071666179739
19207,27.109250524501487
19208,-73.1273275351042
19209,-23.662901392063254
19210,-29.29399393493863
19211,19.570345354034323
19212,-95.05163716175136
19213,-29.186310323482616
19214,-42.20245175541915
19215,-9.585183189481631
19216,-69.38863042062364
19217,-32.617268565937515
19218,-31.0941229510744
19219,96.89791253862347
19220,61.57279446731112
19221,17.493311864266843
19222,122.14552310548318
19223,30.12481259268835
19224,-75.26589827559138
19225,-76.17364507404409
19226,-102.85208222508057
19227,19.43190627182529
19228,142.05436280229617
19229,-175.36398463456072
19230,-315.04899227426074
19231,-68.72705893426325
19232,-150.40869574052974
19233,-251.59916695932446
19234,-4.861811135845331
19235,-31.75566812822114
19236,-18.724162115514915
19237,-15.462424735235711
19238,5.3695526500133495
19239,-18.554914944125578
19240,-33.201938220808536
19241,-73.86580085295394
19242,-64.41910936410864
19243,15.26242209309335
19244,3596.061300243377
19245,3595.1381888641545
19246,3598.476828075923
19247,3557.9514308352004
19248,3349.2931889491447
19249,3580.783513569514
19250,3582.7374462486287
19251,3595.5843668183893
19252,3328.938171298097
19253,3657.695631961408
19254,3557.1975403181536
19255,3641.2331677062466
19256,3480.1776856963766
19257,3586.891539537377
19258,3559.1976456672182
19259,3600.6923269571134
19260,-95.25166611310738
19261,-22.262830278639488
19262,-43.69484189952925
19263,-26.67846346025012
19264,-46.24880881428444
19265,-119.48381996084467
19266,-94.75934179813633
19267,-86.88194228489048
19268,69.32709316990397
19269,-96.60556455658114
19270,-116.88370668535313
19271,-33.26347547152821
19272,282.38555103837325
19273,-62.049727892298826
19274,-167.48661143052854
19275,-48.75665567751693
19276,103.49831543988489
19277,-240.70623168710546
19278,-122.6840200904042
19279,-38.648392702311256
19280,-94.11313489254562
19281,-63.51138887486957
19282,-82.25088926194051
19283,-37.46368881179952
19284,-225.96691568894977
19285,-36.479040181857435
19286,-57.9879799434502
19287,33.72504431574625
19288,-181.68743044376316
19289,57.15713497648683
19290,-57.711022851391206
19291,0.7077178470967276
19292,-372.5292307035429
19293,-97.46719130351117
19294,-20.52426482243704
19295,432.19421254326227
19296,-441.0077991149129
19297,83.18944414957353
19298,47.20272828268716
19299,129.1921039609793
19300,-171.9330263921058
19301,22.539761061484842
19302,60.69580313961141
19303,63.44982531493624
19304,-175.1332002124517
19305,79.35842800440665
19306,-19.87808422605999
19307,51.479896072875114
19308,52.27995925987182
19309,33.18652102161156
19310,33.55579714435691
19311,33.23269369156156
19312,-36.125154949095425
19313,23.385970609217896
19314,4.554098573033313
19315,13.154606823359213
19316,83.43559315245226
19317,29.401703855608293
19318,8.200476656827544
19319,71.7272301124668
19320,168.99436615540833
19321,23.370579719234563
19322,-97.35948138284151
19323,-63.32672450428324
19324,247.9066425147939
19325,-25.18607331614002
19326,-24.201398376984287
19327,24.462964579059964
19328,10.908326162202393
19329,3.907917976656261
19330,74.83508490212634
19331,-12.354543636362504
19332,-19.631908913967642
19333,-46.833478469155466
19334,18.970337427607266
19335,-2.523211444002179
19336,-347.9278007330603
19337,120.4684949000004
19338,74.14275794501296
19339,48.03354694043688
19340,-31.69413087750146
19341,93.57463790762459
19342,18.339521411999893
19343,19.124167399799624
19344,5.3080153992936765
19345,42.71016696037352
19346,-4.569515772230293
19347,91.65143439004947
19348,461.4299970023728
19349,505.032217034734
19350,417.64341543590683
19351,403.13604258735955
19352,-149.654805223483
19353,-48.00276516047022
19354,-23.53980058141026
19355,44.756444979387986
19356,-39.617650442270005
19357,1.0154304099087454
19358,14.046962731828607
19359,37.340614310360166
19360,74.48122597857798
19361,-90.43600133799838
19362,-80.11231852145336
19363,46.63344951779946
19364,-37.079074417498134
19365,25.6014957996217
19366,-35.98668955767275
19367,-28.709350589281257
19368,274.32356608218197
19369,-8.323551158266888
19370,-21.401229840923104
19371,-73.03498219520422
19372,267.4923787588116
19373,-58.83418949118325
19374,-3.507886383157908
19375,34.20197774073395
19376,9.615938660234644
19377,-24.155252016247942
19378,-47.04887200128115
19379,34.26351499145363
19380,-66.17306571029441
19381,49.89518689807868
19382,47.75661615759152
19383,94.68238734821968
19384,-271.3233949039785
19385,103.83678347344994
19386,91.3745036072041
19387,280.4008365792921
19388,-372.99079954776096
19389,132.4230332520782
19390,126.65347531778015
19391,263.43060450074927
19392,-341.69667395454417
19393,-48.20279411182622
19394,98.08261642913521
19395,148.93169648640296
19396,-140.023475673265
19397,85.25106044014404
19398,9.954433003013323
19399,47.11040925200082
19400,-112.82190611807721
19401,26.432314457371426
19402,8.24664932677754
19403,37.66371776315552
19404,-24.109079346297953
19405,17.61641267491984
19406,27.3400349466105
19407,17.093306579982134
19408,4.000237007342596
19409,8.369723828216888
19410,33.44808722368724
19411,46.571938576293434
19412,62.188219592935155
19413,54.972391566049694
19414,17.062524800015478
19415,223.04367265144924
19416,419.2088528912924
19417,85.55877300295607
19418,-51.20296529002976
19419,11.80068207067179
19420,234.53661585009536
19421,-13.370000355484896
19422,-28.632422448578247
19423,-20.801195605282402
19424,-37.017510857564815
19425,-6.1080522770767365
19426,107.63699152943654
19427,83.05095244893722
19428,-45.57184643794073
19429,-6.077270497110074
19430,30.632554106856375
19431,47.8950815490142
19432,-70.77333695327772
19433,74.28122333643563
19434,55.83399200376607
19435,184.28757002846834
19436,34.43276216284297
19437,7.523514280483834
19438,22.385904780078835
19439,51.32603979146911
19440,-50.926008197970745
19441,51.279893430732756
19442,25.7245439918474
19443,47.32580278412651
19444,-45.294915655095366
19445,-30.67870046759272
19446,9.323616987405956
19447,160.50159413496573
19448,6.046488717143415
19449,-14.554677936782982
19450,-48.387405863985244
19451,59.157266634764966
19452,9.739013161673995
19453,20.755022935332406
19454,-16.108605331612758
19455,23.785975893502602
19456,26.07842922460941
19457,-10.092872085222355
19458,-3.4309845516685495
19459,-11.216012415800765
19460,128.29972174329623
19461,-76.75828841970147
19462,-95.54398778593607
19463,-5.000276527268014
19464,464.48840396561803
19465,-64.15754316203297
19466,-216.53558878087415
19467,-250.64524749092175
19468,362.02090982562527
19469,0.8308186577497221
19470,-60.634265888891726
19471,-25.70917941107772
19472,19.447270852594976
19473,-37.98682121595087
19474,-8.831292672434914
19475,-44.20255710448363
19476,-427.33240140741697
19477,18.708771225531592
19478,73.54272370937225
19479,145.65456821614043
19480,-171.42531118715146
19481,38.556073671624915
19482,67.38849876234552
19483,141.51589212658877
19484,-434.73284118646137
19485,116.83753401540315
19486,72.25033620740449
19487,243.61408383462265
19488,-320.3877631443074
19489,148.4701276421849
19490,75.3889727770307
19491,60.48043591669937
19492,-222.85903459007656
19493,15.800919078014385
19494,-22.385931089292484
19495,-6.261908558482745
19496,-77.88142875027988
19497,-8.108157626141212
19498,-31.955697079577135
19499,104.91375113407835
19500,-102.02126356733083
19501,-19.92423058679633
19502,6.077270497110076
19503,0.3846407035150232
19504,-8.70819186178192
19505,1.2769966119844174
19506,-25.95532841395642
19507,13.86232467045594
19508,-7.985083124701862
19509,-7.1388735769688125
19510,-13.246899544831901
19511,80.95852806918641
19512,103.91371161415293
19513,19.216486430485965
19514,-54.12620832753029
19515,-83.15866236960689
19516,273.27735389230656
19517,-39.77153303288966
19518,-88.2205024568082
19519,-42.57170156895084
19520,-50.356755742296706
19521,-106.99081093305948
19522,15.400887484516034
19523,-35.12511542917001
19524,-101.88282448512182
19525,-91.65143439004949
19526,30.632527797642723
19527,4.184848759501621
19528,-338.38879021352864
19529,-14.093109092564958
19530,41.49470759910877
19531,-2.0924506889644547
19532,-85.46648028148338
19533,6.800379234190132
19534,6.246517668499415
19535,-12.523790807751846
19536,-105.91381696321741
19537,-73.88119174293728
19538,-14.06235362181194
19539,139.43883232760766
19540,-95.54398778593605
19541,-12.32378816560949
19542,-93.26692534481258
19543,60.972760231670414
19544,-7.4004134698308395
19545,-15.108565811687345
19546,-43.03327041316887
19547,35.017405508500346
19548,-176.82561930791783
19549,-49.356689913157645
19550,-59.69576361968599
19551,-75.49668269770038
19552,-46.494984126376785
19553,-56.92637686359147
19554,-47.47968537474617
19555,-12.277641804873149
19556,22.385904780078832
19557,-86.86655139490715
19558,-87.65122369192053
19559,-129.63828191521398
19560,117.92989256601489
19561,-86.83579592415414
19562,-139.82347303112266
19563,-133.94620517615496
19564,47.572004405432494
19565,-113.1911559316089
19566,-16.5548095950611
19567,-5.13876822790434
19568,-4.8925929158119885
19569,-45.18723204363935
19570,-30.094057121935336
19571,-7.154264466952146
19572,-154.56278902927832
19573,-2.1847434104371466
19574,-18.831872036184585
19575,54.41853000035898
19576,-102.9290366749972
19577,-30.571016856136694
19578,7.446559830567189
19579,79.12764358229762
19580,-419.17809742053936
19581,36.64828735324677
19582,101.5751119223098
19583,239.38306240517102
19584,-284.00104199313637
19585,-92.80535650059456
19586,-4.738736634405983
19587,14.89317227956166
19588,-206.41193491568512
19589,-30.52484418618671
19590,-36.29440212048476
19591,-13.031532321919865
19592,-97.77487755710955
19593,3.754061695250252
19594,-8.954367173874262
19595,-12.062248272747464
19596,-81.37395055266809
19597,-19.585736244017653
19598,-40.80235433278173
19599,-24.001395734841932
19600,-78.05064961245557
19601,-29.46324110632797
19602,23.262896107778552
19603,-19.847302446093327
19604,-21.708942403735122
19605,-2.415527832546159
19606,5.6157016528920485
19607,12.523790807751844
19608,-32.84805298804653
19609,4.55412488224696
19610,-142.2236099736855
19611,-29.878637280596006
19612,43.787160930215585
19613,-33.49423358442358
19614,-81.52778052486047
19615,-57.11098861575049
19616,1.6000737555661217
19617,-23.278260688548237
19618,-116.51443056260779
19619,-102.74442492283819
19620,-19.662664384720657
19621,-37.740619594644876
19622,22.9397926549832
19623,-38.21760563805989
19624,160.859744275155
19625,259.4953400697496
19626,219.3548600598099
19627,173.45960733259216
19628,193.2898049529884
19629,198.89102422534205
19630,264.3867984135975
19631,279.00218401929607
19632,100.61444459004869
19633,175.6036886100627
19634,183.09611827409822
19635,220.7441686200024
19636,3434.328882166377
19637,3520.5800347448735
19638,3528.1343044961104
19639,3591.59952070103
19640,3544.396792418343
19641,3557.412907541066
19642,3519.549187135768
19643,3554.1973428307365
19644,152.20872513236083
19645,215.41179577145508
19646,138.23869054123526
19647,231.13606323603446
19648,-37.771427683825195
19649,29.43245932636131
19650,168.50204184043724
19651,333.2192665148713
19652,188.9955511921213
19653,-50.57214927442239
19654,-329.8959918838724
19655,-141.6235757380448
19656,24.062932985561602
19657,-86.86655139490715
19658,-180.8873935659801
19659,-223.8129540584793
19660,114.02197458935862
19661,-106.11384591457342
19662,-99.25190312044997
19663,-91.28218457651778
19664,-20.98583366665507
19665,-140.73121982957542
19666,-29.26323846418562
19667,-86.8204050341708
19668,-126.19190647356211
19669,-28.26317263504655
19670,-42.20245175541914
19671,-12.585354367685163
19672,-122.39169841757551
19673,-15.447033845252378
19674,-47.018090221314495
19675,40.86391789271505
19676,-158.3168507245286
19677,20.924296415935395
19678,-53.41849048043356
19679,39.40228321935796
19680,-288.93978126968466
19681,127.11504416199816
19682,69.38863042062363
19683,30.386378794764028
19684,-209.458252454625
19685,30.955631250438074
19686,49.06436824032895
19687,58.018761723416866
19688,-42.9255604924992
19689,2.923243037500532
19690,25.678423940324706
19691,81.66627222549678
19692,-113.92965555867231
19693,62.00358153156249
19694,49.89518689807868
19695,-14.27774715393762
19696,-136.08480222585575
19697,19.201121849716273
19698,116.23747347054879
19699,87.20504573768584
19700,-35.694367884844056
19701,130.13060623018504
19702,152.94729807451523
19703,61.157371983829435
19704,1.6770018962691262
19705,-17.831806207045524
19706,-43.3717384467339
19707,27.186178665204487
19708,-43.54098561812324
19709,110.8833380197324
19710,2.7078231961612005
19711,29.26323846418562
19712,180.94893081669977
19713,-8.985122644627282
19714,-0.16922086217569188
19715,51.372212461419096
19716,6.04651502635706
19717,169.1174669660613
19718,2.046278019014464
19719,58.17259169560922
19720,-50.00289681874835
19721,21.139689948061076
19722,12.477644447015503
19723,48.618190286094254
19724,18.15490965984087
19725,-11.29294055650377
19726,-10.908299852988748
19727,-59.75730087040567
19728,-44.171775324516965
19729,29.29402024415228
19730,9.769794941640658
19731,-13.677712918296915
19732,-176.62559035656182
19733,20.20116136964169
19734,44.12562896378062
19735,55.95706650520542
19736,124.28880597040526
19737,138.18249178457754
19738,-90.4771853562454
19739,121.38092751367444
19740,22.30897663937583
19741,-0.5538878749043654
19742,-33.171156440841884
19743,-13.646957447543903
19744,-21.093517278111086
19745,-96.97484067932649
19746,-225.42841870402873
19747,-125.51497040643206
19748,208.62746010608893
19749,-55.003173346016354
19750,-366.43656931644955
19751,-148.87013292646964
19752,147.51623448299588
19753,-94.3285284246713
19754,-154.19353921574663
19755,-142.93135412999587
19756,95.43630417448004
19757,-44.171775324516965
19758,-67.9577775272332
19759,-41.20235961706644
19760,60.4496541367327
19761,-21.785870544438126
19762,-120.6992793221094
19763,-38.771467203750596
19764,-24.201398376984287
19765,68.75781440501628
19766,49.24900630170162
19767,4.6771730744726625
19768,-203.01173214398324
19769,19.35495182190864
19770,32.601877675954185
19771,59.24958566545129
19772,-198.39607001101663
19773,58.81877229198628
19774,95.69784406734206
19775,181.22586159954514
19776,-230.50564968121338
19777,89.28210553666696
19778,130.6229305451561
19779,285.0164724030451
19780,-222.93598903999322
19781,12.523790807751844
19782,14.29311173470731
19783,46.094978842092075
19784,-127.93047192976456
19785,13.46231938617123
19786,71.94262364459247
19787,40.925455143434725
19788,-43.83330729095192
19789,19.108776509816295
19790,17.81641531706219
19791,19.493443522544965
19792,-28.863206870687268
19793,-4.030992478095612
19794,22.80130095434687
19795,62.72671657785619
19796,70.37330535977937
19797,-33.617334395076576
19798,67.08081250874714
19799,64.52679297556466
19800,126.57654717707715
19801,13.862350979669587
19802,-11.692972150002124
19803,-7.846617733279185
19804,87.94354536474921
19805,-21.18583630879742
19806,-11.38528589640375
19807,-9.000539843824253
19808,52.387642871327834
19809,-3.230955600312548
19810,-17.093306579982137
19811,74.38890694789163
19812,12.708428869124514
19813,102.66749678213519
19814,82.17398743045115
19815,38.263751998796224
19816,-47.15658192195082
19817,5.569555292155704
19818,51.12603714932675
19819,36.371330261187765
19820,-9.462108688042283
19821,49.84904053734233
19822,-24.786041722641666
19823,3.8771625059032466
19824,62.095900562248815
19825,-7.200410827688483
19826,-67.51159957299852
19827,29.355531185658304
19828,-49.35668991315764
19829,15.631671906625046
19830,17.647168145672854
19831,43.0947813546749
19832,-67.75777488509084
19833,12.80074789981085
19834,-25.970745613153397
19835,-7.523514280483836
19836,-41.110066895593754
19837,-7.86198231404887
19838,-14.4162125453603
19839,-55.803236533013056
19840,-17.693314506409195
19841,11.3083314464871
19842,-57.37255481782616
19843,24.647576331218986
19844,-21.293546229467083
19845,-58.03412630418654
19846,-21.093517278111083
19847,-16.524027815094442
19848,151.0702672268901
19849,-29.278603044955297
19850,-37.43293334104651
19851,-59.926548041795
19852,46.094978842092075
19853,-69.52709581204633
19854,-138.8849444527033
19855,-150.10098317771772
19856,-59.649617258949654
19857,-28.94013501139027
19858,-109.16016345351329
19859,-30.786384079048734
19860,-150.11637406770103
19861,40.12539195643801
19862,9.831358501573975
19863,102.46746783077919
19864,-419.88581526763613
19865,-68.63473990357693
19866,38.94071437513994
19867,147.82392073659423
19868,-279.75465598291504
19869,151.20873261831278
19870,34.95584194856703
19871,167.54814868124822
19872,-114.25275901146763
19873,79.6661668764323
19874,0.5538615656907133
19875,58.89570043268928
19876,-163.04019646895122
19877,31.109487531844085
19878,27.063104163765143
19879,70.15788551844004
19880,-131.11528116934076
19881,10.539076348670703
19882,-2.092424379750806
19883,54.84931706461035
19884,-64.1267613820663
19885,5.184914588640679
19886,11.44679683790978
19887,12.800747899810847
19888,-142.50054075653088
19889,-14.539313356013295
19890,13.38536493625458
19891,18.97031111839361
19892,-10.35443828729803
19893,34.29427046220664
19894,13.016141431936536
19895,58.83416318196961
19896,104.55989221053
19897,35.8636150562334
19898,-25.57071401965504
19899,7.154238157738497
19900,286.5857906878582
19901,-24.18600748700095
19902,-56.58788252081279
19903,-30.986413030404734
19904,32.7095612874102
19905,-17.662559035656184
19906,14.370066184623962
19907,-10.277510146595027
19908,-14.046962731828609
19909,88.8820739431686
19910,-5.461845371486037
19911,-58.54184150914092
19912,-78.20453220307523
19913,-1.5539273948297776
19914,37.371396090326826
19915,50.18750857090736
19916,18.708771225531585
19917,195.8421030962614
19918,28.90935323142361
19919,24.75528625188865
19920,-22.26283027863949
19921,32.84805298804653
19922,-25.155291536173355
19923,51.83375499642347
19924,-9.892895752293649
19925,2.153987939684132
19926,-11.585288538546102
19927,72.66573238167254
19928,-71.2041240175291
19929,-119.11457014731297
19930,-156.2551818155308
19931,-73.38884111875258
19932,47.41812181481284
19933,6.50805756136144
19934,12.000684712814142
19935,10.569831819423717
19936,-37.84832951531453
19937,-10.415975538017708
19938,-42.46399164828118
19939,51.4491406021221
19940,152.30111747813817
19941,-1.723174566219118
19942,-57.8341236620442
19943,46.66423129776612
19944,341.7889929852305
19945,-89.49749906879264
19946,-93.17460631412624
19947,-132.42305956129184
19948,47.40273092482951
19949,-87.62044191195388
19950,-7.615833311170171
19951,17.647194454886503
19952,-0.30771256281201786
19953,-11.385285896403749
19954,10.954472522938739
19955,-5.1695236986573505
19956,-31.955697079577142
19957,13.23153496406222
19958,47.03350742051147
19959,229.35172757066834
19960,-117.66835267315287
19961,7.185019937705154
19962,53.526147782675935
19963,279.2315498879773
19964,-402.3771125133859
19965,114.729718745669
19966,138.946481703423
19967,483.44335050324196
19968,-119.22228006798264
19969,165.4557243014974
19970,72.08111534522881
19971,-2.7847776460778526
19972,-163.91716148743728
19973,58.95726399262261
19974,0.5538878749043619
19975,35.14050631915334
19976,-44.75641867017434
19977,21.24739986873074
19978,7.831226843295854
19979,-12.29300638564283
19980,-109.36016609565566
19981,-11.308331446487102
19982,1.6616373154994424
19983,7.800445063329193
19984,-19.616518023984316
19985,0.0922927214726883
19986,4.415633181610635
19987,-9.84672308234366
19988,7.646615091136829
19989,-28.801669619967587
19990,-16.508663234324757
19991,46.06419706212541
19992,170.48678260873209
19993,21.53969523234578
19994,-20.939687305918724
19995,15.339350233796358
19996,67.88084938653022
19997,1.246214832017758
19998,-33.52501536439024
19999,-197.93452747601222
20000,395.80134262795076
20001,333.7675586801713
20002,314.8128886698154
20003,353.4293671738743
20004,271.36942099173524
20005,338.2481899306094
20006,324.4035472959218
20007,254.74002702018345
20008,3479.9930739442175
20009,3648.0643287204034
20010,3634.6327648049855
20011,3890.0937033802297
20012,3595.3689732862636
20013,3686.681939642748
20014,3633.2788663615115
20015,3622.785936373577
20016,3582.383613634294
20017,3593.4457697686885
20018,3587.8608235865495
20019,3655.7109175023265
20020,3434.713522869892
20021,3604.1848750687154
20022,3612.4007163063125
20023,3704.482964069827
20024,3560.751573062048
20025,3591.5687389210634
20026,3610.939107942169
20027,3635.817468695497
20028,3524.9648861465175
20029,3601.753956346186
20030,3562.813241971046
20031,3587.937778036466
20032,3592.8611264230312
20033,3589.368604620643
20034,3587.4454274122813
20035,3604.4618058515607
20036,194.33432206216798
20037,-16.370171533688435
20038,-107.5446724987502
20039,12.600718948454848
20040,72.34265523809084
20041,-96.02092121092376
20042,-185.21070771690438
20043,-71.14258676680943
20044,224.52067190557602
20045,-10.677541740093378
20046,25.70917941107772
20047,12.61610983843818
20048,-70.51177075120205
20049,17.431774613547166
20050,-17.308673802894173
20051,-10.092872085222355
20052,-55.51088855097072
20053,-50.726031865042046
20054,176.8871565586375
20055,361.85168896344953
20056,-43.325592085997556
20057,133.51541811190359
20058,118.39146141023292
20059,407.1312400377752
20060,-86.1434426578271
20061,319.95697608005605
20062,416.5625406366372
20063,899.9751093599125
20064,-294.15545132907835
20065,62.54207851648352
20066,85.88187645575141
20067,333.1115829034153
20068,-89.95904160379703
20069,6.13880774782975
20070,6.9080891548597965
20071,10.81600713151606
20072,-71.75801189243346
20073,63.21904089282724
20074,99.91347460681034
20075,-36.87907177535578
20076,-125.22262242438971
20077,-12.985385961183521
20078,-18.15490965984087
20079,4.523343102280299
20080,32.03262522028014
20081,24.847605282574985
20082,-4.892592915811994
20083,-8.815901782451585
20084,94.43623834534098
20085,10.754469880796384
20086,-25.693788521094387
20087,64.35757211338897
20088,249.8144551423857
20089,-10.600613599390377
20090,-12.523790807751844
20091,-46.40266509569045
20092,160.16309979218704
20093,49.264370882471304
20094,27.232325025940835
20095,23.385970609217896
20096,2.123206159717469
20097,12.016075602797475
20098,77.21983095470584
20099,3.5540590531078973
20100,27.92467829226788
20101,173.4715628969523
20102,184.395279949138
20103,142.11590005301585
20104,22.63208009217118
20105,140.5773635481694
20106,15.631671906625046
20107,56.8186669429218
20108,-33.509624474406905
20109,22.570516532237857
20110,-11.616070318512767
20111,44.12562896378062
20112,3605.0156674172513
20113,3586.9684939872936
20114,3584.076006420546
20115,3612.4314717770653
20116,3571.3675775514216
20117,3655.480133080218
20118,3684.143310999549
20119,3684.804908795123
20120,-53.464636841169906
20121,24.816823502608322
20122,7.369657999077825
20123,38.89456801440359
20124,-6.092661387093407
20125,66.51156005307308
20126,3.3848118817185586
20127,25.124536065420344
20128,-21.785896853651774
20129,-80.58927825565472
20130,-117.5913982232362
20131,-52.97228621698522
20132,159.13227849229497
20133,-26.67846346025011
20134,48.87975648816993
20135,23.032111685669527
20136,143.9160290691516
20137,-94.7593154889227
20138,-160.76313402782776
20139,-215.78169826382745
20140,105.12914466620406
20141,-61.218935543762754
20142,-166.33268931998344
20143,-104.72913938191934
20144,82.43555363252685
20145,-65.46532155398404
20146,-251.06066997440345
20147,-338.065713069947
20148,-318.4491950459626
20149,45.156450263672696
20150,39.00225162585961
20151,144.71603963772105
20152,-112.74500428658787
20153,29.66324374847033
20154,135.7463078830771
20155,131.8076344356678
20156,-257.55336295499524
20157,81.46626958335443
20158,154.30122282720268
20159,84.25102092021864
20160,-229.16711581850933
20161,-21.43201162088977
20162,106.74463562096714
20163,267.3385487866192
20164,-187.39545112734154
20165,23.478289639904233
20166,0.4154224834816844
20167,47.725834377624864
20168,-343.49680297068
20169,-102.75978950360786
20170,0.492350624184688
20171,148.88552381645295
20172,-57.341799347073156
20173,14.90856316954499
20174,83.22019962032657
20175,266.1538448961075
20176,-18.90880017688759
20177,-4.015601588112279
20178,-77.92757511101622
20179,7.323485329127834
20180,133.51541811190359
20181,18.87799208770728
20182,121.20702083627742
20183,173.81005723973095
20184,455.0570770575424
20185,186.56463246959183
20186,-107.63699152943654
20187,16.077849860859743
20188,260.3996778517928
20189,34.20197774073395
20190,-30.263277984111028
20191,-45.8795853099664
20192,160.76313402782776
20193,-25.23221967687636
20194,24.078297566331287
20195,-15.770137298047725
20196,-58.54186781835457
20197,43.40252022670056
20198,81.40470602342111
20199,110.68333537759005
20200,16.708665876467112
20201,34.094294129277934
20202,241.1985560020765
20203,276.8313866362009
20204,-1.2616320312147344
20205,12.3545436363625
20206,193.07269003095325
20207,128.36125899401594
20208,-75.00435838272934
20209,57.94180727350021
20210,-23.109039826372538
20211,297.7402921621529
20212,-33.80197245644925
20213,14.646996967469317
20214,-29.09399129279628
20215,7.8927640940155275
20216,-35.186652679889676
20217,66.71156269521546
20218,333.52697907768334
20219,331.7730227314975
20220,88.4358959889339
20221,-50.64907741512538
20222,-17.385601943597177
20223,-10.785251660763045
20224,-120.3146386185944
20225,1.384706532654084
20226,-72.58880424096952
20227,12.016075602797473
20228,-16.077849860859743
20229,-33.140374660875224
20230,-27.06310416376514
20231,3.40020277170189
20232,41.648563880514786
20233,42.24859811615549
20234,-2.892461257533867
20235,6.108052277076739
20236,216.39712338945148
20237,31.03255939114108
20238,-24.862996172558315
20239,-37.617545093205536
20240,177.27179726215252
20241,18.277984161280216
20242,16.662519515730764
20243,36.048253117606066
20244,-79.58921242651566
20245,41.26392317699977
20246,20.831977385249058
20247,56.60327341079612
20248,-198.54995260163628
20249,22.401295670062165
20250,11.83146385063845
20251,142.83903509930954
20252,-116.1144252783231
20253,37.863720405297876
20254,124.85337261085802
20255,211.73531489574847
20256,-231.82879265393416
20257,-120.46852120921405
20258,58.34183886699857
20259,60.80351306028107
20260,-25.663033050341372
20261,13.723885588246905
20262,101.29818113946443
20263,172.62537965843288
20264,72.86576133302853
20265,165.42494252153074
20266,175.2409101331214
20267,172.00995453280882
20268,-28.201609075113236
20269,7.615807001956522
20270,-3.41559366168522
20271,24.57064819051598
20272,-23.201332547845226
20273,7.64661509113683
20274,9.200542485966606
20275,-16.400953313655094
20276,-52.679964544156526
20277,-70.49637986121873
20278,-69.85019926484165
20279,30.986413030404737
20280,150.6086983826721
20281,7.169629047721826
20282,-16.400953313655094
20283,4.538707683049982
20284,8.308160268283563
20285,-46.1257343128451
20286,44.09484718381396
20287,17.047133910032148
20288,-19.985767837516008
20289,21.478157981626108
20290,23.539826890623907
20291,-12.523817116965494
20292,27.07849505374848
20293,40.84852700273173
20294,12.077639162730792
20295,38.232970218829564
20296,-7.661979671906515
20297,11.400650477173436
20298,25.278366037612706
20299,36.37133026118777
20300,-83.71252393529763
20301,18.67801575477857
20302,26.724609820986466
20303,39.14071701728229
20304,-34.72508383567166
20305,3.81562525518358
20306,8.41587018895323
20307,-1.4769992541267722
20308,12.41610719629583
20309,34.41737127285963
20310,28.35549166573289
20311,44.2640943552033
20312,-105.29839183759337
20313,5.015667417251342
20314,35.87900594621672
20315,41.094676005610424
20316,-11.893001101358127
20317,11.077573333591733
20318,-26.016891973889734
20319,15.816309967997716
20320,22.309002948589473
20321,47.71044348764153
20322,9.723622271690662
20323,22.262830278639484
20324,232.8288321738596
20325,-110.12942119347204
20326,-65.11146263043568
20327,-156.96292597184117
20328,288.69360595759235
20329,-6.646522952784121
20330,-36.817508215422464
20331,62.6805439079062
20332,109.66790496768131
20333,9.38515423812563
20334,0.7846722970133797
20335,-0.7077441563103726
20336,22.308976639375828
20337,-30.124838901902002
20338,-23.939832174908613
20339,-20.878123745985402
20340,-73.81965449221761
20341,-12.78535700982752
20342,7.138873576968811
20343,149.57787708278002
20344,-84.09716463881263
20345,38.74068542378394
20346,22.462859229995484
20347,153.82428940221496
20348,-295.6017214216658
20349,32.601877675954185
20350,41.38702398765276
20351,188.0262671429489
20352,-493.6900788698703
20353,12.893040621283536
20354,-9.723622271690665
20355,-58.72647957051359
20356,-405.6388498936651
20357,-31.986452550330153
20358,-54.92624520531335
20359,4.938765585761983
20360,-197.4575677418109
20361,-45.55648185717105
20362,37.83296493454486
20363,180.59504558393778
20364,49.49518161379397
20365,-11.569897648562776
20366,-89.06668569532762
20367,73.98890166360694
20368,-43.387103027503585
20369,36.3097930104681
20370,-6.661913842767453
20371,-28.140071824393562
20372,27.44771855806652
20373,-8.769729112501594
20374,-18.785699366234592
20375,-10.062116614469344
20376,-24.755259942675004
20377,19.24726821045262
20378,-8.185085766844217
20379,-101.20586210877808
20380,-49.21822452173497
20381,-35.18665267988969
20382,-105.62149529038872
20383,-98.37491179275024
20384,-51.187600709260074
20385,-96.31324288375245
20386,-218.08954248491756
20387,-98.9903369183743
20388,-354.74359716644744
20389,-76.89675381112414
20390,-71.06563231689276
20391,-46.741159438469126
20392,-340.35814009184014
20393,-94.57470373676365
20394,-80.74310822784709
20395,-17.862587987012184
20396,-57.72641374137453
20397,-19.231903629682936
20398,-46.11034342286177
20399,-32.09416247099982
20400,-32.78651573732686
20401,-53.587711342609246
20402,-45.60262821790739
20403,116.77597045546982
20404,-96.6209817557781
20405,-35.97132497690306
20406,-12.354543636362507
20407,-31.571056376062113
20408,-313.86431469296264
20409,-49.89518689807869
20410,10.64675996012672
20411,45.125694792919674
20412,-10.046725724486013
20413,7.44658613978083
20414,7.415830669027812
20415,8.73897364174858
20416,-47.75661615759152
20417,-91.49757810864348
20418,-84.31258448015194
20419,-84.91259240657902
20420,25.770742971011042
20421,-36.41750293113776
20422,-210.6891027058731
20423,-41.91010377337681
20424,159.25535299373433
20425,-115.88361454700042
20426,-172.6099624592359
20427,-47.1719465027205
20428,136.1309485865921
20429,-36.694407404769464
20430,-26.478434508894118
20431,-138.85418898195027
20432,46.156516092811756
20433,-54.52623992102864
20434,-78.54300023664025
20435,-24.47832915982965
20436,-71.5118365803411
20437,-7.7696895925761815
20438,-13.308463104765222
20439,8.646654611062244
20440,-182.5643954622492
20441,-5.877267854967723
20442,-27.816994680811863
20443,62.97286558073489
20444,-278.7238083738093
20445,-8.015864904668524
20446,-37.6790823439252
20447,49.78750328662265
20448,-232.98271476447925
20449,88.91282941392161
20450,70.29637721907638
20451,172.99462947196457
20452,-79.40457436514299
20453,82.85094980679487
20454,43.35634755675058
20455,150.10098317771772
20456,-128.59204341612494
20457,10.154409335942034
20458,47.07962747203417
20459,75.17357924490503
20460,-15.770137298047725
20461,23.324407049284574
20462,57.110988615750486
20463,78.12760406237221
20464,16.262487922232417
20465,42.033178274816166
20466,8.70819186178192
20467,31.786449908187794
20468,151.79340227318383
20469,14.923927750314672
20470,15.570134655905372
20471,146.05459980963877
20472,290.5552722244478
20473,163.901770597454
20474,-0.8000368777830591
20475,5.538773512189046
20476,175.33322916380772
20477,-52.09532119849915
20478,-98.6980152455456
20479,37.8021831545782
20480,36.78675274466946
20481,-4.1848487595016195
20482,2.0462780190144656
20483,-84.95873876731537
20484,14.72392510817232
20485,-63.83443970923762
20486,0.5538878749043628
20487,3.154027459609546
20488,-30.232522513358017
20489,82.31245282187385
20490,48.58743481534124
20491,11.954538352077797
20492,17.41638372356384
20493,-13.077678682656208
20494,73.11191033590724
20495,-31.98645255033015
20496,-87.09733581701617
20497,-36.72521549394978
20498,-46.602694047046455
20499,14.370066184623957
20500,-106.94466457232313
20501,-4.846446555075649
20502,-13.385391245468227
20503,50.63371283435571
20504,-20.155015008905345
20505,47.31043820335682
20506,59.434197417610314
20507,224.98224074979404
20508,-2.907852147517204
20509,-3.000197487417182
20510,-22.739790012840846
20511,21.047370917374742
20512,62.35744045511085
20513,22.216657608689495
20514,-60.541946858205385
20515,69.83480837485833
20516,207.75046877838926
20517,1.8154935969054478
20518,-34.878940117077676
20519,31.263343813250092
20520,113.03732595941653
20521,-65.00377901897966
20522,-61.542038996558105
20523,-175.13320021245173
20524,166.96350533559084
20525,-8.862048143187929
20526,-9.954433003013325
20527,0.5231060949377007
20528,23.062867156422545
20529,-23.67829228204658
20530,-6.50808387057509
20531,27.478526647246827
20532,-28.493957057155576
20533,-13.07767868265621
20534,40.95621061418775
20535,157.93221002101356
20536,-132.43842414206154
20537,63.2805781435469
20538,58.49569514840458
20539,123.2071261853419
20540,-319.86463074015603
20541,112.92961603874689
20542,59.17265752474829
20543,239.59848224651034
20544,-209.56596237529467
20545,116.42211153192144
20546,43.07941677390521
20547,51.14142803931008
20548,-72.0503072560485
20549,6.108052277076737
20550,63.111357281371205
20551,256.76869065798184
20552,-166.2096148185441
20553,-26.878492411606118
20554,-69.31170227992064
20555,21.339692590203427
20556,-136.4232702594208
20557,20.601192963140043
20558,18.385667772736237
20559,19.370369021105617
20560,-41.294678647752775
20561,-23.04747626643922
20562,-49.20283363175163
20563,13.462319386171231
20564,91.85146334140548
20565,-2.0001053490644747
20566,-25.878426582467057
20567,12.12375921425349
20568,-81.15853071132878
20569,-50.24907213084068
20570,-56.172486346544744
20571,-73.97351077362362
20572,39.556139500763976
20573,-1.8616399576417955
20574,-63.37289717423323
20575,-28.278563525029888
20576,250.35292581809307
20577,-32.24801875240582
20578,-36.67904282399979
20579,-6.108052277076737
20580,-13.57000299762725
20581,-8.61589914030923
20582,35.44821888196536
20583,88.43586967972026
20584,-56.326444470155025
20585,77.88044470784429
20586,93.20324532415798
20587,110.39030618959379
20588,-144.96224125902702
20589,-9.939042113029993
20590,-54.803170703874
20591,-57.6648501814412
20592,-68.9885988271253
20593,-11.754509400721801
20594,-18.939555647640603
20595,-76.0505442633911
20596,43.47899846026476
20597,209.08971146145387
20598,152.62432407833077
20599,315.6503146940116
20600,124.05367324567246
20601,274.8017192199985
20602,199.47370432993785
20603,215.39827727314125
20604,-90.55910214865136
20605,-31.801840798171128
20606,-209.65828140598103
20607,-75.63512177990941
20608,-43.77177004023225
20609,-100.26733353035871
20610,-216.5201978908908
20611,-30.61716321687304
20612,16.32402517295209
20613,-136.48480751014048
20614,-70.60408978188839
20615,-37.89450218526453
20616,38.63300181232792
20617,-86.5896206120618
20618,-44.725663199421334
20619,-23.539826890623914
20620,79.37381889438998
20621,-5.984951466423741
20622,-8.200476656827547
20623,-22.216657608689495
20624,40.09463648568501
20625,1.1692866913147526
20626,0.5846433456573763
20627,9.800576721607316
20628,114.43737076362666
20629,253.99930390188732
20630,363.1902228261537
20631,365.1441818144818
20632,-195.02664901928136
20633,25.03221703473401
20634,37.232930698904156
20635,211.99688109782417
20636,-230.8287268247951
20637,61.188153763796095
20638,82.08166839976482
20639,188.3031716165806
20640,-299.15575416556
20641,-55.23395776812535
20642,112.72958708739087
20643,254.4300909661387
20644,-57.664876490654855
20645,64.52679297556466
20646,50.29521849157703
20647,86.43576433065579
20648,-116.82214312541981
20649,99.34419584192266
20650,25.80147213255041
20651,35.37126443204871
20652,-87.00504309554348
20653,30.32484154404435
20654,10.06211661446934
20655,5.754167044314725
20656,-26.909247882359132
20657,3.2617373802792127
20658,10.062116614469343
20659,30.417134265517042
20660,18.72416211551492
20661,14.385457074607288
20662,-1.2616057220010894
20663,125.94575747068342
20664,24.539866410549315
20665,91.58992344854344
20666,-46.57193857629344
20667,11.800682070671789
20668,51.17218351006311
20669,-45.89494989073607
20670,-17.370237362827496
20671,-50.69522377586174
20672,38.079140246637195
20673,-18.13951876985754
20674,-13.000750541953204
20675,113.8373628371996
20676,73.17347389584054
20677,160.44005688424608
20678,98.94419055763794
20679,179.7642532354017
20680,-18.431840442686223
20681,15.185493952390352
20682,-36.263646649731754
20683,88.49743323965357
20684,-36.12518125830907
20685,-7.892764094015526
20686,10.231363785858683
20687,-60.61887499890841
20688,-60.80351306028107
20689,-22.35514930932582
20690,-22.785936373577186
20691,-15.23164031312669
20692,3307.6292604878604
20693,3535.303959853046
20694,3215.6085499750657
20695,3609.862113972327
20696,-286.6011815778415
20697,-87.7127609426402
20698,-98.69801524554559
20699,-22.47822381076517
20700,-88.18972067684156
20701,-109.42172965558898
20702,-146.87002757740515
20703,-58.78801682123326
20704,-73.77348182226761
20705,-30.509453296203375
20706,-179.31804897195335
20707,-77.06600098251349
20708,-3.554059053107899
20709,-152.63961182091685
20710,-196.96524342683983
20711,-146.40848504240077
20712,135.14627364743637
20713,-30.34020612481404
20714,66.3115311017171
20715,7.323511638341481
20716,-96.28251372221308
20717,-121.20702083627744
20718,-36.77136185468612
20719,3.0770993189065408
20720,-41.24853228701643
20721,-35.12511542917001
20722,-74.68122862072033
20723,-39.248426937951955
20724,-92.28227671487049
20725,9.908260333063332
20726,57.84948824281388
20727,193.11886270090324
20728,-129.74596552667
20729,-36.09439947834241
20730,-27.74006654010885
20731,103.06750206641989
20732,-312.0334302060739
20733,132.7615275948569
20734,147.39313367234286
20735,230.5671869319331
20736,-645.6527283144435
20737,50.079824959451344
20738,173.36387928549627
20739,13.139215933375883
20740,-38.70992995303091
20741,77.15832001319983
20742,27.109250524501487
20743,75.4505100277504
20744,-126.4073000056878
20745,37.556007842485855
20746,3.784843475216914
20747,-2.4924559732491627
20748,-120.6685238513564
20749,13.87771556043927
20750,-5.107986447937677
20751,16.80098490715345
20752,-10.83139802149939
20753,-12.508426226982161
20754,-25.53993223968838
20755,10.523685458687371
20756,1.938568098344799
20757,15.462424735235704
20758,-20.72426746457939
20759,44.187166214500294
20760,77.49678804676485
20761,30.586381436906382
20762,31.140269311810744
20763,-32.10955336098315
20764,175.87172614872875
20765,-29.57095102699764
20766,-62.69593479788953
20767,-20.40119032099769
20768,-35.171288099120005
20769,10.877570691449382
20770,12.246860024906487
20771,30.078666231952013
20772,-123.97640759237196
20773,0.4615688442180286
20774,-11.846854740621781
20775,78.52760934665693
20776,-209.33517795318568
20777,22.124364887216807
20778,122.96095087324957
20779,185.41071035904673
20780,-174.51777508682767
20781,37.67910865313885
20782,51.1721835100631
20783,73.15808300585722
20784,-108.3447356857469
20785,-67.49620868301518
20786,37.75603679384186
20787,96.99023156930983
20788,-39.06378887657928
20789,4.030992478095611
20790,37.57139873246918
20791,161.87090977763648
20792,-34.87894011707766
20793,120.02234325497936
20794,69.742489344172
20795,234.92128286282403
20796,-26.401506368191114
20797,-46.833478469155466
20798,-62.77286293859253
20799,-100.89814954596608
20800,-83.48176582240225
20801,-38.90993259517328
20802,-129.17671307099596
20803,-103.19057656785924
20804,-45.925731670702746
20805,-89.98979707455003
20806,-54.910880624543665
20807,-6.4773020906084255
20808,68.41934637145124
20809,-149.07016187782563
20810,-185.25685407764072
20811,-315.4643884485288
20812,74.481225978578
20813,-31.509519125342436
20814,-97.83641480782921
20815,-17.124088359948797
20816,-20.862732856002076
20817,-15.154712172423686
20818,-22.67825276212117
20819,-19.816546975340316
20820,-137.68487598142187
20821,-45.12569479291968
20822,-28.8785977606706
20823,257.7687564871209
20824,-140.1619410646877
20825,58.63416053982725
20826,-32.49416775528453
20827,124.31487562593699
20828,-98.80569885700163
20829,177.5179462650312
20830,84.54334259304734
20831,286.32425079499615
20832,-67.11156797950015
20833,133.05384926768556
20834,88.25125792756124
20835,71.38873576968811
20836,-114.960503167778
20837,33.371159082984235
20838,-11.769900290705134
20839,-9.292835207439296
20840,-494.7978546196791
20841,-3.2617110710655624
20842,27.586210258702852
20843,17.970271598468198
20844,2.1078152697341404
20845,1.1077494405950796
20846,-6.246491359285769
20847,12.554572587718505
20848,75.61975719913973
20849,83.78947838521425
20850,-0.2615662020756755
20851,12.785357009827516
20852,85.43572481073038
20853,23.64751050207992
20854,-31.371027424706114
20855,69.11169963777827
20856,264.615308391261
20857,124.43795012737635
20858,1.4462437833737596
20859,-53.54156498187291
20860,-1.7847118169387954
20861,46.094978842092075
20862,12.493035336998831
20863,-3.7079153345139098
20864,-51.61838777351144
20865,-4.21563053946828
20866,-13.693103808280247
20867,-50.32597396233004
20868,-18.077981519137865
20869,30.43252515550037
20870,26.35536000745477
20871,62.12665603300183
20872,-78.0660405024389
20873,20.50887393245371
20874,69.01938060709195
20875,29.78631824990967
20876,-39.52389000781375
20877,130.4246721432653
20878,49.79098561812324
20879,20.927778747435973
20880,167.79646456160827
20881,151.59667261759486
20882,130.64162073090645
20883,139.47318993060938
20884,-45.51033549643469
20885,4.030992478095611
20886,-29.217092103449275
20887,186.3030925767298
20888,-307.0331536788059
20889,23.9090767041556
20890,-28.817034200737268
20891,-70.00405554624768
20892,15.908602689470404
20893,-124.31490193515062
20894,-304.7868467084354
20895,17.21638108142148
20896,37.06368352751481
20897,-2.430918722529489
20898,-13.554638416857566
20899,18.64723397481191
20900,67.97316841721654
20901,-31.832622578137784
20902,-11.554506758579446
20903,-64.12678769127996
20904,334.3116513746967
20905,-99.02109238912732
20906,-30.401769684747357
20907,-110.40637828553106
20908,77.52756982673151
20909,8.431234769722915
20910,-46.171906982795086
20911,2.0616425997841503
20912,116.5144305626078
20913,-9.831332192360328
20914,-71.41949124044113
20915,-33.58657892432356
20916,-2.6462859454415266
20917,-27.263133115121143
20918,-11.862219321391464
20919,50.74139644581173
20920,-61.80357888942013
20921,36.57135921254377
20922,36.61750557328011
20923,79.95846224004735
20924,-373.42158661201233
20925,54.895489734560336
20926,345.9738417447321
20927,743.042965168038
20928,-37.171393448184475
20929,-28.586276087841906
20930,208.79668096826464
20931,233.73660528152595
20932,-77.11214734324982
20933,94.65163187746666
20934,163.79408698599795
20935,122.19166946621952
20936,-84.11255552879595
20937,33.49423358442358
20938,52.8184299355792
20939,-11.923756572111138
20940,-6.323445809202418
20941,60.434263246749374
20942,4.446388652363647
20943,41.448561238372434
20944,-7.123482686985481
20945,63.38828806421657
20946,5.569555292155703
20947,78.0660405024389
20948,88.57436138035659
20949,74.80432943137333
20950,2.415527832546159
20951,96.26709652301611
20952,-17.93951612771518
20953,23.801366783485935
20954,-16.062485280090062
20955,29.878637280596006
20956,215.35091119957607
20957,331.8653417621839
20958,152.03955127606253
20959,41.24855859623008
20960,33.97119331862493
20961,35.12511542917001
20962,166.74811180346515
20963,38.571464561608245
20964,73.18883847661024
20965,121.99166682407716
20966,22.124364887216803
20967,43.83330729095192
20968,47.402757234043165
20969,114.29890537220399
20970,309.7256122941974
20971,599.8192893652134
20972,406.62352483282086
20973,693.9632060377257
20974,372.6523052049822
20975,24.216789266967616
20976,-98.74416160628193
20977,0.12310081065299538
20978,-9.385154238125633
20979,44.61795327875166
20980,12.985359651969876
20981,6.723451093487128
20982,-23.016694486472556
20983,-5.938805105687397
20984,-178.82572465698232
20985,-179.44114978260635
20986,-213.1200214284026
20987,-9.000539843824253
20988,-303.18677295286926
20989,-101.03661493738876
20990,-66.64999913528214
20991,-41.17160414631342
20992,-10.692932630076712
20993,-69.45016767134332
20994,0.8769650184860645
20995,40.002317454998675
20996,170.40985446802907
20997,-9.723622271690662
20998,-96.4824900551418
20999,58.78801682123326
21000,282.98558527401394
21001,119.68382260298702
21002,37.26368616965716
21003,-11.216012415800765
21004,229.89022455558938
21005,7.092727216232468
21006,-18.27798416128022
21007,-19.354978131122284
21008,-27.47850033803317
21009,48.55665303537458
21010,-125.62265401788807
21011,-50.326000271543684
21012,-48.633581176077584
21013,-18.662624864795244
21014,81.11238435059244
21015,71.12716956761244
21016,62.66517932713652
21017,34.20197774073396
21018,56.83405783290513
21019,187.64160013022024
21020,-139.88501028184237
21021,-25.38607595828237
21022,-11.062182443608403
21023,35.30972718132904
21024,-446.8873821806816
21025,-80.77389000781375
21026,19.216486430485958
21027,-24.89375164331133
21028,-162.37862498259085
21029,-5.6003370721223655
21030,-162.24013328195454
21031,-24.093688456314624
21032,-136.73098282223282
21033,-51.66453413424778
21034,-71.86569550388947
21035,-115.74514915557775
21036,-171.14835409509246
21037,-22.232048498672828
21038,-55.987848285172085
21039,-25.57071401965504
21040,-48.95668462887293
21041,-27.38620761656049
21042,-58.69569779054693
21043,-64.60374742548132
21044,-126.3150072842151
21045,-29.83249091985967
21046,-27.37081672657716
21047,-55.43398671948137
21048,-33.55579714435691
21049,-19.30880546117229
21050,-55.63398936162372
21051,-48.64897206606092
21052,-32.278800532372486
21053,-28.20163538432688
21054,-147.97780332721388
21055,-120.20695500713836
21056,144.10064082131063
21057,-16.04709439010673
21058,-75.08126021421869
21059,-97.66719394565352
21060,-66.94234711732447
21061,-35.90978772618339
21062,-68.34241823074824
21063,-107.92931320226523
21064,-182.65671449293558
21065,-32.90959023876621
21066,12.739210649091175
21067,-3.4002027717018892
21068,-50.033678598715
21069,10.231363785858678
21070,22.524370171501513
21071,1.584709174796437
21072,-233.32118279804428
21073,-24.170616597017624
21074,-88.98975755462462
21075,11.292940556503769
21076,-107.22156904595487
21077,-4.092529728815284
21078,-57.49562931926551
21079,-21.23200897874741
21080,-103.68292719204392
21081,-41.91010377337682
21082,-26.863075212409143
21083,-4.631053022949964
21084,-102.8521085342942
21085,-60.08040432320101
21086,-56.695592441482454
21087,-41.07931142484074
21088,-15.508571095972044
21089,-103.42136098996826
21090,-270.0156165120274
21091,-179.88732773684103
21092,-167.2404361184362
21093,-105.20607280690704
21094,-205.6426535086551
21095,-193.6111870158743
21096,100.06733088821633
21097,-135.79248055302708
21098,-184.87223968333936
21099,-70.15791182765369
21100,13.000750541953195
21101,-169.36364227815366
21102,-65.86535314748241
21103,-55.680162031573715
21104,-38.32531555872954
21105,-141.97743466159315
21106,-232.85961395382625
21107,-57.37255481782617
21108,-124.33026651592031
21109,-13.508492056121224
21110,-57.08023314499747
21111,-32.34033778309216
21112,-158.74763778877997
21113,-25.216828786893032
21114,-53.63388401255925
21115,11.908391991341453
21116,-203.5656200188876
21117,56.3724889886871
21118,324.8649335766377
21119,626.0823566511956
21120,-407.2697054291979
21121,4.661808493702978
21122,75.49665638848673
21123,50.4798565529497
21124,-157.51678753753188
21125,37.63293598318886
21126,-8.231232127580558
21127,21.524304342362452
21128,-160.99391844993679
21129,-13.954670010355919
21130,-3.015562068186867
21131,14.323893514673964
21132,-17.616412674919836
21133,-3.6771335545472477
21134,16.01631261014007
21135,9.631329550217975
21136,-37.03290174754815
21137,-5.461871680699685
21138,-20.447336681734036
21139,-30.232522513358013
21140,-8.492798329656235
21141,-17.27791833214116
21142,-20.493483042470377
21143,27.95546007223454
21144,163.90177059745395
21145,-2.830924006814196
21146,-63.4036789541999
21147,-59.98808529251469
21148,58.48030425842125
21149,-22.078218526480462
21150,-92.52842571774919
21151,65.34224705254469
21152,109.68326954845101
21153,-12.154540994220152
21154,-4.092529728815286
21155,-92.43610668706285
21156,-77.54296071671484
21157,49.649037895199974
21158,99.75961832540433
21159,44.23333888445028
21160,-13.062287792672876
21161,89.46671728882598
21162,130.88447043801813
21163,254.3531628254357
21164,344.29683984846304
21165,496.44410104519517
21166,641.6678821970843
21167,195.74975775636145
21168,-136.7617646021995
21169,-18.539550363355893
21170,-133.1769237691249
21171,-19.493443522544965
21172,3582.6297626371725
21173,3607.369657999078
21174,3587.1377148494694
21175,3694.1593075624955
21176,271.5415000174517
21177,266.84890974378203
21178,256.9252585207354
21179,305.774838901902
21180,219.69495075545393
21181,226.5426613870934
21182,200.75685667179434
21183,221.81959216993874
21184,118.79146669451762
21185,-88.20508525761123
21186,-37.41754245106317
21187,-2.0924243797508097
21188,69.91173651556133
21189,-155.00896698351303
21190,-458.595745220667
21191,-223.33599432427795
21192,56.12633998580839
21193,-46.77194121843579
21194,-209.59674415526132
21195,-237.84452590032458
21196,93.25153445482925
21197,-181.1181779880891
21198,-203.45791009821795
21199,-83.54327676390827
21200,53.97235204612427
21201,-120.02231694576571
21202,-87.06658034626315
21203,3.554032743894253
21204,-136.7925200729525
21205,-16.66249320651712
21206,116.46828420187144
21207,151.42412615043847
21208,-168.85592707319927
21209,47.802762518327874
21210,27.786239210058845
21211,259.30729299196736
21212,-105.97535421393708
21213,60.60351041813871
21214,108.54473832788926
21215,576.9718157409167
21216,-163.65559528536164
21217,26.539998068827444
21218,29.478631996311307
21219,6.231126778516085
21220,-244.79876141592072
21221,8.000447705471547
21222,-6.554230231311436
21223,32.58651309518451
21224,-90.0975069952197
21225,-6.1541986378130815
21226,-231.95189346458713
21227,-72.25033620740449
21228,-463.2114073536336
21229,-3.2001738203458903
21230,-7.461950720550513
21231,25.109145175437014
21232,92.83613828056122
21233,18.524159473372563
21234,-5.8157042950344024
21235,-28.032388212937544
21236,-17.077915689998804
21237,-8.215867546810877
21238,6.7542328734537875
21239,-8.36972382821689
21240,171.0252795936531
21241,96.43634369440544
21242,-39.263817827935284
21243,-58.8341631819696
21244,107.71391967013953
21245,-29.309384824921963
21246,-41.14082236634676
21247,-11.185256945047755
21248,23.63211961209659
21249,-68.51166540213757
21250,0.09231903068633596
21251,40.52542354993637
21252,3424.4360127232967
21253,3576.183242326531
21254,3592.845735533048
21255,3544.6275505312383
21256,3486.3011025542232
21257,3615.9239935794535
21258,3624.4168182183234
21259,3616.4163442036383
21260,3584.9529714390324
21261,3574.660070402454
21262,3599.4307212351123
21263,3596.738262619721
21264,3536.4117092936413
21265,3563.0440000839412
21266,3564.2902412251724
21267,3575.3370327787975
21268,3295.720868496519
21269,3584.8760432983295
21270,3633.1557655508586
21271,3608.6466546110623
21272,3518.287581413767
21273,3535.642427886611
21274,3495.040076195972
21275,3596.8152170696376
21276,3431.959500694567
21277,3395.957420246911
21278,3562.997853723205
21279,3596.8921189011267
21280,190.24928369368752
21281,166.20116223435957
21282,104.27450884350009
21283,191.0951904049389
21284,176.0255561209211
21285,-94.95934444027867
21286,-158.37838797524827
21287,-182.0874620372615
21288,145.13146212120273
21289,-109.02169806209062
21290,-132.37688689134185
21291,-303.69446184861
21292,258.1841526613889
21293,-13.66234833752723
21294,-108.11392495442423
21295,-134.77702383390468
21296,-74.45044419861132
21297,-50.849106366481394
21298,-3.9848461173592655
21299,-1.6154646455494515
21300,-75.58900172838672
21301,-29.14016396274627
21302,52.75689268485954
21303,219.18190103552934
21304,-324.3726092616667
21305,44.63334416873499
21306,74.89664846205966
21307,67.83470302579386
21308,-438.4715119917283
21309,-71.03487684613975
21310,90.9437428521664
21311,244.7218332752177
21312,-253.01462896273162
21313,-1.0923848598253958
21314,32.971153798699525
21315,-2.2924270218931633
21316,-185.74920470182542
21317,-8.38508840898657
21318,22.90901087501654
21319,12.800721590597204
21320,-66.06535578962475
21321,-7.862008623262515
21322,5.4310899007330224
21323,25.509176768935365
21324,-53.61849312257591
21325,-3.8463807259365854
21326,5.584946182139035
21327,38.84839534445361
21328,-53.8338866547016
21329,-3.015562068186866
21330,-53.849251235471286
21331,3.5848408330745594
21332,18.831845726970936
21333,8.400505608183547
21334,-64.32679033342231
21335,17.416383723563836
21336,179.22575625048063
21337,5.323379980063359
21338,-64.81914095760699
21339,-99.65193471394831
21340,143.39289666500028
21341,2.1539616304704845
21342,-156.23979092554742
21343,-49.44900894384398
21344,-9.846723082343658
21345,31.417226403869748
21346,8.338942048250226
21347,-51.01835353787073
21348,3495.255496037311
21349,3563.428640787456
21350,3606.0464887171433
21351,3596.18440105403
21352,3472.9772748686883
21353,3573.860033524671
21354,3614.52392246603
21355,3588.322418739981
21356,3426.7130488552066
21357,3588.5993495228267
21358,3593.2765225972994
21359,3573.013823976938
21360,3497.3632849978317
21361,3588.4916396021567
21362,3593.1380572058765
21363,3606.0926613870934
21364,3506.317652171706
21365,3600.9077467984525
21366,3571.3983593313883
21367,3593.1842298758265
21368,3551.6125941360146
21369,3578.1218104248755
21370,3503.4098000241884
21371,3585.399149393267
21372,3594.768939050623
21373,3557.843694605317
21374,3555.428193081985
21375,3580.9373435417065
21376,102.39053969007618
21377,-9.231297956719619
21378,-124.08409120382798
21379,31.801840798171128
21380,96.94405889935983
21381,22.447468340012154
21382,-106.72927104019745
21383,73.92733810367363
21384,160.5631313856854
21385,-36.52518654259378
21386,-87.85122633406289
21387,-47.64890623692185
21388,242.02937465982617
21389,-46.89501571987515
21390,-64.60374742548132
21391,-104.80606752262233
21392,-14.231574483987634
21393,6.846525594926477
21394,7.800471372542839
21395,38.69453906304759
21396,-140.25426009537406
21397,-0.953919468402717
21398,38.70992995303093
21399,167.50200232051185
21400,-303.40216648499495
21401,67.46542690304851
21402,39.84846117359267
21403,137.68490229063553
21404,-381.4528160974505
21405,113.28347496229524
21406,223.93602855991867
21407,552.0934549875886
21408,-30.43252515550037
21409,60.14194157392069
21410,3.5694499430912288
21411,183.62599854210794
21412,-229.96715269629237
21413,28.07856088288753
21414,44.40258605583962
21415,191.36490635471748
21416,-111.94494109959115
21417,82.77402166609187
21418,-4.7079811636529705
21419,28.278563525029888
21420,-144.34681613340297
21421,30.21713162337469
21422,-43.63330464880958
21423,-3.615596303827573
21424,20.86273285600207
21425,50.64907741512539
21426,19.10880281902994
21427,68.28088098002856
21428,60.20347882464037
21429,43.40249391748692
21430,6.03112413637373
21431,216.6740804815105
21432,105.59073981963571
21433,46.7257685484858
21434,-8.062011265404866
21435,-13.385391245468226
21436,196.88831528613682
21437,-8.169721186074533
21438,-24.447547379862982
21439,-27.878531931531533
21440,-34.35583402213996
21441,26.955394243095476
21442,53.449245951186576
21443,-14.123917181745263
21444,-36.8328991054058
21445,-7.523514280483834
21446,93.66695693831095
21447,66.34228657247012
21448,87.68197916267354
21449,96.71330078646446
21450,44.35638707667599
21451,84.804908795123
21452,-0.030781779966661205
21453,30.771019498279056
21454,17.616412674919836
21455,-12.662282508388172
21456,-77.65064432817086
21457,-13.370000355484896
21458,-30.29405976407769
21459,-0.3538589235483638
21460,2.6924586153915167
21461,-94.68238734821966
21462,-81.9278121183588
21463,20.878123745985402
21464,-22.201293027919817
21465,-62.46515037578052
21466,-25.170682426156688
21467,41.26392317699976
21468,36.44825840189077
21469,-51.033718118640415
21470,-38.894568014403596
21471,7.061945436265807
21472,-1.5693182848131055
21473,-22.66286187213784
21474,-97.99027108923522
21475,-41.24853228701643
21476,48.064328720403545
21477,-8.215867546810877
21478,-124.42255923739302
21479,-21.616649682262437
21480,170.4560008287654
21481,-86.52808336134211
21482,-210.5814190944171
21483,-128.89975597893695
21484,250.18367864670378
21485,-23.693683172029914
21486,-44.633344168734986
21487,-36.479040181857435
21488,-48.67972753681393
21489,-30.047884451985347
21490,-25.97071930393975
21491,28.155462714376892
21492,-18.908773867673943
21493,12.031466492780803
21494,93.69771240906394
21495,202.25784162693654
21496,-250.44524484877945
21497,-16.077849860859743
21498,52.55689004271718
21499,53.98774293610761
21500,-541.2928387460558
21501,-1.8154935969054522
21502,-9.231324265933267
21503,325.8649994057768
21504,-173.96388721192332
21505,-23.416726079970914
21506,-119.93002422429302
21507,64.88067820832667
21508,-402.7156068561646
21509,-8.846657253204599
21510,12.36996083555948
21511,42.75631332110987
21512,-247.21428924846688
21513,-51.8953185563568
21514,-49.925968678045336
21515,30.755628608295723
21516,-210.8583498772624
21517,31.32488106396977
21518,14.53928704679965
21519,27.7862129008452
21520,5.30798909008003
21521,17.693314506409195
21522,-14.985465001034349
21523,26.63231709951378
21524,50.295218491577025
21525,70.95794870543675
21526,-5.307989090080028
21527,-12.308397275626161
21528,81.11238435059244
21529,136.39251478866777
21530,-87.94354536474921
21531,-24.278326517687294
21532,112.57573080598488
21533,-5.738776154331397
21534,-36.30979301046809
21535,-68.21931742009524
21536,-18.201029711363567
21537,46.07958795210875
21538,6.877307374893135
21539,-24.816823502608322
21540,-19.908839696812997
21541,5.169523698657352
21542,26.032282863873068
21543,22.30900294858948
21544,-168.99439246462194
21545,82.78941255607519
21546,91.37452991641776
21547,8.200476656827547
21548,-53.01845888693521
21549,80.71235275709407
21550,14.92395405952832
21551,57.55716656998519
21552,-18.970337427607262
21553,75.18897013488835
21554,-18.4933776934059
21555,32.32494689310883
21556,-141.43896398588578
21557,19.447270852594972
21558,71.1579513475791
21559,57.618703820704866
21560,-127.2073631926845
21561,81.69702769624979
21562,-107.69852878015621
21563,12.723819759107844
21564,-35.84822416625006
21565,-7.923545873982187
21566,35.032796398483676
21567,58.34181255778492
21568,-3.707915334513908
21569,-32.12494425096648
21570,-52.87996718629888
21571,57.234089426403486
21572,133.25385190982792
21573,-103.35982373924858
21574,-179.67193420471534
21575,-50.356755742296706
21576,317.4029565468736
21577,-100.11347724895269
21578,-83.91255288665361
21579,-55.68013572236006
21580,139.8234730311227
21581,-20.708876574596065
21582,-12.431498086279156
21583,-28.647813338561576
21584,46.43344687565711
21585,-99.80576468614068
21586,-39.10996154652927
21587,17.308700112107815
21588,-157.6706438189379
21589,29.863272699826325
21590,15.40091379372968
21591,195.87285856701445
21592,-377.1756483072626
21593,32.186481501686146
21594,-18.4164495527029
21595,49.55671886451364
21596,-223.1667471528886
21597,18.231837800543875
21598,37.479106010996496
21599,83.03556155895389
21600,-343.77370744431164
21601,-102.88289031426086
21602,-13.708494698263578
21603,-42.1254973055025
21604,-128.7151179175643
21605,-21.093517278111086
21606,14.646996967469317
21607,-6.32344580920242
21608,-487.0435296078726
21609,9.846723082343654
21610,33.63272528505991
21611,11.76990029070513
21612,-24.92450711406434
21613,13.370000355484896
21614,1.18470389051173
21615,-5.3080153992936765
21616,-84.91261871579266
21617,-23.801366783485932
21618,-27.67852928938918
21619,-21.093517278111086
21620,-23.693683172029914
21621,18.970311118393614
21622,-20.093451448972026
21623,-11.431432257140097
21624,-10.20058200589202
21625,6.723451093487128
21626,-2.3539642726128376
21627,-15.370132013763019
21628,0.09231903068633418
21629,5.50801804143603
21630,-12.093003743500478
21631,-13.370000355484896
21632,-31.032559391141078
21633,-17.985662488451528
21634,58.03412630418654
21635,-32.21723697243917
21636,1.9539589883281296
21637,34.23273321148697
21638,18.8626275069376
21639,-7.9850831247018625
21640,-71.0040950661731
21641,29.001672262109945
21642,22.785936373577186
21643,3.200200129559537
21644,-65.04989907050236
21645,13.400782135451557
21646,90.38982866804838
21647,5.84648607500106
21648,-64.75760370688732
21649,0.3230771435817008
21650,-90.43597502878474
21651,-13.677712918296912
21652,-56.78791147216878
21653,73.72736177074492
21654,-53.8338866547016
21655,67.86545849654688
21656,-126.83808706993916
21657,-9.369763348142301
21658,-20.95505188668841
21659,39.21767146719894
21660,-18.64723397481191
21661,58.788016821233256
21662,-79.57382153653232
21663,24.062932985561606
21664,-6.077270497110078
21665,-133.85388614546864
21666,-137.86951404279455
21667,-54.0339156060576
21668,23.601364141343577
21669,-92.49767024699618
21670,-341.1120306088868
21671,-167.8404703540769
21672,169.07132060532496
21673,-111.02180341115509
21674,-127.33043769412383
21675,-243.64486561458932
21676,-65.84996225749907
21677,-250.6914201608718
21678,-320.95701559998145
21679,-300.1558199946991
21680,-78.28146034377822
21681,-151.2702961782461
21682,-57.895660912763866
21683,-12.139150104236819
21684,-25.493759569738387
21685,-41.01774786490742
21686,-128.06893732118724
21687,128.63821608607492
21688,-283.939478433203
21689,86.51269247135879
21690,-9.908260333063334
21691,106.22152952602943
21692,-189.395556476406
21693,-5.400308120766363
21694,47.80276251832786
21695,242.21401272119886
21696,-270.7848716098438
21697,63.32675081349689
21698,81.32777788271811
21699,93.92852314038662
21700,-77.98911236173589
21701,-4.53873399226363
21702,7.246583497638472
21703,-7.215801717671814
21704,-116.57596781332747
21705,70.1886672984067
21706,70.17327640842338
21707,272.00033097110855
21708,-58.60337875986059
21709,4.046383368078941
21710,10.89296158143271
21711,8.69280097179859
21712,-141.94665288162648
21713,-12.46225355703217
21714,12.30839727562616
21715,9.031295314577267
21716,-21.15508083804441
21717,14.308528933904283
21718,-17.29330922212449
21719,1.8924217376084567
21720,-14.816244138858657
21721,21.031980027391405
21722,54.110817437546956
21723,6.477302090608431
21724,0.9692840491723995
21725,17.231771971404815
21726,-29.647879167700644
21727,20.84736827523239
21728,21.570477012312445
21729,33.617334395076576
21730,23.755220422749588
21731,-13.431537606204571
21732,-13.677712918296915
21733,0.600034235640706
21734,-3.215564710329219
21735,-2.12320615971747
21736,-7.862008623262515
21737,26.293822756735096
21738,4.16945786951829
21739,41.771664691167786
21740,8.631263721078913
21741,1.0769939698420679
21742,36.3867211511711
21743,22.878255404263523
21744,16.893303937839782
21745,59.44958830759364
21746,11.554506758579445
21747,40.95621061418774
21748,-224.8591662483547
21749,31.478737345375777
21750,5.031084616448317
21751,49.756747815869645
21752,-35.89437052698641
21753,1.9539589883281314
21754,-15.3085684538297
21755,14.400847964590616
21756,-61.742041638700464
21757,-30.98638672119109
21758,-64.97299723901301
21759,8.985122644627278
21760,-85.6972647035924
21761,-26.816928851672802
21762,-17.831779897831872
21763,38.43299917018556
21764,77.11214734324983
21765,-5.3387708700466945
21766,-105.95996332395376
21767,-89.00514844460795
21768,148.45476306141524
21769,7.492732500517171
21770,-21.616623373048785
21771,-74.3889332571053
21772,118.45299866095257
21773,-23.26289610777855
21774,-9.138978926033289
21775,0.9231376884360571
21776,37.38676067109651
21777,-56.40327076865376
21778,-5.277207310113369
21779,-20.031940507465997
21780,-4.707954854439322
21781,74.55815411928099
21782,52.587645513470186
21783,66.89617444737448
21784,-118.52992680165562
21785,56.14170456657809
21786,36.95597360684515
21787,113.0834723201529
21788,-187.8877754423126
21789,121.60702612056214
21790,35.98671586688639
21791,98.66723346557893
21792,-574.479386076881
21793,26.155357365312412
21794,29.217065794235626
21795,94.66702276744999
21796,-48.29508683329891
21797,15.385496594532702
21798,47.356584564093176
21799,68.80398707496626
21800,11.262211394964403
21801,44.66412594870165
21802,2.615556783902159
21803,-6.738868292684105
21804,45.04874034300303
21805,19.308805461172295
21806,0.09231903068633507
21807,91.85146334140548
21808,34.001948789377956
21809,52.00300216781282
21810,-3.523277273141238
21811,36.171327619045414
21812,175.65630630738943
21813,378.5449639499333
21814,233.04425201519894
21815,166.53269196212582
21816,-40.26385734786071
21817,29.540169247030978
21818,-24.647576331218982
21819,-9.446691488845303
21820,-10.9852543029054
21821,50.51061202370271
21822,34.94047736779734
21823,-9.615938660234644
21824,34.20197774073395
21825,86.34344529996943
21826,50.32597396233004
21827,-13.585393887610579
21828,-92.43610668706285
21829,82.45091821329652
21830,51.67992502423112
21831,1.7231745662191162
21832,-18.2472286905272
21833,98.74416160628193
21834,37.40217787029349
21835,13.800787419736263
21836,-76.2044005447971
21837,-8.554361889589556
21838,-7.7850541733458645
21839,8.323551158266891
21840,-24.462938269846312
21841,-11.754509400721798
21842,-67.8808493865302
21843,-14.970100420264666
21844,-79.21996261298396
21845,16.600955955797442
21846,9.846723082343658
21847,52.464571012030845
21848,-10.923717052185726
21849,-24.324472878423634
21850,-98.57494074410626
21851,56.60327341079612
21852,-19.40112449185863
21853,-19.339587241138954
21854,-49.55671886451364
21855,1.7385654562024477
21856,-48.356624084018584
21857,-20.67812110384305
21858,-83.71252393529761
21859,55.06471059673603
21860,51.064499898607075
21861,-45.24876929435902
21862,-190.94951018044944
21863,-171.14835409509246
21864,302.81752313933754
21865,-23.509045110657247
21866,-58.97262857339228
21867,-8.585117360342569
21868,134.9308801153107
21869,-128.99207500962328
21870,-34.30966135218998
21871,-72.21955442743784
21872,8.862048143187929
21873,2.6463122546551725
21874,-5.631092542875379
21875,10.431366428001034
21876,5.738802463545049
21877,20.031940507465997
21878,90.3744640872787
21879,257.89183098856023
21880,-152.85497904382888
21881,85.83573009501508
21882,44.787200450141
21883,223.95141944990195
21884,-118.85303025445094
21885,147.23927739093688
21886,94.15928125328197
21887,429.04018508365266
21888,-94.12852578252895
21889,-76.15822787484711
21890,26.69385435023345
21891,112.7142225066212
21892,-144.70067505695135
21893,98.20569093057455
21894,0.015390889983330602
21895,33.97119331862494
21896,-152.50112012028055
21897,40.27924823784403
21898,4.907957496581675
21899,41.94088555334348
21900,-30.124812592688354
21901,10.277536455808672
21902,2.477065083265831
21903,19.447270852594976
21904,-4.400268600840949
21905,-7.400439779044485
21906,-7.692761451873174
21907,5.569555292155703
21908,-30.878703109735067
21909,-19.939621476779664
21910,-77.83525608032988
21911,-205.53496989719903
21912,-24.63218544123565
21913,-12.416080887082181
21914,-126.82272248916948
21915,24.801432612624996
21916,31.463372764606095
21917,-20.385773121800714
21918,-9.477473268811965
21919,21.924335935860803
21920,-25.062972505487025
21921,32.186481501686146
21922,-7.031189965512792
21923,-35.17126178990635
21924,-250.7375665216081
21925,-40.710035302095406
21926,83.42022857168257
21927,33.9250469578886
21928,27.38620761656049
21929,31.463372764606092
21930,-25.955354723170064
21931,-36.694433713983116
21932,-37.50986148174951
21933,36.125154949095425
21934,-129.438252963858
21935,-5.846486075001064
21936,15.416278374499361
21937,-6.738841983470458
21938,-35.37129074126236
21939,52.18764022918549
21940,-44.864128590844004
21941,17.877952567781865
21942,3.2463464902958776
21943,-9.969797583783006
21944,-170.7944951715441
21945,-237.99835587251692
21946,-74.66583773073701
21947,76.63518760904847
21948,8.03122948543821
21949,7.600442421186839
21950,-39.433038690110976
21951,46.525765906343445
21952,105.26763636684036
21953,7.846591424065538
21954,15.462451044449354
21955,170.85603242226378
21956,211.73531489574847
21957,-90.8975701822164
21958,-170.08675101523372
21959,-42.92556049249921
21960,91.40528538717078
21961,-137.71565776138854
21962,-256.16865642234114
21963,-564.4788067131315
21964,103.02132939646991
21965,-68.71166804427993
21966,-60.34194421606304
21967,-23.77061131273292
21968,-78.29685123376156
21969,-13.846960089686258
21970,-10.04672572448601
21971,-6.384983059922092
21972,-19.86266702686301
21973,87.88200811402955
21974,68.21931742009524
21975,179.77961781617137
21976,-160.3323469635764
21977,70.6964088125747
21978,-39.940780204278994
21979,81.2508497420151
21980,-324.40339104163337
21981,126.6073289570438
21982,87.80507997332654
21983,44.15641074374728
21984,-202.6270914404682
21985,-2.4309187225294897
21986,69.54248670202965
21987,81.62012586476044
21988,-51.41835882215544
21989,5.6618743228420385
21990,6.631132062800793
21991,-15.231640313126697
21992,-147.94699523803357
21993,3.5694499430912288
21994,5.631092542875377
21995,21.708942403735122
21996,-72.63497691091952
21997,-6.046488717143415
21998,-15.416278374499363
21999,-38.956078955909625
22000,-32.09416247099981
22001,-25.893817472450394
22002,-39.81767939362601
22003,23.30904246851489
22004,-31.15566020179407
22005,-33.9250469578886
22006,-46.094978842092075
22007,-24.58603908049931
22008,72.54265788023318
22009,16.462490564374768
22010,-88.18972067684156
22011,-83.74330571526427
22012,-129.1921039609793
22013,1.692392786252455
22014,-60.634265888891726
22015,-72.06569814603182
22016,20.57041118317338
22017,-16.939423989362478
22018,13.000750541953204
22019,-49.84901422812868
22020,-35.802077805513726
22021,17.631777255689517
22022,8.6005082503259
22023,-5.538773512189042
22024,-207.41197443561055
22025,-13.169971404128896
22026,-2.600165893918824
22027,39.95614478504868
22028,48.141230551892896
22029,-11.369895006420425
22030,-38.048358466670535
22031,-53.895423905421275
22032,-28.201635384326877
22033,12.739210649091177
22034,-7.677370561889843
22035,37.52525237173283
22036,9.604031831187626
22037,129.05853157604665
22038,106.05662230659411
22039,162.46016960251586
22040,52.20303111916881
22041,-39.66382311221999
22042,21.908971355091122
22043,15.800919078014385
22044,-44.40258605583963
22045,10.646786269340366
22046,-56.2955608479841
22047,33.77119067648259
22048,1.7847381261524404
22049,-53.04921435768822
22050,-8.969758063857594
22051,7.44658613978083
22052,46.325763264201086
22053,-83.22019962032657
22054,-14.339284404657299
22055,76.86599834037112
22056,193.74965240729696
22057,-44.80259134012432
22058,-59.26497655543462
22059,-29.401703855608297
22060,161.99398427907585
22061,11.108328804344747
22062,-16.6779104057141
22063,11.446823147123427
22064,-57.17255217568382
22065,-41.8793483026238
22066,8.323577467480542
22067,12.831503370563864
22068,-42.4793825382645
22069,40.01768203576836
22070,255.87630844029883
22071,337.3271871336699
22072,-7.969692234718536
22073,301.1712504046078
22074,15.831700857981048
22075,157.1321731432305
22076,-137.60794784071885
22077,188.1339507544049
22078,156.05517917338844
22079,226.82848981745252
22080,-773.383171292852
22081,-260.2766033503534
22082,132.6999903441372
22083,34.43276216284297
22084,-246.30654245001415
22085,-21.64740515301545
22086,-15.277786673863034
22087,17.4471655035305
22088,-178.2102995313583
22089,76.74289752971814
22090,50.84908005726774
22091,123.20712618534192
22092,-99.667299294718
22093,-6.461911200625099
22094,-6.908089154859798
22095,16.64710231653379
22096,53.29538966978057
22097,-9.646720440201303
22098,-16.739421347220127
22099,-27.46310944804985
22100,-43.26402852606424
22101,18.139492460643893
22102,-82.51245546401618
22103,17.939516127715187
22104,34.1558313799976
22105,8.031229485438207
22106,-81.0969934606091
22107,-59.46497919757698
22108,-50.92603450718439
22109,-14.677778747435976
22110,-18.308739632033234
22111,-11.569897648562772
22112,55.233984077339024
22113,-30.955631250438074
22114,-17.200990191438155
22115,-18.61645219484525
22116,-3.1540274596095443
22117,-7.6312242011535005
22118,46.264199704267774
22119,51.818390415653795
22120,38.556073671624915
22121,131.77685265570116
22122,30.155594372655017
22123,36.27901123050144
22124,-12.216104554153471
22125,7.492758809730822
22126,-19.047265568310266
22127,-32.29419142235581
22128,-79.1891808330173
22129,33.17115644084188
22130,-13.723885588246908
22131,54.57238628176499
22132,-28.001632742184533
22133,12.693037979141184
22134,-91.48221352787378
22135,21.908971355091122
22136,-120.79159835279575
22137,47.310438203356824
22138,5.538799821402689
22139,23.893712123385914
22140,20.478118461700696
22141,2.2001343004204745
22142,-32.47880317451484
22143,21.0781526973414
22144,-4.138702398765275
22145,-50.279827601593695
22146,-96.72866536723414
22147,-50.049043179484684
22148,73.12730122589058
22149,-46.54113048711313
22150,-156.91677961110483
22151,-37.29446794962382
22152,270.2925736040864
22153,-90.72832301082707
22154,-76.48133132764247
22155,-10.077507504452669
22156,234.15200145579402
22157,-3.954064337392605
22158,-39.27918240870497
22159,-27.49389122801651
22160,-49.77211239663933
22161,-13.508465746907579
22162,-8.954367173874264
22163,-6.138807747829752
22164,-142.96210960074887
22165,49.756721506656
22166,105.99074510392043
22167,277.1698546697659
22168,-255.8301883887761
22169,61.81896977940346
22170,70.81948331401406
22171,113.36040310299826
22172,-226.73619709597983
22173,43.27941941604756
22174,-26.570779848794096
22175,50.602931054389046
22176,-531.6615091958379
22177,144.14678718204698
22178,46.648866716996444
22179,33.9250469578886
22180,-265.4153452690441
22181,28.801669619967587
22182,60.21886971462369
22183,108.1139512636379
22184,-214.13545183831133
22185,-40.340785488563704
22186,15.308568453829697
22187,94.26699117395164
22188,-61.172762873812765
22189,2.477065083265832
22190,-0.7384996270633861
22191,9.815941302376999
22192,-10.15443564515568
22193,5.723411573561712
22194,10.04675203369966
22195,-69.98866465626435
22196,112.46804719452885
22197,-34.50969030354597
22198,-16.66249320651712
22199,17.93948981850154
22200,-52.61842729343685
22201,64.77296828765701
22202,-57.40333659779283
22203,-101.8366518151718
22204,174.25623519396564
22205,-96.14402202157676
22206,-28.63242244857825
22207,-62.434394905027496
22208,-9.062050785330282
22209,14.154672652498276
22210,36.8328991054058
22211,-5.708020683578386
22212,-23.493680529887563
22213,39.35611054940797
22214,24.693749001168975
22215,4.861811135845336
22216,-49.67979336595298
22217,22.43207745002882
22218,1.78471181693879
22219,31.663375406748443
22220,55.94170192443574
22221,17.370237362827496
22222,82.63555627466918
22223,4.415633181610634
22224,0.507715204954371
22225,13.47771027615456
22226,10.200582005892024
22227,41.20238592628009
22228,-255.43015679527775
22229,-34.43276216284296
22230,35.37129074126235
22231,-17.40099283358051
22232,-0.9692840491724013
22233,0.4923243149710421
22234,-27.555454787949827
22235,13.446928496187903
22236,33.89426517792194
22237,0.7231350462937023
22238,6.061879607126746
22239,41.94088555334348
22240,33.09422830013887
22241,-3.369420991735229
22242,-50.726031865042046
22243,42.55631067896751
22244,314.31049264719735
22245,108.66783913854225
22246,-151.7780113832005
22247,-62.46515037578051
22248,387.3762566223682
22249,-127.42275672481021
22250,-122.93019540249655
22251,-161.40934093341843
22252,50.941425397167734
22253,-24.970679784014337
22254,-86.14344265782711
22255,-73.88119174293729
22256,46.94118838982513
22257,-32.34033778309216
22258,-7.092727216232468
22259,25.247610566859695
22260,-121.37626800766677
22261,16.17014258233243
22262,156.0090328126521
22263,417.65492549646257
22264,-195.9036403469811
22265,148.59320214362427
22266,14.123890872531618
22267,3.7848434752169133
22268,-276.4621368226692
22269,159.670775477216
22270,105.17531733615402
22271,174.0869880225763
22272,-450.68761654588184
22273,85.18954949863802
22274,31.617229046012106
22275,32.21723697243917
22276,-283.63179217960464
22277,-41.694736550464775
22278,64.44986483486166
22279,51.64914324426446
22280,-103.43675187995159
22281,34.832793756341324
22282,15.893238108700725
22283,90.80525115153009
22284,-114.17583087076463
22285,0.2307844221090143
22286,22.924401764999864
22287,21.970508605810796
22288,-25.30917412679301
22289,-6.9080891548598
22290,-1.338533862704093
22291,-8.41587018895323
22292,-73.28115750729657
22293,9.200516176752961
22294,-0.12307450143934906
22295,1.7078099854494324
22296,-14.370066184623958
22297,47.43351270479618
22298,11.077573333591735
22299,14.739315998155654
22300,130.16138801015168
22301,153.48579505943627
22302,41.633172990531456
22303,16.5548095950611
22304,-15.847065438750732
22305,6.2618822492690995
22306,81.91242122837548
22307,-13.231534964062218
22308,-0.7538905170467167
22309,-6.954261824809787
22310,47.80276251832787
22311,-16.30863428296876
22312,3628.432419806436
22313,3656.3571244079176
22314,3719.8684606643596
22315,3737.684875981422
22316,3599.7076783271714
22317,3650.741396445812
22318,3631.5402745960955
22319,3637.3406143103603
22320,3536.3655629329046
22321,3578.3833766269513
22322,3574.9062457145465
22323,3585.2606840018443
22324,3569.8136238473785
22325,3628.078534573674
22326,3589.3378491498897
22327,3605.8772678549676
22328,3586.460752473126
22329,3585.0298995797352
22330,3595.3843378670335
22331,3628.8939623414403
22332,3663.0959663913877
22333,3611.9083919913414
22334,3558.874542214423
22335,3594.307370206405
22336,90.00521427374701
22337,21.00119824742475
22338,-41.66392846128447
22339,10.785251660763045
22340,326.48042453140084
22341,104.83682299337535
22342,-99.35958673190598
22343,-15.81628365878407
22344,340.31196742189013
22345,-73.89658263292061
22346,-129.63825560600034
22347,-140.02347567326504
22348,107.97548587221522
22349,-56.480198909356766
22350,-59.60344458899966
22351,-297.67875491143326
22352,-299.001897884154
22353,-228.7363024450443
22354,-33.78658156646591
22355,-14.616241496716299
22356,-295.8171149537914
22357,44.49487877731231
22358,62.44975948579718
22359,123.8533330909326
22360,-192.01111326030818
22361,-12.046831073550486
22362,-8.477407439672906
22363,9.154369816016619
22364,-103.40597009998493
22365,184.97992329479536
22366,22.493614700748502
22367,338.1426412106499
22368,-215.48937659099875
22369,213.24309592984193
22370,177.02562195006018
22371,351.8357187097165
22372,-20.278089510344692
22373,54.94163609529667
22374,-82.71248441537219
22375,61.3420100452021
22376,-307.15620187103156
22377,39.12535243651261
22378,40.47927718920003
22379,48.51048036542459
22380,-47.295047313373495
22381,60.2957978553267
22382,63.034402831454564
22383,70.01944643623101
22384,-15.154712172423686
22385,50.033652289501354
22386,54.81856159385733
22387,86.72808600348448
22388,-8.385088408986569
22389,101.34432750020076
22390,36.3097930104681
22391,30.70948224755937
22392,42.279353586908506
22393,154.80896434137068
22394,61.37279182516876
22395,13.41614671622124
22396,-2.8463148967975265
22397,62.895963749245524
22398,60.080404323201016
22399,39.01764251584294
22400,209.98138485877635
22401,-19.170340069749614
22402,81.9893493690785
22403,84.38951262085497
22404,31.017194810371397
22405,-36.23286486976509
22406,-11.44679683790978
22407,-5.231087258590671
22408,-27.72470195933917
22409,87.45119474056453
22410,126.71501256849982
22411,63.86522148920429
22412,-25.03221703473401
22413,47.63351534693853
22414,51.17218351006309
22415,30.155594372655017
22416,3512.518023479469
22417,3587.1531057394527
22418,3635.755931444777
22419,3661.649722608014
22420,3594.507372848547
22421,3625.878400273253
22422,3660.2496514945906
22423,3648.5258712554078
22424,3564.7518100693906
22425,3685.7741928442956
22426,3683.1278805896404
22427,3714.068120950095
22428,64.38835389335561
22429,11.031400663641742
22430,1.9385944075584476
22431,61.065052953143095
22432,30.386378794764028
22433,-124.545660048046
22434,-75.8043952605124
22435,-45.81804805924672
22436,-17.41638372356384
22437,-68.68088626431327
22438,-193.56504065513795
22439,-176.50251585512248
22440,14.246965373970959
22441,-85.0203023272487
22442,-250.27599767739008
22443,-95.83630945876475
22444,8.769729112501594
22445,-69.83480837485834
22446,-126.49961903637413
22447,-295.7863331738248
22448,-67.2808151508895
22449,-18.139518769857542
22450,-24.247544737720627
22451,-54.04928018682728
22452,-236.25981672552814
22453,-1.6308555355327812
22454,-36.55594201334679
22455,41.787029271937456
22456,-147.9469952380336
22457,30.34020612481403
22458,2.2924533311068096
22459,87.98969172548556
22460,-208.95053724967067
22461,97.60565669493384
22462,172.0714917835285
22463,533.9693271077144
22464,-169.39442405812034
22465,4.323314150924299
22466,163.68640337454195
22467,573.6485674191314
22468,-225.87462296747705
22469,15.554743765922044
22470,-37.1559762489875
22471,89.651329040985
22472,276.55221561279444
22473,404.3282518974033
22474,364.0184984068606
22475,381.55798294107746
22476,309.7843299406063
22477,327.5243701715015
22478,304.5999947157153
22479,347.6016011486862
22480,350.52340893141934
22481,373.09279304537154
22482,407.6608209444072
22483,412.41494846879647
22484,-78.31221581453124
22485,-1.6154646455494515
22486,-47.94122790975054
22487,30.155594372655006
22488,-5.307989090080028
22489,12.200713664170141
22490,-50.6337128343557
22491,-73.26579292652688
22492,213.61234574337365
22493,-34.09426782006429
22494,-145.8545971674964
22495,-33.694262535779586
22496,186.44144253898247
22497,36.27864558327706
22498,61.12478930187105
22499,118.57598404243558
22500,197.8939316126598
22501,297.3754867369331
22502,246.4523227392834
22503,225.85143261262502
22504,3603.492521802388
22505,3667.850093915777
22506,3600.615425125624
22507,3640.6792798313422
22508,3618.878018396921
22509,3602.292453331107
22510,3609.93904211303
22511,3555.028161488486
22512,3528.395870698186
22513,3604.0925560380288
22514,3589.27631189917
22515,3666.342312881684
22516,3529.3497638573754
22517,3527.088092306235
22518,3605.0618137779875
22519,3619.216486430486
22520,3581.4296941658913
22521,3593.3688416279856
22522,3556.997511366798
22523,3595.3228269255274
22524,3584.7375779069066
22525,3614.3392844046575
22526,3532.549937677721
22527,3590.384061339765
22528,35.49433893348806
22529,-30.817165859015397
22530,-49.941359568028666
22531,-33.094228300138866
22532,97.26716235215517
22533,20.93966099670508
22534,-21.432011620889767
22535,-39.12532612729897
22536,134.42313860114268
22537,-44.14101985376395
22538,-81.2200942712621
22539,-100.99044226743875
22540,97.71334030638987
22541,-66.17306571029441
22542,-68.91167068642228
22543,-58.295666197048575
22544,33.648089865829604
22545,-24.939898004047674
22546,16.277852503002094
22547,20.647365633090033
22548,-216.3201952487485
22549,42.679385180406854
22550,124.02255395310829
22551,246.56810865208985
22552,-219.81271705113667
22553,112.71419619740755
22554,-47.87969065903087
22555,105.94457243397044
22556,-268.69247353930666
22557,165.93268403569877
22558,78.15835953312522
22559,486.15120000861685
22560,-452.62618464422656
22561,72.32726434810749
22562,23.27826068854823
22563,49.925942368831684
22564,-401.2847539627742
22565,-32.57112220520117
22566,-79.61996789726868
22567,12.369934526345835
22568,-219.75115349120335
22569,-4.092556038028932
22570,-19.416489072628313
22571,-2.9386339274838615
22572,-57.40331028857918
22573,0.3846407035150232
22574,8.385088408986569
22575,3.40020277170189
22576,-30.801774969032067
22577,-12.954577872003211
22578,26.77075618172281
22579,20.508873932453707
22580,215.0585895267474
22581,116.32981881044876
22582,70.15788551844004
22583,72.11184450676816
22584,0.7538905170467132
22585,-73.52733281938892
22586,-116.40672064193812
22587,-97.66719394565354
22588,144.30064346345299
22589,-58.58798786987727
22590,-120.16078233718838
22591,-91.78992609068581
22592,18.954946537623936
22593,-103.6675363020606
22594,74.15812252578263
22595,83.57405854387493
22596,-204.5502686488297
22597,30.04788445198535
22598,88.43586967972026
22599,79.558430646549
22600,3517.256733804661
22601,3728.4227962447358
22602,3666.6346345545126
22603,3949.6509752992793
22604,3625.709179411078
22605,3797.8575993353093
22606,3890.832203007293
22607,4100.998199618229
22608,3509.702490362638
22609,3702.0674362372806
22610,3602.4001369425628
22611,3649.5105725037774
22612,3421.251203483721
22613,3601.1231403305783
22614,3588.3993205714705
22615,3629.7863445591233
22616,3540.504239022456
22617,3582.7528634478253
22618,3555.9051528161863
22619,3622.385904780079
22620,3601.307778391951
22621,3603.8617453067063
22622,3568.3827972632016
22623,3602.2616715511404
22624,3610.4005846480345
22625,3605.231060949377
22626,3578.675671990566
22627,3611.8314638506386
22628,216.25865799802878
22629,-35.54051160343805
22630,-29.832490919859666
22631,-63.91139415915427
22632,361.46704825993453
22633,1.0769676606284229
22634,-213.42770768200094
22635,-258.43032797348127
22636,99.513443013312
22637,-78.46607209593725
22638,-119.60692077149766
22639,-18.693380335548255
22640,1.4462174741601093
22641,-18.554914944125574
22642,-32.463412284531515
22643,27.41698939652715
22644,-73.92736441288727
22645,130.99220666790143
22646,85.06644868798503
22647,402.6232878254783
22648,-116.77599676468348
22649,161.47087818413814
22650,93.63617515834427
22651,99.39036851187264
22652,27.815030967518794
22653,352.9409250732689
22654,318.9084973404059
22655,457.7626863223562
22656,-99.14615691307336
22657,284.70624307240394
22658,423.26866343606156
22659,319.985491310248
22660,-97.03806511607121
22661,299.568633571999
22662,283.1836505120769
22663,294.0608920578309
22664,3537.781024936312
22665,3619.89344880683
22666,3548.7816701292004
22667,3601.569318284813
22668,3514.9027695320483
22669,3626.986176023062
22670,3583.4298258241693
22671,3595.261263365594
22672,303.7981934374696
22673,353.6922479172626
22674,390.3071331990624
22675,384.3985305095919
22676,343.0975851223639
22677,401.39269826487646
22678,315.1882977200794
22679,420.8077520827374
22680,139.86882362145298
22681,178.54970988576625
22682,173.36363656962624
22683,187.14759784461182
22684,47.9720096897172
22685,-15.185493952390345
22686,-15.52398829516903
22687,-23.601364141343584
22688,3637.002146276795
22689,3608.5081892196395
22690,3647.418121814813
22691,3603.477130912405
22692,3583.906759249157
22693,3634.955868257781
22694,3625.832253912517
22695,3642.2485981161553
22696,3480.25461383708
22697,3706.2369204160127
22698,3744.3160343534364
22699,3752.978079854482
22700,3590.16866780764
22701,3724.8841543908247
22702,3903.2637010935723
22703,3988.8686467664784
22704,3783.718317572794
22705,3776.333268683733
22706,3685.1125950487212
22707,3945.2353421176686
22708,3620.5550466024038
22709,3731.6383872642787
22710,3620.755049244546
22711,3672.0964799259987
22712,3562.582457548937
22713,3580.93736985092
22714,3605.9695868856543
22715,3625.370685068299
22716,3583.368262264236
22717,3587.78392175506
22718,3499.640347438955
22719,3608.2774047975304
22720,124.42258554660665
22721,-68.11163380863923
22722,-128.76129058751428
22723,-37.01753716677846
22724,194.81125548715573
22725,-46.03341528215876
22726,-132.09995610849649
22727,-47.34119367410984
22728,152.0703330560292
22729,-54.04928018682728
22730,-96.02094752013743
22731,-109.9294185513297
22732,33.34040361223123
22733,-306.18694413107283
22734,-252.4915228677939
22735,-6.708060203503795
22736,62.342075874341155
22737,16.216315252282424
22738,24.832214392591652
22739,0.3231034527953476
22740,-254.81473166965375
22741,71.61952019179712
22742,93.79003143975028
22743,244.30643710094967
22744,-133.86927703545197
22745,63.834466018451266
22746,30.32481523483071
22747,125.97651294143644
22748,-152.3780456188412
22749,62.849791079295535
22750,28.663204228544906
22751,197.9806738367486
22752,-109.22170070423296
22753,7.061971745479454
22754,35.50972982347139
22755,8.985148953840925
22756,-67.32696151162584
22757,18.61645219484525
22758,-33.57118803434023
22759,16.047094390106732
22760,-136.37712389868446
22761,-7.923545873982187
22762,0.9077467984527274
22763,20.493483042470377
22764,-182.54903088147955
22765,45.818021750033076
22766,-73.75811724149793
22767,5.8465123842147095
22768,123.88408856168562
22769,-13.523856636890905
22770,-40.52539724072273
22771,13.816204618933241
22772,27.49389122801651
22773,3.615596303827573
22774,-85.54340842218639
22775,50.341364852313376
22776,192.14957865173085
22777,12.646891618404844
22778,-24.339863768406964
22779,-33.21730280157823
22780,43.540985618123244
22781,-59.35726927690731
22782,-82.03552203902848
22783,-26.755391600953125
22784,37.67910865313884
22785,-26.58614442956378
22786,39.940780204278994
22787,61.08047015234007
22788,15.123956701670672
22789,68.48088362217091
22790,107.14466721446549
22791,98.9134087776713
22792,-63.66521884706192
22793,49.187469050981946
22794,138.3310828870126
22795,220.96661285246813
22796,-107.38852949112606
22797,51.4049518219086
22798,160.6571577788402
22799,90.28443178281051
22800,-32.81727120807987
22801,-30.447889736270053
22802,-9.277470626669615
22803,-4.631053022949965
22804,-70.31174179984603
22805,14.677752438222333
22806,42.03320458402981
22807,187.08773856452953
22808,-74.12736705502962
22809,-6.492692980591758
22810,4.8156647751089885
22811,20.462727571717366
22812,6.5080575613614435
22813,18.354912301983227
22814,-13.893132759636247
22815,5.077204667971015
22816,-49.86443142732566
22817,21.5243306515761
22818,-89.74364807167134
22819,-28.709376898494906
22820,167.45582965056187
22821,119.09917925732965
22822,-54.326210969672644
22823,15.3085684538297
22824,455.1647869782121
22825,68.95784335637227
22826,-175.82555347877877
22827,-131.56145912357547
22828,165.25572165935503
22829,-28.7554969500176
22830,-91.89760970214182
22831,-68.43471095222093
22832,78.55839112662358
22833,16.585565065814116
22834,18.10873698989088
22835,17.862587987012184
22836,-127.86893467904488
22837,135.79245424381344
22838,106.25228499678245
22839,295.6170860024354
22840,-243.36790852253029
22841,111.19105058254443
22842,82.34323460184049
22843,224.16681298202766
22844,-49.81825875737567
22845,85.11262135793501
22846,68.94245246638894
22847,402.7463623269176
22848,-8.231258436794203
22849,4.492561322313639
22850,165.27111254933837
22851,496.6133219073709
22852,-52.55686373350353
22853,21.57047701231244
22854,62.080509672265485
22855,105.62149529038872
22856,-105.4060754490494
22857,39.27918240870497
22858,4.384877710857616
22859,31.924915299610472
22860,15.600916435872033
22861,51.57221510356145
22862,8.631263721078916
22863,71.55798294107746
22864,-125.02261978224735
22865,9.354372458158968
22866,11.954512042864154
22867,4.000237007342596
22868,75.28126285636104
22869,28.324709885766232
22870,-6.831161014156795
22871,47.510440845499176
22872,367.26738797419927
22873,-14.73931599815565
22874,-48.31047772328223
22875,-16.185559781529406
22876,202.65787322043488
22877,-22.078192217266814
22878,-53.03384977691854
22879,-29.97098262049599
22880,15.554770075135693
22881,-69.45016767134331
22882,69.88095473559468
22883,-22.58593373143483
22884,-207.10428818201217
22885,34.478908523579314
22886,103.15979478789257
22887,128.60743430610827
22888,-65.34222074333107
22889,9.646694130987656
22890,85.31262400007738
22891,89.72825718168801
22892,206.55356616717222
22893,183.351957092059
22894,172.70572387725466
22895,197.07755446234125
22896,-36.309793010468105
22897,15.108565811687345
22898,-8.754364531731909
22899,105.88303518325075
22900,71.05026773612309
22901,136.1309485865921
22902,9.262079736686282
22903,59.15726663476495
22904,9.108223455280275
22905,10.985254302905398
22906,-2.215525190403806
22907,41.20238592628009
22908,-6.923480044843128
22909,2.0616689089977953
22910,10.908326162202393
22911,90.68217665009072
22912,69.11167332856463
22913,-5.631118852089024
22914,-54.54163081101196
22915,16.90866851860946
22916,65.4345397740174
22917,-63.88061237918761
22918,-59.37266016689065
22919,-50.97218086792074
22920,267.16930161522987
22921,-31.909524409627146
22922,-108.32934479576357
22923,-10.12365386518902
22924,219.10497289482635
22925,-40.89467336346806
22926,-62.52668762650018
22927,-31.817231688154457
22928,5.908023325720736
22929,-0.2615398928620287
22930,9.446691488845307
22931,6.231126778516085
22932,-283.93950474241666
22933,72.88115222301187
22934,86.15880723859678
22935,307.9562650580283
22936,-227.69009025516888
22937,82.80480344605853
22938,110.54484367695375
22939,63.649827957078585
22940,-268.80015715076263
22941,8.862048143187927
22942,96.34402466371911
22943,181.82592214439947
22944,-242.6447997854502
22945,15.047002251754016
22946,15.939384469437066
22947,24.416791909109975
22948,-73.11191033590723
22949,27.17078777522116
22950,-14.662387857452643
22951,26.1246018945594
22952,-92.8823109505112
22953,21.64740515301545
22954,2.030887129031134
22955,33.23269369156156
22956,-66.86541897662146
22957,3.5848145238609117
22958,-46.356518734954115
22959,1.446243783373756
22960,-107.19081357520184
22961,-9.84672308234366
22962,-39.140717017282284
22963,19.847302446093323
22964,-87.0357985662965
22965,-13.33924488473188
22966,-5.307989090080028
22967,27.416963087313505
22968,-89.38978914812297
22969,-13.262290434815231
22970,71.12719587682608
22971,4.5233431022802995
22972,-18.60106130486193
22973,-21.35508348018676
22974,-32.940372018732866
22975,-28.170879913573863
22976,22.84747362429686
22977,-4.431024071593965
22978,10.092898394436002
22979,-57.81870646284722
22980,-147.4392800330792
22981,14.693143328205661
22982,15.72399093731138
22983,-15.40088748451603
22984,-121.08392002562444
22985,-3.107881098873202
22986,4.554098573033315
22987,63.49599798488623
22988,-35.89439683620006
22989,48.7874374574836
22990,-78.88149457941893
22991,17.66255903565618
22992,-104.69835760195267
22993,-82.86634069677821
22994,-83.68174215533094
22995,-0.24617531209234045
22996,-168.05038143585733
22997,-149.3265221568241
22998,-248.88611153087243
22999,175.75380495193934
23000,-29.23245668421896
23001,8.077402155388196
23002,-25.663033050341376
23003,6.738868292684105
23004,-23.662901392063254
23005,34.94050367701099
23006,-3.523277273141237
23007,-30.617136907659397
23008,-59.111120274028615
23009,-90.26675416660903
23010,-28.970916791356935
23011,-22.61668920218785
23012,83.74330571526426
23013,-38.27914288877955
23014,-73.0965194459239
23015,-5.461845371486039
23016,121.57627064980913
23017,-109.483240597095
23018,-148.80859567574996
23019,-32.43265681377849
23020,107.43696257808054
23021,-97.94412472849889
23022,-215.8894081844971
23023,-171.42528487793783
23024,36.09439947834241
23025,-26.8169288516728
23026,4.707954854439322
23027,37.90986676603421
23028,-97.83644111704287
23029,34.75583930642466
23030,51.41835882215544
23031,194.38046842290433
23032,-142.91596324001253
23033,24.647576331218986
23034,104.35986325917399
23035,138.68494181056096
23036,-167.94815396553292
23037,79.25074439295062
23038,134.7308511639547
23039,82.23552468117084
23040,-91.46682263789046
23041,50.61832194437238
23042,89.86674888232433
23043,142.3005381143885
23044,-47.52583173548251
23045,10.031334834502681
23046,6.000342356407073
23047,37.61754509320553
23048,-301.6020374688592
23049,-2.769413065308168
23050,14.785488668105643
23051,38.4483900601689
23052,-35.84822416625007
23053,8.431261078936561
23054,-9.692866800937649
23055,10.877544382235737
23056,-44.31026702515329
23057,19.431879962611642
23058,-11.031426972855389
23059,38.04835846667054
23060,-4.631026713736317
23061,12.062248272747464
23062,1.8154935969054522
23063,14.939318640298003
23064,-49.34132533238796
23065,11.385285896403753
23066,4.492561322313639
23067,-24.770677141871978
23068,149.97790867627836
23069,7.046580855496123
23070,-32.09416247099981
23071,-49.74133061667266
23072,110.37562281477805
23073,24.447573689076627
23074,0.15385628140600893
23075,-37.17136713897082
23076,-15.062419450951
23077,-68.03470566793621
23078,1.1077757498087237
23079,23.601364141343584
23080,-93.82081321971694
23081,-46.54113048711312
23082,22.93976634576955
23083,-3.5848145238609135
23084,-60.52655596822207
23085,-7.723516922626189
23086,-15.600890126658385
23087,-19.32419635115562
23088,13.354635774715215
23089,29.047818622846286
23090,-12.83152967977751
23091,-20.40119032099769
23092,-7.677370561889841
23093,45.14105937368936
23094,-5.615727962105698
23095,-20.831977385249058
23096,-40.586960800656044
23097,-1.184677581298084
23098,19.708810745456997
23099,39.80231481285632
23100,-17.98566248845153
23101,16.262487922232413
23102,-4.077138838831953
23103,12.50842622698216
23104,-3.600205413844245
23105,-76.03517968262142
23106,5.27720731011337
23107,44.77180956015767
23108,77.43525079604517
23109,-39.986926565015345
23110,-19.92423058679633
23111,5.5234089314193575
23112,71.63491108178046
23113,-31.52491001532577
23114,-45.60265452712103
23115,9.246688846702954
23116,256.2148290922911
23117,-20.001158727499334
23118,-9.52361962954831
23119,-51.54143332359479
23120,-110.80640987902942
23121,8.769729112501594
23122,-152.05494216604583
23123,-2.4770650832658347
23124,-71.37337118891844
23125,82.18937832043449
23126,33.863483397955264
23127,103.95985797488929
23128,-53.172288859127576
23129,32.47880317451484
23130,50.8798618372344
23131,105.95996332395376
23132,-56.557127050059776
23133,79.1584253622643
23134,22.41668656004549
23135,129.46903474382466
23136,-236.76753193048253
23137,74.37351605790832
23138,37.15600255820115
23139,58.78801682123326
23140,-77.81989149956021
23141,10.831398021499393
23142,-55.80321022379942
23143,64.20371583198296
23144,-113.6219693050739
23145,37.34061431036017
23146,6.908089154859795
23147,78.00452956093287
23148,-50.86447094725108
23149,0.07692814070300358
23150,0.5077152049543727
23151,49.3105435524213
23152,-18.75491758626793
23153,14.446994325326965
23154,-77.61988885741785
23155,-9.246688846702954
23156,81.9739847883088
23157,-23.385944300004248
23158,-111.17565969256111
23159,-46.55652137709646
23160,-41.92549466336014
23161,18.601087614075567
23162,-32.186481501686146
23163,-83.80484296598394
23164,241.01394424991744
23165,-139.34651329692133
23166,-170.25599818662306
23167,-132.9461393470159
23168,21.939726825844133
23169,-136.1924858373118
23170,24.72450447192199
23171,-3.415567352471573
23172,-153.34732966801357
23173,46.84884304992515
23174,4.031018787309264
23175,10.662177159323695
23176,-73.86580085295395
23177,80.37388472352903
23178,-4.35409593089096
23179,116.00671535765342
23180,-75.89671429119872
23181,12.631500728421509
23182,22.878255404263523
23183,-9.031295314577264
23184,2.7386312853415085
23185,12.262250914889819
23186,24.49372004981297
23187,65.20378166112202
23188,-154.88586617286003
23189,-52.01839305779615
23190,36.69443371398312
23191,27.40157219733018
23192,-38.15604207812656
23193,18.75494389548158
23194,51.356821571435766
23195,61.46508454664145
23196,2.153987939684132
23197,6.061879607126748
23198,30.278668874094365
23199,43.29481030603089
23200,37.61754509320553
23201,1.0616030798587381
23202,-43.27941941604757
23203,50.110580430204365
23204,194.54971559429367
23205,-3.4155936616852216
23206,-23.078258046405875
23207,-25.41685773824903
23208,306.27923685254547
23209,-46.49501043559043
23210,-89.497472759579
23211,-28.540103417891913
23212,203.31944470679525
23213,-61.88050703012314
23214,-118.22221423884358
23215,-88.2051115668249
23216,17.477920974283514
23217,11.892974792144479
23218,0.20000264214235308
23219,-27.3400349466105
23220,-91.12835460432541
23221,31.955697079577135
23222,143.85449181843194
23223,253.783884060548
23224,-256.93793782937115
23225,122.9148045125132
23226,44.51024335808199
23227,34.61740022421564
23228,-161.77859074695013
23229,125.6688003786244
23230,120.97621010495476
23231,106.02152688388708
23232,-522.9225355540892
23233,28.61703155859492
23234,65.75764322681273
23235,106.29845766673243
23236,-94.42084745535765
23237,12.616136147651826
23238,71.78876736318645
23239,81.09701976982274
23240,8.369697519003235
23241,62.6805439079062
23242,-17.693340815622843
23243,50.20289946089069
23244,-8.954367173874262
23245,60.24962518537671
23246,36.84828999538913
23247,36.60211468329678
23248,-29.10938218277961
23249,-14.646996967469315
23250,-33.52501536439024
23251,16.60098226501109
23252,53.203070639094236
23253,31.75566812822113
23254,-93.22077898407623
23255,118.94534928513728
23256,-93.31309801476256
23257,30.95563125043807
23258,-62.86518196927887
23259,-57.98795363423656
23260,75.29668005555803
23261,-107.79084781084255
23262,-192.73422199738823
23263,-62.588251186433496
23264,-127.31504680414052
23265,-170.2713890766064
23266,-24.58603908049931
23267,24.693749001168975
23268,-125.74572851932741
23269,-9.52361962954831
23270,79.94307135006402
23271,99.80576468614069
23272,216.82074168205045
23273,322.5508027841265
23274,242.6535749583172
23275,269.90046129243734
23276,-39.47921136006098
23277,-46.55654768631011
23278,4.477170432330308
23279,36.55596832256043
23280,31.601811846815117
23281,-2.1385970497008007
23282,38.909932595173274
23283,67.00388436804414
23284,3491.0398654978426
23285,3612.5853280584715
23286,3622.3243675293593
23287,3799.257670448733
23288,-68.77323160421324
23289,26.063038334626086
23290,20.09347775818567
23291,62.803644718559184
23292,35.98668955767275
23293,-13.139215933375883
23294,16.524027815094442
23295,16.20095067151274
23296,21.73972418370178
23297,-12.493035336998833
23298,-81.40470602342111
23299,-25.97074561315339
23300,94.22084481321528
23301,-14.093109092564955
23302,-130.02292261872904
23303,14.708560527402632
23304,360.005439895791
23305,-88.09740164615522
23306,-86.20497990854676
23307,-165.5018969714474
23308,193.9958277193893
23309,-76.91214470110748
23310,-141.4389376766721
23311,-82.46630910327985
23312,-26.970785133078806
23313,11.954512042864152
23314,37.18675802895416
23315,6.569594812081116
23316,-251.3683825372155
23317,-8.523580109622895
23318,154.17814832576332
23319,176.70251849726483
23320,-258.21490813214194
23321,124.56105093802934
23322,61.52662179736112
23323,88.02047350545222
23324,-181.85665130593884
23325,164.609541062978
23326,127.88432556902822
23327,366.0673195029178
23328,-299.92503557259005
23329,93.82081321971694
23330,103.08289295640323
23331,231.6441545925615
23332,-175.44091277526374
23333,-28.109316353640548
23334,-22.939792654983194
23335,20.231943149608348
23336,-20.308844981097707
23337,83.71252393529761
23338,29.463241106327978
23339,48.74129109674725
23340,-30.894093999718397
23341,56.880204193641475
23342,18.52413316415892
23343,20.708876574596058
23344,51.9722466970598
23345,26.001527393120053
23346,-13.846960089686256
23347,1.1385312205617382
23348,22.324367529359158
23349,-21.98587318658048
23350,10.462148207967697
23351,-25.263001456843018
23352,-50.695250085075386
23353,28.909379540637254
23354,-50.95678997793742
23355,-21.416620730906434
23356,137.37716341860988
23357,-5.477262570683017
23358,-114.729718745669
23359,-103.91371161415293
23360,30.67870046759272
23361,-218.0280052341979
23362,0.6154251256240357
23363,-21.693577822965437
23364,-246.64159618288488
23365,164.11944601198826
23366,290.6652377183124
23367,333.9458158618593
23368,3413.496904781128
23369,3633.786555257252
23370,3579.3834161468767
23371,3731.5614591235753
23372,3635.8020514963
23373,4139.169632586339
23374,4068.0270721287425
23375,4191.095706613448
23376,3689.774429851638
23377,3638.94071437514
23378,3608.9235853939076
23379,3739.915792061809
23380,3332.138345118443
23381,3546.458435018127
23382,3540.611948943126
23383,3677.6198625482043
23384,3533.7807879289694
23385,3597.061366072516
23386,3541.9504828058302
23387,3610.123653865189
23388,-39.44845588930795
23389,-31.04795028112441
23390,-56.449417129390106
23391,15.785528188031055
23392,-39.67921400220333
23393,-3.784843475216915
23394,-135.30012992884238
23395,14.293111734707308
23396,21.016589137408083
23397,6.846551904140124
23398,-86.57422972207846
23399,16.01631261014007
23400,467.16547169102626
23401,-87.86661722404622
23402,-92.03610140277814
23403,-66.48075196389279
23404,316.9875603726055
23405,-28.724741479264587
23406,-32.43263050456485
23407,-27.84777646077852
23408,3.5232772731412396
23409,62.142046922985166
23410,13.800787419736267
23411,208.5658965461556
23412,-204.38104778665402
23413,47.94125421896419
23414,137.0079136050782
23415,267.2616206459162
23416,-291.7399498057458
23417,12.308397275626163
23418,113.45272213368459
23419,182.25668289943718
23420,-289.616769955242
23421,85.46648028148338
23422,79.03535086082495
23423,214.0277682268553
23424,-316.9721694826222
23425,42.60245703970386
23426,161.6093435755608
23427,35.694367884844056
23428,-173.91776716040062
23429,41.20238592628009
23430,32.87880845879955
23431,3.1078810988732
23432,-28.2323908550799
23433,17.139452940718478
23434,2.0924243797508097
23435,7.508123390500506
23436,-30.66330957760939
23437,25.24761056685969
23438,17.81641531706219
23439,-3.461740022421564
23440,0.33849434277867907
23441,16.508636925111112
23442,-19.97040325674632
23443,-3.0924902088898687
23444,7.108118106215796
23445,-13.508465746907579
23446,-12.83152967977751
23447,-20.185770479658366
23448,74.68122862072035
23449,-9.50825504877863
23450,-6.246517668499417
23451,-6.446520310641773
23452,153.7319703715286
23453,4.261803209418272
23454,65.78842500677939
23455,-60.265016075360045
23456,44.2640943552033
23457,9.800550412393669
23458,96.06709388087376
23459,9.908260333063334
23460,-153.34732966801357
23461,-124.63795276951869
23462,45.91034078071941
23463,81.82010219768914
23464,51.172183510063086
23465,44.510269667295645
23466,72.61958602093618
23467,1.3693156426707533
23468,-103.0982575371729
23469,-117.39139558109385
23470,-30.955631250438078
23471,80.68159728634106
23472,100.72890237457673
23473,229.30555490071836
23474,302.06363262229087
23475,187.88780175152624
23476,-247.1527519977472
23477,-25.70917941107772
23478,20.908905525952065
23479,45.756484499313395
23480,-22.078192217266814
23481,4.8003001943393055
23482,9.323616987405957
23483,44.464123306559294
23484,20.939660996705076
23485,-16.724030457236793
23486,-17.339455582860836
23487,31.894159828857457
23488,171.3176012664818
23489,-25.43222231901871
23490,-26.447705347354756
23491,39.64843222223667
23492,188.5032005679366
23493,-19.970376947532678
23494,-112.49882897449551
23495,-107.09852085372916
23496,293.89393774543
23497,-175.9024816194818
23498,-132.99231201696588
23499,-79.835387738608
23500,165.34801438082772
23501,-63.61907248632558
23502,-50.8029336965314
23503,-124.1764102345143
23504,-15.231640313126693
23505,56.680201551499124
23506,88.22047614759457
23507,166.44037293143947
23508,-212.0122719878075
23509,103.92907619492262
23510,165.22491357017472
23511,419.08577838985303
23512,-304.894556629105
23513,32.34033778309216
23514,94.06698853180929
23515,64.91145998829333
23516,-178.04107866918255
23517,124.23797379444763
23518,61.4651108558551
23519,96.72866536723414
23520,-399.1615478030567
23521,76.75828841970147
23522,41.58700032058147
23523,115.29897120134305
23524,-208.64282468685866
23525,14.570068826766311
23526,-70.35791446979604
23527,31.201806562530415
23528,-159.79384997865537
23529,-18.016417959204542
23530,0.20002895135599985
23531,5.723411573561713
23532,-124.53029546727632
23533,-6.661913842767454
23534,2.9078521475172003
23535,7.277338968391491
23536,-17.124062050735148
23537,-19.078021039063277
23538,-0.8308186577497221
23539,-31.817231688154454
23540,119.52999263079467
23541,-70.32715899904304
23542,-41.74088291120111
23543,95.06705436094833
23544,156.87060694115482
23545,-91.83607245142214
23546,-50.04904317948469
23547,-43.448666587436904
23548,211.4276023329365
23549,-8.169694876860884
23550,-9.600547770251314
23551,-20.41655490176737
23552,19.831911556109997
23553,133.30002457977793
23554,23.355188829251233
23555,-5.923414215704064
23556,-154.16275743577995
23557,-13.462319386171238
23558,50.87986183723441
23559,61.7112598587338
23560,-129.3305430431883
23561,73.03500850441787
23562,44.079456293830624
23563,79.52767517579599
23564,-181.3335452110011
23565,12.108394633483805
23566,7.031163656299146
23567,39.83307028360933
23568,-170.47139171874875
23569,-56.4955897993401
23570,18.016417959204542
23571,9.462082378828637
23572,-90.66678576010739
23573,-3.6309871938109026
23574,-30.95563125043807
23575,74.40429783787498
23576,27.078468744534828
23577,-0.6000342356407078
23578,1.0923848598253958
23579,24.955288894031
23580,44.27948524518663
23581,-14.800853248875326
23582,-17.92409892851821
23583,3.477130912404892
23584,7.969692234718529
23585,-35.50972982347139
23586,-55.557061220920716
23587,-29.586315607767318
23588,242.93712145827894
23589,-72.45036515876049
23590,-109.09862620279362
23591,-17.13945294071848
23592,156.62445793827612
23593,-57.987979943450206
23594,-101.54433014234311
23595,-62.218975063688156
23596,292.8938719162909
23597,-65.18836446192505
23598,-50.09518954022103
23599,-75.49668269770038
23600,-23.61675503132691
23601,24.293691098456975
23602,55.83399200376607
23603,36.75597096470279
23604,-382.0990230030412
23605,145.53149371470107
23606,104.63679404201935
23607,318.4491950459626
23608,-209.18132167177964
23609,-30.401743375533716
23610,-30.447889736270056
23611,62.18821959293515
23612,-262.5844212622299
23613,15.462451044449356
23614,4.400268600840949
23615,61.29586368446576
23616,-431.2095376041065
23617,-73.71194457154793
23618,58.69569779054693
23619,79.25074439295064
23620,-140.0542574532317
23621,14.323893514673966
23622,-9.723648580904309
23623,7.569686950433827
23624,-218.93575203265064
23625,77.01985462177714
23626,4.015601588112279
23627,10.585222709407043
23628,-6.246517668499415
23629,37.32524972959049
23630,-16.877886738642804
23631,-4.24641231943494
23632,-33.92502064867495
23633,-1.30775208273743
23634,0.8154277677663906
23635,15.570134655905372
23636,-85.95880459645443
23637,11.292966865717418
23638,35.832859585480385
23639,34.55586297349596
23640,-16.83176668712011
23641,17.9702715984682
23642,-21.35508348018676
23643,81.4662432741408
23644,38.833030763683915
23645,-54.110817437546956
23646,26.586170738777433
23647,-5.138768227904329
23648,55.649380251607056
23649,-62.23436595367149
23650,31.80184079817113
23651,-65.63456872537338
23652,-253.67620044909197
23653,-48.079719610386874
23654,44.94105673154701
23655,33.70962711654927
23656,-128.63821608607495
23657,-6.0157332463904005
23658,7.0465545462824775
23659,18.12412787987421
23660,-248.7220702825603
23661,-64.26525308270263
23662,19.247268210452624
23663,67.77316577507418
23664,-203.38098195751493
23665,31.44798187462277
23666,-51.91070944634012
23667,65.92689039820206
23668,63.46521620491958
23669,98.3441300127836
23670,-15.293203873060014
23671,45.864194419983065
23672,-89.17436930678365
23673,23.862930343419258
23674,71.08104951608973
23675,60.188087934657034
23676,175.2409101331214
23677,107.66777330940319
23678,32.9095902387662
23679,95.1439561924377
23680,255.93787200023215
23681,108.19087940434089
23682,-64.4498911440753
23683,-48.69511842679726
23684,201.3500948284838
23685,-19.50880810331465
23686,-149.654805223483
23687,-43.3717384467339
23688,229.27479942996536
23689,-164.717224674434
23690,-190.4417686662814
23691,-281.13933620635544
23692,178.79496918622928
23693,-33.340377303017576
23694,12.477644447015505
23695,-37.23293069890415
23696,-95.17473797240436
23697,-57.03406047504748
23698,-64.77296828765701
23699,-69.01938060709196
23700,-331.8653417621838
23701,75.23514280483835
23702,66.41921471317312
23703,187.85701997155957
23704,-205.82726526081416
23705,147.9777770180002
23706,-18.64723397481191
23707,111.52951861610947
23708,-77.46603257601181
23709,101.6827955337658
23710,48.541288454604896
23711,142.10053547224615
23712,-284.6626134794967
23713,-42.27937989612216
23714,272.0465036410585
23715,104.89838655330868
23716,-186.36462982744945
23717,94.26699117395164
23718,3.015562068186867
23719,35.925152306953066
23720,-34.41737127285964
23721,22.601324621418165
23722,23.524436000640577
23723,124.83798172087468
23724,-94.15928125328197
23725,66.91156533735781
23726,14.139255453301296
23727,15.231666622340338
23728,-48.756681986730584
23729,5.954195995670728
23730,-47.864299769047534
23731,-9.446691488845303
23732,4.307923260940969
23733,-22.555125642254524
23734,-17.46255639351383
23735,2.6463122546551734
23736,-9.862113972326988
23737,-7.231192607655148
23738,-8.07737584617455
23739,90.38985497726205
23740,9.815967611590636
23741,37.78681857380851
23742,152.4088010895942
23743,54.75699803392401
23744,53.618493122575906
23745,70.49637986121871
23746,189.61097631774533
23747,31.601838156028773
23748,62.865181969278865
23749,176.1024842616241
23750,195.62670956413575
23751,109.606341407748
23752,4.861811135845329
23753,56.895595083624805
23754,185.97998912393444
23755,123.1301980446389
23756,3570.090580939437
23757,3679.650749677235
23758,3664.5729656455146
23759,3600.0615372507195
23760,3609.87750486231
23761,3589.6917080734383
23762,3615.123930392457
23763,3677.3737135453257
23764,3672.5272669902497
23765,3671.5425920510943
23766,3634.8020119763746
23767,3707.2215953551686
23768,3535.0577845409534
23769,3625.293756927596
23770,3533.765397038986
23771,3547.1661791744373
23772,16.739421347220127
23773,30.355597014797365
23774,-100.60582787313739
23775,-48.77204656750027
23776,134.06927967759432
23777,2.9232430375005265
23778,-303.1098448121663
23779,-59.46497919757697
23780,104.29832600845432
23781,-73.1734475866269
23782,-400.9001132592592
23783,-143.08521041140187
23784,359.697727332979
23785,-38.06374935665387
23786,-233.39811093874727
23787,-425.7630831226038
23788,201.91937359337152
23789,-141.56203848732514
23790,-165.64033605365643
23791,-120.25310136787472
23792,46.69501307773279
23793,1.5539537040434226
23794,-54.818561593857325
23795,12.293006385642833
23796,-314.15661005657773
23797,127.19197230270116
23798,160.57852227566872
23799,262.72288665365255
23800,-121.97627593409385
23801,85.74341106432875
23802,-3.5848145238609135
23803,30.124838901902002
23804,-211.27377236074412
23805,56.510980689323425
23806,108.77552274999829
23807,525.7996322308535
23808,-60.15733246390402
23809,-0.12307450143934773
23810,268.86169440148234
23811,387.7301155459166
23812,28.38627344569955
23813,54.864707954593676
23814,1.1385312205617382
23815,15.585499236675055
23816,-310.2025457191851
23817,19.43190627182529
23818,16.416317894424775
23819,95.68245317735874
23820,-188.07241350368525
23821,-19.43187996261164
23822,31.017168501157748
23823,59.80344723114201
23824,-10.739078990813052
23825,-1.0308212998920747
23826,-69.45016767134331
23827,23.539826890623907
23828,-7.892764094015528
23829,-48.60279939611093
23830,-319.8646570493697
23831,-243.29100669104093
23832,261.29203376026214
23833,-80.86620903850007
23834,-24.770650832658333
23835,-3.1848092395762073
23836,-14.446994325326962
23837,25.46300409898538
23838,-19.293414571188965
23839,20.84734196601874
23840,95.40552239451338
23841,34.10965871004762
23842,206.3350067749821
23843,197.50371410254724
23844,57.83409735283055
23845,56.04938553589176
23846,62.44978579501084
23847,141.13122511386013
23848,-249.475960799607
23849,90.91296107219974
23850,54.29542918970598
23851,157.5014229567622
23852,-136.30019575798144
23853,9.031295314577267
23854,8.662045501045572
23855,20.155015008905345
23856,16.370171533688428
23857,4.26180320941827
23858,-29.26323846418562
23859,21.83204321438812
23860,-63.21904089282724
23861,15.939384469437066
23862,-59.38805105687398
23863,66.85002808663813
23864,-44.57180691801531
23865,-14.862390499595
23866,-29.278629354168945
23867,13.662322028313588
23868,28.10931635364055
23869,-4.492561322313634
23870,-77.75832793962688
23871,1.338533862704094
23872,17.80102442707886
23873,-9.369789657355946
23874,-202.0578389847942
23875,-229.9671526962924
23876,146.26999334176446
23877,-120.77620746281242
23878,-30.617136907659397
23879,-95.57474325668908
23880,216.1817298573258
23881,-61.12661651307641
23882,-27.770848320075523
23883,-96.49788094512513
23884,73.34272106722989
23885,-54.326210969672644
23886,-75.48129180771706
23887,-43.86408907091859
23888,45.971904340652735
23889,5.200305478624006
23890,3.2155910195428667
23891,147.53159906376555
23892,-162.7170930161559
23893,113.51423307519062
23894,289.0013185204043
23895,638.8523227710397
23896,-462.0113125731386
23897,117.72988992387253
23898,76.80443478043782
23899,164.96337367731272
23900,-246.5373531813368
23901,79.31228164367032
23902,98.46723082343658
23903,244.26029074021335
23904,-168.30203919829492
23905,-84.48180534232768
23906,41.72549202121779
23907,7.369657999077827
23908,-94.94395355029535
23909,4.846420245861999
23910,-27.724675650125526
23911,17.308700112107818
23912,-23.986004844858602
23913,15.647062796608376
23914,25.44763951821569
23915,7.323485329127833
23916,-35.20201726065936
23917,-47.54119631625219
23918,-104.57525679129968
23919,-6.169589527796415
23920,-63.8806123791876
23921,8.369697519003239
23922,-40.41773993848036
23923,1.2923875019677507
23924,4.231021429451614
23925,-15.98553083017341
23926,-86.5896206120618
23927,-25.432248628232358
23928,92.77460102984153
23929,-22.616689202187843
23930,-56.449417129390106
23931,37.971430325967546
23932,117.46832372179685
23933,-34.60198302501866
23934,-32.401875033811834
23935,14.723925108172317
23936,-31.09409664186075
23937,-11.84685474062178
23938,18.27795785206657
23939,48.372014974001914
23940,-83.32788323178258
23941,-14.093109092564953
23942,45.52572638641803
23943,92.1130032342675
23944,-138.34644746778224
23945,-38.43299917018557
23946,73.48116014943892
23947,69.35784864065697
23948,-44.587171498785
23949,65.049925379716
23950,25.69378852109439
23951,99.80576468614068
23952,-6.2619085584827445
23953,16.64710231653379
23954,26.893856992375806
23955,33.09422830013887
23956,-137.06947716501148
23957,-1.9078126275917882
23958,-71.20412401752908
23959,26.77075618172281
23960,-105.15992644617072
23961,-17.63177725568952
23962,-40.925455143434725
23963,-40.110001066454686
23964,16.508636925111112
23965,30.647918687626056
23966,-78.0660405024389
23967,-14.954709530281333
23968,147.16234925023383
23969,-90.48217400794837
23970,-126.11497833285911
23971,-26.66307257026679
23972,110.96026616043542
23973,-105.49842078894939
23974,-63.34211539426658
23975,18.75491758626793
23976,108.60627557860894
23977,-138.34644746778227
23978,-59.54190733827998
23979,-196.44213733190213
23980,89.15900472601396
23981,-113.37579399298157
23982,-92.05146598354783
23983,-267.7847267408539
23984,-92.78999191982487
23985,54.726242563171
23986,5.47723626146937
23987,31.386444623903085
23988,-183.48753315068527
23989,73.91194721369028
23990,220.7973656810788
23991,266.38462931821647
23992,-105.95996332395376
23993,20.50887393245371
23994,27.740066540108856
23995,3.6617426645639135
23996,-99.85193735609067
23997,37.956039435984195
23998,90.74368759159677
23999,228.61322794360495
24000,-71.09641409685943
24001,63.726756097781596
24002,49.37208080314096
24003,89.78979443240767
24004,-263.1229182471509
24005,-10.692932630076708
24006,4.184848759501616
24007,37.248321588887485
24008,-75.37358188704738
24009,-26.04764744464275
24010,-103.17518567787592
24011,40.61774258062271
24012,-32.26338333317551
24013,12.154540994220152
24014,-10.431366428001036
24015,26.10921100457607
24016,47.987374270486896
24017,-24.38601012914331
24018,-32.54034042523451
24019,11.1852832542614
24020,21.539695232345785
24021,-1.5693445940267523
24022,8.908220813137921
24023,51.2798671215191
24024,-186.94927317310686
24025,8.692827281012232
24026,-132.36149600135852
24027,-43.464057477420226
24028,215.39708386952606
24029,-13.0007505419532
24030,-21.00119824742475
24031,-62.865181969278865
24032,36.78675274466945
24033,6.431155729872085
24034,47.279656423390165
24035,106.77541740093379
24036,-106.8215374524565
24037,28.632422448578247
24038,84.98952054728201
24039,65.97306306815207
24040,-168.0404993054329
24041,49.46439983382731
24042,113.29883954306493
24043,49.04897735034562
24044,40.72542619207873
24045,-14.3392844046573
24046,56.941741444361156
24047,161.71705349623048
24048,16.5548095950611
24049,-18.924164757657273
24050,-19.031874678326936
24051,36.20208308979843
24052,-78.43529031597059
24053,15.570134655905372
24054,-6.877333684106784
24055,74.66586403995065
24056,-42.83324146181287
24057,-38.57146456160824
24058,-12.246860024906487
24059,47.202728282687154
24060,23.40133518998758
24061,23.416726079970914
24062,-45.5872636371377
24063,-1.692392786252456
24064,-18.754917586267936
24065,-68.11163380863923
24066,-118.34528874028294
24067,48.34125950324889
24068,248.4759212796816
24069,-27.84777646077852
24070,-174.025424462643
24071,-151.87033041388682
24072,145.48532104475112
24073,-248.78360753328
24074,-131.39221195218613
24075,-206.5811820870745
24076,66.06535578962476
24077,-107.02156640381249
24078,-35.140480009939694
24079,-60.29579785532669
24080,19.278023681205635
24081,5.508018041436035
24082,27.693920179372512
24083,186.16460087609346
24084,-428.055510144497
24085,33.07883741015555
24086,96.17480380154342
24087,246.0296116671688
24088,-445.9180981315091
24089,60.57275494738572
24090,82.06630381899514
24091,81.71241858623313
24092,-129.00746589960661
24093,51.60297057431446
24094,15.108565811687345
24095,63.2344054735969
24096,-333.17312015413495
24097,99.57498026403167
24098,-83.28173687104623
24099,72.85034413383156
24100,-165.59418969292008
24101,-25.90920836243372
24102,-9.123588036049957
24103,32.07877158101648
24104,-67.3577432915925
24105,16.893277628626137
24106,16.58556506581412
24107,35.58668427338804
24108,-95.72859953809508
24109,-6.538839341328105
24110,-10.154435645155676
24111,13.800787419736263
24112,-7.20041082768849
24113,65.38839341328104
24114,-22.00129038577746
24115,-6.492666671378112
24116,33.140374660875224
24117,-19.631882604753997
24118,-59.403441946857306
24119,23.55519147139359
24120,35.75593144477739
24121,-16.53941870507777
24122,-26.063064643839727
24123,13.477710276154564
24124,89.14361383603064
24125,-51.41835882215545
24126,12.800747899810847
24127,16.67788409650045
24128,1.6001000647797685
24129,40.356202687760685
24130,31.32490737318341
24131,23.24747890858157
24132,-156.0397882834051
24133,23.73982953276626
24134,80.29695658282604
24135,79.3892097843733
24136,-142.30053811438853
24137,-39.89460753432902
24138,49.32593444240463
24139,131.82299901643748
24140,-38.6791744822779
24141,23.524436000640573
24142,-18.13951876985754
24143,22.40129567006216
24144,36.46364929187409
24145,80.46620375421537
24146,24.92450711406434
24147,144.02371268060762
24148,-20.693511993826377
24149,16.600955955797446
24150,-18.924164757657273
24151,53.187706058324544
24152,27.447744867280164
24153,-35.69436788484406
24154,-68.52702998290725
24155,-17.10867116075182
24156,51.03371811864041
24157,-86.20497990854678
24158,-36.863654576158815
24159,-8.031229485438207
24160,-16.385562423671765
24161,-12.077612853517149
24162,-108.14470673439091
24163,-16.00092172015674
24164,62.46515037578051
24165,-76.45057585688946
24166,-169.90213926307467
24167,-260.87661127678047
24168,51.58757968433113
24169,-124.54568635725965
24170,-118.74532033378128
24171,-209.350568843169
24172,317.3106375161872
24173,-111.26797872324744
24174,-111.51412772612615
24175,-61.818943470189815
24176,-240.06002478151476
24177,26.03225655465942
24178,58.31105708703191
24179,112.16033463171684
24180,-222.98213540072956
24181,35.60207516337137
24182,149.48555805209367
24183,321.8493715084509
24184,-297.95568569427854
24185,23.739829532766258
24186,79.758459597905
24187,53.972352046124286
24188,-285.50882302722977
24189,51.00296264788741
24190,84.49719623231098
24191,81.2508497420151
24192,-202.5809450797319
24193,-43.75637915024893
24194,10.154435645155676
24195,15.954775359420397
24196,-319.3876973151684
24197,-26.632317099513777
24198,-89.03590391536098
24199,-24.724504471921993
24200,-315.49517022849545
24201,-0.6769623763437096
24202,-48.27969594331557
24203,9.969823892996656
24204,-99.82115557612401
24205,-34.14044049001428
24206,-14.139281762514944
24207,-53.449245951186576
24208,-110.19101106261903
24209,-2.7078495053748473
24210,-47.03348111129782
24211,-12.785330700613873
24212,124.40719465662333
24213,19.04726556831027
24214,-100.72890237457673
24215,-30.832556748998726
24216,79.77385048788832
24217,-5.67723890361172
24218,-50.98757175790407
24219,-4.277167790187953
24220,86.45115522063911
24221,-36.34054848122111
24222,-19.354978131122284
24223,-72.29648256814085
24224,-2.5539932239688383
24225,14.554677936782983
24226,40.03307292575169
24227,25.647642160358043
24228,-56.61866430077946
24229,13.29307221478189
24230,18.46262222265289
24231,29.694025528436992
24232,50.99145041742074
24233,121.85650072842148
24234,148.14977043062055
24235,130.42537130776304
24236,39.404641923717804
24237,74.50099019143816
24238,43.57641724823476
24239,66.88457751651833
24240,-80.37388472352903
24241,14.77009777812231
24242,11.38528589640375
24243,89.86674888232433
24244,-21.724333293718452
24245,77.80450060957686
24246,-7.785080482559508
24247,108.28319843502723
24248,293.6065411130648
24249,271.05254788909593
24250,291.1933307355173
24251,313.2105913750278
24252,-35.64822152410771
24253,-14.770071468908665
24254,-25.847644802500398
24255,14.262356263954292
24256,452.04002879760793
24257,355.8504134698308
24258,248.55249564692264
24259,295.8786012675308
24260,183.27213961855958
24261,5.431063591519376
24262,-96.32863377373579
24263,-8.369697519003239
24264,239.59848224651034
24265,-46.83347846915546
24266,-2.1078152697341395
24267,-49.55671886451364
24268,73.71194457154793
24269,-58.557232399124246
24270,-149.470193471324
24271,-49.24900630170163
24272,45.31033285429234
24273,50.44907477298303
24274,47.35658456409317
24275,29.26321215497197
24276,-394.668986480743
24277,23.81675767346926
24278,133.53080900188692
24279,261.10739569888943
24280,-205.93497518148376
24281,55.03392881676937
24282,17.354846472844166
24283,22.63208009217118
24284,-174.91780668032607
24285,87.72815183262352
24286,75.21972560564139
24287,251.59916695932446
24288,-246.06039344713545
24289,31.817231688154457
24290,10.308291926561687
24291,17.139452940718478
24292,-280.3392993285724
24293,40.233101877107686
24294,14.939318640298003
24295,57.06484225501414
24296,-245.32186751085843
24297,20.001158727499337
24298,-15.81630996799771
24299,75.52743816845339
24300,-61.711259858733804
24301,8.477407439672904
24302,28.232390855079895
24303,-66.65002544449578
24304,-223.18213804287194
24305,14.277747153937622
24306,3.2771019610488956
24307,10.323682816545016
24308,-35.771296025547066
24309,-14.693143328205661
24310,-24.13986112626461
24311,-84.68180798447
24312,109.00630717210728
24313,-64.63450289623432
24314,-39.4946022500443
24315,37.048292637531475
24316,53.54153867265925
24317,13.446928496187903
24318,-6.015733246390404
24319,-15.754746408064396
24320,-30.571016856136694
24321,-35.786686915530396
24322,-18.67801575477857
24323,48.64897206606092
24324,21.15508083804441
24325,-12.53918169773517
24326,12.754575229860864
24327,138.9618725934063
24328,-26.84771063163946
24329,5.661848013628392
24330,93.48231887693825
24331,50.07982495945135
24332,-16.677884096500453
24333,44.20255710448362
24334,30.586381436906382
24335,-19.262659100435954
24336,-42.78709510107652
24337,-5.031058307234673
24338,-21.13966363884743
24339,13.95464370114227
24340,-57.98797994345021
24341,11.708363039985457
24342,-14.246991683184609
24343,35.44819257275171
24344,5.861876964984395
24345,-28.432419806435895
24346,-25.109145175437018
24347,-20.755049244546054
24348,-71.21948859829878
24349,-7.8773732040321995
24350,-19.44727085259497
24351,-10.708323520060041
24352,-42.679411489620506
24353,-32.78651573732685
24354,-120.49927667996707
24355,-20.616583853123373
24356,209.304396173219
24357,6.738868292684106
24358,-144.3622070233863
24359,-55.11088326668601
24360,341.11203060888687
24361,-75.49668269770038
24362,-45.771875389296724
24363,10.831398021499389
24364,199.9038773543237
24365,-83.83562474595058
24366,-84.82029968510632
24367,19.754983415406993
24368,33.24808458154488
24369,19.67805527470399
24370,60.049648852448
24371,76.08132604335775
24372,-139.68500763970002
24373,141.86975105013715
24374,29.27862935416895
24375,143.7006092278123
24376,-145.82381538752978
24377,57.75719552134119
24378,24.755259942675
24379,-36.54057743257711
24380,-229.7055864942167
24381,89.22054197673364
24382,53.24921699983057
24383,276.13903336987386
24384,-190.4110131955284
24385,32.70958759662385
24386,121.83781054267115
24387,185.1337795762014
24388,-122.46860024906488
24389,60.126576993151
24390,-78.25067856381156
24391,31.863378048890798
24392,-125.42262506653206
24393,52.06453941853249
24394,4.277167790187956
24395,30.8940939997184
24396,-18.939555647640603
24397,105.49842078894937
24398,-29.67863463845365
24399,46.21805334353143
24400,56.72634791223546
24401,-52.07993030851582
24402,8.154303986877556
24403,-24.23218015695095
24404,-13.308463104765218
24405,-26.416897258174448
24406,-26.95542055230912
24407,19.57037166324797
24408,-23.262896107778545
24409,-39.663823112219994
24410,13.816178309719593
24411,42.417818978331184
24412,57.203307646436826
24413,23.60136414134358
24414,-12.539181697735177
24415,-56.38787987867043
24416,-6.800379234190132
24417,27.86316735076185
24418,26.555362649597125
24419,-60.64965677887507
24420,-141.88511563090682
24421,82.68170263540553
24422,29.570924717783992
24423,35.15587089992303
24424,-11.616044009299118
24425,51.78760863568713
24426,108.52934743790593
24427,-3.3078837410155515
24428,-122.25323302615283
24429,77.89681964026322
24430,1.692392786252455
24431,-27.893922821514863
24432,-129.39210660312165
24433,49.3874716931243
24434,6.831161014156793
24435,61.00354201163707
24436,-47.11040925200082
24437,90.32829141732871
24438,60.26501607536004
24439,109.77558857913733
24440,2.2616715511401493
24441,5.431089900733024
24442,-32.83268840727685
24443,-3.4925218023882234
24444,-48.2950868332989
24445,-17.585630894953177
24446,-95.97477485018743
24447,-67.60391860368485
24448,128.28433085331292
24449,-10.477539097951029
24450,-26.232285506015426
24451,22.555151951468172
24452,175.74862533807573
24453,-63.71136520779827
24454,-101.8058963444188
24455,19.016483788343606
24456,157.70145190811823
24457,-48.14123055189289
24458,-71.05024142690944
24459,-172.57920698848287
24460,107.96009498223188
24461,-69.77327112413867
24462,-24.709113581938656
24463,-78.86610368943562
24464,-33.83272792720226
24465,21.601258792279104
24466,42.03320458402981
24467,58.880309542705945
24468,-337.4195061643563
24469,131.11528116934076
24470,53.203070639094214
24471,154.28585824643298
24472,-232.19804246746585
24473,7.538905170467167
24474,25.370711377512688
24475,149.9932995662617
24476,-263.4459953907326
24477,181.84128672516917
24478,110.37562281477804
24479,590.5572359377409
24480,-131.1614275300771
24481,128.40740535475226
24482,159.71692183795236
24483,445.1488167244791
24484,-149.1778717984953
24485,29.278603044955304
24486,29.832490919859666
24487,60.48043591669937
24488,-122.14552310548316
24489,101.17508032881142
24490,45.98726892142241
24491,114.94511227779468
24492,6.67730473275078
24493,23.539826890623907
24494,-3.2309556003125515
24495,21.370474370170093
24496,1.8462753768721125
24497,-13.877741869652917
24498,3.200173820345892
24499,10.923690742972077
24500,92.31303218562351
24501,-35.40204621201538
24502,-149.347092660671
24503,-67.48084410224548
24504,135.06934550673338
24505,58.51105972917426
24506,-32.032625220280146
24507,-60.188087934657034
24508,276.13905967908744
24509,-9.954406693799678
24510,-18.87801839692093
24511,32.601877675954185
24512,-11.169866055064421
24513,30.386378794764028
24514,55.664771141590386
24515,114.96050316777801
24516,-6.892724574090117
24517,58.03412630418656
24518,44.402559746625975
24519,-7.169655356935472
24520,-178.04105235996892
24521,35.55590249342137
24522,38.109895717390216
24523,86.45115522063911
24524,-200.25773627787208
24525,-32.03262522028014
24526,-80.5738873656714
24527,3.8309898359532575
24528,123.99177217314164
24529,107.6216006394532
24530,-38.69453906304759
24531,48.6643366468306
24532,-26.524607178844107
24533,-14.308528933904284
24534,-83.00477977898723
24535,95.80552767879809
24536,13.446928496187901
24537,40.57156991067272
24538,13.277681324798564
24539,37.98682121595087
24540,13.031532321919867
24541,-1.6770282054827739
24542,-64.819140957607
24543,-36.77136185468612
24544,-4.723345744422652
24545,-32.9865183794692
24546,-56.32631631873711
24547,41.38702398765275
24548,85.45108939150005
24549,-13.539247526874234
24550,-100.85197687601608
24551,-75.49668269770036
24552,161.4401227133851
24553,-52.09532119849915
24554,-144.70067505695135
24555,-328.6805325226077
24556,120.85313560351541
24557,-175.9486279802181
24558,-275.5082436634801
24559,-238.44456013596528
24560,-105.4830035897524
24561,26.493851708091093
24562,68.95784335637227
24563,146.85463668742184
24564,-454.2416492897761
24565,160.16309979218704
24566,293.3861962312619
24567,385.4992257747431
24568,-382.9759880215273
24569,97.75951297633985
24570,49.23364172093194
24571,76.83521656040446
24572,-311.87957392466785
24573,24.509110939796308
24574,-9.877504862310325
24575,206.2426877442958
24576,-243.26022491107426
24577,13.846960089686256
24578,12.723793449894202
24579,107.43698888729418
24580,-149.16248090851198
24581,5.507991732222383
24582,11.58528853854611
24583,15.108565811687342
24584,-409.7467705124637
24585,37.66369145394187
24586,16.03167719090976
24587,10.292901036578353
24588,-33.478869003653905
24589,-6.908089154859797
24590,-5.33877087004669
24591,14.062327312598292
24592,-17.447165503530496
24593,-7.7850804825595095
24594,-35.140480009939694
24595,-31.401809204672773
24596,98.00566197921857
24597,31.417226403869748
24598,-101.69818642374915
24599,59.18802210551798
24600,-87.1896548477025
24601,-78.98917819087497
24602,-37.90986676603421
24603,-18.401058662719567
24604,250.19906953668706
24605,-111.97572287955782
24606,-57.110988615750486
24607,-85.66650923283939
24608,12.200713664170141
24609,84.46644076155798
24610,34.55583666428232
24611,-17.1702084114715
24612,19.87805791684636
24613,20.78580471529906
24614,38.09450482740689
24615,132.2845678606555
24616,-203.73486719027696
24617,19.23187732046929
24618,2.430918722529489
24619,15.954775359420395
24620,-27.693920179372512
24621,13.231534964062224
24622,-1.2616320312147344
24623,83.88177110668694
24624,-13.846960089686256
24625,-2.323208801859824
24626,-106.62153481031415
24627,28.340100775749566
24628,-145.90074352823277
24629,10.616004489373708
24630,29.87863728059601
24631,32.44804770376182
24632,304.73379360364225
24633,381.95365086756175
24634,200.71383363280063
24635,345.4461463607363
24636,93.08293334104648
24637,-34.3845344897327
24638,-112.67992415951326
24639,-260.19671169704515
24640,7.862008623262518
24641,-10.13904475517235
24642,-227.62855300444923
24643,-101.17508032881142
24644,100.72890237457675
24645,-104.83682299337536
24646,-216.32019524874846
24647,-112.25262735318952
24648,213.19694956910558
24649,-215.25859216888975
24650,-139.16190154476232
24651,-252.7992354306059
24652,-87.3896837990585
24653,-388.1147562494316
24654,-296.9402552843698
24655,-233.4442572994836
24656,1.646246425516111
24657,67.34235240160918
24658,69.3732395306403
24659,277.3237372603855
24660,-566.4943029521793
24661,51.78760863568713
24662,162.54784584476653
24663,201.56551466982313
24664,-427.3324014074169
24665,98.9441642484243
24666,24.232153847737305
24667,-18.585696724092234
24668,-261.36896190096513
24669,87.49736741051451
24670,76.45057585688944
24671,508.01399869375797
24672,-93.43617251620194
24673,-57.63412101990184
24674,-31.001803920388063
24675,167.8558612440602
24676,-57.895660912763866
24677,91.25142910576477
24678,-31.27873470323342
24679,26.52460717884411
24680,-228.96708686715328
24681,-31.294099284003103
24682,-4.000237007342594
24683,87.95893625473254
24684,-134.8539519746077
24685,-126.80733159918614
24686,-32.32494689310883
24687,-55.557061220920716
24688,26.078429224609412
24689,15.370132013763019
24690,-15.108565811687342
24691,58.81879860119993
24692,2.2770361319098313
24693,-15.385522903746349
24694,-100.8366122952464
24695,-72.92729858374821
24696,282.84711988259124
24697,139.300366936185
24698,-132.77691848484022
24699,-31.971061660346816
24700,96.91330342860681
24701,1.0462121898754049
24702,-35.15587089992302
24703,8.662019191831927
24704,159.93234167929168
24705,8.72358275176525
24706,6.154198637813081
24707,-6.32344580920242
24708,35.00402832432741
24709,72.59051511029827
24710,112.74553011920361
24711,114.37696501848606
24712,177.71471933989224
24713,384.65033971426476
24714,294.92409715109375
24715,334.8950534623761
24716,-59.980350351591966
24717,38.54814119529627
24718,78.0439021728399
24719,62.719916519813225
24720,213.09531813211404
24721,316.6244153519656
24722,271.45257419830955
24723,358.0572565546594
24724,173.76192349863027
24725,254.41364751444962
24726,92.65014482100116
24727,368.8814972215613
24728,143.79720853031614
24729,126.705086987047
24730,148.59864114294115
24731,225.44897206606092
24732,77.92324654436075
24733,72.93863743434406
24734,42.86027403887371
24735,65.24675818270222
24736,29.21709210344927
24737,-7.554296060450495
24738,-64.21910672196628
24739,-26.001501083906412
24740,125.62265401788807
24741,-57.24945400717317
24742,-0.40000528428470794
24743,6.584985702064451
24744,552.262702158978
24745,219.98193791331238
24746,-100.49811795246774
24747,-92.4668884670295
24748,24.339863768406968
24749,-71.81954914315313
24750,-28.66320422854491
24751,30.55562596615337
24752,-9.277444317455968
24753,117.5606427524832
24754,95.39013150453005
24755,307.03312736959225
24756,-234.89050108285738
24757,166.96350533559084
24758,233.5673581101366
24759,512.6142699367413
24760,-330.6652732909024
24761,36.50979565261045
24762,16.124022530809732
24763,-2.1693525204538133
24764,-454.8724653053834
24765,-19.278049990419277
24766,68.17317105935889
24767,144.96224125902702
24768,-289.4321318938694
24769,-35.92515230695308
24770,-22.61668920218785
24771,29.4786319963113
24772,-84.94337418654568
24773,25.401466848265702
24774,-3.8617716159199205
24775,38.4483900601689
24776,-368.68284997760634
24777,-24.801432612624993
24778,-5.831121494231375
24779,15.570108346691724
24780,-153.962728484424
24781,26.55538895881077
24782,7.44658613978083
24783,28.555494307875247
24784,-37.263712478870815
24785,-25.1245097562067
24786,13.062287792672878
24787,-15.35471481456604
24788,101.1596894388281
24789,-2.292427021893161
24790,-46.21805334353143
24791,56.680201551499124
24792,70.3425235798127
24793,-27.447744867280164
24794,-101.71357731373246
24795,-174.53316597681103
24796,21.570477012312445
24797,-123.86869767170228
24798,-45.510335496434706
24799,-7.8773995132458445
24800,139.42344143762432
24801,-17.66255903565618
24802,-46.2026624535481
24803,19.154949179766284
24804,8.600481941112255
24805,8.000474014685194
24806,14.21620990321795
24807,2.2155251904038042
24808,-90.78988657076036
24809,39.07917976656262
24810,-12.662282508388174
24811,71.83491372392281
24812,10.708297210846395
24813,29.786318249909677
24814,26.97078513307881
24815,14.616215187502657
24816,-47.956618799733874
24817,30.986386721191085
24818,-142.11590005301585
24819,73.5735054893389
24820,-150.05483681698135
24821,25.832253912517068
24822,2.4770650832658347
24823,66.20384749026108
24824,-125.03801067223068
24825,-69.4194122005903
24826,-35.848250475463715
24827,4.938739276548333
24828,-17.416410032777485
24829,-6.0465150263570635
24830,-82.97402430823422
24831,-48.4181876439519
24832,-10.231363785858685
24833,-35.58668427338804
24834,-42.63323881967052
24835,12.369934526345839
24836,112.66807614588485
24837,-38.00218579672055
24838,-89.58981809947898
24839,12.32378816560949
24840,332.8038703406033
24841,-11.539115868596115
24842,-41.04852964487407
24843,37.771401374611536
24844,126.54579170632412
24845,-98.94419055763794
24846,-95.1901288623877
24847,-18.447205023455915
24848,30.80177496903206
24849,62.126682342215474
24850,75.21975191485501
24851,76.81982567042114
24852,-599.9731456466194
24853,100.74429326456007
24854,136.68483646149647
24855,189.98022613127702
24856,-187.1954484851992
24857,-39.540748610780646
24858,-54.018524716074275
24859,41.07928511562709
24860,-220.24350411538805
24861,70.01944643623101
24862,61.895871610892826
24863,85.37416125079706
24864,-544.508403456385
24865,113.79119016724961
24866,249.75289158245238
24867,234.844354722121
24868,-183.3644323400323
24869,49.695184255936326
24870,-12.523790807751844
24871,38.77146720375059
24872,-65.60381325462038
24873,-0.246175312092344
24874,26.60153531954711
24875,104.19061608778465
24876,-190.81104478902674
24877,-10.231363785858681
24878,4.554124882246959
24879,5.384917230783035
24880,12.446862667048842
24881,-51.033718118640415
24882,-96.40556191443879
24883,-2.2770361319098322
24884,15.554743765922042
24885,-16.98559665931247
24886,-169.34825138817033
24887,43.125589443855205
24888,113.9296555586723
24889,12.09300374350048
24890,-146.79309943670216
24891,1.2462148320177633
24892,173.6408100683416
24893,-40.29463912782736
24894,-53.449245951186576
24895,-36.679042823999794
24896,47.29504731337349
24897,-92.74381924987487
24898,-47.987374270486896
24899,73.92736441288727
24900,-18.92416475765727
24901,18.816481146201255
24902,16.416317894424775
24903,44.971812202300015
24904,-93.17463262333987
24905,6.923480044843128
24906,72.48112062951351
24907,99.77500921538767
24908,-69.52709581204631
24909,24.12447023628128
24910,38.786858093733926
24911,58.80338140200295
24912,-26.8938569923758
24913,-34.01736598857493
24914,26.20150372604876
24915,21.04737091737474
24916,231.52102651199948
24917,361.2986297096538
24918,349.481977385249
24919,388.63808529251463
24920,-71.68108375173044
24921,-55.80321022379941
24922,-9.662085020970988
24923,34.20197774073395
24924,-42.01781369404648
24925,55.51091486018437
24926,-20.73965835456272
24927,-45.864194419983065
24928,-13.016141431936532
24929,12.231495444136804
24930,15.631671906625044
24931,38.27911657956591
24932,3.9694552273759367
24933,73.71194457154795
24934,-53.27999877979724
24935,15.754746408064392
24936,225.62842134617108
24937,-43.34095666676724
24938,-62.280538623621496
24939,10.723688100829726
24940,67.4808441022455
24941,-30.70948224755938
24942,-14.046962731828607
24943,11.816072960655113
24944,-6.6773047327507875
24945,140.79275708029508
24946,110.42176917551438
24947,342.3890272208712
24948,-227.67469936518557
24949,39.90999842431232
24950,133.90005881541862
24951,236.13674222408878
24952,-98.63647799482591
24953,49.23361541171829
24954,43.80252551098527
24955,38.32531555872954
24956,-131.11528116934076
24957,-2.6617031446385013
24958,33.61733439507658
24959,525.7534858701172
24960,-567.463560692138
24961,-36.24825575974842
24962,70.81948331401406
24963,90.88217929223308
24964,-102.62132411218518
24965,-102.26746518863683
24966,-67.92702205648021
24967,-26.063038334626082
24968,-329.49596029037406
24969,-34.46354394280963
24970,4.046409677292594
24971,6.461911200625098
24972,-72.37341070884385
24973,16.770203127186786
24974,15.55474376592204
24975,2.630921364671842
24976,-18.508768583389234
24977,20.12425953815233
24978,-21.339692590203434
24979,3.3848118817185586
24980,-56.61866430077945
24981,14.739315998155654
24982,2.63092136467184
24983,-62.942083800768216
24984,-25.17068242615668
24985,4.338731350121275
24986,-52.66457365417319
24987,-16.447099674391435
24988,63.08054919219091
24989,12.662256199174523
24990,-52.679964544156526
24991,-32.801880318096536
24992,-43.34095666676724
24993,-45.756484499313395
24994,-24.27832651768729
24995,-53.69542126327892
24996,-249.6759634417494
24997,45.54111727640136
24998,25.016826144750674
24999,19.908839696813004
25000,-166.45576382142278
25001,107.31391438585484
25002,104.25217964771798
25003,36.29442842969841
25004,-92.6361093292052
25005,54.34160185965597
25006,28.078560882887533
25007,28.232417164293544
25008,22.047410437300154
25009,135.62323338163773
25010,15.508571095972052
25011,22.61668920218785
25012,-13.154606823359213
25013,10.462148207967697
25014,-92.34381396559016
25015,-2.415527832546159
25016,16.847131267889793
25017,-4.3233404601379455
25018,-71.11180498684276
25019,44.57180691801531
25020,24.247571046934276
25021,9.86211397232699
25022,-122.22245124618618
25023,-1.4923901441101037
25024,302.6174941879816
25025,95.5132060059694
25026,-109.54480415702831
25027,4.5233431022803
25028,122.0839858547635
25029,-61.52662179736113
25030,-179.81039959613804
25031,-150.65487105262207
25032,53.91081479540461
25033,-162.60940940469987
25034,-80.4507865550184
25035,-332.85001670133954
25036,194.36507753292102
25037,-71.51183658034111
25038,15.66245368659171
25039,-19.154949179766287
25040,3.015562068186865
25041,27.309279475857487
25042,73.60426096009192
25043,186.19538265606013
25044,-245.64497096365378
25045,122.28398849690585
25046,91.95917326207515
25047,195.1805053006874
25048,-67.29620604087282
25049,51.34143068145243
25050,-18.10873698989088
25051,171.53302110782113
25052,-168.77899893249625
25053,107.68313789017287
25054,40.27924823784403
25055,142.5928597872172
25056,-71.26566126824876
25057,10.723688100829724
25058,51.29525801150245
25059,55.04934601596634
25060,-92.89767553128088
25061,43.61791375882625
25062,62.23436595367151
25063,65.06528996048569
25064,-100.05193999823304
25065,47.4950762647295
25066,37.525226062519195
25067,86.2203707985301
25068,-43.725597370282266
25069,44.67949052947134
25070,45.51030918722106
25071,-2.7847776460778544
25072,-8.523580109622895
25073,-20.893514635968735
25074,2.5386286431991554
25075,-1.0000658291390598
25076,-41.84856652265714
25077,9.23129795671962
25078,-7.477367919747492
25079,-5.000302836481657
25080,34.4481530528263
25081,19.07802103906328
25082,32.601877675954185
25083,-18.062590629154535
25084,16.13938711157942
25085,48.695118426797265
25086,16.062458970876413
25087,-32.15572603093313
25088,55.049319706752705
25089,-91.08218193437543
25090,36.21747397978176
25091,-26.74002702018344
25092,-9.154369816016617
25093,24.970679784014337
25094,-35.217408150642704
25095,-84.297167280955
25096,-32.386484143828504
25097,-9.031295314577264
25098,5.784948824281386
25099,44.67951683868498
25100,-91.78719694328072
25101,7.064398056402865
25102,-17.64716814567285
25103,-0.5505793637496232
25104,-170.00984918374434
25105,8.523553800409243
25106,-7.077310017035494
25107,10.41600184723135
25108,55.21923267171695
25109,71.23637486366107
25110,113.74538045439289
25111,141.56265166247277
25112,216.77752637570313
25113,286.1824035773278
25114,171.93080329335947
25115,238.2722339748119
25116,-7.985083124701861
25117,42.8486323517962
25118,-44.29487613516996
25119,-3.0770993189065408
25120,-23.370579719234566
25121,6.538839341328099
25122,-163.65562159457528
25123,-96.66712811651446
25124,108.05241401291822
25125,-183.07213697641726
25126,-199.16535141804667
25127,-222.12053496301323
25128,88.11279253613856
25129,-31.032559391141074
25130,-156.50135712762312
25131,-150.33176759982675
25132,214.61241157251268
25133,-151.08565811687345
25134,-48.43355222472159
25135,-74.31197880718864
25136,-0.9846749391557275
25137,30.217131623374694
25138,37.14058535900417
25139,221.6128197580588
25140,-299.8788629026401
25141,53.00306799695187
25142,154.4858345793617
25143,191.93418511960516
25144,-237.13678174401423
25145,4.154093288748609
25146,-16.062485280090055
25147,192.41111854459288
25148,-152.5934391509669
25149,82.60477449470254
25150,94.15930756249561
25151,388.8840376564617
25152,-199.08842327734368
25153,89.45132639884265
25154,72.80419777309523
25155,76.72753294894846
25156,-111.60644675681246
25157,44.741054089404656
25158,34.14041418080063
25159,56.480198909356766
25160,-151.33180711975214
25161,16.185533472315765
25162,22.201266718706165
25163,18.739553005498248
25164,-12.031466492780801
25165,17.63177725568952
25166,9.939042113029995
25167,30.432525155500375
25168,-2.6924849246051643
25169,-6.246517668499415
25170,-19.40112449185863
25171,27.97085096221787
25172,60.26501607536004
25173,12.493035336998837
25174,-98.48262171341992
25175,-15.923993579453736
25176,192.3342167131035
25177,-20.38577312180071
25178,-33.1096191901222
25179,-13.739250169016586
25180,256.6609807373122
25181,-30.755628608295726
25182,-92.94382189201721
25183,13.046896902689554
25184,12.90845782048051
25185,-35.35589985127903
25186,5.677265212825372
25187,-19.216486430485958
25188,-53.78774029396524
25189,50.40290210303306
25190,75.26589827559137
25191,118.45299866095257
25192,-170.1329236851837
25193,87.12811759698283
25194,79.49689339582932
25195,170.48678260873206
25196,-168.79438982247962
25197,92.4668884670295
25198,2.830924006814193
25199,8.092766736157884
25200,-46.771941218435785
25201,31.52491001532577
25202,-39.44842958009431
25203,94.71316912818634
25204,-75.01972296349902
25205,8.446625659706246
25206,-59.126511164011944
25207,101.19047121879476
25208,227.32417834462302
25209,239.5550681157965
25210,214.10831079781215
25211,214.57159142406553
25212,-25.55532312967171
25213,4.831055665092318
25214,12.539181697735177
25215,42.21781633618883
25216,151.47029882038848
25217,-68.11160749942557
25218,-114.09890273006164
25219,6.9696264055794686
25220,66.24996754178378
25221,-68.14238927939223
25222,-176.53329763508916
25223,-102.59054233221853
25224,318.6953440488413
25225,-87.68197916267354
25226,-56.41866165863709
25227,-80.34310294356237
25228,225.9207430189998
25229,-77.20444006472252
25230,-30.217131623374687
25231,19.016483788343606
25232,-7.754298702592852
25233,125.49957951644872
25234,176.22558507227708
25235,444.25646081600974
25236,-343.98912728565097
25237,-4.231021429451612
25238,131.45377551211942
25239,312.6334644417146
25240,-647.268192959993
25241,76.41979407692277
25242,52.94150443701855
25243,64.00371318984061
25244,-263.86141787421434
25245,99.28265859120297
25246,37.048292637531475
25247,511.75266949902493
25248,-181.1951061287921
25249,-27.786239210058852
25250,-139.608079498997
25251,-21.601258792279108
25252,-397.46912870759064
25253,31.001803920388063
25254,-31.124878421827418
25255,-1.338533862704093
25256,-136.4232702594208
25257,40.7869634427984
25258,12.693037979141183
25259,12.246860024906486
25260,-23.216723437828556
25261,4.338705040907629
25262,-14.554704245996625
25263,27.632356619439193
25264,-31.894133519643812
25265,-13.631566557560571
25266,-39.58689497151698
25267,-22.585933731434835
25268,-89.697501710935
25269,-40.094636485685
25270,-76.34289224543342
25271,32.09416247099982
25272,-76.91211839189381
25273,-27.601601148686175
25274,-80.08156305070035
25275,-5.1695500078709955
25276,299.048070554104
25277,-14.339284404657297
25278,-42.03320458402982
25279,-15.847065438750729
25280,0.6154251256240357
25281,7.56966064122018
25282,-1.3539247526874263
25283,-16.185559781529406
25284,-116.51443056260779
25285,101.63664917302947
25286,107.86777595154554
25287,238.7676635887606
25288,-45.71033813857704
25289,169.57903581027935
25290,78.40453484521757
25291,227.1669841602312
25292,129.94596816881236
25293,130.22292526087136
25294,22.139755777200136
25295,92.23610404492051
25296,3739.8542285018757
25297,3724.761053580172
25298,3563.705597879515
25299,3630.8633122197516
25300,3556.674434223216
25301,3611.7083630399857
25302,3572.2753243498746
25303,3768.1789646968555
25304,-10.031334834502683
25305,-3.8309898359532575
25306,-36.909827246108804
25307,42.033204584029804
25308,7.077336326249137
25309,5.431089900733024
25310,-45.63340999787405
25311,-10.800642550746378
25312,24.970679784014333
25313,-29.001672262109945
25314,-52.464571012030845
25315,-52.57225462348686
25316,72.60419513095286
25317,34.95586825778067
25318,-6.831161014156791
25319,43.21790847454153
25320,268.0924129944523
25321,-39.98692656501534
25322,-75.74283170057909
25323,10.231363785858683
25324,340.97356521746417
25325,-48.27972225252922
25326,-130.7460313558091
25327,-25.155317845387003
25328,33.448087223687224
25329,11.046791553625077
25330,126.73042976769679
25331,142.86981687927621
25332,-239.306134264468
25333,57.24945400717317
25334,159.42460016512365
25335,418.931922108447
25336,-150.4240603212994
25337,7.015799075529465
25338,22.785936373577186
25339,52.910748966265544
25340,-299.9558173525567
25341,73.03498219520424
25342,57.72641374137453
25343,363.4517890282293
25344,-317.35681018613724
25345,-53.07996982844123
25346,90.29753594657569
25347,222.58210380723122
25348,-54.203136468233296
25349,6.077296806323722
25350,-15.923993579453734
25351,-10.939107942169056
25352,-165.85575589499575
25353,3.0463175389398796
25354,-106.76002651095048
25355,67.17310523021983
25356,-145.8699617482661
25357,24.109079346297953
25358,-51.726071384967454
25359,42.11013272473281
25360,-13.908497340405928
25361,-44.987229401497
25362,-45.26416018434236
25363,43.41788480747025
25364,132.45381503204484
25365,33.69426253577958
25366,-31.60183815602877
25367,-0.138465391422681
25368,-114.86818413709167
25369,-25.69381483030804
25370,-212.45844994204222
25371,-93.68234782829425
25372,65.09607174045236
25373,-29.07860040281295
25374,-131.2076002000271
25375,-147.14695836025052
25376,-174.379309695405
25377,-62.295903204391166
25378,-32.263409642389156
25379,-6.000342356407074
25380,-350.2817913148868
25381,62.43436859581386
25382,50.049043179484684
25383,171.50221301864082
25384,-99.12880230979698
25385,8.462016549689576
25386,38.30989835953257
25387,65.97306306815207
25388,-0.07692814070300358
25389,30.370987904780694
25390,30.601772326889705
25391,35.032796398483676
25392,-10.231363785858685
25393,39.97156198424566
25394,5.369552650013347
25395,66.9269299181275
25396,-81.17392160131209
25397,90.78986026154674
25398,-8.677436391028905
25399,88.51279782042326
25400,-117.23753929968785
25401,-6.292690338449411
25402,-16.139413420793073
25403,12.354569945576154
25404,-282.44711459830654
25405,-3.5848145238609117
25406,-25.632251270374717
25407,-67.20388701018649
25408,8.892803613940941
25409,-56.38787987867044
25410,-157.31678489538953
25411,-497.47492234508724
25412,196.9498525368565
25413,-100.05193999823302
25414,-185.02609596474534
25415,-226.72077989678286
25416,242.59862711550025
25417,-115.19126128067339
25418,-160.91699030923377
25419,-298.3711081777603
25420,237.09063538327786
25421,-134.0385242068413
25422,-263.6613889228583
25423,-66.2346029610141
25424,-189.8571516298377
25425,8.323551158266902
25426,139.79271756036965
25427,88.46667776890055
25428,-378.52957305995
25429,-19.093411929046617
25430,211.30452783149715
25431,265.7230578318561
25432,-435.88673698779286
25433,29.586341916980967
25434,-50.2028994608907
25435,121.53009797985914
25436,-154.1781483257633
25437,-5.67723890361172
25438,26.66307257026679
25439,166.97889622557415
25440,-63.4344344249529
25441,216.88947401363617
25442,186.14923629532376
25443,-38.61761092234458
25444,-199.2422795587497
25445,82.11245017973148
25446,-23.9090767041556
25447,56.95715864355813
25448,-364.29799857596237
25449,26.2938227567351
25450,-32.47880317451484
25451,204.81183485090537
25452,-115.9759598869004
25453,38.586855451591575
25454,48.910511958922946
25455,54.26467371895296
25456,-18.370276882752908
25457,22.047436746513803
25458,-53.54156498187291
25459,-7.8773732040321995
25460,22.755154593610527
25461,16.785594017170116
25462,-135.3924489595287
25463,29.50938746706432
25464,131.5152864536255
25465,-122.4839911390482
25466,-99.12880230979698
25467,-256.3532681745002
25468,47.80276251832786
25469,-2.7539958661111896
25470,-9.50822873956498
25471,-17.693340815622843
25472,135.56169613091805
25473,39.64845853145031
25474,100.59043698315406
25475,-1.8462753768721107
25476,-66.04996489964144
25477,121.06852913564111
25478,270.00022562204407
25479,480.1970040129461
25480,-62.44975948579718
25481,100.2365780596057
25482,56.6648106615158
25483,208.1505003718876
25484,18.385667772736237
25485,194.85742815710572
25486,223.01289087148257
25487,43.34095666676724
25488,-68.29624556079825
25489,23.67829228204658
25490,5.723411573561712
25491,114.1604399807813
25492,-70.3886962497627
25493,13.800813728949908
25494,17.493311864266843
25495,59.341904696137625
25496,170.16370546515037
25497,-14.431603435343632
25498,-67.31159693085618
25499,-41.74088291120112
25500,154.60896169922833
25501,-9.138978926033285
25502,16.33938975372177
25503,-19.585736244017653
25504,47.925837019767215
25505,-37.01753716677847
25506,-66.51153374385945
25507,-1.861639957641799
25508,307.26393810091486
25509,-132.45381503204487
25510,-26.678463460250125
25511,-31.186415672547092
25512,222.58210380723122
25513,-125.49955320723507
25514,-129.85367544733967
25515,-291.90919697713514
25516,15.385522903746349
25517,-52.710746324123186
25518,7.923545873982185
25519,26.63231709951378
25520,-30.447916045483698
25521,57.09559772576716
25522,17.677949925639513
25523,74.81972032135667
25524,-374.3908706611847
25525,211.7968784556818
25526,66.18845660027773
25527,156.10132553412478
25528,-503.1983339186489
25529,-65.34224705254469
25530,-44.15641074374728
25531,-27.032348693012132
25532,-281.4931951299038
25533,6.06190591634039
25534,-167.8250794640936
25535,230.99797399618444
25536,-14.739315998155647
25537,8.908194503924271
25538,-28.709350589281257
25539,173.31770661554626
25540,-128.00740007046755
25541,38.34068013949923
25542,26.940003353112147
25543,86.55883883209513
25544,-95.32859425381038
25545,56.203241817297766
25546,80.86620903850007
25547,146.93156482812483
25548,-25.586104909638372
25549,27.524673007983168
25550,9.092832565296943
25551,46.84884304992515
25552,-39.72536036293967
25553,4.784909304355975
25554,-7.92351956476854
25555,46.07958795210875
25556,78.06606681165255
25557,-7.077336326249135
25558,-23.078258046405878
25559,59.34190469613763
25560,-19.801129776143313
25561,-15.062419450951005
25562,-53.09536071842456
25563,-135.05395461675002
25564,55.880164673716045
25565,-28.863206870687264
25566,-34.063512349311274
25567,-11.169892364278066
25568,38.586855451591575
25569,25.10914517543701
25570,-1.8001027069221216
25571,-1.5077810340934334
25572,-163.05558735893456
25573,82.55862813396618
25574,104.69835760195267
25575,106.5753884495778
25576,-337.2041126322305
25577,-4.5233431022803
25578,37.30985883960716
25579,21.355083480186757
25580,-79.08149722156129
25581,85.38955214078038
25582,113.02190876021957
25583,1.2308502512480715
25584,-25.816889331747383
25585,89.959041603797
25586,26.955394243095476
25587,189.82634354065738
25588,-99.66729929471799
25589,79.881560408558
25590,46.78733210841911
25591,177.47179990429487
25592,25.955328413956416
25593,27.201569555187824
25594,-29.95556542129902
25595,72.85034413383156
25596,25.801498441764053
25597,-47.4489035947795
25598,-105.29839183759337
25599,-42.43323617752816
25600,66.52692463384277
25601,-7.723516922626189
25602,-105.49842078894937
25603,-37.525226062519195
25604,86.98965220556016
25605,-135.51552346096807
25606,-184.71838340193332
25607,-147.9316306572639
25608,555.8013703221026
25609,-17.508702754250173
25610,-196.25749927052948
25611,-80.88159992848341
25612,156.56289437834278
25613,-63.04982003065153
25614,-30.78638407904873
25615,-46.29498148423443
25616,-78.98917819087497
25617,75.20433471565804
25618,82.11242387051783
25619,97.1594524314855
25620,-560.1400753630102
25621,117.60678911321953
25622,35.87900594621672
25623,180.51811744323473
25624,-143.43906933495026
25625,47.69507890687185
25626,-70.32715899904302
25627,14.370039875410312
25628,-103.00596481570022
25629,12.954604181216858
25630,32.52494953525118
25631,144.70067505695135
25632,-376.7140794630445
25633,-142.83903509930954
25634,-284.6933952594634
25635,-21.432011620889767
25636,-271.7234001882632
25637,-35.755931444777374
25638,-24.062932985561602
25639,3.1540274596095443
25640,-362.4517231990903
25641,-61.68050438798078
25642,-55.40320493951471
25643,96.68251900649778
25644,-7.277338968391497
25645,38.3252892495159
25646,-57.110988615750486
25647,43.417884807470244
25648,-74.65047314996731
25649,-11.308331446487099
25650,-0.41539617426803765
25651,-5.892632435737407
25652,3.8309898359532575
25653,7.969692234718535
25654,-32.34033778309215
25655,-2.07703348976748
25656,44.63337047794863
25657,-12.031466492780801
25658,-5.784948824281386
25659,19.754983415406993
25660,-19.1857046505193
25661,-10.723688100829724
25662,-33.61730808586293
25663,-10.662150850110049
25664,52.895358076282214
25665,-41.540853959845116
25666,-64.12678769127996
25667,-43.38712933671723
25668,-61.24969101451576
25669,11.87761021137479
25670,-7.44658613978083
25671,-13.123825043392554
25672,-150.87026458474776
25673,-35.386655322032034
25674,-34.86354922709434
25675,15.26242209309336
25676,-48.26433136254589
25677,8.985148953840925
25678,-31.70952176748479
25679,11.38528589640375
25680,92.12839412425085
25681,15.123956701670672
25682,-6.908089154859798
25683,30.94024036045475
25684,-87.7127609426402
25685,-44.217947994466954
25686,-93.34385348551557
25687,92.69767288913852
25688,26.86310152162279
25689,-0.6461805963770502
25690,12.58535436768517
25691,91.54375077859346
25692,89.52825453954567
25693,23.878321233402588
25694,-66.18845660027775
25695,-21.432011620889767
25696,20.324235871081036
25697,-51.233720760782774
25698,-190.7033348683571
25699,-80.75852542704408
25700,-22.77054548359385
25701,-96.19016838231312
25702,-301.6020637780728
25703,-16.108631640826403
25704,155.62439210913703
25705,-119.06842378657663
25706,-66.65002544449577
25707,-186.07230815462077
25708,25.81688933174739
25709,-305.55612811546547
25710,-256.38407626368047
25711,11.569923957776425
25712,-15.87782090950375
25713,17.80102442707886
25714,51.60297057431446
25715,283.631765870391
25716,-350.5587220977321
25717,41.58702662979511
25718,-8.585117360342565
25719,94.85163451960901
25720,-342.09670554804256
25721,-70.66562703260806
25722,67.92699574726655
25723,67.4962086830152
25724,-304.84838395915506
25725,103.95985797488929
25726,113.1142277909059
25727,68.5731763436436
25728,-122.76094823110721
25729,-6.677331041964431
25730,-4.800300194339307
25731,41.94088555334348
25732,-358.25148354960527
25733,-8.123548516124544
25734,-10.69293263007671
25735,4.615662132966634
25736,-152.20879844745184
25737,-9.677475910954316
25738,37.12524708744813
25739,33.294230942281224
25740,-120.82238013276242
25741,-3.323274630998884
25742,19.247268210452617
25743,4.061774258062273
25744,-52.32610562060817
25745,-8.58511736034257
25746,-80.22002844212304
25747,-29.12477307276294
25748,-15.5085974051857
25749,18.524159473372563
25750,-22.83208273431353
25751,41.325460427719435
25752,84.54334259304733
25753,13.477710276154564
25754,18.201056020577216
25755,-17.80102442707886
25756,-31.001803920388063
25757,-21.63201426303212
25758,-20.247334039591678
25759,-7.431195249797501
25760,19.462661742578305
25761,13.646931138330258
25762,-34.92511278702766
25763,-35.37126443204871
25764,-90.91293476298608
25765,53.32614514053358
25766,30.786410388262382
25767,28.463201586402555
25768,-41.95625013411316
25769,37.848329515314546
25770,6.800379234190133
25771,30.417134265517042
25772,98.77962569460963
25773,84.16600448937366
25774,77.73515159598323
25775,66.42795256778182
25776,-42.8486323517962
25777,70.21944907837336
25778,-33.4788690036539
25779,7.477341610533845
25780,112.285545281857
25781,194.01393412182316
25782,167.5040858507854
25783,203.4908017176718
25784,-24.847605282574982
25785,-26.601535319547114
25786,-8.262013907547221
25787,10.492903678720708
25788,-40.11002737566834
25789,0.9538931591890698
25790,-27.216960445171154
25791,-15.323985653026673
25792,7.446586139780832
25793,-15.077784031720684
25794,-75.3428001070807
25795,-25.616860380391387
25796,21.801261434421463
25797,-52.464571012030845
25798,-93.7284941890306
25799,-93.77464054976694
25800,213.82776558471295
25801,-51.295284320716085
25802,-140.10040381396803
25803,-134.96166189527736
25804,-4.877202025828652
25805,-107.4677443580472
25806,-76.98907284181048
25807,17.908708038534886
25808,-100.08269546898603
25809,-28.724741479264583
25810,102.99057392571689
25811,270.15408190345005
25812,-326.48042453140084
25813,-82.65094716465252
25814,63.372897174233245
25815,232.4595823603279
25816,-272.1080408917782
25817,-2.3078442210901393
25818,35.4174371019987
25819,198.54995260163625
25820,135.78905527575301
25821,328.9549202284103
25822,319.9689416927653
25823,476.1167164241081
25824,26.55254304528637
25825,341.4624905643748
25826,369.94193893177834
25827,340.4316692644827
25828,121.88141382636476
25829,357.5252260625192
25830,319.3694868208743
25831,421.0522823546401
25832,197.3159799095958
25833,330.57043749238704
25834,376.31095173796746
25835,453.1310539356566
25836,296.8445109764095
25837,332.87795256778185
25838,314.16887850576865
25839,348.44750785993756
25840,347.0456986552648
25841,394.0608920578309
25842,301.3635220051741
25843,410.8616004377164
25844,441.6323170995138
25845,362.41265732301144
25846,237.59004018290645
25847,418.2602758162982
25848,709.3141992637926
25849,405.942208885801
25850,286.381763620735
25851,370.1854478592196
25852,109.69866043843433
25853,2.66167683542486
25854,-59.69576361968599
25855,-10.969863412922068
25856,-21.862798685141136
25857,-10.831398021499389
25858,81.15855702054242
25859,-7.569686950433823
25860,-144.86989591912703
25861,34.17119596076729
25862,15.062419450951
25863,-68.46549273218758
25864,3301.4135245993275
25865,3641.0177478649075
25866,3619.216486430486
25867,3771.286819486515
25868,3655.510888550971
25869,3637.6637177631555
25870,3642.233207226172
25871,3651.279893430733
25872,3632.724978486607
25873,3621.6627960429987
25874,3621.6474051530154
25875,3769.825211122372
25876,3543.012085885689
25877,3641.125457785577
25878,3585.4914684239534
25879,3626.232311815229
25880,252.45086290473813
25881,152.8607945872048
25882,352.61139502387215
25883,358.0122825083882
25884,181.65899815276867
25885,183.9828126275918
25886,166.38121147890564
25887,207.67646949040807
25888,132.54613406273117
25889,110.56023456693707
25890,9.923651223046662
25891,4.631026713736317
25892,10.569831819423712
25893,4.200239649484949
25894,-33.340377303017576
25895,-4.200239649484949
25896,260.7535367753411
25897,-93.25153445482924
25898,-172.1330290342482
25899,-430.0402509127918
25900,260.5689250231821
25901,-26.601535319547114
25902,-43.787160930215585
25903,46.879651139105455
25904,-5.092595557954343
25905,70.23481365914304
25906,127.57661300621618
25907,220.4896794274804
25908,176.1745518702857
25909,409.2193832492343
25910,444.8524904106267
25911,661.5422383093885
25912,-88.43899212051264
25913,332.06194543626583
25914,301.9832792043138
25915,494.1790305259946
25916,240.07201670343764
25917,384.51142839479496
25918,363.75607631376727
25919,497.7951798843582
25920,-112.50222794255592
25921,336.35508348018675
25922,359.586618444249
25923,331.8166523244048
25924,262.3661818165798
25925,421.14460138532644
25926,355.1564502636727
25927,418.59030532487594
25928,290.15242102663865
25929,316.98471445908115
25930,329.4934172133313
25931,358.30992466874625
25932,291.89098648284113
25933,350.1706824261567
25934,325.66242737737804
25935,348.80106394700425
25936,331.95194436981114
25937,386.76846503593777
25938,411.4151854761391
25939,409.86181113584536
25940,393.3525948469846
25941,440.123653865189
25942,366.44249107360775
25943,441.6790428239998
25944,339.7357120884825
25945,249.37694172766876
25946,278.9144906832194
25947,294.3931621994561
25948,73.6657982108116
25949,-39.679214002203324
25950,-64.12678769127994
25951,-180.3950429417954
25952,-109.43709423635866
25953,-27.878531931531533
25954,23.26289610777855
25955,18.631869394042226
25956,-53.29538966978057
25957,67.31157062164252
25958,-2.030887129031136
25959,19.047239259096607
25960,-121.80705507191813
25961,11.062182443608407
25962,-32.55573131521784
25963,68.00392388796955
25964,-28.493957057155573
25965,-29.940200840529332
25966,62.09590056224882
25967,122.02242229483018
25968,-127.40736583482685
25969,227.92087467727794
25970,54.987782456033024
25971,353.0511780709813
25972,70.12713004768702
25973,237.29063802542024
25974,44.51026966729564
25975,49.34129902317431
25976,-33.44808722368724
25977,-102.06743623728083
25978,-55.526305750167694
25979,-9.708257690920979
25980,51.52020399190463
25981,28.381264585796764
25982,47.475255878593046
25983,105.34099090240792
25984,54.32623727888628
25985,-74.18890430574929
25986,-103.48289824068793
25987,-138.10029846490357
25988,91.82068156143882
25989,-79.57384784574597
25990,-238.4599510259486
25991,-474.7505495314434
25992,348.11243879443293
25993,-36.23286486976509
25994,-91.08220824358908
25995,-277.66220529395054
25996,87.32812023912518
25997,-140.97736883245412
25998,-29.49399657708098
25999,98.92877335844096
26000,-79.23535350296729
26001,71.52722747032445
26002,217.99722345423123
26003,302.6944223286846
26004,-477.78144987118634
26005,125.17647606365338
26006,48.69514473601092
26007,163.13251549963758
26008,-223.3513852142613
26009,55.26471323887837
26010,-3.3694209917352254
26011,62.43436859581385
26012,-119.48384627005831
26013,8.415870188953232
26014,97.37487227282485
26015,102.57517775144885
26016,-846.9566767821909
26017,-98.72879702551225
26018,132.91535756704926
26019,147.02391016802483
26020,-131.60760548431182
26021,20.893514635968728
26022,77.14292912321649
26023,37.70986412389186
26024,-93.17463262333989
26025,40.04846381573502
26026,6.908089154859795
26027,34.078903239294604
26028,-28.063169992904204
26029,-0.615398816410389
26030,-43.2948103060309
26031,18.87801839692093
26032,52.3414965105915
26033,-12.754575229860858
26034,-143.25443127357758
26035,-29.29402024415228
26036,-18.66262486479524
26037,-1.4924164533237487
26038,-30.87870310973507
26039,86.7127214227148
26040,314.44895803862005
26041,-129.79211188740638
26042,-186.0876990446041
26043,-236.70599467976282
26044,167.02504258631052
26045,-31.771059018204465
26046,-176.3178777937498
26047,-155.63975668990673
26048,-96.94405889935982
26049,-178.17954406060525
26050,-105.57532262043875
26051,-6.785014653420447
26052,-42.98712405243253
26053,29.44785021634464
26054,116.74521498471681
26055,225.16687881116673
26056,-190.10330063271638
26057,52.556890042717185
26058,12.262250914889819
26059,158.76302867876328
26060,111.10669692687813
26061,377.0306396011079
26062,289.0569181293554
26063,190.06887235676606
26064,249.42463042167267
26065,454.9285420116371
26066,408.92643525476734
26067,462.6212771542966
26068,-136.1155576966088
26069,-17.847197097028854
26070,-3.523277273141243
26071,86.88194228489048
26072,-140.2234783154074
26073,76.88136292114082
26074,109.28323795495265
26075,-3.6925244445305765
26076,-13.939279120372593
26077,49.695157946722674
26078,-73.00422672445121
26079,-91.40528538717078
26080,197.42678596184422
26081,8.47743374888655
26082,-71.77337647320314
26083,38.017576686703876
26084,274.86203675788937
26085,-32.44802139454817
26086,-205.59650714791877
26087,-242.1832309412322
26088,391.94574608538494
26089,-121.13006638636078
26090,-128.23818449257658
26091,-329.75752649244964
26092,284.90876248237544
26093,-92.32842307560684
26094,62.89593744003187
26095,10.739078990813054
26096,-75.11204199418536
26097,95.00549080101503
26098,57.849488242813884
26099,189.98022613127702
26100,-424.2860575592634
26101,160.1631261014007
26102,124.03794484309162
26103,277.2160273397159
26104,-311.23339332829084
26105,69.31170227992064
26106,90.14367966516969
26107,184.96453240481205
26108,196.6549877869851
26109,373.2036500028439
26110,452.8390350993095
26111,480.7796836453104
26112,151.3908276026427
26113,439.177266125532
26114,439.2536149024853
26115,383.00450325171926
26116,186.56208939254907
26117,355.3570322695647
26118,388.54357960038993
26119,363.3572297569819
26120,225.11846590065565
26121,378.60395812361025
26122,303.95348497364296
26123,325.58607860042474
26124,167.59177827415547
26125,316.9083656821278
26126,347.8021831545782
26127,370.0957689039707
26128,426.6523165902808
26129,334.6449823489523
26130,383.90675924915695
26131,460.6017723268897
26132,21.985899495794122
26133,43.24866394529455
26134,-161.02470022990343
26135,-18.12410157066056
26136,120.99160099493812
26137,20.46272757171737
26138,-595.3575098228664
26139,-789.9687626678798
26140,-21.555112431542767
26141,-67.91160485728322
26142,-173.67159184830828
26143,-132.82306484557657
26144,7.4004134698308395
26145,-10.81600713151606
26146,-39.202254268001965
26147,2.3539905818264852
26148,-20.185770479658366
26149,67.57313682371819
26150,167.3942923998422
26151,291.06298742940214
26152,-5.754167044314729
26153,260.3227234018761
26154,169.87135748310806
26155,116.99139029680916
26156,-283.3086887268093
26157,-30.186349843408028
26158,24.816797193394674
26159,102.63671500216853
26160,-57.54177568000186
26161,7.415804359814171
26162,-15.339350233796356
26163,249.26056726748135
26164,26.8938569923758
26165,109.28323795495267
26166,37.6329622924025
26167,667.4539897488651
26168,145.12139522560898
26169,90.70344458899969
26170,-26.45628436975384
26171,26.35536000745477
26172,5.554164402172372
26173,-19.801156085356983
26174,24.47832915982965
26175,11.1852832542614
26176,142.85442598929288
26177,-5.092595557954343
26178,-125.79190118927743
26179,-155.8705411120158
26180,106.4984603088748
26181,-196.16518023984312
26182,-83.34327412176592
26183,-298.1095682848983
26184,260.5842896039518
26185,-116.86831579536981
26186,-298.2172518963543
26187,-366.9442845214039
26188,254.368553715419
26189,-52.00300216781281
26190,-9.154369816016615
26191,53.06460524767155
26192,364.6612291299533
26193,389.3102670251533
26194,558.4117637374816
26195,579.5517302128108
26196,42.599031762429775
26197,443.9296555586723
26198,463.74705842503033
26199,823.7368309035701
26200,-80.17609601273409
26201,367.4953527919975
26202,373.1423892793922
26203,434.9453888050627
26204,284.1059060002816
26205,429.3912244028903
26206,403.6512895210596
26207,459.624602807266
26208,-5.003122440792367
26209,320.5858283823704
26210,439.83825824814267
26211,506.1503687136095
26212,303.19959445659623
26213,296.9998288217965
26214,368.7267560977816
26215,620.6646939271527
26216,265.61280483414373
26217,345.1869555163713
26218,330.17070873537034
26219,310.8151512404984
26220,249.6737232011883
26221,317.8158359533125
26222,320.15501500890537
26223,343.23211432781187
26224,308.6603074097966
26225,356.1068935495774
26226,377.9223608372692
26227,421.87818957512445
26228,32.355702363861845
26229,-10.692932630076712
26230,6.8926982648764685
26231,-13.585420196824227
26232,271.4464694054178
26233,39.294599607901944
26234,-233.58274900011995
26235,-1.415462003407093
26236,120.88389107426845
26237,5.154132808674021
26238,-7.0465808554961225
26239,46.77194121843579
26240,15.647062796608374
26241,24.432182799093297
26242,56.72634791223547
26243,90.43600133799838
26244,20.785804715299065
26245,89.03593022457461
26246,56.98791411431114
26247,112.89883425878023
26248,-34.21734232150364
26249,94.22084481321528
26250,67.57313682371819
26251,215.61247740165172
26252,-74.40429783787499
26253,417.1625748722779
26254,144.86989591912703
26255,34.60200933423231
26256,-10.477512788737378
26257,50.74139644581173
26258,-67.4346714322955
26259,46.848869359138796
26260,-148.4547367522016
26261,-27.770848320075515
26262,-12.169931884203484
26263,195.88824945699776
26264,24.309108297653957
26265,-9.108223455280271
26266,-20.84736827523239
26267,-38.61761092234459
26268,-93.86695958045328
26269,-38.09453113662053
26270,-110.60640723688705
26271,-97.71334030638987
26272,-98.23644640132757
26273,-170.84064153228044
26274,-275.3236056021074
26275,-288.1704998626546
26276,123.83791589173563
26277,-124.06870031384464
26278,-259.83039908690506
26279,-124.11487298379461
26280,464.2268377635424
26281,-82.8970961675312
26282,-23.632119612096595
26283,-29.27862935416895
26284,76.63521391826212
26285,-133.11538651840524
26286,-68.28088098002856
26287,27.047739582995458
26288,-172.20995717495117
26289,85.60494567290606
26290,34.54047208351263
26291,209.02746539037366
26292,-493.951645071946
26293,-27.540063897966498
26294,-20.631974743106703
26295,113.8373628371996
26296,-356.82063065621486
26297,31.37105373391975
26298,-106.48306941889146
26299,37.802183154578195
26300,-36.98675538681181
26301,-7.477367919747493
26302,-60.11115979395403
26303,15.447060154466023
26304,20.016523308269015
26305,27.601574839472526
26306,48.079719610386874
26307,105.25224547685704
26308,-62.44975948579719
26309,-35.30972718132903
26310,2.0308871290311323
26311,56.60327341079612
26312,-123.4994478581706
26313,-0.1846117521590216
26314,-13.831569199702924
26315,61.66511349799745
26316,-24.293717407670627
26317,41.07931142484074
26318,-18.047199739171205
26319,39.833096592822976
26320,-18.093346099907553
26321,36.832899105405794
26322,-90.02060516373034
26323,31.232588342497078
26324,5.461871680699685
26325,10.769860770779713
26326,-40.894673363468065
26327,25.539932239688383
26328,24.478329159829645
26329,7.108118106215798
26330,-51.772217745703806
26331,-39.06378887657929
26332,47.218119172670484
26333,35.89437052698641
26334,-45.418016465748366
26335,-23.078258046405875
26336,26.61692620953044
26337,13.062314101886528
26338,52.14146755923549
26339,10.000579363749665
26340,-31.078705751877422
26341,82.68170263540554
26342,84.03562738809296
26343,280.0777594357104
26344,-188.8878675806653
26345,91.72838883996614
26346,103.77524622273026
26347,123.48405696818728
26348,-105.52917625970238
26349,27.216960445171154
26350,61.218935543762754
26351,5.077230977184662
26352,-53.54156498187291
26353,-145.48532104475106
26354,-29.878637280596006
26355,20.124233228938685
26356,-73.92736441288727
26357,34.24815041068395
26358,28.01702363216786
26359,-27.232351335154483
26360,-0.5692524556740448
26361,12.016075602797475
26362,19.86269333607666
26363,19.170340069749614
26364,-12.00071102202779
26365,-27.678529289389182
26366,-61.06507926235675
26367,37.571398732469184
26368,-143.37750577501694
26369,-128.23818449257658
26370,-174.563921447564
26371,-109.72941590918735
26372,170.0559955444807
26373,-103.39057921000159
26374,-177.53333715501452
26375,39.525384030010954
26376,380.71431647038713
26377,-32.38648414382851
26378,-159.16306027226162
26379,-264.8614837033534
26380,505.3676864391028
26381,-15.49320651520237
26382,64.44986483486166
26383,39.83307028360933
26384,-51.09525536936009
26385,77.78910971959354
26386,53.04921435768823
26387,73.08112855594058
26388,-256.7225179880318
26389,119.31459909866898
26390,43.37173844673391
26391,42.78709510107653
26392,-105.65225076114174
26393,4.8464465550756515
26394,-33.54040625437357
26395,-58.18798258559255
26396,-297.9095393335422
26397,94.95931813106503
26398,-74.94279482279602
26399,230.90565496549812
26400,-287.0166040613232
26401,45.97187803143908
26402,215.9201899644638
26403,266.3692384282332
26404,-185.30302674759074
26405,20.862759165215717
26406,28.32470988576623
26407,27.093859634518157
26408,-439.8869739951354
26409,30.217131623374687
26410,40.217710987124356
26411,64.0960059113133
26412,-28.80166961996759
26413,74.09661158427662
26414,9.292835207439296
26415,11.708363039985455
26416,38.09450482740688
26417,-14.293138043920953
26418,-10.262145565825344
26419,-16.293243392985428
26420,10.339047397314701
26421,7.800445063329194
26422,-47.925837019767215
26423,-191.87262155967187
26424,39.525384030010954
26425,-0.876991327699713
26426,-3.3386655209822154
26427,110.43716006549772
26428,50.12599762940133
26429,59.726519090439005
26430,-79.74306870792168
26431,38.29453377876288
26432,14.570095135979958
26433,-9.600547770251314
26434,-84.55873348303066
26435,-13.046896902689546
26436,-16.662519515730768
26437,-36.34054848122111
26438,-60.711194029594736
26439,-69.94251829552799
26440,-66.9884934780608
26441,-22.062827636497133
26442,-13.73925016901659
26443,-14.477749796079976
26444,-54.81853528464369
26445,-60.065013433217686
26446,-61.0189329016204
26447,-6.954235515596141
26448,-127.14582594196483
26449,26.078429224609412
26450,5.20030547862401
26451,190.53408769696776
26452,19.86269333607666
26453,12.66228250838817
26454,22.61668920218785
26455,45.84880352999974
26456,-84.17409277951563
26457,84.54336890226098
26458,193.44196615369862
26459,-41.325460427719435
26460,-23.078258046405878
26461,-10.38522006726469
26462,-64.75760370688732
26463,51.67992502423111
26464,-17.970271598468198
26465,94.46702012530764
26466,-2.46170050249615
26467,6.1541986378130815
26468,48.84897470820326
26469,-75.72746711980939
26470,-134.02313331685795
26471,-29.61709738773398
26472,65.09607174045236
26473,-143.79292825849862
26474,-166.68657455274547
26475,-327.8189583941049
26476,53.01843257772157
26477,-54.35696644042565
26478,-4.907957496581677
26479,15.262422093093354
26480,-43.55637650810658
26481,316.47984516765115
26482,273.84660634798064
26483,375.2063247381648
26484,-476.3198415070429
26485,76.05054426339109
26486,113.72965291652994
26487,369.6829158067454
26488,21.924335935860803
26489,239.32152515445134
26490,-9.908260333063334
26491,27.70931106935584
26492,-519.2146465287891
26493,182.9182543857976
26494,55.78781933381608
26495,144.454499744859
26496,-145.51612913393137
26497,56.51098068932343
26498,133.54619989187026
26499,369.29827510323037
26500,-250.02984867451138
26501,-28.90937954063726
26502,-2.0154962390478044
26503,24.58603908049931
26504,-54.00313382609093
26505,69.12709052776161
26506,2.1385707404871503
26507,13.216144074078887
26508,-23.986004844858602
26509,38.29453377876289
26510,-21.939726825844136
26511,54.35696644042566
26512,-2.0154962390478044
26513,22.662835562924194
26514,3.2309556003125515
26515,15.739355518081066
26516,46.279590594251104
26517,-29.386312965624967
26518,-139.331122406938
26519,-43.679451009545915
26520,45.356479215028685
26521,-325.61882409368445
26522,-411.5160914394192
26523,-315.5874892591818
26524,103.69831808202727
26525,11.046791553625072
26526,-88.11279253613856
26527,-64.03446866059363
26528,18.87801839692092
26529,-67.2808151508895
26530,-35.46358346273504
26531,12.369960835559484
26532,11.369895006420428
26533,77.92760142022988
26534,-3.9079179766562646
26535,-9.046659895346954
26536,-223.5359969664203
26537,115.86822365701711
26538,-26.23228550601542
26539,57.92644269273053
26540,-126.49961903637414
26541,48.81819292823661
26542,109.66787865846767
26543,112.97576239948323
26544,-56.372488988687095
26545,50.726005555828394
26546,39.10996154652928
26547,62.280538623621496
26548,-66.57309730379278
26549,74.20429519573263
26550,35.494365242701704
26551,-74.75815676142334
26552,-16.924059408592797
26553,-4.800273885125659
26554,-85.6972647035924
26555,-62.23436595367149
26556,95.88248212871473
26557,11.446823147123428
26558,-13.908497340405933
26559,-42.75633963032351
26560,27.970850962217867
26561,-71.03487684613975
26562,-64.80375006762367
26563,19.308805461172287
26564,34.64815569496866
26565,-30.047884451985347
26566,-13.985425481108933
26567,-75.91207887196842
26568,145.83917996829945
26569,-240.13695292221774
26570,-114.72971874566899
26571,-498.75191895707167
26572,57.095597725767156
26573,-45.71033813857706
26574,12.66228250838817
26575,-2.2462806611568205
26576,-57.63412101990184
26577,196.39596466195215
26578,183.48753315068527
26579,349.14326009432506
26580,-287.2166067034655
26581,70.74255517331106
26582,317.97223531176127
26583,768.4136765455507
26584,-149.67019611346635
26585,-21.262764449500423
26586,137.99258854423388
26587,73.09654575513754
26588,-118.83763936446762
26589,75.71207622982607
26590,101.60589370227645
26591,390.1302524884794
26592,-376.8679620536642
26593,61.46508454664146
26594,29.924809950546
26595,131.39221195218613
26596,-65.63456872537338
26597,1.3077783919510786
26598,13.339218575518238
26599,25.463004098985373
26600,-69.11169963777829
26601,-51.249111650766096
26602,7.954301344735205
26603,30.309450654061024
26604,-37.34061431036017
26605,44.31026702515329
26606,-76.8967801203378
26607,26.201503726048763
26608,-41.925520972573786
26609,-11.308357755700747
26610,-42.78709510107653
26611,40.002317454998675
26612,-26.58617073877743
26613,-10.154435645155678
26614,-28.170853604360225
26615,-67.38849876234552
26616,-8.831292672434898
26617,-103.0213293964699
26618,-202.2578416269365
26619,-90.46678311796504
26620,67.83470302579386
26621,-43.55635019889293
26622,-58.464913368437905
26623,-14.10852629176193
26624,87.28197387838884
26625,-63.772928767731585
26626,51.079890788590404
26627,93.66695693831093
26628,-23.478263330690584
26629,41.2331413970331
26630,91.0667910443921
26631,142.0697536922795
26632,-120.88391738348207
26633,102.12897348800051
26634,73.72733546153128
26635,275.6928554156391
26636,-38.57146456160824
26637,-14.770071468908665
26638,22.108973997233477
26639,66.0192094288884
26640,81.78934672693613
26641,86.62040239202845
26642,-4.061774258062268
26643,24.770650832658333
26644,-158.76302867876328
26645,-38.15604207812655
26646,-31.09409664186075
26647,102.37514880009284
26648,-96.83637528790379
26649,-44.98720309228336
26650,-202.85787586257723
26651,114.46815254359333
26652,-49.0643945495426
26653,-141.5466475973418
26654,-21.878163265910814
26655,5.246451839360354
26656,233.27503643730793
26657,74.41968872785831
26658,-20.90887921673842
26659,-4.123311508781946
26660,143.59292561635624
26661,-98.77494338624861
26662,-143.80831914848196
26663,-64.61913831546465
26664,226.55155903460718
26665,-132.9153838762629
26666,-110.92948438046876
26667,-144.0083217906243
26668,147.83931162657754
26669,-4.938739276548343
26670,55.35703226956471
26671,84.43563267237765
26672,-217.65872911145257
26673,61.24969101451577
26674,19.493443522544965
26675,8.862048143187927
26676,-472.73502698318197
26677,-400.10005007226243
26678,72.34265523809083
26679,254.7378035289507
26680,-207.45814710556056
26681,53.54153867265927
26682,-56.80327605293847
26683,142.05436280229617
26684,-33.83272792720226
26685,55.41859582949804
26686,137.9156604035309
26687,429.47099845711773
26688,123.36098246674793
26689,23.678292282046584
26690,613.9124247669921
26691,816.954938690942
26692,-29.001672262109942
26693,-26.74000071096979
26694,-27.740066540108852
26695,37.70986412389186
26696,-87.05118945627983
26697,28.2323908550799
26698,62.74208115862587
26699,13.646931138330256
26700,-52.27995925987182
26701,-9.400545128108961
26702,-69.41938589137666
26703,69.55787759201299
26704,12.985359651969874
26705,14.246991683184607
26706,-14.89317227956166
26707,-9.292861516652941
26708,39.817679393625994
26709,3.754061695250254
26710,-10.785251660763045
26711,13.63154024834693
26712,107.28313260588817
26713,-72.51187610026652
26714,-132.16149335921617
26715,-76.35828313541677
26716,51.66453413424777
26717,-14.385430765393641
26718,-58.403376117718246
26719,21.60123248306546
26720,33.50965078362056
26721,-43.7409882602656
26722,-25.801498441764053
26723,76.06593515337443
26724,-177.2564063721692
26725,-42.03317827481615
26726,59.788082650372324
26727,92.92845731124756
26728,71.76187562803506
26729,449.1384087776713
26730,343.1311140562682
26731,418.3200841911566
26732,288.72826856698657
26733,482.9728655807349
26734,512.3597579101095
26735,368.7204094057489
26736,108.76720710837655
26737,189.12570094192225
26738,109.9060148562063
26739,292.9622078881042
26740,215.42640274856242
26741,340.83451912534247
26742,34.21620856626862
26743,344.065474725655
26744,419.3669893965271
26745,377.7349488242814
26746,280.5150915603619
26747,384.69094874034016
26748,-163.9940896281403
26749,-120.48388578998372
26750,-47.018090221314495
26751,-33.44808722368723
26752,-46.58730315706312
26753,-90.08211610523637
26754,-53.78774029396525
26755,18.801090256217925
26756,42.95634227246586
26757,-219.33575731693534
26758,-112.97576239948323
26759,-251.62994873929114
26760,36.29440212048477
26761,-226.3361655024815
26762,-278.4622684809473
26763,-317.9106980610416
26764,41.06392053485742
26765,-60.78812217029774
26766,4.969521056514997
26767,13.66232202831358
26768,-375.3755456003405
26769,35.817468695497055
26770,107.71391967013955
26771,327.11121423779457
26772,-196.27289016051282
26773,44.15641074374728
26774,-31.632593626781784
26775,97.48255588428086
26776,-353.5589195851493
26777,10.769860770779708
26778,66.64999913528213
26779,93.14382453415958
26780,-223.59756052635362
26781,8.538944690392576
26782,57.787950992094196
26783,188.79554854997895
26784,-244.4141207124057
26785,-28.940135011390268
26786,149.7932706149057
26787,81.94320300834214
26788,-89.95904160379703
26789,188.61091048860627
26790,88.46665145968691
26791,60.61890130812205
26792,81.94065993129942
26793,314.1697607059999
26794,303.79965500145056
26795,346.5556654860788
26796,-20.816586495265724
26797,0.4769597342013583
26798,-16.754812237203453
26799,3.1078547896595516
26800,-23.739829532766258
26801,-10.600613599390377
26802,-33.7250180065326
26803,47.87969065903087
26804,44.64873505871832
26805,-1.9693498783114638
26806,-82.97405061744787
26807,-69.2193832492343
26808,-47.69507890687184
26809,-167.0096780055408
26810,-189.9955907120467
26811,-378.452644919247
26812,-59.43419741761031
26813,-139.838863921106
26814,-293.1246300291863
26815,-206.22729685431247
26816,-120.05309872573235
26817,-18.616478504058897
26818,-30.555625966153364
26819,-11.862219321391468
26820,-47.095018362017484
26821,0.9231376884360607
26822,21.10890816809441
26823,80.34310294356237
26824,-239.24462332296198
26825,-24.13986112626461
26826,9.323616987405956
26827,55.203175988158705
26828,-109.08323531281029
26829,-1.246214832017758
26830,-24.06293298556161
26831,-5.661848013628386
26832,80.18924666215638
26833,126.91504151985582
26834,-39.40228321935796
26835,156.76292332969882
26836,-151.7934022731838
26837,-4.092556038028933
26838,-57.81873277206086
26839,139.73115400043633
26840,-163.14790638962089
26841,-1.3385338627040948
26842,-35.032796398483676
26843,-10.215972895875352
26844,-85.69726470359241
26845,-48.1412305518929
26846,-103.25214012779254
26847,159.13227849229497
26848,192.8726873888109
26849,-175.77940711804243
26850,-319.75694712870006
26851,-94.71316912818634
26852,71.14256045759576
26853,-169.8867483730914
26854,-100.15964991890267
26855,-37.18675802895416
26856,181.50281869160412
26857,-293.69390879407393
26858,-338.01954039999697
26859,-430.88646046052486
26860,146.99310207884452
26861,-63.54214434562258
26862,-23.293651578531563
26863,9.354372458158972
26864,-167.07118894704683
26865,28.740132369247917
26866,106.40616758740211
26867,126.42271720488478
26868,-239.84465755860268
26869,-121.69934515124848
26870,128.3151126332796
26871,162.74787479612255
26872,-338.5272556049513
26873,-110.57562545692039
26874,-68.48088362217092
26875,17.601021784936506
26876,-247.18353377771385
26877,-13.508492056121224
26878,112.68344072665454
26879,174.04084166183998
26880,-1476.0238137216068
26881,150.65487105262207
26882,60.69582944882505
26883,62.54207851648353
26884,-146.71617129599915
26885,-16.43170878440811
26886,35.54051160343805
26887,92.37456943634318
26888,-82.22013379118752
26889,-6.6157674820311065
26890,30.924849470471415
26891,26.109211004576075
26892,-31.494128235359106
26893,-4.800273885125657
26894,-15.939384469437066
26895,-0.5692524556740448
26896,-57.003305004294475
26897,18.785699366234592
26898,-73.95811988364028
26899,-15.616281016641716
26900,104.89838655330867
26901,-25.201464206123347
26902,-41.771638381954126
26903,-96.92869431859013
26904,320.5262285357301
26905,-61.680504387980776
26906,-79.48150250584598
26907,-102.2059016287035
26908,61.511230907377794
26909,-35.83283327626673
26910,-70.74255517331106
26911,-67.97316841721654
26912,-101.48279289162345
26913,-42.079350944766155
26914,-52.07993030851582
26915,-20.69348568461273
26916,-47.3258027841265
26917,26.555388958810774
26918,-21.062761807358072
26919,49.6182561152333
26920,-422.901377335823
26921,84.65105251371699
26922,-5.6618743228420385
26923,55.81862742299639
26924,-270.00022562204407
26925,-3.954090646606252
26926,-23.27826068854823
26927,36.84828999538913
26928,-64.95758003981604
26929,23.15518618710889
26930,62.095900562248815
26931,154.2243209957133
26932,-224.19756845278067
26933,2.677067725408187
26934,8.831292672434913
26935,12.416107196295826
26936,-81.92781211835882
26937,-16.077849860859747
26938,-46.55652137709646
26939,-31.03255939114108
26940,-165.7480459743261
26941,-36.3097930104681
26942,-270.4771853562454
26943,-148.70091206429393
26944,250.8606673322611
26945,-52.87996718629888
26946,-214.658557933249
26947,1.8462490676584657
26948,146.5469241246098
26949,-165.5326524422004
26950,-132.53074317274786
26951,-224.7053099669487
26952,172.5945978784662
26953,-134.48470216107597
26954,-138.45415738845193
26955,-387.16083678102893
26956,197.41142138107455
26957,-242.9832941282289
26958,-17.200990191438155
26959,50.67985919509205
26960,-416.96257223013555
26961,54.89548973456033
26962,191.33415088396447
26963,449.34905637396406
26964,-244.59875877377837
26965,-0.29234798204233314
26966,17.9702715984682
26967,212.95077425701325
26968,-288.6782413768226
26969,-132.1307115792495
26970,-43.52559472813991
26971,1.2616057220010894
26972,-288.755143208312
26973,27.70931106935584
26974,-6.384983059922096
26975,91.31296635648444
26976,-363.974895123167
26977,-160.7785249178111
26978,79.57382153653232
26979,137.99261485344755
26980,-161.8247371076865
26981,4.738736634405985
26982,30.494062406220046
26983,76.4813576368561
26984,-188.18009711514125
26985,-16.108631640826406
26986,-0.1692471713893422
26987,36.04822680839242
26988,-57.92644269273053
26989,-34.63276480498532
26990,-23.2628697985649
26991,13.693103808280247
26992,-74.11197616504629
26993,14.970100420264664
26994,-7.015799075529463
26995,26.17074825529575
26996,27.509282117999838
26997,2.8309503160278444
26998,-0.4461779542346971
26999,-40.156173736404675
27000,64.77299459687066
27001,-42.46399164828118
27002,-78.2198967838449
27003,-39.32532876944131
27004,96.74405625721748
27005,-35.894370526986414
27006,-30.755628608295723
27007,-41.663928461284456
27008,-10.769834461566074
27009,-27.74006654010885
27010,-67.2808151508895
27011,-127.99200918048423
27012,-201.56551466982313
27013,-82.35859918261018
27014,-50.44907477298303
27015,-56.2955608479841
27016,-500.7212688353831
27017,-39.52535772079731
27018,32.89422565799652
27019,-26.21689461603209
27020,-182.30282926017355
27021,19.985767837516004
27022,25.293783236809677
27023,-43.540985618123244
27024,10.29290103657836
27025,-34.83276744712768
27026,-31.586447266045443
27027,2.72321408614453
27028,-81.12777524057576
27029,46.818087579172136
27030,14.477749796079976
27031,124.63795276951869
27032,-81.45085238415746
27033,-21.955117715827466
27034,-42.09474183474948
27035,1.0308476091057202
27036,-47.98737427048689
27037,-46.07958795210875
27038,-195.22667797063738
27039,-62.619006657186524
27040,-43.34095666676724
27041,-58.66494231979391
27042,-405.50038450224247
27043,-402.56172426554497
27044,389.22250569002665
27045,-176.65637213652846
27046,-295.0324426567781
27047,-415.3009349146361
27048,582.2029029995073
27049,-100.9750776866691
27050,-149.654805223483
27051,-208.05818134120125
27052,96.03633841012075
27053,-3.123245679642885
27054,22.8166918443302
27055,0.6769623763437096
27056,-238.75227269877732
27057,58.341838866998565
27058,53.29538966978056
27059,76.51211310760911
27060,-275.72363719560576
27061,0.44617795423469886
27062,58.741870460496926
27063,106.66770748026414
27064,-281.06240806565245
27065,-18.370303191966553
27066,-55.75706386306307
27067,35.27897171057602
27068,-136.6386637915465
27069,-22.047436746513803
27070,-34.032730569344615
27071,155.8090038612961
27072,-433.8558761679753
27073,-20.924296415935387
27074,53.29538966978057
27075,64.84989642836001
27076,-341.1274214988702
27077,50.03367859871501
27078,27.23232502594083
27079,72.75805141235887
27080,-282.3547955676202
27081,-42.60245703970386
27082,85.74341106432874
27083,354.3897119336854
27084,194.28590915165694
27085,310.56985812863735
27086,368.03470566793624
27087,378.20422936659355
27088,-14.831635028841989
27089,8.954367173874264
27090,8.55433558037591
27091,6.523448451344774
27092,-44.233312575236646
27093,12.462279866245819
27094,106.25228499678245
27095,96.14402202157676
27096,170.10214190521705
27097,90.11289788520304
27098,8.56972647035924
27099,29.894054479792988
27100,212.21224832073622
27101,43.710206480298936
27102,1.9539589883281305
27103,1.2769966119844192
27104,164.486440252325
27105,25.047607924717337
27106,40.4638862992167
27107,40.110001066454686
27108,46.187297872778416
27109,63.49599798488624
27110,-5.584946182139035
27111,-21.37044806095644
27112,-119.51460174081133
27113,-26.416897258174444
27114,88.02047350545223
27115,124.05333573307497
27116,-143.46982480570327
27117,50.0797986502377
27118,94.22081850400166
27119,8.077375846174549
27120,-17.67794992563951
27121,209.15056620102663
27122,25.66303305034137
27123,72.0349426752788
27124,-59.3572692769073
27125,121.5916352305788
27126,140.77736619031174
27127,260.61507138391846
27128,-17.154817521488162
27129,35.509756132685034
27130,13.770031948983252
27131,53.64924859332893
27132,-1.584709174796437
27133,28.83245139993425
27134,-50.83368916728441
27135,7.261948078408159
27136,168.08661935695562
27137,-67.55774593373485
27138,-135.43859532026508
27139,-3.4771046031912505
27140,144.66991958619832
27141,-24.139861126264613
27142,-65.51149422393404
27143,-137.88490493277789
27144,265.6769114711198
27145,-20.924270106721742
27146,-126.11497833285912
27147,-564.8018838567132
27148,91.55914166857679
27149,-20.09345144897203
27150,75.01972296349902
27151,189.7648062899377
27152,28.447784387205573
27153,90.38985497726205
27154,242.2447945011655
27155,103.1444302071229
27156,-194.21122125151498
27157,92.77460102984153
27158,69.40402131060696
27159,248.10667146614992
27160,-119.7915325236567
27161,-17.047133910032144
27162,17.308673802894173
27163,101.9597526258248
27164,-82.69709352538887
27165,62.69593479788953
27166,214.627802462496
27167,491.75151077152555
27168,-148.13163329940625
27169,179.85657226608802
27170,300.1096736339627
27171,332.4038387471049
27172,-103.00596481570022
27173,96.09787566084042
27174,118.97610475589029
27175,200.68852334212343
27176,45.60265452712104
27177,179.57961517402902
27178,144.43910885487566
27179,288.5089942054333
27180,78.25067856381158
27181,39.67921400220332
27182,75.8043952605124
27183,126.11497833285911
27184,100.7596841545434
27185,30.4479160454837
27186,31.263343813250096
27187,41.140848675560406
27188,242.7832651768729
27189,95.99016574017075
27190,-10.031361143716326
27191,51.55682421357812
27192,271.72340018826316
27193,-247.10660563701086
27194,-719.8108508402262
27195,-448.17976968264935
27196,381.1143480638855
27197,-37.66371776315552
27198,-203.6887208295406
27199,-21.385838950939778
27200,57.987953634236554
27201,-37.540616952502525
27202,36.78672643545581
27203,-4.215630539468279
27204,-89.4051800381063
27205,108.86784178068461
27206,84.40487720162464
27207,-3.5694499430912305
27208,-143.43906933495026
27209,69.41941220059029
27210,78.89685916018863
27211,192.19572501246716
27212,4.000237007342594
27213,123.36098246674793
27214,68.00392388796955
27215,156.19364456481108
27216,36.34057479043476
27217,128.5612616361583
27218,50.8029336965314
27219,256.99947508009086
27220,-36.6636782432301
27221,28.078534573673885
27222,31.60183815602877
27223,85.28186852932436
27224,-87.42043926981151
27225,-38.69456537226124
27226,1.9693235690978135
27227,23.49368052988756
27228,-14.585459716749641
27229,-91.12835460432542
27230,-173.64081006834164
27231,-63.695974317814944
27232,53.29538966978057
27233,-23.84753945343592
27234,-146.05459980963877
27235,-49.633620696003
27236,-65.29607438259472
27237,-118.62224583234193
27238,-183.99524835563963
27239,-226.55155903460715
27240,202.9655857832469
27241,-126.60730264783014
27242,-356.88219421614815
27243,-848.325966115648
27244,167.0712152562605
27245,22.416660250831853
27246,26.616926209530444
27247,88.06664617540221
27248,-102.09819170803385
27249,48.72587389755028
27250,86.52808336134213
27251,371.69841204579325
27252,-487.70512740344657
27253,149.36248355065433
27254,144.2391062127333
27255,285.1087914337314
27256,-562.0017416298656
27257,-51.29528432071609
27258,-99.02111869834096
27259,15.600890126658387
27260,-152.1780166674852
27261,59.66498183971933
27262,-2.0462780190144727
27263,219.19729192551267
27264,-643.4987403747593
27265,-65.37302883251135
27266,74.49661686856132
27267,12.677647089157857
27268,-435.0251628592901
27269,14.17003723326796
27270,4.061774258062268
27271,42.556310678967506
27272,-214.1816245082613
27273,44.341022495906294
27274,26.232285506015426
27275,53.156924278357884
27276,-29.586341916980967
27277,28.09392546365722
27278,86.98965220556013
27279,16.662493206517123
27280,19.231877320469287
27281,-92.12839412425083
27282,-172.39459523632388
27283,13.816204618933241
27284,65.17299988115535
27285,-8.969758063857594
27286,-156.82446058041847
27287,-48.35665039323223
27288,-15.723990937311378
27289,-262.4767113415602
27290,-226.78234345671618
27291,-231.96725804535686
27292,160.10156254146736
27293,-218.58189310910225
27294,-117.45293283181353
27295,-61.249691014515776
27296,-13.970060900339252
27297,-31.509519125342436
27298,-49.464399833827315
27299,-62.61900665718652
27300,-13.954670010355915
27301,16.98559665931247
27302,-70.37330535977937
27303,-162.93251285749523
27304,-564.5864903245874
27305,-17.447165503530503
27306,35.725149664810715
27307,-8.123548516124544
27308,399.1776198672376
27309,589.3874716931243
27310,569.4928641587953
27311,513.9854254811089
27312,305.9377714632209
27313,505.6866338086392
27314,380.0187156302461
27315,511.87103486266926
27316,-260.5996804939351
27317,7.7850804825595095
27318,-1.2616320312147238
27319,75.86590620201842
27320,-178.13337139065527
27321,54.972391566049694
27322,-146.20845609104475
27323,49.52593708454698
27324,-37.32524972959048
27325,-38.571464561608245
27326,-47.01811653052813
27327,-109.39094787562232
27328,40.35617637854704
27329,-66.6346082452988
27330,-62.44975948579718
27331,-160.24002793289006
27332,114.83740235712501
27333,-80.2815656928427
27334,-177.7487306871402
27335,-369.6213785560257
27336,410.9929853444815
27337,-228.35166174152926
27338,-338.45032746424835
27339,-547.8008963074174
27340,-4.938765585761978
27341,-215.19705491817007
27342,-41.15621325633009
27343,-38.54070909085522
27344,-194.76510912641936
27345,-7.892764094015526
27346,82.49709088324651
27347,373.7754718447743
27348,-195.0882125792147
27349,79.98924402001401
27350,109.02167175287697
27351,520.9993583457278
27352,60.84683981670668
27353,266.1510252917967
27354,260.6737627211137
27355,377.60364207641686
27356,112.0190233267698
27357,387.7121815788905
27358,372.12637950573384
27359,688.4215866120123
27360,-220.5845152259958
27361,299.753245324158
27362,329.801432612625
27363,359.14101985376396
27364,105.44970504195663
27365,281.89068364635943
27366,342.1249179417528
27367,321.1393871115794
27368,136.43642090884305
27369,379.4963403412933
27370,387.0195517852955
27371,377.8500676065635
27372,345.8633122197517
27373,360.72603186504205
27374,329.5703453540343
27375,324.661808493703
27376,368.67884533658264
27377,384.46208237882865
27378,395.93764637818805
27379,420.70917941107774
27380,463.92648221265597
27381,431.46105530960745
27382,316.90143962634545
27383,326.8384408116448
27384,363.45594638492486
27385,290.6822275553147
27386,314.4522595042979
27387,273.2191181072648
27388,535.2789559536993
27389,-114.6503344779687
27390,38.95767919188921
27391,95.88375321899902
27392,3598.476854385137
27393,3498.4864516376238
27394,3564.8902754608134
27395,3645.9410962514726
27396,3525.1187424279237
27397,3720.0992450864687
27398,3726.8842597398893
27399,3950.451038486276
27400,3473.546553633576
27401,3859.030362209122
27402,3862.122852418012
27403,3926.341959139978
27404,3675.6812944498593
27405,3830.9210458554817
27406,3709.298628844936
27407,3672.311873458124
27408,3657.8187327720607
27409,3661.772823418667
27410,3606.1695895277962
27411,3702.0674362372806
27412,3521.5339279040627
27413,3601.3693156426707
27414,3529.195907575969
27415,3621.8320169051744
27416,3514.0257782043486
27417,3740.300432765324
27418,3585.0452904697186
27419,3787.8108736108234
27420,3673.1273012258907
27421,3646.57191226708
27422,3642.5563106789673
27423,3606.000342356407
27424,544.8697005853884
27425,379.845342711892
27426,216.79036102592073
27427,232.31432301187613
27428,142.6697879279202
27429,-17.662559035656184
27430,-204.22719150524802
27431,-212.22766551993323
27432,341.17359416882016
27433,-135.53091435095138
27434,-162.5478721539802
27435,-582.3875147516663
27436,106.08306413460676
27437,23.693683172029914
27438,37.771401374611536
27439,90.78986026154676
27440,-244.27565532098302
27441,-64.61913831546464
27442,111.54490950609278
27443,172.02531911357855
27444,-276.8929238869205
27445,153.51657683940292
27446,131.71531540498145
27447,301.3405238852108
27448,-372.29844628143394
27449,-4.077165148045594
27450,-8.985148953840927
27451,105.29839183759337
27452,-159.47074652586002
27453,50.52600291368604
27454,48.910538268136584
27455,134.7000956932017
27456,-314.89513599285476
27457,55.83399200376607
27458,95.85170034874808
27459,234.42893223863936
27460,-30.217131623374684
27461,-28.01699732295421
27462,19.247268210452617
27463,62.15743781296849
27464,22.955183544966523
27465,29.21706579423563
27466,54.556995391781655
27467,144.28527888268331
27468,-13.816178309719596
27469,43.14095402462489
27470,25.70917941107772
27471,90.12828877518636
27472,56.08016731585842
27473,43.725597370282266
27474,-33.3557681930009
27475,-8.123548516124544
27476,203.1194420646529
27477,21.816652324404785
27478,9.415936018092289
27479,82.25091557115417
27480,82.97402430823422
27481,-21.46279340085642
27482,-15.33935023379636
27483,20.90887921673842
27484,213.21234045908892
27485,-51.00293633867375
27486,-17.9702715984682
27487,-49.09512371108197
27488,48.602799396110925
27489,-12.369934526345835
27490,-16.154778001562747
27491,-48.64897206606092
27492,-111.26797872324744
27493,55.74169928229339
27494,39.4176741093413
27495,162.85555840757854
27496,-320.9416247099981
27497,2.5386286431991536
27498,51.11064625934342
27499,221.3820353359498
27500,-137.1002326357645
27501,63.09596639138788
27502,60.95736934168708
27503,26.75539160095312
27504,-29.001672262109942
27505,15.200884842373675
27506,-7.923519564768547
27507,71.69647464171379
27508,-239.4138441851377
27509,32.9865183794692
27510,9.75443036087097
27511,173.16385033414025
27512,-130.39214612304707
27513,4.646417603719646
27514,5.338770870046689
27515,61.24969101451577
27516,97.34409049285819
27517,27.6169920386695
27518,-16.877886738642808
27519,-47.86429976904754
27520,-69.54248670202963
27521,-165.88651136574876
27522,-329.23442039751205
27523,-162.57862762473323
27524,177.45640901431156
27525,-142.97750049073224
27526,-174.47162872609135
27527,-194.81125548715568
27528,384.683771697763
27529,-173.04077583270092
27530,-271.93879372038884
27531,-535.9232860960425
27532,-138.0695166849369
27533,34.048121459327945
27534,63.78831965771493
27535,83.37402959251892
27536,-174.1331606925263
27537,144.2083507419803
27538,224.24371481351702
27539,452.3646184421509
27540,-323.7571841360426
27541,158.08606630241957
27542,126.11497833285911
27543,347.4662581980559
27544,-339.0811434798557
27545,-2.6309213646718437
27546,-0.2000026421423584
27547,145.1160712312194
27548,-259.52268652409305
27549,22.862864514280194
27550,139.53115135829398
27551,121.19162994629411
27552,-1078.8777621575978
27553,-196.70367722476414
27554,60.03423165325102
27555,37.06368352751481
27556,-240.35237276355704
27557,52.64920907340351
27558,7.0004081855461315
27559,107.49852613801384
27560,-548.9394275279791
27561,88.42047878973693
27562,-1.9847407682947882
27563,42.81785057182954
27564,-159.50152830582667
27565,49.4643998338273
27566,-13.78542283896658
27567,7.76968959257618
27568,57.064815945800504
27569,-16.43170878440811
27570,-49.07975913031229
27571,43.60252286884291
27572,124.88415439082468
27573,-65.75764322681273
27574,-38.463754640938575
27575,-11.38525958719011
27576,200.55005795070076
27577,-129.361324823155
27578,-179.64115242474867
27579,-157.19371039395017
27580,168.71743537256296
27581,-131.5460682335921
27582,-225.9976711597028
27583,-161.87088346842285
27584,34.46351763359598
27585,-72.08108903601516
27586,-61.218935543762754
27587,-79.58921242651566
27588,-196.7037035339778
27589,11.585288538546102
27590,-29.509387467064315
27591,-48.72587389755027
27592,-229.90561544557272
27593,-4.846420245862001
27594,-12.216104554153475
27595,36.140545839078754
27596,-194.5035429243437
27597,-0.12307450143935128
27598,17.247136552174496
27599,76.51211310760911
27600,-342.9429150957756
27601,-50.44907477298303
27602,-72.51190240948017
27603,38.77149351296424
27604,-280.37005479932543
27605,-46.86426024912213
27606,1.7385654562024584
27607,79.94307135006402
27608,-158.53224425665428
27609,-85.68187381360907
27610,-176.84101019790114
27611,-55.01856423599969
27612,-19.139558289782958
27613,0.246175312092344
27614,-262.27670869941784
27615,-132.49998770199485
27616,-59.43422372682397
27617,-59.91115715181168
27618,-221.21278816456046
27619,-160.7939158077944
27620,-11.754509400721801
27621,-126.31498097500148
27622,-342.97367056652865
27623,-227.9824119279976
27624,354.29739290299904
27625,-211.87378028717117
27626,-255.09166245249907
27627,-372.42154709208694
27628,19.55498077326464
27629,-93.69773871827759
27630,-53.97232573691063
27631,-24.878360753327996
27632,-159.27074388371767
27633,59.095729384045285
27634,21.539695232345785
27635,184.67221073198337
27636,-442.17940101702857
27637,55.91094645368272
27638,-15.723990937311385
27639,37.47907970178285
27640,-511.75266949902493
27641,44.110264383010936
27642,-131.06913480860445
27643,-39.92538931429567
27644,-114.80861059966509
27645,248.22747941781455
27646,271.1060113493461
27647,297.1229033232358
27648,-48.02011976374666
27649,151.72990130917108
27650,294.8615346085773
27651,376.63549044553014
27652,39.70861143262661
27653,297.23091608038715
27654,363.7116680442799
27655,393.75985533274695
27656,162.06925154296744
27657,421.3454862277001
27658,309.44699432532695
27659,319.0939649835826
27660,299.01532506084425
27661,337.69477607039016
27662,313.67798944556495
27663,351.34115415418444
27664,285.98266032063873
27665,297.5821547124552
27666,381.95484118855944
27667,390.8630356924837
27668,36.832899105405794
27669,94.43621203612734
27670,38.248387418026546
27671,74.97357660276268
27672,42.54091978898417
27673,4.092529728815286
27674,63.88061237918761
27675,1.8924217376084584
27676,206.41193491568515
27677,-35.740540554794045
27678,-85.71265559357573
27679,-43.03324410395523
27680,239.30616057368167
27681,-72.60419513095285
27682,-41.448561238372434
27683,-15.923993579453738
27684,109.51990379756533
27685,235.1887304854034
27686,199.50972718132903
27687,224.65078655501839
27688,-324.04950580887134
27689,151.03260548431177
27690,95.92230158137541
27691,31.93370275425013
27692,-512.8450280496367
27693,72.37341070884385
27694,9.67747591095432
27695,100.79043962529641
27696,-125.73036393855773
27697,40.72542619207873
27698,-34.032730569344615
27699,56.7417388022188
27700,-63.01903825068488
27701,12.64689161840484
27702,41.63319929974511
27703,77.05061009253016
27704,-135.36166717956203
27705,-13.062287792672876
27706,-77.12753823323315
27707,19.970376947532678
27708,-3.4924954931745766
27709,-14.908536860331344
27710,-108.57552010785592
27711,-2.0001053490644765
27712,-78.25067856381156
27713,10.862153492252403
27714,-87.0357985662965
27715,-167.42507417980886
27716,288.40131059397726
27717,-178.56418476412026
27718,-306.0023060697001
27719,-515.0605532400403
27720,190.81104478902674
27721,-136.23863219804812
27722,-141.36200953596912
27723,-583.1567961586964
27724,1.2769966119844156
27725,36.32518390045143
27726,165.91729314571543
27727,79.95846224004737
27728,-41.81778474269047
27729,115.12972402995372
27730,69.55787759201299
27731,106.0369177738704
27732,-447.6258818077449
27733,-45.04876665221667
27734,108.22163487509391
27735,98.00566197921856
27736,127.95898715995654
27737,304.4618058515606
27738,203.8716453956746
27739,347.97198338050356
27740,270.25980180161304
27741,300.2156963686073
27742,321.8474341043715
27743,431.7617646021995
27744,-270.1714365067264
27745,367.98883583446786
27746,375.7890043705291
27747,309.3390078773893
27748,-65.34421076583777
27749,249.1819519407533
27750,237.33512350934515
27751,338.69484189952925
27752,-171.8270036574612
27753,345.202596624409
27754,354.695487092418
27755,336.1251549490954
27756,120.37396193796664
27757,77.87974156425483
27758,288.8762803056719
27759,300.3228006163137
27760,305.030478943485
27761,328.12266631589324
27762,389.09310909256493
27763,380.13904475517234
27764,-33.571161725126586
27765,2.769386756094522
27766,-5.231060949377024
27767,8.954367173874264
27768,6.184980417779741
27769,-12.139176413450468
27770,64.57296564551466
27771,47.7719807383612
27772,184.77992065265303
27773,36.40211204115443
27774,-34.47893483279296
27775,-13.32385399474855
27776,71.69647464171378
27777,-23.324407049284574
27778,10.01594394451935
27779,-54.603168061731644
27780,20.908879216738413
27781,72.9426631645179
27782,36.12518125830907
27783,46.60269404704645
27784,-165.5480433321837
27785,48.818192928236606
27786,48.54126214539126
27787,91.09757282435876
27788,-113.69887113656327
27789,13.031532321919864
27790,-16.816349487923134
27791,8.369697519003239
27792,4.36948682087429
27793,28.12470724362388
27794,-19.370342711891972
27795,133.08463104765224
27796,2.4155278325461573
27797,49.18744274176831
27798,85.34340578004404
27799,77.65064432817086
27800,-65.44993066400072
27801,128.62282519609158
27802,106.99078462384584
27803,122.8532409525799
27804,16.8778867386428
27805,24.386036438356957
27806,-22.63208009217118
27807,44.27948524518663
27808,143.77753736851528
27809,6.554230231311433
27810,-92.17456679420083
27811,-35.740540554794045
27812,182.64134991216588
27813,-34.894331007061
27814,-100.3442616710617
27815,52.37225198134451
27816,255.79940660880942
27817,-212.51998719276187
27818,-202.71941047115456
27819,-646.2835180208373
27820,5.4926271514526945
27821,-13.539247526874242
27822,25.37068506829904
27823,30.21713162337469
27824,-131.99224618782682
27825,17.847197097028847
27826,61.69586896875047
27827,42.617874238900825
27828,-502.59829968300824
27829,91.97453784284482
27830,161.0554820098701
27831,194.34971295215132
27832,-144.83914044837402
27833,-57.49562931926552
27834,67.83467671658022
27835,183.04135519645058
27836,-95.99016574017077
27837,142.99289138071555
27838,142.82364420932623
27839,143.6698537570593
27840,-239.8754130293557
27841,49.3105435524213
27842,101.86743359513846
27843,32.986544688682855
27844,-92.71303746990822
27845,35.30975349054268
27846,79.52767517579599
27847,44.80259134012433
27848,-84.83569057508966
27849,47.46426817554919
27850,46.83347846915546
27851,74.12736705502962
27852,34.06348604009763
27853,84.69719887445335
27854,36.86368088537245
27855,89.51286364956232
27856,48.156621441876226
27857,34.0019750985916
27858,22.078218526480466
27859,43.14095402462489
27860,99.97501185753002
27861,-6.569594812081121
27862,-153.9935365736043
27863,-89.72828349090166
27864,207.22736268345156
27865,-22.785936373577186
27866,-194.54971559429367
27867,-252.67613461995293
27868,277.0006338075902
27869,-114.45276165361
27870,-271.09261048186943
27871,-280.0161958757771
27872,-15.323959343813028
27873,7.692735142659528
27874,14.246965373970964
27875,85.72804648355905
27876,-32.955762908716196
27877,106.0984550245901
27878,44.987229401497004
27879,186.54926788882213
27880,-22.89361998503321
27881,42.43320986831452
27882,49.80289417660599
27883,156.88599783113816
27884,-47.941227909750545
27885,57.310991257892844
27886,73.86580085295395
27887,84.20487455948229
27888,99.05187416909398
27889,98.40569357271691
27890,49.464399833827315
27891,146.2853842317478
27892,59.28034113620431
27893,187.27237662590218
27894,-30.524844186186712
27895,166.64040188279552
27896,97.95948930926855
27897,81.03545620988942
27898,62.94211010998187
27899,55.418569520284386
27900,120.7608165728291
27901,64.15756947124662
27902,-38.26375199879623
27903,23.97061395487527
27904,52.01839305779613
27905,-168.1789646968556
27906,-138.8695798719336
27907,-60.80351306028106
27908,276.3390623212298
27909,-41.01777417412106
27910,-24.78606803185531
27911,-194.64203462498
27912,240.01387842077838
27913,-101.63664917302945
27914,-126.80733159918614
27915,-179.68732509469865
27916,41.694736550464775
27917,18.95492022841028
27918,54.372383639622626
27919,34.4019803828763
27920,15.32395934381303
27921,338.711893666324
27922,387.6377965152302
27923,522.2763549577123
27924,-179.36422164190333
27925,41.84859283187078
27926,76.94292648107412
27927,227.4285240530932
27928,-419.4858099833514
27929,60.95736934168707
27930,94.59006831753334
27931,278.785345624529
27932,-73.75809093228428
27933,92.52842571774919
27934,112.7911506473242
27935,179.39497711265636
27936,-432.7327095281833
27937,-19.708810745457
27938,219.10499920403998
27939,407.66973702269627
27940,-125.02261978224735
27941,64.619112006251
27942,43.44866658743691
27943,34.355834022139966
27944,75.81975984128209
27945,68.63473990357691
27946,55.54167033093738
27947,76.46596674687278
27948,65.89610861823542
27949,63.34211539426658
27950,76.83519025119082
27951,209.22749434172965
27952,124.05333573307495
27953,263.3998490299963
27954,224.56684457552603
27955,183.1336742271369
27956,491.75151077152555
27957,166.90196808487113
27958,-34.52505488431566
27959,67.60391860368485
27960,67.91160485728321
27961,-28.309318995782903
27962,-87.38965748984486
27963,-138.88497076191695
27964,278.0468459974656
27965,-28.863206870687264
27966,-80.08156305070035
27967,-11.708389349199098
27968,134.20777137823063
27969,50.55675838443906
27970,84.06638285884597
27971,51.9722466970598
27972,36.97136449682847
27973,65.35761163331438
27974,124.89951897159436
27975,196.98063431682317
27976,-168.94824610388562
27977,115.31436209132639
27978,63.89600326917095
27979,194.288149392218
27980,-37.94064854600089
27981,85.46648028148338
27982,83.37405590173259
27983,118.09911342819059
27984,46.78733210841912
27985,111.2218323625111
27986,98.52876807415628
27987,187.10312945451287
27988,83.26634598106291
27989,85.12798593870471
27990,150.87026458474776
27991,132.48459681201152
27992,47.20272828268716
27993,-14.06235362181194
27994,-33.70962711654927
27995,16.247097032249084
27996,28.124707243623877
27997,54.15699010749694
27998,21.0781526973414
27999,74.09658527506296
28000,195.64207414490542
28001,48.618190286094254
28002,87.3896837990585
28003,-3.523277273141238
28004,243.36793483174392
28005,-65.97303675893842
28006,-76.72750663973481
28007,-192.99578819946387
28008,515.1836540506935
28009,-22.47822381076517
28010,9.323616987405956
28011,-280.15466126719974
28012,71.6503019717638
28013,5.8003397142647195
28014,9.123588036049956
28015,170.76373970079106
28016,-174.7178040381837
28017,109.03706264286029
28018,34.063512349311274
28019,120.05309872573235
28020,-270.2310100441531
28021,99.26729401043329
28022,108.29856301579692
28023,244.92186222657372
28024,-186.50309521887212
28025,-127.62275936695254
28026,2.2001343004204728
28027,64.40371847412531
28028,-450.01062786032446
28029,22.985965324933183
28030,181.30278974024813
28031,188.3493442865306
28032,-340.7427807953551
28033,-44.24872977443361
28034,161.0093093399201
28035,280.50852019074813
28036,-70.77333695327772
28037,8.323577467480543
28038,-22.66286187213784
28039,15.139347591654007
28040,-58.69569779054692
28041,37.756010484628206
28042,43.35634755675058
28043,214.7662678539187
28044,-129.8844309180927
28045,40.9100642534514
28046,44.002554462341266
28047,-25.98611019392308
28048,6.492666671378114
28049,92.94382189201723
28050,-12.41610719629583
28051,21.185836308797416
28052,93.4361725162019
28053,94.39006567539099
28054,43.26405483527788
28055,224.04371217137466
28056,395.6228796399322
28057,-146.83927210665215
28058,-380.54506929899776
28059,-85.66648292362575
28060,178.33337403279762
28061,-134.2693086289503
28062,-95.79013678881475
28063,-6.431129420658436
28064,-28.740132369247913
28065,24.12447023628128
28066,33.70962711654927
28067,22.155120357969825
28068,461.0235142804838
28069,520.7816973511208
28070,515.3357959241541
28071,618.3713574831081
28072,213.92340586503428
28073,517.8341697552149
28074,492.55605393565656
28075,676.5820840712629
28076,427.22887779479885
28077,523.588596184983
28078,473.1244333584982
28079,543.6373628371996
28080,3467.9000438915036
28081,3663.4498253149363
28082,3589.7840271041246
28083,3870.7233343591242
28084,3527.318876728344
28085,3684.081773748829
28086,3643.940990902408
28087,3660.1265506839372
28088,383.06085782219026
28089,345.5669665941738
28090,276.91741516436315
28091,393.01760828020224
28092,345.5585315760467
28093,290.4938209793106
28094,282.57055163259645
28095,291.84802225926603
28096,70.41945172051572
28097,-19.539589883281305
28098,-272.5234633752599
28099,-71.68108375173044
28100,434.3635913729297
28101,11.692998459215772
28102,-44.67951683868498
28103,-137.96183307348088
28104,173.76388456978097
28105,-136.26941397801477
28106,-231.90572079463715
28107,-177.11791467153287
28108,66.2653584317671
28109,-63.619046177111926
28110,5.754167044314727
28111,-22.047436746513792
28112,247.22454307914077
28113,368.4170289164526
28114,360.04702856096765
28115,302.78303955482886
28116,-16.928037740402885
28117,253.7651205117179
28118,320.137886027673
28119,421.79050545443545
28120,-48.282265329572
28121,221.3484339516724
28122,257.9816069422038
28123,393.0811548651542
28124,-34.12701331332403
28125,293.1369247875909
28126,507.9499183659956
28127,941.374981160506
28128,100.18786231261296
28129,117.71195595684648
28130,206.14754910929872
28131,295.29174230907904
28132,86.98710912851743
28133,245.08914568466997
28134,239.5340990822663
28135,270.0597991594707
28136,124.91209025726693
28137,272.84460311476215
28138,146.8518170831111
28139,275.490309696454
28140,307.7995891723115
28141,312.32262943811014
28142,311.58470917479644
28143,273.2280587815642
28144,286.7972058881738
28145,365.431089900733
28146,363.55030634334184
28147,377.47532699201685
28148,-60.265016075360045
28149,-29.87863728059601
28150,-185.68766745110574
28151,-7.431195249797504
28152,451.7645842065103
28153,-104.49832865059668
28154,-185.47227391898008
28155,-174.33313702545502
28156,47.54122262546585
28157,-65.14221810118869
28158,-239.67541038721336
28159,-86.15883354781042
28160,4.523343102280297
28161,-150.27023034910707
28162,-179.687298785485
28163,-127.16121683194817
28164,59.064947604078625
28165,65.14224441040234
28166,-31.540300905309095
28167,61.49586632660811
28168,-341.35820592097923
28169,35.63283063412438
28170,-50.89525272721773
28171,30.90948488970173
28172,-56.880204193641475
28173,107.12927632448216
28174,333.711617139056
28175,178.96419004840496
28176,-178.67186837557625
28177,26.21689461603209
28178,-12.139176413450471
28179,3.7540616952502504
28180,-413.79315388054266
28181,-15.000855891017679
28182,-47.27965642339016
28183,38.37143561025224
28184,-32.52494953525118
28185,-63.97293140987395
28186,-106.0984550245901
28187,-19.739592525423667
28188,-62.572833987236535
28189,-110.05251936198269
28190,-93.15924173335655
28191,-97.6518030556702
28192,53.064605247671544
28193,-189.1032348035773
28194,-375.25247109890114
28195,-311.6333986125755
28196,156.1782536748278
28197,-95.15934708242105
28198,-255.9994092509518
28199,-320.7877947378058
28200,129.19207765176566
28201,-302.6174941879816
28202,-384.2222291627587
28203,-346.29694519752746
28204,-63.9575405198906
28205,-124.11487298379463
28206,-62.15743781296849
28207,-94.974735330262
28208,-241.46012220415216
28209,-47.64890623692185
28210,2.5078205540188456
28211,-98.28259276206393
28212,-294.155477638292
28213,-17.77026895632585
28214,42.32552625685848
28215,20.30887129031135
28216,-303.24831020358897
28217,-105.62149529038872
28218,-85.43569850151673
28219,2.9232430375005336
28220,-207.05814182127588
28221,-78.01989414170255
28222,-10.646759960126715
28223,88.49740693043994
28224,-503.62912098290036
28225,-308.8947936364476
28226,-54.31082007968931
28227,47.52580542626886
28228,-190.9187284004828
28229,-6.40034764069178
28230,-37.6790823439252
28231,23.15518618710888
28232,-147.43930634229284
28233,13.970034591125604
28234,-9.339007877389285
28235,43.64866922957926
28236,-82.52784635399952
28237,35.34048265208205
28238,-10.092898394436006
28239,29.86324639061268
28240,-37.586789622452514
28241,6.631158372014438
28242,-37.84835582452819
28243,-38.786858093733926
28244,131.94609982709048
28245,69.51170492206299
28246,-97.97488019925188
28247,-25.61686038039138
28248,59.26495024622096
28249,-29.047818622846293
28250,-199.73463018293435
28251,-227.05927423956152
28252,158.31685072452856
28253,5.461845371486035
28254,-127.91508103978121
28255,-140.19272284465438
28256,36.063644007589396
28257,-85.46648028148337
28258,-35.77129602554706
28259,-44.47948788732898
28260,-248.76821664329668
28261,51.8953185563568
28262,11.631434899282452
28263,24.539892719762964
28264,-137.3925543085932
28265,-23.478289639904226
28266,-79.49691970504297
28267,69.57326848199631
28268,-220.55121667820006
28269,32.632659455920844
28270,-30.14020348267168
28271,22.41666025083185
28272,-175.4255218852804
28273,-8.846683562418242
28274,-21.247399868730746
28275,-18.185665130593883
28276,-400.25390635366847
28277,7.138873576968811
28278,-58.003370833433536
28279,24.84760528257499
28280,-68.26549009004523
28281,-53.75695851399859
28282,9.585183189481633
28283,19.908839696813004
28284,18.877992087707277
28285,-31.24797923248041
28286,-213.76620202477966
28287,-30.15559437265501
28288,25.21685509610667
28289,-155.22436051563872
28290,-287.95510633052896
28291,-173.34848839551293
28292,-136.4386611494041
28293,-295.4940115009961
28294,-238.07528401321994
28295,-121.80705507191814
28296,285.5703602779494
28297,-280.10851490646337
28298,-312.87963975380694
28299,-303.32523834429196
28300,154.53200724931168
28301,17.06252480001547
28302,-57.03406047504748
28303,47.23351006265382
28304,-197.9960647267319
28305,39.479211360060965
28306,24.33986376840697
28307,32.048016110263475
28308,-467.996290348776
28309,1.415462003407093
28310,32.648050345904174
28311,-25.647642160358043
28312,-393.438136229495
28313,-165.6865087236064
28314,-11.554506758579443
28315,64.81914095760699
28316,-179.45651436337602
28317,-12.031466492780805
28318,-57.372528508612525
28319,100.55965520318739
28320,-246.4296169514535
28321,-138.39262013773225
28322,30.86333852896539
28323,124.1764102345143
28324,-158.79381045872995
28325,42.69477607039019
28326,64.66528467620098
28327,20.785804715299065
28328,-267.3693042573722
28329,17.862561677798535
28330,-40.64852436058938
28331,14.58545971674964
28332,-282.4163328183399
28333,59.88040168105866
28334,26.247650086785107
28335,-11.692998459215769
28336,-60.84965942101742
28337,-23.61675503132691
28338,-3.6309871938109026
28339,12.323788165609493
28340,36.202083089798435
28341,24.72450447192199
28342,-48.156621441876226
28343,133.2384610198446
28344,173.16385033414025
28345,4.0771651480456015
28346,-30.70948224755938
28347,-2.3385996918431537
28348,82.06627750978149
28349,29.001672262109945
28350,-63.049793721437894
28351,-62.7574720486092
28352,71.46566391039111
28353,-58.51105972917426
28354,-145.05453398049968
28355,-63.849856908434596
28356,-27.432380286510483
28357,58.38801153694855
28358,24.693722691955323
28359,65.68071508610973
28360,-94.45160292611067
28361,140.05425745323168
28362,-30.047884451985347
28363,91.02064468365575
28364,-311.1564651875878
28365,3.04634384815353
28366,-6.354227589169081
28367,-39.83307028360933
28368,-306.95619922888926
28369,-38.18682385809322
28370,-50.87986183723441
28371,9.815941302376995
28372,-163.42483717246628
28373,-31.571056376062106
28374,-42.9255604924992
28375,13.354609465501564
28376,-95.57474325668908
28377,-192.01111326030818
28378,-11.969929242061127
28379,40.87930878269839
28380,-55.38781404953137
28381,8.785146311698572
28382,-62.080509672265485
28383,-81.85091028686945
28384,98.12876278987156
28385,6.261908558482748
28386,-10.431366428001034
28387,-14.554677936782983
28388,128.14586546189022
28389,-6.046488717143415
28390,-200.2115899171357
28391,-263.66141523207193
28392,207.19660721269855
28393,-94.72856001816966
28394,-117.4221773610605
28395,-465.0422655313087
28396,277.6160589332143
28397,53.141533388374555
28398,141.6235757380448
28399,120.86852649349875
28400,-51.54143332359479
28401,141.28508139526613
28402,91.6360698092798
28403,205.36572272580975
28404,-220.27428589535472
28405,51.849145886406795
28406,210.3044620023581
28407,251.58377606934118
28408,-172.48688795779654
28409,48.83361012743358
28410,115.51436473346875
28411,180.82583000604677
28412,-75.78897806131542
28413,23.955223064891936
28414,91.6514343900495
28415,157.0860004732805
28416,-120.99160099493811
28417,82.9432688374812
28418,197.13446428901554
28419,95.03627258098169
28420,-194.19585667074534
28421,41.55624484982845
28422,58.388011536948554
28423,14.231574483987632
28424,-87.8358617532932
28425,74.942794822796
28426,40.679279831342384
28427,90.49753858871806
28428,-102.06743623728082
28429,61.618940828047464
28430,85.86648556576809
28431,50.07982495945135
28432,-16.339389753721775
28433,61.3420100452021
28434,50.1567267909407
28435,79.1891808330173
28436,27.940069182251207
28437,7.60044242118684
28438,19.07802103906328
28439,122.42245388832853
28440,198.31916817952728
28441,16.924059408592797
28442,-15.20085853316003
28443,31.386444623903092
28444,192.5649748259989
28445,115.34514387129303
28446,19.32419635115562
28447,24.847605282574985
28448,130.9922066679014
28449,86.46654611062245
28450,-1.0154567191223922
28451,-24.909142533294652
28452,-20.216552259625022
28453,185.94920734396777
28454,102.71364314287153
28455,56.84942241367482
28456,-184.164495527029
28457,15.677844576575037
28458,63.542144345622575
28459,-10.123680174402669
28460,-150.3933048505464
28461,38.74071173299758
28462,46.78733210841912
28463,42.27937989612215
28464,-36.171327619045414
28465,-0.7846459877997276
28466,31.69415718671511
28467,3.3232483217852398
28468,25.75535208102771
28469,546.6470005060859
28470,469.78100216571477
28471,65.2191462418917
28472,-19.10880281902994
28473,69.17323688849795
28474,64.80375006762367
28475,29.23245668421896
28476,-46.06419706212542
28477,-14.262382573167937
28478,-23.955249374105584
28479,58.89570043268928
28480,44.03330993309428
28481,-71.69644833250013
28482,-187.8724108615429
28483,-160.2092461529234
28484,548.0316807295263
28485,-84.92798329656235
28486,-90.00521427374699
28487,-111.63722853677913
28488,184.56452712052737
28489,-225.21302517190307
28490,-232.47497325031122
28491,-325.21881880939975
28492,94.94395355029535
28493,110.85255623976575
28494,43.648669229579255
28495,14.416212545360302
28496,-121.43777894917281
28497,55.110883266686024
28498,27.247742225137813
28499,89.98982338376368
28500,-224.35142473418668
28501,19.93962147677966
28502,-5.5233826222057125
28503,90.88217929223309
28504,-404.97725209809107
28505,155.60900121915375
28506,10.246754675842013
28507,110.09869203193267
28508,-164.39412122163867
28509,71.8810863938728
28510,51.310648901485784
28511,127.0842623820315
28512,16.939450298576126
28513,178.19490864137492
28514,137.63872962068555
28515,200.19619902715237
28516,7.815835953312529
28517,274.07739077008966
28518,281.3547297384811
28519,278.96998368590164
28520,65.18839077113869
28521,267.29237611666923
28522,71.65030197176378
28523,303.8329535492463
28524,95.09780983170135
28525,169.486716779593
28526,86.55883883209513
28527,94.19006303324863
28528,101.65201375379914
28529,266.38462931821647
28530,126.36115364495146
28531,73.03500850441787
28532,88.51279782042326
28533,103.34443284926526
28534,-20.447336681734033
28535,-23.709074062013247
28536,-76.91211839189383
28537,25.447613209002046
28538,-268.33858830654464
28539,-39.109935237315625
28540,167.9173984947799
28541,-216.7048359522635
28542,-108.00624134296824
28543,-40.77159886202871
28544,105.0829983054677
28545,-96.4363700036191
28546,-60.834294840247736
28547,3.1848092395762055
28548,-26.247676395998752
28549,-43.11019855387187
28550,30.294059764077694
28551,9.246688846702952
28552,-140.1311855939347
28553,131.1921830008301
28554,-23.84753945343592
28555,-20.09347775818567
28556,-161.87090977763648
28557,-138.68494181056096
28558,20.98583366665506
28559,11.416067676370412
28560,-30.294059764077687
28561,53.61849312257591
28562,-5.400308120766365
28563,29.90941906056267
28564,-62.74208115862587
28565,33.371159082984235
28566,-8.646654611062246
28567,57.51102020924885
28568,-119.22228006798264
28569,24.616820860465968
28570,-30.04788445198535
28571,50.602931054389046
28572,-8.323551158266895
28573,-30.47869782545036
28574,-26.10921100457607
28575,-12.646865309191195
28576,26.43228814815778
28577,-36.448258401890776
28578,-44.32563160592297
28579,-22.98593901571955
28580,192.98039730948057
28581,-104.08295878554229
28582,-108.1139512636379
28583,-324.21875298026066
28584,148.79323109498029
28585,-100.59043698315405
28586,-130.1152153402017
28587,-286.7242823884945
28588,7.708152341856503
28589,1.0462121898754049
28590,29.232456684218956
28591,-53.326171449747235
28592,-243.49098302396962
28593,122.96095087324954
28594,8.062011265404866
28595,60.803513060281084
28596,-767.1674354043192
28597,164.13255501956297
28598,35.12511542917001
28599,138.06951668493693
28600,-227.56701575372955
28601,32.078771581016476
28602,-101.8058963444188
28603,129.6382556060003
28604,-139.1619015447623
28605,-33.49425989363722
28606,12.2006873549565
28607,229.8132964148864
28608,-407.00813922712223
28609,-8.523580109622895
28610,108.68320371931195
28611,21.278155339483753
28612,-109.09859989357997
28613,30.6479449968397
28614,-70.35791446979603
28615,16.370197842902076
28616,-291.5707026343565
28617,21.601258792279108
28618,11.816046651441468
28619,77.25063904388615
28620,-63.52675345563925
28621,96.17480380154342
28622,-17.293309222124492
28623,33.863509707168916
28624,-18.262593271296893
28625,24.632185441235652
28626,-29.586315607767318
28627,40.92545514343473
28628,125.97651294143644
28629,1.861666266855444
28630,3.907917976656261
28631,161.62473446554412
28632,-9.815941302376984
28633,-61.84972525015647
28634,-71.63491108178044
28635,-145.9161344182161
28636,213.55080849265394
28637,-205.81190068004443
28638,-127.99200918048423
28639,-38.03296757668721
28640,-12.293032694856478
28641,-6.200344998549422
28642,-6.861942794123452
28643,-32.32494689310883
28644,-40.9869923941544
28645,32.87883476801319
28646,11.877610211374794
28647,41.9562764433268
28648,-109.08320900359664
28649,25.26300145684302
28650,28.324709885766232
28651,72.95805405450122
28652,-86.7127214227148
28653,94.42084745535765
28654,35.8636150562334
28655,132.4999613927812
28656,-30.001738091249006
28657,20.8011956052824
28658,-1.6770282054827739
28659,233.07500748595191
28660,-102.97518303573356
28661,128.79207236748093
28662,46.61808493702978
28663,165.68650872360644
28664,-221.32049808523013
28665,6.277299448466078
28666,-118.02221159670123
28667,-1.8462753768721178
28668,31.263343813250092
28669,21.570477012312445
28670,-69.95788287629769
28671,56.68020155149913
28672,69.68095209345233
28673,11.400676786387082
28674,-53.57232045262592
28675,134.91548922532735
28676,31.89415982885746
28677,-22.447442030798506
28678,-105.65227707035538
28679,-220.4127512867774
28680,156.33210995623378
28681,-199.58077390152835
28682,-204.84261663087204
28683,-114.76047421642201
28684,13.831542890489281
28685,-40.04846381573502
28686,-20.001158727499337
28687,54.97241787526333
28688,-378.68342934135603
28689,104.836849302589
28690,73.92733810367362
28691,72.97344494448456
28692,-523.307202566818
28693,73.69657999077826
28694,106.79078198170347
28695,115.23743395062337
28696,-331.8653417621839
28697,9.739039470887633
28698,30.494062406220053
28699,29.217065794235626
28700,-168.6405335410736
28701,37.00214627679513
28702,86.38959166070579
28703,267.67701682018424
28704,-211.56606772435916
28705,-25.95532841395642
28706,137.31562616789017
28707,116.85292490538647
28708,-89.72825718168801
28709,73.35808564799957
28710,89.28210553666696
28711,206.11961324285645
28712,-96.08248477085708
28713,109.85251671984035
28714,14.77009777812231
28715,205.6888261786051
28716,-237.79837953958824
28717,38.38685280944922
28718,49.72593972668933
28719,54.17238099748027
28720,93.45156340618524
28721,44.72566319942133
28722,-12.062248272747466
28723,44.95644762153034
28724,177.57950982496453
28725,108.52934743790593
28726,-5.338770870046689
28727,9.338981568175637
28728,102.92903667499719
28729,-12.400716306312498
28730,-17.493338173480485
28731,-39.017642515842944
28732,180.73353728457408
28733,-51.04908269941011
28734,-46.51040132557377
28735,-3.2924928510322236
28736,81.15853071132877
28737,38.263725689582586
28738,78.55839112662359
28739,30.847921329768408
28740,-139.16187523554865
28741,106.02150057467344
28742,73.65040732082826
28743,184.82606701338935
28744,-29.740198198386977
28745,75.26589827559135
28746,96.6825190064978
28747,234.82896383213773
28748,-130.06906897946536
28749,111.45259047540647
28750,62.09590056224883
28751,65.09607174045235
28752,38.41760828020223
28753,47.048872001281154
28754,37.97143032596753
28755,149.17784548928165
28756,-184.5645008113137
28757,54.972391566049694
28758,28.4324198064359
28759,62.09590056224882
28760,4.092556038028931
28761,-16.600955955797446
28762,-15.939384469437066
28763,104.80606752262234
28764,-5.384917230783033
28765,-43.633278339595925
28766,-6.2619085584827445
28767,18.63184308482858
28768,88.6512895210596
28769,-23.21672343782856
28770,-97.88256116856556
28771,42.1254973055025
28772,279.09308449655464
28773,-181.7182122237298
28774,-99.12880230979695
28775,-94.43621203612733
28776,478.88922562099503
28777,-123.86869767170228
28778,-133.76159342399595
28779,-194.9651117685617
28780,103.28289559854558
28781,-2.6463122546551734
28782,-4.415633181610634
28783,47.018090221314495
28784,-199.87309557435705
28785,85.05105779800171
28786,40.74081708206206
28787,-0.8616004377163762
28788,-413.13158239418226
28789,203.65793904957394
28790,63.34211539426658
28791,134.96166189527733
28792,-131.02296213865444
28793,-21.293546229467086
28794,-99.85193735609067
28795,12.108394633483805
28796,-95.75938131806173
28797,4.015627897325928
28798,8.61587283109558
28799,84.91261871579268
28800,-283.6471567603743
28801,184.74913887268636
28802,317.78759725038856
28803,191.79569341896885
28804,-175.74862533807575
28805,73.23501114656023
28806,121.73010062200149
28807,193.87275321794996
28808,-9.846723082343658
28809,46.833478469155466
28810,58.92648221265595
28811,90.06675152446668
28812,-65.78842500677939
28813,60.849659421017414
28814,71.18873312754576
28815,63.7267560977816
28816,41.54088026905877
28817,80.08156305070035
28818,24.47832915982964
28819,36.125154949095425
28820,276.9544611376402
28821,78.11221317238888
28822,115.42207201199605
28823,9.415936018092292
28824,106.1292104953431
28825,14.07774451179527
28826,-230.99797399618447
28827,97.26716235215517
28828,325.0033989680604
28829,-62.49593215574718
28830,-36.909827246108804
28831,-16.539418705077765
28832,-1.3231692819344119
28833,-36.140545839078754
28834,-0.6461805963770502
28835,15.662453686591704
28836,-268.2462955850719
28837,123.13019804463892
28838,99.69805476547101
28839,55.526279440954056
28840,-358.928445925949
28841,35.87900594621672
28842,63.54214434562258
28843,111.43722589463677
28844,-117.00678118679248
28845,62.6343712379562
28846,61.18815376379609
28847,117.08368301828183
28848,63.203650002843894
28849,150.99333908618712
28850,69.12709052776161
28851,639.6216041780698
28852,-28.278563525029888
28853,197.3037377696185
28854,122.93019540249654
28855,195.22667797063738
28856,0.27693078284535844
28857,-22.13975577720014
28858,-24.001369425628287
28859,59.35726927690732
28860,227.89009289731123
28861,1.477025563340419
28862,-126.43808178565446
28863,-80.94313717920309
28864,95.28244789307402
28865,-49.60289153446362
28866,-287.5704656270139
28867,-38.971496155106585
28868,186.64156061029485
28869,-106.6369520095111
28870,-28.324709885766225
28871,-67.80392124582718
28872,294.07854949758905
28873,-98.74416160628195
28874,3.4463491324382325
28875,-20.924296415935395
28876,-1.3846802234404354
28877,109.17552803428299
28878,188.1339507544049
28879,244.58336788379503
28880,-225.28992700339242
28881,40.63313347060604
28882,40.41773993848036
28883,108.71398549927859
28884,-249.78367336241905
28885,29.17091943349928
28886,78.9892045000886
28887,142.63900614795355
28888,-241.0600906106538
28889,-66.26535843176711
28890,25.786107551780724
28891,120.39159306851103
28892,-288.03203447123195
28893,4.107946928012261
28894,82.85094980679487
28895,260.90739305674714
28896,-504.029126267185
28897,-169.57903581027932
28898,77.51217893674819
28899,49.87979600809535
28900,-84.98952054728203
28901,26.370777206651745
28902,-8.631263721078914
28903,62.249756843654836
28904,-103.12903931713957
28905,32.24801875240583
28906,56.54173616007645
28907,274.33893066295167
28908,12.093003743500478
28909,56.880204193641475
28910,52.18764022918548
28911,141.88511563090685
28912,30.986413030404734
28913,102.29822065938984
28914,6.969626405579471
28915,56.2186327072811
28916,35.32511807131236
28917,15.523961985955381
28918,2.5847750039354986
28919,103.97524886487261
28920,371.89841468793554
28921,44.187166214500294
28922,-64.32679033342231
28923,5.415699010749698
28924,345.35841661910814
28925,-46.14112520282842
28926,-121.83781054267116
28927,-12.093003743500475
28928,223.5359969664203
28929,15.8316745487674
28930,61.23432643374609
28931,13.200753184095557
28932,-269.077087933608
28933,-38.586855451591575
28934,6.538839341328103
28935,45.71033813857706
28936,-105.32917361756003
28937,6.615767482031108
28938,142.6390324571672
28939,197.71913394388653
28940,-154.27046735644967
28941,28.90935323142361
28942,53.4646368411699
28943,13.923861921175613
28944,-17.000987549295807
28945,79.26613528293396
28946,38.494510111691596
28947,105.03685194473134
28948,40.09463648568501
28949,37.64832687317219
28950,-2.1693525204538133
28951,22.555151951468172
28952,-194.74971823643602
28953,14.600850606732969
28954,-29.61709738773398
28955,-40.75620797204538
28956,10.062116614469343
28957,-121.33009533771678
28958,-197.91913658602888
28959,-21.632014263032115
28960,86.5896206120618
28961,-80.77389000781375
28962,-44.29487613516996
28963,29.37092207564163
28964,587.7262856217129
28965,223.10520990216892
28966,16.247097032249087
28967,-127.1611905227345
28968,289.7090626767147
28969,-43.23327305531122
28970,-95.4209132844967
28971,-47.12580014198416
28972,83.77408749523093
28973,48.26433136254589
28974,70.17327640842338
28975,23.970613954875276
28976,-232.47499955952486
28977,173.02538494271758
28978,47.202728282687154
28979,38.9253234851566
28980,-220.27425958614106
28981,8.077375846174549
28982,96.3594418629161
28983,115.2528248406067
28984,-178.7795519870323
28985,12.769992429057837
28986,-49.987505928765
28987,29.047844932059938
28988,-81.71241858623314
28989,52.649182764189874
28990,50.41829299301638
28991,245.56804282295076
28992,-318.71073493882466
28993,-77.71218157889054
28994,-10.600613599390375
28995,-7.877373204032196
28996,-59.649617258949654
28997,6.0157332463904005
28998,-4.246412319434942
28999,249.21439459753134
29000,-80.62003372640773
29001,-49.295178971651616
29002,77.75832793962687
29003,151.7934022731838
29004,-46.01805070138908
29005,4.261776900204623
29006,12.723819759107847
29007,31.078732061091067
29008,-89.2051510867503
29009,-15.970166249403725
29010,-34.20197774073395
29011,-44.32563160592297
29012,-46.556547686310104
29013,27.309279475857487
29014,-85.40494303076372
29015,29.26323846418562
29016,-52.58764551347019
29017,-46.69498676851914
29018,-74.69661951070367
29019,-23.678292282046584
29020,-68.66549537432994
29021,-197.28832057042155
29022,-93.71310329904729
29023,-119.17610739803266
29024,20.816586495265728
29025,1.5231719240767632
29026,28.4324198064359
29027,-6.538839341328103
29028,-92.03610140277814
29029,-32.7557339573602
29030,-32.263409642389156
29031,-171.30221037649846
29032,-178.54879387413692
29033,-17.354846472844166
29034,8.138913096894225
29035,-37.109829888251156
29036,-224.136031202061
29037,-71.32719851896843
29038,21.801261434421455
29039,5.461845371486039
29040,-341.9889956273729
29041,-52.95689532700188
29042,-173.4100256462326
29043,-18.001027069221216
29044,-123.8533330909326
29045,-22.124364887216807
29046,-44.71027230943799
29047,14.354675294640629
29048,-78.2660694537949
29049,-52.09532119849915
29050,-193.79582507724697
29051,-100.08272177819968
29052,-211.22759969079414
29053,-185.54920205968307
29054,-163.97872504737063
29055,-287.2166067034656
29056,-42.14088819548583
29057,-114.85279324710834
29058,-391.33032095976085
29059,-182.7643981043916
29060,108.57549379864228
29061,-168.70207079179326
29062,-243.21405224112428
29063,-457.36492127863255
29064,11.539115868596113
29065,-129.25361490248534
29066,-193.88811779871963
29067,-165.00952003804906
29068,43.58713197885959
29069,-21.57047701231244
29070,-39.01764251584294
29071,27.063104163765146
29072,-272.80039415810523
29073,-44.1409935445503
29074,10.646759960126715
29075,-2.815559426044512
29076,-310.89489898551216
29077,92.49767024699617
29078,90.51292947870138
29079,87.89739900401285
29080,-254.70702174898403
29081,-11.292966865717418
29082,-77.3737135453255
29083,45.60265452712104
29084,-301.6328455580395
29085,-35.971324976903055
29086,-13.908497340405944
29087,246.9988957163412
29088,-336.9579636293518
29089,-134.91548922532735
29090,173.3330975055296
29091,1.2462148320177562
29092,-176.27173143301343
29093,5.492627151452698
29094,67.32696151162584
29095,0.738499627063387
29096,105.0368256355177
29097,553.6166269116653
29098,428.39400448727565
29099,583.679902253634
29100,137.79258590209156
29101,-11.569897648562776
29102,-88.00510892468253
29103,-20.339653070278015
29104,95.39013150453005
29105,-22.616689202187846
29106,-62.46515037578051
29107,-18.016417959204546
29108,-168.11740113692224
29109,-102.99054761650325
29110,-77.55832529748453
29111,-46.048806172142086
29112,-32.21723697243916
29113,-75.94286065193506
29114,-81.78934672693615
29115,-77.72757246887387
29116,-45.602628217907395
29117,-92.11302954348115
29118,-61.880480720909496
29119,-15.077810340934331
29120,-142.36207536510818
29121,-66.43460560315646
29122,-67.65006496442119
29123,-34.525081193529296
29124,-66.29614021173377
29125,-2.8463148967975265
29126,8.831266363221268
29127,112.12955285175018
29128,-12.185322774186812
29129,46.61808493702978
29130,-2.7693867560945264
29131,-15.44706015446602
29132,-57.341773037859504
29133,-27.801603790828523
29134,77.91221053024654
29135,-38.07911393742356
29136,-3.277128270262537
29137,56.80327605293847
29138,-110.16020297343871
29139,39.24842693795196
29140,-14.616215187502657
29141,11.277575975734086
29142,-11.400650477173437
29143,-5.107986447937677
29144,-0.4769334249877115
29145,-3.5233035823548846
29146,-26.293822756735096
29147,-38.41760828020223
29148,-39.586921280730635
29149,-34.355834022139966
29150,-146.63924315529616
29151,-62.43436859581385
29152,3.4309582424549063
29153,-69.55787759201297
29154,-97.2825532421385
29155,-162.7324839061392
29156,435.0559183300431
29157,136.6540546815298
29158,-150.2240839883707
29159,-94.68238734821968
29160,106.23692041601277
29161,-11.508360397843102
29162,-1.7385654562024477
29163,11.092937914361414
29164,-103.20596745784258
29165,-28.86320687068726
29166,-75.48129180771706
29167,-43.8179164009686
29168,-265.10763270623204
29169,-28.693959699297924
29170,-3.461740022421573
29171,-69.55785128279932
29172,-109.40631245639197
29173,20.401190320997692
29174,15.754772717278044
29175,151.5010542911415
29176,-337.3579689136365
29177,-43.24866394529455
29178,-187.3031320966552
29179,-227.21313052096752
29180,-117.09910021747882
29181,195.1189680499677
29182,170.99449781368645
29183,197.7498894146396
29184,-98.03644375918523
29185,73.7427263515146
29186,504.70611495274244
29187,872.1581146791007
29188,26.570779848794096
29189,300.63277972890046
29190,212.31995824140589
29191,264.261423158499
29192,21.47815798162611
29193,420.65509667466614
29194,220.02811058326236
29195,228.92094050641697
29196,88.65128952105958
29197,66.72695358519879
29198,96.06709388087376
29199,82.49709088324651
29200,-34.35583402213996
29201,114.606617935016
29202,23.4628987499209
29203,24.370645548373627
29204,169.80982023238835
29205,3.661742664563916
29206,-10.169826535139006
29207,37.4329333410465
29208,89.9436507138137
29209,26.139992784542734
29210,46.294981484234434
29211,-2.9386339274838633
29212,68.17317105935889
29213,156.1628890940581
29214,8.600508250325898
29215,35.09433364920335
29216,29.555560137014304
29217,21.57047701231244
29218,-22.355123000112172
29219,-10.262119256611697
29220,54.2800646089363
29221,121.68395426126514
29222,131.8999271571405
29223,144.74682141768767
29224,57.72641374137453
29225,81.92781211835883
29226,134.13084323752764
29227,315.61824472993476
29228,750.2433759957265
29229,690.6861040766768
29230,163.85562423671763
29231,154.48586088857533
29232,73.78889902146459
29233,69.819417484875
29234,68.2500992000619
29235,203.61176637962396
29236,67.34235240160918
29237,19.447270852594972
29238,46.24880881428444
29239,30.64791868762606
29240,-2.8309240068141968
29241,-78.54300023664025
29242,-190.38023141556172
29243,13.754641058999919
29244,-14.846999609611686
29245,-68.09624291865589
29246,-78.3429975944979
29247,41.2331413970331
29248,155.91671378196574
29249,-60.003476182498005
29250,-324.7264681852151
29251,50.141362210171025
29252,459.13424220558807
29253,-3.077099318906537
29254,-66.24996754178378
29255,32.17109061170282
29256,647.5451237428383
29257,123.82255131096593
29258,147.14695836025052
29259,15.86245632873406
29260,-71.63491108178046
29261,122.28398849690585
29262,187.84162908157623
29263,425.9015485140265
29264,15.785528188031057
29265,151.5010806003551
29266,444.9488140823368
29267,365.32881987585444
29268,-122.6993846711739
29269,114.5143252135433
29270,194.70357187569965
29271,187.54930740874755
29272,-179.59500606401232
29273,140.25426009537406
29274,84.74337154440332
29275,140.59275443815272
29276,10.64675996012672
29277,96.8056198171508
29278,141.5774030680948
29279,352.6511727866966
29280,-328.89592605473337
29281,196.93446164687316
29282,109.37555698563898
29283,98.60572252407292
29284,72.78883319232554
29285,155.42436315778107
29286,162.16323145046516
29287,119.02225111662665
29288,-63.726782406995234
29289,50.89525272721773
29290,59.14187574478163
29291,165.88651136574876
29292,32.49419406449817
29293,55.21856687814204
29294,5.815730604248048
29295,131.17681842006044
29296,62.37285765430782
29297,18.893382977690607
29298,-0.9846749391557381
29299,73.17347389584056
29300,50.47983024373605
29301,2.369381471809813
29302,57.77258641132452
29303,18.862627506937592
29304,-54.910880624543665
29305,-13.970060900339252
29306,-40.49464176996971
29307,-145.6084218554041
29308,189.826369849871
29309,14.062353621811939
29310,-9.323616987405956
29311,-52.03378394777947
29312,248.906708343933
29313,-0.984674939155731
29314,25.70917941107772
29315,49.18746905098195
29316,60.12655068393736
29317,39.940780204279
29318,57.84948824281388
29319,80.15849119140336
29320,-185.74920470182542
29321,29.4786319963113
29322,29.401703855608304
29323,0.5384706757073872
29324,-58.81879860119992
29325,19.493443522544965
29326,1.1231403305784102
29327,42.26396269692517
29328,147.0085192780415
29329,49.81825875737567
29330,-29.878663589809655
29331,32.60190398516784
29332,-95.86709123873142
29333,19.062630149079947
29334,-64.52679297556465
29335,30.017128981232332
29336,-159.57845644652969
29337,-307.8947278073086
29338,-179.14882810977767
29339,-6.938844625612809
29340,123.02251443318288
29341,-17.693340815622847
29342,-71.91184186462581
29343,-37.83296493454486
29344,196.6882863347808
29345,-59.68037272970266
29346,-84.05099196886265
29347,-59.91115715181168
29348,716.0875709249426
29349,-7.815835953312522
29350,52.864576296315555
29351,143.7929282584986
29352,190.62640672765409
29353,12.831503370563864
29354,33.80197245644924
29355,35.432801682768385
29356,20.5550466024037
29357,46.01805070138907
29358,211.51992136362284
29359,202.93480400328022
29360,-441.39475502922886
29361,20.04730508823569
29362,51.07986447937676
29363,202.47326146827587
29364,-359.1438394580747
29365,171.74838833073315
29366,172.2868853156542
29367,380.57585107896443
29368,-96.80559350793715
29369,24.832188083378007
29370,46.61808493702978
29371,100.37504345102838
29372,-140.10040381396803
29373,57.57258376918216
29374,99.85193735609067
29375,383.45292144651495
29376,-208.70438824679195
29377,36.74058007471946
29378,174.97934393104572
29379,20.33965307027801
29380,-340.8812461867778
29381,-132.86921120631288
29382,-71.92723275460915
29383,-60.11115979395403
29384,-497.0133535008692
29385,-58.3572297569819
29386,-81.69705400546344
29387,-133.85388614546864
29388,-421.3782054117462
29389,-143.7006092278123
29390,-139.77730036117268
29391,-127.73046928762221
29392,-38.10989571739021
29393,-102.19053704793383
29394,-185.0260959647454
29395,-96.57480908582812
29396,137.94644218349754
29397,-85.1279859387047
29398,-35.063578178450335
29399,24.570648190515975
29400,-63.003647360701564
29401,-39.156134216479266
29402,-157.10139136326384
29403,-118.80685758450095
29404,115.32975298130971
29405,-67.8039212458272
29406,-45.5103354964347
29407,-20.816586495265724
29408,7.661979671906515
29409,-33.67887164579626
29410,-149.67019611346632
29411,-165.88651136574876
29412,-135.33088539959542
29413,-68.54242087289059
29414,27.278524005104476
29415,22.339758419342488
29416,-219.99732880329572
29417,-38.04835846667054
29418,-32.9095902387662
29419,7.723516922626185
29420,-200.39620166929473
29421,-174.31777244468532
29422,-409.2390553075094
29423,-153.67043312080895
29424,-51.372186152205444
29425,-41.66395477049811
29426,-99.12880230979698
29427,-16.047094390106732
29428,-286.6473542477915
29429,-52.356861091361175
29430,-48.47972489467158
29431,-32.494194064498174
29432,-345.17380486694907
29433,-248.5066767504346
29434,-169.80982023238835
29435,-131.09989027935742
29436,23.30904246851489
29437,-111.68337489751546
29438,-89.12824925526094
29439,-39.15610790726562
29440,-50.87988814644805
29441,-170.60988341938508
29442,-231.18261205755712
29443,-302.67903143870126
29444,-60.77273128031441
29445,-323.9725776681683
29446,-89.34361647817299
29447,-54.88009884457699
29448,58.3110570870319
29449,-41.18699503629676
29450,-39.648432222236664
29451,9.55440140951497
29452,-53.787713984751605
29453,16.70866587646711
29454,3.277101961048892
29455,73.5426974001586
29456,-324.234143870244
29457,77.1275119240195
29458,15.539352875938715
29459,-49.60286522524999
29460,-702.994501352303
29461,136.5771265408268
29462,80.63542461639108
29463,82.42016274254351
29464,-121.86859232263781
29465,70.25023085834002
29466,-21.46279340085642
29467,70.61948067187171
29468,-111.56030039607612
29469,-21.78587054443813
29470,82.38938096257685
29471,177.1948691214495
29472,-124.59180640878233
29473,144.99299672978003
29474,295.4324742502764
29475,302.69444863789823
29476,-274.33893066295167
29477,2.923243037500531
29478,31.55566548607878
29479,150.08559228773439
29480,-10.462148207967696
29481,100.48272706248439
29482,-18.4164495527029
29483,29.355531185658307
29484,-55.29552132805869
29485,80.54310558570474
29486,-4.661808493702979
29487,63.480580785689256
29488,5.015667417251342
29489,44.07948260304427
29490,6.646549261997769
29491,47.80276251832787
29492,126.49961903637411
29493,130.6075659643864
29494,-64.77299459687065
29495,58.09568986411987
29496,49.049003659559276
29497,117.74528081385586
29498,-73.20422936659357
29499,-84.52797801227766
29500,20.616583853123373
29501,-55.94170192443574
29502,-40.24846645787737
29503,-1.9539589883281288
29504,43.14095402462489
29505,-63.295969033530234
29506,-47.75661615759152
29507,83.00480608820088
29508,3.9540643373926017
29509,109.80634404989034
29510,58.14183622485621
29511,100.92890501671909
29512,-39.12532612729897
29513,116.63750506404715
29514,17.877978876995513
29515,58.418767007701575
29516,41.72549202121779
29517,72.94268947373153
29518,63.0805491921909
29519,66.23460296101409
29520,-14.016180951861948
29521,47.41812181481284
29522,-0.6154251256240375
29523,73.58887007010858
29524,-104.37528045837098
29525,-55.69552661234339
29526,-139.13111976479564
29527,237.09063538327783
29528,-35.12511542917001
29529,-116.0067153576534
29530,-50.54139380366938
29531,-73.09654575513754
29532,-91.22067363501175
29533,-359.95926722584113
29534,-171.27145490574546
29535,-143.82371003846526
29536,110.28330378409173
29537,-350.42025670630943
29538,-231.61339912180847
29539,-82.43555363252685
29540,134.90012464455768
29541,-103.20596745784256
29542,-63.83446601845126
29543,-141.00815061242076
29544,-56.018630065138744
29545,-6.031097827160085
29546,19.878084226059986
29547,7.277365277605135
29548,-8.677436391028902
29549,42.92556049249921
29550,64.89606909831001
29551,33.50962447440691
29552,-158.62456328734064
29553,87.43583015979486
29554,69.3732395306403
29555,115.77593093554442
29556,-277.6929607647036
29557,-67.17313153943348
29558,110.49869731621739
29559,201.8732009234215
29560,-224.85913993914107
29561,42.417845287544836
29562,123.39173793750092
29563,196.31903652124913
29564,-166.82501363495453
29565,76.26596410473041
29566,176.17941240232713
29567,231.2595138890465
29568,-318.49534140669897
29569,-17.21638108142148
29570,48.433552224721595
29571,53.3877087004669
29572,-167.80971488332386
29573,17.585630894953177
29574,12.969968761986543
29575,124.09948209381129
29576,-124.28412015518397
29577,113.46808671445426
29578,24.84757897336134
29579,113.0834723201529
29580,-16.785567707956467
29581,34.69432836491863
29582,10.554440929440382
29583,112.66804983667122
29584,-9.769794941640654
29585,1.7693472361691072
29586,-14.723925108172319
29587,25.24761056685969
29588,140.6850471596254
29589,-18.247228690527205
29590,-38.87917712442026
29591,17.524093644233506
29592,78.61992837734326
29593,-39.78692392287299
29594,-44.58719780799865
29595,-14.816244138858654
29596,363.1132946854506
29597,135.94631052521945
29598,77.92757511101622
29599,-8.46204285890322
29600,11.692972150002124
29601,23.385970609217896
29602,1.9693498783114585
29603,-43.18712669457488
29604,-235.2751417863724
29605,-0.10768361145601801
29606,1.9539589883281323
29607,156.2398172347611
29608,-264.6768456419807
29609,69.91173651556133
29610,43.66406011956259
29611,50.01828770873167
29612,-170.50217349871542
29613,103.95985797488929
29614,-107.5446724987502
29615,-73.98890166360695
29616,145.5007119347344
29617,32.77112484734353
29618,-266.3230920674968
29619,80.51235011495173
29620,-205.01186380226136
29621,-210.36599925307775
29622,-230.9671922162178
29623,117.71449903388921
29624,-11.492969507859769
29625,-215.53554926094873
29626,-86.26654346848008
29627,37.756010484628206
29628,57.48026473849583
29629,53.464636841169906
29630,-85.11259504872137
29631,-171.70224196999683
29632,187.53394282797785
29633,-156.34750084621712
29634,-129.53057199454432
29635,-144.68528416696802
29636,13.031532321919869
29637,-53.695421263278924
29638,-48.91051195892294
29639,-34.98665003774733
29640,40.89467336346806
29641,-14.523922466029966
29642,26.232285506015426
29643,-7.12350899619913
29644,-473.76584828307404
29645,-30.863312219751744
29646,47.40273092482951
29647,37.74064590385852
29648,-3.230955600312548
29649,82.08166839976482
29650,111.34490686395046
29651,19.601153443214635
29652,-104.15986061703164
29653,131.25374656076343
29654,157.13217314323052
29655,356.6821652647922
29656,-119.29920820868563
29657,31.294125593216755
29658,-92.05146598354784
29659,71.03487684613974
29660,-90.74371390081039
29661,35.77129602554706
29662,-51.40296793217211
29663,56.69559244148245
29664,-677.8545743968994
29665,-431.7018882282912
29666,-2.0462780190144656
29667,68.46549273218758
29668,-235.70592885062376
29669,-1.4616083641434408
29670,-39.03303340582629
29671,-4.492561322313639
29672,-36.663678243230095
29673,-11.385259587190106
29674,14.954709530281338
29675,21.124299058077746
29676,-184.04142102558964
29677,4.230995120237965
29678,-10.84678891148272
29679,34.83276744712768
29680,-82.29706193189051
29681,-16.093240750843073
29682,-17.78565984630918
29683,3.615596303827573
29684,17.75487806634252
29685,-77.05061009253015
29686,-9.015904424593938
29687,-28.817060509950924
29688,17.247136552174496
29689,-11.831463850638453
29690,-76.58904124831213
29691,-44.92566584156367
29692,40.9100642534514
29693,-36.832899105405794
29694,-16.585565065814116
29695,-84.94337418654568
29696,123.79179584021293
29697,-48.46433400468825
29698,-6.4926666713781085
29699,24.062932985561606
29700,20.98583366665507
29701,55.449351300251045
29702,24.786068031855308
29703,26.40153267740476
29704,37.49447059176619
29705,10.185217425122339
29706,-30.509453296203375
29707,60.28040696534337
29708,-134.31545498968666
29709,78.94303183013862
29710,124.59183271799598
29711,281.3393388484978
29712,-51.21835618001308
29713,51.80299952567046
29714,-74.58893589924764
29715,31.878768938874128
29716,-7.846591424065537
29717,-6.44652031064177
29718,33.89426517792194
29719,8.677436391028905
29720,-75.32743552631105
29721,-12.523790807751848
29722,-49.864405118112025
29723,-42.8486323517962
29724,44.80259134012433
29725,-44.21794799446695
29726,-258.64572150560696
29727,-126.71503887771347
29728,62.865155660065206
29729,-36.063644007589396
29730,-80.06614585150338
29731,-64.08061502132996
29732,262.4921022315436
29733,-114.11429362004496
29734,0.8616004377163868
29735,27.986215542987544
29736,348.69708214009034
29737,180.7027555046074
29738,10.123653865189013
29739,3.9232825574259476
29740,-302.54056604727856
29741,70.74255517331106
29742,17.154843830701807
29743,20.8011956052824
29744,-208.28896576331027
29745,-1.753930036972129
29746,21.724333293718452
29747,-7.108091797002153
29748,-151.91647677462313
29749,-37.61757140241917
29750,18.770308476251266
29751,172.1330290342482
29752,-248.33745588825892
29753,24.40142732834029
29754,-121.57627064980913
29755,152.10111483599584
29756,-51.58757968433113
29757,113.59118752510724
29758,31.632593626781784
29759,233.39811093874727
29760,-208.45821293469962
29761,-49.47979072381063
29762,-3.5694499430912288
29763,194.70357187569968
29764,-295.92479856524744
29765,30.90948488970173
29766,59.818838121125346
29767,151.5933733218278
29768,-151.4856897103718
29769,136.02323866592243
29770,140.70043804960875
29771,36.78675274466946
29772,-90.88217929223308
29773,68.00392388796956
29774,38.61761092234459
29775,98.42108446270025
29776,42.202425446205496
29777,85.26647763934102
29778,7.55429606045049
29779,79.92770676929435
29780,86.68193964274812
29781,43.83330729095193
29782,41.402388568422445
29783,19.64727349473733
29784,49.06436824032895
29785,-51.14140173009644
29786,87.08194492703284
29787,77.6967906889072
29788,264.415279439905
29789,151.68569235251417
29790,37.26368616965716
29791,9.123588036049956
29792,95.1439561924377
29793,44.66412594870166
29794,59.35726927690731
29795,48.12586597112322
29796,53.6646657925259
29797,64.46528203405863
29798,36.18671850902874
29799,41.43314403917545
29800,13.570029306840897
29801,77.40446901607852
29802,52.63381818342019
29803,63.23440547359691
29804,17.46255639351383
29805,52.464571012030845
29806,65.94228128818541
29807,63.64982795707859
29808,19.89347511604332
29809,32.171090611702816
29810,-10.431366428001038
29811,87.71276094264019
29812,71.14256045759578
29813,87.0665540370495
29814,23.09362262717556
29815,6.323445809202422
29816,3.277128270262537
29817,33.70965342576291
29818,-83.37402959251892
29819,-15.447033845252374
29820,-27.601601148686175
29821,-7.615833311170171
29822,-187.94933900224592
29823,-85.6510920336424
29824,238.01377307171393
29825,20.478118461700692
29826,-146.10074617037512
29827,-22.493614700748502
29828,390.6995312533671
29829,10.723688100829724
29830,-10.954472522938744
29831,23.632145921310244
29832,443.13329417621765
29833,-41.371633097669424
29834,57.78795099209421
29835,-27.032322383798483
29836,-18.277984161280223
29837,40.802354332781725
29838,175.87172614872873
29839,184.31835180843498
29840,-37.77142768382518
29841,188.45705420720026
29842,159.60923822649633
29843,201.13470129635812
29844,-253.99930390188734
29845,165.56343422216707
29846,202.82712039182422
29847,347.6200881702482
29848,-247.7527862333879
29849,223.15135626290527
29850,78.03525872247224
29851,140.9004406917511
29852,-2.430892413315842
29853,99.03648327911063
29854,81.4200706041908
29855,243.75254922604532
29856,-255.84557927875943
29857,58.15720080562589
29858,39.83307028360934
29859,17.400992833580506
29860,-62.434368595813865
29861,50.46446566296637
29862,43.34095666676724
29863,103.39060551921526
29864,-141.93128830085683
29865,-61.31122826523544
29866,-20.478118461700696
29867,-26.355360007454777
29868,-39.2176451579853
29869,32.35572867307549
29870,-15.23164031312669
29871,6.923480044843126
29872,7.292729858374827
29873,-9.046686204560597
29874,-84.2356300302353
29875,55.41856952028438
29876,72.11187081598182
29877,-73.52733281938892
29878,-49.20283363175163
29879,-45.602628217907395
29880,22.416686560045505
29881,-140.77736619031177
29882,-240.8293061885448
29883,-84.82029968510633
29884,186.51848610885548
29885,-94.19006303324865
29886,-152.25497111740185
29887,-12.169931884203482
29888,194.53432470431034
29889,-59.295732026187636
29890,41.371633097669424
29891,18.939555647640603
29892,-121.49934250910613
29893,-3.7078890253002603
29894,8.754338222518262
29895,68.74242351503294
29896,-301.9867044815878
29897,-6.6926956227341154
29898,33.1096191901222
29899,38.67917448227791
29900,-3.1386365696262164
29901,-34.971259147764
29902,-16.32402517295209
29903,-8.154303986877558
29904,-196.88831528613682
29905,-26.278458175965408
29906,-76.66596938901513
29907,-87.62044191195388
29908,-313.18735231661896
29909,-55.49552397020104
29910,-249.76828247243571
29911,11.32372233647044
29912,-104.08293247632864
29913,-162.3478432026242
29914,-278.96998368590164
29915,-61.40357360513543
29916,-46.75655032845246
29917,-91.57453255856012
29918,-385.2530504626508
29919,-63.957540519890614
29920,70.85026509398071
29921,-132.83845573555988
29922,-280.89316089426313
29923,-223.56677874638694
29924,269.16940696429435
29925,-308.71015557507496
29926,-133.71542075404594
29927,-203.996407083139
29928,8.077402155388196
29929,-21.478157981626108
29930,-31.647984516765117
29931,-92.69767288913852
29932,-218.21261698635692
29933,3.907917976656261
29934,33.14037466087522
29935,36.72521549394978
29936,-246.53732687212317
29937,-36.171301309831776
29938,-56.218632707281095
29939,28.63242244857825
29940,-491.16686742586813
29941,-30.986413030404734
29942,101.57511192230979
29943,152.48575553951088
29944,-290.7244930866235
29945,18.293348742049904
29946,-38.60222003236125
29947,21.724333293718452
29948,-258.21493444135564
29949,38.109895717390216
29950,73.34269475801625
29951,56.32631631873711
29952,-252.33766658638785
29953,-17.477920974283506
29954,3.4463491324382325
29955,64.31139944343897
29956,-226.8746624874025
29957,-19.801156085356986
29958,69.25016502920096
29959,15.108565811687345
29960,-566.2789094200535
29961,105.0060701647647
29962,-50.402928412246695
29963,2.7386049761278617
29964,-52.110685779268834
29965,-6.9080891548597965
29966,-73.78889902146457
29967,16.4778814543581
29968,-37.09443899826782
29969,41.894739192607126
29970,2.7847776460778535
29971,8.415870188953221
29972,-82.83555891681155
29973,-21.10890816809442
29974,14.70856052740264
29975,19.616518023984312
29976,138.02337032420056
29977,-62.372831345094184
29978,-178.8257246569823
29979,-202.07320356556386
29980,265.2922707676047
29981,-19.078021039063277
29982,-97.54409313500054
29983,35.20204356987301
29984,39.27920871791862
29985,-45.49494460645137
29986,15.108565811687345
29987,17.539458225003187
29988,-90.94371654295279
29989,10.55446723865403
29990,82.1432056504845
29991,124.622588188749
29992,-103.17518567787592
29993,28.417028916452566
29994,10.662150850110049
29995,32.54034042523452
29996,12.21607824493983
29997,-27.57084567793316
29998,7.0004081855461315
29999,5.784948824281386
30000,25.278366037612706
30001,68.20395283932555
30002,-36.06361769837575
30003,81.34316877270145
30004,-44.24870346521997
30005,26.893856992375802
30006,-17.80105073629251
30007,195.2574334413904
30008,140.00811109249537
30009,-81.05082079065912
30010,-83.40483768169923
30011,7.277338968391491
30012,30.555599656939716
30013,-62.35744045511085
30014,-36.34057479043475
30015,1.2154593612647453
30016,31.494128235359103
30017,-200.10387999646605
30018,-52.63381818342019
30019,-64.88067820832666
30020,189.6571226784817
30021,-91.57453255856012
30022,-161.77859074695016
30023,-271.47722487617085
30024,-14.293138043920955
30025,38.70992995303093
30026,15.277786673863037
30027,-23.678292282046584
30028,0.4000315934983476
30029,-85.18954949863802
30030,7.6311978919398555
30031,-23.478289639904236
30032,-272.6619287666826
30033,346.6046577603395
30034,-80.06617216071702
30035,26.94002966232579
30036,-390.28410876988545
30037,32.755760266573844
30038,125.36108781581241
30039,213.87388563623563
30040,-235.7213197406071
30041,-7.508123390500508
30042,-37.03290174754815
30043,204.42719414739034
30044,2.384772361793143
30045,78.08143139242223
30046,37.971404016753894
30047,224.87453082912438
30048,-44.38719516585629
30049,20.862732856002076
30050,194.411250202871
30051,326.06500204791917
30052,44.20255710448362
30053,96.54405361507511
30054,76.09671693334109
30055,161.54780632484113
30056,22.21668391790314
30057,83.85101563593393
30058,82.69709352538887
30059,74.78893854139
30060,-11.677607569232439
30061,45.69494724859373
30062,72.15801717671816
30063,30.124812592688354
30064,-46.094978842092075
30065,-8.846657253204597
30066,17.58563089495318
30067,104.49832865059666
30068,127.36119316487687
30069,-138.10029846490357
30070,-31.15563389258043
30071,-2.3693551625961717
30072,152.94729807451523
30073,-79.92770676929433
30074,-45.78726627928006
30075,-242.93712145827894
30076,100.3288707810784
30077,-35.26355451137905
30078,-11.616070318512767
30079,45.5103354964347
30080,120.63774207138972
30081,-7.354267109094495
30082,-33.00190926945255
30083,23.3859706092179
30084,-320.44927408581344
30085,71.78876736318647
30086,145.31610018257538
30087,97.6518030556702
30088,-35.40204621201538
30089,151.34719800973548
30090,103.37521462923192
30091,100.71351148459341
30092,55.06473690594967
30093,63.865221489204274
30094,-10.139044755172346
30095,-24.262935627703968
30096,87.58968644120087
30097,22.478223810765165
30098,-85.22030496939104
30099,55.603233890870705
30100,-312.1257492367602
30101,-98.35954721198058
30102,10.739078990813058
30103,24.801432612624993
30104,32.540340425234504
30105,-103.97524886487263
30106,-60.58811952815539
30107,31.524883706112117
30108,-50.833715476498064
30109,-39.17149879724896
30110,-52.726137214106515
30111,-127.05350691127849
30112,269.077087933608
30113,-13.046923211903195
30114,-79.46613792507631
30115,-214.27391722973402
30116,169.20978599674766
30117,12.062248272747462
30118,18.09334609990755
30119,16.80098490715345
30120,20.24733403959168
30121,44.37177796665931
30122,20.67812110384305
30123,56.09555820584175
30124,61.08044384312642
30125,127.36119316487687
30126,157.11678225324718
30127,305.70998439687145
30128,-369.8675538681181
30129,130.7460313558091
30130,102.92901036578355
30131,129.20746854174897
30132,-225.01299622054708
30133,104.99067927478136
30134,168.40972280975092
30135,269.046332462855
30136,-147.11617658028385
30137,32.80190662731019
30138,62.98825647071822
30139,124.66873454948535
30140,-135.30012992884238
30141,39.04839798659596
30142,107.5446724987502
30143,161.54780632484113
30144,-323.418689793264
30145,246.2603960892778
30146,406.96199286638586
30147,428.9940387229164
30148,102.03665445731417
30149,405.37728369158947
30150,420.00888976907544
30151,455.4878641217938
30152,303.7714162985267
30153,417.23950301298095
30154,382.0374857523216
30155,360.62086502141517
30156,58.126445334872884
30157,365.8057796100558
30158,263.21521096862364
30159,326.6188899228235
30160,75.23514280483835
30161,174.07159713259298
30162,152.36265472885785
30163,111.97569657034417
30164,143.57753472637293
30165,224.6283818262457
30166,109.54477784781467
30167,158.1937499138756
30168,71.95801453457581
30169,-32.17109061170282
30170,-75.71207622982605
30171,-137.48487333927955
30172,261.99977791657255
30173,-40.49464176996971
30174,-50.06443406946802
30175,22.816718153543846
30176,130.40753701303038
30177,8.646654611062242
30178,-17.69334081562284
30179,-20.878150055199047
30180,-3.7079153345139098
30181,65.75764322681273
30182,106.97542004307614
30183,8.569726470359239
30184,-177.37950718282218
30185,28.03238821293754
30186,-19.154949179766284
30187,50.710614665845064
30188,29.909419060562666
30189,0.3846407035150232
30190,-56.01860375592509
30191,-7.615833311170171
30192,-45.46416282648471
30193,-2.7539958661111914
30194,53.910814795404605
30195,16.44709967439144
30196,-42.04859547401313
30197,10.739078990813056
30198,-87.08194492703284
30199,20.139624118922015
30200,-12.031466492780805
30201,-69.51170492206299
30202,-193.98043682940596
30203,63.557535235605904
30204,96.1748038015434
30205,-29.14013765353262
30206,-56.58788252081279
30207,-8.554335580375916
30208,15.554770075135671
30209,-63.23443178281056
30210,-205.10415652373405
30211,-170.85603242226375
30212,265.5538106604668
30213,-44.51026966729564
30214,-50.00289681874834
30215,-91.14371918509511
30216,15.739355518081062
30217,-32.52494953525118
30218,-20.155015008905348
30219,8.077402155388196
30220,-57.97258905346687
30221,-65.11146263043568
30222,87.58968644120085
30223,134.8693165553774
30224,-237.58298600746255
30225,20.708902883809703
30226,76.17364507404409
30227,87.37429290907517
30228,-312.1103583467769
30229,123.4225197174676
30230,63.66521884706193
30231,213.38156132126463
30232,-340.45045912252647
30233,20.06269597821901
30234,-71.48105480037445
30235,63.57292612558924
30236,-41.78702927193747
30237,-90.5898576194044
30238,46.87962482989181
30239,133.51541811190359
30240,-256.49173356592286
30241,-51.91070944634012
30242,85.08183957796837
30243,54.32621096967264
30244,-150.11637406770103
30245,20.72426746457939
30246,-24.44757368907663
30247,2.1078152697341412
30248,-468.842499896509
30249,-99.25190312044997
30250,6.985017295562798
30251,52.84918540633221
30252,-132.2691769706722
30253,1.6000737555661182
30254,-20.816586495265728
30255,3.5078863831579064
30256,-80.48159464419871
30257,-3.4463754416518793
30258,-23.2628697985649
30259,31.617229046012103
30260,44.448732416575965
30261,-77.71218157889054
30262,-121.29931355775012
30263,26.92463877234247
30264,7.154264466952142
30265,-3.461740022421562
30266,-67.03463983879715
30267,7.2773389683914935
30268,247.87586073482726
30269,-83.43559315245226
30270,-33.41730544372058
30271,-9.985188473766337
30272,90.57446672942106
30273,-53.57232045262592
30274,-25.093754285453684
30275,-47.14119103196748
30276,-146.56231501459314
30277,-21.201227198780753
30278,79.75845959790499
30279,92.11300323426751
30280,-246.7681112942322
30281,68.45010184220425
30282,18.63184308482858
30283,16.72403045723679
30284,-92.4668884670295
30285,28.35549166573289
30286,3.0001711782035354
30287,18.431840442686227
30288,27.647773818636164
30289,79.57384784574599
30290,1.3539247526874263
30291,54.24928282896963
30292,-304.97148476980806
30293,-177.31794362288886
30294,-71.11180498684276
30295,37.06368352751481
30296,-76.94292648107414
30297,-65.49610333395071
30298,-29.86327269982633
30299,-22.432077450028824
30300,-6.8004055434037785
30301,-218.85879758273398
30302,-74.97355029354902
30303,-199.65770204223136
30304,55.18781140738902
30305,-76.66596938901513
30306,-48.63358117607759
30307,-85.8203655142454
30308,13.27770763401221
30309,-13.816178309719596
30310,18.939555647640603
30311,-22.478223810765172
30312,-45.78726627928006
30313,-8.262013907547221
30314,-53.249243309044225
30315,-37.8021831545782
30316,1.7385654562024513
30317,-4.231021429451609
30318,4.600244933769657
30319,17.308700112107825
30320,-252.82999090135894
30321,46.4026914049041
30322,63.49599798488624
30323,37.67910865313885
30324,-341.1582032788368
30325,54.403165419589286
30326,42.787095101076524
30327,87.3896837990585
30328,-329.6959892417301
30329,-49.033586460362294
30330,-120.13002686643537
30331,-8.831292672434914
30332,-148.1777796601426
30333,0.7077178470967276
30334,22.678226452907523
30335,90.46675680875138
30336,-273.04654316098396
30337,-56.60327341079612
30338,3.0463438481535263
30339,47.46429448476283
30340,-93.85156869046995
30341,-12.969968761986543
30342,-35.49433893348805
30343,103.05211117643655
30344,-82.29706193189051
30345,5.400334429980012
30346,18.477986803422574
30347,7.231192607655146
30348,-149.76248883493903
30349,29.586315607767318
30350,-50.86447094725108
30351,3.354056410965546
30352,14.477776105293625
30353,-18.616452194845248
30354,-52.2183956999385
30355,-5.12335102870736
30356,-53.21846152907756
30357,-12.708402559910866
30358,-62.32668498435784
30359,29.078626712026594
30360,36.04822680839242
30361,-50.92600819797075
30362,-93.48231887693825
30363,-48.46436031390189
30364,-7.369657999077825
30365,-48.69511842679726
30366,-111.05258519112176
30367,-185.5645929496664
30368,12.923822401250202
30369,-210.35063467230808
30370,-125.13030339370337
30371,-214.1816245082613
30372,-7.615833311170167
30373,-66.72695358519879
30374,-36.50979565261045
30375,18.92416475765727
30376,-132.89999298627956
30377,29.14013765353262
30378,-88.23589334679154
30379,-13.662322028313588
30380,-139.63886127896365
30381,-27.586210258702845
30382,-4.492587631527284
30383,8.031229485438207
30384,32.90959023876621
30385,-9.846723082343658
30386,-74.61969137000065
30387,-8.738973641748583
30388,-274.16968349156235
30389,9.200542485966604
30390,-43.740988260265595
30391,12.754575229860858
30392,-84.86644604584268
30393,-102.7751803935912
30394,-48.26433136254589
30395,-82.9432688374812
30396,-102.59056864143218
30397,6.754232873453791
30398,-96.59019997581146
30399,-8.923585393907604
30400,75.8351507312654
30401,-57.72641374137453
30402,-93.5746379076246
30403,-68.17317105935889
30404,76.26593779551679
30405,-26.647681680283462
30406,-102.8213530635412
30407,-123.25327254607825
30408,-19.431879962611646
30409,-29.06320951282961
30410,9.954433003013326
30411,-30.58638143690638
30412,-89.82057621237436
30413,-23.709047752799595
30414,64.9883618197827
30415,75.49665638848673
30416,-300.04811007402935
30417,-64.18832494199962
30418,27.832385570795186
30419,-65.44993066400072
30420,-281.4470487691675
30421,-76.75828841970146
30422,-4.030992478095612
30423,115.62207465413839
30424,-61.77279710945347
30425,-48.495115784654914
30426,-38.9253234851566
30427,45.848803529999735
30428,-140.94661336170108
30429,-3.354030101751901
30430,-17.739487176359184
30431,34.49432572277628
30432,-265.4461270490107
30433,-72.3272643481075
30434,14.800879558088969
30435,9.169760705999945
30436,-227.35162222160383
30437,49.00283098960927
30438,-28.26317263504656
30439,35.3405089612957
30440,-211.90456206713785
30441,17.2471365521745
30442,18.0471997391712
30443,168.4405045897176
30444,-140.7158289395921
30445,-49.21825083094861
30446,7.308120748358153
30447,-123.6533041395766
30448,-90.08211610523638
30449,-28.247808054276874
30450,-35.063578178450335
30451,-58.1572008056259
30452,17.047133910032144
30453,9.692866800937647
30454,-8.754338222518262
30455,7.18501993770516
30456,13.046923211903199
30457,19.278049990419284
30458,-51.402994241385755
30459,9.108223455280273
30460,118.32992415951324
30461,-9.49283784958165
30462,-11.123719694328077
30463,-29.44787652555829
30464,148.70091206429393
30465,-19.924230586796334
30466,-62.68054390790619
30467,-37.94064854600088
30468,-36.786726435455805
30469,-121.20702083627744
30470,-115.3451175620794
30471,-169.9175038438444
30472,-164.332583970919
30473,15.86245632873406
30474,-60.41887235676605
30475,-92.60535385845219
30476,-39.233036047968625
30477,-114.34507804215397
30478,-73.11191033590723
30479,-142.63900614795355
30480,-143.88524728918495
30481,-25.201464206123347
30482,-115.48358295350208
30483,-14.123890872531614
30484,-484.5510999438371
30485,-63.60368159634225
30486,-102.5443959714822
30487,11.477604927090088
30488,-195.3805342520434
30489,14.72392510817232
30490,-93.8823504704366
30491,-54.55699539178166
30492,-101.19047121879476
30493,-87.57429555121753
30494,-162.08630330976217
30495,-79.98924402001401
30496,270.36947543557574
30497,-137.40794519857653
30498,-217.9971971450176
30499,-160.9323811992171
30500,22.5705428414515
30501,-49.57210975449697
30502,-71.95801453457581
30503,-81.91244753758914
30504,5.831121494231375
30505,-89.60518268024866
30506,-47.77200704757486
30507,-17.031743020048815
30508,6.738868292684105
30509,-4.307923260940967
30510,41.86395741264047
30511,1.738565456202446
30512,-329.2959576482317
30513,-25.386102267496018
30514,-16.324025172952084
30515,-11.53911586859612
30516,-546.1854316618678
30517,2.646312254655168
30518,15.55474376592204
30519,48.14125686110655
30520,-282.3394046776369
30521,-101.2981548302508
30522,-117.45293283181351
30523,-4.600271242983304
30524,-211.65841306425912
30525,-2.892461257533874
30526,24.401401019126645
30527,90.00521427374701
30528,-25.032217034734
30529,161.3016310127488
30530,259.7073245854657
30531,128.57667883535527
30532,-73.18883847661024
30533,91.40528538717078
30534,142.86979057006255
30535,80.66618008714408
30536,3.3232483217852398
30537,129.16132218101265
30538,77.54293440750118
30539,219.35114820691868
30540,-222.3205639143692
30541,111.23719694328076
30542,61.865116140139804
30543,118.92995839515395
30544,54.66467900323767
30545,84.2356300302353
30546,8.431261078936561
30547,47.87969065903087
30548,80.7277436470774
30549,213.2738777098086
30550,29.86324639061268
30551,221.05893188315446
30552,142.2851472244052
30553,25.324538707562695
30554,-162.25552417193788
30555,45.556481857171036
30556,458.34956990857467
30557,-20.801195605282395
30558,-34.57122755426565
30559,94.62085009750001
30560,190.9341192904661
30561,9.431326908075622
30562,-0.41542248348168265
30563,20.678121103843047
30564,-1.8308844868887846
30565,9.339007877389285
30566,46.510375016360115
30567,69.588633062766
30568,-47.94125421896419
30569,73.21962025657689
30570,97.43640952354453
30571,108.66781282932861
30572,40.40234904849703
30573,-3.5848145238609117
30574,-15.923993579453738
30575,32.5095849544815
30576,-45.094913012953015
30577,5.046449197218001
30578,-16.447125983605087
30579,45.187232043639355
30580,-155.00896698351303
30581,42.98709774321888
30582,15.877847218717388
30583,173.64081006834164
30584,-59.080338494061955
30585,-11.508360397843102
30586,1.0769676606284158
30587,21.61662337304879
30588,82.85094980679487
30589,-2.769386756094521
30590,-78.55839112662358
30591,66.49614285387612
30592,367.0673853320569
30593,-11.246794195767427
30594,-43.49481294817325
30595,-144.454499744859
30596,38.30989835953256
30597,37.40215156107985
30598,6.354201279955433
30599,33.971193318624934
30600,74.712010400687
30601,19.58573624401765
30602,6.215735888532755
30603,-16.6779104057141
30604,-86.82040503417082
30605,48.35665039323223
30606,74.37351605790832
30607,92.28227671487049
30608,-180.82583000604677
30609,21.801261434421455
30610,105.6830325411084
30611,373.14465582916694
30612,-93.00538545195056
30613,45.710311829363405
30614,237.47527608679286
30615,692.563134924302
30616,-93.65156604832761
30617,31.23256203328343
30618,-61.957435170826145
30619,215.67401465237143
30620,-135.43859532026505
30621,250.56834565943242
30622,193.42654895450164
30623,322.71097194616726
30624,-154.14736654579667
30625,120.65313296137307
30626,277.7083779639006
30627,176.13326604159076
30628,-166.45579013063644
30629,143.7160001177956
30630,80.78928089779707
30631,88.4820160404566
30632,-46.98733475056147
30633,32.72495217739354
30634,65.5883960554234
30635,106.43692305815513
30636,-93.12848626260356
30637,10.108262975205687
30638,76.66596938901513
30639,123.4225197174676
30640,64.43447394487832
30641,146.0238180296721
30642,24.432182799093304
30643,55.28013043807535
30644,320.23390686290145
30645,204.68876034946604
30646,-104.97531469401167
30647,74.98894118353236
30648,443.7179638310887
30649,-83.22019962032655
30650,-16.693274986483782
30651,10.954498832152382
30652,376.7448612430112
30653,-65.83457136751574
30654,-14.87778138957833
30655,150.10100948693136
30656,274.1081462408427
30657,44.04870082307762
30658,29.58631560776732
30659,1.5231456148631164
30660,-87.42043926981151
30661,67.41928054231218
30662,24.986044364784018
30663,80.52774100493505
30664,-205.24262191515672
30665,64.12678769127996
30666,-28.124707243623877
30667,0.061537250719673864
30668,-44.541051447262305
30669,47.52583173548251
30670,-13.570029306840896
30671,39.540748610780646
30672,25.432248628232358
30673,40.817745222765055
30674,-23.539826890623903
30675,51.495286962858444
30676,-43.57174108887626
30677,3.507912692371555
30678,-18.58569672409224
30679,52.018393057796146
30680,-89.75903896165467
30681,-133.8077397847323
30682,-58.43413158847125
30683,18.09334609990755
30684,-11.062156134394755
30685,1.78471181693879
30686,-22.139755777200143
30687,62.11129145223215
30688,442.44096721910427
30689,21.031980027391405
30690,-36.802117325439134
30691,-157.48603206677888
30692,47.925837019767215
30693,38.879177124420266
30694,86.18958901856344
30695,-35.43282799198202
30696,39.540748610780646
30697,21.44737620165945
30698,-27.709311069355838
30699,15.631671906625048
30700,-56.141704566578085
30701,40.00229114578502
30702,105.83688882251441
30703,254.36855371541904
30704,-162.5016994840302
30705,1.2923875019677524
30706,96.88252164864015
30707,143.20828491284124
30708,-154.53200724931168
30709,113.59118752510726
30710,243.78330469679833
30711,495.49018157679245
30712,-99.52883390329532
30713,46.541156796326774
30714,-8.308186577497203
30715,79.58921242651566
30716,-100.77507504452672
30717,116.80675223543648
30718,49.54132797453032
30719,519.2915746694921
30720,-241.1677742221098
30721,-14.662387857452636
30722,-17.047133910032144
30723,101.32893661021744
30724,-252.7530890698696
30725,28.340100775749566
30726,-15.323985653026671
30727,16.924059408592793
30728,-241.19855600207646
30729,14.231600793201277
30730,-26.586170738777433
30731,67.31159693085615
30732,-24.278326517687287
30733,44.31024071593964
30734,-15.09320123091766
30735,33.84809250797195
30736,-14.016180951861948
30737,6.000342356407071
30738,18.477986803422574
30739,-4.861837445058978
30740,-49.21822452173497
30741,-23.37057971923457
30742,-67.9577775272332
30743,-66.0961375695914
30744,21.816652324404785
30745,1.4923901441101002
30746,-50.9260345071844
30747,-213.3046331805616
30748,27.093859634518154
30749,-91.85146334140548
30750,-220.73585473957274
30751,-4.06177425806227
30752,94.62087640671365
30753,-32.140308831736164
30754,-39.156134216479266
30755,-39.648432222236664
30756,-33.66348075581292
30757,-37.84835582452819
30758,-75.32740921709738
30759,110.36023192479472
30760,-110.83716534978242
30761,2.230889771173489
30762,-48.695118426797265
30763,73.40423200873592
30764,-141.4081822059191
30765,-35.402046212015364
30766,-98.05183464916855
30767,47.66429712690518
30768,130.63834774435307
30769,122.80709459184355
30770,113.2526931823286
30771,121.99166682407716
30772,-142.37746625509152
30773,-31.2171711433001
30774,-159.0707412415753
30775,5.8772415457540745
30776,-123.77637864101597
30777,-162.9940501082149
30778,-210.35063467230808
30779,-76.14286329407744
30780,-82.8970961675312
30781,-97.22101599141884
30782,-60.69582944882505
30783,-70.60406347267474
30784,415.79325922960714
30785,-36.894436356125475
30786,-56.69559244148245
30787,-91.22067363501175
30788,-16.30863428296876
30789,-48.648972066060914
30790,16.631737735764105
30791,74.37354236712196
30792,-339.0657525898724
30793,-75.9582515419184
30794,-40.433104519250044
30795,-104.97531469401169
30796,-46.38730051492077
30797,17.801024427078865
30798,-2.153987939684132
30799,47.248874643423505
30800,-315.49517022849545
30801,6.400373949905422
30802,-5.400334429980013
30803,239.39845329515433
30804,-441.25628963780616
30805,-66.4653873831231
30806,123.19176160457224
30807,316.7259941705299
30808,-31.694157186715096
30809,-81.98937567829215
30810,-8.554335580375906
30811,97.79026844709287
30812,-188.47241878796996
30813,112.20650730166683
30814,186.4877043288888
30815,303.5713873471706
30816,-177.93336874851292
30817,94.39006567539099
30818,21.124299058077742
30819,116.11439896910944
30820,-91.54375077859345
30821,-8.754338222518264
30822,11.554506758579446
30823,69.40402131060696
30824,-453.056971708478
30825,-34.86354922709433
30826,25.263001456843018
30827,50.618321944372376
30828,-29.970956311282347
30829,-9.031295314577267
30830,-26.724609820986462
30831,114.575862464263
30832,98.37491179275025
30833,99.09804683904396
30834,6.261908558482747
30835,64.74218650769035
30836,150.45486841047972
30837,119.8684606643597
30838,-88.66668041104292
30839,48.741291096747254
30840,133.8538861454686
30841,-5.261842729343691
30842,2.20013430042048
30843,12.60071894845484
30844,244.737224165201
30845,-66.75770905595179
30846,-113.89890008791927
30847,60.03423165325103
30848,322.8186555576233
30849,115.4989738434854
30850,80.0507812707337
30851,361.94400799413586
30852,-116.05286171838976
30853,41.771638381954126
30854,-18.401058662719567
30855,70.54252622195507
30856,-214.9508796060777
30857,95.77477220804506
30858,73.89658263292061
30859,177.33333451287217
30860,-96.15938660234644
30861,38.494536420905234
30862,12.169931884203486
30863,30.909484889701726
30864,-38.14067749735687
30865,45.98726892142242
30866,7.692735142659528
30867,63.60368159634225
30868,-153.10115435592124
30869,15.093174921704012
30870,-47.20272828268716
30871,62.41897770583053
30872,-38.38685280944922
30873,-104.20603328698164
30874,-147.1777401402172
30875,18.477986803422574
30876,-55.726282083096415
30877,-75.98900701267142
30878,-190.5648694769344
30879,-1.3385338627040966
30880,275.10821206998173
30881,-77.20446637393616
30882,-116.77599676468347
30883,-122.37630752759218
30884,160.80930669777774
30885,-133.93081428617162
30886,-20.72426746457939
30887,-55.987848285172085
30888,-145.71610546686009
30889,-18.801090256217922
30890,-35.355873542065375
30891,-139.74654489041967
30892,-22.41668656004549
30893,-50.46446566296637
30894,8.43126107893656
30895,7.692735142659529
30896,-123.14558893462222
30897,54.31084638890295
30898,46.04880617214209
30899,37.8021831545782
30900,-315.8644200420271
30901,54.49545814106198
30902,113.79121647646326
30903,165.51726155221706
30904,-278.38531403103065
30905,-28.72474147926458
30906,-32.15572603093314
30907,54.372357330408974
30908,-147.11620288949752
30909,99.12882861901062
30910,108.72937638926193
30911,288.5089942054333
30912,-416.36253799449486
30913,-1.584709174796437
30914,43.633278339595925
30915,88.02047350545223
30916,-232.41343599959154
30917,-3.323248321785239
30918,-19.524198993297976
30919,96.49788094512512
30920,-325.8649994057768
30921,49.24900630170162
30922,-69.23477413921762
30923,32.97112748948588
30924,18.708771225531585
30925,71.58876472104411
30926,29.078600402812945
30927,50.125971320187695
30928,12.739184339877529
30929,5.78494882428139
30930,-31.047950281124407
30931,47.04887200128115
30932,182.62595902218254
30933,-14.693169637419306
30934,-46.69498676851914
30935,26.093820114592745
30936,48.325868613265584
30937,-115.7759309355444
30938,-31.47876365458943
30939,-120.89930827346541
30940,54.63392353248465
30941,-196.8267517262035
30942,-129.93057727882905
30943,-94.32852842467132
30944,157.16292861398352
30945,-92.48227935701284
30946,-137.4233097793462
30947,68.31166275999523
30948,47.03348111129782
30949,34.940477367797335
30950,23.939858484122258
30951,38.46378095015223
30952,-140.25426009537404
30953,26.139966475329082
30954,13.07767868265621
30955,27.816968371598215
30956,-256.7532997679985
30957,-102.68286136290486
30958,-42.27935358690851
30959,30.494062406220046
30960,-46.741159438469126
30961,3.4617400224215658
30962,-27.10925052450149
30963,18.816481146201248
30964,-178.4564748434506
30965,-73.8196544922176
30966,-28.509321637925254
30967,111.32951597396712
30968,-34.63276480498532
30969,-163.3940553924996
30970,-91.22064732579811
30971,-6.092661387093404
30972,-300.3558226368414
30973,-383.02216069147727
30974,-182.9490624749779
30975,-226.45924000392083
30976,173.4869537869356
30977,-14.016180951861948
30978,-278.63148934312295
30979,-447.28738746496623
30980,150.77794555406146
30981,-5.754193353528374
30982,-15.52398829516903
30983,34.29429677142029
30984,-61.18815376379609
30985,90.00518796453336
30986,-27.324644056627168
30987,29.69402552843699
30988,-15.631698215838696
30989,-12.262250914889815
30990,54.680069893221
30991,98.05180833995489
30992,-166.97889622557415
30993,115.05279588925069
30994,54.69546078320433
30995,159.22457121376766
30996,-448.05669518120993
30997,138.73108817129727
30998,88.46665145968693
30999,240.73698715785844
31000,-265.07687723547906
31001,27.678529289389182
31002,52.61842729343685
31003,64.92682456906302
31004,-73.35808564799959
31005,-25.524541349705046
31006,57.09562403498081
31007,241.4755130941355
31008,-221.84360418016783
31009,-100.11347724895269
31010,34.817402866357995
31011,91.9283914821085
31012,-352.9127126795586
31013,-13.846960089686258
31014,-2.861705786780856
31015,8.12354851612454
31016,-459.21117034629106
31017,-1.1693130005284011
31018,-52.35688740057482
31019,-24.786041722641663
31020,-131.5306773436088
31021,50.18750857090737
31022,10.692932630076712
31023,18.07795520992422
31024,-136.16173036655877
31025,-2.7847776460778526
31026,-0.6154251256240357
31027,50.849106366481394
31028,71.2195149075124
31029,2.4463096125128203
31030,-57.06484225501415
31031,79.37381889438998
31032,209.01210080960396
31033,-78.29685123376156
31034,-99.80576468614069
31035,33.86348339795528
31036,102.15975526796716
31037,-39.40228321935797
31038,-80.57391367488503
31039,-139.51576046831067
31040,120.49927667996705
31041,-32.12491794175283
31042,-70.57330800192173
31043,-148.57781125364093
31044,-223.62831599710665
31045,-75.11204199418535
31046,-38.0791402466372
31047,11.662216679249111
31048,-241.1985560020765
31049,-52.09532119849915
31050,15.277812983076686
31051,16.616346845780775
31052,-132.66920856417056
31053,21.17044541881409
31054,0.9385022692057401
31055,-19.662690693934305
31056,-3.723279915283584
31057,16.785567707956467
31058,-26.04764744464275
31059,13.508465746907575
31060,-69.52709581204633
31061,4.1848750687152645
31062,6.646549261997768
31063,-76.98907284181048
31064,85.3280148900607
31065,-16.708665876467116
31066,-91.49757810864348
31067,14.985491310247994
31068,22.355123000112172
31069,-46.67962218774946
31070,-147.3315964216232
31071,-55.77248106226005
31072,160.07080707071435
31073,-71.01951226537007
31074,17.139452940718478
31075,-267.53855142876154
31076,215.38169297954272
31077,-6.000342356407073
31078,-2.923243037500532
31079,22.478223810765165
31080,-31.15563389258043
31081,-4.815664775108987
31082,-3.815598945969924
31083,-10.231363785858683
31084,-86.71269511350116
31085,39.433038690110976
31086,51.27989343073276
31087,71.26566126824876
31088,-262.2767086994179
31089,106.99081093305948
31090,37.69447323390854
31091,40.07924559570168
31092,-286.2165408743265
31093,2.5386286431991536
31094,19.816520666126664
31095,61.54201268734445
31096,-85.06644868798502
31097,-3.492521802388225
31098,2.7078495053748455
31099,72.23494531742116
31100,-224.52067190557602
31101,3.307883741015555
31102,128.77668147749762
31103,96.29787830298277
31104,-454.41089646116535
31105,-63.6960006270286
31106,101.99050809657783
31107,132.23842149991918
31108,-111.80647570816848
31109,115.82207729628075
31110,27.893922821514863
31111,148.2393432200759
31112,12.800747899810851
31113,79.98924402001403
31114,37.448297921816184
31115,55.680135722360056
31116,-47.03348111129782
31117,79.681531457202
31118,100.77504873531308
31119,80.22002844212304
31120,-6.184980417779739
31121,73.72733546153127
31122,38.89454170518995
31123,46.86423393990847
31124,-11.16986605506442
31125,204.02718886310564
31126,48.21815869259591
31127,28.98628137212661
31128,19.92420427758269
31129,68.63473990357693
31130,-1.8616399576417955
31131,95.22091064235435
31132,299.0634351348737
31133,131.1768184200604
31134,43.38712933671724
31135,21.016589137408083
31136,127.93047192976455
31137,30.86331221975174
31138,-8.323551158266897
31139,10.062116614469343
31140,82.49706457403286
31141,56.249414487247755
31142,33.09422830013888
31143,63.46521620491958
31144,43.15631860539457
31145,4.154093288748603
31146,20.524264822437036
31147,83.78945207600061
31148,-24.524475520565993
31149,63.942149629907284
31150,15.662453686591707
31151,-19.047239259096614
31152,97.82105022705953
31153,132.16149335921617
31154,38.4483900601689
31155,195.27282433137373
31156,65.35763794252803
31157,181.8874330859055
31158,44.879519480827334
31159,94.49777559606065
31160,-5.692629793595051
31161,83.89716199667029
31162,41.34085131770277
31163,91.88224512137214
31164,11.416041367156765
31165,16.508636925111112
31166,-54.74163345315432
31167,47.35658456409317
31168,258.614966034854
31169,1.8770308476251252
31170,-18.27798416128022
31171,-59.357295586120955
31172,205.25801280514008
31173,11.78529118068846
31174,48.61819028609426
31175,54.618532642501336
31176,121.86856601342416
31177,32.14033514094981
31178,99.590371154015
31179,60.234260604607016
31180,38.86378623443693
31181,73.38886742796623
31182,149.59326797276333
31183,100.52887342322073
31184,-66.2346029610141
31185,158.57841692660426
31186,180.41043383177873
31187,195.81132131629477
31188,-124.0994820938113
31189,113.46808671445426
31190,89.91289524306069
31191,339.81964310691905
31192,-105.85227971249773
31193,37.77140137461154
31194,149.07016187782563
31195,369.99062836955744
31196,-104.0675415863453
31197,135.4232307394954
31198,253.26080427482393
31199,352.38960658462094
31200,-77.48139715678151
31201,259.6611782247294
31202,1.3539247526874245
31203,104.20603328698164
31204,-86.31268982921644
31205,109.3140197349193
31206,89.46671728882598
31207,99.46729665257566
31208,-18.585670414878592
31209,152.22416302822154
31210,76.83521656040448
31211,152.74729543237288
31212,-5.784948824281386
31213,153.4242578087166
31214,52.510717372767196
31215,130.59217507440306
31216,174.8716603195897
31217,38.8483953444536
31218,13.03150601270622
31219,118.1606769881239
31220,147.54698995374886
31221,7.861982314048866
31222,-1.3385338627040966
31223,57.20330764643683
31224,240.01387842077835
31225,50.55678469365271
31226,-16.508663234324757
31227,-3.000171178203537
31228,195.48821786349941
31229,-11.000645192888728
31230,-128.4227962447356
31231,23.01669448647256
31232,509.6910005900271
31233,81.34316877270145
31234,-4.077138838831954
31235,64.06522413134664
31236,45.29494196430901
31237,118.97610475589029
31238,69.46555856132665
31239,75.21972560564137
31240,-51.756853164934114
31241,116.20671799979577
31242,45.91034078071941
31243,81.2508497420151
31244,13.877741869652915
31245,25.616860380391387
31246,30.37098790478069
31247,91.77453520070249
31248,10.416001847231353
31249,30.909484889701734
31250,1.4616346733570893
31251,20.50887393245371
31252,-60.711194029594736
31253,30.355623324011017
31254,-126.79196701841649
31255,64.38832758414199
31256,47.34119367410983
31257,-36.3867211511711
31258,-97.71334030638988
31259,-105.39071086827971
31260,189.93405346132707
31261,-30.586381436906386
31262,-144.60838233547864
31263,-82.68170263540551
31264,-70.05020190698401
31265,-129.638281915214
31266,-231.82879265393416
31267,-429.60946384854043
31268,14.170037233267958
31269,-8.092793045371527
31270,9.862113972326988
31271,-47.833517989080875
31272,31.60181184681513
31273,68.41934637145123
31274,37.41754245106318
31275,104.45220859907397
31276,55.926311034452404
31277,43.63327833959594
31278,126.85347795992249
31279,110.14481208345538
31280,-253.47617149773595
31281,146.11613706035845
31282,229.96712638707874
31283,206.71964747849717
31284,-104.00603064483926
31285,71.3887357696881
31286,123.4225197174676
31287,320.6339384563998
31288,-178.01029688921588
31289,55.84938289374941
31290,50.91064361720107
31291,171.68685108001347
31292,-9.446691488845303
31293,1.7077836762357848
31294,154.193512906533
31295,481.0739690314322
31296,-334.2962604847134
31297,73.38886742796623
31298,205.10415652373405
31299,104.68296671196934
31300,-226.5823408145738
31301,47.38734003484618
31302,20.293480400328022
31303,71.92723275460915
31304,-25.616860380391394
31305,76.08132604335775
31306,9.200542485966608
31307,-4.384877710857621
31308,-88.14357431610522
31309,13.631540248346925
31310,20.031940507465993
31311,21.12429905807775
31312,10.246754675842013
31313,5.200305478624012
31314,-10.292901036578357
31315,-43.52559472813991
31316,137.22330713720385
31317,-86.12805176784377
31318,-68.75784071422993
31319,199.79616743365403
31320,135.91555505446644
31321,-134.94627100529402
31322,-144.0852499313273
31323,-91.92839148210848
31324,-1.2769966119844227
31325,-33.29423094228123
31326,-129.56132746529732
31327,-135.65398885239077
31328,98.5441589641396
31329,9.769794941640656
31330,-38.248361108812894
31331,0.04614636073634415
31332,-9.492864158795296
31333,15.662453686591707
31334,-9.508228739564979
31335,52.55689004271718
31336,-128.43821344393257
31337,45.756484499313395
31338,45.78726627928006
31339,77.65064432817086
31340,81.12777524057576
31341,21.89358046510779
31342,-32.74034306737687
31343,-7.585051531203508
31344,-125.33033234505938
31345,-13.570002997627252
31346,13.293072214781892
31347,12.569963477701833
31348,-145.16224390116938
31349,-10.631369070143391
31350,-84.72798065442
31351,-25.370685068299043
31352,-60.157306154690374
31353,-201.05777315565513
31354,-225.10531525123338
31355,-185.22609860688775
31356,-47.033481111297824
31357,-144.10064082131063
31358,-572.2946426664439
31359,-225.7053494868741
31360,123.20712618534192
31361,-84.2356300302353
31362,-241.0600906106538
31363,-401.3155094335272
31364,125.94575747068342
31365,-44.217947994466954
31366,-43.61791375882624
31367,-148.88552381645297
31368,62.849791079295535
31369,-104.05217700557561
31370,-9.354398767372617
31371,-11.46218772789311
31372,-214.47394618108999
31373,43.587131978859574
31374,21.86279868514113
31375,57.94180727350021
31376,-384.32991277421473
31377,26.83231974165613
31378,34.46351763359598
31379,45.58726363713771
31380,-222.3359284951389
31381,35.12511542917001
31382,27.170787775221154
31383,269.96944384207734
31384,-143.00825596148525
31385,-47.67968801688851
31386,5.477262570683013
31387,15.077810340934331
31388,284.2603416454373
31389,334.7404484164413
31390,363.58831701557256
31391,433.06893732118726
31392,-0.9097105117458
31393,291.03054477262407
31394,336.12545778557705
31395,339.0794562938306
31396,170.53096525617534
31397,194.64007091168693
31398,210.8720535812207
31399,314.216486430486
31400,195.37912359328635
31401,291.9533796245785
31402,348.67975384602755
31403,339.17149879724894
31404,270.89064412643404
31405,285.030202416217
31406,320.77074297101103
31407,339.1566872710153
31408,368.68088626431324
31409,251.65846396948308
31410,275.4444398629857
31411,358.8951210689396
31412,406.54261836030776
31413,354.87720202582864
31414,330.180859042393
31415,437.8019066273102
31416,575.6702356333917
31417,360.856965527719
31418,316.94730945981377
31419,323.68587491601625
31420,590.1921434809047
31421,358.08526131662586
31422,340.0200767052046
31423,269.8479327150669
31424,449.32431706461034
31425,221.75906571134348
31426,170.40136193967638
31427,292.2072582840952
31428,155.40502639420387
31429,318.6443696142798
31430,453.78948453421685
31431,459.8980898658296
31432,110.53372599707873
31433,233.89584088211234
31434,256.4982979218162
31435,220.58798345031045
31436,-243.83165965660868
31437,124.22095366913999
31438,68.72573253542059
31439,-28.3411506473242
31440,355.36146877943827
31441,294.2334170115945
31442,260.4631085353432
31443,426.71884340541004
31444,288.8523271108615
31445,334.67123106112587
31446,204.03290962598646
31447,288.22266982275346
31448,245.32019655394149
31449,357.5409360180923
31450,226.61087227387387
31451,237.15108104083026
31452,449.62959145896895
31453,428.4594225674229
31454,346.5167989228304
31455,355.4566574069527
31456,458.54010341789194
31457,322.90150545548454
31458,364.5041731933173
31459,347.3034858383608
31460,474.77183586937133
31461,332.19492002667346
31462,405.24529311186103
31463,438.90937954063725
31464,450.2028994608907
31465,443.51078320190624
31466,343.8281193264186
31467,374.73757790690667
31468,298.6870336435155
31469,417.87938782254923
31470,395.89321179948706
31471,495.1761732271717
31472,29.61135465546124
31473,470.5605374034187
31474,370.23194314960836
31475,352.5386023339855
31476,146.95806543979975
31477,413.1278805896402
31478,396.3573746259718
31479,374.833373120091
31480,37.55260887442546
31481,316.3539247526874
31482,253.59675554055988
31483,402.4831352480305
31484,124.38956352607892
31485,392.5745720784855
31486,280.66041275886107
31487,347.81845624479286
31488,2862.0496303899163
31489,3275.473534456927
31490,3559.4284037801135
31491,3697.220989682205
31492,3372.2175907141445
31493,3647.4489035947795
31494,3559.0899357465487
31495,3692.574598387699
31496,3562.813215661832
31497,3646.1718806735817
31498,3632.8788084587995
31499,3639.202280577216
31500,3577.952563253486
31501,3625.7245439918474
31502,3607.3081207483583
31503,3648.725900206764
31504,3521.4877552341127
31505,3588.291610650801
31506,3589.583998152769
31507,3603.5078863831577
31508,463.2532725460782
31509,349.8304763013426
31510,276.85499042912744
31511,447.24917747990514
31512,809.4689838386007
31513,258.8516459049075
31514,276.51478430431337
31515,156.50667321181805
31516,177.61026529571757
31517,-139.577324028244
31518,-87.95890994551891
31519,-178.85650643694893
31520,26.586170738777433
31521,-25.58610490963837
31522,-38.402243699432546
31523,-76.46594043765913
31524,-128.7151179175643
31525,-45.2333784043757
31526,-39.248426937951955
31527,-9.431300598861975
31528,-266.33848295748015
31529,-104.03678611559228
31530,-23.60136414134358
31531,7.677370561889844
31532,-39.571530390747306
31533,-13.400782135451555
31534,-38.10989571739021
31535,-9.400545128108963
31536,-133.0846047384386
31537,-23.47828963990423
31538,-14.50853157604664
31539,23.15518618710888
31540,-100.83658598603274
31541,-12.477644447015503
31542,-94.57470373676365
31543,17.07791568999881
31544,-307.8639460273419
31545,-81.08162887983941
31546,-264.923020954073
31547,-92.31303218562351
31548,-15.662453686591707
31549,-63.295969033530234
31550,-118.45299866095259
31551,-46.11034342286176
31552,23.324433358498226
31553,-45.7564844993134
31554,-27.740066540108852
31555,-251.06066997440345
31556,104.3444986784043
31557,-51.91068313712648
31558,13.616175667577243
31559,17.385628252810825
31560,327.97281467551096
31561,159.80924086863868
31562,0.8000368777830609
31563,-56.83405783290513
31564,-117.74525450464222
31565,-16.18553347231576
31566,14.077744511795267
31567,250.6298829101521
31568,-239.7984848886527
31569,-51.756853164934114
31570,-75.03511385348234
31571,38.34068013949923
31572,-731.2730648773329
31573,91.05142646362242
31574,44.2640943552033
31575,55.003199655230006
31576,-661.7305781753032
31577,-51.94146491709314
31578,45.49491829723773
31579,84.2356300302353
31580,-290.2937323315857
31581,2.6309213646718455
31582,63.83446601845126
31583,360.12851439723045
31584,-291.3399445214611
31585,-487.45895209135426
31586,-182.2566828994372
31587,75.66590355987607
31588,-220.3358231460744
31589,16.81634948792313
31590,0.18463806137267014
31591,31.432564675425784
31592,-176.9486938093572
31593,37.90989307524786
31594,-25.247636876073344
31595,14.939318640298005
31596,-112.1449437417335
31597,90.17446144513636
31598,48.72590020676392
31599,26.740000710969795
31600,-111.23719694328076
31601,7.3850488890611565
31602,-8.29279568751388
31603,-63.849856908434596
31604,37.27907705964049
31605,-23.909076704155595
31606,-160.04002529074768
31607,-360.4977642107621
31608,207.7350778884059
31609,-138.16183571562323
31610,-631.3441993805393
31611,-751.2434418248655
31612,273.0619340509673
31613,-89.420544618876
31614,-199.98080549502671
31615,-210.41217192302773
31616,102.09819170803385
31617,-37.67910865313885
31618,-48.2950868332989
31619,-27.50928211799984
31620,-195.87285856701445
31621,-59.111120274028615
31622,-43.67942470033227
31623,-43.55635019889292
31624,-522.0147887556366
31625,36.81750821542247
31626,1.5385365048464479
31627,-16.324025172952087
31628,-136.0540204458891
31629,-49.37210711235463
31630,-12.61610983843818
31631,45.00259398226668
31632,-169.50210766957633
31633,69.2193832492343
31634,-26.355386316668415
31635,31.155633892580425
31636,-107.52928160876687
31637,-55.58781669167373
31638,-155.99361561345512
31639,-9.677475910954321
31640,-16.600955955797446
31641,-7.954301344735203
31642,-2.3693814718098167
31643,5.477236261469368
31644,58.95723768340895
31645,27.093859634518157
31646,-36.325157591237776
31647,-14.016180951861948
31648,298.89421427269804
31649,-27.140032304468143
31650,-26.01689197388974
31651,-78.7891755487326
31652,90.45136591876806
31653,-48.47972489467158
31654,-53.78774029396525
31655,-67.00388436804415
31656,-125.33033234505938
31657,-46.079587952108746
31658,-36.00208044765607
31659,-64.465255724845
31660,-174.6254586982837
31661,-35.18665267988969
31662,37.63296229240251
31663,69.51170492206299
31664,-140.80814797027844
31665,16.508663234324757
31666,-70.58869889190505
31667,4.692590273669641
31668,-302.3405634051362
31669,40.54081443991971
31670,115.42207201199604
31671,89.37439825813964
31672,-280.63162100140113
31673,67.71162852435452
31674,37.202148918937496
31675,112.49882897449551
31676,-173.77927545976428
31677,81.72780947621646
31678,52.433789232064186
31679,176.71790938724814
31680,-447.1950947434936
31681,-192.62651207671857
31682,32.43263050456484
31683,194.16507489077864
31684,-24.909116224081007
31685,93.55924701764127
31686,33.92504695788859
31687,101.82126092518848
31688,-1.7693209269554586
31689,112.00647835031083
31690,24.647576331218982
31691,251.89148863215317
31692,126.17651558357878
31693,44.58719780799864
31694,139.408050547641
31695,203.0425139239499
31696,90.48217400794836
31697,115.40668112201271
31698,113.86811830795261
31699,246.0911489178885
31700,210.8429589872791
31701,147.9162397672806
31702,30.109421702705024
31703,101.9597526258248
31704,198.949957885921
31705,34.64815569496865
31706,41.66395477049811
31707,60.01884076326769
31708,77.8198914995602
31709,137.30026158712053
31710,-28.32470988576623
31711,9.323616987405956
31712,265.76920419259244
31713,77.2198572639195
31714,35.89439683620006
31715,29.524804666261296
31716,23.201332547845226
31717,56.74173880221879
31718,88.25125792756123
31719,27.555454787949834
31720,-42.110106415519155
31721,97.62102127570354
31722,23.95522306489194
31723,81.68163680626647
31724,-62.21897506368817
31725,75.45051002775038
31726,16.416317894424775
31727,44.894884061597025
31728,-38.44839006016888
31729,40.325420907794026
31730,-124.63797907873234
31731,89.1743956159973
31732,-367.3443161149022
31733,-65.1114626304357
31734,-61.8343606693868
31735,-28.463175277188913
31736,-20.293480400328022
31737,-42.51016431823116
31738,-344.066055426354
31739,-113.09886321013623
31740,-1.8770308476251216
31741,43.60252286884291
31742,-13.677712918296914
31743,65.20378166112202
31744,245.3064766208751
31745,-45.033349453019696
31746,-276.7390676055145
31747,-315.1874576656834
31748,335.7732597388401
31749,49.07975913031228
31750,14.631606077485984
31751,-325.83421762581014
31752,170.24060729663972
31753,90.38982866804838
31754,108.36010026651658
31755,86.55886514130877
31756,-10.077507504452669
31757,143.5313883656366
31758,94.68238734821966
31759,43.23327305531122
31760,-215.84326182376074
31761,-13.246925854045552
31762,79.74306870792168
31763,185.4261275582437
31764,-70.17330271763701
31765,53.37231781048357
31766,158.88610318020264
31767,204.93493566155837
31768,-97.62102127570354
31769,-5.384943539996682
31770,-1.5077810340934334
31771,131.1306720593241
31772,-18.277984161280223
31773,220.76661021032578
31774,73.75811724149793
31775,346.17387069608816
31776,-21.55508612232911
31777,154.82435523135402
31778,338.7734309170437
31779,145.31610018257538
31780,-50.34136485231337
31781,224.136031202061
31782,47.47965906553251
31783,187.33391387662186
31784,-33.95580242864161
31785,113.79119016724961
31786,142.73132517863988
31787,228.22858724008992
31788,7.492732500517178
31789,74.03504802434328
31790,140.66968257885574
31791,186.4723134389055
31792,110.05251936198269
31793,21.893580465107796
31794,-4.969521056514997
31795,134.25391773896698
31796,-1.3077783919510804
31797,103.0213293964699
31798,70.2348399683567
31799,131.3460655914498
31800,18.416449552702893
31801,99.19036586973029
31802,-46.048806172142086
31803,207.08889729202883
31804,223.68987955703997
31805,61.54201268734446
31806,22.63208009217118
31807,11.231429614997742
31808,184.1798864170123
31809,80.94313717920308
31810,36.01747133763941
31811,9.800576721607314
31812,187.1492758152492
31813,40.356176378547026
31814,74.60432678923098
31815,13.539247526874238
31816,21.632040572245764
31817,61.66508718878381
31818,99.46729665257564
31819,71.23490579749576
31820,122.26862391613616
31821,52.67996454415652
31822,-67.60391860368485
31823,-216.53561509008782
31824,28.063143683690562
31825,-0.600034235640706
31826,-130.9152522179848
31827,65.37300252329771
31828,-65.31146527257803
31829,50.06443406946801
31830,-16.52402781509444
31831,-8.000447705471545
31832,-163.71715884529496
31833,25.078363395470348
31834,-108.5139565479226
31835,-110.76023720907942
31836,-8.969758063857594
31837,27.893922821514863
31838,-78.5891465973766
31839,-227.12083779949486
31840,153.4550132794696
31841,5.64645712364506
31842,-27.15542319445148
31843,-118.66839219307829
31844,249.1528573468117
31845,10.20058200589202
31846,23.016720795686204
31847,-154.23968557648297
31848,-26.94000335311215
31849,45.89494989073607
31850,5.107986447937677
31851,-71.51183658034111
31852,-89.52825453954566
31853,-90.45139222798171
31854,65.09607174045235
31855,40.4638862992167
31856,-76.52750399759246
31857,97.42101863356118
31858,114.652790604966
31859,35.67900330407437
31860,-217.9664416742646
31861,-131.60760548431182
31862,6.184954108566103
31863,238.1676293531199
31864,42.75631332110987
31865,-0.5692787648876916
31866,19.83191155611
31867,240.36773734432677
31868,66.6038527745458
31869,193.5804315451213
31870,220.12042961394872
31871,342.8967424258256
31872,-134.96166189527736
31873,4.400268600840953
31874,232.5519013910142
31875,148.85476834569997
31876,-126.93040610062549
31877,85.38955214078038
31878,27.83238557079519
31879,208.3812847939966
31880,-401.26936307279084
31881,-49.356689913157645
31882,123.51483874815393
31883,152.9319071845319
31884,72.4195570695802
31885,72.66573238167253
31886,71.9733791153455
31887,51.18757440004642
31888,-10.4621482079677
31889,57.972589053466876
31890,-65.11146263043568
31891,15.739381827294713
31892,99.35958673190598
31893,17.677949925639513
31894,0.492350624184688
31895,-137.71565776138854
31896,195.50360875348275
31897,-2.184743410437145
31898,-215.28937394885642
31899,-718.2107507754464
31900,-165.07108359798238
31901,-57.003305004294475
31902,-293.9400841061663
31903,-661.4382565024746
31904,-44.01791904311096
31905,-149.10091734857866
31906,-365.7442160501225
31907,-192.68807563665186
31908,-180.65660914387107
31909,-77.7737188296102
31910,-21.4012298409231
31911,42.61784792968718
31912,-57.126379505733816
31913,37.72525501387519
31914,29.109355873565963
31915,22.078192217266814
31916,-222.28978213440254
31917,62.419004015044166
31918,-30.955631250438074
31919,-2.0924506889644574
31920,-157.60910656821824
31921,80.74313453706073
31922,22.585933731434835
31923,83.94330835740662
31924,-65.04989907050235
31925,-40.402322739283385
31926,-198.56531718240595
31927,71.34258940895177
31928,159.42460016512365
31929,31.186415672547092
31930,-9.631303241004328
31931,54.618558951714974
31932,63.14211275212421
31933,30.124812592688354
31934,-49.09515002029562
31935,-22.278221168622814
31936,9.33898156817564
31937,-65.91149950821875
31938,-119.74538616292034
31939,-245.52189646221441
31940,-83.62023121382492
31941,-36.95599991605879
31942,-0.5692524556740448
31943,29.324749405691648
31944,32.386484143828504
31945,-26.924638772342465
31946,-48.54126214539126
31947,-12.708428869124514
31948,58.09566355490622
31949,22.108947688019832
31950,4.230995120237964
31951,97.31333502210516
31952,-223.58214332715664
31953,153.05500799518492
31954,58.86494496193626
31955,29.140137653532626
31956,-526.7843071700092
31957,182.77978899437488
31958,273.7542873172943
31959,408.10052408694764
31960,-202.08862076476083
31961,35.20204356987301
31962,-98.31337454203057
31963,72.06569814603182
31964,-211.6430221742758
31965,89.95906791301068
31966,151.76262049321716
31967,354.3281746829657
31968,332.3269106064019
31969,4.400268600840953
31970,232.5519013910142
31971,148.85476834569997
31972,-126.93040610062549
31973,85.38955214078038
31974,27.83238557079519
31975,208.3812847939966
31976,-401.26936307279084
31977,-49.356689913157645
31978,123.51483874815393
31979,152.9319071845319
31980,72.4195570695802
31981,72.66573238167253
31982,71.9733791153455
31983,51.18757440004642
31984,-10.4621482079677
31985,57.972589053466876
31986,-65.11146263043568
31987,15.739381827294713
31988,99.35958673190598
31989,17.677949925639513
31990,0.492350624184688
31991,-137.71565776138854
31992,195.50360875348275
31993,-2.184743410437145
31994,-215.28937394885642
31995,-718.2107507754464
31996,-165.07108359798238
31997,-57.003305004294475
31998,-293.9400841061663
31999,-661.4382565024746
32000,-44.01791904311096
32001,-149.10091734857866
32002,-365.7442160501225
32003,-192.68807563665186
32004,-180.65660914387107
32005,-77.7737188296102
32006,-21.4012298409231
32007,42.61784792968718
32008,-57.126379505733816
32009,37.72525501387519
32010,29.109355873565963
32011,22.078192217266814
32012,-222.28978213440254
32013,62.419004015044166
32014,-30.955631250438074
32015,-2.0924506889644574
32016,-157.60910656821824
32017,80.74313453706073
32018,22.585933731434835
32019,83.94330835740662
32020,-65.04989907050235
32021,-40.402322739283385
32022,-198.56531718240595
32023,71.34258940895177
32024,159.42460016512365
32025,31.186415672547092
32026,-9.631303241004328
32027,54.618558951714974
32028,63.14211275212421
32029,30.124812592688354
32030,-49.09515002029562
32031,-22.278221168622814
32032,9.33898156817564
32033,-65.91149950821875
32034,-119.74538616292034
32035,-245.52189646221441
32036,-83.62023121382492
32037,-36.95599991605879
32038,-0.5692524556740448
32039,29.324749405691648
32040,32.386484143828504
32041,-26.924638772342465
32042,-48.54126214539126
32043,-12.708428869124514
32044,58.09566355490622
32045,22.108947688019832
32046,4.230995120237964
32047,97.31333502210516
32048,-223.58214332715664
32049,153.05500799518492
32050,58.86494496193626
32051,29.140137653532626
32052,-526.7843071700092
32053,182.77978899437488
32054,273.7542873172943
32055,408.10052408694764
32056,-202.08862076476083
32057,35.20204356987301
32058,-98.31337454203057
32059,72.06569814603182
32060,-211.6430221742758
32061,89.95906791301068
32062,151.76262049321716
32063,354.3281746829657
32064,-705.9790448576005
32065,-161.37855915345182
32066,48.37204128321556
32067,40.80235433278173
32068,-30.86331221975174
32069,118.54531769163893
32070,187.21081306596886
32071,336.1579004423552
32072,-49.77211239663932
32073,16.04709439010673
32074,97.99027108923522
32075,387.77626190665296
32076,135.80784513379675
32077,224.25913201271402
32078,-13.57000299762725
32079,24.155252016247942
32080,36.72518918473613
32081,-25.570714019655043
32082,-28.278563525029888
32083,222.98210909151592
32084,-29.617097387733978
32085,-8.615872831095587
32086,-89.95904160379702
32087,0.753890517046699
32088,211.0583525194048
32089,-196.96524342683986
32090,-129.28439668245198
32091,-56.94176775357481
32092,372.79079690561855
32093,-64.89604278909634
32094,-106.1753831652931
32095,-89.71286629170469
32096,422.0244123173369
32097,83.97409013737327
32098,-82.69709352538887
32099,-62.72671657785619
32100,37.46371512101316
32101,7.061945436265807
32102,36.00208044765608
32103,88.34357695824757
32104,-122.13013221549984
32105,42.24859811615549
32106,97.85180569781254
32107,32.924981128749536
32108,-217.87412264357826
32109,-34.30966135218998
32110,38.140677497356876
32111,-82.74323988612521
32112,-74.25044155646896
32113,99.34422215113631
32114,-4.69256396445599
32115,44.32563160592297
32116,-16.293243392985424
32117,-3.3386655209822163
32118,-73.28115750729657
32119,155.33207043630838
32120,30.21713162337469
32121,-101.62125828304613
32122,-176.34865957371647
32123,-55.264739548092024
32124,100.12886813893601
32125,-13.13921593337588
32126,-114.28351448222065
32127,-62.757472048609195
32128,87.20504573768585
32129,-56.21865901649474
32130,-95.40552239451338
32131,-373.46773297274865
32132,61.55740357732779
32133,-149.73173336418603
32134,-118.62224583234195
32135,-185.11838868621805
32136,-103.48292454990157
32137,-26.64768168028346
32138,36.20208308979843
32139,34.371224912123296
32140,-39.69457858297301
32141,1.6154909547630982
32142,-43.64869553879291
32143,54.156990107496945
32144,-329.665233770977
32145,-1.8001027069221252
32146,50.772151916564745
32147,-5.677238903611723
32148,-421.9782396473869
32149,-38.694539063047586
32150,50.310609381560354
32151,121.91473868337417
32152,-268.1847583343523
32153,-23.32443335849822
32154,69.742489344172
32155,16.754812237203463
32156,-54.018498406860616
32157,20.00115872749933
32158,47.84890887906421
32159,124.08409120382797
32160,-449.37983815393073
32161,78.81993101948561
32162,52.55686373350353
32163,65.55764058467037
32164,-94.34391931465464
32165,30.001738091249003
32166,-52.69535543413986
32167,116.79138765466679
32168,-225.64381223615445
32169,16.37017153368843
32170,4.3233404601379455
32171,46.77191490922215
32172,-48.61819028609426
32173,58.988019463375615
32174,-17.508702754250173
32175,-108.68320371931193
32176,-86.23576168851342
32177,0.5846433456573781
32178,-47.556613515449165
32179,-19.308805461172295
32180,-40.64852436058937
32181,43.44866658743691
32182,-34.971259147764
32183,40.710035302095406
32184,243.29098038182727
32185,-120.62235118140642
32186,-119.19149828801598
32187,-178.0102968892159
32188,139.56190682904702
32189,-124.94569164154436
32190,-249.522133469557
32191,-89.14361383603064
32192,65.00377901897967
32193,-57.68024107142454
32194,6.138807747829752
32195,-41.18699503629675
32196,-29.89402817057934
32197,-3.9079179766562593
32198,-86.88194228489048
32199,-22.170511247953144
32200,-112.91422514876356
32201,19.370369021105613
32202,-83.05095244893722
32203,-6.3695921699387625
32204,-153.00883532523488
32205,-12.246860024906486
32206,-1.630881844746428
32207,-3.5232772731412414
32208,22.0012640765638
32209,-48.01815605045355
32210,-50.83368916728442
32211,50.12597132018769
32212,-311.27953968902716
32213,-38.92532348515661
32214,-100.49811795246772
32215,1.6308818447464297
32216,-37.909893075247865
32217,-74.92740393281268
32218,-194.98050265854505
32219,-218.52032954916896
32220,-8.215867546810877
32221,-54.818561593857325
32222,-105.6522770703554
32223,-145.06992487048302
32224,120.79159835279577
32225,-229.52097474205766
32226,-166.59425552205914
32227,-712.2411901990059
32228,-109.4678760163253
32229,-139.65422585973334
32230,-54.40313911037564
32231,-37.57139873246919
32232,-81.80471130770582
32233,-136.36173300870112
32234,-41.04852964487408
32235,-132.37688689134185
32236,-93.48231887693825
32237,-41.571635739811775
32238,156.62443162906249
32239,14.662387857452647
32240,-275.9697861984845
32241,92.09763865349782
32242,1.123140330578405
32243,9.277470626669608
32244,-265.0614863454957
32245,-61.40357360513542
32246,105.19068191692371
32247,128.8536096182006
32248,-127.77661564835854
32249,142.16207272296583
32250,-66.38843293320646
32251,84.57412437301399
32252,-214.07391458759164
32253,-56.034020955122074
32254,16.939450298576123
32255,264.415279439905
32256,-218.48957407841593
32257,45.06413123298636
32258,171.8407073614195
32259,277.0006338075902
32260,-14.416212545360302
32261,97.29794413212183
32262,106.4984603088748
32263,228.07473095868392
32264,-120.29927403782472
32265,34.21736863071729
32266,74.69661951070366
32267,230.36715798057708
32268,-39.57150408153366
32269,1.1539221105450714
32270,69.11169963777827
32271,18.52413316415892
32272,39.448429580094306
32273,118.43760777096927
32274,106.76002651095048
32275,192.65729385668524
32276,96.22095016227978
32277,-21.12429905807775
32278,77.65064432817086
32279,168.00971752546624
32280,426.9477607039019
32281,-0.41539617426803943
32282,3.4617137132079208
32283,-31.186415672547092
32284,312.9565415852963
32285,6.954235515596139
32286,-7.431195249797499
32287,-160.16309979218704
32288,155.30128865634174
32289,139.43883232760766
32290,74.60430048001733
32291,106.71385384100049
32292,10.769834461566077
32293,164.91722731657637
32294,128.99204870040967
32295,289.20134747176036
32296,-95.12859161166803
32297,177.68719343642056
32298,193.85736232796663
32299,147.14695836025052
32300,-75.49665638848671
32301,96.6363463365478
32302,76.5582857775591
32303,226.1361628603391
32304,-57.60333923993518
32305,146.8084903266855
32306,40.61774258062271
32307,205.7965097900611
32308,-70.40408713974604
32309,26.27845817596541
32310,3.8617453067062684
32311,182.71825174365523
32312,-24.06293298556161
32313,-5.307989090080029
32314,34.294296771420285
32315,9.5697922994983
32316,-95.03627258098167
32317,-72.9734712536982
32318,-2.7386312853415102
32319,80.66618008714407
32320,400.2846881336351
32321,3.461740022421564
32322,-35.2174081506427
32323,-139.16190154476232
32324,65.34224705254469
32325,37.29446794962383
32326,37.786792264594865
32327,53.895423905421275
32328,42.079350944766155
32329,48.92592915811992
32330,167.11736161699682
32331,33.07883741015554
32332,-5.508018041436035
32333,99.55961568326198
32334,104.17525150701496
32335,18.50874227417559
32336,-185.1491704661847
32337,211.24299058077744
32338,51.95682949786282
32339,156.45521076688678
32340,-339.8504248868857
32341,-27.663138399405845
32342,142.8082533193429
32343,234.79818205217106
32344,45.510335496434706
32345,69.83480837485834
32346,33.52501536439025
32347,245.46035921149473
32348,-230.90565496549814
32349,32.648050345904174
32350,95.65169770660572
32351,252.9530917120119
32352,-269.83100475986834
32353,-109.83712582985702
32354,24.047542095578276
32355,79.72767781793834
32356,5.292624509310347
32357,33.23269369156155
32358,-32.524975844464834
32359,33.74040889651593
32360,-44.756444979387986
32361,48.84897470820327
32362,14.84699960961167
32363,15.52398829516903
32364,-230.24408347913774
32365,-45.49494460645137
32366,-30.186349843408028
32367,60.03423165325103
32368,-46.72576854848579
32369,46.67962218774945
32370,34.97123283855036
32371,36.98675538681181
32372,-63.88061237918762
32373,-46.34112784497078
32374,-10.200582005892022
32375,24.001395734841935
32376,36.92519182687848
32377,-119.06842378657663
32378,-191.38029724470078
32379,-94.12852578252895
32380,225.96691568894977
32381,92.51303482776585
32382,19.539589883281305
32383,32.632659455920844
32384,187.53391651876422
32385,5.092621867167994
32386,-33.278840052297895
32387,8.52355380040925
32388,208.84285363821462
32389,59.61883547898299
32390,127.5304403362662
32391,144.05446815136065
32392,-11.231403305784097
32393,66.52692463384278
32394,126.26883461426512
32395,295.63247689241877
32396,-81.88166575762246
32397,-55.018564235999676
32398,299.4788576183554
32399,104.32910778842098
32400,61.7881879994368
32401,48.7412647875336
32402,68.7732052949996
32403,128.53050616540526
32404,-55.218566878142035
32405,89.14361383603062
32406,31.478763654589425
32407,58.741870460496926
32408,-59.572662809033005
32409,20.708876574596065
32410,-4.938739276548336
32411,-8.29279568751388
32412,-11.80068207067179
32413,32.155699721719486
32414,-13.908497340405932
32415,24.601429970482638
32416,140.33118823607705
32417,-2.6309213646718437
32418,1.1539221105450697
32419,45.64877457864373
32420,143.06981952141857
32421,-3.323248321785236
32422,82.89709616753122
32423,46.77191490922213
32424,107.0984945445155
32425,117.20678382893485
32426,177.81029424707356
32427,91.20525643581477
32428,42.37167261759483
32429,55.603207581657045
32430,108.7909136399816
32431,171.53299479860746
32432,1.0154304099087454
32433,87.23580120843884
32434,120.5146675699504
32435,48.06432872040354
32436,-268.846303511499
32437,-91.00525379367244
32438,155.13204148495237
32439,168.73285257175996
32440,-167.67122318268758
32441,87.1896548477025
32442,144.68528416696802
32443,286.58579068785815
32444,59.35726927690732
32445,79.52767517579599
32446,177.3179436228889
32447,229.41326482138803
32448,138.46954827843524
32449,-109.83712582985702
32450,24.047542095578276
32451,79.72767781793834
32452,5.292624509310347
32453,33.23269369156155
32454,-32.524975844464834
32455,33.74040889651593
32456,-44.756444979387986
32457,48.84897470820327
32458,14.84699960961167
32459,15.52398829516903
32460,-230.24408347913774
32461,-45.49494460645137
32462,-30.186349843408028
32463,60.03423165325103
32464,-46.72576854848579
32465,46.67962218774945
32466,34.97123283855036
32467,36.98675538681181
32468,-63.88061237918762
32469,-46.34112784497078
32470,-10.200582005892022
32471,24.001395734841935
32472,36.92519182687848
32473,-119.06842378657663
32474,-191.38029724470078
32475,-94.12852578252895
32476,225.96691568894977
32477,92.51303482776585
32478,19.539589883281305
32479,32.632659455920844
32480,187.53391651876422
32481,5.092621867167994
32482,-33.278840052297895
32483,8.52355380040925
32484,208.84285363821462
32485,59.61883547898299
32486,127.5304403362662
32487,144.05446815136065
32488,-11.231403305784097
32489,66.52692463384278
32490,126.26883461426512
32491,295.63247689241877
32492,-81.88166575762246
32493,-55.018564235999676
32494,299.4788576183554
32495,104.32910778842098
32496,61.7881879994368
32497,48.7412647875336
32498,68.7732052949996
32499,128.53050616540526
32500,-55.218566878142035
32501,89.14361383603062
32502,31.478763654589425
32503,58.741870460496926
32504,-59.572662809033005
32505,20.708876574596065
32506,-4.938739276548336
32507,-8.29279568751388
32508,-11.80068207067179
32509,32.155699721719486
32510,-13.908497340405932
32511,24.601429970482638
32512,140.33118823607705
32513,-2.6309213646718437
32514,1.1539221105450697
32515,45.64877457864373
32516,143.06981952141857
32517,-3.323248321785236
32518,82.89709616753122
32519,46.77191490922213
32520,107.0984945445155
32521,117.20678382893485
32522,177.81029424707356
32523,91.20525643581477
32524,42.37167261759483
32525,55.603207581657045
32526,108.7909136399816
32527,171.53299479860746
32528,1.0154304099087454
32529,87.23580120843884
32530,120.5146675699504
32531,48.06432872040354
32532,-268.846303511499
32533,-91.00525379367244
32534,155.13204148495237
32535,168.73285257175996
32536,-167.67122318268758
32537,87.1896548477025
32538,144.68528416696802
32539,286.58579068785815
32540,59.35726927690732
32541,79.52767517579599
32542,177.3179436228889
32543,229.41326482138803
32544,9.410473740433645
32545,289.430747544326
32546,335.26388365707436
32547,431.80821379941744
32548,99.72745219589427
32549,286.15364558327707
32550,293.5230007458732
32551,331.2947049569664
32552,94.4351305230656
32553,328.5714382523946
32554,287.36907863532815
32555,305.0780868682023
32556,236.71972469293476
32557,257.2135105718868
32558,273.8606128884206
32559,323.30934530499655
32560,259.536693064533
32561,317.4326305045648
32562,326.3402719539531
32563,323.0323882129375
32564,376.9266533908595
32565,386.7246361302001
32566,389.7993916848943
32567,248.85310746888854
32568,73.48116014943894
32569,-94.02081586185929
32570,-302.29439073518625
32571,-176.39480593445282
32572,16.5548095950611
32573,-140.9158315817344
32574,-379.0834609348544
32575,-223.8437095292323
32576,63.49597167567259
32577,-136.40787936943747
32578,-259.0149713191386
32579,-49.58747433526665
32580,-17.33945558286083
32581,-34.909721897044335
32582,-35.463583462735045
32583,-51.80299952567046
32584,-352.69731914743295
32585,18.477986803422574
32586,-16.95481487934581
32587,12.093003743500482
32588,-227.9208746772779
32589,-73.3888411187526
32590,-94.743950908153
32591,-57.880270022780536
32592,-301.6943564995455
32593,-56.75710338298848
32594,-118.97610475589029
32595,-13.431537606204575
32596,-160.50159413496573
32597,-16.924059408592793
32598,-195.67285592487207
32599,-29.124773072762938
32600,-161.28626643197913
32601,-90.72832301082708
32602,-78.20453220307523
32603,-5.600310762908716
32604,-37.86372040529787
32605,-30.24791340334135
32606,-140.33118823607705
32607,-2.8616794775672076
32608,0.2923216728286917
32609,-145.68534999610708
32610,-86.85118681413746
32611,-95.19012886238768
32612,-14.03159815105893
32613,-52.37227829055815
32614,-15.89323810870072
32615,-70.41945172051571
32616,23.55519147139359
32617,-131.3768210622028
32618,-177.67180254643722
32619,-63.172894532090886
32620,-171.97917275284215
32621,-42.60245703970386
32622,34.98662372853368
32623,-7.138873576968809
32624,-249.22981179672834
32625,-25.90918205322008
32626,-180.77968364531043
32627,-4.938739276548336
32628,-98.17490915060789
32629,57.1879167564535
32630,187.7185545801369
32631,206.11961324285645
32632,-330.98837674369776
32633,-52.15685844921883
32634,-5.66184801362839
32635,77.2506127346725
32636,-48.07969330117322
32637,-19.431906271825298
32638,211.99688109782417
32639,421.67052708457487
32640,-61.680504387980776
32641,7.10809179700216
32642,18.662624864795244
32643,72.34262892887718
32644,-120.93006374421842
32645,25.970745613153394
32646,22.893646294246853
32647,132.88460209629622
32648,-376.16021789735385
32649,-218.88957936270063
32650,-2.461674193282505
32651,70.7117733933444
32652,-131.2845283407301
32653,36.97136449682848
32654,29.847881809842995
32655,132.4230332520782
32656,103.92907619492262
32657,16.385562423671765
32658,19.04726556831027
32659,20.601192963140047
32660,135.13088275745304
32661,-28.247781745063225
32662,-17.554849114986517
32663,19.293440880402606
32664,0.3538589235483727
32665,-159.42460016512368
32666,-236.9521699918552
32667,-184.76452976266967
32668,110.20637564338871
32669,-12.246860024906487
32670,-229.75175916416669
32671,-216.58176145082413
32672,157.79374462959086
32673,-110.60640723688705
32674,-170.5791016394184
32675,-32.386484143828504
32676,-100.29811531032537
32677,-138.62340455984125
32678,60.09576890397069
32679,8.262040216760868
32680,-281.8470540534522
32681,36.64826104403313
32682,14.24699168318461
32683,106.35999491745213
32684,-93.59002879760791
32685,55.09549237670269
32686,56.17248634654475
32687,35.90976141696974
32688,-89.92828613304403
32689,93.22077898407623
32690,48.07969330117323
32691,38.27914288877955
32692,-132.5768895334842
32693,21.001224556638395
32694,-34.54047208351263
32695,32.78651573732686
32696,-491.3514791780272
32697,-77.08136556328317
32698,-288.46282153548333
32699,-70.65023614262473
32700,-23.078258046405878
32701,28.63242244857825
32702,-27.80160379082853
32703,-312.2180419582329
32704,82.72787530535552
32705,-19.462661742578305
32706,-121.39163258843645
32707,-220.61275392891974
32708,158.96303132090563
32709,43.60252286884291
32710,38.909932595173274
32711,124.45334101735966
32712,16.293243392985428
32713,-63.52675345563924
32714,-97.68258483563685
32715,-39.01764251584294
32716,-3.5540327438942505
32717,102.85210853429422
32718,58.418767007701575
32719,61.92665339085948
32720,-140.25426009537406
32721,81.62009955554679
32722,25.709179411077713
32723,69.942518295528
32724,-169.686745730949
32725,119.11457014731296
32726,121.6531724812985
32727,360.1592698679834
32728,-129.330569352402
32729,24.062932985561606
32730,46.03341528215876
32731,91.8668542313888
32732,-137.03869538504483
32733,1.6154646455494515
32734,11.200647835031084
32735,171.7637792207165
32736,-323.69564688532296
32737,-376.8987175244172
32738,13.400782135451557
32739,48.35665039323223
32740,-132.59228042346754
32741,-63.849856908434596
32742,31.43259098463943
32743,171.2098913458121
32744,-88.80514580246559
32745,109.68324323923736
32746,184.94914151482874
32747,64.64989378621765
32748,-91.7899260906858
32749,31.324881063969766
32750,34.386615802106625
32751,15.385496594532704
32752,47.18733739270383
32753,4.507952212296967
32754,52.77228357484286
32755,145.1314621212027
32756,221.50510983738917
32757,49.32590813319098
32758,-73.09654575513754
32759,4.769518414372644
32760,235.58285434918443
32761,-124.33026651592031
32762,-77.28139451463916
32763,-233.47503907945028
32764,297.0787206757925
32765,-29.263238464185616
32766,-37.879111295281206
32767,-183.96449288488665
32768,5.677238903611723
32769,-154.9781852035464
32770,-262.1843896687315
32771,-309.18711530927635
32772,-90.88217929223309
32773,-122.2840148061195
32774,-218.22800787634029
32775,-63.48060709490291
32776,34.755839306424676
32777,32.75573395736019
32778,-41.83320194188745
32779,16.18555978152941
32780,-34.84815833711101
32781,39.433038690110976
32782,21.17047172802774
32783,18.739553005498248
32784,62.7574720486092
32785,61.00351570242342
32786,-44.60258869798197
32787,55.11088326668602
32788,7.33887621911116
32789,32.52494953525119
32790,-7.200437136902135
32791,-43.55635019889293
32792,-54.58775086253466
32793,33.371159082984235
32794,-8.538970999606226
32795,40.75620797204539
32796,132.63845309341752
32797,12.693037979141188
32798,32.77112484734353
32799,-1.877030847625126
32800,56.8648396128718
32801,-90.57446672942106
32802,-233.87507067294862
32803,-443.579498439666
32804,-20.570411183173384
32805,-34.925086477814006
32806,-35.940543196936396
32807,-32.09416247099982
32808,2.123206159717469
32809,-57.58794834995185
32810,-131.26913745074677
32811,-12.154540994220149
32812,-36.00208044765608
32813,-70.49637986121871
32814,96.82098439792048
32815,57.72641374137453
32816,-361.57475818060425
32817,-37.079048108284496
32818,-4.861811135845333
32819,44.002554462341266
32820,-341.6658921745775
32821,46.24880881428443
32822,-11.862219321391464
32823,55.95706650520542
32824,-494.05932868340204
32825,-24.2321538477373
32826,-70.41945172051571
32827,19.201095540502628
32828,-365.8211441908255
32829,-27.693893870158867
32830,112.3910927446122
32831,311.00260890618176
32832,-290.8629584780461
32833,-197.6883521639199
32834,39.12532612729896
32835,98.23644640132757
32836,-126.49961903637414
32837,58.387985227734916
32838,9.600547770251314
32839,25.89379116323674
32840,-393.63813887163735
32841,-1.969349878311462
32842,4.307949570154616
32843,28.355491665732895
32844,6.969626405579476
32845,-4.692590273669641
32846,65.81918047753241
32847,25.647642160358046
32848,30.478671516236716
32849,-2.0616689089977953
32850,-52.141467559235494
32851,38.109895717390216
32852,123.57637599887359
32853,44.57180691801531
32854,-90.85139751226642
32855,75.72744081059574
32856,47.34119367410983
32857,-50.24907213084068
32858,-224.259132012714
32859,-240.58313087645243
32860,48.187403221842885
32861,-228.39783441147927
32862,-302.54056604727856
32863,-66.88078355739114
32864,130.69985868585908
32865,-50.310609381560354
32866,-30.632527797642727
32867,-137.94644218349757
32868,-153.31654788804693
32869,-76.21979143478043
32870,-57.58794834995185
32871,-21.939726825844136
32872,-214.33548078966732
32873,-18.524159473372556
32874,40.340785488563704
32875,8.200476656827547
32876,-90.88217929223308
32877,65.35761163331438
32878,10.708323520060041
32879,33.84809250797195
32880,-50.66446830510873
32881,-19.031874678326933
32882,-36.32518390045142
32883,-14.262356263954294
32884,-155.68592935985674
32885,7.6312242011535005
32886,-12.216078244939826
32887,55.57245211090404
32888,-25.201464206123347
32889,-20.062695978219008
32890,-93.51310065690492
32891,-29.232456684218956
32892,-30.678700467592712
32893,-39.34071965942464
32894,-61.11122562309309
32895,-87.46658563054784
32896,78.41989942598727
32897,-50.833715476498064
32898,-86.28190804924978
32899,-166.02497675717143
32900,94.80548815887266
32901,22.832082734313534
32902,38.54070909085523
32903,10.585222709407041
32904,-52.40303376131117
32905,-31.9864788595438
32906,27.14003230446815
32907,-4.3233141509243005
32908,-135.0078082560137
32909,101.54433014234311
32910,43.34095666676724
32911,85.71265559357573
32912,-151.99340491532618
32913,149.93173600632838
32914,164.65568742371434
32915,410.83912906307546
32916,-172.48688795779657
32917,99.1749486705333
32918,170.11753279520036
32919,223.04367265144927
32920,-322.5417247747779
32921,-34.617400224215636
32922,182.99520883571424
32923,369.69830669672876
32924,-94.513166486044
32925,180.34889658105905
32926,352.09728491179226
32927,726.9805061971616
32928,-295.6170860024354
32929,179.0103364091413
32930,80.82006267776374
32931,106.91388279235649
32932,-134.592385772532
32933,81.3739505526681
32934,60.511191387452385
32935,103.34443284926525
32936,-99.55958937404833
32937,82.54323724398286
32938,21.570477012312445
32939,63.71136520779827
32940,19.585762553231298
32941,95.97477485018743
32942,106.82156376167015
32943,146.71617129599915
32944,39.83307028360934
32945,95.9593839602041
32946,113.5604057451406
32947,83.63559579459461
32948,96.02094752013741
32949,63.619072486325585
32950,134.88473375457434
32951,301.10971315388815
32952,320.2031250829347
32953,5.415699010749698
32954,-73.83504538220093
32955,-101.02122404740544
32956,457.795708342884
32957,-35.06357817845033
32958,-22.70900823287419
32959,11.431432257140095
32960,259.230391160478
32961,-35.3405089612957
32962,-24.939924313261322
32963,-16.400953313655098
32964,65.31146527257803
32965,34.90972189704433
32966,-58.75726135048025
32967,17.724096286375858
32968,-271.63108115757683
32969,-109.82173493987368
32970,27.97085096221787
32971,5.400308120766361
32972,-8.431261078936561
32973,33.24808458154489
32974,-49.47979072381064
32975,10.16980022592536
32976,-36.01744502842576
32977,15.816309967997714
32978,-13.800813728949912
32979,45.156450263672696
32980,-129.54596288452765
32981,-53.43385506120324
32982,-76.8506074503878
32983,-8.200476656827554
32984,-314.31049264719735
32985,-180.65660914387107
32986,-164.68644289446735
32987,-65.77303411679608
32988,-189.64173178849836
32989,-43.49481294817325
32990,-17.647168145672854
32991,36.03286222762274
32992,156.30135448548077
32993,-24.73989536190532
32994,-88.78975491248227
32995,-152.4703646495275
32996,103.55982638139093
32997,47.41814812402649
32998,74.78893854139001
32999,19.678081583917635
33000,-14.108499982548288
33001,30.43252515550037
33002,72.1272353967515
33003,65.58842236463705
33004,81.38934144265144
33005,39.679214002203324
33006,97.09791518076584
33007,122.1301585247135
33008,-169.90213926307467
33009,-0.9538931591890716
33010,75.57358452918973
33011,181.93360575585552
33012,-76.63521391826212
33013,60.40348146678271
33014,177.81029424707356
33015,306.01769695968346
33016,-173.82542182050065
33017,2.7078495053748455
33018,85.26647763934102
33019,93.68234782829425
33020,-125.6226277086744
33021,98.55952354490927
33022,98.72879702551226
33023,233.2904010180776
33024,-670.0695202235535
33025,130.76139593657877
33026,53.60310223259259
33027,142.17746361294917
33028,-459.2265612362744
33029,31.078732061091067
33030,26.309213646718426
33031,197.85759933530923
33032,-129.02285678958995
33033,66.81924630667147
33034,76.06596146258808
33035,125.1918669536367
33036,-68.18853564012858
33037,51.66453413424778
33038,127.69968750765554
33039,34.54047208351263
33040,3.4463491324382325
33041,24.26293562770396
33042,53.75695851399859
33043,38.817639873700585
33044,1.5077810340934334
33045,-8.53894469039258
33046,24.35525465839029
33047,-37.61757140241917
33048,-50.541393803669365
33049,-6.32344580920242
33050,-87.05118945627983
33051,-147.71621081592457
33052,125.31494145507605
33053,21.278155339483757
33054,-88.29740428829757
33055,-219.55115084906103
33056,32.67880581665718
33057,-189.91866257134373
33058,-284.33951002670136
33059,-293.67851790409065
33060,3.984846117359268
33061,-72.06569814603182
33062,-61.188153763796095
33063,-105.95996332395376
33064,-53.43385506120324
33065,6.13880774782975
33066,-60.57272863817206
33067,-37.78681857380851
33068,-226.47463089390413
33069,-32.29419142235581
33070,13.570002997627254
33071,12.062221963533817
33072,-18.354885992769574
33073,-3.1078810988732
33074,-14.462385215310292
33075,50.356755742296706
33076,-178.07183413993556
33077,-13.446928496187901
33078,20.33965307027802
33079,34.32507855138695
33080,-209.13517531104333
33081,49.89518689807867
33082,25.293756927596036
33083,16.524027815094442
33084,98.95958144762126
33085,5.338770870046693
33086,-1.6616373154994442
33087,17.26252744215783
33088,86.75886778345112
33089,-13.43153760620457
33090,-48.17201233185956
33091,-53.84925123547128
33092,114.06812095009498
33093,47.618124456955194
33094,33.75579978649925
33095,63.55753523560591
33096,23.139821606339197
33097,-3.246346490295881
33098,4.523343102280297
33099,34.03275687855825
33100,-94.85163451960901
33101,141.60818484806148
33102,120.39156675929739
33103,197.04217156754285
33104,-207.11967907199553
33105,41.52548937907543
33106,92.4822530477992
33107,220.10503872396538
33108,-338.9888244491694
33109,-153.76272584228164
33110,155.39360768702807
33111,333.2654128756076
33112,-80.32771205357903
33113,213.6892738840766
33114,61.34201004520211
33115,119.11457014731297
33116,-222.01282504234354
33117,160.05541618073104
33118,110.56023456693707
33119,93.94388772115629
33120,-349.91254150135507
33121,93.75924965978362
33122,189.93405346132707
33123,202.28862340690318
33124,-65.75766953602638
33125,64.31139944343899
33126,24.49372004981298
33127,141.14661600384343
33128,-111.11412244184143
33129,117.42217736106052
33130,68.52702998290727
33131,192.19572501246716
33132,-51.07989078859041
33133,103.65214541207727
33134,-2.5693578047385213
33135,56.12633998580841
33136,-8.90822081313792
33137,-5.538773512189041
33138,8.800510892468257
33139,34.55586297349596
33140,60.26501607536004
33141,-15.754746408064396
33142,29.07860040281295
33143,18.75491758626793
33144,109.06784442282695
33145,80.77389000781375
33146,17.17023472068514
33147,26.95542055230912
33148,235.58285434918443
33149,70.21942276915972
33150,2.046278019014464
33151,39.66384942143364
33152,223.1821380428719
33153,17.831806207045517
33154,18.308739632033237
33155,5.446480790716354
33156,168.24050194757527
33157,40.60235169063938
33158,22.66286187213784
33159,-4.831055665092315
33160,-20.20116136964169
33161,33.87890059715225
33162,-40.094636485685
33163,0.44617795423469886
33164,-19.001092898360273
33165,-7.1388735769688125
33166,-42.83324146181287
33167,-36.40211204115443
33168,-5.9080233257207375
33169,9.800576721607314
33170,-15.370105704549372
33171,45.51030918722106
33172,-29.61709738773398
33173,4.5695157722302895
33174,-2.8309240068141968
33175,42.07935094476615
33176,-18.89338297769061
33177,-36.37135657040142
33178,-31.478763654589418
33179,-49.1566872710153
33180,46.01805070138907
33181,-1.6616373154994442
33182,-151.23951439827945
33183,-41.633172990531456
33184,167.17889886771653
33185,7.077310017035494
33186,-54.54160450179832
33187,-380.4373856875418
33188,-56.49556349012646
33189,-12.446862667048837
33190,-18.308765941246882
33191,36.955999916058786
33192,83.22019962032655
33193,-68.66549537432994
33194,-19.847302446093327
33195,-0.36924981353169173
33196,-42.44860075829784
33197,-5.938805105687396
33198,13.246899544831901
33199,-21.72433329371845
33200,-399.85390106938377
33201,-225.95152479896646
33202,87.28197387838883
33203,66.72695358519879
33204,-461.0112730532132
33205,-69.15784599851462
33206,19.955012366762986
33207,46.294981484234434
33208,-271.41568762545114
33209,20.293480400328022
33210,-37.09446530748147
33211,80.58927825565472
33212,-93.14385084337323
33213,99.26726770121965
33214,46.756550328452455
33215,116.76060587470015
33216,-387.36086573238487
33217,95.28244789307404
33218,351.09721908265317
33219,249.9836760045614
33220,-2.569357804738523
33221,56.37251529790075
33222,127.83815289907821
33223,231.93647626539018
33224,-152.31648205890787
33225,141.13122511386013
33226,175.47169455523039
33227,253.35312330551028
33228,54.31082007968929
33229,173.21002300409023
33230,121.69934515124848
33231,92.0822477635145
33232,56.910985973608135
33233,136.60788201157982
33234,116.25286436053212
33235,59.57268911824664
33236,154.51661635932834
33237,147.3469873116065
33238,2.954024817467192
33239,31.801840798171128
33240,204.28872875596767
33241,-46.67962218774945
33242,-477.6737662597303
33243,-470.4425999612888
33244,179.14882810977764
33245,-222.82825281010992
33246,-325.26496517013607
33247,-294.47858109108734
33248,227.39774227312657
33249,-29.140137653532626
33250,-53.60310223259258
33251,-12.63150072842151
33252,-87.34351112910849
33253,23.139795297125552
33254,3.954064337392605
33255,-27.80160379082853
33256,-260.86124669601077
33257,196.3805737719688
33258,76.60443213829545
33259,73.83504538220093
33260,-135.62320707242407
33261,-7.708152341856507
33262,-4.569489463016643
33263,71.4810811095881
33264,-49.61822980601966
33265,97.0055961500795
33266,65.83457136751574
33267,136.33095122873445
33268,-17.370237362827492
33269,62.819009299328876
33270,-1.7385654562024477
33271,108.23702576507725
33272,-36.15593672906209
33273,-72.43494795956352
33274,-210.71988448583977
33275,-80.25078391287603
33276,7.523487971270189
33277,-13.800813728949912
33278,-19.201121849716273
33279,3.7232799152835874
33280,276.84677752618416
33281,-13.87771556043927
33282,-131.79224354568447
33283,-382.6682754587153
33284,92.5284257177492
33285,-77.94296600099955
33286,-35.017405508500346
33287,63.21904089282723
33288,-21.81665232440479
33289,-14.277747153937622
33290,-27.324670365840817
33291,-10.416001847231353
33292,-386.3915816832125
33293,-25.109145175437014
33294,22.69361734289085
33295,48.43355222472159
33296,-285.1703286844511
33297,146.65463404527947
33298,139.31573151695466
33299,86.1434426578271
33300,-100.25194264037538
33301,239.7830939986694
33302,144.1160054020803
33303,225.81305940754376
33304,-62.11129145223215
33305,35.26355451137904
33306,39.263817827935284
33307,186.88773592238715
33308,-174.64087589748067
33309,120.8377447135321
33310,135.40783984951204
33311,333.3115855455576
33312,-511.18341704335086
33313,116.36057428120178
33314,133.71542075404594
33315,78.09682228240555
33316,-148.1162424094229
33317,101.2058621087781
33318,109.82173493987369
33319,108.0524140129182
33320,-232.22882424743256
33321,68.12702469862255
33322,14.139281762514944
33323,40.12539195643802
33324,-11.616070318512765
33325,152.22418933743518
33326,48.279722252529226
33327,55.726282083096415
33328,23.232114327811885
33329,151.2702961782461
33330,54.40313911037565
33331,120.49925037075342
33332,191.78032883819915
33333,89.574400900282
33334,-12.339179055592822
33335,27.432353977296835
33336,113.1604004608559
33337,-228.47476255218228
33338,-99.60576204399833
33339,-74.68122862072033
33340,-18.970311118393624
33341,-191.74954705823248
33342,-649.2221519483211
33343,-361.11318933638614
33344,95.42088697528305
33345,-44.187166214500294
33346,-85.60494567290606
33347,-113.39115857375126
33348,-24.386010129143312
33349,72.26572709738784
33350,4.754101215175664
33351,41.04852964487407
33352,-31.817205378940812
33353,-7.615833311170171
33354,24.416791909109968
33355,67.28081515088951
33356,-129.68442827595035
33357,25.52454134970505
33358,-2.5078205540188456
33359,58.003344524219884
33360,-30.07866623195201
33361,21.308937119450416
33362,-22.86283820506655
33363,114.29890537220399
33364,-51.14140173009643
33365,23.785975893502602
33366,-29.478631996311304
33367,89.89750435307735
33368,-3.5848408330745585
33369,-43.78716093021558
33370,-17.647168145672854
33371,34.678911165721665
33372,49.956750458012
33373,-28.232417164293537
33374,-56.97252322432781
33375,32.43263050456485
33376,157.96299180098023
33377,-3.8771361966896
33378,-91.95914695286149
33379,-129.7613301074397
33380,108.14470673439091
33381,-8.292795687513882
33382,35.80207780551372
33383,74.25044155646897
33384,-8.554361889589556
33385,-36.50979565261045
33386,12.293032694856477
33387,-17.139452940718485
33388,-90.06675152446668
33389,137.48487333927955
33390,65.44993066400072
33391,96.3132691929661
33392,-218.81265122199764
33393,68.71166804427992
33394,86.9896258963465
33395,98.40569357271691
33396,-329.1882740367757
33397,114.85279324710834
33398,245.47572379226443
33399,279.2623053587303
33400,-103.35982373924858
33401,84.17409277951563
33402,27.26310680590749
33403,230.13637355846808
33404,-51.895318556356784
33405,32.64805034590418
33406,64.18832494199962
33407,183.3490677592626
33408,0.0
33409,116.36057428120178
33410,133.71542075404594
33411,78.09682228240555
33412,-148.1162424094229
33413,101.2058621087781
33414,109.82173493987369
33415,108.0524140129182
33416,-232.22882424743256
33417,68.12702469862255
33418,14.139281762514944
33419,40.12539195643802
33420,-11.616070318512765
33421,152.22418933743518
33422,48.279722252529226
33423,55.726282083096415
33424,23.232114327811885
33425,151.2702961782461
33426,54.40313911037565
33427,120.49925037075342
33428,191.78032883819915
33429,89.574400900282
33430,-12.339179055592822
33431,27.432353977296835
33432,113.1604004608559
33433,-228.47476255218228
33434,-99.60576204399833
33435,-74.68122862072033
33436,-18.970311118393624
33437,-191.74954705823248
33438,-649.2221519483211
33439,-361.11318933638614
33440,95.42088697528305
33441,-44.187166214500294
33442,-85.60494567290606
33443,-113.39115857375126
33444,-24.386010129143312
33445,72.26572709738784
33446,4.754101215175664
33447,41.04852964487407
33448,-31.817205378940812
33449,-7.615833311170171
33450,24.416791909109968
33451,67.28081515088951
33452,-129.68442827595035
33453,25.52454134970505
33454,-2.5078205540188456
33455,58.003344524219884
33456,-30.07866623195201
33457,21.308937119450416
33458,-22.86283820506655
33459,114.29890537220399
33460,-51.14140173009643
33461,23.785975893502602
33462,-29.478631996311304
33463,89.89750435307735
33464,-3.5848408330745585
33465,-43.78716093021558
33466,-17.647168145672854
33467,34.678911165721665
33468,49.956750458012
33469,-28.232417164293537
33470,-56.97252322432781
33471,32.43263050456485
33472,157.96299180098023
33473,-3.8771361966896
33474,-91.95914695286149
33475,-129.7613301074397
33476,108.14470673439091
33477,-8.292795687513882
33478,35.80207780551372
33479,74.25044155646897
33480,396.44563811041047
33481,383.4902043473895
33482,417.2930326948565
33483,402.86054705928154
33484,314.93324847553333
33485,522.4848733392796
33486,450.4499306640007
33487,476.3132691929661
33488,161.18734877800236
33489,443.7116680442799
33490,446.9896258963465
33491,468.4056935727169
33492,20.81172596322432
33493,469.85279324710837
33494,580.4757237922645
33495,624.2623053587304
33496,226.64017626075142
33497,419.1740927795156
33498,342.2631068059075
33499,560.1363735584681
33500,258.10468144364324
33501,347.64805034590415
33502,369.1883249419996
33503,488.3490677592626
33504,-170.23825685994422
33505,351.01802439217545
33506,478.0863691389012
33507,476.81080778168416
33508,187.00826734678378
33509,305.862179801466
33510,313.56944994309123
33511,314.5697922994983
33512,49.677250288910216
33513,335.27894540136236
33514,306.50720167034376
33515,386.46596674687277
33516,156.68372863922107
33517,338.32470988576625
33518,289.2608946999733
33519,313.6155963038276
33520,299.50795221229697
33521,326.4622140371068
33522,299.261197536455
33523,348.9862813721266
33524,394.00313382609096
33525,350.7068882652927
33526,435.90802332572076
33527,490.42003108426536
33528,717.970800056994
33529,225.15650116889663
33530,113.4115890206615
33531,231.26455344597338
33532,332.3115197164185
33533,-111.08334066187477
33534,-117.22214840970452
33535,30.494062406220046
33536,204.073335223842
33537,3.0463438481535263
33538,14.477749796079976
33539,-4.984911946498328
33540,2.5539932239688383
33541,5.261842729343686
33542,18.939555647640603
33543,45.98726892142241
33544,-117.86835531529522
33545,70.5579171119384
33546,61.372765515955116
33547,95.35934972456337
33548,-108.1908794043409
33549,56.18787723652808
33550,31.83259626892414
33551,47.7719807383612
33552,34.98665003774733
33553,14.539313356013297
33554,-12.631474419207866
33555,75.75824889977605
33556,-222.7205691986539
33557,75.45053633696403
33558,-7.646588781923185
33559,106.0830378253931
33560,2.6616768354248563
33561,12.031466492780805
33562,-56.74176511143244
33563,-0.7692814070300464
33564,-8.338942048250225
33565,-30.740237718312386
33566,-153.8704357629513
33567,-64.80375006762365
33568,244.82954319588737
33569,8.4004792989699
33570,-37.41756876027682
33571,-56.464808019373436
33572,209.7813559074204
33573,17.354846472844166
33574,87.51275830049785
33575,49.52593708454698
33576,21.139689948061076
33577,1.6616373154994424
33578,29.540169247030974
33579,0.030755470753010883
33580,-108.77552274999829
33581,-23.385970609217896
33582,-84.31258448015195
33583,-19.41651538184196
33584,-371.0060587794661
33585,169.9790674037777
33586,88.28203970752789
33587,33.2019119115949
33588,-444.5180270180854
33589,205.61189803790208
33590,239.21384154299534
33591,372.8830896270913
33592,-162.48630859404687
33593,40.40234904849702
33594,-191.96494059035817
33595,228.39783441147927
33596,257.39696359654647
33597,388.02047350545223
33598,438.0079794342172
33599,639.9122649740871
33600,-49.26439719168494
33601,-29.86324639061268
33602,153.10115435592127
33603,72.69651416163919
33604,166.1463903817994
33605,369.41968872785833
33606,376.57395319481043
33607,384.774429851638
33608,186.44017361860907
33609,354.880098844577
33610,387.4973674105145
33611,391.4052853871708
33612,267.4294571585485
33613,315.370132013763
33614,325.83255674899874
33615,417.52986097251653
33616,314.97040325674635
33617,327.18648150168616
33618,293.3845090452369
33619,362.5418019892155
33620,22.539761061484846
33621,51.495286962858444
33622,-10.262119256611694
33623,42.23320722617216
33624,164.36333944167203
33625,-77.69679068890721
33626,-238.85995631023331
33627,-228.874767836467
33628,279.50848067082273
33629,-106.59077933956114
33630,-160.24002793289006
33631,-110.2063756433887
33632,95.75940762727538
33633,-25.66300674112773
33634,6.80037923419013
33635,-7.862008623262515
33636,-23.170550767878566
33637,43.60252286884291
33638,99.26726770121965
33639,55.71091750232672
33640,-116.57596781332748
33641,113.20654682159224
33642,75.58897541917307
33643,14.523922466029969
33644,-212.8276997555739
33645,37.89450218526453
33646,12.01610191201112
33647,46.35651873495411
33648,-161.94783791833947
33649,40.694670721325714
33650,18.954946537623933
33651,96.79022892716748
33652,8.585117360342572
33653,36.694433713983116
33654,34.46354394280963
33655,138.91572623266998
33656,39.879216644345675
33657,5.523382622205713
33658,-45.03337576223335
33659,70.80409242403074
33660,238.22916660383962
33661,10.015970253732998
33662,-42.371698926808484
33663,25.69378852109439
33664,116.16057163905943
33665,4.0771651480456
33666,-111.49876314535645
33667,-222.81288822934022
33668,167.22504522845287
33669,2.0462517098008206
33670,13.431537606204573
33671,45.11030390293635
33672,-3.061708428923211
33673,-16.370171533688435
33674,28.893962341440275
33675,49.679793365952996
33676,-205.38111361579308
33677,47.35658456409317
33678,107.48313524803052
33679,68.80398707496626
33680,-138.3310828870126
33681,90.4206367572287
33682,163.8402333467343
33683,80.35849383354571
33684,-243.19868766035458
33685,60.12655068393736
33686,61.06507926235674
33687,47.78737162834454
33688,-141.37740042595246
33689,-55.910920144469074
33690,48.77204656750027
33691,56.97252322432781
33692,-284.03179746388935
33693,23.693683172029914
33694,116.05286171838975
33695,176.9640846993405
33696,-137.45409155931287
33697,-131.2229647807968
33698,61.88050703012315
33699,88.22047614759458
33700,-289.9090653188571
33701,-75.80436895129874
33702,72.25033620740449
33703,53.20307063909423
33704,-3.061708428923211
33705,174.81009675965635
33706,92.78999191982487
33707,25.170682426156684
33708,-239.92155939009206
33709,21.80126143442146
33710,56.203241817297766
33711,77.46600626679819
33712,296.36931564267076
33713,357.43436859581385
33714,322.7554574300922
33715,362.2027282826872
33716,58.80338140200295
33717,42.83324146181287
33718,29.540169247030978
33719,-18.493377693405897
33720,90.63600398014074
33721,29.417094745591626
33722,-24.139834817050964
33723,-37.202148918937496
33724,441.7486139527772
33725,32.371093253845174
33726,-2.2309160803871375
33727,39.94075389506535
33728,62.95747469075156
33729,-32.03262522028014
33730,-8.27740479753055
33731,-25.847644802500398
33732,-1.800102706922118
33733,-85.9280491257014
33734,59.49573466832999
33735,-5.723411573561714
33736,-201.67319828127916
33737,46.12576062205874
33738,-2.5232377532158203
33739,33.92502064867495
33740,-214.98166138604435
33741,6.32344580920242
33742,-16.44709967439144
33743,-24.539892719762964
33744,-597.8037931261657
33745,-61.91126250087615
33746,-41.61780840976177
33747,16.49324603512778
33748,-19.401124491858624
33749,-28.678595118528246
33750,-6.708086512717443
33751,15.47781562521903
33752,-74.21968608571595
33753,-3.169418349592874
33754,-49.479764414596985
33755,-86.86655139490715
33756,37.5560341516995
33757,-52.67996454415653
33758,-42.84863235179619
33759,-83.62023121382492
33760,-6.231126778516083
33761,-51.018327228657085
33762,-180.48736197248172
33763,-614.3278209412601
33764,62.72671657785619
33765,-43.14095402462488
33766,-67.86545849654688
33767,-139.20804790549863
33768,0.061537250719673864
33769,-102.2828297694065
33770,-43.002488633202205
33771,-24.324499187637283
33772,-169.0097833546053
33773,-3.907917976656261
33774,-1.7847381261524369
33775,-9.923651223046665
33776,-239.53691868657702
33777,13.123851352606195
33778,25.986110193923075
33779,90.55907583943771
33780,-354.7589617472171
33781,91.28221088573143
33782,4.200239649484951
33783,52.326079311394516
33784,-203.3810082667286
33785,-32.24801875240583
33786,-98.05183464916854
33787,81.74320036619979
33788,-41.88100917943518
33789,371.9275355910908
33790,338.7714672037506
33791,476.37971788095115
33792,76.15656699803571
33793,334.77180956015764
33794,368.3583621752676
33795,394.6516318774667
33796,-320.06604404105553
33797,247.65908285315817
33798,297.41580435981416
33799,374.0199599708416
33800,88.71144242223585
33801,340.78726627928006
33802,312.49358839153484
33803,362.5119024094802
33804,201.50229023307844
33805,342.57225462348686
33806,347.2799329506582
33807,339.77211239663933
33808,264.2443713917043
33809,329.83307028360935
33810,251.56672430254642
33811,348.52559472813994
33812,440.60698660063673
33813,344.66238785745264
33814,378.8161783097196
33815,422.8027625183279
33816,528.5319677293862
33817,371.96907335104345
33818,323.0907521176409
33819,326.78267088920813
33820,121.31470444773345
33821,18.924191066870915
33822,2.492455973249161
33823,-40.556179020689385
33824,61.29586368446576
33825,-121.46856072913947
33826,-48.31047772328224
33827,-44.371777966659316
33828,100.05193999823302
33829,-71.32719851896843
33830,-13.954643701142274
33831,-33.509624474406905
33832,-92.42071579707951
33833,-41.34085131770277
33834,8.708191861781916
33835,-9.769794941640654
33836,18.493377693405904
33837,-71.68105744251682
33838,30.540235076170035
33839,39.81767939362601
33840,-359.95926722584113
33841,-136.59251743081015
33842,2.8616794775672147
33843,56.480198909356766
33844,-30.43252515550037
33845,-10.677541740093382
33846,-31.70952176748479
33847,-64.2498621927193
33848,-468.7809626457893
33849,-21.58586790229577
33850,-262.4613204515769
33851,-138.33108288701257
33852,88.1589388968749
33853,26.724609820986466
33854,-74.52739864852798
33855,4.277167790187953
33856,262.2151714486982
33857,-18.985728317590592
33858,-257.39950667358926
33859,-452.31844577220096
33860,144.0852499313273
33861,-102.02128987654449
33862,-27.4169630873135
33863,-8.385114718200214
33864,-165.54801702297007
33865,-73.86580085295395
33866,-129.85367544733967
33867,-61.66511349799745
33868,-28.63242244857825
33869,-17.12406205073515
33870,-15.03163767098434
33871,23.293677887745208
33872,-343.21984587862096
33873,-16.924059408592797
33874,-16.077849860859743
33875,-11.139110584311407
33876,-254.47626363608867
33877,-79.58921242651566
33878,57.58794834995185
33879,193.62657790585763
33880,-282.60094457049894
33881,-46.4026914049041
33882,-69.97327376628101
33883,7.031189965512792
33884,-274.03121810013965
33885,12.23146913492316
33886,34.60200933423231
33887,90.37446408727871
33888,-460.87280766179043
33889,30.863312219751734
33890,60.41887235676605
33891,178.2256904213416
33892,-124.48412279732634
33893,15.216249423143365
33894,11.569897648562772
33895,44.787226759354645
33896,197.4251250850328
33897,299.12331150878197
33898,332.4021778702935
33899,362.9885329979862
33900,398.4518662426669
33901,331.95597360684513
33902,323.4628987499209
33903,312.5240936442335
33904,288.1842035666129
33905,299.692287437188
33906,243.87396285067325
33907,328.2933487420499
33908,57.341773037859504
33909,38.525318200871894
33910,-127.56122211623287
33911,-352.83578453885565
33912,-90.03596974450002
33913,-19.5088344125283
33914,-357.4052740018723
33915,-144.40835338412265
33916,110.59101634690371
33917,-415.6855756181511
33918,-782.4144666074293
33919,-120.2838831478414
33920,146.87002757740515
33921,-20.53965571242037
33922,-54.64931442246798
33923,-68.34241823074824
33924,-190.3956223055451
33925,-83.51252129315525
33926,-84.31258448015197
33927,71.25027037826544
33928,-544.0622255021505
33929,52.233812899135486
33930,27.709284760142197
33931,15.908628998684051
33932,-189.6109500085317
33933,17.831806207045524
33934,-5.261842729343686
33935,-2.7078495053748473
33936,-73.5273328193889
33937,17.031743020048815
33938,-33.601943505093246
33939,-2.3539905818264835
33940,-22.555151951468172
33941,-75.2351164956247
33942,-133.3153891605476
33943,-14.385457074607288
33944,-150.02405503701473
33945,-107.19081357520184
33946,-366.0057822521982
33947,-216.79715498294982
33948,19.92423058679633
33949,-174.30240786391562
33950,-298.8326770219783
33951,-159.1938420522283
33952,287.98586180128194
33953,-17.200990191438155
33954,-64.1729340520163
33955,-59.511125558313324
33956,-188.65705684934264
33957,-197.22678331970184
33958,13.554638416857568
33959,1.492390144110102
33960,39.60228586150032
33961,43.91023543165494
33962,-47.91044612978388
33963,-24.909116224081014
33964,-158.40916975521492
33965,2.2001343004204728
33966,-18.862627506937596
33967,38.67917448227791
33968,-422.82444919512
33969,-59.24958566545129
33970,30.940240360454748
33971,27.67852928938918
33972,-515.4913403042918
33973,17.554849114986517
33974,64.95758003981604
33975,197.36524871112454
33976,-217.2586975179542
33977,-28.801643310753946
33978,-48.35665039323222
33979,-33.048081939402536
33980,-539.8773767426487
33981,46.64884040778279
33982,130.00750541953204
33983,245.70650821437346
33984,80.44970504195669
33985,219.7651600316433
33986,502.84336717282525
33987,532.0912147470276
33988,149.93035165678498
33989,270.322221252564
33990,317.4326568137785
33991,404.729718745669
33992,22.046328924238423
33993,339.187469050982
33994,286.4923901441101
33995,366.5428948875758
33996,264.891131351831
33997,322.9403720187329
33998,307.83208273431353
33999,297.0930037435005
34000,289.6925902736696
34001,291.66194015198107
34002,214.27283571667226
34003,312.20099019143817
34004,371.75712969220217
34005,401.1251549490954
34006,427.15454099422016
34007,378.3839559907009
34008,457.00269933133114
34009,271.5766243915147
34010,393.6144375763282
34011,375.642151359343
34012,811.1579004423552
34013,368.5169305811085
34014,198.4150652031595
34015,-72.64792222624271
34016,-274.9014765358848
34017,-392.0156648068654
34018,-108.03001370371231
34019,177.5842017891884
34020,-74.92740393281268
34021,-14.93934494951165
34022,-40.879282473484736
34023,-18.72416211551492
34024,-241.56780581560815
34025,42.864023241779535
34026,97.2056251014355
34027,95.46705964523306
34028,-221.62821064804214
34029,73.35808564799959
34030,118.76071122376462
34031,32.63265945592085
34032,52.47993559280052
34033,68.2500992000619
34034,-32.37109325384517
34035,48.77204656750027
34036,-13.831569199702928
34037,29.601706497750655
34038,-19.53958988328131
34039,125.66880037862441
34040,62.065118782282156
34041,-16.93942398936248
34042,-60.23423429539338
34043,-1.8462490676584657
34044,595.5463052409348
34045,433.9993548071113
34046,380.0882897936523
34047,346.5031724333097
34048,563.4854922229546
34049,312.9020848192342
34050,216.25034759270304
34051,-200.25068210242807
34052,407.9688100344872
34053,314.68679663617297
34054,397.07559823500014
34055,398.96799366339496
34056,358.2437261988156
34057,349.2739944441716
34058,356.4900989983251
34059,371.4456381104104
34060,234.2383012269396
34061,363.07679648242487
34062,310.32075968858305
34063,360.46184537148605
34064,24.766369664366607
34065,387.6181507661688
34066,336.4767227268588
34067,340.2006083151057
34068,-143.42765677677704
34069,275.1512622991393
34070,355.3100300178107
34071,430.3912902320294
34072,-120.42458877982517
34073,273.4751162938879
34074,269.9367246580313
34075,340.3872346857817
34076,65.78704065723599
34077,291.8462753768721
34078,1.0294369503486678
34079,424.254194266235
34080,-385.90031257208955
34081,4.89148509353663
34082,261.9832792043138
34083,310.95535472317005
34084,-250.03093018757306
34085,199.65689705643763
34086,327.35603150955717
34087,335.83399200376607
34088,122.08287803248811
34089,358.37317370150123
34090,231.3968977674074
34091,348.3575062842499
34092,3516.9798293310296
34093,3604.431024071594
34094,3580.321944725296
34095,3646.048806172142
34096,3583.9221501391403
34097,3592.230310407424
34098,3609.6774759109544
34099,3559.413039199344
34100,411.05172930010406
34101,320.5530319838867
34102,313.1488394950762
34103,294.824682663846
34104,3678.6660747380797
34105,3626.7553916009533
34106,3349.493217900501
34107,3464.0382985847973
34108,568.3003011070459
34109,335.9330114681907
34110,220.24710841754762
34111,116.60977453170403
34112,300.44312532167305
34113,128.27876145292223
34114,146.0951767699844
34115,47.10481354239647
34116,-184.56452712052737
34117,-108.31395390578024
34118,-67.32696151162584
34119,-87.31272934914186
34120,-360.86701402429384
34121,-26.063038334626086
34122,-38.21760563805988
34123,15.800892768800741
34124,-181.97975211659184
34125,-53.94157026615761
34126,27.7862129008452
34127,2.430918722529487
34128,-64.84989642836001
34129,38.75607631376727
34130,-63.803684238484614
34131,44.956447621530344
34132,-129.33054304318833
34133,2.9078521475172003
34134,-70.69640881257472
34135,0.061537250719673864
34136,-35.61743974414105
34137,-110.71409084834308
34138,-282.06247389479154
34139,-181.2104707095618
34140,-202.68865500040155
34141,-211.16606244007446
34142,-241.55244123483848
34143,-90.83603293149675
34144,224.07449395134134
34145,-130.0382871994987
34146,-133.93081428617162
34147,-281.8162985826992
34148,-27.72467565012552
34149,-66.75770905595179
34150,-19.062656458293596
34151,-34.10965871004762
34152,-96.62098175577812
34153,-66.65002544449578
34154,-44.64873505871832
34155,-72.98883583446789
34156,-194.59588826424365
34157,7.323485329127832
34158,37.24832158888748
34159,-0.6307897063937222
34160,-663.2691409893634
34161,51.84917219562045
34162,15.277812983076684
34163,3.3848118817185586
34164,-95.89784670948441
34165,27.047713273781813
34166,-1.6001000647797667
34167,29.986347201265666
34168,-586.5569989303982
34169,-170.82527695151074
34170,26.940003353112154
34171,71.11180498684276
34172,-48.512167551449636
34173,373.2663459810629
34174,324.41737127285967
34175,365.80439526051236
34176,-370.6381933154778
34177,-233.24563900688474
34178,265.7832107330324
34179,374.17409277951566
34180,173.19324776456352
34181,315.032493562002
34182,343.0953870276382
34183,343.69569779054694
34184,-26.00288543344982
34185,379.928286133044
34186,294.431300598862
34187,320.55562596615334
34188,274.98405605548066
34189,321.90955071884076
34190,334.9721150387817
34191,361.8813629211408
34192,390.2981153103254
34193,417.6999903441372
34194,304.5085315760466
34195,327.12466772369845
34196,348.66317791933125
34197,371.34085131770274
34198,377.1682201021681
34199,307.76475184609717
34200,267.7920837527795
34201,495.26416018434236
34202,292.5769667479218
34203,260.8990563422077
34204,477.56608264827423
34205,-292.2938376806502
34206,-176.50251585512248
34207,-542.1544391837722
34208,69.45016767134331
34209,-176.3794413536831
34210,-76.01978879263808
34211,-132.68459945415387
34212,-396.0844484841502
34213,-61.11122562309309
34214,-24.509110939796305
34215,-25.12450975620669
34216,-350.7587510490881
34217,-38.67914817306426
34218,-6.0618796071267464
34219,-52.910748966265544
34220,-594.8651591986818
34221,-284.83186065088603
34222,-191.9803314803415
34223,-14.000816371092267
34224,-126.14576011282578
34225,-25.586078600424724
34226,-76.68136027899845
34227,-2.677067725408186
34228,-398.946154270931
34229,-22.247439388656154
34230,-118.65302761230859
34231,-40.9100642534514
34232,-93.40539073623526
34233,-20.616583853123373
34234,-89.2513237567003
34235,-32.12491794175283
34236,-37.46368881179952
34237,-171.25606401576212
34238,-34.140440490014285
34239,-3.2155910195428667
34240,152.9780798544819
34241,-128.8382187282173
34242,-228.10548642943692
34243,-47.325802784126495
34244,51.572215103561454
34245,-45.20259662440903
34246,27.58621025870284
34247,67.26542426090616
34248,260.0150371482777
34249,-121.06852913564113
34250,-352.03574766107255
34251,-370.48295268452847
34252,-544.1083981721005
34253,-395.82288228207443
34254,-241.8447629076672
34255,-76.12747240409409
34256,-352.45114383534053
34257,36.202083089798435
34258,24.75528625188865
34259,59.326513806154296
34260,-349.266360904978
34261,11.908391991341457
34262,106.6215611195278
34263,238.59841641737128
34264,-68.83474254571928
34265,237.7983532303746
34266,14.077718202581623
34267,155.74746661057642
34268,-262.93828018577824
34269,77.03521920254683
34270,-52.81842993557921
34271,180.67197372464076
34272,-219.42807634762167
34273,-27.17081408443481
34274,146.1776743110781
34275,52.264568369888494
34276,-211.30452783149715
34277,32.44802139454818
34278,-9.354398767372617
34279,3.4463491324382334
34280,-111.4679813653898
34281,33.063446520172214
34282,20.170405898888678
34283,26.109211004576075
34284,-27.47850033803318
34285,-2.2001079912068287
34286,3.969455227375936
34287,94.25160028396832
34288,-127.23811866343752
34289,-17.10867116075182
34290,-18.678015754778574
34291,-4.923374695778652
34292,114.42200618285698
34293,245.07571850797973
34294,76.89675381112414
34295,-24.955288894031003
34296,82.57399271473587
34297,-37.23293069890415
34298,-58.83418949118325
34299,15.893238108700729
34300,387.9147536072893
34301,-44.0640654038473
34302,-103.45214276993492
34303,11.277575975734084
34304,87.66661458190387
34305,-73.6196255408616
34306,-18.970311118393614
34307,-107.76006603087589
34308,-3.9386997566229205
34309,32.694196706640525
34310,-40.663888941359055
34311,-9.062050785330282
34312,-173.7485199890113
34313,-110.23713111414172
34314,40.32542090779401
34315,20.262724929575008
34316,-21.58586790229577
34317,-7.846617733279185
34318,11.523751287826432
34319,-54.66470531245132
34320,-33.58655261510992
34321,-16.123996221596087
34322,-29.78634455912332
34323,5.107986447937678
34324,-41.29470495696642
34325,16.247097032249087
34326,12.816112480580532
34327,42.71016696037352
34328,-41.97166733331014
34329,4.738736634405983
34330,-112.96037150949991
34331,24.755286251888645
34332,52.54149915273384
34333,16.8009585979398
34334,-4.692590273669639
34335,36.21747397978176
34336,190.13408241268303
34337,31.155633892580425
34338,19.401124491858628
34339,38.4022173902189
34340,233.65965083160933
34341,29.29399393493863
34342,60.37272599602969
34343,87.40504837982817
34344,121.51473339908945
34345,150.2240839883707
34346,87.38965748984486
34347,158.23992258382557
34348,26.324604536701763
34349,77.34293176535884
34350,378.9757510141847
34351,521.8147861134943
34352,-2.3847460525795015
34353,174.93319757030935
34354,184.48759897982433
34355,160.14773521141737
34356,9.846723082343662
34357,175.47166824601675
34358,163.2555900010769
34359,266.03077039466814
34360,182.3028555693872
34361,275.7082463056224
34362,24.5091109397963
34363,100.57504609317073
34364,-71.78876736318648
34365,59.57266280903299
34366,63.80368423848461
34367,253.03001985271493
34368,-130.96142488793475
34369,246.70657404351252
34370,340.0350366390448
34371,432.3634597146516
34372,-11.49296950785977
34373,3.7386708052669224
34374,54.64931442246798
34375,32.986544688682855
34376,-47.510440845499176
34377,104.51371954058001
34378,113.88350919793595
34379,182.9336452757809
34380,-25.27839234682635
34381,102.66747047292154
34382,94.12852578252895
34383,178.17954406060522
34384,66.15767482031109
34385,183.79524571349728
34386,98.43644904346993
34387,54.43392089034231
34388,39.87924295355933
34389,161.50163365489115
34390,86.00497726640441
34391,106.82156376167015
34392,84.49719623231098
34393,176.5948348858088
34394,27.878531931531533
34395,96.1901683823131
34396,336.38868486446415
34397,90.28214505659237
34398,76.11208151411076
34399,5.8157042950344024
34400,156.0859609533551
34401,29.278603044955304
34402,11.20064783503108
34403,45.21798751439236
34404,143.94678453990463
34405,21.970508605810796
34406,24.370645548373624
34407,19.10880281902994
34408,97.86719658779589
34409,79.95846224004735
34410,75.12740657495503
34411,77.41985990606184
34412,-8.769755421715242
34413,60.18808793465703
34414,93.79003143975028
34415,107.4677443580472
34416,93.65156604832761
34417,212.15073737923018
34418,111.45259047540647
34419,177.70258432640387
34420,-1.3077783919510892
34421,359.4515520208867
34422,77.69681699812084
34423,189.81097895988768
34424,14.062353621811939
34425,63.9267850491376
34426,28.678568809314594
34427,89.00514844460795
34428,-31.801840798171128
34429,62.24975684365483
34430,29.201701213465945
34431,80.11231852145337
34432,355.0359188392761
34433,35.23282534983968
34434,37.64832687317219
34435,48.11047508113988
34436,407.26970542919787
34437,91.77453520070247
34438,41.20238592628009
34439,95.65167139739208
34440,44.002554462341266
34441,65.37300252329771
34442,113.77579927726627
34443,26.847684322425813
34444,115.89900543698376
34445,90.55907583943774
34446,32.63265945592085
34447,51.55682421357812
34448,-64.1267613820663
34449,85.37416125079704
34450,39.23303604796862
34451,109.683269548451
34452,-130.96142488793478
34453,43.27941941604757
34454,89.0512948053443
34455,228.3670526315126
34456,-97.25177146217185
34457,86.77425867343447
34458,4.0771651480456015
34459,47.52583173548251
34460,-4.261776900204623
34461,68.11163380863923
34462,26.370750897438104
34463,53.34153603051691
34464,-39.14074332649594
34465,15.354741123779688
34466,62.49593215574717
34467,80.28156569284272
34468,-66.58846188456246
34469,6.584985702064449
34470,49.47979072381064
34471,74.98894118353236
34472,-115.62207465413839
34473,7.646588781923183
34474,38.07911393742356
34475,30.94026666966839
34476,-165.24030446015806
34477,14.185428123251288
34478,97.74412208635653
34479,45.55648185717105
34480,-33.23269369156156
34481,2.3078179118764934
34482,-45.49494460645137
34483,35.12511542917001
34484,1.4616083641434425
34485,60.12655068393736
34486,21.124299058077746
34487,33.678845336582604
34488,67.57313682371817
34489,-11.723753929968785
34490,24.57064819051598
34491,68.6962771542966
34492,153.56272320013926
34493,20.70890288380971
34494,-13.600784777593912
34495,58.91109132267261
34496,97.52872855423084
34497,-38.75607631376727
34498,-63.3575062842499
34499,-5.846486075001063
34500,211.25835516154712
34501,18.77030847625126
34502,33.86348339795528
34503,128.8536096182006
34504,84.55873348303065
34505,113.02190876021957
34506,42.4793825382645
34507,88.6820449918126
34508,-1.3539247526874263
34509,123.09941626467224
34510,42.24859811615549
34511,78.43531662518424
34512,105.82149793253107
34513,16.939450298576126
34514,42.14088819548582
34515,81.63546413631649
34516,59.41883283684062
34517,96.72866536723413
34518,52.43381554127783
34519,59.20343930471495
34520,-97.57487491496718
34521,-24.786068031855308
34522,25.09375428545368
34523,29.155528543515956
34524,122.76094823110722
34525,51.1260108401131
34526,50.64907741512539
34527,104.75989485267233
34528,369.5752058860757
34529,11.81607296065512
34530,67.86548480576053
34531,-0.6615714863603817
34532,276.1698151498405
34533,16.93942398936248
34534,79.08149722156128
34535,133.29999827056426
34536,190.7033348683571
34537,174.14852527329597
34538,49.86443142732566
34539,90.2975359465757
34540,15.877820909503743
34541,92.6822819991552
34542,143.3313594142806
34543,81.42009691340444
34544,-47.71044348764153
34545,100.94429590670242
34546,108.31395390578024
34547,128.76129058751428
34548,-155.77824839054307
34549,165.7480459743261
34550,213.78159291476297
34551,612.1738593107896
34552,16.78559401717012
34553,195.0266490192814
34554,11.369868697206776
34555,73.26579292652688
34556,-206.16578591280646
34557,157.90142824104691
34558,212.58152444348156
34559,419.71656809624676
34560,-41.46395212835576
34561,76.58904124831213
34562,291.27838096152783
34563,208.36589390401326
34564,-136.14633947657543
34565,37.340614310360166
34566,97.88258747777921
34567,165.99422128641842
34568,-119.56074810154769
34569,92.31303218562351
34570,195.0112844385117
34571,137.00791360507816
34572,39.89460753432901
34573,159.87077811935836
34574,208.51975018541927
34575,224.04371217137466
34576,131.2383556707801
34577,73.11191033590723
34578,40.202320097141026
34579,80.74313453706074
34580,179.82579048612135
34581,220.18196686466837
34582,254.81473166965372
34583,128.0381555412206
34584,274.1850743815457
34585,166.47115471140611
34586,-56.2493881780341
34587,100.28272442034203
34588,175.48705913600008
34589,39.60228586150032
34590,16.324025172952087
34591,93.80542232973362
34592,426.5939017803535
34593,26.84771063163946
34594,2.184743410437144
34595,74.92740393281268
34596,153.83965398298463
34597,16.308634282968757
34598,-24.186033796214602
34599,-4.138702398765275
34600,-26.40153267740476
34601,-75.46590091773372
34602,-99.95964727676034
34603,57.680267380638185
34604,62.80364471855919
34605,39.125352436512614
34606,-12.87764973130021
34607,36.817534524636116
34608,87.45119474056452
34609,47.87969065903087
34610,2.9386339274838598
34611,83.00480608820087
34612,-47.03350742051147
34613,49.495155304580315
34614,27.15542319445148
34615,131.76146176571783
34616,-5.923414215704064
34617,70.97333959542007
34618,35.07894275922002
34619,146.1776743110781
34620,183.2413578385929
34621,192.5649748259989
34622,73.03498219520422
34623,132.08456521851318
34624,157.79374462959086
34625,13.754641058999919
34626,25.786107551780724
34627,4.631026713736318
34628,264.8307019233867
34629,71.46566391039111
34630,76.6505784990318
34631,84.49716992309735
34632,96.14402202157676
34633,90.65139487012408
34634,136.60790832079346
34635,88.74358224253227
34636,87.29736476837216
34637,173.42541653621595
34638,487.3974148406346
34639,491.73611988154227
34640,-628.4517381230054
34641,-2.1847434104371644
34642,233.30579190806094
34643,184.33374269841832
34644,-29.293993934938634
34645,204.50414859730702
34646,207.4889288855272
34647,287.5551010462442
34648,-78.58917290659025
34649,310.5717955327168
34650,111.89876842964115
34651,76.55828577755912
34652,-287.8012500491229
34653,242.46016172407758
34654,247.5681744812289
34655,346.92776121313483
34656,76.15825418406077
34657,32.34033778309215
34658,286.89350325067016
34659,167.24043611843618
34660,-90.77446937156341
34661,64.15754316203297
34662,-3.6309608845972576
34663,33.55579714435691
34664,-91.38989449718746
34665,196.18057112982646
34666,122.29937938688919
34667,103.72907355278028
34668,58.157200805625905
34669,129.1459312910293
34670,77.34293176535884
34671,210.55063731445043
34672,132.8846284055099
34673,113.51425938440427
34674,64.34218122340565
34675,122.6070919497012
34676,49.418253473090964
34677,148.74705842503027
34678,40.9869923941544
34679,39.97156198424566
34680,642.3294536834446
34681,88.92822030390495
34682,-32.755760266573844
34683,0.8154277677663941
34684,810.0468495360822
34685,248.95285470466933
34686,76.8506074503878
34687,4.907983805795322
34688,178.6718683755763
34689,5.584946182139031
34690,17.524093644233503
34691,67.46545321226218
34692,273.2004257516036
34693,66.03460031887174
34694,12.862285150530525
34695,22.616689202187846
34696,2.4770650832658347
34697,12.954577872003213
34698,44.51026966729563
34699,73.89658263292061
34700,46.66423129776612
34701,70.74255517331106
34702,27.324644056627168
34703,61.61894082804746
34704,-106.59077933956114
34705,70.5579171119384
34706,66.0192094288884
34707,49.86440511811201
34708,-80.49695922496839
34709,41.03313875489075
34710,12.539181697735177
34711,131.05371760940744
34712,-69.26555591918428
34713,-21.447402510873093
34714,-10.092898394436004
34715,90.57446672942105
34716,25.678423940324702
34717,-1.184677581298085
34718,-1.1538958013314229
34719,-13.770031948983249
34720,84.4049035108383
34721,-40.11000106645469
34722,-191.02643832115245
34723,-210.6583472351201
34724,207.7812505583559
34725,17.400992833580506
34726,52.71074632412319
34727,24.07829756633129
34728,134.23852684898367
34729,24.616794551252326
34730,51.356821571435766
34731,72.91190769376487
34732,-2.523211444002186
34733,150.40869574052974
34734,134.94627100529402
34735,77.66600890894054
34736,-202.98097667323023
34737,77.66603521815419
34738,225.04377800051373
34739,77.83525608032988
34740,-50.372146632280035
34741,121.68395426126514
34742,369.32905688319704
34743,252.6915518191499
34744,-255.69169668813979
34745,88.17432978685822
34746,73.25040203654355
34747,96.66712811651448
34748,-103.32906826849558
34749,84.804908795123
34750,78.15835953312524
34751,215.52015837096542
34752,-207.7350778884059
34753,26.09379380537909
34754,161.99398427907582
34755,384.729944367713
34756,-67.8808493865302
34757,38.72532084301425
34758,13.616175667577245
34759,43.21788216532789
34760,-106.43692305815512
34761,102.03665445731417
34762,40.92545514343473
34763,53.033823467704885
34764,-37.832964934544854
34765,49.21822452173496
34766,18.662624864795244
34767,30.06327534196868
34768,113.85272741796928
34769,50.75678733579505
34770,-20.647339323876384
34771,9.554401409514972
34772,154.470469998592
34773,21.201227198780753
34774,-57.18794306566714
34775,57.38794570780949
34776,205.38111361579305
34777,-1.8308844868887846
34778,-116.45289331188812
34779,-21.755088764471466
34780,237.96760040176392
34781,0.12307450143935128
34782,-105.1599264461707
34783,-20.21655225962502
34784,273.96968084942
34785,-73.35808564799957
34786,-54.72624256317099
34787,-30.601772326889712
34788,24.78604172264167
34789,-33.50965078362056
34790,-189.53404817704234
34791,-27.49389122801651
34792,-90.7437139008104
34793,20.662730213859717
34794,-15.123956701670675
34795,-5.815730604248048
34796,-50.44907477298304
34797,3.507886383157908
34798,-13.370026664698543
34799,22.078192217266817
34800,-40.72542619207873
34801,-5.492627151452699
34802,-4.692563964455992
34803,58.49569514840458
34804,-160.1169534314507
34805,-45.894976199949724
34806,58.772625931249934
34807,272.8465405188416
34808,-57.15713497648683
34809,31.894133519643812
34810,-16.15477800156275
34811,-6.292690338449411
34812,6.723477402700771
34813,35.24818993060936
34814,62.742107467839524
34815,29.001672262109942
34816,106.8523455416368
34817,3.6925244445305774
34818,-75.34282641629436
34819,-133.71542075404594
34820,30.863338528965382
34821,-13.631566557560573
34822,18.26261958051054
34823,-1.784711816938791
34824,5.215670059393695
34825,23.847513144222276
34826,26.339969117471437
34827,18.201056020577212
34828,-132.08456521851318
34829,-10.646786269340367
34830,65.04992537971602
34831,26.309213646718426
34832,-95.31320336382704
34833,106.22152952602944
34834,29.27862935416895
34835,-16.047068080893084
34836,-67.15774064945015
34837,30.43252515550037
34838,187.8262381915929
34839,56.97252322432781
34840,-129.36132482315497
34841,32.24801875240583
34842,-4.892592915811992
34843,21.308910810236767
34844,-115.91439632696706
34845,20.247334039591678
34846,67.17313153943347
34847,161.84012799766984
34848,-144.97760583979672
34849,60.92658756172042
34850,75.38897277703072
34851,99.97501185753002
34852,-242.6601643662199
34853,22.66283556292419
34854,89.83596710235767
34855,76.86597203115748
34856,-35.87897963700308
34857,104.43681770909065
34858,72.29648256814083
34859,295.0324426567781
34860,80.4815946441987
34861,30.170985262638343
34862,18.09334609990755
34863,54.68009620243465
34864,168.08664566616926
34865,146.22384698102812
34866,5.784948824281387
34867,16.877886738642804
34868,81.51241594409078
34869,44.094873493027606
34870,-0.1538562814060107
34871,54.726242563171
34872,289.8783098481041
34873,48.09508419115656
34874,5.046449197218003
34875,-16.554809595061105
34876,196.98063431682317
34877,12.76996611984419
34878,-26.278431866751767
34879,-127.4227567248102
34880,236.7059946797628
34881,-57.83412366204419
34882,-36.40211204115443
34883,-0.876965018486068
34884,-130.0382871994987
34885,19.970376947532678
34886,29.86327269982632
34887,35.402072521229016
34888,-64.24988850193294
34889,42.325526256858495
34890,3.615596303827574
34891,97.29794413212183
34892,42.663994290423524
34893,222.18207221373285
34894,39.44842958009431
34895,-37.84832951531453
34896,-168.76360804251297
34897,93.43617251620194
34898,18.001027069221216
34899,12.308397275626163
34900,-248.2605014383423
34901,-30.801774969032067
34902,1.015430409908742
34903,76.4813576368561
34904,-0.01539088998333149
34905,18.90877386767394
34906,-17.0009875492958
34907,5.00027652726801
34908,-5.646483432858709
34909,-10.708323520060038
34910,45.5872636371377
34911,21.18583630879742
34912,1.753956346185781
34913,-43.92562632163826
34914,-32.49419406449817
34915,-50.69525008507538
34916,175.67169719737274
34917,-87.80507997332653
34918,-174.93319757030935
34919,-25.078389704684
34920,17.785633537095528
34921,-1.538536504846446
34922,-21.447402510873093
34923,19.53958988328131
34924,-47.38736634405983
34925,3.630987193810906
34926,16.18555978152941
34927,16.324025172952084
34928,-173.99466899189
34929,64.83453184759031
34930,40.44849540923336
34931,11.185256945047751
34932,-99.46729665257564
34933,-170.16367915593673
34934,-9.46208237882864
34935,188.53398234790328
34936,-261.1227865888728
34937,-50.18750857090736
34938,-91.88224512137214
34939,-21.124299058077746
34940,-469.05789342863466
34941,-32.77112484734352
34942,-29.140137653532626
34943,15.43166926448269
34944,-387.28393759168193
34945,-8.30818657749721
34946,-6.87733368410678
34947,32.58651309518451
34948,-480.1508576522098
34949,-2.2616715511401484
34950,-16.66249320651712
34951,-41.80242016192079
34952,-256.5686880158395
34953,15.216275732357012
34954,62.69593479788953
34955,52.295350149855146
34956,13.739250169016591
34957,5.492627151452698
34958,13.92388823038926
34959,54.41853000035898
34960,60.94200476091739
34961,30.55559965693972
34962,14.923927750314673
34963,0.9692840491724
34964,-10.662150850110049
34965,16.124022530809736
34966,13.831569199702923
34967,18.8626275069376
34968,304.98687565979134
34969,4.769492105158996
34970,11.769926599918774
34971,-16.970232078542782
34972,124.42258554660664
34973,7.6465887819231835
34974,3.815598945969924
34975,-25.955328413956416
34976,301.04817590316844
34977,-13.754641058999919
34978,-3.3386655209822145
34979,-9.877478553096672
34980,25.75532577181406
34981,20.062722287432656
34982,94.82087904885599
34983,212.15073737923018
34984,-52.12607666925216
34985,16.293269702199073
34986,41.72549202121779
34987,132.1768842491995
34988,-41.24853228701643
34989,43.01787952318554
34990,66.35767746245344
34991,185.22609860688772
34992,39.75614214290632
34993,65.5883960554234
34994,11.031400663641744
34995,55.126274156669346
34996,230.4440861212801
34997,17.30870011210782
34998,-26.032282863873064
34999,-3.0001711782035354
35000,73.71197088076158
35001,-3.40020277170189
35002,-10.739078990813054
35003,3.7386971144805683
35004,50.541367494455734
35005,-14.13928176251494
35006,-11.47757861787644
35007,18.154883350627223
35008,297.92493022352556
35009,-7.76968959257618
35010,-25.15529153617336
35011,-141.71586845951748
35012,68.4039554814679
35013,-31.07870575187742
35014,-10.400610957248023
35015,-20.939660996705076
35016,17.200990191438155
35017,-14.770097778122311
35018,-36.4636492918741
35019,-49.84904053734233
35020,-179.01036271835494
35021,0.030755470753014436
35022,21.64740515301545
35023,-13.86232467045594
35024,-240.24466284288744
35025,37.156002558201145
35026,83.37405590173258
35027,161.73241807700018
35028,198.11574026011084
35029,316.2465176684994
35030,369.864128590844
35031,372.9418072735002
35032,337.33945558286086
35033,327.70958759662386
35034,290.16836497115804
35035,357.81931213581055
35036,279.55266331826596
35037,287.2152223539222
35038,316.3858652601534
35039,397.2828297694065
