time;PV Erzeugung [W];PV Erzeugung [kW];G(i);H_sun;T2m;WS10m;Int
20210101:0010;0;0;0;0;1,65;1,45;0
20210101:0110;0;0;0;0;1,54;1,79;0
20210101:0210;0;0;0;0;1,57;2;0
20210101:0310;0;0;0;0;1,53;2;0
20210101:0410;0;0;0;0;1,51;1,93;0
20210101:0510;0;0;0;0;1,42;1,52;0
20210101:0610;0;0;0;0;1,41;1,52;0
20210101:0710;0;0;0;0;1,43;1,52;0
20210101:0810;0;0;5,46;3,47;1,42;1,17;0
20210101:0910;53,87;0,05387;76,04;9,5;1,63;1,66;0
20210101:1010;120,83;0,12083;150,18;13,75;2,27;1,93;0
20210101:1110;513,97;0,51397;592,26;15,86;2,89;1,93;0
20210101:1210;314,38;0,31438;362,74;15,64;3,46;2,07;0
20210101:1310;114,78;0,11478;144,48;13,12;3,88;2,14;0
20210101:1410;116,23;0,11623;146,03;8,52;3,76;1,72;0
20210101:1510;0;0;1,69;2,21;3,2;1,38;0
20210101:1610;0;0;0;0;2,38;1,59;0
20210101:1710;0;0;0;0;1,55;1,72;0
20210101:1810;0;0;0;0;0,88;1,86;0
20210101:1910;0;0;0;0;1,08;1,59;0
20210101:2010;0;0;0;0;1,13;1,52;0
20210101:2110;0;0;0;0;1,09;1,45;0
20210101:2210;0;0;0;0;0,93;1,52;0
20210101:2310;0;0;0;0;0,48;1,59;0
20210102:0010;0;0;0;0;0,79;1,52;0
20210102:0110;0;0;0;0;0,97;1,52;0
20210102:0210;0;0;0;0;0,69;1,66;0
20210102:0310;0;0;0;0;0,82;1,59;0
20210102:0410;0;0;0;0;0,54;1,59;0
20210102:0510;0;0;0;0;0,77;1,45;0
20210102:0610;0;0;0;0;0,93;1,31;0
20210102:0710;0;0;0;0;0,74;1,17;0
20210102:0810;2,56;0,00256;10,91;3,5;0,79;1,31;0
20210102:0910;46,27;0,04627;67,24;9,54;1,07;1,31;0
20210102:1010;97,73;0,09773;124,94;13,81;1,51;1,1;0
20210102:1110;134,79;0,13479;165,77;15,94;1,92;0,97;0
20210102:1210;362,86;0,36286;418,56;15,74;2,18;0,9;0
20210102:1310;329,03;0,32903;381,1;13,23;2,47;0,69;0
20210102:1410;53,17;0,05317;75,67;8,64;2,71;0,48;0
20210102:1510;0;0;1,69;2,33;2,73;0,28;0
20210102:1610;0;0;0;0;2,62;0,34;0
20210102:1710;0;0;0;0;2,54;0,21;0
20210102:1810;0;0;0;0;1,92;0,83;0
20210102:1910;0;0;0;0;1,78;1,1;0
20210102:2010;0;0;0;0;1,4;1,38;0
20210102:2110;0;0;0;0;0,98;1,72;0
20210102:2210;0;0;0;0;0,91;1,72;0
20210102:2310;0;0;0;0;0,49;1,86;0
20210103:0010;0;0;0;0;1,06;1,79;0
20210103:0110;0;0;0;0;0,51;2,14;0
20210103:0210;0;0;0;0;0,17;2,28;0
20210103:0310;0;0;0;0;-0,06;2,34;0
20210103:0410;0;0;0;0;-0,02;2,34;0
20210103:0510;0;0;0;0;0,28;2,41;0
20210103:0610;0;0;0;0;0,68;2,48;0
20210103:0710;0;0;0;0;0,28;2,34;0
20210103:0810;0;0;2,73;3,53;0,39;2,41;0
20210103:0910;21,12;0,02112;37,28;9,59;0,98;2,62;0
20210103:1010;29,1;0,0291;47,29;13,87;1,74;3,24;0
20210103:1110;13,35;0,01335;27,28;16,02;2,45;4,48;0
20210103:1210;26,75;0,02675;44,56;15,84;2,75;4,41;0
20210103:1310;16,71;0,01671;31,83;13,35;2,92;4,55;0
20210103:1410;5,77;0,00577;16,37;8,76;2,64;3,72;0
20210103:1510;0;0;1,69;2,47;2,33;3,52;0
20210103:1610;0;0;0;0;1,95;3,38;0
20210103:1710;0;0;0;0;1,8;3,24;0
20210103:1810;0;0;0;0;1,6;3,1;0
20210103:1910;0;0;0;0;1,52;2,76;0
20210103:2010;0;0;0;0;1,4;2,48;0
20210103:2110;0;0;0;0;1,27;2,41;0
20210103:2210;0;0;0;0;1,08;2,41;0
20210103:2310;0;0;0;0;0,98;2,28;0
20210104:0010;0;0;0;0;0,9;2,14;0
20210104:0110;0;0;0;0;0,82;2,14;0
20210104:0210;0;0;0;0;0,82;2,07;0
20210104:0310;0;0;0;0;0,83;2;0
20210104:0410;0;0;0;0;0,77;2,07;0
20210104:0510;0;0;0;0;0,74;2,07;0
20210104:0610;0;0;0;0;0,73;2;0
20210104:0710;0;0;0;0;0,72;1,79;0
20210104:0810;1,59;0,00159;9,09;3,57;0,78;1,86;0
20210104:0910;26,21;0,02621;43,65;9,65;0,98;1,93;0
20210104:1010;31,38;0,03138;50,02;13,95;1,42;2,34;0
20210104:1110;35,83;0,03583;55,47;16,12;2,13;3,31;0
20210104:1210;34,99;0,03499;54,56;15,95;2,6;3,45;0
20210104:1310;20,24;0,02024;36,38;13,47;2,58;3,03;0
20210104:1410;21,67;0,02167;38,19;8,9;2,5;2,55;0
20210104:1510;2,12;0,00212;10,16;2,6;2,34;2,21;0
20210104:1610;0;0;0;0;2,08;2,07;0
20210104:1710;0;0;0;0;1,87;2,07;0
20210104:1810;0;0;0;0;1,68;2,14;0
20210104:1910;0;0;0;0;1,18;2,14;0
20210104:2010;0;0;0;0;1,05;2,07;0
20210104:2110;0;0;0;0;1,03;2,07;0
20210104:2210;0;0;0;0;0,85;2,14;0
20210104:2310;0;0;0;0;0,86;2,14;0
20210105:0010;0;0;0;0;0,85;2,14;0
20210105:0110;0;0;0;0;0,83;2,07;0
20210105:0210;0;0;0;0;0,74;2,07;0
20210105:0310;0;0;0;0;0,69;1,93;0
20210105:0410;0;0;0;0;0,23;1,93;0
20210105:0510;0;0;0;0;0,04;1,93;0
20210105:0610;0;0;0;0;-0,28;2;0
20210105:0710;0;0;0;0;0,8;1,72;0
20210105:0810;2,56;0,00256;10,91;3,61;0,79;1,66;0
20210105:0910;21,13;0,02113;37,28;9,71;0,82;1,79;0
20210105:1010;28,37;0,02837;46,38;14,03;1,57;2,62;0
20210105:1110;12,7;0,0127;26,37;16,22;2;2,83;0
20210105:1210;26,77;0,02677;44,56;16,07;2,49;3,17;0
20210105:1310;34,26;0,03426;53,65;13,6;2,32;2,55;0
20210105:1410;2,05;0,00205;10;9,04;2,01;2,34;0
20210105:1510;1,69;0,00169;9,31;2,75;1,84;2,62;0
20210105:1610;0;0;0;0;1,6;2,41;0
20210105:1710;0;0;0;0;1,48;2,34;0
20210105:1810;0;0;0;0;1,29;2,41;0
20210105:1910;0;0;0;0;1,59;2,07;0
20210105:2010;0;0;0;0;1,01;2,14;0
20210105:2110;0;0;0;0;0,7;2,21;0
20210105:2210;0;0;0;0;0,82;2,28;0
20210105:2310;0;0;0;0;1,23;2,28;0
20210106:0010;0;0;0;0;1,4;2,34;0
20210106:0110;0;0;0;0;1,34;2,28;0
20210106:0210;0;0;0;0;1,34;2,41;0
20210106:0310;0;0;0;0;1,32;2,41;0
20210106:0410;0;0;0;0;1,34;2,34;0
20210106:0510;0;0;0;0;1,36;2,34;0
20210106:0610;0;0;0;0;1,28;2,41;0
20210106:0710;0;0;0;0;0,99;2,21;0
20210106:0810;19,07;0,01907;34,66;3,66;1,15;2,21;0
20210106:0910;2,54;0,00254;10,91;9,78;1,61;3,17;0
20210106:1010;211,81;0,21181;246,84;14,12;1,87;3,45;0
20210106:1110;68,84;0,06884;93,35;16,33;2,13;3,31;0
20210106:1210;8,81;0,00881;20,92;16,2;2,18;2,97;0
20210106:1310;24,61;0,02461;41,83;13,74;2,18;3,03;0
20210106:1410;8,19;0,00819;20,01;9,18;2,16;2,97;0
20210106:1510;0;0;4,23;2,9;1,85;2,34;0
20210106:1610;0;0;0;0;1,42;1,93;0
20210106:1710;0;0;0;0;1,12;1,86;0
20210106:1810;0;0;0;0;0,82;1,86;0
20210106:1910;0;0;0;0;0,19;1,93;0
20210106:2010;0;0;0;0;-0,07;2,14;0
20210106:2110;0;0;0;0;-0,17;2,07;0
20210106:2210;0;0;0;0;-0,04;2,69;0
20210106:2310;0;0;0;0;0;2,97;0
20210107:0010;0;0;0;0;-0,04;2,9;0
20210107:0110;0;0;0;0;0,14;3,24;0
20210107:0210;0;0;0;0;0,17;3,1;0
20210107:0310;0;0;0;0;0,24;3,1;0
20210107:0410;0;0;0;0;0,22;3,17;0
20210107:0510;0;0;0;0;0,24;3,1;0
20210107:0610;0;0;0;0;0,11;2,48;0
20210107:0710;0;0;0;0;0,56;2,9;0
20210107:0810;1,6;0,0016;9,09;3,72;0,62;2,69;0
20210107:0910;49,18;0,04918;70,49;9,85;0,92;2,9;0
20210107:1010;42,94;0,04294;63,66;14,21;1,26;3,24;0
20210107:1110;101,11;0,10111;128,6;16,44;1,63;3,03;0
20210107:1210;38,95;0,03895;59,11;16,33;1,82;3,24;0
20210107:1310;67,15;0,06715;91,26;13,88;1,85;3,1;0
20210107:1410;50,47;0,05047;72,17;9,33;1,77;2,97;0
20210107:1510;0,15;0,00015;5,93;3,05;1,64;3,17;0
20210107:1610;0;0;0;0;1,37;2,97;0
20210107:1710;0;0;0;0;1,17;3,24;0
20210107:1810;0;0;0;0;1,02;3,45;0
20210107:1910;0;0;0;0;0,94;3,79;0
20210107:2010;0;0;0;0;0,91;3,72;0
20210107:2110;0;0;0;0;0,81;3,86;0
20210107:2210;0;0;0;0;0,7;3,72;0
20210107:2310;0;0;0;0;0,67;3,72;0
20210108:0010;0;0;0;0;0,78;4;0
20210108:0110;0;0;0;0;0,81;3,66;0
20210108:0210;0;0;0;0;0,86;3,66;0
20210108:0310;0;0;0;0;0,82;3,45;0
20210108:0410;0;0;0;0;0,74;3,31;0
20210108:0510;0;0;0;0;0,67;3,1;0
20210108:0610;0;0;0;0;0,64;2,83;0
20210108:0710;0;0;0;0;0,55;2,69;0
20210108:0810;0;0;5,46;3,79;0,55;2,48;0
20210108:0910;76,47;0,07647;100,71;9,94;0,69;3,03;0
20210108:1010;74,22;0,07422;98,8;14,32;1,09;3,03;0
20210108:1110;65,03;0,06503;88,91;16,57;1,34;2,97;0
20210108:1210;59,29;0,05929;82,49;16,47;1,6;3,03;0
20210108:1310;65,34;0,06534;89,29;14,03;1,96;2,69;0
20210108:1410;33,56;0,03356;52,67;9,49;2,11;2,76;0
20210108:1510;31,09;0,03109;50,25;3,21;1,91;1,93;0
20210108:1610;0;0;0;0;1,39;1,66;0
20210108:1710;0;0;0;0;1,17;1,59;0
20210108:1810;0;0;0;0;1,08;1,52;0
20210108:1910;0;0;0;0;0,54;1,52;0
20210108:2010;0;0;0;0;-0,31;1,72;0
20210108:2110;0;0;0;0;-1;1,72;0
20210108:2210;0;0;0;0;-1,26;1,52;0
20210108:2310;0;0;0;0;-1,08;1,17;0
20210109:0010;0;0;0;0;-0,62;1,52;0
20210109:0110;0;0;0;0;-0,76;1,52;0
20210109:0210;0;0;0;0;-0,58;1,72;0
20210109:0310;0;0;0;0;-0,67;1,59;0
20210109:0410;0;0;0;0;-0,62;1,79;0
20210109:0510;0;0;0;0;-0,67;1,66;0
20210109:0610;0;0;0;0;-0,64;1,59;0
20210109:0710;0;0;0;0;-0,49;1,38;0
20210109:0810;12,23;0,01223;25,51;3,86;-0,33;1,72;0
20210109:0910;71,11;0,07111;94,62;10,03;-0,29;1,66;0
20210109:1010;86,35;0,08635;111,88;14,43;0,07;1,45;0
20210109:1110;106,83;0,10683;134,58;16,7;0,35;1,1;0
20210109:1210;61,8;0,0618;85,21;16,61;0,69;1,17;0
20210109:1310;33,7;0,0337;52,74;14,19;0,92;1,31;0
20210109:1410;11,43;0,01143;24,55;9,66;1,07;1,24;0
20210109:1510;16,88;0,01688;32,08;3,38;1;0,97;0
20210109:1610;0;0;0;0;0,84;0,97;0
20210109:1710;0;0;0;0;0,66;1,17;0
20210109:1810;0;0;0;0;0,46;1,1;0
20210109:1910;0;0;0;0;0,44;1,31;0
20210109:2010;0;0;0;0;0,67;1,31;0
20210109:2110;0;0;0;0;0,72;1,38;0
20210109:2210;0;0;0;0;0,59;1,24;0
20210109:2310;0;0;0;0;0,33;1,17;0
20210110:0010;0;0;0;0;0,23;1,38;0
20210110:0110;0;0;0;0;0,25;1,31;0
20210110:0210;0;0;0;0;0,32;1,31;0
20210110:0310;0;0;0;0;0,36;1,31;0
20210110:0410;0;0;0;0;0,13;1,17;0
20210110:0510;0;0;0;0;0,19;1,03;0
20210110:0610;0;0;0;0;0,08;0,9;0
20210110:0710;0;0;0;0;0,05;0,69;0
20210110:0810;4,7;0,0047;14,55;3,94;0,21;0,55;0
20210110:0910;66,09;0,06609;89,62;10,13;0,65;0,41;0
20210110:1010;45,94;0,04594;67,29;14,55;1,19;0,62;0
20210110:1110;68,68;0,06868;93,43;16,83;1,73;0,83;0
20210110:1210;52,76;0,05276;75,48;16,77;2,3;1,1;0
20210110:1310;36,5;0,0365;56,38;14,35;2,25;1,1;0
20210110:1410;131,86;0,13186;162,42;9,83;2,19;1,1;0
20210110:1510;137,73;0,13773;172,69;3,55;2,09;1,17;0
20210110:1610;0;0;0;0;1,65;1,17;0
20210110:1710;0;0;0;0;1,21;1,24;0
20210110:1810;0;0;0;0;0,43;1,38;0
20210110:1910;0;0;0;0;-0,06;1,79;0
20210110:2010;0;0;0;0;-0,38;1,79;0
20210110:2110;0;0;0;0;-0,57;1,79;0
20210110:2210;0;0;0;0;-0,02;1,93;0
20210110:2310;0;0;0;0;0,15;2;0
20210111:0010;0;0;0;0;0,09;1,86;0
20210111:0110;0;0;0;0;-0,05;1,93;0
20210111:0210;0;0;0;0;-0,02;1,93;0
20210111:0310;0;0;0;0;-0,23;1,93;0
20210111:0410;0;0;0;0;-0,25;2;0
20210111:0510;0;0;0;0;-0,19;2,14;0
20210111:0610;0;0;0;0;-0,15;2,21;0
20210111:0710;0;0;0;0;-0,49;2,21;0
20210111:0810;70,63;0,07063;94,47;4,03;-0,65;2,34;0
20210111:0910;17,65;0,01765;32,74;10,23;0,03;2,34;0
20210111:1010;34,56;0,03456;53,65;14,67;0,55;2,62;0
20210111:1110;112,27;0,11227;140,45;16,98;1,26;3,24;0
20210111:1210;42,02;0,04202;62,75;16,93;1,91;3,24;0
20210111:1310;68,21;0,06821;92,65;14,52;2,42;3,38;0
20210111:1410;8,17;0,00817;20,01;10;2,64;3,86;0
20210111:1510;0;0;2,73;3,73;2,87;4,14;0
20210111:1610;0;0;0;0;2,88;4,07;0
20210111:1710;0;0;0;0;2,99;4,34;0
20210111:1810;0;0;0;0;3,08;4,41;0
20210111:1910;0;0;0;0;3,1;4,62;0
20210111:2010;0;0;0;0;3,55;4,9;0
20210111:2110;0;0;0;0;4,05;5,03;0
20210111:2210;0;0;0;0;4,28;5,17;0
20210111:2310;0;0;0;0;4,4;5,38;0
20210112:0010;0;0;0;0;4,39;5,52;0
20210112:0110;0;0;0;0;4,48;5,66;0
20210112:0210;0;0;0;0;4,53;5,93;0
20210112:0310;0;0;0;0;4,66;6,28;0
20210112:0410;0;0;0;0;4,85;6,41;0
20210112:0510;0;0;0;0;5,08;6,41;0
20210112:0610;0;0;0;0;5,28;6,41;0
20210112:0710;0;0;0;0;5,65;6,34;0
20210112:0810;0;0;4,55;4,12;5,82;6,14;0
20210112:0910;12,43;0,01243;26,37;10,35;6,12;5,86;0
20210112:1010;36,58;0,03658;57,29;14,81;6,59;5,31;0
20210112:1110;64,17;0,06417;89,71;17,13;6,78;5,17;0
20210112:1210;27;0,027;45,47;17,09;6,35;5,24;0
20210112:1310;105,31;0,10531;134,73;14,7;5,58;5,03;0
20210112:1410;72,24;0,07224;97,67;10,18;4,93;4,62;0
20210112:1510;130,17;0,13017;164,4;3,91;4,46;4,9;0
20210112:1610;0;0;0;0;3,66;4,76;0
20210112:1710;0;0;0;0;2,97;4,55;0
20210112:1810;0;0;0;0;2,55;4,34;0
20210112:1910;0;0;0;0;2,25;4,07;0
20210112:2010;0;0;0;0;2,08;3,72;0
20210112:2110;0;0;0;0;1,74;3,38;0
20210112:2210;0;0;0;0;1,17;3,1;0
20210112:2310;0;0;0;0;0,56;2,97;0
20210113:0010;0;0;0;0;0,15;2,9;0
20210113:0110;0;0;0;0;-0,16;2,97;0
20210113:0210;0;0;0;0;-0,29;3,1;0
20210113:0310;0;0;0;0;-0,09;3,17;0
20210113:0410;0;0;0;0;0,23;3,52;0
20210113:0510;0;0;0;0;0,44;3,86;0
20210113:0610;0;0;0;0;0,6;4;0
20210113:0710;0;0;0;0;0,86;4,34;0
20210113:0810;137,02;0,13702;168,05;4,22;1,46;4,55;0
20210113:0910;436,67;0,43667;491,51;10,47;1,79;4,69;0
20210113:1010;175,92;0,17592;208,33;14,95;2,09;4,76;0
20210113:1110;109,9;0,1099;138,37;17,29;2,55;5,24;0
20210113:1210;31,92;0,03192;50,93;17,27;3,12;5,38;0
20210113:1310;244,92;0,24492;283,31;14,88;3,34;5,1;0
20210113:1410;127,52;0,12752;157,52;10,37;3,56;4,83;0
20210113:1510;169,85;0,16985;207,71;4,1;3,2;4,14;0
20210113:1610;0;0;0;0;2,62;3,79;0
20210113:1710;0;0;0;0;2,65;3,93;0
20210113:1810;0;0;0;0;2,35;4,14;0
20210113:1910;0;0;0;0;1,93;3,79;0
20210113:2010;0;0;0;0;2,07;4,28;0
20210113:2110;0;0;0;0;1,95;4,48;0
20210113:2210;0;0;0;0;2,25;4,62;0
20210113:2310;0;0;0;0;2,26;4,55;0
20210114:0010;0;0;0;0;2,37;4,34;0
20210114:0110;0;0;0;0;2,11;4;0
20210114:0210;0;0;0;0;1,81;3,52;0
20210114:0310;0;0;0;0;1,48;3,1;0
20210114:0410;0;0;0;0;1,18;2,55;0
20210114:0510;0;0;0;0;0,66;2,07;0
20210114:0610;0;0;0;0;0,2;1,72;0
20210114:0710;0;0;0;0;0,04;1,31;0
20210114:0810;35;0,035;53,95;4,33;-0,46;1,1;0
20210114:0910;137,39;0,13739;166,85;10,59;0;0,83;0
20210114:1010;50,82;0,05082;72,75;15,09;0,54;0,83;0
20210114:1110;144,96;0,14496;176,15;17,45;0,96;1,31;0
20210114:1210;147,74;0,14774;179,12;17,45;1,56;2,28;0
20210114:1310;237,14;0,23714;275,04;15,07;1,92;2,69;0
20210114:1410;50,64;0,05064;72,55;10,56;2,02;2,83;0
20210114:1510;11,67;0,01167;24,99;4,29;1,74;2,48;0
20210114:1610;0;0;0;0;1,24;2,62;0
20210114:1710;0;0;0;0;0,81;2,83;0
20210114:1810;0;0;0;0;0,59;2,9;0
20210114:1910;0;0;0;0;0,42;3,1;0
20210114:2010;0;0;0;0;0,04;2,97;0
20210114:2110;0;0;0;0;-0,33;2,9;0
20210114:2210;0;0;0;0;-0,6;2,83;0
20210114:2310;0;0;0;0;-1,07;2,76;0
20210115:0010;0;0;0;0;-1,52;2,76;0
20210115:0110;0;0;0;0;-1,87;2,62;0
20210115:0210;0;0;0;0;-2,14;2,48;0
20210115:0310;0;0;0;0;-2,39;2,34;0
20210115:0410;0;0;0;0;-2,59;2,21;0
20210115:0510;0;0;0;0;-2,81;2,07;0
20210115:0610;0;0;0;0;-2,86;1,93;0
20210115:0710;0;0;0;0;-1,83;2;0
20210115:0810;6,51;0,00651;17,28;4,45;-1,39;1,86;0
20210115:0910;254,56;0,25456;291,85;10,73;-0,36;2;0
20210115:1010;50,93;0,05093;72,75;15,25;0,53;2,55;0
20210115:1110;39,87;0,03987;60,02;17,63;0,99;2,76;0
20210115:1210;214,54;0,21454;250,21;17,63;1,36;2,97;0
20210115:1310;98,46;0,09846;125,6;15,27;1,63;3,17;0
20210115:1410;23,2;0,0232;40,01;10,76;1,81;3,31;0
20210115:1510;4,11;0,00411;13,64;4,49;1,55;2,76;0
20210115:1610;0;0;0;0;0,69;2,34;0
20210115:1710;0;0;0;0;0,01;2,21;0
20210115:1810;0;0;0;0;-0,9;2,21;0
20210115:1910;0;0;0;0;-0,32;2,14;0
20210115:2010;0;0;0;0;-0,75;2,14;0
20210115:2110;0;0;0;0;-0,99;2,14;0
20210115:2210;0;0;0;0;-0,65;1,86;0
20210115:2310;0;0;0;0;-0,76;1,93;0
20210116:0010;0;0;0;0;-0,84;1,79;0
20210116:0110;0;0;0;0;-0,87;1,24;0
20210116:0210;0;0;0;0;-0,93;1,31;0
20210116:0310;0;0;0;0;-1,08;1,1;0
20210116:0410;0;0;0;0;-0,97;1,17;0
20210116:0510;0;0;0;0;-1,34;1,59;0
20210116:0610;0;0;0;0;-1,58;1,45;0
20210116:0710;0;0;0;0;-1,51;1,59;0
20210116:0810;0;0;4,55;4,57;-1,71;1,52;0
20210116:0910;27,93;0,02793;45,47;10,87;-0,77;1,72;0
20210116:1010;14,85;0,01485;29,1;15,41;0,36;2,28;0
20210116:1110;33,72;0,03372;52,74;17,81;1,01;2,55;0
20210116:1210;47,6;0,0476;69,11;17,83;1,31;2,76;0
20210116:1310;51,53;0,05153;73,66;15,47;1,38;2,83;0
20210116:1410;29,15;0,02915;47,29;10,97;1,33;2,76;0
20210116:1510;19,71;0,01971;35,6;4,69;1,05;2,48;0
20210116:1610;0;0;0;0;0,46;2,83;0
20210116:1710;0;0;0;0;0,16;3,03;0
20210116:1810;0;0;0;0;-0,08;3,1;0
20210116:1910;0;0;0;0;-0,59;3,24;0
20210116:2010;0;0;0;0;-0,6;2,9;0
20210116:2110;0;0;0;0;-0,5;2,76;0
20210116:2210;0;0;0;0;-0,37;2,41;0
20210116:2310;0;0;0;0;-0,3;2,14;0
20210117:0010;0;0;0;0;-0,31;2;0
20210117:0110;0;0;0;0;-0,31;1,79;0
20210117:0210;0;0;0;0;-0,23;1,45;0
20210117:0310;0;0;0;0;-0,12;1,17;0
20210117:0410;0;0;0;0;-0,03;1,1;0
20210117:0510;0;0;0;0;-0,05;1,03;0
20210117:0610;0;0;0;0;-0,14;1,1;0
20210117:0710;0;0;0;0;-0,25;1,38;0
20210117:0810;13,22;0,01322;26,87;4,7;-0,14;1,17;0
20210117:0910;136,44;0,13644;166,13;11,02;0,38;0,83;0
20210117:1010;20,38;0,02038;36,38;15,58;0,99;0,97;0
20210117:1110;171,45;0,17145;205,03;17,99;1,8;1,93;0
20210117:1210;67,65;0,06765;92,28;18,03;2,19;2;0
20210117:1310;31,9;0,0319;50,93;15,68;2,81;2,14;0
20210117:1410;26,67;0,02667;44,56;11,17;3,1;2,48;0
20210117:1510;3,53;0,00353;12,73;4,9;3,24;2,69;0
20210117:1610;0;0;0;0;2,77;2,76;0
20210117:1710;0;0;0;0;2,45;2,83;0
20210117:1810;0;0;0;0;2,43;2,76;0
20210117:1910;0;0;0;0;2,32;3,03;0
20210117:2010;0;0;0;0;2,1;3,31;0
20210117:2110;0;0;0;0;1,72;3,38;0
20210117:2210;0;0;0;0;1,67;3,38;0
20210117:2310;0;0;0;0;1,77;3,31;0
20210118:0010;0;0;0;0;2,03;3,38;0
20210118:0110;0;0;0;0;2,2;3,31;0
20210118:0210;0;0;0;0;2,37;3,17;0
20210118:0310;0;0;0;0;2,4;3,1;0
20210118:0410;0;0;0;0;2,28;3,1;0
20210118:0510;0;0;0;0;2,31;3,17;0
20210118:0610;0;0;0;0;2,41;3,31;0
20210118:0710;0;0;0;0;2,63;3,1;0
20210118:0810;53,2;0,0532;75,78;4,83;2,52;3,17;0
20210118:0910;57,39;0,05739;80,35;11,17;2,75;3,59;0
20210118:1010;98,54;0,09854;126,38;15,75;3,27;4;0
20210118:1110;334,35;0,33435;382,51;18,18;3,9;4,21;0
20210118:1210;332,82;0,33282;381,21;18,23;4,84;5,24;0
20210118:1310;259,38;0,25938;301,5;15,89;4,92;4,48;0
20210118:1410;4,03;0,00403;13,64;11,39;4,86;4,48;0
20210118:1510;101,81;0,10181;132,23;5,11;4,73;4,14;0
20210118:1610;0;0;0;0;4,36;4,07;0
20210118:1710;0;0;0;0;4,16;4,14;0
20210118:1810;0;0;0;0;3,93;4,07;0
20210118:1910;0;0;0;0;4,14;4,28;0
20210118:2010;0;0;0;0;4,17;4,34;0
20210118:2110;0;0;0;0;4,09;4;0
20210118:2210;0;0;0;0;3,95;3,79;0
20210118:2310;0;0;0;0;4,12;3,86;0
20210119:0010;0;0;0;0;4,21;4,14;0
20210119:0110;0;0;0;0;3,89;4,21;0
20210119:0210;0;0;0;0;3,56;4,34;0
20210119:0310;0;0;0;0;3,26;4,55;0
20210119:0410;0;0;0;0;3,34;4,83;0
20210119:0510;0;0;0;0;3,34;5,31;0
20210119:0610;0;0;0;0;3,47;5,79;0
20210119:0710;0;0;0;0;4,23;6,28;0
20210119:0810;4,59;0,00459;14,55;4,97;4,48;6,9;0
20210119:0910;13,2;0,0132;27,28;11,33;4,62;7,45;0
20210119:1010;16,56;0,01656;31,83;15,93;4,74;7,59;0
20210119:1110;20,71;0,02071;37,28;18,38;5,11;7,59;0
20210119:1210;35,3;0,0353;55,47;18,45;5,52;7,59;0
20210119:1310;20,62;0,02062;37,28;16,11;5,98;7,52;0
20210119:1410;9,85;0,00985;22,73;11,61;6,38;7,1;0
20210119:1510;0;0;4,55;5,33;6,51;6,34;0
20210119:1610;0;0;0;0;6,45;5,72;0
20210119:1710;0;0;0;0;6,26;5,31;0
20210119:1810;0;0;0;0;6,06;5,1;0
20210119:1910;0;0;0;0;5,26;4,83;0
20210119:2010;0;0;0;0;4,88;4,69;0
20210119:2110;0;0;0;0;4,57;4,48;0
20210119:2210;0;0;0;0;4,52;4,34;0
20210119:2310;0;0;0;0;4,66;4,48;0
20210120:0010;0;0;0;0;4,82;4,62;0
20210120:0110;0;0;0;0;5,02;4,76;0
20210120:0210;0;0;0;0;4,92;4,69;0
20210120:0310;0;0;0;0;4,69;4,48;0
20210120:0410;0;0;0;0;4,59;4,41;0
20210120:0510;0;0;0;0;4,5;4,62;0
20210120:0610;0;0;0;0;4,55;4,76;0
20210120:0710;0;0;0;0;5,39;5,1;0
20210120:0810;20,77;0,02077;37,47;5,12;5,96;5,03;0
20210120:0910;71,77;0,07177;97,82;11,5;6,66;5,03;0
20210120:1010;89,95;0,08995;118,84;16,12;7,34;5,52;0
20210120:1110;186,14;0,18614;225,07;18,59;8,17;5,79;0
20210120:1210;48,93;0,04893;72,75;18,66;9,21;5,52;0
20210120:1310;101,41;0,10141;132,88;16,33;9,75;5,17;0
20210120:1410;18,83;0,01883;35,47;11,83;9,71;5,03;0
20210120:1510;5,53;0,00553;16,37;5,55;9,86;5,03;0
20210120:1610;0;0;0;0;9,84;5,03;0
20210120:1710;0;0;0;0;9,85;5,1;0
20210120:1810;0;0;0;0;9,84;5,24;0
20210120:1910;0;0;0;0;9,24;5,52;0
20210120:2010;0;0;0;0;9,21;6,07;0
20210120:2110;0;0;0;0;9,28;6,34;0
20210120:2210;0;0;0;0;9,51;6,55;0
20210120:2310;0;0;0;0;9,69;6,97;0
20210121:0010;0;0;0;0;9,77;7,31;0
20210121:0110;0;0;0;0;9,84;7,52;0
20210121:0210;0;0;0;0;9,99;8;0
20210121:0310;0;0;0;0;10,21;8,62;0
20210121:0410;0;0;0;0;10,51;9,17;0
20210121:0510;0;0;0;0;10,42;9,24;0
20210121:0610;0;0;0;0;9,58;8,34;0
20210121:0710;0;0;0;0;8,41;6,83;0
20210121:0810;5,63;0,00563;16,37;5,27;6,96;4,76;0
20210121:0910;451,67;0,45167;520,96;11,67;6,3;3,93;0
20210121:1010;555,57;0,55557;642,12;16,31;6,89;4,28;0
20210121:1110;446,19;0,44619;515,6;18,8;7,64;4,55;0
20210121:1210;416,4;0,4164;480,1;18,89;7,97;5,66;0
20210121:1310;306,97;0,30697;357,72;16,56;8,15;5,45;0
20210121:1410;128,85;0,12885;161,99;12,06;8,22;5,59;0
20210121:1510;113,62;0,11362;147,03;5,77;8,01;5,03;0
20210121:1610;0;0;0;0;7,6;4,55;0
20210121:1710;0;0;0;0;7,3;4,28;0
20210121:1810;0;0;0;0;6,75;3,79;0
20210121:1910;0;0;0;0;7,13;4,97;0
20210121:2010;0;0;0;0;8;6,83;0
20210121:2110;0;0;0;0;8,8;7,79;0
20210121:2210;0;0;0;0;9,14;7,86;0
20210121:2310;0;0;0;0;9,38;8;0
20210122:0010;0;0;0;0;9,3;7,93;0
20210122:0110;0;0;0;0;8,97;7,66;0
20210122:0210;0;0;0;0;8,67;7,72;0
20210122:0310;0;0;0;0;8,05;7,1;0
20210122:0410;0;0;0;0;5,53;5,38;0
20210122:0510;0;0;0;0;4,05;2,62;0
20210122:0610;0;0;0;0;3,72;2,14;0
20210122:0710;0;0;0;0;3,44;2,28;0
20210122:0810;8,13;0,00813;20,01;5,44;3,39;2,21;0
20210122:0910;89,57;0,08957;116,77;11,85;3,76;2,14;0
20210122:1010;191,7;0,1917;229,18;16,51;4,51;2,07;0
20210122:1110;357,39;0,35739;414,19;19,02;5,41;2,55;0
20210122:1210;132,02;0,13202;165,25;19,12;6,23;3,52;0
20210122:1310;246,72;0,24672;290,88;16,8;6,55;3,31;0
20210122:1410;161,9;0,1619;197,93;12,3;6,62;2,83;0
20210122:1510;218,64;0,21864;265,85;6;6,13;1,66;0
20210122:1610;0;0;0;0;5,18;1,31;0
20210122:1710;0;0;0;0;3,66;1,1;0
20210122:1810;0;0;0;0;2,22;1,38;0
20210122:1910;0;0;0;0;1,57;1,45;0
20210122:2010;0;0;0;0;1,45;1,38;0
20210122:2110;0;0;0;0;0,9;1,52;0
20210122:2210;0;0;0;0;0,63;1,52;0
20210122:2310;0;0;0;0;1,05;1,24;0
20210123:0010;0;0;0;0;0,79;1,31;0
20210123:0110;0;0;0;0;0,26;1,79;0
20210123:0210;0;0;0;0;0,03;2;0
20210123:0310;0;0;0;0;0,14;2,21;0
20210123:0410;0;0;0;0;0,28;2,41;0
20210123:0510;0;0;0;0;0,58;2,55;0
20210123:0610;0;0;0;0;0,82;2,55;0
20210123:0710;0;0;0;0;1,15;3,17;0
20210123:0810;17,24;0,01724;32,34;5,6;1,46;3,1;0
20210123:0910;444;0,444;507,03;12,04;2,76;2,83;0
20210123:1010;588,24;0,58824;677,13;16,72;4,02;3,31;0
20210123:1110;649,28;0,64928;758,35;19,25;4,54;2,69;0
20210123:1210;655,55;0,65555;763,26;19,36;5,57;3,59;0
20210123:1310;395,54;0,39554;458,06;17,04;5,86;2,76;0
20210123:1410;272,16;0,27216;320,76;12,54;5,66;1,45;0
20210123:1510;7,44;0,00744;19,1;6,24;5,23;1,03;0
20210123:1610;0;0;0;0;4,14;1,66;0
20210123:1710;0;0;0;0;3,16;1,79;0
20210123:1810;0;0;0;0;2,52;1,79;0
20210123:1910;0;0;0;0;3,14;3,1;0
20210123:2010;0;0;0;0;2,87;3,03;0
20210123:2110;0;0;0;0;2,52;3,1;0
20210123:2210;0;0;0;0;2,08;3,03;0
20210123:2310;0;0;0;0;1,68;2,55;0
20210124:0010;0;0;0;0;1,09;1,66;0
20210124:0110;0;0;0;0;0,87;0,69;0
20210124:0210;0;0;0;0;0,68;2,9;0
20210124:0310;0;0;0;0;0,59;4,48;0
20210124:0410;0;0;0;0;0,48;5,31;0
20210124:0510;0;0;0;0;0,41;5,52;0
20210124:0610;0;0;0;0;0,39;5,45;0
20210124:0710;0;0;0;0;0,62;6,21;0
20210124:0810;8,27;0,00827;20,01;5,78;0,66;5,72;0
20210124:0910;53,04;0,05304;74,93;12,23;0,81;5,1;0
20210124:1010;46,94;0,04694;68,2;16,94;1,18;5,79;0
20210124:1110;75,29;0,07529;100,3;19,48;1,33;4,69;0
20210124:1210;78,35;0,07835;103,92;19,6;1,72;4,14;0
20210124:1310;296,42;0,29642;338,64;17,29;1,91;3,66;0
20210124:1410;204,28;0,20428;239,92;12,78;1,96;2,69;0
20210124:1510;81,76;0,08176;107,89;6,47;1,18;2,41;0
20210124:1610;0;0;0;0;0,55;1,86;0
20210124:1710;0;0;0;0;-0,33;1,66;0
20210124:1810;0;0;0;0;-1,23;1,93;0
20210124:1910;0;0;0;0;-1,2;2,28;0
20210124:2010;0;0;0;0;-1,05;2,62;0
20210124:2110;0;0;0;0;-0,79;2,76;0
20210124:2210;0;0;0;0;-0,59;2,97;0
20210124:2310;0;0;0;0;-0,36;3,17;0
20210125:0010;0;0;0;0;-0,19;3,24;0
20210125:0110;0;0;0;0;-0,27;2,97;0
20210125:0210;0;0;0;0;-0,17;2,62;0
20210125:0310;0;0;0;0;-0,22;2,28;0
20210125:0410;0;0;0;0;-0,33;1,86;0
20210125:0510;0;0;0;0;-0,6;1,52;0
20210125:0610;0;0;0;0;-0,91;0,97;0
20210125:0710;0;0;0;0;-1,06;0,83;0
20210125:0810;4,16;0,00416;13,64;5,96;-0,32;0,14;0
20210125:0910;11,55;0,01155;24,55;12,43;-0,75;0,69;0
20210125:1010;68,48;0,06848;92,3;17,16;-0,53;1,38;0
20210125:1110;39,2;0,0392;59,11;19,71;0,22;1,66;0
20210125:1210;212,74;0,21274;248,65;19,85;0,6;2;0
20210125:1310;122,47;0,12247;151,55;17,54;0,83;2,34;0
20210125:1410;25,47;0,02547;42,74;13,03;1,15;2,62;0
20210125:1510;90,84;0,09084;117,9;6,71;1,01;2,34;0
20210125:1610;0;0;0;0;0,63;2;0
20210125:1710;0;0;0;0;0,11;2,07;0
20210125:1810;0;0;0;0;-0,39;2,41;0
20210125:1910;0;0;0;0;-0,78;2,76;0
20210125:2010;0;0;0;0;-0,66;3,1;0
20210125:2110;0;0;0;0;-0,1;3,72;0
20210125:2210;0;0;0;0;0,47;4,21;0
20210125:2310;0;0;0;0;0,82;4,83;0
20210126:0010;0;0;0;0;1,1;5,38;0
20210126:0110;0;0;0;0;0,97;5,66;0
20210126:0210;0;0;0;0;0,97;5,79;0
20210126:0310;0;0;0;0;0,84;5,93;0
20210126:0410;0;0;0;0;1,01;6,28;0
20210126:0510;0;0;0;0;1,09;6,48;0
20210126:0610;0;0;0;0;1,13;6,48;0
20210126:0710;0;0;0;0;0,85;5,79;0
20210126:0810;1,6;0,0016;9,09;6,14;0,75;5,66;0
20210126:0910;70,37;0,07037;94,28;12,64;0,97;4,83;0
20210126:1010;270,75;0,27075;309,56;17,38;1,32;4,14;0
20210126:1110;82,36;0,08236;108,45;19,96;1,93;4,41;0
20210126:1210;197,18;0,19718;231,95;20,1;2,31;5,03;0
20210126:1310;96,29;0,09629;123,78;17,79;2,56;4,97;0
20210126:1410;48,83;0,04883;70,7;13,28;2,48;4,41;0
20210126:1510;1,57;0,00157;9,09;6,96;2,53;4,07;0
20210126:1610;0;0;0;0;2,17;3,38;0
20210126:1710;0;0;0;0;1,76;2,83;0
20210126:1810;0;0;0;0;1,36;2,55;0
20210126:1910;0;0;0;0;0,97;2,55;0
20210126:2010;0;0;0;0;1,1;2,48;0
20210126:2110;0;0;0;0;1,17;2,41;0
20210126:2210;0;0;0;0;1,18;2,28;0
20210126:2310;0;0;0;0;0,85;2,21;0
20210127:0010;0;0;0;0;0,16;2,48;0
20210127:0110;0;0;0;0;0,28;2,76;0
20210127:0210;0;0;0;0;0,47;3,17;0
20210127:0310;0;0;0;0;0,57;3,1;0
20210127:0410;0;0;0;0;0,59;3,24;0
20210127:0510;0;0;0;0;0,62;3,45;0
20210127:0610;0;0;0;0;0,78;3,59;0
20210127:0710;0;0;0;0;0,74;3,38;0
20210127:0810;6,44;0,00644;17,28;6,33;0,57;3,31;0
20210127:0910;102,04;0,10204;128,8;12,85;0,74;3,1;0
20210127:1010;65,54;0,06554;89,48;17,61;1,28;2,9;0
20210127:1110;38,22;0,03822;58,2;20,21;1,51;2,55;0
20210127:1210;57,65;0,05765;80,93;20,36;2,1;2,34;0
20210127:1310;43,39;0,04339;64,57;18,05;2,69;2,62;0
20210127:1410;45,42;0,04542;66,98;13,53;3,27;3,45;0
20210127:1510;131,4;0,1314;164,02;7,21;3,74;3,59;0
20210127:1610;0;0;0;0;3,94;3,31;0
20210127:1710;0;0;0;0;4,01;2,9;0
20210127:1810;0;0;0;0;4,07;2,9;0
20210127:1910;0;0;0;0;3,58;3,17;0
20210127:2010;0;0;0;0;3,97;3,31;0
20210127:2110;0;0;0;0;4,47;3,24;0
20210127:2210;0;0;0;0;4,61;3,17;0
20210127:2310;0;0;0;0;4,54;3,03;0
20210128:0010;0;0;0;0;4,59;2,76;0
20210128:0110;0;0;0;0;4,4;2,55;0
20210128:0210;0;0;0;0;4,37;2,34;0
20210128:0310;0;0;0;0;4,27;2,21;0
20210128:0410;0;0;0;0;4,13;2,21;0
20210128:0510;0;0;0;0;3,97;2,28;0
20210128:0610;0;0;0;0;4,02;2,48;0
20210128:0710;0;0;0;0;3,97;2,76;0
20210128:0810;3;0,003;11,82;6,53;4;2,97;0
20210128:0910;5,15;0,00515;15,46;13,07;4,22;2,76;0
20210128:1010;48,32;0,04832;70,93;17,85;4,76;2,21;0
20210128:1110;19,9;0,0199;36,38;20,46;5,7;1,86;0
20210128:1210;12,37;0,01237;26,37;20,62;6,77;2,34;0
20210128:1310;58,42;0,05842;83,66;18,32;8,01;3,66;0
20210128:1410;19,61;0,01961;36,38;13,8;8,72;4,41;0
20210128:1510;13,54;0,01354;28,19;7,46;8,83;4,55;0
20210128:1610;0;0;0;0;8,67;4,48;0
20210128:1710;0;0;0;0;8,33;3,93;0
20210128:1810;0;0;0;0;7,89;3,38;0
20210128:1910;0;0;0;0;6,07;1,17;0
20210128:2010;0;0;0;0;6,06;1,03;0
20210128:2110;0;0;0;0;6,18;1,17;0
20210128:2210;0;0;0;0;6,74;2,07;0
20210128:2310;0;0;0;0;7,76;3,38;0
20210129:0010;0;0;0;0;8,18;2,9;0
20210129:0110;0;0;0;0;7,98;2,14;0
20210129:0210;0;0;0;0;7,53;2,62;0
20210129:0310;0;0;0;0;7,43;2,97;0
20210129:0410;0;0;0;0;7,97;2,9;0
20210129:0510;0;0;0;0;8,44;3,52;0
20210129:0610;0;0;0;0;9,03;7,79;0
20210129:0710;0;0;0;0;9,01;7,66;0
20210129:0810;10,35;0,01035;23,64;6,74;8,72;7,72;0
20210129:0910;42,17;0,04217;64,38;13,29;8,68;8,14;0
20210129:1010;86,97;0,08697;116,03;18,1;8,38;7,86;0
20210129:1110;61,35;0,06135;87,3;20,72;9,07;6,55;0
20210129:1210;653,75;0,65375;756,58;20,89;8,83;6,83;0
20210129:1310;581,33;0,58133;672,87;18,59;9,17;6,34;0
20210129:1410;172,24;0,17224;210,27;14,06;8,96;6,21;0
20210129:1510;64,34;0,06434;90,62;7,71;8,61;5,52;0
20210129:1610;0;0;0;0;7,74;4,21;0
20210129:1710;0;0;0;0;7,1;4;0
20210129:1810;0;0;0;0;6,71;4,41;0
20210129:1910;0;0;0;0;6,93;4,83;0
20210129:2010;0;0;0;0;6,68;5,45;0
20210129:2110;0;0;0;0;6,84;6,21;0
20210129:2210;0;0;0;0;6,89;6,28;0
20210129:2310;0;0;0;0;6,8;6,14;0
20210130:0010;0;0;0;0;6,64;5,79;0
20210130:0110;0;0;0;0;6,17;4,83;0
20210130:0210;0;0;0;0;5,43;3,79;0
20210130:0310;0;0;0;0;4,17;3,1;0
20210130:0410;0;0;0;0;2,39;2,76;0
20210130:0510;0;0;0;0;1,09;2,69;0
20210130:0610;0;0;0;0;0,49;2,48;0
20210130:0710;0;0;0;0;0,72;2,28;0
20210130:0810;8,26;0,00826;20,01;6,95;0,71;2,34;0
20210130:0910;41,45;0,04145;61,84;13,52;0,83;2,62;0
20210130:1010;128,92;0,12892;158,47;18,35;1,1;3,17;0
20210130:1110;68,33;0,06833;92,76;20,99;1,45;3,31;0
20210130:1210;87,18;0,08718;113,76;21,17;1,61;3,66;0
20210130:1310;80,92;0,08092;106,77;18,86;1,76;3,59;0
20210130:1410;144,79;0,14479;175,6;14,33;1,95;3,66;0
20210130:1510;36,09;0,03609;55,69;7,97;1,84;3,38;0
20210130:1610;0;0;0;0;1,54;3,52;0
20210130:1710;0;0;0;0;1,25;3,45;0
20210130:1810;0;0;0;0;1,07;3,52;0
20210130:1910;0;0;0;0;0,55;3,24;0
20210130:2010;0;0;0;0;0,5;3,1;0
20210130:2110;0;0;0;0;0,43;2,9;0
20210130:2210;0;0;0;0;0,18;3,03;0
20210130:2310;0;0;0;0;-0,03;2,83;0
20210131:0010;0;0;0;0;-0,73;2,69;0
20210131:0110;0;0;0;0;-0,88;2,55;0
20210131:0210;0;0;0;0;-1,2;2,41;0
20210131:0310;0;0;0;0;-1,58;2,41;0
20210131:0410;0;0;0;0;-1,96;2,41;0
20210131:0510;0;0;0;0;-2,38;2,41;0
20210131:0610;0;0;0;0;-2,68;2,41;0
20210131:0710;0;0;0;0;-3,01;2,41;0
20210131:0810;271,99;0,27199;311,33;7,17;-2,73;2,41;0
20210131:0910;461,34;0,46134;518,94;13,76;-1,13;2,48;0
20210131:1010;447,58;0,44758;504,98;18,6;0,36;2,9;0
20210131:1110;345,54;0,34554;393,38;21,26;1,54;3,03;0
20210131:1210;664;0,664;765,59;21,44;2,53;3,17;0
20210131:1310;619,04;0,61904;713,1;19,14;3,17;3,1;0
20210131:1410;456,63;0,45663;521,91;14,6;3,44;3,38;0
20210131:1510;92,87;0,09287;120,86;8,23;3,19;3,1;0
20210131:1610;0;0;0;0;2,27;2,9;0
20210131:1710;0;0;0;0;1,83;3,24;0
20210131:1810;0;0;0;0;1,7;3,66;0
20210131:1910;0;0;0;0;1,31;4,14;0
20210131:2010;0;0;0;0;1,39;4,07;0
20210131:2110;0;0;0;0;1,42;4,07;0
20210131:2210;0;0;0;0;1,55;4,14;0
20210131:2310;0;0;0;0;1,61;4,14;0
20210201:0010;0;0;0;0;1,76;4,07;0
20210201:0110;0;0;0;0;1,97;4;0
20210201:0210;0;0;0;0;2,21;3,79;0
20210201:0310;0;0;0;0;2,43;3,66;0
20210201:0410;0;0;0;0;2,66;3,59;0
20210201:0510;0;0;0;0;2,85;3,52;0
20210201:0610;0;0;0;0;2,97;3,31;0
20210201:0710;0;0;0;0;2,52;2,83;0
20210201:0810;54,19;0,05419;76,95;7,39;2,69;2,69;0
20210201:0910;129,66;0,12966;160,24;14;3,01;2,48;0
20210201:1010;101,97;0,10197;130,8;18,86;3,28;2,28;0
20210201:1110;125,79;0,12579;157,5;21,53;3,6;1,79;0
20210201:1210;94,05;0,09405;122,85;21,73;4;1,52;0
20210201:1310;60;0,06;84,57;19,43;4,53;0,97;0
20210201:1410;157,6;0,1576;193,19;14,88;4,87;0,76;0
20210201:1510;9,92;0,00992;22,73;8,5;4,83;0,83;0
20210201:1610;0;0;0;0;4,68;1,38;0
20210201:1710;0;0;0;0;4,42;1,86;0
20210201:1810;0;0;0;0;4,2;2,28;0
20210201:1910;0;0;0;0;3,64;2,69;0
20210201:2010;0;0;0;0;3,2;2,69;0
20210201:2110;0;0;0;0;2,9;2,83;0
20210201:2210;0;0;0;0;2,63;2,76;0
20210201:2310;0;0;0;0;2,5;2,41;0
20210202:0010;0;0;0;0;2,49;2,76;0
20210202:0110;0;0;0;0;2,55;2,76;0
20210202:0210;0;0;0;0;2,48;2,28;0
20210202:0310;0;0;0;0;2,58;2;0
20210202:0410;0;0;0;0;2,64;1,38;0
20210202:0510;0;0;0;0;2,56;1,31;0
20210202:0610;0;0;0;0;2,39;1,93;0
20210202:0710;0;0;0;0;3,51;2,48;0
20210202:0810;68,16;0,06816;93,23;7,62;3,85;2,97;0
20210202:0910;183,86;0,18386;219,64;14,25;4,43;3,59;0
20210202:1010;36,83;0,03683;57,29;19,13;5,06;3,79;0
20210202:1110;57,45;0,05745;81,84;21,82;5,99;3,93;0
20210202:1210;22,54;0,02254;40,01;22,02;7,43;3,52;0
20210202:1310;24,48;0,02448;42,74;19,71;8,97;4,07;0
20210202:1410;21,6;0,0216;39,1;15,15;9,64;4,69;0
20210202:1510;35,24;0,03524;56,39;8,77;9,99;4,48;0
20210202:1610;0;0;0;0;9,98;4,21;0
20210202:1710;0;0;0;0;9,75;3,86;0
20210202:1810;0;0;0;0;9,35;3,52;0
20210202:1910;0;0;0;0;9,49;3,52;0
20210202:2010;0;0;0;0;9,31;2,83;0
20210202:2110;0;0;0;0;9,3;3,45;0
20210202:2210;0;0;0;0;9,29;3,86;0
20210202:2310;0;0;0;0;8,92;3,79;0
20210203:0010;0;0;0;0;9,43;3,79;0
20210203:0110;0;0;0;0;9,69;3,86;0
20210203:0210;0;0;0;0;9,3;3,93;0
20210203:0310;0;0;0;0;8,97;3,79;0
20210203:0410;0;0;0;0;8,79;3,79;0
20210203:0510;0;0;0;0;8,65;3,59;0
20210203:0610;0;0;0;0;8,61;3,1;0
20210203:0710;0;0;0;0;9,13;3,1;0
20210203:0810;1,06;0,00106;8,18;7,85;8,91;2,55;0
20210203:0910;77,96;0,07796;106,37;14,5;8,99;2,28;0
20210203:1010;33,83;0,03383;54,56;19,4;9,25;2,76;0
20210203:1110;68,83;0,06883;96,39;22,1;9,62;3,66;0
20210203:1210;66,3;0,0663;93,67;22,31;10,45;4,9;0
20210203:1310;116,58;0,11658;151,18;20;11,38;5,79;0
20210203:1410;40,76;0,04076;63,66;15,44;12,09;6,14;0
20210203:1510;249,06;0,24906;302,91;9,04;11,66;5,17;0
20210203:1610;0;0;0;0;10,86;4,48;0
20210203:1710;0;0;0;0;9,93;4,83;0
20210203:1810;0;0;0;0;9,78;5,31;0
20210203:1910;0;0;0;0;8,83;3,52;0
20210203:2010;0;0;0;0;8,72;4,69;0
20210203:2110;0;0;0;0;8,28;6,07;0
20210203:2210;0;0;0;0;7,57;6,97;0
20210203:2310;0;0;0;0;7,22;6,55;0
20210204:0010;0;0;0;0;6,97;6,28;0
20210204:0110;0;0;0;0;6,73;5,31;0
20210204:0210;0;0;0;0;6,46;5,17;0
20210204:0310;0;0;0;0;6,19;4,9;0
20210204:0410;0;0;0;0;5,92;4,28;0
20210204:0510;0;0;0;0;5,4;3,59;0
20210204:0610;0;0;0;0;5,3;3,31;0
20210204:0710;0;0;0;0;5,04;3,1;0
20210204:0810;277,06;0,27706;327,78;8,09;5,49;2,83;0
20210204:0910;495,85;0,49585;577,23;14,76;6,31;2,76;0
20210204:1010;634,44;0,63444;742,34;19,68;7,45;3,86;0
20210204:1110;634,45;0,63445;750,25;22,4;8,31;3,24;0
20210204:1210;386,94;0,38694;454,8;22,61;8,89;2,97;0
20210204:1310;390,56;0,39056;460,45;20,3;9,46;2,76;0
20210204:1410;461,76;0,46176;551,49;15,72;9,56;1,52;0
20210204:1510;273,02;0,27302;333,8;9,31;9,54;0,62;0
20210204:1610;0;0;0;0;8,73;1,72;0
20210204:1710;0;0;0;0;7,55;2,21;0
20210204:1810;0;0;0;0;6,72;2,34;0
20210204:1910;0;0;0;0;5,77;2,62;0
20210204:2010;0;0;0;0;5,9;2,41;0
20210204:2110;0;0;0;0;5,9;2,62;0
20210204:2210;0;0;0;0;5,72;2,48;0
20210204:2310;0;0;0;0;5,99;2,76;0
20210205:0010;0;0;0;0;6,14;2,97;0
20210205:0110;0;0;0;0;5,88;3,24;0
20210205:0210;0;0;0;0;5,7;3,38;0
20210205:0310;0;0;0;0;5,69;3,38;0
20210205:0410;0;0;0;0;5,63;3,17;0
20210205:0510;0;0;0;0;5,41;3,03;0
20210205:0610;0;0;0;0;5,38;2,76;0
20210205:0710;0;0;0;0;5,24;2,9;0
20210205:0810;42,18;0,04218;63,74;8,33;5,51;2,55;0
20210205:0910;29,81;0,02981;49,11;15,03;6,72;1,93;0
20210205:1010;82,94;0,08294;112,04;19,96;7,93;1,86;0
20210205:1110;68,89;0,06889;96,39;22,69;9,01;2,07;0
20210205:1210;174,54;0,17454;216,3;22,91;9,94;2,28;0
20210205:1310;375,39;0,37539;447;20,6;10,64;2,14;0
20210205:1410;305,49;0,30549;366,7;16,01;10,78;1,66;0
20210205:1510;254,53;0,25453;312,44;9,58;10,8;1,17;0
20210205:1610;0;0;0,85;1,79;10,04;0,9;0
20210205:1710;0;0;0;0;7,69;1,86;0
20210205:1810;0;0;0;0;6,54;1,59;0
20210205:1910;0;0;0;0;5,9;1,93;0
20210205:2010;0;0;0;0;5,34;1,93;0
20210205:2110;0;0;0;0;5,13;1,93;0
20210205:2210;0;0;0;0;4,73;2;0
20210205:2310;0;0;0;0;4,93;2,14;0
20210206:0010;0;0;0;0;5,13;2,34;0
20210206:0110;0;0;0;0;5,19;2,69;0
20210206:0210;0;0;0;0;5,17;2,69;0
20210206:0310;0;0;0;0;5,28;2,76;0
20210206:0410;0;0;0;0;5,35;2,76;0
20210206:0510;0;0;0;0;5,37;2,76;0
20210206:0610;0;0;0;0;5,33;2,76;0
20210206:0710;0;0;0;0;5,98;2,83;0
20210206:0810;4;0,004;13,64;8,58;6,07;2,9;0
20210206:0910;103,52;0,10352;133,66;15,3;6,29;3,1;0
20210206:1010;52,66;0,05266;76,39;20,25;6,28;3,38;0
20210206:1110;64,43;0,06443;90,03;22,99;6,23;3,59;0
20210206:1210;63,8;0,0638;89,12;23,22;5,76;3,72;0
20210206:1310;44,39;0,04439;66,38;20,9;5,36;3,79;0
20210206:1410;121,27;0,12127;152,38;16,3;4,89;3,59;0
20210206:1510;8,1;0,0081;20,01;9,86;4,19;4,07;0
20210206:1610;0;0;0,85;2,06;3,63;4,21;0
20210206:1710;0;0;0;0;3,22;4,48;0
20210206:1810;0;0;0;0;2,87;4,76;0
20210206:1910;0;0;0;0;2,24;4,48;0
20210206:2010;0;0;0;0;1,66;4,69;0
20210206:2110;0;0;0;0;1,55;5,1;0
20210206:2210;0;0;0;0;1,53;4,9;0
20210206:2310;0;0;0;0;1,54;4,76;0
20210207:0010;0;0;0;0;1,48;5,03;0
20210207:0110;0;0;0;0;1,37;5,24;0
20210207:0210;0;0;0;0;1,31;5,52;0
20210207:0310;0;0;0;0;1,23;5,59;0
20210207:0410;0;0;0;0;1,07;5,52;0
20210207:0510;0;0;0;0;0,9;5,31;0
20210207:0610;0;0;0;0;0,58;5,1;0
20210207:0710;0;0;0;0;1,02;4,55;0
20210207:0810;7,02;0,00702;18,19;8,84;1,04;4,41;0
20210207:0910;14,12;0,01412;28,19;15,57;1,09;4,21;0
20210207:1010;19,69;0,01969;35,47;20,55;1,09;3,93;0
20210207:1110;37,5;0,0375;57,29;23,3;1,42;3,59;0
20210207:1210;40,45;0,04045;60,93;23,53;2,09;3,52;0
20210207:1310;80,74;0,08074;107,21;21,21;2,95;3,31;0
20210207:1410;174,39;0,17439;209,24;16,6;3,12;2,41;0
20210207:1510;73,07;0,07307;98,59;10,14;2,97;2,28;0
20210207:1610;0;0;2,54;2,32;2,35;2,69;0
20210207:1710;0;0;0;0;1,58;3,1;0
20210207:1810;0;0;0;0;0,88;3,45;0
20210207:1910;0;0;0;0;-0,2;3,17;0
20210207:2010;0;0;0;0;-0,55;3,38;0
20210207:2110;0;0;0;0;-1,03;3,52;0
20210207:2210;0;0;0;0;-1,25;3,45;0
20210207:2310;0;0;0;0;-1,5;3,38;0
20210208:0010;0;0;0;0;-1,79;3,45;0
20210208:0110;0;0;0;0;-2,17;3,45;0
20210208:0210;0;0;0;0;-2,52;3,59;0
20210208:0310;0;0;0;0;-2,93;3,59;0
20210208:0410;0;0;0;0;-3,3;3,72;0
20210208:0510;0;0;0;0;-3,66;3,86;0
20210208:0610;0;0;0;0;-3,89;3,79;0
20210208:0710;0;0;0;0;-4,3;3,31;0
20210208:0810;73,59;0,07359;96,15;9,1;-4,33;3,24;0
20210208:0910;15,21;0,01521;29,1;15,85;-4,11;3,31;0
20210208:1010;72,6;0,0726;95,49;20,84;-3,95;3,38;0
20210208:1110;44,78;0,04478;64,57;23,61;-3,71;3,24;0
20210208:1210;81,54;0,08154;105,49;23,85;-3,49;2,9;0
20210208:1310;88,13;0,08813;112,65;21,52;-3,32;3,03;0
20210208:1410;29,87;0,02987;47,29;16,89;-3,47;3,17;0
20210208:1510;25,35;0,02535;41,83;10,42;-3,66;3,17;0
20210208:1610;0;0;1,69;2,59;-3,99;2,97;0
20210208:1710;0;0;0;0;-4,42;2,97;0
20210208:1810;0;0;0;0;-4,73;2,97;0
20210208:1910;0;0;0;0;-5,27;3,03;0
20210208:2010;0;0;0;0;-5,48;2,97;0
20210208:2110;0;0;0;0;-5,65;2,69;0
20210208:2210;0;0;0;0;-5,79;2,48;0
20210208:2310;0;0;0;0;-6;2,69;0
20210209:0010;0;0;0;0;-6,35;2,83;0
20210209:0110;0;0;0;0;-6,62;2,83;0
20210209:0210;0;0;0;0;-6,94;2,83;0
20210209:0310;0;0;0;0;-7,11;2,76;0
20210209:0410;0;0;0;0;-7,51;2,62;0
20210209:0510;0;0;0;0;-7,76;2,48;0
20210209:0610;0;0;0;0;-7,99;2,48;0
20210209:0710;0;0;0;0;-7,8;2,34;0
20210209:0810;327,91;0,32791;364,26;9,37;-7,68;2,34;0
20210209:0910;548,47;0,54847;602,92;16,14;-7,06;2,41;0
20210209:1010;660,05;0,66005;734,74;21,15;-6,16;2,41;0
20210209:1110;646,6;0,6466;722,63;23,93;-5,15;2,48;0
20210209:1210;523,06;0,52306;579,6;24,17;-4,39;2,9;0
20210209:1310;354,81;0,35481;394,27;21,83;-4,21;2,76;0
20210209:1410;507,59;0,50759;563,97;17,19;-4,19;2,55;0
20210209:1510;319,05;0,31905;358,94;10,71;-4,6;2,97;0
20210209:1610;0,2;0,0002;5,93;2,86;-5,49;3,17;0
20210209:1710;0;0;0;0;-6,56;3,31;0
20210209:1810;0;0;0;0;-7,36;3,59;0
20210209:1910;0;0;0;0;-7,03;2,97;0
20210209:2010;0;0;0;0;-7,23;2,9;0
20210209:2110;0;0;0;0;-7,5;2,83;0
20210209:2210;0;0;0;0;-7,72;2,76;0
20210209:2310;0;0;0;0;-8;2,97;0
20210210:0010;0;0;0;0;-8,27;2,69;0
20210210:0110;0;0;0;0;-8,44;2,41;0
20210210:0210;0;0;0;0;-8,58;2,41;0
20210210:0310;0;0;0;0;-8,7;2,62;0
20210210:0410;0;0;0;0;-8,74;2,69;0
20210210:0510;0;0;0;0;-8,55;2,69;0
20210210:0610;0;0;0;0;-8,46;2,69;0
20210210:0710;0;0;0;0;-9,08;2,62;0
20210210:0810;369,36;0,36936;406,97;9,64;-8,6;2,62;0
20210210:0910;561,97;0,56197;615,31;16,43;-7,25;2,9;0
20210210:1010;719,48;0,71948;801,91;21,45;-5,66;3,1;0
20210210:1110;789,91;0,78991;888,55;24,25;-4,28;3,66;0
20210210:1210;483,08;0,48308;533,71;24,49;-3,09;4,28;0
20210210:1310;330,99;0,33099;369,22;22,15;-2,49;4,41;0
20210210:1410;276,2;0,2762;310,84;17,5;-2,4;4,48;0
20210210:1510;17,91;0,01791;32,74;10,99;-2,58;4,28;0
20210210:1610;7,2;0,0072;18,78;3,13;-2,77;3,72;0
20210210:1710;0;0;0;0;-3,07;2,76;0
20210210:1810;0;0;0;0;-3,46;2,41;0
20210210:1910;0;0;0;0;-3,82;2,55;0
20210210:2010;0;0;0;0;-3,88;2,48;0
20210210:2110;0;0;0;0;-3,95;2,41;0
20210210:2210;0;0;0;0;-4,03;2,41;0
20210210:2310;0;0;0;0;-4,14;2,28;0
20210211:0010;0;0;0;0;-4,27;2,14;0
20210211:0110;0;0;0;0;-4,57;2;0
20210211:0210;0;0;0;0;-4,73;1,93;0
20210211:0310;0;0;0;0;-4,78;1,86;0
20210211:0410;0;0;0;0;-4,91;1,72;0
20210211:0510;0;0;0;0;-5,06;1,59;0
20210211:0610;0;0;0;0;-5,15;1,45;0
20210211:0710;0;0;2,73;1,83;-5,8;1,52;0
20210211:0810;327,45;0,32745;369,18;9,91;-5,38;1,45;0
20210211:0910;569,66;0,56966;637,55;16,72;-4,33;2,07;0
20210211:1010;718,82;0,71882;819,41;21,77;-3,3;2,21;0
20210211:1110;781,16;0,78116;901,91;24,57;-2,18;2,34;0
20210211:1210;757,85;0,75785;875,55;24,82;-1,43;2,34;0
20210211:1310;684,39;0,68439;785,92;22,47;-0,85;2,28;0
20210211:1410;572,65;0,57265;651,03;17,8;-0,79;2,28;0
20210211:1510;377,79;0,37779;431,79;11,28;-1,06;2,28;0
20210211:1610;7,52;0,00752;19,25;3,4;-2,02;2,14;0
20210211:1710;0;0;0;0;-3,61;2,62;0
20210211:1810;0;0;0;0;-4,6;2,76;0
20210211:1910;0;0;0;0;-4,33;2,83;0
20210211:2010;0;0;0;0;-4,78;2,83;0
20210211:2110;0;0;0;0;-5,14;2,62;0
20210211:2210;0;0;0;0;-5,41;2,48;0
20210211:2310;0;0;0;0;-5,6;2,41;0
20210212:0010;0;0;0;0;-5,81;2,41;0
20210212:0110;0;0;0;0;-5,95;2,48;0
20210212:0210;0;0;0;0;-6,04;2,62;0
20210212:0310;0;0;0;0;-6,12;2,69;0
20210212:0410;0;0;0;0;-6,23;2,62;0
20210212:0510;0;0;0;0;-6,38;2,62;0
20210212:0610;0;0;0;0;-6,55;2,55;0
20210212:0710;0,02;0,00002;5,46;2,1;-6,95;2,83;0
20210212:0810;359,59;0,35959;399,82;10,19;-6,24;2,9;0
20210212:0910;589,58;0,58958;651,52;17,02;-4,78;3,45;0
20210212:1010;725,95;0,72595;809,61;22,08;-3,5;4,28;0
20210212:1110;289,6;0,2896;325,19;24,9;-2,68;4,76;0
20210212:1210;232,99;0,23299;266,26;25,15;-2,06;5,03;0
20210212:1310;288,4;0,2884;324,6;22,79;-1,71;5,17;0
20210212:1410;492,98;0,49298;545,65;18,11;-1,94;4,97;0
20210212:1510;363,63;0,36363;408,34;11,57;-2,51;4,76;0
20210212:1610;12,81;0,01281;26,94;3,68;-3,37;4,34;0
20210212:1710;0;0;0;0;-4,41;4,41;0
20210212:1810;0;0;0;0;-5,08;4,41;0
20210212:1910;0;0;0;0;-5,01;4,48;0
20210212:2010;0;0;0;0;-5,47;4,41;0
20210212:2110;0;0;0;0;-5,79;4,41;0
20210212:2210;0;0;0;0;-6,03;4,41;0
20210212:2310;0;0;0;0;-6,23;4,34;0
20210213:0010;0;0;0;0;-6,4;4,21;0
20210213:0110;0;0;0;0;-6,59;3,93;0
20210213:0210;0;0;0;0;-6,77;3,59;0
20210213:0310;0;0;0;0;-6,95;3,52;0
20210213:0410;0;0;0;0;-7,05;3,59;0
20210213:0510;0;0;0;0;-7,12;3,66;0
20210213:0610;0;0;0;0;-7,16;3,59;0
20210213:0710;0,8;0,0008;7,28;2,37;-7,25;3,31;0
20210213:0810;380,87;0,38087;421,78;10,48;-6,59;3,17;0
20210213:0910;606,39;0,60639;667,56;17,32;-5,17;3,86;0
20210213:1010;750,72;0,75072;841,07;22,4;-3,55;4;0
20210213:1110;807,13;0,80713;916,1;25,23;-1,99;4,14;0
20210213:1210;803,83;0,80383;917,63;25,48;-0,79;4,14;0
20210213:1310;759,69;0,75969;866,43;23,11;-0,02;4,07;0
20210213:1410;612,09;0,61209;691,69;18,42;0,28;3,93;0
20210213:1510;399,73;0,39973;455,54;11,86;0,06;3,59;0
20210213:1610;14,31;0,01431;29,1;3,95;-1,01;2,9;0
20210213:1710;0;0;0;0;-2,72;3,03;0
20210213:1810;0;0;0;0;-3,61;3,38;0
20210213:1910;0;0;0;0;-3,59;3,17;0
20210213:2010;0;0;0;0;-3,76;3,38;0
20210213:2110;0;0;0;0;-3,83;3,52;0
20210213:2210;0;0;0;0;-3,82;3,59;0
20210213:2310;0;0;0;0;-3,79;3,72;0
20210214:0010;0;0;0;0;-3,76;3,86;0
20210214:0110;0;0;0;0;-3,76;4;0
20210214:0210;0;0;0;0;-3,72;4;0
20210214:0310;0;0;0;0;-3,86;3,93;0
20210214:0410;0;0;0;0;-4,01;4,07;0
20210214:0510;0;0;0;0;-4,15;4,07;0
20210214:0610;0;0;0;0;-4,26;4,34;0
20210214:0710;0,77;0,00077;7,28;2,64;-4,47;4,55;0
20210214:0810;311,22;0,31122;349,33;10,77;-3,72;4,28;0
20210214:0910;578,01;0,57801;640,62;17,63;-2,26;4,69;0
20210214:1010;719,48;0,71948;807,29;22,73;-0,48;5,38;0
20210214:1110;766,01;0,76601;869,53;25,57;1,03;5,45;0
20210214:1210;781,63;0,78163;895,08;25,82;2,34;5,31;0
20210214:1310;752,34;0,75234;863,42;23,44;3,16;5,1;0
20210214:1410;560,89;0,56089;637,53;18,73;3,29;4,83;0
20210214:1510;171,62;0,17162;206,33;12,15;3,05;5,24;0
20210214:1610;5,21;0,00521;15,46;4,23;2,3;5,38;0
20210214:1710;0;0;0;0;1,46;5,66;0
20210214:1810;0;0;0;0;1,03;5,86;0
20210214:1910;0;0;0;0;0,56;5,72;0
20210214:2010;0;0;0;0;0,46;5,93;0
20210214:2110;0;0;0;0;0,55;6,14;0
20210214:2210;0;0;0;0;0,55;5,93;0
20210214:2310;0;0;0;0;0,53;5,52;0
20210215:0010;0;0;0;0;0,42;5,31;0
20210215:0110;0;0;0;0;0,11;5,31;0
20210215:0210;0;0;0;0;-0,04;5,24;0
20210215:0310;0;0;0;0;-0,22;5,17;0
20210215:0410;0;0;0;0;-0,08;5,17;0
20210215:0510;0;0;0;0;0,11;5,1;0
20210215:0610;0;0;0;0;0,44;5,1;0
20210215:0710;0;0;3,64;2,92;0,67;5,03;0
20210215:0810;21,85;0,02185;38,19;11,06;1,13;5,03;0
20210215:0910;45,27;0,04527;66,38;17,94;1,54;5,03;0
20210215:1010;47,55;0,04755;69,11;23,06;1,88;5,17;0
20210215:1110;70,6;0,0706;95,49;25,91;2,27;4,97;0
20210215:1210;51,97;0,05197;74,57;26,16;3,06;4,76;0
20210215:1310;68,51;0,06851;93,67;23,77;3,57;4,28;0
20210215:1410;42,32;0,04232;63,66;19,04;4,31;3,93;0
20210215:1510;56,95;0,05695;80,89;12,45;5,09;3,66;0
20210215:1610;4,02;0,00402;13,64;4,5;5,16;3,45;0
20210215:1710;0;0;0;0;5,35;3,45;0
20210215:1810;0;0;0;0;5,51;3,59;0
20210215:1910;0;0;0;0;4,32;2,9;0
20210215:2010;0;0;0;0;4,3;2,9;0
20210215:2110;0;0;0;0;4,27;2,69;0
20210215:2210;0;0;0;0;4,11;2,48;0
20210215:2310;0;0;0;0;4,15;2,41;0
20210216:0010;0;0;0;0;4,17;2,34;0
20210216:0110;0;0;0;0;4,07;2,34;0
20210216:0210;0;0;0;0;4,18;2,34;0
20210216:0310;0;0;0;0;4,31;2,41;0
20210216:0410;0;0;0;0;4,45;2,41;0
20210216:0510;0;0;0;0;4,56;2,55;0
20210216:0610;0;0;0;0;4,71;2,69;0
20210216:0710;0;0;3,64;3,2;4,54;2,76;0
20210216:0810;101,52;0,10152;130,94;11,36;4,67;2,9;0
20210216:0910;120,45;0,12045;152,53;18,26;5,95;2,97;0
20210216:1010;93,13;0,09313;123,43;23,39;7,58;3,03;0
20210216:1110;310,92;0,31092;368,09;26,26;9,28;3,52;0
20210216:1210;554,73;0,55473;657,21;26,5;10,7;3,86;0
20210216:1310;297,09;0,29709;355,06;24,11;11,54;4;0
20210216:1410;221,17;0,22117;268,93;19,36;11,52;3,93;0
20210216:1510;171,88;0,17188;214,05;12,74;10,89;3,86;0
20210216:1610;4,43;0,00443;14,55;4,78;9,65;3,66;0
20210216:1710;0;0;0;0;7,98;3,59;0
20210216:1810;0;0;0;0;7,04;3,66;0
20210216:1910;0;0;0;0;6,8;3,52;0
20210216:2010;0;0;0;0;6,81;3,24;0
20210216:2110;0;0;0;0;7,42;3,59;0
20210216:2210;0;0;0;0;8,07;4,34;0
20210216:2310;0;0;0;0;7,89;4,41;0
20210217:0010;0;0;0;0;7,27;4,69;0
20210217:0110;0;0;0;0;7,19;4,76;0
20210217:0210;0;0;0;0;7,01;4,83;0
20210217:0310;0;0;0;0;6,95;4,97;0
20210217:0410;0;0;0;0;6,79;4,76;0
20210217:0510;0;0;0;0;6,68;4,41;0
20210217:0610;0;0;0;0;6,55;4,21;0
20210217:0710;1,08;0,00108;8,18;3,49;6,47;4;0
20210217:0810;162,33;0,16233;199,55;11,66;6,85;3,86;0
20210217:0910;155,6;0,1556;191,94;18,58;7,34;3,72;0
20210217:1010;186,39;0,18639;227,13;23,73;8,4;4,28;0
20210217:1110;194,74;0,19474;237,16;26,6;9,37;5,52;0
20210217:1210;180,7;0,1807;222,42;26,85;10,11;5,59;0
20210217:1310;103,79;0,10379;136,63;24,44;10,21;4,9;0
20210217:1410;150,94;0,15094;189,01;19,67;10,24;4,69;0
20210217:1510;54,32;0,05432;79,39;13,04;10,01;4;0
20210217:1610;2,89;0,00289;11,82;5,06;9,34;3,17;0
20210217:1710;0;0;0;0;8,2;2,76;0
20210217:1810;0;0;0;0;6,83;2,69;0
20210217:1910;0;0;0;0;6,11;2,83;0
20210217:2010;0;0;0;0;5,62;2,83;0
20210217:2110;0;0;0;0;5,26;2,9;0
20210217:2210;0;0;0;0;5,02;2,83;0
20210217:2310;0;0;0;0;4,67;2,76;0
20210218:0010;0;0;0;0;4,33;2,76;0
20210218:0110;0;0;0;0;4,3;2,9;0
20210218:0210;0;0;0;0;4,27;3,03;0
20210218:0310;0;0;0;0;4,05;3,24;0
20210218:0410;0;0;0;0;3,84;3,52;0
20210218:0510;0;0;0;0;3,64;3,72;0
20210218:0610;0;0;0;0;3,63;3,79;0
20210218:0710;0,31;0,00031;6,37;3,78;4,43;4;0
20210218:0810;29,35;0,02935;48,2;11,97;5,16;4,34;0
20210218:0910;300,22;0,30022;349,79;18,91;6,62;4,41;0
20210218:1010;206,74;0,20674;248,93;24,07;7,98;4,62;0
20210218:1110;67,51;0,06751;94,58;26,96;9,18;5,17;0
20210218:1210;137,99;0,13799;175,15;27,2;10,31;5,52;0
20210218:1310;53,17;0,05317;78,21;24,78;10,47;4,83;0
20210218:1410;30,03;0,03003;50,02;19,99;10,44;5,45;0
20210218:1510;21,58;0,02158;39,1;13,34;9,85;5,17;0
20210218:1610;1,93;0,00193;10;5,34;9,39;5,24;0
20210218:1710;0;0;0;0;9,12;5,1;0
20210218:1810;0;0;0;0;8,64;4,83;0
20210218:1910;0;0;0;0;8,63;4;0
20210218:2010;0;0;0;0;8,62;3,79;0
20210218:2110;0;0;0;0;7,89;5,24;0
20210218:2210;0;0;0;0;6,93;4,21;0
20210218:2310;0;0;0;0;5,98;3,93;0
20210219:0010;0;0;0;0;5,08;3,72;0
20210219:0110;0;0;0;0;4,34;3,31;0
20210219:0210;0;0;0;0;3,49;2,9;0
20210219:0310;0;0;0;0;2,88;2,55;0
20210219:0410;0;0;0;0;2,26;2,55;0
20210219:0510;0;0;0;0;1,68;2,48;0
20210219:0610;0;0;0;0;1,21;2,55;0
20210219:0710;8,31;0,00831;20,49;4,08;1,36;2,55;0
20210219:0810;196,73;0,19673;234,27;12,28;2,8;2,69;0
20210219:0910;576,96;0,57696;669,74;19,24;4,95;2,97;0
20210219:1010;706,24;0,70624;833,66;24,42;6,69;3,38;0
20210219:1110;725,56;0,72556;860,19;27,31;8,32;4,07;0
20210219:1210;691,99;0,69199;821,22;27,55;9,12;4,07;0
20210219:1310;426,9;0,4269;500,95;25,12;9,69;4,07;0
20210219:1410;252,12;0,25212;301,7;20,31;9,93;4,07;0
20210219:1510;201,5;0,2015;246,46;13,64;9,78;3,72;0
20210219:1610;17,21;0,01721;33,79;5,62;8,99;3,31;0
20210219:1710;0;0;0;0;7,74;3,31;0
20210219:1810;0;0;0;0;6,86;3,52;0
20210219:1910;0;0;0;0;6,84;3,52;0
20210219:2010;0;0;0;0;6,9;3,66;0
20210219:2110;0;0;0;0;7,21;3,66;0
20210219:2210;0;0;0;0;7,66;3,66;0
20210219:2310;0;0;0;0;8;3,66;0
20210220:0010;0;0;0;0;8,28;3,72;0
20210220:0110;0;0;0;0;8,23;3,72;0
20210220:0210;0;0;0;0;8,13;3,66;0
20210220:0310;0;0;0;0;7,86;3,52;0
20210220:0410;0;0;0;0;7,93;3,59;0
20210220:0510;0;0;0;0;7,89;3,72;0
20210220:0610;0;0;0;0;7,52;3,79;0
20210220:0710;84,87;0,08487;120,97;4,38;7,2;3,79;0
20210220:0810;339,77;0,33977;400,39;12,6;7,9;3,93;0
20210220:0910;486,96;0,48696;569,36;19,57;9,38;4,28;0
20210220:1010;666,4;0,6664;788,44;24,77;10,92;5,1;0
20210220:1110;695,3;0,6953;830,61;27,67;12,35;5,24;0
20210220:1210;734,92;0,73492;887,62;27,91;13,59;5,1;0
20210220:1310;657,76;0,65776;792,84;25,46;14,54;4,97;0
20210220:1410;231,25;0,23125;284,24;20,63;15,05;4,69;0
20210220:1510;237,98;0,23798;294,02;13,94;14,94;4,21;0
20210220:1610;18,11;0,01811;35,62;5,9;14,04;4,28;0
20210220:1710;0;0;0;0;12,61;4,55;0
20210220:1810;0;0;0;0;11,58;4,62;0
20210220:1910;0;0;0;0;10,77;4,48;0
20210220:2010;0;0;0;0;10,33;4,28;0
20210220:2110;0;0;0;0;9,99;4,21;0
20210220:2210;0;0;0;0;9,72;4,28;0
20210220:2310;0;0;0;0;9,56;4,41;0
20210221:0010;0;0;0;0;9,31;4,21;0
20210221:0110;0;0;0;0;8,87;3,86;0
20210221:0210;0;0;0;0;8,38;3,72;0
20210221:0310;0;0;0;0;7,95;3,66;0
20210221:0410;0;0;0;0;7,56;3,52;0
20210221:0510;0;0;0;0;7,16;3,45;0
20210221:0610;0;0;0;0;6,78;3,45;0
20210221:0710;59,61;0,05961;89,08;4,69;6,88;3,38;0
20210221:0810;378,88;0,37888;446,5;12,92;7,86;3,45;0
20210221:0910;579,64;0,57964;686,31;19,91;9,86;3,52;0
20210221:1010;695,25;0,69525;836,28;25,12;11,88;4,07;0
20210221:1110;763,12;0,76312;933,94;28,03;13,57;4,07;0
20210221:1210;743,34;0,74334;914,96;28,27;14,82;3,93;0
20210221:1310;668,34;0,66834;818,95;25,81;15,64;3,86;0
20210221:1410;563,94;0,56394;686;20,96;16;3,86;0
20210221:1510;365,36;0,36536;446,96;14,24;15,69;3,66;0
20210221:1610;124,94;0,12494;174,82;6,18;14,56;3,66;0
20210221:1710;0;0;0;0;12,65;3,59;0
20210221:1810;0;0;0;0;11,22;3,66;0
20210221:1910;0;0;0;0;10,66;3,79;0
20210221:2010;0;0;0;0;10,11;3,93;0
20210221:2110;0;0;0;0;9,65;3,93;0
20210221:2210;0;0;0;0;9,27;3,86;0
20210221:2310;0;0;0;0;8,89;3,72;0
20210222:0010;0;0;0;0;8,42;3,59;0
20210222:0110;0;0;0;0;7,93;3,45;0
20210222:0210;0;0;0;0;7,36;3,38;0
20210222:0310;0;0;0;0;6,7;3,24;0
20210222:0410;0;0;0;0;6,08;3,24;0
20210222:0510;0;0;0;0;5,62;3,45;0
20210222:0610;0;0;0;0;5,47;3,52;0
20210222:0710;6,2;0,0062;17,28;4,99;6,85;3,72;0
20210222:0810;168,72;0,16872;207,82;13,24;8,21;3,72;0
20210222:0910;147,19;0,14719;185,28;20,25;10,22;3,31;0
20210222:1010;132,65;0,13265;171,22;25,48;12,59;3,38;0
20210222:1110;125,98;0,12598;165,07;28,39;14,31;3,31;0
20210222:1210;269,96;0,26996;332,59;28,63;15,9;3,1;0
20210222:1310;229,02;0,22902;286,3;26,15;16,93;2,83;0
20210222:1410;278,42;0,27842;343,82;21,28;17,14;2,9;0
20210222:1510;159,37;0,15937;205,3;14,54;16,66;2,97;0
20210222:1610;53,12;0,05312;82,87;6,47;15,23;3,17;0
20210222:1710;0;0;0;0;13,22;3,38;0
20210222:1810;0;0;0;0;11,91;3,31;0
20210222:1910;0;0;0;0;11,07;3,24;0
20210222:2010;0;0;0;0;10,54;3,1;0
20210222:2110;0;0;0;0;10,02;3,03;0
20210222:2210;0;0;0;0;9,61;2,97;0
20210222:2310;0;0;0;0;9,25;2,83;0
20210223:0010;0;0;0;0;9,43;2,76;0
20210223:0110;0;0;0;0;10,12;2,69;0
20210223:0210;0;0;0;0;10,66;2,9;0
20210223:0310;0;0;0;0;10,92;3,45;0
20210223:0410;0;0;0;0;10,69;3,86;0
20210223:0510;0;0;0;0;10,52;3,52;0
20210223:0610;0;0;0;0;9,85;3,03;0
20210223:0710;16,42;0,01642;32,78;5,31;9,66;3,59;0
20210223:0810;345,72;0,34572;413,57;13,57;10,82;3,31;0
20210223:0910;523,88;0,52388;629,64;20,59;12,75;2,9;0
20210223:1010;639,08;0,63908;780,17;25,84;14,71;3,38;0
20210223:1110;712,45;0,71245;881,98;28,76;16,15;3,66;0
20210223:1210;565,6;0,5656;692,95;28,99;17,08;3,79;0
20210223:1310;564,62;0,56462;690,95;26,5;17,63;4,14;0
20210223:1410;497,01;0,49701;605,27;21,6;17,97;4,55;0
20210223:1510;252,72;0,25272;316,14;14,84;17,52;2,9;0
20210223:1610;70,03;0,07003;105,34;6,75;16,67;2,55;0
20210223:1710;0;0;0;0;15,06;2,69;0
20210223:1810;0;0;0;0;13,67;2,83;0
20210223:1910;0;0;0;0;12,59;2,69;0
20210223:2010;0;0;0;0;11,77;2,83;0
20210223:2110;0;0;0;0;11,44;3,31;0
20210223:2210;0;0;0;0;11,21;3,52;0
20210223:2310;0;0;0;0;11,03;3,59;0
20210224:0010;0;0;0;0;10,83;3,52;0
20210224:0110;0;0;0;0;10,56;3,52;0
20210224:0210;0;0;0;0;10,3;3,38;0
20210224:0310;0;0;0;0;10,03;3,31;0
20210224:0410;0;0;0;0;9,74;3,31;0
20210224:0510;0;0;0;0;9,41;3,31;0
20210224:0610;0;0;0;0;9,05;3,17;0
20210224:0710;70,69;0,07069;102,99;5,62;9,34;3,17;0
20210224:0810;352,6;0,3526;421,84;13,9;10,57;2,97;0
20210224:0910;543,34;0,54334;655;20,94;12,88;2,83;0
20210224:1010;666,7;0,6667;821,67;26,2;14,99;2,97;0
20210224:1110;723,56;0,72356;905,3;29,13;16,55;3,1;0
20210224:1210;730,82;0,73082;918,54;29,36;17,54;3,24;0
20210224:1310;649,9;0,6499;810,32;26,85;18,16;3,24;0
20210224:1410;536,84;0,53684;663,73;21,93;18,42;3,1;0
20210224:1510;342,76;0,34276;426,56;15,14;18,19;2,69;0
20210224:1610;118,1;0,1181;167,29;7,03;17,11;2,76;0
20210224:1710;0;0;0;0;15,2;3,17;0
20210224:1810;0;0;0;0;13,83;3,38;0
20210224:1910;0;0;0;0;12,94;3,38;0
20210224:2010;0;0;0;0;12,24;3,31;0
20210224:2110;0;0;0;0;11,61;3,17;0
20210224:2210;0;0;0;0;11,06;3,03;0
20210224:2310;0;0;0;0;10,6;2,9;0
20210225:0010;0;0;0;0;10,19;2,83;0
20210225:0110;0;0;0;0;9,8;2,83;0
20210225:0210;0;0;0;0;9,41;2,83;0
20210225:0310;0;0;0;0;8,9;2,62;0
20210225:0410;0;0;0;0;8,31;2,55;0
20210225:0510;0;0;0;0;7,78;2,55;0
20210225:0610;0;0;0;0;7,34;2,55;0
20210225:0710;69,74;0,06974;100,7;5,94;7,54;2,55;0
20210225:0810;348,06;0,34806;415,8;14,23;9,25;2,14;0
20210225:0910;535,98;0,53598;646,86;21,29;12,32;2,34;0
20210225:1010;652,1;0,6521;803,7;26,56;14,4;2,55;0
20210225:1110;705,9;0,7059;885,9;29,5;16,03;2,48;0
20210225:1210;705,64;0,70564;893,5;29,72;17,28;2,34;0
20210225:1310;595,68;0,59568;747,93;27,2;18,01;2,07;0
20210225:1410;466,35;0,46635;579,79;22,26;18,17;1,86;0
20210225:1510;354,29;0,35429;443,87;15,44;18,07;1,59;0
20210225:1610;121,58;0,12158;172,23;7,31;17,15;1,24;0
20210225:1710;0;0;0;0;15,2;1,31;0
20210225:1810;0;0;0;0;13,36;1,17;0
20210225:1910;0;0;0;0;12,29;1,38;0
20210225:2010;0;0;0;0;11,15;1,93;0
20210225:2110;0;0;0;0;10,23;2,28;0
20210225:2210;0;0;0;0;9,89;2,14;0
20210225:2310;0;0;0;0;9,5;2,28;0
20210226:0010;0;0;0;0;9,12;2,55;0
20210226:0110;0;0;0;0;8,9;2,9;0
20210226:0210;0;0;0;0;8,5;2,97;0
20210226:0310;0;0;0;0;7,97;2,9;0
20210226:0410;0;0;0;0;7,39;2,9;0
20210226:0510;0;0;0;0;6,79;3,1;0
20210226:0610;0;0;0;0;6,35;2,69;0
20210226:0710;10,46;0,01046;23,64;6,26;6,53;2,41;0
20210226:0810;26,21;0,02621;44,56;14,57;6,49;2,07;0
20210226:0910;229,67;0,22967;274,84;21,64;6,9;2,07;0
20210226:1010;202,38;0,20238;245,5;26,93;7,58;2,55;0
20210226:1110;782,44;0,78244;945,75;29,88;8,72;3,17;0
20210226:1210;179,56;0,17956;221,63;30,09;9,62;4,14;0
20210226:1310;362,6;0,3626;427,53;27,55;10,01;4,21;0
20210226:1410;139,05;0,13905;176,18;22,58;9,99;3,86;0
20210226:1510;239,19;0,23919;289,07;15,75;9,96;3,93;0
20210226:1610;114,94;0,11494;157,02;7,6;9,44;3,52;0
20210226:1710;0;0;0;0;8,22;2,97;0
20210226:1810;0;0;0;0;7,17;2,76;0
20210226:1910;0;0;0;0;6,78;2,9;0
20210226:2010;0;0;0;0;6,3;2,62;0
20210226:2110;0;0;0;0;5,23;2,62;0
20210226:2210;0;0;0;0;4,37;2,41;0
20210226:2310;0;0;0;0;3,5;2,14;0
20210227:0010;0;0;0;0;2,85;1,93;0
20210227:0110;0;0;0;0;2,28;1,72;0
20210227:0210;0;0;0;0;2,21;1,59;0
20210227:0310;0;0;0;0;3,13;1,38;0
20210227:0410;0;0;0;0;3,4;1,59;0
20210227:0510;0;0;0;0;3,2;1,72;0
20210227:0610;0;0;0;0;3,08;1,59;0
20210227:0710;11,3;0,0113;24,55;6,59;3,28;1,59;0
20210227:0810;123,19;0,12319;154,67;14,91;3,58;1,66;0
20210227:0910;237,43;0,23743;280,55;22;4,15;1,79;0
20210227:1010;414,65;0,41465;482,19;27,3;4,75;2;0
20210227:1110;682,18;0,68218;812,88;30,26;5,65;2,14;0
20210227:1210;759,65;0,75965;915,64;30,47;6,48;2,34;0
20210227:1310;705,56;0,70556;844,76;27,9;7,22;2,48;0
20210227:1410;600,63;0,60063;710,99;22,91;7,52;2,55;0
20210227:1510;380,19;0,38019;449,72;16,05;7,67;2,69;0
20210227:1610;162,69;0,16269;214,72;7,88;7,62;2,62;0
20210227:1710;0;0;0;0;7,27;2;0
20210227:1810;0;0;0;0;6,79;1,72;0
20210227:1910;0;0;0;0;6,49;1,93;0
20210227:2010;0;0;0;0;5,99;1,79;0
20210227:2110;0;0;0;0;5,6;1,66;0
20210227:2210;0;0;0;0;5,11;1,59;0
20210227:2310;0;0;0;0;4,52;1,52;0
20210228:0010;0;0;0;0;4,17;1,52;0
20210228:0110;0;0;0;0;3,99;1,52;0
20210228:0210;0;0;0;0;4,1;1,45;0
20210228:0310;0;0;0;0;3,72;1,59;0
20210228:0410;0;0;0;0;3,57;1,66;0
20210228:0510;0;0;0;0;3,28;1,66;0
20210228:0610;0;0;0;0;2,49;1,79;0
20210228:0710;145,25;0,14525;187,51;6,92;2,37;1,86;0
20210228:0810;422,69;0,42269;494,23;15,25;3,83;1,59;0
20210228:0910;612,95;0,61295;721,71;22,36;5,52;2,21;0
20210228:1010;733,62;0,73362;881,16;27,68;6,73;2,34;0
20210228:1110;783,86;0,78386;958,36;30,64;8,02;2,21;0
20210228:1210;754,22;0,75422;924,28;30,84;9,1;2,14;0
20210228:1310;710,62;0,71062;865,48;28,26;9,97;2,34;0
20210228:1410;594,84;0,59484;714,58;23,24;10,55;2,55;0
20210228:1510;410,58;0,41058;492,64;16,35;10,69;2,69;0
20210228:1610;166;0,166;221,48;8,16;10,17;2,07;0
20210228:1710;0;0;0;0;8,68;2,21;0
20210228:1810;0;0;0;0;7;2,41;0
20210228:1910;0;0;0;0;6,47;2,34;0
20210228:2010;0;0;0;0;5,37;2,41;0
20210228:2110;0;0;0;0;4,43;2,34;0
20210228:2210;0;0;0;0;3,63;2,28;0
20210228:2310;0;0;0;0;2,8;2,14;0
20210301:0010;0;0;0;0;2,02;2,07;0
20210301:0110;0;0;0;0;1,26;2;0
20210301:0210;0;0;0;0;0,69;1,93;0
20210301:0310;0;0;0;0;0,26;1,93;0
20210301:0410;0;0;0;0;-0,06;1,93;0
20210301:0510;0;0;0;0;-0,31;1,86;0
20210301:0610;0;0;0;0;-0,25;1,86;0
20210301:0710;153,6;0,1536;194,84;7,25;-0,21;2;0
20210301:0810;419,6;0,4196;487,84;15,6;2,91;1,72;0
20210301:0910;601,77;0,60177;711,19;22,72;5,89;2;0
20210301:1010;718,05;0,71805;869,02;28,05;8,08;2,21;0
20210301:1110;771,31;0,77131;948,03;31,02;9,86;2,41;0
20210301:1210;747,41;0,74741;919,73;31,21;11,16;2,55;0
20210301:1310;696,99;0,69699;855,37;28,61;12;2,48;0
20210301:1410;579,39;0,57939;703,26;23,57;12,49;2,41;0
20210301:1510;397,14;0,39714;482,14;16,66;12,58;2,28;0
20210301:1610;157,22;0,15722;211,8;8,45;11,95;1,66;0
20210301:1710;0;0;0;0;10,4;2,14;0
20210301:1810;0;0;0;0;8,12;2,48;0
20210301:1910;0;0;0;0;6,92;2,69;0
20210301:2010;0;0;0;0;6,11;2,83;0
20210301:2110;0;0;0;0;5,56;2,97;0
20210301:2210;0;0;0;0;5,15;2,9;0
20210301:2310;0;0;0;0;4,76;2,76;0
20210302:0010;0;0;0;0;4,33;2,69;0
20210302:0110;0;0;0;0;3,9;2,55;0
20210302:0210;0;0;0;0;3,48;2,55;0
20210302:0310;0;0;0;0;3,12;2,55;0
20210302:0410;0;0;0;0;2,85;2,55;0
20210302:0510;0;0;0;0;2,68;2,62;0
20210302:0610;0;0;0;0;2,56;2,69;0
20210302:0710;158,82;0,15882;203,13;7,58;3,41;3,03;0
20210302:0810;416,83;0,41683;486,33;15,94;5,43;2,83;0
20210302:0910;603,51;0,60351;710,02;23,08;7,95;3,45;0
20210302:1010;721,77;0,72177;867,23;28,43;9,81;3,52;0
20210302:1110;778,33;0,77833;951,46;31,4;11,38;3,45;0
20210302:1210;747,5;0,7475;917,79;31,59;12,65;3,31;0
20210302:1310;699,17;0,69917;859,17;28,97;13,55;3,03;0
20210302:1410;568,55;0,56855;692,41;23,9;14,07;2,76;0
20210302:1510;394,88;0,39488;482,02;16,96;14,15;2,55;0
20210302:1610;153,24;0,15324;207,38;8,73;13,29;2,28;0
20210302:1710;0;0;0;0;11,26;2,83;0
20210302:1810;0;0;0;0;9,43;2,97;0
20210302:1910;0;0;0;0;8,98;2,97;0
20210302:2010;0;0;0;0;8,01;2,9;0
20210302:2110;0;0;0;0;7,12;2,83;0
20210302:2210;0;0;0;0;6,36;2,76;0
20210302:2310;0;0;0;0;5,67;2,62;0
20210303:0010;0;0;0;0;5,04;2,48;0
20210303:0110;0;0;0;0;4,51;2,41;0
20210303:0210;0;0;0;0;3,97;2,28;0
20210303:0310;0;0;0;0;3,43;2,21;0
20210303:0410;0;0;0;0;2,96;2,14;0
20210303:0510;0;0;0;0;2,56;2,07;0
20210303:0610;0;0;0;0;2,31;2;0
20210303:0710;169,35;0,16935;215,53;7,92;3,01;1,79;0
20210303:0810;327,75;0,32775;387,91;16,29;6,02;1,31;0
20210303:0910;510,95;0,51095;616,65;23,45;9,67;1,1;0
20210303:1010;633,43;0,63343;790,39;28,81;11,8;0,83;0
20210303:1110;706,93;0,70693;900,6;31,79;13,44;0,97;0
20210303:1210;722,15;0,72215;918,95;31,97;14,59;1,45;0
20210303:1310;647,32;0,64732;810,64;29,32;15,27;1,79;0
20210303:1410;513,15;0,51315;631,43;24,23;15,55;2;0
20210303:1510;294,74;0,29474;364,72;17,26;15,42;1,86;0
20210303:1610;118,98;0,11898;165,53;9,01;14,75;1,03;0
20210303:1710;0;0;0;0;13,31;0,76;0
20210303:1810;0;0;0;0;12,93;0,34;0
20210303:1910;0;0;0;0;11,75;0,83;0
20210303:2010;0;0;0;0;9,44;1,31;0
20210303:2110;0;0;0;0;7,79;1,38;0
20210303:2210;0;0;0;0;7,65;1,17;0
20210303:2310;0;0;0;0;7,37;1,03;0
20210304:0010;0;0;0;0;6,83;1,03;0
20210304:0110;0;0;0;0;6,81;0,83;0
20210304:0210;0;0;0;0;6,34;0,55;0
20210304:0310;0;0;0;0;5,78;0,34;0
20210304:0410;0;0;0;0;5,34;0,21;0
20210304:0510;0;0;0;0;5,1;0,28;0
20210304:0610;0;0;0;0;4,9;0,48;0
20210304:0710;129,81;0,12981;170,63;8,26;5,35;0,69;0
20210304:0810;40,41;0,04041;61,84;16,65;5,6;0,9;0
20210304:0910;74,25;0,07425;101,85;23,82;6,91;1,38;0
20210304:1010;95,69;0,09569;126,4;29,19;7,31;2,34;0
20210304:1110;0;0;0;0;7,55;2,62;0
20210304:1210;41,57;0,04157;63,66;32,35;7,75;2,83;0
20210304:1310;59,31;0,05931;84,57;29,68;7,41;2,62;0
20210304:1410;42,43;0,04243;64,57;24,56;7,17;2,55;0
20210304:1510;8,6;0,0086;20,92;17,57;6,54;2,62;0
20210304:1610;21,31;0,02131;38,19;9,29;5,75;2,69;0
20210304:1710;0;0;0;0;4,97;2,83;0
20210304:1810;0;0;0;0;4,4;2,97;0
20210304:1910;0;0;0;0;3,29;3,03;0
20210304:2010;0;0;0;0;3,14;3,17;0
20210304:2110;0;0;0;0;3,01;3,24;0
20210304:2210;0;0;0;0;2,91;3,31;0
20210304:2310;0;0;0;0;2,75;3,17;0
20210305:0010;0;0;0;0;2,36;2,9;0
20210305:0110;0;0;0;0;2,04;2,62;0
20210305:0210;0;0;0;0;2,01;2,55;0
20210305:0310;0;0;0;0;2,15;2,83;0
20210305:0410;0;0;0;0;2,15;3,1;0
20210305:0510;0;0;0;0;1,95;3,45;0
20210305:0610;0;0;0;0;1,59;3,38;0
20210305:0710;48,73;0,04873;71,31;8,6;1,12;3,24;0
20210305:0810;439,6;0,4396;500,31;17;1,2;3,66;0
20210305:0910;632,55;0,63255;723,67;24,19;1,86;3,52;0
20210305:1010;750,45;0,75045;873,45;29,58;3,01;3,59;0
20210305:1110;725,11;0,72511;845,97;32,57;4,09;3,79;0
20210305:1210;594,25;0,59425;688,31;32,73;4,82;3,79;0
20210305:1310;705,37;0,70537;824,83;30,04;5,24;3,79;0
20210305:1410;607,59;0,60759;705,79;24,89;5,62;3,72;0
20210305:1510;426,16;0,42616;495,91;17,87;5,45;3,66;0
20210305:1610;182,42;0,18242;233,95;9,58;4,93;3,31;0
20210305:1710;0;0;0;0;3,82;2,83;0
20210305:1810;0;0;0;0;2,44;2,69;0
20210305:1910;0;0;0;0;1,83;2,28;0
20210305:2010;0;0;0;0;0,84;2,21;0
20210305:2110;0;0;0;0;-0,16;2,07;0
20210305:2210;0;0;0;0;-1,19;1,93;0
20210305:2310;0;0;0;0;-2;1,79;0
20210306:0010;0;0;0;0;-2,19;1,59;0
20210306:0110;0;0;0;0;-2,16;1,45;0
20210306:0210;0;0;0;0;-1,83;1,24;0
20210306:0310;0;0;0;0;-1,57;1,17;0
20210306:0410;0;0;0;0;-1,34;0,97;0
20210306:0510;0;0;0;0;-1,19;0,9;0
20210306:0610;0;0;0;0;-1,31;0,83;0
20210306:0710;192,23;0,19223;236,21;8,95;-2,45;1,17;0
20210306:0810;451,15;0,45115;523,39;17,36;0,28;0,76;0
20210306:0910;636,18;0,63618;754,47;24,56;2,62;0,97;0
20210306:1010;754,08;0,75408;912,75;29,97;3,94;1,31;0
20210306:1110;822,56;0,82256;1002,65;32,96;4,84;1,86;0
20210306:1210;811,47;0,81147;987,01;33,11;5,51;2,07;0
20210306:1310;750,29;0,75029;905,77;30,4;5,94;2;0
20210306:1410;615,57;0,61557;733,6;25,22;6,14;1,66;0
20210306:1510;429,76;0,42976;509,94;18,17;6,07;1,38;0
20210306:1610;188,79;0,18879;243,94;9,86;5,63;1,17;0
20210306:1710;0;0;0;0;4,07;2,14;0
20210306:1810;0;0;0;0;2,16;2,21;0
20210306:1910;0;0;0;0;1,51;2,07;0
20210306:2010;0;0;0;0;0,34;2,14;0
20210306:2110;0;0;0;0;-0,7;2,21;0
20210306:2210;0;0;0;0;-1,66;2;0
20210306:2310;0;0;0;0;-2,23;1,66;0
20210307:0010;0;0;0;0;-1,09;1,1;0
20210307:0110;0;0;0;0;-0,84;0,69;0
20210307:0210;0;0;0;0;-1,02;0,55;0
20210307:0310;0;0;0;0;-1,2;0,55;0
20210307:0410;0;0;0;0;-1,39;0,62;0
20210307:0510;0;0;0;0;-1,62;0,69;0
20210307:0610;0;0;0;0;-1,78;0,83;0
20210307:0710;197,78;0,19778;243,71;9,29;-1,61;0,69;0
20210307:0810;453,57;0,45357;531,64;17,72;0,24;0;0
20210307:0910;629,41;0,62941;750,18;24,94;2,54;0,62;0
20210307:1010;764,64;0,76464;926,35;30,36;4;1,38;0
20210307:1110;827,87;0,82787;1010,96;33,35;4,97;1,86;0
20210307:1210;817,82;0,81782;993,64;33,49;5,55;2,21;0
20210307:1310;751,44;0,75144;899,31;30,75;5,85;2,55;0
20210307:1410;616,11;0,61611;722,95;25,55;5,82;2,83;0
20210307:1510;441,74;0,44174;516;18,47;5,35;2,97;0
20210307:1610;203,43;0,20343;259,29;10,14;4,59;2,62;0
20210307:1710;0;0;0;0;3,36;2,28;0
20210307:1810;0;0;0;0;1,93;2,14;0
20210307:1910;0;0;0;0;1,42;1,93;0
20210307:2010;0;0;0;0;0,78;1,86;0
20210307:2110;0;0;0;0;0,58;1,72;0
20210307:2210;0;0;0;0;0,36;1,59;0
20210307:2310;0;0;0;0;0,11;1,52;0
20210308:0010;0;0;0;0;-0,43;1,52;0
20210308:0110;0;0;0;0;-0,95;1,52;0
20210308:0210;0;0;0;0;-1,33;1,45;0
20210308:0310;0;0;0;0;-1,25;1,24;0
20210308:0410;0;0;0;0;-1,47;1,24;0
20210308:0510;0;0;0;0;-1,64;1,31;0
20210308:0610;0;0;0;0;-1,22;1,31;0
20210308:0710;63,74;0,06374;88,31;9,64;-0,74;1,1;0
20210308:0810;128,17;0,12817;158,87;18,08;1,17;1,24;0
20210308:0910;137,1;0,1371;169,46;25,32;2,16;1,59;0
20210308:1010;86,3;0,0863;113,67;30,75;2,54;1,24;0
20210308:1110;189,54;0,18954;228,59;33,74;3,3;1,52;0
20210308:1210;123,84;0,12384;156,41;33,87;4,27;2,07;0
20210308:1310;242,36;0,24236;287,88;31,11;4,87;2,07;0
20210308:1410;108,34;0,10834;139,46;25,88;5;1,79;0
20210308:1510;47,35;0,04735;70,02;18,77;5,49;1,66;0
20210308:1610;41,09;0,04109;62,98;10,42;5,34;1,17;0
20210308:1710;0;0;0;0;4,97;0,83;0
20210308:1810;0;0;0;0;4,12;1,03;0
20210308:1910;0;0;0;0;2,39;0,97;0
20210308:2010;0;0;0;0;1,5;1,17;0
20210308:2110;0;0;0;0;1,61;1,03;0
20210308:2210;0;0;0;0;1,09;1,1;0
20210308:2310;0;0;0;0;0,37;1,24;0
20210309:0010;0;0;0;0;0,32;1,17;0
20210309:0110;0;0;0;0;0,43;1,03;0
20210309:0210;0;0;0;0;0,24;1,24;0
20210309:0310;0;0;0;0;0,06;1,52;0
20210309:0410;0;0;0;0;-0,27;1,52;0
20210309:0510;0;0;0;0;-0,48;1,66;0
20210309:0610;0;0;0;0;-0,71;1,72;0
20210309:0710;16,92;0,01692;31,83;9,99;0,36;1,59;0
20210309:0810;48,13;0,04813;70,02;18,45;2,24;1,93;0
20210309:0910;72,68;0,07268;98,21;25,7;2,78;2,76;0
20210309:1010;23,75;0,02375;40,92;31,14;3,29;3,72;0
20210309:1110;53,33;0,05333;76,39;34,14;3,71;3,45;0
20210309:1210;35,52;0,03552;55,47;34,26;3,86;3,17;0
20210309:1310;38,42;0,03842;59,11;31,47;4,63;3,38;0
20210309:1410;25,68;0,02568;43,65;26,2;5,2;3,24;0
20210309:1510;30;0,03;49,11;19,08;5,56;2,34;0
20210309:1610;9,24;0,00924;21,83;10,7;5,99;2,34;0
20210309:1710;0;0;0;0;5,99;2,48;0
20210309:1810;0;0;0;0;4,93;2,28;0
20210309:1910;0;0;0;0;4,32;2,41;0
20210309:2010;0;0;0;0;3,92;2,21;0
20210309:2110;0;0;0;0;3,49;2,14;0
20210309:2210;0;0;0;0;3,23;2,21;0
20210309:2310;0;0;0;0;2,71;2;0
20210310:0010;0;0;0;0;2,65;1,79;0
20210310:0110;0;0;0;0;2,47;1,72;0
20210310:0210;0;0;0;0;2,69;1,72;0
20210310:0310;0;0;0;0;2,58;1,31;0
20210310:0410;0;0;0;0;2,74;1,03;0
20210310:0510;0;0;0;0;2,72;1,24;0
20210310:0610;0;0;0;0;3;1,52;0
20210310:0710;18,73;0,01873;34,56;10,35;3,42;1,79;0
20210310:0810;36,92;0,03692;57,29;18,81;4,28;1,93;0
20210310:0910;103,42;0,10342;133,89;26,08;4,98;2,14;0
20210310:1010;261,9;0,2619;310,61;31,53;5,88;2,34;0
20210310:1110;382,69;0,38269;449,91;34,53;7,25;2,69;0
20210310:1210;592,36;0,59236;702,52;34,64;8,32;3,03;0
20210310:1310;388,46;0,38846;456,73;31,83;9,06;4;0
20210310:1410;193,03;0,19303;236,09;26,53;9,15;3,79;0
20210310:1510;70;0,07;97,44;19,38;8,68;2,83;0
20210310:1610;21,74;0,02174;39,1;10,98;8,28;3,52;0
20210310:1710;0;0;0,85;1,85;7,69;3,93;0
20210310:1810;0;0;0;0;7,3;4,28;0
20210310:1910;0;0;0;0;7,61;4,83;0
20210310:2010;0;0;0;0;7,53;5,1;0
20210310:2110;0;0;0;0;7,29;5,31;0
20210310:2210;0;0;0;0;6,52;5,45;0
20210310:2310;0;0;0;0;6,13;5,59;0
20210311:0010;0;0;0;0;6,12;5,66;0
20210311:0110;0;0;0;0;6,31;5,72;0
20210311:0210;0;0;0;0;6,51;5,86;0
20210311:0310;0;0;0;0;6,62;5,93;0
20210311:0410;0;0;0;0;6,76;6,07;0
20210311:0510;0;0;0;0;7,08;6,07;0
20210311:0610;0;0;0;0;7,59;6,14;0
20210311:0710;14,9;0,0149;30,01;10,7;8,46;6,97;0
20210311:0810;70,97;0,07097;98,49;19,18;9,31;7,03;0
20210311:0910;47,18;0,04718;70,93;26,46;10,33;7,38;0
20210311:1010;433,36;0,43336;506,18;31,93;11,03;7,72;0
20210311:1110;827,48;0,82748;979,2;34,93;11,41;8;0
20210311:1210;530,85;0,53085;619,89;35,03;11,93;8,97;0
20210311:1310;560,41;0,56041;653,82;32,19;12,13;9,17;0
20210311:1410;355,43;0,35543;418,59;26,86;12,36;9,17;0
20210311:1510;380,79;0,38079;449,37;19,68;11,32;7,52;0
20210311:1610;132,15;0,13215;175,76;11,26;11,02;7,17;0
20210311:1710;0;0;3,39;2,12;10,13;6,48;0
20210311:1810;0;0;0;0;9,35;6,21;0
20210311:1910;0;0;0;0;7,49;6;0
20210311:2010;0;0;0;0;6,93;6,14;0
20210311:2110;0;0;0;0;6,47;6,55;0
20210311:2210;0;0;0;0;6,08;6,48;0
20210311:2310;0;0;0;0;5,71;6,83;0
20210312:0010;0;0;0;0;5,31;7,24;0
20210312:0110;0;0;0;0;5,13;7,03;0
20210312:0210;0;0;0;0;4,84;6,62;0
20210312:0310;0;0;0;0;4,79;6;0
20210312:0410;0;0;0;0;4,69;5,59;0
20210312:0510;0;0;0;0;4,66;5,31;0
20210312:0610;0;0;1,82;1,88;4,44;5,03;0
20210312:0710;70,6;0,0706;97,6;11,06;4,87;4,76;0
20210312:0810;317,26;0,31726;368,53;19,55;5,57;5,03;0
20210312:0910;116,5;0,1165;148,59;26,84;6,58;7,1;0
20210312:1010;348,8;0,3488;404,02;32,32;7,26;7,45;0
20210312:1110;329,09;0,32909;384,41;35,33;7,86;6,69;0
20210312:1210;629,7;0,6297;734,06;35,41;8,6;6,07;0
20210312:1310;286,4;0,2864;338,87;32,55;9,3;6,76;0
20210312:1410;104,27;0,10427;136,47;27,19;9,21;6,97;0
20210312:1510;140,85;0,14085;177,12;19,98;8,85;6;0
20210312:1610;18,95;0,01895;35,47;11,53;8,62;6,55;0
20210312:1710;0;0;0,85;2,38;7,43;6,14;0
20210312:1810;0;0;0;0;6,69;5,52;0
20210312:1910;0;0;0;0;5,73;5,24;0
20210312:2010;0;0;0;0;5,56;5,1;0
20210312:2110;0;0;0;0;5,55;4,97;0
20210312:2210;0;0;0;0;5,47;5,1;0
20210312:2310;0;0;0;0;5,55;5,1;0
20210313:0010;0;0;0;0;5,7;4,97;0
20210313:0110;0;0;0;0;5,75;4,69;0
20210313:0210;0;0;0;0;5,74;5,17;0
20210313:0310;0;0;0;0;5,97;6;0
20210313:0410;0;0;0;0;6,15;6,83;0
20210313:0510;0;0;0;0;6,36;7,59;0
20210313:0610;0;0;0,91;2,23;6,44;8;0
20210313:0710;58,96;0,05896;84,28;11,41;6,79;8,62;0
20210313:0810;21,23;0,02123;38,19;19,92;6,82;8,28;0
20210313:0910;71,77;0,07177;98,21;27,23;6,34;8,34;0
20210313:1010;191,8;0,1918;231,12;32,72;6,3;7,45;0
20210313:1110;62,67;0,06267;88,21;35,73;7,41;7,66;0
20210313:1210;68,52;0,06852;95,49;35,8;8,95;8,97;0
20210313:1310;699,63;0,69963;809,37;32,91;9,4;8,97;0
20210313:1410;606,45;0,60645;696,79;27,52;9,24;9,52;0
20210313:1510;54,72;0,05472;79,12;20,27;7,92;8,34;0
20210313:1610;206,13;0,20613;263,08;11,81;8,01;7,38;0
20210313:1710;0,12;0,00012;5,93;2,65;7,4;6,83;0
20210313:1810;0;0;0;0;6,66;5,86;0
20210313:1910;0;0;0;0;5,7;5,72;0
20210313:2010;0;0;0;0;5;5,38;0
20210313:2110;0;0;0;0;4,14;4,9;0
20210313:2210;0;0;0;0;3,46;4,34;0
20210313:2310;0;0;0;0;3,18;4,21;0
20210314:0010;0;0;0;0;3,11;4,21;0
20210314:0110;0;0;0;0;2,94;4,21;0
20210314:0210;0;0;0;0;2,85;4,34;0
20210314:0310;0;0;0;0;2,62;4,28;0
20210314:0410;0;0;0;0;2,43;4,28;0
20210314:0510;0;0;0;0;2,2;4,28;0
20210314:0610;0;0;1,82;2,58;2,14;4,21;0
20210314:0710;36,67;0,03667;56,73;11,77;2,95;3,59;0
20210314:0810;106,83;0,10683;136,23;20,29;3,6;4,83;0
20210314:0910;90,23;0,09023;118,22;27,61;3,98;4,9;0
20210314:1010;35,43;0,03543;55,47;33,12;4,58;4,76;0
20210314:1110;42,09;0,04209;63,66;36,13;5,52;4,69;0
20210314:1210;204,48;0,20448;246,67;36,18;6,6;4,62;0
20210314:1310;195,28;0,19528;236,79;33,27;7,32;5,1;0
20210314:1410;119,47;0,11947;152,87;27,84;7,63;5,03;0
20210314:1510;453,34;0,45334;529,93;20,57;7,81;4,9;0
20210314:1610;211,91;0,21191;269,52;12,09;6,78;4,76;0
20210314:1710;2,06;0,00206;10,16;2,91;6,07;4,97;0
20210314:1810;0;0;0;0;5,21;4,14;0
20210314:1910;0;0;0;0;4,82;3,66;0
20210314:2010;0;0;0;0;4,17;2,97;0
20210314:2110;0;0;0;0;3,85;2,97;0
20210314:2210;0;0;0;0;3,73;3,38;0
20210314:2310;0;0;0;0;3,88;3,24;0
20210315:0010;0;0;0;0;3,75;3,31;0
20210315:0110;0;0;0;0;3,73;3,45;0
20210315:0210;0;0;0;0;3,94;3,66;0
20210315:0310;0;0;0;0;3,69;3,86;0
20210315:0410;0;0;0;0;3,28;3,79;0
20210315:0510;0;0;0;0;3,18;3,24;0
20210315:0610;1,12;0,00112;8,18;2,93;3,37;3,24;0
20210315:0710;32,5;0,0325;51,83;12,13;4,07;4,28;0
20210315:0810;253,38;0,25338;297,84;20,66;4,43;3,31;0
20210315:0910;149,6;0,1496;184,86;28;5,28;3,59;0
20210315:1010;55,87;0,05587;80,03;33,51;6,05;4,07;0
20210315:1110;61,13;0,06113;86,39;36,53;6,87;4,34;0
20210315:1210;517,86;0,51786;603,8;36,57;8,02;4,83;0
20210315:1310;548,14;0,54814;639,2;33,63;8,47;5,1;0
20210315:1410;592,59;0,59259;687,15;28,17;7,63;5,38;0
20210315:1510;415,55;0,41555;484,02;20,87;7,39;5,38;0
20210315:1610;43,28;0,04328;65,52;12,36;6,52;6;0
20210315:1710;1,98;0,00198;10;3,18;6,05;5,24;0
20210315:1810;0;0;0;0;5,26;5,1;0
20210315:1910;0;0;0;0;4,45;5,1;0
20210315:2010;0;0;0;0;4,18;4,9;0
20210315:2110;0;0;0;0;3,94;4,83;0
20210315:2210;0;0;0;0;3,87;4,97;0
20210315:2310;0;0;0;0;3,75;4,97;0
20210316:0010;0;0;0;0;3,88;5,31;0
20210316:0110;0;0;0;0;3,71;4,55;0
20210316:0210;0;0;0;0;3,81;4,34;0
20210316:0310;0;0;0;0;3,9;4,21;0
20210316:0410;0;0;0;0;3,8;4,07;0
20210316:0510;0;0;0;0;3,76;4,07;0
20210316:0610;0;0;5,46;3,29;3,69;4;0
20210316:0710;95,08;0,09508;125,1;12,49;3,77;4;0
20210316:0810;171,98;0,17198;208,61;21,03;4,52;3,24;0
20210316:0910;330;0,33;384,38;28,39;5,48;3,31;0
20210316:1010;304,95;0,30495;357,77;33,91;6,03;3,52;0
20210316:1110;286,95;0,28695;338,72;36,93;6,67;3,86;0
20210316:1210;64,15;0,06415;90,03;36,96;7,21;4;0
20210316:1310;134,79;0,13479;170,06;33,99;7,29;4,21;0
20210316:1410;235,41;0,23541;280,7;28,49;7,05;4,28;0
20210316:1510;133,07;0,13307;167,13;21,16;6,36;4,28;0
20210316:1610;74,06;0,07406;102,25;12,64;5,9;3,79;0
20210316:1710;3,49;0,00349;12,73;3,44;5,27;3,24;0
20210316:1810;0;0;0;0;4,61;2,9;0
20210316:1910;0;0;0;0;4,02;2,34;0
20210316:2010;0;0;0;0;3,88;2,28;0
20210316:2110;0;0;0;0;3,79;2,14;0
20210316:2210;0;0;0;0;3,69;1,93;0
20210316:2310;0;0;0;0;3,56;1,72;0
20210317:0010;0;0;0;0;3,5;1,79;0
20210317:0110;0;0;0;0;3,4;1,93;0
20210317:0210;0;0;0;0;3,29;2,14;0
20210317:0310;0;0;0;0;3,23;2,28;0
20210317:0410;0;0;0;0;3,05;2,48;0
20210317:0510;0;0;0;0;2,78;2,62;0
20210317:0610;4,49;0,00449;15,15;3,64;2,49;2,97;0
20210317:0710;34,98;0,03498;54,56;12,85;2,64;3,45;0
20210317:0810;132,49;0,13249;164,1;21,4;2,82;3,59;0
20210317:0910;121,71;0,12171;152,91;28,77;3,39;3,72;0
20210317:1010;522,76;0,52276;600,1;34,31;4,58;4,55;0
20210317:1110;30,86;0,03086;50,02;37,33;5,02;4,76;0
20210317:1210;485,96;0,48596;561,23;37,34;5,76;4,62;0
20210317:1310;29,93;0,02993;49,11;34,34;6,25;4,69;0
20210317:1410;54,22;0,05422;78,21;28,82;6,51;4,97;0
20210317:1510;133,59;0,13359;167,64;21,46;6,38;4,69;0
20210317:1610;63,7;0,0637;89,89;12,91;6,2;4,21;0
20210317:1710;0,68;0,00068;7,28;3,71;5,6;3,03;0
20210317:1810;0;0;0;0;4,54;2,55;0
20210317:1910;0;0;0;0;3,93;1,31;0
20210317:2010;0;0;0;0;2,49;1,93;0
20210317:2110;0;0;0;0;1,66;2,14;0
20210317:2210;0;0;0;0;0,7;1,66;0
20210317:2310;0;0;0;0;0,12;1,45;0
20210318:0010;0;0;0;0;-0,27;1,31;0
20210318:0110;0;0;0;0;-1,1;1,45;0
20210318:0210;0;0;0;0;-1,52;1,52;0
20210318:0310;0;0;0;0;-1,37;1,38;0
20210318:0410;0;0;0;0;-1,35;1,31;0
20210318:0510;0;0;0;0;-2,17;1,52;0
20210318:0610;0;0;3,64;4;-1,9;1,38;0
20210318:0710;17,65;0,01765;32,74;13,21;0;1,45;0
20210318:0810;24,68;0,02468;41,83;21,78;1,41;1,79;0
20210318:0910;61,49;0,06149;85,48;29,16;2,59;2,34;0
20210318:1010;216,37;0,21637;257,89;34,71;3,95;2,76;0
20210318:1110;335,98;0,33598;392,81;37,73;5,37;3,1;0
20210318:1210;414,39;0,41439;482,53;37,73;5,66;3,17;0
20210318:1310;357,93;0,35793;417,28;34,7;5,77;3,38;0
20210318:1410;99,86;0,09986;130,04;29,14;5,64;3,45;0
20210318:1510;109,66;0,10966;140,81;21,75;5,47;3,38;0
20210318:1610;58,42;0,05842;83,31;13,19;5,23;3,1;0
20210318:1710;0,69;0,00069;7,28;3,97;4,84;2,21;0
20210318:1810;0;0;0;0;3,97;1,93;0
20210318:1910;0;0;0;0;3,72;2,76;0
20210318:2010;0;0;0;0;3,16;2,62;0
20210318:2110;0;0;0;0;2,72;2,48;0
20210318:2210;0;0;0;0;2,5;1,66;0
20210318:2310;0;0;0;0;2,47;2,07;0
20210319:0010;0;0;0;0;2,39;2,83;0
20210319:0110;0;0;0;0;2;3,17;0
20210319:0210;0;0;0;0;1,72;3,1;0
20210319:0310;0;0;0;0;1,33;2,97;0
20210319:0410;0;0;0;0;0,91;2,97;0
20210319:0510;0;0;0;0;0,34;2,97;0
20210319:0610;11,96;0,01196;27,25;4,35;-0,18;2,97;0
20210319:0710;278,53;0,27853;331,93;13,58;-0,11;3,03;0
20210319:0810;521,87;0,52187;590,91;22,15;1,31;4,55;0
20210319:0910;683,18;0,68318;780,52;29,55;2,84;4,9;0
20210319:1010;816,7;0,8167;946,48;35,11;4,03;5,45;0
20210319:1110;820,07;0,82007;956,13;38,13;5,26;5,72;0
20210319:1210;720,92;0,72092;837,94;38,11;6,01;5,59;0
20210319:1310;575,91;0,57591;666,08;35,06;6,67;5,38;0
20210319:1410;619,6;0,6196;719,62;29,46;7,15;5,03;0
20210319:1510;402,23;0,40223;469,83;22,05;7,13;4,55;0
20210319:1610;36,51;0,03651;57,29;13,46;6,87;4,28;0
20210319:1710;10,66;0,01066;27,27;4,23;5,99;3,03;0
20210319:1810;0;0;0;0;4,41;2,48;0
20210319:1910;0;0;0;0;3,31;2,28;0
20210319:2010;0;0;0;0;2,47;2,21;0
20210319:2110;0;0;0;0;2,07;1,93;0
20210319:2210;0;0;0;0;1,14;2;0
20210319:2310;0;0;0;0;0,56;2,07;0
20210320:0010;0;0;0;0;0,24;2,07;0
20210320:0110;0;0;0;0;-0,13;1,93;0
20210320:0210;0;0;0;0;-0,61;1,79;0
20210320:0310;0;0;0;0;-1,39;1,79;0
20210320:0410;0;0;0;0;-2,26;1,72;0
20210320:0510;0;0;0;0;-2,5;1,52;0
20210320:0610;7,45;0,00745;19,25;4,71;-2,59;1,38;0
20210320:0710;241,45;0,24145;289,4;13,94;-1,03;1,31;0
20210320:0810;484,94;0,48494;560,26;22,53;1,01;1,45;0
20210320:0910;641,42;0,64142;752,75;29,94;2,1;1,52;0
20210320:1010;792,68;0,79268;958,44;35,51;3,17;1,52;0
20210320:1110;805,84;0,80584;980,56;38,54;4,17;1,66;0
20210320:1210;662,58;0,66258;791,32;38,5;5,06;1,79;0
20210320:1310;712,34;0,71234;856,71;35,41;5,7;1,86;0
20210320:1410;632,78;0,63278;751,96;29,79;6,06;2;0
20210320:1510;318,63;0,31863;376,66;22,34;6,09;2,07;0
20210320:1610;125,12;0,12512;163,01;13,73;5,89;2,21;0
20210320:1710;8,79;0,00879;22,4;4,49;5,32;2;0
20210320:1810;0;0;0;0;4,18;1,86;0
20210320:1910;0;0;0;0;4,2;1,52;0
20210320:2010;0;0;0;0;3,28;1,79;0
20210320:2110;0;0;0;0;2,78;2;0
20210320:2210;0;0;0;0;2,39;2,34;0
20210320:2310;0;0;0;0;2,88;2,41;0
20210321:0010;0;0;0;0;2,58;2,41;0
20210321:0110;0;0;0;0;2,95;2,69;0
20210321:0210;0;0;0;0;3,13;2,97;0
20210321:0310;0;0;0;0;3,27;2,83;0
20210321:0410;0;0;0;0;3,34;2,76;0
20210321:0510;0;0;0;0;3,49;2,9;0
20210321:0610;6,32;0,00632;17,28;5,07;3,63;3,03;0
20210321:0710;14,56;0,01456;29,1;14,3;4,07;3,59;0
20210321:0810;42,99;0,04299;64,57;22,9;4,8;4,14;0
20210321:0910;59,21;0,05921;83,66;30,33;5,51;5,24;0
20210321:1010;53,63;0,05363;77,3;35,92;5,84;5,17;0
20210321:1110;86,13;0,08613;114,58;38,94;6,16;5,52;0
20210321:1210;82,06;0,08206;110,04;38,88;6,29;5,59;0
20210321:1310;166,7;0,1667;204,42;35,77;6,31;5,38;0
20210321:1410;94,09;0,09409;123,68;30,11;6,36;5,31;0
20210321:1510;184,48;0,18448;223,62;22,63;6,27;5,1;0
20210321:1610;132,17;0,13217;170,77;14;6,13;4,9;0
20210321:1710;10,6;0,0106;24,97;4,75;5,72;4,21;0
20210321:1810;0;0;0;0;5,08;3,86;0
20210321:1910;0;0;0;0;4,33;3,86;0
20210321:2010;0;0;0;0;3,94;3,93;0
20210321:2110;0;0;0;0;3,53;3,93;0
20210321:2210;0;0;0;0;3,38;3,86;0
20210321:2310;0;0;0;0;2,98;3,66;0
20210322:0010;0;0;0;0;2,86;3,45;0
20210322:0110;0;0;0;0;2,74;3,31;0
20210322:0210;0;0;0;0;2,22;3,24;0
20210322:0310;0;0;0;0;2,13;3,24;0
20210322:0410;0;0;0;0;2,3;3,24;0
20210322:0510;0;0;0;0;2,55;3,17;0
20210322:0610;5,77;0,00577;16,37;5,42;2,73;2,9;0
20210322:0710;81,56;0,08156;108,88;14,66;3,28;3,31;0
20210322:0810;128,27;0,12827;160,37;23,27;3,95;3,52;0
20210322:0910;251,49;0,25149;296,17;30,72;4,88;3,93;0
20210322:1010;90,35;0,09035;119,13;36,32;5,27;3,59;0
20210322:1110;63,73;0,06373;89,12;39,34;5,93;3,45;0
20210322:1210;89,92;0,08992;119,13;39,27;6,2;3,31;0
20210322:1310;57,3;0,0573;81,84;36,12;6,37;3,17;0
20210322:1410;44,1;0,0441;66,38;30,42;6,62;3,1;0
20210322:1510;57,2;0,0572;81,84;22,92;6,66;2,83;0
20210322:1610;52,77;0,05277;76,85;14,27;6,6;2,62;0
20210322:1710;5,08;0,00508;15,46;5,01;6,39;2,28;0
20210322:1810;0;0;0;0;5,73;2;0
20210322:1910;0;0;0;0;5,19;2,07;0
20210322:2010;0;0;0;0;4,83;1,79;0
20210322:2110;0;0;0;0;4,39;1,79;0
20210322:2210;0;0;0;0;4,27;1,72;0
20210322:2310;0;0;0;0;3,91;1,66;0
20210323:0010;0;0;0;0;3,62;1,52;0
20210323:0110;0;0;0;0;3,38;1,52;0
20210323:0210;0;0;0;0;3,17;1,59;0
20210323:0310;0;0;0;0;2,95;1,52;0
20210323:0410;0;0;0;0;2,74;1,52;0
20210323:0510;0;0;0;0;2,57;1,45;0
20210323:0610;4,09;0,00409;13,64;5,78;2,34;1,45;0
20210323:0710;115,11;0,11511;147,76;15,03;3,66;1,38;0
20210323:0810;156,78;0,15678;193,43;23,65;5,02;1,45;0
20210323:0910;120,12;0,12012;153,64;31,11;6,37;1,79;0
20210323:1010;410,38;0,41038;484,72;36,72;7,26;2,07;0
20210323:1110;443,22;0,44322;524,66;39,74;8,52;2,76;0
20210323:1210;288,96;0,28896;346,55;39,65;9,05;2,69;0
20210323:1310;330,24;0,33024;395,09;36,47;9,83;2,55;0
20210323:1410;302,17;0,30217;362,6;30,74;9,8;2,21;0
20210323:1510;202,27;0,20227;249,21;23,21;9,95;1,93;0
20210323:1610;178,1;0,1781;231,55;14,54;9,79;1,52;0
20210323:1710;19,49;0,01949;48,97;5,27;9,51;0,28;0
20210323:1810;0;0;0;0;8,46;1,17;0
20210323:1910;0;0;0;0;6,47;1,93;0
20210323:2010;0;0;0;0;5,21;2,07;0
20210323:2110;0;0;0;0;3,97;2,21;0
20210323:2210;0;0;0;0;3,15;2,21;0
20210323:2310;0;0;0;0;2,43;2,21;0
20210324:0010;0;0;0;0;1,82;2,14;0
20210324:0110;0;0;0;0;1,15;2;0
20210324:0210;0;0;0;0;0,58;1,93;0
20210324:0310;0;0;0;0;0,22;1,93;0
20210324:0410;0;0;0;0;-0,1;2;0
20210324:0510;0;0;0;0;-0,33;2,07;0
20210324:0610;53,43;0,05343;92,47;6,13;-0,41;1,93;0
20210324:0710;265,9;0,2659;320,64;15,39;2,43;1,79;0
20210324:0810;500,89;0,50089;591,24;24,02;6,34;1,93;0
20210324:0910;673,18;0,67318;814,81;31,49;8,88;2,07;0
20210324:1010;767,69;0,76769;955,53;37,12;10,92;2;0
20210324:1110;827,73;0,82773;1049,79;40,14;12,4;2,07;0
20210324:1210;820,95;0,82095;1043,37;40,04;13,52;2,21;0
20210324:1310;754,83;0,75483;949,44;36,82;14,39;2,34;0
20210324:1410;631,07;0,63107;779,95;31,06;14,92;2,48;0
20210324:1510;450,64;0,45064;553,05;23,49;15,14;2,62;0
20210324:1610;206,47;0,20647;273,43;14,8;14,8;2;0
20210324:1710;13,38;0,01338;30,07;5,52;13,74;1,52;0
20210324:1810;0;0;0;0;11,82;1,66;0
20210324:1910;0;0;0;0;9,43;1,66;0
20210324:2010;0;0;0;0;7,27;1,86;0
20210324:2110;0;0;0;0;5,74;2,14;0
20210324:2210;0;0;0;0;4,73;2,07;0
20210324:2310;0;0;0;0;4,8;1,59;0
20210325:0010;0;0;0;0;5,57;1,17;0
20210325:0110;0;0;0;0;3,68;1,52;0
20210325:0210;0;0;0;0;2,66;1,66;0
20210325:0310;0;0;0;0;2,62;1,52;0
20210325:0410;0;0;0;0;2,6;1,38;0
20210325:0510;0;0;0;0;3,3;1,03;0
20210325:0610;27,4;0,0274;49,32;6,49;3,91;0,83;0
20210325:0710;127,57;0,12757;163,37;15,75;5,47;0,69;0
20210325:0810;245,66;0,24566;296,12;24,4;7,24;0,97;0
20210325:0910;450,74;0,45074;539,28;31,88;8,6;1,24;0
20210325:1010;634,41;0,63441;775,89;37,52;9,97;1,59;0
20210325:1110;681,96;0,68196;837,7;40,54;11,29;2,28;0
20210325:1210;787,15;0,78715;973,87;40,42;12,15;3,03;0
20210325:1310;481,41;0,48141;578,58;37,17;12,52;3,24;0
20210325:1410;181,98;0,18198;227,61;31,37;12,14;3,1;0
20210325:1510;47,43;0,04743;71,84;23,78;11,96;3,31;0
20210325:1610;31,99;0,03199;52,74;15,07;11,56;3,1;0
20210325:1710;6,63;0,00663;18,19;5,78;10,67;2,55;0
20210325:1810;0;0;0;0;9,7;2,14;0
20210325:1910;0;0;0;0;8,69;1,66;0
20210325:2010;0;0;0;0;7,76;1,66;0
20210325:2110;0;0;0;0;6,66;1,79;0
20210325:2210;0;0;0;0;6,31;1,79;0
20210325:2310;0;0;0;0;5,75;1,93;0
20210326:0010;0;0;0;0;5,68;2;0
20210326:0110;0;0;0;0;6,29;2;0
20210326:0210;0;0;0;0;6,37;2,14;0
20210326:0310;0;0;0;0;6,31;2,28;0
20210326:0410;0;0;0;0;5,97;2,41;0
20210326:0510;0;0;0;0;5,52;2,62;0
20210326:0610;59,7;0,0597;103,12;6,85;5,68;2,62;0
20210326:0710;265,5;0,2655;325,25;16,11;7,13;2,62;0
20210326:0810;499,72;0,49972;590,74;24,77;9,12;3,31;0
20210326:0910;670,86;0,67086;804,12;32,27;10,93;3,79;0
20210326:1010;366,8;0,3668;438,01;37,91;12,42;5,03;0
20210326:1110;700,64;0,70064;845,16;40,94;13,02;5,1;0
20210326:1210;430,4;0,4304;514,82;40,8;13,66;5,45;0
20210326:1310;522,95;0,52295;626,41;37,52;14,16;5,31;0
20210326:1410;277,26;0,27726;337,22;31,69;13,94;4,76;0
20210326:1510;166,8;0,1668;211,09;24,06;13,7;4,41;0
20210326:1610;58,14;0,05814;85,38;15,33;13,29;3,86;0
20210326:1710;27,2;0,0272;64,05;6,04;12,6;3,52;0
20210326:1810;0;0;0;0;11,13;3,24;0
20210326:1910;0;0;0;0;10,99;2,83;0
20210326:2010;0;0;0;0;10,94;3,52;0
20210326:2110;0;0;0;0;10,59;3,72;0
20210326:2210;0;0;0;0;9,5;3,52;0
20210326:2310;0;0;0;0;8,82;3,66;0
20210327:0010;0;0;0;0;8,53;4,14;0
20210327:0110;0;0;0;0;7,56;5,79;0
20210327:0210;0;0;0;0;5,58;5,45;0
20210327:0310;0;0;0;0;5,11;4,9;0
20210327:0410;0;0;0;0;4,82;4,83;0
20210327:0510;0;0;0;0;4,48;4,83;0
20210327:0610;37,11;0,03711;62,78;7,2;4,33;5,1;0
20210327:0710;8,68;0,00868;20,92;16,47;5,03;5,38;0
20210327:0810;538,64;0,53864;618,46;25,14;5,08;5,17;0
20210327:0910;430,83;0,43083;494,36;32,65;6,03;6,41;0
20210327:1010;283,01;0,28301;332,64;38,31;6,91;6,55;0
20210327:1110;826,07;0,82607;971,7;41,34;7,79;6,34;0
20210327:1210;803,65;0,80365;945,61;41,18;8,42;6,48;0
20210327:1310;798,19;0,79819;937,84;37,87;8,74;6,55;0
20210327:1410;348,69;0,34869;408,44;32;8,94;6,28;0
20210327:1510;335,84;0,33584;395,98;24,35;9,01;5,72;0
20210327:1610;116,22;0,11622;152,77;15,6;8,73;5,03;0
20210327:1710;22,91;0,02291;45,08;6,29;7,49;3,86;0
20210327:1810;0;0;0;0;6,72;2,69;0
20210327:1910;0;0;0;0;5,66;2,21;0
20210327:2010;0;0;0;0;4,73;2,07;0
20210327:2110;0;0;0;0;3,98;2,21;0
20210327:2210;0;0;0;0;3,64;2,28;0
20210327:2310;0;0;0;0;3,42;2,41;0
20210328:0010;0;0;0;0;3,97;2,34;0
20210328:0110;0;0;0;0;4,2;2,41;0
20210328:0210;0;0;0;0;4,7;2,48;0
20210328:0310;0;0;0;0;4,78;2,55;0
20210328:0410;0;0;0;0;4,72;2,69;0
20210328:0510;0;0;0;0;5,01;2,97;0
20210328:0610;25,69;0,02569;45,25;7,56;5,27;3,03;0
20210328:0710;89,27;0,08927;118,93;16,83;6,53;3,1;0
20210328:0810;104,66;0,10466;137,07;25,51;8,74;3,66;0
20210328:0910;305,75;0,30575;364,88;33,04;10,6;4,41;0
20210328:1010;311,35;0,31135;371,74;38,71;11,62;6,34;0
20210328:1110;621,93;0,62193;737,3;41,73;12,26;6,55;0
20210328:1210;801,22;0,80122;962,16;41,56;13,29;7,03;0
20210328:1310;629,06;0,62906;749,24;38,22;13,73;6,76;0
20210328:1410;318,65;0,31865;383,2;32,31;13,85;6,21;0
20210328:1510;145,72;0,14572;186,62;24,63;13,24;4,48;0
20210328:1610;107,07;0,10707;144,52;15,86;12,7;3,59;0
20210328:1710;23,55;0,02355;46,47;6,55;12,16;3,17;0
20210328:1810;0;0;0;0;11,5;3,1;0
20210328:1910;0;0;0;0;10,81;2,83;0
20210328:2010;0;0;0;0;10,13;2,55;0
20210328:2110;0;0;0;0;9,54;2,48;0
20210328:2210;0;0;0;0;8,92;2,55;0
20210328:2310;0;0;0;0;8,71;2,55;0
20210329:0010;0;0;0;0;8,23;2,48;0
20210329:0110;0;0;0;0;7,56;2,55;0
20210329:0210;0;0;0;0;6,88;2,62;0
20210329:0310;0;0;0;0;6,46;2,62;0
20210329:0410;0;0;0;0;5,99;2,48;0
20210329:0510;0;0;0;0;5,59;2,48;0
20210329:0610;74,95;0,07495;124,27;7,91;5,68;2,41;0
20210329:0710;298,4;0,2984;366,48;17,19;8,43;2,28;0
20210329:0810;512,99;0,51299;618,58;25,88;11,27;2,28;0
20210329:0910;676,14;0,67614;828,7;33,42;13,41;2,97;0
20210329:1010;778,17;0,77817;971,06;39,11;14,97;3,38;0
20210329:1110;840,36;0,84036;1062,22;42,13;16,32;3,72;0
20210329:1210;832,07;0,83207;1053,81;41,94;17,28;3,86;0
20210329:1310;758,16;0,75816;954,01;38,56;17,93;3,72;0
20210329:1410;632,36;0,63236;785,44;32,62;18,27;3,66;0
20210329:1510;448,91;0,44891;556,26;24,91;18,22;3,38;0
20210329:1610;229,36;0,22936;306,73;16,12;17,68;2,48;0
20210329:1710;29,92;0,02992;67,66;6,8;16,34;2,14;0
20210329:1810;0;0;0;0;14,42;2,34;0
20210329:1910;0;0;0;0;12,39;2,28;0
20210329:2010;0;0;0;0;10,07;2,21;0
20210329:2110;0;0;0;0;8,29;2,21;0
20210329:2210;0;0;0;0;7,13;2;0
20210329:2310;0;0;0;0;6,74;1,79;0
20210330:0010;0;0;0;0;6,52;1,59;0
20210330:0110;0;0;0;0;5,11;1,79;0
20210330:0210;0;0;0;0;3,75;1,93;0
20210330:0310;0;0;0;0;2,93;1,86;0
20210330:0410;0;0;0;0;2,32;1,93;0
20210330:0510;0;0;0;0;1,83;1,86;0
20210330:0610;77,27;0,07727;124,51;8,26;2,16;1,66;0
20210330:0710;306,46;0,30646;373,6;17,55;5,86;1,31;0
20210330:0810;511,74;0,51174;624,37;26,25;11,46;1,31;0
20210330:0910;667,36;0,66736;840,36;33,81;14,47;1,45;0
20210330:1010;754,94;0,75494;977,03;39,5;16,74;1,59;0
20210330:1110;811,18;0,81118;1067,88;42,53;18,31;1,79;0
20210330:1210;809,61;0,80961;1071,72;42,31;19,37;1,79;0
20210330:1310;733,4;0,7334;958,34;38,9;20,01;1,79;0
20210330:1410;622,55;0,62255;798,93;32,93;20,32;1,79;0
20210330:1510;452,17;0,45217;573,33;25,19;20,25;1,86;0
20210330:1610;226,83;0,22683;307,15;16,38;19,52;1,59;0
20210330:1710;27,88;0,02788;55,3;7,05;17,91;2,21;0
20210330:1810;0;0;0;0;15,4;2,76;0
20210330:1910;0;0;0;0;14,12;2,62;0
20210330:2010;0;0;0;0;12,37;2,69;0
20210330:2110;0;0;0;0;10,96;2,69;0
20210330:2210;0;0;0;0;9,81;2,69;0
20210330:2310;0;0;0;0;8,88;2,62;0
20210331:0010;0;0;0;0;8,13;2,62;0
20210331:0110;0;0;0;0;7,51;2,62;0
20210331:0210;0;0;0;0;6,94;2,55;0
20210331:0310;0;0;0;0;6,45;2,48;0
20210331:0410;0;0;0;0;5,95;2,41;0
20210331:0510;0;0;0;0;5,45;2,34;0
20210331:0610;78,16;0,07816;126,93;8,61;5,58;2,14;0
20210331:0710;300,01;0,30001;369,62;17,91;9,17;2;0
20210331:0810;501,59;0,50159;612,81;26,62;13,56;2;0
20210331:0910;658,81;0,65881;829,14;34,19;16,38;2;0
20210331:1010;745,78;0,74578;969,42;39,9;18,63;1,79;0
20210331:1110;784,03;0,78403;1046,3;42,92;20,28;1,45;0
20210331:1210;751,09;0,75109;1006,63;42,69;21,4;1,24;0
20210331:1310;702,66;0,70266;938,78;39,25;22,09;1,03;0
20210331:1410;599,57;0,59957;786,52;33,23;22,4;0,97;0
20210331:1510;422,7;0,4227;546,92;25,46;22,39;0,83;0
20210331:1610;215,18;0,21518;296,78;16,64;22,01;0,55;0
20210331:1710;31,62;0,03162;71,68;7,3;20,58;0,55;0
20210331:1810;0;0;0;0;19,87;0,55;0
20210331:1910;0;0;0;0;16,75;1,52;0
20210331:2010;0;0;0;0;15,9;1,38;0
20210331:2110;0;0;0;0;15,79;0,83;0
20210331:2210;0;0;0;0;14,62;0,55;0
20210331:2310;0;0;0;0;13,59;0,62;0
20210401:0010;0;0;0;0;12,72;0,97;0
20210401:0110;0;0;0;0;12,06;0,69;0
20210401:0210;0;0;0;0;11,44;0,62;0
20210401:0310;0;0;0;0;10,93;0,55;0
20210401:0410;0;0;0;0;10,66;0,41;0
20210401:0510;0;0;0;0;10,3;0,41;0
20210401:0610;51,74;0,05174;83,09;8,96;9,99;0,69;0
20210401:0710;253,22;0,25322;319,45;18,26;11,97;0,48;0
20210401:0810;456,69;0,45669;566,18;26,98;14,59;0,9;0
20210401:0910;625,29;0,62529;788,68;34,57;16,45;1,59;0
20210401:1010;729,21;0,72921;929,27;40,29;17,74;2,48;0
20210401:1110;791,18;0,79118;1017,18;43,31;18,5;2,9;0
20210401:1210;774,2;0,7742;984,58;43,06;18,81;3,59;0
20210401:1310;719,36;0,71936;899,84;39,59;18,49;4,14;0
20210401:1410;597,27;0,59727;733,48;33,54;17,83;4,41;0
20210401:1510;410,45;0,41045;502,2;25,74;16,93;4,48;0
20210401:1610;209,07;0,20907;275,25;16,9;15,83;4,21;0
20210401:1710;32,97;0,03297;67,97;7,55;14,5;3,79;0
20210401:1810;0;0;0;0;12,64;3,45;0
20210401:1910;0;0;0;0;10,7;3,66;0
20210401:2010;0;0;0;0;9,28;3,66;0
20210401:2110;0;0;0;0;8,09;3,38;0
20210401:2210;0;0;0;0;6,93;3,03;0
20210401:2310;0;0;0;0;6,23;2,83;0
20210402:0010;0;0;0;0;5,51;2,55;0
20210402:0110;0;0;0;0;4,99;2,34;0
20210402:0210;0;0;0;0;4,71;2,21;0
20210402:0310;0;0;0;0;4,59;2,21;0
20210402:0410;0;0;0;0;4,7;2,28;0
20210402:0510;0;0;0;0;4,49;2,41;0
20210402:0610;22,81;0,02281;40,01;9,31;4,98;2,41;0
20210402:0710;64,33;0,06433;89,74;18,61;5,67;3,66;0
20210402:0810;157,19;0,15719;194,38;27,35;6,4;3,31;0
20210402:0910;120,04;0,12004;153,69;34,95;7,13;3,17;0
20210402:1010;243,8;0,2438;293,3;40,68;7,86;3,24;0
20210402:1110;360,02;0,36002;426,41;43,7;8,35;3,31;0
20210402:1210;402,94;0,40294;476,19;43,43;8,95;3,79;0
20210402:1310;102,37;0,10237;134,59;39,92;9,09;4,62;0
20210402:1410;74,64;0,07464;102,76;33,84;8,92;4,62;0
20210402:1510;283,57;0,28357;337,52;26,01;8,71;4,76;0
20210402:1610;201,54;0,20154;255,01;17,15;8,17;4,9;0
20210402:1710;19,34;0,01934;36,21;7,8;7,39;4,76;0
20210402:1810;0;0;0;0;6,66;4,55;0
20210402:1910;0;0;0;0;5,44;4,21;0
20210402:2010;0;0;0;0;5,21;3,79;0
20210402:2110;0;0;0;0;5,02;3,45;0
20210402:2210;0;0;0;0;5,01;3,1;0
20210402:2310;0;0;0;0;4,91;3,38;0
20210403:0010;0;0;0;0;4,5;3,24;0
20210403:0110;0;0;0;0;4,17;3,1;0
20210403:0210;0;0;0;0;4,11;3,31;0
20210403:0310;0;0;0;0;4,15;3,24;0
20210403:0410;0;0;0;0;3,97;3,03;0
20210403:0510;0;0;0;0;3,64;2,62;0
20210403:0610;50,63;0,05063;77,42;9,66;3,52;2,28;0
20210403:0710;241,57;0,24157;290,12;18,97;4,32;3,31;0
20210403:0810;527,87;0,52787;614,01;27,71;5,4;3,24;0
20210403:0910;689,4;0,6894;816,47;35,33;6,47;3,03;0
20210403:1010;792,28;0,79228;958,24;41,07;7,74;3,03;0
20210403:1110;664,36;0,66436;800,86;44,09;8,78;2,69;0
20210403:1210;414,58;0,41458;493,82;43,8;9,52;2,83;0
20210403:1310;455,97;0,45597;541,92;40,26;9,75;3,1;0
20210403:1410;428,53;0,42853;508,32;34,14;9,81;3,17;0
20210403:1510;299,14;0,29914;358,76;26,29;9,66;3,1;0
20210403:1610;173,17;0,17317;222,55;17,41;9,67;2,97;0
20210403:1710;30,84;0,03084;54,46;8,05;9,3;2,41;0
20210403:1810;0;0;0;0;8,28;2,34;0
20210403:1910;0;0;0;0;7,1;2,34;0
20210403:2010;0;0;0;0;6,23;2,41;0
20210403:2110;0;0;0;0;5,43;2,69;0
20210403:2210;0;0;0;0;4,74;2,83;0
20210403:2310;0;0;0;0;4,23;2,62;0
20210404:0010;0;0;0;0;3,68;2,14;0
20210404:0110;0;0;0;0;3,01;1,93;0
20210404:0210;0;0;0;0;2,58;1,79;0
20210404:0310;0;0;0;0;1,99;1,72;0
20210404:0410;0;0;0;0;1,94;1,59;0
20210404:0510;0;0;0;0;1,51;1,72;0
20210404:0610;29,77;0,02977;48,54;10;2,28;1,52;0
20210404:0710;72,84;0,07284;98,8;19,32;3,49;1,93;0
20210404:0810;95,48;0,09548;124,59;28,07;4,29;2,48;0
20210404:0910;95,14;0,09514;124,59;35,7;5,01;2,41;0
20210404:1010;82,84;0,08284;110,94;41,46;5,52;2,28;0
20210404:1110;93,03;0,09303;122,77;44,48;6,05;2,21;0
20210404:1210;101,59;0,10159;132,77;44,17;6,54;2;0
20210404:1310;98,16;0,09816;129,13;40,6;6,95;1,86;0
20210404:1410;106,88;0,10688;139,14;34,44;7,14;1,93;0
20210404:1510;137,95;0,13795;174,19;26,56;7,29;2,07;0
20210404:1610;156,64;0,15664;200,35;17,66;7,39;2,28;0
20210404:1710;38,7;0,0387;77,87;8,3;7,19;2,34;0
20210404:1810;0;0;0;0;6,74;1,59;0
20210404:1910;0;0;0;0;5,66;1,31;0
20210404:2010;0;0;0;0;4,81;1,59;0
20210404:2110;0;0;0;0;3,7;2;0
20210404:2210;0;0;0;0;3,28;2,21;0
20210404:2310;0;0;0;0;2,99;2,55;0
20210405:0010;0;0;0;0;2,89;2,76;0
20210405:0110;0;0;0;0;3,02;3,17;0
20210405:0210;0;0;0;0;3,1;3,59;0
20210405:0310;0;0;0;0;3,48;4,07;0
20210405:0410;0;0;0;0;3,84;4,55;0
20210405:0510;0;0;0;0;4,41;5,03;0
20210405:0610;7,47;0,00747;19,1;10,35;4,71;4,83;0
20210405:0710;21,37;0,02137;38,19;19,66;5,36;4,55;0
20210405:0810;35,27;0,03527;55,47;28,43;5,6;6;0
20210405:0910;76,07;0,07607;102,76;36,07;5,27;6,48;0
20210405:1010;68,64;0,06864;93,67;41,84;3,53;6,48;0
20210405:1110;103,3;0,1033;131,86;44,87;2,38;5,38;0
20210405:1210;252,62;0,25262;294,76;44,54;2,55;5,59;0
20210405:1310;91,28;0,09128;119,13;40,93;3,71;6,28;0
20210405:1410;664,56;0,66456;757,51;34,74;4,48;6,62;0
20210405:1510;328,5;0,3285;378,07;26,83;3,9;7,03;0
20210405:1610;255,98;0,25598;315,84;17,91;3,51;6,55;0
20210405:1710;38,13;0,03813;65,14;8,54;3,13;5,86;0
20210405:1810;0;0;0;0;2,25;5,45;0
20210405:1910;0;0;0;0;0,93;4,97;0
20210405:2010;0;0;0;0;0,47;4,76;0
20210405:2110;0;0;0;0;0,22;4,69;0
20210405:2210;0;0;0;0;0,04;5,17;0
20210405:2310;0;0;0;0;0,18;5,86;0
20210406:0010;0;0;0;0;0,14;5,93;0
20210406:0110;0;0;0;0;0,6;6;0
20210406:0210;0;0;0;0;0,69;5,93;0
20210406:0310;0;0;0;0;0,62;5,79;0
20210406:0410;0;0;0;0;0,47;5,24;0
20210406:0510;0;0;0;0;0,08;4,55;0
20210406:0610;60,62;0,06062;87,78;10,69;0,23;4,55;0
20210406:0710;240,72;0,24072;283,18;20,01;0,77;4,48;0
20210406:0810;264,89;0,26489;306,25;28,79;1,63;4,76;0
20210406:0910;249,75;0,24975;291,65;36,45;2,69;4,83;0
20210406:1010;484,66;0,48466;553,81;42,23;3,37;4,97;0
20210406:1110;510,14;0,51014;585,56;45,25;4,17;5,03;0
20210406:1210;93,14;0,09314;121,86;44,9;4,9;5,52;0
20210406:1310;93,05;0,09305;121,86;41,26;5,14;5,72;0
20210406:1410;482,27;0,48227;547,46;35,03;3,32;6;0
20210406:1510;149,42;0,14942;182,67;27,09;3,1;5,79;0
20210406:1610;25,37;0,02537;42,74;18,17;2,18;5,38;0
20210406:1710;42,2;0,0422;85,89;8,79;1,6;5,17;0
20210406:1810;0;0;0;0;1,21;4,9;0
20210406:1910;0;0;0;0;0,17;4,69;0
20210406:2010;0;0;0;0;0,02;4,55;0
20210406:2110;0;0;0;0;0,09;4,55;0
20210406:2210;0;0;0;0;0;4,83;0
20210406:2310;0;0;0;0;-0,08;4,69;0
20210407:0010;0;0;0;0;-0,28;4,28;0
20210407:0110;0;0;0;0;-0,6;4,21;0
20210407:0210;0;0;0;0;-0,86;4,21;0
20210407:0310;0;0;0;0;-1,14;4,21;0
20210407:0410;0;0;0;0;-1,22;4,34;0
20210407:0510;0;0;0;0;-1,04;4,76;0
20210407:0610;51,48;0,05148;74,99;11,03;-0,43;5,59;0
20210407:0710;109,73;0,10973;137,8;20,35;-0,09;4,9;0
20210407:0810;123,87;0,12387;153,11;29,14;0,66;6,69;0
20210407:0910;215,66;0,21566;251,93;36,82;1,55;9,38;0
20210407:1010;71,65;0,07165;96,39;42,61;1,91;7,66;0
20210407:1110;77,19;0,07719;102,76;45,63;2,03;5,31;0
20210407:1210;173,22;0,17322;209,16;45,27;3,1;5,03;0
20210407:1310;120,79;0,12079;152,78;41,59;5,25;6,07;0
20210407:1410;112,56;0,11256;143,68;35,33;5,45;6,69;0
20210407:1510;37,66;0,03766;58,2;27,36;4,97;6,83;0
20210407:1610;15,94;0,01594;30,92;18,42;4;6,07;0
20210407:1710;43,25;0,04325;73,09;9,03;3,27;6,28;0
20210407:1810;0;0;0;0;2,26;5,45;0
20210407:1910;0;0;0;0;1,53;4,41;0
20210407:2010;0;0;0;0;0,85;4;0
20210407:2110;0;0;0;0;0,67;4;0
20210407:2210;0;0;0;0;0,2;3,79;0
20210407:2310;0;0;0;0;-0,06;3,66;0
20210408:0010;0;0;0;0;-0,4;3,45;0
20210408:0110;0;0;0;0;-0,12;3,38;0
20210408:0210;0;0;0;0;-0,26;3,17;0
20210408:0310;0;0;0;0;-0,64;2,9;0
20210408:0410;0;0;0;0;-0,92;2,62;0
20210408:0510;0;0;0,85;1,94;-1,01;2,41;0
20210408:0610;71,74;0,07174;101,6;11,36;-0,48;2,07;0
20210408:0710;328,39;0,32839;386,14;20,69;1,03;2,28;0
20210408:0810;555,63;0,55563;642,61;29,49;2,8;2,62;0
20210408:0910;170,14;0,17014;207,51;37,18;4,48;3,24;0
20210408:1010;343,82;0,34382;402,09;42,99;5,62;3,66;0
20210408:1110;675,79;0,67579;795,84;46,01;5,93;3,72;0
20210408:1210;670,93;0,67093;792,28;45,63;6,22;3,52;0
20210408:1310;734,96;0,73496;873,4;41,91;6,73;3,52;0
20210408:1410;612,45;0,61245;719,19;35,62;7,01;3,59;0
20210408:1510;471,36;0,47136;554,18;27,62;7,31;3,59;0
20210408:1610;224,88;0,22488;283,53;18,66;7,21;3,38;0
20210408:1710;43,84;0,04384;82,71;9,28;6,86;2,9;0
20210408:1810;0;0;0;0;6,09;2,28;0
20210408:1910;0;0;0;0;5,15;1,93;0
20210408:2010;0;0;0;0;3,73;2,07;0
20210408:2110;0;0;0;0;2,67;2,21;0
20210408:2210;0;0;0;0;1,88;2,28;0
20210408:2310;0;0;0;0;1,51;2,48;0
20210409:0010;0;0;0;0;1,47;2,62;0
20210409:0110;0;0;0;0;1,6;2,69;0
20210409:0210;0;0;0;0;2;2,69;0
20210409:0310;0;0;0;0;2,4;2,69;0
20210409:0410;0;0;0;0;2,37;2,83;0
20210409:0510;0;0;2,54;2,28;2,5;2,9;0
20210409:0610;26,67;0,02667;44,56;11,7;3,2;2,76;0
20210409:0710;214,16;0,21416;259,71;21,03;5,13;2,28;0
20210409:0810;234,05;0,23405;281,66;29,84;7,57;2,76;0
20210409:0910;402,1;0,4021;476,92;37,55;9,51;3,17;0
20210409:1010;695,8;0,6958;841,11;43,36;10,97;3,66;0
20210409:1110;712,87;0,71287;858,8;46,39;12,1;5,03;0
20210409:1210;737,28;0,73728;891,93;45,99;12,6;5,03;0
20210409:1310;632,97;0,63297;761,77;42,24;13,18;4,83;0
20210409:1410;604,6;0,6046;725,72;35,91;13,55;4,83;0
20210409:1510;328,49;0,32849;399,39;27,89;13,29;3,17;0
20210409:1610;80,62;0,08062;112,32;18,91;13,43;2,55;0
20210409:1710;44,09;0,04409;79,87;9,52;12,3;1,38;0
20210409:1810;0;0;0;0;10,77;1,31;0
20210409:1910;0;0;0;0;7,69;1,59;0
20210409:2010;0;0;0;0;6,92;1,59;0
20210409:2110;0;0;0;0;6,47;1,45;0
20210409:2210;0;0;0;0;6,36;1,45;0
20210409:2310;0;0;0;0;6,16;1,31;0
20210410:0010;0;0;0;0;5,76;1,24;0
20210410:0110;0;0;0;0;5,71;0,9;0
20210410:0210;0;0;0;0;5,62;0,76;0
20210410:0310;0;0;0;0;5,6;0,62;0
20210410:0410;0;0;0;0;5,4;0,62;0
20210410:0510;0;0;3,39;2,61;4,95;0,83;0
20210410:0610;54,96;0,05496;81,02;12,03;5,27;0,83;0
20210410:0710;154,79;0,15479;195,16;21,37;7,63;0,76;0
20210410:0810;168,07;0,16807;209,59;30,19;8,34;1,1;0
20210410:0910;293,78;0,29378;354,47;37,91;9,12;1,38;0
20210410:1010;114,44;0,11444;149,14;43,74;9,21;1,52;0
20210410:1110;93,84;0,09384;125,49;46,77;9,46;1,93;0
20210410:1210;195,82;0,19582;242;46,34;9,61;2,41;0
20210410:1310;104,79;0,10479;138,23;42,56;9,95;2,48;0
20210410:1410;70,9;0,0709;99,12;36,19;10,04;2,28;0
20210410:1510;50,13;0,05013;74,57;28,15;10,04;2,48;0
20210410:1610;33,7;0,0337;54,56;19,16;10,08;3,24;0
20210410:1710;10,88;0,01088;24,55;9,76;10,16;3,79;0
20210410:1810;0;0;0;0;10,36;4,21;0
20210410:1910;0;0;0;0;9,69;4,28;0
20210410:2010;0;0;0;0;9,68;4,48;0
20210410:2110;0;0;0;0;9,59;4,62;0
20210410:2210;0;0;0;0;9,69;4,48;0
20210410:2310;0;0;0;0;9,86;4,14;0
20210411:0010;0;0;0;0;9,83;3,86;0
20210411:0110;0;0;0;0;9,68;3,1;0
20210411:0210;0;0;0;0;9,21;2,14;0
20210411:0310;0;0;0;0;8,83;1,45;0
20210411:0410;0;0;0;0;8,18;1,52;0
20210411:0510;0;0;4,23;2,94;6,96;2,34;0
20210411:0610;3,49;0,00349;12,73;12,36;5,06;3,24;0
20210411:0710;18,01;0,01801;33,65;21,7;3,8;3,45;0
20210411:0810;44,07;0,04407;65,48;30,53;3,24;3,24;0
20210411:0910;54,19;0,05419;77,3;38,27;3,38;3,17;0
20210411:1010;76,46;0,07646;102,76;44,11;3,58;3,17;0
20210411:1110;124,35;0,12435;156,41;47,14;3,9;3,17;0
20210411:1210;139,57;0,13957;173,69;46,7;4,53;3,38;0
20210411:1310;132,74;0,13274;166,42;42,88;5,11;3,72;0
20210411:1410;72,68;0,07268;99,12;36,48;5,47;4,41;0
20210411:1510;110,24;0,11024;141,39;28,41;5,54;4,76;0
20210411:1610;102,59;0,10259;133,71;19,4;5,49;4,21;0
20210411:1710;4,56;0,00456;14,55;10;5,39;3,45;0
20210411:1810;0;0;0;0;4,95;2,9;0
20210411:1910;0;0;0;0;3,88;2,55;0
20210411:2010;0;0;0;0;3,79;2,34;0
20210411:2110;0;0;0;0;3,51;2,62;0
20210411:2210;0;0;0;0;2,89;2,97;0
20210411:2310;0;0;0;0;2,24;2,83;0
20210412:0010;0;0;0;0;1,65;2,55;0
20210412:0110;0;0;0;0;1,14;2,28;0
20210412:0210;0;0;0;0;0,58;2;0
20210412:0310;0;0;0;0;0,17;1,93;0
20210412:0410;0;0;0;0;-0,28;2,07;0
20210412:0510;3,6;0,0036;12,7;3,27;-0,47;1,86;0
20210412:0610;77,66;0,07766;107,66;12,68;0,29;1,59;0
20210412:0710;121,28;0,12128;152,1;22,03;2,02;2,69;0
20210412:0810;134,71;0,13471;167,55;30,87;3,29;2,76;0
20210412:0910;555,8;0,5558;647,58;38,62;4,38;2,76;0
20210412:1010;91,72;0,09172;120,95;44,48;5,64;2,97;0
20210412:1110;287,39;0,28739;341,17;47,51;6,56;3,24;0
20210412:1210;194,01;0,19401;236,76;47,05;7,15;3,38;0
20210412:1310;522,57;0,52257;614,15;43,2;7,4;3,52;0
20210412:1410;390,84;0,39084;458,26;36,76;7,4;3,72;0
20210412:1510;294,82;0,29482;349,21;28,66;7,13;3,79;0
20210412:1610;227,02;0,22702;283,89;19,64;6,09;3,66;0
20210412:1710;47,15;0,04715;92,09;10,24;5,49;3,79;0
20210412:1810;0;0;0;0;4,47;2,55;0
20210412:1910;0;0;0;0;3,17;1,79;0
20210412:2010;0;0;0;0;2,42;1,59;0
20210412:2110;0;0;0;0;1,26;1,59;0
20210412:2210;0;0;0;0;0,14;1,66;0
20210412:2310;0;0;0;0;0,16;1,66;0
20210413:0010;0;0;0;0;-0,53;1,86;0
20210413:0110;0;0;0;0;-1,31;2;0
20210413:0210;0;0;0;0;-1,86;2;0
20210413:0310;0;0;0;0;-2,38;1,93;0
20210413:0410;0;0;0;0;-2,65;1,79;0
20210413:0510;3,16;0,00316;11,85;3,59;-2,67;1,59;0
20210413:0610;68,48;0,06848;94,67;13,01;-1,19;1,17;0
20210413:0710;157,79;0,15779;192,98;22,36;1,74;1,45;0
20210413:0810;220,78;0,22078;262,57;31,21;3,24;2,14;0
20210413:0910;586,65;0,58665;687,76;38,98;4,39;2,34;0
20210413:1010;363,92;0,36392;427,13;44,85;5,77;2,83;0
20210413:1110;495,04;0,49504;582,13;47,88;6,84;3,17;0
20210413:1210;807,54;0,80754;978,44;47,4;7,41;3,1;0
20210413:1310;227,75;0,22775;275,81;43,51;7,96;2,97;0
20210413:1410;141,48;0,14148;178,75;37,04;8,35;3,03;0
20210413:1510;106,94;0,10694;139,54;28,92;8,22;3,03;0
20210413:1610;117,05;0,11705;152,06;19,88;7,94;3,1;0
20210413:1710;50,74;0,05074;83,08;10,47;7,29;2,69;0
20210413:1810;0;0;0;0;6,07;2,28;0
20210413:1910;0;0;0;0;4,53;2,21;0
20210413:2010;0;0;0;0;3,54;1,93;0
20210413:2110;0;0;0;0;2,55;1,72;0
20210413:2210;0;0;0;0;1,22;1,52;0
20210413:2310;0;0;0;0;0,61;1,38;0
20210414:0010;0;0;0;0;0,32;1,31;0
20210414:0110;0;0;0;0;0,52;1,1;0
20210414:0210;0;0;0;0;0,68;0,83;0
20210414:0310;0;0;0;0;0,47;0,55;0
20210414:0410;0;0;0;0;0,17;0,41;0
20210414:0510;0,89;0,00089;7,62;3,92;-0,03;0,28;0
20210414:0610;101,47;0,10147;139,95;13,33;0,42;0,14;0
20210414:0710;354,37;0,35437;427,28;22,68;3;0;0
20210414:0810;483,33;0,48333;576,67;31,55;4,85;0,41;0
20210414:0910;522,12;0,52212;620,52;39,32;5,92;1,38;0
20210414:1010;279,64;0,27964;333,84;45,21;6,52;2,07;0
20210414:1110;697,89;0,69789;842,83;48,25;7,28;2,34;0
20210414:1210;416,25;0,41625;492,78;47,74;7,7;2,69;0
20210414:1310;670,86;0,67086;802,86;43,83;8,02;2,97;0
20210414:1410;292,77;0,29277;348,7;37,32;7,96;3,1;0
20210414:1510;429,15;0,42915;507,69;29,17;7,89;3,03;0
20210414:1610;234,91;0,23491;296,75;20,12;7,26;2,41;0
20210414:1710;48,69;0,04869;93,4;10,71;6,87;2,48;0
20210414:1810;0;0;0;0;5,36;2,34;0
20210414:1910;0;0;0;0;4,2;2,14;0
20210414:2010;0;0;0;0;3,21;2,07;0
20210414:2110;0;0;0;0;2,34;2;0
20210414:2210;0;0;0;0;1,55;2;0
20210414:2310;0;0;0;0;0,92;1,93;0
20210415:0010;0;0;0;0;0,4;1,66;0
20210415:0110;0;0;0;0;-0,39;1,52;0
20210415:0210;0;0;0;0;-1,11;1,38;0
20210415:0310;0;0;0;0;-1,11;1,24;0
20210415:0410;0;0;0;0;-1,47;1,24;0
20210415:0510;6,85;0,00685;17,78;4,24;-1,61;1,17;0
20210415:0610;136,51;0,13651;194,05;13,64;-0,42;1,03;0
20210415:0710;372,53;0,37253;441,05;23,01;1,43;1,1;0
20210415:0810;574,13;0,57413;672,01;31,88;3,04;1,72;0
20210415:0910;587,05;0,58705;688,56;39,67;4,9;2,55;0
20210415:1010;281,69;0,28169;334,49;45,57;6,15;2,83;0
20210415:1110;249,39;0,24939;299,77;48,61;7,15;2,69;0
20210415:1210;350,93;0,35093;417,14;48,09;8,04;2,76;0
20210415:1310;551,45;0,55145;656,03;44,14;8,46;2,83;0
20210415:1410;164,81;0,16481;205,21;37,6;8,57;3,17;0
20210415:1510;346,19;0,34619;411,23;29,42;8,53;3,31;0
20210415:1610;177,59;0,17759;224,83;20,36;8,4;3,38;0
20210415:1710;53,53;0,05353;89,87;10,95;7,82;3,03;0
20210415:1810;0;0;0;0;6,76;2,69;0
20210415:1910;0;0;0;0;5,47;2,34;0
20210415:2010;0;0;0;0;4,46;2,21;0
20210415:2110;0;0;0;0;3,29;2,07;0
20210415:2210;0;0;0;0;2,1;1,86;0
20210415:2310;0;0;0;0;1,07;1,79;0
20210416:0010;0;0;0;0;0,82;1,79;0
20210416:0110;0;0;0;0;0,35;1,86;0
20210416:0210;0;0;0;0;-0,1;1,79;0
20210416:0310;0;0;0;0;-0,47;1,72;0
20210416:0410;0;0;0;0;-0,4;1,72;0
20210416:0510;6,21;0,00621;16,93;4,55;0,44;1,72;0
20210416:0610;51,88;0,05188;74,86;13,96;1,84;1,45;0
20210416:0710;174,82;0,17482;213,47;23,32;3,82;1,93;0
20210416:0810;215,62;0,21562;259,31;32,21;5,51;2,28;0
20210416:0910;232,63;0,23263;280,07;40,01;7,21;3,03;0
20210416:1010;255,23;0,25523;306,51;45,93;8,53;4,28;0
20210416:1110;172,43;0,17243;213,7;48,97;8,73;4,07;0
20210416:1210;317,6;0,3176;378,72;48,43;9,1;3,86;0
20210416:1310;302,92;0,30292;362,28;44,45;9,5;3,86;0
20210416:1410;227,87;0,22787;277,45;37,87;9,88;3,59;0
20210416:1510;337,08;0,33708;403,54;29,68;10,16;3,38;0
20210416:1610;162,23;0,16223;207,97;20,6;10,04;2,69;0
20210416:1710;37,93;0,03793;60,55;11,18;9,8;2,21;0
20210416:1810;0;0;0,85;1,84;8,73;2;0
20210416:1910;0;0;0;0;7,57;2,21;0
20210416:2010;0;0;0;0;6,67;2,48;0
20210416:2110;0;0;0;0;5,94;2,55;0
20210416:2210;0;0;0;0;4,92;2,48;0
20210416:2310;0;0;0;0;4,18;2,34;0
20210417:0010;0;0;0;0;3,39;2,28;0
20210417:0110;0;0;0;0;2,57;2,21;0
20210417:0210;0;0;0;0;1,89;2,07;0
20210417:0310;0;0;0;0;1,11;1,93;0
20210417:0410;0;0;0;0;0,26;1,86;0
20210417:0510;4,62;0,00462;14,39;4,87;-0,28;1,72;0
20210417:0610;139,5;0,1395;197,86;14,27;1,32;1,38;0
20210417:0710;363,68;0,36368;435,23;23,64;5,03;1,72;0
20210417:0810;558,74;0,55874;662,32;32,53;6,73;2,07;0
20210417:0910;630,58;0,63058;751,22;40,35;8,27;2,97;0
20210417:1010;457,16;0,45716;540,05;46,29;9,5;4,28;0
20210417:1110;836,72;0,83672;1017,3;49,33;9,91;4,14;0
20210417:1210;471,11;0,47111;558,68;48,77;9,9;4,07;0
20210417:1310;149,94;0,14994;189,15;44,75;9,78;4,07;0
20210417:1410;79,74;0,07974;109,13;38,15;9,88;4;0
20210417:1510;93,13;0,09313;124,59;29,92;9,92;3,79;0
20210417:1610;186,67;0,18667;237,73;20,83;9,89;3,17;0
20210417:1710;40,37;0,04037;63,7;11,41;9,38;1,52;0
20210417:1810;0;0;0,85;2,07;8,83;1,52;0
20210417:1910;0;0;0;0;8,19;1,86;0
20210417:2010;0;0;0;0;7,86;2,07;0
20210417:2110;0;0;0;0;7,48;2,28;0
20210417:2210;0;0;0;0;7,04;2,34;0
20210417:2310;0;0;0;0;6,08;2,28;0
20210418:0010;0;0;0;0;5,44;2,07;0
20210418:0110;0;0;0;0;4,75;1,86;0
20210418:0210;0;0;0;0;4,26;1,72;0
20210418:0310;0;0;0;0;4,01;1,59;0
20210418:0410;0;0;0;0;4,08;1,52;0
20210418:0510;0;0;5,08;5,17;4,01;1,66;0
20210418:0610;55,11;0,05511;79,33;14,58;4,43;1,79;0
20210418:0710;163,68;0,16368;202,75;23,95;5,83;1,72;0
20210418:0810;489,79;0,48979;579,92;32,85;7,3;2,07;0
20210418:0910;175,98;0,17598;218,1;40,69;8,37;2,41;0
20210418:1010;75,56;0,07556;104,58;46,64;10,34;3,1;0
20210418:1110;257,07;0,25707;313,16;49,68;11,72;4,28;0
20210418:1210;148,54;0,14854;189,15;49,1;11,8;4,21;0
20210418:1310;329,34;0,32934;396,14;45,05;11,74;4,07;0
20210418:1410;232,51;0,23251;284,9;38,42;11,78;3,79;0
20210418:1510;385,86;0,38586;465,11;30,17;12,02;3,24;0
20210418:1610;228,82;0,22882;295,97;21,07;12,04;2,34;0
20210418:1710;53,44;0,05344;95,11;11,64;11,56;1,79;0
20210418:1810;0;0;1,69;2,31;10,94;1,72;0
20210418:1910;0;0;0;0;9,64;2,07;0
20210418:2010;0;0;0;0;8,98;2,14;0
20210418:2110;0;0;0;0;8,44;2,14;0
20210418:2210;0;0;0;0;8,2;2,07;0
20210418:2310;0;0;0;0;7,43;2;0
20210419:0010;0;0;0;0;6,81;1,66;0
20210419:0110;0;0;0;0;6,14;1,45;0
20210419:0210;0;0;0;0;5,39;1,38;0
20210419:0310;0;0;0;0;5,07;1,31;0
20210419:0410;0;0;0;0;5,31;1,38;0
20210419:0510;0,83;0,00083;7,62;5,48;5,51;1,38;0
20210419:0610;7,41;0,00741;19,1;14,88;5,96;1,31;0
20210419:0710;43,98;0,04398;66,38;24,25;6,69;1,03;0
20210419:0810;46,12;0,04612;69,11;33,17;7,3;0,9;0
20210419:0910;90,48;0,09048;120,95;41,02;7,85;1,38;0
20210419:1010;120,15;0,12015;155,5;46,98;8,73;1,17;0
20210419:1110;566,54;0,56654;697,31;50,03;9,73;0,83;0
20210419:1210;746,88;0,74688;960,18;49,44;11,05;0,55;0
20210419:1310;184,9;0,1849;233,46;45,35;11,9;0,62;0
20210419:1410;134,31;0,13431;174,6;38,68;12,4;0,9;0
20210419:1510;193,59;0,19359;243,74;30,41;12,66;0,97;0
20210419:1610;118,05;0,11805;157,05;21,3;12,75;0,97;0
20210419:1710;48,87;0,04887;76,65;11,87;12,56;0,76;0
20210419:1810;0;0;1,69;2,55;11,86;0,83;0
20210419:1910;0;0;0;0;9,15;1,79;0
20210419:2010;0;0;0;0;7,55;1,52;0
20210419:2110;0;0;0;0;7,43;0,97;0
20210419:2210;0;0;0;0;7,71;0,48;0
20210419:2310;0;0;0;0;7,44;0,76;0
20210420:0010;0;0;0;0;6,4;1,03;0
20210420:0110;0;0;0;0;5,94;1,03;0
20210420:0210;0;0;0;0;5,83;0,9;0
20210420:0310;0;0;0;0;5,21;0,83;0
20210420:0410;0;0;0;0;4,47;0,9;0
20210420:0510;14,34;0,01434;28,78;5,78;3,65;0,97;0
20210420:0610;141,32;0,14132;201,99;15,18;5,38;0,41;0
20210420:0710;358,3;0,3583;439,26;24,56;8,52;0,69;0
20210420:0810;537,96;0,53796;663,48;33,48;10,84;0,55;0
20210420:0910;675,24;0,67524;870,24;41,35;12,46;0,07;0
20210420:1010;746,92;0,74692;979,31;47,33;13,57;0,34;0
20210420:1110;767,46;0,76746;1017,71;50,38;14,35;0,34;0
20210420:1210;641,87;0,64187;825,78;49,77;14,5;0,48;0
20210420:1310;432,19;0,43219;538,28;45,65;14,72;0,76;0
20210420:1410;364,51;0,36451;451,38;38,95;15,01;1,1;0
20210420:1510;422,74;0,42274;525,3;30,66;15,06;1,24;0
20210420:1610;241,97;0,24197;319,89;21,53;14,93;1,38;0
20210420:1710;55,1;0,0551;97,77;12,1;14,34;0,97;0
20210420:1810;0;0;5,08;2,78;13,38;1,03;0
20210420:1910;0;0;0;0;11,25;2,07;0
20210420:2010;0;0;0;0;9,75;1,79;0
20210420:2110;0;0;0;0;8,41;1,45;0
20210420:2210;0;0;0;0;9,12;0,97;0
20210420:2310;0;0;0;0;8,99;0,55;0
20210421:0010;0;0;0;0;8,46;0,41;0
20210421:0110;0;0;0;0;7,94;0,41;0
20210421:0210;0;0;0;0;7,58;0,41;0
20210421:0310;0;0;0;0;7,32;0,34;0
20210421:0410;0;0;0;0;7,11;0,28;0
20210421:0510;15,95;0,01595;31,32;6,08;6,9;0,21;0
20210421:0610;99,26;0,09926;137,07;15,47;7,67;0,28;0
20210421:0710;48,58;0,04858;72,75;24,86;9,55;0,41;0
20210421:0810;79,64;0,07964;110,04;33,79;11,07;0,83;0
20210421:0910;160,47;0,16047;205,13;41,68;12,66;1,17;0
20210421:1010;453,66;0,45366;557,6;47,67;14,04;1,79;0
20210421:1110;485,63;0,48563;597,51;50,73;14,93;2,41;0
20210421:1210;644,37;0,64437;802,07;50,09;15,41;2,76;0
20210421:1310;410,57;0,41057;502,61;45,95;15,64;3,17;0
20210421:1410;517,92;0,51792;631,08;39,21;15,51;3,66;0
20210421:1510;342,73;0,34273;418,14;30,9;14,93;4,07;0
20210421:1610;178,98;0,17898;231,98;21,76;14,39;4,14;0
20210421:1710;58,91;0,05891;97,93;12,33;13,35;4;0
20210421:1810;0,42;0,00042;6,77;3,02;11,78;4,07;0
20210421:1910;0;0;0;0;10,48;4,21;0
20210421:2010;0;0;0;0;9,25;4,07;0
20210421:2110;0;0;0;0;7,85;3,86;0
20210421:2210;0;0;0;0;6,62;3,66;0
20210421:2310;0;0;0;0;5,39;3,1;0
20210422:0010;0;0;0;0;4,45;2,62;0
20210422:0110;0;0;0;0;3,44;2,41;0
20210422:0210;0;0;0;0;2,82;2,28;0
20210422:0310;0;0;0;0;2,38;2,21;0
20210422:0410;0;0;0;0;1,97;2,14;0
20210422:0510;15,14;0,01514;29,63;6,38;1,67;2,07;0
20210422:0610;152,89;0,15289;213,26;15,77;3;2;0
20210422:0710;372,15;0,37215;441,07;25,15;4,19;2,28;0
20210422:0810;487,83;0,48783;568,53;34,09;5,78;3,24;0
20210422:0910;703,06;0,70306;836,86;42;6,68;2,97;0
20210422:1010;805,09;0,80509;978,53;48,01;7,68;2,9;0
20210422:1110;869,59;0,86959;1070,2;51,07;8,48;3,03;0
20210422:1210;883,73;0,88373;1087,09;50,42;8,9;3,31;0
20210422:1310;789,71;0,78971;957,26;46,24;9,23;3,45;0
20210422:1410;668,07;0,66807;799,28;39,47;9,46;3,38;0
20210422:1510;485,25;0,48525;578,71;31,14;9,65;3,31;0
20210422:1610;257,83;0,25783;328,99;21,98;9,47;3,31;0
20210422:1710;56,83;0,05683;104,27;12,55;9,47;3,17;0
20210422:1810;2,02;0,00202;10,16;3,25;8,8;2,28;0
20210422:1910;0;0;0;0;7,76;2,28;0
20210422:2010;0;0;0;0;6,52;2,34;0
20210422:2110;0;0;0;0;5,47;2,41;0
20210422:2210;0;0;0;0;4,58;2,34;0
20210422:2310;0;0;0;0;3,74;2,14;0
20210423:0010;0;0;0;0;2,93;1,93;0
20210423:0110;0;0;0;0;2,06;1,72;0
20210423:0210;0;0;0;0;1,48;1,52;0
20210423:0310;0;0;0;0;1,36;1,38;0
20210423:0410;0;0;0;0;1,22;1,31;0
20210423:0510;14,54;0,01454;28,78;6,67;1,13;1,24;0
20210423:0610;156,39;0,15639;218,63;16,05;3,04;0,97;0
20210423:0710;391,43;0,39143;468,68;25,44;5,08;1,52;0
20210423:0810;579,4;0,5794;686,07;34,39;6,52;2,28;0
20210423:0910;741,78;0,74178;900,48;42,31;7,44;2,14;0
20210423:1010;833,97;0,83397;1036,13;48,34;8,14;2;0
20210423:1110;876,54;0,87654;1108,14;51,4;9,38;1,93;0
20210423:1210;860,01;0,86001;1085,75;50,74;10,3;2,07;0
20210423:1310;777,83;0,77783;967,42;46,53;10,94;2,21;0
20210423:1410;656,81;0,65681;803,64;39,73;11,37;2,21;0
20210423:1510;478,15;0,47815;580,45;31,37;11,52;2,21;0
20210423:1610;260,78;0,26078;337,49;22,21;11,33;2,14;0
20210423:1710;55,05;0,05505;105,1;12,78;10,88;2,07;0
20210423:1810;2,89;0,00289;11,85;3,48;9,91;1,72;0
20210423:1910;0;0;0;0;8,68;2,07;0
20210423:2010;0;0;0;0;7,12;1,93;0
20210423:2110;0;0;0;0;5,59;1,93;0
20210423:2210;0;0;0;0;4,28;1,93;0
20210423:2310;0;0;0;0;3,36;2;0
20210424:0010;0;0;0;0;2,75;2,14;0
20210424:0110;0;0;0;0;2,26;2,14;0
20210424:0210;0;0;0;0;1,78;2;0
20210424:0310;0;0;0;0;1,29;1,86;0
20210424:0410;0;0;0;0;1;1,59;0
20210424:0510;21,06;0,02106;37,25;6,95;1,07;1,38;0
20210424:0610;112,71;0,11271;149,59;16,34;2,85;1,17;0
20210424:0710;322,03;0,32203;384,97;25,73;5,73;1,93;0
20210424:0810;553,32;0,55332;658,08;34,69;7,32;2,07;0
20210424:0910;697,46;0,69746;846,73;42,62;8,72;2,21;0
20210424:1010;792,71;0,79271;980,36;48,67;9,85;2,41;0
20210424:1110;816,93;0,81693;1015,11;51,74;10,78;2,76;0
20210424:1210;802,55;0,80255;995,23;51,06;11,46;2,97;0
20210424:1310;788,31;0,78831;975,01;46,81;12,04;3,03;0
20210424:1410;647,97;0,64797;787,11;39,99;12,38;3,17;0
20210424:1510;458,55;0,45855;553,64;31,61;12,44;3,38;0
20210424:1610;201,25;0,20125;257,32;22,43;12,08;3,38;0
20210424:1710;63,12;0,06312;105,16;13;11,47;2,97;0
20210424:1810;2,43;0,00243;11,01;3,71;10,26;2,48;0
20210424:1910;0;0;0;0;8,57;2,83;0
20210424:2010;0;0;0;0;7,53;2,83;0
20210424:2110;0;0;0;0;6,58;2,69;0
20210424:2210;0;0;0;0;5,68;2,76;0
20210424:2310;0;0;0;0;4,83;3,03;0
20210425:0010;0;0;0;0;3,97;3,03;0
20210425:0110;0;0;0;0;3,12;2,83;0
20210425:0210;0;0;0;0;2,34;2,62;0
20210425:0310;0;0;0;0;1,61;2,41;0
20210425:0410;0;0;0;0;1,01;2,48;0
20210425:0510;17,13;0,01713;32,17;7,24;0,92;2,48;0
20210425:0610;134,77;0,13477;178,05;16,62;2,12;2,69;0
20210425:0710;178,38;0,17838;216,78;26,01;4,17;3,17;0
20210425:0810;579,85;0,57985;676,67;34,98;5,5;3,31;0
20210425:0910;752,91;0,75291;897,47;42,93;6,57;3,24;0
20210425:1010;852,8;0,8528;1037,15;48,99;7,53;3,24;0
20210425:1110;894,72;0,89472;1101,79;52,07;8,49;3,24;0
20210425:1210;867,53;0,86753;1067,96;51,37;9,24;3,24;0
20210425:1310;797,91;0,79791;973,88;47,1;9,82;3,24;0
20210425:1410;657,89;0,65789;790,42;40,24;10,16;3,24;0
20210425:1510;483,14;0,48314;577,51;31,84;10,19;3,38;0
20210425:1610;250,06;0,25006;318,48;22,66;10;3,45;0
20210425:1710;59,82;0,05982;108,33;13,22;9,52;3,24;0
20210425:1810;4,88;0,00488;15,24;3,94;8,54;2,48;0
20210425:1910;0;0;0;0;7,3;2,55;0
20210425:2010;0;0;0;0;6,07;2,69;0
20210425:2110;0;0;0;0;5,18;2,62;0
20210425:2210;0;0;0;0;4,4;2,28;0
20210425:2310;0;0;0;0;3,46;2,21;0
20210426:0010;0;0;0;0;2,72;2,28;0
20210426:0110;0;0;0;0;1,99;2,21;0
20210426:0210;0;0;0;0;1,25;2,14;0
20210426:0310;0;0;0;0;0,53;2;0
20210426:0410;0;0;0;0;-0,1;2;0
20210426:0510;17,22;0,01722;32,17;7,51;-0,14;1,79;0
20210426:0610;165,31;0,16531;228,53;16,89;2,77;1,45;0
20210426:0710;397,52;0,39752;477,2;26,29;6,11;1,72;0
20210426:0810;591;0,591;706,49;35,27;7,89;2,14;0
20210426:0910;736;0,736;896,59;43,24;9,2;2,48;0
20210426:1010;824,05;0,82405;1028,9;49,31;10,26;2,28;0
20210426:1110;870,96;0,87096;1106,1;52,39;11,12;2,14;0
20210426:1210;847,23;0,84723;1076,81;51,68;11,87;2,07;0
20210426:1310;773,43;0,77343;970,27;47,38;12,41;2,14;0
20210426:1410;652,16;0,65216;802,7;40,49;12,76;2,28;0
20210426:1510;477,92;0,47792;582,99;32,07;12,86;2,41;0
20210426:1610;259,05;0,25905;336,37;22,88;12,64;2,55;0
20210426:1710;59,02;0,05902;109,54;13,44;12,09;2,41;0
20210426:1810;6,36;0,00636;17,78;4,17;10,85;2;0
20210426:1910;0;0;0;0;9,25;2,48;0
20210426:2010;0;0;0;0;8,1;2,48;0
20210426:2110;0;0;0;0;6,92;2,28;0
20210426:2210;0;0;0;0;5,67;2,14;0
20210426:2310;0;0;0;0;4,72;2,21;0
20210427:0010;0;0;0;0;4,4;2,62;0
20210427:0110;0;0;0;0;4,22;2,83;0
20210427:0210;0;0;0;0;3,97;2,76;0
20210427:0310;0;0;0;0;3,53;2,69;0
20210427:0410;0;0;0;0;3,08;2,69;0
20210427:0510;18,89;0,01889;34,71;7,79;3,03;2,62;0
20210427:0610;164,05;0,16405;227,73;17,16;4,55;2,28;0
20210427:0710;393,03;0,39303;469,35;26,56;6,82;2,9;0
20210427:0810;584,45;0,58445;693,52;35,55;8,43;3,03;0
20210427:0910;734,91;0,73491;894,24;43,53;9,82;2,76;0
20210427:1010;790,45;0,79045;982,86;49,63;11,16;2,48;0
20210427:1110;853,69;0,85369;1083,84;52,72;12,19;2,28;0
20210427:1210;830,68;0,83068;1055,97;51,99;12,98;2,21;0
20210427:1310;724,47;0,72447;909,86;47,65;13,55;2;0
20210427:1410;640,15;0,64015;795,13;40,74;13,93;1,93;0
20210427:1510;463,52;0,46352;571,52;32,3;14,06;1,79;0
20210427:1610;257,05;0,25705;338,02;23,09;14;1,59;0
20210427:1710;55,93;0,05593;108,97;13,66;13,67;1,17;0
20210427:1810;6,82;0,00682;18,62;4,39;12,6;0,41;0
20210427:1910;0;0;0;0;10,59;2;0
20210427:2010;0;0;0;0;8,34;2,07;0
20210427:2110;0;0;0;0;6,62;1,93;0
20210427:2210;0;0;0;0;5,5;2,14;0
20210427:2310;0;0;0;0;4,97;2,48;0
20210428:0010;0;0;0;0;4,53;2,48;0
20210428:0110;0;0;0;0;3,89;2,34;0
20210428:0210;0;0;0;0;3,22;2,21;0
20210428:0310;0;0;0;0;2,67;2,21;0
20210428:0410;0;0;0;0;2,22;2,14;0
20210428:0510;20,93;0,02093;37,25;8,06;2,33;2;0
20210428:0610;162,07;0,16207;225,04;17,43;5,47;1,59;0
20210428:0710;379,1;0,3791;461,7;26,83;9,62;1,86;0
20210428:0810;566,99;0,56699;689,82;35,83;11,91;2,14;0
20210428:0910;708,73;0,70873;884,44;43,83;13,76;2,21;0
20210428:1010;798,97;0,79897;1020,65;49,94;15,24;2,28;0
20210428:1110;834,32;0,83432;1077,89;53,03;16,38;2,41;0
20210428:1210;809,07;0,80907;1043,17;52,29;17,11;2,48;0
20210428:1310;674,02;0,67402;855,7;47,93;17,61;2,28;0
20210428:1410;459,34;0,45934;573,24;40,98;17,83;2;0
20210428:1510;125,55;0,12555;167,84;32,52;17,77;1,66;0
20210428:1610;20,01;0,02001;38,19;23,31;17,53;1,24;0
20210428:1710;34,67;0,03467;57,29;13,87;16,41;0,62;0
20210428:1810;2,78;0,00278;11,85;4,61;15,57;1,59;0
20210428:1910;0;0;0;0;13,85;3,03;0
20210428:2010;0;0;0;0;12,63;3,72;0
20210428:2110;0;0;0;0;11,59;3,52;0
20210428:2210;0;0;0;0;10,83;3,17;0
20210428:2310;0;0;0;0;10,3;2,69;0
20210429:0010;0;0;0;0;10,09;2,48;0
20210429:0110;0;0;0;0;9,48;2,41;0
20210429:0210;0;0;0;0;9,04;2,41;0
20210429:0310;0;0;0;0;9,06;2,48;0
20210429:0410;0;0;0;0;8,95;2,97;0
20210429:0510;27,58;0,02758;46,71;8,32;8,79;3,59;0
20210429:0610;124,26;0,12426;167,04;17,69;9,32;4,07;0
20210429:0710;352,54;0,35254;425,94;27,09;10,51;3,86;0
20210429:0810;293,14;0,29314;352,49;36,1;11,42;4,83;0
20210429:0910;259,11;0,25911;314,69;44,12;11,98;5,31;0
20210429:1010;359,35;0,35935;429,64;50,25;12,15;5,93;0
20210429:1110;61,2;0,0612;88,21;53,35;12,15;6,62;0
20210429:1210;384,55;0,38455;457,16;52,59;11,63;6,55;0
20210429:1310;198,02;0,19802;243,7;48,2;11,03;7,24;0
20210429:1410;71,04;0,07104;99,12;41,23;10,58;7,03;0
20210429:1510;86,15;0,08615;116,4;32,75;10,13;6,41;0
20210429:1610;59,54;0,05954;85,48;23,52;9,86;6;0
20210429:1710;41,46;0,04146;64,03;14,09;9,3;5,59;0
20210429:1810;1,19;0,00119;8,47;4,84;8,61;4,97;0
20210429:1910;0;0;0;0;7,29;4,07;0
20210429:2010;0;0;0;0;6,88;3,86;0
20210429:2110;0;0;0;0;6,21;3,72;0
20210429:2210;0;0;0;0;5,55;3,66;0
20210429:2310;0;0;0;0;5,28;3,24;0
20210430:0010;0;0;0;0;4,73;2,83;0
20210430:0110;0;0;0;0;4,41;2,76;0
20210430:0210;0;0;0;0;4,29;2,62;0
20210430:0310;0;0;0;0;4,47;2,41;0
20210430:0410;0;0;0;0;4,54;2,48;0
20210430:0510;2,48;0,00248;10,91;8,58;4,69;2,34;0
20210430:0610;15,15;0,01515;30,01;17,94;5;2,14;0
20210430:0710;29,29;0,02929;48,2;27,35;5,39;2,34;0
20210430:0810;63,68;0,06368;89,12;36,37;5,74;2,07;0
20210430:0910;133,93;0,13393;169,15;44,4;6,21;1,86;0
20210430:1010;118,27;0,11827;151,87;50,55;6,82;1,86;0
20210430:1110;371,57;0,37157;444,01;53,66;7,36;1,52;0
20210430:1210;200,94;0,20094;246,91;52,89;7,8;1,45;0
20210430:1310;357,27;0,35727;429,17;48,47;8,41;1,38;0
20210430:1410;383,05;0,38305;460,54;41,47;8,74;1,17;0
20210430:1510;422,82;0,42282;512,79;32,97;9,3;0,97;0
20210430:1610;207,85;0,20785;264,46;23,74;9,5;0,97;0
20210430:1710;70,15;0,07015;103,8;14,3;9,52;1,1;0
20210430:1810;0;0;3,39;5,06;9,2;0,97;0
20210430:1910;0;0;0;0;8,88;0,83;0
20210430:2010;0;0;0;0;7,73;1,31;0
20210430:2110;0;0;0;0;7,41;1,72;0
20210430:2210;0;0;0;0;6,98;1,66;0
20210430:2310;0;0;0;0;6,66;1,45;0
20210501:0010;0;0;0;0;6,4;1,52;0
20210501:0110;0;0;0;0;6,08;1,66;0
20210501:0210;0;0;0;0;5,45;1,72;0
20210501:0310;0;0;0;0;4,69;1,72;0
20210501:0410;0;0;0;0;3,74;1,72;0
20210501:0510;28,95;0,02895;47,56;8,84;3,28;1,38;0
20210501:0610;144,01;0,14401;190,55;18,2;4,8;1,79;0
20210501:0710;285,93;0,28593;341,7;27,61;6,33;2,76;0
20210501:0810;421,58;0,42158;497,26;36,64;7,16;2,48;0
20210501:0910;583,53;0,58353;698,06;44,68;8,37;2,41;0
20210501:1010;691,65;0,69165;846,45;50,85;9,11;2;0
20210501:1110;699,05;0,69905;863,35;53,97;9,98;1,86;0
20210501:1210;658,07;0,65807;809,72;53,18;10,77;2;0
20210501:1310;483,32;0,48332;584,87;48,73;11,38;2,28;0
20210501:1410;392,54;0,39254;473,2;41,7;11,57;2,55;0
20210501:1510;269,95;0,26995;329,5;33,19;11,79;2,83;0
20210501:1610;155,5;0,1555;199,51;23,95;11,46;2,83;0
20210501:1710;41,78;0,04178;64,93;14,51;10,93;2,55;0
20210501:1810;0;0;4,23;5,27;10,12;2,34;0
20210501:1910;0;0;0;0;8,88;2,07;0
20210501:2010;0;0;0;0;7,98;2;0
20210501:2110;0;0;0;0;7,22;2,21;0
20210501:2210;0;0;0;0;6,93;2,48;0
20210501:2310;0;0;0;0;6,42;2,83;0
20210502:0010;0;0;0;0;5,67;2,55;0
20210502:0110;0;0;0;0;4,86;2,28;0
20210502:0210;0;0;0;0;4,16;2,28;0
20210502:0310;0;0;0;0;3,93;2,34;0
20210502:0410;0;0;0;0;4,07;2,69;0
20210502:0510;16,57;0,01657;31,83;9,09;4,52;4,07;0
20210502:0610;83,8;0,0838;112,35;18,44;5,03;4,21;0
20210502:0710;108,16;0,10816;139,36;27,86;5,86;4,21;0
20210502:0810;309,56;0,30956;364,72;36,89;7,03;4,34;0
20210502:0910;184,69;0,18469;226,4;44,96;7,76;4,34;0
20210502:1010;295,43;0,29543;352,29;51,14;8,5;4,28;0
20210502:1110;118,35;0,11835;152,78;54,27;9,11;4,41;0
20210502:1210;114,83;0,11483;149,14;53,47;9,72;4,55;0
20210502:1310;163,02;0,16302;204,61;48,99;10,59;4,34;0
20210502:1410;235,17;0,23517;286,91;41,94;10,95;4,21;0
20210502:1510;441,77;0,44177;527,16;33,4;10,84;4,14;0
20210502:1610;131,88;0,13188;169,12;24,16;9,29;4,41;0
20210502:1710;73,83;0,07383;107,13;14,72;8,43;4,14;0
20210502:1810;0,45;0,00045;6,77;5,49;7,74;2,97;0
20210502:1910;0;0;0;0;7,37;2,14;0
20210502:2010;0;0;0;0;6,23;2,14;0
20210502:2110;0;0;0;0;5,28;2,14;0
20210502:2210;0;0;0;0;4,56;2,07;0
20210502:2310;0;0;0;0;3,64;2;0
20210503:0010;0;0;0;0;2,68;1,86;0
20210503:0110;0;0;0;0;1,66;1,79;0
20210503:0210;0;0;0;0;0,95;1,66;0
20210503:0310;0;0;0;0;0,49;1,66;0
20210503:0410;0;0;0;0;-0,04;1,79;0
20210503:0510;7,04;0,00704;18,19;9,33;0,4;1,79;0
20210503:0610;128,68;0,12868;167,58;18,68;3,86;1,79;0
20210503:0710;393,55;0,39355;470,79;28,1;6,62;2,28;0
20210503:0810;580,87;0,58087;691,09;37,15;8,47;2,76;0
20210503:0910;657,67;0,65767;790,6;45,22;10,04;3,31;0
20210503:1010;280,34;0,28034;339,13;51,43;11,03;4,14;0
20210503:1110;290,27;0,29027;351,5;54,56;11,65;4,34;0
20210503:1210;462,93;0,46293;555,4;53,76;12,34;4,34;0
20210503:1310;443,8;0,4438;532,95;49,25;12,93;4,48;0
20210503:1410;310,34;0,31034;375,55;42,17;12,9;4,55;0
20210503:1510;242,09;0,24209;297,11;33,62;12,64;4,14;0
20210503:1610;92,06;0,09206;124,55;24,36;12,13;4,28;0
20210503:1710;73,43;0,07343;107,92;14,93;11,53;3,72;0
20210503:1810;6,9;0,0069;18,62;5,7;10,71;3,17;0
20210503:1910;0;0;0;0;9,72;3,1;0
20210503:2010;0;0;0;0;8,84;3,45;0
20210503:2110;0;0;0;0;8,44;4,21;0
20210503:2210;0;0;0;0;8,71;5,17;0
20210503:2310;0;0;0;0;9,26;5,72;0
20210504:0010;0;0;0;0;9,98;5,79;0
20210504:0110;0;0;0;0;10,58;6;0
20210504:0210;0;0;0;0;10,85;6,48;0
20210504:0310;0;0;0;0;10,62;6,83;0
20210504:0410;0;0;0;0;9,38;7,1;0
20210504:0510;27,26;0,02726;46,23;9,57;8,38;7,1;0
20210504:0610;87,18;0,08718;117,63;18,92;8,48;7,17;0
20210504:0710;23,09;0,02309;40,92;28,34;9,03;7,38;0
20210504:0810;76,21;0,07621;104,58;37,39;9,34;7,24;0
20210504:0910;288,87;0,28887;343,59;45,49;9,74;7,66;0
20210504:1010;231,11;0,23111;279,71;51,71;10,44;9,03;0
20210504:1110;83,4;0,0834;113,67;54,86;11,44;9,66;0
20210504:1210;469,56;0,46956;553,06;54,04;12,28;9,52;0
20210504:1310;646,19;0,64619;765,6;49,51;13,36;8,41;0
20210504:1410;138,87;0,13887;178,24;42,4;13,07;8,21;0
20210504:1510;443,59;0,44359;524,26;33,83;11,88;8;0
20210504:1610;245,14;0,24514;310,81;24,57;12,07;7,52;0
20210504:1710;76,49;0,07649;115,44;15,13;11,83;7,31;0
20210504:1810;14,38;0,01438;29,63;5,92;11,46;6,07;0
20210504:1910;0;0;0;0;9,7;5,45;0
20210504:2010;0;0;0;0;8,67;5,1;0
20210504:2110;0;0;0;0;8,03;5,17;0
20210504:2210;0;0;0;0;7,45;4,97;0
20210504:2310;0;0;0;0;6,97;4,76;0
20210505:0010;0;0;0;0;6,53;4,62;0
20210505:0110;0;0;0;0;6,07;4,41;0
20210505:0210;0;0;0;0;5,68;4,28;0
20210505:0310;0;0;0;0;5,51;4,21;0
20210505:0410;0;0;0;0;5,36;4,41;0
20210505:0510;36,7;0,0367;57,87;9,81;5,39;4,83;0
20210505:0610;161,09;0,16109;212,02;19,15;5,5;5,24;0
20210505:0710;59,07;0,05907;83,66;28,57;6,05;5,45;0
20210505:0810;263,12;0,26312;310,54;37,64;6,12;5,79;0
20210505:0910;131,54;0,13154;164,6;45,75;5,15;6,21;0
20210505:1010;383,87;0,38387;447,99;51,99;6,79;5,45;0
20210505:1110;406,8;0,4068;476,76;55,14;8,35;6,07;0
20210505:1210;338,13;0,33813;399,99;54,31;9,34;6,55;0
20210505:1310;188;0,188;231,38;49,76;9,89;6,83;0
20210505:1410;354,2;0,3542;418,64;42,62;10,2;6,62;0
20210505:1510;109,84;0,10984;143,68;34,04;10,42;5,93;0
20210505:1610;80,01;0,08001;109,13;24,77;9,39;5,03;0
20210505:1710;57,9;0,0579;84,1;15,33;8,79;3,66;0
20210505:1810;14,04;0,01404;28,78;6,13;7,74;2,55;0
20210505:1910;0;0;0;0;7,19;2,97;0
20210505:2010;0;0;0;0;6,22;2,69;0
20210505:2110;0;0;0;0;5,3;2,97;0
20210505:2210;0;0;0;0;4,73;3,03;0
20210505:2310;0;0;0;0;4,55;2,97;0
20210506:0010;0;0;0;0;4,24;3,1;0
20210506:0110;0;0;0;0;4,13;3,31;0
20210506:0210;0;0;0;0;4,09;3,52;0
20210506:0310;0;0;0;0;4,31;3,72;0
20210506:0410;0;0;0;0;4,35;3,86;0
20210506:0510;37,59;0,03759;58,9;10,04;4,81;3,93;0
20210506:0610;112,07;0,11207;146,2;19,38;5,32;3,17;0
20210506:0710;340,41;0,34041;401,85;28,8;5,54;3,72;0
20210506:0810;370,02;0,37002;432,9;37,87;6,69;4,07;0
20210506:0910;508,36;0,50836;599,73;46;7,86;3,31;0
20210506:1010;416,12;0,41612;496,38;52,26;8,97;2,62;0
20210506:1110;162,88;0,16288;204,61;55,43;9,93;2,62;0
20210506:1210;325,6;0,3256;393,26;54,59;10,39;2,48;0
20210506:1310;379,8;0,3798;457,77;50;10,52;2,21;0
20210506:1410;167,77;0,16777;211,3;42,85;10,61;1,79;0
20210506:1510;104,48;0,10448;138,23;34,25;10;1,31;0
20210506:1610;27,97;0,02797;47,29;24,97;9,14;0,76;0
20210506:1710;68,4;0,0684;97,79;15,54;8,61;0,69;0
20210506:1810;8,68;0,00868;21,16;6,34;8,11;0,9;0
20210506:1910;0;0;0;0;6,95;1,38;0
20210506:2010;0;0;0;0;6,53;1,72;0
20210506:2110;0;0;0;0;6,22;2,14;0
20210506:2210;0;0;0;0;5,84;2,48;0
20210506:2310;0;0;0;0;5,53;2,62;0
20210507:0010;0;0;0;0;5,14;2,83;0
20210507:0110;0;0;0;0;4,67;3,1;0
20210507:0210;0;0;0;0;3,93;2,97;0
20210507:0310;0;0;0;0;3,26;2,69;0
20210507:0410;0;0;0;0;2,98;2,55;0
20210507:0510;27,32;0,02732;49,92;10,27;2,99;2,28;0
20210507:0610;25,12;0,02512;42,74;19,6;3,75;2,14;0
20210507:0710;141,11;0,14111;175,81;29,02;4,59;2,41;0
20210507:0810;82,39;0,08239;110,04;38,11;4,82;2,83;0
20210507:0910;205,89;0,20589;248,09;46,25;4,94;2,83;0
20210507:1010;436,4;0,4364;513,56;52,53;6,27;2,76;0
20210507:1110;445,38;0,44538;527,59;55,71;7,87;3,03;0
20210507:1210;499,01;0,49901;594,27;54,86;9,37;3,38;0
20210507:1310;738,05;0,73805;890,27;50,25;10,25;3,93;0
20210507:1410;397,47;0,39747;472,81;43,07;10,84;4,48;0
20210507:1510;328,12;0,32812;393,4;34,45;10,78;4,34;0
20210507:1610;235,18;0,23518;297,79;25,17;11,25;3,93;0
20210507:1710;77,11;0,07711;124,16;15,73;11,21;2,83;0
20210507:1810;18,17;0,01817;34,71;6,54;10,37;1,93;0
20210507:1910;0;0;0;0;8,95;1,93;0
20210507:2010;0;0;0;0;7,76;2;0
20210507:2110;0;0;0;0;6,83;1,86;0
20210507:2210;0;0;0;0;5,37;1,86;0
20210507:2310;0;0;0;0;3,86;1,66;0
20210508:0010;0;0;0;0;3,34;1,52;0
20210508:0110;0;0;0;0;2,11;1,86;0
20210508:0210;0;0;0;0;1,61;2;0
20210508:0310;0;0;0;0;1,37;2,14;0
20210508:0410;0;0;0,85;1,61;1,62;2,41;0
20210508:0510;23,94;0,02394;46,94;10,49;2,93;2,21;0
20210508:0610;168,14;0,16814;224,66;19,82;6,11;2,34;0
20210508:0710;119,52;0,11952;154,06;29,24;8,61;3,17;0
20210508:0810;234,11;0,23411;285,16;38,33;10,11;3,31;0
20210508:0910;465,36;0,46536;556,27;46,49;11,6;3,93;0
20210508:1010;647,43;0,64743;784,85;52,79;12,93;4,21;0
20210508:1110;345,93;0,34593;417,89;55,98;12,71;4,41;0
20210508:1210;447,51;0,44751;535,82;55,12;13,35;5,93;0
20210508:1310;133,58;0,13358;172,78;50,49;13,29;5,66;0
20210508:1410;236,35;0,23635;291,03;43,29;13,69;5,31;0
20210508:1510;143,71;0,14371;185,16;34,65;14,12;5,1;0
20210508:1610;200,36;0,20036;256,6;25,36;14,42;4,62;0
20210508:1710;68,18;0,06818;99,55;15,93;14,82;4;0
20210508:1810;8,36;0,00836;21,16;6,75;14,6;3,52;0
20210508:1910;0;0;0;0;14,55;3,17;0
20210508:2010;0;0;0;0;14,01;3,17;0
20210508:2110;0;0;0;0;12,88;3,31;0
20210508:2210;0;0;0;0;12,25;3,45;0
20210508:2310;0;0;0;0;11,59;3,52;0
20210509:0010;0;0;0;0;11,21;3,59;0
20210509:0110;0;0;0;0;10,91;3,59;0
20210509:0210;0;0;0;0;10,68;3,52;0
20210509:0310;0;0;0;0;10,49;3,45;0
20210509:0410;0;0;0,85;1,84;10,48;3,66;0
20210509:0510;22,35;0,02235;46,78;10,7;11,34;3,93;0
20210509:0610;172,64;0,17264;241,91;20,03;13,28;4,34;0
20210509:0710;321,44;0,32144;396,54;29,45;15,41;4,34;0
20210509:0810;548,44;0,54844;669,34;38,55;17,7;5,17;0
20210509:0910;678,68;0,67868;838,51;46,73;19,69;6;0
20210509:1010;791,62;0,79162;994,08;53,05;21,54;6,62;0
20210509:1110;380,28;0,38028;476,68;56,25;22,71;6,34;0
20210509:1210;797,66;0,79766;1018,26;55,38;23,61;6,07;0
20210509:1310;735,47;0,73547;933,62;50,73;24,15;6,14;0
20210509:1410;572,4;0,5724;720,01;43,5;24,47;6;0
20210509:1510;431,11;0,43111;545,09;34,85;24,57;5,79;0
20210509:1610;177,19;0,17719;238,22;25,56;24,33;5,03;0
20210509:1710;22,69;0,02269;42,74;16,13;23,49;4,83;0
20210509:1810;14,12;0,01412;30,48;6,95;22,28;4,69;0
20210509:1910;0;0;0;0;20,51;4,9;0
20210509:2010;0;0;0;0;19,94;4,9;0
20210509:2110;0;0;0;0;19,58;5,1;0
20210509:2210;0;0;0;0;18,62;4,41;0
20210509:2310;0;0;0;0;17,89;3,52;0
20210510:0010;0;0;0;0;17,83;3,31;0
20210510:0110;0;0;0;0;17,63;3,24;0
20210510:0210;0;0;0;0;16,83;3,86;0
20210510:0310;0;0;0;0;15,71;4,14;0
20210510:0410;0;0;0,85;2,05;15,47;4,48;0
20210510:0510;2,29;0,00229;10,91;10,91;15,48;5,24;0
20210510:0610;27,82;0,02782;48,2;20,23;15,75;5,24;0
20210510:0710;273,54;0,27354;342,16;29,66;17,32;4,21;0
20210510:0810;79,18;0,07918;111,85;38,77;17,59;5,45;0
20210510:0910;94,69;0,09469;130,04;46,96;16,97;4,62;0
20210510:1010;86,24;0,08624;120,04;53,3;16,9;4,28;0
20210510:1110;167,17;0,16717;215,52;56,51;17,61;5,17;0
20210510:1210;150,94;0,15094;196,43;55,64;17,21;4,28;0
20210510:1310;255,78;0,25578;320,53;50,96;17,08;3,17;0
20210510:1410;115,71;0,11571;155,5;43,71;17,39;2,83;0
20210510:1510;198,48;0,19848;253,76;35,05;18,14;3,17;0
20210510:1610;114,48;0,11448;155;25,75;18;2,48;0
20210510:1710;25,39;0,02539;45,47;16,32;17,85;1,86;0
20210510:1810;8,25;0,00825;21,16;7,15;16,94;1,66;0
20210510:1910;0;0;0;0;15,25;2,34;0
20210510:2010;0;0;0;0;14,62;2,48;0
20210510:2110;0;0;0;0;14,09;2,55;0
20210510:2210;0;0;0;0;13,57;2,21;0
20210510:2310;0;0;0;0;13,04;2,07;0
20210511:0010;0;0;0;0;12,66;2;0
20210511:0110;0;0;0;0;12,29;1,86;0
20210511:0210;0;0;0;0;11,89;1,45;0
20210511:0310;0;0;0;0;11,38;1,45;0
20210511:0410;0;0;0,85;2,27;10,57;1,31;0
20210511:0510;35,45;0,03545;57,18;11,11;10,49;0,83;0
20210511:0610;82,18;0,08218;114,05;20,43;12,1;0,48;0
20210511:0710;136,91;0,13691;178,53;29,86;13,37;0,69;0
20210511:0810;113,17;0,11317;150,96;38,98;13,99;0,9;0
20210511:0910;349,57;0,34957;434,67;47,18;14,67;0,76;0
20210511:1010;132,33;0,13233;174,6;53,54;15,36;0,76;0
20210511:1110;104,99;0,10499;142,77;56,77;16,14;0,55;0
20210511:1210;114,96;0,11496;153,69;55,89;15,04;1,03;0
20210511:1310;176,82;0,17682;225,89;51,19;14,58;1,52;0
20210511:1410;92,46;0,09246;126,4;43,92;14,4;2,34;0
20210511:1510;143,03;0,14303;185,11;35,24;14,04;2,69;0
20210511:1610;42,47;0,04247;66,38;25,94;14,09;2,69;0
20210511:1710;27,33;0,02733;47,29;16,51;13,91;2,07;0
20210511:1810;7,32;0,00732;19,47;7,34;13,64;2;0
20210511:1910;0;0;0;0;12,97;1,93;0
20210511:2010;0;0;0;0;12,28;2,34;0
20210511:2110;0;0;0;0;11,73;2,97;0
20210511:2210;0;0;0;0;11,4;3,31;0
20210511:2310;0;0;0;0;11,06;3,52;0
20210512:0010;0;0;0;0;10,92;3,45;0
20210512:0110;0;0;0;0;10,84;3,17;0
20210512:0210;0;0;0;0;10,74;2,9;0
20210512:0310;0;0;0;0;10,49;2,69;0
20210512:0410;0;0;1,69;2,47;10,21;2,34;0
20210512:0510;38,32;0,03832;60,73;11,31;10,03;2,14;0
20210512:0610;65,04;0,06504;92,62;20,63;10,73;2,34;0
20210512:0710;277,14;0,27714;339,26;30,06;12;3,24;0
20210512:0810;309,53;0,30953;376,39;39,18;12,72;2,97;0
20210512:0910;569,87;0,56987;698,72;47,4;13,65;2,48;0
20210512:1010;380,13;0,38013;467,97;53,78;14,32;1,86;0
20210512:1110;48,76;0,04876;74,57;57,02;15,28;1,24;0
20210512:1210;167,27;0,16727;216,43;56,13;15,87;0,9;0
20210512:1310;687,23;0,68723;888,45;51,41;16,34;0,97;0
20210512:1410;429,92;0,42992;537,59;44,12;16,26;1,03;0
20210512:1510;413,22;0,41322;516,03;35,43;16,07;1,31;0
20210512:1610;183,65;0,18365;238,96;26,12;15,55;1,24;0
20210512:1710;17;0,017;33,65;16,7;14,4;1,1;0
20210512:1810;17,84;0,01784;34,71;7,54;13,58;0,76;0
20210512:1910;0;0;0;0;12,62;0,76;0
20210512:2010;0;0;0;0;11,1;1,03;0
20210512:2110;0;0;0;0;9,55;1,24;0
20210512:2210;0;0;0;0;9,82;0,55;0
20210512:2310;0;0;0;0;9,41;0,14;0
20210513:0010;0;0;0;0;8,15;0,83;0
20210513:0110;0;0;0;0;6,83;1,1;0
20210513:0210;0;0;0;0;6,01;1,17;0
20210513:0310;0;0;0;0;5,48;1,03;0
20210513:0410;0;0;2,54;2,68;5,56;1,03;0
20210513:0510;25,27;0,02527;51,75;11,51;6,33;0,97;0
20210513:0610;181,64;0,18164;251,47;20,82;8,68;1,03;0
20210513:0710;388,58;0,38858;481,42;30,25;12,12;1,1;0
20210513:0810;545,19;0,54519;677,51;39,38;13,79;1,1;0
20210513:0910;689,53;0,68953;882,65;47,62;15,32;1,1;0
20210513:1010;737,28;0,73728;965,1;54,02;16,29;0,9;0
20210513:1110;673,14;0,67314;880,78;57,27;16,82;0,62;0
20210513:1210;700,24;0,70024;930,72;56,38;17,4;0,34;0
20210513:1310;285,59;0,28559;362,29;51,64;17,59;0,62;0
20210513:1410;39,47;0,03947;63,66;44,33;17,58;0,9;0
20210513:1510;50,75;0,05075;77,3;35,62;16,45;2,21;0
20210513:1610;139,71;0,13971;182,37;26,31;14,86;4,07;0
20210513:1710;80,34;0,08034;115,05;16,88;13,23;3,17;0
20210513:1810;4,25;0,00425;14,39;7,73;12,79;2,55;0
20210513:1910;0;0;0;0;12,6;2;0
20210513:2010;0;0;0;0;11,93;1,59;0
20210513:2110;0;0;0;0;11,08;1,59;0
20210513:2210;0;0;0;0;10,64;1,59;0
20210513:2310;0;0;0;0;9,79;1,52;0
20210514:0010;0;0;0;0;8,89;1,45;0
20210514:0110;0;0;0;0;8,22;1,38;0
20210514:0210;0;0;0;0;7,59;1,31;0
20210514:0310;0;0;0;0;6,99;1,38;0
20210514:0410;0;0;4,23;2,87;6,59;1,38;0
20210514:0510;47,69;0,04769;72,6;11,7;7,3;1,03;0
20210514:0610;135,74;0,13574;178,93;21;9,55;1,03;0
20210514:0710;356;0,356;437,38;30,43;11,03;1,24;0
20210514:0810;538,55;0,53855;663,35;39,57;12,69;1,31;0
20210514:0910;584,62;0,58462;728,01;47,82;13,42;1,31;0
20210514:1010;171,11;0,17111;219,16;54,24;14,49;1,45;0
20210514:1110;45,88;0,04588;70,93;57,52;15,07;1,66;0
20210514:1210;504,29;0,50429;627,91;56,61;15,37;1,72;0
20210514:1310;727,2;0,7272;933,13;51,85;15,37;1,38;0
20210514:1410;80,17;0,08017;112,76;44,52;15,77;1,17;0
20210514:1510;221,62;0,22162;280,64;35,81;15,75;1,1;0
20210514:1610;81,89;0,08189;114,58;26,49;15,21;1,03;0
20210514:1710;81,57;0,08157;117,69;17,06;14,24;1,72;0
20210514:1810;12,42;0,01242;27,09;7,92;13,3;1,31;0
20210514:1910;0;0;0;0;12,38;1,93;0
20210514:2010;0;0;0;0;11,17;1,86;0
20210514:2110;0;0;0;0;10,12;1,86;0
20210514:2210;0;0;0;0;9,31;1,86;0
20210514:2310;0;0;0;0;8,94;1,86;0
20210515:0010;0;0;0;0;8,77;2,07;0
20210515:0110;0;0;0;0;8,27;2,41;0
20210515:0210;0;0;0;0;8;2,48;0
20210515:0310;0;0;0;0;7,93;2,48;0
20210515:0410;0;0;1,69;3,06;7,76;2,48;0
20210515:0510;6,14;0,00614;17,28;11,88;8,38;2,34;0
20210515:0610;31,57;0,03157;51,83;21,18;9,54;2,41;0
20210515:0710;142,68;0,14268;181,99;30,61;10,58;2,76;0
20210515:0810;470,39;0,47039;566,53;39,76;11,56;2,62;0
20210515:0910;293,47;0,29347;358,04;48,02;12,44;2,83;0
20210515:1010;78,36;0,07836;109,13;54,47;13,34;3,45;0
20210515:1110;445,45;0,44545;537,39;57,75;13,89;4,9;0
20210515:1210;465,71;0,46571;559,33;56,85;13,12;4,97;0
20210515:1310;41,86;0,04186;65,48;52,07;13,81;4,97;0
20210515:1410;135,25;0,13525;174,6;44,72;13,12;5,52;0
20210515:1510;247,67;0,24767;302,89;35,99;12,51;4,9;0
20210515:1610;151,33;0,15133;194,4;26,67;12,47;3,45;0
20210515:1710;41,27;0,04127;64,57;17,24;12,91;3,45;0
20210515:1810;24,97;0,02497;44,02;8,1;12,73;2,9;0
20210515:1910;0;0;0;0;11,35;2,07;0
20210515:2010;0;0;0;0;10,13;2,34;0
20210515:2110;0;0;0;0;9,59;2,55;0
20210515:2210;0;0;0;0;9,57;2,83;0
20210515:2310;0;0;0;0;9,35;3,31;0
20210516:0010;0;0;0;0;8,68;3,31;0
20210516:0110;0;0;0;0;8,17;2,9;0
20210516:0210;0;0;0;0;7,55;2,69;0
20210516:0310;0;0;0;0;7,24;2,76;0
20210516:0410;0,82;0,00082;7,62;3,25;7,33;2,69;0
20210516:0510;23,16;0,02316;40,92;12,05;8,08;2,69;0
20210516:0610;16,79;0,01679;32,74;21,35;9,62;2,69;0
20210516:0710;107;0,107;140,95;30,78;10,37;2,76;0
20210516:0810;154,08;0,15408;194,88;39,94;10,55;2,97;0
20210516:0910;619,46;0,61946;747,45;48,22;11,05;3,17;0
20210516:1010;763,74;0,76374;943,64;54,68;12,32;3,1;0
20210516:1110;611,01;0,61101;750,88;57,98;13,91;3,1;0
20210516:1210;743,27;0,74327;928,3;57,08;15,09;3,31;0
20210516:1310;50,37;0,05037;76,39;52,28;15,21;3,17;0
20210516:1410;253,61;0,25361;313,86;44,91;14,03;2,76;0
20210516:1510;147,97;0,14797;192,3;36,17;15,04;1,52;0
20210516:1610;248,71;0,24871;321,7;26,84;14,06;2,34;0
20210516:1710;20,57;0,02057;38,19;17,42;12,47;2,07;0
20210516:1810;26,31;0,02631;45,72;8,29;12,33;1,45;0
20210516:1910;0;0;0;0;11,93;1,79;0
20210516:2010;0;0;0;0;10,82;2,21;0
20210516:2110;0;0;0;0;9,68;2,28;0
20210516:2210;0;0;0;0;8,86;2,07;0
20210516:2310;0;0;0;0;8,13;2,14;0
20210517:0010;0;0;0;0;8,2;1,93;0
20210517:0110;0;0;0;0;8,69;1,93;0
20210517:0210;0;0;0;0;9,11;2,14;0
20210517:0310;0;0;0;0;9,3;2,55;0
20210517:0410;0;0;1,69;3,43;9,16;2,83;0
20210517:0510;3,39;0,00339;12,73;12,23;9,25;3,1;0
20210517:0610;34,45;0,03445;55,47;21,52;9,94;3,1;0
20210517:0710;88,69;0,08869;120,04;30,95;10,9;3,31;0
20210517:0810;272,34;0,27234;330,61;40,11;11,79;4;0
20210517:0910;398,28;0,39828;477,88;48,41;12,65;4,62;0
20210517:1010;283,81;0,28381;344,36;54,89;12,36;5,1;0
20210517:1110;210,88;0,21088;261,39;58,21;12,88;5,03;0
20210517:1210;77,49;0,07749;108,22;57,3;13,99;5,38;0
20210517:1310;108,78;0,10878;144,59;52,48;13,8;5,31;0
20210517:1410;176,31;0,17631;221,51;45,1;13,14;6;0
20210517:1510;245,02;0,24502;301,13;36,35;13,64;5,24;0
20210517:1610;87;0,087;119,13;27,01;13,57;5,66;0
20210517:1710;90,47;0,09047;134,11;17,6;12,77;5,31;0
20210517:1810;25,7;0,0257;44,87;8,47;12,31;4;0
20210517:1910;0;0;0;0;11,62;3,31;0
20210517:2010;0;0;0;0;10,63;2,69;0
20210517:2110;0;0;0;0;9,69;2,48;0
20210517:2210;0;0;0;0;9,14;2,55;0
20210517:2310;0;0;0;0;9,12;2,48;0
20210518:0010;0;0;0;0;8,84;2,41;0
20210518:0110;0;0;0;0;8,81;2,62;0
20210518:0210;0;0;0;0;8,76;2,83;0
20210518:0310;0;0;0;0;8,42;3,03;0
20210518:0410;0;0;3,39;3,6;9,09;3,38;0
20210518:0510;9,68;0,00968;22,73;12,39;9,38;3,59;0
20210518:0610;17,47;0,01747;33,65;21,68;9,63;3,72;0
20210518:0710;176,82;0,17682;219,97;31,11;9,95;3,86;0
20210518:0810;293,68;0,29368;354,11;40,28;10,99;3,79;0
20210518:0910;178,11;0,17811;222,23;48,59;10,8;3,72;0
20210518:1010;107,91;0,10791;142,77;55,1;11,87;3,31;0
20210518:1110;391,77;0,39177;475,06;58,43;13,12;3,45;0
20210518:1210;518,14;0,51814;630,64;57,52;14;3,59;0
20210518:1310;658,3;0,6583;807,55;52,69;14,77;3,86;0
20210518:1410;226,06;0,22606;281,89;45,28;14,85;3,72;0
20210518:1510;80,26;0,08026;111,85;36,52;14,3;3,1;0
20210518:1610;21,16;0,02116;39,1;27,18;13,48;3,86;0
20210518:1710;15,23;0,01523;30,92;17,77;12,28;3,52;0
20210518:1810;23,11;0,02311;41,48;8,65;12,06;2,76;0
20210518:1910;0;0;0;0;11,7;0,76;0
20210518:2010;0;0;0;0;10,82;0,55;0
20210518:2110;0;0;0;0;9,81;0,76;0
20210518:2210;0;0;0;0;7,87;1,31;0
20210518:2310;0;0;0;0;6,51;1,66;0
20210519:0010;0;0;0;0;6,09;1,93;0
20210519:0110;0;0;0;0;5,79;2,07;0
20210519:0210;0;0;0;0;5,53;2,21;0
20210519:0310;0;0;0;0;5,34;2,28;0
20210519:0410;0;0;3,39;3,77;5,35;2,21;0
20210519:0510;32,77;0,03277;52,74;12,55;6,61;1,79;0
20210519:0610;144,54;0,14454;188,44;21,83;8,83;1,86;0
20210519:0710;391,48;0,39148;472,9;31,27;10,29;3,31;0
20210519:0810;393,26;0,39326;469,87;40,45;10,99;3,66;0
20210519:0910;276,99;0,27699;337,05;48,77;12,05;3,79;0
20210519:1010;324,49;0,32449;394,65;55,29;13,02;3,59;0
20210519:1110;128,78;0,12878;168,24;58,65;13,87;3,31;0
20210519:1210;814,07;0,81407;1027,94;57,73;14,52;2,9;0
20210519:1310;410,47;0,41047;503,89;52,88;14,78;2,48;0
20210519:1410;435,41;0,43541;533,23;45,46;14,88;2,62;0
20210519:1510;345,46;0,34546;423,16;36,69;14,2;2,83;0
20210519:1610;24,66;0,02466;43,65;27,35;12,96;2,48;0
20210519:1710;91,3;0,0913;129,43;17,94;12,6;1,52;0
20210519:1810;27,61;0,02761;47,41;8,82;12,16;0,21;0
20210519:1910;0;0;0;0;11,4;1,24;0
20210519:2010;0;0;0;0;10,04;1,1;0
20210519:2110;0;0;0;0;9,27;1,52;0
20210519:2210;0;0;0;0;8,83;1,79;0
20210519:2310;0;0;0;0;8,38;2;0
20210520:0010;0;0;0;0;8,02;2,07;0
20210520:0110;0;0;0;0;7,47;2,21;0
20210520:0210;0;0;0;0;7,13;2,07;0
20210520:0310;0;0;0;0;7,03;1,86;0
20210520:0410;0;0;4,23;3,93;6,77;1,93;0
20210520:0510;52,84;0,05284;78,48;12,7;7,36;1,93;0
20210520:0610;76,74;0,07674;105,31;21,98;8,56;2,97;0
20210520:0710;172,87;0,17287;215,73;31,42;9,24;2,14;0
20210520:0810;285,82;0,28582;345,95;40,6;10,33;2,48;0
20210520:0910;569,28;0,56928;692,05;48,94;11,53;2,34;0
20210520:1010;641,47;0,64147;790,58;55,49;12,94;2,55;0
20210520:1110;705,84;0,70584;880,56;58,86;14,35;2,83;0
20210520:1210;318,43;0,31843;393,08;57,94;15,24;2,83;0
20210520:1310;294,97;0,29497;365,45;53,08;15,56;2,76;0
20210520:1410;242,19;0,24219;302,85;45,64;15,84;2,9;0
20210520:1510;153,74;0,15374;198,74;36,86;15,59;3,03;0
20210520:1610;97,51;0,09751;132,65;27,52;15,08;2,9;0
20210520:1710;23,75;0,02375;42,74;18,1;14,66;2,83;0
20210520:1810;7,84;0,00784;20,32;8,99;14,07;3,38;0
20210520:1910;0;0;0;0;13,05;3,38;0
20210520:2010;0;0;0;0;12,44;3,31;0
20210520:2110;0;0;0;0;11,91;3,59;0
20210520:2210;0;0;0;0;12,02;3,93;0
20210520:2310;0;0;0;0;12,05;4,07;0
20210521:0010;0;0;0;0;11,84;4,07;0
20210521:0110;0;0;0;0;11,96;4;0
20210521:0210;0;0;0;0;11,84;3,79;0
20210521:0310;0;0;0;0;11,83;3,59;0
20210521:0410;0;0;3,39;4,09;11,64;3,59;0
20210521:0510;45,66;0,04566;69,95;12,85;11,55;3,72;0
20210521:0610;101,42;0,10142;136,01;22,13;12,01;3,72;0
20210521:0710;302,48;0,30248;367,57;31,56;12,77;5,66;0
20210521:0810;298,53;0,29853;361,11;40,75;13,03;5,59;0
20210521:0910;518,53;0,51853;618,79;49,11;13,43;6,21;0
20210521:1010;369,47;0,36947;445,13;55,67;14,29;6,9;0
20210521:1110;446,09;0,44609;536;59,06;14,76;7,17;0
20210521:1210;340,27;0,34027;412,28;58,14;15,2;7,79;0
20210521:1310;525,97;0,52597;630,05;53,27;15,18;7,72;0
20210521:1410;241,95;0,24195;298,31;45,82;15,27;8;0
20210521:1510;204,52;0,20452;255,34;37,03;15,01;7,17;0
20210521:1610;270,78;0,27078;349,12;27,68;14,8;5,93;0
20210521:1710;78,95;0,07895;111,48;18,26;14,35;4,97;0
20210521:1810;23,56;0,02356;42,33;9,16;13,78;4,28;0
20210521:1910;0;0;0;0;13;3,93;0
20210521:2010;0;0;0;0;12,15;4,21;0
20210521:2110;0;0;0;0;11,31;3,86;0
20210521:2210;0;0;0;0;11,09;3,86;0
20210521:2310;0;0;0;0;10,38;3,93;0
20210522:0010;0;0;0;0;10,06;4,21;0
20210522:0110;0;0;0;0;9,74;4,55;0
20210522:0210;0;0;0;0;9,49;4,9;0
20210522:0310;0;0;0;0;9,24;5,31;0
20210522:0410;0,44;0,00044;6,77;4,24;9,22;5,86;0
20210522:0510;54,61;0,05461;81,13;13;9,22;6,28;0
20210522:0610;155,88;0,15588;201,83;22,26;9,32;5,93;0
20210522:0710;61,65;0,06165;88,21;31,7;10,77;7,59;0
20210522:0810;75,68;0,07568;104,58;40,9;10,63;6,21;0
20210522:0910;115,1;0,1151;150,05;49,27;11,28;7,1;0
20210522:1010;83,08;0,08308;113,67;55,85;12,1;8,28;0
20210522:1110;208,89;0,20889;256,82;59,26;11,68;7,17;0
20210522:1210;228,7;0,2287;280,28;58,34;12,17;6,34;0
20210522:1310;96,61;0,09661;130,04;53,45;13,05;5,52;0
20210522:1410;124,13;0,12413;161,87;45,99;13,12;5,24;0
20210522:1510;140,82;0,14082;180,17;37,19;12,08;5,59;0
20210522:1610;42,42;0,04242;65,48;27,84;11,17;4,97;0
20210522:1710;40,94;0,04094;63,66;18,42;11,07;4,9;0
20210522:1810;13,8;0,0138;28,78;9,33;10,91;3,24;0
20210522:1910;0;0;0;0;9,95;2,62;0
20210522:2010;0;0;0;0;9,6;2,21;0
20210522:2110;0;0;0;0;9,02;2,34;0
20210522:2210;0;0;0;0;8,59;2,62;0
20210522:2310;0;0;0;0;8,49;2,9;0
20210523:0010;0;0;0;0;8,67;2,97;0
20210523:0110;0;0;0;0;8,43;2,9;0
20210523:0210;0;0;0;0;8,55;3,03;0
20210523:0310;0;0;0;0;8,24;3,24;0
20210523:0410;0;0;3,39;4,39;8,05;3,24;0
20210523:0510;45,75;0,04575;69,08;13,13;8,25;3,31;0
20210523:0610;161,81;0,16181;210,52;22,4;9,07;3,45;0
20210523:0710;375,31;0,37531;448,6;31,83;9,96;5,38;0
20210523:0810;545,15;0,54515;644,49;41,04;10,98;5,31;0
20210523:0910;430,41;0,43041;511,88;49,42;12,02;5,86;0
20210523:1010;486,73;0,48673;581,17;56,02;12,73;5,79;0
20210523:1110;416,12;0,41612;499,74;59,45;13,18;5,52;0
20210523:1210;100,94;0,10094;135,5;58,53;13,9;5,79;0
20210523:1310;288,02;0,28802;351,69;53,63;14,29;5,72;0
20210523:1410;432,67;0,43267;521,47;46,15;14,37;5,1;0
20210523:1510;253,63;0,25363;313,31;37,35;14,51;4,07;0
20210523:1610;128,7;0,1287;169,07;27,99;14,22;2,48;0
20210523:1710;97,63;0,09763;142,8;18,58;14,27;2,07;0
20210523:1810;27,43;0,02743;47,41;9,49;13,83;2,14;0
20210523:1910;0;0;0;0;12,77;2,34;0
20210523:2010;0;0;0;0;11,37;2,69;0
20210523:2110;0;0;0;0;10,55;3,1;0
20210523:2210;0;0;0;0;10,39;3,45;0
20210523:2310;0;0;0;0;10,06;3,79;0
20210524:0010;0;0;0;0;9,94;3,86;0
20210524:0110;0;0;0;0;9,78;3,79;0
20210524:0210;0;0;0;0;9,54;4,07;0
20210524:0310;0;0;0;0;9,58;4,34;0
20210524:0410;0;0;3,39;4,53;9,61;4,48;0
20210524:0510;55,2;0,0552;82,13;13,26;10,2;4,55;0
20210524:0610;184,45;0,18445;251,54;22,52;11,54;3,93;0
20210524:0710;395,7;0,3957;480,65;31,96;13,06;4,97;0
20210524:0810;265,71;0,26571;325,79;41,17;14,36;5,17;0
20210524:0910;161;0,161;206,43;49,56;15,79;5,86;0
20210524:1010;100,04;0,10004;135,5;56,19;15,95;6,83;0
20210524:1110;120,92;0,12092;159,14;59,63;14,6;5,45;0
20210524:1210;180,26;0,18026;227,35;58,72;13,77;4,41;0
20210524:1310;89,19;0,08919;121,86;53,81;13,51;3,79;0
20210524:1410;73,78;0,07378;103,67;46,32;13,17;3,38;0
20210524:1510;63,85;0,06385;91,85;37,5;13;3,38;0
20210524:1610;46,54;0,04654;70,93;28,14;12,6;3,45;0
20210524:1710;89,05;0,08905;142,61;18,74;12,52;3,38;0
20210524:1810;30,27;0,03027;50,8;9,65;12,64;3,45;0
20210524:1910;0;0;0;0;11,2;3,38;0
20210524:2010;0;0;0;0;10,67;3,45;0
20210524:2110;0;0;0;0;10,03;3,38;0
20210524:2210;0;0;0;0;9,57;3,93;0
20210524:2310;0;0;0;0;8,74;3,93;0
20210525:0010;0;0;0;0;8,33;3,86;0
20210525:0110;0;0;0;0;7,96;4,07;0
20210525:0210;0;0;0;0;7,73;4;0
20210525:0310;0;0;0;0;7,47;3,93;0
20210525:0410;9,29;0,00929;22,01;4,66;7,55;4,28;0
20210525:0510;50,28;0,05028;74,47;13,39;7,7;4,07;0
20210525:0610;51,51;0,05151;75,48;22,64;7,92;4,48;0
20210525:0710;68,5;0,0685;95,49;32,08;8,3;3,79;0
20210525:0810;221,49;0,22149;268,48;41,29;8,53;4,28;0
20210525:0910;409,67;0,40967;479,98;49,7;8,2;5,45;0
20210525:1010;209,24;0,20924;254,98;56,35;9,06;5,45;0
20210525:1110;401,27;0,40127;475,88;59,81;10,01;5,17;0
20210525:1210;500,48;0,50048;597,89;58,9;12,91;6;0
20210525:1310;214,15;0,21415;263,75;53,98;12,57;7,17;0
20210525:1410;347,24;0,34724;416,19;46,48;13,14;7,1;0
20210525:1510;70,36;0,07036;99,12;37,65;12,51;6,62;0
20210525:1610;63,48;0,06348;90,94;28,29;12,22;6,41;0
20210525:1710;25,54;0,02554;44,56;18,89;11,85;4,83;0
20210525:1810;1,56;0,00156;9,31;9,8;11,49;5,1;0
20210525:1910;0;0;0;0;10,04;3,59;0
20210525:2010;0;0;0;0;9,6;3,24;0
20210525:2110;0;0;0;0;9,38;3,24;0
20210525:2210;0;0;0;0;8,95;3,31;0
20210525:2310;0;0;0;0;8,76;3,31;0
20210526:0010;0;0;0;0;8,62;3,24;0
20210526:0110;0;0;0;0;8,4;3,17;0
20210526:0210;0;0;0;0;8,27;3,17;0
20210526:0310;0;0;0;0;8,25;3,24;0
20210526:0410;0;0;3,39;4,79;8,23;3,1;0
20210526:0510;16,23;0,01623;31,83;13,51;8,26;2,76;0
20210526:0610;124,63;0,12463;162,2;22,76;8,61;2,14;0
20210526:0710;128,56;0,12856;164,77;32,19;8,92;2,41;0
20210526:0810;202,14;0,20214;249,58;41,42;10,39;2,97;0
20210526:0910;313,82;0,31382;380,96;49,84;11,2;2,28;0
20210526:1010;86,56;0,08656;118,22;56,51;12,01;2,62;0
20210526:1110;111,66;0,11166;147,32;59,98;12,2;3,24;0
20210526:1210;97,67;0,09767;130,95;59,08;12;3,66;0
20210526:1310;223,95;0,22395;276,8;54,15;12,96;4,48;0
20210526:1410;469,56;0,46956;563,84;46,63;13,27;4,62;0
20210526:1510;131,25;0,13125;170,96;37,8;14,25;4,9;0
20210526:1610;22,7;0,0227;40,92;28,44;12,21;6,21;0
20210526:1710;79,37;0,07937;140,29;19,03;11,48;4,07;0
20210526:1810;23,84;0,02384;42,33;9,95;11,5;3,45;0
20210526:1910;0;0;0;0;10,69;3,66;0
20210526:2010;0;0;0;0;10,08;3,59;0
20210526:2110;0;0;0;0;9,75;3,72;0
20210526:2210;0;0;0;0;9,47;3,93;0
20210526:2310;0;0;0;0;9,63;3,93;0
20210527:0010;0;0;0;0;9,66;3,93;0
20210527:0110;0;0;0;0;9,65;4;0
20210527:0210;0;0;0;0;9,58;4,14;0
20210527:0310;0;0;0;0;9,58;4,21;0
20210527:0410;2,9;0,0029;11,85;4,91;9,49;4,55;0
20210527:0510;27,29;0,02729;46,38;13,62;9,45;5,1;0
20210527:0610;39,75;0,03975;61,84;22,87;9,6;5,24;0
20210527:0710;63,32;0,06332;90,03;32,3;9,81;3,66;0
20210527:0810;143,31;0,14331;180,97;41,53;9,3;5,17;0
20210527:0910;132,74;0,13274;169,15;49,97;9,24;4,48;0
20210527:1010;117,99;0,11799;152,78;56,65;9,63;4;0
20210527:1110;92,07;0,09207;123,68;60,15;10,52;3,79;0
20210527:1210;90,07;0,09007;121,86;59,25;11,48;3,79;0
20210527:1310;126,56;0,12656;164,6;54,31;12,73;4,28;0
20210527:1410;224,25;0,22425;277,29;46,78;13,53;5,03;0
20210527:1510;94,2;0,0942;127,31;37,95;12,92;4,34;0
20210527:1610;100,12;0,10012;134,45;28,58;13,48;5,03;0
20210527:1710;32,47;0,03247;53,65;19,18;13,15;4,14;0
20210527:1810;16,11;0,01611;32,17;10,1;12,62;3,52;0
20210527:1910;0;0;0,85;1,7;10,96;3,17;0
20210527:2010;0;0;0;0;10,65;2,83;0
20210527:2110;0;0;0;0;10,41;2,69;0
20210527:2210;0;0;0;0;10,18;2,41;0
20210527:2310;0;0;0;0;9,85;2,07;0
20210528:0010;0;0;0;0;9,46;2;0
20210528:0110;0;0;0;0;8,79;2;0
20210528:0210;0;0;0;0;8,06;1,79;0
20210528:0310;0;0;0;0;7,24;1,45;0
20210528:0410;11,08;0,01108;24,55;5,02;6,74;1,1;0
20210528:0510;37,46;0,03746;68,75;13,73;7,18;0,83;0
20210528:0610;189,8;0,1898;261,03;22,97;9,33;1,24;0
20210528:0710;344,7;0,3447;422,2;32,41;10,17;1,1;0
20210528:0810;491,95;0,49195;599,8;41,64;11,13;1,31;0
20210528:0910;626,98;0,62698;778;50,09;12,14;1,45;0
20210528:1010;643,14;0,64314;804,77;56,79;13,19;1,59;0
20210528:1110;778,11;0,77811;997,45;60,31;14,27;1,72;0
20210528:1210;598,08;0,59808;750,3;59,42;14,95;1,72;0
20210528:1310;601,55;0,60155;754,31;54,47;15,73;1,93;0
20210528:1410;459,86;0,45986;570,34;46,93;16,32;2,07;0
20210528:1510;236,38;0,23638;298,24;38,09;16,56;1,93;0
20210528:1610;199,81;0,19981;258,49;28,72;16,41;1,66;0
20210528:1710;99,58;0,09958;150,08;19,32;16,15;1,38;0
20210528:1810;36,36;0,03636;59,26;10,25;15,76;1,31;0
20210528:1910;0;0;0,85;1,85;14,17;2,28;0
20210528:2010;0;0;0;0;12,83;2,48;0
20210528:2110;0;0;0;0;11,87;2,55;0
20210528:2210;0;0;0;0;10,96;2,55;0
20210528:2310;0;0;0;0;10;2,21;0
20210529:0010;0;0;0;0;8,83;1,79;0
20210529:0110;0;0;0;0;7,97;1,31;0
20210529:0210;0;0;0;0;8,58;0,9;0
20210529:0310;0;0;0;0;8,08;0,62;0
20210529:0410;10,43;0,01043;23,7;5,13;7,67;0,69;0
20210529:0510;28,86;0,02886;60,93;13,83;8,25;0,69;0
20210529:0610;191,63;0,19163;266,5;23,07;10,6;1,17;0
20210529:0710;390,38;0,39038;485,45;32,5;13,05;1,24;0
20210529:0810;573,07;0,57307;709,38;41,74;14,59;1,93;0
20210529:0910;698,6;0,6986;873,08;50,2;15,37;2,62;0
20210529:1010;716,23;0,71623;897,51;56,93;15,76;3,03;0
20210529:1110;849,15;0,84915;1083,52;60,46;15,97;3,1;0
20210529:1210;783,86;0,78386;993,83;59,58;16,53;3,1;0
20210529:1310;704,53;0,70453;882,92;54,62;16,7;3,17;0
20210529:1410;641,45;0,64145;796,21;47,07;16,86;3,24;0
20210529:1510;485,14;0,48514;599,26;38,23;16,69;3,24;0
20210529:1610;251,47;0,25147;325,11;28,86;16,52;3,24;0
20210529:1710;80,46;0,08046;143,68;19,45;16,26;3,03;0
20210529:1810;27,18;0,02718;47,41;10,39;15,59;2,14;0
20210529:1910;0;0;1,69;1,99;14,41;1,93;0
20210529:2010;0;0;0;0;12,7;2;0
20210529:2110;0;0;0;0;10,96;1,79;0
20210529:2210;0;0;0;0;9,51;1,66;0
20210529:2310;0;0;0;0;8,45;1,66;0
20210530:0010;0;0;0;0;7,55;1,72;0
20210530:0110;0;0;0;0;6,89;1,79;0
20210530:0210;0;0;0;0;6,44;1,79;0
20210530:0310;0;0;0;0;6,07;1,79;0
20210530:0410;12,35;0,01235;26,24;5,24;5,73;1,79;0
20210530:0510;32,01;0,03201;63,68;13,93;7,19;1,31;0
20210530:0610;189,05;0,18905;262,16;23,16;10,71;1,24;0
20210530:0710;392,03;0,39203;484,06;32,59;12,58;1,79;0
20210530:0810;567,77;0,56777;703,41;41,84;14,16;1,66;0
20210530:0910;683,76;0,68376;871,25;50,31;15,62;1,38;0
20210530:1010;773,58;0,77358;1018,39;57,06;16,91;1,1;0
20210530:1110;815,24;0,81524;1080,34;60,61;18,13;1,52;0
20210530:1210;775,95;0,77595;1009,68;59,73;19,11;2,28;0
20210530:1310;583,18;0,58318;737,61;54,77;19,36;2,62;0
20210530:1410;546,28;0,54628;686,18;47,21;19,4;2,76;0
20210530:1510;393,19;0,39319;492,96;38,36;19,2;2,69;0
20210530:1610;218,88;0,21888;285,28;28,99;18,94;2,55;0
20210530:1710;79,21;0,07921;144,22;19,59;18,83;2,76;0
20210530:1810;28,83;0,02883;49,95;10,52;17,6;2,28;0
20210530:1910;0;0;2,54;2,13;16,63;2,48;0
20210530:2010;0;0;0;0;14,85;2,62;0
20210530:2110;0;0;0;0;13,58;2,55;0
20210530:2210;0;0;0;0;12,49;2,41;0
20210530:2310;0;0;0;0;11,48;2,28;0
20210531:0010;0;0;0;0;10,49;2,07;0
20210531:0110;0;0;0;0;9,52;1,93;0
20210531:0210;0;0;0;0;8,74;1,72;0
20210531:0310;0;0;0;0;8,68;1,45;0
20210531:0410;12,72;0,01272;27,09;5,33;9,05;1,17;0
20210531:0510;35,05;0,03505;67,23;14,01;10,53;0,69;0
20210531:0610;185,04;0,18504;259,5;23,24;12,66;0,48;0
20210531:0710;379,48;0,37948;480,1;32,68;15,16;0,55;0
20210531:0810;544,96;0,54496;700,71;41,93;16,85;0,14;0
20210531:0910;660,94;0,66094;867,23;50,41;18,06;0,48;0
20210531:1010;740,13;0,74013;975,74;57,18;19,21;1,31;0
20210531:1110;724,98;0,72498;944,84;60,75;20,13;2,14;0
20210531:1210;774,12;0,77412;1017,64;59,88;20,3;2,07;0
20210531:1310;679,48;0,67948;883,81;54,91;20,55;1,79;0
20210531:1410;579,11;0,57911;740,62;47,35;20,86;2;0
20210531:1510;426,34;0,42634;541,53;38,49;21,07;2,21;0
20210531:1610;241,36;0,24136;319,89;29,12;21,12;2,14;0
20210531:1710;99,74;0,09974;152,39;19,72;20,64;1,31;0
20210531:1810;35,58;0,03558;59,26;10,66;19,98;1,17;0
20210531:1910;0;0;2,54;2,27;18,5;1,72;0
20210531:2010;0;0;0;0;16,02;2,21;0
20210531:2110;0;0;0;0;14,45;2,48;0
20210531:2210;0;0;0;0;13,46;2,62;0
20210531:2310;0;0;0;0;12,68;2,62;0
20210601:0010;0;0;0;0;11,97;2,55;0
20210601:0110;0;0;0;0;11,35;2,55;0
20210601:0210;0;0;0;0;10,85;2,62;0
20210601:0310;0;0;0;0;10,41;2,62;0
20210601:0410;11,47;0,01147;25,4;5,43;10,1;2,55;0
20210601:0510;30,92;0,03092;63,55;14,1;11,02;2,28;0
20210601:0610;188,42;0,18842;264,17;23,32;13,47;2,07;0
20210601:0710;390,23;0,39023;487,81;32,76;16,16;2,48;0
20210601:0810;564,48;0,56448;704,43;42,01;18,01;2,69;0
20210601:0910;689,96;0,68996;872,24;50,51;19,36;3,31;0
20210601:1010;787,58;0,78758;1007,41;57,29;20,16;3,86;0
20210601:1110;833,34;0,83334;1078,76;60,89;20,81;3,79;0
20210601:1210;803,63;0,80363;1040,67;60,02;21,37;3,66;0
20210601:1310;753,87;0,75387;971,56;55,05;21,82;3,52;0
20210601:1410;617,33;0,61733;784,57;47,48;22,1;3,38;0
20210601:1510;469,06;0,46906;594,58;38,61;22,17;3,31;0
20210601:1610;253,63;0,25363;337,2;29,24;22,05;3,1;0
20210601:1710;79,69;0,07969;147,14;19,84;21,59;2,28;0
20210601:1810;27,74;0,02774;49,1;10,78;20,56;1,79;0
20210601:1910;0;0;4,23;2,4;19,49;1,93;0
20210601:2010;0;0;0;0;17,15;2,34;0
20210601:2110;0;0;0;0;15,25;2,28;0
20210601:2210;0;0;0;0;14,07;2,34;0
20210601:2310;0;0;0;0;13,14;2,28;0
20210602:0010;0;0;0;0;12,26;2,14;0
20210602:0110;0;0;0;0;11,4;2,07;0
20210602:0210;0;0;0;0;10,67;2,07;0
20210602:0310;0;0;0;0;10;2;0
20210602:0410;11,49;0,01149;25,4;5,51;9,62;1,93;0
20210602:0510;32,38;0,03238;64,89;14,18;11,33;1,72;0
20210602:0610;184,25;0,18425;260,93;23,4;15,23;1,66;0
20210602:0710;378,17;0,37817;478,47;32,83;17,86;1,93;0
20210602:0810;549,52;0,54952;695,53;42,09;20,03;2,21;0
20210602:0910;670,01;0,67001;865,1;50,6;21,66;2,41;0
20210602:1010;759,9;0,7599;995,25;57,4;22,79;2,9;0
20210602:1110;782,88;0,78288;1024,45;61,02;23,41;3,52;0
20210602:1210;777,41;0,77741;1015,62;60,16;23,86;3,72;0
20210602:1310;714,74;0,71474;926,07;55,18;24,19;3,72;0
20210602:1410;605,19;0,60519;775,92;47,61;24,44;3,59;0
20210602:1510;457,79;0,45779;585,48;38,74;24,47;3,59;0
20210602:1610;258,22;0,25822;348,1;29,36;24,18;3,38;0
20210602:1710;86,25;0,08625;150,24;19,96;23,52;2,9;0
20210602:1810;29,42;0,02942;51,64;10,91;22,26;2,83;0
20210602:1910;0;0;3,39;2,53;21,24;2,76;0
20210602:2010;0;0;0;0;19,73;2,9;0
20210602:2110;0;0;0;0;18,71;2,9;0
20210602:2210;0;0;0;0;18,06;2,76;0
20210602:2310;0;0;0;0;17,32;2,69;0
20210603:0010;0;0;0;0;16,92;2,41;0
20210603:0110;0;0;0;0;16,23;2,21;0
20210603:0210;0;0;0;0;15,65;2,14;0
20210603:0310;0;0;0;0;15,01;2,14;0
20210603:0410;11,17;0,01117;25,4;5,59;14,65;2;0
20210603:0510;56,58;0,05658;85,72;14,25;15,65;1,66;0
20210603:0610;152,02;0,15202;206,98;23,46;17,8;1,72;0
20210603:0710;104,37;0,10437;143,68;32,9;19,71;2,07;0
20210603:0810;276,7;0,2767;353,53;42,16;21,4;2,14;0
20210603:0910;43,48;0,04348;70,02;50,68;22,52;1,93;0
20210603:1010;81,03;0,08103;117,31;57,5;23,28;1,86;0
20210603:1110;118,9;0,1189;163,69;61,14;23,23;1,93;0
20210603:1210;392,18;0,39218;502,09;60,29;23,01;2,34;0
20210603:1310;372,42;0,37242;476,97;55,31;23,34;2,41;0
20210603:1410;308,52;0,30852;396,64;47,73;23,22;2,07;0
20210603:1510;26,63;0,02663;48,2;38,86;23,54;1,31;0
20210603:1610;69,22;0,06922;102,76;29,48;23,26;1,38;0
20210603:1710;28,76;0,02876;50,93;20,08;22,79;0,9;0
20210603:1810;32,18;0,03218;55,03;11,03;20,78;1,1;0
20210603:1910;0;0;0,85;2,66;19,57;1,59;0
20210603:2010;0;0;0;0;18,72;1,1;0
20210603:2110;0;0;0;0;17,83;1,31;0
20210603:2210;0;0;0;0;17,51;0,62;0
20210603:2310;0;0;0;0;17,11;0,62;0
20210604:0010;0;0;0;0;16,03;0,9;0
20210604:0110;0;0;0;0;15,29;0,9;0
20210604:0210;0;0;0;0;15,13;0,69;0
20210604:0310;0;0;0;0;14,74;0,41;0
20210604:0410;12,9;0,0129;27,94;5,66;14,74;0,21;0
20210604:0510;45,73;0,04573;78,22;14,32;15,34;0,07;0
20210604:0610;123,54;0,12354;167,79;23,53;16,39;0;0
20210604:0710;276,2;0,2762;355,57;32,96;18,96;0,34;0
20210604:0810;491,71;0,49171;634,95;42,23;20,38;0,48;0
20210604:0910;568,89;0,56889;749,76;50,76;21,84;0,48;0
20210604:1010;665,5;0,6655;897,07;57,59;22,83;0,62;0
20210604:1110;517,68;0,51768;682,91;61,25;23,59;0,76;0
20210604:1210;261,2;0,2612;342,55;60,42;23,92;0,69;0
20210604:1310;484,82;0,48482;636,41;55,43;24,17;0,9;0
20210604:1410;381,75;0,38175;494,1;47,85;24,11;1,38;0
20210604:1510;358,41;0,35841;464,27;38,97;24,13;1,52;0
20210604:1610;221,01;0,22101;295,86;29,59;23,3;1,66;0
20210604:1710;53,53;0,05353;82,75;20,2;22,16;1,03;0
20210604:1810;10,78;0,01078;25,4;11,15;20,87;1,24;0
20210604:1910;0;0;1,69;2,78;20,36;0,41;0
20210604:2010;0;0;0;0;19,43;1,52;0
20210604:2110;0;0;0;0;18,49;1,52;0
20210604:2210;0;0;0;0;18,11;1,52;0
20210604:2310;0;0;0;0;17,81;1,79;0
20210605:0010;0;0;0;0;17,75;1,79;0
20210605:0110;0;0;0;0;17,6;1,79;0
20210605:0210;0;0;0;0;17,45;1,86;0
20210605:0310;0;0;0;0;17,23;2;0
20210605:0410;9,34;0,00934;22,86;5,73;17,07;1,66;0
20210605:0510;57,12;0,05712;86,66;14,38;17,07;1,66;0
20210605:0610;96,59;0,09659;133,36;23,58;17,21;2,21;0
20210605:0710;114,02;0,11402;153,73;33,02;17,76;2,9;0
20210605:0810;157,32;0,15732;205,01;42,29;17,98;3,17;0
20210605:0910;150,65;0,15065;197,34;50,83;18,24;3,31;0
20210605:1010;140,28;0,14028;185,51;57,68;18,74;3,17;0
20210605:1110;228,58;0,22858;290,55;61,36;18,76;3,38;0
20210605:1210;221,81;0,22181;282,89;60,53;19,23;3,59;0
20210605:1310;220,48;0,22048;281,53;55,55;19,65;3,86;0
20210605:1410;111,6;0,1116;151,87;47,96;19,6;3,66;0
20210605:1510;96,53;0,09653;133,68;39,08;19,32;3,72;0
20210605:1610;57,56;0,05756;86,39;29,7;18,96;3,72;0
20210605:1710;22,6;0,0226;41,83;20,31;18,66;3,79;0
20210605:1810;1,87;0,00187;10,16;11,26;18,08;3,72;0
20210605:1910;0;0;1,69;2,89;16,28;3,31;0
20210605:2010;0;0;0;0;15,71;3,45;0
20210605:2110;0;0;0;0;15,23;3,52;0
20210605:2210;0;0;0;0;14,7;3,38;0
20210605:2310;0;0;0;0;14,17;3,45;0
20210606:0010;0;0;0;0;13,74;3,38;0
20210606:0110;0;0;0;0;13,33;3,17;0
20210606:0210;0;0;0;0;12,98;3,1;0
20210606:0310;0;0;0;0;12,67;2,97;0
20210606:0410;1,54;0,00154;9,31;5,79;12,48;2,97;0
20210606:0510;9,51;0,00951;22,73;14,43;12,53;3,52;0
20210606:0610;24,02;0,02402;42,74;23,64;12,6;3,52;0
20210606:0710;51,66;0,05166;77,3;33,07;13,14;3,45;0
20210606:0810;69,08;0,06908;98,21;42,34;13,35;3,17;0
20210606:0910;77,34;0,07734;108,22;50,89;13,88;3,03;0
20210606:1010;81,71;0,08171;113,67;57,76;14,59;3,31;0
20210606:1110;111,58;0,11158;149,14;61,46;15,38;3,59;0
20210606:1210;101,88;0,10188;138,23;60,65;16,12;3,45;0
20210606:1310;88,4;0,0884;122,77;55,66;16,93;3,24;0
20210606:1410;68,34;0,06834;99,12;48,07;17,66;2,76;0
20210606:1510;112,92;0,11292;152,78;39,19;18,03;2,28;0
20210606:1610;105,53;0,10553;144,29;29,8;18,13;1,72;0
20210606:1710;37,24;0,03724;60,93;20,41;18,18;1,66;0
20210606:1810;8,74;0,00874;22,01;11,37;17,95;2,07;0
20210606:1910;0;0;1,69;3;16,62;1,38;0
20210606:2010;0;0;0;0;16,11;1,38;0
20210606:2110;0;0;0;0;15,44;1,52;0
20210606:2210;0;0;0;0;14,7;1,72;0
20210606:2310;0;0;0;0;13,92;1,86;0
20210607:0010;0;0;0;0;13,48;1,86;0
20210607:0110;0;0;0;0;13,03;1,86;0
20210607:0210;0;0;0;0;12,75;1,79;0
20210607:0310;0;0;0;0;12,64;1,79;0
20210607:0410;13,68;0,01368;28,78;5,85;12,39;1,79;0
20210607:0510;60,72;0,06072;90,95;14,48;13,15;2,41;0
20210607:0610;134,21;0,13421;178,22;23,68;13,99;2,21;0
20210607:0710;157,3;0,1573;203,3;33,11;15,52;2,34;0
20210607:0810;312,62;0,31262;387,51;42,39;16,53;2,76;0
20210607:0910;287,66;0,28766;359,1;50,95;17,44;3,1;0
20210607:1010;184,24;0,18424;237,35;57,84;18,28;3,1;0
20210607:1110;148,61;0,14861;195,52;61,55;18,73;2,9;0
20210607:1210;275,26;0,27526;347,37;60,75;18,75;2,76;0
20210607:1310;137,18;0,13718;181,88;55,77;18,64;2,83;0
20210607:1410;215,96;0,21596;275,86;48,17;18,97;2,97;0
20210607:1510;248,58;0,24858;314,65;39,29;18,69;2,83;0
20210607:1610;166,17;0,16617;217,65;29,91;18,62;2,69;0
20210607:1710;90,61;0,09061;128,5;20,51;18,63;2,14;0
20210607:1810;8,18;0,00818;21,16;11,47;18,21;1,52;0
20210607:1910;0;0;1,69;3,11;17,47;1,17;0
20210607:2010;0;0;0;0;16,44;1,38;0
20210607:2110;0;0;0;0;15,37;1,03;0
20210607:2210;0;0;0;0;14,66;1,03;0
20210607:2310;0;0;0;0;14,2;1,1;0
20210608:0010;0;0;0;0;13,37;1,24;0
20210608:0110;0;0;0;0;12,53;1,31;0
20210608:0210;0;0;0;0;12,29;1,31;0
20210608:0310;0;0;0;0;11,96;1,31;0
20210608:0410;13,69;0,01369;28,78;5,9;12,22;1,03;0
20210608:0510;55,72;0,05572;83,32;14,53;13,55;0,41;0
20210608:0610;95,04;0,09504;130,84;23,72;15,23;0,41;0
20210608:0710;195,26;0,19526;251,93;33,15;17,13;0,55;0
20210608:0810;310,07;0,31007;390,69;42,44;18,5;1,59;0
20210608:0910;294,01;0,29401;371,86;51;19,74;2,41;0
20210608:1010;375,99;0,37599;474,82;57,91;20,12;2,28;0
20210608:1110;349,56;0,34956;443,72;61,64;20,49;2;0
20210608:1210;390,84;0,39084;497,26;60,85;20,76;1,79;0
20210608:1310;328,8;0,3288;419,05;55,87;20,91;1,72;0
20210608:1410;483,92;0,48392;616,39;48,27;20,98;1,79;0
20210608:1510;401,15;0,40115;510,21;39,39;21,07;1,93;0
20210608:1610;230,27;0,23027;303,46;30;20,95;2,14;0
20210608:1710;100,74;0,10074;157,65;20,61;20,78;2,28;0
20210608:1810;41,51;0,04151;66,88;11,57;20,24;1,93;0
20210608:1910;3,6;0,0036;13,55;3,21;19,55;0,97;0
20210608:2010;0;0;0;0;18,16;0,83;0
20210608:2110;0;0;0;0;17,13;0,9;0
20210608:2210;0;0;0;0;16,62;0,83;0
20210608:2310;0;0;0;0;16,01;0,62;0
20210609:0010;0;0;0;0;15,34;0,48;0
20210609:0110;0;0;0;0;14,95;0,41;0
20210609:0210;0;0;0;0;14,61;0,34;0
20210609:0310;0;0;0;0;14,24;0,28;0
20210609:0410;13,55;0,01355;28,78;5,94;13,95;0,21;0
20210609:0510;55,02;0,05502;87,28;14,56;14,54;0;0
20210609:0610;171,55;0,17155;240,59;23,76;16,51;0;0
20210609:0710;347,95;0,34795;447,74;33,19;18,53;0,41;0
20210609:0810;514,91;0,51491;658,73;42,47;20,17;1,17;0
20210609:0910;590,89;0,59089;759,9;51,05;21,3;1,93;0
20210609:1010;599,62;0,59962;771,96;57,97;21,76;2,34;0
20210609:1110;536,09;0,53609;687,13;61,72;21,97;2,41;0
20210609:1210;618,57;0,61857;799,96;60,95;22,7;2,62;0
20210609:1310;563,27;0,56327;723,04;55,97;22,66;2,62;0
20210609:1410;474,63;0,47463;605,82;48,37;23,09;2,62;0
20210609:1510;364,75;0,36475;467,12;39,48;23,19;2,41;0
20210609:1610;219,74;0,21974;292,11;30,1;23,26;2,41;0
20210609:1710;97,96;0,09796;158,32;20,7;22,88;1,86;0
20210609:1810;39,07;0,03907;64,34;11,66;22,3;1,31;0
20210609:1910;1,82;0,00182;10,16;3,3;21,39;1,38;0
20210609:2010;0;0;0;0;19,33;1,66;0
20210609:2110;0;0;0;0;17,92;2,07;0
20210609:2210;0;0;0;0;17,03;2,48;0
20210609:2310;0;0;0;0;16,46;2,55;0
20210610:0010;0;0;0;0;15,55;2,21;0
20210610:0110;0;0;0;0;14,88;1,59;0
20210610:0210;0;0;0;0;14,72;1,03;0
20210610:0310;0;0;0;0;15,27;0,41;0
20210610:0410;11,73;0,01173;26,24;5,98;14,88;0,28;0
20210610:0510;53,49;0,05349;85,95;14,6;15,06;0,41;0
20210610:0610;172,83;0,17283;242,89;23,78;17,46;0,41;0
20210610:0710;345,6;0,3456;446,35;33,22;19,75;0,62;0
20210610:0810;510,78;0,51078;666,22;42,5;21,3;0,34;0
20210610:0910;631,38;0,63138;843,7;51,09;22,41;0,48;0
20210610:1010;717,33;0,71733;961,3;58,02;23,22;1,38;0
20210610:1110;657,35;0,65735;864,19;61,8;23,74;2,21;0
20210610:1210;718,88;0,71888;947,3;61,04;23,8;2,55;0
20210610:1310;670,98;0,67098;877,97;56,06;23,98;2,48;0
20210610:1410;564,26;0,56426;730,43;48,46;24,16;2,28;0
20210610:1510;312,55;0,31255;404,54;39,57;24,23;1,93;0
20210610:1610;245,02;0,24502;329,38;30,18;24,18;1,86;0
20210610:1710;85,8;0,0858;154,05;20,79;23,8;1,59;0
20210610:1810;33,08;0,03308;56,72;11,75;23,08;1,24;0
20210610:1910;3,54;0,00354;13,55;3,39;21,76;1,52;0
20210610:2010;0;0;0;0;19,68;1,86;0
20210610:2110;0;0;0;0;18,18;2,07;0
20210610:2210;0;0;0;0;16,87;2,07;0
20210610:2310;0;0;0;0;15,95;2,14;0
20210611:0010;0;0;0;0;15,18;2,07;0
20210611:0110;0;0;0;0;14,31;1,66;0
20210611:0210;0;0;0;0;13,96;1,38;0
20210611:0310;0;0;0;0;13,47;1,45;0
20210611:0410;15,43;0,01543;31,32;6,01;13,23;1,38;0
20210611:0510;44,45;0,04445;76,63;14,62;14,81;0,76;0
20210611:0610;174,22;0,17422;248,61;23,81;17,18;0,69;0
20210611:0710;359,67;0,35967;459,35;33,24;19;1,52;0
20210611:0810;528,49;0,52849;670,55;42,53;20,3;1,93;0
20210611:0910;644,41;0,64441;830,41;51,12;21,48;2,21;0
20210611:1010;664,96;0,66496;867,08;58,07;22,43;2,21;0
20210611:1110;687,19;0,68719;900,86;61,87;22,96;2,34;0
20210611:1210;678,75;0,67875;886,98;61,12;23,4;2,62;0
20210611:1310;670,85;0,67085;869,44;56,15;23,97;3,17;0
20210611:1410;509,87;0,50987;650,51;48,54;24,17;3,45;0
20210611:1510;415,45;0,41545;530,68;39,65;23,87;3,17;0
20210611:1610;259,03;0,25903;348,09;30,27;23,89;2,97;0
20210611:1710;86,86;0,08686;154,04;20,88;23,66;2,62;0
20210611:1810;41,6;0,0416;67,73;11,84;22,94;2,07;0
20210611:1910;4,47;0,00447;15,24;3,48;22,19;1,72;0
20210611:2010;0;0;0;0;20,47;2,07;0
20210611:2110;0;0;0;0;19,28;2,14;0
20210611:2210;0;0;0;0;18,85;2,14;0
20210611:2310;0;0;0;0;18,43;2;0
20210612:0010;0;0;0;0;17,76;1,79;0
20210612:0110;0;0;0;0;17,18;1,66;0
20210612:0210;0;0;0;0;16,73;1,72;0
20210612:0310;0;0;0;0;16,62;1,72;0
20210612:0410;3,21;0,00321;12,7;6,04;16,26;2,07;0
20210612:0510;56,94;0,05694;89,13;14,64;16,82;2,14;0
20210612:0610;162,63;0,16263;221,11;23,83;17,15;2,83;0
20210612:0710;280,93;0,28093;352,4;33,26;18,02;4,28;0
20210612:0810;356,41;0,35641;440,78;42,55;18,76;4,69;0
20210612:0910;123,92;0,12392;165,51;51,15;18,51;4,76;0
20210612:1010;256,74;0,25674;322,24;58,11;18,37;4,69;0
20210612:1110;186,98;0,18698;240,08;61,93;18,52;4,48;0
20210612:1210;401,91;0,40191;498,62;61,19;19,89;5,38;0
20210612:1310;185,9;0,1859;240,34;56,23;20,19;4,9;0
20210612:1410;348,59;0,34859;434,23;48,62;20,38;5,24;0
20210612:1510;373,22;0,37322;464,47;39,73;19,84;4,69;0
20210612:1610;216,41;0,21641;280,37;30,35;19,51;4,34;0
20210612:1710;106,5;0,1065;161,39;20,96;19,23;4,41;0
20210612:1810;33,95;0,03395;56,72;11,92;18,57;4,21;0
20210612:1910;4,6;0,0046;15,24;3,56;17,61;4,07;0
20210612:2010;0;0;0;0;16,55;3,86;0
20210612:2110;0;0;0;0;15,24;3,38;0
20210612:2210;0;0;0;0;14;2,97;0
20210612:2310;0;0;0;0;12,98;2,62;0
20210613:0010;0;0;0;0;12,1;2,34;0
20210613:0110;0;0;0;0;11,47;2,21;0
20210613:0210;0;0;0;0;10,86;2,14;0
20210613:0310;0;0;0;0;10,27;2,07;0
20210613:0410;15,08;0,01508;30,48;6,06;10,04;1,79;0
20210613:0510;36,2;0,0362;67,44;14,66;11,01;1,45;0
20210613:0610;183,82;0,18382;257,75;23,84;12,56;1,66;0
20210613:0710;380,96;0,38096;475,54;33,27;13,69;1,31;0
20210613:0810;547,6;0,5476;683,52;42,56;14,63;1,17;0
20210613:0910;673,31;0,67331;860,05;51,17;15,4;1,1;0
20210613:1010;754,76;0,75476;985,32;58,15;16,45;1,17;0
20210613:1110;775,84;0,77584;1021,11;61,98;17,45;1,31;0
20210613:1210;776,52;0,77652;1022,03;61,26;18,37;1,52;0
20210613:1310;712,91;0,71291;924,17;56,3;19,08;1,79;0
20210613:1410;618,9;0,6189;791,02;48,7;19,59;1,86;0
20210613:1510;464,22;0,46422;589,06;39,81;19,87;1,79;0
20210613:1610;278,58;0,27858;370,8;30,42;19,93;1,59;0
20210613:1710;88,45;0,08845;158,71;21,03;19,81;1,24;0
20210613:1810;28,52;0,02852;49,95;11,99;19,43;0,9;0
20210613:1910;5,07;0,00507;16,09;3,63;18,28;0,83;0
20210613:2010;0;0;0;0;17,23;0,97;0
20210613:2110;0;0;0;0;15,7;1,1;0
20210613:2210;0;0;0;0;13,83;1,38;0
20210613:2310;0;0;0;0;12,27;1,72;0
20210614:0010;0;0;0;0;11,36;1,93;0
20210614:0110;0;0;0;0;10,97;2,07;0
20210614:0210;0;0;0;0;10,82;2,28;0
20210614:0310;0;0;0;0;10,95;2,48;0
20210614:0410;13,77;0,01377;28,78;6,07;11,29;2,55;0
20210614:0510;29,89;0,02989;61,01;14,67;12,92;2,41;0
20210614:0610;181,25;0,18125;258,11;23,84;15,52;2,21;0
20210614:0710;375,97;0,37597;473,84;33,27;17,94;2,76;0
20210614:0810;545,86;0,54586;684,82;42,57;19,47;2,76;0
20210614:0910;670,16;0,67016;858,3;51,19;20,88;2,69;0
20210614:1010;748,21;0,74821;977,76;58,18;22,15;2,69;0
20210614:1110;765,54;0,76554;1019,58;62,03;23,28;2,21;0
20210614:1210;748,43;0,74843;1014,58;61,32;24,18;1,45;0
20210614:1310;677,98;0,67798;918,13;56,37;24,85;0,97;0
20210614:1410;583,51;0,58351;781,36;48,77;25,29;0,69;0
20210614:1510;440,38;0,44038;582,65;39,88;25,54;0,62;0
20210614:1610;266,66;0,26666;366,99;30,49;25,55;0,69;0
20210614:1710;86,99;0,08699;158,79;21,1;25,36;0,62;0
20210614:1810;30,24;0,03024;53,34;12,06;24,56;0,14;0
20210614:1910;5,4;0,0054;16,93;3,7;23,24;0,76;0
20210614:2010;0;0;0;0;20,4;1,79;0
20210614:2110;0;0;0;0;18,33;2;0
20210614:2210;0;0;0;0;17,86;1,1;0
20210614:2310;0;0;0;0;15,99;1,79;0
20210615:0010;0;0;0;0;15,21;2,34;0
20210615:0110;0;0;0;0;14,58;2,07;0
20210615:0210;0;0;0;0;14,21;1,31;0
20210615:0310;0;0;0;0;14,71;0,97;0
20210615:0410;13;0,013;27,94;6,08;13,45;1,24;0
20210615:0510;61,03;0,06103;91,35;14,67;14,39;1,45;0
20210615:0610;163,82;0,16382;223,65;23,85;16,5;1,93;0
20210615:0710;348,77;0,34877;442,29;33,28;18,44;2,07;0
20210615:0810;519,01;0,51901;653,2;42,58;19,85;2,41;0
20210615:0910;643,52;0,64352;818,27;51,2;20,98;3,03;0
20210615:1010;708,35;0,70835;910,07;58,2;21,76;3,38;0
20210615:1110;721,52;0,72152;931,89;62,07;22,26;3,45;0
20210615:1210;691,67;0,69167;892,9;61,38;22,69;3,38;0
20210615:1310;596,82;0,59682;763,82;56,43;22,96;3,31;0
20210615:1410;516,2;0,5162;657,25;48,83;23,01;3,03;0
20210615:1510;430,56;0,43056;549,82;39,94;23,02;2,62;0
20210615:1610;253,94;0,25394;338,24;30,56;22,77;2,41;0
20210615:1710;105,07;0,10507;163,45;21,17;22,4;2,41;0
20210615:1810;39,89;0,03989;65,19;12,13;21,68;2,14;0
20210615:1910;4,5;0,0045;15,24;3,77;20,94;2,21;0
20210615:2010;0;0;0;0;19,81;2,21;0
20210615:2110;0;0;0;0;19,02;2,07;0
20210615:2210;0;0;0;0;18,36;2;0
20210615:2310;0;0;0;0;17,71;1,93;0
20210616:0010;0;0;0;0;17,57;1,86;0
20210616:0110;0;0;0;0;17,31;1,79;0
20210616:0210;0;0;0;0;16,91;1,79;0
20210616:0310;0;0;0;0;16,59;1,86;0
20210616:0410;13,36;0,01336;28,78;6,09;16,65;1,72;0
20210616:0510;52,05;0,05205;84,09;14,67;17,44;1,45;0
20210616:0610;168,99;0,16899;241,07;23,84;19,01;1,59;0
20210616:0710;351,96;0,35196;452,65;33,27;20,87;1,86;0
20210616:0810;501,05;0,50105;641,15;42,57;22,63;2,07;0
20210616:0910;620,77;0,62077;808,55;51,2;24,18;2,28;0
20210616:1010;707,07;0,70707;938,52;58,22;25,63;2,48;0
20210616:1110;714,11;0,71411;954,29;62,1;26,86;2,69;0
20210616:1210;627,24;0,62724;831,14;61,43;27,64;2,83;0
20210616:1310;466,57;0,46657;611,65;56,49;28,03;2,62;0
20210616:1410;395,03;0,39503;517,85;48,89;28,5;2,48;0
20210616:1510;313,84;0,31384;414,18;40;28,68;2,21;0
20210616:1610;236,62;0,23662;324,71;30,62;28,93;1,93;0
20210616:1710;90,72;0,09072;159,48;21,23;28,3;0,97;0
20210616:1810;39,85;0,03985;66,88;12,19;27,88;0,97;0
20210616:1910;0,65;0,00065;7,62;3,83;26,16;1,72;0
20210616:2010;0;0;0;0;23,73;2,14;0
20210616:2110;0;0;0;0;22,29;2,48;0
20210616:2210;0;0;0;0;21,62;2,83;0
20210616:2310;0;0;0;0;21,1;3,1;0
20210617:0010;0;0;0;0;20,9;3,24;0
20210617:0110;0;0;0;0;20,75;3,38;0
20210617:0210;0;0;0;0;20,52;3,31;0
20210617:0310;0;0;0;0;20,24;3,24;0
20210617:0410;12,55;0,01255;27,94;6,08;20,01;3,17;0
20210617:0510;40,34;0,04034;72,35;14,66;20,57;2,97;0
20210617:0610;166,76;0,16676;242,34;23,83;22,3;2,69;0
20210617:0710;345,06;0,34506;448,31;33,26;24,54;3,03;0
20210617:0810;508,05;0,50805;655,3;42,57;26,39;3,24;0
20210617:0910;608,29;0,60829;797,5;51,2;28;3,31;0
20210617:1010;702,65;0,70265;938,1;58,23;29,29;3,45;0
20210617:1110;722,02;0,72202;971,85;62,12;30,31;3,59;0
20210617:1210;719,77;0,71977;969,32;61,47;30,73;3,66;0
20210617:1310;595,86;0,59586;792,57;56,54;30,96;3,59;0
20210617:1410;434,24;0,43424;572,62;48,95;30,37;2,97;0
20210617:1510;363,75;0,36375;483,65;40,06;30,12;1,93;0
20210617:1610;217,2;0,2172;299,23;30,68;30,36;1,86;0
20210617:1710;103,55;0,10355;164,65;21,29;29,9;1,24;0
20210617:1810;36,47;0,03647;62,65;12,25;28,78;0,62;0
20210617:1910;0;0;3,39;3,88;27,81;1,52;0
20210617:2010;0;0;0;0;25,53;1,66;0
20210617:2110;0;0;0;0;23,89;1,66;0
20210617:2210;0;0;0;0;22,55;1,59;0
20210617:2310;0;0;0;0;21,75;1,24;0
20210618:0010;0;0;0;0;21,34;1,1;0
20210618:0110;0;0;0;0;20,81;1,38;0
20210618:0210;0;0;0;0;20,19;1,59;0
20210618:0310;0;0;0;0;20,54;0,97;0
20210618:0410;4,5;0,0045;15,24;6,08;20,75;0,48;0
20210618:0510;56,08;0,05608;88,68;14,65;20,83;0,48;0
20210618:0610;162,97;0,16297;237,28;23,82;23;0,83;0
20210618:0710;162,99;0,16299;220,6;33,25;24,53;0,21;0
20210618:0810;96,35;0,09635;138,23;42,55;25,9;0,41;0
20210618:0910;471,73;0,47173;625,28;51,19;26,56;0,9;0
20210618:1010;645,93;0,64593;869,11;58,23;27,53;1,79;0
20210618:1110;676,65;0,67665;905,92;62,14;27,93;2,62;0
20210618:1210;715,43;0,71543;961,07;61,5;27,4;2,48;0
20210618:1310;654,99;0,65499;875,47;56,59;27,48;2,14;0
20210618:1410;275,21;0,27521;362,71;49;27,83;2,28;0
20210618:1510;366,91;0,36691;480,77;40,11;28,36;2,69;0
20210618:1610;254,81;0,25481;348,95;30,73;28,39;3,1;0
20210618:1710;90,77;0,09077;159,53;21,34;28,11;2,83;0
20210618:1810;38,11;0,03811;64,34;12,3;27,36;2,55;0
20210618:1910;6,25;0,00625;18,62;3,93;27,01;2,07;0
20210618:2010;0;0;0;0;24,76;2,76;0
20210618:2110;0;0;0;0;23,86;2,41;0
20210618:2210;0;0;0;0;23,22;2,62;0
20210618:2310;0;0;0;0;22,44;2,76;0
20210619:0010;0;0;0;0;21,47;2,48;0
20210619:0110;0;0;0;0;20,5;2,34;0
20210619:0210;0;0;0;0;19,59;2,14;0
20210619:0310;0;0;0;0;18,68;2;0
20210619:0410;13,86;0,01386;29,63;6,06;17,91;1,93;0
20210619:0510;44,5;0,0445;76,11;14,64;18,75;1,38;0
20210619:0610;167,41;0,16741;243,35;23,8;20,58;1,66;0
20210619:0710;351,8;0,3518;454,63;33,23;21,85;1,93;0
20210619:0810;501,2;0,5012;645,21;42,54;22,85;1,66;0
20210619:0910;630,79;0,63079;833,78;51,18;24,02;1,38;0
20210619:1010;703,5;0,7035;951,54;58,23;25,1;1,31;0
20210619:1110;692,9;0,6929;934,89;62,16;26,34;1,79;0
20210619:1210;634,69;0,63469;854,37;61,53;27,34;1,72;0
20210619:1310;451,89;0,45189;597,77;56,63;27,85;1,59;0
20210619:1410;572,25;0,57225;764;49,04;27,98;1,52;0
20210619:1510;393,23;0,39323;522,8;40,16;28,25;1,03;0
20210619:1610;166,88;0,16688;229,64;30,78;28,3;1,03;0
20210619:1710;103,95;0,10395;166,26;21,38;28,04;1,52;0
20210619:1810;43,24;0,04324;71,11;12,34;27,23;1,66;0
20210619:1910;3,03;0,00303;12,7;3,98;24,92;3,38;0
20210619:2010;0;0;0;0;24,36;2,97;0
20210619:2110;0;0;0;0;23,45;3,72;0
20210619:2210;0;0;0;0;22,28;3,31;0
20210619:2310;0;0;0;0;21,07;3,59;0
20210620:0010;0;0;0;0;20,23;4,21;0
20210620:0110;0;0;0;0;20,02;4,34;0
20210620:0210;0;0;0;0;20,09;4,76;0
20210620:0310;0;0;0;0;20,43;5,1;0
20210620:0410;14,83;0,01483;31,32;6,04;20,76;4,62;0
20210620:0510;39,24;0,03924;70,44;14,61;21,02;4,48;0
20210620:0610;165,84;0,16584;240,64;23,78;21,31;4,28;0
20210620:0710;357,07;0,35707;454,06;33,2;20,14;3,17;0
20210620:0810;500,9;0,5009;626,04;42,51;21,05;3,86;0
20210620:0910;579,73;0,57973;727,91;51,16;22,82;5,17;0
20210620:1010;527,34;0,52734;667,04;58,22;24,05;5,17;0
20210620:1110;393,03;0,39303;499,3;62,16;24,85;5,45;0
20210620:1210;432,45;0,43245;550,69;61,56;24,61;4,41;0
20210620:1310;322,4;0,3224;413,95;56,66;25,35;4,41;0
20210620:1410;265,3;0,2653;344,07;49,08;25,33;3,59;0
20210620:1510;218,34;0,21834;287,18;40,2;25,45;2,83;0
20210620:1610;85,44;0,08544;123,68;30,82;25,14;2,14;0
20210620:1710;41,6;0,0416;68,2;21,43;24,67;2,07;0
20210620:1810;37,54;0,03754;62,65;12,38;23,67;2,34;0
20210620:1910;0;0;2,54;4,01;23,04;2,9;0
20210620:2010;0;0;0;0;22,15;2,69;0
20210620:2110;0;0;0;0;20,97;2,34;0
20210620:2210;0;0;0;0;19,87;2,76;0
20210620:2310;0;0;0;0;19,21;3,03;0
20210621:0010;0;0;0;0;18,96;2,55;0
20210621:0110;0;0;0;0;18,55;2,34;0
20210621:0210;0;0;0;0;18,49;2,41;0
20210621:0310;0;0;0;0;18,82;2,76;0
20210621:0410;12,61;0,01261;27,94;6,02;19,2;3,59;0
20210621:0510;35,73;0,03573;59,11;14,59;19,1;4,21;0
20210621:0610;45,02;0,04502;70,93;23,75;19,38;4,76;0
20210621:0710;221,14;0,22114;280,16;33,17;17,27;3,52;0
20210621:0810;227,7;0,2277;287,51;42,49;18,03;4;0
20210621:0910;110,3;0,1103;149,14;51,14;17,63;3,24;0
20210621:1010;148,16;0,14816;193,7;58,2;17,36;3,17;0
20210621:1110;190,38;0,19038;242,8;62,16;16,62;3,17;0
20210621:1210;218,6;0,2186;276,16;61,57;16,91;3,59;0
20210621:1310;105,9;0,1059;143,68;56,69;17,4;3,72;0
20210621:1410;272,72;0,27272;340,91;49,12;17,8;3,79;0
20210621:1510;130,35;0,13035;172,78;40,24;17,78;3,86;0
20210621:1610;87,52;0,08752;121,86;30,85;17,39;3,86;0
20210621:1710;49,21;0,04921;75,48;21,46;16,98;3,66;0
20210621:1810;37;0,037;60,11;12,42;16,29;3,17;0
20210621:1910;0,4;0,0004;6,77;4,04;15,56;3,72;0
20210621:2010;0;0;0;0;15,19;3,52;0
20210621:2110;0;0;0;0;14,86;3,03;0
20210621:2210;0;0;0;0;14,62;2,55;0
20210621:2310;0;0;0;0;14,43;2,55;0
20210622:0010;0;0;0;0;14,13;2,9;0
20210622:0110;0;0;0;0;13,75;2,76;0
20210622:0210;0;0;0;0;13,45;2,97;0
20210622:0310;0;0;0;0;13,14;3,1;0
20210622:0410;0;0;4,23;5,99;12,95;3,24;0
20210622:0510;4,87;0,00487;15,46;14,55;13,1;3,86;0
20210622:0610;30,97;0,03097;51,83;23,71;13,57;4,21;0
20210622:0710;203,4;0,2034;254,87;33,14;14,19;4,41;0
20210622:0810;198,51;0,19851;250,14;42,45;15,39;4,14;0
20210622:0910;96,98;0,09698;132,77;51,11;16,76;3,72;0
20210622:1010;192,85;0,19285;245,83;58,18;17;3,59;0
20210622:1110;102,76;0,10276;140,04;62,15;17,31;3,1;0
20210622:1210;85,28;0,08528;119,13;61,58;16,9;2,62;0
20210622:1310;84,61;0,08461;118,22;56,71;16,85;3,17;0
20210622:1410;76,53;0,07653;108,22;49,14;15,92;2,76;0
20210622:1510;69,63;0,06963;100,03;40,27;15,98;2,34;0
20210622:1610;26,4;0,0264;46,38;30,89;15,62;2,48;0
20210622:1710;66,19;0,06619;95,84;21,49;15,63;2,97;0
20210622:1810;46,72;0,04672;71,96;12,45;15,29;2,97;0
20210622:1910;0;0;5,08;4,07;14,98;2,62;0
20210622:2010;0;0;0;0;14,62;2,28;0
20210622:2110;0;0;0;0;14,38;2,28;0
20210622:2210;0;0;0;0;14,17;2,48;0
20210622:2310;0;0;0;0;13,94;2,76;0
20210623:0010;0;0;0;0;13,7;2,97;0
20210623:0110;0;0;0;0;13,52;2,9;0
20210623:0210;0;0;0;0;13,39;2,48;0
20210623:0310;0;0;0;0;13,27;2,21;0
20210623:0410;13,03;0,01303;27,94;5,95;13,14;2,14;0
20210623:0510;34,6;0,0346;56,38;14,51;13,09;2,21;0
20210623:0610;57,64;0,05764;84,57;23,67;13,11;2,21;0
20210623:0710;85,85;0,08585;118,22;33,1;13,53;2,14;0
20210623:0810;117,34;0,11734;155,5;42,41;14,13;2;0
20210623:0910;170,4;0,1704;218,25;51,07;14,74;1,86;0
20210623:1010;291,64;0,29164;362,66;58,15;15,38;2,07;0
20210623:1110;199,82;0,19982;254,03;62,14;16,13;2,34;0
20210623:1210;193,99;0,19399;247,35;61,58;16,5;2,62;0
20210623:1310;107,34;0,10734;145,5;56,72;17,2;2,69;0
20210623:1410;223,4;0,2234;283,28;49,17;17,65;2,76;0
20210623:1510;373,56;0,37356;465,42;40,29;18,24;2,9;0
20210623:1610;275,79;0,27579;359,38;30,91;18,24;2,76;0
20210623:1710;115,71;0,11571;166,72;21,52;18,29;2,69;0
20210623:1810;40,64;0,04064;65,19;12,47;18,09;2,41;0
20210623:1910;5,11;0,00511;16,09;4,09;17,24;2,69;0
20210623:2010;0;0;0;0;16,79;2,69;0
20210623:2110;0;0;0;0;16,37;2,62;0
20210623:2210;0;0;0;0;16,12;2,41;0
20210623:2310;0;0;0;0;15,84;2,48;0
20210624:0010;0;0;0;0;15,57;2,62;0
20210624:0110;0;0;0;0;14,96;2,48;0
20210624:0210;0;0;0;0;14,47;2,21;0
20210624:0310;0;0;0;0;14,26;2,21;0
20210624:0410;0,41;0,00041;6,77;5,91;13,94;2,14;0
20210624:0510;51,53;0,05153;77,77;14,47;13,97;2,07;0
20210624:0610;95,46;0,09546;130,42;23,63;14,39;2,48;0
20210624:0710;57,59;0,05759;85,48;33,05;15,93;2,34;0
20210624:0810;91,39;0,09139;126,4;42,37;16,9;2,69;0
20210624:0910;207,35;0,20735;264,16;51,03;17,76;3,03;0
20210624:1010;342,28;0,34228;427,78;58,11;18,54;2,97;0
20210624:1110;362,76;0,36276;454,11;62,11;18,88;2,9;0
20210624:1210;133,09;0,13309;177,33;61,58;19,07;2,9;0
20210624:1310;224,91;0,22491;287,21;56,73;19,22;2,83;0
20210624:1410;368,06;0,36806;459,58;49,18;18,91;2,9;0
20210624:1510;212,26;0,21226;271,92;40,31;19,07;2,55;0
20210624:1610;190,96;0,19096;248,41;30,94;18,53;1,93;0
20210624:1710;101,06;0,10106;141,76;21,54;18,39;1,86;0
20210624:1810;45,35;0,04535;71,11;12,49;18,08;2,07;0
20210624:1910;0;0;3,39;4,11;17,21;2,28;0
20210624:2010;0;0;0;0;16,41;2,14;0
20210624:2110;0;0;0;0;15,82;1,93;0
20210624:2210;0;0;0;0;15,27;1,86;0
20210624:2310;0;0;0;0;15,14;2;0
20210625:0010;0;0;0;0;15,11;2,28;0
20210625:0110;0;0;0;0;14,96;2,48;0
20210625:0210;0;0;0;0;14,65;2,41;0
20210625:0310;0;0;0;0;14,3;2,21;0
20210625:0410;8,39;0,00839;21,16;5,86;14,02;1,79;0
20210625:0510;60,45;0,06045;89,41;14,42;13,99;1,52;0
20210625:0610;167,84;0,16784;231,77;23,58;14,23;1,31;0
20210625:0710;349,67;0,34967;439,32;33,01;16,09;2;0
20210625:0810;502,89;0,50289;627,47;42,32;17,17;1,93;0
20210625:0910;621,68;0,62168;787,49;50,98;18,38;2,14;0
20210625:1010;637,44;0,63744;809,93;58,07;19,47;2,76;0
20210625:1110;620,84;0,62084;790,21;62,09;19,83;2,76;0
20210625:1210;686,71;0,68671;883,18;61,56;20;2,55;0
20210625:1310;596,54;0,59654;761,26;56,73;20,75;2,55;0
20210625:1410;578,21;0,57821;737,75;49,2;20,96;2,21;0
20210625:1510;412,18;0,41218;524,34;40,33;21,73;2,28;0
20210625:1610;258,23;0,25823;341,17;30,95;21,57;1,93;0
20210625:1710;109,95;0,10995;170,68;21,56;21,44;1,79;0
20210625:1810;46,09;0,04609;72,81;12,5;20,59;1,66;0
20210625:1910;6,02;0,00602;17,78;4,12;19,62;0,41;0
20210625:2010;0;0;0;0;18,1;0,9;0
20210625:2110;0;0;0;0;16,84;1,17;0
20210625:2210;0;0;0;0;16,46;0,97;0
20210625:2310;0;0;0;0;16,18;0,62;0
20210626:0010;0;0;0;0;15,79;0,41;0
20210626:0110;0;0;0;0;15,43;0,55;0
20210626:0210;0;0;0;0;14,35;0,97;0
20210626:0310;0;0;0;0;13,28;1,1;0
20210626:0410;4,25;0,00425;14,39;5,81;12,57;1,17;0
20210626:0510;28,05;0,02805;54,63;14,37;13,7;0,97;0
20210626:0610;166,45;0,16645;237,93;23,53;16,51;1,17;0
20210626:0710;346,52;0,34652;441,28;32,95;18,28;1,66;0
20210626:0810;515,62;0,51562;654,87;42,27;19,83;1,59;0
20210626:0910;591,43;0,59143;762,36;50,93;21,21;1,72;0
20210626:1010;533,57;0,53357;687,87;58,03;22,28;1,93;0
20210626:1110;587,05;0,58705;764,95;62,05;22,83;1,86;0
20210626:1210;548,76;0,54876;718,35;61,55;23,24;1,38;0
20210626:1310;384,21;0,38421;499,33;56,73;23,46;0,9;0
20210626:1410;425,27;0,42527;553,29;49,2;23,65;0,9;0
20210626:1510;422,75;0,42275;547,73;40,34;23,57;1,31;0
20210626:1610;274,38;0,27438;370,49;30,96;23,71;1,45;0
20210626:1710;104,53;0,10453;169,65;21,57;23,5;1,31;0
20210626:1810;43,59;0,04359;70,27;12,51;22,62;1,03;0
20210626:1910;1,05;0,00105;8,47;4,12;21,49;1,45;0
20210626:2010;0;0;0;0;19,82;2,28;0
20210626:2110;0;0;0;0;19,06;2,28;0
20210626:2210;0;0;0;0;18,3;2,34;0
20210626:2310;0;0;0;0;17,62;2,34;0
20210627:0010;0;0;0;0;16,95;2,34;0
20210627:0110;0;0;0;0;16,36;2,28;0
20210627:0210;0;0;0;0;16,05;2,21;0
20210627:0310;0;0;0;0;15,76;2,34;0
20210627:0410;12,26;0,01226;27,09;5,76;15,82;2,28;0
20210627:0510;56,9;0,0569;85,58;14,31;16,68;2,14;0
20210627:0610;98,18;0,09818;136,18;23,47;18,29;2;0
20210627:0710;291,51;0,29151;372,34;32,89;20,4;2,76;0
20210627:0810;419,96;0,41996;529,02;42,21;21,17;2,83;0
20210627:0910;621,39;0,62139;796,2;50,88;22,73;2,97;0
20210627:1010;714,6;0,7146;933,59;57,97;23,72;2,9;0
20210627:1110;494,65;0,49465;636,69;62,01;24,67;3,1;0
20210627:1210;425,64;0,42564;546,97;61,52;25,38;3,52;0
20210627:1310;532,7;0,5327;686,99;56,72;25,44;3,38;0
20210627:1410;355,53;0,35553;457,82;49,2;25,88;3,45;0
20210627:1510;60,57;0,06057;92,76;40,34;25,87;3,24;0
20210627:1610;102,88;0,10288;145,36;30,97;25,48;2,62;0
20210627:1710;50,75;0,05075;80,03;21,57;24,98;2,48;0
20210627:1810;44,65;0,04465;71,96;12,51;24;2;0
20210627:1910;0;0;2,54;4,12;21,85;1,31;0
20210627:2010;0;0;0;0;20,69;1,79;0
20210627:2110;0;0;0;0;19,35;2,21;0
20210627:2210;0;0;0;0;18,82;2,48;0
20210627:2310;0;0;0;0;18,47;2,48;0
20210628:0010;0;0;0;0;18,19;2,28;0
20210628:0110;0;0;0;0;17,8;2,28;0
20210628:0210;0;0;0;0;17,49;2,21;0
20210628:0310;0;0;0;0;17,22;2,07;0
20210628:0410;0;0;5,08;5,69;17,19;2;0
20210628:0510;22,69;0,02269;41,83;14,25;17,68;1,86;0
20210628:0610;158,73;0,15873;224,72;23,41;19,2;1,72;0
20210628:0710;271,67;0,27167;351,23;32,83;21,14;1,45;0
20210628:0810;321,83;0,32183;411,19;42,15;22,5;2,21;0
20210628:0910;302,05;0,30205;387,37;50,81;23,01;2,48;0
20210628:1010;612,26;0,61226;797,7;57,92;23,72;2,28;0
20210628:1110;564,77;0,56477;734,99;61,96;24,63;2,48;0
20210628:1210;97,43;0,09743;138,23;61,49;25,12;3,31;0
20210628:1310;127,16;0,12716;173,69;56,71;23,99;3,72;0
20210628:1410;579,45;0,57945;740,68;49,2;23,57;3,17;0
20210628:1510;433,66;0,43366;557,22;40,34;24,32;2,55;0
20210628:1610;273,55;0,27355;368,69;30,97;24,53;2,41;0
20210628:1710;110,49;0,11049;169,45;21,57;24,16;2,21;0
20210628:1810;31,76;0,03176;55,03;12,51;23,43;1,59;0
20210628:1910;7,02;0,00702;19,47;4,11;20,5;2,34;0
20210628:2010;0;0;0;0;19,78;1,52;0
20210628:2110;0;0;0;0;19,09;0,9;0
20210628:2210;0;0;0;0;19,18;0,28;0
20210628:2310;0;0;0;0;17,98;0,9;0
20210629:0010;0;0;0;0;17,39;0,9;0
20210629:0110;0;0;0;0;17,15;1,03;0
20210629:0210;0;0;0;0;16,76;0,76;0
20210629:0310;0;0;0;0;16,27;0,9;0
20210629:0410;0;0;5,08;5,63;16,36;0,83;0
20210629:0510;28,24;0,02824;49,11;14,18;16,95;0,55;0
20210629:0610;103,07;0,10307;142,55;23,34;17,62;0,34;0
20210629:0710;173,45;0,17345;225,19;32,76;18,34;2,41;0
20210629:0810;487,47;0,48747;607;42,08;18,7;2,83;0
20210629:0910;409,8;0,4098;513,42;50,75;19,67;2,76;0
20210629:1010;606,16;0,60616;777,96;57,85;20,95;2,28;0
20210629:1110;557,6;0,5576;719,09;61,9;21,53;1,86;0
20210629:1210;563,59;0,56359;730,64;61,45;22,45;1,86;0
20210629:1310;482,23;0,48223;619,91;56,68;23,07;2,14;0
20210629:1410;291,1;0,2911;374,26;49,18;23,18;2,41;0
20210629:1510;85,97;0,08597;122,77;40,34;22,23;2,28;0
20210629:1610;19,62;0,01962;38,19;30,97;21,45;3,03;0
20210629:1710;10,9;0,0109;25,46;21,57;19,83;3,03;0
20210629:1810;9,79;0,00979;23,7;12,5;18,91;2,48;0
20210629:1910;0;0;3,39;4,1;17,88;2,9;0
20210629:2010;0;0;0;0;17,21;2,62;0
20210629:2110;0;0;0;0;16,78;3,03;0
20210629:2210;0;0;0;0;16,55;3,52;0
20210629:2310;0;0;0;0;16,36;3,45;0
20210630:0010;0;0;0;0;16,09;3,17;0
20210630:0110;0;0;0;0;15,75;2,48;0
20210630:0210;0;0;0;0;15,39;2,21;0
20210630:0310;0;0;0;0;15,14;2;0
20210630:0410;12,32;0,01232;27,09;5,56;14,85;2,28;0
20210630:0510;6,47;0,00647;18,19;14,11;14,63;2,34;0
20210630:0610;75,13;0,07513;106,11;23,27;14,55;2,34;0
20210630:0710;121,38;0,12138;160,99;32,69;15,52;2,62;0
20210630:0810;329,87;0,32987;407,7;42,01;16,63;3,1;0
20210630:0910;333,94;0,33394;412,77;50,68;17,05;3,66;0
20210630:1010;468,03;0,46803;577,15;57,78;17,19;3,66;0
20210630:1110;468,25;0,46825;578,55;61,84;17,02;3,38;0
20210630:1210;542,57;0,54257;671,81;61,4;17;3,45;0
20210630:1310;261,81;0,26181;328,14;56,65;17,66;3,72;0
20210630:1410;181,87;0,18187;233,2;49,17;17,66;4,21;0
20210630:1510;191,46;0,19146;243,76;40,33;17,3;4,69;0
20210630:1610;116,21;0,11621;155,23;30,96;16,62;4,62;0
20210630:1710;39,88;0,03988;63,66;21,55;16,17;4,14;0
20210630:1810;2,77;0,00277;11,85;12,49;15,67;3,72;0
20210630:1910;0;0;2,54;4,08;14,79;3,52;0
20210630:2010;0;0;0;0;14,6;3,59;0
20210630:2110;0;0;0;0;14,33;4;0
20210630:2210;0;0;0;0;14,12;3,72;0
20210630:2310;0;0;0;0;13,87;3,38;0
20210701:0010;0;0;0;0;13,63;3,31;0
20210701:0110;0;0;0;0;13,31;3,38;0
20210701:0210;0;0;0;0;12,99;3,52;0
20210701:0310;0;0;0;0;12,82;3,52;0
20210701:0410;0;0;4,23;5,48;12,7;3,59;0
20210701:0510;4,35;0,00435;14,55;14,03;12,63;3,86;0
20210701:0610;81,84;0,08184;113,09;23,19;12,66;3,66;0
20210701:0710;80,21;0,08021;110,94;32,61;12,65;3,86;0
20210701:0810;203,75;0,20375;253,29;41,93;12,8;4,14;0
20210701:0910;180,38;0,18038;226,7;50,6;13,14;4,69;0
20210701:1010;155,31;0,15531;198,25;57,71;13,54;4,62;0
20210701:1110;144,63;0,14463;186,42;61,77;14,07;4,41;0
20210701:1210;77,15;0,07715;108,22;61,35;14,77;4,76;0
20210701:1310;63,32;0,06332;91,85;56,62;14,84;4,07;0
20210701:1410;110,94;0,11094;148,23;49,14;15,1;3,52;0
20210701:1510;71,45;0,07145;101,85;40,31;15,28;2,97;0
20210701:1610;73,63;0,07363;104,58;30,94;15,48;2,55;0
20210701:1710;55,51;0,05551;82,75;21,54;15,47;2,76;0
20210701:1810;25,91;0,02591;45,72;12,46;15,41;2,69;0
20210701:1910;0;0;2,54;4,05;13,87;2;0
20210701:2010;0;0;0;0;13,59;1,52;0
20210701:2110;0;0;0;0;13,34;1,31;0
20210701:2210;0;0;0;0;13,25;1,38;0
20210701:2310;0;0;0;0;13,07;1,45;0
20210702:0010;0;0;0;0;12,62;1,52;0
20210702:0110;0;0;0;0;12,31;1,59;0
20210702:0210;0;0;0;0;11,87;1,79;0
20210702:0310;0;0;0;0;11,34;1,86;0
20210702:0410;1,16;0,00116;8,47;5,4;11,24;1,72;0
20210702:0510;32,55;0,03255;56,83;13,95;11,67;1,38;0
20210702:0610;165,87;0,16587;232,76;23,11;12,74;1,59;0
20210702:0710;328,16;0,32816;411,13;32,53;14,63;1,45;0
20210702:0810;470,9;0,4709;584,14;41,85;15,66;1,66;0
20210702:0910;558,2;0,5582;695,28;50,52;17,04;2,55;0
20210702:1010;642,64;0,64264;810,69;57,62;18,32;2,9;0
20210702:1110;432,83;0,43283;543,1;61,7;18,8;2,41;0
20210702:1210;422,42;0,42242;533,48;61,29;19,21;1,86;0
20210702:1310;440,73;0,44073;557,68;56,58;20,11;2,07;0
20210702:1410;497,03;0,49703;631,13;49,11;20,42;1,93;0
20210702:1510;368,07;0,36807;468,02;40,29;20,76;1,72;0
20210702:1610;278,98;0,27898;369,71;30,92;20,66;1,38;0
20210702:1710;98,78;0,09878;168,79;21,52;20,62;1,17;0
20210702:1810;40,76;0,04076;66,03;12,44;20,36;0,83;0
20210702:1910;7,09;0,00709;19,47;4,02;18,79;1,59;0
20210702:2010;0;0;0;0;17,14;1,03;0
20210702:2110;0;0;0;0;17,07;0,76;0
20210702:2210;0;0;0;0;14,25;1,52;0
20210702:2310;0;0;0;0;13,56;1,38;0
20210703:0010;0;0;0;0;12,38;1,66;0
20210703:0110;0;0;0;0;11,78;1,72;0
20210703:0210;0;0;0;0;11,41;1,72;0
20210703:0310;0;0;0;0;11,07;1,79;0
20210703:0410;12,59;0,01259;27,09;5,31;10,99;1,79;0
20210703:0510;29,05;0,02905;52,34;13,87;12,92;1,59;0
20210703:0610;160,93;0,16093;229,72;23,02;16,23;1,66;0
20210703:0710;355,13;0,35513;452,66;32,45;18,49;1,93;0
20210703:0810;529,86;0,52986;671,64;41,76;20,35;2,07;0
20210703:0910;641,18;0,64118;830,64;50,43;21,82;1,93;0
20210703:1010;708,05;0,70805;941;57,54;22,94;1,59;0
20210703:1110;743,8;0,7438;1009,7;61,62;23,78;1,24;0
20210703:1210;628,39;0,62839;841;61,22;24,34;1,1;0
20210703:1310;386,43;0,38643;504,29;56,53;24,59;1,03;0
20210703:1410;223,23;0,22323;295,02;49,08;24,81;0,97;0
20210703:1510;52,86;0,05286;82,75;40,26;24,69;1,17;0
20210703:1610;19,38;0,01938;38,19;30,89;23,59;1,86;0
20210703:1710;59,39;0,05939;90,03;21,49;22,17;1,66;0
20210703:1810;4,01;0,00401;14,39;12,41;21,42;0,83;0
20210703:1910;0;0;2,54;3,98;20,19;0,97;0
20210703:2010;0;0;0;0;19,38;0,97;0
20210703:2110;0;0;0;0;18,55;1,03;0
20210703:2210;0;0;0;0;17,51;1,31;0
20210703:2310;0;0;0;0;17,05;1,24;0
20210704:0010;0;0;0;0;16,78;1,1;0
20210704:0110;0;0;0;0;16,35;1,31;0
20210704:0210;0;0;0;0;16,06;1,38;0
20210704:0310;0;0;0;0;15,82;1,52;0
20210704:0410;0;0;3,39;5,22;15,79;1,45;0
20210704:0510;45,16;0,04516;71,93;13,78;16,37;1,31;0
20210704:0610;157,41;0,15741;223,04;22,93;17,05;1,72;0
20210704:0710;212,15;0,21215;273,88;32,36;18,74;1,17;0
20210704:0810;442,17;0,44217;565,69;41,67;19,91;0,69;0
20210704:0910;323,43;0,32343;416,43;50,34;20,88;0,41;0
20210704:1010;59,31;0,05931;90,03;57,44;22,16;0,9;0
20210704:1110;374,59;0,37459;482,82;61,53;22,81;1,45;0
20210704:1210;214,38;0,21438;280,14;61,15;22,45;1,59;0
20210704:1310;65,92;0,06592;98,21;56,47;22,53;2,34;0
20210704:1410;51,75;0,05175;80,03;49,04;21,32;3,24;0
20210704:1510;101,92;0,10192;140,04;40,22;19,13;3,52;0
20210704:1610;81,33;0,08133;115,49;30,86;18,82;1,79;0
20210704:1710;114,91;0,11491;167,77;21,45;19,62;1,59;0
20210704:1810;45,69;0,04569;71,96;12,37;19,51;2;0
20210704:1910;5,57;0,00557;16,93;3,94;18,17;1,24;0
20210704:2010;0;0;0;0;17,4;1,86;0
20210704:2110;0;0;0;0;16,69;2,21;0
20210704:2210;0;0;0;0;16,12;2,28;0
20210704:2310;0;0;0;0;15,65;2,21;0
20210705:0010;0;0;0;0;15,25;2,28;0
20210705:0110;0;0;0;0;15,39;2,28;0
20210705:0210;0;0;0;0;15,25;2,28;0
20210705:0310;0;0;0;0;15,38;2,21;0
20210705:0410;0;0;3,39;5,12;15,55;2,07;0
20210705:0510;4,78;0,00478;15,46;13,68;15,81;2,21;0
20210705:0610;76,82;0,07682;108,83;22,84;15,93;1,72;0
20210705:0710;182,79;0,18279;234,63;32,27;15,67;1,24;0
20210705:0810;241,48;0,24148;304,22;41,58;15,62;1,03;0
20210705:0910;257,38;0,25738;324,8;50,24;16,7;1,24;0
20210705:1010;326,03;0,32603;410;57,35;17,04;1,1;0
20210705:1110;419,61;0,41961;523,87;61,43;17,05;1,93;0
20210705:1210;188,51;0,18851;241,9;61,07;17,41;2,55;0
20210705:1310;108,57;0,10857;147,32;56,41;17,85;2,9;0
20210705:1410;160,84;0,16084;210,07;48,99;19,02;3,45;0
20210705:1510;275,76;0,27576;347,78;40,18;19,57;3,45;0
20210705:1610;203,7;0,2037;264,68;30,82;19,52;2,69;0
20210705:1710;111,92;0,11192;158,57;21,42;19,75;2,34;0
20210705:1810;11,43;0,01143;26,24;12,33;19,6;2;0
20210705:1910;0;0;2,54;3,89;18,93;2,07;0
20210705:2010;0;0;0;0;18,42;2,34;0
20210705:2110;0;0;0;0;18,28;2,76;0
20210705:2210;0;0;0;0;18,26;3,17;0
20210705:2310;0;0;0;0;18,18;3,38;0
20210706:0010;0;0;0;0;17,64;3,52;0
20210706:0110;0;0;0;0;17,62;3,79;0
20210706:0210;0;0;0;0;17,71;3,93;0
20210706:0310;0;0;0;0;17,62;4,07;0
20210706:0410;0;0;3,39;5,02;17,83;4,07;0
20210706:0510;8,04;0,00804;20,92;13,58;18,14;4;0
20210706:0610;12,2;0,0122;27,28;22,74;18,69;4;0
20210706:0710;23,27;0,02327;42,74;32,17;18,78;4,83;0
20210706:0810;65,92;0,06592;96,39;41,48;18,56;4,55;0
20210706:0910;86,28;0,08628;120,95;50,14;18,76;4,97;0
20210706:1010;147,07;0,14707;193,7;57,24;19,62;4,97;0
20210706:1110;728,57;0,72857;912,57;61,33;21,3;6,34;0
20210706:1210;408,89;0,40889;509,83;60,98;22,03;6,69;0
20210706:1310;317,09;0,31709;399,21;56,35;22,46;6,62;0
20210706:1410;134,77;0,13477;180,97;48,94;22,4;6,48;0
20210706:1510;293,83;0,29383;370,27;40,14;21,42;5,38;0
20210706:1610;99,08;0,09908;137,32;30,78;20,56;4,55;0
20210706:1710;27,87;0,02787;49,11;21,37;20,08;4;0
20210706:1810;35,76;0,03576;59,26;12,28;19,4;3,31;0
20210706:1910;6,06;0,00606;17,78;3,83;18,7;3,03;0
20210706:2010;0;0;0;0;17,83;2,55;0
20210706:2110;0;0;0;0;16,69;2,07;0
20210706:2210;0;0;0;0;15,78;1,79;0
20210706:2310;0;0;0;0;14,96;1,86;0
20210707:0010;0;0;0;0;14,23;2,07;0
20210707:0110;0;0;0;0;13,72;2,28;0
20210707:0210;0;0;0;0;13,53;2,34;0
20210707:0310;0;0;0;0;13,22;2,41;0
20210707:0410;1,14;0,00114;8,47;4,92;13,12;2,48;0
20210707:0510;11,9;0,0119;26,37;13,48;13,88;2,41;0
20210707:0610;81,2;0,0812;114;22,64;15,81;2,41;0
20210707:0710;278,61;0,27861;351,72;32,07;17,76;2,97;0
20210707:0810;524,06;0,52406;652,06;41,38;19,22;3,38;0
20210707:0910;339,4;0,3394;426,43;50,03;20,08;3,1;0
20210707:1010;410,69;0,41069;517,43;57,13;21,02;3,17;0
20210707:1110;291,4;0,2914;370,83;61,22;21,73;3,52;0
20210707:1210;530,16;0,53016;670,66;60,89;22,06;3,86;0
20210707:1310;201,82;0,20182;262,48;56,27;22,23;3,66;0
20210707:1410;229,35;0,22935;296,06;48,88;22,58;3,66;0
20210707:1510;303,59;0,30359;386,76;40,09;22,3;3,17;0
20210707:1610;66,16;0,06616;98,21;30,73;21,95;2,83;0
20210707:1710;98,27;0,09827;169,17;21,32;21,71;2,21;0
20210707:1810;44,64;0,04464;71,11;12,22;20,93;1,24;0
20210707:1910;0;0;5,08;3,77;19,79;0,21;0
20210707:2010;0;0;0;0;18,57;0,41;0
20210707:2110;0;0;0;0;17,4;0,48;0
20210707:2210;0;0;0;0;15,97;1,03;0
20210707:2310;0;0;0;0;15,4;0,97;0
20210708:0010;0;0;0;0;14,81;1,17;0
20210708:0110;0;0;0;0;14,41;1,45;0
20210708:0210;0;0;0;0;13,79;1,52;0
20210708:0310;0;0;0;0;13,22;1,38;0
20210708:0410;2,83;0,00283;11,85;4,81;12,74;1,24;0
20210708:0510;11,25;0,01125;25,46;13,37;14,13;0,76;0
20210708:0610;71,44;0,07144;102,47;22,54;15,72;0,76;0
20210708:0710;164,61;0,16461;216,19;31,96;18,31;0,48;0
20210708:0810;309,87;0,30987;394,31;41,27;19,6;0,97;0
20210708:0910;445,28;0,44528;562,25;49,92;19,83;1,93;0
20210708:1010;217,65;0,21765;280,5;57,02;20;1,93;0
20210708:1110;211,23;0,21123;272,58;61,11;19,59;1,66;0
20210708:1210;145,2;0,1452;192,79;60,79;19,59;1,72;0
20210708:1310;80,99;0,08099;115,49;56,19;19,6;1,66;0
20210708:1410;57,25;0,05725;86,39;48,81;19,51;1,72;0
20210708:1510;37,05;0,03705;60,93;40,03;19,19;1,66;0
20210708:1610;70,2;0,0702;101,85;30,68;18,55;2;0
20210708:1710;33,02;0,03302;55,47;21,26;18,07;2,14;0
20210708:1810;12,13;0,01213;27,09;12,16;17,57;1,72;0
20210708:1910;0;0;2,54;3,7;17,3;0,55;0
20210708:2010;0;0;0;0;16,55;0,97;0
20210708:2110;0;0;0;0;16,13;1,17;0
20210708:2210;0;0;0;0;15,83;1,79;0
20210708:2310;0;0;0;0;15,57;2,14;0
20210709:0010;0;0;0;0;15,34;2;0
20210709:0110;0;0;0;0;15,15;1,86;0
20210709:0210;0;0;0;0;15,03;1,72;0
20210709:0310;0;0;0;0;14,96;1,93;0
20210709:0410;8,35;0,00835;21,16;4,69;14,92;2,14;0
20210709:0510;51,6;0,0516;77,89;13,26;14,98;2,28;0
20210709:0610;115,14;0,11514;155,94;22,43;15,45;2,55;0
20210709:0710;81,04;0,08104;113,67;31,85;16,1;2,76;0
20210709:0810;107,09;0,10709;144,59;41,16;16,18;2,62;0
20210709:0910;230,8;0,2308;291,84;49,81;17,24;2,48;0
20210709:1010;413,27;0,41327;516,72;56,9;18,92;2,76;0
20210709:1110;420,99;0,42099;528,08;60,99;19,89;3,1;0
20210709:1210;347,36;0,34736;438,68;60,68;20,94;3,17;0
20210709:1310;294,38;0,29438;374,91;56,1;21,62;2,97;0
20210709:1410;378,1;0,3781;478,29;48,74;21,58;2,76;0
20210709:1510;288,28;0,28828;366;39,96;20,87;2,83;0
20210709:1610;143,14;0,14314;191,43;30,61;20,97;2,62;0
20210709:1710;82,4;0,0824;118,29;21,2;20,66;2,62;0
20210709:1810;7,56;0,00756;20,32;12,1;20,13;1,86;0
20210709:1910;0;0;2,54;3,63;18,99;0,55;0
20210709:2010;0;0;0;0;17,54;1,24;0
20210709:2110;0;0;0;0;16,33;1,59;0
20210709:2210;0;0;0;0;15,35;1,45;0
20210709:2310;0;0;0;0;14,55;1,38;0
20210710:0010;0;0;0;0;14,04;1,31;0
20210710:0110;0;0;0;0;13,52;1,24;0
20210710:0210;0;0;0;0;13,05;1,24;0
20210710:0310;0;0;0;0;12,66;1,38;0
20210710:0410;2,83;0,00283;11,85;4,57;12,92;1,38;0
20210710:0510;36,03;0,03603;58,41;13,15;13,92;1,24;0
20210710:0610;43,53;0,04353;68,2;22,31;15,63;1,31;0
20210710:0710;200,3;0,2003;257,54;31,74;17,37;1,38;0
20210710:0810;285,36;0,28536;360,51;41,05;18,36;1,45;0
20210710:0910;404,82;0,40482;511,61;49,69;19,42;1,52;0
20210710:1010;389,87;0,38987;495,6;56,77;20,27;1,52;0
20210710:1110;509,5;0,5095;656,77;60,87;21,17;1,38;0
20210710:1210;136,7;0,1367;184,6;60,57;21,71;1,17;0
20210710:1310;419,59;0,41959;539,2;56,01;21,76;1,24;0
20210710:1410;420,18;0,42018;539,09;48,66;22,1;1,38;0
20210710:1510;28,28;0,02828;50,02;39,89;21,43;0,76;0
20210710:1610;170,54;0,17054;226,69;30,55;20,93;0,69;0
20210710:1710;81,78;0,08178;117,39;21,13;19,69;0,97;0
20210710:1810;44,37;0,04437;70,27;12,02;19,05;0,76;0
20210710:1910;4,09;0,00409;14,39;3,55;18,65;1,52;0
20210710:2010;0;0;0;0;17,52;1,38;0
20210710:2110;0;0;0;0;16,97;0,76;0
20210710:2210;0;0;0;0;16,51;0,69;0
20210710:2310;0;0;0;0;16,28;1,03;0
20210711:0010;0;0;0;0;16,04;1,45;0
20210711:0110;0;0;0;0;15,83;1,79;0
20210711:0210;0;0;0;0;15,76;1,59;0
20210711:0310;0;0;0;0;15,68;1,59;0
20210711:0410;0,74;0,00074;7,62;4,45;15,68;1,59;0
20210711:0510;11,1;0,0111;25,4;13,03;15,71;1,38;0
20210711:0610;53,85;0,05385;80,93;22,2;15,79;1,72;0
20210711:0710;109,76;0,10976;147,35;31,63;15,47;2,48;0
20210711:0810;196,81;0,19681;249,87;40,93;15,91;2,41;0
20210711:0910;331,55;0,33155;412,62;49,57;16,75;2,07;0
20210711:1010;320,48;0,32048;399,99;56,64;17,3;2,41;0
20210711:1110;188,96;0,18896;243,71;60,73;18,64;2,62;0
20210711:1210;305,32;0,30532;385,56;60,45;19,21;2,28;0
20210711:1310;109,36;0,10936;150,05;55,91;20,06;1,66;0
20210711:1410;582,17;0,58217;753,77;48,58;20,55;1,03;0
20210711:1510;421,58;0,42158;541,75;39,82;20,81;0,76;0
20210711:1610;265,63;0,26563;352,73;30,48;21,02;0,76;0
20210711:1710;100,96;0,10096;167,94;21,06;21,13;0,9;0
20210711:1810;42,63;0,04263;68,57;11,94;20,8;0,55;0
20210711:1910;2,69;0,00269;11,85;3,46;19,66;1,24;0
20210711:2010;0;0;0;0;18,49;1,52;0
20210711:2110;0;0;0;0;17,74;1,66;0
20210711:2210;0;0;0;0;16,72;1,79;0
20210711:2310;0;0;0;0;15,95;1,72;0
20210712:0010;0;0;0;0;15,37;2;0
20210712:0110;0;0;0;0;15,11;2;0
20210712:0210;0;0;0;0;14,82;1,86;0
20210712:0310;0;0;0;0;14,46;1,66;0
20210712:0410;0;0;4,23;4,32;14,01;1,79;0
20210712:0510;34,55;0,03455;56,72;12,9;14,79;1,66;0
20210712:0610;148,15;0,14815;208,72;22,08;16,68;1,66;0
20210712:0710;345,57;0,34557;439,25;31,51;18,7;2,69;0
20210712:0810;520,06;0,52006;651,04;40,81;19,86;2,97;0
20210712:0910;502,17;0,50217;633,35;49,44;20,98;2,9;0
20210712:1010;530,07;0,53007;674,1;56,51;21,84;2,9;0
20210712:1110;321,25;0,32125;410,86;60,6;22,76;2,76;0
20210712:1210;319,09;0,31909;409,48;60,32;23,36;2,69;0
20210712:1310;159,1;0,1591;212,8;55,8;23,8;2,83;0
20210712:1410;101,75;0,10175;142,77;48,49;23,54;2,41;0
20210712:1510;98,8;0,0988;139,14;39,74;23,17;1,72;0
20210712:1610;157,23;0,15723;211,43;30,4;22,61;0,97;0
20210712:1710;110,36;0,11036;169,71;20,98;22,35;0,83;0
20210712:1810;7,5;0,0075;20,32;11,86;21,44;0,83;0
20210712:1910;0;0;1,69;3,37;20,58;1,52;0
20210712:2010;0;0;0;0;19,87;1,45;0
20210712:2110;0;0;0;0;19,16;1,17;0
20210712:2210;0;0;0;0;18,82;0,97;0
20210712:2310;0;0;0;0;18,67;0,76;0
20210713:0010;0;0;0;0;18,16;1,03;0
20210713:0110;0;0;0;0;17,78;1,45;0
20210713:0210;0;0;0;0;17,38;1,38;0
20210713:0310;0;0;0;0;17,16;1,45;0
20210713:0410;0;0;2,54;4,19;16,99;1,52;0
20210713:0510;3,66;0,00366;13,55;12,78;16,94;1,79;0
20210713:0610;12,32;0,01232;27,28;21,95;16,92;2,14;0
20210713:0710;47,52;0,04752;73,66;31,38;17,47;1,72;0
20210713:0810;71,24;0,07124;102,76;40,68;17,76;2,07;0
20210713:0910;80,3;0,0803;113,67;49,31;17,77;2,21;0
20210713:1010;314,79;0,31479;394,69;56,37;17,88;2,14;0
20210713:1110;123,42;0,12342;165,51;60,45;18,33;2,21;0
20210713:1210;146,29;0,14629;193,7;60,19;19,08;1,66;0
20210713:1310;139,68;0,13968;186,42;55,69;19,78;1,52;0
20210713:1410;82,08;0,08208;117,31;48,39;20,6;1,66;0
20210713:1510;67,08;0,06708;99,12;39,65;20,96;1,45;0
20210713:1610;128,94;0,12894;174,8;30,31;20,82;1,03;0
20210713:1710;110,74;0,11074;165,33;20,9;20,49;0,97;0
20210713:1810;14,88;0,01488;31,32;11,77;19,85;1,72;0
20210713:1910;0;0;3,39;3,27;19,16;0,41;0
20210713:2010;0;0;0;0;18,73;0,62;0
20210713:2110;0;0;0;0;18,31;0,69;0
20210713:2210;0;0;0;0;18,03;1,24;0
20210713:2310;0;0;0;0;17,81;1,52;0
20210714:0010;0;0;0;0;17,58;1,52;0
20210714:0110;0;0;0;0;17,4;1,66;0
20210714:0210;0;0;0;0;17,28;1,45;0
20210714:0310;0;0;0;0;17,1;1,1;0
20210714:0410;0;0;3,39;4,06;17;0,69;0
20210714:0510;6,64;0,00664;18,62;12,65;16,86;0,21;0
20210714:0610;31,07;0,03107;52,74;21,83;16,8;0,62;0
20210714:0710;30,29;0,03029;51,83;31,26;17,35;0,9;0
20210714:0810;36,6;0,0366;60,02;40,55;17,5;0,41;0
20210714:0910;80,77;0,08077;114,58;49,17;17,78;0,62;0
20210714:1010;56,14;0,05614;84,57;56,22;18,03;1,03;0
20210714:1110;81,4;0,0814;115,49;60,3;18,17;0,76;0
20210714:1210;77,69;0,07769;110,94;60,05;18,27;1,24;0
20210714:1310;54,67;0,05467;82,75;55,57;18,27;1,86;0
20210714:1410;35,17;0,03517;58,2;48,29;18,08;2,83;0
20210714:1510;27,49;0,02749;48,2;39,56;17,89;3,59;0
20210714:1610;51,99;0,05199;79,12;30,23;17,77;4,34;0
20210714:1710;9,82;0,00982;23,64;20,81;17,82;4,9;0
20210714:1810;2,29;0,00229;11,01;11,67;18,04;4,97;0
20210714:1910;0;0;1,69;3,17;16,8;1,72;0
20210714:2010;0;0;0;0;16,79;1,52;0
20210714:2110;0;0;0;0;16,97;0,69;0
20210714:2210;0;0;0;0;16,97;1,24;0
20210714:2310;0;0;0;0;16,86;1,93;0
20210715:0010;0;0;0;0;16,72;1,93;0
20210715:0110;0;0;0;0;16,5;1,66;0
20210715:0210;0;0;0;0;16,25;1,45;0
20210715:0310;0;0;0;0;16,01;1,45;0
20210715:0410;0;0;2,54;3,92;15,93;1,31;0
20210715:0510;25,77;0,02577;45,72;12,51;16,2;1,03;0
20210715:0610;135,33;0,13533;187,34;21,69;16,68;1,17;0
20210715:0710;160,97;0,16097;209,17;31,13;16,57;1,66;0
20210715:0810;251,46;0,25146;318,84;40,42;17,62;1,1;0
20210715:0910;533,68;0,53368;693,26;49,03;19,14;0,21;0
20210715:1010;392,1;0,3921;499,17;56,07;20,24;1,31;0
20210715:1110;170,39;0,17039;224,62;60,15;21,09;1,72;0
20210715:1210;121,11;0,12111;165,51;59,91;21,94;1,79;0
20210715:1310;128,96;0,12896;175,51;55,44;22,47;1,66;0
20210715:1410;403,68;0,40368;518,79;48,18;22,75;1,45;0
20210715:1510;304,34;0,30434;393,71;39,46;22,98;1,1;0
20210715:1610;154,73;0,15473;208,11;30,13;22,57;1,17;0
20210715:1710;93,99;0,09399;135,26;20,71;22,59;1,93;0
20210715:1810;4,48;0,00448;15,24;11,57;21,66;2,34;0
20210715:1910;0;0;1,69;3,06;19,02;2,28;0
20210715:2010;0;0;0;0;18,51;2,28;0
20210715:2110;0;0;0;0;17,9;2,83;0
20210715:2210;0;0;0;0;17,5;2,48;0
20210715:2310;0;0;0;0;17,18;2,76;0
20210716:0010;0;0;0;0;16,85;2,69;0
20210716:0110;0;0;0;0;16,47;2,9;0
20210716:0210;0;0;0;0;16,11;3,03;0
20210716:0310;0;0;0;0;15,78;3,1;0
20210716:0410;0;0;2,54;3,77;15,53;2,69;0
20210716:0510;7,78;0,00778;20,32;12,37;15,4;2,55;0
20210716:0610;23,67;0,02367;42,74;21,56;15,34;2,83;0
20210716:0710;73,59;0,07359;104,58;30,99;15,69;2,9;0
20210716:0810;145,54;0,14554;189,36;40,28;16,05;3,52;0
20210716:0910;103,8;0,1038;140,95;48,89;17,02;3,86;0
20210716:1010;124,5;0,1245;165,51;55,92;17,24;3,79;0
20210716:1110;296,98;0,29698;370,3;59,99;17,62;3,59;0
20210716:1210;275,07;0,27507;345,47;59,75;18,55;3,66;0
20210716:1310;128,91;0,12891;171,87;55,31;18,74;3,59;0
20210716:1410;103,46;0,10346;141,86;48,06;19,12;3,59;0
20210716:1510;152,41;0,15241;200,42;39,35;19,54;3,52;0
20210716:1610;163,87;0,16387;215,03;30,03;19,4;3,24;0
20210716:1710;86,1;0,0861;122,65;20,61;19,21;2,62;0
20210716:1810;22,26;0,02226;41,48;11,46;19,08;2,21;0
20210716:1910;0;0;3,39;2,94;17,33;2,21;0
20210716:2010;0;0;0;0;17,11;2,21;0
20210716:2110;0;0;0;0;16,97;1,93;0
20210716:2210;0;0;0;0;16,83;1,66;0
20210716:2310;0;0;0;0;16,78;1,59;0
20210717:0010;0;0;0;0;16,67;1,79;0
20210717:0110;0;0;0;0;16,6;1,93;0
20210717:0210;0;0;0;0;16,34;2;0
20210717:0310;0;0;0;0;16,05;1,93;0
20210717:0410;0;0;2,54;3,63;15,57;1,86;0
20210717:0510;12,26;0,01226;27,09;12,23;15,73;2,41;0
20210717:0610;97,95;0,09795;135,13;21,42;16,3;3,1;0
20210717:0710;113,91;0,11391;152,87;30,86;16,82;3,38;0
20210717:0810;187,76;0,18776;240,53;40,14;17,88;3,59;0
20210717:0910;225,61;0,22561;286,64;48,74;18,97;3,72;0
20210717:1010;289;0,289;365,21;55,76;20,75;4;0
20210717:1110;602,24;0,60224;763,37;59,82;21,65;3,86;0
20210717:1210;763,01;0,76301;984,7;59,59;22,72;4;0
20210717:1310;702,46;0,70246;901,14;55,17;23,24;4;0
20210717:1410;603,88;0,60388;767,9;47,94;23,63;3,93;0
20210717:1510;479,8;0,4798;610,01;39,24;24,17;3,93;0
20210717:1610;280,06;0,28006;372,15;29,92;24,08;4,07;0
20210717:1710;97,09;0,09709;167,04;20,5;23,56;3,79;0
20210717:1810;37,8;0,0378;62,65;11,35;22,51;3,59;0
20210717:1910;3,12;0,00312;12,7;2,82;20,77;3,31;0
20210717:2010;0;0;0;0;19,32;3,31;0
20210717:2110;0;0;0;0;18,16;3,24;0
20210717:2210;0;0;0;0;17,17;3,1;0
20210717:2310;0;0;0;0;16,28;2,83;0
20210718:0010;0;0;0;0;15,45;2,41;0
20210718:0110;0;0;0;0;14,72;2,14;0
20210718:0210;0;0;0;0;14,02;2;0
20210718:0310;0;0;0;0;13,48;1,86;0
20210718:0410;4,74;0,00474;15,24;3,48;13,02;1,79;0
20210718:0510;41,52;0,04152;65,19;12,09;13,71;1,66;0
20210718:0610;149,65;0,14965;219,72;21,28;15,49;2,14;0
20210718:0710;345,29;0,34529;439,03;30,71;17,6;1,93;0
20210718:0810;516,35;0,51635;650,17;40;18,95;1,93;0
20210718:0910;643,53;0,64353;823,76;48,59;20,13;2,14;0
20210718:1010;724,29;0,72429;938,1;55,59;21,48;2,76;0
20210718:1110;789,18;0,78918;1032,92;59,65;22,72;3,24;0
20210718:1210;791,66;0,79166;1040,2;59,43;23,41;3,24;0
20210718:1310;716,6;0,7166;926,8;55,02;24,3;3,93;0
20210718:1410;611,45;0,61145;780,71;47,81;24,61;4,14;0
20210718:1510;469,71;0,46971;598,64;39,13;25,05;4,21;0
20210718:1610;282,65;0,28265;377,49;29,81;24,98;3,93;0
20210718:1710;96,77;0,09677;167,04;20,38;24,49;3,1;0
20210718:1810;38,22;0,03822;63,49;11,23;23,63;2,9;0
20210718:1910;2,23;0,00223;11,01;2,69;21,77;2,76;0
20210718:2010;0;0;0;0;20,23;2,69;0
20210718:2110;0;0;0;0;19,02;2,83;0
20210718:2210;0;0;0;0;18,02;2,48;0
20210718:2310;0;0;0;0;17,1;2,21;0
20210719:0010;0;0;0;0;16,3;2;0
20210719:0110;0;0;0;0;15,55;1,86;0
20210719:0210;0;0;0;0;14,79;1,66;0
20210719:0310;0;0;0;0;13,97;1,52;0
20210719:0410;1,95;0,00195;10,16;3,32;13,28;1,52;0
20210719:0510;43,48;0,04348;67,73;11,94;14,09;1,38;0
20210719:0610;134,86;0,13486;186,27;21,14;15,79;2,14;0
20210719:0710;152,48;0,15248;199,12;30,57;17,06;2,28;0
20210719:0810;154,1;0,1541;201,64;39,85;18,21;2,62;0
20210719:0910;253,74;0,25374;321,45;48,43;19,06;2,69;0
20210719:1010;263,57;0,26357;334,7;55,43;19,82;2,76;0
20210719:1110;219,59;0,21959;282,11;59,47;20,27;2,97;0
20210719:1210;222,81;0,22281;286,08;59,26;20,51;3,17;0
20210719:1310;323,8;0,3238;408,51;54,87;20,48;3,1;0
20210719:1410;328,46;0,32846;413,88;47,68;20,38;2,9;0
20210719:1510;281,45;0,28145;356,17;39;20,18;2,97;0
20210719:1610;205,39;0,20539;267,23;29,69;19,82;2,76;0
20210719:1710;109,78;0,10978;159,21;20,26;19,72;2,41;0
20210719:1810;40,35;0,04035;65,19;11,11;19,36;1,72;0
20210719:1910;0,38;0,00038;6,77;2,56;18,25;1,79;0
20210719:2010;0;0;0;0;17,63;1,31;0
20210719:2110;0;0;0;0;16,78;1,17;0
20210719:2210;0;0;0;0;15,83;1,1;0
20210719:2310;0;0;0;0;15,57;0,97;0
20210720:0010;0;0;0;0;15,45;0,83;0
20210720:0110;0;0;0;0;15,11;0,76;0
20210720:0210;0;0;0;0;14,15;0,9;0
20210720:0310;0;0;0;0;12,9;1,17;0
20210720:0410;0;0;4,23;3,16;12,14;1,24;0
20210720:0510;45,85;0,04585;70,27;11,79;12,6;0,97;0
20210720:0610;149,99;0,14999;216,49;20,99;14,67;1,03;0
20210720:0710;336,7;0,3367;425,19;30,43;15,72;1,52;0
20210720:0810;476,29;0,47629;593,61;39,7;16,9;1,79;0
20210720:0910;512,77;0,51277;643,24;48,27;17,32;1,72;0
20210720:1010;547,83;0,54783;691,23;55,25;17,73;1,86;0
20210720:1110;664,3;0,6643;852;59,29;18,18;1,93;0
20210720:1210;749,9;0,7499;973,57;59,08;18,48;2;0
20210720:1310;704,89;0,70489;909,59;54,71;19,07;2;0
20210720:1410;618,05;0,61805;785,57;47,54;19,17;2,07;0
20210720:1510;484,02;0,48402;609,91;38,87;19,32;2,14;0
20210720:1610;295,7;0,2957;387,07;29,57;19,13;2,21;0
20210720:1710;99,8;0,0998;168,63;20,14;18,93;2,14;0
20210720:1810;38,53;0,03853;62,65;10,97;18,51;1,86;0
20210720:1910;1,47;0,00147;9,31;2,42;18,25;2;0
20210720:2010;0;0;0;0;16,92;2,07;0
20210720:2110;0;0;0;0;15,79;2;0
20210720:2210;0;0;0;0;14,73;1,86;0
20210720:2310;0;0;0;0;13,74;1,79;0
20210721:0010;0;0;0;0;12,81;1,79;0
20210721:0110;0;0;0;0;12,17;1,72;0
20210721:0210;0;0;0;0;11,92;1,59;0
20210721:0310;0;0;0;0;12,05;1,45;0
20210721:0410;0,77;0,00077;7,62;3;11,98;1,24;0
20210721:0510;42,35;0,04235;66,03;11,64;12,86;0,97;0
20210721:0610;149,23;0,14923;221,86;20,84;15;0,83;0
20210721:0710;346,21;0,34621;441,93;30,28;16,7;0,97;0
20210721:0810;508,24;0,50824;645,59;39,55;18,48;1,03;0
20210721:0910;639,14;0,63914;827,46;48,11;19,77;1,31;0
20210721:1010;715,38;0,71538;942,9;55,07;20,63;1,45;0
20210721:1110;745,71;0,74571;996,34;59,1;21,43;1,38;0
20210721:1210;722,06;0,72206;968,52;58,9;22,06;1,17;0
20210721:1310;0;0;0;0;22,4;0,97;0
20210721:1410;539,85;0,53985;702,66;47,39;22,85;1,24;0
20210721:1510;421,85;0,42185;541,91;38,74;22,74;1,66;0
20210721:1610;284,03;0,28403;377,68;29,43;22,49;2,14;0
20210721:1710;103,15;0,10315;167,89;20,01;21,76;2,07;0
20210721:1810;38,72;0,03872;63,49;10,84;20,94;2;0
20210721:1910;1,07;0,00107;8,47;2,27;19,71;2,07;0
20210721:2010;0;0;0;0;18,75;1,93;0
20210721:2110;0;0;0;0;17,55;1,72;0
20210721:2210;0;0;0;0;16,39;1,31;0
20210721:2310;0;0;0;0;16,69;0,97;0
20210722:0010;0;0;0;0;16,58;0,69;0
20210722:0110;0;0;0;0;16,21;0,48;0
20210722:0210;0;0;0;0;15,71;0,48;0
20210722:0310;0;0;0;0;15,29;0,62;0
20210722:0410;0;0;3,39;2,84;14,9;0,62;0
20210722:0510;42,53;0,04253;66,88;11,48;15,06;0,48;0
20210722:0610;144,05;0,14405;214,36;20,69;16,32;0,34;0
20210722:0710;247,14;0,24714;320,03;30,12;19,14;0,41;0
20210722:0810;424,78;0,42478;544,31;39,39;20,3;0,62;0
20210722:0910;560,92;0,56092;731,53;47,94;21,43;0,83;0
20210722:1010;628,96;0,62896;836,12;54,89;22,12;0,76;0
20210722:1110;449,79;0,44979;583,96;58,9;22,59;0,97;0
20210722:1210;315,69;0,31569;408,14;58,71;22,87;1,24;0
20210722:1310;543,37;0,54337;706,07;54,38;22,94;1,59;0
20210722:1410;384,54;0,38454;493,94;47,24;23,23;1,72;0
20210722:1510;293,12;0,29312;377,96;38,6;23,17;1,79;0
20210722:1610;229,59;0,22959;303,21;29,3;22,6;2,07;0
20210722:1710;107,86;0,10786;163,13;19,87;21,93;2,21;0
20210722:1810;37,36;0,03736;61,8;10,69;21,12;1,93;0
20210722:1910;0;0;4,23;2,12;20,52;2,14;0
20210722:2010;0;0;0;0;19,25;2,21;0
20210722:2110;0;0;0;0;18,31;2;0
20210722:2210;0;0;0;0;17,37;2;0
20210722:2310;0;0;0;0;16,48;1,93;0
20210723:0010;0;0;0;0;15,78;1,93;0
20210723:0110;0;0;0;0;15,04;1,79;0
20210723:0210;0;0;0;0;14,21;1,59;0
20210723:0310;0;0;0;0;13,54;1,38;0
20210723:0410;0;0;3,39;2,67;12,79;1,38;0
20210723:0510;42,97;0,04297;66,88;11,32;13,19;1,1;0
20210723:0610;145,56;0,14556;214,58;20,53;15,22;1,17;0
20210723:0710;334,55;0,33455;426,69;29,97;17,17;1,24;0
20210723:0810;501,01;0,50101;633,85;39,23;18,76;1,38;0
20210723:0910;634,81;0,63481;818,77;47,77;20,1;1,59;0
20210723:1010;706,96;0,70696;938,04;54,71;21,32;1,24;0
20210723:1110;727,89;0,72789;985,85;58,7;22,01;0,83;0
20210723:1210;737,77;0,73777;1008,17;58,51;22,9;0,76;0
20210723:1310;682,22;0,68222;917,64;54,2;23,26;0,9;0
20210723:1410;554,92;0,55492;732,01;47,08;23,79;0,83;0
20210723:1510;453,73;0,45373;593,72;38,45;23,95;0,76;0
20210723:1610;276,82;0,27682;374,38;29,16;24,06;0,83;0
20210723:1710;95,6;0,0956;165,31;19,73;23,93;1,24;0
20210723:1810;36,31;0,03631;60,95;10,55;23,14;1,59;0
20210723:1910;0,36;0,00036;6,77;1,96;21,28;2,48;0
20210723:2010;0;0;0;0;19,86;2,97;0
20210723:2110;0;0;0;0;19,01;2,69;0
20210723:2210;0;0;0;0;18,25;2,21;0
20210723:2310;0;0;0;0;17,46;2,14;0
20210724:0010;0;0;0;0;16,99;2,41;0
20210724:0110;0;0;0;0;16,82;2,69;0
20210724:0210;0;0;0;0;16,65;2,55;0
20210724:0310;0;0;0;0;16,17;2,21;0
20210724:0410;0;0;1,69;2,5;15,67;2,14;0
20210724:0510;16,39;0,01639;33,02;11,16;16,19;2,14;0
20210724:0610;40,89;0,04089;65,48;20,38;17,94;2;0
20210724:0710;108,77;0,10877;149,29;29,81;19,99;1,72;0
20210724:0810;49,54;0,04954;77,3;39,07;21,23;2,34;0
20210724:0910;66,25;0,06625;98,21;47,6;21,62;2,62;0
20210724:1010;69,87;0,06987;102,76;54,51;21,74;2,34;0
20210724:1110;42,86;0,04286;69,11;58,5;22,14;2;0
20210724:1210;58,04;0,05804;88,21;58,31;21,76;1,52;0
20210724:1310;55,45;0,05545;84,57;54,02;20,59;1,38;0
20210724:1410;49,16;0,04916;76,39;46,92;19,88;2,34;0
20210724:1510;54,37;0,05437;82,75;38,3;19,52;2,48;0
20210724:1610;135,54;0,13554;181,23;29,01;19,73;2,69;0
20210724:1710;104,47;0,10447;151,86;19,58;20,01;2,48;0
20210724:1810;31,05;0,03105;53,34;10,39;19,99;2,21;0
20210724:1910;0;0;2,54;1,8;19,61;1,93;0
20210724:2010;0;0;0;0;18,96;2,48;0
20210724:2110;0;0;0;0;18,41;2,07;0
20210724:2210;0;0;0;0;17,91;1,86;0
20210724:2310;0;0;0;0;17,57;1,72;0
20210725:0010;0;0;0;0;17,17;1,86;0
20210725:0110;0;0;0;0;16,53;2,14;0
20210725:0210;0;0;0;0;16,4;1,86;0
20210725:0310;0;0;0;0;16,06;1,17;0
20210725:0410;0;0;3,39;2,33;15,48;1,86;0
20210725:0510;36,96;0,03696;60,11;10,99;16,27;1,79;0
20210725:0610;140,71;0,14071;210,47;20,21;16,97;1,86;0
20210725:0710;320,93;0,32093;407,94;29,65;17,59;1,93;0
20210725:0810;500,34;0,50034;629,54;38,9;18,98;1,86;0
20210725:0910;613,92;0,61392;785,61;47,42;20,77;2,14;0
20210725:1010;336,77;0,33677;429,32;54,32;22,34;2,55;0
20210725:1110;346,92;0,34692;443,89;58,29;23,56;2,97;0
20210725:1210;753,06;0,75306;989,17;58,1;23,68;2,97;0
20210725:1310;534,64;0,53464;684,45;53,83;23,86;3,24;0
20210725:1410;84;0,084;120,95;46,75;23,66;3,03;0
20210725:1510;413,45;0,41345;529,39;38,14;23,63;2,41;0
20210725:1610;271,86;0,27186;363,57;28,85;23,72;2,21;0
20210725:1710;92,08;0,09208;163,13;19,42;23,32;2;0
20210725:1810;30,05;0,03005;52,49;10,23;22,17;1,93;0
20210725:1910;0;0;0,85;1,63;20,12;2;0
20210725:2010;0;0;0;0;18,97;1,86;0
20210725:2110;0;0;0;0;18,45;1,79;0
20210725:2210;0;0;0;0;17,75;2;0
20210725:2310;0;0;0;0;17,17;2,21;0
20210726:0010;0;0;0;0;16,78;2,21;0
20210726:0110;0;0;0;0;16,54;2,28;0
20210726:0210;0;0;0;0;16,35;2,41;0
20210726:0310;0;0;0;0;16,24;2,48;0
20210726:0410;0;0;0,85;2,15;16,05;2,34;0
20210726:0510;34,29;0,03429;56,72;10,82;16,32;2,14;0
20210726:0610;109,43;0,10943;152,49;20,05;17,6;1,93;0
20210726:0710;323,96;0,32396;413,14;29,49;19,27;2,76;0
20210726:0810;430,18;0,43018;535,45;38,73;20,03;3,66;0
20210726:0910;412,59;0,41259;515,53;47,24;20,56;3,66;0
20210726:1010;278;0,278;353,12;54,12;21,32;3,72;0
20210726:1110;281,96;0,28196;359,42;58,07;21,98;3,59;0
20210726:1210;604,87;0,60487;772,96;57,89;22,55;3,45;0
20210726:1310;560,15;0,56015;714,95;53,63;23,06;3,31;0
20210726:1410;381,25;0,38125;485,14;46,57;23,29;2,97;0
20210726:1510;377,63;0,37763;478,63;37,97;22,61;3,24;0
20210726:1610;240,17;0,24017;313,64;28,69;21,28;3,66;0
20210726:1710;17,72;0,01772;35,47;19,26;20,81;2,48;0
20210726:1810;25,22;0,02522;45,72;10,06;20,44;1,66;0
20210726:1910;0;0;3,39;1,45;19,63;2,14;0
20210726:2010;0;0;0;0;18,67;2,14;0
20210726:2110;0;0;0;0;17,79;2,34;0
20210726:2210;0;0;0;0;17,09;2,07;0
20210726:2310;0;0;0;0;16,58;2,14;0
20210727:0010;0;0;0;0;16,37;1,93;0
20210727:0110;0;0;0;0;16,11;1,86;0
20210727:0210;0;0;0;0;15,68;2;0
20210727:0310;0;0;0;0;15,65;2;0
20210727:0410;0;0;0,85;1,97;15,68;1,86;0
20210727:0510;30,38;0,03038;51,64;10,65;15,9;1,66;0
20210727:0610;48,48;0,04848;74,57;19,88;16,6;2;0
20210727:0710;174,3;0,1743;226,36;29,32;18,3;2,48;0
20210727:0810;369,66;0,36966;462,19;38,56;19,33;2,62;0
20210727:0910;288,3;0,2883;364,83;47,05;20,7;3,17;0
20210727:1010;177,03;0,17703;232,27;53,92;22,02;3,66;0
20210727:1110;607,51;0,60751;777,2;57,85;22,44;3,31;0
20210727:1210;338,24;0,33824;430,16;57,67;22,35;3,1;0
20210727:1310;255,17;0,25517;323,36;53,43;20,34;4,41;0
20210727:1410;88,81;0,08881;124,59;46,38;19,13;2,21;0
20210727:1510;46,33;0,04633;72,75;37,8;19,51;2,14;0
20210727:1610;136,22;0,13622;182,25;28,53;19,82;2,48;0
20210727:1710;71,51;0,07151;104,46;19,09;19,71;3,03;0
20210727:1810;15,52;0,01552;32,17;9,89;19,36;2,76;0
20210727:1910;0;0;0;0;18,71;2,76;0
20210727:2010;0;0;0;0;17,92;3,17;0
20210727:2110;0;0;0;0;17,29;2,83;0
20210727:2210;0;0;0;0;16,74;2,76;0
20210727:2310;0;0;0;0;16,2;3,03;0
20210728:0010;0;0;0;0;15,63;3,17;0
20210728:0110;0;0;0;0;15,39;2,97;0
20210728:0210;0;0;0;0;15,59;2,69;0
20210728:0310;0;0;0;0;15,68;2,41;0
20210728:0410;0;0;0,85;1,79;15,37;2,28;0
20210728:0510;29,13;0,02913;49,95;10,48;15,63;2,28;0
20210728:0610;97,92;0,09792;136,61;19,72;16,68;2,21;0
20210728:0710;225,52;0,22552;287,39;29,15;17,64;2,69;0
20210728:0810;68,21;0,06821;99,12;38,39;18,05;2,83;0
20210728:0910;96,8;0,0968;133,68;46,86;18,62;3,31;0
20210728:1010;469,54;0,46954;584,77;53,71;19,82;3,93;0
20210728:1110;200,57;0,20057;259,06;57,63;21,09;4,48;0
20210728:1210;415,95;0,41595;520,47;57,45;21,51;4,83;0
20210728:1310;432,23;0,43223;540,02;53,22;21,77;5,1;0
20210728:1410;424,5;0,4245;529,65;46,2;21,89;5,17;0
20210728:1510;436,92;0,43692;544,21;37,63;21,47;5,24;0
20210728:1610;148,01;0,14801;196,62;28,36;20,82;4,69;0
20210728:1710;87,21;0,08721;125,38;18,92;20,14;3,93;0
20210728:1810;31,17;0,03117;53,34;9,72;19,43;3,52;0
20210728:1910;0;0;0;0;17,18;2,83;0
20210728:2010;0;0;0;0;17,17;2,55;0
20210728:2110;0;0;0;0;16,63;2,76;0
20210728:2210;0;0;0;0;16,56;3,1;0
20210728:2310;0;0;0;0;16,44;3,17;0
20210729:0010;0;0;0;0;16,2;3,17;0
20210729:0110;0;0;0;0;16,08;3,24;0
20210729:0210;0;0;0;0;15,68;3,31;0
20210729:0310;0;0;0;0;15,56;3,38;0
20210729:0410;0;0;0,85;1,6;15,27;3,52;0
20210729:0510;24,67;0,02467;44,02;10,3;15,18;3,66;0
20210729:0610;105,08;0,10508;145,05;19,54;15,59;3,93;0
20210729:0710;246,5;0,2465;309,01;28,98;16,41;4,97;0
20210729:0810;299,07;0,29907;368,59;38,21;16,85;4,76;0
20210729:0910;274,8;0,2748;341,44;46,67;17,66;5,17;0
20210729:1010;615,59;0,61559;756,17;53,5;18,52;5,93;0
20210729:1110;288,74;0,28874;359,75;57,4;18,99;6,21;0
20210729:1210;566,9;0,5669;698,16;57,22;19,43;6,21;0
20210729:1310;485,8;0,4858;599,04;53,01;19,2;5,17;0
20210729:1410;606,28;0,60628;745,52;46;19,86;6,14;0
20210729:1510;374,33;0,37433;463,99;37,44;19,61;4,97;0
20210729:1610;138,6;0,1386;184,16;28,18;19,53;4,62;0
20210729:1710;102,23;0,10223;156,46;18,75;19,13;3,45;0
20210729:1810;24,22;0,02422;44,02;9,53;18,6;3,03;0
20210729:1910;0;0;0;0;17,61;2,21;0
20210729:2010;0;0;0;0;16,69;1,93;0
20210729:2110;0;0;0;0;15,77;2,07;0
20210729:2210;0;0;0;0;15,06;2,21;0
20210729:2310;0;0;0;0;14,38;2,28;0
20210730:0010;0;0;0;0;13,86;2,21;0
20210730:0110;0;0;0;0;13,38;2,14;0
20210730:0210;0;0;0;0;13,07;2,14;0
20210730:0310;0;0;0;0;13,14;2,21;0
20210730:0410;0;0;0,85;1,41;13,05;2,34;0
20210730:0510;30,13;0,03013;50,8;10,12;13,38;2,34;0
20210730:0610;138,98;0,13898;206,77;19,37;14,99;2,34;0
20210730:0710;317,27;0,31727;399,12;28,81;16,68;2,97;0
20210730:0810;511,17;0,51117;631,95;38,03;18,39;3,52;0
20210730:0910;570,17;0,57017;713,57;46,48;19,96;3,52;0
20210730:1010;590,16;0,59016;746,8;53,28;21,51;3,66;0
20210730:1110;687,61;0,68761;877,93;57,16;22,72;4,41;0
20210730:1210;769,08;0,76908;991,82;56,98;23,42;4,48;0
20210730:1310;466,44;0,46644;590,93;52,79;23,71;4,21;0
20210730:1410;216,35;0,21635;280,55;45,8;23,61;4,97;0
20210730:1510;166,86;0,16686;219,75;37,26;22,27;4,48;0
20210730:1610;104,99;0,10499;145,4;28;21,71;3,66;0
20210730:1710;100,36;0,10036;152,62;18,56;21,23;3,31;0
20210730:1810;27,8;0,0278;49,1;9,34;20,45;4,14;0
20210730:1910;0;0;0;0;19,29;4,07;0
20210730:2010;0;0;0;0;18,33;3,93;0
20210730:2110;0;0;0;0;17,55;3,72;0
20210730:2210;0;0;0;0;16,91;3,86;0
20210730:2310;0;0;0;0;16,17;4,07;0
20210731:0010;0;0;0;0;15,75;4,34;0
20210731:0110;0;0;0;0;15,36;4,48;0
20210731:0210;0;0;0;0;15,26;4,62;0
20210731:0310;0;0;0;0;14,99;4,69;0
20210731:0410;0;0;0;0;14,86;4,83;0
20210731:0510;28,63;0,02863;49,1;9,94;14,92;4,9;0
20210731:0610;73,43;0,07343;104,6;19,2;15,27;4,69;0
20210731:0710;160,73;0,16073;206,53;28,63;16,1;6,41;0
20210731:0810;501,99;0,50199;607,28;37,85;16,97;6,21;0
20210731:0910;120,01;0,12001;160,05;46,28;17,74;6,48;0
20210731:1010;360,95;0,36095;443,54;53,06;18,39;6,41;0
20210731:1110;390,59;0,39059;481,59;56,93;19,19;6,07;0
20210731:1210;226,81;0,22681;287,62;56,74;19,54;5,79;0
20210731:1310;166,96;0,16696;217,34;52,56;20;5,79;0
20210731:1410;188,33;0,18833;242,53;45,59;19,9;5,45;0
20210731:1510;311,62;0,31162;388,51;37,06;19,36;4,62;0
20210731:1610;273,35;0,27335;354,79;27,81;19,45;4,28;0
20210731:1710;70,57;0,07057;102,68;18,37;18,24;3,38;0
20210731:1810;18,09;0,01809;35,56;9,15;17,64;2,76;0
20210731:1910;0;0;0;0;17,45;1,59;0
20210731:2010;0;0;0;0;16,46;1,66;0
20210731:2110;0;0;0;0;15,79;1,72;0
20210731:2210;0;0;0;0;15,05;1,72;0
20210731:2310;0;0;0;0;14,58;1,72;0
20210801:0010;0;0;0;0;13,98;1,93;0
20210801:0110;0;0;0;0;13,68;1,86;0
20210801:0210;0;0;0;0;13,41;1,79;0
20210801:0310;0;0;0;0;13,25;1,79;0
20210801:0410;0;0;0;0;13,33;1,72;0
20210801:0510;31,4;0,0314;52,49;9,76;13,67;1,79;0
20210801:0610;133,76;0,13376;191,72;19,02;14,46;2,9;0
20210801:0710;341,73;0,34173;428,31;28,45;15,09;2,41;0
20210801:0810;495,34;0,49534;607,64;37,66;15,99;2,97;0
20210801:0910;332,16;0,33216;410,64;46,08;17,09;3,38;0
20210801:1010;469,38;0,46938;580,72;52,84;17,96;3,52;0
20210801:1110;511,87;0,51187;637,18;56,68;18,48;3,38;0
20210801:1210;359,89;0,35989;449,39;56,49;19,28;3,52;0
20210801:1310;145,94;0,14594;192,79;52,33;19,5;3,38;0
20210801:1410;576,53;0,57653;723,09;45,38;20,08;3,31;0
20210801:1510;75,89;0,07589;108,22;36,86;18,09;4,62;0
20210801:1610;208,16;0,20816;266,99;27,62;16,98;3,86;0
20210801:1710;100,44;0,10044;151,93;18,18;16,95;2,9;0
20210801:1810;24,5;0,0245;44,02;8,95;16,36;2,62;0
20210801:1910;0;0;0;0;14,87;2,69;0
20210801:2010;0;0;0;0;14,41;2,21;0
20210801:2110;0;0;0;0;14,01;2,21;0
20210801:2210;0;0;0;0;13,83;2,14;0
20210801:2310;0;0;0;0;13,59;1,86;0
20210802:0010;0;0;0;0;13,89;1,79;0
20210802:0110;0;0;0;0;13,92;1,52;0
20210802:0210;0;0;0;0;13,69;1,52;0
20210802:0310;0;0;0;0;13,72;1,38;0
20210802:0410;0;0;0;0;13,63;1,24;0
20210802:0510;3,74;0,00374;13,55;9,57;13,64;1,38;0
20210802:0610;49,93;0,04993;75,48;18,84;13,67;1,66;0
20210802:0710;54,99;0,05499;81,84;28,27;14,07;0,83;0
20210802:0810;114,62;0,11462;152,78;37,47;14,36;1,17;0
20210802:0910;110,56;0,11056;148,23;45,87;14,75;1,24;0
20210802:1010;393,64;0,39364;487,97;52,61;14,94;1,31;0
20210802:1110;454,91;0,45491;566,67;56,43;15,29;1,31;0
20210802:1210;302,16;0,30216;378,21;56,24;15,64;1,03;0
20210802:1310;578,59;0,57859;734,4;52,1;16,16;1,03;0
20210802:1410;475,58;0,47558;595,12;45,16;17,26;1,59;0
20210802:1510;115,27;0,11527;155,5;36,66;17,74;1,93;0
20210802:1610;134,71;0,13471;178,99;27,42;17,71;2,07;0
20210802:1710;93,84;0,09384;152,99;17,98;17,33;2,14;0
20210802:1810;23,14;0,02314;42,33;8,75;16,85;1,38;0
20210802:1910;0;0;0;0;15,99;1,45;0
20210802:2010;0;0;0;0;14,71;1,38;0
20210802:2110;0;0;0;0;14,56;0,76;0
20210802:2210;0;0;0;0;14,61;0,48;0
20210802:2310;0;0;0;0;13,84;0,9;0
20210803:0010;0;0;0;0;11,85;1,31;0
20210803:0110;0;0;0;0;10,97;1,72;0
20210803:0210;0;0;0;0;11,27;1,86;0
20210803:0310;0;0;0;0;11,71;1,79;0
20210803:0410;0;0;0;0;11,85;1,79;0
20210803:0510;1,15;0,00115;8,47;9,38;12;1,52;0
20210803:0610;9,47;0,00947;22,73;18,65;13,12;1,59;0
20210803:0710;52,89;0,05289;79,12;28,09;13,87;2;0
20210803:0810;79,95;0,07995;111,85;37,28;14,78;2,14;0
20210803:0910;121,49;0,12149;160,96;45,67;15,38;2,76;0
20210803:1010;158,62;0,15862;204,61;52,38;15,3;2,34;0
20210803:1110;295,53;0,29553;368,15;56,18;16,21;2,28;0
20210803:1210;486,91;0,48691;612,09;55,98;16,17;1,1;0
20210803:1310;89,73;0,08973;124,59;51,85;16,66;1,38;0
20210803:1410;89,25;0,08925;123,68;44,94;16,46;2,41;0
20210803:1510;25,51;0,02551;45,47;36,45;17,12;2,97;0
20210803:1610;256,25;0,25625;330,22;27,21;17,27;3,03;0
20210803:1710;97,81;0,09781;146,32;17,77;16,98;3,03;0
20210803:1810;27,7;0,0277;48,26;8,53;16,49;2,28;0
20210803:1910;0;0;0;0;16,11;1,86;0
20210803:2010;0;0;0;0;14,97;1,52;0
20210803:2110;0;0;0;0;14,28;1,31;0
20210803:2210;0;0;0;0;13,01;1,24;0
20210803:2310;0;0;0;0;12,92;0,9;0
20210804:0010;0;0;0;0;12,38;0,9;0
20210804:0110;0;0;0;0;12,43;0,76;0
20210804:0210;0;0;0;0;12,33;0,55;0
20210804:0310;0;0;0;0;11,97;0,34;0
20210804:0410;0;0;0;0;11,35;0,55;0
20210804:0510;28,36;0,02836;48,26;9,19;11,6;0,55;0
20210804:0610;107,06;0,10706;147,87;18,47;12,25;0,48;0
20210804:0710;231,45;0,23145;293,09;27,91;14,19;0,62;0
20210804:0810;462,67;0,46267;580,63;37,09;15,19;0,41;0
20210804:0910;523,47;0,52347;668,75;45,46;15,83;0,07;0
20210804:1010;536,7;0,5367;693,23;52,14;16,73;0;0
20210804:1110;537,54;0,53754;696,69;55,92;18,2;0,28;0
20210804:1210;716,71;0,71671;961;55,72;19,14;0,48;0
20210804:1310;584,58;0,58458;764,25;51,6;19,81;0,55;0
20210804:1410;359,57;0,35957;461,02;44,71;20,17;0,34;0
20210804:1510;385,9;0,3859;494,36;36,23;20,49;0,69;0
20210804:1610;169,18;0,16918;224,75;27;20,49;1,1;0
20210804:1710;64,06;0,06406;95,45;17,56;19,31;1,45;0
20210804:1810;26,1;0,0261;46,56;8,32;18,53;1,17;0
20210804:1910;0;0;0;0;18,09;1,1;0
20210804:2010;0;0;0;0;16,88;1,31;0
20210804:2110;0;0;0;0;16,09;1,24;0
20210804:2210;0;0;0;0;15,55;1,24;0
20210804:2310;0;0;0;0;14,92;1,1;0
20210805:0010;0;0;0;0;14,71;1,1;0
20210805:0110;0;0;0;0;14,36;0,9;0
20210805:0210;0;0;0;0;14,01;0,9;0
20210805:0310;0;0;0;0;13,29;1,1;0
20210805:0410;0;0;0;0;12,74;1,31;0
20210805:0510;6,79;0,00679;18,62;9;13,22;0,83;0
20210805:0610;53,24;0,05324;79,84;18,28;13,98;0,83;0
20210805:0710;186,4;0,1864;241,08;27,72;16,86;0,83;0
20210805:0810;227,9;0,2279;291,89;36,89;18,38;0,69;0
20210805:0910;384,14;0,38414;487,28;45,24;19,57;1,03;0
20210805:1010;619,59;0,61959;805,5;51,9;20,47;1,31;0
20210805:1110;547,07;0,54707;706,3;55,66;21,28;1,52;0
20210805:1210;137,57;0,13757;185,51;55,45;21,67;1,38;0
20210805:1310;694,9;0,6949;913,74;51,35;21,61;1,59;0
20210805:1410;155,92;0,15592;207,66;44,47;21,88;1,86;0
20210805:1510;248,03;0,24803;319,3;36,01;21,61;1,79;0
20210805:1610;165,87;0,16587;221,34;26,78;21,67;1,72;0
20210805:1710;89,73;0,08973;147,52;17,35;20,76;2,07;0
20210805:1810;20,96;0,02096;39,79;8,1;19,56;2,21;0
20210805:1910;0;0;0;0;19,11;2,21;0
20210805:2010;0;0;0;0;18,07;2,62;0
20210805:2110;0;0;0;0;17,28;2,48;0
20210805:2210;0;0;0;0;16,77;2,28;0
20210805:2310;0;0;0;0;16,34;2,41;0
20210806:0010;0;0;0;0;16,08;2,48;0
20210806:0110;0;0;0;0;15,8;2,9;0
20210806:0210;0;0;0;0;15,76;3,1;0
20210806:0310;0;0;0;0;15,66;3,66;0
20210806:0410;0;0;0;0;15,66;3,72;0
20210806:0510;0,74;0,00074;7,62;8,8;15,79;3,38;0
20210806:0610;81,83;0,08183;116,23;18,09;16,16;3,24;0
20210806:0710;161,88;0,16188;209,49;27,53;16,5;3,17;0
20210806:0810;320,44;0,32044;396,85;36,7;17,06;2,9;0
20210806:0910;152,69;0,15269;199,54;45,03;18,21;3,66;0
20210806:1010;724,81;0,72481;914,14;51,66;19,02;3,79;0
20210806:1110;187,5;0,1875;242,34;55,4;19,85;4;0
20210806:1210;142,31;0,14231;189,15;55,18;20,64;4,14;0
20210806:1310;278,59;0,27859;351,81;51,09;20,72;4,41;0
20210806:1410;230,61;0,23061;292,71;44,23;20,05;5,1;0
20210806:1510;229,75;0,22975;291,5;35,78;19,57;4,34;0
20210806:1610;187,49;0,18749;245,62;26,56;20,22;3,79;0
20210806:1710;90,82;0,09082;138;17,13;20,27;3,38;0
20210806:1810;20,97;0,02097;39,79;7,87;19,56;2,9;0
20210806:1910;0;0;0;0;18,24;2,69;0
20210806:2010;0;0;0;0;17,58;2,62;0
20210806:2110;0;0;0;0;17,05;2,55;0
20210806:2210;0;0;0;0;16,47;2,62;0
20210806:2310;0;0;0;0;16,16;2,34;0
20210807:0010;0;0;0;0;15,73;2,21;0
20210807:0110;0;0;0;0;15,55;2,34;0
20210807:0210;0;0;0;0;15,14;2,69;0
20210807:0310;0;0;0;0;15,25;2,69;0
20210807:0410;0;0;0;0;15,05;2,69;0
20210807:0510;15,3;0,0153;31,32;8,61;14,82;2,69;0
20210807:0610;23,63;0,02363;42,74;17,9;15,65;2,41;0
20210807:0710;160,77;0,16077;208,63;27,34;16,78;2,76;0
20210807:0810;400,71;0,40071;493,8;36,49;17,59;3,38;0
20210807:0910;394,93;0,39493;488,28;44,81;18,37;3,66;0
20210807:1010;329,63;0,32963;411,13;51,42;19,17;3,93;0
20210807:1110;174,77;0,17477;227,35;55,13;20,03;4,07;0
20210807:1210;536,19;0,53619;671,07;54,91;20,73;4,28;0
20210807:1310;573,76;0,57376;720,14;50,83;21,53;4,48;0
20210807:1410;291,81;0,29181;369,19;43,98;21,74;4,21;0
20210807:1510;248,24;0,24824;314,81;35,55;20,81;4,83;0
20210807:1610;229,82;0,22982;296,72;26,34;18,08;3,72;0
20210807:1710;81,48;0,08148;118,39;16,9;17,96;4,34;0
20210807:1810;2,74;0,00274;11,85;7,64;17,62;4,41;0
20210807:1910;0;0;0;0;17,36;3,93;0
20210807:2010;0;0;0;0;16,91;4,55;0
20210807:2110;0;0;0;0;16,72;4,69;0
20210807:2210;0;0;0;0;16,25;4,9;0
20210807:2310;0;0;0;0;15,91;4,34;0
20210808:0010;0;0;0;0;15,43;4,69;0
20210808:0110;0;0;0;0;15,42;4,69;0
20210808:0210;0;0;0;0;15,17;4,55;0
20210808:0310;0;0;0;0;14,76;4,41;0
20210808:0410;0;0;0;0;14,54;4,55;0
20210808:0510;19,04;0,01904;36,4;8,41;14,44;4,48;0
20210808:0610;82,62;0,08262;116,41;17,71;14,77;4,14;0
20210808:0710;165,18;0,16518;212,01;27,14;15,65;4,48;0
20210808:0810;423,21;0,42321;513,48;36,29;16,47;5,31;0
20210808:0910;210,33;0,21033;265,29;44,59;17,21;5,31;0
20210808:1010;280,11;0,28011;348,17;51,17;17,99;5,52;0
20210808:1110;532,81;0,53281;654,76;54,85;18,76;5,72;0
20210808:1210;469,43;0,46943;578,53;54,62;19,55;5,79;0
20210808:1310;508,85;0,50885;626,64;50,56;19,44;5,59;0
20210808:1410;158,74;0,15874;206,77;43,73;19,07;5,66;0
20210808:1510;24,58;0,02458;44,56;35,31;19,17;5,24;0
20210808:1610;118,25;0,11825;159,3;26,1;18,78;4,83;0
20210808:1710;82,74;0,08274;144,39;16,67;18,04;4;0
20210808:1810;18,73;0,01873;36,4;7,4;17,42;3,17;0
20210808:1910;0;0;0;0;16,58;2,21;0
20210808:2010;0;0;0;0;15,72;2,97;0
20210808:2110;0;0;0;0;15,38;2,9;0
20210808:2210;0;0;0;0;14,68;2,83;0
20210808:2310;0;0;0;0;14,53;2,97;0
20210809:0010;0;0;0;0;14,09;2,97;0
20210809:0110;0;0;0;0;13,89;2,83;0
20210809:0210;0;0;0;0;13,81;2,76;0
20210809:0310;0;0;0;0;13,64;2,76;0
20210809:0410;0;0;0;0;13,67;2,69;0
20210809:0510;1,52;0,00152;9,31;8,21;13,85;2,69;0
20210809:0610;17,66;0,01766;34,56;17,52;14,56;2,55;0
20210809:0710;230,58;0,23058;290,9;26,95;15,23;2,34;0
20210809:0810;456,47;0,45647;559,69;36,09;16,12;2,97;0
20210809:0910;474,67;0,47467;585,37;44,36;17,93;3,59;0
20210809:1010;572,91;0,57291;713,87;50,92;19,13;3,86;0
20210809:1110;565,4;0,5654;704,95;54,57;19,9;4,41;0
20210809:1210;294,26;0,29426;369,82;54,34;20,2;4,55;0
20210809:1310;147,1;0,1471;194,61;50,28;20,42;4,34;0
20210809:1410;69,74;0,06974;101,85;43,48;20,48;4,28;0
20210809:1510;79,82;0,07982;113,67;35,06;19,53;4,07;0
20210809:1610;206,76;0,20676;270,6;25,87;19,9;2,97;0
20210809:1710;66,27;0,06627;99,1;16,43;20,09;2,83;0
20210809:1810;19,79;0,01979;38,1;7,16;19,14;3,24;0
20210809:1910;0;0;0;0;17,93;2,34;0
20210809:2010;0;0;0;0;17,22;2,28;0
20210809:2110;0;0;0;0;16,39;2,41;0
20210809:2210;0;0;0;0;16,08;2,55;0
20210809:2310;0;0;0;0;15,63;2,55;0
20210810:0010;0;0;0;0;15,39;2,41;0
20210810:0110;0;0;0;0;14,71;2,34;0
20210810:0210;0;0;0;0;14,37;2,28;0
20210810:0310;0;0;0;0;14,07;2,28;0
20210810:0410;0;0;0;0;13,82;2,21;0
20210810:0510;24,77;0,02477;44,02;8,01;14,21;2,14;0
20210810:0610;125,66;0,12566;184,68;17,32;14,95;2;0
20210810:0710;328,23;0,32823;414,24;26,75;16,32;2,21;0
20210810:0810;272,79;0,27279;340,9;35,88;17,58;2,83;0
20210810:0910;342,9;0,3429;427,75;44,13;18,51;2,62;0
20210810:1010;469,33;0,46933;590,02;50,66;19,33;2,28;0
20210810:1110;442,48;0,44248;557,21;54,29;20,67;2,9;0
20210810:1210;602,71;0,60271;766,26;54,05;21,16;3,17;0
20210810:1310;655,52;0,65552;831,16;50;21,74;4;0
20210810:1410;447,49;0,44749;562,78;43,21;22,06;3,59;0
20210810:1510;221,49;0,22149;286,03;34,82;21,94;2,83;0
20210810:1610;76,94;0,07694;110,94;25,63;21,06;3,66;0
20210810:1710;82,08;0,08208;122,46;16,19;18,93;2,69;0
20210810:1810;19,9;0,0199;38,1;6,91;17,98;2;0
20210810:1910;0;0;0;0;17,02;2,14;0
20210810:2010;0;0;0;0;16,63;1,72;0
20210810:2110;0;0;0;0;15,79;1,45;0
20210810:2210;0;0;0;0;15,05;1,38;0
20210810:2310;0;0;0;0;14,44;1,66;0
20210811:0010;0;0;0;0;13,92;1,59;0
20210811:0110;0;0;0;0;13,4;1,17;0
20210811:0210;0;0;0;0;12,92;0,97;0
20210811:0310;0;0;0;0;13,01;0,9;0
20210811:0410;0;0;0;0;12,86;1,1;0
20210811:0510;18,49;0,01849;35,56;7,8;13,4;1,52;0
20210811:0610;108,92;0,10892;154,53;17,12;14,35;1,52;0
20210811:0710;210,67;0,21067;270,3;26,55;16,84;1,17;0
20210811:0810;318,48;0,31848;400,25;35,67;18,02;1,24;0
20210811:0910;565,61;0,56561;722,05;43,9;19,62;1,52;0
20210811:1010;524,86;0,52486;671,31;50,4;20,79;1,72;0
20210811:1110;551,86;0,55186;709,13;54;21,58;2;0
20210811:1210;537,86;0,53786;689,31;53,75;22,29;2,41;0
20210811:1310;494,96;0,49496;630,45;49,72;22,75;2,83;0
20210811:1410;510,84;0,51084;652,92;42,95;22,83;2,34;0
20210811:1510;337,05;0,33705;431,42;34,56;23;2,14;0
20210811:1610;205,27;0,20527;274,06;25,38;22,65;1,66;0
20210811:1710;82,13;0,08213;135,22;15,94;22,33;0,97;0
20210811:1810;13,59;0,01359;29,63;6,66;21,3;0,48;0
20210811:1910;0;0;0;0;20,17;1,31;0
20210811:2010;0;0;0;0;18,61;1,31;0
20210811:2110;0;0;0;0;18,23;1,03;0
20210811:2210;0;0;0;0;18,17;0,69;0
20210811:2310;0;0;0;0;17,52;0,41;0
20210812:0010;0;0;0;0;16,74;0,34;0
20210812:0110;0;0;0;0;16,22;0,28;0
20210812:0210;0;0;0;0;15,84;0,34;0
20210812:0310;0;0;0;0;15,64;0,34;0
20210812:0410;0;0;0;0;15,28;0,62;0
20210812:0510;9,46;0,00946;22,86;7,6;14,73;0,55;0
20210812:0610;106,41;0,10641;152,63;16,92;15,72;0,41;0
20210812:0710;194,52;0,19452;253,16;26,35;18,58;0,76;0
20210812:0810;416,57;0,41657;532,27;35,46;20,5;0,76;0
20210812:0910;386,18;0,38618;497,22;43,67;21,92;0,69;0
20210812:1010;462,83;0,46283;603,32;50,14;23,08;0,76;0
20210812:1110;363,77;0,36377;474,8;53,71;24,01;0,62;0
20210812:1210;571,78;0,57178;760,7;53,45;24,68;0,97;0
20210812:1310;580,92;0,58092;775,46;49,43;25,14;0,9;0
20210812:1410;522,04;0,52204;693,48;42,67;25,45;0,62;0
20210812:1510;350,65;0,35065;462,32;34,3;25,71;0,34;0
20210812:1610;242,93;0,24293;334,1;25,13;25,72;0,34;0
20210812:1710;73,68;0,07368;136,5;15,69;25,3;1,1;0
20210812:1810;16,89;0,01689;34,71;6,41;23,91;1,86;0
20210812:1910;0;0;0;0;22,22;1,79;0
20210812:2010;0;0;0;0;20,82;1,79;0
20210812:2110;0;0;0;0;19,55;1,59;0
20210812:2210;0;0;0;0;18,63;1,52;0
20210812:2310;0;0;0;0;17,69;1,52;0
20210813:0010;0;0;0;0;16,95;1,59;0
20210813:0110;0;0;0;0;16,55;1,66;0
20210813:0210;0;0;0;0;16,65;1,72;0
20210813:0310;0;0;0;0;16,69;1,45;0
20210813:0410;0;0;0;0;17,22;1,03;0
20210813:0510;21,11;0,02111;39,79;7,39;18,03;0,69;0
20210813:0610;89,73;0,08973;129,82;16,72;18,22;0,76;0
20210813:0710;216,14;0,21614;281,49;26,15;19,92;0,9;0
20210813:0810;361,46;0,36146;454,13;35,24;20,57;2,62;0
20210813:0910;375,02;0,37502;470,03;43,43;20,83;3,31;0
20210813:1010;613,38;0,61338;783,25;49,87;21,28;2,76;0
20210813:1110;484,34;0,48434;619,88;53,42;22,15;2,07;0
20210813:1210;436,95;0,43695;557,43;53,15;22,77;2,48;0
20210813:1310;465,38;0,46538;592,09;49,14;23,41;3,17;0
20210813:1410;366,31;0,36631;465,53;42,4;23,71;3,38;0
20210813:1510;329,84;0,32984;420,41;34,04;23,55;3,38;0
20210813:1610;255,13;0,25513;341,44;24,87;23,14;3,31;0
20210813:1710;75,44;0,07544;132,84;15,43;22,39;2,69;0
20210813:1810;15,94;0,01594;33,02;6,14;21,34;2,41;0
20210813:1910;0;0;0;0;19,89;1,79;0
20210813:2010;0;0;0;0;18,03;1,38;0
20210813:2110;0;0;0;0;18,18;0,9;0
20210813:2210;0;0;0;0;16,99;1,03;0
20210813:2310;0;0;0;0;16,84;0,76;0
20210814:0010;0;0;0;0;16,37;0,41;0
20210814:0110;0;0;0;0;15,73;0,48;0
20210814:0210;0;0;0;0;14,01;1,17;0
20210814:0310;0;0;0;0;13,45;1,17;0
20210814:0410;0;0;0;0;13,22;1,17;0
20210814:0510;19,12;0,01912;36,4;7,18;13,35;1,03;0
20210814:0610;129,27;0,12927;196,64;16,52;15;0,62;0
20210814:0710;327,35;0,32735;419,97;25,94;17,67;0,9;0
20210814:0810;500,39;0,50039;635,89;35,03;19,32;1,17;0
20210814:0910;634,98;0,63498;821,55;43,2;20,57;1,52;0
20210814:1010;726,17;0,72617;953,4;49,6;21,88;2,07;0
20210814:1110;727,93;0,72793;955,71;53,12;22,92;2,55;0
20210814:1210;749,06;0,74906;985,79;52,84;23,5;2,76;0
20210814:1310;699,24;0,69924;908,51;48,84;23,91;3,17;0
20210814:1410;606,1;0,6061;775,1;42,11;23,87;3,45;0
20210814:1510;450,14;0,45014;571,94;33,77;23,46;3,38;0
20210814:1610;265,58;0,26558;355,66;24,61;23,02;3,31;0
20210814:1710;72,33;0,07233;132,37;15,17;22,18;2,55;0
20210814:1810;14,19;0,01419;30,48;5,88;21,21;2,21;0
20210814:1910;0;0;0;0;19,68;1,79;0
20210814:2010;0;0;0;0;17,96;1,24;0
20210814:2110;0;0;0;0;17,96;0,83;0
20210814:2210;0;0;0;0;17,32;0,9;0
20210814:2310;0;0;0;0;16,65;0,9;0
20210815:0010;0;0;0;0;16,01;0,9;0
20210815:0110;0;0;0;0;13,94;1,45;0
20210815:0210;0;0;0;0;13,05;1,72;0
20210815:0310;0;0;0;0;12,81;1,93;0
20210815:0410;0;0;0;0;12,67;2;0
20210815:0510;19,82;0,01982;37,25;6,97;12,76;1,86;0
20210815:0610;119,37;0,11937;175,13;16,32;14,97;1,52;0
20210815:0710;273,23;0,27323;349,54;25,74;18,76;1,93;0
20210815:0810;473,01;0,47301;597,67;34,81;20,65;2,07;0
20210815:0910;600,46;0,60046;772,15;42,95;22,33;2,28;0
20210815:1010;652,81;0,65281;852,57;49,33;23,78;2,41;0
20210815:1110;643,27;0,64327;844,64;52,82;24,67;2,41;0
20210815:1210;745,5;0,7455;985,8;52,53;25,57;3,17;0
20210815:1310;599,55;0,59955;780,09;48,53;25,62;2,97;0
20210815:1410;433,74;0,43374;557,44;41,83;25,67;2,97;0
20210815:1510;380,75;0,38075;490,44;33,49;25,33;2,69;0
20210815:1610;159,06;0,15906;216,56;24,34;24,96;2,21;0
20210815:1710;74,8;0,0748;118,76;14,91;24,34;1,24;0
20210815:1810;13,43;0,01343;29,63;5,61;23,44;0,97;0
20210815:1910;0;0;0;0;21,78;1,59;0
20210815:2010;0;0;0;0;21,04;2,14;0
20210815:2110;0;0;0;0;20,42;2,34;0
20210815:2210;0;0;0;0;19,98;3,86;0
20210815:2310;0;0;0;0;18,6;4,21;0
20210816:0010;0;0;0;0;17,47;3,86;0
20210816:0110;0;0;0;0;16,41;3,86;0
20210816:0210;0;0;0;0;15,43;3,66;0
20210816:0310;0;0;0;0;14,92;3,59;0
20210816:0410;0;0;0;0;15,04;3,45;0
20210816:0510;10,58;0,01058;24,55;6,76;15,11;3,59;0
20210816:0610;69,09;0,06909;100,3;16,11;15,34;3,93;0
20210816:0710;143,15;0,14315;186,21;25,53;15,68;4,62;0
20210816:0810;441,56;0,44156;532,59;34,59;16,62;6,69;0
20210816:0910;275,28;0,27528;339,74;42,71;17,32;6,83;0
20210816:1010;316,68;0,31668;388,75;49,06;17,68;7,24;0
20210816:1110;105,63;0,10563;142,77;52,52;17,04;6,07;0
20210816:1210;123,03;0,12303;162,78;52,21;16,32;5,45;0
20210816:1310;86,63;0,08663;120,04;48,22;16,23;5,38;0
20210816:1410;205,75;0,20575;258,75;41,53;16,17;5,1;0
20210816:1510;63,69;0,06369;92,76;33,22;16,35;5,72;0
20210816:1610;116,03;0,11603;154,46;24,07;15,32;5,31;0
20210816:1710;28,65;0,02865;49,11;14,64;14,82;4,83;0
20210816:1810;0;0;4,23;5,33;14,32;4,28;0
20210816:1910;0;0;0;0;12,73;4,34;0
20210816:2010;0;0;0;0;12,52;4,07;0
20210816:2110;0;0;0;0;12,09;4,07;0
20210816:2210;0;0;0;0;11,73;4;0
20210816:2310;0;0;0;0;11,55;4,07;0
20210817:0010;0;0;0;0;11,6;4,34;0
20210817:0110;0;0;0;0;11,78;4,41;0
20210817:0210;0;0;0;0;11,76;4,21;0
20210817:0310;0;0;0;0;11,63;3,93;0
20210817:0410;0;0;0;0;11,25;3,52;0
20210817:0510;17,49;0,01749;33,86;6,55;11,07;3,45;0
20210817:0610;87,49;0,08749;123,11;15,9;11,99;3,31;0
20210817:0710;97,34;0,09734;131,48;25,32;13,77;4,21;0
20210817:0810;308,17;0,30817;375,36;34,36;14,86;4,69;0
20210817:0910;342,31;0,34231;416,52;42,46;15,33;4,69;0
20210817:1010;179,7;0,1797;228,76;48,78;16,44;5,79;0
20210817:1110;108,17;0,10817;145,5;52,21;16,63;6,07;0
20210817:1210;107,53;0,10753;144,59;51,89;16,24;5,52;0
20210817:1310;99,1;0,0991;134,59;47,91;15,74;4,34;0
20210817:1410;102,4;0,1024;138,23;41,24;15,09;3,52;0
20210817:1510;131;0,131;171,55;32,93;14,78;2,97;0
20210817:1610;35,84;0,03584;58,2;23,79;14,37;2,97;0
20210817:1710;13,8;0,0138;29,1;14,36;13,94;2,34;0
20210817:1810;6,78;0,00678;18,62;5,05;13,75;2,34;0
20210817:1910;0;0;0;0;13,3;2,9;0
20210817:2010;0;0;0;0;13,44;3,24;0
20210817:2110;0;0;0;0;13,63;3,45;0
20210817:2210;0;0;0;0;13,8;3,52;0
20210817:2310;0;0;0;0;13,92;3,45;0
20210818:0010;0;0;0;0;14,01;3,45;0
20210818:0110;0;0;0;0;14,03;3,17;0
20210818:0210;0;0;0;0;14,11;3,03;0
20210818:0310;0;0;0;0;14,21;3,31;0
20210818:0410;0;0;0;0;14,32;4;0
20210818:0510;10,63;0,01063;24,55;6,34;14,22;3,72;0
20210818:0610;54,01;0,05401;80,82;15,7;14,28;3,86;0
20210818:0710;127,28;0,12728;167,21;25,11;14,63;3,31;0
20210818:0810;160,06;0,16006;205,34;34,14;15,33;3,86;0
20210818:0910;136,78;0,13678;179,15;42,22;16,11;3,59;0
20210818:1010;163,54;0,16354;210,98;48,5;16,53;3,38;0
20210818:1110;247,01;0,24701;309,97;51,9;17,21;3,45;0
20210818:1210;379,77;0,37977;470,65;51,56;18,19;3,52;0
20210818:1310;138,18;0,13818;182,79;47,6;18,8;4;0
20210818:1410;133,19;0,13319;177,33;40,94;19,47;4,21;0
20210818:1510;96,41;0,09641;133,68;32,65;19,79;4,48;0
20210818:1610;121,43;0,12143;164,24;23,51;19,52;3,93;0
20210818:1710;50,28;0,05028;78,3;14,08;19,02;3,79;0
20210818:1810;6,08;0,00608;17,78;4,77;18,18;3,03;0
20210818:1910;0;0;0;0;17,16;2,69;0
20210818:2010;0;0;0;0;16,82;2,62;0
20210818:2110;0;0;0;0;16,46;2,69;0
20210818:2210;0;0;0;0;16,5;2,76;0
20210818:2310;0;0;0;0;16,46;2,9;0
20210819:0010;0;0;0;0;16,59;3,17;0
20210819:0110;0;0;0;0;16,55;3,38;0
20210819:0210;0;0;0;0;16,26;3,31;0
20210819:0310;0;0;0;0;16,12;3,38;0
20210819:0410;0;0;0;0;15,9;3,17;0
20210819:0510;0;0;5,08;6,12;15,75;3,03;0
20210819:0610;27,79;0,02779;48,2;15,49;15,71;2,97;0
20210819:0710;64,34;0,06434;93,67;24,89;16,34;3,79;0
20210819:0810;167,28;0,16728;214,98;33,91;16,7;3,79;0
20210819:0910;308,38;0,30838;380,47;41,96;17,23;4,34;0
20210819:1010;145,84;0,14584;190,97;48,21;17,96;4,55;0
20210819:1110;205,53;0,20553;262,23;51,58;18,8;4,41;0
20210819:1210;278,09;0,27809;349,14;51,24;19,26;4,14;0
20210819:1310;254,48;0,25448;321,12;47,27;19,21;3,72;0
20210819:1410;147,45;0,14745;194,11;40,63;19,15;3,72;0
20210819:1510;191,89;0,19189;246,45;32,35;19,13;3,72;0
20210819:1610;99,91;0,09991;137,91;23,23;19,04;3,52;0
20210819:1710;61,94;0,06194;95,78;13,8;18,76;2,76;0
20210819:1810;9,29;0,00929;22,86;4,48;18,02;1,93;0
20210819:1910;0;0;0;0;16,85;1,24;0
20210819:2010;0;0;0;0;16,64;1,17;0
20210819:2110;0;0;0;0;16,5;1,38;0
20210819:2210;0;0;0;0;16,43;1,72;0
20210819:2310;0;0;0;0;16,31;1,86;0
20210820:0010;0;0;0;0;16,08;1,79;0
20210820:0110;0;0;0;0;15,66;1,72;0
20210820:0210;0;0;0;0;15,23;1,72;0
20210820:0310;0;0;0;0;15,13;1,72;0
20210820:0410;0;0;0;0;15,2;1,66;0
20210820:0510;10,58;0,01058;24,55;5,91;15,02;1,59;0
20210820:0610;80,06;0,08006;115,96;15,27;15,4;1,38;0
20210820:0710;216;0,216;274,78;24,68;15,81;1,79;0
20210820:0810;208,3;0,2083;264,3;33,68;17,25;2,55;0
20210820:0910;260,91;0,26091;327,6;41,71;17,89;2,69;0
20210820:1010;254;0,254;321,12;47,92;18,53;2,48;0
20210820:1110;374,45;0,37445;468,83;51,26;19,32;2,69;0
20210820:1210;267,51;0,26751;339,4;50,9;20;2,76;0
20210820:1310;491,6;0,4916;618,43;46,95;20,62;2,9;0
20210820:1410;333,72;0,33372;420,57;40,32;20,75;2,62;0
20210820:1510;113,14;0,11314;154,91;32,06;21,05;2,69;0
20210820:1610;133,91;0,13391;181,43;22,94;20,93;2,41;0
20210820:1710;58,26;0,05826;91,22;13,51;20,55;1,45;0
20210820:1810;7,57;0,00757;20,32;4,19;19,75;0,69;0
20210820:1910;0;0;0;0;18,71;0,34;0
20210820:2010;0;0;0;0;17,92;0,55;0
20210820:2110;0;0;0;0;15,89;1,24;0
20210820:2210;0;0;0;0;14,89;1,45;0
20210820:2310;0;0;0;0;14,31;1,52;0
20210821:0010;0;0;0;0;13,94;1,45;0
20210821:0110;0;0;0;0;13,37;1,52;0
20210821:0210;0;0;0;0;13,03;1,59;0
20210821:0310;0;0;0;0;13,31;1,52;0
20210821:0410;0;0;0;0;13,08;1,59;0
20210821:0510;7,87;0,00787;20,32;5,69;13,27;1,59;0
20210821:0610;106,62;0,10662;156,54;15,06;14,89;1,45;0
20210821:0710;309,7;0,3097;393,66;24,46;17,07;1,59;0
20210821:0810;483,12;0,48312;607,56;33,45;19,22;1,79;0
20210821:0910;625,46;0,62546;799,65;41,45;20,71;2,21;0
20210821:1010;700,42;0,70042;910,23;47,63;22,09;2,48;0
20210821:1110;747,73;0,74773;983,97;50,94;23,19;2,62;0
20210821:1210;691,39;0,69139;905,41;50,57;23,78;2,62;0
20210821:1310;543,43;0,54343;700,82;46,62;24,21;2,55;0
20210821:1410;476,31;0,47631;612;40,01;24,35;2,28;0
20210821:1510;271,01;0,27101;352,42;31,76;24,39;1,52;0
20210821:1610;154,48;0,15448;211,45;22,64;24,34;1,52;0
20210821:1710;58,7;0,0587;94,56;13,22;23,68;1,86;0
20210821:1810;3,99;0,00399;14,39;3,89;22,2;2,41;0
20210821:1910;0;0;0;0;21,23;2,07;0
20210821:2010;0;0;0;0;20,21;2,34;0
20210821:2110;0;0;0;0;19,77;2,55;0
20210821:2210;0;0;0;0;19,21;2,76;0
20210821:2310;0;0;0;0;18,52;3,03;0
20210822:0010;0;0;0;0;18,27;3,38;0
20210822:0110;0;0;0;0;18,15;3,79;0
20210822:0210;0;0;0;0;17,79;4,48;0
20210822:0310;0;0;0;0;17,24;4,34;0
20210822:0410;0;0;0;0;16,55;3,72;0
20210822:0510;6,69;0,00669;18,62;5,47;15,93;3,1;0
20210822:0610;88,83;0,08883;129,48;14,85;16,42;2,69;0
20210822:0710;76,05;0,07605;108,53;24,24;17,79;2,55;0
20210822:0810;32,47;0,03247;54,56;33,22;17,35;3,31;0
20210822:0910;315,64;0,31564;392;41,2;18,39;3,66;0
20210822:1010;169,21;0,16921;219,7;47,34;18,78;3,52;0
20210822:1110;424,44;0,42444;526,82;50,62;19,89;4,41;0
20210822:1210;475,43;0,47543;590,5;50,23;20,39;4,69;0
20210822:1310;386,54;0,38654;480,73;46,29;20,56;4,69;0
20210822:1410;458,31;0,45831;567,54;39,69;19,78;4,07;0
20210822:1510;421,81;0,42181;523,02;31,45;18,7;3,52;0
20210822:1610;252,73;0,25273;332,7;22,35;17,89;3,52;0
20210822:1710;60,32;0,06032;95,12;12,92;17,89;2,76;0
20210822:1810;4,6;0,0046;15,24;3,59;17,51;3,03;0
20210822:1910;0;0;0;0;17,12;2,48;0
20210822:2010;0;0;0;0;16,69;2;0
20210822:2110;0;0;0;0;16,02;2;0
20210822:2210;0;0;0;0;15,51;2,14;0
20210822:2310;0;0;0;0;15,28;2,21;0
20210823:0010;0;0;0;0;15,34;1,79;0
20210823:0110;0;0;0;0;15,64;1,52;0
20210823:0210;0;0;0;0;15,66;0,76;0
20210823:0310;0;0;0;0;15,71;0,34;0
20210823:0410;0;0;0;0;15,79;0,97;0
20210823:0510;12,25;0,01225;27,09;5,25;15,84;1,24;0
20210823:0610;72,66;0,07266;106,8;14,63;16,04;1,38;0
20210823:0710;120,2;0,1202;160,68;24,02;16,66;2,21;0
20210823:0810;187,95;0,18795;240,59;32,99;17,59;2,69;0
20210823:0910;117,58;0,11758;158,23;40,94;18,35;3,31;0
20210823:1010;321,07;0,32107;399,85;47,05;18,65;3,59;0
20210823:1110;193,91;0,19391;249,04;50,29;19,06;3,93;0
20210823:1210;206,01;0,20601;263,78;49,89;19,56;4,21;0
20210823:1310;240,54;0,24054;305,04;45,95;20,07;4,41;0
20210823:1410;121,85;0,12185;164,6;39,37;20,55;4,34;0
20210823:1510;116,34;0,11634;158;31,14;20,44;3,86;0
20210823:1610;214,18;0,21418;284,47;22,05;20,52;3,66;0
20210823:1710;61,12;0,06112;105,21;12,62;20,15;2,83;0
20210823:1810;3,6;0,0036;13,55;3,29;19,31;2,41;0
20210823:1910;0;0;0;0;17,67;2,14;0
20210823:2010;0;0;0;0;16,59;2,14;0
20210823:2110;0;0;0;0;15,69;2,28;0
20210823:2210;0;0;0;0;14,93;2,34;0
20210823:2310;0;0;0;0;14,27;2,34;0
20210824:0010;0;0;0;0;13,8;2,41;0
20210824:0110;0;0;0;0;13,48;2,48;0
20210824:0210;0;0;0;0;13,03;2,41;0
20210824:0310;0;0;0;0;12,47;2,34;0
20210824:0410;0;0;0;0;11,95;2,28;0
20210824:0510;11,96;0,01196;26,24;5,03;11,56;2,21;0
20210824:0610;121,56;0,12156;181,35;14,42;12,56;1,79;0
20210824:0710;322,6;0,3226;404,56;23,8;14,95;2;0
20210824:0810;520,63;0,52063;642;32,75;16,37;2,62;0
20210824:0910;668,17;0,66817;832,76;40,67;17,39;3,31;0
20210824:1010;757,27;0,75727;953,73;46,75;18,31;3,93;0
20210824:1110;835,24;0,83524;1066,02;49,96;18,96;4,07;0
20210824:1210;807,37;0,80737;1032,03;49,54;19,35;3,79;0
20210824:1310;648,3;0,6483;818,87;45,61;19,96;3,38;0
20210824:1410;460,12;0,46012;574,29;39,04;20,27;3,31;0
20210824:1510;373,06;0,37306;466,43;30,83;20,26;3,66;0
20210824:1610;189,1;0,1891;250,66;21,74;19,88;3,38;0
20210824:1710;57,46;0,05746;92,01;12,32;19,09;2,83;0
20210824:1810;4,11;0,00411;14,39;2,98;17,81;2,55;0
20210824:1910;0;0;0;0;16,51;2,55;0
20210824:2010;0;0;0;0;15,41;2,55;0
20210824:2110;0;0;0;0;14,51;2,41;0
20210824:2210;0;0;0;0;13,66;2,28;0
20210824:2310;0;0;0;0;12,94;2,28;0
20210825:0010;0;0;0;0;12,21;2,14;0
20210825:0110;0;0;0;0;11,43;1,93;0
20210825:0210;0;0;0;0;10,75;1,79;0
20210825:0310;0;0;0;0;10,58;1,59;0
20210825:0410;0;0;0;0;10,84;1,24;0
20210825:0510;10,2;0,0102;23,7;4,8;11,59;0,9;0
20210825:0610;117,91;0,11791;176,77;14,2;12,19;0,55;0
20210825:0710;302,99;0,30299;382,41;23,58;14,04;0,55;0
20210825:0810;502,06;0,50206;634,65;32,51;16,08;0,41;0
20210825:0910;631,73;0,63173;819,49;40,41;17,64;0,55;0
20210825:1010;719,74;0,71974;938,88;46,45;18,81;1,45;0
20210825:1110;783,04;0,78304;1032,16;49,62;19,56;1,79;0
20210825:1210;775,83;0,77583;1023,64;49,19;20,03;1,79;0
20210825:1310;690,4;0,6904;891,03;45,27;20,41;2,21;0
20210825:1410;601,85;0,60185;763,49;38,71;20,58;2,55;0
20210825:1510;439,63;0,43963;552,12;30,51;20,51;3,03;0
20210825:1610;202,48;0,20248;269,37;21,43;20,14;3,17;0
20210825:1710;58,12;0,05812;98,13;12,01;19,53;2,48;0
20210825:1810;0;0;1,69;2,67;18,35;2,28;0
20210825:1910;0;0;0;0;16,99;2,55;0
20210825:2010;0;0;0;0;16,17;2,97;0
20210825:2110;0;0;0;0;15,44;3,17;0
20210825:2210;0;0;0;0;14,9;3,03;0
20210825:2310;0;0;0;0;14,7;3,1;0
20210826:0010;0;0;0;0;14,76;3,38;0
20210826:0110;0;0;0;0;14,75;3,66;0
20210826:0210;0;0;0;0;14,79;3,66;0
20210826:0310;0;0;0;0;14,9;4,07;0
20210826:0410;0;0;0;0;14,8;4,34;0
20210826:0510;2,36;0,00236;11,01;4,58;14,5;4,14;0
20210826:0610;51,71;0,05171;78,49;13,98;14,4;3,93;0
20210826:0710;124,67;0,12467;163,86;23,36;14,26;3,59;0
20210826:0810;167,2;0,1672;212,74;32,27;14,73;4,34;0
20210826:0910;107,14;0,10714;143,68;40,14;15,04;3,86;0
20210826:1010;113,18;0,11318;150,96;46,14;15,41;3,93;0
20210826:1110;185,18;0,18518;235,78;49,29;16,5;4,34;0
20210826:1210;230,02;0,23002;288,78;48,84;17,04;4,41;0
20210826:1310;293,82;0,29382;363,69;44,92;17,42;4,62;0
20210826:1410;231,95;0,23195;290,98;38,38;17,63;4,69;0
20210826:1510;271,45;0,27145;338,27;30,19;18,04;4,48;0
20210826:1610;211,01;0,21101;276,92;21,12;17,52;4,07;0
20210826:1710;18,14;0,01814;35,47;11,7;16,61;3,59;0
20210826:1810;1,11;0,00111;8,47;2,36;16,05;2,83;0
20210826:1910;0;0;0;0;14,82;2,34;0
20210826:2010;0;0;0;0;14,51;2,07;0
20210826:2110;0;0;0;0;14,08;2,62;0
20210826:2210;0;0;0;0;13,45;2,76;0
20210826:2310;0;0;0;0;12,69;2,41;0
20210827:0010;0;0;0;0;12,25;2,41;0
20210827:0110;0;0;0;0;11,56;2,48;0
20210827:0210;0;0;0;0;11,13;2,55;0
20210827:0310;0;0;0;0;11;2,55;0
20210827:0410;0;0;0;0;11,07;2,55;0
20210827:0510;2,42;0,00242;11,01;4,36;11,13;2,62;0
20210827:0610;64,1;0,0641;93,73;13,76;11,81;2,62;0
20210827:0710;139,26;0,13926;180,28;23,13;13,28;3,24;0
20210827:0810;170,54;0,17054;216,72;32,03;14,53;3,52;0
20210827:0910;281,47;0,28147;345,4;39,87;15,06;4,14;0
20210827:1010;358,99;0,35899;438,44;45,84;16,11;4,48;0
20210827:1110;122,77;0,12277;162,78;48,95;16,57;4,76;0
20210827:1210;284,67;0,28467;352,56;48,48;17,31;5,1;0
20210827:1310;311,39;0,31139;384,51;44,57;17,81;5,03;0
20210827:1410;320,93;0,32093;393,98;38,04;17,36;5,24;0
20210827:1510;301,58;0,30158;370,36;29,87;16,55;5,45;0
20210827:1610;134,88;0,13488;177,96;20,8;15,19;5,03;0
20210827:1710;14,37;0,01437;30,01;11,39;15,04;4,28;0
20210827:1810;0,4;0,0004;6,77;2,04;14,66;3,72;0
20210827:1910;0;0;0;0;13,86;3,24;0
20210827:2010;0;0;0;0;13,76;3,59;0
20210827:2110;0;0;0;0;13,63;3,1;0
20210827:2210;0;0;0;0;13,47;2,83;0
20210827:2310;0;0;0;0;13,11;2,69;0
20210828:0010;0;0;0;0;13,21;2,55;0
20210828:0110;0;0;0;0;13,18;2,14;0
20210828:0210;0;0;0;0;13,16;2,14;0
20210828:0310;0;0;0;0;13,06;2,28;0
20210828:0410;0;0;0;0;13,04;2,14;0
20210828:0510;7,35;0,00735;19,47;4,13;12,94;2,28;0
20210828:0610;14,52;0,01452;30,01;13,54;12,96;2,55;0
20210828:0710;130,46;0,13046;170,62;22,9;13,74;2,48;0
20210828:0810;155,75;0,15575;199,51;31,78;14,19;3,24;0
20210828:0910;208,68;0,20868;261,94;39,6;15,5;3,79;0
20210828:1010;344,52;0,34452;422,54;45,53;16,05;3,66;0
20210828:1110;334,97;0,33497;410,8;48,6;16,01;4,07;0
20210828:1210;530,49;0,53049;651,74;48,13;16,96;3,93;0
20210828:1310;117,43;0,11743;157,32;44,21;17,35;3,52;0
20210828:1410;466,57;0,46657;572,6;37,7;17,67;3,79;0
20210828:1510;277,54;0,27754;345,56;29,54;17,29;3,38;0
20210828:1610;56,83;0,05683;84,57;20,48;16,31;3,72;0
20210828:1710;42,85;0,04285;69,47;11,07;16,04;3,52;0
20210828:1810;0;0;0,85;1,72;15,54;3,45;0
20210828:1910;0;0;0;0;14,63;3,31;0
20210828:2010;0;0;0;0;14,58;3,52;0
20210828:2110;0;0;0;0;14,45;3,24;0
20210828:2210;0;0;0;0;14,34;3,1;0
20210828:2310;0;0;0;0;14,18;3,1;0
20210829:0010;0;0;0;0;13,99;3,31;0
20210829:0110;0;0;0;0;13,82;3,45;0
20210829:0210;0;0;0;0;13,68;3,31;0
20210829:0310;0;0;0;0;13,55;3,38;0
20210829:0410;0;0;0;0;13,51;3,38;0
20210829:0510;4,72;0,00472;15,24;3,91;13,5;3,31;0
20210829:0610;19,11;0,01911;36,38;13,31;13,62;3,72;0
20210829:0710;64,34;0,06434;92,76;22,67;13,85;3,31;0
20210829:0810;81,2;0,0812;112,76;31,54;14,22;4,41;0
20210829:0910;101,4;0,1014;136,41;39,32;14,16;4,14;0
20210829:1010;93,62;0,09362;127,31;45,22;14,3;4,83;0
20210829:1110;100,67;0,10067;135,5;48,26;14,28;5,03;0
20210829:1210;116,96;0,11696;154,59;47,77;14,42;4,55;0
20210829:1310;101,21;0,10121;136,41;43,86;14,52;4,07;0
20210829:1410;74,68;0,07468;105,49;37,35;14,89;3,31;0
20210829:1510;81,47;0,08147;113,67;29,21;15,04;2,76;0
20210829:1610;85,8;0,0858;119,2;20,16;15,23;3,03;0
20210829:1710;40,55;0,04055;66,26;10,75;15,37;2,34;0
20210829:1810;0;0;3,39;1,39;15,2;2,14;0
20210829:1910;0;0;0;0;14,92;2,14;0
20210829:2010;0;0;0;0;15,06;2,34;0
20210829:2110;0;0;0;0;14,78;2,62;0
20210829:2210;0;0;0;0;14,67;2,69;0
20210829:2310;0;0;0;0;14,71;2,55;0
20210830:0010;0;0;0;0;14,55;2,69;0
20210830:0110;0;0;0;0;14,61;2,83;0
20210830:0210;0;0;0;0;14,75;2,83;0
20210830:0310;0;0;0;0;14,94;2,9;0
20210830:0410;0;0;0;0;15,08;3,1;0
20210830:0510;4,19;0,00419;14,39;3,68;15,14;3,31;0
20210830:0610;40,66;0,04066;64,86;13,09;15,32;3,24;0
20210830:0710;111,58;0,11158;149,19;22,44;15,23;3,59;0
20210830:0810;126,8;0,1268;167,16;31,29;15,9;3,72;0
20210830:0910;446,45;0,44645;545,16;39,04;16,8;3,93;0
20210830:1010;73,6;0,0736;105,49;44,9;18,04;4,07;0
20210830:1110;65,06;0,06506;95,49;47,91;18,8;4;0
20210830:1210;74,51;0,07451;107,31;47,4;19,67;4,14;0
20210830:1310;84,94;0,08494;120,04;43,5;19,92;4;0
20210830:1410;174,39;0,17439;226,71;37,01;20,08;3,72;0
20210830:1510;88,6;0,0886;124,59;28,87;20,01;3,38;0
20210830:1610;75,44;0,07544;108,83;19,83;19,6;2,48;0
20210830:1710;47,22;0,04722;82,88;10,42;19,06;2,14;0
20210830:1810;0;0;0;0;18,1;2,07;0
20210830:1910;0;0;0;0;16,09;2,21;0
20210830:2010;0;0;0;0;15,49;2,14;0
20210830:2110;0;0;0;0;15,11;2,07;0
20210830:2210;0;0;0;0;14,66;2;0
20210830:2310;0;0;0;0;14,28;1,93;0
20210831:0010;0;0;0;0;13,7;1,93;0
20210831:0110;0;0;0;0;13,43;2,07;0
20210831:0210;0;0;0;0;13,01;2,14;0
20210831:0310;0;0;0;0;12,66;2,07;0
20210831:0410;0;0;0;0;12,33;2;0
20210831:0510;1,15;0,00115;8,47;3,45;12,11;1,86;0
20210831:0610;89,08;0,08908;130,99;12,87;12,89;1,45;0
20210831:0710;115,48;0,11548;153,06;22,21;13,81;2,76;0
20210831:0810;162,92;0,16292;208,05;31,04;14,4;2,97;0
20210831:0910;134,97;0,13497;176,42;38,77;15,07;3,03;0
20210831:1010;91,91;0,09191;126,4;44,59;15,92;3,17;0
20210831:1110;777,25;0,77725;981,58;47,56;16,88;3,38;0
20210831:1210;689,42;0,68942;865,75;47,03;17,81;3,38;0
20210831:1310;527,65;0,52765;653,51;43,13;18,96;3,93;0
20210831:1410;417,02;0,41702;515,84;36,66;19,27;3,79;0
20210831:1510;374,81;0,37481;467,58;28,54;19,38;3,31;0
20210831:1610;212,98;0,21298;286,7;19,5;19,28;2,14;0
20210831:1710;43,88;0,04388;87,45;10,1;19,1;1,59;0
20210831:1810;0;0;0;0;18;1,86;0
20210831:1910;0;0;0;0;16,46;2,21;0
20210831:2010;0;0;0;0;15,62;2,48;0
20210831:2110;0;0;0;0;15,05;2,69;0
20210831:2210;0;0;0;0;14,66;2,48;0
20210831:2310;0;0;0;0;14,37;2,14;0
20210901:0010;0;0;0;0;14,13;1,93;0
20210901:0110;0;0;0;0;13,98;1,93;0
20210901:0210;0;0;0;0;13,95;1,86;0
20210901:0310;0;0;0;0;13,97;1,79;0
20210901:0410;0;0;0;0;13,81;2;0
20210901:0510;0,41;0,00041;6,77;3,22;13,62;2,14;0
20210901:0610;46,22;0,04622;71,72;12,64;13,54;2,21;0
20210901:0710;82,4;0,0824;114,61;21,98;14,35;1,93;0
20210901:0810;120,41;0,12041;159,38;30,79;14,69;2,07;0
20210901:0910;106,03;0,10603;142,77;38,48;14,97;2;0
20210901:1010;91,12;0,09112;125,49;44,27;15,48;1,86;0
20210901:1110;107,03;0,10703;144,59;47,21;15,84;1,66;0
20210901:1210;225,65;0,22565;285,45;46,67;16,18;1,45;0
20210901:1310;270,99;0,27099;340,61;42,77;16,67;1,17;0
20210901:1410;259,42;0,25942;326,27;36,3;16,78;1,17;0
20210901:1510;171,95;0,17195;222,3;28,2;16,99;1,31;0
20210901:1610;114,4;0,1144;155,8;19,17;16,78;1,45;0
20210901:1710;39,97;0,03997;68,04;9,76;16,5;1,38;0
20210901:1810;0;0;0;0;16,15;1,24;0
20210901:1910;0;0;0;0;15,22;1,66;0
20210901:2010;0;0;0;0;14,86;1,72;0
20210901:2110;0;0;0;0;14,39;1,66;0
20210901:2210;0;0;0;0;13,98;1,66;0
20210901:2310;0;0;0;0;13,48;1,52;0
20210902:0010;0;0;0;0;12,91;1,31;0
20210902:0110;0;0;0;0;11,99;1,38;0
20210902:0210;0;0;0;0;11,32;1,31;0
20210902:0310;0;0;0;0;10,87;1,31;0
20210902:0410;0;0;0;0;10,36;1,31;0
20210902:0510;2,42;0,00242;11,01;2,99;10,73;0,9;0
20210902:0610;69,81;0,06981;102,97;12,41;11,35;0,41;0
20210902:0710;131,72;0,13172;172,37;21,74;13,14;0,97;0
20210902:0810;416,38;0,41638;515,72;30,54;15,22;1,03;0
20210902:0910;633,24;0,63324;810,01;38,2;16,97;1,03;0
20210902:1010;717,59;0,71759;939,63;43,95;18,5;1,17;0
20210902:1110;778,43;0,77843;1031,05;46,85;19,79;1,59;0
20210902:1210;734,87;0,73487;959,06;46,29;20,81;2,21;0
20210902:1310;467,37;0,46737;593,12;42,4;21,45;2,14;0
20210902:1410;473,95;0,47395;602,9;35,95;21,97;2;0
20210902:1510;412,99;0,41299;527,83;27,85;22,09;1,86;0
20210902:1610;215,27;0,21527;296,22;18,84;21,99;1,59;0
20210902:1710;39,17;0,03917;82,32;9,43;21,26;1,03;0
20210902:1810;0;0;0;0;19,6;1,86;0
20210902:1910;0;0;0;0;17,67;2,07;0
20210902:2010;0;0;0;0;16,28;2,07;0
20210902:2110;0;0;0;0;15,17;2,07;0
20210902:2210;0;0;0;0;14,31;2,07;0
20210902:2310;0;0;0;0;13,48;1,86;0
20210903:0010;0;0;0;0;12,92;1,72;0
20210903:0110;0;0;0;0;12,79;1,52;0
20210903:0210;0;0;0;0;12,4;1,52;0
20210903:0310;0;0;0;0;11,97;1,52;0
20210903:0410;0;0;0;0;11,62;1,52;0
20210903:0510;2,86;0,00286;11,85;2,76;11,19;1,52;0
20210903:0610;111,62;0,11162;169;12,19;12,09;1,24;0
20210903:0710;319,72;0,31972;403,51;21,51;15,3;1,24;0
20210903:0810;499,1;0,4991;626,68;30,28;17,6;1,31;0
20210903:0910;634,74;0,63474;816,57;37,92;19,41;1,45;0
20210903:1010;709,6;0,7096;934,43;43,62;20,85;1,45;0
20210903:1110;765,88;0,76588;1025;46,5;22,04;1,59;0
20210903:1210;753,53;0,75353;1005,75;45,92;22,86;1,79;0
20210903:1310;664,57;0,66457;874,99;42,03;23,36;1,72;0
20210903:1410;556,84;0,55684;722,84;35,59;23,6;1,59;0
20210903:1510;405,31;0,40531;524,38;27,51;23,63;1,38;0
20210903:1610;209,14;0,20914;291;18,5;23,43;1,17;0
20210903:1710;37,02;0,03702;78,5;9,1;22,57;0,76;0
20210903:1810;0;0;0;0;20,78;1,45;0
20210903:1910;0;0;0;0;18,64;1,86;0
20210903:2010;0;0;0;0;17,34;2,07;0
20210903:2110;0;0;0;0;16,37;2,14;0
20210903:2210;0;0;0;0;15,65;2,07;0
20210903:2310;0;0;0;0;15,09;1,79;0
20210904:0010;0;0;0;0;14,58;1,66;0
20210904:0110;0;0;0;0;14,1;1,52;0
20210904:0210;0;0;0;0;14,06;1,31;0
20210904:0310;0;0;0;0;14,41;0,97;0
20210904:0410;0;0;0;0;14,31;0,69;0
20210904:0510;1,94;0,00194;10,16;2,53;13,87;0,62;0
20210904:0610;103,77;0,10377;158,11;11,96;14,04;0,48;0
20210904:0710;304,94;0,30494;386,92;21,27;15,62;0,76;0
20210904:0810;485,81;0,48581;612,77;30,02;17,66;0,9;0
20210904:0910;617,44;0,61744;798,23;37,63;19,21;0,97;0
20210904:1010;698,03;0,69803;919,19;43,3;20,48;1,24;0
20210904:1110;748,76;0,74876;997,36;46,14;21,59;1,52;0
20210904:1210;741,47;0,74147;985,06;45,54;22,24;1,72;0
20210904:1310;573,56;0,57356;743,79;41,65;22,72;1,66;0
20210904:1410;457,39;0,45739;583,72;35,23;22,47;1,79;0
20210904:1510;384,9;0,3849;491,19;27,16;22,16;2;0
20210904:1610;204,31;0,20431;280,93;18,16;21,64;2,21;0
20210904:1710;35,59;0,03559;73,45;8,76;20,91;2,28;0
20210904:1810;0;0;0;0;19,65;2,41;0
20210904:1910;0;0;0;0;18,41;2,55;0
20210904:2010;0;0;0;0;17,91;2,34;0
20210904:2110;0;0;0;0;17,1;2,28;0
20210904:2210;0;0;0;0;16,16;2;0
20210904:2310;0;0;0;0;15,12;1,59;0
20210905:0010;0;0;0;0;14,2;1,59;0
20210905:0110;0;0;0;0;13,58;1,59;0
20210905:0210;0;0;0;0;13,23;1,59;0
20210905:0310;0;0;0;0;12,76;1,59;0
20210905:0410;0;0;0;0;12,21;1,59;0
20210905:0510;1,15;0,00115;8,47;2,3;11,69;1,66;0
20210905:0610;105,57;0,10557;159,82;11,73;12,58;1,31;0
20210905:0710;307,06;0,30706;388,87;21,03;15,94;1,17;0
20210905:0810;487,83;0,48783;615,59;29,77;18,11;1,03;0
20210905:0910;620,67;0,62067;808,15;37,34;19,9;0,83;0
20210905:1010;690,54;0,69054;924,55;42,97;21,34;0,69;0
20210905:1110;734,65;0,73465;1002,31;45,78;22,55;0,69;0
20210905:1210;719,51;0,71951;983,17;45,17;23,49;0,69;0
20210905:1310;623,09;0,62309;837,68;41,28;24,05;0,55;0
20210905:1410;516,34;0,51634;679,43;34,86;24,17;0,62;0
20210905:1510;390,66;0,39066;509,72;26,81;24,2;0,83;0
20210905:1610;194,85;0,19485;272,89;17,81;23,89;1,03;0
20210905:1710;32,84;0,03284;70,4;8,42;22,92;1,1;0
20210905:1810;0;0;0;0;21,13;1,72;0
20210905:1910;0;0;0;0;19,16;2,14;0
20210905:2010;0;0;0;0;17,84;1,79;0
20210905:2110;0;0;0;0;16,91;1,45;0
20210905:2210;0;0;0;0;17,37;0,97;0
20210905:2310;0;0;0;0;16,99;0,62;0
20210906:0010;0;0;0;0;16,42;0,48;0
20210906:0110;0;0;0;0;15,96;0,41;0
20210906:0210;0;0;0;0;15,56;0,48;0
20210906:0310;0;0;0;0;15,25;0,41;0
20210906:0410;0;0;0;0;15,01;0,28;0
20210906:0510;0,4;0,0004;6,77;2,06;14,86;0,41;0
20210906:0610;100,89;0,10089;155;11,49;14,93;0,41;0
20210906:0710;298,6;0,2986;381,91;20,79;16,53;0,34;0
20210906:0810;472,66;0,47266;606,83;29,51;18,98;0,14;0
20210906:0910;603,95;0,60395;796,91;37,05;20,57;0,28;0
20210906:1010;670,81;0,67081;896,89;42,64;21,79;0,69;0
20210906:1110;714,02;0,71402;960,06;45,41;22,73;1,1;0
20210906:1210;684,63;0,68463;914,84;44,79;23,28;1,24;0
20210906:1310;631,74;0,63174;836,85;40,9;23,59;1,17;0
20210906:1410;505,57;0,50557;653,91;34,5;23,58;1,45;0
20210906:1510;346,38;0,34638;445,43;26,45;23,35;1,79;0
20210906:1610;164,9;0,1649;229,03;17,47;22,84;1,45;0
20210906:1710;26,57;0,02657;50,1;8,07;21,94;1,31;0
20210906:1810;0;0;0;0;20,33;1,86;0
20210906:1910;0;0;0;0;18,37;1,72;0
20210906:2010;0;0;0;0;17,18;1,72;0
20210906:2110;0;0;0;0;16,5;1,31;0
20210906:2210;0;0;0;0;16,32;1,1;0
20210906:2310;0;0;0;0;16,22;0,9;0
20210907:0010;0;0;0;0;15,97;0,76;0
20210907:0110;0;0;0;0;15,42;0,76;0
20210907:0210;0;0;0;0;14,56;0,9;0
20210907:0310;0;0;0;0;14,43;0,83;0
20210907:0410;0;0;0;0;14,5;0,76;0
20210907:0510;0;0;2,54;1,83;14,44;0,55;0
20210907:0610;56,39;0,05639;87,12;11,26;14,72;0,41;0
20210907:0710;117,02;0,11702;157,79;20,55;16,81;0,55;0
20210907:0810;172,84;0,17284;225,47;29,24;18,97;0,76;0
20210907:0910;306,35;0,30635;390,43;36,75;20,63;0,9;0
20210907:1010;606,29;0,60629;797,93;42,31;21,8;0,83;0
20210907:1110;701,11;0,70111;941,1;45,05;22,71;1,03;0
20210907:1210;702,83;0,70283;943,79;44,4;23,4;1,17;0
20210907:1310;648,34;0,64834;862,01;40,52;23,88;1,17;0
20210907:1410;519,26;0,51926;677,35;34,13;24,11;1,1;0
20210907:1510;313,74;0,31374;408,02;26,1;24,12;0,97;0
20210907:1610;113,56;0,11356;161,43;17,12;23,89;1,03;0
20210907:1710;28,05;0,02805;54,75;7,73;23,1;0,83;0
20210907:1810;0;0;0;0;21,58;1,45;0
20210907:1910;0;0;0;0;19,55;2;0
20210907:2010;0;0;0;0;18,48;2,14;0
20210907:2110;0;0;0;0;17,76;2,34;0
20210907:2210;0;0;0;0;17,27;2,48;0
20210907:2310;0;0;0;0;16,84;2,48;0
20210908:0010;0;0;0;0;16,45;2,55;0
20210908:0110;0;0;0;0;16,13;2,55;0
20210908:0210;0;0;0;0;15,78;2,48;0
20210908:0310;0;0;0;0;15,43;2,41;0
20210908:0410;0;0;0;0;15,12;2,41;0
20210908:0510;0;0;2,54;1,59;14,9;2,48;0
20210908:0610;100,5;0,1005;154,64;11,03;15,42;2,41;0
20210908:0710;304,16;0,30416;384,9;20,31;17,34;2,28;0
20210908:0810;488,35;0,48835;608,27;28,98;19,45;2,83;0
20210908:0910;622,26;0,62226;787,81;36,46;21,13;3,1;0
20210908:1010;709,71;0,70971;915,42;41,98;22,54;3,24;0
20210908:1110;755,92;0,75592;985,43;44,68;23,58;3,45;0
20210908:1210;743,09;0,74309;964,82;44,02;24,2;3,86;0
20210908:1310;678,76;0,67876;874,16;40,14;24,51;3,86;0
20210908:1410;550,94;0,55094;702,27;33,76;24,63;3,59;0
20210908:1510;384,27;0,38427;491,83;25,74;24,5;3,31;0
20210908:1610;188,36;0,18836;264,15;16,77;23,96;2,69;0
20210908:1710;27,1;0,0271;60,7;7,38;22,73;2,55;0
20210908:1810;0;0;0;0;21,02;2,76;0
20210908:1910;0;0;0;0;20,13;2,76;0
20210908:2010;0;0;0;0;19,18;2,83;0
20210908:2110;0;0;0;0;18,41;2,83;0
20210908:2210;0;0;0;0;17,78;2,83;0
20210908:2310;0;0;0;0;17,28;2,76;0
20210909:0010;0;0;0;0;16,91;2,83;0
20210909:0110;0;0;0;0;16,63;2,76;0
20210909:0210;0;0;0;0;16,41;2,76;0
20210909:0310;0;0;0;0;16,69;2,69;0
20210909:0410;0;0;0;0;16,98;2,62;0
20210909:0510;0;0;0;0;16,93;2,55;0
20210909:0610;97,15;0,09715;151,54;10,79;17,2;2,55;0
20210909:0710;295,17;0,29517;375,23;20,06;17,89;2;0
20210909:0810;473,23;0,47323;594,16;28,72;20,01;2,14;0
20210909:0910;602,24;0,60224;771,83;36,16;22,03;2,28;0
20210909:1010;671,61;0,67161;875,94;41,64;23,63;2,48;0
20210909:1110;722,61;0,72261;952,32;44,31;24,88;2,83;0
20210909:1210;648,83;0,64883;840,36;43,63;25,21;3,59;0
20210909:1310;413,82;0,41382;525,53;39,75;24,42;3,59;0
20210909:1410;202,97;0,20297;265,28;33,39;23,97;3,03;0
20210909:1510;14,94;0,01494;31,83;25,38;23,42;2,28;0
20210909:1610;6,69;0,00669;19,1;16,42;22,96;1,66;0
20210909:1710;8,98;0,00898;22,73;7,03;22,34;1,31;0
20210909:1810;0;0;0;0;21,25;1,66;0
20210909:1910;0;0;0;0;20,34;2,07;0
20210909:2010;0;0;0;0;19,24;0,62;0
20210909:2110;0;0;0;0;18,74;1,17;0
20210909:2210;0;0;0;0;18,57;1,93;0
20210909:2310;0;0;0;0;18,22;2;0
20210910:0010;0;0;0;0;18,1;2;0
20210910:0110;0;0;0;0;18;2;0
20210910:0210;0;0;0;0;17,57;2,07;0
20210910:0310;0;0;0;0;17,1;2,14;0
20210910:0410;0;0;0;0;16,75;2,14;0
20210910:0510;0;0;0;0;16,45;2,21;0
20210910:0610;62,46;0,06246;97,45;10,56;16,78;2,28;0
20210910:0710;59,68;0,05968;88,83;19,82;17,98;1,86;0
20210910:0810;399,26;0,39926;498,58;28,45;19,41;2,14;0
20210910:0910;389,75;0,38975;489,59;35,86;20,8;2,34;0
20210910:1010;166,31;0,16631;219,38;41,31;21,49;2,34;0
20210910:1110;177,08;0,17708;233,01;43,94;22,14;2,48;0
20210910:1210;446,65;0,44665;566,06;43,25;21,84;2,34;0
20210910:1310;329,16;0,32916;417,45;39,37;21,69;2,14;0
20210910:1410;57,35;0,05735;87,3;33,01;21,78;2;0
20210910:1510;178,85;0,17885;234,67;25,02;21,51;1,79;0
20210910:1610;28,62;0,02862;50,02;16,07;19,41;2,41;0
20210910:1710;0,22;0,00022;6,37;6,68;18,58;0,9;0
20210910:1810;0;0;0;0;18,4;1,17;0
20210910:1910;0;0;0;0;17,76;2;0
20210910:2010;0;0;0;0;17,27;2,21;0
20210910:2110;0;0;0;0;17,21;2,21;0
20210910:2210;0;0;0;0;16,77;2,07;0
20210910:2310;0;0;0;0;16,47;1,86;0
20210911:0010;0;0;0;0;16,15;1,86;0
20210911:0110;0;0;0;0;16,09;1,79;0
20210911:0210;0;0;0;0;16,33;1,66;0
20210911:0310;0;0;0;0;16,52;1,66;0
20210911:0410;0;0;0;0;16,63;2;0
20210911:0510;0;0;0;0;16,36;2,28;0
20210911:0610;55,95;0,05595;87,92;10,32;16,21;2,21;0
20210911:0710;314,16;0,31416;397,04;19,57;16,9;2,07;0
20210911:0810;478,13;0,47813;587,94;28,18;17,47;3,1;0
20210911:0910;259,05;0,25905;323,4;35,56;18,03;3,79;0
20210911:1010;305,21;0,30521;380,08;40,97;18,9;3,79;0
20210911:1110;161,38;0,16138;210,8;43,57;19,41;3,93;0
20210911:1210;200,55;0,20055;257,72;42,86;20,07;4;0
20210911:1310;251,87;0,25187;319,21;38,98;20,39;3,45;0
20210911:1410;297,08;0,29708;373,72;32,64;20,38;2,76;0
20210911:1510;367,5;0,3675;463,3;24,65;20,55;2,76;0
20210911:1610;164,05;0,16405;227,47;15,71;20,16;2,69;0
20210911:1710;21,68;0,02168;45,98;6,33;19,48;2,69;0
20210911:1810;0;0;0;0;18,41;2,48;0
20210911:1910;0;0;0;0;17,62;1,66;0
20210911:2010;0;0;0;0;17,4;1,45;0
20210911:2110;0;0;0;0;17,12;1,59;0
20210911:2210;0;0;0;0;17,07;1,52;0
20210911:2310;0;0;0;0;16,97;1,38;0
20210912:0010;0;0;0;0;16,85;1,31;0
20210912:0110;0;0;0;0;16,77;1,31;0
20210912:0210;0;0;0;0;16,53;1,38;0
20210912:0310;0;0;0;0;16,28;1,38;0
20210912:0410;0;0;0;0;16,12;1,38;0
20210912:0510;0;0;0;0;15,99;1,24;0
20210912:0610;37,37;0,03737;61,8;10,09;15,56;1,03;0
20210912:0710;66,39;0,06639;96,16;19,32;15,71;1,45;0
20210912:0810;271,77;0,27177;338,19;27,91;16,12;1,59;0
20210912:0910;433,7;0,4337;538,35;35,26;17,13;1,72;0
20210912:1010;407,69;0,40769;506,37;40,63;18,34;2,55;0
20210912:1110;565,46;0,56546;709,86;43,2;18,92;2,69;0
20210912:1210;514,05;0,51405;643,45;42,47;19,47;2,83;0
20210912:1310;595,94;0,59594;750,39;38,59;19,82;2,9;0
20210912:1410;465,8;0,4658;580,59;32,26;19,54;2,69;0
20210912:1510;364,4;0,3644;457,57;24,29;19,47;2,62;0
20210912:1610;171,18;0,17118;237,12;15,35;19,12;2,28;0
20210912:1710;19,99;0,01999;46,42;5,98;18,49;1,45;0
20210912:1810;0;0;0;0;17,39;1,24;0
20210912:1910;0;0;0;0;16,05;0,97;0
20210912:2010;0;0;0;0;15,46;1,03;0
20210912:2110;0;0;0;0;14,66;1,17;0
20210912:2210;0;0;0;0;14,74;0,97;0
20210912:2310;0;0;0;0;14,98;0,83;0
20210913:0010;0;0;0;0;14,77;0,76;0
20210913:0110;0;0;0;0;14,32;0,69;0
20210913:0210;0;0;0;0;13,77;0,55;0
20210913:0310;0;0;0;0;13,3;0,55;0
20210913:0410;0;0;0;0;12,95;0,41;0
20210913:0510;0;0;0;0;12,55;0,21;0
20210913:0610;38,08;0,03808;62,02;9,85;12,46;0,28;0
20210913:0710;151,29;0,15129;196,24;19,07;13,21;0,21;0
20210913:0810;263;0,263;327,49;27,64;14,61;0,62;0
20210913:0910;321,94;0,32194;402,09;34,96;16,61;0,83;0
20210913:1010;601,75;0,60175;773,92;40,28;18,28;0,97;0
20210913:1110;662,42;0,66242;860,12;42,82;19,17;1,31;0
20210913:1210;623,15;0,62315;803,18;42,07;19,52;1,45;0
20210913:1310;464,36;0,46436;588,63;38,2;19,84;1,31;0
20210913:1410;350,48;0,35048;442,41;31,88;20,12;1,38;0
20210913:1510;267,34;0,26734;340,83;23,92;19,92;1,52;0
20210913:1610;131,31;0,13131;184;15;19,78;1,31;0
20210913:1710;14,77;0,01477;41,04;5,62;19,05;1,52;0
20210913:1810;0;0;0;0;17,77;2,07;0
20210913:1910;0;0;0;0;16,83;2,14;0
20210913:2010;0;0;0;0;16,09;2;0
20210913:2110;0;0;0;0;15,27;1,86;0
20210913:2210;0;0;0;0;14,77;2,07;0
20210913:2310;0;0;0;0;14,67;2,28;0
20210914:0010;0;0;0;0;14,52;2,48;0
20210914:0110;0;0;0;0;14,22;2,41;0
20210914:0210;0;0;0;0;13,75;2,07;0
20210914:0310;0;0;0;0;13,12;2,07;0
20210914:0410;0;0;0;0;12,71;2,14;0
20210914:0510;0;0;0;0;12,54;2,21;0
20210914:0610;53,53;0,05353;83,94;9,61;12,94;2,21;0
20210914:0710;170,79;0,17079;219,84;18,82;15,29;2,07;0
20210914:0810;423,64;0,42364;523,65;27,37;17,4;2,21;0
20210914:0910;550,13;0,55013;687,9;34,65;19,18;2,69;0
20210914:1010;645,63;0,64563;821,86;39,94;20,78;2,9;0
20210914:1110;686,95;0,68695;886,62;42,44;21,99;2,83;0
20210914:1210;512,29;0,51229;652,34;41,68;23,23;2,97;0
20210914:1310;204,77;0,20477;267,67;37,81;23,9;3,03;0
20210914:1410;41,84;0,04184;68,2;31,5;23,63;2,41;0
20210914:1510;169,74;0,16974;225,21;23,55;22,78;1,52;0
20210914:1610;11,96;0,01196;27,28;14,64;22,08;1,38;0
20210914:1710;12,57;0,01257;30,17;5,27;21,24;1,72;0
20210914:1810;0;0;0;0;20,15;2,14;0
20210914:1910;0;0;0;0;19,63;2,76;0
20210914:2010;0;0;0;0;19,51;3,03;0
20210914:2110;0;0;0;0;19,13;2,76;0
20210914:2210;0;0;0;0;18,79;2,34;0
20210914:2310;0;0;0;0;18,42;2,21;0
20210915:0010;0;0;0;0;18,09;2,21;0
20210915:0110;0;0;0;0;17,9;2,34;0
20210915:0210;0;0;0;0;17,83;2,62;0
20210915:0310;0;0;0;0;17,84;2,69;0
20210915:0410;0;0;0;0;17,75;2,55;0
20210915:0510;0;0;0;0;17,62;2,34;0
20210915:0610;32,89;0,03289;56,31;9,37;17,62;2,34;0
20210915:0710;118,6;0,1186;160,33;18,57;19,04;2,97;0
20210915:0810;142,26;0,14226;187,97;27,09;19,58;3,24;0
20210915:0910;162,6;0,1626;212,87;34,35;20,28;3,38;0
20210915:1010;68,46;0,06846;100,03;39,6;19,9;4,41;0
20210915:1110;172,37;0,17237;223,23;42,07;19,29;4,69;0
20210915:1210;73,19;0,07319;105,49;41,29;19,14;3,93;0
20210915:1310;82,08;0,08208;116,4;37,41;19,39;3,45;0
20210915:1410;117,28;0,11728;158,72;31,12;19,69;3,24;0
20210915:1510;117,42;0,11742;159,14;23,18;20,11;3,24;0
20210915:1610;46,08;0,04608;72,76;14,28;19,95;3,03;0
20210915:1710;6,87;0,00687;19,56;4,91;19,31;2,76;0
20210915:1810;0;0;0;0;18,29;2,48;0
20210915:1910;0;0;0;0;17,59;2,48;0
20210915:2010;0;0;0;0;17,12;2,83;0
20210915:2110;0;0;0;0;16,53;3,03;0
20210915:2210;0;0;0;0;16;3,1;0
20210915:2310;0;0;0;0;15,26;2,76;0
20210916:0010;0;0;0;0;14,56;2,28;0
20210916:0110;0;0;0;0;14,11;2,21;0
20210916:0210;0;0;0;0;13,61;2,34;0
20210916:0310;0;0;0;0;13,25;2,34;0
20210916:0410;0;0;0;0;13,04;2,21;0
20210916:0510;0;0;0;0;12,89;2,14;0
20210916:0610;93,77;0,09377;144,94;9,13;13,02;2,48;0
20210916:0710;144,86;0,14486;186,76;18,32;13,34;3,86;0
20210916:0810;167,53;0,16753;212,63;26,82;14,19;3,31;0
20210916:0910;268,29;0,26829;330,45;34,04;15,47;3,59;0
20210916:1010;265,73;0,26573;329,65;39,25;16,19;3,24;0
20210916:1110;317,29;0,31729;391,61;41,69;17,03;3,59;0
20210916:1210;132,63;0,13263;175,51;40,89;17,84;3,86;0
20210916:1310;176,36;0,17636;227,24;37,02;18,4;3,86;0
20210916:1410;323,14;0,32314;400,18;30,74;18,63;3,59;0
20210916:1510;106,88;0,10688;145,66;22,81;18,63;3,1;0
20210916:1610;87,57;0,08757;125,85;13,92;18,5;2,34;0
20210916:1710;8,06;0,00806;21,37;4,55;17,74;1,86;0
20210916:1810;0;0;0;0;17,1;1,72;0
20210916:1910;0;0;0;0;16,46;1,45;0
20210916:2010;0;0;0;0;15,9;1,59;0
20210916:2110;0;0;0;0;15,43;1,66;0
20210916:2210;0;0;0;0;14,6;1,79;0
20210916:2310;0;0;0;0;13,76;1,86;0
20210917:0010;0;0;0;0;13,05;1,66;0
20210917:0110;0;0;0;0;12,43;1,52;0
20210917:0210;0;0;0;0;12,3;1,31;0
20210917:0310;0;0;0;0;12,41;1,1;0
20210917:0410;0;0;0;0;12,88;0,9;0
20210917:0510;0;0;0;0;12,71;0,83;0
20210917:0610;29,32;0,02932;50,46;8,88;12,25;0,9;0
20210917:0710;52,09;0,05209;78,21;18,06;13,7;0,76;0
20210917:0810;76,19;0,07619;108,22;26,54;16,01;0,69;0
20210917:0910;78,85;0,07885;111,85;33,73;17,07;0,9;0
20210917:1010;81,38;0,08138;115,49;38,9;18,42;1,17;0
20210917:1110;684,97;0,68497;890,75;41,31;19,3;1,45;0
20210917:1210;611,81;0,61181;785,86;40,5;19,69;1,59;0
20210917:1310;50,54;0,05054;78,21;36,63;19,95;1,52;0
20210917:1410;151,48;0,15148;200,43;30,35;19,97;1,38;0
20210917:1510;168,6;0,1686;221,11;22,44;19,85;1,31;0
20210917:1610;66,39;0,06639;99,12;13,55;19,32;0,76;0
20210917:1710;9,08;0,00908;25,36;4,19;18,63;0,48;0
20210917:1810;0;0;0;0;18,42;0,34;0
20210917:1910;0;0;0;0;16,55;1,03;0
20210917:2010;0;0;0;0;15,1;1,31;0
20210917:2110;0;0;0;0;14,73;1,17;0
20210917:2210;0;0;0;0;14,52;1,03;0
20210917:2310;0;0;0;0;14,02;1,1;0
20210918:0010;0;0;0;0;14,19;0,9;0
20210918:0110;0;0;0;0;14,53;0,62;0
20210918:0210;0;0;0;0;14,16;0,62;0
20210918:0310;0;0;0;0;13,55;0,9;0
20210918:0410;0;0;0;0;12,88;0,97;0
20210918:0510;0;0;0;0;12,62;0,9;0
20210918:0610;63,71;0,06371;99,99;8,64;12,66;0,83;0
20210918:0710;211,61;0,21161;269;17,81;13,5;0,21;0
20210918:0810;385,75;0,38575;482,61;26,26;16,06;0,28;0
20210918:0910;556,87;0,55687;712,27;33,41;17,87;0,62;0
20210918:1010;646,85;0,64685;836,11;38,55;18,91;1,24;0
20210918:1110;685,33;0,68533;893,23;40,93;19,47;1,38;0
20210918:1210;620,9;0,6209;802,41;40,1;19,74;1,31;0
20210918:1310;469,6;0,4696;596,16;36,23;20,03;1,24;0
20210918:1410;216,37;0,21637;278,05;29,97;20,24;1,52;0
20210918:1510;346,39;0,34639;439,18;22,07;20;1,86;0
20210918:1610;143,75;0,14375;204,08;13,19;19,51;1,93;0
20210918:1710;8,33;0,00833;27,17;3,83;18,6;2,14;0
20210918:1810;0;0;0;0;17,56;2,41;0
20210918:1910;0;0;0;0;16,71;2,48;0
20210918:2010;0;0;0;0;15,78;2,55;0
20210918:2110;0;0;0;0;15,22;2,48;0
20210918:2210;0;0;0;0;14,73;2,76;0
20210918:2310;0;0;0;0;14,41;2,97;0
20210919:0010;0;0;0;0;14,32;2,97;0
20210919:0110;0;0;0;0;14,01;2,9;0
20210919:0210;0;0;0;0;13,68;2,76;0
20210919:0310;0;0;0;0;13,14;2,69;0
20210919:0410;0;0;0;0;12,74;2,55;0
20210919:0510;0;0;0;0;12,5;2,34;0
20210919:0610;83,16;0,08316;129,07;8,4;12,44;2,34;0
20210919:0710;292,19;0,29219;362,84;17,55;13,78;2,69;0
20210919:0810;476,69;0,47669;575,3;25,98;15,06;4,14;0
20210919:0910;618,23;0,61823;756,56;33,1;16,16;3,93;0
20210919:1010;518,02;0,51802;636,79;38,2;17,02;3,38;0
20210919:1110;146,22;0,14622;191,79;40,54;17,79;2,97;0
20210919:1210;319,44;0,31944;397,59;39,7;18,12;2,69;0
20210919:1310;83,91;0,08391;118,22;35,84;18,29;2,41;0
20210919:1410;56,15;0,05615;84,57;29,58;18,36;2,21;0
20210919:1510;185,07;0,18507;238,59;21,7;18,09;1,86;0
20210919:1610;152,62;0,15262;215,97;12,83;17,79;1,38;0
20210919:1710;6,7;0,0067;25,26;3,47;17,22;1,45;0
20210919:1810;0;0;0;0;16,43;1,72;0
20210919:1910;0;0;0;0;15,09;1,93;0
20210919:2010;0;0;0;0;14,63;2;0
20210919:2110;0;0;0;0;14,26;2,14;0
20210919:2210;0;0;0;0;13,83;2,14;0
20210919:2310;0;0;0;0;13,63;2,14;0
20210920:0010;0;0;0;0;13,36;2,21;0
20210920:0110;0;0;0;0;13,17;2,14;0
20210920:0210;0;0;0;0;13,01;2,07;0
20210920:0310;0;0;0;0;12,85;2;0
20210920:0410;0;0;0;0;12,67;2;0
20210920:0510;0;0;0;0;12,51;2;0
20210920:0610;0;0;0;0;12,31;2;0
20210920:0710;238,84;0,23884;296,54;17,29;11,88;2,21;0
20210920:0810;433,44;0,43344;522,16;25,7;12,31;2,34;0
20210920:0910;397,85;0,39785;480,58;32,79;12,81;2,34;0
20210920:1010;295,87;0,29587;362,43;37,85;13,76;2,28;0
20210920:1110;355,26;0,35526;434,54;40,16;14,63;2,41;0
20210920:1210;262,6;0,2626;326,12;39,3;15,22;2,14;0
20210920:1310;279,3;0,2793;346,25;35,44;15,32;1,72;0
20210920:1410;87,31;0,08731;120,95;29,2;15,34;1,66;0
20210920:1510;69,66;0,06966;99,83;21,33;15,26;1,86;0
20210920:1610;97,28;0,09728;138,17;12,46;15,14;2;0
20210920:1710;1,85;0,00185;10;3,11;14,68;1,79;0
20210920:1810;0;0;0;0;13,73;1,93;0
20210920:1910;0;0;0;0;13,29;1,72;0
20210920:2010;0;0;0;0;13,1;1,72;0
20210920:2110;0;0;0;0;12,82;1,72;0
20210920:2210;0;0;0;0;12,51;1,59;0
20210920:2310;0;0;0;0;12,16;1,52;0
20210921:0010;0;0;0;0;12;1,52;0
20210921:0110;0;0;0;0;11,63;1,52;0
20210921:0210;0;0;0;0;11,32;1,59;0
20210921:0310;0;0;0;0;11,34;1,45;0
20210921:0410;0;0;0;0;11,48;1,31;0
20210921:0510;0;0;0;0;11,45;1,31;0
20210921:0610;85,95;0,08595;133,56;7,9;11,38;1,31;0
20210921:0710;258,8;0,2588;321,62;17,04;11,46;1,1;0
20210921:0810;463,53;0,46353;566,83;25,42;12,61;1,1;0
20210921:0910;596,34;0,59634;741,64;32,47;13,97;1,38;0
20210921:1010;592,77;0,59277;741,55;37,5;14,94;1,45;0
20210921:1110;225,19;0,22519;283,72;39,78;15,53;1,31;0
20210921:1210;389,92;0,38992;483,22;38,9;15,97;1,38;0
20210921:1310;509,37;0,50937;637,45;35,04;16,33;1,17;0
20210921:1410;266,28;0,26628;333,11;28,81;16,42;1,1;0
20210921:1510;273,74;0,27374;343,77;20,95;16,31;1,38;0
20210921:1610;75,37;0,07537;110,21;12,1;15,94;1,45;0
20210921:1710;3,7;0,0037;13,55;2,75;15,18;1,24;0
20210921:1810;0;0;0;0;13,7;1,52;0
20210921:1910;0;0;0;0;12,63;1,24;0
20210921:2010;0;0;0;0;11,5;1,66;0
20210921:2110;0;0;0;0;10,78;1,59;0
20210921:2210;0;0;0;0;10,79;1,31;0
20210921:2310;0;0;0;0;12,16;0,41;0
20210922:0010;0;0;0;0;11,88;0,21;0
20210922:0110;0;0;0;0;11,49;0,62;0
20210922:0210;0;0;0;0;11,09;0,69;0
20210922:0310;0;0;0;0;10,75;0,55;0
20210922:0410;0;0;0;0;10,44;0,69;0
20210922:0510;0;0;0;0;10,09;0,76;0
20210922:0610;44,58;0,04458;72,39;7,66;9,88;0,62;0
20210922:0710;182,7;0,1827;228,98;16,78;8,95;0,55;0
20210922:0810;307,01;0,30701;374,48;25,13;11,06;0,41;0
20210922:0910;449,02;0,44902;557,6;32,15;13,41;0,21;0
20210922:1010;640,91;0,64091;829,2;37,14;15,03;0,21;0
20210922:1110;607,45;0,60745;782,88;39,39;16,23;0,41;0
20210922:1210;630,52;0,63052;814,58;38,51;17,11;0,69;0
20210922:1310;612,26;0,61226;788,11;34,65;17,7;0,76;0
20210922:1410;479,29;0,47929;607,3;28,43;18,02;0,62;0
20210922:1510;329,05;0,32905;418,53;20,58;18,02;0,55;0
20210922:1610;140,95;0,14095;202,65;11,73;17,74;0,55;0
20210922:1710;2,31;0,00231;11,01;2,39;16,89;0,62;0
20210922:1810;0;0;0;0;16,04;0,34;0
20210922:1910;0;0;0;0;15,27;0,76;0
20210922:2010;0;0;0;0;12,69;1,38;0
20210922:2110;0;0;0;0;10,7;1,86;0
20210922:2210;0;0;0;0;10,05;2,07;0
20210922:2310;0;0;0;0;9,76;2,14;0
20210923:0010;0;0;0;0;9,65;2,21;0
20210923:0110;0;0;0;0;9,59;2,21;0
20210923:0210;0;0;0;0;9,51;2,21;0
20210923:0310;0;0;0;0;9,28;2,07;0
20210923:0410;0;0;0;0;8,93;1,93;0
20210923:0510;0;0;0;0;8,68;2,07;0
20210923:0610;80,1;0,0801;123,66;7,41;8,79;2;0
20210923:0710;285,59;0,28559;352,95;16,51;11,65;1,79;0
20210923:0810;457,76;0,45776;559,61;24,85;14,75;2,07;0
20210923:0910;598,5;0,5985;737,94;31,84;16,49;3,1;0
20210923:1010;699,26;0,69926;872,57;36,79;17,81;3,79;0
20210923:1110;672,33;0,67233;839,28;39,01;18,93;4,21;0
20210923:1210;648,18;0,64818;806,92;38,11;19,72;4,69;0
20210923:1310;612,46;0,61246;757,01;34,25;19,89;5,17;0
20210923:1410;463,86;0,46386;567,58;28,04;19,62;5,72;0
20210923:1510;239,41;0,23941;302,06;20,21;19,22;5,38;0
20210923:1610;49,29;0,04929;77,13;11,37;18,55;4,14;0
20210923:1710;0,72;0,00072;7,62;2,03;17,99;3,72;0
20210923:1810;0;0;0;0;17,24;3,52;0
20210923:1910;0;0;0;0;16,82;3,66;0
20210923:2010;0;0;0;0;16,34;3,52;0
20210923:2110;0;0;0;0;16,09;3,24;0
20210923:2210;0;0;0;0;15,72;2,83;0
20210923:2310;0;0;0;0;15,4;2,76;0
20210924:0010;0;0;0;0;15,32;2,9;0
20210924:0110;0;0;0;0;15,34;2,9;0
20210924:0210;0;0;0;0;15,2;2,76;0
20210924:0310;0;0;0;0;15,12;2,62;0
20210924:0410;0;0;0;0;15,03;2,41;0
20210924:0510;0;0;0;0;14,92;2,28;0
20210924:0610;25,6;0,0256;46,66;7,16;14,9;2,28;0
20210924:0710;195,44;0,19544;248,29;16,25;14,94;2,83;0
20210924:0810;127,19;0,12719;167,25;24,56;15,61;3,03;0
20210924:0910;339,81;0,33981;416,58;31,52;16,94;3,45;0
20210924:1010;427,08;0,42708;524,81;36,43;18,05;3,66;0
20210924:1110;201,76;0,20176;257,73;38,62;18,99;3,79;0
20210924:1210;159,34;0,15934;208,18;37,71;19,15;3,38;0
20210924:1310;123,16;0,12316;165,45;33,85;19,19;3,1;0
20210924:1410;39,95;0,03995;64,57;27,65;19,3;3,45;0
20210924:1510;62,55;0,06255;92,64;19,83;19,25;3,38;0
20210924:1610;54,17;0,05417;84,16;11,01;18,86;2,9;0
20210924:1710;0;0;2,54;1,67;18,22;2,41;0
20210924:1810;0;0;0;0;17,66;2,21;0
20210924:1910;0;0;0;0;16,6;2,21;0
20210924:2010;0;0;0;0;16,43;2,21;0
20210924:2110;0;0;0;0;15,99;2,21;0
20210924:2210;0;0;0;0;15,54;2,07;0
20210924:2310;0;0;0;0;14,69;2,07;0
20210925:0010;0;0;0;0;14,17;2,07;0
20210925:0110;0;0;0;0;13,59;2,07;0
20210925:0210;0;0;0;0;13,16;2;0
20210925:0310;0;0;0;0;12,75;2;0
20210925:0410;0;0;0;0;12,41;2;0
20210925:0510;0;0;0;0;12,01;1,93;0
20210925:0610;64,6;0,0646;103,32;6,91;11,83;1,72;0
20210925:0710;270,91;0,27091;337,67;15,99;13,18;1,79;0
20210925:0810;471,85;0,47185;578,6;24,27;15,04;1,93;0
20210925:0910;604,58;0,60458;757,72;31,2;16,82;1,86;0
20210925:1010;676,63;0,67663;866,42;36,08;18,29;1,79;0
20210925:1110;691,9;0,6919;899,7;38,24;19,23;1,45;0
20210925:1210;662,98;0,66298;864,66;37,31;20,04;1,24;0
20210925:1310;627,09;0,62709;810,76;33,45;20,65;1,45;0
20210925:1410;500,07;0,50007;634,65;27,27;21,03;1,72;0
20210925:1510;347,26;0,34726;444,03;19,46;21,04;1,79;0
20210925:1610;111,26;0,11126;164,76;10,64;20,55;1,52;0
20210925:1710;0;0;2,54;1,32;19,09;2,07;0
20210925:1810;0;0;0;0;17,33;2,41;0
20210925:1910;0;0;0;0;16,47;2,34;0
20210925:2010;0;0;0;0;15,6;2,48;0
20210925:2110;0;0;0;0;15,26;2,62;0
20210925:2210;0;0;0;0;15,14;2,76;0
20210925:2310;0;0;0;0;15,32;2,9;0
20210926:0010;0;0;0;0;15,79;3,03;0
20210926:0110;0;0;0;0;15,81;3,03;0
20210926:0210;0;0;0;0;15,84;2,97;0
20210926:0310;0;0;0;0;15,74;2,76;0
20210926:0410;0;0;0;0;15,75;2,62;0
20210926:0510;0;0;0;0;15,59;2,76;0
20210926:0610;41,86;0,04186;71,55;6,66;15,88;2,69;0
20210926:0710;241,73;0,24173;306,11;15,72;16,26;2,28;0
20210926:0810;440,64;0,44064;544,42;23,98;17,46;2,21;0
20210926:0910;578,44;0,57844;722,47;30,87;18,59;2,62;0
20210926:1010;618,46;0,61846;778,72;35,72;19,94;3,1;0
20210926:1110;138,58;0,13858;185,52;37,85;21,36;3,24;0
20210926:1210;211,48;0,21148;273,03;36,91;21,82;3,03;0
20210926:1310;79,49;0,07949;114,58;33,06;21,96;2,97;0
20210926:1410;82,9;0,0829;118,22;26,88;20,85;2,76;0
20210926:1510;79,21;0,07921;113,55;19,09;20,18;1,86;0
20210926:1610;71,57;0,07157;109,28;10,28;20,01;1,45;0
20210926:1710;0;0;0;0;19,39;1,72;0
20210926:1810;0;0;0;0;18,24;2,14;0
20210926:1910;0;0;0;0;17,51;2,62;0
20210926:2010;0;0;0;0;16,89;2,76;0
20210926:2110;0;0;0;0;16,34;2,21;0
20210926:2210;0;0;0;0;15,69;2,07;0
20210926:2310;0;0;0;0;15,05;2,14;0
20210927:0010;0;0;0;0;14,71;2,28;0
20210927:0110;0;0;0;0;14,58;2,28;0
20210927:0210;0;0;0;0;14,47;2,21;0
20210927:0310;0;0;0;0;14,24;2,14;0
20210927:0410;0;0;0;0;14,24;2,34;0
20210927:0510;0;0;0;0;14,18;2,48;0
20210927:0610;15,77;0,01577;32,35;6,41;14,6;2,55;0
20210927:0710;212,15;0,21215;268,62;15,46;15,59;3,24;0
20210927:0810;272,86;0,27286;336,32;23,69;16,56;3,59;0
20210927:0910;391,03;0,39103;477,82;30,55;17,78;4,21;0
20210927:1010;198,26;0,19826;252,56;35,36;19,12;5,52;0
20210927:1110;278,61;0,27861;347,88;37,47;19,47;4,62;0
20210927:1210;175,66;0,17566;227,72;36,51;19,89;4,14;0
20210927:1310;262,55;0,26255;329,95;32,66;19,98;3,79;0
20210927:1410;39,86;0,03986;64,57;26,5;19,66;3,1;0
20210927:1510;99,17;0,09917;136,64;18,71;18,9;3,31;0
20210927:1610;31,21;0,03121;53,58;9,92;18,38;4;0
20210927:1710;0;0;0;0;17,62;3,59;0
20210927:1810;0;0;0;0;15,87;4,28;0
20210927:1910;0;0;0;0;14,74;3,52;0
20210927:2010;0;0;0;0;13,68;2,97;0
20210927:2110;0;0;0;0;12,76;2,55;0
20210927:2210;0;0;0;0;12,25;2,41;0
20210927:2310;0;0;0;0;11,65;2,34;0
20210928:0010;0;0;0;0;11,24;2,14;0
20210928:0110;0;0;0;0;11,33;2,07;0
20210928:0210;0;0;0;0;11,21;1,86;0
20210928:0310;0;0;0;0;10,62;1,93;0
20210928:0410;0;0;0;0;9,91;2;0
20210928:0510;0;0;0;0;9,5;1,86;0
20210928:0610;68,95;0,06895;109,68;6,16;9,46;1,79;0
20210928:0710;259,75;0,25975;322,39;15,19;11,4;1,31;0
20210928:0810;397,45;0,39745;483,42;23,4;13,14;1,52;0
20210928:0910;455,47;0,45547;558,94;30,23;14,37;1,45;0
20210928:1010;352,47;0,35247;434,49;35;15,38;1,52;0
20210928:1110;454,31;0,45431;561,62;37,08;16,04;1,79;0
20210928:1210;610,96;0,61096;767,22;36,11;16,63;1,93;0
20210928:1310;277,26;0,27726;345,5;32,27;17,13;2,07;0
20210928:1410;285,08;0,28508;354,67;26,11;17,34;2,07;0
20210928:1510;133,44;0,13344;176,64;18,34;17,28;2,07;0
20210928:1610;18,77;0,01877;36,38;9,56;16,78;2,07;0
20210928:1710;0;0;0;0;15,62;2,34;0
20210928:1810;0;0;0;0;14,78;2,55;0
20210928:1910;0;0;0;0;14,06;2,9;0
20210928:2010;0;0;0;0;14,21;2,97;0
20210928:2110;0;0;0;0;13,93;2,97;0
20210928:2210;0;0;0;0;13,56;3,1;0
20210928:2310;0;0;0;0;13,33;3,1;0
20210929:0010;0;0;0;0;13,02;3,03;0
20210929:0110;0;0;0;0;12,78;2,97;0
20210929:0210;0;0;0;0;12,59;3,03;0
20210929:0310;0;0;0;0;12,41;3,1;0
20210929:0410;0;0;0;0;12,47;3,24;0
20210929:0510;0;0;0;0;12,27;3,38;0
20210929:0610;28,13;0,02813;51,02;5,9;12,13;3,45;0
20210929:0710;75,2;0,0752;104,98;14,92;12,05;3,31;0
20210929:0810;29,6;0,0296;50,02;23,11;13,12;3,52;0
20210929:0910;248,58;0,24858;304,43;29,9;13,64;3,66;0
20210929:1010;321,65;0,32165;387,44;34,64;12,88;4,07;0
20210929:1110;142,14;0,14214;181,93;36,69;12,37;5,24;0
20210929:1210;38,43;0,03843;60,93;35,71;12,51;4,62;0
20210929:1310;659,17;0,65917;787,32;31,87;13,66;6;0
20210929:1410;379,18;0,37918;453,68;25,73;13,96;5,24;0
20210929:1510;184,39;0,18439;231,64;17,97;13,62;5,03;0
20210929:1610;97,01;0,09701;141,39;9,19;13,28;5,45;0
20210929:1710;0;0;0;0;12,24;4,62;0
20210929:1810;0;0;0;0;11,65;4,21;0
20210929:1910;0;0;0;0;10,81;4,55;0
20210929:2010;0;0;0;0;10,36;4,07;0
20210929:2110;0;0;0;0;9,85;4;0
20210929:2210;0;0;0;0;9,5;3,86;0
20210929:2310;0;0;0;0;9,25;3,72;0
20210930:0010;0;0;0;0;9,46;3,59;0
20210930:0110;0;0;0;0;9,19;3,38;0
20210930:0210;0;0;0;0;8,86;3,17;0
20210930:0310;0;0;0;0;8,62;3,24;0
20210930:0410;0;0;0;0;8,29;3,17;0
20210930:0510;0;0;0;0;8,16;2,97;0
20210930:0610;53,19;0,05319;87,64;5,65;8,02;2,83;0
20210930:0710;267,69;0,26769;326,07;14,65;8,65;2,34;0
20210930:0810;451,05;0,45105;536,65;22,82;10,45;2,76;0
20210930:0910;642,92;0,64292;776,48;29,58;12,01;3,24;0
20210930:1010;605,92;0,60592;730,63;34,29;13,33;4,07;0
20210930:1110;580,78;0,58078;700,28;36,31;14,09;4,48;0
20210930:1210;424,94;0,42494;511,73;35,32;14,53;4,34;0
20210930:1310;257,16;0,25716;315,65;31,48;14,91;4,34;0
20210930:1410;167,56;0,16756;212,58;25,35;14,79;4,34;0
20210930:1510;140,06;0,14006;181,54;17,6;14,04;3,1;0
20210930:1610;48,51;0,04851;76,54;8,83;13,78;2,83;0
20210930:1710;0;0;0;0;12,92;2,34;0
20210930:1810;0;0;0;0;11,76;2,55;0
20210930:1910;0;0;0;0;11,13;2,9;0
20210930:2010;0;0;0;0;11,19;3,17;0
20210930:2110;0;0;0;0;11,04;3,17;0
20210930:2210;0;0;0;0;10,72;3,17;0
20210930:2310;0;0;0;0;10,33;3,03;0
20211001:0010;0;0;0;0;9,97;3,1;0
20211001:0110;0;0;0;0;9,9;3,31;0
20211001:0210;0;0;0;0;9,67;3,38;0
20211001:0310;0;0;0;0;9,51;3,45;0
20211001:0410;0;0;0;0;9,43;3,52;0
20211001:0510;0;0;0;0;9,41;3,52;0
20211001:0610;54,81;0,05481;91,46;5,4;9,67;3,59;0
20211001:0710;278,36;0,27836;338,76;14,38;10,2;4,14;0
20211001:0810;316,38;0,31638;377,32;22,52;11,63;4,55;0
20211001:0910;612,79;0,61279;731,79;29,25;12,9;4,83;0
20211001:1010;545,5;0,5455;655,3;33,93;14,56;4,97;0
20211001:1110;634,29;0,63429;772,52;35,92;16,13;4,97;0
20211001:1210;420,2;0,4202;511;34,92;17,31;5,03;0
20211001:1310;244,64;0,24464;304,89;31,08;17,94;4,9;0
20211001:1410;187,44;0,18744;238,6;24,97;18,08;4,34;0
20211001:1510;104,51;0,10451;142,35;17,23;17,75;3,38;0
20211001:1610;19,43;0,01943;37,28;8,48;16,91;3,03;0
20211001:1710;0;0;0;0;15,61;2,9;0
20211001:1810;0;0;0;0;14,65;3,03;0
20211001:1910;0;0;0;0;13,29;3,38;0
20211001:2010;0;0;0;0;12,91;3,59;0
20211001:2110;0;0;0;0;12,21;3,24;0
20211001:2210;0;0;0;0;12,25;3,17;0
20211001:2310;0;0;0;0;12,48;3,31;0
20211002:0010;0;0;0;0;12,64;3,03;0
20211002:0110;0;0;0;0;12,37;2,69;0
20211002:0210;0;0;0;0;12,4;2,55;0
20211002:0310;0;0;0;0;11,95;2,55;0
20211002:0410;0;0;0;0;12,1;2,48;0
20211002:0510;0;0;0;0;12,16;2,48;0
20211002:0610;41,34;0,04134;72,56;5,14;12,15;2,48;0
20211002:0710;19,9;0,0199;37,28;14,11;12,33;2,48;0
20211002:0810;77,68;0,07768;108,43;22,23;13,57;3,03;0
20211002:0910;81,16;0,08116;112,76;28,93;14,39;4,76;0
20211002:1010;299,85;0,29985;365,43;33,57;15,71;5,17;0
20211002:1110;115,91;0,11591;154,59;35,54;16,02;3,72;0
20211002:1210;423,12;0,42312;514,16;34,52;16,5;4,28;0
20211002:1310;48,49;0,04849;74,57;30,69;17,12;5,03;0
20211002:1410;119,47;0,11947;159,11;24,59;17,46;5,03;0
20211002:1510;102,83;0,10283;140,1;16,87;17,6;4,34;0
20211002:1610;24,78;0,02478;45,08;8,12;17,22;4,28;0
20211002:1710;0;0;0;0;16,92;4,62;0
20211002:1810;0;0;0;0;17,07;5,03;0
20211002:1910;0;0;0;0;16,94;6,48;0
20211002:2010;0;0;0;0;16,84;6,83;0
20211002:2110;0;0;0;0;16,86;6,9;0
20211002:2210;0;0;0;0;17,16;6,9;0
20211002:2310;0;0;0;0;17,4;6,62;0
20211003:0010;0;0;0;0;17,59;6,34;0
20211003:0110;0;0;0;0;17,72;6,14;0
20211003:0210;0;0;0;0;17,84;6,28;0
20211003:0310;0;0;0;0;17,96;6,48;0
20211003:0410;0;0;0;0;18,17;6,9;0
20211003:0510;0;0;0;0;17,47;7,1;0
20211003:0610;0,59;0,00059;7,28;4,88;17,39;7,52;0
20211003:0710;14,24;0,01424;30,01;13,84;16,81;8;0
20211003:0810;16,78;0,01678;33,65;21,93;17,3;8,14;0
20211003:0910;47,09;0,04709;72,75;28,6;17,12;7,86;0
20211003:1010;40,39;0,04039;64,57;33,21;17,57;7,52;0
20211003:1110;38,78;0,03878;62,75;35,15;18,4;7,45;0
20211003:1210;44,41;0,04441;70,02;34,13;19,19;8,21;0
20211003:1310;37,38;0,03738;60,93;30,3;18,24;7,86;0
20211003:1410;39,02;0,03902;62,75;24,21;17,02;5,45;0
20211003:1510;37,68;0,03768;60,93;16,5;16,2;3,17;0
20211003:1610;0,6;0,0006;7,28;7,76;15,37;3,31;0
20211003:1710;0;0;0;0;14,57;2,9;0
20211003:1810;0;0;0;0;14,03;2,21;0
20211003:1910;0;0;0;0;12,98;2,97;0
20211003:2010;0;0;0;0;13,02;2,83;0
20211003:2110;0;0;0;0;12,98;2,76;0
20211003:2210;0;0;0;0;12,82;2,69;0
20211003:2310;0;0;0;0;12,55;2,62;0
20211004:0010;0;0;0;0;12,21;2,83;0
20211004:0110;0;0;0;0;12,02;2,55;0
20211004:0210;0;0;0;0;11,88;2,69;0
20211004:0310;0;0;0;0;11,79;2,83;0
20211004:0410;0;0;0;0;11,74;2,76;0
20211004:0510;0;0;0;0;11,6;2,76;0
20211004:0610;0;0;4,55;4,63;11,39;2,83;0
20211004:0710;101,02;0,10102;135,34;13,57;12,02;2,9;0
20211004:0810;154,64;0,15464;196,34;21,63;12,86;3,03;0
20211004:0910;187,7;0,1877;235,02;28,27;13,79;3,59;0
20211004:1010;112,95;0,11295;150,05;32,85;14,4;3,93;0
20211004:1110;509,74;0,50974;616,37;34,77;15,47;4,48;0
20211004:1210;564,61;0,56461;685,98;33,73;16,21;4,62;0
20211004:1310;473,06;0,47306;573,27;29,91;16,56;4,55;0
20211004:1410;386,47;0,38647;469,76;23,83;16,82;4,41;0
20211004:1510;242,26;0,24226;304,38;16,14;16,62;3,79;0
20211004:1610;83,98;0,08398;129,21;7,41;15,83;3,03;0
20211004:1710;0;0;0;0;14,34;2,69;0
20211004:1810;0;0;0;0;13,01;2,76;0
20211004:1910;0;0;0;0;12,14;3,1;0
20211004:2010;0;0;0;0;11,67;3,03;0
20211004:2110;0;0;0;0;11,3;2,9;0
20211004:2210;0;0;0;0;11,01;2,76;0
20211004:2310;0;0;0;0;10,95;2,9;0
20211005:0010;0;0;0;0;11,09;3,1;0
20211005:0110;0;0;0;0;11,01;2,97;0
20211005:0210;0;0;0;0;10,93;3,03;0
20211005:0310;0;0;0;0;10,82;2,97;0
20211005:0410;0;0;0;0;10,74;2,97;0
20211005:0510;0;0;0;0;10,58;3,1;0
20211005:0610;0;0;3,64;4,37;10,52;3,24;0
20211005:0710;140,84;0,14084;180,34;13,3;10,66;3,66;0
20211005:0810;465,04;0,46504;551,44;21,34;11,86;4,34;0
20211005:0910;617,87;0,61787;739,11;27,94;13,41;4,97;0
20211005:1010;719,53;0,71953;873,77;32,49;14,71;5,1;0
20211005:1110;752,16;0,75216;919,44;34,39;15,98;5,59;0
20211005:1210;32,53;0,03253;54,56;33,34;17,3;6,41;0
20211005:1310;73,87;0,07387;105,49;29,52;17,65;6;0
20211005:1410;34,82;0,03482;57,29;23,45;16,33;5,1;0
20211005:1510;45,34;0,04534;70,02;15,77;14,82;5,03;0
20211005:1610;17,17;0,01717;34,12;7,06;13,97;4,97;0
20211005:1710;0;0;0;0;13,43;4,28;0
20211005:1810;0;0;0;0;13,08;3,79;0
20211005:1910;0;0;0;0;12,01;3,1;0
20211005:2010;0;0;0;0;11,43;4,14;0
20211005:2110;0;0;0;0;10,9;4,48;0
20211005:2210;0;0;0;0;10,92;4,41;0
20211005:2310;0;0;0;0;10,81;4,21;0
20211006:0010;0;0;0;0;10,6;4,14;0
20211006:0110;0;0;0;0;10,42;4,28;0
20211006:0210;0;0;0;0;10,51;4,41;0
20211006:0310;0;0;0;0;10,49;4,41;0
20211006:0410;0;0;0;0;10,23;4,41;0
20211006:0510;0;0;0;0;10,3;4,48;0
20211006:0610;0;0;3,64;4,11;10,17;4,55;0
20211006:0710;6,07;0,00607;17,28;13,02;10,52;5,1;0
20211006:0810;111,8;0,1118;145,85;21,04;10,89;5,31;0
20211006:0910;78,73;0,07873;108,22;27,61;10,74;5,31;0
20211006:1010;59,91;0,05991;86,39;32,13;11,17;5,31;0
20211006:1110;32;0,032;52,74;34;11,7;5,03;0
20211006:1210;109,9;0,1099;144,59;32,95;11,65;5,17;0
20211006:1310;64,27;0,06427;91,85;29,13;12,02;5,38;0
20211006:1410;31,22;0,03122;51,83;23,08;12,06;5,03;0
20211006:1510;22,69;0,02269;40,92;15,41;12,17;4,41;0
20211006:1610;22,62;0,02262;41,86;6,71;11,7;3,72;0
20211006:1710;0;0;0;0;11,07;3,17;0
20211006:1810;0;0;0;0;10,97;2,83;0
20211006:1910;0;0;0;0;10,64;3,24;0
20211006:2010;0;0;0;0;10,55;3,1;0
20211006:2110;0;0;0;0;10,37;3,17;0
20211006:2210;0;0;0;0;10,45;2,97;0
20211006:2310;0;0;0;0;10,07;2,55;0
20211007:0010;0;0;0;0;9,76;2,34;0
20211007:0110;0;0;0;0;9,97;1,93;0
20211007:0210;0;0;0;0;9,78;1,79;0
20211007:0310;0;0;0;0;9,69;1,52;0
20211007:0410;0;0;0;0;9,91;1,1;0
20211007:0510;0;0;0;0;10;0,97;0
20211007:0610;13,91;0,01391;30,87;3,85;10,02;0,9;0
20211007:0710;95,74;0,09574;129,24;12,75;10,83;0,41;0
20211007:0810;199,72;0,19972;248,99;20,74;11,51;0,14;0
20211007:0910;287;0,287;352,42;27,29;12,14;0,28;0
20211007:1010;499,58;0,49958;618,38;31,77;13,03;0,62;0
20211007:1110;307,13;0,30713;378,43;33,62;13,55;0,76;0
20211007:1210;300,03;0,30003;370,43;32,56;13,94;0,76;0
20211007:1310;582,53;0,58253;730,19;28,75;14,47;0,9;0
20211007:1410;388,21;0,38821;477,21;22,7;14,46;1,03;0
20211007:1510;299,4;0,2994;375,49;15,05;14,55;1,17;0
20211007:1610;76,32;0,07632;120,29;6,36;14,26;0,9;0
20211007:1710;0;0;0;0;13,4;1,03;0
20211007:1810;0;0;0;0;12,39;1,03;0
20211007:1910;0;0;0;0;10,88;1,59;0
20211007:2010;0;0;0;0;10,32;1,31;0
20211007:2110;0;0;0;0;10;1,24;0
20211007:2210;0;0;0;0;9,58;1,31;0
20211007:2310;0;0;0;0;8,8;1,52;0
20211008:0010;0;0;0;0;8,13;1,66;0
20211008:0110;0;0;0;0;7,86;1,72;0
20211008:0210;0;0;0;0;7,37;1,66;0
20211008:0310;0;0;0;0;7,24;1,59;0
20211008:0410;0;0;0;0;6,96;1,52;0
20211008:0510;0;0;0;0;6,85;1,45;0
20211008:0610;23,46;0,02346;46,19;3,6;6,79;1,38;0
20211008:0710;258,28;0,25828;315,48;12,47;7,21;1,03;0
20211008:0810;471,52;0,47152;571,88;20,44;10,54;0,9;0
20211008:0910;613,08;0,61308;762,43;26,96;12,72;1,03;0
20211008:1010;698,28;0,69828;884,31;31,41;14,38;1,38;0
20211008:1110;718,19;0,71819;915,69;33,24;15,54;1,59;0
20211008:1210;0;0;0;0;16,43;1,86;0
20211008:1310;488,5;0,4885;602,61;28,36;17,09;2,41;0
20211008:1410;387,4;0,3874;476,52;22,33;17,5;2,76;0
20211008:1510;274,65;0,27465;347,13;14,7;17,37;2,48;0
20211008:1610;64,59;0,06459;104,96;6,01;16,53;1,93;0
20211008:1710;0;0;0;0;15,04;2,21;0
20211008:1810;0;0;0;0;13,56;2,41;0
20211008:1910;0;0;0;0;12,83;2,83;0
20211008:2010;0;0;0;0;12,49;2,83;0
20211008:2110;0;0;0;0;12,46;2,97;0
20211008:2210;0;0;0;0;12,2;2,97;0
20211008:2310;0;0;0;0;11,83;2,69;0
20211009:0010;0;0;0;0;10,75;2,28;0
20211009:0110;0;0;0;0;9,69;2,21;0
20211009:0210;0;0;0;0;8,83;2,14;0
20211009:0310;0;0;0;0;8,16;2,14;0
20211009:0410;0;0;0;0;7,62;2,14;0
20211009:0510;0;0;0;0;7,18;2,14;0
20211009:0610;18,06;0,01806;37,99;3,34;6,78;2,14;0
20211009:0710;253,89;0,25389;309,41;12,2;7,32;1,66;0
20211009:0810;474,02;0,47402;568,49;20,14;10,13;1,72;0
20211009:0910;623,85;0,62385;763,77;26,63;12,1;1,93;0
20211009:1010;712,52;0,71252;893,33;31,05;13,68;1,86;0
20211009:1110;727,45;0,72745;923,7;32,86;14,91;1,72;0
20211009:1210;719,02;0,71902;915,68;31,78;15,83;1,72;0
20211009:1310;635,99;0,63599;800,73;27,98;16,43;1,72;0
20211009:1410;492,58;0,49258;611,83;21,96;16,67;1,66;0
20211009:1510;278,64;0,27864;352,78;14,34;16,56;1,52;0
20211009:1610;59,43;0,05943;98,83;5,67;15,8;1,31;0
20211009:1710;0;0;0;0;14;1,79;0
20211009:1810;0;0;0;0;11,77;2,07;0
20211009:1910;0;0;0;0;10,58;2,34;0
20211009:2010;0;0;0;0;9,84;2,62;0
20211009:2110;0;0;0;0;9,35;2,76;0
20211009:2210;0;0;0;0;8,9;2,76;0
20211009:2310;0;0;0;0;8,43;2,55;0
20211010:0010;0;0;0;0;7,68;2,14;0
20211010:0110;0;0;0;0;6,75;1,93;0
20211010:0210;0;0;0;0;5,89;1,79;0
20211010:0310;0;0;0;0;5,24;1,79;0
20211010:0410;0;0;0;0;4,69;1,86;0
20211010:0510;0;0;0;0;4,3;1,86;0
20211010:0610;8,64;0,00864;22,5;3,08;4,07;1,66;0
20211010:0710;280,99;0,28099;338,59;11,92;5,13;1,38;0
20211010:0810;453,58;0,45358;542,68;19,84;8,81;1,24;0
20211010:0910;609,63;0,60963;745,27;26,3;10,98;1,52;0
20211010:1010;612,48;0,61248;756,86;30,7;12,62;1,52;0
20211010:1110;679,52;0,67952;862,85;32,48;13,64;0,97;0
20211010:1210;673,59;0,67359;866,46;31,4;14,25;0,48;0
20211010:1310;622,86;0,62286;796,43;27,6;14,72;0,34;0
20211010:1410;486,25;0,48625;608,77;21,6;14,93;0,41;0
20211010:1510;277,59;0,27759;351,24;13,99;14,82;0,55;0
20211010:1610;54,65;0,05465;91,96;5,33;14,2;0,62;0
20211010:1710;0;0;0;0;13,35;0,41;0
20211010:1810;0;0;0;0;12,5;0,62;0
20211010:1910;0;0;0;0;10,18;1,31;0
20211010:2010;0;0;0;0;7,73;2;0
20211010:2110;0;0;0;0;7,75;1,72;0
20211010:2210;0;0;0;0;8,34;1,38;0
20211010:2310;0;0;0;0;7,69;1,59;0
20211011:0010;0;0;0;0;8,02;1,59;0
20211011:0110;0;0;0;0;8,27;1,59;0
20211011:0210;0;0;0;0;8,83;1,59;0
20211011:0310;0;0;0;0;9,7;1,52;0
20211011:0410;0;0;0;0;10,32;1,86;0
20211011:0510;0;0;0;0;10,62;2,55;0
20211011:0610;0,27;0,00027;6,37;2,82;10,63;2,97;0
20211011:0710;76,92;0,07692;106,65;11,65;10,55;2,34;0
20211011:0810;220,9;0,2209;269,63;19,54;11,11;2,62;0
20211011:0910;182,3;0,1823;227,01;25,97;11,95;3,1;0
20211011:1010;279,67;0,27967;338,39;30,34;11,84;2,83;0
20211011:1110;0;0;0;0;12,64;3,79;0
20211011:1210;284,7;0,2847;345;31,01;13,08;3,72;0
20211011:1310;112,51;0,11251;148,76;27,22;13,24;3,45;0
20211011:1410;293,37;0,29337;355,24;21,23;13,46;3,45;0
20211011:1510;164,19;0,16419;209,74;13,64;13,1;2,83;0
20211011:1610;25,75;0,02575;48,59;4,99;12,69;2,76;0
20211011:1710;0;0;0;0;11,87;2,41;0
20211011:1810;0;0;0;0;11,11;2,34;0
20211011:1910;0;0;0;0;11,05;2,34;0
20211011:2010;0;0;0;0;10,73;2,41;0
20211011:2110;0;0;0;0;10,31;2,34;0
20211011:2210;0;0;0;0;9,82;2,34;0
20211011:2310;0;0;0;0;9,65;2,21;0
20211012:0010;0;0;0;0;9,47;2,07;0
20211012:0110;0;0;0;0;9,4;2,14;0
20211012:0210;0;0;0;0;8,91;2,41;0
20211012:0310;0;0;0;0;9,2;2,83;0
20211012:0410;0;0;0;0;9,21;2,83;0
20211012:0510;0;0;0;0;9,2;2,76;0
20211012:0610;0;0;5,46;2,55;9,14;2,76;0
20211012:0710;10,29;0,01029;23,64;11,37;9,52;3,45;0
20211012:0810;53,26;0,05326;78,21;19,24;9,89;3,31;0
20211012:0910;50,15;0,05015;74,57;25,64;10,12;3,31;0
20211012:1010;39,51;0,03951;61,84;29,98;10,76;4,76;0
20211012:1110;0;0;0;0;10,52;4,41;0
20211012:1210;24,97;0,02497;43,65;30,63;10,71;4,07;0
20211012:1310;352,59;0,35259;418,63;26,85;10,9;3,72;0
20211012:1410;82,85;0,08285;113,45;20,87;11,41;2,97;0
20211012:1510;149,76;0,14976;191,04;13,29;11,2;3,72;0
20211012:1610;13,71;0,01371;29,75;4,65;10,91;3,59;0
20211012:1710;0;0;0;0;9,98;3,24;0
20211012:1810;0;0;0;0;9,6;3,17;0
20211012:1910;0;0;0;0;8,5;2,62;0
20211012:2010;0;0;0;0;7,73;2,41;0
20211012:2110;0;0;0;0;7,22;2,34;0
20211012:2210;0;0;0;0;6,98;2,34;0
20211012:2310;0;0;0;0;6,93;2,14;0
20211013:0010;0;0;0;0;6,55;2,28;0
20211013:0110;0;0;0;0;6,13;2,34;0
20211013:0210;0;0;0;0;6,07;2,28;0
20211013:0310;0;0;0;0;6,29;2,07;0
20211013:0410;0;0;0;0;6,09;1,93;0
20211013:0510;0;0;0;0;5,89;1,93;0
20211013:0610;0;0;3,64;2,29;5,87;1,79;0
20211013:0710;151,64;0,15164;190,38;11,09;6,58;2,14;0
20211013:0810;264,8;0,2648;315,04;18,94;7,79;2,48;0
20211013:0910;362,22;0,36222;427,29;25,31;8,59;2,62;0
20211013:1010;465,55;0,46555;552,81;29,63;9,71;2,55;0
20211013:1110;247,4;0,2474;299,27;31,36;10,12;2,9;0
20211013:1210;43,19;0,04319;66,38;30,25;10,78;2,97;0
20211013:1310;320,45;0,32045;383,62;26,48;11,34;3,03;0
20211013:1410;106,26;0,10626;140,26;20,51;11,38;3,03;0
20211013:1510;165,07;0,16507;209,23;12,94;11,27;2,97;0
20211013:1610;17,81;0,01781;36,68;4,32;10,86;2,69;0
20211013:1710;0;0;0;0;10,17;2,28;0
20211013:1810;0;0;0;0;9,31;2,14;0
20211013:1910;0;0;0;0;9,58;1,93;0
20211013:2010;0;0;0;0;9,43;2;0
20211013:2110;0;0;0;0;9,32;2;0
20211013:2210;0;0;0;0;9,45;2,07;0
20211013:2310;0;0;0;0;9,47;2,28;0
20211014:0010;0;0;0;0;9,51;2,48;0
20211014:0110;0;0;0;0;9,57;2,76;0
20211014:0210;0;0;0;0;9,66;2,76;0
20211014:0310;0;0;0;0;9,65;2,69;0
20211014:0410;0;0;0;0;9,63;2,62;0
20211014:0510;0;0;0;0;9,82;2,62;0
20211014:0610;0;0;0,91;2,03;9,97;2,69;0
20211014:0710;26,44;0,02644;45,47;10,82;10,14;2,55;0
20211014:0810;53,08;0,05308;78,21;18,64;10,43;2,69;0
20211014:0910;36,5;0,0365;58,2;24,99;10,78;2,76;0
20211014:1010;90,81;0,09081;122,77;29,27;11,24;2,69;0
20211014:1110;122,22;0,12222;159,45;30,98;12;2,69;0
20211014:1210;60,77;0,06077;88,21;29,87;13,01;3,1;0
20211014:1310;157,8;0,1578;201,09;26,11;14;3,24;0
20211014:1410;89,48;0,08948;122,66;20,15;14,77;3,66;0
20211014:1510;13,12;0,01312;28,19;12,6;14,52;2,76;0
20211014:1610;0;0;3,64;3,99;13,88;2,55;0
20211014:1710;0;0;0;0;13,1;2,48;0
20211014:1810;0;0;0;0;12,68;2,55;0
20211014:1910;0;0;0;0;12,04;2,41;0
20211014:2010;0;0;0;0;11,86;2,62;0
20211014:2110;0;0;0;0;11,37;2,83;0
20211014:2210;0;0;0;0;11,01;2,9;0
20211014:2310;0;0;0;0;10,32;2,76;0
20211015:0010;0;0;0;0;9,88;2,76;0
20211015:0110;0;0;0;0;9,48;2,83;0
20211015:0210;0;0;0;0;9,47;2,97;0
20211015:0310;0;0;0;0;9,44;3,03;0
20211015:0410;0;0;0;0;9,48;3,1;0
20211015:0510;0;0;0;0;9,6;3,17;0
20211015:0610;0;0;2,73;1,77;9,6;3,17;0
20211015:0710;23,57;0,02357;41,83;10,54;10,57;3,31;0
20211015:0810;67,99;0,06799;96,1;18,34;11,42;3,24;0
20211015:0910;102,4;0,1024;136,4;24,66;12,19;3,52;0
20211015:1010;37,68;0,03768;60,02;28,92;12,49;4;0
20211015:1110;49,65;0,04965;74,57;30,61;12,27;4;0
20211015:1210;57,3;0,0573;83,66;29,5;11,93;3,45;0
20211015:1310;155,11;0,15511;196,44;25,74;11,91;2,76;0
20211015:1410;260,8;0,2608;316,86;19,8;12;2,34;0
20211015:1510;263,36;0,26336;327,1;12,26;12,01;2,21;0
20211015:1610;23,6;0,0236;47,1;3,66;11,61;2,07;0
20211015:1710;0;0;0;0;10,51;1,86;0
20211015:1810;0;0;0;0;9,53;1,79;0
20211015:1910;0;0;0;0;8,7;1,52;0
20211015:2010;0;0;0;0;8,25;1,17;0
20211015:2110;0;0;0;0;8,16;1,03;0
20211015:2210;0;0;0;0;7,7;1,03;0
20211015:2310;0;0;0;0;7,06;1,1;0
20211016:0010;0;0;0;0;7,37;0,83;0
20211016:0110;0;0;0;0;7,34;0,55;0
20211016:0210;0;0;0;0;7,08;0,28;0
20211016:0310;0;0;0;0;6,82;0,28;0
20211016:0410;0;0;0;0;6,54;0,28;0
20211016:0510;0;0;0;0;6,21;0,28;0
20211016:0610;0;0;0,91;1,51;5,71;0,34;0
20211016:0710;68,83;0,06883;95,58;10,26;5,8;0,83;0
20211016:0810;124,91;0,12491;158,56;18,04;6,4;1,03;0
20211016:0910;98,32;0,09832;129,6;24,33;7,25;1,1;0
20211016:1010;160,23;0,16023;200,46;28,57;8,3;1,03;0
20211016:1110;541,7;0,5417;659,07;30,24;9,15;0,76;0
20211016:1210;690,24;0,69024;871,73;29,13;10,22;0,41;0
20211016:1310;575,43;0,57543;720,35;25,37;11,08;0;0
20211016:1410;442,97;0,44297;543,16;19,45;11,34;0,28;0
20211016:1510;118,75;0,11875;156,7;11,93;11,34;0,62;0
20211016:1610;6,33;0,00633;18,53;3,33;10,83;0,9;0
20211016:1710;0;0;0;0;10,02;1,17;0
20211016:1810;0;0;0;0;9,32;1,17;0
20211016:1910;0;0;0;0;8,01;0,97;0
20211016:2010;0;0;0;0;7,34;1,17;0
20211016:2110;0;0;0;0;6,56;1,31;0
20211016:2210;0;0;0;0;5,76;1,45;0
20211016:2310;0;0;0;0;5,69;1,38;0
20211017:0010;0;0;0;0;5,7;1,31;0
20211017:0110;0;0;0;0;5,64;1,31;0
20211017:0210;0;0;0;0;5,42;1,38;0
20211017:0310;0;0;0;0;5,48;1,31;0
20211017:0410;0;0;0;0;5,51;1,17;0
20211017:0510;0;0;0;0;5,3;1,17;0
20211017:0610;0;0;0;0;5,07;1,24;0
20211017:0710;187,7;0,1877;232,24;9,98;6,21;1,24;0
20211017:0810;435,42;0,43542;522,22;17,74;8,65;0,83;0
20211017:0910;506,32;0,50632;611,72;24,01;10,37;1,24;0
20211017:1010;602,36;0,60236;740,4;28,22;11,46;1,31;0
20211017:1110;442,37;0,44237;536,02;29,88;12,65;1,79;0
20211017:1210;569,63;0,56963;700,4;28,76;13,07;1,59;0
20211017:1310;408,58;0,40858;496,84;25,01;13,27;1,45;0
20211017:1410;254,24;0,25424;312,69;19,1;13,2;1,24;0
20211017:1510;135,44;0,13544;177,57;11,59;12,94;0,76;0
20211017:1610;3,3;0,0033;12,7;3,01;12,56;0,21;0
20211017:1710;0;0;0;0;10,56;1,31;0
20211017:1810;0;0;0;0;9,37;1,86;0
20211017:1910;0;0;0;0;8,01;2,07;0
20211017:2010;0;0;0;0;8,11;1,86;0
20211017:2110;0;0;0;0;8,17;2;0
20211017:2210;0;0;0;0;7,8;2,07;0
20211017:2310;0;0;0;0;7,2;2,14;0
20211018:0010;0;0;0;0;6,67;1,93;0
20211018:0110;0;0;0;0;6,03;1,59;0
20211018:0210;0;0;0;0;6,5;1,72;0
20211018:0310;0;0;0;0;6,42;2;0
20211018:0410;0;0;0;0;6,15;2,34;0
20211018:0510;0;0;0;0;6,11;2,34;0
20211018:0610;0;0;0;0;6,51;2,48;0
20211018:0710;198,18;0,19818;243,68;9,7;6,83;2,9;0
20211018:0810;356,38;0,35638;418,63;17,44;8,01;2,97;0
20211018:0910;434,38;0,43438;510,75;23,68;9,51;3,45;0
20211018:1010;619,62;0,61962;738,02;27,87;10,78;3,86;0
20211018:1110;409,08;0,40908;486,58;29,51;12,06;4;0
20211018:1210;670,4;0,6704;809,89;28,39;13,05;4,07;0
20211018:1310;403,19;0,40319;482,56;24,65;13,83;4,14;0
20211018:1410;119,5;0,1195;156,81;18,76;14,19;3,72;0
20211018:1510;41,7;0,0417;65,41;11,26;13,83;3,38;0
20211018:1610;3,29;0,00329;12,7;2,69;13,05;3,31;0
20211018:1710;0;0;0;0;12,1;3,17;0
20211018:1810;0;0;0;0;11,39;3,03;0
20211018:1910;0;0;0;0;10,38;3,45;0
20211018:2010;0;0;0;0;10,14;3,72;0
20211018:2110;0;0;0;0;10,4;3,38;0
20211018:2210;0;0;0;0;10,83;2,76;0
20211018:2310;0;0;0;0;11,16;3,17;0
20211019:0010;0;0;0;0;11,7;3,24;0
20211019:0110;0;0;0;0;11,94;3,17;0
20211019:0210;0;0;0;0;12,32;3,24;0
20211019:0310;0;0;0;0;12,51;3,31;0
20211019:0410;0;0;0;0;12,58;3,24;0
20211019:0510;0;0;0;0;12,8;3,31;0
20211019:0610;0;0;0;0;13,13;3,31;0
20211019:0710;11,37;0,01137;25,46;9,43;12,42;3,24;0
20211019:0810;44,96;0,04496;69,11;17,14;12,92;3,1;0
20211019:0910;29,52;0,02952;50,02;23,36;13,55;3,03;0
20211019:1010;71,71;0,07171;101,85;27,52;14,55;2,97;0
20211019:1110;29,91;0,02991;50,93;29,15;15,66;3,1;0
20211019:1210;82,19;0,08219;115,49;28,02;17,12;3,03;0
20211019:1310;36,62;0,03662;60,02;24,29;17,98;3,24;0
20211019:1410;35,87;0,03587;59,11;18,41;18,22;3,45;0
20211019:1510;36,5;0,0365;60,04;10,94;18,41;3,24;0
20211019:1610;1,09;0,00109;8,47;2,38;17,84;3,17;0
20211019:1710;0;0;0;0;16,59;2,97;0
20211019:1810;0;0;0;0;15,67;3,1;0
20211019:1910;0;0;0;0;14,65;3,38;0
20211019:2010;0;0;0;0;14,45;3,86;0
20211019:2110;0;0;0;0;14,5;4,14;0
20211019:2210;0;0;0;0;14,51;4,14;0
20211019:2310;0;0;0;0;14,37;4,21;0
20211020:0010;0;0;0;0;14,42;4,21;0
20211020:0110;0;0;0;0;14,67;4,28;0
20211020:0210;0;0;0;0;14,81;4,21;0
20211020:0310;0;0;0;0;14,85;4,14;0
20211020:0410;0;0;0;0;14,67;4,07;0
20211020:0510;0;0;0;0;14,74;4,28;0
20211020:0610;0;0;0;0;14,72;4,69;0
20211020:0710;31,63;0,03163;53,05;9,15;15,05;4,55;0
20211020:0810;43,65;0,04365;68,2;16,84;15,77;4,97;0
20211020:0910;30,6;0,0306;51,83;23,03;15,98;5,45;0
20211020:1010;58,23;0,05823;86,39;27,17;16,94;5,66;0
20211020:1110;24,08;0,02408;43,65;28,79;17,81;5,79;0
20211020:1210;79,87;0,07987;112,76;27,66;17,94;6,41;0
20211020:1310;14,8;0,0148;30,92;23,94;17,79;6,34;0
20211020:1410;28,16;0,02816;49,11;18,08;18,29;6,48;0
20211020:1510;39,58;0,03958;63,95;10,61;18,54;6;0
20211020:1610;0;0;5,08;2,07;18,05;5,45;0
20211020:1710;0;0;0;0;17,78;5,24;0
20211020:1810;0;0;0;0;17,37;5,17;0
20211020:1910;0;0;0;0;15,65;4,97;0
20211020:2010;0;0;0;0;15,26;4,69;0
20211020:2110;0;0;0;0;15,21;4,83;0
20211020:2210;0;0;0;0;15,2;5,03;0
20211020:2310;0;0;0;0;15,01;5,79;0
20211021:0010;0;0;0;0;15,32;7,38;0
20211021:0110;0;0;0;0;15,47;8,41;0
20211021:0210;0;0;0;0;13,66;8,07;0
20211021:0310;0;0;0;0;12,27;8,07;0
20211021:0410;0;0;0;0;11,5;8,69;0
20211021:0510;0;0;0;0;10,94;9,45;0
20211021:0610;0;0;0;0;10,72;8,83;0
20211021:0710;1,47;0,00147;9,09;8,87;10,06;11,17;0
20211021:0810;107,34;0,10734;139,47;16,54;9,91;9,31;0
20211021:0910;518,7;0,5187;600,16;22,71;10,38;8,07;0
20211021:1010;42,45;0,04245;65,48;26,83;11,34;8,55;0
20211021:1110;446,43;0,44643;523,1;28,43;12,07;7,52;0
20211021:1210;29,06;0,02906;49,11;27,3;12,25;7,03;0
20211021:1310;40,23;0,04023;62,75;23,59;11,2;8,48;0
20211021:1410;23,67;0,02367;41,83;17,74;10,09;7,59;0
20211021:1510;20,25;0,02025;37,28;10,3;9,37;6,34;0
20211021:1610;0,11;0,00011;5,93;1,76;9,12;5,03;0
20211021:1710;0;0;0;0;8,38;5,1;0
20211021:1810;0;0;0;0;7,72;4,21;0
20211021:1910;0;0;0;0;7,16;3,03;0
20211021:2010;0;0;0;0;6,76;3,24;0
20211021:2110;0;0;0;0;6,57;3,45;0
20211021:2210;0;0;0;0;6,47;3,59;0
20211021:2310;0;0;0;0;6,36;3,52;0
20211022:0010;0;0;0;0;5,99;3,31;0
20211022:0110;0;0;0;0;5,81;3,31;0
20211022:0210;0;0;0;0;5,69;3,45;0
20211022:0310;0;0;0;0;5,52;3,86;0
20211022:0410;0;0;0;0;5,63;4,21;0
20211022:0510;0;0;0;0;5,58;4,41;0
20211022:0610;0;0;0;0;5,51;4,69;0
20211022:0710;198,74;0,19874;242,62;8,59;5,89;4,83;0
20211022:0810;422,89;0,42289;488,6;16,24;6,83;4,83;0
20211022:0910;235,21;0,23521;280,01;22,39;8,31;5,45;0
20211022:1010;214,26;0,21426;258,41;26,49;9,45;6,41;0
20211022:1110;257,64;0,25764;307,02;28,08;10,42;8;0
20211022:1210;180,54;0,18054;222,38;26,94;10,9;7,93;0
20211022:1310;44,78;0,04478;68,2;23,25;10,81;6,48;0
20211022:1410;32,19;0,03219;52,74;17,41;10,58;5,72;0
20211022:1510;19,47;0,01947;36,38;9,98;10,25;6;0
20211022:1610;0;0;0,85;1,46;9,8;5,38;0
20211022:1710;0;0;0;0;9,41;4,83;0
20211022:1810;0;0;0;0;8,98;4,14;0
20211022:1910;0;0;0;0;8,99;3,66;0
20211022:2010;0;0;0;0;8,54;3,03;0
20211022:2110;0;0;0;0;7,87;2,62;0
20211022:2210;0;0;0;0;7,26;2,28;0
20211022:2310;0;0;0;0;6,54;2,21;0
20211023:0010;0;0;0;0;6,31;2,21;0
20211023:0110;0;0;0;0;6,15;2,14;0
20211023:0210;0;0;0;0;6,07;2;0
20211023:0310;0;0;0;0;6,09;1,86;0
20211023:0410;0;0;0;0;5,83;1,66;0
20211023:0510;0;0;0;0;5,31;1,24;0
20211023:0610;0;0;0;0;4,47;1,45;0
20211023:0710;51,34;0,05134;75,26;8,32;6,16;1,52;0
20211023:0810;194,7;0,1947;237,19;15,95;8,25;1,86;0
20211023:0910;200,21;0,20021;244,25;22,07;9,11;2,21;0
20211023:1010;91,9;0,0919;123,68;26,15;10,14;1,66;0
20211023:1110;124,3;0,1243;161,6;27,72;10,79;0,83;0
20211023:1210;58,69;0,05869;85,48;26,59;11,47;0,41;0
20211023:1310;38,44;0,03844;60,93;22,9;11,67;0,55;0
20211023:1410;61,55;0,06155;88,91;17,08;11,78;0,69;0
20211023:1510;112,93;0,11293;150,6;9,67;11,59;0,69;0
20211023:1610;0;0;0;0;10,74;1,52;0
20211023:1710;0;0;0;0;9,35;2,21;0
20211023:1810;0;0;0;0;8,26;2,48;0
20211023:1910;0;0;0;0;7,5;2,28;0
20211023:2010;0;0;0;0;6,77;2,34;0
20211023:2110;0;0;0;0;6,27;2,41;0
20211023:2210;0;0;0;0;5,88;2,34;0
20211023:2310;0;0;0;0;5,58;2,48;0
20211024:0010;0;0;0;0;5,46;2,62;0
20211024:0110;0;0;0;0;5,29;2,55;0
20211024:0210;0;0;0;0;5,01;2,48;0
20211024:0310;0;0;0;0;4,67;2,62;0
20211024:0410;0;0;0;0;4,52;2,83;0
20211024:0510;0;0;0;0;4,48;2,97;0
20211024:0610;0;0;0;0;4,39;2,97;0
20211024:0710;195,98;0,19598;238,99;8,04;4,69;3,72;0
20211024:0810;440,51;0,44051;510,45;15,65;6,14;3,59;0
20211024:0910;587;0,587;683,9;21,75;7,94;4,48;0
20211024:1010;679,26;0,67926;801,66;25,81;9,51;4,83;0
20211024:1110;708,12;0,70812;844,67;27,37;10,88;4,76;0
20211024:1210;691,23;0,69123;829,17;26,24;11,98;4,48;0
20211024:1310;577;0,577;690,5;22,56;12,75;4;0
20211024:1410;425,76;0,42576;510,45;16,76;13,05;3,52;0
20211024:1510;193,17;0,19317;245,11;9,36;12,58;3,03;0
20211024:1610;0;0;0;0;11,12;3,31;0
20211024:1710;0;0;0;0;9,75;3,45;0
20211024:1810;0;0;0;0;8,91;3,38;0
20211024:1910;0;0;0;0;8,04;3,45;0
20211024:2010;0;0;0;0;7,53;3,31;0
20211024:2110;0;0;0;0;7,14;3,03;0
20211024:2210;0;0;0;0;6,72;2,76;0
20211024:2310;0;0;0;0;6,27;2,62;0
20211025:0010;0;0;0;0;5,85;2,48;0
20211025:0110;0;0;0;0;5,47;2,41;0
20211025:0210;0;0;0;0;5,12;2,41;0
20211025:0310;0;0;0;0;4,85;2,48;0
20211025:0410;0;0;0;0;4,66;2,55;0
20211025:0510;0;0;0;0;4,56;2,62;0
20211025:0610;0;0;0;0;4,54;2,69;0
20211025:0710;190,53;0,19053;233,92;7,76;5,11;2,83;0
20211025:0810;413;0,413;483,08;15,35;7,04;2,69;0
20211025:0910;550,29;0,55029;652,27;21,43;9,54;2,9;0
20211025:1010;659,79;0,65979;799,2;25,47;11,76;2,97;0
20211025:1110;583,6;0,5836;707,96;27,03;13,4;2,97;0
20211025:1210;434,92;0,43492;525,1;25,9;14,16;2,9;0
20211025:1310;281,22;0,28122;343,32;22,23;14,68;2,76;0
20211025:1410;107,56;0,10756;143,44;16,44;14,27;1,93;0
20211025:1510;30,84;0,03084;51,91;9,06;13,86;1,93;0
20211025:1610;0;0;0;0;12,9;2,07;0
20211025:1710;0;0;0;0;12,18;2,14;0
20211025:1810;0;0;0;0;11,69;2,28;0
20211025:1910;0;0;0;0;10,86;2,62;0
20211025:2010;0;0;0;0;10,8;2,55;0
20211025:2110;0;0;0;0;10,39;2,62;0
20211025:2210;0;0;0;0;10,16;2,55;0
20211025:2310;0;0;0;0;9,88;2,41;0
20211026:0010;0;0;0;0;9,35;2,41;0
20211026:0110;0;0;0;0;9,38;2,34;0
20211026:0210;0;0;0;0;9,2;2,41;0
20211026:0310;0;0;0;0;9,19;2,41;0
20211026:0410;0;0;0;0;9,33;2,34;0
20211026:0510;0;0;0;0;9,33;2,41;0
20211026:0610;0;0;0;0;9,62;2,55;0
20211026:0710;96,65;0,09665;129,47;7,49;8,79;2,28;0
20211026:0810;101,17;0,10117;133,23;15,06;9,74;2,28;0
20211026:0910;500,65;0,50065;595,95;21,12;11,12;2,9;0
20211026:1010;286,51;0,28651;345,42;25,14;12,27;3,1;0
20211026:1110;457,24;0,45724;549,75;26,68;13,4;3,03;0
20211026:1210;342,06;0,34206;412,84;25,55;14,13;3,31;0
20211026:1310;201,69;0,20169;250,23;21,9;14,51;4,41;0
20211026:1410;241,23;0,24123;295,53;16,13;14,24;3,79;0
20211026:1510;59,81;0,05981;87,9;8,76;13,71;3,59;0
20211026:1610;0;0;0;0;13,02;3,24;0
20211026:1710;0;0;0;0;12,65;3,1;0
20211026:1810;0;0;0;0;12,33;3,1;0
20211026:1910;0;0;0;0;11,68;2,97;0
20211026:2010;0;0;0;0;11,72;2,97;0
20211026:2110;0;0;0;0;11,66;2,97;0
20211026:2210;0;0;0;0;11,82;3,03;0
20211026:2310;0;0;0;0;12,04;3,17;0
20211027:0010;0;0;0;0;12,2;3,17;0
20211027:0110;0;0;0;0;12;3,03;0
20211027:0210;0;0;0;0;12;2,76;0
20211027:0310;0;0;0;0;11,51;2,48;0
20211027:0410;0;0;0;0;11,38;2,21;0
20211027:0510;0;0;0;0;11,15;2,21;0
20211027:0610;0;0;0;0;10,8;2,41;0
20211027:0710;47,86;0,04786;72,62;7,22;11,17;2,41;0
20211027:0810;189,19;0,18919;234,32;14,77;12,08;2,41;0
20211027:0910;61,51;0,06151;89,12;20,8;13,14;3,31;0
20211027:1010;52,94;0,05294;79,12;24,81;14,13;4,07;0
20211027:1110;130,33;0,13033;170,19;26,34;15,02;4;0
20211027:1210;523,12;0,52312;633,77;25,21;15,52;3,72;0
20211027:1310;491,56;0,49156;594,93;21,57;15,49;3,52;0
20211027:1410;203,34;0,20334;254,09;15,81;15,49;2,97;0
20211027:1510;119,14;0,11914;160,19;8,47;15,18;2,41;0
20211027:1610;0;0;0;0;14,07;2,34;0
20211027:1710;0;0;0;0;12,68;2,69;0
20211027:1810;0;0;0;0;11,88;2,83;0
20211027:1910;0;0;0;0;11;2,48;0
20211027:2010;0;0;0;0;10,3;2,34;0
20211027:2110;0;0;0;0;9,78;2,34;0
20211027:2210;0;0;0;0;9,45;2,55;0
20211027:2310;0;0;0;0;9,29;2,69;0
20211028:0010;0;0;0;0;9,16;2,69;0
20211028:0110;0;0;0;0;9;2,83;0
20211028:0210;0;0;0;0;8,86;2,9;0
20211028:0310;0;0;0;0;8,71;2,97;0
20211028:0410;0;0;0;0;8,51;2,97;0
20211028:0510;0;0;0;0;8,25;3,03;0
20211028:0610;0;0;0;0;8,05;3,1;0
20211028:0710;125,13;0,12513;161,61;6,94;7,86;3,59;0
20211028:0810;404,16;0,40416;473,11;14,47;8,46;3,72;0
20211028:0910;543,93;0,54393;638,67;20,49;9,5;4;0
20211028:1010;664,61;0,66461;791,85;24,48;10,74;4,14;0
20211028:1110;676,18;0,67618;810,22;26;11,63;4,21;0
20211028:1210;662,5;0,6625;794,42;24,88;12,59;4,48;0
20211028:1310;552,1;0,5521;657,52;21,25;12,99;4,55;0
20211028:1410;393,89;0,39389;470,75;15,51;13,24;4,34;0
20211028:1510;154,54;0,15454;200,12;8,17;12,88;3,72;0
20211028:1610;0;0;0;0;11,77;3,79;0
20211028:1710;0;0;0;0;10,74;3,93;0
20211028:1810;0;0;0;0;10,25;4;0
20211028:1910;0;0;0;0;9,78;4,28;0
20211028:2010;0;0;0;0;9,61;4,21;0
20211028:2110;0;0;0;0;9,55;4,14;0
20211028:2210;0;0;0;0;9,52;4,28;0
20211028:2310;0;0;0;0;9,54;4,34;0
20211029:0010;0;0;0;0;9,59;4,21;0
20211029:0110;0;0;0;0;9,59;4;0
20211029:0210;0;0;0;0;9,57;3,93;0
20211029:0310;0;0;0;0;9,51;4;0
20211029:0410;0;0;0;0;9,53;4,07;0
20211029:0510;0;0;0;0;9,61;4,14;0
20211029:0610;0;0;0;0;9,76;4,28;0
20211029:0710;68;0,068;96,38;6,67;10,05;4,69;0
20211029:0810;104,38;0,10438;137,01;14,18;10,95;4,62;0
20211029:0910;523,98;0,52398;621,46;20,18;12,03;4,14;0
20211029:1010;205,55;0,20555;253,6;24,15;13,54;4,69;0
20211029:1110;451,76;0,45176;540,62;25,67;14,55;4,69;0
20211029:1210;554,99;0,55499;666,52;24,55;15,01;4,9;0
20211029:1310;233,62;0,23362;288,55;20,93;16,1;4,14;0
20211029:1410;377,97;0,37797;457,59;15,21;16,2;4,69;0
20211029:1510;137,19;0,13719;182,15;7,89;16,17;4,55;0
20211029:1610;0;0;0;0;15,14;4,14;0
20211029:1710;0;0;0;0;14,04;3,86;0
20211029:1810;0;0;0;0;13,27;3,93;0
20211029:1910;0;0;0;0;13,2;4,14;0
20211029:2010;0;0;0;0;12,99;3,86;0
20211029:2110;0;0;0;0;12,71;3,52;0
20211029:2210;0;0;0;0;12,36;3,38;0
20211029:2310;0;0;0;0;12,3;3,72;0
20211030:0010;0;0;0;0;11,9;3,79;0
20211030:0110;0;0;0;0;11,42;3,86;0
20211030:0210;0;0;0;0;11,24;4,07;0
20211030:0310;0;0;0;0;11,11;4,34;0
20211030:0410;0;0;0;0;11,47;4,55;0
20211030:0510;0;0;0;0;11,95;4,62;0
20211030:0610;0;0;0;0;12,24;4,21;0
20211030:0710;3,86;0,00386;13,64;6,4;11,54;5,17;0
20211030:0810;8,97;0,00897;21,83;13,89;11,27;5,66;0
20211030:0910;34,94;0,03494;56,38;19,87;11,62;5,79;0
20211030:1010;29,86;0,02986;50,02;23,83;11,6;5,59;0
20211030:1110;30,67;0,03067;50,93;25,34;11,03;5,66;0
20211030:1210;67,74;0,06774;95,49;24,22;10,9;5,59;0
20211030:1310;60,76;0,06076;87,3;20,61;10,95;5,66;0
20211030:1410;114,2;0,1142;148,21;14,91;11,25;5,66;0
20211030:1510;46,88;0,04688;71,56;7,61;11,67;5,66;0
20211030:1610;0;0;0;0;11,7;5,45;0
20211030:1710;0;0;0;0;11,65;5,38;0
20211030:1810;0;0;0;0;11,69;5,1;0
20211030:1910;0;0;0;0;12,18;4,48;0
20211030:2010;0;0;0;0;12,68;4,69;0
20211030:2110;0;0;0;0;13,04;4,21;0
20211030:2210;0;0;0;0;12,97;3,24;0
20211030:2310;0;0;0;0;12,61;2,21;0
20211031:0010;0;0;0;0;11,81;2,07;0
20211031:0110;0;0;0;0;11,18;2,14;0
20211031:0210;0;0;0;0;11,56;2,21;0
20211031:0310;0;0;0;0;11,66;2,41;0
20211031:0410;0;0;0;0;11,19;2,55;0
20211031:0510;0;0;0;0;11,02;2,76;0
20211031:0610;0;0;0;0;11,06;3,17;0
20211031:0710;26,88;0,02688;46,4;6,13;10,92;3,31;0
20211031:0810;170,16;0,17016;211,58;13,61;11,78;3,93;0
20211031:0910;242,89;0,24289;294,2;19,57;12,92;4,69;0
20211031:1010;152,01;0,15201;193,48;23,51;14,07;5,03;0
20211031:1110;298,82;0,29882;361,05;25,01;15,21;5,79;0
20211031:1210;69,79;0,06979;100,03;23,9;16,28;5,93;0
20211031:1310;51,58;0,05158;78,21;20,3;16,61;4,9;0
20211031:1410;34,05;0,03405;56,38;14,61;16,62;4,9;0
20211031:1510;12,36;0,01236;27,28;7,33;16,48;5,1;0
20211031:1610;0;0;0;0;16,55;5,52;0
20211031:1710;0;0;0;0;16,58;6,07;0
20211031:1810;0;0;0;0;16,55;6,41;0
20211031:1910;0;0;0;0;16,19;7,24;0
20211031:2010;0;0;0;0;15,44;6,07;0
20211031:2110;0;0;0;0;14,65;4,62;0
20211031:2210;0;0;0;0;13,74;3,31;0
20211031:2310;0;0;0;0;13;2,55;0
20211101:0010;0;0;0;0;12,26;2,48;0
20211101:0110;0;0;0;0;11,53;2,9;0
20211101:0210;0;0;0;0;11,15;3,1;0
20211101:0310;0;0;0;0;10,75;3,03;0
20211101:0410;0;0;0;0;10,33;3,03;0
20211101:0510;0;0;0;0;9,84;3,31;0
20211101:0610;0;0;0;0;9,52;3,59;0
20211101:0710;156,02;0,15602;198,41;5,86;9,04;4,07;0
20211101:0810;404,95;0,40495;476,07;13,32;9,93;4,28;0
20211101:0910;253,4;0,2534;303,58;19,26;10,91;4,48;0
20211101:1010;422,6;0,4226;498,12;23,19;11,65;4,9;0
20211101:1110;616,86;0,61686;733,1;24,69;12,52;5,24;0
20211101:1210;521,98;0,52198;618,99;23,58;12,88;5,03;0
20211101:1310;442,25;0,44225;524,2;19,99;13;4,9;0
20211101:1410;306,19;0,30619;367,78;14,33;12,86;4,28;0
20211101:1510;139,35;0,13935;182,45;7,06;12,39;3,45;0
20211101:1610;0;0;0;0;11,24;3,03;0
20211101:1710;0;0;0;0;10,27;2,97;0
20211101:1810;0;0;0;0;9,76;3,24;0
20211101:1910;0;0;0;0;9,01;2,69;0
20211101:2010;0;0;0;0;8,62;2,62;0
20211101:2110;0;0;0;0;8,36;2,69;0
20211101:2210;0;0;0;0;8,33;2,55;0
20211101:2310;0;0;0;0;7,97;2,48;0
20211102:0010;0;0;0;0;7,51;2,41;0
20211102:0110;0;0;0;0;7,75;2,28;0
20211102:0210;0;0;0;0;7,99;2,07;0
20211102:0310;0;0;0;0;8,08;2;0
20211102:0410;0;0;0;0;8,06;1,93;0
20211102:0510;0;0;0;0;8,03;1,79;0
20211102:0610;0;0;0;0;7,89;1,86;0
20211102:0710;39,73;0,03973;61,75;5,59;6,51;2,48;0
20211102:0810;120,48;0,12048;153,21;13,04;7,28;2,34;0
20211102:0910;32,55;0,03255;52,74;18,96;8,09;2,83;0
20211102:1010;49;0,049;72,75;22,88;8,52;3,03;0
20211102:1110;268,79;0,26879;320,27;24,37;8,86;2,97;0
20211102:1210;413,78;0,41378;486,17;23,26;9,01;3,1;0
20211102:1310;181,36;0,18136;222,39;19,69;9,11;2,97;0
20211102:1410;72,08;0,07208;99,81;14,04;9,21;2,69;0
20211102:1510;73,78;0,07378;103,4;6,79;9,02;2,48;0
20211102:1610;0;0;0;0;8,05;2,55;0
20211102:1710;0;0;0;0;7,41;2,34;0
20211102:1810;0;0;0;0;6,78;2,28;0
20211102:1910;0;0;0;0;7,32;2,21;0
20211102:2010;0;0;0;0;6,7;2;0
20211102:2110;0;0;0;0;6,43;1,93;0
20211102:2210;0;0;0;0;5,67;1,79;0
20211102:2310;0;0;0;0;5,15;2,07;0
20211103:0010;0;0;0;0;4,6;2;0
20211103:0110;0;0;0;0;4,32;2;0
20211103:0210;0;0;0;0;4,46;1,93;0
20211103:0310;0;0;0;0;4,74;2,07;0
20211103:0410;0;0;0;0;5,08;2,07;0
20211103:0510;0;0;0;0;5,42;2,21;0
20211103:0610;0;0;0;0;5,81;2,21;0
20211103:0710;13,47;0,01347;27,91;5,32;5,79;1,66;0
20211103:0810;26,22;0,02622;44,56;12,75;6,32;1,66;0
20211103:0910;37,95;0,03795;59,11;18,66;6,92;2,34;0
20211103:1010;40,89;0,04089;62,75;22,56;7,32;2,69;0
20211103:1110;48,52;0,04852;71,84;24,05;7,24;2,55;0
20211103:1210;32,69;0,03269;52,74;22,95;7,11;1,86;0
20211103:1310;21,15;0,02115;38,19;19,4;7,03;1,38;0
20211103:1410;5,62;0,00562;16,37;13,76;6,92;1,1;0
20211103:1510;77,45;0,07745;107,08;6,53;6,83;1,31;0
20211103:1610;0;0;0;0;6,55;1,93;0
20211103:1710;0;0;0;0;6,31;2,21;0
20211103:1810;0;0;0;0;6,14;2,14;0
20211103:1910;0;0;0;0;7,2;2,28;0
20211103:2010;0;0;0;0;7,09;2,48;0
20211103:2110;0;0;0;0;6,78;2,55;0
20211103:2210;0;0;0;0;6,65;2,55;0
20211103:2310;0;0;0;0;6,55;2,55;0
20211104:0010;0;0;0;0;6,39;2,41;0
20211104:0110;0;0;0;0;6,19;2,62;0
20211104:0210;0;0;0;0;6,02;2,76;0
20211104:0310;0;0;0;0;5,93;2,62;0
20211104:0410;0;0;0;0;5,81;2,48;0
20211104:0510;0;0;0;0;5,67;2,41;0
20211104:0610;0;0;0;0;5,57;2,48;0
20211104:0710;64,98;0,06498;91,77;5,06;5,55;2,55;0
20211104:0810;137,92;0,13792;170,99;12,47;5,69;3,52;0
20211104:0910;35,81;0,03581;56,38;18,37;6,53;3,66;0
20211104:1010;54,05;0,05405;78,21;22,26;6,98;3,79;0
20211104:1110;37,9;0,0379;59,11;23,74;7,38;3,72;0
20211104:1210;21,12;0,02112;38,19;22,65;7,52;3,52;0
20211104:1310;16,27;0,01627;31,83;19,11;7,8;2,9;0
20211104:1410;9,14;0,00914;21,83;13,49;8,04;3,45;0
20211104:1510;2,43;0,00243;10,91;6,28;7,88;2,76;0
20211104:1610;0;0;0;0;7,41;2,14;0
20211104:1710;0;0;0;0;7,04;1,66;0
20211104:1810;0;0;0;0;6,76;1,45;0
20211104:1910;0;0;0;0;6,82;1,79;0
20211104:2010;0;0;0;0;6,74;1,45;0
20211104:2110;0;0;0;0;6,65;1,17;0
20211104:2210;0;0;0;0;6,68;1,24;0
20211104:2310;0;0;0;0;6,52;1,17;0
20211105:0010;0;0;0;0;6,4;1,24;0
20211105:0110;0;0;0;0;6,46;1,38;0
20211105:0210;0;0;0;0;6,32;1,59;0
20211105:0310;0;0;0;0;6,02;1,79;0
20211105:0410;0;0;0;0;6,06;1,93;0
20211105:0510;0;0;0;0;6,35;2,14;0
20211105:0610;0;0;0;0;6,44;1,93;0
20211105:0710;34,5;0,0345;55,38;4,8;6,17;2,34;0
20211105:0810;108,92;0,10892;139,74;12,19;6,59;2,97;0
20211105:0910;37,14;0,03714;58,2;18,07;7,38;3,17;0
20211105:1010;46,8;0,0468;70,02;21,95;8,2;3,31;0
20211105:1110;101,32;0,10132;133,51;23,43;9,22;3,24;0
20211105:1210;53,29;0,05329;78,21;22,35;9,69;2,97;0
20211105:1310;94,56;0,09456;125,97;18,82;9,9;2,83;0
20211105:1410;63,38;0,06338;90,08;13,22;10,14;2,48;0
20211105:1510;45,68;0,04568;70,03;6,03;9,9;2,07;0
20211105:1610;0;0;0;0;9,15;2,07;0
20211105:1710;0;0;0;0;8,57;2,07;0
20211105:1810;0;0;0;0;7,67;2,14;0
20211105:1910;0;0;0;0;6,99;2,14;0
20211105:2010;0;0;0;0;6,72;2,14;0
20211105:2110;0;0;0;0;6,58;2,07;0
20211105:2210;0;0;0;0;6,36;2,14;0
20211105:2310;0;0;0;0;6,45;2,14;0
20211106:0010;0;0;0;0;6,42;2,14;0
20211106:0110;0;0;0;0;6,11;2,21;0
20211106:0210;0;0;0;0;5,59;2,34;0
20211106:0310;0;0;0;0;5,57;2,34;0
20211106:0410;0;0;0;0;5,38;2,28;0
20211106:0510;0;0;0;0;5,02;2,34;0
20211106:0610;0;0;0;0;4,63;2,41;0
20211106:0710;66,7;0,0667;93,59;4,53;4,43;2,34;0
20211106:0810;211,6;0,2116;252,17;11,92;5,41;2,48;0
20211106:0910;401,25;0,40125;467,15;17,78;6,92;2,76;0
20211106:1010;517,93;0,51793;607,89;21,65;8,17;2,97;0
20211106:1110;632,19;0,63219;751,96;23,13;9,32;3,17;0
20211106:1210;303,99;0,30399;361,04;22,05;10,22;3,45;0
20211106:1310;519,51;0,51951;615,23;18,54;10,7;3,38;0
20211106:1410;34,34;0,03434;55,47;12,96;10,58;2,97;0
20211106:1510;20,35;0,02035;37,84;5,78;10,33;3,03;0
20211106:1610;0;0;0;0;9,5;3,03;0
20211106:1710;0;0;0;0;9,13;3,38;0
20211106:1810;0;0;0;0;9,09;3,86;0
20211106:1910;0;0;0;0;8,74;4,21;0
20211106:2010;0;0;0;0;8,67;4,34;0
20211106:2110;0;0;0;0;8,48;4,48;0
20211106:2210;0;0;0;0;8,18;4,28;0
20211106:2310;0;0;0;0;8,24;4,76;0
20211107:0010;0;0;0;0;8,46;5,03;0
20211107:0110;0;0;0;0;8,7;5,1;0
20211107:0210;0;0;0;0;8,79;5,17;0
20211107:0310;0;0;0;0;8,83;5,24;0
20211107:0410;0;0;0;0;8,93;5,1;0
20211107:0510;0;0;0;0;9,11;4,9;0
20211107:0610;0;0;0;0;9,19;4,97;0
20211107:0710;0;0;3,64;4,27;9,34;5,03;0
20211107:0810;47,41;0,04741;70,92;11,64;9,55;4,69;0
20211107:0910;11,53;0,01153;25,46;17,5;9,97;4,69;0
20211107:1010;104,03;0,10403;136,73;21,35;10,27;4,97;0
20211107:1110;18,08;0,01808;34,56;22,83;10,44;4,9;0
20211107:1210;30,73;0,03073;50,93;21,76;10,62;5,24;0
20211107:1310;340,3;0,3403;400,16;18,26;10,61;5,24;0
20211107:1410;139,55;0,13955;175,82;12,7;10,12;4,9;0
20211107:1510;145,72;0,14572;188,37;5,54;9,67;5,24;0
20211107:1610;0;0;0;0;8,9;4,83;0
20211107:1710;0;0;0;0;8,17;4,41;0
20211107:1810;0;0;0;0;7,79;4,21;0
20211107:1910;0;0;0;0;7,72;4,41;0
20211107:2010;0;0;0;0;7,24;3,66;0
20211107:2110;0;0;0;0;7,05;3,52;0
20211107:2210;0;0;0;0;6,72;3,38;0
20211107:2310;0;0;0;0;6,62;3,1;0
20211108:0010;0;0;0;0;6,27;2,76;0
20211108:0110;0;0;0;0;6,18;2,55;0
20211108:0210;0;0;0;0;5,96;2,41;0
20211108:0310;0;0;0;0;5,83;2,34;0
20211108:0410;0;0;0;0;5,78;2,14;0
20211108:0510;0;0;0;0;5,61;2,07;0
20211108:0610;0;0;0;0;5,31;2,07;0
20211108:0710;9,93;0,00993;22,88;4,02;4,62;1,93;0
20211108:0810;54,73;0,05473;78,55;11,37;5,93;1,52;0
20211108:0910;37,82;0,03782;59,11;17,21;7,43;1,52;0
20211108:1010;159,29;0,15929;198,02;21,06;8,4;1,72;0
20211108:1110;137,29;0,13729;174,4;22,54;9,39;1,79;0
20211108:1210;142,46;0,14246;180,52;21,47;10,08;1,93;0
20211108:1310;24,29;0,02429;42,74;17,99;10,3;2,14;0
20211108:1410;17,39;0,01739;33,65;12,45;10,22;1,72;0
20211108:1510;3,38;0,00338;12,73;5,31;9,73;1,17;0
20211108:1610;0;0;0;0;9,07;1,31;0
20211108:1710;0;0;0;0;8,03;1,38;0
20211108:1810;0;0;0;0;7,77;1,52;0
20211108:1910;0;0;0;0;6,45;1,45;0
20211108:2010;0;0;0;0;5,84;1,59;0
20211108:2110;0;0;0;0;5,64;1,45;0
20211108:2210;0;0;0;0;5;1,45;0
20211108:2310;0;0;0;0;4,78;1,45;0
20211109:0010;0;0;0;0;4,62;1,17;0
20211109:0110;0;0;0;0;4,28;1,1;0
20211109:0210;0;0;0;0;3,98;1,38;0
20211109:0310;0;0;0;0;3,64;1,52;0
20211109:0410;0;0;0;0;3,36;1,45;0
20211109:0510;0;0;0;0;3,28;1,72;0
20211109:0610;0;0;0;0;3,49;1,93;0
20211109:0710;22,59;0,02259;40,15;3,76;4,13;1,93;0
20211109:0810;286,07;0,28607;335,79;11,11;4,99;1,72;0
20211109:0910;522,21;0,52221;615,37;16,93;7,3;2;0
20211109:1010;628,05;0,62805;751,78;20,77;9,04;2,34;0
20211109:1110;670,34;0,67034;806,67;22,25;10,13;2,83;0
20211109:1210;623,66;0,62366;747,02;21,19;10,6;2,97;0
20211109:1310;528,38;0,52838;630,45;17,72;10,73;2,55;0
20211109:1410;348,12;0,34812;416,61;12,2;10,57;2,14;0
20211109:1510;90,37;0,09037;124,41;5,08;9,79;1,79;0
20211109:1610;0;0;0;0;8,33;2,28;0
20211109:1710;0;0;0;0;7,15;2,28;0
20211109:1810;0;0;0;0;6,23;2,14;0
20211109:1910;0;0;0;0;5,63;2,41;0
20211109:2010;0;0;0;0;5,04;2,28;0
20211109:2110;0;0;0;0;4,52;2,34;0
20211109:2210;0;0;0;0;4,07;2,21;0
20211109:2310;0;0;0;0;3,52;2,14;0
20211110:0010;0;0;0;0;2,78;1,79;0
20211110:0110;0;0;0;0;2,09;1,86;0
20211110:0210;0;0;0;0;1,91;2,21;0
20211110:0310;0;0;0;0;1,7;2,07;0
20211110:0410;0;0;0;0;1,27;1,86;0
20211110:0510;0;0;0;0;0,97;1,72;0
20211110:0610;0;0;0;0;0,62;1,66;0
20211110:0710;0;0;2,73;3,51;0,44;1,66;0
20211110:0810;321,65;0,32165;371,64;10,84;1,75;1,38;0
20211110:0910;477,07;0,47707;560,22;16,65;4,7;0,9;0
20211110:1010;407,69;0,40769;479,27;20,49;6,24;1,17;0
20211110:1110;265,2;0,2652;315,9;21,96;7,54;1,59;0
20211110:1210;594,67;0,59467;719,26;20,92;8,17;1,03;0
20211110:1310;243,42;0,24342;294,15;17,46;8,56;0,41;0
20211110:1410;75,58;0,07558;103,77;11,96;8,64;0,62;0
20211110:1510;18,64;0,01864;35,38;4,85;8,13;1,31;0
20211110:1610;0;0;0;0;6,95;1,52;0
20211110:1710;0;0;0;0;5,17;1,38;0
20211110:1810;0;0;0;0;4,13;1,45;0
20211110:1910;0;0;0;0;2,58;1,52;0
20211110:2010;0;0;0;0;2,47;1,31;0
20211110:2110;0;0;0;0;1,39;2;0
20211110:2210;0;0;0;0;1,04;1,79;0
20211110:2310;0;0;0;0;2,11;1,03;0
20211111:0010;0;0;0;0;2,41;0,76;0
20211111:0110;0;0;0;0;1,49;1,1;0
20211111:0210;0;0;0;0;-0,43;1,38;0
20211111:0310;0;0;0;0;-0,51;0,97;0
20211111:0410;0;0;0;0;-0,66;0,83;0
20211111:0510;0;0;0;0;-0,35;0,9;0
20211111:0610;0;0;0;0;-0,18;0,83;0
20211111:0710;2,07;0,00207;10;3,26;0,34;0,97;0
20211111:0810;78,59;0,07859;103,76;10,58;0,93;0,76;0
20211111:0910;121,55;0,12155;151,76;16,38;2,21;0,9;0
20211111:1010;124,19;0,12419;155,89;20,21;3,6;1,1;0
20211111:1110;328,49;0,32849;384,28;21,68;4,76;1,17;0
20211111:1210;598,11;0,59811;716,86;20,64;5,88;0,9;0
20211111:1310;516,35;0,51635;616,92;17,21;6,73;0,69;0
20211111:1410;348,53;0,34853;416,03;11,72;7,12;0,48;0
20211111:1510;76,89;0,07689;107,45;4,64;6,9;0,48;0
20211111:1610;0;0;0;0;5,77;0,9;0
20211111:1710;0;0;0;0;4,56;1,66;0
20211111:1810;0;0;0;0;3,6;1,86;0
20211111:1910;0;0;0;0;3,2;1,66;0
20211111:2010;0;0;0;0;2,71;1,59;0
20211111:2110;0;0;0;0;2,25;1,86;0
20211111:2210;0;0;0;0;1,9;2,07;0
20211111:2310;0;0;0;0;1,59;2,07;0
20211112:0010;0;0;0;0;1,41;2,07;0
20211112:0110;0;0;0;0;1,2;1,86;0
20211112:0210;0;0;0;0;1,07;2;0
20211112:0310;0;0;0;0;1,11;2,28;0
20211112:0410;0;0;0;0;1,34;2,62;0
20211112:0510;0;0;0;0;1,46;2,83;0
20211112:0610;0;0;0;0;1,48;3,03;0
20211112:0710;2,05;0,00205;10;3,01;1,73;3,38;0
20211112:0810;68,35;0,06835;92,47;10,32;2,2;4,07;0
20211112:0910;105,02;0,10502;133,4;16,11;2,87;3,72;0
20211112:1010;627,45;0,62745;724,4;19,93;4,12;3,45;0
20211112:1110;677,27;0,67727;791,27;21,41;5,38;3,38;0
20211112:1210;639,16;0,63916;751,74;20,38;6,97;3,1;0
20211112:1310;436,89;0,43689;510,97;16,96;8,02;2,9;0
20211112:1410;266,43;0,26643;317,42;11,49;8,43;2,76;0
20211112:1510;43,31;0,04331;67,03;4,42;7,85;2,9;0
20211112:1610;0;0;0;0;6,74;3,17;0
20211112:1710;0;0;0;0;6,16;3,38;0
20211112:1810;0;0;0;0;5,91;3,59;0
20211112:1910;0;0;0;0;5,61;3,66;0
20211112:2010;0;0;0;0;5,56;3,38;0
20211112:2110;0;0;0;0;5,4;3,24;0
20211112:2210;0;0;0;0;6,14;3,31;0
20211112:2310;0;0;0;0;6,67;3,38;0
20211113:0010;0;0;0;0;6,7;3,17;0
20211113:0110;0;0;0;0;7,04;3,24;0
20211113:0210;0;0;0;0;7,57;3,52;0
20211113:0310;0;0;0;0;8,29;3,79;0
20211113:0410;0;0;0;0;8,69;3,86;0
20211113:0510;0;0;0;0;8,83;3,93;0
20211113:0610;0;0;0;0;8,91;3,86;0
20211113:0710;2,42;0,00242;10,91;2,76;8,23;3,45;0
20211113:0810;51,04;0,05104;74,84;10,06;8,43;3,17;0
20211113:0910;25,19;0,02519;43,65;15,84;8,86;2,76;0
20211113:1010;34,49;0,03449;55,47;19,66;9,59;2,34;0
20211113:1110;115;0,115;149,51;21,14;10,24;2,28;0
20211113:1210;26,33;0,02633;45,47;20,12;10,85;1,86;0
20211113:1310;24,87;0,02487;43,65;16,71;11,13;1,24;0
20211113:1410;24,23;0,02423;42,74;11,27;10,63;1,03;0
20211113:1510;0;0;3,64;4,22;10,23;0,9;0
20211113:1610;0;0;0;0;9,77;0,62;0
20211113:1710;0;0;0;0;9,93;0,21;0
20211113:1810;0;0;0;0;9,65;0,21;0
20211113:1910;0;0;0;0;8,63;1,03;0
20211113:2010;0;0;0;0;8,36;0,97;0
20211113:2110;0;0;0;0;8,13;1,03;0
20211113:2210;0;0;0;0;7,92;1,1;0
20211113:2310;0;0;0;0;7,82;0,97;0
20211114:0010;0;0;0;0;7,82;1,03;0
20211114:0110;0;0;0;0;7,79;1,24;0
20211114:0210;0;0;0;0;7,72;1,45;0
20211114:0310;0;0;0;0;7,76;1,45;0
20211114:0410;0;0;0;0;7,75;1,31;0
20211114:0510;0;0;0;0;7,36;1,45;0
20211114:0610;0;0;0;0;6,91;1,66;0
20211114:0710;0,29;0,00029;6,37;2,52;7,05;1,52;0
20211114:0810;111,14;0,11114;142,92;9,81;7,33;1,38;0
20211114:0910;42,18;0,04218;64,57;15,58;8,29;2,21;0
20211114:1010;56,49;0,05649;81,84;19,39;9,14;2,62;0
20211114:1110;131,19;0,13119;167,23;20,87;9,69;2,48;0
20211114:1210;72,66;0,07266;101,09;19,86;10,03;2,21;0
20211114:1310;51,6;0,0516;76,39;16,48;10,06;1,72;0
20211114:1410;29,98;0,02998;50,02;11,05;10,31;1,72;0
20211114:1510;15,71;0,01571;31,73;4,02;9,96;1,72;0
20211114:1610;0;0;0;0;9,48;2;0
20211114:1710;0;0;0;0;8,94;2,21;0
20211114:1810;0;0;0;0;8,76;2,34;0
20211114:1910;0;0;0;0;8,02;2,28;0
20211114:2010;0;0;0;0;7,45;2;0
20211114:2110;0;0;0;0;7,09;1,79;0
20211114:2210;0;0;0;0;6,4;1,93;0
20211114:2310;0;0;0;0;5,71;1,93;0
20211115:0010;0;0;0;0;5,35;1,66;0
20211115:0110;0;0;0;0;5,11;1,66;0
20211115:0210;0;0;0;0;4,56;1,93;0
20211115:0310;0;0;0;0;4,66;1,66;0
20211115:0410;0;0;0;0;5,13;1,38;0
20211115:0510;0;0;0;0;5;1,38;0
20211115:0610;0;0;0;0;5,34;1,31;0
20211115:0710;0;0;2,73;2,28;5,45;1,17;0
20211115:0810;23,35;0,02335;40,92;9,55;6,29;1,38;0
20211115:0910;18,4;0,0184;34,56;15,32;6,89;2,07;0
20211115:1010;24,68;0,02468;42,74;19,13;7,2;2,14;0
20211115:1110;25,37;0,02537;43,65;20,61;7,4;1,86;0
20211115:1210;26,77;0,02677;45,47;19,61;7,6;1,79;0
20211115:1310;21,78;0,02178;39,1;16,24;7,71;1,72;0
20211115:1410;10,39;0,01039;23,64;10,84;7,72;1,66;0
20211115:1510;2,43;0,00243;10,91;3,82;7,62;1,52;0
20211115:1610;0;0;0;0;7,31;1,17;0
20211115:1710;0;0;0;0;7,09;1,1;0
20211115:1810;0;0;0;0;6,84;1,1;0
20211115:1910;0;0;0;0;6,17;1,1;0
20211115:2010;0;0;0;0;6,08;1,03;0
20211115:2110;0;0;0;0;6,04;1,03;0
20211115:2210;0;0;0;0;6,04;0,97;0
20211115:2310;0;0;0;0;5,89;0,9;0
20211116:0010;0;0;0;0;5,7;0,97;0
20211116:0110;0;0;0;0;5,52;1,03;0
20211116:0210;0;0;0;0;5,44;0,97;0
20211116:0310;0;0;0;0;5,38;0,76;0
20211116:0410;0;0;0;0;5,51;0,48;0
20211116:0510;0;0;0;0;5,55;0,41;0
20211116:0610;0;0;0;0;5,2;0,69;0
20211116:0710;0;0;5,46;2,04;4,99;0,9;0
20211116:0810;11,81;0,01181;25,46;9,31;5,39;0,55;0
20211116:0910;14,41;0,01441;29,1;15,06;5,67;0,41;0
20211116:1010;21,96;0,02196;39,1;18,87;5,96;0,55;0
20211116:1110;25,49;0,02549;43,65;20,36;6,17;0,21;0
20211116:1210;24,76;0,02476;42,74;19,37;6,23;0,21;0
20211116:1310;20,51;0,02051;37,28;16,02;6,31;0,48;0
20211116:1410;26,92;0,02692;45,47;10,63;6,33;0,69;0
20211116:1510;0,68;0,00068;7,28;3,64;6,16;0,76;0
20211116:1610;0;0;0;0;6,01;0,41;0
20211116:1710;0;0;0;0;5,91;0,28;0
20211116:1810;0;0;0;0;5,79;0,28;0
20211116:1910;0;0;0;0;5,48;0,9;0
20211116:2010;0;0;0;0;5,32;1,1;0
20211116:2110;0;0;0;0;5,21;0,83;0
20211116:2210;0;0;0;0;5,11;0,48;0
20211116:2310;0;0;0;0;5;0,69;0
20211117:0010;0;0;0;0;4,95;0,97;0
20211117:0110;0;0;0;0;4,96;1,1;0
20211117:0210;0;0;0;0;4,98;1,31;0
20211117:0310;0;0;0;0;4,67;1,45;0
20211117:0410;0;0;0;0;4,7;1,31;0
20211117:0510;0;0;0;0;4,69;1,59;0
20211117:0610;0;0;0;0;4,53;1,66;0
20211117:0710;0;0;0,91;1,8;4,76;1,79;0
20211117:0810;22,09;0,02209;39,1;9,06;5,06;1,93;0
20211117:0910;68,96;0,06896;94,96;14,81;5,88;2,07;0
20211117:1010;47,84;0,04784;70,93;18,61;6,78;2,14;0
20211117:1110;29,71;0,02971;49,11;20,11;7,42;2;0
20211117:1210;18,29;0,01829;34,56;19,13;7,99;2;0
20211117:1310;14,21;0,01421;29,1;15,8;8,46;2,21;0
20211117:1410;7,3;0,0073;19,1;10,43;8,64;2,55;0
20211117:1510;15,79;0,01579;31,77;3,45;8,68;2,55;0
20211117:1610;0;0;0;0;8,57;2,41;0
20211117:1710;0;0;0;0;7,99;2,48;0
20211117:1810;0;0;0;0;7,44;2,48;0
20211117:1910;0;0;0;0;7,43;2,55;0
20211117:2010;0;0;0;0;7,03;2,41;0
20211117:2110;0;0;0;0;6,56;2,34;0
20211117:2210;0;0;0;0;6,33;2,28;0
20211117:2310;0;0;0;0;6,16;2,34;0
20211118:0010;0;0;0;0;5,96;2,28;0
20211118:0110;0;0;0;0;5,81;2,28;0
20211118:0210;0;0;0;0;5,55;2,41;0
20211118:0310;0;0;0;0;5,37;2,34;0
20211118:0410;0;0;0;0;5,24;2,21;0
20211118:0510;0;0;0;0;4,85;2,28;0
20211118:0610;0;0;0;0;4,87;2,34;0
20211118:0710;0;0;1,82;1,57;5,34;2,41;0
20211118:0810;46,29;0,04629;68,58;8,82;6,04;2,28;0
20211118:0910;95,24;0,09524;124,95;14,57;7,18;2,21;0
20211118:1010;438,28;0,43828;513,32;18,37;8,32;2,76;0
20211118:1110;547,25;0,54725;645,98;19,86;9,35;3,1;0
20211118:1210;430,54;0,43054;505,65;18,9;10,05;3,66;0
20211118:1310;308,42;0,30842;364,94;15,59;10,18;3,59;0
20211118:1410;166,96;0,16696;206,74;10,23;10,04;3,38;0
20211118:1510;39,42;0,03942;63,02;3,28;9,43;3,03;0
20211118:1610;0;0;0;0;8,69;2,9;0
20211118:1710;0;0;0;0;8,32;3,03;0
20211118:1810;0;0;0;0;8,26;3,24;0
20211118:1910;0;0;0;0;8,23;3,03;0
20211118:2010;0;0;0;0;8,21;3,03;0
20211118:2110;0;0;0;0;8,29;3,1;0
20211118:2210;0;0;0;0;8,49;3,24;0
20211118:2310;0;0;0;0;8,61;3,24;0
20211119:0010;0;0;0;0;8,75;3,17;0
20211119:0110;0;0;0;0;8,73;2,97;0
20211119:0210;0;0;0;0;8,88;2,83;0
20211119:0310;0;0;0;0;9,08;2,83;0
20211119:0410;0;0;0;0;9,21;2,83;0
20211119:0510;0;0;0;0;9,34;2,76;0
20211119:0610;0;0;0;0;9,35;2,83;0
20211119:0710;0;0;0,91;1,34;9,05;2,69;0
20211119:0810;15,48;0,01548;30,92;8,59;9,21;2,9;0
20211119:0910;17,47;0,01747;33,65;14,33;9,51;3,17;0
20211119:1010;25,07;0,02507;43,65;18,12;9,86;3,31;0
20211119:1110;26,45;0,02645;45,47;19,63;10,2;3,45;0
20211119:1210;26,42;0,02642;45,47;18,68;10,44;3,38;0
20211119:1310;40,26;0,04026;62,75;15,38;10,54;3,31;0
20211119:1410;6,63;0,00663;18,19;10,05;10,58;3,03;0
20211119:1510;0;0;2,73;3,11;10,52;2,83;0
20211119:1610;0;0;0;0;10,08;2,55;0
20211119:1710;0;0;0;0;10,04;2,55;0
20211119:1810;0;0;0;0;9,95;2,55;0
20211119:1910;0;0;0;0;10,03;2,62;0
20211119:2010;0;0;0;0;9,94;2,69;0
20211119:2110;0;0;0;0;9,74;2,69;0
20211119:2210;0;0;0;0;9,57;2,62;0
20211119:2310;0;0;0;0;9,26;2,28;0
20211120:0010;0;0;0;0;8,93;1,86;0
20211120:0110;0;0;0;0;8,66;1,38;0
20211120:0210;0;0;0;0;8,18;0,97;0
20211120:0310;0;0;0;0;7,9;1,03;0
20211120:0410;0;0;0;0;7,86;1,1;0
20211120:0510;0;0;0;0;7,88;1,1;0
20211120:0610;0;0;0;0;8,01;1,17;0
20211120:0710;0;0;0;0;8,64;1,24;0
20211120:0810;19,55;0,01955;36,38;8,36;8,99;1,38;0
20211120:0910;22,29;0,02229;40,01;14,09;9,39;2;0
20211120:1010;30,84;0,03084;50,93;17,88;9,53;2,14;0
20211120:1110;32,27;0,03227;52,74;19,39;9,76;2,48;0
20211120:1210;38,85;0,03885;60,93;18,46;10;2,41;0
20211120:1310;42,56;0,04256;65,48;15,18;10,03;2,07;0
20211120:1410;20,83;0,02083;38,19;9,86;10,04;1,93;0
20211120:1510;1,18;0,00118;8,47;2,95;9,72;1,38;0
20211120:1610;0;0;0;0;8,83;1,45;0
20211120:1710;0;0;0;0;7,86;1,66;0
20211120:1810;0;0;0;0;6,99;1,66;0
20211120:1910;0;0;0;0;5,96;1,59;0
20211120:2010;0;0;0;0;5,08;1,66;0
20211120:2110;0;0;0;0;4,42;1,79;0
20211120:2210;0;0;0;0;4,98;1,79;0
20211120:2310;0;0;0;0;5,52;1,93;0
20211121:0010;0;0;0;0;5,82;1,93;0
20211121:0110;0;0;0;0;6,11;2;0
20211121:0210;0;0;0;0;6,39;2;0
20211121:0310;0;0;0;0;6,48;2,07;0
20211121:0410;0;0;0;0;6,71;2,41;0
20211121:0510;0;0;0;0;6,86;2,41;0
20211121:0610;0;0;0;0;6,99;2,48;0
20211121:0710;0;0;0;0;6,53;2,14;0
20211121:0810;11,73;0,01173;25,46;8,13;6,68;2,41;0
20211121:0910;21,17;0,02117;38,19;13,85;7,01;2,48;0
20211121:1010;20,46;0,02046;37,28;17,65;7,14;2,55;0
20211121:1110;13,65;0,01365;28,19;19,17;7,3;2,55;0
20211121:1210;18,35;0,01835;34,56;18,25;7,4;2,76;0
20211121:1310;24,65;0,02465;42,74;14,98;7,47;2,41;0
20211121:1410;36,52;0,03652;57,36;9,69;7,51;2,48;0
20211121:1510;2,04;0,00204;10,16;2,79;7,26;1,93;0
20211121:1610;0;0;0;0;6,83;1,93;0
20211121:1710;0;0;0;0;6,41;2,07;0
20211121:1810;0;0;0;0;5,98;2,14;0
20211121:1910;0;0;0;0;5,7;2,07;0
20211121:2010;0;0;0;0;5,17;2,14;0
20211121:2110;0;0;0;0;4,39;2,28;0
20211121:2210;0;0;0;0;3,72;2,41;0
20211121:2310;0;0;0;0;3,29;2,34;0
20211122:0010;0;0;0;0;2,93;2,21;0
20211122:0110;0;0;0;0;2,77;2,14;0
20211122:0210;0;0;0;0;3,05;2,34;0
20211122:0310;0;0;0;0;4,09;3,1;0
20211122:0410;0;0;0;0;4,53;3,17;0
20211122:0510;0;0;0;0;4,74;3,31;0
20211122:0610;0;0;0;0;4,66;3,45;0
20211122:0710;0;0;0;0;4,76;3,03;0
20211122:0810;238,41;0,23841;280,74;7,9;4,48;2,83;0
20211122:0910;272,78;0,27278;317,05;13,63;4,87;3,38;0
20211122:1010;240,7;0,2407;282,44;17,42;5,23;3,59;0
20211122:1110;402,04;0,40204;463,16;18,95;5,53;3,45;0
20211122:1210;589,66;0,58966;685,3;18,04;5,88;3,31;0
20211122:1310;499,99;0,49999;578,61;14,79;5,97;3,24;0
20211122:1410;303,7;0,3037;355,34;9,52;5,78;3,03;0
20211122:1510;2,99;0,00299;11,85;2,64;5,03;2,41;0
20211122:1610;0;0;0;0;3,67;2,34;0
20211122:1710;0;0;0;0;2,76;2,21;0
20211122:1810;0;0;0;0;1,96;2,07;0
20211122:1910;0;0;0;0;1,32;2;0
20211122:2010;0;0;0;0;0,5;1,66;0
20211122:2110;0;0;0;0;0,78;1,17;0
20211122:2210;0;0;0;0;1,7;0,69;0
20211122:2310;0;0;0;0;1,49;0,14;0
20211123:0010;0;0;0;0;1,19;0,21;0
20211123:0110;0;0;0;0;0,94;0,41;0
20211123:0210;0;0;0;0;0,6;0,55;0
20211123:0310;0;0;0;0;-0,38;0,48;0
20211123:0410;0;0;0;0;-0,64;0,69;0
20211123:0510;0;0;0;0;0,49;0,76;0
20211123:0610;0;0;0;0;1,38;0,9;0
20211123:0710;0;0;0;0;0,65;0,9;0
20211123:0810;76,51;0,07651;101,48;7,68;1,29;0,62;0
20211123:0910;73,78;0,07378;98,95;13,4;1,99;0,55;0
20211123:1010;169,2;0,1692;204,34;17,2;2,63;0,41;0
20211123:1110;115,23;0,11523;145,85;18,73;3,12;0,48;0
20211123:1210;129,65;0,12965;161,9;17,84;3,62;0,41;0
20211123:1310;147,91;0,14791;181,99;14,61;4,05;0,34;0
20211123:1410;44,06;0,04406;65,76;9,36;4,41;0,07;0
20211123:1510;0,14;0,00014;5,93;2,49;4,48;0;0
20211123:1610;0;0;0;0;4,46;0,21;0
20211123:1710;0;0;0;0;4,36;0,62;0
20211123:1810;0;0;0;0;4,23;0,76;0
20211123:1910;0;0;0;0;4,2;0,55;0
20211123:2010;0;0;0;0;4,22;0,55;0
20211123:2110;0;0;0;0;4,32;0,55;0
20211123:2210;0;0;0;0;4,29;0,62;0
20211123:2310;0;0;0;0;4,28;0,55;0
20211124:0010;0;0;0;0;4,2;0,41;0
20211124:0110;0;0;0;0;4,11;0,41;0
20211124:0210;0;0;0;0;4,08;0,41;0
20211124:0310;0;0;0;0;3,98;0,48;0
20211124:0410;0;0;0;0;3,69;0,69;0
20211124:0510;0;0;0;0;3,54;0,9;0
20211124:0610;0;0;0;0;3,55;0,97;0
20211124:0710;0;0;0;0;3,73;1,1;0
20211124:0810;42,21;0,04221;63,23;7,47;3,83;1,17;0
20211124:0910;45,5;0,0455;67,36;13,19;4;1,31;0
20211124:1010;110,38;0,11038;140,77;16,99;4,55;1,45;0
20211124:1110;168,22;0,16822;204,86;18,53;5,22;1,52;0
20211124:1210;53,4;0,0534;77,3;17,64;6,05;1,72;0
20211124:1310;49,38;0,04938;72,53;14,44;6,26;1,86;0
20211124:1410;62,75;0,06275;87,69;9,2;6,07;1,93;0
20211124:1510;0;0;5,08;2,36;5,7;1,79;0
20211124:1610;0;0;0;0;5,02;1,93;0
20211124:1710;0;0;0;0;4,43;2,07;0
20211124:1810;0;0;0;0;4,23;2,07;0
20211124:1910;0;0;0;0;2,9;2,07;0
20211124:2010;0;0;0;0;2,26;1,93;0
20211124:2110;0;0;0;0;1,93;1,59;0
20211124:2210;0;0;0;0;1,5;1,52;0
20211124:2310;0;0;0;0;1,31;1,45;0
20211125:0010;0;0;0;0;1,09;1,24;0
20211125:0110;0;0;0;0;1,4;0,9;0
20211125:0210;0;0;0;0;1,84;0,48;0
20211125:0310;0;0;0;0;1,74;0,34;0
20211125:0410;0;0;0;0;1,36;0,62;0
20211125:0510;0;0;0;0;1,2;0,55;0
20211125:0610;0;0;0;0;1,28;0,55;0
20211125:0710;0;0;0;0;0,23;1,24;0
20211125:0810;144,43;0,14443;175,61;7,26;0,92;1,03;0
20211125:0910;445,42;0,44542;512,98;12,97;1,88;1,17;0
20211125:1010;452,02;0,45202;520,9;16,78;2,86;1,59;0
20211125:1110;67,92;0,06792;93,18;18,32;3,65;1,59;0
20211125:1210;64,7;0,0647;89,58;17,46;3,86;1,52;0
20211125:1310;82,73;0,08273;109,76;14,27;4,18;1,45;0
20211125:1410;21,46;0,02146;38,19;9,05;4,2;1,38;0
20211125:1510;0;0;4,23;2,23;4,12;1,24;0
20211125:1610;0;0;0;0;4,05;1,38;0
20211125:1710;0;0;0;0;4,03;1,59;0
20211125:1810;0;0;0;0;3,71;1,72;0
20211125:1910;0;0;0;0;3,7;1,79;0
20211125:2010;0;0;0;0;3,44;1,79;0
20211125:2110;0;0;0;0;2,97;1,86;0
20211125:2210;0;0;0;0;2,63;1,79;0
20211125:2310;0;0;0;0;2,13;2;0
20211126:0010;0;0;0;0;2,15;2,07;0
20211126:0110;0;0;0;0;1,91;2,21;0
20211126:0210;0;0;0;0;1,69;2,34;0
20211126:0310;0;0;0;0;1,83;2,41;0
20211126:0410;0;0;0;0;1,8;2,48;0
20211126:0510;0;0;0;0;2,17;2,48;0
20211126:0610;0;0;0;0;2,38;2,69;0
20211126:0710;0;0;0;0;2,9;2,9;0
20211126:0810;42,71;0,04271;63,56;7,05;3,14;2,76;0
20211126:0910;25,89;0,02589;43,65;12,77;3,59;3,31;0
20211126:1010;61,81;0,06181;86,09;16,57;3,86;3,45;0
20211126:1110;71,13;0,07113;96,86;18,13;4,41;4,14;0
20211126:1210;208,6;0,2086;246,69;17,28;4,79;4,07;0
20211126:1310;104,88;0,10488;134,1;14,1;4,97;4,07;0
20211126:1410;15,19;0,01519;30,01;8,91;4,7;4,69;0
20211126:1510;0;0;2,54;2,1;4,25;5,17;0
20211126:1610;0;0;0;0;3,74;5,38;0
20211126:1710;0;0;0;0;3,37;5,52;0
20211126:1810;0;0;0;0;3,05;5,66;0
20211126:1910;0;0;0;0;2,73;5,38;0
20211126:2010;0;0;0;0;2,32;5,1;0
20211126:2110;0;0;0;0;2,32;4,69;0
20211126:2210;0;0;0;0;2,66;4,28;0
20211126:2310;0;0;0;0;2,86;4,21;0
20211127:0010;0;0;0;0;3,35;4,07;0
20211127:0110;0;0;0;0;3,53;3,93;0
20211127:0210;0;0;0;0;3,47;3,79;0
20211127:0310;0;0;0;0;3,21;3,59;0
20211127:0410;0;0;0;0;2,95;2,97;0
20211127:0510;0;0;0;0;2,74;2,69;0
20211127:0610;0;0;0;0;2,63;2,48;0
20211127:0710;0;0;0;0;2,01;2;0
20211127:0810;206,36;0,20636;243,34;6,85;1,77;2;0
20211127:0910;222,9;0,2229;259,51;12,56;2,02;2,76;0
20211127:1010;345,41;0,34541;393,41;16,37;2,18;3,03;0
20211127:1110;397,01;0,39701;452,29;17,94;2,87;3,17;0
20211127:1210;593,63;0,59363;682,58;17,1;3,46;3,17;0
20211127:1310;315,88;0,31588;363,6;13,95;3,94;3,17;0
20211127:1410;354;0,354;410,08;8,78;4,14;2,76;0
20211127:1510;0,85;0,00085;7,62;1,99;3,65;2,21;0
20211127:1610;0;0;0;0;2,49;2,48;0
20211127:1710;0;0;0;0;1,67;2,69;0
20211127:1810;0;0;0;0;1,19;2,97;0
20211127:1910;0;0;0;0;0,59;2,41;0
20211127:2010;0;0;0;0;0,54;2,48;0
20211127:2110;0;0;0;0;0,78;2,28;0
20211127:2210;0;0;0;0;1,17;2,21;0
20211127:2310;0;0;0;0;1,33;2,07;0
20211128:0010;0;0;0;0;1,2;2;0
20211128:0110;0;0;0;0;1,51;1,86;0
20211128:0210;0;0;0;0;1,27;1,79;0
20211128:0310;0;0;0;0;1,51;1,45;0
20211128:0410;0;0;0;0;1,38;1,1;0
20211128:0510;0;0;0;0;1,08;1,03;0
20211128:0610;0;0;0;0;0,74;0,9;0
20211128:0710;0;0;0;0;1,34;0,83;0
20211128:0810;6,37;0,00637;17,28;6,65;2,05;0,41;0
20211128:0910;85,38;0,08538;111,83;12,37;2,36;0,62;0
20211128:1010;315,96;0,31596;365,68;16,18;3,34;1,52;0
20211128:1110;62,6;0,0626;87,3;17,76;4,07;1,93;0
20211128:1210;57,81;0,05781;81,84;16,94;4,4;2,48;0
20211128:1310;32,47;0,03247;51,83;13,8;4,08;2,9;0
20211128:1410;10,63;0,01063;23,64;8,65;3,8;3,03;0
20211128:1510;0;0;4,23;1,87;3,49;2,76;0
20211128:1610;0;0;0;0;3,01;2,48;0
20211128:1710;0;0;0;0;2,73;2,62;0
20211128:1810;0;0;0;0;2,04;2,28;0
20211128:1910;0;0;0;0;1,68;2,14;0
20211128:2010;0;0;0;0;1,49;2,41;0
20211128:2110;0;0;0;0;1,22;2,55;0
20211128:2210;0;0;0;0;0,64;2,62;0
20211128:2310;0;0;0;0;0,25;2,83;0
20211129:0010;0;0;0;0;-0,29;2,9;0
20211129:0110;0;0;0;0;-0,57;2,9;0
20211129:0210;0;0;0;0;-0,87;2,76;0
20211129:0310;0;0;0;0;-1,17;2,83;0
20211129:0410;0;0;0;0;-1,37;2,83;0
20211129:0510;0;0;0;0;-1,46;2,83;0
20211129:0610;0;0;0;0;-1,62;2,97;0
20211129:0710;0;0;0;0;-1,49;3,38;0
20211129:0810;141,19;0,14119;169,83;6,46;-0,97;3,52;0
20211129:0910;192,33;0,19233;224,59;12,18;0,43;3,52;0
20211129:1010;26,95;0,02695;44,56;15,99;1,18;3,45;0
20211129:1110;60,16;0,06016;83,66;17,58;2,02;3,93;0
20211129:1210;28,91;0,02891;47,29;16,77;3,17;4,76;0
20211129:1310;16,67;0,01667;31,83;13,66;3,4;3,93;0
20211129:1410;8,74;0,00874;20,92;8,53;3,62;3,66;0
20211129:1510;0;0;0,85;1,77;3,21;2,83;0
20211129:1610;0;0;0;0;2,71;2,41;0
20211129:1710;0;0;0;0;2,27;2,28;0
20211129:1810;0;0;0;0;2,08;2,07;0
20211129:1910;0;0;0;0;1,95;2,41;0
20211129:2010;0;0;0;0;2,25;3,1;0
20211129:2110;0;0;0;0;2,48;3,86;0
20211129:2210;0;0;0;0;2,26;4,41;0
20211129:2310;0;0;0;0;2,19;4,62;0
20211130:0010;0;0;0;0;2,07;4,62;0
20211130:0110;0;0;0;0;1,91;4,62;0
20211130:0210;0;0;0;0;1,91;4,76;0
20211130:0310;0;0;0;0;2,04;5,03;0
20211130:0410;0;0;0;0;2,02;5,38;0
20211130:0510;0;0;0;0;2,36;5,79;0
20211130:0610;0;0;0;0;3,22;6,14;0
20211130:0710;0;0;0;0;4,39;6,48;0
20211130:0810;4,02;0,00402;13,64;6,28;5,13;6,62;0
20211130:0910;9,88;0,00988;22,73;11,99;5,94;6,69;0
20211130:1010;21,26;0,02126;38,19;15,81;6,51;6,97;0
20211130:1110;29,86;0,02986;49,11;17,41;6,88;7,1;0
20211130:1210;15,67;0,01567;30,92;16,62;7,24;7,38;0
20211130:1310;18,37;0,01837;34,56;13,53;7,51;7,17;0
20211130:1410;11,04;0,01104;24,55;8,41;7,73;6,9;0
20211130:1510;0;0;1,69;1,67;7,89;6,41;0
20211130:1610;0;0;0;0;7,9;6,07;0
20211130:1710;0;0;0;0;8;5,66;0
20211130:1810;0;0;0;0;8,13;5,38;0
20211130:1910;0;0;0;0;8,3;5,03;0
20211130:2010;0;0;0;0;8,27;4,83;0
20211130:2110;0;0;0;0;8,27;4,48;0
20211130:2210;0;0;0;0;8,32;4,07;0
20211130:2310;0;0;0;0;8,35;4,55;0
20211201:0010;0;0;0;0;8,34;5,59;0
20211201:0110;0;0;0;0;8,17;6;0
20211201:0210;0;0;0;0;7,93;6;0
20211201:0310;0;0;0;0;7,67;6,14;0
20211201:0410;0;0;0;0;7,38;6,48;0
20211201:0510;0;0;0;0;7,1;6,69;0
20211201:0610;0;0;0;0;7,14;6,9;0
20211201:0710;0;0;0;0;7,2;6,62;0
20211201:0810;87;0,087;115,21;6,09;7,56;6,55;0
20211201:0910;145,79;0,14579;179,86;11,81;8,03;6,83;0
20211201:1010;92,38;0,09238;121,68;15,64;8,08;7,1;0
20211201:1110;110,48;0,11048;141,98;17,25;8,21;7,03;0
20211201:1210;77,1;0,0771;104,85;16,47;8,29;6,97;0
20211201:1310;30,39;0,03039;50,02;13,4;8,16;5,79;0
20211201:1410;24,12;0,02412;41,98;8,3;7,7;5,03;0
20211201:1510;0;0;0,85;1,58;7,43;5,17;0
20211201:1610;0;0;0;0;6,67;5,03;0
20211201:1710;0;0;0;0;6,12;4,97;0
20211201:1810;0;0;0;0;5,99;5,03;0
20211201:1910;0;0;0;0;6,09;5,86;0
20211201:2010;0;0;0;0;5,45;5,66;0
20211201:2110;0;0;0;0;5,15;4,62;0
20211201:2210;0;0;0;0;4,77;3,86;0
20211201:2310;0;0;0;0;4,24;3,31;0
20211202:0010;0;0;0;0;3,84;3,1;0
20211202:0110;0;0;0;0;3,42;3,03;0
20211202:0210;0;0;0;0;3,25;3,17;0
20211202:0310;0;0;0;0;3,22;3,38;0
20211202:0410;0;0;0;0;2,99;3,59;0
20211202:0510;0;0;0;0;3,01;4,07;0
20211202:0610;0;0;0;0;2,71;4,48;0
20211202:0710;0;0;0;0;2,37;4,34;0
20211202:0810;83,91;0,08391;109,74;5,92;2,54;4;0
20211202:0910;68,92;0,06892;93,19;11,64;2,43;3,66;0
20211202:1010;105,86;0,10586;134,06;15,47;2,74;4;0
20211202:1110;154,6;0,1546;187,11;17,09;3,27;3,93;0
20211202:1210;54,99;0,05499;78,21;16,34;3,43;3,72;0
20211202:1310;39,42;0,03942;60,02;13,28;3,43;3,79;0
20211202:1410;2,51;0,00251;10,91;8,2;3,12;3,86;0
20211202:1510;0;0;0,85;1,5;2,43;4,21;0
20211202:1610;0;0;0;0;1,98;4;0
20211202:1710;0;0;0;0;1,94;3,24;0
20211202:1810;0;0;0;0;1,25;2,76;0
20211202:1910;0;0;0;0;1,19;3,03;0
20211202:2010;0;0;0;0;0,6;2,34;0
20211202:2110;0;0;0;0;0,19;2,07;0
20211202:2210;0;0;0;0;-0,2;1,93;0
20211202:2310;0;0;0;0;-0,25;1,52;0
20211203:0010;0;0;0;0;0,06;1,72;0
20211203:0110;0;0;0;0;0,19;2,34;0
20211203:0210;0;0;0;0;0,19;2,21;0
20211203:0310;0;0;0;0;0,34;2,07;0
20211203:0410;0;0;0;0;0,31;2,14;0
20211203:0510;0;0;0;0;-0,14;2,55;0
20211203:0610;0;0;0;0;0,32;2,97;0
20211203:0710;0;0;0;0;1,38;3,17;0
20211203:0810;91,39;0,09139;117,65;5,75;1,63;3,31;0
20211203:0910;86,1;0,0861;111,82;11,47;2,06;3,79;0
20211203:1010;72,98;0,07298;98,18;15,31;2,92;3,72;0
20211203:1110;66,75;0,06675;91,59;16,94;3,72;4,62;0
20211203:1210;84,35;0,08435;111,3;16,2;4,21;4,97;0
20211203:1310;40,05;0,04005;60,93;13,16;4,25;4,62;0
20211203:1410;50,21;0,05021;72,36;8,11;3,9;5,38;0
20211203:1510;0;0;0,85;1,42;3,61;5,17;0
20211203:1610;0;0;0;0;3,27;4,62;0
20211203:1710;0;0;0;0;3,2;4,62;0
20211203:1810;0;0;0;0;3,11;4,62;0
20211203:1910;0;0;0;0;3,06;4,34;0
20211203:2010;0;0;0;0;3,14;4;0
20211203:2110;0;0;0;0;3,22;3,79;0
20211203:2210;0;0;0;0;3,23;3,38;0
20211203:2310;0;0;0;0;3,33;3,45;0
20211204:0010;0;0;0;0;3,39;3,1;0
20211204:0110;0;0;0;0;3,34;2,69;0
20211204:0210;0;0;0;0;3,4;2,48;0
20211204:0310;0;0;0;0;3,31;2,48;0
20211204:0410;0;0;0;0;3,2;2,41;0
20211204:0510;0;0;0;0;3,16;2,34;0
20211204:0610;0;0;0;0;3,23;2,14;0
20211204:0710;0;0;0;0;3,61;2,07;0
20211204:0810;56,77;0,05677;79,89;5,58;3,68;2,34;0
20211204:0910;421,94;0,42194;484,47;11,31;4;2,62;0
20211204:1010;394,85;0,39485;452,6;15,16;4,45;3,17;0
20211204:1110;180,92;0,18092;216,99;16,8;4,71;3,03;0
20211204:1210;111,11;0,11111;141,26;16,08;5,2;3,72;0
20211204:1310;9,28;0,00928;21,83;13,06;5,34;3,17;0
20211204:1410;4,02;0,00402;13,64;8,02;5,05;2;0
20211204:1510;0;0;0;0;4,93;0,97;0
20211204:1610;0;0;0;0;4,9;3,72;0
20211204:1710;0;0;0;0;4,72;5,52;0
20211204:1810;0;0;0;0;4,52;5,52;0
20211204:1910;0;0;0;0;4,33;4,41;0
20211204:2010;0;0;0;0;4,36;4,69;0
20211204:2110;0;0;0;0;4,16;4,28;0
20211204:2210;0;0;0;0;3,67;3,72;0
20211204:2310;0;0;0;0;2,91;3,45;0
20211205:0010;0;0;0;0;2,09;3,45;0
20211205:0110;0;0;0;0;1,86;3,38;0
20211205:0210;0;0;0;0;1,98;3,38;0
20211205:0310;0;0;0;0;2,15;3,45;0
20211205:0410;0;0;0;0;2,27;3,45;0
20211205:0510;0;0;0;0;2,76;3,38;0
20211205:0610;0;0;0;0;3,19;3,24;0
20211205:0710;0;0;0;0;3,16;2,97;0
20211205:0810;18,38;0,01838;34,01;5,42;3,42;2,83;0
20211205:0910;48,41;0,04841;70,51;11,15;3,86;2,97;0
20211205:1010;45,36;0,04536;67,29;15,01;4,33;2,97;0
20211205:1110;115,12;0,11512;145,64;16,67;4,91;3,24;0
20211205:1210;97,06;0,09706;125,97;15,96;5,34;3,38;0
20211205:1310;87,44;0,08744;115,26;12,96;5,6;2,76;0
20211205:1410;15,12;0,01512;30,01;7,94;5,4;1,66;0
20211205:1510;0;0;0;0;4,96;1,38;0
20211205:1610;0;0;0;0;4,11;1,66;0
20211205:1710;0;0;0;0;3,4;1,72;0
20211205:1810;0;0;0;0;2,82;1,93;0
20211205:1910;0;0;0;0;3,37;1,66;0
20211205:2010;0;0;0;0;2,16;1,59;0
20211205:2110;0;0;0;0;1,36;1,59;0
20211205:2210;0;0;0;0;0,9;1,59;0
20211205:2310;0;0;0;0;1,18;1,17;0
20211206:0010;0;0;0;0;1,24;1,03;0
20211206:0110;0;0;0;0;1,18;0,97;0
20211206:0210;0;0;0;0;1,11;1,03;0
20211206:0310;0;0;0;0;1,34;0,9;0
20211206:0410;0;0;0;0;1;1,1;0
20211206:0510;0;0;0;0;0,91;1,1;0
20211206:0610;0;0;0;0;1,35;0,97;0
20211206:0710;0;0;0;0;-1,54;1,24;0
20211206:0810;228,21;0,22821;264,55;5,27;-1,6;1,38;0
20211206:0910;194,53;0,19453;227,11;11;-0,64;1,52;0
20211206:1010;528,19;0,52819;602,25;14,87;0,62;2;0
20211206:1110;607,38;0,60738;698,09;16,54;1,55;2,34;0
20211206:1210;515,36;0,51536;589,02;15,85;2,64;2,76;0
20211206:1310;458,6;0,4586;523,34;12,87;3,47;3,31;0
20211206:1410;264,37;0,26437;308,2;7,87;3,48;2,76;0
20211206:1510;0;0;0;0;3,07;3,1;0
20211206:1610;0;0;0;0;2,51;3,38;0
20211206:1710;0;0;0;0;2,59;3,59;0
20211206:1810;0;0;0;0;2,55;3,86;0
20211206:1910;0;0;0;0;2,84;3,86;0
20211206:2010;0;0;0;0;2,67;4,14;0
20211206:2110;0;0;0;0;2,44;4,41;0
20211206:2210;0;0;0;0;1,81;4,55;0
20211206:2310;0;0;0;0;1,66;4,34;0
20211207:0010;0;0;0;0;1,69;3,52;0
20211207:0110;0;0;0;0;1,86;3,1;0
20211207:0210;0;0;0;0;2,51;4,62;0
20211207:0310;0;0;0;0;3,09;5,24;0
20211207:0410;0;0;0;0;3,05;5,03;0
20211207:0510;0;0;0;0;2,96;4,69;0
20211207:0610;0;0;0;0;2,83;4,34;0
20211207:0710;0;0;0;0;3,16;3,72;0
20211207:0810;222,17;0,22217;261,59;5,12;2,75;2,76;0
20211207:0910;482;0,482;551,76;10,86;2,91;2,62;0
20211207:1010;579,87;0,57987;664,23;14,73;3,6;3,52;0
20211207:1110;600,94;0,60094;692,35;16,42;4,43;3,52;0
20211207:1210;571,75;0,57175;661,63;15,75;4,84;2,97;0
20211207:1310;396,66;0,39666;456,31;12,78;5,06;3,17;0
20211207:1410;224,01;0,22401;264,47;7,8;4,74;3,52;0
20211207:1510;0;0;0;0;3,98;3,86;0
20211207:1610;0;0;0;0;3,5;4,41;0
20211207:1710;0;0;0;0;3,39;5,17;0
20211207:1810;0;0;0;0;3,6;5,52;0
20211207:1910;0;0;0;0;3,84;6,21;0
20211207:2010;0;0;0;0;3,86;6,48;0
20211207:2110;0;0;0;0;4,05;6,97;0
20211207:2210;0;0;0;0;3,98;7,1;0
20211207:2310;0;0;0;0;3,55;7,24;0
20211208:0010;0;0;0;0;3,56;7,31;0
20211208:0110;0;0;0;0;3,38;6,76;0
20211208:0210;0;0;0;0;3,5;5,86;0
20211208:0310;0;0;0;0;3,68;4,97;0
20211208:0410;0;0;0;0;4,11;4,28;0
20211208:0510;0;0;0;0;4,39;3,45;0
20211208:0610;0;0;0;0;4,57;3,03;0
20211208:0710;0;0;0;0;5,08;3,17;0
20211208:0810;6,86;0,00686;18,19;4,97;5;2,9;0
20211208:0910;111,65;0,11165;141,32;10,72;5,16;3,1;0
20211208:1010;177,02;0,17702;213,22;14,61;5,82;3,45;0
20211208:1110;182,11;0,18211;219,39;16,3;6,28;3,52;0
20211208:1210;200,63;0,20063;239,47;15,65;6,51;4,07;0
20211208:1310;250,03;0,25003;293,58;12,71;6,5;3,79;0
20211208:1410;80,77;0,08077;107,87;7,74;6,14;2,97;0
20211208:1510;0;0;0;0;5,37;2,76;0
20211208:1610;0;0;0;0;4,82;2,34;0
20211208:1710;0;0;0;0;4,2;1,86;0
20211208:1810;0;0;0;0;3,33;1,86;0
20211208:1910;0;0;0;0;1,91;2,14;0
20211208:2010;0;0;0;0;1,51;2;0
20211208:2110;0;0;0;0;1,16;2,07;0
20211208:2210;0;0;0;0;0,83;2;0
20211208:2310;0;0;0;0;0,64;1,86;0
20211209:0010;0;0;0;0;0,29;1,93;0
20211209:0110;0;0;0;0;-0,04;1,93;0
20211209:0210;0;0;0;0;-0,47;2,07;0
20211209:0310;0;0;0;0;-0,99;2,14;0
20211209:0410;0;0;0;0;-0,57;2,14;0
20211209:0510;0;0;0;0;-0,38;2,21;0
20211209:0610;0;0;0;0;-0,49;2,28;0
20211209:0710;0;0;0;0;-1,05;2,34;0
20211209:0810;146,02;0,14602;175,81;4,84;-0,72;2,48;0
20211209:0910;445,56;0,44556;505,83;10,59;1,1;2,41;0
20211209:1010;550,91;0,55091;629,93;14,49;2,62;2,9;0
20211209:1110;50,19;0,05019;72,75;16,2;3,83;4,21;0
20211209:1210;36,97;0,03697;57,29;15,56;4,35;4,07;0
20211209:1310;170,21;0,17021;204,34;12,64;4,55;4,21;0
20211209:1410;141,91;0,14191;174,36;7,69;4,32;3,03;0
20211209:1510;0;0;0;0;3,94;2,76;0
20211209:1610;0;0;0;0;3,68;2,69;0
20211209:1710;0;0;0;0;3,54;2,48;0
20211209:1810;0;0;0;0;3,37;2,41;0
20211209:1910;0;0;0;0;3,16;2,41;0
20211209:2010;0;0;0;0;3,34;2,62;0
20211209:2110;0;0;0;0;3,2;2,83;0
20211209:2210;0;0;0;0;3,48;2,9;0
20211209:2310;0;0;0;0;3,06;3,03;0
20211210:0010;0;0;0;0;3,06;3,24;0
20211210:0110;0;0;0;0;3,04;3,52;0
20211210:0210;0;0;0;0;2,61;3,79;0
20211210:0310;0;0;0;0;2,36;4,07;0
20211210:0410;0;0;0;0;2,05;4,21;0
20211210:0510;0;0;0;0;1,81;4,41;0
20211210:0610;0;0;0;0;1,73;4,76;0
20211210:0710;0;0;0;0;1,87;5,1;0
20211210:0810;36,28;0,03628;55,61;4,71;1,83;5,24;0
20211210:0910;107,76;0,10776;135,03;10,46;2,22;5,38;0
20211210:1010;140,87;0,14087;171,08;14,37;2,46;5,1;0
20211210:1110;182,27;0,18227;215,92;16,1;2,75;4,41;0
20211210:1210;130,15;0,13015;160,32;15,48;3,15;4,55;0
20211210:1310;58,59;0,05859;81,91;12,58;3,17;4,07;0
20211210:1410;22,13;0,02213;38,75;7,65;2,97;3,52;0
20211210:1510;0;0;0;0;2,62;2,97;0
20211210:1610;0;0;0;0;2,15;2,48;0
20211210:1710;0;0;0;0;2,05;2,28;0
20211210:1810;0;0;0;0;1,88;1,86;0
20211210:1910;0;0;0;0;1,88;0,97;0
20211210:2010;0;0;0;0;2,16;0,28;0
20211210:2110;0;0;0;0;1,88;1,03;0
20211210:2210;0;0;0;0;1,81;1,52;0
20211210:2310;0;0;0;0;1,89;1,79;0
20211211:0010;0;0;0;0;1,78;1,79;0
20211211:0110;0;0;0;0;1,18;2;0
20211211:0210;0;0;0;0;0,73;2,14;0
20211211:0310;0;0;0;0;0,82;2,14;0
20211211:0410;0;0;0;0;0,88;1,93;0
20211211:0510;0;0;0;0;1;1,72;0
20211211:0610;0;0;0;0;0,97;1,79;0
20211211:0710;0;0;0;0;0,87;1,45;0
20211211:0810;3,58;0,00358;12,73;4,58;1,2;1,31;0
20211211:0910;25,33;0,02533;42,74;10,35;2,02;1,24;0
20211211:1010;20,16;0,02016;36,38;14,27;3,15;1,17;0
20211211:1110;43,05;0,04305;64,57;16,01;4,02;1,52;0
20211211:1210;19,31;0,01931;35,47;15,41;4,67;2,34;0
20211211:1310;16,51;0,01651;31,83;12,52;5,1;2,62;0
20211211:1410;60,12;0,06012;84,23;7,61;5,3;2,48;0
20211211:1510;0;0;0;0;4,66;2,41;0
20211211:1610;0;0;0;0;3,77;2,41;0
20211211:1710;0;0;0;0;3,35;2,41;0
20211211:1810;0;0;0;0;3,58;2,41;0
20211211:1910;0;0;0;0;3,23;2,55;0
20211211:2010;0;0;0;0;2,72;2,41;0
20211211:2110;0;0;0;0;1,94;2,34;0
20211211:2210;0;0;0;0;1,44;2,48;0
20211211:2310;0;0;0;0;0,84;2,76;0
20211212:0010;0;0;0;0;0,89;2,62;0
20211212:0110;0;0;0;0;1,4;2,62;0
20211212:0210;0;0;0;0;2,27;2,9;0
20211212:0310;0;0;0;0;2,73;3,1;0
20211212:0410;0;0;0;0;3,3;3,38;0
20211212:0510;0;0;0;0;3,87;3,72;0
20211212:0610;0;0;0;0;4,4;3,93;0
20211212:0710;0;0;0;0;4,7;3,72;0
20211212:0810;0;0;3,64;4,46;5,06;3,72;0
20211212:0910;17,17;0,01717;32,74;10,24;5,42;3,59;0
20211212:1010;77,23;0,07723;103,98;14,17;5,87;3,45;0
20211212:1110;54,93;0,05493;78,98;15,92;6,44;3,24;0
20211212:1210;29,78;0,02978;49,11;15,34;7,12;3,17;0
20211212:1310;9,15;0,00915;21,83;12,47;7,7;3,24;0
20211212:1410;6,16;0,00616;17,28;7,58;8,01;3,24;0
20211212:1510;0;0;0;0;8,09;3,17;0
20211212:1610;0;0;0;0;8,11;3,1;0
20211212:1710;0;0;0;0;8,22;3,17;0
20211212:1810;0;0;0;0;8,38;3,17;0
20211212:1910;0;0;0;0;7,9;2,55;0
20211212:2010;0;0;0;0;8,16;2,55;0
20211212:2110;0;0;0;0;8,35;2,55;0
20211212:2210;0;0;0;0;8,49;2,69;0
20211212:2310;0;0;0;0;8,51;2,76;0
20211213:0010;0;0;0;0;8,26;2,62;0
20211213:0110;0;0;0;0;8,1;2,55;0
20211213:0210;0;0;0;0;8,16;2,41;0
20211213:0310;0;0;0;0;7,98;2,21;0
20211213:0410;0;0;0;0;7,9;2,21;0
20211213:0510;0;0;0;0;7,88;2,21;0
20211213:0610;0;0;0;0;7,64;2,21;0
20211213:0710;0;0;0;0;7,35;2,14;0
20211213:0810;14,14;0,01414;28,8;4,35;7,23;2,14;0
20211213:0910;69,01;0,06901;95,15;10,13;7,64;2,14;0
20211213:1010;80,49;0,08049;108,95;14,07;8,57;2,07;0
20211213:1110;48,86;0,04886;72,75;15,85;8,88;2;0
20211213:1210;52,59;0,05259;77,22;15,28;9,34;2,07;0
20211213:1310;10,29;0,01029;23,64;12,43;9,41;1,79;0
20211213:1410;8,46;0,00846;20,92;7,56;9,15;1,72;0
20211213:1510;0;0;0;0;8,38;1,93;0
20211213:1610;0;0;0;0;7,44;2,07;0
20211213:1710;0;0;0;0;6,58;2,28;0
20211213:1810;0;0;0;0;6,47;2,28;0
20211213:1910;0;0;0;0;6,75;1,93;0
20211213:2010;0;0;0;0;6,66;2,14;0
20211213:2110;0;0;0;0;6,16;2,34;0
20211213:2210;0;0;0;0;6,27;2,21;0
20211213:2310;0;0;0;0;5,83;2,21;0
20211214:0010;0;0;0;0;5,36;2;0
20211214:0110;0;0;0;0;5,06;1,86;0
20211214:0210;0;0;0;0;5,39;1,79;0
20211214:0310;0;0;0;0;6,02;1,93;0
20211214:0410;0;0;0;0;6,31;1,72;0
20211214:0510;0;0;0;0;6,53;1,72;0
20211214:0610;0;0;0;0;6,71;1,79;0
20211214:0710;0;0;0;0;5,92;1,38;0
20211214:0810;1,98;0,00198;10;4,24;6,17;1,31;0
20211214:0910;31,44;0,03144;50,96;10,03;6,42;1,59;0
20211214:1010;26,91;0,02691;45,47;13,99;6,65;2,07;0
20211214:1110;57,11;0,05711;81,76;15,78;6,93;2,28;0
20211214:1210;30,49;0,03049;50,02;15,23;7,14;2,28;0
20211214:1310;32,67;0,03267;52,74;12,4;7,26;2;0
20211214:1410;31,12;0,03112;50,7;7,55;7,43;1,86;0
20211214:1510;0;0;0;0;7,26;1,24;0
20211214:1610;0;0;0;0;7,1;1,52;0
20211214:1710;0;0;0;0;7,02;1,79;0
20211214:1810;0;0;0;0;7,07;2;0
20211214:1910;0;0;0;0;7,12;1,93;0
20211214:2010;0;0;0;0;7,17;1,86;0
20211214:2110;0;0;0;0;7,25;1,86;0
20211214:2210;0;0;0;0;7,35;2,07;0
20211214:2310;0;0;0;0;7,47;2,14;0
20211215:0010;0;0;0;0;7,46;2,14;0
20211215:0110;0;0;0;0;7,39;2,07;0
20211215:0210;0;0;0;0;7,36;2,07;0
20211215:0310;0;0;0;0;7,26;2;0
20211215:0410;0;0;0;0;7,18;2,07;0
20211215:0510;0;0;0;0;6,98;2,07;0
20211215:0610;0;0;0;0;6,9;2,14;0
20211215:0710;0;0;0;0;7,37;2;0
20211215:0810;27,02;0,02702;45,58;4,14;7,57;2;0
20211215:0910;59,23;0,05923;84,11;9,94;7,93;2;0
20211215:1010;39,89;0,03989;61,84;13,91;8,48;2,07;0
20211215:1110;28,01;0,02801;47,29;15,72;9,07;2;0
20211215:1210;32,3;0,0323;52,74;15,19;9,5;2,07;0
20211215:1310;62,01;0,06201;88,08;12,38;9,59;2,28;0
20211215:1410;12,84;0,01284;27,28;7,54;9,39;2,07;0
20211215:1510;0;0;0;0;8,83;1,93;0
20211215:1610;0;0;0;0;8,2;2;0
20211215:1710;0;0;0;0;8,35;1,93;0
20211215:1810;0;0;0;0;8,4;2;0
20211215:1910;0;0;0;0;8,15;1,86;0
20211215:2010;0;0;0;0;8,03;1,79;0
20211215:2110;0;0;0;0;7,99;1,66;0
20211215:2210;0;0;0;0;8,03;1,66;0
20211215:2310;0;0;0;0;8,04;1,66;0
20211216:0010;0;0;0;0;8,04;1,66;0
20211216:0110;0;0;0;0;7,99;1,72;0
20211216:0210;0;0;0;0;7,98;1,66;0
20211216:0310;0;0;0;0;7,87;1,59;0
20211216:0410;0;0;0;0;7,75;1,59;0
20211216:0510;0;0;0;0;7,59;1,59;0
20211216:0610;0;0;0;0;7,54;1,52;0
20211216:0710;0;0;0;0;6,76;1,24;0
20211216:0810;19,4;0,0194;35,7;4,05;6,38;1,1;0
20211216:0910;41,52;0,04152;63,18;9,86;6,58;0,76;0
20211216:1010;80,07;0,08007;108,36;13,84;7,84;0,83;0
20211216:1110;86,92;0,08692;116,68;15,66;8,76;1,03;0
20211216:1210;73,91;0,07391;102,04;15,15;9,31;1,17;0
20211216:1310;27,96;0,02796;47,29;12,36;9,31;1,1;0
20211216:1410;10,3;0,0103;23,64;7,54;9,22;1,03;0
20211216:1510;0;0;0;0;8,98;1,1;0
20211216:1610;0;0;0;0;8,64;1,1;0
20211216:1710;0;0;0;0;8,35;1,17;0
20211216:1810;0;0;0;0;8,18;1,24;0
20211216:1910;0;0;0;0;7,85;1,1;0
20211216:2010;0;0;0;0;7,67;1,03;0
20211216:2110;0;0;0;0;7,59;0,9;0
20211216:2210;0;0;0;0;7,45;0,69;0
20211216:2310;0;0;0;0;7,56;0,41;0
20211217:0010;0;0;0;0;7,51;0,41;0
20211217:0110;0;0;0;0;7,34;0,62;0
20211217:0210;0;0;0;0;7,14;0,83;0
20211217:0310;0;0;0;0;7,17;0,41;0
20211217:0410;0;0;0;0;7,16;0,41;0
20211217:0510;0;0;0;0;7,01;0,48;0
20211217:0610;0;0;0;0;7,13;0,21;0
20211217:0710;0;0;0;0;6,55;0,69;0
20211217:0810;3,45;0,00345;12,73;3,96;6,61;0,28;0
20211217:0910;21,14;0,02114;38,19;9,78;7,01;0,62;0
20211217:1010;26,06;0,02606;44,56;13,78;7,26;0,34;0
20211217:1110;31,8;0,0318;51,83;15,62;7,64;0,07;0
20211217:1210;25,26;0,02526;43,65;15,12;8,05;0,97;0
20211217:1310;16,89;0,01689;32,74;12,35;8,27;1,31;0
20211217:1410;11,62;0,01162;25,46;7,54;8,35;1,45;0
20211217:1510;0;0;0;0;8,14;1,38;0
20211217:1610;0;0;0;0;7,8;1,38;0
20211217:1710;0;0;0;0;7,47;1,38;0
20211217:1810;0;0;0;0;6,79;1,59;0
20211217:1910;0;0;0;0;6,43;1,52;0
20211217:2010;0;0;0;0;6;1,45;0
20211217:2110;0;0;0;0;5,5;1,52;0
20211217:2210;0;0;0;0;5,23;1,59;0
20211217:2310;0;0;0;0;4,75;1,59;0
20211218:0010;0;0;0;0;4,36;1,52;0
20211218:0110;0;0;0;0;4;1,38;0
20211218:0210;0;0;0;0;3,93;1,1;0
20211218:0310;0;0;0;0;3,67;0,97;0
20211218:0410;0;0;0;0;4,2;0,55;0
20211218:0510;0;0;0;0;4,39;0,41;0
20211218:0610;0;0;0;0;4,4;0,48;0
20211218:0710;0;0;0;0;3,91;0,76;0
20211218:0810;4,05;0,00405;13,64;3,88;3,96;0,76;0
20211218:0910;30,39;0,03039;49,25;9,71;4,12;0,9;0
20211218:1010;38,35;0,03835;59,11;13,72;4,45;0,76;0
20211218:1110;46,67;0,04667;69,11;15,58;4,78;0,62;0
20211218:1210;43,51;0,04351;65,48;15,1;5,15;0,48;0
20211218:1310;29,23;0,02923;48,2;12,35;5,38;0,48;0
20211218:1410;10,51;0,01051;23,64;7,56;5,55;0,62;0
20211218:1510;0;0;0;0;5,62;0,83;0
20211218:1610;0;0;0;0;5,64;1,1;0
20211218:1710;0;0;0;0;5,69;1,24;0
20211218:1810;0;0;0;0;5,77;1,45;0
20211218:1910;0;0;0;0;5,25;1,59;0
20211218:2010;0;0;0;0;5,22;1,59;0
20211218:2110;0;0;0;0;5,17;1,59;0
20211218:2210;0;0;0;0;5,17;1,79;0
20211218:2310;0;0;0;0;5,1;1,93;0
20211219:0010;0;0;0;0;4,98;1,93;0
20211219:0110;0;0;0;0;4,82;2,21;0
20211219:0210;0;0;0;0;4,73;2,55;0
20211219:0310;0;0;0;0;4,6;2,69;0
20211219:0410;0;0;0;0;4,53;2,83;0
20211219:0510;0;0;0;0;4,52;2,83;0
20211219:0610;0;0;0;0;4,6;3,1;0
20211219:0710;0;0;0;0;4,53;3,17;0
20211219:0810;4,58;0,00458;14,55;3,81;4,43;3,1;0
20211219:0910;15,87;0,01587;30,92;9,65;4,61;3,17;0
20211219:1010;35,37;0,03537;55,47;13,67;4,75;3,38;0
20211219:1110;46,02;0,04602;68,2;15,55;4,95;3,52;0
20211219:1210;21,39;0,02139;38,19;15,09;5,12;3,59;0
20211219:1310;14,48;0,01448;29,1;12,35;5,21;3,79;0
20211219:1410;2,47;0,00247;10,91;7,58;5,27;3,79;0
20211219:1510;0;0;0;0;5,13;3,24;0
20211219:1610;0;0;0;0;5;3,03;0
20211219:1710;0;0;0;0;4,93;3,24;0
20211219:1810;0;0;0;0;4,91;3,31;0
20211219:1910;0;0;0;0;4,69;3,03;0
20211219:2010;0;0;0;0;4,63;2,9;0
20211219:2110;0;0;0;0;4,57;2,76;0
20211219:2210;0;0;0;0;4,6;2,69;0
20211219:2310;0;0;0;0;4,61;2,76;0
20211220:0010;0;0;0;0;4,71;2,69;0
20211220:0110;0;0;0;0;4,85;2,48;0
20211220:0210;0;0;0;0;4,85;2,41;0
20211220:0310;0;0;0;0;4,81;2,34;0
20211220:0410;0;0;0;0;4,71;2,28;0
20211220:0510;0;0;0;0;4,49;1,86;0
20211220:0610;0;0;0;0;3,9;1,52;0
20211220:0710;0;0;0;0;3,94;1,17;0
20211220:0810;20,55;0,02055;36,86;3,74;3,77;1,1;0
20211220:0910;324,09;0,32409;377,44;9,6;4,2;1,1;0
20211220:1010;513,47;0,51347;600,32;13,63;4,62;1,38;0
20211220:1110;550,03;0,55003;645,59;15,52;4,66;1,38;0
20211220:1210;533,65;0,53365;625,92;15,09;4,86;1,38;0
20211220:1310;446,83;0,44683;521,32;12,36;4,92;1,31;0
20211220:1410;221,7;0,2217;263,83;7,61;4,71;1,24;0
20211220:1510;0;0;0;0;3,99;1,45;0
20211220:1610;0;0;0;0;2,47;1,72;0
20211220:1710;0;0;0;0;0,87;1,79;0
20211220:1810;0;0;0;0;-0,36;1,66;0
20211220:1910;0;0;0;0;-1,22;1,79;0
20211220:2010;0;0;0;0;-1,93;1,79;0
20211220:2110;0;0;0;0;-2,4;1,79;0
20211220:2210;0;0;0;0;-2,8;1,79;0
20211220:2310;0;0;0;0;-3,15;1,79;0
20211221:0010;0;0;0;0;-3,42;1,86;0
20211221:0110;0;0;0;0;-3,55;1,86;0
20211221:0210;0;0;0;0;-3,46;1,72;0
20211221:0310;0;0;0;0;-3,36;1,59;0
20211221:0410;0;0;0;0;-3,44;1,59;0
20211221:0510;0;0;0;0;-3,52;1,59;0
20211221:0610;0;0;0;0;-3,34;1,45;0
20211221:0710;0;0;0;0;-4,3;1,72;0
20211221:0810;103,5;0,1035;128,55;3,68;-4,28;1,66;0
20211221:0910;391,93;0,39193;440,74;9,55;-2,74;1,31;0
20211221:1010;566,2;0,5662;652,42;13,6;0,03;1,17;0
20211221:1110;619,26;0,61926;722,28;15,51;1,32;1,24;0
20211221:1210;604,81;0,60481;707,55;15,09;2,08;1,17;0
20211221:1310;511,75;0,51175;593,6;12,38;2,36;1,17;0
20211221:1410;305,79;0,30579;354,93;7,64;2,13;1,17;0
20211221:1510;0;0;0;0;1,22;1,59;0
20211221:1610;0;0;0;0;-0,55;2,07;0
20211221:1710;0;0;0;0;-1,8;2;0
20211221:1810;0;0;0;0;-2,51;2,07;0
20211221:1910;0;0;0;0;-3,01;1,86;0
20211221:2010;0;0;0;0;-3,45;1,93;0
20211221:2110;0;0;0;0;-3,56;2,07;0
20211221:2210;0;0;0;0;-3,57;2,14;0
20211221:2310;0;0;0;0;-3,46;2,21;0
20211222:0010;0;0;0;0;-3,37;2,34;0
20211222:0110;0;0;0;0;-3,08;2,41;0
20211222:0210;0;0;0;0;-2,67;2,41;0
20211222:0310;0;0;0;0;-2,7;2,55;0
20211222:0410;0;0;0;0;-2,83;2,69;0
20211222:0510;0;0;0;0;-2,83;2,69;0
20211222:0610;0;0;0;0;-2,84;2,69;0
20211222:0710;0;0;0;0;-2,75;3,24;0
20211222:0810;62,21;0,06221;84,09;3,63;-2,69;3,31;0
20211222:0910;312,72;0,31272;350,79;9,51;-1,89;3,17;0
20211222:1010;502,94;0,50294;563,68;13,57;-0,57;3,24;0
20211222:1110;453,97;0,45397;510,23;15,5;0,61;3,52;0
20211222:1210;418,76;0,41876;472,77;15,1;1,32;3,31;0
20211222:1310;408,38;0,40838;462,62;12,41;1,61;3,03;0
20211222:1410;348,45;0,34845;397,47;7,68;1,19;2,9;0
20211222:1510;0;0;0;0;0,09;3,17;0
20211222:1610;0;0;0;0;-1,02;3,45;0
20211222:1710;0;0;0;0;-1,56;3,66;0
20211222:1810;0;0;0;0;-1,73;3,66;0
20211222:1910;0;0;0;0;-1,54;3,79;0
20211222:2010;0;0;0;0;-1,35;3,93;0
20211222:2110;0;0;0;0;-1,38;3,86;0
20211222:2210;0;0;0;0;-1,21;3,66;0
20211222:2310;0;0;0;0;-1,28;3,38;0
20211223:0010;0;0;0;0;-1,31;3,31;0
20211223:0110;0;0;0;0;-1,16;3,17;0
20211223:0210;0;0;0;0;-1,13;3,1;0
20211223:0310;0;0;0;0;-1,27;3,03;0
20211223:0410;0;0;0;0;-1,22;2,69;0
20211223:0510;0;0;0;0;-1,32;2,41;0
20211223:0610;0;0;0;0;-1,48;2,62;0
20211223:0710;0;0;0;0;-0,35;2,9;0
20211223:0810;1,6;0,0016;9,09;3,58;0,11;2,48;0
20211223:0910;58,79;0,05879;81,27;9,47;0,97;2,34;0
20211223:1010;146,02;0,14602;177,01;13,56;1,99;2,14;0
20211223:1110;163,65;0,16365;196,97;15,5;2,82;2;0
20211223:1210;48,58;0,04858;70,93;15,12;3,65;2;0
20211223:1310;74,36;0,07436;100,05;12,45;4,16;2,21;0
20211223:1410;4,58;0,00458;14,55;7,73;4,45;2,48;0
20211223:1510;0;0;0;0;4,39;2,69;0
20211223:1610;0;0;0;0;4,25;3,03;0
20211223:1710;0;0;0;0;4,41;3,52;0
20211223:1810;0;0;0;0;4,75;3,72;0
20211223:1910;0;0;0;0;4,35;3,24;0
20211223:2010;0;0;0;0;4,36;3,38;0
20211223:2110;0;0;0;0;5,6;3,72;0
20211223:2210;0;0;0;0;6,7;4,48;0
20211223:2310;0;0;0;0;7,54;5,45;0
20211224:0010;0;0;0;0;7,78;5,86;0
20211224:0110;0;0;0;0;7,8;5,79;0
20211224:0210;0;0;0;0;7,69;5,52;0
20211224:0310;0;0;0;0;7,49;5,38;0
20211224:0410;0;0;0;0;7,21;5,24;0
20211224:0510;0;0;0;0;7,09;5,03;0
20211224:0610;0;0;0;0;6,93;4,76;0
20211224:0710;0;0;0;0;6,98;4,34;0
20211224:0810;1,97;0,00197;10;3,54;6,77;3,86;0
20211224:0910;83,19;0,08319;110,47;9,44;6,76;3,93;0
20211224:1010;162,23;0,16223;197,65;13,55;6,86;3,86;0
20211224:1110;98,36;0,09836;128,16;15,51;7,13;3,79;0
20211224:1210;54;0,054;78,18;15,14;7,4;3,66;0
20211224:1310;72,44;0,07244;99,03;12,49;7,42;3,66;0
20211224:1410;26;0,026;44,32;7,79;7,35;3,31;0
20211224:1510;0;0;0;0;7,24;2,97;0
20211224:1610;0;0;0;0;7,04;2,97;0
20211224:1710;0;0;0;0;6,9;2,9;0
20211224:1810;0;0;0;0;6,8;2,62;0
20211224:1910;0;0;0;0;6,59;2,34;0
20211224:2010;0;0;0;0;6,43;2;0
20211224:2110;0;0;0;0;6,31;1,79;0
20211224:2210;0;0;0;0;6,27;1,66;0
20211224:2310;0;0;0;0;6,17;1,24;0
20211225:0010;0;0;0;0;5,93;0,62;0
20211225:0110;0;0;0;0;5,77;0,34;0
20211225:0210;0;0;0;0;5,41;0,83;0
20211225:0310;0;0;0;0;5,08;1,31;0
20211225:0410;0;0;0;0;4,76;1,52;0
20211225:0510;0;0;0;0;4,52;2,14;0
20211225:0610;0;0;0;0;4,13;2,55;0
20211225:0710;0;0;0;0;4,17;2,69;0
20211225:0810;4,07;0,00407;13,64;3,51;3,36;3,1;0
20211225:0910;24,59;0,02459;41,83;9,43;2,34;3,1;0
20211225:1010;65,44;0,06544;89,22;13,54;1,67;3,17;0
20211225:1110;115;0,115;143,25;15,52;1,42;3,24;0
20211225:1210;44,46;0,04446;65,48;15,18;1,42;3,31;0
20211225:1310;5,82;0,00582;16,37;12,54;1,44;3,45;0
20211225:1410;1,14;0,00114;8,18;7,85;1,31;3,31;0
20211225:1510;0;0;0,85;1,48;1,04;3,31;0
20211225:1610;0;0;0;0;0,68;3,31;0
20211225:1710;0;0;0;0;0,46;3,24;0
20211225:1810;0;0;0;0;0,33;3,24;0
20211225:1910;0;0;0;0;0,25;3,17;0
20211225:2010;0;0;0;0;0,28;3,17;0
20211225:2110;0;0;0;0;0,28;3,31;0
20211225:2210;0;0;0;0;0,46;2,9;0
20211225:2310;0;0;0;0;0,43;3,38;0
20211226:0010;0;0;0;0;0,65;3,1;0
20211226:0110;0;0;0;0;0,65;3,45;0
20211226:0210;0;0;0;0;0,62;3,31;0
20211226:0310;0;0;0;0;0,81;3,31;0
20211226:0410;0;0;0;0;0,7;3,31;0
20211226:0510;0;0;0;0;0,69;3,31;0
20211226:0610;0;0;0;0;0,96;3,38;0
20211226:0710;0;0;0;0;0,74;3,1;0
20211226:0810;3,07;0,00307;11,82;3,48;0,89;3,31;0
20211226:0910;18,27;0,01827;33,65;9,41;1,13;3,59;0
20211226:1010;235,87;0,23587;271,65;13,55;1,34;3,79;0
20211226:1110;176,8;0,1768;209,18;15,54;1,57;3,72;0
20211226:1210;273,75;0,27375;313,46;15,22;1,81;3,52;0
20211226:1310;44,64;0,04464;65,77;12,6;2,21;3,45;0
20211226:1410;50,09;0,05009;71,82;7,92;2,5;3,59;0
20211226:1510;0;0;1,69;1,56;2,27;3,72;0
20211226:1610;0;0;0;0;2,14;3,79;0
20211226:1710;0;0;0;0;2,28;3,72;0
20211226:1810;0;0;0;0;2,44;3,66;0
20211226:1910;0;0;0;0;1,86;3,59;0
20211226:2010;0;0;0;0;2,08;3,59;0
20211226:2110;0;0;0;0;2,3;3,45;0
20211226:2210;0;0;0;0;2,49;3,38;0
20211226:2310;0;0;0;0;2,68;3,17;0
20211227:0010;0;0;0;0;2,82;2,97;0
20211227:0110;0;0;0;0;3,04;2,83;0
20211227:0210;0;0;0;0;3,22;2,69;0
20211227:0310;0;0;0;0;3,44;2,62;0
20211227:0410;0;0;0;0;3,73;2,48;0
20211227:0510;0;0;0;0;3,65;2,41;0
20211227:0610;0;0;0;0;4;2,55;0
20211227:0710;0;0;0;0;3,72;2,9;0
20211227:0810;0,7;0,0007;7,28;3,46;3,82;3,17;0
20211227:0910;23,62;0,02362;40,92;9,41;4,36;3,38;0
20211227:1010;154,67;0,15467;188,08;13,56;5,02;3,45;0
20211227:1110;153,81;0,15381;187,87;15,57;5,59;3,52;0
20211227:1210;170,29;0,17029;206,3;15,27;6,28;3,59;0
20211227:1310;13,67;0,01367;28,19;12,66;7,05;3,38;0
20211227:1410;18,38;0,01838;34,56;8;7,15;3,52;0
20211227:1510;0;0;1,69;1,65;6,75;3,45;0
20211227:1610;0;0;0;0;6,16;3,52;0
20211227:1710;0;0;0;0;5,8;3,66;0
20211227:1810;0;0;0;0;5,95;3,72;0
20211227:1910;0;0;0;0;6,21;4,34;0
20211227:2010;0;0;0;0;6,74;4,34;0
20211227:2110;0;0;0;0;7,09;4;0
20211227:2210;0;0;0;0;7,3;3,79;0
20211227:2310;0;0;0;0;7,29;3,66;0
20211228:0010;0;0;0;0;7,67;4;0
20211228:0110;0;0;0;0;8,39;3,93;0
20211228:0210;0;0;0;0;8,43;4;0
20211228:0310;0;0;0;0;8,55;4,41;0
20211228:0410;0;0;0;0;8,75;4,62;0
20211228:0510;0;0;0;0;8,66;4,76;0
20211228:0610;0;0;0;0;8,34;5,1;0
20211228:0710;0;0;0;0;7,7;3,66;0
20211228:0810;18,69;0,01869;34,99;3,45;8;3,59;0
20211228:0910;60,38;0,06038;85,31;9,41;8,16;3,45;0
20211228:1010;45,39;0,04539;68,42;13,58;8,96;3,59;0
20211228:1110;150,73;0,15073;187,67;15,61;9,76;3,86;0
20211228:1210;69,89;0,06989;97,34;15,32;9,86;4,14;0
20211228:1310;7,23;0,00723;19,1;12,73;10,24;6,28;0
20211228:1410;5,54;0,00554;16,37;8,08;9,52;6,55;0
20211228:1510;0;0;0,85;1,74;8,88;5,59;0
20211228:1610;0;0;0;0;8,13;5,52;0
20211228:1710;0;0;0;0;7,68;5,86;0
20211228:1810;0;0;0;0;7,75;6;0
20211228:1910;0;0;0;0;8,41;6,83;0
20211228:2010;0;0;0;0;8,3;6,07;0
20211228:2110;0;0;0;0;8,25;5,1;0
20211228:2210;0;0;0;0;8,38;4,83;0
20211228:2310;0;0;0;0;8,58;5,93;0
20211229:0010;0;0;0;0;8,63;6,55;0
20211229:0110;0;0;0;0;8,43;6,41;0
20211229:0210;0;0;0;0;8,26;5,93;0
20211229:0310;0;0;0;0;8,25;5,59;0
20211229:0410;0;0;0;0;8,23;5,66;0
20211229:0510;0;0;0;0;8,11;4,97;0
20211229:0610;0;0;0;0;7,99;4,69;0
20211229:0710;0;0;0;0;8,2;4,21;0
20211229:0810;10,49;0,01049;23,77;3,44;8,08;3,38;0
20211229:0910;92,48;0,09248;121,51;9,42;8,03;3,38;0
20211229:1010;123,89;0,12389;156,99;13,61;8,4;3,1;0
20211229:1110;330,15;0,33015;389,22;15,66;8,59;2,07;0
20211229:1210;75,58;0,07558;103,74;15,39;9,07;2;0
20211229:1310;43,79;0,04379;66,63;12,81;9,15;2,07;0
20211229:1410;8,47;0,00847;20,92;8,18;9,09;2,55;0
20211229:1510;0;0;0,85;1,84;8,68;3,1;0
20211229:1610;0;0;0;0;8,81;3,66;0
20211229:1710;0;0;0;0;9,37;3,72;0
20211229:1810;0;0;0;0;10,61;4,21;0
20211229:1910;0;0;0;0;11,35;4,83;0
20211229:2010;0;0;0;0;12,21;5,17;0
20211229:2110;0;0;0;0;12,37;5,03;0
20211229:2210;0;0;0;0;12,29;5,24;0
20211229:2310;0;0;0;0;12,17;4,83;0
20211230:0010;0;0;0;0;11,95;4,62;0
20211230:0110;0;0;0;0;11,94;4,28;0
20211230:0210;0;0;0;0;11,95;3,66;0
20211230:0310;0;0;0;0;12,22;3,93;0
20211230:0410;0;0;0;0;12,35;4;0
20211230:0510;0;0;0;0;12,37;4;0
20211230:0610;0;0;0;0;12,65;4,76;0
20211230:0710;0;0;0;0;13,18;5,24;0
20211230:0810;1,01;0,00101;8,18;3,45;13,31;5,38;0
20211230:0910;5,41;0,00541;16,37;9,44;13,42;5,1;0
20211230:1010;35,31;0,03531;57,29;13,64;13,54;4,9;0
20211230:1110;70,18;0,07018;99,09;15,71;13,58;5,24;0
20211230:1210;98,47;0,09847;131,53;15,46;13,67;5,38;0
20211230:1310;61,32;0,06132;88,53;12,9;13,67;4,83;0
20211230:1410;22,19;0,02219;40,34;8,27;13,3;4,55;0
20211230:1510;0;0;1,69;1,95;13,13;4,55;0
20211230:1610;0;0;0;0;12,98;4,62;0
20211230:1710;0;0;0;0;12,91;4,76;0
20211230:1810;0;0;0;0;12,85;4,9;0
20211230:1910;0;0;0;0;12,7;5,24;0
20211230:2010;0;0;0;0;12,88;5,03;0
20211230:2110;0;0;0;0;13,11;4,69;0
20211230:2210;0;0;0;0;13,07;4,34;0
20211230:2310;0;0;0;0;12,9;3,93;0
20211231:0010;0;0;0;0;12,78;3,93;0
20211231:0110;0;0;0;0;12,54;3,86;0
20211231:0210;0;0;0;0;12,22;3,45;0
20211231:0310;0;0;0;0;11,75;2,97;0
20211231:0410;0;0;0;0;10,84;3,24;0
20211231:0510;0;0;0;0;10,38;3,31;0
20211231:0610;0;0;0;0;10,17;3,24;0
20211231:0710;0;0;0;0;10,71;3,86;0
20211231:0810;1,9;0,0019;10;3,45;11,15;3,86;0
20211231:0910;149,68;0,14968;187,56;9,46;11,52;3,38;0
20211231:1010;85,91;0,08591;116,43;13,68;12,16;3,66;0
20211231:1110;141;0,141;179,34;15,77;12,95;3,79;0
20211231:1210;12,56;0,01256;27,28;15,54;13,5;4,07;0
20211231:1310;289,24;0,28924;347,15;12,99;13,54;4,14;0
20211231:1410;1,86;0,00186;10;8,38;13,75;4,48;0
20211231:1510;0;0;0,85;2,06;13,16;5,1;0
20211231:1610;0;0;0;0;12,37;4,9;0
20211231:1710;0;0;0;0;12,32;4,62;0
20211231:1810;0;0;0;0;12,34;4,34;0
20211231:1910;0;0;0;0;12,38;4,41;0
20211231:2010;0;0;0;0;12,26;3,66;0
20211231:2110;0;0;0;0;12,14;3,72;0
20211231:2210;0;0;0;0;12,13;3,93;0
20211231:2310;0;0;0;0;12,04;3,52;0
