DATE_FROM;DATE_TO;PRODUCT_TYPE;TENDER_NUMBER;PRODUCTNAME;CROSSBORDER_SETTLEMENTCAPACITY_PRICE_[EUR/MW];AT_DEMAND_[MW];AT_SETTLEMENTCAPACITY_PRICE_[EUR/MW];AT_IMPORT(-)_EXPORT(+)_[MW];BE_DEMAND_[MW];BE_SETTLEMENTCAPACITY_PRICE_[EUR/MW];BE_IMPORT(-)_EXPORT(+)_[MW];CH_DEMAND_[MW];CH_SETTLEMENTCAPACITY_PRICE_[EUR/MW];CH_IMPORT(-)_EXPORT(+)_[MW];DE_DEMAND_[MW];DE_SETTLEMENTCAPACITY_PRICE_[EUR/MW];DE_IMPORT(-)_EXPORT(+)_[MW];FR_DEMAND_[MW];FR_SETTLEMENTCAPACITY_PRICE_[EUR/MW];FR_IMPORT(-)_EXPORT(+)_[MW];NL_DEMAND_[MW];NL_SETTLEMENTCAPACITY_PRICE_[EUR/MW];NL_IMPORT(-)_EXPORT(+)_[MW];SI_DEMAND_[MW];SI_SETTLEMENTCAPACITY_PRICE_[EUR/MW];SI_IMPORT(-)_EXPORT(+)_[MW];DK_DEMAND_[MW];DK_SETTLEMENTCAPACITY_PRICE_[EUR/MW];DK_IMPORT(-)_EXPORT(+)_[MW]
01.01.2021;01.01.2021;FCR;1;NEGPOS_00_04;22,99;71,00;22,99;4,00;87,00;161,76;-60,00;67,00;22,99;15,00;562,00;22,99;38,00;508,00;22,99;73,00;114,00;22,99;-70,00;-;-;-;-;-;-
01.01.2021;01.01.2021;FCR;1;NEGPOS_04_08;19,50;71,00;19,50;4,00;87,00;158,17;-60,00;67,00;19,50;6,00;562,00;19,50;-32,00;508,00;15,40;152,00;114,00;19,50;-70,00;-;-;-;-;-;-
01.01.2021;01.01.2021;FCR;1;NEGPOS_08_12;17,10;71,00;17,10;-2,00;87,00;62,42;-60,00;67,00;17,10;16,00;562,00;17,10;10,00;508,00;17,10;106,00;114,00;17,10;-70,00;-;-;-;-;-;-
01.01.2021;01.01.2021;FCR;1;NEGPOS_12_16;20,00;71,00;20,00;9,00;87,00;55,89;-60,00;67,00;20,00;13,00;562,00;20,00;28,00;508,00;20,00;80,00;114,00;20,00;-70,00;-;-;-;-;-;-
01.01.2021;01.01.2021;FCR;1;NEGPOS_16_20;15,00;71,00;15,00;-2,00;87,00;48,21;-60,00;67,00;15,00;44,00;562,00;15,00;-19,00;508,00;15,00;107,00;114,00;15,00;-70,00;-;-;-;-;-;-
01.01.2021;01.01.2021;FCR;1;NEGPOS_20_24;20,00;71,00;20,00;0,00;87,00;90,06;-60,00;67,00;20,00;18,00;562,00;20,00;-8,00;508,00;20,00;120,00;114,00;20,00;-70,00;-;-;-;-;-;-
02.01.2021;02.01.2021;FCR;1;NEGPOS_00_04;15,40;71,00;15,40;-2,00;87,00;151,07;-60,00;67,00;15,40;-8,00;562,00;15,40;-12,00;508,00;11,36;152,00;114,00;15,40;-70,00;-;-;-;-;-;-
02.01.2021;02.01.2021;FCR;1;NEGPOS_04_08;18,40;71,00;18,40;-2,00;87,00;141,04;-60,00;67,00;18,40;12,00;562,00;18,40;16,00;508,00;18,40;104,00;114,00;18,40;-70,00;-;-;-;-;-;-
02.01.2021;02.01.2021;FCR;1;NEGPOS_08_12;20,00;71,00;20,00;-2,00;87,00;42,86;-60,00;67,00;20,00;78,00;562,00;20,00;20,00;508,00;20,00;34,00;114,00;20,00;-70,00;-;-;-;-;-;-
02.01.2021;02.01.2021;FCR;1;NEGPOS_12_16;20,00;71,00;20,00;9,00;87,00;41,38;-60,00;67,00;20,00;75,00;562,00;20,00;18,00;508,00;20,00;28,00;114,00;20,00;-70,00;-;-;-;-;-;-
02.01.2021;02.01.2021;FCR;1;NEGPOS_16_20;13,64;71,00;13,64;0,00;87,00;49,60;-60,00;67,00;13,64;52,00;562,00;13,64;-19,00;508,00;13,64;97,00;114,00;13,64;-70,00;-;-;-;-;-;-
02.01.2021;02.01.2021;FCR;1;NEGPOS_20_24;25,00;71,00;25,00;9,00;87,00;72,12;-60,00;67,00;25,00;30,00;562,00;25,00;56,00;508,00;25,00;35,00;114,00;25,00;-70,00;-;-;-;-;-;-
03.01.2021;03.01.2021;FCR;1;NEGPOS_00_04;22,00;71,00;22,00;-2,00;87,00;80,01;-57,00;67,00;22,00;12,00;562,00;22,00;42,00;508,00;22,00;84,00;114,00;22,00;-70,00;-;-;-;-;-;-
03.01.2021;03.01.2021;FCR;1;NEGPOS_04_08;17,94;71,00;17,94;-2,00;87,00;99,84;-57,00;67,00;17,94;7,00;562,00;17,94;-30,00;508,00;13,92;152,00;114,00;17,94;-70,00;-;-;-;-;-;-
03.01.2021;03.01.2021;FCR;1;NEGPOS_08_12;16,00;71,00;16,00;-2,00;87,00;17,81;-60,00;67,00;16,00;46,00;562,00;16,00;-46,00;508,00;16,00;132,00;114,00;16,00;-70,00;-;-;-;-;-;-
03.01.2021;03.01.2021;FCR;1;NEGPOS_12_16;14,56;71,00;14,56;-2,00;87,00;18,50;-60,00;67,00;14,56;44,00;562,00;14,56;-10,00;508,00;14,56;98,00;114,00;14,56;-70,00;-;-;-;-;-;-
03.01.2021;03.01.2021;FCR;1;NEGPOS_16_20;14,16;71,00;14,16;-2,00;87,00;32,22;-60,00;67,00;14,16;48,00;562,00;14,16;-21,00;508,00;14,16;105,00;114,00;14,16;-70,00;-;-;-;-;-;-
03.01.2021;03.01.2021;FCR;1;NEGPOS_20_24;16,10;71,00;16,10;-2,00;87,00;66,32;-60,00;67,00;16,10;14,00;562,00;16,10;-31,00;508,00;16,10;149,00;114,00;16,10;-70,00;-;-;-;-;-;-
04.01.2021;04.01.2021;FCR;1;NEGPOS_00_04;19,28;71,00;19,28;-1,00;87,00;120,42;-60,00;67,00;19,28;43,00;562,00;19,28;-43,00;508,00;19,28;132,00;114,00;19,28;-71,00;-;-;-;-;-;-
04.01.2021;04.01.2021;FCR;1;NEGPOS_04_08;19,72;71,00;19,72;-1,00;87,00;115,67;-60,00;67,00;19,72;38,00;562,00;19,72;-5,00;508,00;19,72;99,00;114,00;19,72;-71,00;-;-;-;-;-;-
04.01.2021;04.01.2021;FCR;1;NEGPOS_08_12;11,00;71,00;11,00;-9,00;87,00;27,91;-60,00;67,00;11,00;1,00;562,00;11,00;-2,00;508,00;11,00;141,00;114,00;11,00;-71,00;-;-;-;-;-;-
04.01.2021;04.01.2021;FCR;1;NEGPOS_12_16;11,50;71,00;11,50;-3,00;87,00;26,11;-60,00;67,00;11,50;33,00;562,00;11,50;1,00;508,00;11,50;101,00;114,00;11,50;-72,00;-;-;-;-;-;-
04.01.2021;04.01.2021;FCR;1;NEGPOS_16_20;11,96;71,00;11,96;1,00;87,00;42,82;-60,00;67,00;11,96;19,00;562,00;11,96;0,00;508,00;11,96;111,00;114,00;11,96;-71,00;-;-;-;-;-;-
04.01.2021;04.01.2021;FCR;1;NEGPOS_20_24;21,22;71,00;21,22;-1,00;87,00;55,15;-60,00;67,00;21,22;56,00;562,00;21,22;40,00;508,00;21,22;36,00;114,00;21,22;-71,00;-;-;-;-;-;-
05.01.2021;05.01.2021;FCR;1;NEGPOS_00_04;22,00;71,00;22,00;-1,00;87,00;111,98;-60,00;67,00;22,00;40,00;562,00;22,00;82,00;508,00;22,00;10,00;114,00;22,00;-71,00;-;-;-;-;-;-
05.01.2021;05.01.2021;FCR;1;NEGPOS_04_08;26,33;71,00;26,33;-1,00;87,00;110,09;-60,00;67,00;26,33;39,00;562,00;26,33;41,00;508,00;26,33;52,00;114,00;26,33;-71,00;-;-;-;-;-;-
05.01.2021;05.01.2021;FCR;1;NEGPOS_08_12;10,40;71,00;10,40;-9,00;87,00;36,40;-60,00;67,00;10,40;-2,00;562,00;10,40;-3,00;508,00;9,84;152,00;114,00;10,40;-78,00;-;-;-;-;-;-
05.01.2021;05.01.2021;FCR;1;NEGPOS_12_16;11,00;71,00;11,00;-5,00;87,00;34,85;-60,00;67,00;11,00;3,00;562,00;11,00;-2,00;508,00;11,00;137,00;114,00;11,00;-73,00;-;-;-;-;-;-
05.01.2021;05.01.2021;FCR;1;NEGPOS_16_20;10,40;71,00;10,40;-14,00;87,00;57,86;-60,00;67,00;10,40;1,00;562,00;10,40;-1,00;508,00;3,72;152,00;114,00;10,40;-78,00;-;-;-;-;-;-
05.01.2021;05.01.2021;FCR;1;NEGPOS_20_24;19,00;71,00;19,00;-1,00;87,00;47,99;-60,00;67,00;19,00;41,00;562,00;19,00;28,00;508,00;19,00;63,00;114,00;19,00;-71,00;-;-;-;-;-;-
06.01.2021;06.01.2021;FCR;1;NEGPOS_00_04;27,99;71,00;27,99;-2,00;87,00;90,49;-60,00;67,00;27,99;40,00;562,00;27,99;82,00;508,00;27,99;11,00;114,00;149,99;-71,00;-;-;-;-;-;-
06.01.2021;06.01.2021;FCR;1;NEGPOS_04_08;28,00;71,00;28,00;-2,00;87,00;97,13;-60,00;67,00;28,00;42,00;562,00;28,00;80,00;508,00;28,00;21,00;114,00;122,98;-71,00;-;-;-;-;-;-
06.01.2021;06.01.2021;FCR;1;NEGPOS_08_12;11,00;71,00;11,00;-9,00;87,00;56,61;-60,00;67,00;11,00;11,00;562,00;11,00;-19,00;508,00;11,00;136,00;114,00;181,90;-59,00;-;-;-;-;-;-
06.01.2021;06.01.2021;FCR;1;NEGPOS_12_16;15,66;71,00;15,66;2,00;87,00;53,95;-60,00;67,00;15,66;67,00;562,00;15,66;-13,00;508,00;15,66;79,00;114,00;162,26;-71,00;-;-;-;-;-;-
06.01.2021;06.01.2021;FCR;1;NEGPOS_16_20;15,00;71,00;15,00;3,00;87,00;67,42;-60,00;67,00;15,00;28,00;562,00;15,00;-14,00;508,00;15,00;114,00;114,00;168,38;-71,00;-;-;-;-;-;-
06.01.2021;06.01.2021;FCR;1;NEGPOS_20_24;19,00;71,00;19,00;-2,00;87,00;56,69;-60,00;67,00;19,00;77,00;562,00;19,00;10,00;508,00;19,00;34,00;114,00;118,00;-59,00;-;-;-;-;-;-
07.01.2021;07.01.2021;FCR;1;NEGPOS_00_04;29,00;71,00;29,00;-1,00;87,00;77,05;-60,00;67,00;29,00;80,00;562,00;29,00;84,00;508,00;29,00;-32,00;114,00;145,13;-71,00;-;-;-;-;-;-
07.01.2021;07.01.2021;FCR;1;NEGPOS_04_08;29,00;71,00;29,00;6,00;87,00;79,82;-60,00;67,00;29,00;81,00;562,00;29,00;37,00;508,00;29,00;7,00;114,00;135,62;-71,00;-;-;-;-;-;-
07.01.2021;07.01.2021;FCR;1;NEGPOS_08_12;10,60;71,00;10,60;-2,00;87,00;92,95;-60,00;67,00;10,60;-1,00;562,00;10,60;-18,00;508,00;1,52;152,00;114,00;263,98;-71,00;-;-;-;-;-;-
07.01.2021;07.01.2021;FCR;1;NEGPOS_12_16;10,40;71,00;10,40;-1,00;87,00;77,22;-60,00;67,00;10,40;-1,00;562,00;10,40;-19,00;508,00;1,68;152,00;114,00;176,18;-71,00;-;-;-;-;-;-
07.01.2021;07.01.2021;FCR;1;NEGPOS_16_20;11,50;71,00;11,50;-7,00;87,00;104,71;-60,00;67,00;11,50;11,00;562,00;11,50;-25,00;508,00;1,40;152,00;114,00;179,77;-71,00;-;-;-;-;-;-
07.01.2021;07.01.2021;FCR;1;NEGPOS_20_24;11,00;71,00;11,00;-9,00;87,00;73,49;-60,00;67,00;11,00;53,00;562,00;11,00;-1,00;508,00;11,00;88,00;114,00;105,65;-71,00;-;-;-;-;-;-
08.01.2021;08.01.2021;FCR;1;NEGPOS_00_04;19,00;71,00;19,00;-1,00;87,00;65,50;-60,00;67,00;19,00;76,00;562,00;19,00;49,00;508,00;19,00;12,00;114,00;19,00;-76,00;-;-;-;-;-;-
08.01.2021;08.01.2021;FCR;1;NEGPOS_04_08;25,00;71,00;25,00;6,00;87,00;63,15;-60,00;67,00;25,00;79,00;562,00;25,00;26,00;508,00;25,00;25,00;114,00;25,00;-76,00;-;-;-;-;-;-
08.01.2021;08.01.2021;FCR;1;NEGPOS_08_12;10,00;71,00;10,00;-19,00;87,00;385,51;-38,00;67,00;10,00;-7,00;562,00;10,00;-11,00;508,00;1,00;152,00;114,00;10,00;-77,00;-;-;-;-;-;-
08.01.2021;08.01.2021;FCR;1;NEGPOS_12_16;10,70;71,00;10,70;-14,00;87,00;104,20;-60,00;67,00;10,70;4,00;562,00;10,70;-5,00;508,00;1,36;152,00;114,00;10,70;-77,00;-;-;-;-;-;-
08.01.2021;08.01.2021;FCR;1;NEGPOS_16_20;10,70;71,00;10,70;-14,00;87,00;132,82;-60,00;67,00;10,70;1,00;562,00;10,70;-3,00;508,00;1,08;152,00;114,00;10,70;-76,00;-;-;-;-;-;-
08.01.2021;08.01.2021;FCR;1;NEGPOS_20_24;11,00;71,00;11,00;-9,00;87,00;73,21;-60,00;67,00;11,00;32,00;562,00;11,00;-4,00;508,00;11,00;117,00;114,00;11,00;-76,00;-;-;-;-;-;-
09.01.2021;09.01.2021;FCR;1;NEGPOS_00_04;19,10;71,00;19,10;6,00;87,00;56,34;-60,00;67,00;19,10;77,00;562,00;19,10;66,00;508,00;19,10;-23,00;114,00;19,10;-66,00;-;-;-;-;-;-
09.01.2021;09.01.2021;FCR;1;NEGPOS_04_08;29,00;71,00;29,00;6,00;87,00;55,53;-60,00;67,00;29,00;83,00;562,00;29,00;97,00;508,00;29,00;-60,00;114,00;29,00;-66,00;-;-;-;-;-;-
09.01.2021;09.01.2021;FCR;1;NEGPOS_08_12;12,88;71,00;12,88;2,00;87,00;122,51;-60,00;67,00;12,88;84,00;562,00;12,88;-42,00;508,00;12,88;82,00;114,00;12,88;-66,00;-;-;-;-;-;-
09.01.2021;09.01.2021;FCR;1;NEGPOS_12_16;11,00;71,00;11,00;-2,00;87,00;105,59;-60,00;67,00;11,00;81,00;562,00;11,00;-1,00;508,00;11,00;56,00;114,00;11,00;-74,00;-;-;-;-;-;-
09.01.2021;09.01.2021;FCR;1;NEGPOS_16_20;10,00;71,00;10,00;-7,00;87,00;137,53;-60,00;67,00;10,00;49,00;562,00;10,00;-10,00;508,00;10,00;98,00;114,00;10,00;-70,00;-;-;-;-;-;-
09.01.2021;09.01.2021;FCR;1;NEGPOS_20_24;15,83;71,00;15,83;5,00;87,00;79,42;-60,00;67,00;15,83;79,00;562,00;15,83;14,00;508,00;15,83;28,00;114,00;15,83;-66,00;-;-;-;-;-;-
10.01.2021;10.01.2021;FCR;1;NEGPOS_00_04;20,00;71,00;20,00;4,00;87,00;47,13;-60,00;67,00;20,00;63,00;562,00;20,00;70,00;508,00;20,00;-11,00;114,00;20,00;-66,00;-;-;-;-;-;-
10.01.2021;10.01.2021;FCR;1;NEGPOS_04_08;25,00;71,00;25,00;-3,00;87,00;47,16;-60,00;67,00;25,00;15,00;562,00;25,00;88,00;508,00;25,00;26,00;114,00;25,00;-66,00;-;-;-;-;-;-
10.01.2021;10.01.2021;FCR;1;NEGPOS_08_12;18,00;71,00;18,00;10,00;87,00;127,21;-60,00;67,00;18,00;69,00;562,00;18,00;30,00;508,00;18,00;17,00;114,00;18,00;-66,00;-;-;-;-;-;-
10.01.2021;10.01.2021;FCR;1;NEGPOS_12_16;16,00;71,00;16,00;9,00;87,00;109,16;-60,00;67,00;16,00;67,00;562,00;16,00;28,00;508,00;16,00;22,00;114,00;16,00;-66,00;-;-;-;-;-;-
10.01.2021;10.01.2021;FCR;1;NEGPOS_16_20;15,00;71,00;15,00;9,00;87,00;146,63;-60,00;67,00;15,00;73,00;562,00;15,00;10,00;508,00;15,00;34,00;114,00;15,00;-66,00;-;-;-;-;-;-
10.01.2021;10.01.2021;FCR;1;NEGPOS_20_24;19,00;71,00;19,00;10,00;87,00;96,82;-60,00;67,00;19,00;72,00;562,00;19,00;10,00;508,00;19,00;34,00;114,00;19,00;-66,00;-;-;-;-;-;-
11.01.2021;11.01.2021;FCR;1;NEGPOS_00_04;29,80;71,00;29,80;-3,00;87,00;39,76;-60,00;67,00;29,80;59,00;562,00;29,80;120,00;508,00;29,80;-47,00;114,00;29,80;-69,00;-;-;-;-;-;-
11.01.2021;11.01.2021;FCR;1;NEGPOS_04_08;39,84;71,00;39,84;-2,00;87,00;41,43;-60,00;67,00;39,84;73,00;562,00;39,84;85,00;508,00;39,84;-27,00;114,00;39,84;-69,00;-;-;-;-;-;-
11.01.2021;11.01.2021;FCR;1;NEGPOS_08_12;11,76;71,00;11,76;-4,00;87,00;123,70;-60,00;67,00;11,76;6,00;562,00;11,76;-25,00;508,00;1,24;152,00;114,00;11,76;-69,00;-;-;-;-;-;-
11.01.2021;11.01.2021;FCR;1;NEGPOS_12_16;10,80;71,00;10,80;6,00;87,00;105,20;-60,00;67,00;10,80;2,00;562,00;10,80;-24,00;508,00;1,48;152,00;114,00;10,80;-76,00;-;-;-;-;-;-
11.01.2021;11.01.2021;FCR;1;NEGPOS_16_20;11,40;71,00;11,40;8,00;87,00;141,80;-60,00;67,00;11,40;6,00;562,00;11,40;-33,00;508,00;1,52;152,00;114,00;11,40;-73,00;-;-;-;-;-;-
11.01.2021;11.01.2021;FCR;1;NEGPOS_20_24;19,86;71,00;19,86;-3,00;87,00;92,19;-60,00;67,00;19,86;41,00;562,00;19,86;37,00;508,00;19,86;54,00;114,00;19,86;-69,00;-;-;-;-;-;-
12.01.2021;12.01.2021;FCR;1;NEGPOS_00_04;33,72;71,00;33,72;-2,00;87,00;200,00;-38,00;67,00;33,72;30,00;562,00;33,72;-6,00;508,00;33,72;88,00;114,00;33,72;-72,00;-;-;-;-;-;-
12.01.2021;12.01.2021;FCR;1;NEGPOS_04_08;33,24;71,00;33,24;-2,00;87,00;200,00;-38,00;67,00;33,24;40,00;562,00;33,24;2,00;508,00;33,24;70,00;114,00;33,24;-72,00;-;-;-;-;-;-
12.01.2021;12.01.2021;FCR;1;NEGPOS_08_12;10,80;71,00;10,80;-11,00;87,00;200,00;-41,00;67,00;10,80;4,00;562,00;10,80;-27,00;508,00;9,04;152,00;114,00;10,80;-77,00;-;-;-;-;-;-
12.01.2021;12.01.2021;FCR;1;NEGPOS_12_16;10,76;71,00;10,76;-28,00;87,00;200,00;-41,00;67,00;10,76;55,00;562,00;10,76;-65,00;508,00;7,60;152,00;114,00;10,76;-73,00;-;-;-;-;-;-
12.01.2021;12.01.2021;FCR;1;NEGPOS_16_20;10,90;71,00;10,90;7,00;87,00;200,00;-38,00;67,00;10,90;5,00;562,00;10,90;-24,00;508,00;10,90;122,00;114,00;10,90;-72,00;-;-;-;-;-;-
12.01.2021;12.01.2021;FCR;1;NEGPOS_20_24;19,00;71,00;19,00;-3,00;87,00;200,00;-38,00;67,00;19,00;52,00;562,00;19,00;-53,00;508,00;19,00;111,00;114,00;19,00;-69,00;-;-;-;-;-;-
13.01.2021;13.01.2021;FCR;1;NEGPOS_00_04;30,76;71,00;30,76;4,00;87,00;63,04;-60,00;67,00;30,76;27,00;562,00;30,76;20,00;508,00;30,76;81,00;114,00;30,76;-72,00;-;-;-;-;-;-
13.01.2021;13.01.2021;FCR;1;NEGPOS_04_08;29,00;71,00;29,00;3,00;87,00;51,29;-60,00;67,00;29,00;31,00;562,00;29,00;21,00;508,00;29,00;77,00;114,00;29,00;-72,00;-;-;-;-;-;-
13.01.2021;13.01.2021;FCR;1;NEGPOS_08_12;10,00;71,00;10,00;-10,00;87,00;101,70;-60,00;67,00;10,00;40,00;562,00;10,00;-46,00;508,00;1,72;152,00;114,00;10,00;-76,00;-;-;-;-;-;-
13.01.2021;13.01.2021;FCR;1;NEGPOS_12_16;11,00;71,00;11,00;-3,00;87,00;81,37;-60,00;67,00;11,00;42,00;562,00;11,00;-13,00;508,00;11,00;106,00;114,00;11,00;-72,00;-;-;-;-;-;-
13.01.2021;13.01.2021;FCR;1;NEGPOS_16_20;19,32;71,00;19,32;10,00;87,00;135,89;-60,00;67,00;19,32;55,00;562,00;19,32;-10,00;508,00;19,32;77,00;114,00;19,32;-72,00;-;-;-;-;-;-
13.01.2021;13.01.2021;FCR;1;NEGPOS_20_24;14,37;71,00;14,37;-2,00;87,00;81,08;-60,00;67,00;14,37;70,00;562,00;14,37;-51,00;508,00;14,37;119,00;114,00;14,37;-72,00;-;-;-;-;-;-
14.01.2021;14.01.2021;FCR;1;NEGPOS_00_04;18,76;71,00;18,76;-3,00;87,00;82,30;-60,00;67,00;18,76;24,00;562,00;18,76;-2,00;508,00;18,76;120,00;114,00;18,76;-79,00;-;-;-;-;-;-
14.01.2021;14.01.2021;FCR;1;NEGPOS_04_08;18,79;71,00;18,79;-3,00;87,00;61,91;-60,00;67,00;18,79;24,00;562,00;18,79;-12,00;508,00;18,79;130,00;114,00;18,79;-79,00;-;-;-;-;-;-
14.01.2021;14.01.2021;FCR;1;NEGPOS_08_12;19,00;71,00;19,00;-7,00;87,00;64,35;-60,00;67,00;19,00;18,00;562,00;19,00;-24,00;508,00;1,72;152,00;114,00;19,00;-79,00;-;-;-;-;-;-
14.01.2021;14.01.2021;FCR;1;NEGPOS_12_16;13,60;71,00;13,60;-8,00;87,00;64,77;-60,00;67,00;13,60;15,00;562,00;13,60;-20,00;508,00;1,68;152,00;114,00;13,60;-79,00;-;-;-;-;-;-
14.01.2021;14.01.2021;FCR;1;NEGPOS_16_20;23,48;71,00;23,48;-8,00;87,00;116,11;-60,00;67,00;23,48;25,00;562,00;23,48;-27,00;508,00;1,36;152,00;114,00;23,48;-79,00;-;-;-;-;-;-
14.01.2021;14.01.2021;FCR;1;NEGPOS_20_24;19,77;71,00;19,77;-3,00;87,00;71,48;-60,00;67,00;19,77;87,00;562,00;19,77;1,00;508,00;19,77;54,00;114,00;19,77;-79,00;-;-;-;-;-;-
15.01.2021;15.01.2021;FCR;1;NEGPOS_00_04;28,36;71,00;28,36;7,00;87,00;68,31;-60,00;67,00;28,36;12,00;562,00;28,36;93,00;508,00;28,36;14,00;114,00;28,36;-66,00;-;-;-;-;-;-
15.01.2021;15.01.2021;FCR;1;NEGPOS_04_08;25,84;71,00;25,84;-3,00;87,00;57,25;-60,00;67,00;25,84;15,00;562,00;25,84;35,00;508,00;25,84;85,00;114,00;25,84;-72,00;-;-;-;-;-;-
15.01.2021;15.01.2021;FCR;1;NEGPOS_08_12;20,00;71,00;20,00;-3,00;87,00;55,76;-60,00;67,00;20,00;0,00;562,00;20,00;-23,00;508,00;6,88;152,00;114,00;20,00;-66,00;-;-;-;-;-;-
15.01.2021;15.01.2021;FCR;1;NEGPOS_12_16;10,80;71,00;10,80;-9,00;87,00;51,41;-60,00;67,00;10,80;-9,00;562,00;10,80;3,00;508,00;7,04;152,00;114,00;10,80;-77,00;-;-;-;-;-;-
15.01.2021;15.01.2021;FCR;1;NEGPOS_16_20;29,00;71,00;29,00;-3,00;87,00;106,72;-60,00;67,00;29,00;1,00;562,00;29,00;-18,00;508,00;7,04;152,00;114,00;29,00;-72,00;-;-;-;-;-;-
15.01.2021;15.01.2021;FCR;1;NEGPOS_20_24;16,36;71,00;16,36;-4,00;87,00;67,95;-60,00;67,00;16,36;26,00;562,00;16,36;-5,00;508,00;16,36;115,00;114,00;16,36;-72,00;-;-;-;-;-;-
16.01.2021;16.01.2021;FCR;1;NEGPOS_00_04;22,00;71,00;22,00;3,00;87,00;66,07;-60,00;67,00;22,00;21,00;562,00;22,00;72,00;508,00;22,00;43,00;114,00;163,94;-79,00;-;-;-;-;-;-
16.01.2021;16.01.2021;FCR;1;NEGPOS_04_08;21,92;71,00;21,92;3,00;87,00;60,55;-60,00;67,00;21,92;26,00;562,00;21,92;59,00;508,00;21,92;51,00;114,00;161,86;-79,00;-;-;-;-;-;-
16.01.2021;16.01.2021;FCR;1;NEGPOS_08_12;24,80;71,00;24,80;3,00;87,00;54,01;-60,00;67,00;24,80;97,00;562,00;24,80;-28,00;508,00;24,80;55,00;114,00;143,11;-67,00;-;-;-;-;-;-
16.01.2021;16.01.2021;FCR;1;NEGPOS_12_16;23,00;71,00;23,00;26,00;87,00;46,05;-60,00;67,00;23,00;74,00;562,00;23,00;32,00;508,00;23,00;7,00;114,00;165,61;-79,00;-;-;-;-;-;-
16.01.2021;16.01.2021;FCR;1;NEGPOS_16_20;23,72;71,00;23,72;-4,00;87,00;97,71;-60,00;67,00;23,72;85,00;562,00;23,72;24,00;508,00;23,72;22,00;114,00;124,35;-67,00;-;-;-;-;-;-
16.01.2021;16.01.2021;FCR;1;NEGPOS_20_24;26,46;71,00;26,46;6,00;87,00;62,30;-60,00;67,00;26,46;61,00;562,00;26,46;88,00;508,00;26,46;-16,00;114,00;102,05;-79,00;-;-;-;-;-;-
17.01.2021;17.01.2021;FCR;1;NEGPOS_00_04;29,00;71,00;29,00;2,00;87,00;72,49;-60,00;67,00;29,00;32,00;562,00;29,00;91,00;508,00;29,00;14,00;114,00;29,00;-79,00;-;-;-;-;-;-
17.01.2021;17.01.2021;FCR;1;NEGPOS_04_08;22,46;71,00;22,46;5,00;87,00;64,59;-60,00;67,00;22,46;29,00;562,00;22,46;77,00;508,00;22,46;28,00;114,00;40,00;-79,00;-;-;-;-;-;-
17.01.2021;17.01.2021;FCR;1;NEGPOS_08_12;30,57;71,00;30,57;14,00;87,00;50,81;-60,00;67,00;30,57;65,00;562,00;30,57;84,00;508,00;30,57;-24,00;114,00;30,57;-79,00;-;-;-;-;-;-
17.01.2021;17.01.2021;FCR;1;NEGPOS_12_16;29,35;71,00;29,35;8,00;87,00;47,17;-60,00;67,00;29,35;75,00;562,00;29,35;113,00;508,00;29,35;-56,00;114,00;29,35;-79,00;-;-;-;-;-;-
17.01.2021;17.01.2021;FCR;1;NEGPOS_16_20;36,54;71,00;36,54;11,00;87,00;89,12;-60,00;67,00;36,54;77,00;562,00;36,54;63,00;508,00;36,54;-12,00;114,00;41,00;-79,00;-;-;-;-;-;-
17.01.2021;17.01.2021;FCR;1;NEGPOS_20_24;30,20;71,00;30,20;11,00;87,00;30,20;-57,00;67,00;30,20;60,00;562,00;30,20;103,00;508,00;30,20;-38,00;114,00;54,00;-79,00;-;-;-;-;-;-
18.01.2021;18.01.2021;FCR;1;NEGPOS_00_04;20,00;71,00;20,00;-1,00;87,00;95,82;-60,00;67,00;20,00;-7,00;562,00;20,00;30,00;508,00;20,00;107,00;114,00;20,00;-69,00;-;-;-;-;-;-
18.01.2021;18.01.2021;FCR;1;NEGPOS_04_08;19,00;71,00;19,00;-1,00;87,00;73,78;-60,00;67,00;19,00;11,00;562,00;19,00;-27,00;508,00;14,96;152,00;114,00;19,00;-75,00;-;-;-;-;-;-
18.01.2021;18.01.2021;FCR;1;NEGPOS_08_12;19,00;71,00;19,00;7,00;87,00;54,96;-60,00;67,00;19,00;23,00;562,00;19,00;-53,00;508,00;2,72;152,00;114,00;19,00;-69,00;-;-;-;-;-;-
18.01.2021;18.01.2021;FCR;1;NEGPOS_12_16;23,00;71,00;23,00;1,00;87,00;45,40;-60,00;67,00;20,15;99,00;562,00;23,00;-9,00;508,00;23,00;38,00;114,00;23,00;-69,00;-;-;-;-;-;-
18.01.2021;18.01.2021;FCR;1;NEGPOS_16_20;33,00;71,00;33,00;32,00;87,00;91,60;-60,00;67,00;33,00;77,00;562,00;33,00;-31,00;508,00;33,00;57,00;114,00;33,00;-75,00;-;-;-;-;-;-
18.01.2021;18.01.2021;FCR;1;NEGPOS_20_24;17,83;71,00;17,83;-1,00;87,00;28,43;-60,00;67,00;17,83;46,00;562,00;17,83;-29,00;508,00;17,83;136,00;114,00;17,83;-75,00;-;-;-;-;-;-
19.01.2021;19.01.2021;FCR;1;NEGPOS_00_04;19,16;71,00;19,16;-1,00;87,00;119,15;-60,00;67,00;19,16;-6,00;562,00;19,16;62,00;508,00;19,16;101,00;114,00;19,16;-69,00;15,00;19,16;-15,00;20,00;19,16;-12,00
19.01.2021;19.01.2021;FCR;1;NEGPOS_04_08;19,00;71,00;19,00;-1,00;87,00;82,98;-60,00;67,00;19,00;-7,00;562,00;19,00;18,00;508,00;14,96;152,00;114,00;19,00;-75,00;15,00;19,00;-15,00;20,00;19,00;-12,00
19.01.2021;19.01.2021;FCR;1;NEGPOS_08_12;10,40;71,00;10,40;-18,00;87,00;59,11;-60,00;67,00;10,40;60,00;562,00;10,40;-26,00;508,00;2,72;152,00;114,00;12,74;-79,00;15,00;10,40;-15,00;20,00;17,47;-14,00
19.01.2021;19.01.2021;FCR;1;NEGPOS_12_16;18,75;71,00;18,75;-1,00;87,00;43,63;-60,00;67,00;18,30;97,00;562,00;18,75;22,00;508,00;18,75;38,00;114,00;18,75;-69,00;15,00;18,75;-15,00;20,00;18,75;-12,00
19.01.2021;19.01.2021;FCR;1;NEGPOS_16_20;25,00;71,00;25,00;5,00;87,00;94,09;-60,00;67,00;25,00;93,00;562,00;25,00;5,00;508,00;25,00;57,00;114,00;25,00;-75,00;15,00;25,00;-15,00;20,00;25,00;-10,00
19.01.2021;19.01.2021;FCR;1;NEGPOS_20_24;16,37;71,00;16,37;-2,00;87,00;27,07;-60,00;67,00;16,37;37,00;562,00;16,37;9,00;508,00;16,37;136,00;114,00;16,37;-75,00;15,00;16,37;-15,00;20,00;17,47;-14,00
20.01.2021;20.01.2021;FCR;1;NEGPOS_00_04;33,60;71,00;35,78;2,00;87,00;112,70;-60,00;67,00;35,78;29,00;562,00;35,78;51,00;508,00;35,78;69,00;114,00;35,78;-74,00;15,00;35,78;-15,00;20,00;33,60;6,00
20.01.2021;20.01.2021;FCR;1;NEGPOS_04_08;28,23;71,00;28,23;7,00;87,00;82,92;-60,00;67,00;28,23;23,00;562,00;28,23;68,00;508,00;28,23;52,00;114,00;40,00;-79,00;15,00;28,23;-15,00;20,00;28,23;4,00
20.01.2021;20.01.2021;FCR;1;NEGPOS_08_12;14,00;71,00;14,00;-1,00;87,00;58,93;-60,00;67,00;14,00;55,00;562,00;14,00;-5,00;508,00;14,00;101,00;114,00;285,00;-61,00;15,00;14,00;-15,00;20,00;15,00;-14,00
20.01.2021;20.01.2021;FCR;1;NEGPOS_12_16;20,00;71,00;20,00;16,00;87,00;55,04;-60,00;67,00;20,00;77,00;562,00;20,00;66,00;508,00;20,00;-17,00;114,00;226,00;-61,00;15,00;20,00;-15,00;20,00;20,00;-6,00
20.01.2021;20.01.2021;FCR;1;NEGPOS_16_20;23,84;71,00;23,84;7,00;87,00;80,48;-60,00;67,00;22,32;100,00;562,00;23,84;46,00;508,00;23,84;-13,00;114,00;559,56;-61,00;15,00;23,84;-15,00;20,00;23,84;-4,00
20.01.2021;20.01.2021;FCR;1;NEGPOS_20_24;30,44;71,00;30,44;19,00;87,00;43,44;-60,00;67,00;30,44;29,00;562,00;30,44;116,00;508,00;30,44;-14,00;114,00;54,00;-79,00;15,00;30,44;-15,00;20,00;30,44;4,00
21.01.2021;21.01.2021;FCR;1;NEGPOS_00_04;44,88;71,00;44,88;8,00;87,00;118,56;-60,00;67,00;44,88;33,00;562,00;44,88;3,00;508,00;44,88;88,00;114,00;44,88;-69,00;15,00;44,88;-9,00;20,00;44,88;6,00
21.01.2021;21.01.2021;FCR;1;NEGPOS_04_08;35,55;71,00;35,55;8,00;87,00;95,23;-60,00;67,00;35,55;58,00;562,00;35,55;3,00;508,00;35,55;85,00;114,00;35,55;-75,00;15,00;35,55;-15,00;20,00;35,55;-4,00
21.01.2021;21.01.2021;FCR;1;NEGPOS_08_12;18,00;71,00;18,00;21,00;87,00;59,99;-60,00;67,00;18,00;39,00;562,00;18,00;30,00;508,00;18,00;67,00;114,00;18,00;-70,00;15,00;18,00;-15,00;20,00;18,00;-12,00
21.01.2021;21.01.2021;FCR;1;NEGPOS_12_16;19,00;71,00;19,00;18,00;87,00;547,52;-36,00;67,00;19,00;73,00;562,00;19,00;45,00;508,00;19,00;-6,00;114,00;19,00;-69,00;15,00;19,00;-15,00;20,00;19,00;-10,00
21.01.2021;21.01.2021;FCR;1;NEGPOS_16_20;23,80;71,00;23,80;30,00;87,00;65,59;-60,00;67,00;23,80;80,00;562,00;23,80;46,00;508,00;23,80;1,00;114,00;23,80;-75,00;15,00;23,80;-15,00;20,00;23,80;-7,00
21.01.2021;21.01.2021;FCR;1;NEGPOS_20_24;38,96;71,00;38,96;26,00;87,00;60,17;-60,00;67,00;38,96;58,00;562,00;38,96;76,00;508,00;38,96;-9,00;114,00;38,96;-75,00;15,00;38,96;-15,00;20,00;38,96;-1,00
22.01.2021;22.01.2021;FCR;1;NEGPOS_00_04;38,79;71,00;48,00;9,00;87,00;173,71;-60,00;67,00;48,00;34,00;562,00;48,00;13,00;508,00;48,00;92,00;114,00;48,00;-79,00;15,00;48,00;-15,00;20,00;38,79;6,00
22.01.2021;22.01.2021;FCR;1;NEGPOS_04_08;41,65;71,00;41,65;8,00;87,00;132,23;-60,00;67,00;41,65;55,00;562,00;41,65;51,00;508,00;41,65;47,00;114,00;41,65;-79,00;15,00;41,65;-15,00;20,00;41,65;-7,00
22.01.2021;22.01.2021;FCR;1;NEGPOS_08_12;10,88;71,00;10,88;-4,00;87,00;43,42;-60,00;67,00;10,88;30,00;562,00;10,88;-10,00;508,00;10,68;152,00;114,00;11,96;-79,00;15,00;10,88;-15,00;20,00;20,40;-14,00
22.01.2021;22.01.2021;FCR;1;NEGPOS_12_16;16,44;71,00;16,44;23,00;87,00;49,31;-60,00;67,00;16,44;52,00;562,00;16,44;30,00;508,00;16,44;63,00;114,00;16,44;-79,00;15,00;16,44;-15,00;20,00;20,87;-14,00
22.01.2021;22.01.2021;FCR;1;NEGPOS_16_20;11,20;71,00;11,20;-7,00;87,00;49,92;-60,00;67,00;11,20;21,00;562,00;11,20;2,00;508,00;5,04;152,00;114,00;12,92;-79,00;15,00;11,20;-15,00;20,00;20,40;-14,00
22.01.2021;22.01.2021;FCR;1;NEGPOS_20_24;20,52;71,00;20,52;17,00;87,00;60,98;-60,00;67,00;20,52;24,00;562,00;20,52;40,00;508,00;20,52;83,00;114,00;20,52;-79,00;15,00;20,52;-15,00;20,00;20,52;-10,00
23.01.2021;23.01.2021;FCR;1;NEGPOS_00_04;20,30;71,00;20,30;2,00;87,00;174,82;-60,00;67,00;20,30;-8,00;562,00;20,30;72,00;508,00;20,30;89,00;114,00;20,30;-70,00;15,00;20,30;-15,00;20,00;20,30;-10,00
23.01.2021;23.01.2021;FCR;1;NEGPOS_04_08;19,80;71,00;19,80;-1,00;87,00;139,78;-60,00;67,00;19,80;-4,00;562,00;19,80;52,00;508,00;19,80;114,00;114,00;19,80;-76,00;15,00;19,80;-15,00;20,00;19,80;-10,00
23.01.2021;23.01.2021;FCR;1;NEGPOS_08_12;17,62;71,00;17,62;6,00;87,00;41,36;-60,00;67,00;17,62;30,00;562,00;17,62;12,00;508,00;17,62;103,00;114,00;17,62;-70,00;15,00;17,62;-15,00;20,00;17,62;-6,00
23.01.2021;23.01.2021;FCR;1;NEGPOS_12_16;17,00;71,00;17,00;15,00;87,00;66,72;-60,00;67,00;17,00;1,00;562,00;17,00;24,00;508,00;17,00;116,00;114,00;17,00;-70,00;15,00;17,00;-15,00;20,00;17,00;-11,00
23.01.2021;23.01.2021;FCR;1;NEGPOS_16_20;15,24;71,00;15,24;17,00;87,00;46,33;-60,00;67,00;15,24;-3,00;562,00;15,24;4,00;508,00;15,24;144,00;114,00;15,24;-76,00;15,00;15,24;-15,00;20,00;15,24;-11,00
23.01.2021;23.01.2021;FCR;1;NEGPOS_20_24;19,00;71,00;19,00;12,00;87,00;68,84;-60,00;67,00;19,00;26,00;562,00;19,00;15,00;508,00;19,00;109,00;114,00;19,00;-76,00;15,00;19,00;-15,00;20,00;19,00;-11,00
24.01.2021;24.01.2021;FCR;1;NEGPOS_00_04;42,40;71,00;42,40;14,00;87,00;70,00;-59,00;67,00;42,40;34,00;562,00;42,40;133,00;508,00;42,40;-36,00;114,00;42,40;-70,00;15,00;42,40;-15,00;20,00;42,40;-1,00
24.01.2021;24.01.2021;FCR;1;NEGPOS_04_08;44,52;71,00;44,52;14,00;87,00;70,00;-59,00;67,00;44,52;35,00;562,00;44,52;136,00;508,00;44,52;-41,00;114,00;44,52;-70,00;15,00;44,52;-15,00;20,00;44,52;0,00
24.01.2021;24.01.2021;FCR;1;NEGPOS_08_12;35,00;71,00;35,00;20,00;87,00;52,52;-60,00;67,00;35,00;72,00;562,00;35,00;62,00;508,00;35,00;-3,00;114,00;35,00;-70,00;15,00;35,00;-15,00;20,00;35,00;-6,00
24.01.2021;24.01.2021;FCR;1;NEGPOS_12_16;34,76;71,00;34,76;23,00;87,00;70,00;-59,00;67,00;34,76;42,00;562,00;34,76;108,00;508,00;34,76;-25,00;114,00;34,76;-70,00;15,00;34,76;-15,00;20,00;34,76;-4,00
24.01.2021;24.01.2021;FCR;1;NEGPOS_16_20;30,80;71,00;30,80;20,00;87,00;45,82;-60,00;67,00;30,80;81,00;562,00;30,80;72,00;508,00;30,80;-8,00;114,00;30,80;-76,00;15,00;30,80;-15,00;20,00;35,00;-14,00
24.01.2021;24.01.2021;FCR;1;NEGPOS_20_24;27,92;71,00;27,92;23,00;87,00;66,84;-60,00;67,00;27,92;35,00;562,00;27,92;86,00;508,00;27,92;18,00;114,00;27,92;-76,00;15,00;27,92;-15,00;20,00;27,92;-11,00
25.01.2021;25.01.2021;FCR;1;NEGPOS_00_04;20,00;71,00;20,00;7,00;87,00;188,96;-60,00;67,00;20,00;16,00;562,00;20,00;46,00;508,00;20,00;90,00;114,00;20,00;-70,00;15,00;20,00;-15,00;20,00;21,00;-14,00
25.01.2021;25.01.2021;FCR;1;NEGPOS_04_08;24,79;71,00;24,79;1,00;87,00;146,34;-60,00;67,00;24,79;42,00;562,00;24,79;14,00;508,00;24,79;108,00;114,00;24,79;-70,00;15,00;24,79;-15,00;20,00;26,88;-14,00
25.01.2021;25.01.2021;FCR;1;NEGPOS_08_12;13,30;71,00;13,30;-4,00;87,00;217,76;-38,00;67,00;13,30;12,00;562,00;13,30;-23,00;508,00;4,48;152,00;114,00;13,30;-70,00;15,00;13,30;-15,00;20,00;50,00;-14,00
25.01.2021;25.01.2021;FCR;1;NEGPOS_12_16;11,90;71,00;11,90;-1,00;87,00;84,21;-60,00;67,00;11,90;26,00;562,00;11,90;-11,00;508,00;1,52;152,00;114,00;11,90;-77,00;15,00;11,90;-15,00;20,00;41,71;-14,00
25.01.2021;25.01.2021;FCR;1;NEGPOS_16_20;15,00;71,00;15,00;-3,00;87,00;47,84;-60,00;67,00;15,00;23,00;562,00;15,00;-13,00;508,00;6,40;152,00;114,00;15,00;-70,00;15,00;15,00;-15,00;20,00;50,00;-14,00
25.01.2021;25.01.2021;FCR;1;NEGPOS_20_24;20,00;71,00;20,00;6,00;87,00;69,00;-60,00;67,00;20,00;79,00;562,00;20,00;-3,00;508,00;20,00;83,00;114,00;20,00;-76,00;15,00;20,00;-15,00;20,00;26,88;-14,00
26.01.2021;26.01.2021;FCR;1;NEGPOS_00_04;18,96;71,00;18,96;4,00;87,00;184,53;-60,00;67,00;18,96;21,00;562,00;18,96;34,00;508,00;18,96;100,00;114,00;18,96;-76,00;15,00;18,96;-15,00;20,00;18,96;-8,00
26.01.2021;26.01.2021;FCR;1;NEGPOS_04_08;23,24;71,00;23,24;0,00;87,00;141,70;-60,00;67,00;23,24;19,00;562,00;23,24;14,00;508,00;23,24;126,00;114,00;23,24;-76,00;15,00;23,24;-15,00;20,00;23,24;-8,00
26.01.2021;26.01.2021;FCR;1;NEGPOS_08_12;14,80;71,00;14,80;-7,00;87,00;55,35;-60,00;67,00;14,80;25,00;562,00;14,80;-11,00;508,00;1,52;152,00;114,00;14,80;-70,00;15,00;14,80;-15,00;20,00;41,93;-14,00
26.01.2021;26.01.2021;FCR;1;NEGPOS_12_16;13,90;71,00;13,90;-7,00;87,00;89,66;-60,00;67,00;13,90;67,00;562,00;13,90;-16,00;508,00;13,90;116,00;114,00;13,90;-70,00;15,00;13,90;-15,00;20,00;30,10;-14,00
26.01.2021;26.01.2021;FCR;1;NEGPOS_16_20;17,00;71,00;17,00;2,00;87,00;47,32;-60,00;67,00;17,00;25,00;562,00;17,00;-20,00;508,00;1,80;152,00;114,00;17,00;-70,00;15,00;17,00;-15,00;20,00;41,93;-14,00
26.01.2021;26.01.2021;FCR;1;NEGPOS_20_24;21,78;71,00;21,78;6,00;87,00;70,64;-60,00;67,00;21,78;56,00;562,00;21,78;17,00;508,00;21,78;86,00;114,00;21,78;-76,00;15,00;21,78;-15,00;20,00;21,78;-14,00
27.01.2021;27.01.2021;FCR;1;NEGPOS_00_04;21,00;71,00;21,00;5,00;87,00;100,00;-59,00;67,00;21,00;21,00;562,00;21,00;63,00;508,00;21,00;67,00;114,00;122,48;-70,00;15,00;21,00;-15,00;20,00;21,00;-12,00
27.01.2021;27.01.2021;FCR;1;NEGPOS_04_08;25,00;71,00;25,00;6,00;87,00;100,00;-59,00;67,00;25,00;11,00;562,00;25,00;23,00;508,00;25,00;116,00;114,00;160,38;-70,00;15,00;25,00;-15,00;20,00;25,00;-12,00
27.01.2021;27.01.2021;FCR;1;NEGPOS_08_12;14,80;71,00;14,80;-4,00;87,00;61,41;-60,00;67,00;14,80;34,00;562,00;14,80;-34,00;508,00;3,36;152,00;114,00;132,31;-58,00;15,00;14,80;-15,00;20,00;40,00;-14,00
27.01.2021;27.01.2021;FCR;1;NEGPOS_12_16;10,40;71,00;10,40;-8,00;87,00;82,56;-60,00;67,00;10,40;9,00;562,00;10,40;-6,00;508,00;6,36;152,00;114,00;116,00;-58,00;15,00;10,40;-15,00;20,00;27,42;-14,00
27.01.2021;27.01.2021;FCR;1;NEGPOS_16_20;15,45;71,00;15,45;1,00;87,00;53,79;-60,00;67,00;15,45;22,00;562,00;15,45;-16,00;508,00;4,60;152,00;114,00;144,03;-70,00;15,00;15,45;-15,00;20,00;40,00;-14,00
27.01.2021;27.01.2021;FCR;1;NEGPOS_20_24;13,18;71,00;13,18;-2,00;87,00;53,86;-60,00;67,00;13,18;22,00;562,00;13,18;-13,00;508,00;6,72;152,00;114,00;107,02;-70,00;15,00;13,18;-15,00;20,00;15,07;-14,00
28.01.2021;28.01.2021;FCR;1;NEGPOS_00_04;14,00;71,00;14,00;3,00;87,00;75,00;-59,00;67,00;14,00;1,00;562,00;14,00;2,00;508,00;8,12;152,00;114,00;161,05;-70,00;15,00;14,00;-15,00;20,00;15,20;-14,00
28.01.2021;28.01.2021;FCR;1;NEGPOS_04_08;16,00;71,00;16,00;-3,00;87,00;81,08;-59,00;67,00;16,00;15,00;562,00;16,00;-8,00;508,00;3,72;152,00;114,00;122,28;-70,00;15,00;16,00;-15,00;20,00;16,00;-12,00
28.01.2021;28.01.2021;FCR;1;NEGPOS_08_12;10,04;71,00;10,04;-9,00;87,00;130,09;-38,00;67,00;10,04;31,00;562,00;10,04;-37,00;508,00;2,96;152,00;114,00;241,07;-70,00;15,00;10,04;-15,00;20,00;34,20;-14,00
28.01.2021;28.01.2021;FCR;1;NEGPOS_12_16;13,20;71,00;13,20;5,00;87,00;71,65;-60,00;67,00;13,20;67,00;562,00;13,20;27,00;508,00;13,20;63,00;114,00;162,19;-70,00;15,00;13,20;-15,00;20,00;24,50;-14,00
28.01.2021;28.01.2021;FCR;1;NEGPOS_16_20;20,00;71,00;20,00;15,00;87,00;53,36;-60,00;67,00;20,00;91,00;562,00;20,00;-7,00;508,00;20,00;60,00;114,00;153,76;-70,00;15,00;20,00;-15,00;20,00;39,13;-14,00
28.01.2021;28.01.2021;FCR;1;NEGPOS_20_24;18,31;71,00;18,31;9,00;87,00;29,88;-60,00;67,00;18,31;16,00;562,00;18,31;-2,00;508,00;18,31;133,00;114,00;93,52;-70,00;15,00;18,31;-15,00;20,00;18,31;-11,00
29.01.2021;29.01.2021;FCR;1;NEGPOS_00_04;29,00;71,00;29,00;15,00;87,00;136,49;-60,00;67,00;29,00;22,00;562,00;29,00;118,00;508,00;29,00;3,00;114,00;121,47;-79,00;15,00;29,00;-12,00;20,00;29,00;-7,00
29.01.2021;29.01.2021;FCR;1;NEGPOS_04_08;29,00;71,00;29,00;12,00;87,00;89,66;-60,00;67,00;29,00;51,00;562,00;29,00;74,00;508,00;29,00;20,00;114,00;132,89;-79,00;15,00;29,00;-15,00;20,00;29,00;-3,00
29.01.2021;29.01.2021;FCR;1;NEGPOS_08_12;15,60;71,00;15,60;15,00;87,00;61,02;-60,00;67,00;15,60;90,00;562,00;15,60;-13,00;508,00;15,60;64,00;114,00;240,73;-67,00;15,00;15,60;-15,00;20,00;22,18;-14,00
29.01.2021;29.01.2021;FCR;1;NEGPOS_12_16;29,00;71,00;29,00;26,00;87,00;74,71;-60,00;67,00;29,00;82,00;562,00;29,00;67,00;508,00;29,00;-20,00;114,00;159,80;-79,00;15,00;29,00;-15,00;20,00;29,00;-1,00
29.01.2021;29.01.2021;FCR;1;NEGPOS_16_20;24,76;71,00;24,76;22,00;87,00;51,61;-60,00;67,00;22,80;100,00;562,00;24,76;23,00;508,00;24,76;14,00;114,00;154,53;-79,00;15,00;24,76;-15,00;20,00;24,76;-5,00
29.01.2021;29.01.2021;FCR;1;NEGPOS_20_24;29,00;71,00;29,00;24,00;87,00;41,94;-60,00;67,00;29,00;28,00;562,00;29,00;106,00;508,00;29,00;-6,00;114,00;102,07;-79,00;15,00;29,00;-15,00;20,00;29,00;2,00
30.01.2021;30.01.2021;FCR;1;NEGPOS_00_04;20,00;71,00;20,00;6,00;87,00;159,30;-60,00;67,00;20,00;12,00;562,00;20,00;42,00;508,00;20,00;88,00;114,00;159,66;-70,00;15,00;20,00;-8,00;20,00;20,00;-10,00
30.01.2021;30.01.2021;FCR;1;NEGPOS_04_08;16,09;71,00;16,09;10,00;87,00;100,42;-60,00;67,00;16,09;17,00;562,00;16,09;28,00;508,00;16,09;104,00;114,00;128,32;-70,00;15,00;16,09;-15,00;20,00;16,78;-14,00
30.01.2021;30.01.2021;FCR;1;NEGPOS_08_12;20,71;71,00;20,71;12,00;87,00;71,63;-60,00;67,00;20,71;81,00;562,00;20,71;-28,00;508,00;20,71;75,00;114,00;234,80;-58,00;15,00;20,71;-15,00;20,00;20,71;-7,00
30.01.2021;30.01.2021;FCR;1;NEGPOS_12_16;15,63;71,00;15,63;4,00;87,00;71,26;-60,00;67,00;15,63;46,00;562,00;15,63;27,00;508,00;15,63;63,00;114,00;141,75;-58,00;15,00;15,63;-15,00;20,00;15,63;-7,00
30.01.2021;30.01.2021;FCR;1;NEGPOS_16_20;14,00;71,00;14,00;1,00;87,00;53,33;-60,00;67,00;14,00;50,00;562,00;14,00;9,00;508,00;14,00;80,00;114,00;149,45;-58,00;15,00;14,00;-15,00;20,00;14,00;-7,00
30.01.2021;30.01.2021;FCR;1;NEGPOS_20_24;21,50;71,00;21,50;9,00;87,00;48,78;-60,00;67,00;21,50;17,00;562,00;21,50;78,00;508,00;21,50;48,00;114,00;90,79;-70,00;15,00;21,50;-15,00;20,00;21,50;-7,00
31.01.2021;31.01.2021;FCR;1;NEGPOS_00_04;24,00;71,00;24,00;-37,00;87,00;143,44;-58,00;67,00;24,00;14,00;562,00;24,00;78,00;508,00;24,00;85,00;114,00;146,09;-70,00;15,00;24,00;-15,00;20,00;24,00;3,00
31.01.2021;31.01.2021;FCR;1;NEGPOS_04_08;34,03;71,00;34,03;-35,00;87,00;106,52;-60,00;67,00;34,03;19,00;562,00;34,03;113,00;508,00;34,03;40,00;114,00;142,72;-70,00;15,00;34,03;-12,00;20,00;34,03;6,00
31.01.2021;31.01.2021;FCR;1;NEGPOS_08_12;23,00;71,00;55,41;-18,00;87,00;73,33;-60,00;67,00;55,41;47,00;562,00;55,41;99,00;508,00;55,41;4,00;114,00;200,95;-70,00;15,00;55,41;-6,00;20,00;23,00;4,00
31.01.2021;31.01.2021;FCR;1;NEGPOS_12_16;23,00;71,00;42,36;-26,00;87,00;76,47;-60,00;67,00;42,36;20,00;562,00;42,36;150,00;508,00;42,36;-12,00;114,00;144,86;-70,00;15,00;42,36;-6,00;20,00;23,00;4,00
31.01.2021;31.01.2021;FCR;1;NEGPOS_16_20;33,00;71,00;33,30;-32,00;87,00;53,13;-60,00;67,00;33,30;14,00;562,00;33,30;112,00;508,00;33,30;45,00;114,00;137,97;-70,00;15,00;33,30;-15,00;20,00;33,00;6,00
31.01.2021;31.01.2021;FCR;1;NEGPOS_20_24;26,89;71,00;47,44;-23,00;87,00;59,49;-60,00;67,00;47,44;44,00;562,00;42,00;166,00;508,00;47,44;-50,00;114,00;106,06;-70,00;15,00;47,44;-9,00;20,00;26,89;6,00
01.02.2021;01.02.2021;FCR;1;NEGPOS_00_04;31,04;71,00;31,04;-43,00;87,00;163,95;-60,00;67,00;31,04;28,00;562,00;31,04;88,00;508,00;31,04;71,00;114,00;31,04;-77,00;15,00;31,04;-13,00;20,00;31,04;6,00
01.02.2021;01.02.2021;FCR;1;NEGPOS_04_08;48,08;71,00;48,08;-31,00;87,00;101,74;-60,00;67,00;48,08;47,00;562,00;48,08;54,00;508,00;48,08;78,00;114,00;48,08;-77,00;15,00;48,08;-15,00;20,00;48,08;4,00
01.02.2021;01.02.2021;FCR;1;NEGPOS_08_12;22,00;71,00;22,00;-11,00;87,00;62,35;-60,00;67,00;22,00;44,00;562,00;22,00;-19,00;508,00;2,96;152,00;114,00;22,00;-77,00;15,00;22,00;-15,00;20,00;28,83;-14,00
01.02.2021;01.02.2021;FCR;1;NEGPOS_12_16;19,16;71,00;19,16;-28,00;87,00;67,26;-60,00;67,00;19,16;60,00;562,00;19,16;75,00;508,00;19,16;59,00;114,00;19,16;-77,00;15,00;19,16;-15,00;20,00;20,37;-14,00
01.02.2021;01.02.2021;FCR;1;NEGPOS_16_20;21,32;71,00;21,32;-17,00;87,00;43,92;-60,00;67,00;21,32;60,00;562,00;21,32;-1,00;508,00;21,32;125,00;114,00;21,32;-77,00;15,00;21,32;-15,00;20,00;24,90;-14,00
01.02.2021;01.02.2021;FCR;1;NEGPOS_20_24;22,76;71,00;22,76;-44,00;87,00;60,44;-60,00;67,00;22,76;57,00;562,00;22,76;62,00;508,00;22,76;75,00;114,00;22,76;-77,00;15,00;22,76;-15,00;20,00;22,76;2,00
02.02.2021;02.02.2021;FCR;1;NEGPOS_00_04;21,53;71,00;21,53;-49,00;87,00;168,01;-60,00;67,00;21,53;-10,00;562,00;21,53;52,00;508,00;21,53;151,00;114,00;120,84;-72,00;15,00;21,53;-13,00;20,00;21,53;1,00
02.02.2021;02.02.2021;FCR;1;NEGPOS_04_08;26,89;71,00;26,89;-43,00;87,00;97,76;-60,00;67,00;26,89;17,00;562,00;26,89;19,00;508,00;14,00;152,00;114,00;127,59;-72,00;15,00;26,89;-15,00;20,00;26,89;2,00
02.02.2021;02.02.2021;FCR;1;NEGPOS_08_12;17,80;71,00;17,80;-22,00;87,00;53,86;-60,00;67,00;17,80;41,00;562,00;17,80;-26,00;508,00;14,12;152,00;114,00;202,01;-72,00;15,00;17,80;-15,00;20,00;17,80;3,00
02.02.2021;02.02.2021;FCR;1;NEGPOS_12_16;10,00;71,00;22,00;-49,00;87,00;59,86;-60,00;67,00;19,00;34,00;562,00;19,00;4,00;508,00;15,08;152,00;114,00;150,32;-72,00;15,00;19,00;-15,00;20,00;10,00;6,00
02.02.2021;02.02.2021;FCR;1;NEGPOS_16_20;21,40;71,00;21,40;-49,00;87,00;37,24;-60,00;67,00;21,40;38,00;562,00;21,40;0,00;508,00;15,16;152,00;114,00;141,21;-72,00;15,00;21,40;-15,00;20,00;21,40;6,00
02.02.2021;02.02.2021;FCR;1;NEGPOS_20_24;21,50;71,00;21,50;-49,00;87,00;61,92;-60,00;67,00;21,50;25,00;562,00;21,50;36,00;508,00;21,50;133,00;114,00;97,48;-72,00;15,00;21,50;-15,00;20,00;21,50;2,00
03.02.2021;03.02.2021;FCR;1;NEGPOS_00_04;24,96;71,00;24,96;-40,00;87,00;163,78;-60,00;67,00;24,96;3,00;562,00;24,96;114,00;508,00;24,96;63,00;114,00;131,30;-72,00;15,00;24,96;-11,00;20,00;24,96;3,00
03.02.2021;03.02.2021;FCR;1;NEGPOS_04_08;26,77;71,00;26,77;-42,00;87,00;103,75;-60,00;67,00;26,77;35,00;562,00;26,77;65,00;508,00;26,77;88,00;114,00;160,12;-72,00;15,00;26,77;-15,00;20,00;26,77;1,00
03.02.2021;03.02.2021;FCR;1;NEGPOS_08_12;15,64;71,00;15,64;-19,00;87,00;44,92;-60,00;67,00;15,64;73,00;562,00;15,64;-56,00;508,00;15,64;143,00;114,00;224,44;-72,00;15,00;15,64;-15,00;20,00;15,64;6,00
03.02.2021;03.02.2021;FCR;1;NEGPOS_12_16;11,34;71,00;22,81;-40,00;87,00;61,24;-60,00;67,00;22,81;63,00;562,00;22,81;30,00;508,00;22,81;76,00;114,00;144,00;-60,00;15,00;22,81;-15,00;20,00;11,34;6,00
03.02.2021;03.02.2021;FCR;1;NEGPOS_16_20;11,34;71,00;23,40;-43,00;87,00;33,87;-60,00;67,00;23,40;77,00;562,00;23,40;12,00;508,00;23,40;84,00;114,00;139,63;-60,00;15,00;23,40;-15,00;20,00;11,34;6,00
03.02.2021;03.02.2021;FCR;1;NEGPOS_20_24;23,84;71,00;23,84;-43,00;87,00;71,62;-60,00;67,00;23,84;40,00;562,00;23,84;36,00;508,00;23,84;112,00;114,00;103,36;-72,00;15,00;23,84;-15,00;20,00;23,84;2,00
04.02.2021;04.02.2021;FCR;1;NEGPOS_00_04;26,89;71,00;44,12;-38,00;87,00;175,13;-60,00;67,00;44,12;38,00;562,00;44,12;43,00;508,00;44,12;93,00;114,00;476,39;-70,00;15,00;44,12;-12,00;20,00;26,89;6,00
04.02.2021;04.02.2021;FCR;1;NEGPOS_04_08;29,35;71,00;29,35;-41,00;87,00;109,69;-60,00;67,00;29,35;35,00;562,00;29,35;35,00;508,00;29,35;111,00;114,00;676,00;-70,00;15,00;29,35;-15,00;20,00;29,35;5,00
04.02.2021;04.02.2021;FCR;1;NEGPOS_08_12;21,50;71,00;21,50;-3,00;87,00;48,41;-60,00;67,00;21,50;72,00;562,00;21,50;16,00;508,00;21,50;58,00;114,00;146,53;-70,00;15,00;21,50;-15,00;20,00;21,50;2,00
04.02.2021;04.02.2021;FCR;1;NEGPOS_12_16;20,00;71,00;20,00;-44,00;87,00;60,02;-60,00;67,00;20,00;81,00;562,00;20,00;22,00;508,00;20,00;87,00;114,00;120,47;-70,00;15,00;20,00;-15,00;20,00;20,00;-1,00
04.02.2021;04.02.2021;FCR;1;NEGPOS_16_20;16,07;71,00;16,07;-13,00;87,00;30,00;-60,00;67,00;16,07;43,00;562,00;16,07;-24,00;508,00;1,68;152,00;114,00;183,03;-70,00;15,00;16,07;-15,00;20,00;16,07;-13,00
04.02.2021;04.02.2021;FCR;1;NEGPOS_20_24;20,00;71,00;20,00;-43,00;87,00;74,98;-60,00;67,00;20,00;39,00;562,00;20,00;24,00;508,00;20,00;123,00;114,00;159,93;-70,00;15,00;20,00;-15,00;20,00;20,00;2,00
05.02.2021;05.02.2021;FCR;1;NEGPOS_00_04;24,48;71,00;24,48;-40,00;87,00;178,07;-60,00;67,00;24,48;3,00;562,00;24,48;28,00;508,00;17,04;152,00;114,00;24,48;-72,00;15,00;24,48;-12,00;20,00;24,48;1,00
05.02.2021;05.02.2021;FCR;1;NEGPOS_04_08;25,00;71,00;25,00;-42,00;87,00;107,51;-60,00;67,00;25,00;28,00;562,00;25,00;8,00;508,00;18,96;152,00;114,00;25,00;-72,00;15,00;25,00;-15,00;20,00;25,00;1,00
05.02.2021;05.02.2021;FCR;1;NEGPOS_08_12;18,16;71,00;18,16;-3,00;87,00;50,11;-60,00;67,00;18,16;80,00;562,00;18,16;-40,00;508,00;18,16;122,00;114,00;18,16;-72,00;15,00;18,16;-15,00;20,00;18,16;-12,00
05.02.2021;05.02.2021;FCR;1;NEGPOS_12_16;19,00;71,00;19,00;-41,00;87,00;53,55;-60,00;67,00;19,00;76,00;562,00;19,00;-7,00;508,00;19,00;131,00;114,00;19,00;-72,00;15,00;19,00;-15,00;20,00;19,00;-12,00
05.02.2021;05.02.2021;FCR;1;NEGPOS_16_20;19,00;71,00;19,00;-29,00;87,00;34,40;-60,00;67,00;19,00;84,00;562,00;19,00;-14,00;508,00;19,00;118,00;114,00;19,00;-72,00;15,00;19,00;-15,00;20,00;19,00;-12,00
05.02.2021;05.02.2021;FCR;1;NEGPOS_20_24;21,50;71,00;21,50;-39,00;87,00;61,91;-60,00;67,00;21,50;36,00;562,00;21,50;35,00;508,00;21,50;121,00;114,00;21,50;-78,00;15,00;21,50;-15,00;20,00;21,50;0,00
06.02.2021;06.02.2021;FCR;1;NEGPOS_00_04;40,73;71,00;40,73;-39,00;87,00;186,29;-60,00;67,00;40,73;41,00;562,00;40,73;41,00;508,00;40,73;100,00;114,00;40,73;-75,00;15,00;40,73;-11,00;20,00;40,73;3,00
06.02.2021;06.02.2021;FCR;1;NEGPOS_04_08;45,36;71,00;45,36;-39,00;87,00;113,98;-60,00;67,00;45,36;49,00;562,00;45,36;22,00;508,00;45,36;111,00;114,00;45,36;-75,00;15,00;45,36;-11,00;20,00;45,36;3,00
06.02.2021;06.02.2021;FCR;1;NEGPOS_08_12;33,00;71,00;33,00;-33,00;87,00;56,12;-60,00;67,00;33,00;67,00;562,00;33,00;22,00;508,00;33,00;93,00;114,00;33,00;-75,00;15,00;33,00;-15,00;20,00;33,00;1,00
06.02.2021;06.02.2021;FCR;1;NEGPOS_12_16;23,87;71,00;23,87;-33,00;87,00;58,08;-60,00;67,00;23,87;49,00;562,00;23,87;15,00;508,00;23,87;119,00;114,00;23,87;-75,00;15,00;23,87;-15,00;20,00;23,87;1,00
06.02.2021;06.02.2021;FCR;1;NEGPOS_16_20;21,06;71,00;21,06;-39,00;87,00;45,32;-60,00;67,00;21,06;62,00;562,00;21,06;14,00;508,00;21,06;112,00;114,00;21,06;-75,00;15,00;21,06;-15,00;20,00;21,06;1,00
06.02.2021;06.02.2021;FCR;1;NEGPOS_20_24;41,67;71,00;41,67;-30,00;87,00;65,38;-60,00;67,00;41,67;62,00;562,00;41,67;23,00;508,00;41,67;94,00;114,00;48,00;-79,00;15,00;41,67;-12,00;20,00;41,67;2,00
07.02.2021;07.02.2021;FCR;1;NEGPOS_00_04;48,27;71,00;63,76;-36,00;87,00;193,80;-60,00;67,00;63,76;33,00;562,00;63,76;-15,00;508,00;63,76;146,00;114,00;120,09;-70,00;15,00;63,76;-4,00;20,00;48,27;6,00
07.02.2021;07.02.2021;FCR;1;NEGPOS_04_08;48,27;71,00;52,00;-36,00;87,00;119,25;-60,00;67,00;52,00;31,00;562,00;52,00;-11,00;508,00;34,24;152,00;114,00;170,16;-70,00;15,00;52,00;-12,00;20,00;48,27;6,00
07.02.2021;07.02.2021;FCR;1;NEGPOS_08_12;55,94;71,00;65,67;-30,00;87,00;65,67;-56,00;67,00;65,67;59,00;562,00;65,67;-51,00;508,00;58,96;152,00;114,00;203,12;-70,00;15,00;65,67;-9,00;20,00;55,94;6,00
07.02.2021;07.02.2021;FCR;1;NEGPOS_12_16;48,24;71,00;48,24;-41,00;87,00;59,55;-60,00;67,00;48,24;32,00;562,00;48,24;15,00;508,00;48,24;136,00;114,00;139,72;-70,00;15,00;48,24;-15,00;20,00;48,24;3,00
07.02.2021;07.02.2021;FCR;1;NEGPOS_16_20;27,82;71,00;37,00;-46,00;87,00;60,95;-60,00;67,00;37,00;15,00;562,00;37,00;28,00;508,00;37,00;143,00;114,00;140,09;-70,00;15,00;37,00;-15,00;20,00;27,82;6,00
07.02.2021;07.02.2021;FCR;1;NEGPOS_20_24;60,00;71,00;60,00;-33,00;87,00;77,93;-60,00;67,00;60,00;22,00;562,00;60,00;55,00;508,00;60,00;100,00;114,00;91,63;-70,00;15,00;60,00;-13,00;20,00;60,00;-1,00
08.02.2021;08.02.2021;FCR;1;NEGPOS_00_04;56,48;71,00;67,80;-19,00;87,00;183,42;-60,00;67,00;67,80;47,00;562,00;67,80;-13,00;508,00;67,80;124,00;114,00;136,16;-70,00;15,00;67,80;-15,00;20,00;56,48;6,00
08.02.2021;08.02.2021;FCR;1;NEGPOS_04_08;50,00;71,00;50,00;-16,00;87,00;124,01;-60,00;67,00;50,00;68,00;562,00;50,00;5,00;508,00;50,00;87,00;114,00;143,48;-70,00;15,00;50,00;-15,00;20,00;50,00;1,00
08.02.2021;08.02.2021;FCR;1;NEGPOS_08_12;19,00;71,00;19,00;1,00;87,00;57,14;-60,00;67,00;19,00;51,00;562,00;19,00;-60,00;508,00;11,16;152,00;114,00;130,00;-55,00;15,00;19,00;-15,00;20,00;19,00;-14,00
08.02.2021;08.02.2021;FCR;1;NEGPOS_12_16;14,00;71,00;14,00;-45,00;87,00;58,04;-60,00;67,00;14,00;59,00;562,00;14,00;-6,00;508,00;11,40;152,00;114,00;140,29;-70,00;15,00;14,00;-15,00;20,00;19,00;-14,00
08.02.2021;08.02.2021;FCR;1;NEGPOS_16_20;16,50;71,00;16,50;-5,00;87,00;56,43;-60,00;67,00;16,50;15,00;562,00;16,50;-18,00;508,00;11,44;152,00;114,00;138,39;-55,00;15,00;16,50;-15,00;20,00;19,00;-14,00
08.02.2021;08.02.2021;FCR;1;NEGPOS_20_24;19,00;71,00;19,00;-28,00;87,00;76,63;-60,00;67,00;19,00;49,00;562,00;19,00;26,00;508,00;19,00;109,00;114,00;110,74;-70,00;15,00;19,00;-15,00;20,00;19,00;-11,00
09.02.2021;09.02.2021;FCR;1;NEGPOS_00_04;45,00;71,00;45,00;-29,00;87,00;173,05;-60,00;67,00;45,00;38,00;562,00;45,00;51,00;508,00;45,00;79,00;114,00;138,31;-70,00;15,00;45,00;-15,00;20,00;45,00;6,00
09.02.2021;09.02.2021;FCR;1;NEGPOS_04_08;43,03;71,00;43,03;-8,00;87,00;128,77;-60,00;67,00;43,03;72,00;562,00;43,03;-9,00;508,00;43,03;87,00;114,00;155,72;-70,00;15,00;43,03;-15,00;20,00;43,03;3,00
09.02.2021;09.02.2021;FCR;1;NEGPOS_08_12;28,96;71,00;28,96;-31,00;87,00;57,72;-60,00;67,00;28,96;38,00;562,00;28,96;-35,00;508,00;3,00;152,00;114,00;129,06;-55,00;15,00;28,96;-15,00;20,00;28,96;6,00
09.02.2021;09.02.2021;FCR;1;NEGPOS_12_16;15,20;71,00;15,20;-33,00;87,00;56,52;-60,00;67,00;15,20;62,00;562,00;15,20;-8,00;508,00;15,20;104,00;114,00;120,00;-55,00;15,00;15,20;-15,00;20,00;15,20;5,00
09.02.2021;09.02.2021;FCR;1;NEGPOS_16_20;23,00;71,00;23,00;-45,00;87,00;51,91;-60,00;67,00;23,00;43,00;562,00;23,00;-4,00;508,00;16,24;152,00;114,00;148,54;-70,00;15,00;23,00;-15,00;20,00;23,00;-1,00
09.02.2021;09.02.2021;FCR;1;NEGPOS_20_24;19,97;71,00;20,52;-23,00;87,00;75,34;-60,00;67,00;20,52;29,00;562,00;20,52;14,00;508,00;20,52;119,00;114,00;105,38;-70,00;15,00;20,52;-15,00;20,00;19,97;6,00
10.02.2021;10.02.2021;FCR;1;NEGPOS_00_04;33,92;71,00;33,92;-11,00;87,00;167,38;-60,00;67,00;33,92;40,00;562,00;33,92;85,00;508,00;33,92;46,00;114,00;137,10;-73,00;15,00;33,92;-15,00;20,00;33,92;-12,00
10.02.2021;10.02.2021;FCR;1;NEGPOS_04_08;36,20;71,00;36,20;-12,00;87,00;116,84;-60,00;67,00;36,20;65,00;562,00;36,20;68,00;508,00;36,20;42,00;114,00;128,72;-73,00;15,00;36,20;-15,00;20,00;72,00;-14,00
10.02.2021;10.02.2021;FCR;1;NEGPOS_08_12;15,20;71,00;15,20;-3,00;87,00;75,41;-60,00;67,00;15,20;24,00;562,00;15,20;-27,00;508,00;2,96;152,00;114,00;167,52;-58,00;15,00;15,20;-15,00;20,00;15,20;-13,00
10.02.2021;10.02.2021;FCR;1;NEGPOS_12_16;16,00;71,00;16,00;-7,00;87,00;61,20;-60,00;67,00;16,00;33,00;562,00;16,00;-16,00;508,00;5,36;152,00;114,00;157,60;-73,00;15,00;16,00;-15,00;20,00;58,60;-14,00
10.02.2021;10.02.2021;FCR;1;NEGPOS_16_20;16,50;71,00;16,50;5,00;87,00;64,33;-60,00;67,00;16,50;13,00;562,00;16,50;-8,00;508,00;4,76;152,00;114,00;131,04;-73,00;15,00;16,50;-15,00;20,00;58,60;-14,00
10.02.2021;10.02.2021;FCR;1;NEGPOS_20_24;16,00;71,00;16,00;-23,00;87,00;62,93;-60,00;67,00;16,00;27,00;562,00;16,00;6,00;508,00;7,44;152,00;114,00;96,85;-73,00;15,00;16,00;-15,00;20,00;58,60;-14,00
11.02.2021;11.02.2021;FCR;1;NEGPOS_00_04;19,29;71,00;19,29;4,00;87,00;146,86;-60,00;67,00;19,29;24,00;562,00;19,29;61,00;508,00;19,29;56,00;114,00;120,00;-61,00;15,00;19,29;-15,00;20,00;19,29;-8,00
11.02.2021;11.02.2021;FCR;1;NEGPOS_04_08;24,20;71,00;24,20;-3,00;87,00;101,93;-60,00;67,00;24,20;24,00;562,00;24,20;37,00;508,00;24,20;85,00;114,00;126,40;-61,00;15,00;24,20;-15,00;20,00;24,20;-7,00
11.02.2021;11.02.2021;FCR;1;NEGPOS_08_12;18,00;71,00;18,00;1,00;87,00;95,24;-60,00;67,00;18,00;32,00;562,00;18,00;-31,00;508,00;1,52;152,00;114,00;210,79;-73,00;15,00;18,00;-15,00;20,00;18,00;-6,00
11.02.2021;11.02.2021;FCR;1;NEGPOS_12_16;14,20;71,00;14,20;12,00;87,00;74,48;-60,00;67,00;14,20;23,00;562,00;14,20;-25,00;508,00;1,68;152,00;114,00;142,33;-73,00;15,00;14,20;-15,00;20,00;76,00;-14,00
11.02.2021;11.02.2021;FCR;1;NEGPOS_16_20;17,30;71,00;17,30;2,00;87,00;89,27;-60,00;67,00;17,30;19,00;562,00;17,30;-12,00;508,00;1,60;152,00;114,00;154,97;-73,00;15,00;17,30;-15,00;20,00;17,30;-13,00
11.02.2021;11.02.2021;FCR;1;NEGPOS_20_24;14,72;71,00;14,72;-3,00;87,00;65,14;-60,00;67,00;14,72;17,00;562,00;14,72;3,00;508,00;14,72;145,00;114,00;104,80;-73,00;15,00;14,72;-15,00;20,00;76,00;-14,00
12.02.2021;12.02.2021;FCR;1;NEGPOS_00_04;12,50;71,00;12,50;3,00;87,00;125,00;-60,00;67,00;12,50;-18,00;562,00;12,50;12,00;508,00;7,92;152,00;114,00;127,50;-60,00;15,00;12,50;-15,00;20,00;76,00;-14,00
12.02.2021;12.02.2021;FCR;1;NEGPOS_04_08;11,20;71,00;11,20;-7,00;87,00;125,00;-38,00;67,00;11,20;-20,00;562,00;11,20;2,00;508,00;8,76;152,00;114,00;128,90;-60,00;15,00;11,20;-15,00;20,00;102,46;-14,00
12.02.2021;12.02.2021;FCR;1;NEGPOS_08_12;11,00;71,00;11,00;4,00;87,00;126,29;-38,00;67,00;11,00;17,00;562,00;11,00;-34,00;508,00;3,00;152,00;114,00;216,77;-72,00;15,00;11,00;-15,00;20,00;76,00;-14,00
12.02.2021;12.02.2021;FCR;1;NEGPOS_12_16;10,80;71,00;10,80;-10,00;87,00;125,00;-38,00;67,00;10,80;22,00;562,00;10,80;-25,00;508,00;7,76;152,00;114,00;135,98;-72,00;15,00;10,80;-15,00;20,00;76,00;-14,00
12.02.2021;12.02.2021;FCR;1;NEGPOS_16_20;11,20;71,00;11,20;-7,00;87,00;132,31;-38,00;67,00;11,20;2,00;562,00;11,20;-8,00;508,00;3,80;152,00;114,00;152,22;-72,00;15,00;11,20;-15,00;20,00;76,00;-14,00
12.02.2021;12.02.2021;FCR;1;NEGPOS_20_24;11,92;71,00;11,92;-5,00;87,00;125,00;-38,00;67,00;11,92;15,00;562,00;11,92;-5,00;508,00;11,32;152,00;114,00;100,26;-72,00;15,00;11,92;-15,00;20,00;64,14;-14,00
13.02.2021;13.02.2021;FCR;1;NEGPOS_00_04;41,88;71,00;41,88;19,00;87,00;118,93;-60,00;67,00;41,88;42,00;562,00;41,88;116,00;508,00;41,88;-30,00;114,00;124,00;-60,00;15,00;41,88;-15,00;20,00;41,88;-12,00
13.02.2021;13.02.2021;FCR;1;NEGPOS_04_08;42,84;71,00;42,84;19,00;87,00;67,44;-60,00;67,00;42,84;42,00;562,00;42,84;109,00;508,00;42,84;-23,00;114,00;124,00;-60,00;15,00;42,84;-15,00;20,00;42,84;-12,00
13.02.2021;13.02.2021;FCR;1;NEGPOS_08_12;20,15;71,00;20,15;11,00;87,00;107,68;-60,00;67,00;20,15;93,00;562,00;20,15;6,00;508,00;20,15;31,00;114,00;124,00;-60,00;15,00;20,15;-15,00;20,00;20,15;-5,00
13.02.2021;13.02.2021;FCR;1;NEGPOS_12_16;25,00;71,00;25,00;8,00;87,00;58,14;-60,00;67,00;25,00;37,00;562,00;25,00;107,00;508,00;25,00;-13,00;114,00;124,00;-60,00;15,00;25,00;-15,00;20,00;25,00;-4,00
13.02.2021;13.02.2021;FCR;1;NEGPOS_16_20;25,00;71,00;25,00;5,00;87,00;93,65;-60,00;67,00;24,31;102,00;562,00;25,00;38,00;508,00;25,00;8,00;114,00;146,99;-72,00;15,00;25,00;-15,00;20,00;25,00;-4,00
13.02.2021;13.02.2021;FCR;1;NEGPOS_20_24;22,45;71,00;22,45;8,00;87,00;53,28;-60,00;67,00;22,45;45,00;562,00;22,45;86,00;508,00;22,45;12,00;114,00;93,85;-72,00;15,00;22,45;-15,00;20,00;22,45;-4,00
14.02.2021;14.02.2021;FCR;1;NEGPOS_00_04;20,88;71,00;20,88;-1,00;87,00;96,08;-60,00;67,00;20,88;3,00;562,00;20,88;49,00;508,00;20,88;101,00;114,00;125,77;-72,00;15,00;20,88;-15,00;20,00;20,88;-5,00
14.02.2021;14.02.2021;FCR;1;NEGPOS_04_08;21,53;71,00;21,53;-1,00;87,00;45,14;-60,00;67,00;21,53;8,00;562,00;21,53;55,00;508,00;21,53;90,00;114,00;121,34;-72,00;15,00;21,53;-15,00;20,00;21,53;-5,00
14.02.2021;14.02.2021;FCR;1;NEGPOS_08_12;20,32;71,00;20,32;5,00;87,00;98,24;-60,00;67,00;20,32;15,00;562,00;20,32;71,00;508,00;20,32;60,00;114,00;210,13;-72,00;15,00;20,32;-15,00;20,00;20,32;-4,00
14.02.2021;14.02.2021;FCR;1;NEGPOS_12_16;24,61;71,00;24,61;5,00;87,00;37,86;-60,00;67,00;24,61;18,00;562,00;24,61;9,00;508,00;24,61;119,00;114,00;164,86;-72,00;15,00;24,61;-15,00;20,00;24,61;-4,00
14.02.2021;14.02.2021;FCR;1;NEGPOS_16_20;18,00;71,00;18,00;-4,00;87,00;83,89;-60,00;67,00;18,00;69,00;562,00;18,00;4,00;508,00;18,00;84,00;114,00;149,21;-72,00;15,00;18,00;-15,00;20,00;18,00;-6,00
14.02.2021;14.02.2021;FCR;1;NEGPOS_20_24;16,44;71,00;16,44;2,00;87,00;30,08;-60,00;67,00;16,44;13,00;562,00;16,44;15,00;508,00;16,44;123,00;114,00;99,96;-72,00;15,00;16,44;-15,00;20,00;16,44;-6,00
15.02.2021;15.02.2021;FCR;1;NEGPOS_00_04;21,00;71,00;21,00;-18,00;87,00;96,08;-60,00;67,00;21,00;-2,00;562,00;21,00;70,00;508,00;21,00;95,00;114,00;131,20;-72,00;15,00;21,00;-8,00;20,00;21,00;-5,00
15.02.2021;15.02.2021;FCR;1;NEGPOS_04_08;21,68;71,00;21,68;-24,00;87,00;45,14;-60,00;67,00;21,68;24,00;562,00;21,68;18,00;508,00;21,68;137,00;114,00;121,54;-72,00;15,00;21,68;-15,00;20,00;21,68;-5,00
15.02.2021;15.02.2021;FCR;1;NEGPOS_08_12;15,00;71,00;15,00;-30,00;87,00;150,00;-38,00;67,00;15,00;30,00;562,00;15,00;-33,00;508,00;6,80;152,00;114,00;215,71;-60,00;15,00;15,00;-15,00;20,00;15,00;-6,00
15.02.2021;15.02.2021;FCR;1;NEGPOS_12_16;15,72;71,00;15,72;-30,00;87,00;150,00;-38,00;67,00;15,72;70,00;562,00;15,72;29,00;508,00;15,72;50,00;114,00;150,94;-60,00;15,00;15,72;-15,00;20,00;15,72;-6,00
15.02.2021;15.02.2021;FCR;1;NEGPOS_16_20;31,64;71,00;31,64;-17,00;87,00;150,00;-38,00;67,00;31,64;67,00;562,00;31,64;60,00;508,00;31,64;15,00;114,00;137,06;-72,00;15,00;31,64;-15,00;20,00;31,64;0,00
15.02.2021;15.02.2021;FCR;1;NEGPOS_20_24;19,00;71,00;19,00;-24,00;87,00;150,00;-38,00;67,00;19,00;23,00;562,00;19,00;58,00;508,00;19,00;74,00;114,00;101,64;-72,00;15,00;19,00;-15,00;20,00;19,00;-6,00
16.02.2021;16.02.2021;FCR;1;NEGPOS_00_04;14,00;71,00;14,00;0,00;87,00;789,09;-38,00;67,00;14,00;-10,00;562,00;14,00;-3,00;508,00;12,00;152,00;114,00;155,72;-72,00;15,00;14,00;-15,00;20,00;25,00;-14,00
16.02.2021;16.02.2021;FCR;1;NEGPOS_04_08;22,00;71,00;22,00;-19,00;87,00;45,14;-60,00;67,00;22,00;-6,00;562,00;22,00;35,00;508,00;22,00;151,00;114,00;163,07;-72,00;15,00;22,00;-15,00;20,00;25,00;-14,00
16.02.2021;16.02.2021;FCR;1;NEGPOS_08_12;19,00;71,00;19,00;2,00;87,00;140,00;-38,00;67,00;19,00;22,00;562,00;19,00;-37,00;508,00;1,68;152,00;114,00;219,33;-72,00;15,00;19,00;-15,00;20,00;25,00;-14,00
16.02.2021;16.02.2021;FCR;1;NEGPOS_12_16;14,00;71,00;14,00;-12,00;87,00;140,00;-38,00;67,00;14,00;32,00;562,00;14,00;-45,00;508,00;11,64;152,00;114,00;147,70;-60,00;15,00;14,00;-15,00;20,00;25,00;-14,00
16.02.2021;16.02.2021;FCR;1;NEGPOS_16_20;17,23;71,00;17,23;-19,00;87,00;140,00;-38,00;67,00;17,23;66,00;562,00;17,23;-45,00;508,00;7,56;152,00;114,00;170,30;-72,00;15,00;17,23;-15,00;20,00;25,00;-14,00
16.02.2021;16.02.2021;FCR;1;NEGPOS_20_24;15,00;71,00;15,00;-6,00;87,00;159,28;-38,00;67,00;15,00;15,00;562,00;15,00;-22,00;508,00;8,80;152,00;114,00;107,88;-72,00;15,00;15,00;-15,00;20,00;25,00;-14,00
17.02.2021;17.02.2021;FCR;1;NEGPOS_00_04;37,00;71,00;37,00;10,00;87,00;954,00;-38,00;67,00;37,00;28,00;562,00;37,00;0,00;508,00;37,00;94,00;114,00;168,62;-72,00;15,00;37,00;-11,00;20,00;37,00;-11,00
17.02.2021;17.02.2021;FCR;1;NEGPOS_04_08;26,44;71,00;26,44;7,00;87,00;701,74;-38,00;67,00;26,44;26,00;562,00;26,44;5,00;508,00;26,44;99,00;114,00;146,91;-72,00;15,00;26,44;-15,00;20,00;26,44;-12,00
17.02.2021;17.02.2021;FCR;1;NEGPOS_08_12;24,05;71,00;24,05;9,00;87,00;164,41;-38,00;67,00;24,05;69,00;562,00;24,05;45,00;508,00;24,05;0,00;114,00;169,73;-57,00;15,00;24,05;-15,00;20,00;24,05;-11,00
17.02.2021;17.02.2021;FCR;1;NEGPOS_12_16;21,49;71,00;21,49;26,00;87,00;129,91;-38,00;67,00;21,22;101,00;562,00;21,49;35,00;508,00;21,49;-25,00;114,00;131,51;-72,00;15,00;21,49;-15,00;20,00;21,49;-11,00
17.02.2021;17.02.2021;FCR;1;NEGPOS_16_20;21,21;71,00;21,21;29,00;87,00;207,46;-38,00;67,00;21,21;69,00;562,00;21,21;-18,00;508,00;21,21;56,00;114,00;141,23;-72,00;15,00;21,21;-15,00;20,00;21,21;-11,00
17.02.2021;17.02.2021;FCR;1;NEGPOS_20_24;13,92;71,00;13,92;6,00;87,00;353,74;-38,00;67,00;13,92;18,00;562,00;13,92;30,00;508,00;13,92;85,00;114,00;102,78;-72,00;15,00;13,92;-15,00;20,00;21,21;-14,00
18.02.2021;18.02.2021;FCR;1;NEGPOS_00_04;22,00;71,00;22,00;6,00;87,00;99,23;-60,00;67,00;22,00;-7,00;562,00;22,00;54,00;508,00;22,00;103,00;114,00;154,71;-72,00;15,00;22,00;-10,00;20,00;36,00;-14,00
18.02.2021;18.02.2021;FCR;1;NEGPOS_04_08;22,00;71,00;22,00;3,00;87,00;80,00;-38,00;67,00;22,00;22,00;562,00;22,00;10,00;508,00;22,00;104,00;114,00;130,72;-72,00;15,00;22,00;-15,00;20,00;41,35;-14,00
18.02.2021;18.02.2021;FCR;1;NEGPOS_08_12;14,84;71,00;14,84;20,00;87,00;80,00;-38,00;67,00;14,84;51,00;562,00;14,84;-28,00;508,00;14,84;83,00;114,00;174,96;-59,00;15,00;14,84;-15,00;20,00;36,00;-14,00
18.02.2021;18.02.2021;FCR;1;NEGPOS_12_16;18,68;71,00;18,68;9,00;87,00;26,06;-60,00;67,00;18,68;77,00;562,00;18,68;78,00;508,00;18,68;-16,00;114,00;129,68;-59,00;15,00;18,68;-15,00;20,00;36,00;-14,00
18.02.2021;18.02.2021;FCR;1;NEGPOS_16_20;21,50;71,00;21,50;3,00;87,00;172,80;-38,00;67,00;21,50;92,00;562,00;21,50;20,00;508,00;21,50;24,00;114,00;149,35;-72,00;15,00;21,50;-15,00;20,00;36,00;-14,00
18.02.2021;18.02.2021;FCR;1;NEGPOS_20_24;15,00;71,00;15,00;0,00;87,00;80,52;-38,00;67,00;15,00;16,00;562,00;15,00;-29,00;508,00;3,64;152,00;114,00;110,89;-72,00;15,00;15,00;-15,00;20,00;36,00;-14,00
19.02.2021;19.02.2021;FCR;1;NEGPOS_00_04;40,40;71,00;40,40;0,00;87,00;115,83;-38,00;-;-;-;562,00;40,40;70,00;508,00;40,40;59,00;114,00;164,64;-72,00;15,00;40,40;-15,00;20,00;40,40;-4,00
19.02.2021;19.02.2021;FCR;1;NEGPOS_04_08;29,80;71,00;29,80;-1,00;87,00;122,22;-38,00;-;-;-;562,00;29,80;89,00;508,00;29,80;44,00;114,00;120,37;-72,00;15,00;29,80;-15,00;20,00;29,80;-7,00
19.02.2021;19.02.2021;FCR;1;NEGPOS_08_12;23,15;71,00;23,15;36,00;87,00;156,24;-38,00;-;-;-;562,00;23,15;42,00;508,00;23,15;42,00;114,00;130,00;-56,00;15,00;23,15;-15,00;20,00;23,15;-11,00
19.02.2021;19.02.2021;FCR;1;NEGPOS_12_16;22,21;71,00;22,21;4,00;87,00;90,00;-38,00;-;-;-;562,00;22,21;91,00;508,00;22,21;28,00;114,00;126,40;-59,00;15,00;22,21;-15,00;20,00;22,21;-11,00
19.02.2021;19.02.2021;FCR;1;NEGPOS_16_20;15,00;71,00;15,00;-2,00;87,00;168,84;-38,00;-;-;-;562,00;15,00;-11,00;508,00;11,00;152,00;114,00;146,71;-72,00;15,00;15,00;-15,00;20,00;21,21;-14,00
19.02.2021;19.02.2021;FCR;1;NEGPOS_20_24;21,21;71,00;21,21;1,00;87,00;110,34;-38,00;-;-;-;562,00;21,21;42,00;508,00;21,21;96,00;114,00;109,76;-72,00;15,00;21,21;-15,00;20,00;21,21;-14,00
20.02.2021;20.02.2021;FCR;1;NEGPOS_00_04;39,04;71,00;39,04;-4,00;87,00;95,87;-60,00;67,00;39,04;-1,00;562,00;39,04;53,00;508,00;39,04;98,00;114,00;151,56;-72,00;15,00;39,04;-10,00;20,00;39,04;-4,00
20.02.2021;20.02.2021;FCR;1;NEGPOS_04_08;43,62;71,00;43,62;-4,00;87,00;58,20;-60,00;67,00;43,62;24,00;562,00;43,62;66,00;508,00;43,62;63,00;114,00;134,32;-72,00;15,00;43,62;-10,00;20,00;43,62;-4,00
20.02.2021;20.02.2021;FCR;1;NEGPOS_08_12;42,22;71,00;42,22;16,00;87,00;42,22;-58,00;67,00;42,22;28,00;562,00;42,22;62,00;508,00;42,22;33,00;114,00;223,99;-72,00;15,00;42,22;-6,00;20,00;42,22;-3,00
20.02.2021;20.02.2021;FCR;1;NEGPOS_12_16;55,92;71,00;55,92;19,00;87,00;55,92;-58,00;67,00;55,92;31,00;562,00;55,92;93,00;508,00;55,92;4,00;114,00;165,81;-72,00;15,00;55,92;-15,00;20,00;55,92;-2,00
20.02.2021;20.02.2021;FCR;1;NEGPOS_16_20;33,00;71,00;33,00;11,00;87,00;42,37;-60,00;67,00;33,00;57,00;562,00;33,00;68,00;508,00;33,00;13,00;114,00;170,86;-72,00;15,00;33,00;-6,00;20,00;33,00;-11,00
20.02.2021;20.02.2021;FCR;1;NEGPOS_20_24;44,00;71,00;44,00;4,00;87,00;44,00;-58,00;67,00;44,00;31,00;562,00;44,00;79,00;508,00;44,00;33,00;114,00;103,04;-72,00;15,00;44,00;-15,00;20,00;44,00;-2,00
21.02.2021;21.02.2021;FCR;1;NEGPOS_00_04;41,11;71,00;41,11;5,00;87,00;50,00;-60,00;67,00;41,11;-7,00;562,00;41,11;-5,00;508,00;15,24;152,00;114,00;169,13;-72,00;15,00;41,11;-13,00;20,00;41,11;0,00
21.02.2021;21.02.2021;FCR;1;NEGPOS_04_08;36,00;71,00;36,00;5,00;87,00;74,06;-60,00;67,00;36,00;-8,00;562,00;36,00;-2,00;508,00;13,08;152,00;114,00;148,37;-72,00;15,00;36,00;-13,00;20,00;36,00;-2,00
21.02.2021;21.02.2021;FCR;1;NEGPOS_08_12;20,67;71,00;20,67;5,00;87,00;50,00;-60,00;67,00;20,67;-8,00;562,00;20,67;9,00;508,00;14,00;152,00;114,00;239,98;-72,00;15,00;20,67;-15,00;20,00;20,67;-11,00
21.02.2021;21.02.2021;FCR;1;NEGPOS_12_16;23,04;71,00;23,04;5,00;87,00;50,00;-60,00;67,00;23,04;-10,00;562,00;23,04;6,00;508,00;14,72;152,00;114,00;236,91;-72,00;15,00;23,04;-15,00;20,00;23,04;-6,00
21.02.2021;21.02.2021;FCR;1;NEGPOS_16_20;18,52;71,00;18,52;8,00;87,00;50,00;-60,00;67,00;18,52;14,00;562,00;18,52;-16,00;508,00;14,92;152,00;114,00;195,70;-72,00;15,00;18,52;-15,00;20,00;18,52;-11,00
21.02.2021;21.02.2021;FCR;1;NEGPOS_20_24;18,00;71,00;18,00;5,00;87,00;72,03;-60,00;67,00;18,00;-9,00;562,00;18,00;10,00;508,00;14,68;152,00;114,00;95,77;-72,00;15,00;18,00;-15,00;20,00;18,00;-11,00
22.02.2021;22.02.2021;FCR;1;NEGPOS_00_04;32,72;71,00;32,72;4,00;87,00;119,53;-60,00;67,00;32,72;25,00;562,00;32,72;1,00;508,00;32,72;122,00;114,00;132,56;-72,00;15,00;32,72;-12,00;20,00;32,72;-8,00
22.02.2021;22.02.2021;FCR;1;NEGPOS_04_08;30,00;71,00;30,00;4,00;87,00;81,64;-60,00;67,00;30,00;28,00;562,00;30,00;-27,00;508,00;14,48;152,00;114,00;132,12;-72,00;15,00;30,00;-15,00;20,00;30,00;-10,00
22.02.2021;22.02.2021;FCR;1;NEGPOS_08_12;15,00;71,00;15,00;3,00;87,00;301,26;-38,00;67,00;15,00;53,00;562,00;15,00;-59,00;508,00;15,00;126,00;114,00;130,00;-57,00;15,00;15,00;-15,00;20,00;15,00;-13,00
22.02.2021;22.02.2021;FCR;1;NEGPOS_12_16;12,40;71,00;12,40;-5,00;87,00;284,42;-38,00;67,00;12,40;22,00;562,00;12,40;-35,00;508,00;12,40;144,00;114,00;123,44;-60,00;15,00;12,40;-15,00;20,00;12,40;-13,00
22.02.2021;22.02.2021;FCR;1;NEGPOS_16_20;13,25;71,00;13,25;-4,00;87,00;320,97;-38,00;67,00;13,25;26,00;562,00;13,25;-35,00;508,00;4,76;152,00;114,00;152,48;-73,00;15,00;13,25;-15,00;20,00;13,25;-13,00
22.02.2021;22.02.2021;FCR;1;NEGPOS_20_24;13,12;71,00;13,12;-4,00;87,00;473,16;-38,00;67,00;13,12;20,00;562,00;13,12;-10,00;508,00;13,12;152,00;114,00;92,02;-72,00;15,00;13,12;-15,00;20,00;13,12;-13,00
23.02.2021;23.02.2021;FCR;1;NEGPOS_00_04;29,35;71,00;29,35;10,00;87,00;1375,94;-38,00;67,00;29,35;-1,00;562,00;29,35;129,00;508,00;29,35;-6,00;114,00;165,30;-72,00;15,00;29,35;-13,00;20,00;29,35;-9,00
23.02.2021;23.02.2021;FCR;1;NEGPOS_04_08;29,00;71,00;29,00;16,00;87,00;692,94;-38,00;67,00;29,00;23,00;562,00;29,00;94,00;508,00;29,00;5,00;114,00;129,17;-72,00;15,00;29,00;-15,00;20,00;29,00;-12,00
23.02.2021;23.02.2021;FCR;1;NEGPOS_08_12;14,88;71,00;14,88;0,00;87,00;264,75;-40,00;67,00;14,88;53,00;562,00;14,88;-19,00;508,00;14,88;88,00;114,00;150,00;-56,00;15,00;14,88;-15,00;20,00;14,88;-11,00
23.02.2021;23.02.2021;FCR;1;NEGPOS_12_16;14,24;71,00;14,24;12,00;87,00;522,63;-40,00;67,00;14,24;-1,00;562,00;14,24;18,00;508,00;14,24;112,00;114,00;135,79;-72,00;15,00;14,24;-15,00;20,00;19,73;-14,00
23.02.2021;23.02.2021;FCR;1;NEGPOS_16_20;12,40;71,00;12,40;-6,00;87,00;355,34;-40,00;67,00;12,40;-5,00;562,00;12,40;0,00;508,00;12,24;152,00;114,00;162,48;-72,00;15,00;12,40;-15,00;20,00;14,50;-14,00
23.02.2021;23.02.2021;FCR;1;NEGPOS_20_24;14,92;71,00;14,92;9,00;87,00;654,69;-38,00;67,00;14,92;23,00;562,00;14,92;5,00;508,00;14,92;99,00;114,00;110,85;-72,00;15,00;14,92;-15,00;20,00;14,92;-11,00
24.02.2021;24.02.2021;FCR;1;NEGPOS_00_04;46,50;71,00;46,50;10,00;87,00;132,56;-60,00;67,00;46,50;4,00;562,00;46,50;105,00;508,00;46,50;26,00;114,00;169,77;-72,00;15,00;46,50;-11,00;20,00;46,50;-2,00
24.02.2021;24.02.2021;FCR;1;NEGPOS_04_08;34,91;71,00;34,91;7,00;87,00;97,05;-60,00;67,00;34,91;25,00;562,00;34,91;99,00;508,00;34,91;22,00;114,00;127,62;-72,00;15,00;34,91;-15,00;20,00;34,91;-6,00
24.02.2021;24.02.2021;FCR;1;NEGPOS_08_12;26,40;71,00;26,40;19,00;87,00;91,26;-51,00;67,00;26,40;100,00;562,00;26,40;4,00;508,00;26,40;23,00;114,00;207,55;-72,00;15,00;26,40;-15,00;20,00;26,40;-7,00
24.02.2021;24.02.2021;FCR;1;NEGPOS_12_16;24,68;71,00;24,68;9,00;87,00;99,46;-60,00;67,00;24,68;32,00;562,00;24,68;48,00;508,00;24,68;70,00;114,00;159,98;-72,00;15,00;24,68;-15,00;20,00;24,68;-9,00
24.02.2021;24.02.2021;FCR;1;NEGPOS_16_20;18,00;71,00;18,00;16,00;87,00;104,44;-60,00;67,00;18,00;74,00;562,00;18,00;-8,00;508,00;18,00;76,00;114,00;136,78;-72,00;15,00;18,00;-15,00;20,00;18,00;-11,00
24.02.2021;24.02.2021;FCR;1;NEGPOS_20_24;23,40;71,00;23,40;12,00;87,00;81,19;-51,00;67,00;23,40;28,00;562,00;23,40;60,00;508,00;23,40;47,00;114,00;106,36;-72,00;15,00;23,40;-15,00;20,00;23,40;-9,00
25.02.2021;25.02.2021;FCR;1;NEGPOS_00_04;34,00;71,00;34,00;7,00;87,00;147,82;-60,00;67,00;34,00;30,00;562,00;34,00;9,00;508,00;34,00;107,00;114,00;167,74;-72,00;15,00;34,00;-12,00;20,00;34,00;-9,00
25.02.2021;25.02.2021;FCR;1;NEGPOS_04_08;26,00;71,00;26,00;4,00;87,00;105,12;-60,00;67,00;26,00;22,00;562,00;26,00;37,00;508,00;26,00;98,00;114,00;136,77;-72,00;15,00;26,00;-15,00;20,00;26,00;-14,00
25.02.2021;25.02.2021;FCR;1;NEGPOS_08_12;19,00;71,00;19,00;6,00;87,00;71,68;-48,00;67,00;19,00;62,00;562,00;19,00;-30,00;508,00;19,00;117,00;114,00;19,00;-78,00;15,00;19,00;-15,00;20,00;25,00;-14,00
25.02.2021;25.02.2021;FCR;1;NEGPOS_12_16;19,59;71,00;19,59;9,00;87,00;98,66;-60,00;67,00;19,59;30,00;562,00;19,59;28,00;508,00;19,59;100,00;114,00;159,18;-78,00;15,00;19,59;-15,00;20,00;25,00;-14,00
25.02.2021;25.02.2021;FCR;1;NEGPOS_16_20;13,56;71,00;13,56;-4,00;87,00;65,00;-48,00;67,00;13,56;27,00;562,00;13,56;-6,00;508,00;13,56;138,00;114,00;131,98;-78,00;15,00;13,56;-15,00;20,00;25,00;-14,00
25.02.2021;25.02.2021;FCR;1;NEGPOS_20_24;11,92;71,00;11,92;-6,00;87,00;67,13;-60,00;67,00;11,92;20,00;562,00;11,92;3,00;508,00;11,00;152,00;114,00;110,17;-78,00;15,00;11,92;-15,00;20,00;25,00;-14,00
26.02.2021;26.02.2021;FCR;1;NEGPOS_00_04;21,24;71,00;21,24;7,00;87,00;147,95;-60,00;67,00;21,24;26,00;562,00;21,24;12,00;508,00;21,24;118,00;114,00;21,24;-78,00;15,00;21,24;-15,00;20,00;21,24;-10,00
26.02.2021;26.02.2021;FCR;1;NEGPOS_04_08;22,08;71,00;22,08;7,00;87,00;100,53;-60,00;67,00;22,08;20,00;562,00;22,08;8,00;508,00;22,08;132,00;114,00;24,00;-79,00;15,00;22,08;-15,00;20,00;22,08;-13,00
26.02.2021;26.02.2021;FCR;1;NEGPOS_08_12;14,00;71,00;14,00;4,00;87,00;107,24;-58,00;67,00;14,00;49,00;562,00;14,00;-40,00;508,00;10,96;152,00;114,00;14,00;-78,00;15,00;14,00;-15,00;20,00;20,00;-14,00
26.02.2021;26.02.2021;FCR;1;NEGPOS_12_16;18,14;71,00;18,14;16,00;87,00;91,98;-60,00;67,00;18,14;27,00;562,00;18,14;-4,00;508,00;18,14;128,00;114,00;18,14;-78,00;15,00;18,14;-15,00;20,00;20,00;-14,00
26.02.2021;26.02.2021;FCR;1;NEGPOS_16_20;12,50;71,00;12,50;3,00;87,00;143,25;-58,00;67,00;12,50;8,00;562,00;12,50;2,00;508,00;11,00;152,00;114,00;12,50;-78,00;15,00;12,50;-15,00;20,00;20,00;-14,00
26.02.2021;26.02.2021;FCR;1;NEGPOS_20_24;12,50;71,00;12,50;9,00;87,00;107,56;-58,00;67,00;12,50;28,00;562,00;12,50;-20,00;508,00;12,50;149,00;114,00;48,00;-79,00;15,00;12,50;-15,00;20,00;20,00;-14,00
27.02.2021;27.02.2021;FCR;1;NEGPOS_00_04;21,00;71,00;21,00;7,00;87,00;140,17;-60,00;67,00;21,00;-2,00;562,00;21,00;-2,00;508,00;19,16;152,00;114,00;137,04;-69,00;15,00;21,00;-13,00;20,00;21,00;-13,00
27.02.2021;27.02.2021;FCR;1;NEGPOS_04_08;22,35;71,00;22,35;13,00;87,00;95,12;-60,00;67,00;22,35;-2,00;562,00;22,35;-8,00;508,00;19,64;152,00;114,00;131,98;-69,00;15,00;22,35;-13,00;20,00;22,35;-13,00
27.02.2021;27.02.2021;FCR;1;NEGPOS_08_12;17,80;71,00;17,80;13,00;87,00;51,14;-60,00;67,00;17,80;23,00;562,00;17,80;-28,00;508,00;17,80;152,00;114,00;220,62;-69,00;15,00;17,80;-15,00;20,00;20,00;-14,00
27.02.2021;27.02.2021;FCR;1;NEGPOS_12_16;17,84;71,00;17,84;7,00;87,00;107,79;-60,00;67,00;17,84;1,00;562,00;17,84;9,00;508,00;17,84;141,00;114,00;159,32;-69,00;15,00;17,84;-15,00;20,00;20,00;-14,00
27.02.2021;27.02.2021;FCR;1;NEGPOS_16_20;16,21;71,00;16,21;10,00;87,00;55,04;-60,00;67,00;16,21;22,00;562,00;16,21;-19,00;508,00;15,84;152,00;114,00;132,53;-69,00;15,00;16,21;-15,00;20,00;20,00;-14,00
27.02.2021;27.02.2021;FCR;1;NEGPOS_20_24;13,60;71,00;13,60;4,00;87,00;71,40;-60,00;67,00;13,60;-3,00;562,00;13,60;5,00;508,00;11,00;152,00;114,00;99,31;-69,00;15,00;13,60;-15,00;20,00;20,00;-14,00
28.02.2021;28.02.2021;FCR;1;NEGPOS_00_04;20,30;71,00;20,30;-9,00;87,00;146,43;-60,00;67,00;20,30;-2,00;562,00;20,30;53,00;508,00;20,30;121,00;114,00;220,77;-69,00;15,00;20,30;-15,00;20,00;28,51;-12,00
28.02.2021;28.02.2021;FCR;1;NEGPOS_04_08;25,00;71,00;25,00;-5,00;87,00;97,25;-60,00;67,00;25,00;5,00;562,00;25,00;52,00;508,00;25,00;104,00;114,00;231,84;-69,00;15,00;25,00;-13,00;20,00;47,88;-14,00
28.02.2021;28.02.2021;FCR;1;NEGPOS_08_12;24,00;71,00;24,00;2,00;87,00;30,08;-60,00;67,00;24,00;6,00;562,00;24,00;97,00;508,00;24,00;53,00;114,00;228,57;-69,00;15,00;24,00;-15,00;20,00;47,88;-14,00
28.02.2021;28.02.2021;FCR;1;NEGPOS_12_16;28,00;71,00;28,00;-4,00;87,00;90,67;-60,00;67,00;28,00;8,00;562,00;28,00;71,00;508,00;28,00;83,00;114,00;262,05;-69,00;15,00;28,00;-15,00;20,00;47,88;-14,00
28.02.2021;28.02.2021;FCR;1;NEGPOS_16_20;22,00;71,00;22,00;0,00;87,00;49,92;-60,00;67,00;22,00;41,00;562,00;22,00;34,00;508,00;22,00;69,00;114,00;194,78;-55,00;15,00;22,00;-15,00;20,00;47,88;-14,00
28.02.2021;28.02.2021;FCR;1;NEGPOS_20_24;13,20;71,00;13,20;-12,00;87,00;48,69;-60,00;67,00;13,20;19,00;562,00;13,20;4,00;508,00;13,20;133,00;114,00;150,00;-55,00;15,00;13,20;-15,00;20,00;47,88;-14,00
01.03.2021;01.03.2021;FCR;1;NEGPOS_00_04;19,86;71,00;19,86;-4,00;87,00;131,41;-60,00;67,00;19,86;24,00;562,00;19,86;12,00;508,00;19,86;126,00;114,00;129,20;-69,00;15,00;19,86;-13,00;20,00;23,26;-14,00
01.03.2021;01.03.2021;FCR;1;NEGPOS_04_08;28,12;71,00;28,12;5,00;87,00;92,55;-60,00;67,00;28,12;30,00;562,00;28,12;12,00;508,00;28,12;111,00;114,00;126,94;-69,00;15,00;28,12;-15,00;20,00;48,00;-14,00
01.03.2021;01.03.2021;FCR;1;NEGPOS_08_12;21,04;71,00;21,04;-4,00;87,00;43,05;-60,00;67,00;21,04;84,00;562,00;21,04;17,00;508,00;21,04;47,00;114,00;160,00;-55,00;15,00;21,04;-15,00;20,00;64,56;-14,00
01.03.2021;01.03.2021;FCR;1;NEGPOS_12_16;21,51;71,00;21,51;-4,00;87,00;70,00;-60,00;67,00;21,51;71,00;562,00;21,51;35,00;508,00;21,51;56,00;114,00;158,02;-69,00;15,00;21,51;-15,00;20,00;35,04;-14,00
01.03.2021;01.03.2021;FCR;1;NEGPOS_16_20;15,32;71,00;15,32;-7,00;87,00;127,06;-58,00;67,00;15,32;77,00;562,00;15,32;3,00;508,00;15,32;90,00;114,00;142,96;-69,00;15,00;15,32;-15,00;20,00;64,56;-14,00
01.03.2021;01.03.2021;FCR;1;NEGPOS_20_24;11,53;71,00;11,53;-13,00;87,00;110,49;-58,00;67,00;11,53;22,00;562,00;11,53;-5,00;508,00;11,00;152,00;114,00;97,17;-69,00;15,00;11,53;-15,00;20,00;48,00;-14,00
02.03.2021;02.03.2021;FCR;1;NEGPOS_00_04;11,19;71,00;11,19;-7,00;87,00;116,39;-60,00;67,00;11,19;11,00;562,00;11,19;1,00;508,00;11,00;152,00;114,00;144,86;-69,00;15,00;11,19;-15,00;20,00;27,16;-13,00
02.03.2021;02.03.2021;FCR;1;NEGPOS_04_08;20,04;71,00;20,04;4,00;87,00;105,52;-58,00;67,00;20,04;26,00;562,00;20,04;-16,00;508,00;20,04;152,00;114,00;160,33;-69,00;15,00;20,04;-15,00;20,00;35,04;-14,00
02.03.2021;02.03.2021;FCR;1;NEGPOS_08_12;18,16;71,00;18,16;4,00;87,00;87,56;-38,00;67,00;18,16;50,00;562,00;18,16;-44,00;508,00;18,16;112,00;114,00;170,00;-55,00;15,00;18,16;-15,00;20,00;35,17;-14,00
02.03.2021;02.03.2021;FCR;1;NEGPOS_12_16;17,11;71,00;17,11;8,00;87,00;85,00;-60,00;67,00;17,11;54,00;562,00;17,11;9,00;508,00;17,11;87,00;114,00;131,20;-69,00;15,00;17,11;-15,00;20,00;39,33;-14,00
02.03.2021;02.03.2021;FCR;1;NEGPOS_16_20;11,00;71,00;11,00;-7,00;87,00;125,93;-58,00;67,00;11,00;28,00;562,00;11,00;-11,00;508,00;11,00;152,00;114,00;160,87;-69,00;15,00;11,00;-15,00;20,00;52,62;-14,00
02.03.2021;02.03.2021;FCR;1;NEGPOS_20_24;10,80;71,00;10,80;-7,00;87,00;98,53;-58,00;67,00;10,80;32,00;562,00;10,80;-21,00;508,00;7,96;152,00;114,00;106,03;-69,00;15,00;10,80;-15,00;20,00;64,56;-14,00
03.03.2021;03.03.2021;FCR;1;NEGPOS_00_04;18,20;71,00;18,20;2,00;87,00;106,19;-60,00;67,00;18,20;33,00;562,00;18,20;27,00;508,00;18,20;93,00;114,00;128,97;-70,00;15,00;18,20;-11,00;20,00;21,11;-14,00
03.03.2021;03.03.2021;FCR;1;NEGPOS_04_08;20,60;71,00;20,60;-4,00;87,00;105,72;-58,00;67,00;20,60;39,00;562,00;20,60;9,00;508,00;20,60;113,00;114,00;141,72;-70,00;15,00;20,60;-15,00;20,00;40,00;-14,00
03.03.2021;03.03.2021;FCR;1;NEGPOS_08_12;19,39;71,00;19,39;-4,00;87,00;106,12;-58,00;67,00;19,39;55,00;562,00;19,39;4,00;508,00;19,39;89,00;114,00;145,62;-55,00;15,00;19,39;-15,00;20,00;40,00;-14,00
03.03.2021;03.03.2021;FCR;1;NEGPOS_12_16;19,60;71,00;19,60;2,00;87,00;101,72;-58,00;67,00;19,60;48,00;562,00;19,60;56,00;508,00;19,60;51,00;114,00;136,10;-70,00;15,00;19,60;-15,00;20,00;47,88;-14,00
03.03.2021;03.03.2021;FCR;1;NEGPOS_16_20;18,24;71,00;18,24;-4,00;87,00;106,52;-58,00;67,00;18,24;47,00;562,00;18,24;10,00;508,00;18,24;104,00;114,00;134,04;-70,00;15,00;18,24;-15,00;20,00;53,80;-14,00
03.03.2021;03.03.2021;FCR;1;NEGPOS_20_24;11,20;71,00;11,20;-14,00;87,00;106,52;-58,00;67,00;11,20;26,00;562,00;11,20;-3,00;508,00;11,20;147,00;114,00;91,60;-70,00;15,00;11,20;-15,00;20,00;30,26;-13,00
04.03.2021;04.03.2021;FCR;1;NEGPOS_00_04;23,20;71,00;23,20;11,00;87,00;81,48;-60,00;67,00;23,20;34,00;562,00;23,20;96,00;508,00;23,20;14,00;114,00;133,80;-70,00;15,00;23,20;-12,00;20,00;23,20;-12,00
04.03.2021;04.03.2021;FCR;1;NEGPOS_04_08;26,56;71,00;26,56;12,00;87,00;61,95;-58,00;67,00;26,56;39,00;562,00;26,56;-4,00;508,00;26,56;107,00;114,00;131,72;-70,00;15,00;26,56;-15,00;20,00;26,56;-11,00
04.03.2021;04.03.2021;FCR;1;NEGPOS_08_12;10,28;71,00;10,28;-18,00;87,00;63,20;-58,00;67,00;10,28;17,00;562,00;10,28;-8,00;508,00;10,28;152,00;114,00;129,86;-55,00;15,00;10,28;-15,00;20,00;10,28;-6,00
04.03.2021;04.03.2021;FCR;1;NEGPOS_12_16;21,00;71,00;21,00;14,00;87,00;89,49;-60,00;67,00;21,00;53,00;562,00;21,00;31,00;508,00;21,00;58,00;114,00;21,00;-70,00;15,00;21,00;-15,00;20,00;21,00;-11,00
04.03.2021;04.03.2021;FCR;1;NEGPOS_16_20;13,60;71,00;13,60;-2,00;87,00;67,01;-58,00;67,00;13,60;42,00;562,00;13,60;8,00;508,00;13,60;105,00;114,00;143,89;-70,00;15,00;13,60;-15,00;20,00;13,60;-10,00
04.03.2021;04.03.2021;FCR;1;NEGPOS_20_24;11,00;71,00;11,00;4,00;87,00;65,08;-58,00;67,00;11,00;25,00;562,00;11,00;2,00;508,00;11,00;123,00;114,00;101,47;-70,00;15,00;11,00;-15,00;20,00;11,00;-11,00
05.03.2021;05.03.2021;FCR;1;NEGPOS_00_04;16,50;71,00;16,50;-3,00;87,00;71,41;-60,00;67,00;16,50;7,00;562,00;16,50;39,00;508,00;16,50;110,00;114,00;132,45;-70,00;15,00;16,50;-11,00;20,00;16,50;-12,00
05.03.2021;05.03.2021;FCR;1;NEGPOS_04_08;16,71;71,00;16,71;-10,00;87,00;62,21;-58,00;67,00;16,71;31,00;562,00;16,71;21,00;508,00;16,71;115,00;114,00;129,31;-70,00;15,00;16,71;-15,00;20,00;16,71;-11,00
05.03.2021;05.03.2021;FCR;1;NEGPOS_08_12;10,00;71,00;10,00;-29,00;87,00;64,88;-58,00;67,00;10,00;18,00;562,00;10,00;0,00;508,00;3,36;152,00;114,00;132,53;-58,00;15,00;10,00;-15,00;20,00;10,00;-10,00
05.03.2021;05.03.2021;FCR;1;NEGPOS_12_16;12,84;71,00;12,84;-15,00;87,00;60,00;-60,00;67,00;12,84;12,00;562,00;12,84;37,00;508,00;12,84;110,00;114,00;100,00;-58,00;15,00;12,84;-15,00;20,00;12,84;-11,00
05.03.2021;05.03.2021;FCR;1;NEGPOS_16_20;12,40;71,00;12,40;-15,00;87,00;67,65;-58,00;67,00;12,40;18,00;562,00;12,40;15,00;508,00;12,40;135,00;114,00;141,93;-70,00;15,00;12,40;-15,00;20,00;12,40;-10,00
05.03.2021;05.03.2021;FCR;1;NEGPOS_20_24;10,50;71,00;10,50;-21,00;87,00;64,83;-58,00;67,00;10,50;14,00;562,00;10,50;9,00;508,00;4,72;152,00;114,00;103,41;-70,00;15,00;10,50;-15,00;20,00;10,50;-11,00
06.03.2021;06.03.2021;FCR;1;NEGPOS_00_04;13,92;71,00;13,92;5,00;87,00;82,58;-60,00;67,00;13,92;-10,00;562,00;13,92;19,00;508,00;12,00;152,00;114,00;20,00;-79,00;15,00;13,92;-15,00;20,00;13,92;-12,00
06.03.2021;06.03.2021;FCR;1;NEGPOS_04_08;19,87;71,00;19,87;6,00;87,00;59,12;-60,00;67,00;19,87;0,00;562,00;19,87;30,00;508,00;19,87;129,00;114,00;24,00;-79,00;15,00;19,87;-15,00;20,00;19,87;-11,00
06.03.2021;06.03.2021;FCR;1;NEGPOS_08_12;20,60;71,00;20,60;15,00;87,00;39,00;-60,00;67,00;20,60;58,00;562,00;20,60;8,00;508,00;20,60;84,00;114,00;20,60;-79,00;15,00;20,60;-15,00;20,00;20,60;-11,00
06.03.2021;06.03.2021;FCR;1;NEGPOS_12_16;21,00;71,00;21,00;3,00;87,00;72,53;-60,00;67,00;21,00;45,00;562,00;21,00;60,00;508,00;21,00;55,00;114,00;21,00;-79,00;15,00;21,00;-15,00;20,00;21,00;-9,00
06.03.2021;06.03.2021;FCR;1;NEGPOS_16_20;16,52;71,00;16,52;8,00;87,00;53,86;-60,00;67,00;16,52;70,00;562,00;16,52;29,00;508,00;16,52;58,00;114,00;16,52;-79,00;15,00;16,52;-15,00;20,00;16,52;-11,00
06.03.2021;06.03.2021;FCR;1;NEGPOS_20_24;11,80;71,00;11,80;-5,00;87,00;27,48;-60,00;67,00;11,80;-3,00;562,00;11,80;30,00;508,00;11,80;144,00;114,00;48,00;-79,00;15,00;11,80;-15,00;20,00;11,80;-12,00
07.03.2021;07.03.2021;FCR;1;NEGPOS_00_04;17,34;71,00;17,34;7,00;87,00;60,60;-60,00;67,00;17,34;13,00;562,00;17,34;27,00;508,00;17,34;117,00;114,00;17,34;-76,00;15,00;17,34;-15,00;20,00;17,34;-12,00
07.03.2021;07.03.2021;FCR;1;NEGPOS_04_08;20,40;71,00;20,40;7,00;87,00;40,27;-60,00;67,00;20,40;-7,00;562,00;20,40;49,00;508,00;20,40;113,00;114,00;20,40;-76,00;15,00;20,40;-15,00;20,00;20,40;-11,00
07.03.2021;07.03.2021;FCR;1;NEGPOS_08_12;20,60;71,00;20,60;7,00;87,00;44,26;-60,00;67,00;20,60;17,00;562,00;20,60;64,00;508,00;20,60;68,00;114,00;20,60;-70,00;15,00;20,60;-15,00;20,00;20,60;-11,00
07.03.2021;07.03.2021;FCR;1;NEGPOS_12_16;22,60;71,00;22,60;7,00;87,00;84,38;-60,00;67,00;22,60;-5,00;562,00;22,60;68,00;508,00;22,60;87,00;114,00;22,60;-70,00;15,00;22,60;-15,00;20,00;22,60;-12,00
07.03.2021;07.03.2021;FCR;1;NEGPOS_16_20;16,00;71,00;16,00;5,00;87,00;41,68;-60,00;67,00;16,00;39,00;562,00;16,00;-7,00;508,00;16,00;119,00;114,00;16,00;-70,00;15,00;16,00;-15,00;20,00;16,00;-11,00
07.03.2021;07.03.2021;FCR;1;NEGPOS_20_24;10,40;71,00;10,40;-12,00;87,00;21,88;-60,00;67,00;10,40;23,00;562,00;10,40;3,00;508,00;3,56;152,00;114,00;10,79;-79,00;15,00;10,40;-15,00;20,00;10,40;-12,00
08.03.2021;08.03.2021;FCR;1;NEGPOS_00_04;26,36;71,00;26,36;12,00;87,00;57,69;-60,00;67,00;26,36;27,00;562,00;26,36;77,00;508,00;26,36;40,00;114,00;26,36;-73,00;15,00;26,36;-11,00;20,00;26,36;-12,00
08.03.2021;08.03.2021;FCR;1;NEGPOS_04_08;32,08;71,00;32,08;8,00;87,00;41,48;-60,00;67,00;32,08;47,00;562,00;32,08;52,00;508,00;32,08;53,00;114,00;32,08;-73,00;15,00;32,08;-15,00;20,00;32,08;-12,00
08.03.2021;08.03.2021;FCR;1;NEGPOS_08_12;10,99;71,00;10,99;-7,00;87,00;200,00;-60,00;67,00;10,99;10,00;562,00;10,99;4,00;508,00;3,24;152,00;114,00;10,99;-73,00;15,00;10,99;-15,00;20,00;10,99;-11,00
08.03.2021;08.03.2021;FCR;1;NEGPOS_12_16;10,00;71,00;10,00;-17,00;87,00;79,47;-60,00;67,00;10,00;24,00;562,00;10,00;9,00;508,00;10,00;148,00;114,00;11,71;-79,00;15,00;10,00;-15,00;20,00;10,00;-10,00
08.03.2021;08.03.2021;FCR;1;NEGPOS_16_20;11,20;71,00;11,20;-7,00;87,00;101,36;-58,00;67,00;11,20;0,00;562,00;11,20;17,00;508,00;3,12;152,00;114,00;11,46;-79,00;15,00;11,20;-15,00;20,00;11,20;-10,00
08.03.2021;08.03.2021;FCR;1;NEGPOS_20_24;11,62;71,00;11,62;-5,00;87,00;101,36;-58,00;67,00;11,62;20,00;562,00;11,62;0,00;508,00;3,40;152,00;114,00;12,73;-79,00;15,00;11,62;-15,00;20,00;11,62;-11,00
09.03.2021;09.03.2021;FCR;1;NEGPOS_00_04;12,50;71,00;12,50;4,00;87,00;96,92;-58,00;67,00;12,50;39,00;562,00;12,50;15,00;508,00;12,50;102,00;114,00;160,64;-75,00;15,00;12,50;-15,00;20,00;12,50;-12,00
09.03.2021;09.03.2021;FCR;1;NEGPOS_04_08;16,72;71,00;16,72;2,00;87,00;99,12;-58,00;67,00;16,72;32,00;562,00;16,72;18,00;508,00;16,72;108,00;114,00;162,70;-75,00;15,00;16,72;-15,00;20,00;16,72;-12,00
09.03.2021;09.03.2021;FCR;1;NEGPOS_08_12;10,50;71,00;10,50;-12,00;87,00;102,32;-58,00;67,00;10,50;9,00;562,00;10,50;6,00;508,00;0,68;152,00;114,00;214,78;-75,00;15,00;10,50;-15,00;20,00;10,50;-7,00
09.03.2021;09.03.2021;FCR;1;NEGPOS_12_16;11,00;71,00;11,00;-7,00;87,00;94,04;-58,00;67,00;11,00;38,00;562,00;11,00;17,00;508,00;11,00;101,00;114,00;151,12;-75,00;15,00;11,00;-15,00;20,00;11,00;-1,00
09.03.2021;09.03.2021;FCR;1;NEGPOS_16_20;10,40;71,00;10,40;-17,00;87,00;102,32;-58,00;67,00;10,40;5,00;562,00;10,40;15,00;508,00;8,24;152,00;114,00;157,87;-75,00;15,00;10,40;-15,00;20,00;10,40;-7,00
09.03.2021;09.03.2021;FCR;1;NEGPOS_20_24;10,83;71,00;10,83;-7,00;87,00;101,16;-58,00;67,00;10,83;31,00;562,00;10,83;-1,00;508,00;10,83;136,00;114,00;120,35;-75,00;15,00;10,83;-15,00;20,00;10,83;-7,00
10.03.2021;10.03.2021;FCR;1;NEGPOS_00_04;19,50;71,00;19,50;14,00;87,00;99,12;-58,00;67,00;19,50;4,00;562,00;19,50;46,00;508,00;19,50;99,00;114,00;169,76;-78,00;15,00;19,50;-15,00;20,00;19,50;-12,00
10.03.2021;10.03.2021;FCR;1;NEGPOS_04_08;15,92;71,00;15,92;4,00;87,00;105,32;-58,00;67,00;15,92;1,00;562,00;15,92;9,00;508,00;12,00;152,00;114,00;140,24;-78,00;15,00;15,92;-15,00;20,00;17,85;-14,00
10.03.2021;10.03.2021;FCR;1;NEGPOS_08_12;11,36;71,00;11,36;-5,00;87,00;46,49;-60,00;67,00;11,36;35,00;562,00;11,36;-26,00;508,00;11,00;152,00;114,00;201,22;-66,00;15,00;11,36;-15,00;20,00;17,85;-14,00
10.03.2021;10.03.2021;FCR;1;NEGPOS_12_16;13,60;71,00;13,60;6,00;87,00;94,44;-58,00;67,00;13,60;24,00;562,00;13,60;6,00;508,00;13,60;129,00;114,00;130,05;-78,00;15,00;13,60;-15,00;20,00;17,85;-14,00
10.03.2021;10.03.2021;FCR;1;NEGPOS_16_20;11,00;71,00;11,00;-7,00;87,00;102,72;-58,00;67,00;11,00;35,00;562,00;11,00;14,00;508,00;11,00;123,00;114,00;147,04;-78,00;15,00;11,00;-15,00;20,00;20,00;-14,00
10.03.2021;10.03.2021;FCR;1;NEGPOS_20_24;19,87;71,00;19,87;11,00;87,00;101,56;-58,00;67,00;19,87;51,00;562,00;19,87;-13,00;508,00;19,87;116,00;114,00;110,98;-78,00;15,00;19,87;-15,00;20,00;19,87;-14,00
11.03.2021;11.03.2021;FCR;1;NEGPOS_00_04;46,08;71,00;46,08;1,00;87,00;123,05;-58,00;67,00;46,08;53,00;562,00;46,08;47,00;508,00;46,08;54,00;114,00;160,64;-77,00;15,00;46,08;-15,00;20,00;46,08;-5,00
11.03.2021;11.03.2021;FCR;1;NEGPOS_04_08;35,00;71,00;35,00;0,00;87,00;1665,16;-42,00;67,00;35,00;64,00;562,00;35,00;40,00;508,00;35,00;37,00;114,00;142,71;-77,00;15,00;35,00;-15,00;20,00;35,00;-7,00
11.03.2021;11.03.2021;FCR;1;NEGPOS_08_12;24,95;71,00;24,95;4,00;87,00;1299,67;-42,00;67,00;23,30;96,00;562,00;24,95;15,00;508,00;24,95;30,00;114,00;204,65;-77,00;15,00;24,95;-15,00;20,00;24,95;-11,00
11.03.2021;11.03.2021;FCR;1;NEGPOS_12_16;40,04;71,00;40,04;1,00;87,00;96,86;-60,00;67,00;40,04;66,00;562,00;40,04;40,00;508,00;40,04;52,00;114,00;140,66;-77,00;15,00;40,04;-15,00;20,00;40,04;-7,00
11.03.2021;11.03.2021;FCR;1;NEGPOS_16_20;29,00;71,00;29,00;18,00;87,00;111,40;-58,00;67,00;23,11;101,00;562,00;29,00;-9,00;508,00;29,00;53,00;114,00;146,62;-77,00;15,00;29,00;-15,00;20,00;29,00;-12,00
11.03.2021;11.03.2021;FCR;1;NEGPOS_20_24;30,00;71,00;30,00;6,00;87,00;140,28;-58,00;67,00;30,00;53,00;562,00;30,00;37,00;508,00;30,00;65,00;114,00;119,63;-77,00;15,00;30,00;-15,00;20,00;30,00;-11,00
12.03.2021;12.03.2021;FCR;1;NEGPOS_00_04;48,40;71,00;48,40;-4,00;87,00;229,25;-58,00;67,00;48,40;5,00;562,00;48,40;13,00;508,00;48,40;142,00;114,00;157,71;-74,00;15,00;48,40;-13,00;20,00;48,40;-11,00
12.03.2021;12.03.2021;FCR;1;NEGPOS_04_08;40,52;71,00;40,52;-8,00;87,00;101,89;-60,00;67,00;40,52;39,00;562,00;40,52;2,00;508,00;40,52;126,00;114,00;151,97;-74,00;15,00;40,52;-13,00;20,00;40,52;-12,00
12.03.2021;12.03.2021;FCR;1;NEGPOS_08_12;31,96;71,00;31,96;-6,00;87,00;105,77;-60,00;67,00;31,96;83,00;562,00;31,96;9,00;508,00;31,96;68,00;114,00;243,24;-74,00;15,00;31,96;-6,00;20,00;38,53;-14,00
12.03.2021;12.03.2021;FCR;1;NEGPOS_12_16;30,00;71,00;30,00;-6,00;87,00;139,25;-60,00;67,00;30,00;37,00;562,00;30,00;14,00;508,00;30,00;118,00;114,00;167,79;-74,00;15,00;30,00;-15,00;20,00;38,53;-14,00
12.03.2021;12.03.2021;FCR;1;NEGPOS_16_20;25,32;71,00;25,32;-2,00;87,00;124,80;-58,00;67,00;25,32;77,00;562,00;25,32;-12,00;508,00;25,32;98,00;114,00;155,61;-74,00;15,00;25,32;-15,00;20,00;38,53;-14,00
12.03.2021;12.03.2021;FCR;1;NEGPOS_20_24;27,00;71,00;27,00;11,00;87,00;135,12;-58,00;67,00;27,00;20,00;562,00;27,00;-22,00;508,00;25,96;152,00;114,00;125,03;-74,00;15,00;27,00;-15,00;20,00;38,53;-14,00
13.03.2021;13.03.2021;FCR;1;NEGPOS_00_04;58,60;71,00;58,60;30,00;87,00;163,88;-60,00;67,00;58,60;3,00;562,00;58,60;4,00;508,00;58,60;123,00;114,00;154,75;-74,00;15,00;58,60;-14,00;20,00;58,60;-12,00
13.03.2021;13.03.2021;FCR;1;NEGPOS_04_08;56,00;71,00;56,00;27,00;87,00;144,09;-60,00;67,00;56,00;2,00;562,00;56,00;14,00;508,00;56,00;117,00;114,00;159,54;-74,00;15,00;56,00;-14,00;20,00;56,00;-12,00
13.03.2021;13.03.2021;FCR;1;NEGPOS_08_12;57,84;71,00;57,84;40,00;87,00;155,45;-60,00;67,00;57,84;29,00;562,00;57,84;-51,00;508,00;57,84;143,00;114,00;206,63;-74,00;15,00;57,84;-15,00;20,00;57,84;-12,00
13.03.2021;13.03.2021;FCR;1;NEGPOS_12_16;56,40;71,00;56,40;28,00;87,00;173,62;-60,00;67,00;56,40;0,00;562,00;56,40;7,00;508,00;56,40;120,00;114,00;164,41;-74,00;15,00;56,40;-9,00;20,00;56,40;-12,00
13.03.2021;13.03.2021;FCR;1;NEGPOS_16_20;38,00;71,00;38,00;11,00;87,00;147,00;-60,00;67,00;38,00;45,00;562,00;38,00;-23,00;508,00;38,00;130,00;114,00;130,97;-74,00;15,00;38,00;-15,00;20,00;38,53;-14,00
13.03.2021;13.03.2021;FCR;1;NEGPOS_20_24;55,20;71,00;55,20;16,00;87,00;148,88;-60,00;67,00;55,20;8,00;562,00;55,20;14,00;508,00;55,20;113,00;114,00;120,87;-74,00;15,00;55,20;-6,00;20,00;55,20;-11,00
14.03.2021;14.03.2021;FCR;1;NEGPOS_00_04;73,76;71,00;73,76;-49,00;87,00;159,61;-60,00;67,00;73,76;-46,00;562,00;73,76;-393,00;508,00;73,76;-355,00;114,00;258,53;-79,00;15,00;73,76;-15,00;20,00;73,76;-14,00
14.03.2021;14.03.2021;FCR;1;NEGPOS_04_08;92,17;71,00;92,17;-49,00;87,00;154,13;-60,00;67,00;92,17;-46,00;562,00;92,17;-393,00;508,00;92,17;-355,00;114,00;220,83;-79,00;15,00;92,17;-15,00;20,00;92,17;-14,00
14.03.2021;14.03.2021;FCR;1;NEGPOS_08_12;59,24;71,00;59,24;-49,00;87,00;167,70;-60,00;67,00;59,24;-46,00;562,00;59,24;-393,00;508,00;59,24;-355,00;114,00;239,05;-79,00;15,00;59,24;-15,00;20,00;59,24;-14,00
14.03.2021;14.03.2021;FCR;1;NEGPOS_12_16;81,00;71,00;81,00;-49,00;87,00;175,37;-60,00;67,00;81,00;-46,00;562,00;81,00;-393,00;508,00;81,00;-355,00;114,00;447,77;-79,00;15,00;81,00;-15,00;20,00;81,00;-14,00
14.03.2021;14.03.2021;FCR;1;NEGPOS_16_20;59,23;71,00;59,23;-49,00;87,00;165,41;-60,00;67,00;59,23;-46,00;562,00;59,23;-393,00;508,00;59,23;-355,00;114,00;147,23;-79,00;15,00;59,23;-15,00;20,00;59,23;-14,00
14.03.2021;14.03.2021;FCR;1;NEGPOS_20_24;44,00;71,00;44,00;-49,00;87,00;132,90;-60,00;67,00;44,00;-46,00;562,00;44,00;-393,00;508,00;44,00;-355,00;114,00;123,79;-79,00;15,00;44,00;-15,00;20,00;44,00;-14,00
14.03.2021;14.03.2021;FCR;2;NEGPOS_00_04;0,00;-;-;-;-;-;-;-;-;-;-;-;-;-;-;-;4,00;0,00;-79,00;-;-;-;-;-;-
14.03.2021;14.03.2021;FCR;2;NEGPOS_04_08;5,00;-;-;-;-;-;-;-;-;-;-;-;-;-;-;-;4,00;5,00;-79,00;-;-;-;-;-;-
14.03.2021;14.03.2021;FCR;2;NEGPOS_08_12;0,00;-;-;-;-;-;-;-;-;-;-;-;-;-;-;-;4,00;0,00;-79,00;-;-;-;-;-;-
14.03.2021;14.03.2021;FCR;2;NEGPOS_12_16;17,00;-;-;-;-;-;-;-;-;-;-;-;-;-;-;-;4,00;17,00;-79,00;-;-;-;-;-;-
14.03.2021;14.03.2021;FCR;2;NEGPOS_16_20;47,00;-;-;-;-;-;-;-;-;-;-;-;-;-;-;-;4,00;47,00;-79,00;-;-;-;-;-;-
14.03.2021;14.03.2021;FCR;2;NEGPOS_20_24;21,00;-;-;-;-;-;-;-;-;-;-;-;-;-;-;-;4,00;21,00;-79,00;-;-;-;-;-;-
15.03.2021;15.03.2021;FCR;1;NEGPOS_00_04;60,52;71,00;60,52;33,00;87,00;146,10;-60,00;67,00;60,52;44,00;562,00;60,52;-53,00;508,00;60,52;132,00;114,00;137,66;-74,00;15,00;60,52;-12,00;20,00;60,52;-10,00
15.03.2021;15.03.2021;FCR;1;NEGPOS_04_08;58,18;71,00;58,18;46,00;87,00;84,98;-60,00;67,00;58,18;37,00;562,00;58,18;-50,00;508,00;58,18;127,00;114,00;156,45;-74,00;15,00;58,18;-15,00;20,00;58,18;-11,00
15.03.2021;15.03.2021;FCR;1;NEGPOS_08_12;45,00;71,00;45,00;60,00;87,00;127,00;-59,00;67,00;29,55;99,00;562,00;45,00;1,00;508,00;45,00;-2,00;114,00;205,01;-74,00;15,00;45,00;-15,00;20,00;45,00;-10,00
15.03.2021;15.03.2021;FCR;1;NEGPOS_12_16;51,29;71,00;51,29;42,00;87,00;157,91;-59,00;67,00;51,29;70,00;562,00;51,29;16,00;508,00;51,29;30,00;114,00;149,94;-74,00;15,00;51,29;-15,00;20,00;51,29;-10,00
15.03.2021;15.03.2021;FCR;1;NEGPOS_16_20;37,00;71,00;37,00;60,00;87,00;132,22;-59,00;67,00;28,42;98,00;562,00;37,00;-62,00;508,00;37,00;63,00;114,00;160,26;-74,00;15,00;37,00;-15,00;20,00;37,00;-11,00
15.03.2021;15.03.2021;FCR;1;NEGPOS_20_24;28,68;71,00;28,68;13,00;87,00;129,29;-59,00;67,00;28,68;50,00;562,00;28,68;-11,00;508,00;28,68;110,00;114,00;111,57;-74,00;15,00;28,68;-15,00;20,00;35,00;-14,00
16.03.2021;16.03.2021;FCR;1;NEGPOS_00_04;39,00;71,00;39,00;6,00;87,00;190,54;-60,00;67,00;39,00;13,00;562,00;39,00;68,00;508,00;39,00;74,00;114,00;126,83;-74,00;15,00;39,00;-15,00;20,00;39,00;-12,00
16.03.2021;16.03.2021;FCR;1;NEGPOS_04_08;26,26;71,00;26,26;6,00;87,00;123,12;-58,00;67,00;26,26;34,00;562,00;26,26;39,00;508,00;26,26;75,00;114,00;147,61;-62,00;15,00;26,26;-15,00;20,00;35,00;-14,00
16.03.2021;16.03.2021;FCR;1;NEGPOS_08_12;21,55;71,00;21,55;6,00;87,00;116,40;-58,00;67,00;21,55;47,00;562,00;21,55;-27,00;508,00;21,55;123,00;114,00;199,76;-62,00;15,00;21,55;-15,00;20,00;35,00;-14,00
16.03.2021;16.03.2021;FCR;1;NEGPOS_12_16;22,00;71,00;22,00;6,00;87,00;119,12;-58,00;67,00;22,00;35,00;562,00;22,00;34,00;508,00;22,00;93,00;114,00;159,38;-74,00;15,00;22,00;-15,00;20,00;35,00;-14,00
16.03.2021;16.03.2021;FCR;1;NEGPOS_16_20;16,49;71,00;16,49;4,00;87,00;121,88;-58,00;67,00;16,49;42,00;562,00;16,49;-34,00;508,00;11,00;152,00;114,00;162,02;-74,00;15,00;16,49;-15,00;20,00;35,00;-14,00
16.03.2021;16.03.2021;FCR;1;NEGPOS_20_24;18,00;71,00;18,00;6,00;87,00;113,68;-58,00;67,00;18,00;8,00;562,00;18,00;-5,00;508,00;11,00;152,00;114,00;123,36;-74,00;15,00;18,00;-15,00;20,00;35,00;-14,00
17.03.2021;17.03.2021;FCR;1;NEGPOS_00_04;15,20;71,00;15,20;2,00;87,00;182,21;-60,00;67,00;15,20;6,00;562,00;15,20;1,00;508,00;11,00;152,00;114,00;142,89;-74,00;15,00;15,20;-15,00;20,00;15,20;-12,00
17.03.2021;17.03.2021;FCR;1;NEGPOS_04_08;21,00;71,00;21,00;4,00;87,00;108,56;-58,00;67,00;21,00;9,00;562,00;21,00;-6,00;508,00;11,00;152,00;114,00;123,49;-74,00;15,00;21,00;-15,00;20,00;21,00;-12,00
17.03.2021;17.03.2021;FCR;1;NEGPOS_08_12;21,24;71,00;21,24;2,00;87,00;112,76;-58,00;67,00;21,24;21,00;562,00;21,24;-15,00;508,00;19,48;152,00;114,00;206,81;-74,00;15,00;21,24;-15,00;20,00;21,24;-11,00
17.03.2021;17.03.2021;FCR;1;NEGPOS_12_16;16,80;71,00;16,80;2,00;87,00;105,87;-60,00;67,00;16,80;21,00;562,00;16,80;10,00;508,00;16,80;127,00;114,00;146,99;-74,00;15,00;16,80;-15,00;20,00;16,80;-11,00
17.03.2021;17.03.2021;FCR;1;NEGPOS_16_20;16,00;71,00;16,00;0,00;87,00;117,40;-58,00;67,00;16,00;12,00;562,00;16,00;-6,00;508,00;15,52;152,00;114,00;144,30;-74,00;15,00;16,00;-15,00;20,00;16,00;-11,00
17.03.2021;17.03.2021;FCR;1;NEGPOS_20_24;13,60;71,00;13,60;8,00;87,00;107,12;-58,00;67,00;13,60;4,00;562,00;13,60;-6,00;508,00;13,24;152,00;114,00;124,65;-74,00;15,00;13,60;-15,00;20,00;13,60;-11,00
18.03.2021;18.03.2021;FCR;1;NEGPOS_00_04;18,02;71,00;18,02;16,00;87,00;120,00;-60,00;67,00;18,02;3,00;562,00;18,02;26,00;508,00;18,02;121,00;114,00;18,02;-79,00;15,00;18,02;-15,00;20,00;18,02;-12,00
18.03.2021;18.03.2021;FCR;1;NEGPOS_04_08;21,92;71,00;21,92;7,00;87,00;113,68;-58,00;67,00;21,92;8,00;562,00;21,92;-3,00;508,00;12,00;152,00;114,00;28,00;-79,00;15,00;21,92;-15,00;20,00;21,92;-12,00
18.03.2021;18.03.2021;FCR;1;NEGPOS_08_12;18,40;71,00;18,40;2,00;87,00;129,84;-58,00;67,00;18,40;18,00;562,00;18,40;-14,00;508,00;3,68;152,00;114,00;18,40;-79,00;15,00;18,40;-15,00;20,00;18,40;-6,00
18.03.2021;18.03.2021;FCR;1;NEGPOS_12_16;12,50;71,00;12,50;-4,00;87,00;82,68;-60,00;67,00;12,50;-3,00;562,00;12,50;17,00;508,00;11,24;152,00;114,00;12,50;-79,00;15,00;12,50;-15,00;20,00;12,50;-6,00
18.03.2021;18.03.2021;FCR;1;NEGPOS_16_20;15,20;71,00;15,20;0,00;87,00;135,12;-58,00;67,00;15,20;14,00;562,00;15,20;-8,00;508,00;11,00;152,00;114,00;15,20;-79,00;15,00;15,20;-15,00;20,00;15,20;-6,00
18.03.2021;18.03.2021;FCR;1;NEGPOS_20_24;12,80;71,00;12,80;-4,00;87,00;113,76;-58,00;67,00;12,80;-2,00;562,00;12,80;17,00;508,00;11,00;152,00;114,00;36,00;-79,00;15,00;12,80;-15,00;20,00;12,80;-11,00
19.03.2021;19.03.2021;FCR;1;NEGPOS_00_04;21,18;71,00;21,18;3,00;87,00;110,62;-60,00;67,00;21,18;-2,00;562,00;21,18;48,00;508,00;21,18;107,00;114,00;21,18;-69,00;15,00;21,18;-15,00;20,00;21,18;-12,00
19.03.2021;19.03.2021;FCR;1;NEGPOS_04_08;22,96;71,00;22,96;10,00;87,00;115,04;-58,00;67,00;22,96;-1,00;562,00;22,96;5,00;508,00;22,96;146,00;114,00;22,96;-75,00;15,00;22,96;-15,00;20,00;22,96;-12,00
19.03.2021;19.03.2021;FCR;1;NEGPOS_08_12;29,00;71,00;29,00;32,00;87,00;118,80;-58,00;67,00;29,00;66,00;562,00;29,00;-33,00;508,00;29,00;83,00;114,00;29,00;-69,00;15,00;29,00;-15,00;20,00;29,00;-6,00
19.03.2021;19.03.2021;FCR;1;NEGPOS_12_16;20,76;71,00;20,76;10,00;87,00;96,92;-58,00;67,00;20,76;4,00;562,00;20,76;58,00;508,00;20,76;81,00;114,00;20,76;-69,00;15,00;20,76;-15,00;20,00;20,76;-11,00
19.03.2021;19.03.2021;FCR;1;NEGPOS_16_20;27,18;71,00;27,18;9,00;87,00;118,12;-58,00;67,00;27,18;52,00;562,00;27,18;-2,00;508,00;27,18;94,00;114,00;27,18;-69,00;15,00;27,18;-15,00;20,00;27,18;-11,00
19.03.2021;19.03.2021;FCR;1;NEGPOS_20_24;25,28;71,00;25,28;22,00;87,00;110,92;-58,00;67,00;25,28;3,00;562,00;25,28;62,00;508,00;25,28;72,00;114,00;25,28;-75,00;15,00;25,28;-15,00;20,00;25,28;-11,00
20.03.2021;20.03.2021;FCR;1;NEGPOS_00_04;23,00;71,00;23,00;3,00;87,00;104,82;-60,00;67,00;23,00;8,00;562,00;23,00;17,00;508,00;23,00;119,00;114,00;23,00;-69,00;15,00;23,00;-15,00;20,00;23,00;-3,00
20.03.2021;20.03.2021;FCR;1;NEGPOS_04_08;23,50;71,00;23,50;3,00;87,00;56,74;-60,00;67,00;23,50;1,00;562,00;23,50;29,00;508,00;23,50;123,00;114,00;23,50;-75,00;15,00;23,50;-15,00;20,00;23,50;-3,00
20.03.2021;20.03.2021;FCR;1;NEGPOS_08_12;29,24;71,00;29,24;13,00;87,00;64,85;-60,00;67,00;29,24;7,00;562,00;29,24;37,00;508,00;29,24;88,00;114,00;29,24;-69,00;15,00;29,24;-15,00;20,00;29,24;-1,00
20.03.2021;20.03.2021;FCR;1;NEGPOS_12_16;29,52;71,00;29,52;10,00;87,00;69,06;-60,00;67,00;29,52;12,00;562,00;29,52;46,00;508,00;29,52;77,00;114,00;29,52;-69,00;15,00;29,52;-15,00;20,00;29,52;-1,00
20.03.2021;20.03.2021;FCR;1;NEGPOS_16_20;30,48;71,00;30,48;13,00;87,00;73,07;-60,00;67,00;30,48;23,00;562,00;30,48;-26,00;508,00;30,48;135,00;114,00;30,48;-69,00;15,00;30,48;-15,00;20,00;30,48;-1,00
20.03.2021;20.03.2021;FCR;1;NEGPOS_20_24;22,97;71,00;22,97;3,00;87,00;52,48;-60,00;67,00;22,97;10,00;562,00;22,97;14,00;508,00;22,97;124,00;114,00;22,97;-75,00;15,00;22,97;-15,00;20,00;22,97;-1,00
21.03.2021;21.03.2021;FCR;1;NEGPOS_00_04;42,73;71,00;42,73;-3,00;87,00;112,94;-60,00;67,00;42,73;-19,00;562,00;42,73;23,00;508,00;27,76;152,00;114,00;42,73;-69,00;15,00;42,73;-15,00;20,00;42,73;-9,00
21.03.2021;21.03.2021;FCR;1;NEGPOS_04_08;45,04;71,00;45,04;-3,00;87,00;73,42;-60,00;67,00;45,04;11,00;562,00;45,04;3,00;508,00;45,04;139,00;114,00;45,04;-69,00;15,00;45,04;-12,00;20,00;45,04;-9,00
21.03.2021;21.03.2021;FCR;1;NEGPOS_08_12;46,00;71,00;46,00;3,00;87,00;78,57;-60,00;67,00;46,00;12,00;562,00;46,00;14,00;508,00;46,00;113,00;114,00;46,00;-69,00;15,00;46,00;-11,00;20,00;46,00;-2,00
21.03.2021;21.03.2021;FCR;1;NEGPOS_12_16;41,64;71,00;41,64;3,00;87,00;88,72;-60,00;67,00;41,64;-5,00;562,00;41,64;14,00;508,00;41,64;131,00;114,00;41,64;-69,00;15,00;41,64;-11,00;20,00;41,64;-3,00
21.03.2021;21.03.2021;FCR;1;NEGPOS_16_20;34,48;71,00;34,48;4,00;87,00;75,47;-60,00;67,00;34,48;-13,00;562,00;34,48;16,00;508,00;34,48;147,00;114,00;34,48;-69,00;15,00;34,48;-15,00;20,00;34,48;-10,00
21.03.2021;21.03.2021;FCR;1;NEGPOS_20_24;21,76;71,00;21,76;8,00;87,00;56,01;-60,00;67,00;21,76;24,00;562,00;21,76;1,00;508,00;21,76;129,00;114,00;21,76;-75,00;15,00;21,76;-15,00;20,00;21,76;-12,00
22.03.2021;22.03.2021;FCR;1;NEGPOS_00_04;29,00;71,00;29,00;-7,00;87,00;100,60;-60,00;67,00;29,00;-16,00;562,00;29,00;51,00;508,00;29,00;130,00;114,00;29,00;-69,00;15,00;29,00;-15,00;20,00;64,00;-14,00
22.03.2021;22.03.2021;FCR;1;NEGPOS_04_08;36,85;71,00;36,85;4,00;87,00;71,47;-60,00;67,00;36,85;4,00;562,00;36,85;-2,00;508,00;29,12;152,00;114,00;36,85;-69,00;15,00;36,85;-15,00;20,00;64,00;-14,00
22.03.2021;22.03.2021;FCR;1;NEGPOS_08_12;29,35;71,00;29,35;-7,00;87,00;73,02;-60,00;67,00;29,35;37,00;562,00;29,35;-27,00;508,00;11,00;152,00;114,00;29,35;-69,00;15,00;29,35;-15,00;20,00;29,35;-11,00
22.03.2021;22.03.2021;FCR;1;NEGPOS_12_16;21,76;71,00;21,76;1,00;87,00;98,35;-60,00;67,00;21,76;18,00;562,00;21,76;-17,00;508,00;21,76;146,00;114,00;21,76;-69,00;15,00;21,76;-15,00;20,00;21,76;-4,00
22.03.2021;22.03.2021;FCR;1;NEGPOS_16_20;30,00;71,00;30,00;-7,00;87,00;69,48;-60,00;67,00;30,00;40,00;562,00;30,00;-24,00;508,00;11,00;152,00;114,00;30,00;-75,00;15,00;30,00;-15,00;20,00;30,00;-11,00
22.03.2021;22.03.2021;FCR;1;NEGPOS_20_24;25,00;71,00;25,00;-7,00;87,00;58,22;-60,00;67,00;25,00;24,00;562,00;25,00;-14,00;508,00;16,12;152,00;114,00;25,00;-69,00;15,00;25,00;-15,00;20,00;25,00;-11,00
23.03.2021;23.03.2021;FCR;1;NEGPOS_00_04;27,00;71,00;27,00;-3,00;87,00;72,10;-60,00;67,00;27,00;2,00;562,00;27,00;95,00;508,00;27,00;56,00;114,00;27,00;-69,00;15,00;27,00;-15,00;20,00;27,00;-6,00
23.03.2021;23.03.2021;FCR;1;NEGPOS_04_08;33,04;71,00;33,04;4,00;87,00;59,31;-60,00;67,00;33,04;45,00;562,00;33,04;31,00;508,00;33,04;74,00;114,00;33,04;-69,00;15,00;33,04;-12,00;20,00;33,04;-13,00
23.03.2021;23.03.2021;FCR;1;NEGPOS_08_12;27,17;71,00;27,17;-3,00;87,00;69,86;-60,00;67,00;27,17;44,00;562,00;27,17;-36,00;508,00;11,00;152,00;114,00;27,17;-69,00;15,00;27,17;-15,00;20,00;27,17;-13,00
23.03.2021;23.03.2021;FCR;1;NEGPOS_12_16;19,60;71,00;19,60;1,00;87,00;99,52;-60,00;67,00;19,60;35,00;562,00;19,60;-30,00;508,00;19,60;140,00;114,00;19,60;-69,00;15,00;19,60;-15,00;20,00;19,60;-2,00
23.03.2021;23.03.2021;FCR;1;NEGPOS_16_20;16,00;71,00;16,00;-9,00;87,00;64,90;-60,00;67,00;16,00;14,00;562,00;16,00;6,00;508,00;13,08;152,00;114,00;16,00;-75,00;15,00;16,00;-15,00;20,00;16,00;-13,00
23.03.2021;23.03.2021;FCR;1;NEGPOS_20_24;15,83;71,00;15,83;-9,00;87,00;57,74;-60,00;67,00;15,83;8,00;562,00;15,83;12,00;508,00;15,83;152,00;114,00;15,83;-75,00;15,00;15,83;-15,00;20,00;15,83;-13,00
24.03.2021;24.03.2021;FCR;1;NEGPOS_00_04;22,00;71,00;22,00;-8,00;87,00;70,00;-60,00;67,00;22,00;-3,00;562,00;22,00;113,00;508,00;22,00;56,00;114,00;22,00;-69,00;15,00;22,00;-15,00;20,00;27,92;-14,00
24.03.2021;24.03.2021;FCR;1;NEGPOS_04_08;24,90;71,00;24,90;0,00;87,00;62,02;-60,00;67,00;24,90;29,00;562,00;24,90;-17,00;508,00;22,84;152,00;114,00;24,90;-75,00;15,00;24,90;-15,00;20,00;27,92;-14,00
24.03.2021;24.03.2021;FCR;1;NEGPOS_08_12;19,20;71,00;19,20;-4,00;87,00;68,95;-60,00;67,00;19,20;39,00;562,00;19,20;-24,00;508,00;19,20;147,00;114,00;19,20;-69,00;15,00;19,20;-15,00;20,00;27,92;-14,00
24.03.2021;24.03.2021;FCR;1;NEGPOS_12_16;19,80;71,00;19,80;3,00;87,00;97,73;-60,00;67,00;19,80;32,00;562,00;19,80;-3,00;508,00;19,80;126,00;114,00;19,80;-69,00;15,00;19,80;-15,00;20,00;27,92;-14,00
24.03.2021;24.03.2021;FCR;1;NEGPOS_16_20;27,92;71,00;27,92;-8,00;87,00;62,31;-60,00;67,00;27,92;58,00;562,00;27,92;-41,00;508,00;18,80;152,00;114,00;27,92;-74,00;15,00;27,92;-15,00;20,00;27,92;-12,00
24.03.2021;24.03.2021;FCR;1;NEGPOS_20_24;17,92;71,00;17,92;-4,00;87,00;57,72;-60,00;67,00;17,92;44,00;562,00;17,92;-23,00;508,00;11,00;152,00;114,00;36,00;-79,00;15,00;17,92;-15,00;20,00;29,40;-14,00
25.03.2021;25.03.2021;FCR;1;NEGPOS_00_04;28,00;71,00;28,00;-10,00;87,00;67,45;-60,00;67,00;28,00;18,00;562,00;28,00;86,00;508,00;28,00;61,00;114,00;28,00;-69,00;15,00;28,00;-12,00;20,00;42,48;-14,00
25.03.2021;25.03.2021;FCR;1;NEGPOS_04_08;25,92;71,00;25,92;-4,00;87,00;64,13;-60,00;67,00;25,92;37,00;562,00;25,92;-21,00;508,00;14,80;152,00;114,00;25,92;-75,00;15,00;25,92;-15,00;20,00;42,48;-14,00
25.03.2021;25.03.2021;FCR;1;NEGPOS_08_12;24,10;71,00;24,10;7,00;87,00;61,01;-60,00;67,00;24,10;47,00;562,00;24,10;-49,00;508,00;14,48;152,00;114,00;24,10;-69,00;15,00;24,10;-15,00;20,00;24,10;-13,00
25.03.2021;25.03.2021;FCR;1;NEGPOS_12_16;19,92;71,00;19,92;-1,00;87,00;107,88;-60,00;67,00;19,92;20,00;562,00;19,92;26,00;508,00;19,92;112,00;114,00;19,92;-69,00;15,00;19,92;-15,00;20,00;19,92;-13,00
25.03.2021;25.03.2021;FCR;1;NEGPOS_16_20;19,60;71,00;19,60;-14,00;87,00;55,90;-60,00;67,00;19,60;36,00;562,00;19,60;-17,00;508,00;13,16;152,00;114,00;19,60;-69,00;15,00;19,60;-15,00;20,00;19,60;-13,00
25.03.2021;25.03.2021;FCR;1;NEGPOS_20_24;15,00;71,00;15,00;-14,00;87,00;53,84;-60,00;67,00;15,00;27,00;562,00;15,00;-2,00;508,00;9,88;152,00;114,00;15,00;-75,00;15,00;15,00;-15,00;20,00;15,00;-13,00
26.03.2021;26.03.2021;FCR;1;NEGPOS_00_04;16,00;71,00;16,00;0,00;87,00;72,85;-60,00;67,00;16,00;-10,00;562,00;16,00;51,00;508,00;16,00;117,00;114,00;16,00;-69,00;15,00;16,00;-15,00;20,00;41,34;-14,00
26.03.2021;26.03.2021;FCR;1;NEGPOS_04_08;20,50;71,00;20,50;8,00;87,00;63,48;-60,00;67,00;20,50;-9,00;562,00;20,50;44,00;508,00;20,50;121,00;114,00;20,50;-75,00;15,00;20,50;-15,00;20,00;41,34;-14,00
26.03.2021;26.03.2021;FCR;1;NEGPOS_08_12;24,32;71,00;24,32;27,00;87,00;57,25;-60,00;67,00;24,32;42,00;562,00;24,32;50,00;508,00;24,32;39,00;114,00;24,32;-69,00;15,00;24,32;-15,00;20,00;43,63;-14,00
26.03.2021;26.03.2021;FCR;1;NEGPOS_12_16;20,00;71,00;20,00;14,00;87,00;102,09;-57,00;67,00;20,00;14,00;562,00;20,00;93,00;508,00;20,00;34,00;114,00;20,00;-69,00;15,00;20,00;-15,00;20,00;41,34;-14,00
26.03.2021;26.03.2021;FCR;1;NEGPOS_16_20;19,00;71,00;19,00;8,00;87,00;44,94;-60,00;67,00;19,00;31,00;562,00;19,00;0,00;508,00;19,00;119,00;114,00;19,00;-69,00;15,00;19,00;-15,00;20,00;41,34;-14,00
26.03.2021;26.03.2021;FCR;1;NEGPOS_20_24;22,73;71,00;22,73;17,00;87,00;49,21;-60,00;67,00;22,73;61,00;562,00;22,73;34,00;508,00;22,73;52,00;114,00;22,73;-75,00;15,00;22,73;-15,00;20,00;41,34;-14,00
27.03.2021;27.03.2021;FCR;1;NEGPOS_00_04;38,44;71,00;38,44;1,00;87,00;93,34;-60,00;67,00;38,44;59,00;562,00;38,44;49,00;508,00;38,44;49,00;114,00;38,44;-69,00;15,00;38,44;-15,00;20,00;54,77;-14,00
27.03.2021;27.03.2021;FCR;1;NEGPOS_04_08;35,28;71,00;35,28;1,00;87,00;83,19;-60,00;67,00;35,28;57,00;562,00;35,28;49,00;508,00;35,28;51,00;114,00;35,28;-69,00;15,00;35,28;-15,00;20,00;54,77;-14,00
27.03.2021;27.03.2021;FCR;1;NEGPOS_08_12;44,00;71,00;44,00;27,00;87,00;80,33;-60,00;67,00;44,00;62,00;562,00;44,00;-3,00;508,00;44,00;64,00;114,00;44,00;-69,00;15,00;44,00;-7,00;20,00;54,77;-14,00
27.03.2021;27.03.2021;FCR;1;NEGPOS_12_16;56,00;71,00;56,00;27,00;87,00;160,95;-60,00;67,00;56,00;36,00;562,00;56,00;18,00;508,00;56,00;67,00;114,00;56,00;-69,00;15,00;56,00;-8,00;20,00;56,00;-11,00
27.03.2021;27.03.2021;FCR;1;NEGPOS_16_20;34,70;71,00;34,70;15,00;87,00;74,41;-60,00;67,00;34,70;88,00;562,00;34,70;-1,00;508,00;34,70;62,00;114,00;34,70;-75,00;15,00;34,70;-15,00;20,00;54,77;-14,00
27.03.2021;27.03.2021;FCR;1;NEGPOS_20_24;22,89;71,00;22,89;1,00;87,00;83,32;-60,00;67,00;22,89;52,00;562,00;22,89;38,00;508,00;22,89;67,00;114,00;22,89;-69,00;15,00;22,89;-15,00;20,00;54,77;-14,00
28.03.2021;28.03.2021;FCR;1;NEGPOS_00_04;36,39;71,00;36,39;4,00;87,00;115,17;-60,00;67,00;36,39;10,00;562,00;36,39;12,00;508,00;36,39;132,00;114,00;36,39;-69,00;15,00;36,39;-15,00;20,00;48,42;-14,00
28.03.2021;28.03.2021;FCR;1;NEGPOS_04_08;36,10;71,00;36,10;-3,00;87,00;103,26;-60,00;67,00;36,10;12,00;562,00;36,10;9,00;508,00;36,10;140,00;114,00;36,10;-69,00;15,00;36,10;-15,00;20,00;54,77;-14,00
28.03.2021;28.03.2021;FCR;1;NEGPOS_08_12;44,00;71,00;44,00;-3,00;87,00;92,67;-60,00;67,00;44,00;22,00;562,00;44,00;-13,00;508,00;31,44;152,00;114,00;44,00;-69,00;15,00;44,00;-15,00;20,00;54,77;-14,00
28.03.2021;28.03.2021;FCR;1;NEGPOS_12_16;61,12;71,00;61,12;8,00;87,00;169,81;-60,00;67,00;61,12;34,00;562,00;61,12;-48,00;508,00;27,04;152,00;114,00;61,12;-69,00;15,00;61,12;-6,00;20,00;61,12;-11,00
28.03.2021;28.03.2021;FCR;1;NEGPOS_16_20;49,96;71,00;49,96;13,00;87,00;81,42;-60,00;67,00;49,96;36,00;562,00;49,96;-12,00;508,00;49,96;121,00;114,00;49,96;-69,00;15,00;49,96;-15,00;20,00;54,77;-14,00
28.03.2021;28.03.2021;FCR;1;NEGPOS_20_24;26,92;71,00;26,92;1,00;87,00;97,00;-60,00;67,00;26,92;28,00;562,00;26,92;59,00;508,00;26,92;70,00;114,00;26,92;-69,00;15,00;26,92;-15,00;20,00;54,77;-14,00
29.03.2021;29.03.2021;FCR;1;NEGPOS_00_04;49,99;71,00;49,99;7,00;87,00;66,31;-60,00;67,00;49,99;53,00;562,00;49,99;37,00;508,00;49,99;63,00;114,00;49,99;-69,00;15,00;49,99;-12,00;20,00;53,24;-14,00
29.03.2021;29.03.2021;FCR;1;NEGPOS_04_08;36,43;71,00;36,43;-7,00;87,00;36,43;-57,00;67,00;36,43;76,00;562,00;36,43;28,00;508,00;36,43;58,00;114,00;36,43;-69,00;15,00;36,43;-15,00;20,00;53,24;-14,00
29.03.2021;29.03.2021;FCR;1;NEGPOS_08_12;48,00;71,00;48,00;-7,00;87,00;48,00;-60,00;67,00;35,78;95,00;562,00;48,00;94,00;508,00;48,00;-15,00;114,00;48,00;-69,00;15,00;48,00;-15,00;20,00;53,24;-14,00
29.03.2021;29.03.2021;FCR;1;NEGPOS_12_16;38,74;71,00;38,74;-7,00;87,00;126,21;-60,00;67,00;38,74;99,00;562,00;38,74;35,00;508,00;38,74;31,00;114,00;38,74;-69,00;15,00;38,74;-15,00;20,00;53,24;-14,00
29.03.2021;29.03.2021;FCR;1;NEGPOS_16_20;30,68;71,00;30,68;4,00;87,00;38,30;-60,00;67,00;30,68;96,00;562,00;30,68;-24,00;508,00;30,68;82,00;114,00;30,68;-69,00;15,00;30,68;-15,00;20,00;53,24;-14,00
29.03.2021;29.03.2021;FCR;1;NEGPOS_20_24;27,30;71,00;27,30;7,00;87,00;39,15;-60,00;67,00;27,30;99,00;562,00;27,30;-8,00;508,00;27,30;66,00;114,00;27,30;-75,00;15,00;27,30;-15,00;20,00;53,24;-14,00
30.03.2021;30.03.2021;FCR;1;NEGPOS_00_04;22,22;71,00;22,22;-7,00;87,00;77,66;-60,00;67,00;22,22;14,00;562,00;22,22;12,00;508,00;22,22;139,00;114,00;22,22;-69,00;15,00;22,22;-15,00;20,00;53,24;-14,00
30.03.2021;30.03.2021;FCR;1;NEGPOS_04_08;31,00;71,00;31,00;-7,00;87,00;31,00;-60,00;67,00;31,00;35,00;562,00;31,00;30,00;508,00;31,00;100,00;114,00;31,00;-69,00;15,00;31,00;-15,00;20,00;53,24;-14,00
30.03.2021;30.03.2021;FCR;1;NEGPOS_08_12;29,40;71,00;29,40;1,00;87,00;47,36;-60,00;67,00;29,40;61,00;562,00;29,40;16,00;508,00;29,40;79,00;114,00;29,40;-69,00;15,00;29,40;-15,00;20,00;29,40;-13,00
30.03.2021;30.03.2021;FCR;1;NEGPOS_12_16;26,20;71,00;26,20;1,00;87,00;136,29;-60,00;67,00;26,20;7,00;562,00;26,20;36,00;508,00;26,20;113,00;114,00;26,20;-69,00;15,00;26,20;-15,00;20,00;26,20;-13,00
30.03.2021;30.03.2021;FCR;1;NEGPOS_16_20;21,00;71,00;21,00;-7,00;87,00;34,19;-60,00;67,00;21,00;26,00;562,00;21,00;-3,00;508,00;21,00;141,00;114,00;21,00;-69,00;15,00;21,00;-15,00;20,00;21,00;-13,00
30.03.2021;30.03.2021;FCR;1;NEGPOS_20_24;15,54;71,00;15,54;-7,00;87,00;28,69;-60,00;67,00;15,54;19,00;562,00;15,54;9,00;508,00;11,00;152,00;114,00;15,54;-75,00;15,00;15,54;-15,00;20,00;15,54;-13,00
31.03.2021;31.03.2021;FCR;1;NEGPOS_00_04;29,35;71,00;29,35;-4,00;87,00;76,73;-60,00;67,00;29,35;26,00;562,00;29,35;87,00;508,00;29,35;43,00;114,00;29,35;-68,00;15,00;29,35;-12,00;20,00;29,35;-12,00
31.03.2021;31.03.2021;FCR;1;NEGPOS_04_08;33,92;71,00;33,92;5,00;87,00;33,92;-59,00;67,00;33,92;16,00;562,00;33,92;36,00;508,00;33,92;97,00;114,00;33,92;-68,00;15,00;33,92;-15,00;20,00;33,92;-12,00
31.03.2021;31.03.2021;FCR;1;NEGPOS_08_12;31,48;71,00;31,48;10,00;87,00;46,61;-60,00;67,00;31,48;44,00;562,00;31,48;18,00;508,00;31,48;82,00;114,00;31,48;-68,00;15,00;31,48;-15,00;20,00;31,48;-11,00
31.03.2021;31.03.2021;FCR;1;NEGPOS_12_16;26,24;71,00;26,24;4,00;87,00;159,05;-60,00;67,00;26,24;9,00;562,00;26,24;116,00;508,00;26,24;25,00;114,00;26,24;-68,00;15,00;26,24;-15,00;20,00;26,24;-11,00
31.03.2021;31.03.2021;FCR;1;NEGPOS_16_20;29,12;71,00;29,12;-4,00;87,00;29,12;-59,00;67,00;29,12;53,00;562,00;29,12;13,00;508,00;29,12;91,00;114,00;29,12;-68,00;15,00;29,12;-15,00;20,00;29,12;-11,00
31.03.2021;31.03.2021;FCR;1;NEGPOS_20_24;24,48;71,00;24,48;7,00;87,00;38,71;-60,00;67,00;24,48;35,00;562,00;24,48;67,00;508,00;24,48;51,00;114,00;24,48;-74,00;15,00;24,48;-15,00;20,00;24,48;-11,00
01.04.2021;01.04.2021;FCR;1;NEGPOS_00_04;20,00;71,00;20,00;-4,00;87,00;88,33;-60,00;67,00;20,00;20,00;562,00;20,00;55,00;508,00;20,00;87,00;114,00;20,00;-71,00;15,00;20,00;-15,00;20,00;20,00;-12,00
01.04.2021;01.04.2021;FCR;1;NEGPOS_04_08;28,00;71,00;28,00;4,00;87,00;29,10;-60,00;67,00;28,00;35,00;562,00;28,00;29,00;508,00;28,00;96,00;114,00;28,00;-77,00;15,00;28,00;-15,00;20,00;28,00;-12,00
01.04.2021;01.04.2021;FCR;1;NEGPOS_08_12;25,92;71,00;25,92;3,00;87,00;46,25;-60,00;67,00;25,92;69,00;562,00;25,92;5,00;508,00;25,92;80,00;114,00;25,92;-71,00;15,00;25,92;-15,00;20,00;25,92;-11,00
01.04.2021;01.04.2021;FCR;1;NEGPOS_12_16;22,03;71,00;22,03;4,00;87,00;171,12;-60,00;67,00;22,03;4,00;562,00;22,03;100,00;508,00;22,03;49,00;114,00;22,03;-71,00;15,00;22,03;-15,00;20,00;22,03;-11,00
01.04.2021;01.04.2021;FCR;1;NEGPOS_16_20;28,90;71,00;28,90;13,00;87,00;28,90;-59,00;67,00;28,90;68,00;562,00;28,90;46,00;508,00;28,90;29,00;114,00;28,90;-71,00;15,00;28,90;-15,00;20,00;28,90;-11,00
01.04.2021;01.04.2021;FCR;1;NEGPOS_20_24;20,34;71,00;20,34;0,00;87,00;29,57;-60,00;67,00;20,34;60,00;562,00;20,34;27,00;508,00;20,34;76,00;114,00;20,34;-77,00;15,00;20,34;-15,00;20,00;20,34;-11,00
02.04.2021;02.04.2021;FCR;1;NEGPOS_00_04;33,58;71,00;33,58;-4,00;87,00;110,21;-60,00;67,00;33,58;66,00;562,00;33,58;56,00;508,00;33,58;36,00;114,00;33,58;-71,00;15,00;33,58;-11,00;20,00;33,58;-12,00
02.04.2021;02.04.2021;FCR;1;NEGPOS_04_08;38,00;71,00;38,00;-4,00;87,00;62,93;-60,00;67,00;38,00;66,00;562,00;38,00;50,00;508,00;38,00;46,00;114,00;38,00;-71,00;15,00;38,00;-15,00;20,00;38,00;-12,00
02.04.2021;02.04.2021;FCR;1;NEGPOS_08_12;49,00;71,00;49,00;17,00;87,00;76,14;-60,00;67,00;49,00;71,00;562,00;49,00;50,00;508,00;49,00;9,00;114,00;49,00;-71,00;15,00;49,00;-6,00;20,00;49,00;-10,00
02.04.2021;02.04.2021;FCR;1;NEGPOS_12_16;60,00;71,00;60,00;7,00;87,00;179,11;-60,00;67,00;60,00;58,00;562,00;60,00;35,00;508,00;60,00;50,00;114,00;60,00;-71,00;15,00;60,00;-10,00;20,00;60,00;-9,00
02.04.2021;02.04.2021;FCR;1;NEGPOS_16_20;48,00;71,00;48,00;7,00;87,00;54,17;-60,00;67,00;48,00;67,00;562,00;48,00;22,00;508,00;48,00;53,00;114,00;48,00;-71,00;15,00;48,00;-8,00;20,00;48,00;-10,00
02.04.2021;02.04.2021;FCR;1;NEGPOS_20_24;32,88;71,00;32,88;2,00;87,00;51,19;-60,00;67,00;32,88;81,00;562,00;32,88;45,00;508,00;32,88;35,00;114,00;32,88;-77,00;15,00;32,88;-15,00;20,00;32,88;-11,00
03.04.2021;03.04.2021;FCR;1;NEGPOS_00_04;55,00;71,00;55,00;9,00;87,00;109,50;-60,00;67,00;55,00;81,00;562,00;55,00;54,00;508,00;55,00;4,00;114,00;55,00;-71,00;15,00;55,00;-7,00;20,00;55,00;-10,00
03.04.2021;03.04.2021;FCR;1;NEGPOS_04_08;38,00;71,00;38,00;-2,00;87,00;73,28;-60,00;67,00;38,00;63,00;562,00;38,00;85,00;508,00;38,00;12,00;114,00;38,00;-71,00;15,00;38,00;-15,00;20,00;38,00;-12,00
03.04.2021;03.04.2021;FCR;1;NEGPOS_08_12;42,40;71,00;42,40;4,00;87,00;88,28;-60,00;67,00;42,40;84,00;562,00;42,40;46,00;508,00;42,40;12,00;114,00;42,40;-71,00;15,00;42,40;-6,00;20,00;42,40;-9,00
03.04.2021;03.04.2021;FCR;1;NEGPOS_12_16;54,00;71,00;54,00;9,00;87,00;181,25;-60,00;67,00;54,00;51,00;562,00;54,00;10,00;508,00;54,00;78,00;114,00;54,00;-71,00;15,00;54,00;-9,00;20,00;54,00;-8,00
03.04.2021;03.04.2021;FCR;1;NEGPOS_16_20;36,69;71,00;36,69;4,00;87,00;62,14;-60,00;67,00;36,69;46,00;562,00;36,69;31,00;508,00;36,69;81,00;114,00;36,69;-77,00;15,00;36,69;-15,00;20,00;36,69;-10,00
03.04.2021;03.04.2021;FCR;1;NEGPOS_20_24;27,15;71,00;27,15;-2,00;87,00;63,28;-60,00;67,00;27,15;71,00;562,00;27,15;41,00;508,00;27,15;46,00;114,00;27,15;-71,00;15,00;27,15;-15,00;20,00;27,15;-10,00
04.04.2021;04.04.2021;FCR;1;NEGPOS_00_04;29,44;71,00;29,44;3,00;87,00;107,40;-60,00;67,00;29,44;22,00;562,00;29,44;57,00;508,00;29,44;76,00;114,00;153,91;-71,00;15,00;29,44;-15,00;20,00;29,44;-12,00
04.04.2021;04.04.2021;FCR;1;NEGPOS_04_08;40,24;71,00;40,24;3,00;87,00;78,42;-60,00;67,00;40,24;24,00;562,00;40,24;89,00;508,00;40,24;42,00;114,00;166,41;-71,00;15,00;40,24;-15,00;20,00;40,24;-12,00
04.04.2021;04.04.2021;FCR;1;NEGPOS_08_12;32,00;71,00;32,00;3,00;87,00;94,49;-60,00;67,00;32,00;23,00;562,00;32,00;37,00;508,00;32,00;95,00;114,00;241,68;-71,00;15,00;32,00;-15,00;20,00;32,00;-12,00
04.04.2021;04.04.2021;FCR;1;NEGPOS_12_16;41,00;71,00;41,00;3,00;87,00;180,32;-60,00;67,00;41,00;20,00;562,00;41,00;-13,00;508,00;31,28;152,00;114,00;154,04;-71,00;15,00;41,00;-15,00;20,00;41,00;-13,00
04.04.2021;04.04.2021;FCR;1;NEGPOS_16_20;55,00;71,00;55,00;21,00;87,00;65,22;-60,00;67,00;55,00;55,00;562,00;55,00;28,00;508,00;55,00;54,00;114,00;142,03;-71,00;15,00;55,00;-15,00;20,00;55,00;-12,00
04.04.2021;04.04.2021;FCR;1;NEGPOS_20_24;34,16;71,00;34,16;7,00;87,00;69,47;-60,00;67,00;34,16;23,00;562,00;34,16;84,00;508,00;34,16;45,00;114,00;119,44;-71,00;15,00;34,16;-15,00;20,00;34,16;-12,00
05.04.2021;05.04.2021;FCR;1;NEGPOS_00_04;47,48;71,00;47,48;0,00;87,00;130,89;-60,00;67,00;47,48;22,00;562,00;47,48;-14,00;508,00;22,64;152,00;114,00;128,48;-71,00;15,00;47,48;-15,00;20,00;107,57;-14,00
05.04.2021;05.04.2021;FCR;1;NEGPOS_04_08;52,45;71,00;52,45;10,00;87,00;106,74;-60,00;67,00;52,45;21,00;562,00;52,45;-23,00;508,00;17,20;152,00;114,00;154,53;-71,00;15,00;52,45;-15,00;20,00;107,57;-14,00
05.04.2021;05.04.2021;FCR;1;NEGPOS_08_12;56,00;71,00;56,00;23,00;87,00;116,93;-60,00;67,00;56,00;27,00;562,00;56,00;-42,00;508,00;19,92;152,00;114,00;223,77;-71,00;15,00;56,00;-15,00;20,00;96,80;-14,00
05.04.2021;05.04.2021;FCR;1;NEGPOS_12_16;82,11;71,00;82,11;30,00;87,00;196,67;-60,00;67,00;82,11;51,00;562,00;82,11;-79,00;508,00;69,36;152,00;114,00;352,25;-71,00;15,00;82,11;-9,00;20,00;96,80;-14,00
05.04.2021;05.04.2021;FCR;1;NEGPOS_16_20;60,20;71,00;60,20;41,00;87,00;106,47;-60,00;67,00;60,20;28,00;562,00;60,20;-38,00;508,00;60,20;129,00;114,00;331,46;-71,00;15,00;60,20;-15,00;20,00;96,80;-14,00
05.04.2021;05.04.2021;FCR;1;NEGPOS_20_24;65,92;71,00;65,92;43,00;87,00;102,35;-60,00;67,00;65,92;65,00;562,00;65,92;14,00;508,00;65,92;38,00;114,00;112,06;-71,00;15,00;65,92;-15,00;20,00;96,80;-14,00
06.04.2021;06.04.2021;FCR;1;NEGPOS_00_04;48,40;71,00;48,40;0,00;87,00;110,21;-60,00;67,00;48,40;50,00;562,00;48,40;5,00;508,00;48,40;108,00;114,00;158,88;-79,00;15,00;48,40;-10,00;20,00;96,80;-14,00
06.04.2021;06.04.2021;FCR;1;NEGPOS_04_08;48,18;71,00;48,18;-3,00;87,00;62,93;-60,00;67,00;48,18;70,00;562,00;48,18;4,00;508,00;48,18;97,00;114,00;151,44;-79,00;15,00;48,18;-15,00;20,00;96,80;-14,00
06.04.2021;06.04.2021;FCR;1;NEGPOS_08_12;30,12;71,00;30,12;-7,00;87,00;76,14;-60,00;67,00;30,12;52,00;562,00;30,12;-29,00;508,00;14,64;152,00;114,00;231,83;-79,00;15,00;30,12;-15,00;20,00;47,88;-14,00
06.04.2021;06.04.2021;FCR;1;NEGPOS_12_16;55,20;71,00;55,20;28,00;87,00;179,11;-60,00;67,00;55,20;55,00;562,00;55,20;10,00;508,00;55,20;69,00;114,00;145,70;-79,00;15,00;55,20;-9,00;20,00;80,68;-14,00
06.04.2021;06.04.2021;FCR;1;NEGPOS_16_20;54,05;71,00;54,05;31,00;87,00;54,17;-60,00;67,00;54,05;81,00;562,00;54,05;1,00;508,00;54,05;49,00;114,00;170,47;-79,00;15,00;54,05;-9,00;20,00;54,05;-14,00
06.04.2021;06.04.2021;FCR;1;NEGPOS_20_24;28,44;71,00;28,44;1,00;87,00;51,19;-60,00;67,00;28,44;28,00;562,00;28,44;-19,00;508,00;15,68;152,00;114,00;117,93;-79,00;15,00;28,44;-9,00;20,00;47,88;-14,00
07.04.2021;07.04.2021;FCR;1;NEGPOS_00_04;46,04;71,00;46,04;-1,00;87,00;110,21;-60,00;67,00;46,04;52,00;562,00;46,04;46,00;508,00;46,04;64,00;114,00;120,64;-74,00;15,00;46,04;-15,00;20,00;46,04;-12,00
07.04.2021;07.04.2021;FCR;1;NEGPOS_04_08;42,44;71,00;42,44;-1,00;87,00;62,93;-60,00;67,00;42,44;56,00;562,00;42,44;42,00;508,00;42,44;65,00;114,00;133,46;-74,00;15,00;42,44;-15,00;20,00;42,44;-13,00
07.04.2021;07.04.2021;FCR;1;NEGPOS_08_12;45,08;71,00;45,08;13,00;87,00;76,14;-60,00;67,00;34,40;100,00;562,00;45,08;-68,00;508,00;45,08;116,00;114,00;210,37;-74,00;15,00;45,08;-15,00;20,00;45,08;-12,00
07.04.2021;07.04.2021;FCR;1;NEGPOS_12_16;48,00;71,00;48,00;4,00;87,00;179,11;-60,00;67,00;48,00;54,00;562,00;48,00;-10,00;508,00;48,00;110,00;114,00;135,18;-74,00;15,00;48,00;-12,00;20,00;48,00;-12,00
07.04.2021;07.04.2021;FCR;1;NEGPOS_16_20;46,64;71,00;46,64;5,00;87,00;54,17;-60,00;67,00;46,64;82,00;562,00;46,64;-27,00;508,00;46,64;99,00;114,00;138,99;-74,00;15,00;46,64;-15,00;20,00;46,64;-10,00
07.04.2021;07.04.2021;FCR;1;NEGPOS_20_24;29,00;71,00;29,00;3,00;87,00;51,19;-60,00;67,00;29,00;65,00;562,00;29,00;32,00;508,00;29,00;60,00;114,00;113,73;-74,00;15,00;29,00;-15,00;20,00;29,00;-11,00
08.04.2021;08.04.2021;FCR;1;NEGPOS_00_04;45,75;71,00;45,75;2,00;87,00;89,31;-60,00;67,00;45,75;92,00;562,00;45,75;74,00;508,00;45,75;-12,00;114,00;150,66;-74,00;15,00;45,75;-10,00;20,00;45,75;-12,00
08.04.2021;08.04.2021;FCR;1;NEGPOS_04_08;42,84;71,00;42,84;9,00;87,00;80,02;-60,00;67,00;42,84;42,00;562,00;42,84;135,00;508,00;42,84;-26,00;114,00;150,13;-74,00;15,00;42,84;-15,00;20,00;42,84;-11,00
08.04.2021;08.04.2021;FCR;1;NEGPOS_08_12;29,29;71,00;29,29;35,00;87,00;93,08;-60,00;67,00;29,29;34,00;562,00;29,29;87,00;508,00;29,29;1,00;114,00;238,46;-74,00;15,00;29,29;-13,00;20,00;29,29;-10,00
08.04.2021;08.04.2021;FCR;1;NEGPOS_12_16;41,32;71,00;41,32;15,00;87,00;151,26;-60,00;67,00;40,80;100,00;562,00;41,32;87,00;508,00;41,32;-54,00;114,00;124,37;-62,00;15,00;41,32;-15,00;20,00;41,32;-11,00
08.04.2021;08.04.2021;FCR;1;NEGPOS_16_20;42,40;71,00;42,40;18,00;87,00;68,75;-60,00;67,00;42,40;76,00;562,00;42,40;100,00;508,00;42,40;-47,00;114,00;153,99;-62,00;15,00;42,40;-15,00;20,00;42,40;-10,00
08.04.2021;08.04.2021;FCR;1;NEGPOS_20_24;22,00;71,00;22,00;3,00;87,00;99,57;-60,00;67,00;22,00;19,00;562,00;22,00;53,00;508,00;22,00;85,00;114,00;121,65;-74,00;15,00;22,00;-15,00;20,00;22,00;-11,00
09.04.2021;09.04.2021;FCR;1;NEGPOS_00_04;33,00;71,00;33,00;-2,00;87,00;78,88;-60,00;67,00;33,00;76,00;562,00;33,00;160,00;508,00;33,00;-73,00;114,00;135,44;-74,00;15,00;33,00;-13,00;20,00;53,79;-14,00
09.04.2021;09.04.2021;FCR;1;NEGPOS_04_08;35,44;71,00;35,44;-2,00;87,00;67,99;-60,00;67,00;35,44;53,00;562,00;35,44;125,00;508,00;35,44;-13,00;114,00;125,67;-74,00;15,00;35,44;-15,00;20,00;53,24;-14,00
09.04.2021;09.04.2021;FCR;1;NEGPOS_08_12;24,32;71,00;24,32;-2,00;87,00;87,90;-60,00;67,00;24,32;48,00;562,00;24,32;75,00;508,00;24,32;42,00;114,00;205,04;-74,00;15,00;24,32;-15,00;20,00;53,24;-14,00
09.04.2021;09.04.2021;FCR;1;NEGPOS_12_16;37,86;71,00;37,86;9,00;87,00;134,56;-60,00;67,00;37,86;71,00;562,00;37,86;87,00;508,00;37,86;-3,00;114,00;136,25;-74,00;15,00;37,86;-15,00;20,00;53,24;-14,00
09.04.2021;09.04.2021;FCR;1;NEGPOS_16_20;34,76;71,00;34,76;-2,00;87,00;58,62;-60,00;67,00;34,76;92,00;562,00;34,76;76,00;508,00;34,76;-3,00;114,00;162,06;-74,00;15,00;34,76;-15,00;20,00;53,24;-14,00
09.04.2021;09.04.2021;FCR;1;NEGPOS_20_24;24,80;71,00;24,80;22,00;87,00;85,03;-60,00;67,00;24,80;24,00;562,00;24,80;39,00;508,00;24,80;78,00;114,00;117,47;-74,00;15,00;24,80;-15,00;20,00;53,24;-14,00
10.04.2021;10.04.2021;FCR;1;NEGPOS_00_04;33,00;71,00;40,36;4,00;87,00;63,69;-60,00;67,00;40,36;40,00;562,00;33,00;168,00;508,00;40,36;-48,00;114,00;138,09;-77,00;15,00;40,36;-13,00;20,00;107,56;-14,00
10.04.2021;10.04.2021;FCR;1;NEGPOS_04_08;42,40;71,00;42,40;4,00;87,00;50,18;-60,00;67,00;42,40;14,00;562,00;42,40;151,00;508,00;42,40;-5,00;114,00;129,93;-77,00;15,00;42,40;-13,00;20,00;215,12;-14,00
10.04.2021;10.04.2021;FCR;1;NEGPOS_08_12;32,21;71,00;32,21;-2,00;87,00;70,90;-60,00;67,00;32,21;64,00;562,00;32,21;147,00;508,00;32,21;-38,00;114,00;210,05;-77,00;15,00;32,21;-15,00;20,00;215,12;-14,00
10.04.2021;10.04.2021;FCR;1;NEGPOS_12_16;35,00;71,00;41,56;4,00;87,00;145,77;-60,00;67,00;41,56;12,00;562,00;35,00;168,00;508,00;41,56;-18,00;114,00;164,22;-77,00;15,00;41,56;-15,00;20,00;161,34;-14,00
10.04.2021;10.04.2021;FCR;1;NEGPOS_16_20;39,00;71,00;39,00;-2,00;87,00;71,84;-60,00;67,00;39,00;18,00;562,00;39,00;155,00;508,00;39,00;-5,00;114,00;147,96;-77,00;15,00;39,00;-15,00;20,00;215,12;-14,00
10.04.2021;10.04.2021;FCR;1;NEGPOS_20_24;27,85;71,00;27,85;-2,00;87,00;83,42;-60,00;67,00;27,85;40,00;562,00;27,85;113,00;508,00;27,85;15,00;114,00;130,44;-77,00;15,00;27,85;-15,00;20,00;134,45;-14,00
11.04.2021;11.04.2021;FCR;1;NEGPOS_00_04;37,64;71,00;37,64;-5,00;87,00;58,85;-60,00;67,00;37,64;12,00;562,00;37,64;45,00;508,00;37,64;109,00;114,00;198,40;-74,00;15,00;37,64;-13,00;20,00;64,56;-14,00
11.04.2021;11.04.2021;FCR;1;NEGPOS_04_08;49,77;71,00;49,77;5,00;87,00;65,50;-60,00;67,00;49,77;16,00;562,00;49,77;38,00;508,00;49,77;102,00;114,00;126,51;-74,00;15,00;49,77;-13,00;20,00;53,24;-14,00
11.04.2021;11.04.2021;FCR;1;NEGPOS_08_12;29,72;71,00;29,72;-11,00;87,00;81,81;-60,00;67,00;29,72;12,00;562,00;29,72;80,00;508,00;29,72;82,00;114,00;202,29;-74,00;15,00;29,72;-15,00;20,00;53,24;-14,00
11.04.2021;11.04.2021;FCR;1;NEGPOS_12_16;54,00;71,00;54,00;5,00;87,00;166,33;-60,00;67,00;54,00;16,00;562,00;54,00;33,00;508,00;54,00;113,00;114,00;369,77;-74,00;15,00;54,00;-9,00;20,00;64,56;-14,00
11.04.2021;11.04.2021;FCR;1;NEGPOS_16_20;29,00;71,00;29,00;-11,00;87,00;63,35;-60,00;67,00;29,00;10,00;562,00;29,00;90,00;508,00;29,00;74,00;114,00;351,50;-74,00;15,00;29,00;-15,00;20,00;53,24;-14,00
11.04.2021;11.04.2021;FCR;1;NEGPOS_20_24;18,20;71,00;18,20;-11,00;87,00;70,66;-60,00;67,00;18,20;1,00;562,00;18,20;21,00;508,00;15,72;152,00;114,00;117,81;-74,00;15,00;18,20;-15,00;20,00;64,56;-14,00
12.04.2021;12.04.2021;FCR;1;NEGPOS_00_04;33,00;71,00;33,00;7,00;87,00;66,30;-60,00;67,00;33,00;0,00;562,00;33,00;87,00;508,00;33,00;60,00;114,00;135,37;-67,00;15,00;33,00;-13,00;20,00;64,56;-14,00
12.04.2021;12.04.2021;FCR;1;NEGPOS_04_08;50,55;71,00;50,55;17,00;87,00;57,42;-60,00;67,00;50,55;7,00;562,00;50,55;84,00;508,00;50,55;60,00;114,00;129,58;-79,00;15,00;50,55;-15,00;20,00;53,24;-14,00
12.04.2021;12.04.2021;FCR;1;NEGPOS_08_12;25,00;71,00;25,00;3,00;87,00;77,31;-60,00;67,00;25,00;16,00;562,00;25,00;82,00;508,00;25,00;67,00;114,00;200,20;-79,00;15,00;25,00;-15,00;20,00;53,24;-14,00
12.04.2021;12.04.2021;FCR;1;NEGPOS_12_16;42,00;71,00;42,00;7,00;87,00;145,33;-60,00;67,00;42,00;50,00;562,00;42,00;153,00;508,00;42,00;-45,00;114,00;135,58;-79,00;15,00;42,00;-12,00;20,00;53,24;-14,00
12.04.2021;12.04.2021;FCR;1;NEGPOS_16_20;42,13;71,00;42,13;20,00;87,00;60,72;-60,00;67,00;42,13;72,00;562,00;42,13;116,00;508,00;42,13;-40,00;114,00;138,02;-79,00;15,00;42,13;-15,00;20,00;42,13;-14,00
12.04.2021;12.04.2021;FCR;1;NEGPOS_20_24;29,90;71,00;29,90;15,00;87,00;72,85;-60,00;67,00;29,90;34,00;562,00;29,90;77,00;508,00;29,90;42,00;114,00;129,05;-79,00;15,00;29,90;-15,00;20,00;53,24;-14,00
13.04.2021;13.04.2021;FCR;1;NEGPOS_00_04;60,12;71,00;60,12;25,00;87,00;66,42;-60,00;67,00;60,12;49,00;562,00;60,12;3,00;508,00;60,12;73,00;114,00;140,00;-67,00;15,00;60,12;-13,00;20,00;60,12;-10,00
13.04.2021;13.04.2021;FCR;1;NEGPOS_04_08;59,56;71,00;59,56;48,00;87,00;59,56;-59,00;67,00;59,56;47,00;562,00;59,56;-15,00;508,00;59,56;69,00;114,00;147,56;-67,00;15,00;59,56;-13,00;20,00;59,56;-10,00
13.04.2021;13.04.2021;FCR;1;NEGPOS_08_12;55,60;71,00;55,60;33,00;87,00;73,61;-60,00;67,00;55,60;97,00;562,00;55,60;-7,00;508,00;55,60;34,00;114,00;221,83;-79,00;15,00;55,60;-6,00;20,00;55,60;-12,00
13.04.2021;13.04.2021;FCR;1;NEGPOS_12_16;60,72;71,00;60,72;29,00;87,00;122,51;-60,00;67,00;60,72;78,00;562,00;60,72;14,00;508,00;60,72;37,00;114,00;154,32;-79,00;15,00;60,72;-9,00;20,00;60,72;-10,00
13.04.2021;13.04.2021;FCR;1;NEGPOS_16_20;56,00;71,00;56,00;39,00;87,00;59,40;-60,00;67,00;50,00;97,00;562,00;56,00;19,00;508,00;56,00;7,00;114,00;139,51;-79,00;15,00;56,00;-15,00;20,00;56,00;-8,00
13.04.2021;13.04.2021;FCR;1;NEGPOS_20_24;39,95;71,00;39,95;32,00;87,00;77,82;-60,00;67,00;39,95;80,00;562,00;39,95;6,00;508,00;39,95;51,00;114,00;129,94;-79,00;15,00;39,95;-15,00;20,00;39,95;-11,00
14.04.2021;14.04.2021;FCR;1;NEGPOS_00_04;71,56;71,00;71,56;47,00;87,00;71,56;-59,00;67,00;71,56;27,00;562,00;71,56;97,00;508,00;71,56;-13,00;114,00;140,61;-79,00;15,00;71,56;-7,00;20,00;71,56;-13,00
14.04.2021;14.04.2021;FCR;1;NEGPOS_04_08;77,60;71,00;77,60;87,00;87,00;77,60;-59,00;67,00;77,60;27,00;562,00;77,60;49,00;508,00;77,60;-6,00;114,00;125,47;-79,00;15,00;77,60;-7,00;20,00;77,60;-12,00
14.04.2021;14.04.2021;FCR;1;NEGPOS_08_12;37,88;71,00;37,88;3,00;87,00;85,15;-60,00;67,00;37,88;25,00;562,00;37,88;15,00;508,00;37,88;113,00;114,00;235,00;-67,00;15,00;37,88;-15,00;20,00;53,24;-14,00
14.04.2021;14.04.2021;FCR;1;NEGPOS_12_16;56,40;71,00;56,40;46,00;87,00;102,21;-60,00;67,00;56,40;23,00;562,00;56,40;73,00;508,00;56,40;7,00;114,00;151,00;-67,00;15,00;56,40;-10,00;20,00;56,40;-12,00
14.04.2021;14.04.2021;FCR;1;NEGPOS_16_20;56,00;71,00;56,00;61,00;87,00;60,49;-60,00;67,00;56,00;38,00;562,00;56,00;53,00;508,00;56,00;14,00;114,00;132,21;-79,00;15,00;56,00;-13,00;20,00;56,00;-14,00
14.04.2021;14.04.2021;FCR;1;NEGPOS_20_24;36,60;71,00;36,60;34,00;87,00;88,42;-60,00;67,00;36,60;21,00;562,00;36,60;56,00;508,00;36,60;57,00;114,00;115,74;-79,00;15,00;36,60;-15,00;20,00;64,56;-14,00
15.04.2021;15.04.2021;FCR;1;NEGPOS_00_04;67,20;71,00;67,20;46,00;87,00;67,20;-60,00;67,00;67,20;28,00;562,00;67,20;85,00;508,00;67,20;-10,00;114,00;123,00;-70,00;15,00;67,20;-6,00;20,00;67,20;-12,00
15.04.2021;15.04.2021;FCR;1;NEGPOS_04_08;85,16;71,00;85,16;82,00;87,00;85,16;-60,00;67,00;85,16;32,00;562,00;85,16;30,00;508,00;85,16;4,00;114,00;115,00;-70,00;15,00;85,16;-6,00;20,00;85,16;-12,00
15.04.2021;15.04.2021;FCR;1;NEGPOS_08_12;57,00;71,00;57,00;81,00;87,00;99,92;-60,00;67,00;57,00;37,00;562,00;57,00;36,00;508,00;57,00;5,00;114,00;142,00;-70,00;15,00;57,00;-15,00;20,00;57,00;-14,00
15.04.2021;15.04.2021;FCR;1;NEGPOS_12_16;58,12;71,00;58,12;46,00;87,00;112,51;-60,00;67,00;58,12;28,00;562,00;58,12;93,00;508,00;58,12;-10,00;114,00;160,73;-76,00;15,00;58,12;-9,00;20,00;58,12;-12,00
15.04.2021;15.04.2021;FCR;1;NEGPOS_16_20;59,00;71,00;59,00;58,00;87,00;59,20;-60,00;67,00;59,00;41,00;562,00;59,00;49,00;508,00;59,00;13,00;114,00;138,51;-76,00;15,00;59,00;-12,00;20,00;59,00;-13,00
15.04.2021;15.04.2021;FCR;1;NEGPOS_20_24;65,72;71,00;65,72;77,00;87,00;79,09;-60,00;67,00;65,72;44,00;562,00;65,72;40,00;508,00;65,72;2,00;114,00;116,54;-76,00;15,00;65,72;-15,00;20,00;65,72;-12,00
16.04.2021;16.04.2021;FCR;1;NEGPOS_00_04;66,00;71,00;66,00;43,00;87,00;66,00;-60,00;67,00;66,00;22,00;562,00;66,00;108,00;508,00;66,00;-23,00;114,00;129,00;-70,00;15,00;66,00;-6,00;20,00;66,00;-14,00
16.04.2021;16.04.2021;FCR;1;NEGPOS_04_08;75,96;71,00;75,96;60,00;87,00;75,96;-60,00;67,00;75,96;19,00;562,00;75,96;40,00;508,00;75,96;33,00;114,00;124,00;-70,00;15,00;75,96;-9,00;20,00;75,96;-13,00
16.04.2021;16.04.2021;FCR;1;NEGPOS_08_12;55,60;71,00;55,60;69,00;87,00;105,98;-60,00;67,00;55,60;23,00;562,00;55,60;8,00;508,00;55,60;64,00;114,00;250,82;-75,00;15,00;55,60;-15,00;20,00;64,56;-14,00
16.04.2021;16.04.2021;FCR;1;NEGPOS_12_16;59,00;71,00;59,00;43,00;87,00;121,12;-60,00;67,00;59,00;21,00;562,00;59,00;79,00;508,00;59,00;17,00;114,00;134,04;-76,00;15,00;59,00;-10,00;20,00;64,56;-14,00
16.04.2021;16.04.2021;FCR;1;NEGPOS_16_20;62,00;71,00;62,00;54,00;87,00;62,00;-60,00;67,00;62,00;22,00;562,00;62,00;54,00;508,00;62,00;33,00;114,00;138,56;-76,00;15,00;62,00;-13,00;20,00;62,00;-14,00
16.04.2021;16.04.2021;FCR;1;NEGPOS_20_24;65,52;71,00;65,52;73,00;87,00;80,74;-60,00;67,00;65,52;28,00;562,00;65,52;44,00;508,00;65,52;12,00;114,00;123,92;-76,00;15,00;65,52;-8,00;20,00;65,52;-13,00
17.04.2021;17.04.2021;FCR;1;NEGPOS_00_04;55,20;71,00;55,20;30,00;87,00;55,20;-59,00;67,00;55,20;10,00;562,00;55,20;105,00;508,00;55,20;17,00;114,00;139,98;-76,00;15,00;55,20;-13,00;20,00;214,60;-14,00
17.04.2021;17.04.2021;FCR;1;NEGPOS_04_08;56,40;71,00;56,40;43,00;87,00;65,79;-60,00;67,00;56,40;9,00;562,00;56,40;95,00;508,00;56,40;16,00;114,00;136,96;-76,00;15,00;56,40;-13,00;20,00;107,57;-14,00
17.04.2021;17.04.2021;FCR;1;NEGPOS_08_12;67,88;71,00;67,88;43,00;87,00;101,53;-60,00;67,00;67,88;45,00;562,00;67,88;7,00;508,00;67,88;64,00;114,00;236,96;-76,00;15,00;67,88;-9,00;20,00;67,88;-14,00
17.04.2021;17.04.2021;FCR;1;NEGPOS_12_16;55,20;71,00;55,20;23,00;87,00;96,81;-60,00;67,00;55,20;11,00;562,00;55,20;109,00;508,00;55,20;17,00;114,00;168,21;-76,00;15,00;55,20;-10,00;20,00;214,60;-14,00
17.04.2021;17.04.2021;FCR;1;NEGPOS_16_20;55,20;71,00;55,20;27,00;87,00;55,20;-59,00;67,00;55,20;16,00;562,00;55,20;95,00;508,00;55,20;24,00;114,00;149,25;-76,00;15,00;55,20;-13,00;20,00;55,20;-14,00
17.04.2021;17.04.2021;FCR;1;NEGPOS_20_24;44,70;71,00;44,70;13,00;87,00;66,37;-60,00;67,00;44,70;15,00;562,00;44,70;67,00;508,00;44,70;70,00;114,00;114,07;-76,00;15,00;44,70;-15,00;20,00;107,57;-14,00
18.04.2021;18.04.2021;FCR;1;NEGPOS_00_04;48,00;71,00;48,00;17,00;87,00;48,00;-59,00;67,00;48,00;7,00;562,00;48,00;118,00;508,00;48,00;22,00;114,00;48,00;-78,00;15,00;48,00;-13,00;20,00;64,56;-14,00
18.04.2021;18.04.2021;FCR;1;NEGPOS_04_08;57,64;71,00;57,64;35,00;87,00;57,64;-59,00;67,00;57,64;8,00;562,00;57,64;107,00;508,00;57,64;10,00;114,00;57,64;-78,00;15,00;57,64;-13,00;20,00;57,64;-10,00
18.04.2021;18.04.2021;FCR;1;NEGPOS_08_12;56,00;71,00;56,00;43,00;87,00;75,04;-60,00;67,00;56,00;15,00;562,00;56,00;113,00;508,00;56,00;-9,00;114,00;56,00;-78,00;15,00;56,00;-15,00;20,00;56,00;-9,00
18.04.2021;18.04.2021;FCR;1;NEGPOS_12_16;54,00;71,00;54,00;16,00;87,00;70,42;-60,00;67,00;54,00;8,00;562,00;54,00;106,00;508,00;54,00;28,00;114,00;54,00;-78,00;15,00;54,00;-10,00;20,00;54,00;-10,00
18.04.2021;18.04.2021;FCR;1;NEGPOS_16_20;48,40;71,00;48,40;17,00;87,00;48,40;-59,00;67,00;48,40;12,00;562,00;48,40;93,00;508,00;48,40;44,00;114,00;48,40;-78,00;15,00;48,40;-15,00;20,00;48,40;-14,00
18.04.2021;18.04.2021;FCR;1;NEGPOS_20_24;45,08;71,00;45,08;20,00;87,00;69,09;-60,00;67,00;45,08;10,00;562,00;45,08;109,00;508,00;45,08;28,00;114,00;45,08;-78,00;15,00;45,08;-15,00;20,00;64,56;-14,00
19.04.2021;19.04.2021;FCR;1;NEGPOS_00_04;61,16;71,00;61,16;42,00;87,00;61,16;-57,00;67,00;61,16;8,00;562,00;61,16;81,00;508,00;61,16;24,00;114,00;61,16;-78,00;15,00;61,16;-13,00;20,00;61,16;-7,00
19.04.2021;19.04.2021;FCR;1;NEGPOS_04_08;74,80;71,00;74,80;42,00;87,00;74,80;-57,00;67,00;74,80;10,00;562,00;74,80;40,00;508,00;74,80;62,00;114,00;74,80;-78,00;15,00;74,80;-9,00;20,00;74,80;-10,00
19.04.2021;19.04.2021;FCR;1;NEGPOS_08_12;76,36;71,00;76,36;55,00;87,00;86,33;-60,00;67,00;76,36;59,00;562,00;76,36;45,00;508,00;76,36;0,00;114,00;76,36;-78,00;15,00;76,36;-9,00;20,00;76,36;-12,00
19.04.2021;19.04.2021;FCR;1;NEGPOS_12_16;121,40;71,00;121,40;61,00;87,00;121,40;-60,00;67,00;121,40;17,00;562,00;121,40;63,00;508,00;121,40;12,00;114,00;121,40;-78,00;15,00;121,40;-7,00;20,00;121,40;-8,00
19.04.2021;19.04.2021;FCR;1;NEGPOS_16_20;95,68;71,00;95,68;67,00;87,00;95,68;-60,00;67,00;95,68;38,00;562,00;95,68;65,00;508,00;95,68;-20,00;114,00;95,68;-78,00;15,00;95,68;-6,00;20,00;95,68;-6,00
19.04.2021;19.04.2021;FCR;1;NEGPOS_20_24;70,00;71,00;70,00;58,00;87,00;72,32;-60,00;67,00;70,00;16,00;562,00;70,00;48,00;508,00;70,00;35,00;114,00;70,00;-78,00;15,00;70,00;-9,00;20,00;70,00;-10,00
20.04.2021;20.04.2021;FCR;1;NEGPOS_00_04;88,12;71,00;88,12;47,00;87,00;88,12;-60,00;67,00;88,12;12,00;562,00;88,12;127,00;508,00;88,12;-44,00;114,00;88,12;-73,00;15,00;88,12;-7,00;20,00;88,12;-2,00
20.04.2021;20.04.2021;FCR;1;NEGPOS_04_08;99,36;71,00;99,36;56,00;87,00;99,36;-60,00;67,00;99,36;11,00;562,00;99,36;88,00;508,00;99,36;-3,00;114,00;99,36;-73,00;15,00;99,36;-7,00;20,00;99,36;-12,00
20.04.2021;20.04.2021;FCR;1;NEGPOS_08_12;71,16;71,00;71,16;46,00;87,00;97,62;-60,00;67,00;71,16;17,00;562,00;71,16;8,00;508,00;71,16;80,00;114,00;71,16;-73,00;15,00;71,16;-4,00;20,00;71,16;-14,00
20.04.2021;20.04.2021;FCR;1;NEGPOS_12_16;98,40;71,00;98,40;41,00;87,00;98,40;-60,00;67,00;98,40;11,00;562,00;98,40;104,00;508,00;98,40;-5,00;114,00;98,40;-73,00;15,00;98,40;-7,00;20,00;98,40;-11,00
20.04.2021;20.04.2021;FCR;1;NEGPOS_16_20;87,28;71,00;87,28;51,00;87,00;87,28;-60,00;67,00;87,28;17,00;562,00;87,28;64,00;508,00;87,28;16,00;114,00;87,28;-73,00;15,00;87,28;-4,00;20,00;87,28;-11,00
20.04.2021;20.04.2021;FCR;1;NEGPOS_20_24;52,12;71,00;52,12;45,00;87,00;75,55;-60,00;67,00;52,12;14,00;562,00;52,12;45,00;508,00;52,12;58,00;114,00;52,12;-73,00;15,00;52,12;-15,00;20,00;64,56;-14,00
21.04.2021;21.04.2021;FCR;1;NEGPOS_00_04;52,04;71,00;52,04;9,00;87,00;52,04;-60,00;67,00;52,04;8,00;562,00;52,04;35,00;508,00;52,04;102,00;114,00;52,04;-67,00;15,00;52,04;-13,00;20,00;60,68;-14,00
21.04.2021;21.04.2021;FCR;1;NEGPOS_04_08;38,72;71,00;38,72;-4,00;87,00;58,35;-60,00;67,00;38,72;3,00;562,00;38,72;8,00;508,00;38,72;149,00;114,00;38,72;-67,00;15,00;38,72;-15,00;20,00;107,58;-14,00
21.04.2021;21.04.2021;FCR;1;NEGPOS_08_12;31,04;71,00;31,04;-4,00;87,00;472,50;-36,00;67,00;31,04;14,00;562,00;31,04;12,00;508,00;31,04;120,00;114,00;31,04;-79,00;15,00;31,04;-15,00;20,00;31,04;-12,00
21.04.2021;21.04.2021;FCR;1;NEGPOS_12_16;42,00;71,00;42,00;-2,00;87,00;94,92;-60,00;67,00;42,00;7,00;562,00;42,00;48,00;508,00;42,00;105,00;114,00;42,00;-71,00;15,00;42,00;-14,00;20,00;42,00;-13,00
21.04.2021;21.04.2021;FCR;1;NEGPOS_16_20;44,00;71,00;44,00;-2,00;87,00;44,00;-60,00;67,00;44,00;16,00;562,00;44,00;33,00;508,00;44,00;97,00;114,00;432,00;-58,00;15,00;44,00;-15,00;20,00;44,00;-11,00
21.04.2021;21.04.2021;FCR;1;NEGPOS_20_24;29,35;71,00;29,35;-4,00;87,00;65,66;-60,00;67,00;29,35;11,00;562,00;29,35;13,00;508,00;29,35;147,00;114,00;29,35;-76,00;15,00;29,35;-15,00;20,00;29,35;-13,00
22.04.2021;22.04.2021;FCR;1;NEGPOS_00_04;72,08;71,00;72,08;53,00;87,00;72,08;-60,00;67,00;72,08;11,00;562,00;72,08;76,00;508,00;72,08;15,00;114,00;72,08;-76,00;15,00;72,08;-7,00;20,00;72,08;-12,00
22.04.2021;22.04.2021;FCR;1;NEGPOS_04_08;74,64;71,00;74,64;60,00;87,00;74,64;-60,00;67,00;74,64;9,00;562,00;74,64;52,00;508,00;74,64;33,00;114,00;74,64;-76,00;15,00;74,64;-7,00;20,00;74,64;-11,00
22.04.2021;22.04.2021;FCR;1;NEGPOS_08_12;84,00;71,00;84,00;66,00;87,00;84,00;-60,00;67,00;84,00;22,00;562,00;84,00;33,00;508,00;84,00;27,00;114,00;84,00;-67,00;15,00;84,00;-9,00;20,00;84,00;-11,00
22.04.2021;22.04.2021;FCR;1;NEGPOS_12_16;120,03;71,00;120,03;63,00;87,00;120,03;-60,00;67,00;120,03;16,00;562,00;120,03;27,00;508,00;120,03;35,00;114,00;120,03;-67,00;15,00;120,03;-7,00;20,00;120,03;-7,00
22.04.2021;22.04.2021;FCR;1;NEGPOS_16_20;63,84;71,00;63,84;63,00;87,00;63,84;-60,00;67,00;63,84;20,00;562,00;63,84;38,00;508,00;63,84;27,00;114,00;63,84;-67,00;15,00;63,84;-8,00;20,00;63,84;-13,00
22.04.2021;22.04.2021;FCR;1;NEGPOS_20_24;58,00;71,00;58,00;63,00;87,00;58,00;-60,00;67,00;58,00;17,00;562,00;58,00;45,00;508,00;58,00;34,00;114,00;58,00;-67,00;15,00;58,00;-15,00;20,00;58,00;-14,00
23.04.2021;23.04.2021;FCR;1;NEGPOS_00_04;55,00;71,00;55,00;19,00;87,00;55,00;-60,00;67,00;55,00;9,00;562,00;55,00;80,00;508,00;55,00;47,00;114,00;55,00;-67,00;15,00;55,00;-14,00;20,00;67,24;-14,00
23.04.2021;23.04.2021;FCR;1;NEGPOS_04_08;60,00;71,00;60,00;43,00;87,00;60,00;-60,00;67,00;60,00;7,00;562,00;60,00;42,00;508,00;60,00;64,00;114,00;60,00;-67,00;15,00;60,00;-15,00;20,00;67,24;-14,00
23.04.2021;23.04.2021;FCR;1;NEGPOS_08_12;52,40;71,00;52,40;17,00;87,00;52,59;-60,00;67,00;52,40;19,00;562,00;52,40;53,00;508,00;52,40;67,00;114,00;52,40;-67,00;15,00;52,40;-15,00;20,00;67,24;-14,00
23.04.2021;23.04.2021;FCR;1;NEGPOS_12_16;68,44;71,00;68,44;37,00;87,00;145,21;-60,00;67,00;68,44;15,00;562,00;68,44;44,00;508,00;68,44;52,00;114,00;68,44;-67,00;15,00;68,44;-7,00;20,00;68,44;-14,00
23.04.2021;23.04.2021;FCR;1;NEGPOS_16_20;48,00;71,00;48,00;10,00;87,00;66,51;-60,00;67,00;48,00;16,00;562,00;48,00;61,00;508,00;48,00;61,00;114,00;48,00;-67,00;15,00;48,00;-7,00;20,00;67,24;-14,00
23.04.2021;23.04.2021;FCR;1;NEGPOS_20_24;48,40;71,00;48,40;14,00;87,00;59,26;-60,00;67,00;48,40;14,00;562,00;48,40;64,00;508,00;48,40;64,00;114,00;48,40;-67,00;15,00;48,40;-15,00;20,00;67,24;-14,00
24.04.2021;24.04.2021;FCR;1;NEGPOS_00_04;51,00;71,00;51,00;14,00;87,00;51,18;-60,00;67,00;51,00;-23,00;562,00;51,00;91,00;508,00;51,00;73,00;114,00;51,00;-67,00;15,00;51,00;-14,00;20,00;63,76;-14,00
24.04.2021;24.04.2021;FCR;1;NEGPOS_04_08;48,40;71,00;48,40;11,00;87,00;62,06;-60,00;67,00;48,40;-23,00;562,00;48,40;99,00;508,00;48,40;68,00;114,00;48,40;-67,00;15,00;48,40;-14,00;20,00;67,24;-14,00
24.04.2021;24.04.2021;FCR;1;NEGPOS_08_12;82,60;71,00;82,60;34,00;87,00;82,60;-60,00;67,00;82,60;-21,00;562,00;82,60;83,00;508,00;82,60;45,00;114,00;82,60;-67,00;15,00;82,60;-6,00;20,00;82,60;-8,00
24.04.2021;24.04.2021;FCR;1;NEGPOS_12_16;56,01;71,00;56,01;31,00;87,00;173,97;-60,00;67,00;56,01;-23,00;562,00;56,01;75,00;508,00;56,01;73,00;114,00;56,01;-67,00;15,00;56,01;-15,00;20,00;67,24;-14,00
24.04.2021;24.04.2021;FCR;1;NEGPOS_16_20;55,20;71,00;55,20;20,00;87,00;91,44;-60,00;67,00;55,20;-21,00;562,00;55,20;93,00;508,00;55,20;64,00;114,00;55,20;-67,00;15,00;55,20;-15,00;20,00;67,24;-14,00
24.04.2021;24.04.2021;FCR;1;NEGPOS_20_24;44,00;71,00;44,00;4,00;87,00;68,11;-60,00;67,00;44,00;-21,00;562,00;44,00;64,00;508,00;44,00;109,00;114,00;44,00;-67,00;15,00;44,00;-15,00;20,00;67,24;-14,00
25.04.2021;25.04.2021;FCR;1;NEGPOS_00_04;44,00;71,00;44,00;1,00;87,00;69,97;-60,00;67,00;44,00;9,00;562,00;44,00;63,00;508,00;44,00;80,00;114,00;44,00;-67,00;15,00;44,00;-12,00;20,00;107,58;-14,00
25.04.2021;25.04.2021;FCR;1;NEGPOS_04_08;44,88;71,00;44,88;1,00;87,00;82,91;-60,00;67,00;44,88;9,00;562,00;44,88;67,00;508,00;44,88;76,00;114,00;44,88;-67,00;15,00;44,88;-12,00;20,00;67,24;-14,00
25.04.2021;25.04.2021;FCR;1;NEGPOS_08_12;61,00;71,00;61,00;36,00;87,00;98,53;-60,00;67,00;61,00;11,00;562,00;61,00;23,00;508,00;61,00;84,00;114,00;61,00;-67,00;15,00;61,00;-13,00;20,00;67,24;-14,00
25.04.2021;25.04.2021;FCR;1;NEGPOS_12_16;61,20;71,00;61,20;31,00;87,00;184,08;-60,00;67,00;61,20;12,00;562,00;61,20;1,00;508,00;61,20;112,00;114,00;61,20;-67,00;15,00;61,20;-15,00;20,00;68,73;-14,00
25.04.2021;25.04.2021;FCR;1;NEGPOS_16_20;58,59;71,00;58,59;31,00;87,00;110,58;-60,00;67,00;58,59;10,00;562,00;58,59;-10,00;508,00;58,59;125,00;114,00;58,59;-67,00;15,00;58,59;-15,00;20,00;67,24;-14,00
25.04.2021;25.04.2021;FCR;1;NEGPOS_20_24;41,00;71,00;41,00;1,00;87,00;76,28;-60,00;67,00;41,00;10,00;562,00;41,00;72,00;508,00;41,00;73,00;114,00;41,00;-67,00;15,00;41,00;-15,00;20,00;67,24;-14,00
26.04.2021;26.04.2021;FCR;1;NEGPOS_00_04;48,00;71,00;48,00;7,00;87,00;63,61;-60,00;67,00;48,00;-3,00;562,00;48,00;110,00;508,00;48,00;40,00;114,00;48,00;-67,00;15,00;48,00;-13,00;20,00;134,44;-14,00
26.04.2021;26.04.2021;FCR;1;NEGPOS_04_08;59,29;71,00;59,29;36,00;87,00;70,10;-60,00;67,00;59,29;-3,00;562,00;59,29;65,00;508,00;59,29;58,00;114,00;59,29;-67,00;15,00;59,29;-15,00;20,00;134,44;-14,00
26.04.2021;26.04.2021;FCR;1;NEGPOS_08_12;60,40;71,00;60,40;44,00;87,00;65,28;-58,00;67,00;60,40;15,00;562,00;60,40;48,00;508,00;60,40;39,00;114,00;60,40;-64,00;15,00;60,40;-10,00;20,00;94,12;-14,00
26.04.2021;26.04.2021;FCR;1;NEGPOS_12_16;49,00;71,00;49,00;11,00;87,00;198,42;-60,00;67,00;49,00;-9,00;562,00;49,00;114,00;508,00;49,00;34,00;114,00;49,00;-63,00;15,00;49,00;-13,00;20,00;134,44;-14,00
26.04.2021;26.04.2021;FCR;1;NEGPOS_16_20;74,08;71,00;74,08;44,00;87,00;94,52;-60,00;67,00;74,08;1,00;562,00;74,08;84,00;508,00;74,08;18,00;114,00;74,08;-66,00;15,00;74,08;-7,00;20,00;134,44;-14,00
26.04.2021;26.04.2021;FCR;1;NEGPOS_20_24;55,60;71,00;55,60;38,00;87,00;64,50;-60,00;67,00;55,60;2,00;562,00;55,60;62,00;508,00;55,60;54,00;114,00;55,60;-67,00;15,00;55,60;-15,00;20,00;107,58;-14,00
27.04.2021;27.04.2021;FCR;1;NEGPOS_00_04;56,40;71,00;56,40;35,00;87,00;63,44;-60,00;67,00;56,40;-14,00;562,00;56,40;127,00;508,00;56,40;8,00;114,00;56,40;-67,00;15,00;56,40;-15,00;20,00;107,58;-14,00
27.04.2021;27.04.2021;FCR;1;NEGPOS_04_08;71,00;71,00;71,00;38,00;87,00;71,00;-60,00;67,00;71,00;-13,00;562,00;71,00;97,00;508,00;71,00;28,00;114,00;71,00;-67,00;15,00;71,00;-9,00;20,00;107,58;-14,00
27.04.2021;27.04.2021;FCR;1;NEGPOS_08_12;68,00;71,00;68,00;44,00;87,00;68,00;-60,00;67,00;68,00;5,00;562,00;68,00;93,00;508,00;68,00;5,00;114,00;68,00;-64,00;15,00;68,00;-9,00;20,00;134,44;-14,00
27.04.2021;27.04.2021;FCR;1;NEGPOS_12_16;60,00;71,00;60,00;31,00;87,00;161,15;-58,00;67,00;60,00;-8,00;562,00;60,00;116,00;508,00;60,00;11,00;114,00;60,00;-63,00;15,00;60,00;-15,00;20,00;134,44;-14,00
27.04.2021;27.04.2021;FCR;1;NEGPOS_16_20;65,48;71,00;65,48;36,00;87,00;87,70;-60,00;67,00;65,48;-1,00;562,00;65,48;88,00;508,00;65,48;32,00;114,00;65,48;-66,00;15,00;65,48;-15,00;20,00;94,12;-14,00
27.04.2021;27.04.2021;FCR;1;NEGPOS_20_24;55,36;71,00;55,36;32,00;87,00;57,57;-60,00;67,00;55,36;1,00;562,00;55,36;47,00;508,00;55,36;76,00;114,00;55,36;-67,00;15,00;55,36;-15,00;20,00;94,12;-14,00
28.04.2021;28.04.2021;FCR;1;NEGPOS_00_04;47,30;71,00;47,30;9,00;87,00;65,97;-60,00;67,00;47,30;6,00;562,00;47,30;150,00;508,00;47,30;-11,00;114,00;47,30;-67,00;15,00;47,30;-13,00;20,00;134,48;-14,00
28.04.2021;28.04.2021;FCR;1;NEGPOS_04_08;55,60;71,00;55,60;27,00;87,00;65,12;-60,00;67,00;55,60;6,00;562,00;55,60;103,00;508,00;55,60;18,00;114,00;55,60;-67,00;15,00;55,60;-13,00;20,00;107,58;-14,00
28.04.2021;28.04.2021;FCR;1;NEGPOS_08_12;56,00;71,00;56,00;35,00;87,00;61,70;-60,00;67,00;56,00;20,00;562,00;56,00;97,00;508,00;56,00;5,00;114,00;56,00;-68,00;15,00;56,00;-15,00;20,00;94,12;-14,00
28.04.2021;28.04.2021;FCR;1;NEGPOS_12_16;54,28;71,00;54,28;15,00;87,00;140,16;-60,00;67,00;54,28;8,00;562,00;54,28;98,00;508,00;54,28;33,00;114,00;54,28;-68,00;15,00;54,28;-12,00;20,00;134,48;-14,00
28.04.2021;28.04.2021;FCR;1;NEGPOS_16_20;54,04;71,00;54,04;31,00;87,00;88,99;-60,00;67,00;54,04;7,00;562,00;54,04;80,00;508,00;54,04;36,00;114,00;54,04;-68,00;15,00;54,04;-12,00;20,00;94,12;-14,00
28.04.2021;28.04.2021;FCR;1;NEGPOS_20_24;48,00;71,00;48,00;14,00;87,00;56,80;-60,00;67,00;48,00;14,00;562,00;48,00;49,00;508,00;48,00;79,00;114,00;48,00;-67,00;15,00;48,00;-15,00;20,00;107,58;-14,00
29.04.2021;29.04.2021;FCR;1;NEGPOS_00_04;36,00;71,00;36,00;0,00;87,00;67,48;-60,00;67,00;36,00;13,00;562,00;36,00;77,00;508,00;36,00;66,00;114,00;36,00;-72,00;15,00;36,00;-13,00;20,00;36,00;-11,00
29.04.2021;29.04.2021;FCR;1;NEGPOS_04_08;48,57;71,00;48,57;13,00;87,00;61,66;-60,00;67,00;48,57;21,00;562,00;48,57;46,00;508,00;48,57;81,00;114,00;48,57;-72,00;15,00;48,57;-15,00;20,00;107,58;-14,00
29.04.2021;29.04.2021;FCR;1;NEGPOS_08_12;51,13;71,00;51,13;39,00;87,00;59,11;-60,00;67,00;51,13;35,00;562,00;51,13;58,00;508,00;51,13;17,00;114,00;51,13;-69,00;15,00;51,13;-6,00;20,00;112,96;-14,00
29.04.2021;29.04.2021;FCR;1;NEGPOS_12_16;49,40;71,00;49,40;19,00;87,00;149,66;-60,00;67,00;49,40;25,00;562,00;49,40;71,00;508,00;49,40;30,00;114,00;49,40;-68,00;15,00;49,40;-6,00;20,00;49,40;-11,00
29.04.2021;29.04.2021;FCR;1;NEGPOS_16_20;54,76;71,00;54,76;28,00;87,00;65,40;-60,00;67,00;54,76;33,00;562,00;54,76;63,00;508,00;54,76;23,00;114,00;54,76;-71,00;15,00;54,76;-6,00;20,00;54,76;-10,00
29.04.2021;29.04.2021;FCR;1;NEGPOS_20_24;50,56;71,00;50,56;28,00;87,00;59,47;-60,00;67,00;50,56;41,00;562,00;50,56;68,00;508,00;50,56;17,00;114,00;50,56;-72,00;15,00;50,56;-11,00;20,00;50,56;-11,00
30.04.2021;30.04.2021;FCR;1;NEGPOS_00_04;37,05;-;-;-;87,00;595,62;-41,00;-;-;-;562,00;37,05;35,00;508,00;37,05;87,00;114,00;37,05;-67,00;-;-;-;20,00;94,12;-14,00
30.04.2021;30.04.2021;FCR;1;NEGPOS_04_08;58,64;-;-;-;87,00;367,02;-41,00;-;-;-;562,00;58,64;72,00;508,00;58,64;50,00;114,00;58,64;-67,00;-;-;-;20,00;94,12;-14,00
30.04.2021;30.04.2021;FCR;1;NEGPOS_08_12;67,51;-;-;-;87,00;150,00;-41,00;-;-;-;562,00;67,51;112,00;508,00;67,51;7,00;114,00;67,51;-64,00;-;-;-;20,00;94,12;-14,00
30.04.2021;30.04.2021;FCR;1;NEGPOS_12_16;54,00;-;-;-;87,00;150,00;-41,00;-;-;-;562,00;54,00;112,00;508,00;54,00;6,00;114,00;54,00;-63,00;-;-;-;20,00;94,12;-14,00
30.04.2021;30.04.2021;FCR;1;NEGPOS_16_20;72,00;-;-;-;87,00;150,00;-41,00;-;-;-;562,00;72,00;124,00;508,00;72,00;-1,00;114,00;72,00;-66,00;-;-;-;20,00;94,12;-14,00
30.04.2021;30.04.2021;FCR;1;NEGPOS_20_24;56,88;-;-;-;87,00;150,00;-41,00;-;-;-;562,00;56,88;95,00;508,00;56,88;27,00;114,00;56,88;-67,00;-;-;-;20,00;94,12;-14,00
01.05.2021;01.05.2021;FCR;1;NEGPOS_00_04;45,00;71,00;45,00;17,00;87,00;60,36;-60,00;67,00;45,00;31,00;562,00;45,00;77,00;508,00;45,00;30,00;114,00;45,00;-68,00;15,00;45,00;-13,00;20,00;85,52;-14,00
01.05.2021;01.05.2021;FCR;1;NEGPOS_04_08;43,36;71,00;43,36;17,00;87,00;55,81;-60,00;67,00;43,36;31,00;562,00;43,36;64,00;508,00;43,36;43,00;114,00;43,36;-68,00;15,00;43,36;-13,00;20,00;69,92;-14,00
01.05.2021;01.05.2021;FCR;1;NEGPOS_08_12;47,52;71,00;47,52;17,00;87,00;58,24;-60,00;67,00;47,52;24,00;562,00;47,52;40,00;508,00;47,52;71,00;114,00;47,52;-65,00;15,00;47,52;-13,00;20,00;47,52;-14,00
01.05.2021;01.05.2021;FCR;1;NEGPOS_12_16;43,32;71,00;43,32;17,00;87,00;165,16;-60,00;67,00;43,32;28,00;562,00;43,32;56,00;508,00;43,32;50,00;114,00;43,32;-64,00;15,00;43,32;-13,00;20,00;69,92;-14,00
01.05.2021;01.05.2021;FCR;1;NEGPOS_16_20;47,00;71,00;47,00;6,00;87,00;52,93;-60,00;67,00;47,00;25,00;562,00;47,00;60,00;508,00;47,00;70,00;114,00;47,00;-72,00;15,00;47,00;-15,00;20,00;47,00;-14,00
01.05.2021;01.05.2021;FCR;1;NEGPOS_20_24;44,56;71,00;44,56;6,00;87,00;50,11;-60,00;67,00;44,56;21,00;562,00;44,56;39,00;508,00;44,56;91,00;114,00;44,56;-68,00;15,00;44,56;-15,00;20,00;69,92;-14,00
02.05.2021;02.05.2021;FCR;1;NEGPOS_00_04;29,16;71,00;29,16;3,00;87,00;66,62;-60,00;67,00;29,16;13,00;562,00;29,16;-2,00;508,00;29,16;141,00;114,00;29,16;-68,00;15,00;29,16;-13,00;20,00;85,52;-14,00
02.05.2021;02.05.2021;FCR;1;NEGPOS_04_08;30,40;71,00;30,40;3,00;87,00;62,08;-60,00;67,00;30,40;12,00;562,00;30,40;3,00;508,00;30,40;139,00;114,00;30,40;-68,00;15,00;30,40;-15,00;20,00;69,40;-14,00
02.05.2021;02.05.2021;FCR;1;NEGPOS_08_12;36,08;71,00;36,08;15,00;87,00;62,71;-60,00;67,00;36,08;24,00;562,00;36,08;-30,00;508,00;36,08;145,00;114,00;36,08;-65,00;15,00;36,08;-15,00;20,00;69,40;-14,00
02.05.2021;02.05.2021;FCR;1;NEGPOS_12_16;60,08;71,00;60,08;47,00;87,00;186,74;-60,00;67,00;60,08;30,00;562,00;60,08;-61,00;508,00;60,08;137,00;114,00;60,08;-64,00;15,00;60,08;-15,00;20,00;85,52;-14,00
02.05.2021;02.05.2021;FCR;1;NEGPOS_16_20;53,72;71,00;53,72;27,00;87,00;54,61;-60,00;67,00;53,72;30,00;562,00;53,72;1,00;508,00;53,72;98,00;114,00;53,72;-67,00;15,00;53,72;-15,00;20,00;69,40;-14,00
02.05.2021;02.05.2021;FCR;1;NEGPOS_20_24;41,90;71,00;41,90;5,00;87,00;44,28;-60,00;67,00;41,90;19,00;562,00;41,90;32,00;508,00;41,90;99,00;114,00;41,90;-68,00;15,00;41,90;-13,00;20,00;85,52;-14,00
03.05.2021;03.05.2021;FCR;1;NEGPOS_00_04;45,25;71,00;45,25;19,00;87,00;82,60;-60,00;67,00;45,25;28,00;562,00;45,25;25,00;508,00;45,25;83,00;114,00;45,25;-68,00;15,00;45,25;-13,00;20,00;96,28;-14,00
03.05.2021;03.05.2021;FCR;1;NEGPOS_04_08;40,50;71,00;40,50;18,00;87,00;60,94;-60,00;67,00;40,50;26,00;562,00;40,50;23,00;508,00;40,50;90,00;114,00;40,50;-68,00;15,00;40,50;-15,00;20,00;85,52;-14,00
03.05.2021;03.05.2021;FCR;1;NEGPOS_08_12;52,48;71,00;52,48;45,00;87,00;61,80;-60,00;67,00;52,48;52,00;562,00;52,48;-2,00;508,00;52,48;59,00;114,00;52,48;-65,00;15,00;52,48;-15,00;20,00;85,52;-14,00
03.05.2021;03.05.2021;FCR;1;NEGPOS_12_16;38,00;71,00;38,00;16,00;87,00;168,61;-60,00;67,00;38,00;35,00;562,00;38,00;45,00;508,00;38,00;57,00;114,00;38,00;-64,00;15,00;38,00;-15,00;20,00;85,52;-14,00
03.05.2021;03.05.2021;FCR;1;NEGPOS_16_20;40,61;71,00;40,61;7,00;87,00;55,95;-60,00;67,00;40,61;32,00;562,00;40,61;2,00;508,00;40,61;115,00;114,00;40,61;-67,00;15,00;40,61;-15,00;20,00;40,61;-14,00
03.05.2021;03.05.2021;FCR;1;NEGPOS_20_24;40,40;71,00;40,40;25,00;87,00;40,40;-60,00;67,00;40,40;50,00;562,00;40,40;9,00;508,00;40,40;73,00;114,00;40,40;-68,00;15,00;40,40;-15,00;20,00;40,40;-14,00
04.05.2021;04.05.2021;FCR;1;NEGPOS_00_04;114,00;71,00;114,00;47,00;87,00;114,00;-60,00;67,00;114,00;31,00;562,00;114,00;-4,00;508,00;114,00;75,00;114,00;114,00;-68,00;15,00;114,00;-13,00;20,00;114,00;-8,00
04.05.2021;04.05.2021;FCR;1;NEGPOS_04_08;111,00;71,00;111,00;59,00;87,00;111,00;-60,00;67,00;111,00;49,00;562,00;111,00;-36,00;508,00;111,00;75,00;114,00;111,00;-68,00;15,00;111,00;-13,00;20,00;111,00;-6,00
04.05.2021;04.05.2021;FCR;1;NEGPOS_08_12;125,00;71,00;125,00;79,00;87,00;125,00;-60,00;67,00;125,00;91,00;562,00;125,00;-57,00;508,00;125,00;33,00;114,00;125,00;-65,00;15,00;125,00;-13,00;20,00;125,00;-8,00
04.05.2021;04.05.2021;FCR;1;NEGPOS_12_16;131,56;71,00;131,56;57,00;87,00;155,67;-60,00;67,00;131,56;69,00;562,00;131,56;-101,00;508,00;131,56;124,00;114,00;131,56;-64,00;15,00;131,56;-13,00;20,00;131,56;-12,00
04.05.2021;04.05.2021;FCR;1;NEGPOS_16_20;126,03;71,00;126,03;59,00;87,00;126,03;-60,00;67,00;126,03;64,00;562,00;126,03;-54,00;508,00;126,03;79,00;114,00;126,03;-67,00;15,00;126,03;-13,00;20,00;126,03;-8,00
04.05.2021;04.05.2021;FCR;1;NEGPOS_20_24;104,00;71,00;104,00;59,00;87,00;104,00;-60,00;67,00;104,00;57,00;562,00;104,00;-1,00;508,00;104,00;36,00;114,00;104,00;-68,00;15,00;104,00;-13,00;20,00;104,00;-10,00
05.05.2021;05.05.2021;FCR;1;NEGPOS_00_04;99,00;71,00;99,00;52,00;87,00;120,16;-60,00;67,00;99,00;23,00;562,00;99,00;-64,00;508,00;99,00;148,00;114,00;99,00;-68,00;15,00;99,00;-9,00;20,00;99,00;-13,00
05.05.2021;05.05.2021;FCR;1;NEGPOS_04_08;70,62;71,00;70,62;52,00;87,00;86,57;-60,00;67,00;70,62;22,00;562,00;70,62;-56,00;508,00;70,62;134,00;114,00;70,62;-68,00;15,00;70,62;-10,00;20,00;70,62;-14,00
05.05.2021;05.05.2021;FCR;1;NEGPOS_08_12;89,61;71,00;89,61;72,00;87,00;89,61;-60,00;67,00;89,61;23,00;562,00;89,61;-69,00;508,00;89,61;122,00;114,00;89,61;-65,00;15,00;89,61;-10,00;20,00;89,61;-13,00
05.05.2021;05.05.2021;FCR;1;NEGPOS_12_16;124,00;71,00;124,00;52,00;87,00;169,08;-60,00;67,00;124,00;38,00;562,00;124,00;-98,00;508,00;71,36;152,00;114,00;124,00;-64,00;15,00;124,00;-9,00;20,00;124,00;-11,00
05.05.2021;05.05.2021;FCR;1;NEGPOS_16_20;91,49;71,00;91,49;52,00;87,00;91,49;-60,00;67,00;91,49;21,00;562,00;91,49;-77,00;508,00;59,92;152,00;114,00;91,49;-67,00;15,00;91,49;-9,00;20,00;91,49;-12,00
05.05.2021;05.05.2021;FCR;1;NEGPOS_20_24;40,50;71,00;40,50;19,00;87,00;49,36;-60,00;67,00;40,50;44,00;562,00;40,50;-58,00;508,00;37,60;152,00;114,00;40,50;-68,00;15,00;40,50;-15,00;20,00;69,40;-14,00
06.05.2021;06.05.2021;FCR;1;NEGPOS_00_04;74,97;71,00;74,97;53,00;87,00;116,52;-60,00;67,00;74,97;27,00;562,00;74,97;-76,00;508,00;63,40;152,00;114,00;74,97;-68,00;15,00;74,97;-15,00;20,00;74,97;-13,00
06.05.2021;06.05.2021;FCR;1;NEGPOS_04_08;62,00;71,00;62,00;55,00;87,00;72,61;-60,00;67,00;62,00;3,00;562,00;62,00;-52,00;508,00;60,88;152,00;114,00;62,00;-68,00;15,00;62,00;-15,00;20,00;62,00;-12,00
06.05.2021;06.05.2021;FCR;1;NEGPOS_08_12;60,56;71,00;60,56;79,00;87,00;76,56;-60,00;67,00;60,56;47,00;562,00;60,56;-84,00;508,00;60,56;110,00;114,00;60,56;-65,00;15,00;60,56;-15,00;20,00;60,56;-12,00
06.05.2021;06.05.2021;FCR;1;NEGPOS_12_16;56,00;71,00;56,00;53,00;87,00;186,56;-60,00;67,00;56,00;23,00;562,00;56,00;-68,00;508,00;56,00;143,00;114,00;56,00;-64,00;15,00;56,00;-15,00;20,00;56,00;-12,00
06.05.2021;06.05.2021;FCR;1;NEGPOS_16_20;57,04;71,00;57,04;48,00;87,00;81,79;-60,00;67,00;57,04;19,00;562,00;57,04;-54,00;508,00;57,04;141,00;114,00;57,04;-67,00;15,00;57,04;-15,00;20,00;57,04;-12,00
06.05.2021;06.05.2021;FCR;1;NEGPOS_20_24;56,00;71,00;56,00;72,00;87,00;56,00;-60,00;67,00;56,00;42,00;562,00;56,00;-61,00;508,00;56,00;104,00;114,00;56,00;-68,00;15,00;56,00;-15,00;20,00;56,00;-14,00
07.05.2021;07.05.2021;FCR;1;NEGPOS_00_04;56,40;71,00;56,40;41,00;87,00;115,03;-60,00;67,00;56,40;22,00;562,00;56,40;-39,00;508,00;56,40;133,00;114,00;56,40;-68,00;15,00;56,40;-15,00;20,00;90,88;-14,00
07.05.2021;07.05.2021;FCR;1;NEGPOS_04_08;58,00;71,00;58,00;52,00;87,00;76,35;-60,00;67,00;58,00;35,00;562,00;58,00;-19,00;508,00;58,00;89,00;114,00;58,00;-68,00;15,00;58,00;-15,00;20,00;69,40;-14,00
07.05.2021;07.05.2021;FCR;1;NEGPOS_08_12;59,00;71,00;59,00;63,00;87,00;71,99;-60,00;67,00;59,00;55,00;562,00;59,00;-48,00;508,00;59,00;84,00;114,00;59,00;-65,00;15,00;59,00;-15,00;20,00;69,40;-14,00
07.05.2021;07.05.2021;FCR;1;NEGPOS_12_16;56,40;71,00;56,40;42,00;87,00;177,52;-60,00;67,00;56,40;15,00;562,00;56,40;-48,00;508,00;56,40;144,00;114,00;56,40;-64,00;15,00;56,40;-15,00;20,00;69,40;-14,00
07.05.2021;07.05.2021;FCR;1;NEGPOS_16_20;55,60;71,00;55,60;37,00;87,00;82,51;-60,00;67,00;55,60;12,00;562,00;55,60;-45,00;508,00;51,00;152,00;114,00;55,60;-67,00;15,00;55,60;-15,00;20,00;69,40;-14,00
07.05.2021;07.05.2021;FCR;1;NEGPOS_20_24;63,88;71,00;63,88;78,00;87,00;63,88;-60,00;67,00;63,88;18,00;562,00;63,88;-33,00;508,00;63,88;94,00;114,00;63,88;-68,00;15,00;63,88;-15,00;20,00;90,88;-14,00
08.05.2021;08.05.2021;FCR;1;NEGPOS_00_04;48,00;71,00;48,00;18,00;87,00;101,34;-60,00;67,00;48,00;24,00;562,00;48,00;-39,00;508,00;30,64;152,00;114,00;48,00;-68,00;15,00;48,00;-15,00;20,00;48,00;-12,00
08.05.2021;08.05.2021;FCR;1;NEGPOS_04_08;52,00;71,00;52,00;24,00;87,00;78,62;-60,00;67,00;52,00;26,00;562,00;52,00;-48,00;508,00;38,56;152,00;114,00;52,00;-68,00;15,00;52,00;-15,00;20,00;52,00;-11,00
08.05.2021;08.05.2021;FCR;1;NEGPOS_08_12;71,92;71,00;71,92;50,00;87,00;80,81;-60,00;67,00;71,92;30,00;562,00;71,92;-77,00;508,00;71,92;147,00;114,00;71,92;-65,00;15,00;71,92;-15,00;20,00;71,92;-10,00
08.05.2021;08.05.2021;FCR;1;NEGPOS_12_16;85,00;71,00;85,00;46,00;87,00;174,78;-60,00;67,00;85,00;39,00;562,00;85,00;-66,00;508,00;85,00;129,00;114,00;85,00;-64,00;15,00;85,00;-15,00;20,00;85,00;-9,00
08.05.2021;08.05.2021;FCR;1;NEGPOS_16_20;80,00;71,00;80,00;50,00;87,00;85,40;-60,00;67,00;80,00;35,00;562,00;80,00;-63,00;508,00;80,00;129,00;114,00;80,00;-67,00;15,00;80,00;-15,00;20,00;80,00;-9,00
08.05.2021;08.05.2021;FCR;1;NEGPOS_20_24;75,00;71,00;75,00;46,00;87,00;75,00;-57,00;67,00;75,00;32,00;562,00;75,00;-48,00;508,00;75,00;120,00;114,00;75,00;-68,00;15,00;75,00;-15,00;20,00;75,00;-10,00
09.05.2021;09.05.2021;FCR;1;NEGPOS_00_04;98,00;71,00;98,00;47,00;87,00;152,25;-60,00;67,00;98,00;40,00;562,00;98,00;-86,00;508,00;69,40;152,00;114,00;98,00;-68,00;15,00;98,00;-15,00;20,00;98,00;-5,00
09.05.2021;09.05.2021;FCR;1;NEGPOS_04_08;99,00;71,00;99,00;47,00;87,00;124,68;-60,00;67,00;99,00;41,00;562,00;99,00;-90,00;508,00;78,60;152,00;114,00;99,00;-68,00;15,00;99,00;-15,00;20,00;99,00;-7,00
09.05.2021;09.05.2021;FCR;1;NEGPOS_08_12;99,00;71,00;99,00;42,00;87,00;126,67;-60,00;67,00;99,00;40,00;562,00;99,00;-85,00;508,00;73,56;152,00;114,00;99,00;-65,00;15,00;99,00;-15,00;20,00;99,00;-9,00
09.05.2021;09.05.2021;FCR;1;NEGPOS_12_16;99,00;71,00;99,00;42,00;87,00;180,28;-60,00;67,00;99,00;37,00;562,00;99,00;-85,00;508,00;68,12;152,00;114,00;99,00;-64,00;15,00;99,00;-15,00;20,00;99,00;-7,00
09.05.2021;09.05.2021;FCR;1;NEGPOS_16_20;105,00;71,00;105,00;42,00;87,00;132,78;-60,00;67,00;105,00;39,00;562,00;105,00;-77,00;508,00;75,68;152,00;114,00;105,00;-67,00;15,00;105,00;-15,00;20,00;105,00;-14,00
09.05.2021;09.05.2021;FCR;1;NEGPOS_20_24;99,00;71,00;99,00;42,00;87,00;108,78;-60,00;67,00;99,00;35,00;562,00;99,00;-38,00;508,00;99,00;116,00;114,00;99,00;-68,00;15,00;99,00;-15,00;20,00;99,00;-12,00
10.05.2021;10.05.2021;FCR;1;NEGPOS_00_04;75,44;71,00;75,44;49,00;87,00;96,96;-60,00;67,00;75,44;36,00;562,00;75,44;-81,00;508,00;75,44;145,00;114,00;75,44;-68,00;15,00;75,44;-13,00;20,00;75,44;-8,00
10.05.2021;10.05.2021;FCR;1;NEGPOS_04_08;75,20;71,00;75,20;49,00;87,00;75,20;-57,00;67,00;75,20;51,00;562,00;75,20;-85,00;508,00;75,20;134,00;114,00;75,20;-68,00;15,00;75,20;-13,00;20,00;75,20;-11,00
10.05.2021;10.05.2021;FCR;1;NEGPOS_08_12;74,00;71,00;74,00;62,00;87,00;74,00;-57,00;67,00;74,00;97,00;562,00;74,00;-77,00;508,00;74,00;69,00;114,00;74,00;-69,00;15,00;74,00;-13,00;20,00;74,00;-12,00
10.05.2021;10.05.2021;FCR;1;NEGPOS_12_16;82,82;71,00;82,82;49,00;87,00;178,38;-60,00;67,00;82,82;70,00;562,00;82,82;-70,00;508,00;82,82;97,00;114,00;82,82;-64,00;15,00;82,82;-13,00;20,00;82,82;-9,00
10.05.2021;10.05.2021;FCR;1;NEGPOS_16_20;66,00;71,00;66,00;54,00;87,00;97,80;-60,00;67,00;66,00;73,00;562,00;66,00;-42,00;508,00;66,00;65,00;114,00;66,00;-67,00;15,00;66,00;-13,00;20,00;66,00;-10,00
10.05.2021;10.05.2021;FCR;1;NEGPOS_20_24;66,96;71,00;66,96;78,00;87,00;66,96;-57,00;67,00;66,96;99,00;562,00;66,96;-35,00;508,00;66,96;6,00;114,00;66,96;-68,00;15,00;66,96;-13,00;20,00;66,96;-10,00
11.05.2021;11.05.2021;FCR;1;NEGPOS_00_04;75,47;71,00;75,47;50,00;87,00;100,31;-60,00;67,00;75,47;75,00;562,00;75,47;-52,00;508,00;75,47;75,00;114,00;75,47;-68,00;15,00;75,47;-9,00;20,00;75,47;-10,00
11.05.2021;11.05.2021;FCR;1;NEGPOS_04_08;86,12;71,00;86,12;74,00;87,00;86,12;-57,00;67,00;86,12;69,00;562,00;86,12;-53,00;508,00;86,12;54,00;114,00;86,12;-68,00;15,00;86,12;-9,00;20,00;86,12;-10,00
11.05.2021;11.05.2021;FCR;1;NEGPOS_08_12;109,80;71,00;109,80;87,00;87,00;109,80;-57,00;67,00;89,44;99,00;562,00;109,80;-51,00;508,00;109,80;5,00;114,00;109,80;-65,00;15,00;109,80;-9,00;20,00;109,80;-9,00
11.05.2021;11.05.2021;FCR;1;NEGPOS_12_16;104,00;71,00;104,00;60,00;87,00;150,00;-58,00;67,00;104,00;88,00;562,00;104,00;-26,00;508,00;104,00;18,00;114,00;104,00;-64,00;15,00;104,00;-9,00;20,00;104,00;-9,00
11.05.2021;11.05.2021;FCR;1;NEGPOS_16_20;66,00;71,00;66,00;87,00;87,00;126,95;-60,00;67,00;66,00;69,00;562,00;66,00;-55,00;508,00;66,00;47,00;114,00;66,00;-67,00;15,00;66,00;-13,00;20,00;66,00;-8,00
11.05.2021;11.05.2021;FCR;1;NEGPOS_20_24;68,00;71,00;68,00;83,00;87,00;68,00;-57,00;67,00;68,00;80,00;562,00;68,00;-53,00;508,00;68,00;32,00;114,00;68,00;-68,00;15,00;68,00;-9,00;20,00;68,00;-8,00
12.05.2021;12.05.2021;FCR;1;NEGPOS_00_04;59,14;71,00;59,14;50,00;87,00;103,87;-60,00;67,00;59,14;48,00;562,00;59,14;-35,00;508,00;59,14;94,00;114,00;59,14;-67,00;15,00;59,14;-15,00;20,00;59,14;-13,00
12.05.2021;12.05.2021;FCR;1;NEGPOS_04_08;68,98;71,00;68,98;50,00;87,00;68,98;-57,00;67,00;68,98;68,00;562,00;68,98;-53,00;508,00;68,98;78,00;114,00;68,98;-67,00;15,00;68,98;-9,00;20,00;68,98;-10,00
12.05.2021;12.05.2021;FCR;1;NEGPOS_08_12;91,72;71,00;91,72;75,00;87,00;91,72;-57,00;67,00;91,72;94,00;562,00;91,72;-59,00;508,00;91,72;22,00;114,00;91,72;-57,00;15,00;91,72;-9,00;20,00;91,72;-8,00
12.05.2021;12.05.2021;FCR;1;NEGPOS_12_16;77,00;71,00;77,00;67,00;87,00;146,69;-60,00;67,00;77,00;79,00;562,00;77,00;-31,00;508,00;77,00;22,00;114,00;77,00;-57,00;15,00;77,00;-9,00;20,00;77,00;-11,00
12.05.2021;12.05.2021;FCR;1;NEGPOS_16_20;77,32;71,00;77,32;87,00;87,00;110,72;-60,00;67,00;77,32;73,00;562,00;77,32;-51,00;508,00;77,32;36,00;114,00;77,32;-67,00;15,00;77,32;-9,00;20,00;77,32;-9,00
12.05.2021;12.05.2021;FCR;1;NEGPOS_20_24;73,04;71,00;73,04;87,00;87,00;73,04;-57,00;67,00;73,04;88,00;562,00;73,04;-46,00;508,00;73,04;16,00;114,00;73,04;-67,00;15,00;73,04;-9,00;20,00;73,04;-12,00
13.05.2021;13.05.2021;FCR;1;NEGPOS_00_04;68,00;71,00;68,00;-14,00;87,00;125,33;-60,00;67,00;68,00;35,00;562,00;68,00;40,00;508,00;68,00;95,00;114,00;68,00;-67,00;15,00;68,00;-15,00;20,00;68,00;-14,00
13.05.2021;13.05.2021;FCR;1;NEGPOS_04_08;83,36;71,00;83,36;-22,00;87,00;95,81;-60,00;67,00;83,36;34,00;562,00;83,36;34,00;508,00;83,36;108,00;114,00;83,36;-67,00;15,00;83,36;-15,00;20,00;83,36;-12,00
13.05.2021;13.05.2021;FCR;1;NEGPOS_08_12;90,00;71,00;90,00;5,00;87,00;90,00;-58,00;67,00;90,00;37,00;562,00;90,00;31,00;508,00;90,00;89,00;114,00;90,00;-67,00;15,00;90,00;-15,00;20,00;90,00;-11,00
13.05.2021;13.05.2021;FCR;1;NEGPOS_12_16;91,12;71,00;91,12;-22,00;87,00;161,53;-60,00;67,00;91,12;44,00;562,00;91,12;39,00;508,00;91,12;87,00;114,00;91,12;-59,00;15,00;91,12;-15,00;20,00;91,12;-12,00
13.05.2021;13.05.2021;FCR;1;NEGPOS_16_20;66,00;71,00;66,00;-22,00;87,00;118,45;-60,00;67,00;66,00;21,00;562,00;66,00;20,00;508,00;66,00;136,00;114,00;66,00;-67,00;15,00;66,00;-15,00;20,00;66,00;-13,00
13.05.2021;13.05.2021;FCR;1;NEGPOS_20_24;51,44;71,00;51,44;-1,00;87,00;51,44;-58,00;67,00;51,44;65,00;562,00;51,44;-6,00;508,00;51,44;96,00;114,00;51,44;-67,00;15,00;51,44;-15,00;20,00;64,00;-14,00
14.05.2021;14.05.2021;FCR;1;NEGPOS_00_04;85,68;71,00;85,68;7,00;87,00;123,61;-60,00;67,00;85,68;37,00;562,00;85,68;54,00;508,00;85,68;48,00;114,00;85,68;-65,00;15,00;85,68;-9,00;20,00;85,68;-12,00
14.05.2021;14.05.2021;FCR;1;NEGPOS_04_08;82,83;71,00;82,83;14,00;87,00;82,83;-58,00;67,00;82,83;38,00;562,00;82,83;41,00;508,00;82,83;51,00;114,00;82,83;-65,00;15,00;82,83;-9,00;20,00;82,83;-12,00
14.05.2021;14.05.2021;FCR;1;NEGPOS_08_12;104,87;71,00;104,87;30,00;87,00;104,87;-58,00;67,00;104,87;77,00;562,00;104,87;57,00;508,00;104,87;-22,00;114,00;104,87;-65,00;15,00;104,87;-9,00;20,00;104,87;-10,00
14.05.2021;14.05.2021;FCR;1;NEGPOS_12_16;103,60;71,00;103,60;14,00;87,00;153,56;-60,00;67,00;103,60;44,00;562,00;103,60;56,00;508,00;103,60;23,00;114,00;103,60;-57,00;15,00;103,60;-9,00;20,00;103,60;-11,00
14.05.2021;14.05.2021;FCR;1;NEGPOS_16_20;101,64;71,00;101,64;18,00;87,00;113,63;-60,00;67,00;101,64;40,00;562,00;101,64;43,00;508,00;101,64;43,00;114,00;101,64;-65,00;15,00;101,64;-9,00;20,00;101,64;-10,00
14.05.2021;14.05.2021;FCR;1;NEGPOS_20_24;58,02;71,00;58,02;26,00;87,00;58,02;-58,00;67,00;58,02;75,00;562,00;58,02;9,00;508,00;58,02;43,00;114,00;58,02;-65,00;15,00;58,02;-15,00;20,00;64,00;-14,00
15.05.2021;15.05.2021;FCR;1;NEGPOS_00_04;67,12;71,00;67,12;-13,00;87,00;2552,93;-38,00;67,00;67,12;25,00;562,00;67,12;43,00;508,00;67,12;69,00;114,00;67,12;-65,00;15,00;67,12;-9,00;20,00;67,12;-12,00
15.05.2021;15.05.2021;FCR;1;NEGPOS_04_08;81,12;71,00;81,12;-17,00;87,00;3316,43;-38,00;67,00;81,12;25,00;562,00;81,12;68,00;508,00;81,12;45,00;114,00;81,12;-65,00;15,00;81,12;-9,00;20,00;81,12;-9,00
15.05.2021;15.05.2021;FCR;1;NEGPOS_08_12;99,00;71,00;99,00;3,00;87,00;3453,72;-38,00;67,00;99,00;47,00;562,00;99,00;20,00;508,00;99,00;49,00;114,00;99,00;-65,00;15,00;99,00;-9,00;20,00;99,00;-7,00
15.05.2021;15.05.2021;FCR;1;NEGPOS_12_16;83,00;71,00;83,00;-29,00;87,00;4257,07;-38,00;67,00;83,00;59,00;562,00;83,00;56,00;508,00;83,00;49,00;114,00;83,00;-65,00;15,00;83,00;-9,00;20,00;83,00;-11,00
15.05.2021;15.05.2021;FCR;1;NEGPOS_16_20;75,30;71,00;75,30;10,00;87,00;3582,13;-38,00;67,00;75,30;44,00;562,00;75,30;23,00;508,00;75,30;44,00;114,00;75,30;-65,00;15,00;75,30;-9,00;20,00;75,30;-9,00
15.05.2021;15.05.2021;FCR;1;NEGPOS_20_24;54,10;71,00;54,10;-12,00;87,00;2100,72;-38,00;67,00;54,10;54,00;562,00;54,10;52,00;508,00;54,10;40,00;114,00;54,10;-65,00;15,00;54,10;-15,00;20,00;54,10;-13,00
16.05.2021;16.05.2021;FCR;1;NEGPOS_00_04;70,28;71,00;70,28;-9,00;87,00;170,14;-60,00;67,00;70,28;53,00;562,00;70,28;27,00;508,00;70,28;77,00;114,00;70,28;-65,00;15,00;70,28;-9,00;20,00;70,28;-14,00
16.05.2021;16.05.2021;FCR;1;NEGPOS_04_08;81,27;71,00;81,27;-9,00;87,00;100,92;-60,00;67,00;81,27;53,00;562,00;81,27;46,00;508,00;81,27;56,00;114,00;81,27;-65,00;15,00;81,27;-9,00;20,00;81,27;-12,00
16.05.2021;16.05.2021;FCR;1;NEGPOS_08_12;88,32;71,00;88,32;-12,00;87,00;88,32;-60,00;67,00;88,32;59,00;562,00;88,32;57,00;508,00;88,32;41,00;114,00;88,32;-65,00;15,00;88,32;-9,00;20,00;88,32;-11,00
16.05.2021;16.05.2021;FCR;1;NEGPOS_12_16;122,45;71,00;122,45;-13,00;87,00;177,42;-60,00;67,00;122,45;88,00;562,00;122,45;-28,00;508,00;122,45;89,00;114,00;122,45;-57,00;15,00;122,45;-9,00;20,00;122,45;-9,00
16.05.2021;16.05.2021;FCR;1;NEGPOS_16_20;73,73;71,00;73,73;-9,00;87,00;136,22;-60,00;67,00;73,73;34,00;562,00;73,73;33,00;508,00;73,73;89,00;114,00;73,73;-65,00;15,00;73,73;-9,00;20,00;73,73;-13,00
16.05.2021;16.05.2021;FCR;1;NEGPOS_20_24;55,00;71,00;55,00;11,00;87,00;55,00;-60,00;67,00;55,00;39,00;562,00;55,00;72,00;508,00;55,00;33,00;114,00;55,00;-65,00;15,00;55,00;-15,00;20,00;64,00;-14,00
17.05.2021;17.05.2021;FCR;1;NEGPOS_00_04;73,66;71,00;73,66;-7,00;87,00;131,56;-60,00;67,00;73,66;35,00;562,00;73,66;63,00;508,00;73,66;61,00;114,00;73,66;-70,00;15,00;73,66;-9,00;20,00;73,66;-13,00
17.05.2021;17.05.2021;FCR;1;NEGPOS_04_08;75,68;71,00;75,68;25,00;87,00;75,68;-57,00;67,00;75,68;53,00;562,00;75,68;57,00;508,00;75,68;19,00;114,00;75,68;-70,00;15,00;75,68;-15,00;20,00;75,68;-12,00
17.05.2021;17.05.2021;FCR;1;NEGPOS_08_12;80,00;71,00;80,00;57,00;87,00;80,00;-57,00;67,00;80,00;91,00;562,00;80,00;-3,00;508,00;80,00;12,00;114,00;80,00;-70,00;15,00;80,00;-15,00;20,00;80,00;-13,00
17.05.2021;17.05.2021;FCR;1;NEGPOS_12_16;85,12;71,00;85,12;23,00;87,00;129,79;-60,00;67,00;85,12;68,00;562,00;85,12;47,00;508,00;85,12;12,00;114,00;85,12;-62,00;15,00;85,12;-15,00;20,00;85,12;-13,00
17.05.2021;17.05.2021;FCR;1;NEGPOS_16_20;84,00;71,00;84,00;41,00;87,00;84,00;-57,00;67,00;84,00;63,00;562,00;84,00;15,00;508,00;84,00;35,00;114,00;84,00;-70,00;15,00;84,00;-15,00;20,00;84,00;-12,00
17.05.2021;17.05.2021;FCR;1;NEGPOS_20_24;57,56;71,00;57,56;45,00;87,00;57,56;-57,00;67,00;57,56;82,00;562,00;57,56;10,00;508,00;57,56;20,00;114,00;57,56;-70,00;15,00;57,56;-15,00;20,00;57,56;-14,00
18.05.2021;18.05.2021;FCR;1;NEGPOS_00_04;77,88;71,00;77,88;33,00;87,00;119,04;-60,00;67,00;77,88;12,00;562,00;77,88;32,00;508,00;77,88;67,00;114,00;1360,00;-58,00;15,00;77,88;-15,00;20,00;77,88;-11,00
18.05.2021;18.05.2021;FCR;1;NEGPOS_04_08;68,47;71,00;68,47;27,00;87,00;68,47;-57,00;67,00;68,47;43,00;562,00;68,47;10,00;508,00;68,47;60,00;114,00;1360,00;-58,00;15,00;68,47;-15,00;20,00;68,47;-10,00
18.05.2021;18.05.2021;FCR;1;NEGPOS_08_12;84,91;71,00;84,91;65,00;87,00;84,91;-57,00;67,00;84,91;83,00;562,00;84,91;12,00;508,00;84,91;-19,00;114,00;1360,00;-58,00;15,00;84,91;-15,00;20,00;84,91;-9,00
18.05.2021;18.05.2021;FCR;1;NEGPOS_12_16;82,00;71,00;82,00;31,00;87,00;124,50;-60,00;67,00;82,00;80,00;562,00;82,00;29,00;508,00;82,00;18,00;114,00;82,00;-72,00;15,00;82,00;-15,00;20,00;82,00;-11,00
18.05.2021;18.05.2021;FCR;1;NEGPOS_16_20;80,00;71,00;80,00;62,00;87,00;80,00;-57,00;67,00;80,00;63,00;562,00;80,00;-4,00;508,00;80,00;18,00;114,00;1360,00;-58,00;15,00;80,00;-15,00;20,00;80,00;-9,00
18.05.2021;18.05.2021;FCR;1;NEGPOS_20_24;50,75;71,00;50,75;41,00;87,00;50,75;-57,00;67,00;50,75;52,00;562,00;50,75;-52,00;508,00;50,75;102,00;114,00;1204,28;-55,00;15,00;50,75;-15,00;20,00;50,75;-14,00
19.05.2021;19.05.2021;FCR;1;NEGPOS_00_04;55,20;71,00;55,20;11,00;87,00;125,80;-60,00;67,00;55,20;24,00;562,00;55,20;24,00;508,00;55,20;86,00;114,00;400,00;-56,00;15,00;55,20;-15,00;20,00;64,00;-14,00
19.05.2021;19.05.2021;FCR;1;NEGPOS_04_08;65,00;71,00;65,00;25,00;87,00;65,00;-57,00;67,00;65,00;29,00;562,00;65,00;9,00;508,00;65,00;78,00;114,00;400,00;-56,00;15,00;65,00;-15,00;20,00;65,00;-13,00
19.05.2021;19.05.2021;FCR;1;NEGPOS_08_12;59,68;71,00;59,68;53,00;87,00;59,68;-57,00;67,00;59,68;62,00;562,00;59,68;-8,00;508,00;59,68;47,00;114,00;187,00;-68,00;15,00;59,68;-15,00;20,00;59,68;-14,00
19.05.2021;19.05.2021;FCR;1;NEGPOS_12_16;65,53;71,00;65,53;36,00;87,00;127,91;-60,00;67,00;65,53;67,00;562,00;65,53;10,00;508,00;65,53;45,00;114,00;106,00;-68,00;15,00;65,53;-15,00;20,00;65,53;-14,00
19.05.2021;19.05.2021;FCR;1;NEGPOS_16_20;60,64;71,00;60,64;46,00;87,00;60,64;-57,00;67,00;60,64;79,00;562,00;60,64;-15,00;508,00;60,64;44,00;114,00;157,00;-68,00;15,00;60,64;-15,00;20,00;60,64;-14,00
19.05.2021;19.05.2021;FCR;1;NEGPOS_20_24;48,00;71,00;48,00;30,00;87,00;48,00;-57,00;67,00;48,00;41,00;562,00;48,00;37,00;508,00;48,00;46,00;114,00;248,00;-68,00;15,00;48,00;-15,00;20,00;64,00;-14,00
20.05.2021;20.05.2021;FCR;1;NEGPOS_00_04;59,00;71,00;59,00;46,00;87,00;125,36;-60,00;67,00;59,00;1,00;562,00;59,00;53,00;508,00;59,00;55,00;114,00;59,00;-70,00;15,00;59,00;-15,00;20,00;59,00;-10,00
20.05.2021;20.05.2021;FCR;1;NEGPOS_04_08;60,00;71,00;60,00;45,00;87,00;246,39;-40,00;67,00;60,00;-4,00;562,00;60,00;38,00;508,00;60,00;55,00;114,00;60,00;-70,00;15,00;60,00;-15,00;20,00;60,00;-9,00
20.05.2021;20.05.2021;FCR;1;NEGPOS_08_12;52,00;71,00;52,00;47,00;87,00;200,00;-40,00;67,00;52,00;48,00;562,00;52,00;-21,00;508,00;52,00;64,00;114,00;52,00;-73,00;15,00;52,00;-15,00;20,00;52,00;-10,00
20.05.2021;20.05.2021;FCR;1;NEGPOS_12_16;75,00;71,00;75,00;69,00;87,00;121,13;-60,00;67,00;75,00;36,00;562,00;75,00;11,00;508,00;75,00;29,00;114,00;75,00;-62,00;15,00;75,00;-15,00;20,00;75,00;-8,00
20.05.2021;20.05.2021;FCR;1;NEGPOS_16_20;62,96;71,00;62,96;42,00;87,00;62,96;-59,00;67,00;62,96;73,00;562,00;62,96;5,00;508,00;62,96;33,00;114,00;62,96;-70,00;15,00;62,96;-15,00;20,00;62,96;-9,00
20.05.2021;20.05.2021;FCR;1;NEGPOS_20_24;41,92;71,00;41,92;29,00;87,00;41,92;-59,00;67,00;41,92;48,00;562,00;41,92;10,00;508,00;41,92;68,00;114,00;41,92;-70,00;15,00;41,92;-15,00;20,00;41,92;-11,00
21.05.2021;21.05.2021;FCR;1;NEGPOS_00_04;65,32;71,00;65,32;40,00;87,00;143,83;-60,00;67,00;65,32;0,00;562,00;65,32;83,00;508,00;65,32;26,00;114,00;65,32;-62,00;15,00;65,32;-15,00;20,00;65,32;-12,00
21.05.2021;21.05.2021;FCR;1;NEGPOS_04_08;67,00;71,00;67,00;41,00;87,00;72,36;-60,00;67,00;67,00;-8,00;562,00;67,00;81,00;508,00;67,00;34,00;114,00;67,00;-62,00;15,00;67,00;-15,00;20,00;67,00;-11,00
21.05.2021;21.05.2021;FCR;1;NEGPOS_08_12;67,00;71,00;67,00;51,00;87,00;67,00;-59,00;67,00;67,00;32,00;562,00;67,00;83,00;508,00;67,00;-20,00;114,00;67,00;-62,00;15,00;67,00;-15,00;20,00;67,00;-10,00
21.05.2021;21.05.2021;FCR;1;NEGPOS_12_16;109,44;71,00;109,44;46,00;87,00;160,41;-60,00;67,00;109,44;45,00;562,00;109,44;58,00;508,00;109,44;1,00;114,00;109,44;-64,00;15,00;109,44;-15,00;20,00;109,44;-11,00
21.05.2021;21.05.2021;FCR;1;NEGPOS_16_20;68,00;71,00;68,00;43,00;87,00;79,32;-60,00;67,00;68,00;2,00;562,00;68,00;82,00;508,00;68,00;20,00;114,00;68,00;-62,00;15,00;68,00;-15,00;20,00;68,00;-10,00
21.05.2021;21.05.2021;FCR;1;NEGPOS_20_24;37,92;71,00;37,92;-10,00;87,00;73,93;-60,00;67,00;37,92;2,00;562,00;37,92;68,00;508,00;37,92;89,00;114,00;37,92;-60,00;15,00;37,92;-15,00;20,00;42,48;-14,00
22.05.2021;22.05.2021;FCR;1;NEGPOS_00_04;100,00;71,00;100,00;30,00;87,00;499,28;-60,00;67,00;100,00;17,00;562,00;100,00;-12,00;508,00;100,00;112,00;114,00;100,00;-60,00;15,00;100,00;-15,00;20,00;100,00;-12,00
22.05.2021;22.05.2021;FCR;1;NEGPOS_04_08;115,76;71,00;115,76;30,00;87,00;504,80;-60,00;67,00;115,76;15,00;562,00;115,76;-16,00;508,00;115,76;119,00;114,00;115,76;-60,00;15,00;115,76;-15,00;20,00;115,76;-11,00
22.05.2021;22.05.2021;FCR;1;NEGPOS_08_12;150,75;71,00;150,75;30,00;87,00;510,48;-60,00;67,00;150,75;51,00;562,00;150,75;-65,00;508,00;150,75;133,00;114,00;150,75;-60,00;15,00;150,75;-15,00;20,00;215,12;-14,00
22.05.2021;22.05.2021;FCR;1;NEGPOS_12_16;166,04;71,00;166,04;30,00;87,00;523,84;-60,00;67,00;166,04;48,00;562,00;166,04;-46,00;508,00;166,04;119,00;114,00;166,04;-60,00;15,00;166,04;-15,00;20,00;215,12;-14,00
22.05.2021;22.05.2021;FCR;1;NEGPOS_16_20;114,23;71,00;114,23;30,00;87,00;500,72;-60,00;67,00;114,23;10,00;562,00;114,23;-32,00;508,00;56,52;152,00;114,00;114,23;-70,00;15,00;114,23;-15,00;20,00;114,23;-12,00
22.05.2021;22.05.2021;FCR;1;NEGPOS_20_24;54,28;71,00;54,28;2,00;87,00;493,12;-60,00;67,00;54,28;17,00;562,00;54,28;3,00;508,00;54,28;137,00;114,00;54,28;-70,00;15,00;54,28;-15,00;20,00;64,52;-14,00
23.05.2021;23.05.2021;FCR;1;NEGPOS_00_04;120,03;71,00;120,03;5,00;87,00;120,03;-59,00;67,00;120,03;21,00;562,00;120,03;-25,00;508,00;57,80;152,00;114,00;120,03;-72,00;15,00;120,03;-15,00;20,00;120,03;-6,00
23.05.2021;23.05.2021;FCR;1;NEGPOS_04_08;144,00;71,00;144,00;5,00;87,00;144,00;-59,00;67,00;144,00;42,00;562,00;144,00;-47,00;508,00;27,00;152,00;114,00;144,00;-72,00;15,00;144,00;-15,00;20,00;144,00;-6,00
23.05.2021;23.05.2021;FCR;1;NEGPOS_08_12;144,00;71,00;144,00;5,00;87,00;144,00;-59,00;67,00;144,00;44,00;562,00;144,00;-58,00;508,00;15,32;152,00;114,00;144,00;-62,00;15,00;144,00;-15,00;20,00;144,00;-7,00
23.05.2021;23.05.2021;FCR;1;NEGPOS_12_16;174,00;71,00;174,00;5,00;87,00;174,00;-59,00;67,00;174,00;37,00;562,00;174,00;-51,00;508,00;111,32;152,00;114,00;174,00;-62,00;15,00;174,00;-15,00;20,00;174,00;-7,00
23.05.2021;23.05.2021;FCR;1;NEGPOS_16_20;139,90;71,00;139,90;16,00;87,00;139,90;-59,00;67,00;139,90;46,00;562,00;139,90;-61,00;508,00;95,20;152,00;114,00;139,90;-72,00;15,00;139,90;-15,00;20,00;139,90;-7,00
23.05.2021;23.05.2021;FCR;1;NEGPOS_20_24;68,44;71,00;68,44;11,00;87,00;68,44;-59,00;67,00;68,44;47,00;562,00;68,44;-53,00;508,00;65,72;152,00;114,00;68,44;-72,00;15,00;68,44;-15,00;20,00;68,44;-11,00
24.05.2021;24.05.2021;FCR;1;NEGPOS_00_04;134,80;71,00;134,80;0,00;87,00;134,80;-59,00;67,00;134,80;38,00;562,00;134,80;-43,00;508,00;65,32;152,00;114,00;134,80;-67,00;15,00;134,80;-15,00;20,00;134,80;-6,00
24.05.2021;24.05.2021;FCR;1;NEGPOS_04_08;162,60;71,00;162,60;0,00;87,00;162,60;-59,00;67,00;162,60;29,00;562,00;162,60;-32,00;508,00;34,08;152,00;114,00;162,60;-67,00;15,00;162,60;-15,00;20,00;162,60;-6,00
24.05.2021;24.05.2021;FCR;1;NEGPOS_08_12;186,00;71,00;186,00;0,00;87,00;186,00;-59,00;67,00;186,00;38,00;562,00;186,00;-52,00;508,00;85,56;152,00;114,00;186,00;-57,00;15,00;186,00;-15,00;20,00;186,00;-7,00
24.05.2021;24.05.2021;FCR;1;NEGPOS_12_16;251,52;71,00;251,52;4,00;87,00;251,52;-59,00;67,00;251,52;32,00;562,00;251,52;-61,00;508,00;16,24;152,00;114,00;251,52;-57,00;15,00;251,52;-15,00;20,00;251,52;4,00
24.05.2021;24.05.2021;FCR;1;NEGPOS_16_20;121,00;71,00;121,00;4,00;87,00;121,00;-59,00;67,00;121,00;16,00;562,00;121,00;-24,00;508,00;81,32;152,00;114,00;121,00;-67,00;15,00;121,00;-15,00;20,00;121,00;-7,00
24.05.2021;24.05.2021;FCR;1;NEGPOS_20_24;94,00;71,00;94,00;12,00;87,00;94,00;-59,00;67,00;94,00;39,00;562,00;94,00;-48,00;508,00;94,00;146,00;114,00;94,00;-67,00;15,00;94,00;-15,00;20,00;94,00;-8,00
25.05.2021;25.05.2021;FCR;1;NEGPOS_00_04;111,16;71,00;111,16;14,00;87,00;174,45;-60,00;67,00;111,16;26,00;562,00;111,16;3,00;508,00;111,16;107,00;114,00;111,16;-65,00;15,00;111,16;-15,00;20,00;111,16;-10,00
25.05.2021;25.05.2021;FCR;1;NEGPOS_04_08;98,00;71,00;98,00;27,00;87,00;98,00;-59,00;67,00;98,00;31,00;562,00;98,00;3,00;508,00;98,00;89,00;114,00;98,00;-65,00;15,00;98,00;-15,00;20,00;98,00;-11,00
25.05.2021;25.05.2021;FCR;1;NEGPOS_08_12;90,08;71,00;90,08;29,00;87,00;90,08;-59,00;67,00;90,08;40,00;562,00;90,08;1,00;508,00;90,08;70,00;114,00;90,08;-55,00;15,00;90,08;-15,00;20,00;90,08;-11,00
25.05.2021;25.05.2021;FCR;1;NEGPOS_12_16;129,00;71,00;129,00;34,00;87,00;233,85;-60,00;67,00;129,00;29,00;562,00;129,00;-49,00;508,00;129,00;129,00;114,00;129,00;-55,00;15,00;129,00;-15,00;20,00;129,00;-11,00
25.05.2021;25.05.2021;FCR;1;NEGPOS_16_20;89,16;71,00;89,16;26,00;87,00;90,81;-60,00;67,00;89,16;37,00;562,00;89,16;-36,00;508,00;89,16;113,00;114,00;89,16;-55,00;15,00;89,16;-15,00;20,00;89,16;-10,00
25.05.2021;25.05.2021;FCR;1;NEGPOS_20_24;55,00;71,00;55,00;14,00;87,00;55,00;-56,00;67,00;55,00;47,00;562,00;55,00;-32,00;508,00;55,00;117,00;114,00;55,00;-65,00;15,00;55,00;-15,00;20,00;55,00;-10,00
26.05.2021;26.05.2021;FCR;1;NEGPOS_00_04;100,00;71,00;100,00;6,00;87,00;187,33;-60,00;67,00;100,00;60,00;562,00;100,00;18,00;508,00;100,00;68,00;114,00;100,00;-65,00;15,00;100,00;-15,00;20,00;100,00;-11,00
26.05.2021;26.05.2021;FCR;1;NEGPOS_04_08;85,76;71,00;85,76;14,00;87,00;1373,87;-39,00;67,00;85,76;57,00;562,00;85,76;27,00;508,00;85,76;40,00;114,00;85,76;-67,00;15,00;85,76;-15,00;20,00;85,76;-11,00
26.05.2021;26.05.2021;FCR;1;NEGPOS_08_12;60,00;71,00;60,00;7,00;87,00;150,72;-39,00;67,00;60,00;35,00;562,00;60,00;39,00;508,00;60,00;54,00;114,00;60,00;-67,00;15,00;60,00;-15,00;20,00;60,00;-14,00
26.05.2021;26.05.2021;FCR;1;NEGPOS_12_16;92,98;71,00;92,98;-14,00;87,00;148,30;-60,00;67,00;92,98;45,00;562,00;92,98;12,00;508,00;92,98;103,00;114,00;92,98;-57,00;15,00;92,98;-15,00;20,00;92,98;-12,00
26.05.2021;26.05.2021;FCR;1;NEGPOS_16_20;72,60;71,00;72,60;7,00;87,00;121,60;-60,00;67,00;72,60;38,00;562,00;72,60;28,00;508,00;72,60;82,00;114,00;72,60;-67,00;15,00;72,60;-15,00;20,00;72,60;-13,00
26.05.2021;26.05.2021;FCR;1;NEGPOS_20_24;42,00;71,00;42,00;-11,00;87,00;58,10;-60,00;67,00;42,00;39,00;562,00;42,00;32,00;508,00;42,00;95,00;114,00;42,00;-66,00;15,00;42,00;-15,00;20,00;64,00;-14,00
27.05.2021;27.05.2021;FCR;1;NEGPOS_00_04;64,00;71,00;64,00;15,00;87,00;175,35;-60,00;67,00;64,00;12,00;562,00;64,00;-11,00;508,00;64,00;144,00;114,00;64,00;-66,00;15,00;64,00;-15,00;20,00;64,00;-10,00
27.05.2021;27.05.2021;FCR;1;NEGPOS_04_08;68,00;71,00;68,00;11,00;87,00;86,33;-60,00;67,00;68,00;7,00;562,00;68,00;-6,00;508,00;68,00;137,00;114,00;68,00;-66,00;15,00;68,00;-15,00;20,00;68,00;-8,00
27.05.2021;27.05.2021;FCR;1;NEGPOS_08_12;57,16;71,00;57,16;34,00;87,00;65,34;-60,00;67,00;57,16;48,00;562,00;57,16;-36,00;508,00;57,16;108,00;114,00;57,16;-68,00;15,00;57,16;-15,00;20,00;57,16;-9,00
27.05.2021;27.05.2021;FCR;1;NEGPOS_12_16;76,00;71,00;76,00;30,00;87,00;110,67;-60,00;67,00;76,00;14,00;562,00;76,00;-31,00;508,00;76,00;138,00;114,00;76,00;-68,00;15,00;76,00;-15,00;20,00;76,00;-8,00
27.05.2021;27.05.2021;FCR;1;NEGPOS_16_20;62,00;71,00;62,00;7,00;87,00;136,44;-60,00;67,00;62,00;10,00;562,00;62,00;-7,00;508,00;62,00;145,00;114,00;62,00;-66,00;15,00;62,00;-15,00;20,00;62,00;-14,00
27.05.2021;27.05.2021;FCR;1;NEGPOS_20_24;42,40;71,00;42,40;11,00;87,00;62,61;-60,00;67,00;42,40;35,00;562,00;42,40;-34,00;508,00;42,40;143,00;114,00;42,40;-66,00;15,00;42,40;-15,00;20,00;64,00;-14,00
28.05.2021;28.05.2021;FCR;1;NEGPOS_00_04;59,12;71,00;59,12;32,00;87,00;159,28;-60,00;67,00;59,12;44,00;562,00;59,12;29,00;508,00;59,12;47,00;114,00;59,12;-66,00;15,00;59,12;-15,00;20,00;59,12;-11,00
28.05.2021;28.05.2021;FCR;1;NEGPOS_04_08;64,00;71,00;64,00;7,00;87,00;64,00;-56,00;67,00;64,00;51,00;562,00;64,00;16,00;508,00;64,00;74,00;114,00;64,00;-66,00;15,00;64,00;-15,00;20,00;64,00;-11,00
28.05.2021;28.05.2021;FCR;1;NEGPOS_08_12;68,10;71,00;68,10;30,00;87,00;68,10;-56,00;67,00;68,10;88,00;562,00;68,10;-24,00;508,00;68,10;53,00;114,00;68,10;-66,00;15,00;68,10;-15,00;20,00;68,10;-10,00
28.05.2021;28.05.2021;FCR;1;NEGPOS_12_16;67,00;71,00;67,00;40,00;87,00;89,36;-60,00;67,00;67,00;75,00;562,00;67,00;-21,00;508,00;67,00;46,00;114,00;67,00;-56,00;15,00;67,00;-15,00;20,00;67,00;-9,00
28.05.2021;28.05.2021;FCR;1;NEGPOS_16_20;67,24;71,00;67,24;7,00;87,00;95,38;-60,00;67,00;67,24;66,00;562,00;67,24;-18,00;508,00;67,24;99,00;114,00;67,24;-66,00;15,00;67,24;-15,00;20,00;67,24;-13,00
28.05.2021;28.05.2021;FCR;1;NEGPOS_20_24;52,72;71,00;52,72;4,00;87,00;64,78;-60,00;67,00;52,72;29,00;562,00;52,72;-28,00;508,00;52,72;150,00;114,00;52,72;-66,00;15,00;52,72;-15,00;20,00;64,56;-14,00
29.05.2021;29.05.2021;FCR;1;NEGPOS_00_04;45,00;71,00;45,00;12,00;87,00;145,45;-60,00;67,00;45,00;41,00;562,00;45,00;-16,00;508,00;45,00;118,00;114,00;45,00;-66,00;15,00;45,00;-15,00;20,00;64,56;-14,00
29.05.2021;29.05.2021;FCR;1;NEGPOS_04_08;45,00;71,00;45,00;9,00;87,00;80,13;-60,00;67,00;45,00;48,00;562,00;45,00;-13,00;508,00;45,00;111,00;114,00;45,00;-66,00;15,00;45,00;-15,00;20,00;45,00;-14,00
29.05.2021;29.05.2021;FCR;1;NEGPOS_08_12;48,00;71,00;48,00;17,00;87,00;90,23;-60,00;67,00;48,00;44,00;562,00;48,00;-34,00;508,00;48,00;118,00;114,00;48,00;-56,00;15,00;48,00;-15,00;20,00;48,00;-14,00
29.05.2021;29.05.2021;FCR;1;NEGPOS_12_16;40,00;71,00;40,00;7,00;87,00;131,81;-60,00;67,00;40,00;22,00;562,00;40,00;-36,00;508,00;27,56;152,00;114,00;40,00;-56,00;15,00;40,00;-15,00;20,00;64,56;-14,00
29.05.2021;29.05.2021;FCR;1;NEGPOS_16_20;40,00;71,00;40,00;1,00;87,00;99,68;-60,00;67,00;40,00;30,00;562,00;40,00;-22,00;508,00;11,00;152,00;114,00;40,00;-72,00;15,00;40,00;-15,00;20,00;42,48;-14,00
29.05.2021;29.05.2021;FCR;1;NEGPOS_20_24;40,50;71,00;40,50;2,00;87,00;67,23;-60,00;67,00;40,50;23,00;562,00;40,50;-22,00;508,00;11,00;152,00;114,00;40,50;-66,00;15,00;40,50;-15,00;20,00;42,48;-14,00
30.05.2021;30.05.2021;FCR;1;NEGPOS_00_04;38,70;71,00;38,70;6,00;87,00;155,23;-60,00;67,00;38,70;27,00;562,00;38,70;-30,00;508,00;11,00;152,00;114,00;38,70;-66,00;15,00;38,70;-15,00;20,00;46,85;-14,00
30.05.2021;30.05.2021;FCR;1;NEGPOS_04_08;40,00;71,00;40,00;2,00;87,00;126,73;-60,00;67,00;40,00;31,00;562,00;40,00;-30,00;508,00;11,00;152,00;114,00;40,00;-66,00;15,00;40,00;-15,00;20,00;53,24;-14,00
30.05.2021;30.05.2021;FCR;1;NEGPOS_08_12;48,80;71,00;48,80;17,00;87,00;128,06;-60,00;67,00;48,80;43,00;562,00;48,80;-61,00;508,00;40,36;152,00;114,00;48,80;-66,00;15,00;48,80;-15,00;20,00;48,80;-10,00
30.05.2021;30.05.2021;FCR;1;NEGPOS_12_16;58,00;71,00;58,00;36,00;87,00;198,65;-60,00;67,00;58,00;22,00;562,00;58,00;-65,00;508,00;16,84;152,00;114,00;58,00;-56,00;15,00;58,00;-15,00;20,00;60,14;-14,00
30.05.2021;30.05.2021;FCR;1;NEGPOS_16_20;55,60;71,00;55,60;26,00;87,00;114,94;-60,00;67,00;55,60;35,00;562,00;55,60;-63,00;508,00;15,80;152,00;114,00;55,60;-66,00;15,00;55,60;-15,00;20,00;55,60;-9,00
30.05.2021;30.05.2021;FCR;1;NEGPOS_20_24;38,00;71,00;38,00;0,00;87,00;64,41;-60,00;67,00;38,00;25,00;562,00;38,00;-22,00;508,00;11,00;152,00;114,00;38,00;-66,00;15,00;38,00;-15,00;20,00;53,24;-14,00
31.05.2021;31.05.2021;FCR;1;NEGPOS_00_04;42,00;71,00;42,00;24,00;87,00;135,91;-60,00;67,00;42,00;31,00;562,00;42,00;-52,00;508,00;14,36;152,00;114,00;42,00;-66,00;15,00;42,00;-15,00;20,00;64,00;-14,00
31.05.2021;31.05.2021;FCR;1;NEGPOS_04_08;53,95;71,00;53,95;25,00;87,00;66,47;-60,00;67,00;53,95;71,00;562,00;53,95;-53,00;508,00;53,95;112,00;114,00;53,95;-66,00;15,00;53,95;-15,00;20,00;53,95;-14,00
31.05.2021;31.05.2021;FCR;1;NEGPOS_08_12;46,40;71,00;46,40;18,00;87,00;79,98;-60,00;67,00;46,40;72,00;562,00;46,40;-49,00;508,00;46,40;108,00;114,00;46,40;-60,00;15,00;46,40;-15,00;20,00;46,40;-14,00
31.05.2021;31.05.2021;FCR;1;NEGPOS_12_16;48,00;71,00;48,00;27,00;87,00;126,79;-60,00;67,00;48,00;36,00;562,00;48,00;-12,00;508,00;48,00;98,00;114,00;48,00;-60,00;15,00;48,00;-15,00;20,00;64,00;-14,00
31.05.2021;31.05.2021;FCR;1;NEGPOS_16_20;39,93;71,00;39,93;5,00;87,00;82,05;-60,00;67,00;39,93;61,00;562,00;39,93;-51,00;508,00;11,00;152,00;114,00;39,93;-66,00;15,00;39,93;-15,00;20,00;53,24;-14,00
31.05.2021;31.05.2021;FCR;1;NEGPOS_20_24;26,00;71,00;26,00;16,00;87,00;58,88;-60,00;67,00;26,00;38,00;562,00;26,00;-51,00;508,00;11,00;152,00;114,00;26,00;-66,00;15,00;26,00;-15,00;20,00;64,00;-14,00
01.06.2021;01.06.2021;FCR;1;NEGPOS_00_04;47,00;71,00;47,00;17,00;87,00;129,54;-60,00;67,00;47,00;33,00;562,00;47,00;18,00;508,00;47,00;100,00;114,00;47,00;-76,00;15,00;47,00;-15,00;20,00;85,52;-14,00
01.06.2021;01.06.2021;FCR;1;NEGPOS_04_08;52,00;71,00;52,00;0,00;87,00;57,37;-60,00;67,00;52,00;43,00;562,00;52,00;1,00;508,00;52,00;121,00;114,00;52,00;-76,00;15,00;52,00;-15,00;20,00;53,24;-14,00
01.06.2021;01.06.2021;FCR;1;NEGPOS_08_12;49,56;71,00;49,56;35,00;87,00;73,15;-60,00;67,00;41,51;98,00;562,00;49,56;-42,00;508,00;49,56;76,00;114,00;49,56;-78,00;15,00;49,56;-15,00;20,00;53,24;-14,00
01.06.2021;01.06.2021;FCR;1;NEGPOS_12_16;53,72;71,00;53,72;25,00;87,00;123,78;-60,00;67,00;53,72;70,00;562,00;53,72;9,00;508,00;53,72;51,00;114,00;53,72;-66,00;15,00;53,72;-15,00;20,00;85,52;-14,00
01.06.2021;01.06.2021;FCR;1;NEGPOS_16_20;41,96;71,00;41,96;-8,00;87,00;70,29;-60,00;67,00;41,96;78,00;562,00;41,96;-24,00;508,00;41,96;119,00;114,00;41,96;-76,00;15,00;41,96;-15,00;20,00;53,24;-14,00
01.06.2021;01.06.2021;FCR;1;NEGPOS_20_24;26,00;71,00;26,00;3,00;87,00;53,31;-60,00;67,00;26,00;76,00;562,00;26,00;-34,00;508,00;26,00;120,00;114,00;26,00;-76,00;15,00;26,00;-15,00;20,00;85,52;-14,00
02.06.2021;02.06.2021;FCR;1;NEGPOS_00_04;40,00;71,00;40,00;28,00;87,00;115,69;-60,00;67,00;40,00;23,00;562,00;40,00;18,00;508,00;40,00;96,00;114,00;40,00;-76,00;15,00;40,00;-15,00;20,00;69,40;-14,00
02.06.2021;02.06.2021;FCR;1;NEGPOS_04_08;52,44;71,00;52,44;29,00;87,00;52,44;-60,00;67,00;52,44;39,00;562,00;52,44;-20,00;508,00;52,44;117,00;114,00;52,44;-76,00;15,00;52,44;-15,00;20,00;58,64;-14,00
02.06.2021;02.06.2021;FCR;1;NEGPOS_08_12;55,00;71,00;55,00;61,00;87,00;66,02;-60,00;67,00;55,00;77,00;562,00;55,00;-18,00;508,00;55,00;41,00;114,00;55,00;-72,00;15,00;55,00;-15,00;20,00;58,64;-14,00
02.06.2021;02.06.2021;FCR;1;NEGPOS_12_16;51,00;71,00;51,00;46,00;87,00;133,96;-60,00;67,00;51,00;34,00;562,00;51,00;-7,00;508,00;51,00;88,00;114,00;51,00;-72,00;15,00;51,00;-15,00;20,00;69,40;-14,00
02.06.2021;02.06.2021;FCR;1;NEGPOS_16_20;51,20;71,00;51,20;37,00;87,00;51,20;-60,00;67,00;51,20;44,00;562,00;51,20;-19,00;508,00;51,20;103,00;114,00;51,20;-76,00;15,00;51,20;-15,00;20,00;58,64;-14,00
02.06.2021;02.06.2021;FCR;1;NEGPOS_20_24;39,28;71,00;39,28;21,00;87,00;42,57;-60,00;67,00;39,28;57,00;562,00;39,28;-19,00;508,00;39,28;106,00;114,00;39,28;-76,00;15,00;39,28;-15,00;20,00;69,40;-14,00
03.06.2021;03.06.2021;FCR;1;NEGPOS_00_04;43,16;71,00;43,16;33,00;87,00;171,99;-60,00;67,00;43,16;40,00;562,00;43,16;-4,00;508,00;43,16;96,00;114,00;43,16;-76,00;15,00;43,16;-15,00;20,00;69,92;-14,00
03.06.2021;03.06.2021;FCR;1;NEGPOS_04_08;42,00;71,00;42,00;33,00;87,00;166,70;-60,00;67,00;42,00;44,00;562,00;42,00;-21,00;508,00;42,00;109,00;114,00;42,00;-76,00;15,00;42,00;-15,00;20,00;64,56;-14,00
03.06.2021;03.06.2021;FCR;1;NEGPOS_08_12;47,92;71,00;47,92;33,00;87,00;182,88;-60,00;67,00;47,92;51,00;562,00;47,92;-20,00;508,00;47,92;101,00;114,00;47,92;-76,00;15,00;47,92;-15,00;20,00;215,15;-14,00
03.06.2021;03.06.2021;FCR;1;NEGPOS_12_16;48,00;71,00;48,00;37,00;87,00;175,26;-60,00;67,00;48,00;47,00;562,00;48,00;-73,00;508,00;48,00;144,00;114,00;48,00;-66,00;15,00;48,00;-15,00;20,00;69,92;-14,00
03.06.2021;03.06.2021;FCR;1;NEGPOS_16_20;43,44;71,00;43,44;16,00;87,00;174,87;-60,00;67,00;43,44;52,00;562,00;43,44;-40,00;508,00;43,44;137,00;114,00;43,44;-76,00;15,00;43,44;-15,00;20,00;64,56;-14,00
03.06.2021;03.06.2021;FCR;1;NEGPOS_20_24;26,00;71,00;26,00;22,00;87,00;197,08;-60,00;67,00;26,00;39,00;562,00;26,00;-46,00;508,00;26,00;150,00;114,00;26,00;-76,00;15,00;26,00;-15,00;20,00;69,92;-14,00
04.06.2021;04.06.2021;FCR;1;NEGPOS_00_04;53,32;71,00;53,32;38,00;87,00;155,27;-59,00;67,00;53,32;51,00;562,00;53,32;-22,00;508,00;53,32;97,00;114,00;53,32;-76,00;15,00;53,32;-15,00;20,00;53,32;-14,00
04.06.2021;04.06.2021;FCR;1;NEGPOS_04_08;56,24;71,00;56,24;44,00;87,00;177,94;-59,00;67,00;56,24;52,00;562,00;56,24;-45,00;508,00;56,24;113,00;114,00;56,24;-76,00;15,00;56,24;-15,00;20,00;56,24;-14,00
04.06.2021;04.06.2021;FCR;1;NEGPOS_08_12;48,40;71,00;48,40;61,00;87,00;185,88;-59,00;67,00;45,52;102,00;562,00;48,40;-92,00;508,00;48,40;97,00;114,00;48,40;-78,00;15,00;48,40;-15,00;20,00;80,68;-14,00
04.06.2021;04.06.2021;FCR;1;NEGPOS_12_16;48,40;71,00;48,40;30,00;87,00;158,16;-60,00;67,00;48,40;57,00;562,00;48,40;-74,00;508,00;48,40;142,00;114,00;48,40;-66,00;15,00;48,40;-15,00;20,00;80,68;-14,00
04.06.2021;04.06.2021;FCR;1;NEGPOS_16_20;43,00;71,00;43,00;22,00;87,00;166,68;-58,00;67,00;43,00;54,00;562,00;43,00;-51,00;508,00;43,00;138,00;114,00;43,00;-76,00;15,00;43,00;-15,00;20,00;80,68;-14,00
04.06.2021;04.06.2021;FCR;1;NEGPOS_20_24;19,72;71,00;19,72;8,00;87,00;195,82;-58,00;67,00;19,72;45,00;562,00;19,72;-52,00;508,00;11,00;152,00;114,00;19,72;-66,00;15,00;19,72;-15,00;20,00;80,68;-14,00
05.06.2021;05.06.2021;FCR;1;NEGPOS_00_04;55,20;71,00;55,20;33,00;87,00;112,79;-60,00;67,00;55,20;55,00;562,00;55,20;-9,00;508,00;55,20;79,00;114,00;55,20;-69,00;15,00;55,20;-15,00;20,00;80,68;-14,00
05.06.2021;05.06.2021;FCR;1;NEGPOS_04_08;54,00;71,00;54,00;25,00;87,00;62,78;-60,00;67,00;54,00;38,00;562,00;54,00;-12,00;508,00;54,00;107,00;114,00;54,00;-69,00;15,00;54,00;-15,00;20,00;80,68;-14,00
05.06.2021;05.06.2021;FCR;1;NEGPOS_08_12;47,00;71,00;47,00;20,00;87,00;56,94;-60,00;67,00;47,00;46,00;562,00;47,00;-50,00;508,00;47,00;142,00;114,00;47,00;-69,00;15,00;47,00;-15,00;20,00;80,68;-14,00
05.06.2021;05.06.2021;FCR;1;NEGPOS_12_16;55,20;71,00;55,20;32,00;87,00;160,90;-60,00;67,00;55,20;36,00;562,00;55,20;-72,00;508,00;11,00;152,00;114,00;55,20;-59,00;15,00;55,20;-15,00;20,00;80,68;-14,00
05.06.2021;05.06.2021;FCR;1;NEGPOS_16_20;34,00;71,00;34,00;17,00;87,00;34,00;-58,00;67,00;34,00;31,00;562,00;34,00;-54,00;508,00;25,28;152,00;114,00;34,00;-59,00;15,00;34,00;-15,00;20,00;80,68;-14,00
05.06.2021;05.06.2021;FCR;1;NEGPOS_20_24;31,80;71,00;31,80;37,00;87,00;31,80;-58,00;67,00;31,80;38,00;562,00;31,80;-53,00;508,00;31,80;134,00;114,00;31,80;-69,00;15,00;31,80;-15,00;20,00;80,68;-14,00
06.06.2021;06.06.2021;FCR;1;NEGPOS_00_04;43,92;71,00;43,92;31,00;87,00;116,31;-60,00;67,00;43,92;50,00;562,00;43,92;-75,00;508,00;42,88;152,00;114,00;43,92;-69,00;15,00;43,92;-15,00;20,00;80,68;-14,00
06.06.2021;06.06.2021;FCR;1;NEGPOS_04_08;47,08;71,00;47,08;30,00;87,00;93,97;-60,00;67,00;47,08;43,00;562,00;47,08;-50,00;508,00;47,08;135,00;114,00;47,08;-69,00;15,00;47,08;-15,00;20,00;48,40;-14,00
06.06.2021;06.06.2021;FCR;1;NEGPOS_08_12;40,80;71,00;40,80;26,00;87,00;82,74;-60,00;67,00;40,80;42,00;562,00;40,80;-67,00;508,00;40,80;147,00;114,00;40,80;-59,00;15,00;40,80;-15,00;20,00;48,40;-14,00
06.06.2021;06.06.2021;FCR;1;NEGPOS_12_16;58,00;71,00;58,00;42,00;87,00;193,25;-60,00;67,00;58,00;44,00;562,00;58,00;-90,00;508,00;31,80;152,00;114,00;58,00;-59,00;15,00;58,00;-15,00;20,00;80,68;-14,00
06.06.2021;06.06.2021;FCR;1;NEGPOS_16_20;41,00;71,00;41,00;22,00;87,00;41,00;-58,00;67,00;41,00;40,00;562,00;41,00;-44,00;508,00;37,48;152,00;114,00;41,00;-69,00;15,00;41,00;-15,00;20,00;48,40;-14,00
06.06.2021;06.06.2021;FCR;1;NEGPOS_20_24;32,00;71,00;32,00;24,00;87,00;33,97;-60,00;67,00;32,00;40,00;562,00;32,00;-51,00;508,00;32,00;145,00;114,00;32,00;-69,00;15,00;32,00;-15,00;20,00;80,68;-14,00
07.06.2021;07.06.2021;FCR;1;NEGPOS_00_04;52,00;71,00;52,00;-13,00;87,00;145,15;-58,00;67,00;52,00;45,00;562,00;52,00;-28,00;508,00;31,36;152,00;114,00;52,00;-69,00;15,00;52,00;-15,00;20,00;52,75;-14,00
07.06.2021;07.06.2021;FCR;1;NEGPOS_04_08;61,39;71,00;61,39;-19,00;87,00;155,76;-58,00;67,00;61,39;90,00;562,00;61,39;-38,00;508,00;61,39;136,00;114,00;61,39;-69,00;15,00;61,39;-15,00;20,00;61,39;-10,00
07.06.2021;07.06.2021;FCR;1;NEGPOS_08_12;55,79;71,00;55,79;-12,00;87,00;167,43;-58,00;67,00;40,00;97,00;562,00;55,79;-34,00;508,00;55,79;113,00;114,00;55,79;-71,00;15,00;55,79;-15,00;20,00;55,79;-10,00
07.06.2021;07.06.2021;FCR;1;NEGPOS_12_16;61,92;71,00;61,92;11,00;87,00;186,87;-60,00;67,00;61,92;62,00;562,00;61,92;-66,00;508,00;11,00;152,00;114,00;61,92;-72,00;15,00;61,92;-15,00;20,00;61,92;-11,00
07.06.2021;07.06.2021;FCR;1;NEGPOS_16_20;52,17;71,00;52,17;-20,00;87,00;168,87;-58,00;67,00;52,17;89,00;562,00;52,17;-54,00;508,00;11,00;152,00;114,00;52,17;-71,00;15,00;52,17;-15,00;20,00;52,17;-10,00
07.06.2021;07.06.2021;FCR;1;NEGPOS_20_24;40,50;71,00;40,50;-13,00;87,00;184,31;-58,00;67,00;40,50;85,00;562,00;40,50;-71,00;508,00;11,00;152,00;114,00;40,50;-69,00;15,00;40,50;-15,00;20,00;40,50;-11,00
08.06.2021;08.06.2021;FCR;1;NEGPOS_00_04;58,00;71,00;58,00;-11,00;87,00;115,11;-60,00;67,00;58,00;52,00;562,00;58,00;-37,00;508,00;58,00;151,00;114,00;58,00;-66,00;15,00;58,00;-15,00;20,00;71,68;-14,00
08.06.2021;08.06.2021;FCR;1;NEGPOS_04_08;60,92;71,00;60,92;-6,00;87,00;95,82;-60,00;67,00;60,92;89,00;562,00;60,92;-66,00;508,00;60,92;143,00;114,00;60,92;-66,00;15,00;60,92;-15,00;20,00;63,22;-14,00
08.06.2021;08.06.2021;FCR;1;NEGPOS_08_12;68,00;71,00;68,00;22,00;87,00;169,65;-59,00;67,00;40,00;100,00;562,00;68,00;-21,00;508,00;68,00;50,00;114,00;68,00;-66,00;15,00;68,00;-15,00;20,00;68,00;-11,00
08.06.2021;08.06.2021;FCR;1;NEGPOS_12_16;62,05;71,00;62,05;16,00;87,00;180,48;-60,00;67,00;62,05;87,00;562,00;62,05;-74,00;508,00;62,05;114,00;114,00;62,05;-56,00;15,00;62,05;-15,00;20,00;62,05;-12,00
08.06.2021;08.06.2021;FCR;1;NEGPOS_16_20;58,96;71,00;58,96;-10,00;87,00;166,68;-59,00;67,00;50,69;100,00;562,00;58,96;-56,00;508,00;58,96;117,00;114,00;58,96;-66,00;15,00;58,96;-15,00;20,00;58,96;-11,00
08.06.2021;08.06.2021;FCR;1;NEGPOS_20_24;41,04;71,00;41,04;-1,00;87,00;183,01;-59,00;67,00;41,04;79,00;562,00;41,04;-60,00;508,00;41,04;136,00;114,00;41,04;-66,00;15,00;41,04;-15,00;20,00;55,71;-14,00
09.06.2021;09.06.2021;FCR;1;NEGPOS_00_04;64,00;71,00;64,00;14,00;87,00;103,29;-60,00;67,00;64,00;59,00;562,00;64,00;-4,00;508,00;64,00;85,00;114,00;64,00;-67,00;15,00;64,00;-15,00;20,00;64,00;-12,00
09.06.2021;09.06.2021;FCR;1;NEGPOS_04_08;71,00;71,00;71,00;30,00;87,00;90,07;-60,00;67,00;62,69;90,00;562,00;71,00;-46,00;508,00;71,00;74,00;114,00;71,00;-67,00;15,00;71,00;-9,00;20,00;71,00;-11,00
09.06.2021;09.06.2021;FCR;1;NEGPOS_08_12;65,46;71,00;65,46;38,00;87,00;86,77;-60,00;67,00;40,00;100,00;562,00;65,46;-16,00;508,00;65,46;36,00;114,00;65,46;-69,00;15,00;65,46;-15,00;20,00;65,46;-11,00
09.06.2021;09.06.2021;FCR;1;NEGPOS_12_16;56,06;71,00;56,06;4,00;87,00;162,37;-60,00;67,00;56,06;66,00;562,00;56,06;-38,00;508,00;56,06;113,00;114,00;56,06;-57,00;15,00;56,06;-15,00;20,00;56,06;-12,00
09.06.2021;09.06.2021;FCR;1;NEGPOS_16_20;51,90;71,00;51,90;4,00;87,00;51,90;-59,00;67,00;48,00;91,00;562,00;51,90;-48,00;508,00;51,90;107,00;114,00;51,90;-67,00;15,00;51,90;-15,00;20,00;51,90;-13,00
09.06.2021;09.06.2021;FCR;1;NEGPOS_20_24;42,72;71,00;42,72;15,00;87,00;43,50;-60,00;67,00;42,72;77,00;562,00;42,72;-26,00;508,00;42,72;91,00;114,00;42,72;-67,00;15,00;42,72;-15,00;20,00;42,72;-14,00
10.06.2021;10.06.2021;FCR;1;NEGPOS_00_04;59,44;71,00;59,44;-1,00;87,00;161,40;-59,00;67,00;59,44;41,00;562,00;59,44;0,00;508,00;59,44;115,00;114,00;59,44;-67,00;15,00;59,44;-15,00;20,00;107,58;-14,00
10.06.2021;10.06.2021;FCR;1;NEGPOS_04_08;57,96;71,00;57,96;1,00;87,00;162,11;-59,00;67,00;57,96;66,00;562,00;57,96;-6,00;508,00;57,96;94,00;114,00;57,96;-67,00;15,00;57,96;-15,00;20,00;107,58;-14,00
10.06.2021;10.06.2021;FCR;1;NEGPOS_08_12;66,24;71,00;66,24;43,00;87,00;191,17;-59,00;67,00;40,00;96,00;562,00;66,24;-67,00;508,00;66,24;67,00;114,00;66,24;-59,00;15,00;66,24;-9,00;20,00;66,24;-12,00
10.06.2021;10.06.2021;FCR;1;NEGPOS_12_16;74,56;71,00;74,56;25,00;87,00;158,85;-59,00;67,00;74,56;97,00;562,00;74,56;-64,00;508,00;74,56;79,00;114,00;74,56;-58,00;15,00;74,56;-9,00;20,00;74,56;-11,00
10.06.2021;10.06.2021;FCR;1;NEGPOS_16_20;54,00;71,00;54,00;22,00;87,00;176,36;-59,00;67,00;51,07;93,00;562,00;54,00;-38,00;508,00;54,00;81,00;114,00;54,00;-67,00;15,00;54,00;-15,00;20,00;54,00;-11,00
10.06.2021;10.06.2021;FCR;1;NEGPOS_20_24;40,00;71,00;40,00;8,00;87,00;199,36;-59,00;67,00;40,00;81,00;562,00;40,00;-36,00;508,00;40,00;102,00;114,00;40,00;-67,00;15,00;40,00;-15,00;20,00;161,36;-14,00
11.06.2021;11.06.2021;FCR;1;NEGPOS_00_04;58,00;71,00;58,00;-12,00;87,00;93,29;-60,00;67,00;58,00;44,00;562,00;58,00;22,00;508,00;58,00;96,00;114,00;58,00;-61,00;15,00;58,00;-15,00;20,00;60,40;-14,00
11.06.2021;11.06.2021;FCR;1;NEGPOS_04_08;60,56;71,00;60,56;-24,00;87,00;68,53;-60,00;67,00;60,56;45,00;562,00;60,56;29,00;508,00;60,56;97,00;114,00;60,56;-61,00;15,00;60,56;-15,00;20,00;60,56;-11,00
11.06.2021;11.06.2021;FCR;1;NEGPOS_08_12;62,40;71,00;62,40;11,00;87,00;73,96;-60,00;67,00;47,85;108,00;562,00;62,40;-35,00;508,00;62,40;71,00;114,00;62,40;-61,00;15,00;62,40;-15,00;20,00;62,40;-11,00
11.06.2021;11.06.2021;FCR;1;NEGPOS_12_16;76,99;71,00;76,99;-25,00;87,00;144,15;-60,00;67,00;76,99;66,00;562,00;76,99;17,00;508,00;76,99;76,00;114,00;76,99;-53,00;15,00;76,99;-9,00;20,00;76,99;-11,00
11.06.2021;11.06.2021;FCR;1;NEGPOS_16_20;60,00;71,00;60,00;2,00;87,00;60,00;-59,00;67,00;60,00;90,00;562,00;60,00;-25,00;508,00;60,00;85,00;114,00;60,00;-67,00;15,00;60,00;-15,00;20,00;60,00;-11,00
11.06.2021;11.06.2021;FCR;1;NEGPOS_20_24;51,84;71,00;51,84;15,00;87,00;51,84;-59,00;67,00;41,72;96,00;562,00;51,84;-35,00;508,00;51,84;77,00;114,00;51,84;-67,00;15,00;51,84;-15,00;20,00;51,84;-12,00
12.06.2021;12.06.2021;FCR;1;NEGPOS_00_04;36,76;71,00;51,92;-49,00;87,00;118,77;-60,00;67,00;51,92;-46,00;562,00;51,92;-393,00;508,00;36,76;-355,00;114,00;51,92;-79,00;15,00;51,92;-15,00;20,00;51,92;-14,00
12.06.2021;12.06.2021;FCR;1;NEGPOS_04_08;39,32;71,00;59,40;-49,00;87,00;93,19;-60,00;67,00;59,40;-46,00;562,00;59,40;-393,00;508,00;39,32;-355,00;114,00;59,40;-79,00;15,00;59,40;-15,00;20,00;59,40;-14,00
12.06.2021;12.06.2021;FCR;1;NEGPOS_08_12;85,72;71,00;117,51;-49,00;87,00;117,51;-60,00;67,00;117,51;-46,00;562,00;117,51;-393,00;508,00;85,72;-355,00;114,00;117,51;-79,00;15,00;117,51;-15,00;20,00;117,51;-14,00
12.06.2021;12.06.2021;FCR;1;NEGPOS_12_16;21,24;71,00;145,70;-49,00;87,00;146,89;-60,00;67,00;145,70;-46,00;562,00;145,70;-393,00;508,00;21,24;-355,00;114,00;145,70;-79,00;15,00;145,70;-15,00;20,00;145,70;-14,00
12.06.2021;12.06.2021;FCR;1;NEGPOS_16_20;11,00;71,00;119,03;-49,00;87,00;119,03;-60,00;67,00;119,03;-46,00;562,00;119,03;-393,00;508,00;11,00;-355,00;114,00;119,03;-79,00;15,00;119,03;-15,00;20,00;119,03;-14,00
12.06.2021;12.06.2021;FCR;1;NEGPOS_20_24;71,88;71,00;71,88;-49,00;87,00;71,88;-60,00;67,00;71,88;-46,00;562,00;71,88;-393,00;508,00;71,88;-355,00;114,00;71,88;-79,00;15,00;71,88;-15,00;20,00;71,88;-14,00
12.06.2021;12.06.2021;FCR;2;NEGPOS_00_04;0,00;-;-;-;2,00;78,65;-60,00;-;-;-;0,00;0,00;-393,00;0,00;0,00;-355,00;0,00;0,00;-79,00;-;-;-;0,00;0,00;-14,00
12.06.2021;12.06.2021;FCR;2;NEGPOS_04_08;0,00;-;-;-;2,00;70,00;-60,00;-;-;-;0,00;0,00;-393,00;0,00;0,00;-355,00;0,00;0,00;-79,00;-;-;-;0,00;0,00;-14,00
12.06.2021;12.06.2021;FCR;2;NEGPOS_08_12;0,00;-;-;-;2,00;94,86;-60,00;-;-;-;0,00;0,00;-393,00;0,00;0,00;-355,00;0,00;0,00;-79,00;-;-;-;0,00;0,00;-14,00
12.06.2021;12.06.2021;FCR;2;NEGPOS_12_16;0,00;-;-;-;2,00;602,34;-60,00;-;-;-;0,00;0,00;-393,00;0,00;0,00;-355,00;0,00;0,00;-79,00;-;-;-;0,00;0,00;-14,00
12.06.2021;12.06.2021;FCR;2;NEGPOS_16_20;0,00;-;-;-;2,00;282,90;-60,00;-;-;-;0,00;0,00;-393,00;0,00;0,00;-355,00;0,00;0,00;-79,00;-;-;-;0,00;0,00;-14,00
12.06.2021;12.06.2021;FCR;2;NEGPOS_20_24;0,00;-;-;-;2,00;177,87;-60,00;-;-;-;0,00;0,00;-393,00;0,00;0,00;-355,00;0,00;0,00;-79,00;-;-;-;0,00;0,00;-14,00
13.06.2021;13.06.2021;FCR;1;NEGPOS_00_04;64,00;71,00;64,00;-17,00;87,00;142,08;-60,00;67,00;64,00;43,00;562,00;64,00;-29,00;508,00;32,52;152,00;114,00;64,00;-60,00;15,00;64,00;-15,00;20,00;107,25;-14,00
13.06.2021;13.06.2021;FCR;1;NEGPOS_04_08;73,60;71,00;73,60;-17,00;87,00;101,74;-60,00;67,00;73,60;40,00;562,00;73,60;-30,00;508,00;12,00;152,00;114,00;73,60;-60,00;15,00;73,60;-9,00;20,00;114,10;-14,00
13.06.2021;13.06.2021;FCR;1;NEGPOS_08_12;107,79;71,00;107,79;-35,00;87,00;107,79;-59,00;67,00;107,79;45,00;562,00;107,79;-21,00;508,00;32,44;152,00;114,00;107,79;-60,00;15,00;107,79;-9,00;20,00;107,79;-13,00
13.06.2021;13.06.2021;FCR;1;NEGPOS_12_16;144,44;71,00;144,44;-35,00;87,00;144,44;-60,00;67,00;144,44;43,00;562,00;144,44;-26,00;508,00;68,20;152,00;114,00;144,44;-52,00;15,00;144,44;-9,00;20,00;144,44;-13,00
13.06.2021;13.06.2021;FCR;1;NEGPOS_16_20;102,88;71,00;102,88;-33,00;87,00;102,88;-59,00;67,00;102,88;46,00;562,00;102,88;-25,00;508,00;12,00;152,00;114,00;102,88;-60,00;15,00;102,88;-9,00;20,00;102,88;-12,00
13.06.2021;13.06.2021;FCR;1;NEGPOS_20_24;51,10;71,00;51,10;-19,00;87,00;84,43;-60,00;67,00;51,10;49,00;562,00;51,10;-27,00;508,00;51,10;147,00;114,00;51,10;-60,00;15,00;51,10;-15,00;20,00;88,19;-14,00
14.06.2021;14.06.2021;FCR;1;NEGPOS_00_04;44,00;71,00;44,00;-5,00;87,00;196,85;-59,00;67,00;44,00;30,00;562,00;44,00;-13,00;508,00;44,00;135,00;114,00;44,00;-60,00;15,00;44,00;-15,00;20,00;44,00;-13,00
14.06.2021;14.06.2021;FCR;1;NEGPOS_04_08;66,00;71,00;66,00;23,00;87,00;180,49;-59,00;67,00;66,00;49,00;562,00;66,00;-60,00;508,00;66,00;132,00;114,00;66,00;-60,00;15,00;66,00;-12,00;20,00;66,00;-13,00
14.06.2021;14.06.2021;FCR;1;NEGPOS_08_12;66,00;71,00;66,00;8,00;87,00;230,75;-59,00;67,00;58,00;100,00;562,00;66,00;-36,00;508,00;66,00;60,00;114,00;66,00;-52,00;15,00;66,00;-9,00;20,00;66,00;-12,00
14.06.2021;14.06.2021;FCR;1;NEGPOS_12_16;62,00;71,00;62,00;15,00;87,00;185,09;-59,00;67,00;62,00;50,00;562,00;62,00;-33,00;508,00;62,00;106,00;114,00;62,00;-52,00;15,00;62,00;-15,00;20,00;62,00;-12,00
14.06.2021;14.06.2021;FCR;1;NEGPOS_16_20;64,16;71,00;64,16;11,00;87,00;226,59;-59,00;67,00;59,30;100,00;562,00;64,16;-72,00;508,00;64,16;106,00;114,00;64,16;-60,00;15,00;64,16;-15,00;20,00;64,16;-11,00
14.06.2021;14.06.2021;FCR;1;NEGPOS_20_24;42,70;71,00;42,70;4,00;87,00;221,40;-59,00;67,00;42,70;100,00;562,00;42,70;-67,00;508,00;42,70;119,00;114,00;42,70;-70,00;15,00;42,70;-15,00;20,00;42,70;-12,00
15.06.2021;15.06.2021;FCR;1;NEGPOS_00_04;55,20;71,00;55,20;29,00;87,00;120,85;-60,00;67,00;55,20;36,00;562,00;55,20;4,00;508,00;55,20;78,00;114,00;55,20;-60,00;15,00;55,20;-15,00;20,00;55,20;-12,00
15.06.2021;15.06.2021;FCR;1;NEGPOS_04_08;64,00;71,00;64,00;61,00;87,00;74,04;-60,00;67,00;64,00;58,00;562,00;64,00;-51,00;508,00;64,00;78,00;114,00;64,00;-60,00;15,00;64,00;-15,00;20,00;64,00;-11,00
15.06.2021;15.06.2021;FCR;1;NEGPOS_08_12;56,00;71,00;56,00;44,00;87,00;56,00;-60,00;67,00;49,43;89,00;562,00;56,00;-63,00;508,00;56,00;86,00;114,00;56,00;-70,00;15,00;56,00;-15,00;20,00;56,00;-11,00
15.06.2021;15.06.2021;FCR;1;NEGPOS_12_16;55,20;71,00;55,20;28,00;87,00;135,08;-60,00;67,00;55,20;38,00;562,00;55,20;-40,00;508,00;55,20;123,00;114,00;55,20;-62,00;15,00;55,20;-15,00;20,00;55,20;-12,00
15.06.2021;15.06.2021;FCR;1;NEGPOS_16_20;48,00;71,00;48,00;13,00;87,00;61,60;-60,00;67,00;48,00;62,00;562,00;48,00;-62,00;508,00;48,00;132,00;114,00;48,00;-60,00;15,00;48,00;-15,00;20,00;48,00;-10,00
15.06.2021;15.06.2021;FCR;1;NEGPOS_20_24;38,16;71,00;38,16;20,00;87,00;45,70;-60,00;67,00;38,16;67,00;562,00;38,16;-67,00;508,00;38,16;137,00;114,00;38,16;-70,00;15,00;38,16;-15,00;20,00;38,16;-12,00
16.06.2021;16.06.2021;FCR;1;NEGPOS_00_04;54,40;71,00;54,40;35,00;87,00;119,21;-60,00;67,00;54,40;64,00;562,00;54,40;-29,00;508,00;54,40;79,00;114,00;54,40;-60,00;15,00;54,40;-15,00;20,00;107,58;-14,00
16.06.2021;16.06.2021;FCR;1;NEGPOS_04_08;59,00;71,00;59,00;54,00;87,00;73,94;-60,00;67,00;59,00;77,00;562,00;59,00;-65,00;508,00;59,00;83,00;114,00;59,00;-60,00;15,00;59,00;-15,00;20,00;59,00;-14,00
16.06.2021;16.06.2021;FCR;1;NEGPOS_08_12;66,00;71,00;66,00;45,00;87,00;66,00;-60,00;67,00;52,60;100,00;562,00;66,00;-66,00;508,00;66,00;56,00;114,00;66,00;-52,00;15,00;66,00;-9,00;20,00;66,00;-14,00
16.06.2021;16.06.2021;FCR;1;NEGPOS_12_16;56,40;71,00;56,40;56,00;87,00;136,04;-60,00;67,00;56,40;86,00;562,00;56,40;-67,00;508,00;56,40;66,00;114,00;56,40;-52,00;15,00;56,40;-15,00;20,00;215,17;-14,00
16.06.2021;16.06.2021;FCR;1;NEGPOS_16_20;64,63;71,00;64,63;32,00;87,00;64,63;-60,00;67,00;48,00;100,00;562,00;64,63;-36,00;508,00;64,63;53,00;114,00;64,63;-60,00;15,00;64,63;-15,00;20,00;64,63;-13,00
16.06.2021;16.06.2021;FCR;1;NEGPOS_20_24;53,22;71,00;53,22;20,00;87,00;53,22;-60,00;67,00;49,30;99,00;562,00;53,22;-39,00;508,00;53,22;78,00;114,00;53,22;-69,00;15,00;53,22;-15,00;20,00;107,58;-14,00
17.06.2021;17.06.2021;FCR;1;NEGPOS_00_04;53,50;71,00;53,50;-11,00;87,00;126,44;-60,00;67,00;53,50;33,00;562,00;53,50;16,00;508,00;53,50;116,00;114,00;53,50;-65,00;15,00;53,50;-15,00;20,00;107,58;-14,00
17.06.2021;17.06.2021;FCR;1;NEGPOS_04_08;62,76;71,00;62,76;14,00;87,00;81,22;-60,00;67,00;62,76;36,00;562,00;62,76;-35,00;508,00;62,76;139,00;114,00;62,76;-65,00;15,00;62,76;-15,00;20,00;107,58;-14,00
17.06.2021;17.06.2021;FCR;1;NEGPOS_08_12;79,92;71,00;79,92;33,00;87,00;79,92;-60,00;67,00;45,98;106,00;562,00;79,92;-93,00;508,00;79,92;103,00;114,00;79,92;-65,00;15,00;79,92;-9,00;20,00;79,92;-9,00
17.06.2021;17.06.2021;FCR;1;NEGPOS_12_16;56,00;71,00;56,00;11,00;87,00;137,15;-60,00;67,00;56,00;63,00;562,00;56,00;-55,00;508,00;56,00;123,00;114,00;56,00;-57,00;15,00;56,00;-15,00;20,00;56,00;-10,00
17.06.2021;17.06.2021;FCR;1;NEGPOS_16_20;58,96;71,00;58,96;28,00;87,00;69,32;-60,00;67,00;50,80;97,00;562,00;58,96;-62,00;508,00;58,96;87,00;114,00;58,96;-65,00;15,00;58,96;-15,00;20,00;58,96;-10,00
17.06.2021;17.06.2021;FCR;1;NEGPOS_20_24;47,00;71,00;47,00;18,00;87,00;52,71;-60,00;67,00;40,00;100,00;562,00;47,00;-63,00;508,00;47,00;106,00;114,00;47,00;-75,00;15,00;47,00;-15,00;20,00;47,00;-11,00
18.06.2021;18.06.2021;FCR;1;NEGPOS_00_04;47,00;71,00;47,00;-4,00;87,00;131,67;-60,00;67,00;47,00;19,00;562,00;47,00;3,00;508,00;47,00;131,00;114,00;47,00;-60,00;15,00;47,00;-15,00;20,00;64,00;-14,00
18.06.2021;18.06.2021;FCR;1;NEGPOS_04_08;54,00;71,00;54,00;9,00;87,00;80,03;-60,00;67,00;54,00;50,00;562,00;54,00;-55,00;508,00;54,00;145,00;114,00;54,00;-60,00;15,00;54,00;-15,00;20,00;64,00;-14,00
18.06.2021;18.06.2021;FCR;1;NEGPOS_08_12;62,00;71,00;62,00;56,00;87,00;62,00;-60,00;67,00;40,84;102,00;562,00;62,00;-64,00;508,00;62,00;54,00;114,00;62,00;-60,00;15,00;62,00;-15,00;20,00;62,00;-11,00
18.06.2021;18.06.2021;FCR;1;NEGPOS_12_16;54,00;71,00;54,00;7,00;87,00;126,18;-60,00;67,00;54,00;97,00;562,00;54,00;-34,00;508,00;54,00;68,00;114,00;54,00;-52,00;15,00;54,00;-15,00;20,00;54,00;-11,00
18.06.2021;18.06.2021;FCR;1;NEGPOS_16_20;55,20;71,00;55,20;16,00;87,00;77,47;-60,00;67,00;44,60;99,00;562,00;55,20;-63,00;508,00;55,20;97,00;114,00;55,20;-60,00;15,00;55,20;-15,00;20,00;64,00;-14,00
18.06.2021;18.06.2021;FCR;1;NEGPOS_20_24;34,00;71,00;34,00;16,00;87,00;61,86;-60,00;67,00;34,00;71,00;562,00;34,00;-56,00;508,00;34,00;125,00;114,00;34,00;-70,00;15,00;34,00;-15,00;20,00;34,00;-11,00
19.06.2021;19.06.2021;FCR;1;NEGPOS_00_04;38,00;71,00;38,00;-1,00;87,00;116,00;-60,00;67,00;38,00;33,00;562,00;38,00;-40,00;508,00;38,00;149,00;114,00;38,00;-52,00;15,00;38,00;-15,00;20,00;107,57;-14,00
19.06.2021;19.06.2021;FCR;1;NEGPOS_04_08;40,00;71,00;40,00;-1,00;87,00;72,09;-60,00;67,00;40,00;26,00;562,00;40,00;-36,00;508,00;12,00;152,00;114,00;40,00;-52,00;15,00;40,00;-15,00;20,00;69,40;-14,00
19.06.2021;19.06.2021;FCR;1;NEGPOS_08_12;40,00;71,00;40,00;-1,00;87,00;40,00;-59,00;67,00;40,00;25,00;562,00;40,00;-36,00;508,00;23,80;152,00;114,00;40,00;-52,00;15,00;40,00;-15,00;20,00;69,40;-14,00
19.06.2021;19.06.2021;FCR;1;NEGPOS_12_16;46,81;71,00;46,81;2,00;87,00;119,14;-60,00;67,00;46,81;25,00;562,00;46,81;-38,00;508,00;11,00;152,00;114,00;46,81;-52,00;15,00;46,81;-15,00;20,00;215,14;-14,00
19.06.2021;19.06.2021;FCR;1;NEGPOS_16_20;39,00;71,00;39,00;6,00;87,00;61,29;-60,00;67,00;39,00;16,00;562,00;39,00;-15,00;508,00;11,00;152,00;114,00;39,00;-70,00;15,00;39,00;-15,00;20,00;122,96;-14,00
19.06.2021;19.06.2021;FCR;1;NEGPOS_20_24;34,00;71,00;34,00;19,00;87,00;45,23;-60,00;67,00;34,00;37,00;562,00;34,00;-52,00;508,00;34,00;145,00;114,00;34,00;-60,00;15,00;34,00;-15,00;20,00;69,40;-14,00
20.06.2021;20.06.2021;FCR;1;NEGPOS_00_04;42,59;71,00;42,59;16,00;87,00;135,78;-60,00;67,00;42,59;19,00;562,00;42,59;29,00;508,00;42,59;82,00;114,00;42,59;-60,00;15,00;42,59;-15,00;20,00;42,59;-11,00
20.06.2021;20.06.2021;FCR;1;NEGPOS_04_08;54,00;71,00;54,00;17,00;87,00;111,92;-60,00;67,00;54,00;23,00;562,00;54,00;30,00;508,00;54,00;75,00;114,00;54,00;-60,00;15,00;54,00;-15,00;20,00;54,00;-10,00
20.06.2021;20.06.2021;FCR;1;NEGPOS_08_12;56,00;71,00;56,00;21,00;87,00;78,60;-60,00;67,00;56,00;29,00;562,00;56,00;4,00;508,00;56,00;91,00;114,00;56,00;-60,00;15,00;56,00;-15,00;20,00;56,00;-10,00
20.06.2021;20.06.2021;FCR;1;NEGPOS_12_16;54,00;71,00;54,00;4,00;87,00;154,94;-60,00;67,00;54,00;17,00;562,00;54,00;-30,00;508,00;54,00;147,00;114,00;54,00;-52,00;15,00;54,00;-15,00;20,00;54,00;-11,00
20.06.2021;20.06.2021;FCR;1;NEGPOS_16_20;53,36;71,00;53,36;2,00;87,00;100,60;-60,00;67,00;53,36;19,00;562,00;53,36;10,00;508,00;53,36;115,00;114,00;53,36;-60,00;15,00;53,36;-15,00;20,00;53,36;-11,00
20.06.2021;20.06.2021;FCR;1;NEGPOS_20_24;38,00;71,00;38,00;23,00;87,00;62,65;-60,00;67,00;38,00;29,00;562,00;38,00;9,00;508,00;38,00;94,00;114,00;38,00;-70,00;15,00;38,00;-15,00;20,00;38,00;-10,00
21.06.2021;21.06.2021;FCR;1;NEGPOS_00_04;48,00;71,00;48,00;20,00;87,00;150,72;-60,00;67,00;48,00;34,00;562,00;48,00;29,00;508,00;48,00;79,00;114,00;48,00;-73,00;15,00;48,00;-15,00;20,00;268,95;-14,00
21.06.2021;21.06.2021;FCR;1;NEGPOS_04_08;55,52;71,00;55,52;27,00;87,00;150,36;-60,00;67,00;55,52;60,00;562,00;55,52;-37,00;508,00;55,52;103,00;114,00;55,52;-63,00;15,00;55,52;-15,00;20,00;69,40;-14,00
21.06.2021;21.06.2021;FCR;1;NEGPOS_08_12;59,12;71,00;59,12;42,00;87,00;181,08;-60,00;67,00;53,87;100,00;562,00;59,12;-60,00;508,00;59,12;70,00;114,00;59,12;-63,00;15,00;59,12;-15,00;20,00;69,40;-14,00
21.06.2021;21.06.2021;FCR;1;NEGPOS_12_16;54,56;71,00;54,56;45,00;87,00;138,68;-60,00;67,00;54,56;53,00;562,00;54,56;-28,00;508,00;54,56;74,00;114,00;54,56;-55,00;15,00;54,56;-15,00;20,00;215,16;-14,00
21.06.2021;21.06.2021;FCR;1;NEGPOS_16_20;52,00;71,00;52,00;22,00;87,00;178,56;-60,00;67,00;52,00;79,00;562,00;52,00;-64,00;508,00;52,00;107,00;114,00;52,00;-55,00;15,00;52,00;-15,00;20,00;215,16;-14,00
21.06.2021;21.06.2021;FCR;1;NEGPOS_20_24;48,46;71,00;48,46;26,00;87,00;189,08;-60,00;67,00;48,46;72,00;562,00;48,46;21,00;508,00;48,46;44,00;114,00;48,46;-73,00;15,00;48,46;-15,00;20,00;69,40;-14,00
22.06.2021;22.06.2021;FCR;1;NEGPOS_00_04;56,32;71,00;56,32;39,00;87,00;150,72;-60,00;67,00;56,32;37,00;562,00;56,32;16,00;508,00;56,32;62,00;114,00;56,32;-65,00;15,00;56,32;-15,00;20,00;107,58;-14,00
22.06.2021;22.06.2021;FCR;1;NEGPOS_04_08;56,96;71,00;56,96;49,00;87,00;150,36;-60,00;67,00;56,96;53,00;562,00;56,96;-4,00;508,00;56,96;66,00;114,00;56,96;-75,00;15,00;56,96;-15,00;20,00;69,40;-14,00
22.06.2021;22.06.2021;FCR;1;NEGPOS_08_12;48,94;71,00;48,94;46,00;87,00;181,08;-60,00;67,00;48,94;99,00;562,00;48,94;-29,00;508,00;48,94;51,00;114,00;48,94;-76,00;15,00;48,94;-15,00;20,00;69,40;-14,00
22.06.2021;22.06.2021;FCR;1;NEGPOS_12_16;53,56;71,00;53,56;25,00;87,00;138,68;-60,00;67,00;53,56;80,00;562,00;53,56;-39,00;508,00;53,56;81,00;114,00;53,56;-58,00;15,00;53,56;-15,00;20,00;100,54;-14,00
22.06.2021;22.06.2021;FCR;1;NEGPOS_16_20;55,06;71,00;55,06;24,00;87,00;178,56;-60,00;67,00;49,70;96,00;562,00;55,06;-29,00;508,00;55,06;60,00;114,00;55,06;-58,00;15,00;55,06;-15,00;20,00;96,24;-14,00
22.06.2021;22.06.2021;FCR;1;NEGPOS_20_24;45,00;71,00;45,00;32,00;87,00;189,08;-60,00;67,00;45,00;70,00;562,00;45,00;5,00;508,00;45,00;58,00;114,00;45,00;-75,00;15,00;45,00;-15,00;20,00;69,40;-14,00
23.06.2021;23.06.2021;FCR;1;NEGPOS_00_04;49,20;71,00;49,20;13,00;87,00;150,72;-60,00;67,00;49,20;26,00;562,00;49,20;36,00;508,00;49,20;77,00;114,00;49,20;-63,00;15,00;49,20;-15,00;20,00;107,58;-14,00
23.06.2021;23.06.2021;FCR;1;NEGPOS_04_08;53,90;71,00;53,90;20,00;87,00;150,36;-60,00;67,00;53,90;45,00;562,00;53,90;8,00;508,00;53,90;91,00;114,00;53,90;-63,00;15,00;53,90;-15,00;20,00;69,40;-14,00
23.06.2021;23.06.2021;FCR;1;NEGPOS_08_12;58,15;71,00;58,15;51,00;87,00;153,49;-40,00;67,00;58,15;99,00;562,00;58,15;-12,00;508,00;58,15;-5,00;114,00;58,15;-63,00;15,00;58,15;-15,00;20,00;62,55;-14,00
23.06.2021;23.06.2021;FCR;1;NEGPOS_12_16;66,00;71,00;66,00;68,00;87,00;138,68;-60,00;67,00;66,00;72,00;562,00;66,00;3,00;508,00;66,00;-5,00;114,00;66,00;-55,00;15,00;66,00;-9,00;20,00;69,53;-14,00
23.06.2021;23.06.2021;FCR;1;NEGPOS_16_20;59,00;71,00;59,00;51,00;87,00;150,00;-40,00;67,00;59,00;80,00;562,00;59,00;9,00;508,00;59,00;-8,00;114,00;59,00;-63,00;15,00;59,00;-15,00;20,00;65,37;-14,00
23.06.2021;23.06.2021;FCR;1;NEGPOS_20_24;48,84;71,00;48,84;36,00;87,00;188,31;-40,00;67,00;48,84;80,00;562,00;48,84;10,00;508,00;48,84;9,00;114,00;48,84;-66,00;15,00;48,84;-15,00;20,00;69,40;-14,00
24.06.2021;24.06.2021;FCR;1;NEGPOS_00_04;61,98;71,00;61,98;14,00;87,00;76,22;-58,00;67,00;61,98;35,00;562,00;61,98;119,00;508,00;61,98;-20,00;114,00;61,98;-63,00;15,00;61,98;-15,00;20,00;61,98;-12,00
24.06.2021;24.06.2021;FCR;1;NEGPOS_04_08;71,76;71,00;71,76;8,00;87,00;71,76;-59,00;67,00;71,76;60,00;562,00;71,76;41,00;508,00;71,76;36,00;114,00;71,76;-63,00;15,00;71,76;-9,00;20,00;107,58;-14,00
24.06.2021;24.06.2021;FCR;1;NEGPOS_08_12;75,24;71,00;75,24;5,00;87,00;75,24;-59,00;67,00;75,24;86,00;562,00;75,24;22,00;508,00;75,24;23,00;114,00;75,24;-63,00;15,00;75,24;-9,00;20,00;75,24;-5,00
24.06.2021;24.06.2021;FCR;1;NEGPOS_12_16;66,00;71,00;66,00;21,00;87,00;92,38;-60,00;67,00;40,00;100,00;562,00;66,00;14,00;508,00;66,00;0,00;114,00;66,00;-55,00;15,00;66,00;-13,00;20,00;66,00;-7,00
24.06.2021;24.06.2021;FCR;1;NEGPOS_16_20;72,61;71,00;72,61;5,00;87,00;72,61;-59,00;67,00;72,61;100,00;562,00;72,61;20,00;508,00;72,61;21,00;114,00;72,61;-63,00;15,00;72,61;-9,00;20,00;91,01;-14,00
24.06.2021;24.06.2021;FCR;1;NEGPOS_20_24;57,64;71,00;57,64;5,00;87,00;57,64;-59,00;67,00;57,64;86,00;562,00;57,64;30,00;508,00;57,64;30,00;114,00;57,64;-63,00;15,00;57,64;-15,00;20,00;107,58;-14,00
25.06.2021;25.06.2021;FCR;1;NEGPOS_00_04;51,00;71,00;51,00;-22,00;87,00;106,77;-60,00;67,00;51,00;40,00;562,00;51,00;82,00;508,00;51,00;52,00;114,00;51,00;-63,00;15,00;51,00;-15,00;20,00;107,58;-14,00
25.06.2021;25.06.2021;FCR;1;NEGPOS_04_08;60,97;71,00;60,97;8,00;87,00;60,97;-59,00;67,00;60,97;70,00;562,00;60,97;28,00;508,00;60,97;45,00;114,00;60,97;-63,00;15,00;60,97;-15,00;20,00;69,40;-14,00
25.06.2021;25.06.2021;FCR;1;NEGPOS_08_12;62,65;71,00;62,65;5,00;87,00;76,56;-60,00;67,00;62,65;98,00;562,00;62,65;-2,00;508,00;62,65;52,00;114,00;62,65;-63,00;15,00;62,65;-15,00;20,00;69,40;-14,00
25.06.2021;25.06.2021;FCR;1;NEGPOS_12_16;57,04;71,00;57,04;-15,00;87,00;87,26;-60,00;67,00;57,04;93,00;562,00;57,04;63,00;508,00;57,04;3,00;114,00;57,04;-55,00;15,00;57,04;-15,00;20,00;60,40;-14,00
25.06.2021;25.06.2021;FCR;1;NEGPOS_16_20;61,60;71,00;61,60;5,00;87,00;61,60;-59,00;67,00;58,00;100,00;562,00;61,60;8,00;508,00;61,60;38,00;114,00;61,60;-63,00;15,00;61,60;-15,00;20,00;83,76;-14,00
25.06.2021;25.06.2021;FCR;1;NEGPOS_20_24;59,84;71,00;59,84;5,00;87,00;59,84;-59,00;67,00;59,84;94,00;562,00;59,84;28,00;508,00;59,84;24,00;114,00;59,84;-63,00;15,00;59,84;-15,00;20,00;69,40;-14,00
26.06.2021;26.06.2021;FCR;1;NEGPOS_00_04;52,00;71,00;52,00;13,00;87,00;106,16;-60,00;67,00;52,00;23,00;562,00;52,00;131,00;508,00;52,00;-14,00;114,00;52,00;-63,00;15,00;52,00;-15,00;20,00;59,33;-14,00
26.06.2021;26.06.2021;FCR;1;NEGPOS_04_08;66,00;71,00;66,00;5,00;87,00;66,00;-59,00;67,00;66,00;15,00;562,00;66,00;147,00;508,00;66,00;-21,00;114,00;66,00;-63,00;15,00;66,00;-10,00;20,00;66,04;-14,00
26.06.2021;26.06.2021;FCR;1;NEGPOS_08_12;68,56;71,00;68,56;33,00;87,00;83,90;-60,00;67,00;60,19;100,00;562,00;68,56;53,00;508,00;68,56;-44,00;114,00;68,56;-63,00;15,00;68,56;-9,00;20,00;68,56;-10,00
26.06.2021;26.06.2021;FCR;1;NEGPOS_12_16;83,24;71,00;83,24;5,00;87,00;88,92;-60,00;67,00;83,24;20,00;562,00;83,24;103,00;508,00;83,24;14,00;114,00;83,24;-63,00;15,00;83,24;-9,00;20,00;83,24;-10,00
26.06.2021;26.06.2021;FCR;1;NEGPOS_16_20;63,84;71,00;63,84;25,00;87,00;63,84;-59,00;67,00;63,84;28,00;562,00;63,84;99,00;508,00;63,84;-4,00;114,00;63,84;-63,00;15,00;63,84;-15,00;20,00;63,84;-11,00
26.06.2021;26.06.2021;FCR;1;NEGPOS_20_24;49,36;71,00;49,36;14,00;87,00;49,36;-59,00;67,00;49,36;62,00;562,00;49,36;54,00;508,00;49,36;21,00;114,00;49,36;-63,00;15,00;49,36;-15,00;20,00;51,41;-14,00
27.06.2021;27.06.2021;FCR;1;NEGPOS_00_04;52,64;71,00;52,64;-18,00;87,00;119,47;-60,00;67,00;52,64;32,00;562,00;52,64;131,00;508,00;52,64;7,00;114,00;52,64;-63,00;15,00;52,64;-15,00;20,00;121,61;-14,00
27.06.2021;27.06.2021;FCR;1;NEGPOS_04_08;55,20;71,00;55,20;-16,00;87,00;90,43;-60,00;67,00;55,20;38,00;562,00;55,20;116,00;508,00;55,20;14,00;114,00;55,20;-63,00;15,00;55,20;-15,00;20,00;148,19;-14,00
27.06.2021;27.06.2021;FCR;1;NEGPOS_08_12;86,24;71,00;86,24;0,00;87,00;122,70;-60,00;67,00;86,24;46,00;562,00;86,24;121,00;508,00;86,24;-21,00;114,00;86,24;-63,00;15,00;86,24;-9,00;20,00;115,84;-14,00
27.06.2021;27.06.2021;FCR;1;NEGPOS_12_16;92,72;71,00;92,72;0,00;87,00;159,72;-60,00;67,00;92,72;40,00;562,00;92,72;37,00;508,00;92,72;59,00;114,00;92,72;-53,00;15,00;92,72;-9,00;20,00;144,30;-14,00
27.06.2021;27.06.2021;FCR;1;NEGPOS_16_20;61,36;71,00;61,36;0,00;87,00;65,59;-60,00;67,00;61,36;43,00;562,00;61,36;102,00;508,00;61,36;7,00;114,00;61,36;-63,00;15,00;61,36;-15,00;20,00;119,60;-14,00
27.06.2021;27.06.2021;FCR;1;NEGPOS_20_24;58,00;71,00;58,00;36,00;87,00;58,00;-59,00;67,00;54,90;100,00;562,00;58,00;33,00;508,00;58,00;-14,00;114,00;58,00;-63,00;15,00;58,00;-15,00;20,00;107,58;-14,00
28.06.2021;28.06.2021;FCR;1;NEGPOS_00_04;53,00;71,00;53,00;6,00;87,00;109,83;-60,00;67,00;53,00;36,00;562,00;53,00;103,00;508,00;53,00;7,00;114,00;53,00;-63,00;15,00;53,00;-15,00;20,00;108,86;-14,00
28.06.2021;28.06.2021;FCR;1;NEGPOS_04_08;57,36;71,00;57,36;13,00;87,00;58,70;-60,00;67,00;57,36;72,00;562,00;57,36;46,00;508,00;57,36;21,00;114,00;57,36;-63,00;15,00;57,36;-15,00;20,00;99,20;-14,00
28.06.2021;28.06.2021;FCR;1;NEGPOS_08_12;55,60;71,00;55,60;28,00;87,00;76,82;-60,00;67,00;55,60;96,00;562,00;55,60;11,00;508,00;55,60;17,00;114,00;55,60;-63,00;15,00;55,60;-15,00;20,00;64,56;-14,00
28.06.2021;28.06.2021;FCR;1;NEGPOS_12_16;61,38;71,00;61,38;35,00;87,00;84,16;-60,00;67,00;61,38;64,00;562,00;61,38;-27,00;508,00;61,38;80,00;114,00;61,38;-63,00;15,00;61,38;-15,00;20,00;89,93;-14,00
28.06.2021;28.06.2021;FCR;1;NEGPOS_16_20;51,84;71,00;51,84;-1,00;87,00;51,84;-59,00;67,00;50,40;100,00;562,00;51,84;4,00;508,00;51,84;48,00;114,00;51,84;-63,00;15,00;51,84;-15,00;20,00;112,48;-14,00
28.06.2021;28.06.2021;FCR;1;NEGPOS_20_24;46,00;71,00;46,00;19,00;87,00;46,00;-59,00;67,00;46,00;98,00;562,00;46,00;24,00;508,00;46,00;10,00;114,00;46,00;-63,00;15,00;46,00;-15,00;20,00;64,56;-14,00
29.06.2021;29.06.2021;FCR;1;NEGPOS_00_04;62,35;71,00;62,35;63,00;87,00;113,50;-60,00;67,00;62,35;40,00;562,00;62,35;87,00;508,00;62,35;-47,00;114,00;62,35;-63,00;15,00;62,35;-6,00;20,00;88,19;-14,00
29.06.2021;29.06.2021;FCR;1;NEGPOS_04_08;68,00;71,00;68,00;59,00;87,00;68,00;-59,00;67,00;68,00;79,00;562,00;68,00;40,00;508,00;68,00;-33,00;114,00;68,00;-63,00;15,00;68,00;-9,00;20,00;107,25;-14,00
29.06.2021;29.06.2021;FCR;1;NEGPOS_08_12;56,40;71,00;56,40;58,00;87,00;69,74;-60,00;67,00;56,40;100,00;562,00;56,40;-16,00;508,00;56,40;19,00;114,00;56,40;-72,00;15,00;56,40;-15,00;20,00;136,24;-14,00
29.06.2021;29.06.2021;FCR;1;NEGPOS_12_16;45,11;71,00;45,11;44,00;87,00;79,40;-60,00;67,00;45,11;53,00;562,00;45,11;25,00;508,00;45,11;31,00;114,00;45,11;-62,00;15,00;45,11;-15,00;20,00;91,54;-14,00
29.06.2021;29.06.2021;FCR;1;NEGPOS_16_20;54,15;71,00;54,15;40,00;87,00;54,15;-59,00;67,00;54,15;100,00;562,00;54,15;8,00;508,00;54,15;12,00;114,00;54,15;-72,00;15,00;54,15;-15,00;20,00;118,39;-14,00
29.06.2021;29.06.2021;FCR;1;NEGPOS_20_24;41,20;71,00;41,20;42,00;87,00;41,20;-59,00;67,00;41,20;85,00;562,00;41,20;8,00;508,00;41,20;26,00;114,00;41,20;-72,00;15,00;41,20;-15,00;20,00;107,58;-14,00
30.06.2021;30.06.2021;FCR;1;NEGPOS_00_04;55,60;71,00;55,60;53,00;87,00;113,14;-60,00;67,00;55,60;35,00;562,00;55,60;17,00;508,00;55,60;49,00;114,00;55,60;-67,00;15,00;55,60;-15,00;20,00;55,60;-12,00
30.06.2021;30.06.2021;FCR;1;NEGPOS_04_08;58,28;71,00;58,28;48,00;87,00;64,62;-60,00;67,00;58,28;75,00;562,00;58,28;-35,00;508,00;58,28;65,00;114,00;58,28;-67,00;15,00;58,28;-15,00;20,00;58,28;-11,00
30.06.2021;30.06.2021;FCR;1;NEGPOS_08_12;52,55;71,00;52,55;45,00;87,00;70,39;-60,00;67,00;47,76;98,00;562,00;52,55;-3,00;508,00;52,55;14,00;114,00;52,55;-67,00;15,00;52,55;-15,00;20,00;52,55;-12,00
30.06.2021;30.06.2021;FCR;1;NEGPOS_12_16;56,00;71,00;56,00;45,00;87,00;79,46;-60,00;67,00;56,00;86,00;562,00;56,00;27,00;508,00;56,00;-14,00;114,00;56,00;-57,00;15,00;56,00;-15,00;20,00;56,00;-12,00
30.06.2021;30.06.2021;FCR;1;NEGPOS_16_20;55,60;71,00;55,60;47,00;87,00;55,60;-58,00;67,00;51,35;100,00;562,00;55,60;17,00;508,00;55,60;-13,00;114,00;55,60;-67,00;15,00;55,60;-15,00;20,00;55,60;-11,00
30.06.2021;30.06.2021;FCR;1;NEGPOS_20_24;43,88;71,00;43,88;42,00;87,00;43,88;-58,00;67,00;43,88;83,00;562,00;43,88;25,00;508,00;43,88;1,00;114,00;43,88;-67,00;15,00;43,88;-15,00;20,00;43,88;-11,00
01.07.2021;01.07.2021;FCR;1;NEGPOS_00_04;66,00;71,00;66,00;6,00;87,00;120,07;-60,00;67,00;66,00;41,00;562,00;66,00;58,00;508,00;66,00;45,00;114,00;66,00;-67,00;15,00;66,00;-11,00;20,00;66,00;-12,00
01.07.2021;01.07.2021;FCR;1;NEGPOS_04_08;60,35;71,00;60,35;10,00;87,00;74,98;-60,00;67,00;60,35;71,00;562,00;60,35;54,00;508,00;60,35;21,00;114,00;60,35;-67,00;15,00;60,35;-15,00;20,00;268,92;-14,00
01.07.2021;01.07.2021;FCR;1;NEGPOS_08_12;61,36;71,00;61,36;20,00;87,00;63,33;-60,00;67,00;45,30;100,00;562,00;61,36;23,00;508,00;61,36;13,00;114,00;61,36;-67,00;15,00;61,36;-15,00;20,00;376,52;-14,00
01.07.2021;01.07.2021;FCR;1;NEGPOS_12_16;43,72;71,00;43,72;-5,00;87,00;75,88;-60,00;67,00;43,72;78,00;562,00;43,72;20,00;508,00;43,72;53,00;114,00;43,72;-57,00;15,00;43,72;-15,00;20,00;376,52;-14,00
01.07.2021;01.07.2021;FCR;1;NEGPOS_16_20;49,90;71,00;49,90;3,00;87,00;49,90;-58,00;67,00;46,00;100,00;562,00;49,90;20,00;508,00;49,90;34,00;114,00;49,90;-67,00;15,00;49,90;-15,00;20,00;376,52;-14,00
01.07.2021;01.07.2021;FCR;1;NEGPOS_20_24;55,20;71,00;55,20;19,00;87,00;55,20;-58,00;67,00;43,40;98,00;562,00;55,20;16,00;508,00;55,20;21,00;114,00;55,20;-67,00;15,00;55,20;-15,00;20,00;268,92;-14,00
02.07.2021;02.07.2021;FCR;1;NEGPOS_00_04;48,22;71,00;48,22;22,00;87,00;110,00;-60,00;67,00;48,22;37,00;562,00;48,22;80,00;508,00;48,22;6,00;114,00;48,22;-55,00;15,00;48,22;-15,00;20,00;58,13;-14,00
02.07.2021;02.07.2021;FCR;1;NEGPOS_04_08;51,39;71,00;51,39;34,00;87,00;66,52;-60,00;67,00;51,39;63,00;562,00;51,39;32,00;508,00;51,39;17,00;114,00;51,39;-55,00;15,00;51,39;-15,00;20,00;268,92;-14,00
02.07.2021;02.07.2021;FCR;1;NEGPOS_08_12;45,40;71,00;45,40;46,00;87,00;50,92;-60,00;67,00;45,40;98,00;562,00;45,40;22,00;508,00;45,40;-21,00;114,00;45,40;-55,00;15,00;45,40;-15,00;20,00;376,52;-14,00
02.07.2021;02.07.2021;FCR;1;NEGPOS_12_16;53,96;71,00;53,96;50,00;87,00;77,20;-60,00;67,00;53,96;77,00;562,00;53,96;11,00;508,00;53,96;-4,00;114,00;53,96;-45,00;15,00;53,96;-15,00;20,00;376,52;-14,00
02.07.2021;02.07.2021;FCR;1;NEGPOS_16_20;51,36;71,00;51,36;38,00;87,00;51,36;-58,00;67,00;44,72;100,00;562,00;51,36;16,00;508,00;51,36;-9,00;114,00;51,36;-55,00;15,00;51,36;-15,00;20,00;376,52;-14,00
02.07.2021;02.07.2021;FCR;1;NEGPOS_20_24;38,40;71,00;38,40;43,00;87,00;38,40;-58,00;67,00;38,40;75,00;562,00;38,40;27,00;508,00;38,40;-3,00;114,00;38,40;-55,00;15,00;38,40;-15,00;20,00;268,92;-14,00
03.07.2021;03.07.2021;FCR;1;NEGPOS_00_04;43,36;71,00;43,36;34,00;87,00;96,71;-60,00;67,00;43,36;51,00;562,00;43,36;17,00;508,00;43,36;42,00;114,00;43,36;-55,00;15,00;43,36;-15,00;20,00;43,36;-14,00
03.07.2021;03.07.2021;FCR;1;NEGPOS_04_08;43,68;71,00;43,68;12,00;87,00;60,59;-60,00;67,00;43,68;46,00;562,00;43,68;29,00;508,00;43,68;57,00;114,00;43,68;-55,00;15,00;43,68;-15,00;20,00;43,68;-14,00
03.07.2021;03.07.2021;FCR;1;NEGPOS_08_12;47,09;71,00;47,09;11,00;87,00;47,09;-58,00;67,00;47,09;102,00;562,00;47,09;-39,00;508,00;47,09;69,00;114,00;47,09;-55,00;15,00;47,09;-15,00;20,00;47,09;-12,00
03.07.2021;03.07.2021;FCR;1;NEGPOS_12_16;42,80;71,00;42,80;11,00;87,00;55,24;-60,00;67,00;42,80;27,00;562,00;42,80;29,00;508,00;42,80;76,00;114,00;42,80;-55,00;15,00;42,80;-15,00;20,00;42,80;-13,00
03.07.2021;03.07.2021;FCR;1;NEGPOS_16_20;44,00;71,00;44,00;11,00;87,00;44,00;-58,00;67,00;44,00;80,00;562,00;44,00;-8,00;508,00;44,00;56,00;114,00;44,00;-55,00;15,00;44,00;-15,00;20,00;451,58;-11,00
03.07.2021;03.07.2021;FCR;1;NEGPOS_20_24;38,30;71,00;38,30;23,00;87,00;38,30;-58,00;67,00;38,30;88,00;562,00;38,30;37,00;508,00;38,30;-8,00;114,00;38,30;-55,00;15,00;38,30;-15,00;20,00;496,23;-12,00
04.07.2021;04.07.2021;FCR;1;NEGPOS_00_04;39,30;71,00;39,30;21,00;87,00;85,04;-60,00;67,00;39,30;42,00;562,00;39,30;88,00;508,00;39,30;-13,00;114,00;39,30;-55,00;15,00;39,30;-15,00;20,00;39,30;-7,00
04.07.2021;04.07.2021;FCR;1;NEGPOS_04_08;48,00;71,00;48,00;21,00;87,00;60,59;-60,00;67,00;48,00;39,00;562,00;48,00;64,00;508,00;48,00;18,00;114,00;48,00;-55,00;15,00;48,00;-15,00;20,00;48,00;-7,00
04.07.2021;04.07.2021;FCR;1;NEGPOS_08_12;48,00;71,00;48,00;21,00;87,00;48,00;-58,00;67,00;48,00;44,00;562,00;48,00;50,00;508,00;48,00;19,00;114,00;48,00;-55,00;15,00;48,00;-15,00;20,00;48,00;-6,00
04.07.2021;04.07.2021;FCR;1;NEGPOS_12_16;49,00;71,00;49,00;21,00;87,00;55,24;-60,00;67,00;49,00;42,00;562,00;49,00;70,00;508,00;49,00;-5,00;114,00;49,00;-55,00;15,00;49,00;-6,00;20,00;49,00;-6,00
04.07.2021;04.07.2021;FCR;1;NEGPOS_16_20;66,00;71,00;66,00;42,00;87,00;66,00;-58,00;67,00;66,00;37,00;562,00;66,00;63,00;508,00;66,00;-11,00;114,00;66,00;-55,00;15,00;66,00;-13,00;20,00;66,00;-5,00
04.07.2021;04.07.2021;FCR;1;NEGPOS_20_24;32,00;71,00;32,00;2,00;87,00;37,19;-60,00;67,00;32,00;91,00;562,00;32,00;32,00;508,00;32,00;19,00;114,00;32,00;-65,00;15,00;32,00;-15,00;20,00;32,00;-4,00
05.07.2021;05.07.2021;FCR;1;NEGPOS_00_04;53,60;71,00;53,60;22,00;87,00;97,78;-60,00;67,00;53,60;61,00;562,00;53,60;45,00;508,00;53,60;7,00;114,00;53,60;-55,00;15,00;53,60;-6,00;20,00;537,92;-14,00
05.07.2021;05.07.2021;FCR;1;NEGPOS_04_08;63,60;71,00;63,60;61,00;87,00;63,60;-58,00;67,00;63,60;79,00;562,00;63,60;-3,00;508,00;63,60;3,00;114,00;63,60;-55,00;15,00;63,60;-15,00;20,00;521,53;-12,00
05.07.2021;05.07.2021;FCR;1;NEGPOS_08_12;71,68;71,00;71,68;68,00;87,00;71,68;-58,00;67,00;49,32;96,00;562,00;71,68;48,00;508,00;71,68;-79,00;114,00;71,68;-55,00;15,00;71,68;-9,00;20,00;561,88;-11,00
05.07.2021;05.07.2021;FCR;1;NEGPOS_12_16;53,70;71,00;53,70;59,00;87,00;53,70;-58,00;67,00;53,70;96,00;562,00;53,70;20,00;508,00;53,70;-54,00;114,00;53,70;-45,00;15,00;53,70;-6,00;20,00;523,69;-11,00
05.07.2021;05.07.2021;FCR;1;NEGPOS_16_20;57,50;71,00;57,50;61,00;87,00;57,50;-58,00;67,00;57,50;93,00;562,00;57,50;32,00;508,00;57,50;-43,00;114,00;57,50;-55,00;15,00;57,50;-15,00;20,00;107,04;-14,00
05.07.2021;05.07.2021;FCR;1;NEGPOS_20_24;42,08;71,00;42,08;47,00;87,00;42,08;-58,00;67,00;29,39;100,00;562,00;42,08;7,00;508,00;42,08;-12,00;114,00;42,08;-55,00;15,00;42,08;-15,00;20,00;645,51;-14,00
06.07.2021;06.07.2021;FCR;1;NEGPOS_00_04;46,00;71,00;46,00;-49,00;87,00;98,85;-60,00;67,00;46,00;-46,00;562,00;46,00;-393,00;508,00;46,00;-355,00;114,00;46,00;-79,00;15,00;46,00;-15,00;20,00;534,44;-14,00
06.07.2021;06.07.2021;FCR;1;NEGPOS_04_08;56,00;71,00;56,00;-49,00;87,00;56,00;-60,00;67,00;56,00;-46,00;562,00;56,00;-393,00;508,00;56,00;-355,00;114,00;56,00;-79,00;15,00;56,00;-15,00;20,00;645,51;-14,00
06.07.2021;06.07.2021;FCR;1;NEGPOS_08_12;51,07;71,00;67,00;-49,00;87,00;67,00;-60,00;67,00;51,07;-46,00;562,00;67,00;-393,00;508,00;67,00;-355,00;114,00;67,00;-79,00;15,00;67,00;-15,00;20,00;67,00;-14,00
06.07.2021;06.07.2021;FCR;1;NEGPOS_12_16;56,00;71,00;56,00;-49,00;87,00;56,00;-60,00;67,00;56,00;-46,00;562,00;56,00;-393,00;508,00;56,00;-355,00;114,00;56,00;-79,00;15,00;56,00;-15,00;20,00;64,56;-14,00
06.07.2021;06.07.2021;FCR;1;NEGPOS_16_20;60,67;71,00;60,67;-49,00;87,00;60,67;-60,00;67,00;60,67;-46,00;562,00;60,67;-393,00;508,00;60,67;-355,00;114,00;60,67;-79,00;15,00;60,67;-15,00;20,00;64,56;-14,00
06.07.2021;06.07.2021;FCR;1;NEGPOS_20_24;46,52;71,00;46,52;-49,00;87,00;46,52;-60,00;67,00;46,52;-46,00;562,00;46,52;-393,00;508,00;46,52;-355,00;114,00;46,52;-79,00;15,00;46,52;-15,00;20,00;64,56;-14,00
06.07.2021;06.07.2021;FCR;2;NEGPOS_00_04;0,00;-;-;-;-;-;-;-;-;-;-;-;-;-;-;-;-;-;-;-;-;-;0,00;0,00;-14,00
06.07.2021;06.07.2021;FCR;2;NEGPOS_04_08;0,00;-;-;-;-;-;-;-;-;-;-;-;-;-;-;-;-;-;-;-;-;-;0,00;0,00;-14,00
06.07.2021;06.07.2021;FCR;2;NEGPOS_08_12;1,07;-;-;-;-;-;-;-;-;-;-;-;-;-;-;-;-;-;-;-;-;-;2,00;1,07;-14,00
06.07.2021;06.07.2021;FCR;2;NEGPOS_12_16;1,07;-;-;-;-;-;-;-;-;-;-;-;-;-;-;-;-;-;-;-;-;-;2,00;1,07;-14,00
06.07.2021;06.07.2021;FCR;2;NEGPOS_16_20;1,07;-;-;-;-;-;-;-;-;-;-;-;-;-;-;-;-;-;-;-;-;-;1,00;1,07;-14,00
06.07.2021;06.07.2021;FCR;2;NEGPOS_20_24;0,00;-;-;-;-;-;-;-;-;-;-;-;-;-;-;-;-;-;-;-;-;-;0,00;0,00;-14,00
07.07.2021;07.07.2021;FCR;1;NEGPOS_00_04;53,52;71,00;53,52;33,00;87,00;102,34;-60,00;67,00;53,52;68,00;562,00;53,52;30,00;508,00;53,52;-9,00;114,00;53,52;-45,00;15,00;53,52;-6,00;20,00;53,52;-11,00
07.07.2021;07.07.2021;FCR;1;NEGPOS_04_08;59,76;71,00;59,76;61,00;87,00;60,53;-60,00;67,00;59,76;75,00;562,00;59,76;-3,00;508,00;59,76;-1,00;114,00;59,76;-46,00;15,00;59,76;-15,00;20,00;59,76;-11,00
07.07.2021;07.07.2021;FCR;1;NEGPOS_08_12;54,00;71,00;54,00;49,00;87,00;54,00;-58,00;67,00;54,00;95,00;562,00;54,00;14,00;508,00;54,00;-29,00;114,00;54,00;-46,00;15,00;54,00;-15,00;20,00;54,00;-10,00
07.07.2021;07.07.2021;FCR;1;NEGPOS_12_16;50,00;71,00;50,00;57,00;87,00;70,62;-60,00;67,00;45,60;100,00;562,00;50,00;30,00;508,00;50,00;-56,00;114,00;50,00;-46,00;15,00;50,00;-15,00;20,00;50,00;-10,00
07.07.2021;07.07.2021;FCR;1;NEGPOS_16_20;44,07;71,00;44,07;48,00;87,00;44,07;-58,00;67,00;44,07;85,00;562,00;44,07;17,00;508,00;44,07;-14,00;114,00;44,07;-46,00;15,00;44,07;-15,00;20,00;44,07;-10,00
07.07.2021;07.07.2021;FCR;1;NEGPOS_20_24;36,07;71,00;36,07;33,00;87,00;70,36;-60,00;67,00;36,07;78,00;562,00;36,07;12,00;508,00;36,07;13,00;114,00;36,07;-49,00;15,00;36,07;-15,00;20,00;36,07;-10,00
08.07.2021;08.07.2021;FCR;1;NEGPOS_00_04;57,79;71,00;57,79;58,00;87,00;96,00;-60,00;67,00;57,79;61,00;562,00;57,79;51,00;508,00;57,79;-47,00;114,00;57,79;-49,00;15,00;57,79;-6,00;20,00;57,79;-7,00
08.07.2021;08.07.2021;FCR;1;NEGPOS_04_08;61,44;71,00;61,44;97,00;87,00;61,44;-60,00;67,00;58,80;99,00;562,00;61,44;21,00;508,00;61,44;-85,00;114,00;61,44;-50,00;15,00;61,44;-15,00;20,00;61,44;-7,00
08.07.2021;08.07.2021;FCR;1;NEGPOS_08_12;61,25;71,00;61,25;60,00;87,00;61,25;-60,00;67,00;55,60;97,00;562,00;61,25;58,00;508,00;61,25;-87,00;114,00;61,25;-47,00;15,00;61,25;-15,00;20,00;61,25;-6,00
08.07.2021;08.07.2021;FCR;1;NEGPOS_12_16;48,36;71,00;48,36;73,00;87,00;86,02;-60,00;67,00;41,64;109,00;562,00;48,36;28,00;508,00;48,36;-73,00;114,00;48,36;-47,00;15,00;48,36;-15,00;20,00;48,36;-6,00
08.07.2021;08.07.2021;FCR;1;NEGPOS_16_20;66,00;71,00;66,00;56,00;87,00;66,00;-60,00;67,00;55,10;98,00;562,00;66,00;61,00;508,00;66,00;-91,00;114,00;66,00;-47,00;15,00;66,00;-11,00;20,00;66,00;-6,00
08.07.2021;08.07.2021;FCR;1;NEGPOS_20_24;61,08;71,00;61,08;60,00;87,00;86,21;-60,00;67,00;58,80;101,00;562,00;61,08;41,00;508,00;61,08;-70,00;114,00;61,08;-49,00;15,00;61,08;-15,00;20,00;61,08;-7,00
09.07.2021;09.07.2021;FCR;1;NEGPOS_00_04;64,36;71,00;64,36;60,00;87,00;80,39;-60,00;67,00;64,36;67,00;562,00;64,36;97,00;508,00;64,36;-95,00;114,00;64,36;-49,00;15,00;64,36;-15,00;20,00;64,36;-5,00
09.07.2021;09.07.2021;FCR;1;NEGPOS_04_08;57,19;71,00;57,19;77,00;87,00;57,19;-58,00;67,00;57,19;89,00;562,00;57,19;77,00;508,00;57,19;-116,00;114,00;57,19;-49,00;15,00;57,19;-15,00;20,00;57,19;-5,00
09.07.2021;09.07.2021;FCR;1;NEGPOS_08_12;58,86;71,00;58,86;60,00;87,00;58,86;-58,00;67,00;53,16;100,00;562,00;58,86;100,00;508,00;58,86;-124,00;114,00;58,86;-49,00;15,00;58,86;-15,00;20,00;65,91;-14,00
09.07.2021;09.07.2021;FCR;1;NEGPOS_12_16;46,00;71,00;46,00;54,00;87,00;84,65;-60,00;67,00;41,60;100,00;562,00;46,00;94,00;508,00;46,00;-110,00;114,00;46,00;-49,00;15,00;46,00;-15,00;20,00;62,82;-14,00
09.07.2021;09.07.2021;FCR;1;NEGPOS_16_20;63,89;71,00;63,89;73,00;87,00;63,89;-58,00;67,00;45,60;95,00;562,00;63,89;67,00;508,00;63,89;-108,00;114,00;63,89;-49,00;15,00;63,89;-15,00;20,00;63,89;-5,00
09.07.2021;09.07.2021;FCR;1;NEGPOS_20_24;61,25;71,00;61,25;60,00;87,00;77,63;-60,00;67,00;40,00;100,00;562,00;61,25;78,00;508,00;61,25;-100,00;114,00;61,25;-49,00;15,00;61,25;-15,00;20,00;64,97;-14,00
10.07.2021;10.07.2021;FCR;1;NEGPOS_00_04;57,85;71,00;57,85;49,00;87,00;89,96;-60,00;67,00;57,85;52,00;562,00;57,85;39,00;508,00;57,85;-11,00;114,00;57,85;-49,00;15,00;57,85;-15,00;20,00;57,85;-5,00
10.07.2021;10.07.2021;FCR;1;NEGPOS_04_08;56,00;71,00;56,00;37,00;87,00;56,00;-58,00;67,00;56,00;42,00;562,00;56,00;45,00;508,00;56,00;3,00;114,00;56,00;-49,00;15,00;56,00;-6,00;20,00;65,10;-14,00
10.07.2021;10.07.2021;FCR;1;NEGPOS_08_12;74,87;71,00;74,87;47,00;87,00;74,87;-58,00;67,00;74,87;97,00;562,00;74,87;57,00;508,00;74,87;-85,00;114,00;74,87;-45,00;15,00;74,87;-9,00;20,00;74,87;-4,00
10.07.2021;10.07.2021;FCR;1;NEGPOS_12_16;64,97;71,00;64,97;39,00;87,00;64,97;-58,00;67,00;64,97;49,00;562,00;64,97;51,00;508,00;64,97;-13,00;114,00;64,97;-45,00;15,00;64,97;-15,00;20,00;64,97;-8,00
10.07.2021;10.07.2021;FCR;1;NEGPOS_16_20;58,22;71,00;58,22;43,00;87,00;58,22;-58,00;67,00;58,22;87,00;562,00;58,22;43,00;508,00;58,22;-51,00;114,00;58,22;-45,00;15,00;58,22;-15,00;20,00;58,22;-4,00
10.07.2021;10.07.2021;FCR;1;NEGPOS_20_24;42,55;71,00;42,55;37,00;87,00;75,64;-60,00;67,00;42,55;100,00;562,00;42,55;76,00;508,00;42,55;-75,00;114,00;42,55;-49,00;15,00;42,55;-15,00;20,00;44,30;-14,00
11.07.2021;11.07.2021;FCR;1;NEGPOS_00_04;70,62;71,00;70,62;-6,00;87,00;95,43;-60,00;67,00;70,62;73,00;562,00;70,62;126,00;508,00;70,62;-61,00;114,00;70,62;-49,00;15,00;70,62;-9,00;20,00;75,03;-14,00
11.07.2021;11.07.2021;FCR;1;NEGPOS_04_08;79,88;71,00;79,88;-14,00;87,00;79,88;-58,00;67,00;79,88;64,00;562,00;79,88;129,00;508,00;79,88;-59,00;114,00;79,88;-49,00;15,00;79,88;-9,00;20,00;79,88;-4,00
11.07.2021;11.07.2021;FCR;1;NEGPOS_08_12;79,88;71,00;79,88;-18,00;87,00;79,88;-58,00;67,00;79,88;70,00;562,00;79,88;126,00;508,00;79,88;-63,00;114,00;79,88;-45,00;15,00;79,88;-9,00;20,00;79,88;-3,00
11.07.2021;11.07.2021;FCR;1;NEGPOS_12_16;83,56;71,00;83,56;-14,00;87,00;83,56;-58,00;67,00;83,56;79,00;562,00;83,56;92,00;508,00;83,56;-42,00;114,00;83,56;-45,00;15,00;83,56;-9,00;20,00;83,56;-3,00
11.07.2021;11.07.2021;FCR;1;NEGPOS_16_20;74,70;71,00;74,70;-14,00;87,00;74,70;-58,00;67,00;74,70;75,00;562,00;74,70;115,00;508,00;74,70;-61,00;114,00;74,70;-45,00;15,00;74,70;-9,00;20,00;74,70;-3,00
11.07.2021;11.07.2021;FCR;1;NEGPOS_20_24;50,52;71,00;50,52;10,00;87,00;65,79;-60,00;67,00;50,10;99,00;562,00;50,52;58,00;508,00;50,52;-29,00;114,00;50,52;-49,00;15,00;50,52;-15,00;20,00;63,22;-14,00
12.07.2021;12.07.2021;FCR;1;NEGPOS_00_04;65,00;71,00;65,00;-14,00;87,00;103,24;-60,00;67,00;65,00;84,00;562,00;65,00;63,00;508,00;65,00;-4,00;114,00;65,00;-45,00;15,00;65,00;-10,00;20,00;86,40;-14,00
12.07.2021;12.07.2021;FCR;1;NEGPOS_04_08;60,00;71,00;60,00;-26,00;87,00;80,56;-60,00;67,00;60,00;82,00;562,00;60,00;94,00;508,00;60,00;-21,00;114,00;60,00;-45,00;15,00;60,00;-10,00;20,00;138,40;-14,00
12.07.2021;12.07.2021;FCR;1;NEGPOS_08_12;59,00;71,00;59,00;36,00;87,00;72,66;-60,00;67,00;43,20;96,00;562,00;59,00;101,00;508,00;59,00;-106,00;114,00;59,00;-45,00;15,00;59,00;-15,00;20,00;59,00;-7,00
12.07.2021;12.07.2021;FCR;1;NEGPOS_12_16;52,66;71,00;52,66;0,00;87,00;62,56;-60,00;67,00;48,53;100,00;562,00;52,66;76,00;508,00;52,66;-50,00;114,00;52,66;-45,00;15,00;52,66;-15,00;20,00;52,66;-6,00
12.07.2021;12.07.2021;FCR;1;NEGPOS_16_20;51,21;71,00;51,21;35,00;87,00;51,21;-60,00;67,00;42,34;100,00;562,00;51,21;47,00;508,00;51,21;-48,00;114,00;51,21;-45,00;15,00;51,21;-15,00;20,00;73,69;-14,00
12.07.2021;12.07.2021;FCR;1;NEGPOS_20_24;65,00;71,00;65,00;37,00;87,00;65,00;-58,00;67,00;60,62;100,00;562,00;65,00;61,00;508,00;65,00;-62,00;114,00;65,00;-49,00;15,00;65,00;-15,00;20,00;83,49;-14,00
13.07.2021;13.07.2021;FCR;1;NEGPOS_00_04;76,00;71,00;76,00;-2,00;87,00;111,05;-60,00;67,00;71,80;100,00;562,00;76,00;77,00;508,00;76,00;-46,00;114,00;76,00;-54,00;15,00;76,00;-9,00;20,00;76,00;-6,00
13.07.2021;13.07.2021;FCR;1;NEGPOS_04_08;77,52;71,00;77,52;9,00;87,00;91,68;-60,00;67,00;66,89;100,00;562,00;77,52;76,00;508,00;77,52;-56,00;114,00;77,52;-54,00;15,00;77,52;-9,00;20,00;77,52;-6,00
13.07.2021;13.07.2021;FCR;1;NEGPOS_08_12;53,00;71,00;53,00;33,00;87,00;68,66;-60,00;67,00;38,40;98,00;562,00;53,00;51,00;508,00;53,00;-50,00;114,00;53,00;-53,00;15,00;53,00;-15,00;20,00;53,00;-4,00
13.07.2021;13.07.2021;FCR;1;NEGPOS_12_16;63,88;71,00;63,88;1,00;87,00;99,89;-60,00;67,00;45,00;97,00;562,00;63,88;87,00;508,00;63,88;-53,00;114,00;63,88;-53,00;15,00;63,88;-15,00;20,00;63,88;-4,00
13.07.2021;13.07.2021;FCR;1;NEGPOS_16_20;69,00;71,00;69,00;40,00;87,00;69,00;-58,00;67,00;49,20;98,00;562,00;69,00;44,00;508,00;69,00;-62,00;114,00;69,00;-50,00;15,00;69,00;-9,00;20,00;69,00;-3,00
13.07.2021;13.07.2021;FCR;1;NEGPOS_20_24;59,00;71,00;59,00;32,00;87,00;62,41;-60,00;67,00;46,31;98,00;562,00;59,00;40,00;508,00;59,00;-41,00;114,00;59,00;-50,00;15,00;59,00;-15,00;20,00;59,00;-4,00
14.07.2021;14.07.2021;FCR;1;NEGPOS_00_04;83,23;71,00;83,23;45,00;87,00;137,73;-60,00;67,00;83,23;69,00;562,00;83,23;51,00;508,00;83,23;-45,00;114,00;83,23;-45,00;15,00;83,23;-1,00;20,00;91,19;-14,00
14.07.2021;14.07.2021;FCR;1;NEGPOS_04_08;94,00;71,00;94,00;69,00;87,00;109,44;-60,00;67,00;94,00;73,00;562,00;94,00;41,00;508,00;94,00;-55,00;114,00;94,00;-45,00;15,00;94,00;-9,00;20,00;155,98;-14,00
14.07.2021;14.07.2021;FCR;1;NEGPOS_08_12;69,00;71,00;69,00;58,00;87,00;69,00;-58,00;67,00;39,60;89,00;562,00;69,00;33,00;508,00;69,00;-43,00;114,00;69,00;-56,00;15,00;69,00;-9,00;20,00;258,77;-14,00
14.07.2021;14.07.2021;FCR;1;NEGPOS_12_16;69,26;71,00;69,26;44,00;87,00;102,83;-60,00;67,00;54,40;100,00;562,00;69,26;-6,00;508,00;69,26;6,00;114,00;69,26;-56,00;15,00;69,26;-9,00;20,00;171,98;-14,00
14.07.2021;14.07.2021;FCR;1;NEGPOS_16_20;62,54;71,00;62,54;53,00;87,00;67,46;-60,00;67,00;56,25;100,00;562,00;62,54;7,00;508,00;62,54;-13,00;114,00;62,54;-56,00;15,00;62,54;-15,00;20,00;204,38;-14,00
14.07.2021;14.07.2021;FCR;1;NEGPOS_20_24;51,00;71,00;51,00;49,00;87,00;51,93;-60,00;67,00;51,00;86,00;562,00;51,00;-23,00;508,00;51,00;22,00;114,00;51,00;-45,00;15,00;51,00;-15,00;20,00;198,78;-14,00
15.07.2021;15.07.2021;FCR;1;NEGPOS_00_04;80,12;71,00;80,12;9,00;87,00;136,73;-60,00;67,00;80,12;60,00;562,00;80,12;20,00;508,00;80,12;21,00;114,00;80,12;-45,00;15,00;80,12;-1,00;20,00;80,12;-4,00
15.07.2021;15.07.2021;FCR;1;NEGPOS_04_08;95,64;71,00;95,64;21,00;87,00;154,74;-60,00;67,00;95,64;100,00;562,00;95,64;34,00;508,00;95,64;-27,00;114,00;95,64;-45,00;15,00;95,64;-9,00;20,00;140,79;-14,00
15.07.2021;15.07.2021;FCR;1;NEGPOS_08_12;69,28;71,00;69,28;53,00;87,00;69,28;-58,00;67,00;43,43;100,00;562,00;69,28;32,00;508,00;69,28;-58,00;114,00;69,28;-46,00;15,00;69,28;-9,00;20,00;209,99;-14,00
15.07.2021;15.07.2021;FCR;1;NEGPOS_12_16;67,72;71,00;67,72;46,00;87,00;108,10;-60,00;67,00;60,67;100,00;562,00;67,72;17,00;508,00;67,72;-43,00;114,00;67,72;-46,00;15,00;67,72;0,00;20,00;175,99;-14,00
15.07.2021;15.07.2021;FCR;1;NEGPOS_16_20;80,76;71,00;80,76;53,00;87,00;80,76;-58,00;67,00;49,80;100,00;562,00;80,76;14,00;508,00;80,76;-40,00;114,00;80,76;-46,00;15,00;80,76;-9,00;20,00;204,39;-14,00
15.07.2021;15.07.2021;FCR;1;NEGPOS_20_24;64,00;71,00;64,00;49,00;87,00;64,00;-58,00;67,00;42,90;100,00;562,00;64,00;17,00;508,00;64,00;-34,00;114,00;64,00;-45,00;15,00;64,00;-15,00;20,00;188,39;-14,00
16.07.2021;16.07.2021;FCR;1;NEGPOS_00_04;124,19;71,00;124,19;4,00;87,00;165,73;-60,00;67,00;124,19;100,00;562,00;124,19;56,00;508,00;124,19;-35,00;114,00;124,19;-45,00;15,00;124,19;-9,00;20,00;124,19;-11,00
16.07.2021;16.07.2021;FCR;1;NEGPOS_04_08;101,00;71,00;101,00;37,00;87,00;198,90;-60,00;67,00;93,67;100,00;562,00;101,00;28,00;508,00;101,00;-45,00;114,00;101,00;-45,00;15,00;101,00;-9,00;20,00;101,00;-6,00
16.07.2021;16.07.2021;FCR;1;NEGPOS_08_12;71,87;71,00;71,87;37,00;87,00;71,87;-58,00;67,00;45,76;100,00;562,00;71,87;1,00;508,00;71,87;-12,00;114,00;71,87;-45,00;15,00;71,87;-9,00;20,00;96,78;-14,00
16.07.2021;16.07.2021;FCR;1;NEGPOS_12_16;78,00;71,00;78,00;39,00;87,00;103,39;-60,00;67,00;63,28;100,00;562,00;78,00;-36,00;508,00;78,00;16,00;114,00;78,00;-45,00;15,00;78,00;-9,00;20,00;78,00;-5,00
16.07.2021;16.07.2021;FCR;1;NEGPOS_16_20;67,92;71,00;67,92;35,00;87,00;80,31;-60,00;67,00;46,58;100,00;562,00;67,92;-32,00;508,00;67,92;25,00;114,00;67,92;-45,00;15,00;67,92;-9,00;20,00;81,61;-14,00
16.07.2021;16.07.2021;FCR;1;NEGPOS_20_24;50,74;71,00;50,74;15,00;87,00;50,74;-58,00;67,00;50,74;66,00;562,00;50,74;20,00;508,00;50,74;32,00;114,00;50,74;-45,00;15,00;50,74;-15,00;20,00;82,69;-14,00
17.07.2021;17.07.2021;FCR;1;NEGPOS_00_04;83,20;71,00;83,20;-37,00;87,00;180,09;-60,00;67,00;83,20;74,00;562,00;83,20;91,00;508,00;83,20;-3,00;114,00;83,20;-45,00;15,00;83,20;-9,00;20,00;83,20;-10,00
17.07.2021;17.07.2021;FCR;1;NEGPOS_04_08;96,00;71,00;96,00;-31,00;87,00;171,05;-60,00;67,00;96,00;76,00;562,00;96,00;97,00;508,00;96,00;-18,00;114,00;96,00;-45,00;15,00;96,00;-9,00;20,00;96,00;-10,00
17.07.2021;17.07.2021;FCR;1;NEGPOS_08_12;106,56;71,00;106,56;-28,00;87,00;106,56;-58,00;67,00;106,56;82,00;562,00;106,56;71,00;508,00;106,56;-4,00;114,00;106,56;-45,00;15,00;106,56;-9,00;20,00;106,56;-9,00
17.07.2021;17.07.2021;FCR;1;NEGPOS_12_16;124,47;71,00;124,47;-23,00;87,00;124,47;-58,00;67,00;124,47;82,00;562,00;124,47;52,00;508,00;124,47;10,00;114,00;124,47;-45,00;15,00;124,47;-9,00;20,00;124,47;-9,00
17.07.2021;17.07.2021;FCR;1;NEGPOS_16_20;106,44;71,00;106,44;-25,00;87,00;110,80;-60,00;67,00;106,44;94,00;562,00;106,44;64,00;508,00;106,44;-10,00;114,00;106,44;-45,00;15,00;106,44;-9,00;20,00;106,44;-9,00
17.07.2021;17.07.2021;FCR;1;NEGPOS_20_24;54,38;71,00;54,38;-37,00;87,00;59,18;-60,00;67,00;54,38;78,00;562,00;54,38;73,00;508,00;54,38;24,00;114,00;54,38;-49,00;15,00;54,38;-15,00;20,00;64,97;-14,00
18.07.2021;18.07.2021;FCR;1;NEGPOS_00_04;146,31;71,00;146,31;-34,00;87,00;199,09;-60,00;67,00;146,31;80,00;562,00;146,31;88,00;508,00;146,31;-5,00;114,00;146,31;-50,00;15,00;146,31;-9,00;20,00;146,31;-10,00
18.07.2021;18.07.2021;FCR;1;NEGPOS_04_08;155,23;71,00;155,23;-34,00;87,00;178,02;-60,00;67,00;155,23;79,00;562,00;155,23;55,00;508,00;155,23;29,00;114,00;155,23;-50,00;15,00;155,23;-9,00;20,00;155,23;-10,00
18.07.2021;18.07.2021;FCR;1;NEGPOS_08_12;155,33;71,00;155,33;-26,00;87,00;155,33;-55,00;67,00;155,33;77,00;562,00;155,33;48,00;508,00;155,33;22,00;114,00;155,33;-48,00;15,00;155,33;-9,00;20,00;155,33;-9,00
18.07.2021;18.07.2021;FCR;1;NEGPOS_12_16;188,00;71,00;188,00;-30,00;87,00;188,00;-58,00;67,00;188,00;86,00;562,00;188,00;25,00;508,00;188,00;43,00;114,00;188,00;-48,00;15,00;188,00;-9,00;20,00;188,00;-9,00
18.07.2021;18.07.2021;FCR;1;NEGPOS_16_20;137,31;71,00;137,31;-26,00;87,00;137,31;-55,00;67,00;137,31;88,00;562,00;137,31;43,00;508,00;137,31;16,00;114,00;137,31;-48,00;15,00;137,31;-9,00;20,00;137,31;-9,00
18.07.2021;18.07.2021;FCR;1;NEGPOS_20_24;84,28;71,00;84,28;-22,00;87,00;84,28;-58,00;67,00;84,28;98,00;562,00;84,28;60,00;508,00;84,28;-5,00;114,00;84,28;-50,00;15,00;84,28;-9,00;20,00;84,28;-14,00
19.07.2021;19.07.2021;FCR;1;NEGPOS_00_04;78,57;71,00;78,57;-25,00;87,00;159,47;-60,00;67,00;78,57;88,00;562,00;78,57;24,00;508,00;78,57;46,00;114,00;78,57;-50,00;15,00;78,57;-9,00;20,00;111,81;-14,00
19.07.2021;19.07.2021;FCR;1;NEGPOS_04_08;77,00;71,00;77,00;-21,00;87,00;106,11;-60,00;67,00;77,00;96,00;562,00;77,00;50,00;508,00;77,00;8,00;114,00;77,00;-50,00;15,00;77,00;-9,00;20,00;104,56;-14,00
19.07.2021;19.07.2021;FCR;1;NEGPOS_08_12;84,44;71,00;84,44;21,00;87,00;84,44;-55,00;67,00;58,00;96,00;562,00;84,44;67,00;508,00;84,44;-63,00;114,00;84,44;-48,00;15,00;84,44;-9,00;20,00;84,44;-9,00
19.07.2021;19.07.2021;FCR;1;NEGPOS_12_16;91,48;71,00;91,48;-1,00;87,00;91,48;-55,00;67,00;81,60;97,00;562,00;91,48;50,00;508,00;91,48;-20,00;114,00;91,48;-48,00;15,00;91,48;-9,00;20,00;91,48;-14,00
19.07.2021;19.07.2021;FCR;1;NEGPOS_16_20;90,08;71,00;90,08;21,00;87,00;90,08;-55,00;67,00;65,36;100,00;562,00;90,08;36,00;508,00;90,08;-36,00;114,00;90,08;-48,00;15,00;90,08;-9,00;20,00;90,08;-9,00
19.07.2021;19.07.2021;FCR;1;NEGPOS_20_24;76,11;71,00;76,11;21,00;87,00;76,11;-55,00;67,00;50,60;100,00;562,00;76,11;68,00;508,00;76,11;-61,00;114,00;76,11;-50,00;15,00;76,11;-9,00;20,00;76,11;-14,00
20.07.2021;20.07.2021;FCR;1;NEGPOS_00_04;103,40;71,00;103,40;-6,00;87,00;151,24;-60,00;67,00;81,60;96,00;562,00;103,40;82,00;508,00;103,40;-38,00;114,00;103,40;-55,00;15,00;103,40;-9,00;20,00;103,40;-10,00
20.07.2021;20.07.2021;FCR;1;NEGPOS_04_08;100,00;71,00;100,00;22,00;87,00;100,00;-55,00;67,00;71,02;98,00;562,00;100,00;62,00;508,00;100,00;-53,00;114,00;100,00;-55,00;15,00;100,00;-9,00;20,00;100,00;-10,00
20.07.2021;20.07.2021;FCR;1;NEGPOS_08_12;85,30;71,00;85,30;21,00;87,00;85,30;-55,00;67,00;50,47;100,00;562,00;85,30;51,00;508,00;85,30;-41,00;114,00;85,30;-53,00;15,00;85,30;-9,00;20,00;85,30;-14,00
20.07.2021;20.07.2021;FCR;1;NEGPOS_12_16;83,20;71,00;83,20;-16,00;87,00;83,20;-55,00;67,00;69,22;100,00;562,00;83,20;67,00;508,00;83,20;-20,00;114,00;83,20;-53,00;15,00;83,20;-9,00;20,00;83,20;-14,00
20.07.2021;20.07.2021;FCR;1;NEGPOS_16_20;96,72;71,00;96,72;25,00;87,00;96,72;-55,00;67,00;61,28;98,00;562,00;96,72;11,00;508,00;96,72;-3,00;114,00;96,72;-53,00;15,00;96,72;-9,00;20,00;96,72;-14,00
20.07.2021;20.07.2021;FCR;1;NEGPOS_20_24;79,59;71,00;79,59;21,00;87,00;79,59;-55,00;67,00;58,47;97,00;562,00;79,59;61,00;508,00;79,59;-46,00;114,00;79,59;-55,00;15,00;79,59;-9,00;20,00;79,59;-14,00
21.07.2021;21.07.2021;FCR;1;NEGPOS_00_04;79,69;71,00;79,69;-11,00;87,00;128,15;-60,00;67,00;79,69;95,00;562,00;79,69;49,00;508,00;79,69;1,00;114,00;79,69;-55,00;15,00;79,69;-9,00;20,00;79,69;-10,00
21.07.2021;21.07.2021;FCR;1;NEGPOS_04_08;82,60;71,00;82,60;9,00;87,00;82,60;-58,00;67,00;74,78;100,00;562,00;82,60;36,00;508,00;82,60;-13,00;114,00;82,60;-55,00;15,00;82,60;-9,00;20,00;82,60;-10,00
21.07.2021;21.07.2021;FCR;1;NEGPOS_08_12;85,44;71,00;85,44;31,00;87,00;85,44;-58,00;67,00;51,92;99,00;562,00;85,44;94,00;508,00;85,44;-94,00;114,00;85,44;-53,00;15,00;85,44;-9,00;20,00;85,44;-10,00
21.07.2021;21.07.2021;FCR;1;NEGPOS_12_16;72,54;71,00;72,54;33,00;87,00;79,23;-60,00;67,00;66,99;100,00;562,00;72,54;36,00;508,00;72,54;-38,00;114,00;72,54;-53,00;15,00;72,54;-9,00;20,00;72,54;-9,00
21.07.2021;21.07.2021;FCR;1;NEGPOS_16_20;95,95;71,00;95,95;15,00;87,00;95,95;-58,00;67,00;60,38;100,00;562,00;95,95;42,00;508,00;95,95;-28,00;114,00;95,95;-53,00;15,00;95,95;-9,00;20,00;95,95;-9,00
21.07.2021;21.07.2021;FCR;1;NEGPOS_20_24;70,16;71,00;70,16;-12,00;87,00;70,16;-58,00;67,00;65,90;98,00;562,00;70,16;74,00;508,00;70,16;-29,00;114,00;70,16;-55,00;15,00;70,16;-9,00;20,00;70,16;-9,00
22.07.2021;22.07.2021;FCR;1;NEGPOS_00_04;74,00;71,00;74,00;18,00;87,00;116,37;-60,00;67,00;74,00;98,00;562,00;74,00;45,00;508,00;74,00;-32,00;114,00;74,00;-50,00;15,00;74,00;-9,00;20,00;74,00;-10,00
22.07.2021;22.07.2021;FCR;1;NEGPOS_04_08;76,56;71,00;76,56;2,00;87,00;76,56;-58,00;67,00;76,56;99,00;562,00;76,56;55,00;508,00;76,56;-28,00;114,00;76,56;-50,00;15,00;76,56;-9,00;20,00;76,56;-10,00
22.07.2021;22.07.2021;FCR;1;NEGPOS_08_12;84,00;71,00;84,00;23,00;87,00;84,00;-58,00;67,00;52,86;100,00;562,00;84,00;67,00;508,00;84,00;-64,00;114,00;84,00;-48,00;15,00;84,00;-9,00;20,00;84,00;-10,00
22.07.2021;22.07.2021;FCR;1;NEGPOS_12_16;77,24;71,00;77,24;16,00;87,00;91,75;-60,00;67,00;64,20;100,00;562,00;77,24;46,00;508,00;77,24;-36,00;114,00;77,24;-48,00;15,00;77,24;-9,00;20,00;77,24;-9,00
22.07.2021;22.07.2021;FCR;1;NEGPOS_16_20;76,86;71,00;76,86;23,00;87,00;76,86;-58,00;67,00;59,56;100,00;562,00;76,86;28,00;508,00;76,86;-27,00;114,00;76,86;-48,00;15,00;76,86;-9,00;20,00;76,86;-9,00
22.07.2021;22.07.2021;FCR;1;NEGPOS_20_24;74,32;71,00;74,32;-20,00;87,00;74,32;-58,00;67,00;65,20;100,00;562,00;74,32;45,00;508,00;74,32;1,00;114,00;74,32;-50,00;15,00;74,32;-9,00;20,00;74,32;-9,00
23.07.2021;23.07.2021;FCR;1;NEGPOS_00_04;74,00;71,00;74,00;-37,00;87,00;112,07;-60,00;67,00;72,00;98,00;562,00;74,00;52,00;508,00;74,00;8,00;114,00;74,00;-49,00;15,00;74,00;-2,00;20,00;74,00;-10,00
23.07.2021;23.07.2021;FCR;1;NEGPOS_04_08;65,83;71,00;65,83;-33,00;87,00;65,83;-58,00;67,00;65,83;96,00;562,00;65,83;64,00;508,00;65,83;5,00;114,00;65,83;-49,00;15,00;65,83;-15,00;20,00;65,83;-10,00
23.07.2021;23.07.2021;FCR;1;NEGPOS_08_12;76,78;71,00;76,78;-15,00;87,00;76,78;-58,00;67,00;49,60;97,00;562,00;76,78;77,00;508,00;76,78;-36,00;114,00;76,78;-47,00;15,00;76,78;-9,00;20,00;76,78;-9,00
23.07.2021;23.07.2021;FCR;1;NEGPOS_12_16;92,27;71,00;92,27;-17,00;87,00;111,95;-60,00;67,00;64,20;100,00;562,00;92,27;44,00;508,00;92,27;-16,00;114,00;92,27;-47,00;15,00;92,27;0,00;20,00;92,27;-4,00
23.07.2021;23.07.2021;FCR;1;NEGPOS_16_20;77,16;71,00;77,16;-19,00;87,00;77,16;-58,00;67,00;54,56;100,00;562,00;77,16;50,00;508,00;77,16;-8,00;114,00;77,16;-47,00;15,00;77,16;-9,00;20,00;77,16;-9,00
23.07.2021;23.07.2021;FCR;1;NEGPOS_20_24;75,42;71,00;75,42;-15,00;87,00;75,42;-58,00;67,00;52,00;100,00;562,00;75,42;48,00;508,00;75,42;-8,00;114,00;75,42;-49,00;15,00;75,42;-9,00;20,00;75,42;-9,00
24.07.2021;24.07.2021;FCR;1;NEGPOS_00_04;59,20;71,00;59,20;21,00;87,00;132,79;-60,00;67,00;59,20;63,00;562,00;59,20;112,00;508,00;59,20;-65,00;114,00;59,20;-47,00;15,00;59,20;-10,00;20,00;63,49;-14,00
24.07.2021;24.07.2021;FCR;1;NEGPOS_04_08;60,40;71,00;60,40;17,00;87,00;74,86;-60,00;67,00;60,40;71,00;562,00;60,40;102,00;508,00;60,40;-59,00;114,00;60,40;-47,00;15,00;60,40;-10,00;20,00;65,91;-14,00
24.07.2021;24.07.2021;FCR;1;NEGPOS_08_12;60,64;71,00;60,64;34,00;87,00;67,31;-60,00;67,00;60,64;73,00;562,00;60,64;97,00;508,00;60,64;-67,00;114,00;60,64;-47,00;15,00;60,64;-15,00;20,00;60,64;-12,00
24.07.2021;24.07.2021;FCR;1;NEGPOS_12_16;74,00;71,00;74,00;18,00;87,00;140,94;-60,00;67,00;74,00;76,00;562,00;74,00;61,00;508,00;74,00;-35,00;114,00;74,00;-47,00;15,00;74,00;-4,00;20,00;74,00;-9,00
24.07.2021;24.07.2021;FCR;1;NEGPOS_16_20;61,17;71,00;61,17;46,00;87,00;61,17;-58,00;67,00;61,17;66,00;562,00;61,17;59,00;508,00;61,17;-41,00;114,00;61,17;-47,00;15,00;61,17;-15,00;20,00;61,17;-10,00
24.07.2021;24.07.2021;FCR;1;NEGPOS_20_24;48,40;71,00;48,40;26,00;87,00;48,40;-58,00;67,00;42,72;100,00;562,00;48,40;73,00;508,00;48,40;-65,00;114,00;48,40;-49,00;15,00;48,40;-15,00;20,00;48,40;-12,00
25.07.2021;25.07.2021;FCR;1;NEGPOS_00_04;64,80;71,00;64,80;47,00;87,00;130,46;-60,00;67,00;64,80;51,00;562,00;64,80;87,00;508,00;64,80;-58,00;114,00;64,80;-49,00;15,00;64,80;-8,00;20,00;64,80;-10,00
25.07.2021;25.07.2021;FCR;1;NEGPOS_04_08;65,00;71,00;65,00;43,00;87,00;71,07;-60,00;67,00;65,00;59,00;562,00;65,00;103,00;508,00;65,00;-72,00;114,00;65,00;-49,00;15,00;65,00;-11,00;20,00;65,00;-10,00
25.07.2021;25.07.2021;FCR;1;NEGPOS_08_12;72,00;71,00;72,00;29,00;87,00;72,00;-58,00;67,00;72,00;69,00;562,00;72,00;104,00;508,00;72,00;-79,00;114,00;72,00;-47,00;15,00;72,00;-8,00;20,00;72,00;-9,00
25.07.2021;25.07.2021;FCR;1;NEGPOS_12_16;79,88;71,00;79,88;52,00;87,00;136,55;-60,00;67,00;79,88;44,00;562,00;79,88;79,00;508,00;79,88;-49,00;114,00;79,88;-47,00;15,00;79,88;-10,00;20,00;79,88;-9,00
25.07.2021;25.07.2021;FCR;1;NEGPOS_16_20;65,84;71,00;65,84;43,00;87,00;65,84;-58,00;67,00;65,84;74,00;562,00;65,84;79,00;508,00;65,84;-62,00;114,00;65,84;-47,00;15,00;65,84;-15,00;20,00;65,84;-14,00
25.07.2021;25.07.2021;FCR;1;NEGPOS_20_24;42,16;71,00;42,16;15,00;87,00;49,39;-60,00;67,00;42,16;76,00;562,00;42,16;79,00;508,00;42,16;-30,00;114,00;42,16;-49,00;15,00;42,16;-15,00;20,00;64,56;-14,00
26.07.2021;26.07.2021;FCR;1;NEGPOS_00_04;56,00;71,00;56,00;50,00;87,00;110,12;-60,00;67,00;56,00;75,00;562,00;56,00;77,00;508,00;56,00;-72,00;114,00;56,00;-49,00;15,00;56,00;-10,00;20,00;56,00;-11,00
26.07.2021;26.07.2021;FCR;1;NEGPOS_04_08;63,00;71,00;63,00;54,00;87,00;63,00;-58,00;67,00;63,00;87,00;562,00;63,00;62,00;508,00;63,00;-75,00;114,00;63,00;-49,00;15,00;63,00;-10,00;20,00;63,00;-11,00
26.07.2021;26.07.2021;FCR;1;NEGPOS_08_12;61,00;71,00;61,00;65,00;87,00;61,00;-58,00;67,00;48,00;100,00;562,00;61,00;40,00;508,00;61,00;-73,00;114,00;61,00;-48,00;15,00;61,00;-15,00;20,00;61,00;-11,00
26.07.2021;26.07.2021;FCR;1;NEGPOS_12_16;59,00;71,00;59,00;95,00;87,00;115,34;-60,00;67,00;52,00;100,00;562,00;59,00;20,00;508,00;59,00;-87,00;114,00;59,00;-48,00;15,00;59,00;-10,00;20,00;59,00;-10,00
26.07.2021;26.07.2021;FCR;1;NEGPOS_16_20;66,00;71,00;66,00;61,00;87,00;66,00;-58,00;67,00;57,60;100,00;562,00;66,00;23,00;508,00;66,00;-57,00;114,00;66,00;-48,00;15,00;66,00;-12,00;20,00;66,00;-9,00
26.07.2021;26.07.2021;FCR;1;NEGPOS_20_24;64,82;71,00;64,82;50,00;87,00;64,82;-58,00;67,00;64,82;96,00;562,00;64,82;35,00;508,00;64,82;-50,00;114,00;64,82;-49,00;15,00;64,82;-15,00;20,00;64,82;-9,00
27.07.2021;27.07.2021;FCR;1;NEGPOS_00_04;81,00;71,00;81,00;64,00;87,00;108,17;-60,00;67,00;81,00;98,00;562,00;81,00;54,00;508,00;81,00;-93,00;114,00;81,00;-49,00;15,00;81,00;-4,00;20,00;81,00;-10,00
27.07.2021;27.07.2021;FCR;1;NEGPOS_04_08;68,68;71,00;68,68;43,00;87,00;68,68;-58,00;67,00;68,68;81,00;562,00;68,68;56,00;508,00;68,68;-58,00;114,00;68,68;-50,00;15,00;68,68;-4,00;20,00;68,68;-10,00
27.07.2021;27.07.2021;FCR;1;NEGPOS_08_12;62,21;71,00;62,21;41,00;87,00;62,21;-58,00;67,00;44,00;100,00;562,00;62,21;58,00;508,00;62,21;-67,00;114,00;62,21;-49,00;15,00;62,21;-15,00;20,00;62,21;-10,00
27.07.2021;27.07.2021;FCR;1;NEGPOS_12_16;93,61;71,00;93,61;49,00;87,00;118,74;-60,00;67,00;48,00;98,00;562,00;93,61;52,00;508,00;93,61;-81,00;114,00;93,61;-49,00;15,00;93,61;0,00;20,00;93,61;-9,00
27.07.2021;27.07.2021;FCR;1;NEGPOS_16_20;62,97;71,00;62,97;40,00;87,00;62,97;-58,00;67,00;48,00;100,00;562,00;62,97;38,00;508,00;62,97;-55,00;114,00;62,97;-49,00;15,00;62,97;-6,00;20,00;62,97;-10,00
27.07.2021;27.07.2021;FCR;1;NEGPOS_20_24;58,00;71,00;58,00;36,00;87,00;58,00;-58,00;67,00;50,28;100,00;562,00;58,00;33,00;508,00;58,00;-47,00;114,00;58,00;-48,00;15,00;58,00;-6,00;20,00;58,00;-10,00
28.07.2021;28.07.2021;FCR;1;NEGPOS_00_04;63,76;71,00;63,76;59,00;87,00;95,04;-57,00;67,00;63,76;80,00;562,00;63,76;32,00;508,00;63,76;-37,00;114,00;63,76;-53,00;15,00;63,76;-10,00;20,00;80,54;-14,00
28.07.2021;28.07.2021;FCR;1;NEGPOS_04_08;67,99;71,00;67,99;42,00;87,00;67,99;-58,00;67,00;67,99;81,00;562,00;67,99;47,00;508,00;67,99;-26,00;114,00;67,99;-63,00;15,00;67,99;-4,00;20,00;80,54;-14,00
28.07.2021;28.07.2021;FCR;1;NEGPOS_08_12;55,00;71,00;55,00;29,00;87,00;55,00;-35,00;67,00;48,62;100,00;562,00;55,00;28,00;508,00;55,00;-28,00;114,00;55,00;-65,00;15,00;55,00;-15,00;20,00;67,11;-14,00
28.07.2021;28.07.2021;FCR;1;NEGPOS_12_16;51,00;71,00;51,00;44,00;87,00;133,90;-60,00;67,00;51,00;78,00;562,00;51,00;36,00;508,00;51,00;-15,00;114,00;51,00;-63,00;15,00;51,00;-6,00;20,00;67,11;-14,00
28.07.2021;28.07.2021;FCR;1;NEGPOS_16_20;51,32;71,00;51,32;27,00;87,00;51,32;-58,00;67,00;50,84;100,00;562,00;51,32;16,00;508,00;51,32;7,00;114,00;51,32;-63,00;15,00;51,32;-15,00;20,00;64,52;-14,00
28.07.2021;28.07.2021;FCR;1;NEGPOS_20_24;49,95;71,00;49,95;8,00;87,00;49,95;-35,00;67,00;49,95;85,00;562,00;49,95;36,00;508,00;49,95;-5,00;114,00;49,95;-53,00;15,00;49,95;-15,00;20,00;64,52;-14,00
29.07.2021;29.07.2021;FCR;1;NEGPOS_00_04;66,24;71,00;66,24;55,00;87,00;107,35;-60,00;67,00;66,24;34,00;562,00;66,24;49,00;508,00;66,24;-13,00;114,00;66,24;-48,00;15,00;66,24;-4,00;20,00;66,24;-13,00
29.07.2021;29.07.2021;FCR;1;NEGPOS_04_08;68,00;71,00;68,00;25,00;87,00;100,87;-60,00;67,00;68,00;30,00;562,00;68,00;73,00;508,00;68,00;7,00;114,00;68,00;-48,00;15,00;68,00;-4,00;20,00;68,00;-10,00
29.07.2021;29.07.2021;FCR;1;NEGPOS_08_12;69,24;71,00;69,24;38,00;87,00;74,77;-60,00;67,00;69,24;86,00;562,00;69,24;38,00;508,00;69,24;-36,00;114,00;69,24;-48,00;15,00;69,24;-9,00;20,00;69,24;-9,00
29.07.2021;29.07.2021;FCR;1;NEGPOS_12_16;88,00;71,00;88,00;36,00;87,00;95,20;-60,00;67,00;88,00;45,00;562,00;88,00;30,00;508,00;88,00;6,00;114,00;88,00;-48,00;15,00;88,00;0,00;20,00;88,00;-9,00
29.07.2021;29.07.2021;FCR;1;NEGPOS_16_20;63,04;71,00;63,04;43,00;87,00;69,01;-60,00;67,00;63,04;77,00;562,00;63,04;17,00;508,00;63,04;-1,00;114,00;63,04;-48,00;15,00;63,04;-15,00;20,00;63,04;-13,00
29.07.2021;29.07.2021;FCR;1;NEGPOS_20_24;48,00;71,00;48,00;-2,00;87,00;48,00;-58,00;67,00;48,00;58,00;562,00;48,00;65,00;508,00;48,00;14,00;114,00;48,00;-48,00;15,00;48,00;-15,00;20,00;53,69;-14,00
30.07.2021;30.07.2021;FCR;1;NEGPOS_00_04;55,60;71,00;55,60;45,00;87,00;172,34;-60,00;67,00;55,60;21,00;562,00;55,60;69,00;508,00;55,60;0,00;114,00;55,60;-48,00;15,00;55,60;-15,00;20,00;396,11;-12,00
30.07.2021;30.07.2021;FCR;1;NEGPOS_04_08;63,61;71,00;63,61;56,00;87,00;157,21;-60,00;67,00;63,61;29,00;562,00;63,61;89,00;508,00;63,61;-31,00;114,00;63,61;-49,00;15,00;63,61;-15,00;20,00;403,64;-12,00
30.07.2021;30.07.2021;FCR;1;NEGPOS_08_12;55,60;71,00;55,60;70,00;87,00;128,75;-60,00;67,00;55,60;63,00;562,00;55,60;72,00;508,00;55,60;-67,00;114,00;55,60;-49,00;15,00;55,60;-15,00;20,00;67,11;-14,00
30.07.2021;30.07.2021;FCR;1;NEGPOS_12_16;67,24;71,00;67,24;85,00;87,00;161,17;-60,00;67,00;67,24;47,00;562,00;67,24;73,00;508,00;67,24;-86,00;114,00;67,24;-49,00;15,00;67,24;0,00;20,00;67,24;-10,00
30.07.2021;30.07.2021;FCR;1;NEGPOS_16_20;61,44;71,00;61,44;66,00;87,00;137,32;-60,00;67,00;61,44;71,00;562,00;61,44;50,00;508,00;61,44;-50,00;114,00;61,44;-48,00;15,00;61,44;-15,00;20,00;67,11;-14,00
30.07.2021;30.07.2021;FCR;1;NEGPOS_20_24;41,00;71,00;41,00;8,00;87,00;117,63;-60,00;67,00;41,00;94,00;562,00;41,00;54,00;508,00;41,00;-19,00;114,00;41,00;-48,00;15,00;41,00;-15,00;20,00;67,11;-14,00
31.07.2021;31.07.2021;FCR;1;NEGPOS_00_04;87,80;71,00;87,80;48,00;87,00;136,64;-60,00;67,00;87,80;40,00;562,00;87,80;62,00;508,00;87,80;-26,00;114,00;87,80;-47,00;15,00;87,80;-5,00;20,00;87,80;-12,00
31.07.2021;31.07.2021;FCR;1;NEGPOS_04_08;98,48;71,00;98,48;31,00;87,00;149,60;-60,00;67,00;98,48;50,00;562,00;98,48;42,00;508,00;98,48;3,00;114,00;98,48;-47,00;15,00;98,48;-5,00;20,00;118,26;-14,00
31.07.2021;31.07.2021;FCR;1;NEGPOS_08_12;114,99;71,00;114,99;36,00;87,00;149,97;-60,00;67,00;114,99;49,00;562,00;114,99;14,00;508,00;114,99;27,00;114,00;114,99;-47,00;15,00;114,99;-9,00;20,00;114,99;-8,00
31.07.2021;31.07.2021;FCR;1;NEGPOS_12_16;177,53;71,00;177,53;36,00;87,00;177,53;-58,00;67,00;177,53;50,00;562,00;177,53;63,00;508,00;177,53;-36,00;114,00;177,53;-47,00;15,00;177,53;0,00;20,00;177,53;-8,00
31.07.2021;31.07.2021;FCR;1;NEGPOS_16_20;105,73;71,00;105,73;36,00;87,00;131,53;-60,00;67,00;105,73;46,00;562,00;105,73;64,00;508,00;105,73;-14,00;114,00;105,73;-47,00;15,00;105,73;-9,00;20,00;105,73;-8,00
31.07.2021;31.07.2021;FCR;1;NEGPOS_20_24;48,00;71,00;48,00;44,00;87,00;74,57;-60,00;67,00;48,00;100,00;562,00;48,00;8,00;508,00;48,00;-15,00;114,00;48,00;-48,00;15,00;48,00;-15,00;20,00;103,89;-14,00
01.08.2021;01.08.2021;FCR;1;NEGPOS_00_04;56,00;71,00;56,00;37,00;87,00;113,68;-60,00;67,00;56,00;21,00;562,00;56,00;51,00;508,00;56,00;26,00;114,00;56,00;-48,00;15,00;56,00;-15,00;20,00;335,33;-12,00
01.08.2021;01.08.2021;FCR;1;NEGPOS_04_08;67,72;71,00;67,72;42,00;87,00;130,75;-60,00;67,00;67,72;43,00;562,00;67,72;38,00;508,00;67,72;2,00;114,00;67,72;-48,00;15,00;67,72;-5,00;20,00;339,09;-12,00
01.08.2021;01.08.2021;FCR;1;NEGPOS_08_12;82,00;71,00;82,00;55,00;87,00;152,68;-60,00;67,00;82,00;47,00;562,00;82,00;50,00;508,00;82,00;-26,00;114,00;82,00;-46,00;15,00;82,00;-9,00;20,00;332,10;-11,00
01.08.2021;01.08.2021;FCR;1;NEGPOS_12_16;80,00;71,00;80,00;42,00;87,00;192,54;-60,00;67,00;80,00;47,00;562,00;80,00;5,00;508,00;80,00;25,00;114,00;80,00;-46,00;15,00;80,00;-2,00;20,00;303,60;-11,00
01.08.2021;01.08.2021;FCR;1;NEGPOS_16_20;80,00;71,00;80,00;55,00;87,00;130,84;-60,00;67,00;80,00;27,00;562,00;80,00;20,00;508,00;80,00;24,00;114,00;80,00;-46,00;15,00;80,00;-9,00;20,00;368,14;-11,00
01.08.2021;01.08.2021;FCR;1;NEGPOS_20_24;48,00;71,00;48,00;50,00;87,00;61,99;-60,00;67,00;40,44;100,00;562,00;48,00;2,00;508,00;48,00;-15,00;114,00;48,00;-48,00;15,00;48,00;-15,00;20,00;537,76;-14,00
02.08.2021;02.08.2021;FCR;1;NEGPOS_00_04;66,00;71,00;66,00;31,00;87,00;96,15;-60,00;67,00;66,00;54,00;562,00;66,00;112,00;508,00;66,00;-67,00;114,00;66,00;-48,00;15,00;66,00;-8,00;20,00;73,83;-14,00
02.08.2021;02.08.2021;FCR;1;NEGPOS_04_08;73,83;71,00;73,83;31,00;87,00;96,46;-60,00;67,00;73,83;71,00;562,00;73,83;86,00;508,00;73,83;-60,00;114,00;73,83;-48,00;15,00;73,83;-9,00;20,00;73,83;-11,00
02.08.2021;02.08.2021;FCR;1;NEGPOS_08_12;79,54;71,00;79,54;73,00;87,00;105,61;-60,00;67,00;44,60;99,00;562,00;79,54;79,00;508,00;79,54;-125,00;114,00;79,54;-47,00;15,00;79,54;-9,00;20,00;79,54;-10,00
02.08.2021;02.08.2021;FCR;1;NEGPOS_12_16;107,00;71,00;107,00;45,00;87,00;171,87;-60,00;67,00;61,46;100,00;562,00;107,00;76,00;508,00;107,00;-103,00;114,00;107,00;-47,00;15,00;107,00;-2,00;20,00;107,00;-9,00
02.08.2021;02.08.2021;FCR;1;NEGPOS_16_20;79,68;71,00;79,68;65,00;87,00;94,92;-60,00;67,00;48,00;97,00;562,00;79,68;52,00;508,00;79,68;-82,00;114,00;79,68;-47,00;15,00;79,68;-9,00;20,00;79,68;-9,00
02.08.2021;02.08.2021;FCR;1;NEGPOS_20_24;56,00;71,00;56,00;10,00;87,00;56,00;-58,00;67,00;37,00;100,00;562,00;56,00;72,00;508,00;56,00;-47,00;114,00;56,00;-48,00;15,00;56,00;-15,00;20,00;64,52;-14,00
03.08.2021;03.08.2021;FCR;1;NEGPOS_00_04;67,50;71,00;67,50;13,00;87,00;79,56;-60,00;67,00;67,50;87,00;562,00;67,50;91,00;508,00;67,50;-67,00;114,00;67,50;-48,00;15,00;67,50;-9,00;20,00;67,50;-7,00
03.08.2021;03.08.2021;FCR;1;NEGPOS_04_08;72,92;71,00;72,92;-16,00;87,00;75,45;-60,00;67,00;65,01;98,00;562,00;72,92;106,00;508,00;72,92;-64,00;114,00;72,92;-48,00;15,00;72,92;-9,00;20,00;72,92;-7,00
03.08.2021;03.08.2021;FCR;1;NEGPOS_08_12;63,25;71,00;63,25;-26,00;87,00;110,09;-60,00;67,00;41,00;98,00;562,00;63,25;131,00;508,00;63,25;-72,00;114,00;63,25;-46,00;15,00;63,25;-15,00;20,00;63,25;-10,00
03.08.2021;03.08.2021;FCR;1;NEGPOS_12_16;49,00;71,00;49,00;5,00;87,00;168,72;-60,00;67,00;49,00;100,00;562,00;49,00;132,00;508,00;49,00;-102,00;114,00;49,00;-46,00;15,00;49,00;-15,00;20,00;60,40;-14,00
03.08.2021;03.08.2021;FCR;1;NEGPOS_16_20;78,28;71,00;78,28;-17,00;87,00;92,20;-60,00;67,00;45,00;100,00;562,00;78,28;79,00;508,00;78,28;-41,00;114,00;78,28;-46,00;15,00;78,28;-9,00;20,00;78,28;-6,00
03.08.2021;03.08.2021;FCR;1;NEGPOS_20_24;60,56;71,00;60,56;-22,00;87,00;60,56;-58,00;67,00;41,00;100,00;562,00;60,56;66,00;508,00;60,56;-13,00;114,00;60,56;-48,00;15,00;60,56;-15,00;20,00;60,56;-10,00
04.08.2021;04.08.2021;FCR;1;NEGPOS_00_04;62,07;71,00;62,07;52,00;87,00;70,75;-60,00;67,00;62,07;76,00;562,00;62,07;74,00;508,00;62,07;-68,00;114,00;62,07;-48,00;15,00;62,07;-15,00;20,00;62,07;-11,00
04.08.2021;04.08.2021;FCR;1;NEGPOS_04_08;68,40;71,00;68,40;3,00;87,00;68,40;-58,00;67,00;62,82;100,00;562,00;68,40;96,00;508,00;68,40;-74,00;114,00;68,40;-48,00;15,00;68,40;-9,00;20,00;68,40;-10,00
04.08.2021;04.08.2021;FCR;1;NEGPOS_08_12;57,08;71,00;57,08;20,00;87,00;57,08;-58,00;67,00;42,03;100,00;562,00;57,08;46,00;508,00;57,08;-37,00;114,00;57,08;-46,00;15,00;57,08;-15,00;20,00;57,08;-10,00
04.08.2021;04.08.2021;FCR;1;NEGPOS_12_16;53,96;71,00;53,96;4,00;87,00;60,93;-60,00;67,00;46,00;90,00;562,00;53,96;105,00;508,00;53,96;-68,00;114,00;53,96;-46,00;15,00;53,96;-15,00;20,00;53,96;-10,00
04.08.2021;04.08.2021;FCR;1;NEGPOS_16_20;56,12;71,00;56,12;18,00;87,00;56,12;-58,00;67,00;48,90;98,00;562,00;56,12;57,00;508,00;56,12;-44,00;114,00;56,12;-46,00;15,00;56,12;-15,00;20,00;56,12;-10,00
04.08.2021;04.08.2021;FCR;1;NEGPOS_20_24;56,04;71,00;56,04;22,00;87,00;56,04;-58,00;67,00;44,26;99,00;562,00;56,04;52,00;508,00;56,04;-42,00;114,00;56,04;-48,00;15,00;56,04;-15,00;20,00;56,04;-10,00
05.08.2021;05.08.2021;FCR;1;NEGPOS_00_04;69,32;71,00;69,32;-24,00;87,00;140,00;-57,00;67,00;69,32;78,00;562,00;69,32;114,00;508,00;69,32;-45,00;114,00;69,32;-48,00;15,00;69,32;-9,00;20,00;69,32;-9,00
05.08.2021;05.08.2021;FCR;1;NEGPOS_04_08;67,00;71,00;67,00;-30,00;87,00;129,57;-60,00;67,00;67,00;74,00;562,00;67,00;122,00;508,00;67,00;-39,00;114,00;67,00;-48,00;15,00;67,00;-9,00;20,00;67,00;-10,00
05.08.2021;05.08.2021;FCR;1;NEGPOS_08_12;51,30;71,00;51,30;-17,00;87,00;51,30;-58,00;67,00;42,71;100,00;562,00;51,30;81,00;508,00;51,30;-34,00;114,00;51,30;-46,00;15,00;51,30;-15,00;20,00;51,30;-11,00
05.08.2021;05.08.2021;FCR;1;NEGPOS_12_16;52,00;71,00;52,00;-36,00;87,00;134,39;-60,00;67,00;44,69;100,00;562,00;52,00;120,00;508,00;52,00;-52,00;114,00;52,00;-46,00;15,00;52,00;-15,00;20,00;52,00;-11,00
05.08.2021;05.08.2021;FCR;1;NEGPOS_16_20;60,61;71,00;60,61;-12,00;87,00;68,74;-60,00;67,00;48,08;100,00;562,00;60,61;78,00;508,00;60,61;-35,00;114,00;60,61;-46,00;15,00;60,61;-15,00;20,00;60,61;-10,00
05.08.2021;05.08.2021;FCR;1;NEGPOS_20_24;43,71;71,00;43,71;-21,00;87,00;43,71;-58,00;67,00;43,71;77,00;562,00;43,71;61,00;508,00;43,71;14,00;114,00;43,71;-48,00;15,00;43,71;-15,00;20,00;43,71;-10,00
06.08.2021;06.08.2021;FCR;1;NEGPOS_00_04;54,12;71,00;54,12;1,00;87,00;129,22;-60,00;67,00;54,12;50,00;562,00;54,12;121,00;508,00;54,12;-40,00;114,00;54,12;-46,00;15,00;54,12;-15,00;20,00;54,12;-11,00
06.08.2021;06.08.2021;FCR;1;NEGPOS_04_08;62,00;71,00;62,00;-12,00;87,00;108,62;-60,00;67,00;62,00;52,00;562,00;62,00;106,00;508,00;62,00;-14,00;114,00;62,00;-46,00;15,00;62,00;-15,00;20,00;62,00;-11,00
06.08.2021;06.08.2021;FCR;1;NEGPOS_08_12;66,00;71,00;66,00;-29,00;87,00;69,32;-60,00;67,00;66,00;92,00;562,00;66,00;145,00;508,00;66,00;-80,00;114,00;66,00;-48,00;15,00;66,00;-11,00;20,00;66,00;-9,00
06.08.2021;06.08.2021;FCR;1;NEGPOS_12_16;110,65;71,00;110,65;-25,00;87,00;122,62;-60,00;67,00;110,65;95,00;562,00;110,65;147,00;508,00;110,65;-91,00;114,00;110,65;-46,00;15,00;110,65;-9,00;20,00;110,65;-9,00
06.08.2021;06.08.2021;FCR;1;NEGPOS_16_20;54,00;71,00;54,00;-29,00;87,00;94,02;-60,00;67,00;54,00;77,00;562,00;54,00;87,00;508,00;54,00;-4,00;114,00;54,00;-46,00;15,00;54,00;-15,00;20,00;54,00;-10,00
06.08.2021;06.08.2021;FCR;1;NEGPOS_20_24;44,12;71,00;44,12;-37,00;87,00;44,12;-58,00;67,00;44,12;71,00;562,00;44,12;92,00;508,00;44,12;3,00;114,00;44,12;-46,00;15,00;44,12;-15,00;20,00;44,12;-10,00
07.08.2021;07.08.2021;FCR;1;NEGPOS_00_04;53,62;71,00;53,62;4,00;87,00;135,16;-60,00;67,00;53,62;43,00;562,00;53,62;98,00;508,00;53,62;-20,00;114,00;53,62;-47,00;15,00;53,62;-6,00;20,00;53,62;-12,00
07.08.2021;07.08.2021;FCR;1;NEGPOS_04_08;59,00;71,00;59,00;-16,00;87,00;154,90;-60,00;67,00;59,00;52,00;562,00;59,00;87,00;508,00;59,00;11,00;114,00;59,00;-47,00;15,00;59,00;-15,00;20,00;59,00;-12,00
07.08.2021;07.08.2021;FCR;1;NEGPOS_08_12;64,00;71,00;64,00;-16,00;87,00;155,32;-60,00;67,00;64,00;51,00;562,00;64,00;77,00;508,00;64,00;21,00;114,00;64,00;-47,00;15,00;64,00;-15,00;20,00;64,00;-11,00
07.08.2021;07.08.2021;FCR;1;NEGPOS_12_16;71,00;71,00;71,00;-4,00;87,00;185,49;-60,00;67,00;71,00;50,00;562,00;71,00;64,00;508,00;71,00;16,00;114,00;71,00;-47,00;15,00;71,00;-9,00;20,00;71,00;-10,00
07.08.2021;07.08.2021;FCR;1;NEGPOS_16_20;58,00;71,00;58,00;16,00;87,00;172,68;-60,00;67,00;58,00;52,00;562,00;58,00;69,00;508,00;58,00;-4,00;114,00;58,00;-47,00;15,00;58,00;-15,00;20,00;58,00;-11,00
07.08.2021;07.08.2021;FCR;1;NEGPOS_20_24;39,64;71,00;39,64;-10,00;87,00;154,62;-60,00;67,00;39,64;32,00;562,00;39,64;44,00;508,00;39,64;70,00;114,00;39,64;-47,00;15,00;39,64;-15,00;20,00;41,17;-14,00
08.08.2021;08.08.2021;FCR;1;NEGPOS_00_04;55,00;71,00;55,00;21,00;87,00;131,62;-60,00;67,00;55,00;38,00;562,00;55,00;40,00;508,00;55,00;33,00;114,00;55,00;-45,00;15,00;55,00;-15,00;20,00;55,00;-12,00
08.08.2021;08.08.2021;FCR;1;NEGPOS_04_08;71,89;71,00;71,89;5,00;87,00;134,78;-60,00;67,00;71,89;35,00;562,00;71,89;34,00;508,00;71,89;51,00;114,00;71,89;-45,00;15,00;71,89;-9,00;20,00;71,89;-11,00
08.08.2021;08.08.2021;FCR;1;NEGPOS_08_12;83,00;71,00;83,00;-25,00;87,00;159,86;-60,00;67,00;83,00;31,00;562,00;83,00;37,00;508,00;83,00;93,00;114,00;83,00;-45,00;15,00;83,00;-9,00;20,00;83,00;-10,00
08.08.2021;08.08.2021;FCR;1;NEGPOS_12_16;228,24;71,00;228,24;-22,00;87,00;228,24;-58,00;67,00;228,24;27,00;562,00;228,24;41,00;508,00;228,24;68,00;114,00;228,24;-45,00;15,00;228,24;0,00;20,00;228,24;-11,00
08.08.2021;08.08.2021;FCR;1;NEGPOS_16_20;155,18;71,00;155,18;-7,00;87,00;155,18;-58,00;67,00;155,18;29,00;562,00;155,18;93,00;508,00;155,18;8,00;114,00;155,18;-45,00;15,00;155,18;-9,00;20,00;155,18;-11,00
08.08.2021;08.08.2021;FCR;1;NEGPOS_20_24;86,00;71,00;86,00;16,00;87,00;86,00;-58,00;67,00;86,00;48,00;562,00;86,00;86,00;508,00;86,00;-11,00;114,00;86,00;-45,00;15,00;86,00;-9,00;20,00;86,00;-11,00
09.08.2021;09.08.2021;FCR;1;NEGPOS_00_04;66,00;71,00;66,00;-22,00;87,00;117,81;-60,00;67,00;66,00;57,00;562,00;66,00;114,00;508,00;66,00;-33,00;114,00;66,00;-45,00;15,00;66,00;0,00;20,00;66,00;-11,00
09.08.2021;09.08.2021;FCR;1;NEGPOS_04_08;69,32;71,00;69,32;-9,00;87,00;106,25;-60,00;67,00;69,32;56,00;562,00;69,32;138,00;508,00;69,32;-49,00;114,00;69,32;-45,00;15,00;69,32;-9,00;20,00;69,32;-12,00
09.08.2021;09.08.2021;FCR;1;NEGPOS_08_12;76,00;71,00;76,00;29,00;87,00;76,00;-58,00;67,00;76,00;99,00;562,00;76,00;101,00;508,00;76,00;-106,00;114,00;76,00;-45,00;15,00;76,00;-9,00;20,00;76,00;-11,00
09.08.2021;09.08.2021;FCR;1;NEGPOS_12_16;67,00;71,00;67,00;24,00;87,00;80,81;-60,00;67,00;67,00;81,00;562,00;67,00;72,00;508,00;67,00;-61,00;114,00;67,00;-45,00;15,00;67,00;0,00;20,00;67,00;-11,00
09.08.2021;09.08.2021;FCR;1;NEGPOS_16_20;73,79;71,00;73,79;-6,00;87,00;73,79;-58,00;67,00;73,79;95,00;562,00;73,79;60,00;508,00;73,79;-25,00;114,00;73,79;-45,00;15,00;73,79;-9,00;20,00;73,79;-10,00
09.08.2021;09.08.2021;FCR;1;NEGPOS_20_24;50,53;71,00;50,53;-31,00;87,00;50,53;-58,00;67,00;50,53;70,00;562,00;50,53;114,00;508,00;50,53;-25,00;114,00;50,53;-45,00;15,00;50,53;-15,00;20,00;50,53;-10,00
10.08.2021;10.08.2021;FCR;1;NEGPOS_00_04;75,92;71,00;75,92;10,00;87,00;94,69;-60,00;67,00;70,44;96,00;562,00;75,92;128,00;508,00;75,92;-115,00;114,00;75,92;-45,00;15,00;75,92;-3,00;20,00;75,92;-11,00
10.08.2021;10.08.2021;FCR;1;NEGPOS_04_08;82,40;71,00;82,40;-21,00;87,00;82,40;-58,00;67,00;65,20;100,00;562,00;82,40;147,00;508,00;82,40;-109,00;114,00;82,40;-45,00;15,00;82,40;-3,00;20,00;82,40;-11,00
10.08.2021;10.08.2021;FCR;1;NEGPOS_08_12;56,28;71,00;63,88;-17,00;87,00;63,88;-58,00;67,00;47,22;100,00;562,00;56,28;168,00;508,00;63,88;-123,00;114,00;63,88;-45,00;15,00;63,88;-15,00;20,00;63,88;-10,00
10.08.2021;10.08.2021;FCR;1;NEGPOS_12_16;60,80;71,00;60,80;-2,00;87,00;60,80;-58,00;67,00;52,03;98,00;562,00;60,80;160,00;508,00;60,80;-128,00;114,00;60,80;-45,00;15,00;60,80;-15,00;20,00;60,80;-10,00
10.08.2021;10.08.2021;FCR;1;NEGPOS_16_20;69,48;71,00;69,48;-17,00;87,00;69,48;-58,00;67,00;48,60;100,00;562,00;69,48;125,00;508,00;69,48;-86,00;114,00;69,48;-45,00;15,00;69,48;-9,00;20,00;69,48;-10,00
10.08.2021;10.08.2021;FCR;1;NEGPOS_20_24;48,00;71,00;48,00;-38,00;87,00;48,00;-58,00;67,00;43,38;98,00;562,00;48,00;114,00;508,00;48,00;-44,00;114,00;48,00;-47,00;15,00;48,00;-15,00;20,00;48,00;-10,00
11.08.2021;11.08.2021;FCR;1;NEGPOS_00_04;63,71;71,00;63,71;28,00;87,00;80,00;-57,00;67,00;63,71;66,00;562,00;63,71;74,00;508,00;63,71;-40,00;114,00;63,71;-46,00;15,00;63,71;-15,00;20,00;63,71;-9,00
11.08.2021;11.08.2021;FCR;1;NEGPOS_04_08;56,98;71,00;56,98;5,00;87,00;128,85;-60,00;67,00;56,98;90,00;562,00;56,98;95,00;508,00;56,98;-57,00;114,00;56,98;-46,00;15,00;56,98;-15,00;20,00;56,98;-9,00
11.08.2021;11.08.2021;FCR;1;NEGPOS_08_12;62,63;71,00;62,63;35,00;87,00;64,87;-60,00;67,00;50,09;100,00;562,00;62,63;92,00;508,00;62,63;-101,00;114,00;62,63;-44,00;15,00;62,63;-15,00;20,00;62,63;-7,00
11.08.2021;11.08.2021;FCR;1;NEGPOS_12_16;45,92;71,00;45,92;10,00;87,00;80,00;-57,00;67,00;45,92;96,00;562,00;45,92;107,00;508,00;45,92;-87,00;114,00;45,92;-44,00;15,00;45,92;-15,00;20,00;45,92;-7,00
11.08.2021;11.08.2021;FCR;1;NEGPOS_16_20;57,98;71,00;57,98;27,00;87,00;57,98;-58,00;67,00;54,10;96,00;562,00;57,98;74,00;508,00;57,98;-71,00;114,00;57,98;-46,00;15,00;57,98;-15,00;20,00;57,98;-7,00
11.08.2021;11.08.2021;FCR;1;NEGPOS_20_24;53,17;71,00;53,17;-8,00;87,00;53,17;-58,00;67,00;46,20;100,00;562,00;53,17;61,00;508,00;53,17;-29,00;114,00;53,17;-46,00;15,00;53,17;-15,00;20,00;53,17;-5,00
12.08.2021;12.08.2021;FCR;1;NEGPOS_00_04;55,44;71,00;55,44;31,00;87,00;94,50;-57,00;67,00;55,44;39,00;562,00;55,44;126,00;508,00;55,44;-62,00;114,00;55,44;-56,00;15,00;55,44;-10,00;20,00;55,44;-11,00
12.08.2021;12.08.2021;FCR;1;NEGPOS_04_08;55,60;71,00;55,60;21,00;87,00;115,58;-60,00;67,00;55,60;89,00;562,00;55,60;97,00;508,00;55,60;-70,00;114,00;55,60;-56,00;15,00;55,60;-10,00;20,00;55,60;-11,00
12.08.2021;12.08.2021;FCR;1;NEGPOS_08_12;67,07;71,00;67,07;53,00;87,00;67,07;-58,00;67,00;48,00;100,00;562,00;67,07;98,00;508,00;67,07;-120,00;114,00;67,07;-54,00;15,00;67,07;-9,00;20,00;67,07;-10,00
12.08.2021;12.08.2021;FCR;1;NEGPOS_12_16;55,60;71,00;55,60;27,00;87,00;85,00;-57,00;67,00;54,30;99,00;562,00;55,60;102,00;508,00;55,60;-96,00;114,00;55,60;-54,00;15,00;55,60;-11,00;20,00;55,60;-10,00
12.08.2021;12.08.2021;FCR;1;NEGPOS_16_20;51,60;71,00;51,60;29,00;87,00;55,38;-60,00;67,00;51,60;88,00;562,00;51,60;80,00;508,00;51,60;-55,00;114,00;51,60;-56,00;15,00;51,60;-15,00;20,00;51,60;-10,00
12.08.2021;12.08.2021;FCR;1;NEGPOS_20_24;43,00;71,00;43,00;15,00;87,00;43,00;-58,00;67,00;43,00;61,00;562,00;43,00;55,00;508,00;43,00;8,00;114,00;43,00;-56,00;15,00;43,00;-15,00;20,00;43,00;-10,00
13.08.2021;13.08.2021;FCR;1;NEGPOS_00_04;48,00;71,00;48,00;35,00;87,00;72,00;-60,00;67,00;48,00;26,00;562,00;46,99;168,00;508,00;48,00;-98,00;114,00;48,00;-50,00;15,00;48,00;-10,00;20,00;48,00;-11,00
13.08.2021;13.08.2021;FCR;1;NEGPOS_04_08;55,60;71,00;55,60;35,00;87,00;111,68;-60,00;67,00;55,60;53,00;562,00;55,60;131,00;508,00;55,60;-88,00;114,00;55,60;-50,00;15,00;55,60;-10,00;20,00;55,60;-11,00
13.08.2021;13.08.2021;FCR;1;NEGPOS_08_12;52,48;71,00;52,48;44,00;87,00;66,79;-60,00;67,00;46,37;100,00;562,00;52,48;127,00;508,00;52,48;-138,00;114,00;52,48;-48,00;15,00;52,48;-15,00;20,00;52,48;-10,00
13.08.2021;13.08.2021;FCR;1;NEGPOS_12_16;60,05;71,00;60,05;76,00;87,00;72,00;-60,00;67,00;60,05;66,00;562,00;60,05;137,00;508,00;60,05;-145,00;114,00;60,05;-48,00;15,00;60,05;-15,00;20,00;60,05;-10,00
13.08.2021;13.08.2021;FCR;1;NEGPOS_16_20;62,25;71,00;62,25;56,00;87,00;102,91;-60,00;67,00;62,25;76,00;562,00;62,25;109,00;508,00;62,25;-108,00;114,00;62,25;-48,00;15,00;62,25;-15,00;20,00;62,25;-10,00
13.08.2021;13.08.2021;FCR;1;NEGPOS_20_24;37,30;71,00;37,30;32,00;87,00;37,30;-58,00;67,00;37,30;45,00;562,00;37,30;81,00;508,00;37,30;-27,00;114,00;37,30;-48,00;15,00;37,30;-15,00;20,00;37,30;-10,00
14.08.2021;14.08.2021;FCR;1;NEGPOS_00_04;54,50;71,00;54,50;34,00;87,00;112,64;-60,00;67,00;54,50;32,00;562,00;54,50;86,00;508,00;54,50;-17,00;114,00;54,50;-48,00;15,00;54,50;-15,00;20,00;54,50;-12,00
14.08.2021;14.08.2021;FCR;1;NEGPOS_04_08;57,00;71,00;57,00;65,00;87,00;140,67;-60,00;67,00;57,00;27,00;562,00;57,00;63,00;508,00;57,00;-18,00;114,00;57,00;-50,00;15,00;57,00;-15,00;20,00;57,00;-12,00
14.08.2021;14.08.2021;FCR;1;NEGPOS_08_12;94,72;71,00;94,72;75,00;87,00;106,49;-60,00;67,00;94,72;64,00;562,00;94,72;22,00;508,00;94,72;-33,00;114,00;94,72;-48,00;15,00;94,72;-9,00;20,00;94,72;-11,00
14.08.2021;14.08.2021;FCR;1;NEGPOS_12_16;123,00;71,00;123,00;41,00;87,00;150,50;-60,00;67,00;123,00;59,00;562,00;123,00;47,00;508,00;123,00;-24,00;114,00;123,00;-48,00;15,00;123,00;-4,00;20,00;123,00;-11,00
14.08.2021;14.08.2021;FCR;1;NEGPOS_16_20;87,00;71,00;87,00;58,00;87,00;140,81;-60,00;67,00;87,00;36,00;562,00;87,00;52,00;508,00;87,00;-16,00;114,00;87,00;-50,00;15,00;87,00;-9,00;20,00;87,00;-11,00
14.08.2021;14.08.2021;FCR;1;NEGPOS_20_24;51,00;71,00;51,00;36,00;87,00;74,19;-60,00;67,00;51,00;46,00;562,00;51,00;22,00;508,00;51,00;32,00;114,00;51,00;-50,00;15,00;51,00;-15,00;20,00;51,00;-11,00
15.08.2021;15.08.2021;FCR;1;NEGPOS_00_04;54,00;71,00;54,00;42,00;87,00;147,54;-60,00;67,00;54,00;45,00;562,00;54,00;88,00;508,00;54,00;-38,00;114,00;54,00;-50,00;15,00;54,00;-15,00;20,00;54,00;-12,00
15.08.2021;15.08.2021;FCR;1;NEGPOS_04_08;61,16;71,00;61,16;37,00;87,00;163,31;-60,00;67,00;61,16;43,00;562,00;61,16;90,00;508,00;61,16;-33,00;114,00;61,16;-50,00;15,00;61,16;-15,00;20,00;61,16;-12,00
15.08.2021;15.08.2021;FCR;1;NEGPOS_08_12;64,77;71,00;64,77;29,00;87,00;133,65;-60,00;67,00;64,77;41,00;562,00;64,77;94,00;508,00;64,77;-36,00;114,00;64,77;-48,00;15,00;64,77;-9,00;20,00;64,77;-11,00
15.08.2021;15.08.2021;FCR;1;NEGPOS_12_16;130,20;71,00;130,20;35,00;87,00;173,73;-60,00;67,00;130,20;57,00;562,00;130,20;11,00;508,00;130,20;20,00;114,00;130,20;-48,00;15,00;130,20;-3,00;20,00;224,01;-12,00
15.08.2021;15.08.2021;FCR;1;NEGPOS_16_20;82,00;71,00;82,00;43,00;87,00;156,01;-60,00;67,00;82,00;25,00;562,00;82,00;99,00;508,00;82,00;-38,00;114,00;82,00;-48,00;15,00;82,00;-9,00;20,00;364,93;-12,00
15.08.2021;15.08.2021;FCR;1;NEGPOS_20_24;50,00;71,00;50,00;49,00;87,00;97,97;-60,00;67,00;50,00;19,00;562,00;50,00;90,00;508,00;50,00;-24,00;114,00;50,00;-48,00;15,00;50,00;-15,00;20,00;50,00;-11,00
16.08.2021;16.08.2021;FCR;1;NEGPOS_00_04;55,54;71,00;55,54;44,00;87,00;158,32;-60,00;67,00;55,54;37,00;562,00;55,54;100,00;508,00;55,54;-51,00;114,00;55,54;-48,00;15,00;55,54;-10,00;20,00;55,54;-12,00
16.08.2021;16.08.2021;FCR;1;NEGPOS_04_08;56,00;71,00;56,00;36,00;87,00;155,13;-60,00;67,00;56,00;28,00;562,00;56,00;99,00;508,00;56,00;-33,00;114,00;56,00;-48,00;15,00;56,00;-10,00;20,00;56,00;-12,00
16.08.2021;16.08.2021;FCR;1;NEGPOS_08_12;70,00;71,00;70,00;60,00;87,00;99,13;-60,00;67,00;70,00;49,00;562,00;70,00;91,00;508,00;70,00;-78,00;114,00;70,00;-48,00;15,00;70,00;-3,00;20,00;70,00;-11,00
16.08.2021;16.08.2021;FCR;1;NEGPOS_12_16;98,92;71,00;98,92;56,00;87,00;140,90;-60,00;67,00;98,92;77,00;562,00;98,92;64,00;508,00;98,92;-76,00;114,00;98,92;-48,00;15,00;98,92;-3,00;20,00;98,92;-10,00
16.08.2021;16.08.2021;FCR;1;NEGPOS_16_20;87,00;71,00;87,00;61,00;87,00;111,05;-60,00;67,00;87,00;56,00;562,00;87,00;105,00;508,00;87,00;-95,00;114,00;87,00;-48,00;15,00;87,00;-9,00;20,00;87,00;-10,00
16.08.2021;16.08.2021;FCR;1;NEGPOS_20_24;54,00;71,00;54,00;38,00;87,00;63,30;-60,00;67,00;54,00;68,00;562,00;54,00;59,00;508,00;54,00;-32,00;114,00;54,00;-48,00;15,00;54,00;-15,00;20,00;54,00;-10,00
17.08.2021;17.08.2021;FCR;1;NEGPOS_00_04;76,20;71,00;76,20;39,00;87,00;128,90;-60,00;67,00;76,20;45,00;562,00;76,20;72,00;508,00;76,20;-32,00;114,00;76,20;-48,00;15,00;76,20;-6,00;20,00;76,20;-10,00
17.08.2021;17.08.2021;FCR;1;NEGPOS_04_08;68,00;71,00;68,00;33,00;87,00;124,23;-60,00;67,00;68,00;26,00;562,00;68,00;93,00;508,00;68,00;-27,00;114,00;68,00;-48,00;15,00;68,00;-6,00;20,00;68,00;-11,00
17.08.2021;17.08.2021;FCR;1;NEGPOS_08_12;88,72;71,00;88,72;51,00;87,00;88,72;-58,00;67,00;88,72;63,00;562,00;88,72;47,00;508,00;88,72;-33,00;114,00;88,72;-48,00;15,00;88,72;-9,00;20,00;88,72;-11,00
17.08.2021;17.08.2021;FCR;1;NEGPOS_12_16;99,82;71,00;99,82;49,00;87,00;105,37;-60,00;67,00;99,82;59,00;562,00;99,82;44,00;508,00;99,82;-29,00;114,00;99,82;-48,00;15,00;99,82;-4,00;20,00;99,82;-11,00
17.08.2021;17.08.2021;FCR;1;NEGPOS_16_20;55,44;71,00;55,44;15,00;87,00;70,02;-60,00;67,00;55,44;24,00;562,00;55,44;81,00;508,00;55,44;13,00;114,00;55,44;-48,00;15,00;55,44;-15,00;20,00;55,44;-10,00
17.08.2021;17.08.2021;FCR;1;NEGPOS_20_24;46,00;71,00;46,00;34,00;87,00;46,00;-58,00;67,00;46,00;26,00;562,00;46,00;45,00;508,00;46,00;28,00;114,00;46,00;-50,00;15,00;46,00;-15,00;20,00;46,00;-10,00
18.08.2021;18.08.2021;FCR;1;NEGPOS_00_04;72,40;71,00;72,40;-20,00;87,00;121,34;-60,00;67,00;72,40;56,00;562,00;72,40;135,00;508,00;72,40;-41,00;114,00;72,40;-50,00;15,00;72,40;-9,00;20,00;72,40;-11,00
18.08.2021;18.08.2021;FCR;1;NEGPOS_04_08;77,36;71,00;77,36;-18,00;87,00;106,74;-60,00;67,00;77,36;24,00;562,00;77,36;168,00;508,00;77,36;-44,00;114,00;77,36;-50,00;15,00;77,36;-9,00;20,00;77,36;-11,00
18.08.2021;18.08.2021;FCR;1;NEGPOS_08_12;57,92;71,00;57,92;-26,00;87,00;58,08;-60,00;67,00;57,92;54,00;562,00;57,92;118,00;508,00;57,92;-13,00;114,00;57,92;-48,00;15,00;57,92;-15,00;20,00;57,92;-10,00
18.08.2021;18.08.2021;FCR;1;NEGPOS_12_16;57,76;71,00;57,76;-23,00;87,00;130,90;-60,00;67,00;57,76;44,00;562,00;57,76;128,00;508,00;57,76;-16,00;114,00;57,76;-48,00;15,00;57,76;-15,00;20,00;57,76;-10,00
18.08.2021;18.08.2021;FCR;1;NEGPOS_16_20;56,64;71,00;56,64;-6,00;87,00;99,05;-60,00;67,00;56,64;86,00;562,00;56,64;92,00;508,00;56,64;-39,00;114,00;56,64;-48,00;15,00;56,64;-15,00;20,00;56,64;-10,00
18.08.2021;18.08.2021;FCR;1;NEGPOS_20_24;44,24;71,00;44,24;-40,00;87,00;44,24;-58,00;67,00;44,24;63,00;562,00;44,24;99,00;508,00;44,24;11,00;114,00;44,24;-50,00;15,00;44,24;-15,00;20,00;44,24;-10,00
19.08.2021;19.08.2021;FCR;1;NEGPOS_00_04;72,80;71,00;72,80;43,00;87,00;137,42;-60,00;67,00;72,80;61,00;562,00;72,80;133,00;508,00;72,80;-111,00;114,00;72,80;-48,00;15,00;72,80;-7,00;20,00;72,80;-11,00
19.08.2021;19.08.2021;FCR;1;NEGPOS_04_08;79,00;71,00;79,00;53,00;87,00;131,49;-60,00;67,00;79,00;35,00;562,00;79,00;145,00;508,00;79,00;-107,00;114,00;79,00;-48,00;15,00;79,00;-7,00;20,00;79,00;-11,00
19.08.2021;19.08.2021;FCR;1;NEGPOS_08_12;42,00;71,00;42,00;8,00;87,00;60,52;-60,00;67,00;42,00;69,00;562,00;42,00;129,00;508,00;42,00;-72,00;114,00;42,00;-49,00;15,00;42,00;-15,00;20,00;42,00;-10,00
19.08.2021;19.08.2021;FCR;1;NEGPOS_12_16;48,00;71,00;48,00;23,00;87,00;111,89;-60,00;67,00;48,00;65,00;562,00;48,00;145,00;508,00;48,00;-108,00;114,00;48,00;-49,00;15,00;48,00;-6,00;20,00;48,00;-10,00
19.08.2021;19.08.2021;FCR;1;NEGPOS_16_20;49,20;71,00;49,20;27,00;87,00;68,11;-60,00;67,00;49,20;89,00;562,00;49,20;95,00;508,00;49,20;-77,00;114,00;49,20;-49,00;15,00;49,20;-15,00;20,00;49,20;-10,00
19.08.2021;19.08.2021;FCR;1;NEGPOS_20_24;30,38;71,00;30,38;0,00;87,00;30,38;-58,00;67,00;30,38;59,00;562,00;30,38;57,00;508,00;30,38;21,00;114,00;30,38;-51,00;15,00;30,38;-15,00;20,00;30,38;-10,00
20.08.2021;20.08.2021;FCR;1;NEGPOS_00_04;76,38;71,00;76,38;74,00;87,00;111,42;-60,00;67,00;76,38;88,00;562,00;76,38;76,00;508,00;76,38;-109,00;114,00;76,38;-51,00;15,00;76,38;-7,00;20,00;76,38;-10,00
20.08.2021;20.08.2021;FCR;1;NEGPOS_04_08;67,56;71,00;67,56;75,00;87,00;113,48;-60,00;67,00;67,56;52,00;562,00;67,56;121,00;508,00;67,56;-119,00;114,00;67,56;-51,00;15,00;67,56;-7,00;20,00;67,56;-11,00
20.08.2021;20.08.2021;FCR;1;NEGPOS_08_12;35,31;71,00;35,31;41,00;87,00;35,31;-60,00;67,00;35,31;85,00;562,00;35,31;86,00;508,00;35,31;-76,00;114,00;35,31;-49,00;15,00;35,31;-15,00;20,00;35,31;-10,00
20.08.2021;20.08.2021;FCR;1;NEGPOS_12_16;54,08;71,00;54,08;69,00;87,00;87,04;-60,00;67,00;54,08;94,00;562,00;54,08;99,00;508,00;54,08;-137,00;114,00;54,08;-49,00;15,00;54,08;-6,00;20,00;54,08;-10,00
20.08.2021;20.08.2021;FCR;1;NEGPOS_16_20;54,11;71,00;54,11;54,00;87,00;71,52;-60,00;67,00;49,60;81,00;562,00;54,11;70,00;508,00;54,11;-68,00;114,00;54,11;-51,00;15,00;54,11;-15,00;20,00;54,11;-10,00
20.08.2021;20.08.2021;FCR;1;NEGPOS_20_24;28,92;71,00;28,92;29,00;87,00;28,92;-58,00;67,00;28,92;78,00;562,00;28,92;10,00;508,00;28,92;27,00;114,00;28,92;-61,00;15,00;28,92;-15,00;20,00;28,92;-10,00
21.08.2021;21.08.2021;FCR;1;NEGPOS_00_04;47,83;71,00;47,83;31,00;87,00;83,06;-60,00;67,00;47,83;24,00;562,00;47,83;155,00;508,00;47,83;-72,00;114,00;47,83;-51,00;15,00;47,83;-15,00;20,00;47,83;-12,00
21.08.2021;21.08.2021;FCR;1;NEGPOS_04_08;49,24;71,00;49,24;48,00;87,00;119,04;-60,00;67,00;49,24;24,00;562,00;49,24;135,00;508,00;49,24;-69,00;114,00;49,24;-51,00;15,00;49,24;-15,00;20,00;49,24;-12,00
21.08.2021;21.08.2021;FCR;1;NEGPOS_08_12;49,43;71,00;49,43;73,00;87,00;52,71;-60,00;67,00;49,43;25,00;562,00;49,43;93,00;508,00;49,43;-56,00;114,00;49,43;-59,00;15,00;49,43;-6,00;20,00;49,43;-10,00
21.08.2021;21.08.2021;FCR;1;NEGPOS_12_16;45,00;71,00;45,00;35,00;87,00;127,57;-60,00;67,00;45,00;51,00;562,00;45,00;132,00;508,00;45,00;-93,00;114,00;45,00;-49,00;15,00;45,00;-6,00;20,00;45,00;-10,00
21.08.2021;21.08.2021;FCR;1;NEGPOS_16_20;64,04;71,00;64,04;89,00;87,00;100,91;-60,00;67,00;64,04;66,00;562,00;64,04;67,00;508,00;64,04;-88,00;114,00;64,04;-49,00;15,00;64,04;-15,00;20,00;64,04;-10,00
21.08.2021;21.08.2021;FCR;1;NEGPOS_20_24;39,02;71,00;39,02;34,00;87,00;39,02;-58,00;67,00;39,02;87,00;562,00;39,02;28,00;508,00;39,02;-15,00;114,00;39,02;-51,00;15,00;39,02;-15,00;20,00;39,02;-10,00
22.08.2021;22.08.2021;FCR;1;NEGPOS_00_04;43,00;71,00;43,00;33,00;87,00;122,64;-60,00;67,00;43,00;9,00;562,00;43,00;115,00;508,00;43,00;-19,00;114,00;43,00;-51,00;15,00;43,00;-15,00;20,00;43,00;-12,00
22.08.2021;22.08.2021;FCR;1;NEGPOS_04_08;43,00;71,00;43,00;33,00;87,00;155,36;-60,00;67,00;43,00;15,00;562,00;43,00;129,00;508,00;43,00;-43,00;114,00;43,00;-49,00;15,00;43,00;-13,00;20,00;43,00;-12,00
22.08.2021;22.08.2021;FCR;1;NEGPOS_08_12;45,00;71,00;45,00;16,00;87,00;111,33;-60,00;67,00;45,00;16,00;562,00;45,00;120,00;508,00;45,00;-17,00;114,00;45,00;-49,00;15,00;45,00;-15,00;20,00;45,00;-11,00
22.08.2021;22.08.2021;FCR;1;NEGPOS_12_16;43,00;71,00;43,00;33,00;87,00;167,78;-60,00;67,00;43,00;29,00;562,00;43,00;107,00;508,00;43,00;-43,00;114,00;43,00;-49,00;15,00;43,00;-6,00;20,00;43,00;-11,00
22.08.2021;22.08.2021;FCR;1;NEGPOS_16_20;51,00;71,00;51,00;33,00;87,00;148,65;-60,00;67,00;51,00;13,00;562,00;51,00;152,00;508,00;51,00;-63,00;114,00;51,00;-49,00;15,00;51,00;-15,00;20,00;51,00;-11,00
22.08.2021;22.08.2021;FCR;1;NEGPOS_20_24;37,92;71,00;37,92;26,00;87,00;70,68;-60,00;67,00;37,92;24,00;562,00;37,92;71,00;508,00;37,92;16,00;114,00;37,92;-51,00;15,00;37,92;-15,00;20,00;37,92;-11,00
23.08.2021;23.08.2021;FCR;1;NEGPOS_00_04;46,16;71,00;46,16;-5,00;87,00;109,58;-60,00;67,00;46,16;12,00;562,00;46,16;155,00;508,00;46,16;-28,00;114,00;46,16;-49,00;15,00;46,16;-13,00;20,00;46,16;-12,00
23.08.2021;23.08.2021;FCR;1;NEGPOS_04_08;66,00;71,00;66,00;8,00;87,00;109,06;-60,00;67,00;66,00;24,00;562,00;66,00;143,00;508,00;66,00;-44,00;114,00;66,00;-49,00;15,00;66,00;-10,00;20,00;66,00;-12,00
23.08.2021;23.08.2021;FCR;1;NEGPOS_08_12;56,20;71,00;56,20;26,00;87,00;56,20;-58,00;67,00;56,20;90,00;562,00;56,20;81,00;508,00;56,20;-63,00;114,00;56,20;-49,00;15,00;56,20;-15,00;20,00;56,20;-11,00
23.08.2021;23.08.2021;FCR;1;NEGPOS_12_16;48,80;71,00;48,80;1,00;87,00;81,64;-60,00;67,00;48,80;64,00;562,00;48,80;107,00;508,00;48,80;-47,00;114,00;48,80;-49,00;15,00;48,80;-6,00;20,00;48,80;-10,00
23.08.2021;23.08.2021;FCR;1;NEGPOS_16_20;59,00;71,00;59,00;29,00;87,00;60,03;-60,00;67,00;59,00;72,00;562,00;59,00;37,00;508,00;59,00;-1,00;114,00;59,00;-49,00;15,00;59,00;-15,00;20,00;59,00;-10,00
23.08.2021;23.08.2021;FCR;1;NEGPOS_20_24;47,75;71,00;47,75;-9,00;87,00;47,75;-58,00;67,00;47,75;61,00;562,00;47,75;85,00;508,00;47,75;-4,00;114,00;47,75;-49,00;15,00;47,75;-15,00;20,00;47,75;-10,00
24.08.2021;24.08.2021;FCR;1;NEGPOS_00_04;42,00;71,00;42,00;12,00;87,00;99,29;-60,00;67,00;42,00;27,00;562,00;42,00;141,00;508,00;42,00;-31,00;114,00;42,00;-49,00;15,00;42,00;-13,00;20,00;42,00;-12,00
24.08.2021;24.08.2021;FCR;1;NEGPOS_04_08;66,00;71,00;66,00;26,00;87,00;96,87;-60,00;67,00;66,00;35,00;562,00;66,00;66,00;508,00;66,00;1,00;114,00;66,00;-49,00;15,00;66,00;-7,00;20,00;66,00;-12,00
24.08.2021;24.08.2021;FCR;1;NEGPOS_08_12;42,20;71,00;42,20;-9,00;87,00;42,20;-58,00;67,00;42,20;100,00;562,00;42,20;73,00;508,00;42,20;-22,00;114,00;42,20;-49,00;15,00;42,20;-15,00;20,00;42,20;-10,00
24.08.2021;24.08.2021;FCR;1;NEGPOS_12_16;36,00;71,00;36,00;4,00;87,00;68,78;-60,00;67,00;36,00;73,00;562,00;36,00;50,00;508,00;36,00;7,00;114,00;36,00;-49,00;15,00;36,00;-15,00;20,00;36,00;-10,00
24.08.2021;24.08.2021;FCR;1;NEGPOS_16_20;42,00;71,00;42,00;-18,00;87,00;47,21;-60,00;67,00;42,00;81,00;562,00;42,00;34,00;508,00;42,00;37,00;114,00;42,00;-49,00;15,00;42,00;-15,00;20,00;42,00;-10,00
24.08.2021;24.08.2021;FCR;1;NEGPOS_20_24;42,18;71,00;42,18;-14,00;87,00;42,18;-58,00;67,00;42,18;79,00;562,00;42,18;57,00;508,00;42,18;10,00;114,00;42,18;-49,00;15,00;42,18;-15,00;20,00;42,18;-10,00
25.08.2021;25.08.2021;FCR;1;NEGPOS_00_04;40,00;71,00;40,00;30,00;87,00;88,35;-60,00;67,00;40,00;33,00;562,00;40,00;138,00;508,00;40,00;-70,00;114,00;40,00;-51,00;15,00;40,00;-9,00;20,00;40,00;-11,00
25.08.2021;25.08.2021;FCR;1;NEGPOS_04_08;57,09;71,00;57,09;45,00;87,00;80,35;-60,00;67,00;57,09;42,00;562,00;57,09;115,00;508,00;57,09;-66,00;114,00;57,09;-51,00;15,00;57,09;-12,00;20,00;57,09;-12,00
25.08.2021;25.08.2021;FCR;1;NEGPOS_08_12;46,93;71,00;46,93;55,00;87,00;46,93;-58,00;67,00;45,47;98,00;562,00;46,93;61,00;508,00;46,93;-81,00;114,00;46,93;-49,00;15,00;46,93;-15,00;20,00;46,93;-11,00
25.08.2021;25.08.2021;FCR;1;NEGPOS_12_16;44,44;71,00;44,44;27,00;87,00;49,44;-60,00;67,00;44,44;72,00;562,00;44,44;113,00;508,00;44,44;-77,00;114,00;44,44;-49,00;15,00;44,44;-15,00;20,00;44,44;-11,00
25.08.2021;25.08.2021;FCR;1;NEGPOS_16_20;44,00;71,00;44,00;47,00;87,00;44,00;-58,00;67,00;44,00;82,00;562,00;44,00;80,00;508,00;44,00;-77,00;114,00;44,00;-49,00;15,00;44,00;-15,00;20,00;44,00;-10,00
25.08.2021;25.08.2021;FCR;1;NEGPOS_20_24;33,08;71,00;33,08;43,00;87,00;33,08;-58,00;67,00;33,08;44,00;562,00;33,08;69,00;508,00;33,08;-24,00;114,00;33,08;-49,00;15,00;33,08;-15,00;20,00;33,08;-10,00
26.08.2021;26.08.2021;FCR;1;NEGPOS_00_04;46,60;71,00;46,60;23,00;87,00;106,25;-60,00;67,00;46,60;39,00;562,00;46,60;138,00;508,00;46,60;-65,00;114,00;46,60;-49,00;15,00;46,60;-15,00;20,00;46,60;-11,00
26.08.2021;26.08.2021;FCR;1;NEGPOS_04_08;55,60;71,00;55,60;45,00;87,00;112,04;-60,00;67,00;55,60;33,00;562,00;55,60;139,00;508,00;55,60;-82,00;114,00;55,60;-49,00;15,00;55,60;-15,00;20,00;55,60;-11,00
26.08.2021;26.08.2021;FCR;1;NEGPOS_08_12;35,12;71,00;35,12;29,00;87,00;35,12;-58,00;67,00;35,12;92,00;562,00;35,12;65,00;508,00;35,12;-55,00;114,00;35,12;-49,00;15,00;35,12;-15,00;20,00;35,12;-9,00
26.08.2021;26.08.2021;FCR;1;NEGPOS_12_16;34,60;71,00;34,60;29,00;87,00;78,18;-60,00;67,00;34,60;35,00;562,00;34,60;81,00;508,00;34,60;-12,00;114,00;34,60;-49,00;15,00;34,60;-15,00;20,00;34,60;-9,00
26.08.2021;26.08.2021;FCR;1;NEGPOS_16_20;38,40;71,00;38,40;13,00;87,00;66,70;-60,00;67,00;38,40;27,00;562,00;38,40;74,00;508,00;38,40;19,00;114,00;38,40;-49,00;15,00;38,40;-15,00;20,00;38,40;-9,00
26.08.2021;26.08.2021;FCR;1;NEGPOS_20_24;25,90;71,00;25,90;11,00;87,00;25,90;-58,00;67,00;25,90;69,00;562,00;25,90;41,00;508,00;25,90;11,00;114,00;25,90;-49,00;15,00;25,90;-15,00;20,00;25,90;-10,00
27.08.2021;27.08.2021;FCR;1;NEGPOS_00_04;33,00;71,00;33,00;19,00;87,00;107,35;-60,00;67,00;33,00;20,00;562,00;33,00;144,00;508,00;33,00;-46,00;114,00;33,00;-51,00;15,00;33,00;-15,00;20,00;33,00;-11,00
27.08.2021;27.08.2021;FCR;1;NEGPOS_04_08;48,20;71,00;48,20;23,00;87,00;113,00;-60,00;67,00;48,20;30,00;562,00;48,20;119,00;508,00;48,20;-34,00;114,00;48,20;-51,00;15,00;48,20;-15,00;20,00;48,20;-12,00
27.08.2021;27.08.2021;FCR;1;NEGPOS_08_12;28,80;71,00;28,80;9,00;87,00;40,75;-60,00;67,00;28,80;100,00;562,00;28,80;50,00;508,00;28,80;-24,00;114,00;28,80;-49,00;15,00;28,80;-15,00;20,00;28,80;-11,00
27.08.2021;27.08.2021;FCR;1;NEGPOS_12_16;30,00;71,00;30,00;10,00;87,00;87,27;-60,00;67,00;30,00;19,00;562,00;30,00;108,00;508,00;30,00;8,00;114,00;30,00;-59,00;15,00;30,00;-15,00;20,00;30,00;-11,00
27.08.2021;27.08.2021;FCR;1;NEGPOS_16_20;33,00;71,00;33,00;6,00;87,00;60,87;-60,00;67,00;33,00;25,00;562,00;33,00;71,00;508,00;33,00;32,00;114,00;33,00;-49,00;15,00;33,00;-15,00;20,00;33,00;-10,00
27.08.2021;27.08.2021;FCR;1;NEGPOS_20_24;18,00;71,00;18,00;-3,00;87,00;18,00;-58,00;67,00;18,00;61,00;562,00;18,00;8,00;508,00;18,00;77,00;114,00;18,00;-59,00;15,00;18,00;-15,00;20,00;18,00;-11,00
28.08.2021;28.08.2021;FCR;1;NEGPOS_00_04;32,00;71,00;32,00;15,00;87,00;114,58;-60,00;67,00;32,00;10,00;562,00;32,00;105,00;508,00;32,00;6,00;114,00;32,00;-49,00;15,00;32,00;-15,00;20,00;32,00;-12,00
28.08.2021;28.08.2021;FCR;1;NEGPOS_04_08;35,00;71,00;35,00;24,00;87,00;137,40;-60,00;67,00;35,00;8,00;562,00;35,00;115,00;508,00;35,00;-11,00;114,00;35,00;-49,00;15,00;35,00;-15,00;20,00;35,00;-12,00
28.08.2021;28.08.2021;FCR;1;NEGPOS_08_12;48,00;71,00;48,00;38,00;87,00;78,87;-60,00;67,00;48,00;52,00;562,00;48,00;76,00;508,00;48,00;-32,00;114,00;48,00;-49,00;15,00;48,00;-15,00;20,00;48,00;-10,00
28.08.2021;28.08.2021;FCR;1;NEGPOS_12_16;40,00;71,00;40,00;22,00;87,00;133,72;-60,00;67,00;40,00;27,00;562,00;40,00;143,00;508,00;40,00;-57,00;114,00;40,00;-49,00;15,00;40,00;-15,00;20,00;40,00;-11,00
28.08.2021;28.08.2021;FCR;1;NEGPOS_16_20;48,36;71,00;48,36;45,00;87,00;116,15;-60,00;67,00;48,36;37,00;562,00;48,36;125,00;508,00;48,36;-73,00;114,00;48,36;-49,00;15,00;48,36;-15,00;20,00;48,36;-10,00
28.08.2021;28.08.2021;FCR;1;NEGPOS_20_24;26,00;71,00;26,00;2,00;87,00;56,92;-60,00;67,00;26,00;65,00;562,00;26,00;39,00;508,00;26,00;30,00;114,00;26,00;-49,00;15,00;26,00;-15,00;20,00;26,00;-12,00
29.08.2021;29.08.2021;FCR;1;NEGPOS_00_04;33,40;71,00;33,40;-28,00;87,00;156,80;-60,00;67,00;33,40;16,00;562,00;33,40;127,00;508,00;33,40;21,00;114,00;33,40;-49,00;15,00;33,40;-15,00;20,00;33,40;-12,00
29.08.2021;29.08.2021;FCR;1;NEGPOS_04_08;47,00;71,00;47,00;-28,00;87,00;183,60;-60,00;67,00;47,00;28,00;562,00;47,00;102,00;508,00;47,00;34,00;114,00;47,00;-49,00;15,00;47,00;-15,00;20,00;47,00;-12,00
29.08.2021;29.08.2021;FCR;1;NEGPOS_08_12;30,00;71,00;30,00;-28,00;87,00;143,79;-60,00;67,00;30,00;41,00;562,00;30,00;98,00;508,00;30,00;25,00;114,00;30,00;-49,00;15,00;30,00;-15,00;20,00;30,00;-12,00
29.08.2021;29.08.2021;FCR;1;NEGPOS_12_16;42,00;71,00;42,00;-28,00;87,00;183,40;-60,00;67,00;42,00;33,00;562,00;42,00;72,00;508,00;42,00;55,00;114,00;42,00;-49,00;15,00;42,00;-12,00;20,00;42,00;-11,00
29.08.2021;29.08.2021;FCR;1;NEGPOS_16_20;36,00;71,00;36,00;-28,00;87,00;170,25;-60,00;67,00;36,00;21,00;562,00;36,00;111,00;508,00;36,00;35,00;114,00;36,00;-53,00;15,00;36,00;-15,00;20,00;36,00;-11,00
29.08.2021;29.08.2021;FCR;1;NEGPOS_20_24;25,00;71,00;25,00;-27,00;87,00;106,08;-60,00;67,00;25,00;72,00;562,00;25,00;42,00;508,00;25,00;49,00;114,00;25,00;-49,00;15,00;25,00;-15,00;20,00;25,00;-12,00
30.08.2021;30.08.2021;FCR;1;NEGPOS_00_04;31,80;71,00;31,80;-47,00;87,00;133,14;-60,00;67,00;31,80;16,00;562,00;31,80;143,00;508,00;31,80;24,00;114,00;31,80;-49,00;15,00;31,80;-15,00;20,00;31,80;-12,00
30.08.2021;30.08.2021;FCR;1;NEGPOS_04_08;64,00;71,00;64,00;-1,00;87,00;122,44;-60,00;67,00;64,00;40,00;562,00;64,00;104,00;508,00;64,00;0,00;114,00;64,00;-59,00;15,00;64,00;-13,00;20,00;64,00;-11,00
30.08.2021;30.08.2021;FCR;1;NEGPOS_08_12;57,85;71,00;57,85;0,00;87,00;57,85;-58,00;67,00;47,76;97,00;562,00;57,85;104,00;508,00;57,85;-60,00;114,00;57,85;-59,00;15,00;57,85;-15,00;20,00;57,85;-9,00
30.08.2021;30.08.2021;FCR;1;NEGPOS_12_16;56,59;71,00;56,59;28,00;87,00;76,41;-60,00;67,00;56,59;55,00;562,00;56,59;82,00;508,00;56,59;-17,00;114,00;56,59;-69,00;15,00;56,59;-10,00;20,00;56,59;-9,00
30.08.2021;30.08.2021;FCR;1;NEGPOS_16_20;60,05;71,00;60,05;15,00;87,00;60,05;-58,00;67,00;60,05;41,00;562,00;60,05;84,00;508,00;60,05;-9,00;114,00;60,05;-49,00;15,00;60,05;-15,00;20,00;60,05;-9,00
30.08.2021;30.08.2021;FCR;1;NEGPOS_20_24;46,73;71,00;46,73;-1,00;87,00;46,73;-58,00;67,00;46,73;66,00;562,00;46,73;69,00;508,00;46,73;3,00;114,00;46,73;-53,00;15,00;46,73;-15,00;20,00;46,73;-10,00
31.08.2021;31.08.2021;FCR;1;NEGPOS_00_04;80,00;71,00;80,00;0,00;87,00;121,34;-60,00;67,00;80,00;20,00;562,00;80,00;162,00;508,00;80,00;-51,00;114,00;80,00;-51,00;15,00;80,00;-9,00;20,00;80,00;-11,00
31.08.2021;31.08.2021;FCR;1;NEGPOS_04_08;79,04;71,00;79,04;5,00;87,00;109,82;-60,00;67,00;79,04;32,00;562,00;79,04;139,00;508,00;79,04;-47,00;114,00;79,04;-49,00;15,00;79,04;-9,00;20,00;79,04;-11,00
31.08.2021;31.08.2021;FCR;1;NEGPOS_08_12;66,39;71,00;66,39;-1,00;87,00;66,39;-58,00;67,00;49,69;100,00;562,00;66,39;125,00;508,00;66,39;-108,00;114,00;66,39;-49,00;15,00;66,39;0,00;20,00;66,39;-9,00
31.08.2021;31.08.2021;FCR;1;NEGPOS_12_16;92,45;71,00;92,45;33,00;87,00;92,45;-58,00;67,00;92,45;86,00;562,00;92,45;92,00;508,00;92,45;-91,00;114,00;92,45;-49,00;15,00;92,45;-5,00;20,00;92,45;-8,00
31.08.2021;31.08.2021;FCR;1;NEGPOS_16_20;83,68;71,00;83,68;-1,00;87,00;83,68;-56,00;67,00;68,76;98,00;562,00;83,68;135,00;508,00;83,68;-110,00;114,00;83,68;-49,00;15,00;83,68;-9,00;20,00;83,68;-8,00
31.08.2021;31.08.2021;FCR;1;NEGPOS_20_24;57,64;71,00;57,64;-15,00;87,00;57,64;-58,00;67,00;54,06;99,00;562,00;57,64;95,00;508,00;57,64;-45,00;114,00;57,64;-51,00;15,00;57,64;-15,00;20,00;57,64;-10,00
01.09.2021;01.09.2021;FCR;1;NEGPOS_00_04;57,00;71,00;57,00;-4,00;87,00;113,45;-60,00;67,00;57,00;1,00;562,00;57,00;91,00;508,00;57,00;52,00;114,00;57,00;-51,00;15,00;57,00;-15,00;20,00;430,33;-14,00
01.09.2021;01.09.2021;FCR;1;NEGPOS_04_08;66,00;71,00;66,00;1,00;87,00;103,86;-60,00;67,00;66,00;16,00;562,00;66,00;67,00;508,00;66,00;49,00;114,00;66,00;-51,00;15,00;66,00;-10,00;20,00;578,00;-12,00
01.09.2021;01.09.2021;FCR;1;NEGPOS_08_12;51,60;71,00;51,60;-11,00;87,00;51,60;-58,00;67,00;51,60;32,00;562,00;51,60;117,00;508,00;51,60;-4,00;114,00;51,60;-49,00;15,00;51,60;-15,00;20,00;595,76;-12,00
01.09.2021;01.09.2021;FCR;1;NEGPOS_12_16;85,00;71,00;85,00;28,00;87,00;85,00;-58,00;67,00;47,31;100,00;562,00;85,00;117,00;508,00;85,00;-120,00;114,00;85,00;-49,00;15,00;85,00;-4,00;20,00;457,23;-14,00
01.09.2021;01.09.2021;FCR;1;NEGPOS_16_20;60,00;71,00;60,00;11,00;87,00;60,00;-58,00;67,00;60,00;71,00;562,00;60,00;75,00;508,00;60,00;-22,00;114,00;60,00;-51,00;15,00;60,00;-15,00;20,00;637,71;-11,00
01.09.2021;01.09.2021;FCR;1;NEGPOS_20_24;51,52;71,00;51,52;-7,00;87,00;51,52;-58,00;67,00;51,52;41,00;562,00;51,52;90,00;508,00;51,52;14,00;114,00;51,52;-51,00;15,00;51,52;-15,00;20,00;430,33;-14,00
02.09.2021;02.09.2021;FCR;1;NEGPOS_00_04;81,67;71,00;81,67;11,00;87,00;94,80;-60,00;67,00;81,67;35,00;562,00;81,67;105,00;508,00;81,67;-15,00;114,00;81,67;-56,00;15,00;81,67;-9,00;20,00;81,67;-11,00
02.09.2021;02.09.2021;FCR;1;NEGPOS_04_08;76,11;71,00;76,11;21,00;87,00;84,70;-60,00;67,00;76,11;52,00;562,00;76,11;80,00;508,00;76,11;-11,00;114,00;76,11;-61,00;15,00;76,11;-9,00;20,00;76,11;-11,00
02.09.2021;02.09.2021;FCR;1;NEGPOS_08_12;66,24;71,00;66,24;47,00;87,00;66,24;-58,00;67,00;62,50;97,00;562,00;66,24;72,00;508,00;66,24;-80,00;114,00;66,24;-59,00;15,00;66,24;-9,00;20,00;66,24;-10,00
02.09.2021;02.09.2021;FCR;1;NEGPOS_12_16;83,92;71,00;83,92;25,00;87,00;83,92;-58,00;67,00;83,92;88,00;562,00;83,92;96,00;508,00;83,92;-74,00;114,00;83,92;-59,00;15,00;83,92;-9,00;20,00;83,92;-9,00
02.09.2021;02.09.2021;FCR;1;NEGPOS_16_20;68,32;71,00;68,32;23,00;87,00;68,32;-58,00;67,00;68,32;92,00;562,00;68,32;29,00;508,00;68,32;-6,00;114,00;68,32;-61,00;15,00;68,32;-9,00;20,00;68,32;-10,00
02.09.2021;02.09.2021;FCR;1;NEGPOS_20_24;58,00;71,00;58,00;19,00;87,00;58,00;-58,00;67,00;58,00;85,00;562,00;58,00;40,00;508,00;58,00;-5,00;114,00;58,00;-56,00;15,00;58,00;-15,00;20,00;58,00;-10,00
03.09.2021;03.09.2021;FCR;1;NEGPOS_00_04;80,56;71,00;80,56;47,00;87,00;104,38;-60,00;67,00;80,56;35,00;562,00;80,56;99,00;508,00;80,56;-48,00;114,00;80,56;-51,00;15,00;80,56;-10,00;20,00;80,56;-11,00
03.09.2021;03.09.2021;FCR;1;NEGPOS_04_08;76,11;71,00;76,11;57,00;87,00;112,18;-60,00;67,00;76,11;49,00;562,00;76,11;79,00;508,00;76,11;-53,00;114,00;76,11;-51,00;15,00;76,11;-10,00;20,00;76,11;-11,00
03.09.2021;03.09.2021;FCR;1;NEGPOS_08_12;59,92;71,00;59,92;68,00;87,00;59,92;-58,00;67,00;54,11;100,00;562,00;59,92;66,00;508,00;59,92;-103,00;114,00;59,92;-49,00;15,00;59,92;-15,00;20,00;59,92;-9,00
03.09.2021;03.09.2021;FCR;1;NEGPOS_12_16;86,08;71,00;86,08;40,00;87,00;86,08;-58,00;67,00;86,08;63,00;562,00;86,08;103,00;508,00;86,08;-88,00;114,00;86,08;-49,00;15,00;86,08;-3,00;20,00;86,08;-8,00
03.09.2021;03.09.2021;FCR;1;NEGPOS_16_20;69,87;71,00;69,87;60,00;87,00;69,87;-58,00;67,00;69,87;95,00;562,00;69,87;65,00;508,00;69,87;-88,00;114,00;69,87;-49,00;15,00;69,87;-9,00;20,00;69,87;-8,00
03.09.2021;03.09.2021;FCR;1;NEGPOS_20_24;32,00;71,00;32,00;-7,00;87,00;32,00;-58,00;67,00;32,00;54,00;562,00;32,00;25,00;508,00;32,00;64,00;114,00;32,00;-53,00;15,00;32,00;-15,00;20,00;32,00;-10,00
04.09.2021;04.09.2021;FCR;1;NEGPOS_00_04;70,20;71,00;70,20;1,00;87,00;80,33;-60,00;67,00;70,20;32,00;562,00;70,20;67,00;508,00;70,20;28,00;114,00;70,20;-49,00;15,00;70,20;-10,00;20,00;70,20;-9,00
04.09.2021;04.09.2021;FCR;1;NEGPOS_04_08;68,00;71,00;68,00;-3,00;87,00;114,58;-60,00;67,00;68,00;35,00;562,00;68,00;68,00;508,00;68,00;28,00;114,00;68,00;-49,00;15,00;68,00;-10,00;20,00;68,00;-9,00
04.09.2021;04.09.2021;FCR;1;NEGPOS_08_12;91,67;71,00;91,67;35,00;87,00;91,67;-58,00;67,00;91,67;42,00;562,00;91,67;86,00;508,00;91,67;-39,00;114,00;91,67;-49,00;15,00;91,67;-10,00;20,00;91,67;-7,00
04.09.2021;04.09.2021;FCR;1;NEGPOS_12_16;78,37;71,00;78,37;-3,00;87,00;86,42;-60,00;67,00;78,37;59,00;562,00;78,37;86,00;508,00;78,37;-6,00;114,00;78,37;-49,00;15,00;78,37;-10,00;20,00;78,37;-7,00
04.09.2021;04.09.2021;FCR;1;NEGPOS_16_20;70,12;71,00;70,12;31,00;87,00;81,17;-60,00;67,00;70,12;28,00;562,00;70,12;69,00;508,00;70,12;-1,00;114,00;70,12;-51,00;15,00;70,12;-9,00;20,00;70,12;-7,00
04.09.2021;04.09.2021;FCR;1;NEGPOS_20_24;45,38;71,00;45,38;12,00;87,00;45,38;-58,00;67,00;45,38;73,00;562,00;45,38;68,00;508,00;45,38;-16,00;114,00;45,38;-55,00;15,00;45,38;-15,00;20,00;45,38;-9,00
05.09.2021;05.09.2021;FCR;1;NEGPOS_00_04;60,00;71,00;60,00;38,00;87,00;137,13;-60,00;67,00;60,00;-9,00;562,00;60,00;84,00;508,00;60,00;22,00;114,00;60,00;-50,00;15,00;60,00;-15,00;20,00;60,00;-10,00
05.09.2021;05.09.2021;FCR;1;NEGPOS_04_08;54,00;71,00;54,00;4,00;87,00;166,43;-60,00;67,00;54,00;-4,00;562,00;54,00;86,00;508,00;54,00;49,00;114,00;54,00;-50,00;15,00;54,00;-15,00;20,00;54,00;-10,00
05.09.2021;05.09.2021;FCR;1;NEGPOS_08_12;48,40;71,00;48,40;-1,00;87,00;109,35;-60,00;67,00;48,40;4,00;562,00;48,40;88,00;508,00;48,40;39,00;114,00;48,40;-48,00;15,00;48,40;-12,00;20,00;48,40;-10,00
05.09.2021;05.09.2021;FCR;1;NEGPOS_12_16;42,00;71,00;42,00;-7,00;87,00;159,32;-60,00;67,00;42,00;-9,00;562,00;42,00;87,00;508,00;42,00;60,00;114,00;42,00;-48,00;15,00;42,00;-13,00;20,00;42,00;-10,00
05.09.2021;05.09.2021;FCR;1;NEGPOS_16_20;56,00;71,00;56,00;48,00;87,00;144,91;-60,00;67,00;56,00;-19,00;562,00;56,00;69,00;508,00;56,00;40,00;114,00;56,00;-54,00;15,00;56,00;-15,00;20,00;56,00;-9,00
05.09.2021;05.09.2021;FCR;1;NEGPOS_20_24;42,38;71,00;42,38;18,00;87,00;86,46;-60,00;67,00;42,38;32,00;562,00;42,38;68,00;508,00;42,38;22,00;114,00;42,38;-54,00;15,00;42,38;-15,00;20,00;42,38;-10,00
06.09.2021;06.09.2021;FCR;1;NEGPOS_00_04;62,08;71,00;62,08;43,00;87,00;286,85;-38,00;67,00;62,08;-4,00;562,00;62,08;75,00;508,00;62,08;-1,00;114,00;62,08;-50,00;15,00;62,08;-15,00;20,00;62,08;-10,00
06.09.2021;06.09.2021;FCR;1;NEGPOS_04_08;67,81;71,00;67,81;50,00;87,00;298,08;-58,00;67,00;67,81;-2,00;562,00;67,81;59,00;508,00;67,81;20,00;114,00;67,81;-50,00;15,00;67,81;-10,00;20,00;67,81;-9,00
06.09.2021;06.09.2021;FCR;1;NEGPOS_08_12;63,27;71,00;63,27;73,00;87,00;298,08;-58,00;67,00;59,20;100,00;562,00;63,27;70,00;508,00;63,27;-92,00;114,00;63,27;-58,00;15,00;63,27;-10,00;20,00;63,27;-8,00
06.09.2021;06.09.2021;FCR;1;NEGPOS_12_16;75,12;71,00;75,12;70,00;87,00;295,49;-38,00;67,00;75,12;33,00;562,00;75,12;77,00;508,00;75,12;-76,00;114,00;75,12;-54,00;15,00;75,12;-5,00;20,00;75,12;-7,00
06.09.2021;06.09.2021;FCR;1;NEGPOS_16_20;55,85;71,00;55,85;57,00;87,00;298,08;-58,00;67,00;55,85;65,00;562,00;55,85;54,00;508,00;55,85;-40,00;114,00;55,85;-54,00;15,00;55,85;-15,00;20,00;55,85;-8,00
06.09.2021;06.09.2021;FCR;1;NEGPOS_20_24;44,40;71,00;44,40;17,00;87,00;298,08;-58,00;67,00;44,40;81,00;562,00;44,40;72,00;508,00;44,40;-33,00;114,00;44,40;-54,00;15,00;44,40;-15,00;20,00;44,40;-9,00
07.09.2021;07.09.2021;FCR;1;NEGPOS_00_04;56,00;71,00;56,00;34,00;87,00;103,50;-60,00;67,00;56,00;-8,00;562,00;56,00;64,00;508,00;56,00;45,00;114,00;56,00;-50,00;15,00;56,00;-15,00;20,00;56,00;-10,00
07.09.2021;07.09.2021;FCR;1;NEGPOS_04_08;60,46;71,00;60,46;48,00;87,00;94,82;-60,00;67,00;60,46;15,00;562,00;60,46;24,00;508,00;60,46;50,00;114,00;60,46;-50,00;15,00;60,46;-15,00;20,00;60,46;-10,00
07.09.2021;07.09.2021;FCR;1;NEGPOS_08_12;76,11;71,00;76,11;65,00;87,00;76,11;-59,00;67,00;72,00;99,00;562,00;76,11;48,00;508,00;76,11;-74,00;114,00;76,11;-54,00;15,00;76,11;-10,00;20,00;76,11;-7,00
07.09.2021;07.09.2021;FCR;1;NEGPOS_12_16;84,92;71,00;84,92;65,00;87,00;84,92;-59,00;67,00;84,92;61,00;562,00;84,92;103,00;508,00;84,92;-95,00;114,00;84,92;-54,00;15,00;84,92;-10,00;20,00;84,92;-7,00
07.09.2021;07.09.2021;FCR;1;NEGPOS_16_20;74,92;71,00;74,92;65,00;87,00;74,92;-59,00;67,00;74,92;79,00;562,00;74,92;26,00;508,00;74,92;-44,00;114,00;74,92;-50,00;15,00;74,92;-9,00;20,00;74,92;-7,00
07.09.2021;07.09.2021;FCR;1;NEGPOS_20_24;46,30;71,00;46,30;33,00;87,00;46,30;-59,00;67,00;46,30;82,00;562,00;46,30;27,00;508,00;46,30;-5,00;114,00;46,30;-54,00;15,00;46,30;-15,00;20,00;46,30;-9,00
08.09.2021;08.09.2021;FCR;1;NEGPOS_00_04;62,20;71,00;62,20;71,00;87,00;79,86;-60,00;67,00;62,20;-3,00;562,00;62,20;80,00;508,00;62,20;-12,00;114,00;62,20;-52,00;15,00;62,20;-15,00;20,00;62,20;-9,00
08.09.2021;08.09.2021;FCR;1;NEGPOS_04_08;66,00;71,00;66,00;51,00;87,00;74,54;-60,00;67,00;66,00;21,00;562,00;66,00;50,00;508,00;66,00;13,00;114,00;66,00;-52,00;15,00;66,00;-14,00;20,00;66,00;-9,00
08.09.2021;08.09.2021;FCR;1;NEGPOS_08_12;93,12;71,00;93,12;87,00;87,00;93,12;-60,00;67,00;60,90;100,00;562,00;93,12;32,00;508,00;93,12;-85,00;114,00;93,12;-56,00;15,00;93,12;-10,00;20,00;93,12;-8,00
08.09.2021;08.09.2021;FCR;1;NEGPOS_12_16;95,05;71,00;95,05;72,00;87,00;95,05;-60,00;67,00;95,05;32,00;562,00;95,05;113,00;508,00;95,05;-82,00;114,00;95,05;-56,00;15,00;95,05;-10,00;20,00;95,05;-8,00
08.09.2021;08.09.2021;FCR;1;NEGPOS_16_20;81,44;71,00;81,44;55,00;87,00;81,44;-60,00;67,00;65,43;100,00;562,00;81,44;31,00;508,00;81,44;-60,00;114,00;81,44;-50,00;15,00;81,44;-9,00;20,00;81,44;-7,00
08.09.2021;08.09.2021;FCR;1;NEGPOS_20_24;55,60;71,00;55,60;29,00;87,00;55,60;-60,00;67,00;53,10;100,00;562,00;55,60;32,00;508,00;55,60;-24,00;114,00;55,60;-54,00;15,00;55,60;-15,00;20,00;55,60;-8,00
09.09.2021;09.09.2021;FCR;1;NEGPOS_00_04;66,00;71,00;66,00;63,00;87,00;82,48;-60,00;67,00;66,00;-3,00;562,00;66,00;116,00;508,00;66,00;-43,00;114,00;66,00;-51,00;15,00;66,00;-12,00;20,00;66,00;-10,00
09.09.2021;09.09.2021;FCR;1;NEGPOS_04_08;77,20;71,00;77,20;47,00;87,00;79,02;-60,00;67,00;77,20;36,00;562,00;77,20;80,00;508,00;77,20;-32,00;114,00;77,20;-53,00;15,00;77,20;-9,00;20,00;77,20;-9,00
09.09.2021;09.09.2021;FCR;1;NEGPOS_08_12;75,81;71,00;75,81;66,00;87,00;75,81;-58,00;67,00;57,95;100,00;562,00;75,81;131,00;508,00;75,81;-167,00;114,00;75,81;-56,00;15,00;75,81;-9,00;20,00;75,81;-7,00
09.09.2021;09.09.2021;FCR;1;NEGPOS_12_16;115,00;71,00;115,00;52,00;87,00;115,00;-58,00;67,00;98,30;100,00;562,00;115,00;143,00;508,00;115,00;-164,00;114,00;115,00;-56,00;15,00;115,00;-10,00;20,00;115,00;-7,00
09.09.2021;09.09.2021;FCR;1;NEGPOS_16_20;66,00;71,00;66,00;51,00;87,00;66,00;-58,00;67,00;66,00;78,00;562,00;66,00;84,00;508,00;66,00;-81,00;114,00;66,00;-53,00;15,00;66,00;-14,00;20,00;66,00;-7,00
09.09.2021;09.09.2021;FCR;1;NEGPOS_20_24;43,93;71,00;43,93;2,00;87,00;43,93;-58,00;67,00;43,93;71,00;562,00;43,93;84,00;508,00;43,93;-9,00;114,00;43,93;-53,00;15,00;43,93;-15,00;20,00;43,93;-9,00
10.09.2021;10.09.2021;FCR;1;NEGPOS_00_04;48,40;71,00;48,40;21,00;87,00;51,48;-60,00;67,00;48,40;2,00;562,00;48,40;113,00;508,00;48,40;9,00;114,00;48,40;-60,00;15,00;48,40;-15,00;20,00;48,40;-10,00
10.09.2021;10.09.2021;FCR;1;NEGPOS_04_08;60,51;71,00;60,51;29,00;87,00;60,51;-58,00;67,00;60,51;17,00;562,00;60,51;101,00;508,00;60,51;-1,00;114,00;60,51;-60,00;15,00;60,51;-15,00;20,00;60,51;-10,00
10.09.2021;10.09.2021;FCR;1;NEGPOS_08_12;43,80;71,00;43,80;-1,00;87,00;43,80;-58,00;67,00;43,80;84,00;562,00;43,80;102,00;508,00;43,80;-38,00;114,00;43,80;-64,00;15,00;43,80;-15,00;20,00;43,80;-10,00
10.09.2021;10.09.2021;FCR;1;NEGPOS_12_16;61,00;71,00;61,00;47,00;87,00;61,00;-58,00;67,00;61,00;37,00;562,00;61,00;155,00;508,00;61,00;-95,00;114,00;61,00;-64,00;15,00;61,00;-13,00;20,00;61,00;-9,00
10.09.2021;10.09.2021;FCR;1;NEGPOS_16_20;56,40;71,00;56,40;33,00;87,00;56,40;-58,00;67,00;56,40;71,00;562,00;56,40;105,00;508,00;56,40;-78,00;114,00;56,40;-50,00;15,00;56,40;-15,00;20,00;56,40;-8,00
10.09.2021;10.09.2021;FCR;1;NEGPOS_20_24;31,50;71,00;31,50;-5,00;87,00;31,50;-58,00;67,00;31,50;62,00;562,00;31,50;101,00;508,00;31,50;-22,00;114,00;31,50;-54,00;15,00;31,50;-15,00;20,00;31,50;-9,00
11.09.2021;11.09.2021;FCR;1;NEGPOS_00_04;66,00;71,00;66,00;51,00;87,00;66,00;-58,00;67,00;66,00;2,00;562,00;66,00;137,00;508,00;66,00;-64,00;114,00;66,00;-48,00;15,00;66,00;-10,00;20,00;66,00;-10,00
11.09.2021;11.09.2021;FCR;1;NEGPOS_04_08;68,48;71,00;68,48;51,00;87,00;68,48;-58,00;67,00;68,48;-13,00;562,00;68,48;137,00;508,00;68,48;-49,00;114,00;68,48;-48,00;15,00;68,48;-10,00;20,00;68,48;-10,00
11.09.2021;11.09.2021;FCR;1;NEGPOS_08_12;77,74;71,00;77,74;60,00;87,00;77,74;-58,00;67,00;77,74;14,00;562,00;77,74;89,00;508,00;77,74;-41,00;114,00;77,74;-48,00;15,00;77,74;-8,00;20,00;77,74;-8,00
11.09.2021;11.09.2021;FCR;1;NEGPOS_12_16;61,00;71,00;61,00;52,00;87,00;80,93;-60,00;67,00;61,00;2,00;562,00;61,00;138,00;508,00;61,00;-62,00;114,00;61,00;-48,00;15,00;61,00;-14,00;20,00;61,00;-8,00
11.09.2021;11.09.2021;FCR;1;NEGPOS_16_20;60,47;71,00;60,47;64,00;87,00;60,61;-60,00;67,00;60,47;33,00;562,00;60,47;112,00;508,00;60,47;-74,00;114,00;60,47;-52,00;15,00;60,47;-15,00;20,00;60,47;-8,00
11.09.2021;11.09.2021;FCR;1;NEGPOS_20_24;44,82;71,00;44,82;21,00;87,00;44,82;-58,00;67,00;44,82;48,00;562,00;44,82;71,00;508,00;44,82;8,00;114,00;44,82;-52,00;15,00;44,82;-15,00;20,00;44,82;-9,00
12.09.2021;12.09.2021;FCR;1;NEGPOS_00_04;64,64;71,00;64,64;26,00;87,00;104,60;-60,00;67,00;64,64;12,00;562,00;64,64;165,00;508,00;64,64;-73,00;114,00;64,64;-48,00;15,00;64,64;-12,00;20,00;64,64;-10,00
12.09.2021;12.09.2021;FCR;1;NEGPOS_04_08;60,00;71,00;60,00;26,00;87,00;117,02;-60,00;67,00;60,00;14,00;562,00;60,00;162,00;508,00;60,00;-70,00;114,00;60,00;-50,00;15,00;60,00;-12,00;20,00;60,00;-10,00
12.09.2021;12.09.2021;FCR;1;NEGPOS_08_12;55,00;71,00;55,00;13,00;87,00;93,87;-60,00;67,00;55,00;13,00;562,00;55,00;152,00;508,00;55,00;-49,00;114,00;55,00;-48,00;15,00;55,00;-12,00;20,00;55,00;-9,00
12.09.2021;12.09.2021;FCR;1;NEGPOS_12_16;60,00;71,00;60,00;31,00;87,00;143,21;-60,00;67,00;60,00;8,00;562,00;60,00;128,00;508,00;60,00;-35,00;114,00;60,00;-48,00;15,00;60,00;-15,00;20,00;60,00;-9,00
12.09.2021;12.09.2021;FCR;1;NEGPOS_16_20;55,00;71,00;55,00;16,00;87,00;115,20;-60,00;67,00;55,00;-2,00;562,00;55,00;147,00;508,00;55,00;-27,00;114,00;55,00;-50,00;15,00;55,00;-15,00;20,00;55,00;-9,00
12.09.2021;12.09.2021;FCR;1;NEGPOS_20_24;44,00;71,00;44,00;15,00;87,00;75,79;-60,00;67,00;44,00;36,00;562,00;44,00;99,00;508,00;44,00;-11,00;114,00;44,00;-54,00;15,00;44,00;-15,00;20,00;44,00;-10,00
13.09.2021;13.09.2021;FCR;1;NEGPOS_00_04;48,00;71,00;48,00;15,00;87,00;86,46;-60,00;67,00;48,00;39,00;562,00;48,00;124,00;508,00;48,00;-29,00;114,00;48,00;-60,00;15,00;48,00;-15,00;20,00;430,33;-14,00
13.09.2021;13.09.2021;FCR;1;NEGPOS_04_08;77,59;71,00;77,59;39,00;87,00;77,59;-58,00;67,00;77,59;69,00;562,00;77,59;68,00;508,00;77,59;-39,00;114,00;77,59;-60,00;15,00;77,59;-10,00;20,00;830,55;-9,00
13.09.2021;13.09.2021;FCR;1;NEGPOS_08_12;57,00;71,00;57,00;89,00;87,00;57,00;-58,00;67,00;51,56;98,00;562,00;57,00;83,00;508,00;57,00;-124,00;114,00;57,00;-58,00;15,00;57,00;-15,00;20,00;57,00;-14,00
13.09.2021;13.09.2021;FCR;1;NEGPOS_12_16;62,90;71,00;62,90;66,00;87,00;62,90;-58,00;67,00;62,90;66,00;562,00;62,90;123,00;508,00;62,90;-110,00;114,00;62,90;-58,00;15,00;62,90;-14,00;20,00;62,90;-14,00
13.09.2021;13.09.2021;FCR;1;NEGPOS_16_20;56,08;71,00;56,08;40,00;87,00;56,08;-58,00;67,00;56,08;94,00;562,00;56,08;86,00;508,00;56,08;-69,00;114,00;56,08;-64,00;15,00;56,08;-15,00;20,00;56,08;-14,00
13.09.2021;13.09.2021;FCR;1;NEGPOS_20_24;54,12;71,00;54,12;20,00;87,00;54,12;-58,00;67,00;49,90;100,00;562,00;54,12;77,00;508,00;54,12;-46,00;114,00;54,12;-64,00;15,00;54,12;-15,00;20,00;54,12;-14,00
14.09.2021;14.09.2021;FCR;1;NEGPOS_00_04;71,88;71,00;71,88;35,00;87,00;71,88;-58,00;67,00;71,88;4,00;562,00;71,88;129,00;508,00;71,88;-32,00;114,00;71,88;-60,00;15,00;71,88;-9,00;20,00;71,88;-9,00
14.09.2021;14.09.2021;FCR;1;NEGPOS_04_08;80,73;71,00;80,73;35,00;87,00;80,73;-58,00;67,00;80,73;45,00;562,00;80,73;57,00;508,00;80,73;-2,00;114,00;80,73;-58,00;15,00;80,73;-9,00;20,00;80,73;-10,00
14.09.2021;14.09.2021;FCR;1;NEGPOS_08_12;54,50;71,00;54,50;30,00;87,00;54,50;-58,00;67,00;54,50;100,00;562,00;54,50;86,00;508,00;54,50;-76,00;114,00;54,50;-58,00;15,00;54,50;-15,00;20,00;54,50;-9,00
14.09.2021;14.09.2021;FCR;1;NEGPOS_12_16;54,00;71,00;54,00;34,00;87,00;58,55;-60,00;67,00;54,00;37,00;562,00;51,41;168,00;508,00;54,00;-97,00;114,00;54,00;-58,00;15,00;54,00;-15,00;20,00;54,00;-9,00
14.09.2021;14.09.2021;FCR;1;NEGPOS_16_20;55,60;71,00;55,60;29,00;87,00;55,60;-58,00;67,00;55,60;87,00;562,00;55,60;69,00;508,00;55,60;-44,00;114,00;55,60;-60,00;15,00;55,60;-15,00;20,00;55,60;-8,00
14.09.2021;14.09.2021;FCR;1;NEGPOS_20_24;55,20;71,00;55,20;36,00;87,00;55,20;-58,00;67,00;55,20;94,00;562,00;55,20;90,00;508,00;55,20;-81,00;114,00;55,20;-60,00;15,00;55,20;-13,00;20,00;55,20;-8,00
15.09.2021;15.09.2021;FCR;1;NEGPOS_00_04;56,00;71,00;56,00;26,00;87,00;75,78;-60,00;67,00;56,00;15,00;562,00;56,00;118,00;508,00;56,00;-15,00;114,00;56,00;-60,00;15,00;56,00;-13,00;20,00;56,00;-11,00
15.09.2021;15.09.2021;FCR;1;NEGPOS_04_08;73,00;71,00;73,00;46,00;87,00;73,00;-60,00;67,00;73,00;53,00;562,00;73,00;53,00;508,00;73,00;-13,00;114,00;73,00;-60,00;15,00;73,00;-8,00;20,00;73,00;-11,00
15.09.2021;15.09.2021;FCR;1;NEGPOS_08_12;60,00;71,00;60,00;61,00;87,00;71,77;-60,00;67,00;60,00;31,00;562,00;60,00;60,00;508,00;60,00;-4,00;114,00;60,00;-64,00;15,00;60,00;-15,00;20,00;60,00;-9,00
15.09.2021;15.09.2021;FCR;1;NEGPOS_12_16;57,28;71,00;57,28;59,00;87,00;57,28;-60,00;67,00;57,28;77,00;562,00;57,28;53,00;508,00;57,28;-54,00;114,00;57,28;-58,00;15,00;57,28;-8,00;20,00;57,28;-9,00
15.09.2021;15.09.2021;FCR;1;NEGPOS_16_20;54,36;71,00;54,36;19,00;87,00;153,46;-60,00;67,00;54,36;57,00;562,00;54,36;107,00;508,00;54,36;-37,00;114,00;54,36;-62,00;15,00;54,36;-15,00;20,00;54,36;-9,00
15.09.2021;15.09.2021;FCR;1;NEGPOS_20_24;55,20;71,00;55,20;23,00;87,00;64,68;-60,00;67,00;55,20;95,00;562,00;55,20;67,00;508,00;55,20;-42,00;114,00;55,20;-62,00;15,00;55,20;-12,00;20,00;55,20;-9,00
16.09.2021;16.09.2021;FCR;1;NEGPOS_00_04;102,48;71,00;102,48;48,00;87,00;107,79;-60,00;67,00;102,48;7,00;562,00;102,48;138,00;508,00;102,48;-49,00;114,00;102,48;-65,00;15,00;102,48;-8,00;20,00;102,48;-11,00
16.09.2021;16.09.2021;FCR;1;NEGPOS_04_08;99,00;71,00;99,00;52,00;87,00;99,00;-59,00;67,00;99,00;49,00;562,00;99,00;88,00;508,00;99,00;-46,00;114,00;99,00;-65,00;15,00;99,00;-8,00;20,00;99,00;-11,00
16.09.2021;16.09.2021;FCR;1;NEGPOS_08_12;50,38;71,00;50,38;49,00;87,00;64,66;-60,00;67,00;50,38;79,00;562,00;50,38;18,00;508,00;50,38;0,00;114,00;50,38;-67,00;15,00;50,38;-9,00;20,00;50,38;-10,00
16.09.2021;16.09.2021;FCR;1;NEGPOS_12_16;51,00;71,00;51,00;34,00;87,00;51,00;-59,00;67,00;51,00;60,00;562,00;51,00;103,00;508,00;51,00;-56,00;114,00;51,00;-63,00;15,00;51,00;-9,00;20,00;51,00;-10,00
16.09.2021;16.09.2021;FCR;1;NEGPOS_16_20;62,00;71,00;62,00;54,00;87,00;67,27;-60,00;67,00;62,00;89,00;562,00;62,00;74,00;508,00;62,00;-68,00;114,00;62,00;-65,00;15,00;62,00;-15,00;20,00;62,00;-9,00
16.09.2021;16.09.2021;FCR;1;NEGPOS_20_24;47,88;71,00;47,88;0,00;87,00;47,88;-59,00;67,00;47,88;60,00;562,00;47,88;69,00;508,00;47,88;23,00;114,00;47,88;-69,00;15,00;47,88;-14,00;20,00;47,88;-10,00
17.09.2021;17.09.2021;FCR;1;NEGPOS_00_04;64,00;71,00;64,00;32,00;87,00;128,77;-60,00;67,00;64,00;9,00;562,00;64,00;122,00;508,00;64,00;-24,00;114,00;64,00;-56,00;15,00;64,00;-12,00;20,00;64,00;-11,00
17.09.2021;17.09.2021;FCR;1;NEGPOS_04_08;73,57;71,00;73,57;36,00;87,00;90,19;-60,00;67,00;73,57;43,00;562,00;73,57;76,00;508,00;73,57;-19,00;114,00;73,57;-56,00;15,00;73,57;-7,00;20,00;73,57;-11,00
17.09.2021;17.09.2021;FCR;1;NEGPOS_08_12;45,00;71,00;45,00;29,00;87,00;76,47;-60,00;67,00;45,00;67,00;562,00;45,00;64,00;508,00;45,00;-19,00;114,00;45,00;-56,00;15,00;45,00;-15,00;20,00;45,00;-10,00
17.09.2021;17.09.2021;FCR;1;NEGPOS_12_16;48,00;71,00;48,00;11,00;87,00;57,37;-60,00;67,00;48,00;69,00;562,00;48,00;118,00;508,00;48,00;-60,00;114,00;48,00;-56,00;15,00;48,00;-12,00;20,00;48,00;-10,00
17.09.2021;17.09.2021;FCR;1;NEGPOS_16_20;50,00;71,00;50,00;21,00;87,00;54,71;-60,00;67,00;50,00;69,00;562,00;50,00;83,00;508,00;50,00;-32,00;114,00;50,00;-56,00;15,00;50,00;-15,00;20,00;50,00;-10,00
17.09.2021;17.09.2021;FCR;1;NEGPOS_20_24;34,00;71,00;34,00;1,00;87,00;59,32;-60,00;67,00;34,00;8,00;562,00;34,00;46,00;508,00;34,00;94,00;114,00;34,00;-60,00;15,00;34,00;-15,00;20,00;34,63;-14,00
18.09.2021;18.09.2021;FCR;1;NEGPOS_00_04;59,52;71,00;59,52;50,00;87,00;59,52;-60,00;67,00;59,52;24,00;562,00;59,52;41,00;508,00;59,52;15,00;114,00;59,52;-46,00;15,00;59,52;-13,00;20,00;59,52;-11,00
18.09.2021;18.09.2021;FCR;1;NEGPOS_04_08;59,00;71,00;59,00;50,00;87,00;72,82;-60,00;67,00;59,00;1,00;562,00;59,00;70,00;508,00;59,00;9,00;114,00;59,00;-46,00;15,00;59,00;-13,00;20,00;59,00;-11,00
18.09.2021;18.09.2021;FCR;1;NEGPOS_08_12;46,00;71,00;46,00;20,00;87,00;93,75;-60,00;67,00;46,00;-1,00;562,00;46,00;115,00;508,00;46,00;-1,00;114,00;46,00;-44,00;15,00;46,00;-15,00;20,00;53,24;-14,00
18.09.2021;18.09.2021;FCR;1;NEGPOS_12_16;47,00;71,00;47,00;20,00;87,00;47,00;-60,00;67,00;47,00;13,00;562,00;47,00;88,00;508,00;47,00;8,00;114,00;47,00;-44,00;15,00;47,00;-11,00;20,00;53,24;-14,00
18.09.2021;18.09.2021;FCR;1;NEGPOS_16_20;45,00;71,00;45,00;5,00;87,00;91,93;-60,00;67,00;45,00;-2,00;562,00;45,00;111,00;508,00;45,00;19,00;114,00;45,00;-44,00;15,00;45,00;-15,00;20,00;53,24;-14,00
18.09.2021;18.09.2021;FCR;1;NEGPOS_20_24;36,44;71,00;36,44;19,00;87,00;74,38;-60,00;67,00;36,44;-1,00;562,00;36,44;103,00;508,00;36,44;12,00;114,00;36,44;-44,00;15,00;36,44;-15,00;20,00;53,24;-14,00
19.09.2021;19.09.2021;FCR;1;NEGPOS_00_04;55,28;71,00;55,28;31,00;87,00;127,20;-60,00;67,00;55,28;15,00;562,00;55,28;135,00;508,00;55,28;-43,00;114,00;55,28;-54,00;15,00;55,28;-13,00;20,00;55,28;-11,00
19.09.2021;19.09.2021;FCR;1;NEGPOS_04_08;59,00;71,00;59,00;44,00;87,00;137,15;-60,00;67,00;59,00;7,00;562,00;59,00;148,00;508,00;59,00;-59,00;114,00;59,00;-56,00;15,00;59,00;-13,00;20,00;59,00;-11,00
19.09.2021;19.09.2021;FCR;1;NEGPOS_08_12;52,00;71,00;52,00;29,00;87,00;86,39;-60,00;67,00;52,00;26,00;562,00;52,00;141,00;508,00;52,00;-63,00;114,00;52,00;-55,00;15,00;52,00;-8,00;20,00;52,00;-10,00
19.09.2021;19.09.2021;FCR;1;NEGPOS_12_16;56,40;71,00;56,40;44,00;87,00;154,52;-60,00;67,00;56,40;13,00;562,00;56,40;127,00;508,00;56,40;-49,00;114,00;56,40;-55,00;15,00;56,40;-11,00;20,00;56,40;-9,00
19.09.2021;19.09.2021;FCR;1;NEGPOS_16_20;55,60;71,00;55,60;38,00;87,00;97,32;-60,00;67,00;55,60;5,00;562,00;55,60;142,00;508,00;55,60;-48,00;114,00;55,60;-57,00;15,00;55,60;-11,00;20,00;55,60;-9,00
19.09.2021;19.09.2021;FCR;1;NEGPOS_20_24;44,00;71,00;44,00;14,00;87,00;58,90;-60,00;67,00;44,00;-1,00;562,00;44,00;94,00;508,00;44,00;34,00;114,00;44,00;-56,00;15,00;44,00;-15,00;20,00;44,00;-10,00
20.09.2021;20.09.2021;FCR;1;NEGPOS_00_04;56,00;71,00;56,00;39,00;87,00;130,18;-60,00;67,00;56,00;16,00;562,00;56,00;132,00;508,00;56,00;-42,00;114,00;56,00;-58,00;15,00;56,00;-13,00;20,00;62,82;-14,00
20.09.2021;20.09.2021;FCR;1;NEGPOS_04_08;71,52;71,00;71,52;44,00;87,00;84,98;-60,00;67,00;71,52;18,00;562,00;71,52;128,00;508,00;71,52;-54,00;114,00;71,52;-58,00;15,00;71,52;-7,00;20,00;71,52;-11,00
20.09.2021;20.09.2021;FCR;1;NEGPOS_08_12;48,00;71,00;48,00;5,00;87,00;48,00;-60,00;67,00;45,60;100,00;562,00;48,00;107,00;508,00;48,00;-67,00;114,00;48,00;-56,00;15,00;48,00;-15,00;20,00;48,05;-14,00
20.09.2021;20.09.2021;FCR;1;NEGPOS_12_16;48,80;71,00;48,80;32,00;87,00;48,80;-60,00;67,00;48,80;46,00;562,00;48,80;140,00;508,00;48,80;-80,00;114,00;48,80;-55,00;15,00;48,80;-12,00;20,00;48,80;-11,00
20.09.2021;20.09.2021;FCR;1;NEGPOS_16_20;56,00;71,00;56,00;29,00;87,00;56,00;-60,00;67,00;44,20;100,00;562,00;56,00;100,00;508,00;56,00;-86,00;114,00;56,00;-59,00;15,00;56,00;-15,00;20,00;56,00;-9,00
20.09.2021;20.09.2021;FCR;1;NEGPOS_20_24;43,33;71,00;43,33;-1,00;87,00;51,66;-60,00;67,00;43,33;81,00;562,00;43,33;83,00;508,00;43,33;-13,00;114,00;43,33;-61,00;15,00;43,33;-15,00;20,00;48,05;-14,00
21.09.2021;21.09.2021;FCR;1;NEGPOS_00_04;67,32;71,00;67,32;37,00;87,00;87,41;-60,00;67,00;67,32;41,00;562,00;67,32;164,00;508,00;67,32;-108,00;114,00;67,32;-55,00;15,00;67,32;-8,00;20,00;67,32;-11,00
21.09.2021;21.09.2021;FCR;1;NEGPOS_04_08;80,68;71,00;80,68;37,00;87,00;80,68;-60,00;67,00;80,68;23,00;562,00;80,68;118,00;508,00;80,68;-43,00;114,00;80,68;-55,00;15,00;80,68;-9,00;20,00;80,68;-11,00
21.09.2021;21.09.2021;FCR;1;NEGPOS_08_12;50,00;71,00;50,00;27,00;87,00;50,00;-60,00;67,00;50,00;94,00;562,00;50,00;112,00;508,00;50,00;-90,00;114,00;50,00;-56,00;15,00;50,00;-15,00;20,00;50,00;-10,00
21.09.2021;21.09.2021;FCR;1;NEGPOS_12_16;54,00;71,00;54,00;27,00;87,00;54,00;-60,00;67,00;54,00;44,00;562,00;50,90;168,00;508,00;54,00;-102,00;114,00;54,00;-56,00;15,00;54,00;-12,00;20,00;54,00;-9,00
21.09.2021;21.09.2021;FCR;1;NEGPOS_16_20;62,00;71,00;62,00;41,00;87,00;62,00;-60,00;67,00;46,40;100,00;562,00;62,00;118,00;508,00;62,00;-117,00;114,00;62,00;-58,00;15,00;62,00;-15,00;20,00;62,00;-9,00
21.09.2021;21.09.2021;FCR;1;NEGPOS_20_24;48,40;71,00;48,40;17,00;87,00;48,40;-60,00;67,00;48,40;56,00;562,00;48,40;117,00;508,00;48,40;-53,00;114,00;48,40;-55,00;15,00;48,40;-12,00;20,00;48,40;-10,00
22.09.2021;22.09.2021;FCR;1;NEGPOS_00_04;63,88;71,00;63,88;47,00;87,00;256,67;-58,00;67,00;63,88;-4,00;562,00;63,88;146,00;508,00;63,88;-59,00;114,00;63,88;-47,00;15,00;63,88;-14,00;20,00;63,88;-11,00
22.09.2021;22.09.2021;FCR;1;NEGPOS_04_08;63,88;71,00;63,88;47,00;87,00;213,04;-58,00;67,00;63,88;18,00;562,00;63,88;121,00;508,00;63,88;-56,00;114,00;63,88;-47,00;15,00;63,88;-14,00;20,00;63,88;-11,00
22.09.2021;22.09.2021;FCR;1;NEGPOS_08_12;56,85;71,00;56,85;60,00;87,00;148,24;-58,00;67,00;56,85;76,00;562,00;56,85;59,00;508,00;56,85;-65,00;114,00;56,85;-48,00;15,00;56,85;-15,00;20,00;56,85;-9,00
22.09.2021;22.09.2021;FCR;1;NEGPOS_12_16;66,00;71,00;66,00;64,00;87,00;189,91;-58,00;67,00;66,00;24,00;562,00;66,00;131,00;508,00;66,00;-94,00;114,00;66,00;-48,00;15,00;66,00;-9,00;20,00;66,00;-10,00
22.09.2021;22.09.2021;FCR;1;NEGPOS_16_20;55,20;71,00;55,20;41,00;87,00;148,28;-58,00;67,00;55,20;74,00;562,00;55,20;109,00;508,00;55,20;-100,00;114,00;55,20;-50,00;15,00;55,20;-6,00;20,00;55,20;-10,00
22.09.2021;22.09.2021;FCR;1;NEGPOS_20_24;45,00;71,00;45,00;25,00;87,00;147,92;-58,00;67,00;45,00;22,00;562,00;45,00;97,00;508,00;45,00;-6,00;114,00;45,00;-51,00;15,00;45,00;-15,00;20,00;53,69;-14,00
23.09.2021;23.09.2021;FCR;1;NEGPOS_00_04;59,00;71,00;59,00;44,00;87,00;219,48;-58,00;67,00;59,00;-4,00;562,00;59,00;150,00;508,00;59,00;-61,00;114,00;59,00;-45,00;15,00;59,00;-15,00;20,00;59,00;-11,00
23.09.2021;23.09.2021;FCR;1;NEGPOS_04_08;67,95;71,00;67,95;44,00;87,00;221,71;-58,00;67,00;67,95;-4,00;562,00;67,95;137,00;508,00;67,95;-55,00;114,00;67,95;-45,00;15,00;67,95;-9,00;20,00;67,95;-10,00
23.09.2021;23.09.2021;FCR;1;NEGPOS_08_12;112,36;71,00;112,36;63,00;87,00;241,07;-60,00;67,00;112,36;41,00;562,00;112,36;125,00;508,00;112,36;-110,00;114,00;112,36;-45,00;15,00;112,36;-4,00;20,00;112,36;-8,00
23.09.2021;23.09.2021;FCR;1;NEGPOS_12_16;127,00;71,00;127,00;61,00;87,00;166,57;-58,00;67,00;127,00;24,00;562,00;127,00;98,00;508,00;127,00;-67,00;114,00;127,00;-45,00;15,00;127,00;-5,00;20,00;127,00;-8,00
23.09.2021;23.09.2021;FCR;1;NEGPOS_16_20;90,68;71,00;90,68;61,00;87,00;237,60;-60,00;67,00;90,68;11,00;562,00;77,08;168,00;508,00;90,68;-121,00;114,00;90,68;-45,00;15,00;90,68;-4,00;20,00;90,68;-10,00
23.09.2021;23.09.2021;FCR;1;NEGPOS_20_24;61,56;71,00;61,56;56,00;87,00;234,40;-60,00;67,00;61,56;9,00;562,00;61,56;133,00;508,00;61,56;-69,00;114,00;61,56;-47,00;15,00;61,56;-12,00;20,00;61,56;-10,00
24.09.2021;24.09.2021;FCR;1;NEGPOS_00_04;70,40;71,00;70,40;49,00;87,00;172,14;-60,00;67,00;70,40;11,00;562,00;70,40;118,00;508,00;70,40;-53,00;114,00;70,40;-45,00;15,00;70,40;-9,00;20,00;70,40;-11,00
24.09.2021;24.09.2021;FCR;1;NEGPOS_04_08;80,50;71,00;80,50;49,00;87,00;154,88;-60,00;67,00;80,50;22,00;562,00;80,50;117,00;508,00;80,50;-64,00;114,00;80,50;-45,00;15,00;80,50;-9,00;20,00;80,50;-10,00
24.09.2021;24.09.2021;FCR;1;NEGPOS_08_12;66,00;71,00;66,00;54,00;87,00;153,80;-60,00;67,00;66,00;74,00;562,00;66,00;83,00;508,00;66,00;-90,00;114,00;66,00;-43,00;15,00;66,00;-7,00;20,00;66,00;-11,00
24.09.2021;24.09.2021;FCR;1;NEGPOS_12_16;95,60;71,00;95,60;54,00;87,00;156,88;-60,00;67,00;95,60;47,00;562,00;95,60;120,00;508,00;95,60;-102,00;114,00;95,60;-43,00;15,00;95,60;-6,00;20,00;95,60;-10,00
24.09.2021;24.09.2021;FCR;1;NEGPOS_16_20;73,58;71,00;73,58;54,00;87,00;154,64;-60,00;67,00;73,58;64,00;562,00;73,58;93,00;508,00;73,58;-88,00;114,00;73,58;-43,00;15,00;73,58;0,00;20,00;73,58;-10,00
24.09.2021;24.09.2021;FCR;1;NEGPOS_20_24;60,05;71,00;60,05;55,00;87,00;158,16;-60,00;67,00;60,05;12,00;562,00;60,05;99,00;508,00;60,05;-38,00;114,00;60,05;-43,00;15,00;60,05;-15,00;20,00;60,05;-10,00
25.09.2021;25.09.2021;FCR;1;NEGPOS_00_04;73,00;71,00;73,00;43,00;87,00;106,27;-60,00;-;-;-;562,00;73,00;134,00;508,00;73,00;-53,00;114,00;73,00;-43,00;15,00;73,00;-9,00;20,00;73,00;-12,00
25.09.2021;25.09.2021;FCR;1;NEGPOS_04_08;61,24;71,00;61,24;43,00;87,00;111,53;-60,00;-;-;-;562,00;61,24;125,00;508,00;61,24;-36,00;114,00;61,24;-45,00;15,00;61,24;-15,00;20,00;61,24;-12,00
25.09.2021;25.09.2021;FCR;1;NEGPOS_08_12;104,28;71,00;104,28;54,00;87,00;104,28;-60,00;-;-;-;562,00;104,28;162,00;508,00;104,28;-101,00;114,00;104,28;-43,00;15,00;104,28;-2,00;20,00;104,28;-10,00
25.09.2021;25.09.2021;FCR;1;NEGPOS_12_16;104,90;71,00;104,90;48,00;87,00;104,90;-60,00;-;-;-;562,00;104,90;149,00;508,00;104,90;-78,00;114,00;104,90;-43,00;15,00;104,90;-6,00;20,00;104,90;-10,00
25.09.2021;25.09.2021;FCR;1;NEGPOS_16_20;63,89;71,00;63,89;48,00;87,00;63,89;-60,00;-;-;-;562,00;63,89;150,00;508,00;63,89;-67,00;114,00;63,89;-45,00;15,00;63,89;-15,00;20,00;63,89;-11,00
25.09.2021;25.09.2021;FCR;1;NEGPOS_20_24;55,00;71,00;55,00;17,00;87,00;55,00;-60,00;-;-;-;562,00;54,79;168,00;508,00;55,00;-54,00;114,00;55,00;-45,00;15,00;55,00;-15,00;20,00;55,00;-11,00
26.09.2021;26.09.2021;FCR;1;NEGPOS_00_04;107,81;71,00;107,81;40,00;87,00;158,16;-60,00;67,00;107,81;30,00;562,00;107,81;160,00;508,00;107,81;-85,00;114,00;107,81;-45,00;15,00;107,81;-8,00;20,00;107,81;-10,00
26.09.2021;26.09.2021;FCR;1;NEGPOS_04_08;103,20;71,00;103,20;40,00;87,00;188,76;-60,00;67,00;103,20;7,00;562,00;103,20;151,00;508,00;103,20;-74,00;114,00;103,20;-45,00;15,00;103,20;-8,00;20,00;103,20;-11,00
26.09.2021;26.09.2021;FCR;1;NEGPOS_08_12;73,00;71,00;73,00;51,00;87,00;117,53;-60,00;67,00;73,00;9,00;562,00;73,00;159,00;508,00;73,00;-97,00;114,00;73,00;-43,00;15,00;73,00;-8,00;20,00;73,00;-11,00
26.09.2021;26.09.2021;FCR;1;NEGPOS_12_16;90,10;71,00;90,10;45,00;87,00;183,86;-60,00;67,00;90,10;0,00;562,00;90,10;141,00;508,00;90,10;-65,00;114,00;90,10;-43,00;15,00;90,10;-8,00;20,00;90,10;-10,00
26.09.2021;26.09.2021;FCR;1;NEGPOS_16_20;89,52;71,00;89,52;45,00;87,00;115,73;-60,00;67,00;89,52;16,00;562,00;89,52;146,00;508,00;89,52;-83,00;114,00;89,52;-45,00;15,00;89,52;-9,00;20,00;89,52;-10,00
26.09.2021;26.09.2021;FCR;1;NEGPOS_20_24;59,68;71,00;59,68;51,00;87,00;59,68;-60,00;67,00;59,68;9,00;562,00;59,68;120,00;508,00;59,68;-49,00;114,00;59,68;-45,00;15,00;59,68;-15,00;20,00;59,68;-11,00
27.09.2021;27.09.2021;FCR;1;NEGPOS_00_04;88,00;71,00;88,00;35,00;87,00;115,42;-60,00;67,00;88,00;5,00;562,00;88,00;124,00;508,00;88,00;-31,00;114,00;88,00;-55,00;15,00;88,00;-7,00;20,00;88,00;-11,00
27.09.2021;27.09.2021;FCR;1;NEGPOS_04_08;122,64;71,00;122,64;35,00;87,00;122,64;-60,00;67,00;122,64;7,00;562,00;122,64;123,00;508,00;122,64;-33,00;114,00;122,64;-55,00;15,00;122,64;-7,00;20,00;122,64;-10,00
27.09.2021;27.09.2021;FCR;1;NEGPOS_08_12;66,00;71,00;66,00;59,00;87,00;66,00;-60,00;67,00;66,00;37,00;562,00;66,00;131,00;508,00;66,00;-93,00;114,00;66,00;-55,00;15,00;66,00;-9,00;20,00;66,00;-10,00
27.09.2021;27.09.2021;FCR;1;NEGPOS_12_16;137,64;71,00;137,64;45,00;87,00;137,64;-58,00;67,00;137,64;18,00;562,00;82,30;168,00;508,00;137,64;-104,00;114,00;137,64;-55,00;15,00;137,64;-7,00;20,00;137,64;-7,00
27.09.2021;27.09.2021;FCR;1;NEGPOS_16_20;86,07;71,00;86,07;53,00;87,00;86,07;-60,00;67,00;86,07;45,00;562,00;86,07;140,00;508,00;86,07;-112,00;114,00;86,07;-55,00;15,00;86,07;-2,00;20,00;86,07;-9,00
27.09.2021;27.09.2021;FCR;1;NEGPOS_20_24;83,42;71,00;83,42;40,00;87,00;83,42;-60,00;67,00;83,42;10,00;562,00;83,42;155,00;508,00;83,42;-75,00;114,00;83,42;-55,00;15,00;83,42;-6,00;20,00;83,42;-9,00
28.09.2021;28.09.2021;FCR;1;NEGPOS_00_04;92,64;71,00;92,64;40,00;87,00;112,42;-60,00;67,00;92,64;6,00;562,00;92,64;158,00;508,00;92,64;-62,00;114,00;92,64;-65,00;15,00;92,64;-7,00;20,00;92,64;-10,00
28.09.2021;28.09.2021;FCR;1;NEGPOS_04_08;122,60;71,00;122,60;40,00;87,00;123,63;-60,00;67,00;122,60;1,00;562,00;122,60;137,00;508,00;122,60;-37,00;114,00;122,60;-65,00;15,00;122,60;-7,00;20,00;122,60;-9,00
28.09.2021;28.09.2021;FCR;1;NEGPOS_08_12;64,61;71,00;64,61;60,00;87,00;111,42;-60,00;67,00;64,61;32,00;562,00;64,61;155,00;508,00;64,61;-95,00;114,00;64,61;-65,00;15,00;64,61;-15,00;20,00;64,61;-10,00
28.09.2021;28.09.2021;FCR;1;NEGPOS_12_16;76,00;71,00;76,00;55,00;87,00;110,70;-60,00;67,00;76,00;14,00;562,00;76,00;168,00;508,00;76,00;-95,00;114,00;76,00;-65,00;15,00;76,00;-7,00;20,00;76,00;-10,00
28.09.2021;28.09.2021;FCR;1;NEGPOS_16_20;78,70;71,00;78,70;64,00;87,00;110,64;-60,00;67,00;78,70;31,00;562,00;78,70;129,00;508,00;78,70;-85,00;114,00;78,70;-65,00;15,00;78,70;-4,00;20,00;78,70;-9,00
28.09.2021;28.09.2021;FCR;1;NEGPOS_20_24;54,00;71,00;54,00;46,00;87,00;111,54;-60,00;67,00;54,00;-18,00;562,00;54,00;156,00;508,00;54,00;-35,00;114,00;54,00;-65,00;15,00;54,00;-15,00;20,00;54,00;-9,00
29.09.2021;29.09.2021;FCR;1;NEGPOS_00_04;185,24;71,00;185,24;41,00;87,00;185,24;-60,00;67,00;185,24;19,00;562,00;185,24;152,00;508,00;185,24;-83,00;114,00;185,24;-53,00;15,00;185,24;-7,00;20,00;185,24;-9,00
29.09.2021;29.09.2021;FCR;1;NEGPOS_04_08;159,92;71,00;159,92;40,00;87,00;179,72;-60,00;67,00;159,92;18,00;562,00;93,32;151,00;508,00;159,92;-80,00;114,00;159,92;-53,00;15,00;159,92;-7,00;20,00;159,92;-9,00
29.09.2021;29.09.2021;FCR;1;NEGPOS_08_12;77,36;71,00;77,36;53,00;87,00;186,82;-60,00;67,00;77,36;7,00;562,00;77,36;129,00;508,00;77,36;-61,00;114,00;77,36;-53,00;15,00;77,36;-4,00;20,00;77,36;-11,00
29.09.2021;29.09.2021;FCR;1;NEGPOS_12_16;155,92;71,00;155,92;38,00;87,00;184,62;-60,00;67,00;155,92;11,00;562,00;92,00;168,00;508,00;155,92;-90,00;114,00;155,92;-53,00;15,00;155,92;-7,00;20,00;155,92;-7,00
29.09.2021;29.09.2021;FCR;1;NEGPOS_16_20;91,92;71,00;91,92;50,00;87,00;183,08;-60,00;67,00;91,92;28,00;562,00;91,92;143,00;508,00;91,92;-95,00;114,00;91,92;-53,00;15,00;91,92;-4,00;20,00;91,92;-9,00
29.09.2021;29.09.2021;FCR;1;NEGPOS_20_24;121,20;71,00;121,20;44,00;87,00;184,73;-60,00;67,00;121,20;14,00;562,00;102,66;168,00;508,00;121,20;-99,00;114,00;121,20;-53,00;15,00;121,20;-4,00;20,00;121,20;-10,00
30.09.2021;30.09.2021;FCR;1;NEGPOS_00_04;190,00;71,00;190,00;40,00;87,00;192,87;-60,00;67,00;190,00;13,00;562,00;190,00;108,00;508,00;190,00;-36,00;114,00;190,00;-43,00;15,00;190,00;-9,00;20,00;190,00;-9,00
30.09.2021;30.09.2021;FCR;1;NEGPOS_04_08;181,04;71,00;181,04;34,00;87,00;181,04;-58,00;67,00;181,04;4,00;562,00;181,04;132,00;508,00;181,04;-40,00;114,00;181,04;-43,00;15,00;181,04;-7,00;20,00;181,04;-9,00
30.09.2021;30.09.2021;FCR;1;NEGPOS_08_12;78,88;71,00;78,88;34,00;87,00;78,88;-60,00;67,00;78,88;31,00;562,00;78,88;53,00;508,00;78,88;6,00;114,00;78,88;-47,00;15,00;78,88;-6,00;20,00;78,88;-11,00
30.09.2021;30.09.2021;FCR;1;NEGPOS_12_16;156,90;71,00;156,90;27,00;87,00;169,59;-60,00;67,00;156,90;19,00;562,00;156,90;46,00;508,00;156,90;30,00;114,00;156,90;-47,00;15,00;156,90;-7,00;20,00;156,90;-8,00
30.09.2021;30.09.2021;FCR;1;NEGPOS_16_20;87,92;71,00;87,92;42,00;87,00;87,92;-58,00;67,00;87,92;24,00;562,00;87,92;79,00;508,00;87,92;-24,00;114,00;87,92;-47,00;15,00;87,92;-6,00;20,00;87,92;-10,00
30.09.2021;30.09.2021;FCR;1;NEGPOS_20_24;75,52;71,00;75,52;45,00;87,00;75,52;-60,00;67,00;75,52;-16,00;562,00;75,52;101,00;508,00;75,52;-9,00;114,00;75,52;-43,00;15,00;75,52;-7,00;20,00;75,52;-11,00
01.10.2021;01.10.2021;FCR;1;NEGPOS_00_04;133,92;71,00;133,92;45,00;87,00;267,02;-60,00;67,00;133,92;12,00;562,00;133,92;93,00;508,00;133,92;-25,00;114,00;133,92;-43,00;15,00;133,92;-8,00;20,00;133,92;-14,00
01.10.2021;01.10.2021;FCR;1;NEGPOS_04_08;197,00;71,00;197,00;40,00;87,00;205,74;-60,00;67,00;197,00;12,00;562,00;197,00;108,00;508,00;197,00;-35,00;114,00;197,00;-43,00;15,00;197,00;-8,00;20,00;197,00;-14,00
01.10.2021;01.10.2021;FCR;1;NEGPOS_08_12;93,08;71,00;93,08;50,00;87,00;148,38;-60,00;67,00;93,08;95,00;562,00;93,08;80,00;508,00;93,08;-92,00;114,00;93,08;-47,00;15,00;93,08;-7,00;20,00;93,08;-11,00
01.10.2021;01.10.2021;FCR;1;NEGPOS_12_16;122,16;71,00;122,16;45,00;87,00;218,06;-60,00;67,00;122,16;8,00;562,00;122,16;121,00;508,00;122,16;-45,00;114,00;122,16;-47,00;15,00;122,16;-8,00;20,00;133,92;-14,00
01.10.2021;01.10.2021;FCR;1;NEGPOS_16_20;107,76;71,00;107,76;50,00;87,00;107,76;-60,00;67,00;107,76;43,00;562,00;107,76;82,00;508,00;107,76;-51,00;114,00;107,76;-47,00;15,00;107,76;-7,00;20,00;107,76;-10,00
01.10.2021;01.10.2021;FCR;1;NEGPOS_20_24;105,60;71,00;105,60;45,00;87,00;105,60;-60,00;67,00;105,60;18,00;562,00;105,60;98,00;508,00;105,60;-41,00;114,00;105,60;-43,00;15,00;105,60;-6,00;20,00;105,60;-11,00
02.10.2021;02.10.2021;FCR;1;NEGPOS_00_04;178,00;71,00;178,00;47,00;87,00;313,47;-60,00;67,00;178,00;8,00;562,00;178,00;123,00;508,00;178,00;-49,00;114,00;178,00;-43,00;15,00;178,00;-8,00;20,00;178,00;-10,00
02.10.2021;02.10.2021;FCR;1;NEGPOS_04_08;209,00;71,00;209,00;42,00;87,00;316,47;-60,00;67,00;209,00;4,00;562,00;209,00;123,00;508,00;209,00;-46,00;114,00;209,00;-43,00;15,00;209,00;-8,00;20,00;209,00;-10,00
02.10.2021;02.10.2021;FCR;1;NEGPOS_08_12;91,55;71,00;91,55;51,00;87,00;249,73;-60,00;67,00;91,55;-13,00;562,00;91,55;111,00;508,00;91,55;-30,00;114,00;91,55;-43,00;15,00;91,55;-5,00;20,00;91,55;-11,00
02.10.2021;02.10.2021;FCR;1;NEGPOS_12_16;250,00;71,00;250,00;45,00;87,00;311,61;-60,00;67,00;250,00;14,00;562,00;250,00;129,00;508,00;250,00;-67,00;114,00;250,00;-43,00;15,00;250,00;-8,00;20,00;250,00;-10,00
02.10.2021;02.10.2021;FCR;1;NEGPOS_16_20;208,42;71,00;208,42;56,00;87,00;269,47;-60,00;67,00;208,42;20,00;562,00;208,42;131,00;508,00;208,42;-73,00;114,00;208,42;-43,00;15,00;208,42;-6,00;20,00;208,42;-10,00
02.10.2021;02.10.2021;FCR;1;NEGPOS_20_24;100,00;71,00;100,00;53,00;87,00;254,97;-60,00;67,00;100,00;3,00;562,00;100,00;95,00;508,00;100,00;-29,00;114,00;100,00;-43,00;15,00;100,00;-7,00;20,00;100,00;-12,00
03.10.2021;03.10.2021;FCR;2;NEGPOS_00_04;1634,52;-;-;-;87,00;1634,52;-59,00;-;-;-;562,00;1634,52;6,00;508,00;1634,52;110,00;114,00;1634,52;-49,00;-;-;-;20,00;1634,52;-8,00
03.10.2021;03.10.2021;FCR;2;NEGPOS_04_08;1395,40;-;-;-;87,00;1395,40;-59,00;-;-;-;562,00;1395,40;-29,00;508,00;1395,40;147,00;114,00;1395,40;-51,00;-;-;-;20,00;1395,40;-8,00
03.10.2021;03.10.2021;FCR;2;NEGPOS_08_12;949,84;-;-;-;87,00;949,84;-59,00;-;-;-;562,00;949,84;2,00;508,00;949,84;116,00;114,00;949,84;-51,00;-;-;-;20,00;949,84;-8,00
03.10.2021;03.10.2021;FCR;2;NEGPOS_12_16;868,80;-;-;-;87,00;868,80;-59,00;-;-;-;562,00;868,80;2,00;508,00;868,80;114,00;114,00;868,80;-49,00;-;-;-;20,00;868,80;-8,00
03.10.2021;03.10.2021;FCR;2;NEGPOS_16_20;761,92;-;-;-;87,00;761,92;-59,00;-;-;-;562,00;761,92;1,00;508,00;761,92;115,00;114,00;761,92;-49,00;-;-;-;20,00;761,92;-8,00
03.10.2021;03.10.2021;FCR;2;NEGPOS_20_24;720,52;-;-;-;87,00;720,52;-59,00;-;-;-;562,00;720,52;21,00;508,00;720,52;95,00;114,00;720,52;-49,00;-;-;-;20,00;720,52;-8,00
04.10.2021;04.10.2021;FCR;1;NEGPOS_00_04;100,50;71,00;100,50;29,00;87,00;239,45;-60,00;67,00;100,50;13,00;562,00;100,50;84,00;508,00;100,50;-5,00;114,00;100,50;-43,00;15,00;100,50;-8,00;20,00;100,50;-10,00
04.10.2021;04.10.2021;FCR;1;NEGPOS_04_08;160,63;71,00;160,63;30,00;87,00;160,63;-59,00;67,00;160,63;53,00;562,00;160,63;94,00;508,00;160,63;-56,00;114,00;160,63;-43,00;15,00;160,63;-8,00;20,00;160,63;-9,00
04.10.2021;04.10.2021;FCR;1;NEGPOS_08_12;89,03;71,00;89,03;47,00;87,00;89,03;-59,00;67,00;59,20;100,00;562,00;89,03;96,00;508,00;89,03;-126,00;114,00;89,03;-43,00;15,00;89,03;-6,00;20,00;89,03;-9,00
04.10.2021;04.10.2021;FCR;1;NEGPOS_12_16;153,88;71,00;153,88;38,00;87,00;153,88;-59,00;67,00;108,40;100,00;562,00;153,88;141,00;508,00;153,88;-161,00;114,00;153,88;-43,00;15,00;153,88;-7,00;20,00;153,88;-9,00
04.10.2021;04.10.2021;FCR;1;NEGPOS_16_20;117,08;71,00;117,08;52,00;87,00;117,08;-59,00;67,00;59,30;99,00;562,00;117,08;148,00;508,00;117,08;-181,00;114,00;117,08;-43,00;15,00;117,08;-7,00;20,00;117,08;-9,00
04.10.2021;04.10.2021;FCR;1;NEGPOS_20_24;88,00;71,00;88,00;40,00;87,00;88,00;-59,00;67,00;88,00;75,00;562,00;88,00;95,00;508,00;88,00;-92,00;114,00;88,00;-43,00;15,00;88,00;-6,00;20,00;88,00;-10,00
05.10.2021;05.10.2021;FCR;1;NEGPOS_00_04;108,80;71,00;108,80;29,00;87,00;213,71;-60,00;67,00;108,80;14,00;562,00;108,80;116,00;508,00;108,80;-40,00;114,00;108,80;-43,00;15,00;108,80;-8,00;20,00;108,80;-8,00
05.10.2021;05.10.2021;FCR;1;NEGPOS_04_08;112,00;71,00;112,00;30,00;87,00;176,87;-60,00;67,00;112,00;33,00;562,00;112,00;118,00;508,00;112,00;-62,00;114,00;112,00;-43,00;15,00;112,00;-8,00;20,00;112,00;-8,00
05.10.2021;05.10.2021;FCR;1;NEGPOS_08_12;118,80;71,00;118,80;41,00;87,00;118,80;-59,00;67,00;62,00;100,00;562,00;118,80;131,00;508,00;118,80;-154,00;114,00;118,80;-44,00;15,00;118,80;-8,00;20,00;118,80;-7,00
05.10.2021;05.10.2021;FCR;1;NEGPOS_12_16;107,71;71,00;107,71;11,00;87,00;196,73;-60,00;67,00;107,71;79,00;562,00;107,71;163,00;508,00;107,71;-126,00;114,00;107,71;-44,00;15,00;107,71;-8,00;20,00;107,71;-7,00
05.10.2021;05.10.2021;FCR;1;NEGPOS_16_20;107,39;71,00;107,39;28,00;87,00;107,39;-59,00;67,00;107,39;83,00;562,00;107,39;130,00;508,00;107,39;-121,00;114,00;107,39;-44,00;15,00;107,39;-8,00;20,00;107,39;-7,00
05.10.2021;05.10.2021;FCR;1;NEGPOS_20_24;67,92;71,00;67,92;40,00;87,00;134,09;-60,00;67,00;67,92;37,00;562,00;67,92;72,00;508,00;67,92;-29,00;114,00;67,92;-43,00;15,00;67,92;-8,00;20,00;67,92;-9,00
06.10.2021;06.10.2021;FCR;1;NEGPOS_00_04;100,00;71,00;100,00;36,00;87,00;271,32;-60,00;67,00;100,00;18,00;562,00;100,00;104,00;508,00;100,00;-35,00;114,00;100,00;-45,00;15,00;100,00;-8,00;20,00;100,00;-10,00
06.10.2021;06.10.2021;FCR;1;NEGPOS_04_08;134,70;71,00;134,70;37,00;87,00;214,38;-60,00;67,00;134,70;22,00;562,00;134,70;108,00;508,00;134,70;-46,00;114,00;134,70;-45,00;15,00;134,70;-8,00;20,00;134,70;-8,00
06.10.2021;06.10.2021;FCR;1;NEGPOS_08_12;138,65;71,00;138,65;30,00;87,00;138,65;-59,00;67,00;84,40;99,00;562,00;138,65;115,00;508,00;138,65;-121,00;114,00;138,65;-45,00;15,00;138,65;-8,00;20,00;138,65;-7,00
06.10.2021;06.10.2021;FCR;1;NEGPOS_12_16;131,04;71,00;131,04;24,00;87,00;168,78;-60,00;67,00;131,04;57,00;562,00;131,04;163,00;508,00;131,04;-123,00;114,00;131,04;-45,00;15,00;131,04;-8,00;20,00;131,04;-8,00
06.10.2021;06.10.2021;FCR;1;NEGPOS_16_20;77,00;71,00;77,00;30,00;87,00;77,00;-59,00;67,00;77,00;99,00;562,00;77,00;67,00;508,00;77,00;-73,00;114,00;77,00;-45,00;15,00;77,00;-9,00;20,00;77,00;-10,00
06.10.2021;06.10.2021;FCR;1;NEGPOS_20_24;66,00;71,00;66,00;42,00;87,00;66,00;-59,00;67,00;66,00;28,00;562,00;66,00;68,00;508,00;66,00;-16,00;114,00;66,00;-45,00;15,00;66,00;-8,00;20,00;66,00;-10,00
07.10.2021;07.10.2021;FCR;1;NEGPOS_00_04;75,08;71,00;75,08;57,00;87,00;111,65;-60,00;67,00;75,08;31,00;562,00;75,08;51,00;508,00;75,08;-11,00;114,00;75,08;-45,00;15,00;75,08;-9,00;20,00;75,08;-12,00
07.10.2021;07.10.2021;FCR;1;NEGPOS_04_08;88,15;71,00;88,15;51,00;87,00;95,52;-60,00;67,00;88,15;23,00;562,00;88,15;56,00;508,00;88,15;-1,00;114,00;88,15;-47,00;15,00;88,15;-8,00;20,00;88,15;-11,00
07.10.2021;07.10.2021;FCR;1;NEGPOS_08_12;60,00;71,00;60,00;23,00;87,00;117,39;-60,00;67,00;60,00;0,00;562,00;60,00;29,00;508,00;60,00;82,00;114,00;60,00;-49,00;15,00;60,00;-15,00;20,00;60,00;-10,00
07.10.2021;07.10.2021;FCR;1;NEGPOS_12_16;75,96;71,00;75,96;38,00;87,00;75,96;-59,00;67,00;75,96;13,00;562,00;75,96;121,00;508,00;75,96;-46,00;114,00;75,96;-47,00;15,00;75,96;-8,00;20,00;75,96;-10,00
07.10.2021;07.10.2021;FCR;1;NEGPOS_16_20;87,48;71,00;87,48;29,00;87,00;123,31;-60,00;67,00;87,48;3,00;562,00;87,48;107,00;508,00;87,48;-13,00;114,00;87,48;-49,00;15,00;87,48;-8,00;20,00;87,48;-9,00
07.10.2021;07.10.2021;FCR;1;NEGPOS_20_24;56,70;71,00;56,70;35,00;87,00;85,07;-60,00;67,00;56,70;-7,00;562,00;56,70;100,00;508,00;56,70;4,00;114,00;56,70;-47,00;15,00;56,70;-15,00;20,00;56,70;-10,00
08.10.2021;08.10.2021;FCR;1;NEGPOS_00_04;166,00;71,00;166,00;58,00;87,00;166,00;-59,00;67,00;166,00;32,00;562,00;166,00;78,00;508,00;166,00;-47,00;114,00;166,00;-47,00;15,00;166,00;-8,00;20,00;166,00;-7,00
08.10.2021;08.10.2021;FCR;1;NEGPOS_04_08;157,16;71,00;157,16;72,00;87,00;157,16;-59,00;67,00;157,16;24,00;562,00;157,16;62,00;508,00;157,16;-36,00;114,00;157,16;-47,00;15,00;157,16;-8,00;20,00;157,16;-8,00
08.10.2021;08.10.2021;FCR;1;NEGPOS_08_12;55,20;71,00;55,20;23,00;87,00;112,37;-60,00;67,00;55,20;38,00;562,00;55,20;35,00;508,00;55,20;37,00;114,00;55,20;-48,00;15,00;55,20;-15,00;20,00;55,20;-10,00
08.10.2021;08.10.2021;FCR;1;NEGPOS_12_16;62,97;71,00;62,97;42,00;87,00;62,97;-59,00;67,00;62,97;19,00;562,00;62,97;46,00;508,00;62,97;16,00;114,00;62,97;-46,00;15,00;62,97;-6,00;20,00;62,97;-10,00
08.10.2021;08.10.2021;FCR;1;NEGPOS_16_20;58,32;71,00;58,32;40,00;87,00;100,21;-60,00;67,00;58,32;27,00;562,00;58,32;35,00;508,00;58,32;31,00;114,00;58,32;-48,00;15,00;58,32;-15,00;20,00;58,32;-10,00
08.10.2021;08.10.2021;FCR;1;NEGPOS_20_24;48,00;71,00;48,00;26,00;87,00;60,75;-60,00;67,00;48,00;3,00;562,00;48,00;22,00;508,00;48,00;82,00;114,00;48,00;-47,00;15,00;48,00;-15,00;20,00;48,00;-11,00
09.10.2021;09.10.2021;FCR;1;NEGPOS_00_04;70,00;71,00;70,00;38,00;87,00;147,10;-60,00;67,00;70,00;-21,00;562,00;70,00;87,00;508,00;70,00;17,00;114,00;70,00;-45,00;15,00;70,00;-6,00;20,00;70,00;-10,00
09.10.2021;09.10.2021;FCR;1;NEGPOS_04_08;120,00;71,00;120,00;49,00;87,00;132,54;-60,00;67,00;120,00;-3,00;562,00;120,00;121,00;508,00;120,00;-43,00;114,00;120,00;-47,00;15,00;120,00;-6,00;20,00;120,00;-8,00
09.10.2021;09.10.2021;FCR;1;NEGPOS_08_12;184,00;71,00;184,00;70,00;87,00;184,00;-58,00;67,00;184,00;18,00;562,00;184,00;27,00;508,00;184,00;-5,00;114,00;184,00;-47,00;15,00;184,00;0,00;20,00;184,00;-5,00
09.10.2021;09.10.2021;FCR;1;NEGPOS_12_16;89,50;71,00;89,50;45,00;87,00;188,30;-60,00;67,00;89,50;-1,00;562,00;89,50;72,00;508,00;89,50;-2,00;114,00;89,50;-45,00;15,00;89,50;0,00;20,00;89,50;-9,00
09.10.2021;09.10.2021;FCR;1;NEGPOS_16_20;162,12;71,00;162,12;76,00;87,00;162,12;-58,00;67,00;162,12;-6,00;562,00;162,12;81,00;508,00;162,12;-40,00;114,00;162,12;-47,00;15,00;162,12;0,00;20,00;162,12;-6,00
09.10.2021;09.10.2021;FCR;1;NEGPOS_20_24;120,92;71,00;120,92;55,00;87,00;120,92;-58,00;67,00;120,92;1,00;562,00;120,92;121,00;508,00;120,92;-63,00;114,00;120,92;-47,00;15,00;120,92;-2,00;20,00;120,92;-7,00
10.10.2021;10.10.2021;FCR;1;NEGPOS_00_04;316,52;71,00;316,52;42,00;87,00;316,52;-55,00;67,00;316,52;41,00;562,00;290,88;168,00;508,00;316,52;-130,00;114,00;316,52;-47,00;15,00;316,52;-7,00;20,00;316,52;-12,00
10.10.2021;10.10.2021;FCR;1;NEGPOS_04_08;120,00;71,00;120,00;42,00;87,00;162,10;-60,00;67,00;120,00;0,00;562,00;120,00;115,00;508,00;120,00;-28,00;114,00;120,00;-47,00;15,00;120,00;-7,00;20,00;120,00;-14,00
10.10.2021;10.10.2021;FCR;1;NEGPOS_08_12;107,00;71,00;107,00;49,00;87,00;127,94;-60,00;67,00;107,00;4,00;562,00;107,00;91,00;508,00;107,00;-21,00;114,00;107,00;-47,00;15,00;107,00;-3,00;20,00;107,00;-13,00
10.10.2021;10.10.2021;FCR;1;NEGPOS_12_16;89,00;71,00;89,00;43,00;87,00;262,74;-60,00;67,00;89,00;-1,00;562,00;89,00;59,00;508,00;89,00;21,00;114,00;89,00;-45,00;15,00;89,00;-3,00;20,00;106,96;-14,00
10.10.2021;10.10.2021;FCR;1;NEGPOS_16_20;129,90;71,00;129,90;53,00;87,00;129,90;-59,00;67,00;129,90;-6,00;562,00;129,90;131,00;508,00;129,90;-58,00;114,00;129,90;-47,00;15,00;129,90;0,00;20,00;129,90;-13,00
10.10.2021;10.10.2021;FCR;1;NEGPOS_20_24;100,88;71,00;100,88;48,00;87,00;100,88;-58,00;67,00;100,88;3,00;562,00;100,88;82,00;508,00;100,88;-12,00;114,00;100,88;-47,00;15,00;100,88;-2,00;20,00;106,96;-14,00
11.10.2021;11.10.2021;FCR;1;NEGPOS_00_04;130,40;71,00;130,40;34,00;87,00;178,10;-60,00;67,00;130,40;-2,00;562,00;130,40;118,00;508,00;130,40;-25,00;114,00;130,40;-45,00;15,00;130,40;-8,00;20,00;130,40;-10,00
11.10.2021;11.10.2021;FCR;1;NEGPOS_04_08;140,00;71,00;140,00;34,00;87,00;140,00;-59,00;67,00;140,00;23,00;562,00;140,00;109,00;508,00;140,00;-43,00;114,00;140,00;-47,00;15,00;140,00;-8,00;20,00;140,00;-9,00
11.10.2021;11.10.2021;FCR;1;NEGPOS_08_12;102,00;71,00;102,00;57,00;87,00;102,00;-58,00;67,00;102,00;75,00;562,00;102,00;51,00;508,00;102,00;-64,00;114,00;102,00;-47,00;15,00;102,00;-4,00;20,00;102,00;-10,00
11.10.2021;11.10.2021;FCR;1;NEGPOS_12_16;95,00;71,00;95,00;31,00;87,00;95,00;-58,00;67,00;95,00;55,00;562,00;95,00;86,00;508,00;95,00;-52,00;114,00;95,00;-45,00;15,00;95,00;-6,00;20,00;95,00;-11,00
11.10.2021;11.10.2021;FCR;1;NEGPOS_16_20;102,72;71,00;102,72;53,00;87,00;102,72;-58,00;67,00;102,72;82,00;562,00;102,72;35,00;508,00;102,72;-54,00;114,00;102,72;-45,00;15,00;102,72;-2,00;20,00;102,72;-11,00
11.10.2021;11.10.2021;FCR;1;NEGPOS_20_24;108,90;71,00;108,90;49,00;87,00;108,90;-58,00;67,00;108,90;52,00;562,00;108,90;61,00;508,00;108,90;-43,00;114,00;108,90;-45,00;15,00;108,90;-6,00;20,00;108,90;-10,00
12.10.2021;12.10.2021;FCR;1;NEGPOS_00_04;172,70;71,00;172,70;31,00;87,00;265,22;-60,00;67,00;172,70;33,00;562,00;172,70;111,00;508,00;172,70;-52,00;114,00;172,70;-45,00;15,00;172,70;-7,00;20,00;172,70;-8,00
12.10.2021;12.10.2021;FCR;1;NEGPOS_04_08;198,68;71,00;198,68;31,00;87,00;198,68;-59,00;67,00;198,68;42,00;562,00;198,68;67,00;508,00;198,68;-14,00;114,00;198,68;-45,00;15,00;198,68;-7,00;20,00;198,68;-11,00
12.10.2021;12.10.2021;FCR;1;NEGPOS_08_12;157,20;71,00;157,20;82,00;87,00;157,20;-58,00;67,00;102,00;98,00;562,00;157,20;69,00;508,00;157,20;-130,00;114,00;157,20;-45,00;15,00;157,20;-7,00;20,00;157,20;-9,00
12.10.2021;12.10.2021;FCR;1;NEGPOS_12_16;166,80;71,00;166,80;56,00;87,00;167,14;-60,00;67,00;166,80;47,00;562,00;166,80;100,00;508,00;166,80;-85,00;114,00;166,80;-45,00;15,00;166,80;-7,00;20,00;166,80;-6,00
12.10.2021;12.10.2021;FCR;1;NEGPOS_16_20;123,96;71,00;123,96;58,00;87,00;123,96;-58,00;67,00;123,96;78,00;562,00;123,96;86,00;508,00;123,96;-103,00;114,00;123,96;-45,00;15,00;123,96;-7,00;20,00;123,96;-9,00
12.10.2021;12.10.2021;FCR;1;NEGPOS_20_24;113,76;71,00;113,76;49,00;87,00;113,76;-59,00;67,00;113,76;31,00;562,00;113,76;52,00;508,00;113,76;-11,00;114,00;113,76;-47,00;15,00;113,76;-7,00;20,00;113,76;-8,00
13.10.2021;13.10.2021;FCR;1;NEGPOS_00_04;292,36;71,00;292,36;31,00;87,00;292,36;-59,00;67,00;292,36;3,00;562,00;292,36;70,00;508,00;292,36;18,00;114,00;292,36;-47,00;15,00;292,36;-8,00;20,00;292,36;-8,00
13.10.2021;13.10.2021;FCR;1;NEGPOS_04_08;224,15;71,00;224,15;51,00;87,00;224,15;-59,00;67,00;224,15;30,00;562,00;224,15;15,00;508,00;224,15;26,00;114,00;224,15;-47,00;15,00;224,15;-8,00;20,00;224,15;-8,00
13.10.2021;13.10.2021;FCR;1;NEGPOS_08_12;158,40;71,00;158,40;82,00;87,00;158,40;-59,00;67,00;132,00;100,00;562,00;158,40;49,00;508,00;158,40;-113,00;114,00;158,40;-47,00;15,00;158,40;-4,00;20,00;158,40;-8,00
13.10.2021;13.10.2021;FCR;1;NEGPOS_12_16;139,38;71,00;139,38;52,00;87,00;139,38;-59,00;67,00;139,38;99,00;562,00;139,38;55,00;508,00;139,38;-87,00;114,00;139,38;-45,00;15,00;139,38;-6,00;20,00;139,38;-8,00
13.10.2021;13.10.2021;FCR;1;NEGPOS_16_20;124,60;71,00;124,60;58,00;87,00;124,60;-59,00;67,00;124,60;84,00;562,00;124,60;68,00;508,00;124,60;-91,00;114,00;124,60;-47,00;15,00;124,60;-4,00;20,00;124,60;-9,00
13.10.2021;13.10.2021;FCR;1;NEGPOS_20_24;139,08;71,00;139,08;55,00;87,00;139,08;-59,00;67,00;139,08;69,00;562,00;139,08;58,00;508,00;139,08;-61,00;114,00;139,08;-47,00;15,00;139,08;-6,00;20,00;139,08;-9,00
14.10.2021;14.10.2021;FCR;1;NEGPOS_00_04;344,84;71,00;344,84;39,00;87,00;344,84;-59,00;67,00;344,84;96,00;562,00;344,84;5,00;508,00;344,84;-18,00;114,00;344,84;-45,00;15,00;344,84;-8,00;20,00;344,84;-10,00
14.10.2021;14.10.2021;FCR;1;NEGPOS_04_08;284,40;71,00;284,40;59,00;87,00;284,40;-59,00;67,00;284,40;77,00;562,00;284,40;-6,00;508,00;284,40;-8,00;114,00;284,40;-45,00;15,00;284,40;-8,00;20,00;284,40;-10,00
14.10.2021;14.10.2021;FCR;1;NEGPOS_08_12;170,30;71,00;170,30;83,00;87,00;170,30;-59,00;67,00;170,30;96,00;562,00;170,30;43,00;508,00;170,30;-98,00;114,00;170,30;-55,00;15,00;170,30;-2,00;20,00;170,30;-8,00
14.10.2021;14.10.2021;FCR;1;NEGPOS_12_16;227,00;71,00;227,00;60,00;87,00;227,00;-59,00;67,00;227,00;62,00;562,00;227,00;44,00;508,00;227,00;-46,00;114,00;227,00;-45,00;15,00;227,00;-7,00;20,00;227,00;-9,00
14.10.2021;14.10.2021;FCR;1;NEGPOS_16_20;172,48;71,00;172,48;75,00;87,00;172,48;-59,00;67,00;172,48;79,00;562,00;172,48;47,00;508,00;172,48;-86,00;114,00;172,48;-45,00;15,00;172,48;-2,00;20,00;172,48;-9,00
14.10.2021;14.10.2021;FCR;1;NEGPOS_20_24;134,32;71,00;134,32;42,00;87,00;134,32;-59,00;67,00;134,32;41,00;562,00;134,32;42,00;508,00;134,32;-6,00;114,00;134,32;-45,00;15,00;134,32;-4,00;20,00;134,32;-11,00
15.10.2021;15.10.2021;FCR;1;NEGPOS_00_04;360,00;71,00;360,00;43,00;87,00;360,00;-55,00;67,00;353,30;100,00;562,00;360,00;-19,00;508,00;360,00;-5,00;114,00;360,00;-45,00;15,00;360,00;-8,00;20,00;360,00;-11,00
15.10.2021;15.10.2021;FCR;1;NEGPOS_04_08;317,60;71,00;317,60;43,00;87,00;317,60;-58,00;67,00;307,40;100,00;562,00;317,60;-13,00;508,00;317,60;-7,00;114,00;317,60;-45,00;15,00;317,60;-8,00;20,00;317,60;-12,00
15.10.2021;15.10.2021;FCR;1;NEGPOS_08_12;173,20;71,00;173,20;79,00;87,00;173,20;-59,00;67,00;102,00;100,00;562,00;173,20;3,00;508,00;173,20;-59,00;114,00;173,20;-45,00;15,00;173,20;-7,00;20,00;173,20;-12,00
15.10.2021;15.10.2021;FCR;1;NEGPOS_12_16;255,52;71,00;255,52;65,00;87,00;255,52;-59,00;67,00;201,30;98,00;562,00;255,52;4,00;508,00;255,52;-43,00;114,00;255,52;-45,00;15,00;255,52;-7,00;20,00;255,52;-13,00
15.10.2021;15.10.2021;FCR;1;NEGPOS_16_20;188,56;71,00;188,56;88,00;87,00;188,56;-59,00;67,00;134,70;100,00;562,00;188,56;1,00;508,00;188,56;-62,00;114,00;188,56;-47,00;15,00;188,56;-8,00;20,00;188,56;-13,00
15.10.2021;15.10.2021;FCR;1;NEGPOS_20_24;168,20;71,00;168,20;50,00;87,00;168,20;-59,00;67,00;168,20;96,00;562,00;168,20;1,00;508,00;168,20;-19,00;114,00;168,20;-47,00;15,00;168,20;-9,00;20,00;168,20;-13,00
16.10.2021;16.10.2021;FCR;1;NEGPOS_00_04;258,50;71,00;258,50;38,00;87,00;258,50;-59,00;67,00;258,50;13,00;562,00;258,50;36,00;508,00;258,50;38,00;114,00;258,50;-47,00;15,00;258,50;-8,00;20,00;258,50;-11,00
16.10.2021;16.10.2021;FCR;1;NEGPOS_04_08;245,69;71,00;245,69;33,00;87,00;245,69;-59,00;67,00;245,69;25,00;562,00;245,69;40,00;508,00;245,69;27,00;114,00;245,69;-47,00;15,00;245,69;-8,00;20,00;245,69;-11,00
16.10.2021;16.10.2021;FCR;1;NEGPOS_08_12;218,56;71,00;218,56;82,00;87,00;218,56;-59,00;67,00;218,56;56,00;562,00;218,56;36,00;508,00;218,56;-55,00;114,00;218,56;-47,00;15,00;218,56;-2,00;20,00;218,56;-11,00
16.10.2021;16.10.2021;FCR;1;NEGPOS_12_16;260,00;71,00;260,00;67,00;87,00;260,00;-59,00;67,00;260,00;50,00;562,00;260,00;49,00;508,00;260,00;-44,00;114,00;260,00;-45,00;15,00;260,00;-7,00;20,00;260,00;-11,00
16.10.2021;16.10.2021;FCR;1;NEGPOS_16_20;198,00;71,00;198,00;82,00;87,00;198,00;-59,00;67,00;198,00;26,00;562,00;198,00;23,00;508,00;198,00;-9,00;114,00;198,00;-47,00;15,00;198,00;-4,00;20,00;198,00;-12,00
16.10.2021;16.10.2021;FCR;1;NEGPOS_20_24;205,28;71,00;205,28;47,00;87,00;205,28;-59,00;67,00;205,28;44,00;562,00;205,28;12,00;508,00;205,28;23,00;114,00;205,28;-47,00;15,00;205,28;-7,00;20,00;205,28;-13,00
17.10.2021;17.10.2021;FCR;1;NEGPOS_00_04;253,58;71,00;253,58;42,00;87,00;253,58;-55,00;67,00;253,58;14,00;562,00;253,58;79,00;508,00;253,58;-14,00;114,00;253,58;-47,00;15,00;253,58;-8,00;20,00;253,58;-10,00
17.10.2021;17.10.2021;FCR;1;NEGPOS_04_08;256,29;71,00;256,29;42,00;87,00;256,29;-58,00;67,00;256,29;7,00;562,00;256,29;84,00;508,00;256,29;3,00;114,00;256,29;-47,00;15,00;256,29;-8,00;20,00;256,29;-10,00
17.10.2021;17.10.2021;FCR;1;NEGPOS_08_12;288,00;71,00;288,00;70,00;87,00;288,00;-55,00;67,00;288,00;25,00;562,00;288,00;86,00;508,00;288,00;-65,00;114,00;288,00;-45,00;15,00;288,00;-7,00;20,00;288,00;-9,00
17.10.2021;17.10.2021;FCR;1;NEGPOS_12_16;277,08;71,00;277,08;49,00;87,00;277,08;-59,00;67,00;277,08;13,00;562,00;277,08;80,00;508,00;277,08;-21,00;114,00;277,08;-45,00;15,00;277,08;-8,00;20,00;277,08;-9,00
17.10.2021;17.10.2021;FCR;1;NEGPOS_16_20;196,40;71,00;196,40;91,00;87,00;196,40;-59,00;67,00;196,40;0,00;562,00;196,40;12,00;508,00;196,40;14,00;114,00;196,40;-47,00;15,00;196,40;0,00;20,00;196,40;-11,00
17.10.2021;17.10.2021;FCR;1;NEGPOS_20_24;196,18;71,00;196,18;62,00;87,00;196,18;-58,00;67,00;196,18;14,00;562,00;196,18;21,00;508,00;196,18;22,00;114,00;196,18;-45,00;15,00;196,18;-4,00;20,00;196,18;-11,00
18.10.2021;18.10.2021;FCR;1;NEGPOS_00_04;222,00;71,00;222,00;48,00;87,00;222,00;-58,00;67,00;222,00;22,00;562,00;222,00;64,00;508,00;222,00;-17,00;114,00;222,00;-45,00;15,00;222,00;-8,00;20,00;222,00;-6,00
18.10.2021;18.10.2021;FCR;1;NEGPOS_04_08;245,84;71,00;245,84;69,00;87,00;245,84;-55,00;67,00;245,84;20,00;562,00;245,84;26,00;508,00;245,84;0,00;114,00;245,84;-45,00;15,00;245,84;-8,00;20,00;245,84;-7,00
18.10.2021;18.10.2021;FCR;1;NEGPOS_08_12;151,72;71,00;151,72;50,00;87,00;153,14;-60,00;67,00;151,72;54,00;562,00;151,72;2,00;508,00;151,72;12,00;114,00;151,72;-45,00;15,00;151,72;-7,00;20,00;151,72;-6,00
18.10.2021;18.10.2021;FCR;1;NEGPOS_12_16;164,18;71,00;137,04;100,00;87,00;164,18;-58,00;67,00;164,18;52,00;562,00;164,18;13,00;508,00;164,18;-49,00;114,00;164,18;-45,00;15,00;164,18;-7,00;20,00;164,18;-6,00
18.10.2021;18.10.2021;FCR;1;NEGPOS_16_20;152,26;71,00;152,26;50,00;87,00;152,26;-58,00;67,00;152,26;50,00;562,00;152,26;1,00;508,00;152,26;10,00;114,00;152,26;-45,00;15,00;152,26;-2,00;20,00;152,26;-6,00
18.10.2021;18.10.2021;FCR;1;NEGPOS_20_24;169,03;71,00;156,20;100,00;87,00;169,03;-58,00;67,00;169,03;37,00;562,00;169,03;-4,00;508,00;169,03;-14,00;114,00;169,03;-45,00;15,00;169,03;-7,00;20,00;169,03;-7,00
19.10.2021;19.10.2021;FCR;1;NEGPOS_00_04;357,52;-;-;-;87,00;357,52;-58,00;67,00;357,52;19,00;562,00;357,52;133,00;508,00;357,52;-35,00;114,00;357,52;-45,00;15,00;357,52;-8,00;20,00;357,52;-4,00
19.10.2021;19.10.2021;FCR;1;NEGPOS_04_08;291,52;-;-;-;87,00;291,52;-55,00;67,00;291,52;15,00;562,00;291,52;123,00;508,00;291,52;-24,00;114,00;291,52;-45,00;15,00;291,52;-8,00;20,00;291,52;-6,00
19.10.2021;19.10.2021;FCR;1;NEGPOS_08_12;211,07;-;-;-;87,00;211,07;-58,00;67,00;211,07;83,00;562,00;211,07;42,00;508,00;211,07;-15,00;114,00;211,07;-45,00;15,00;211,07;-2,00;20,00;211,07;-5,00
19.10.2021;19.10.2021;FCR;1;NEGPOS_12_16;233,20;-;-;-;87,00;233,20;-55,00;67,00;233,20;64,00;562,00;233,20;101,00;508,00;233,20;-53,00;114,00;233,20;-45,00;15,00;233,20;-8,00;20,00;233,20;-4,00
19.10.2021;19.10.2021;FCR;1;NEGPOS_16_20;210,70;-;-;-;87,00;210,70;-58,00;67,00;210,70;91,00;562,00;210,70;99,00;508,00;210,70;-78,00;114,00;210,70;-45,00;15,00;210,70;-2,00;20,00;210,70;-5,00
19.10.2021;19.10.2021;FCR;1;NEGPOS_20_24;247,43;-;-;-;87,00;247,43;-59,00;67,00;247,43;34,00;562,00;247,43;131,00;508,00;247,43;-47,00;114,00;247,43;-45,00;15,00;247,43;-7,00;20,00;247,43;-5,00
20.10.2021;20.10.2021;FCR;1;NEGPOS_00_04;491,53;71,00;491,53;30,00;87,00;747,95;-60,00;67,00;491,53;92,00;562,00;491,53;47,00;508,00;491,53;-46,00;114,00;491,53;-45,00;15,00;491,53;-8,00;20,00;491,53;-8,00
20.10.2021;20.10.2021;FCR;1;NEGPOS_04_08;338,00;71,00;338,00;34,00;87,00;630,39;-60,00;67,00;338,00;60,00;562,00;338,00;51,00;508,00;338,00;-23,00;114,00;338,00;-45,00;15,00;338,00;-8,00;20,00;338,00;-9,00
20.10.2021;20.10.2021;FCR;1;NEGPOS_08_12;209,25;71,00;209,25;65,00;87,00;360,98;-60,00;67,00;209,25;66,00;562,00;209,25;40,00;508,00;209,25;-44,00;114,00;209,25;-55,00;15,00;209,25;-2,00;20,00;209,25;-10,00
20.10.2021;20.10.2021;FCR;1;NEGPOS_12_16;283,10;71,00;283,10;51,00;87,00;526,58;-60,00;67,00;283,10;72,00;562,00;283,10;53,00;508,00;283,10;-44,00;114,00;283,10;-55,00;15,00;283,10;-8,00;20,00;283,10;-9,00
20.10.2021;20.10.2021;FCR;1;NEGPOS_16_20;246,62;71,00;246,62;69,00;87,00;344,55;-60,00;67,00;246,62;64,00;562,00;246,62;15,00;508,00;246,62;-27,00;114,00;246,62;-45,00;15,00;246,62;-6,00;20,00;246,62;-10,00
20.10.2021;20.10.2021;FCR;1;NEGPOS_20_24;235,20;71,00;235,20;41,00;87,00;411,30;-60,00;67,00;235,20;18,00;562,00;235,20;48,00;508,00;235,20;17,00;114,00;235,20;-45,00;15,00;235,20;-8,00;20,00;235,20;-11,00
21.10.2021;21.10.2021;FCR;1;NEGPOS_00_04;266,00;71,00;266,00;30,00;87,00;529,66;-58,00;67,00;266,00;18,00;562,00;266,00;44,00;508,00;266,00;32,00;114,00;266,00;-47,00;15,00;266,00;-9,00;20,00;266,00;-10,00
21.10.2021;21.10.2021;FCR;1;NEGPOS_04_08;260,40;71,00;260,40;36,00;87,00;466,45;-58,00;67,00;260,40;32,00;562,00;260,40;63,00;508,00;260,40;-7,00;114,00;260,40;-47,00;15,00;260,40;-9,00;20,00;260,40;-10,00
21.10.2021;21.10.2021;FCR;1;NEGPOS_08_12;206,64;71,00;206,64;39,00;87,00;291,85;-60,00;67,00;153,10;100,00;562,00;206,64;50,00;508,00;206,64;-64,00;114,00;206,64;-47,00;15,00;206,64;-8,00;20,00;206,64;-10,00
21.10.2021;21.10.2021;FCR;1;NEGPOS_12_16;201,60;71,00;201,60;31,00;87,00;425,03;-60,00;67,00;201,60;83,00;562,00;201,60;52,00;508,00;201,60;-39,00;114,00;201,60;-47,00;15,00;201,60;-9,00;20,00;201,60;-11,00
21.10.2021;21.10.2021;FCR;1;NEGPOS_16_20;194,60;71,00;194,60;32,00;87,00;210,65;-60,00;67,00;156,10;100,00;562,00;194,60;26,00;508,00;194,60;-39,00;114,00;194,60;-47,00;15,00;194,60;-1,00;20,00;194,60;-11,00
21.10.2021;21.10.2021;FCR;1;NEGPOS_20_24;172,00;71,00;172,00;38,00;87,00;327,24;-60,00;67,00;172,00;94,00;562,00;172,00;-5,00;508,00;172,00;-3,00;114,00;172,00;-47,00;15,00;172,00;-6,00;20,00;172,00;-11,00
22.10.2021;22.10.2021;FCR;1;NEGPOS_00_04;199,48;71,00;199,48;30,00;87,00;199,48;-59,00;67,00;199,48;14,00;562,00;199,48;66,00;508,00;199,48;15,00;114,00;199,48;-47,00;15,00;199,48;-9,00;20,00;199,48;-10,00
22.10.2021;22.10.2021;FCR;1;NEGPOS_04_08;210,71;71,00;210,71;30,00;87,00;210,71;-59,00;67,00;210,71;30,00;562,00;210,71;62,00;508,00;210,71;3,00;114,00;210,71;-47,00;15,00;210,71;-9,00;20,00;210,71;-10,00
22.10.2021;22.10.2021;FCR;1;NEGPOS_08_12;126,82;71,00;126,82;43,00;87,00;155,60;-60,00;67,00;126,82;80,00;562,00;126,82;-14,00;508,00;126,82;24,00;114,00;126,82;-55,00;15,00;126,82;-6,00;20,00;126,82;-11,00
22.10.2021;22.10.2021;FCR;1;NEGPOS_12_16;201,48;71,00;201,48;34,00;87,00;201,48;-59,00;67,00;201,48;62,00;562,00;201,48;76,00;508,00;201,48;-39,00;114,00;201,48;-55,00;15,00;201,48;-9,00;20,00;201,48;-10,00
22.10.2021;22.10.2021;FCR;1;NEGPOS_16_20;144,00;71,00;144,00;35,00;87,00;158,28;-60,00;67,00;134,45;98,00;562,00;144,00;18,00;508,00;144,00;-33,00;114,00;144,00;-47,00;15,00;144,00;0,00;20,00;144,00;-11,00
22.10.2021;22.10.2021;FCR;1;NEGPOS_20_24;154,74;71,00;154,74;41,00;87,00;155,16;-60,00;67,00;154,74;47,00;562,00;154,74;37,00;508,00;154,74;17,00;114,00;154,74;-49,00;15,00;154,74;-6,00;20,00;154,74;-11,00
23.10.2021;23.10.2021;FCR;1;NEGPOS_00_04;232,52;71,00;232,52;31,00;87,00;488,72;-60,00;67,00;232,52;2,00;562,00;232,52;71,00;508,00;232,52;21,00;114,00;232,52;-49,00;15,00;232,52;-7,00;20,00;232,52;-9,00
23.10.2021;23.10.2021;FCR;1;NEGPOS_04_08;218,80;71,00;218,80;31,00;87,00;376,21;-60,00;67,00;218,80;4,00;562,00;218,80;114,00;508,00;218,80;-21,00;114,00;218,80;-49,00;15,00;218,80;-9,00;20,00;218,80;-10,00
23.10.2021;23.10.2021;FCR;1;NEGPOS_08_12;199,00;71,00;199,00;36,00;87,00;199,00;-60,00;67,00;199,00;63,00;562,00;199,00;72,00;508,00;199,00;-48,00;114,00;199,00;-49,00;15,00;199,00;-5,00;20,00;199,00;-9,00
23.10.2021;23.10.2021;FCR;1;NEGPOS_12_16;198,30;71,00;198,30;34,00;87,00;311,13;-60,00;67,00;198,30;12,00;562,00;198,30;110,00;508,00;198,30;-30,00;114,00;198,30;-47,00;15,00;198,30;-9,00;20,00;198,30;-10,00
23.10.2021;23.10.2021;FCR;1;NEGPOS_16_20;152,00;71,00;152,00;75,00;87,00;152,00;-60,00;67,00;152,00;38,00;562,00;152,00;40,00;508,00;152,00;-23,00;114,00;152,00;-49,00;15,00;152,00;-9,00;20,00;152,00;-12,00
23.10.2021;23.10.2021;FCR;1;NEGPOS_20_24;166,00;71,00;166,00;45,00;87,00;166,00;-60,00;67,00;166,00;41,00;562,00;166,00;29,00;508,00;166,00;11,00;114,00;166,00;-49,00;15,00;166,00;-5,00;20,00;166,00;-12,00
24.10.2021;24.10.2021;FCR;1;NEGPOS_00_04;196,00;71,00;196,00;33,00;87,00;196,00;-60,00;67,00;196,00;2,00;562,00;196,00;108,00;508,00;196,00;-17,00;114,00;196,00;-47,00;15,00;196,00;-9,00;20,00;196,00;-10,00
24.10.2021;24.10.2021;FCR;1;NEGPOS_04_08;204,39;71,00;204,39;33,00;87,00;204,39;-60,00;67,00;204,39;3,00;562,00;204,39;123,00;508,00;204,39;-21,00;114,00;204,39;-47,00;15,00;204,39;-9,00;20,00;204,39;-10,00
24.10.2021;24.10.2021;FCR;1;NEGPOS_08_12;181,76;71,00;181,76;38,00;87,00;181,76;-60,00;67,00;181,76;4,00;562,00;181,76;129,00;508,00;181,76;-49,00;114,00;181,76;-47,00;15,00;181,76;-5,00;20,00;181,76;-10,00
24.10.2021;24.10.2021;FCR;1;NEGPOS_12_16;190,00;71,00;190,00;32,00;87,00;190,00;-60,00;67,00;190,00;8,00;562,00;190,00;93,00;508,00;190,00;-7,00;114,00;190,00;-47,00;15,00;190,00;-9,00;20,00;190,00;-10,00
24.10.2021;24.10.2021;FCR;1;NEGPOS_16_20;165,90;71,00;165,90;37,00;87,00;165,90;-60,00;67,00;165,90;26,00;562,00;165,90;91,00;508,00;165,90;-31,00;114,00;165,90;-47,00;15,00;165,90;-5,00;20,00;165,90;-11,00
24.10.2021;24.10.2021;FCR;1;NEGPOS_20_24;158,48;71,00;158,48;37,00;87,00;158,48;-60,00;67,00;158,48;31,00;562,00;158,48;91,00;508,00;158,48;-33,00;114,00;158,48;-47,00;15,00;158,48;-8,00;20,00;158,48;-11,00
25.10.2021;25.10.2021;FCR;1;NEGPOS_00_04;152,00;71,00;152,00;39,00;87,00;376,31;-58,00;67,00;152,00;45,00;562,00;152,00;68,00;508,00;152,00;-24,00;114,00;152,00;-47,00;15,00;152,00;-9,00;20,00;152,00;-11,00
25.10.2021;25.10.2021;FCR;1;NEGPOS_04_08;170,30;71,00;170,30;39,00;87,00;300,95;-58,00;67,00;170,30;44,00;562,00;170,30;49,00;508,00;170,30;-7,00;114,00;170,30;-47,00;15,00;170,30;-9,00;20,00;170,30;-11,00
25.10.2021;25.10.2021;FCR;1;NEGPOS_08_12;120,00;71,00;120,00;77,00;87,00;221,12;-58,00;67,00;120,00;55,00;562,00;120,00;55,00;508,00;120,00;-66,00;114,00;120,00;-47,00;15,00;120,00;-5,00;20,00;120,00;-11,00
25.10.2021;25.10.2021;FCR;1;NEGPOS_12_16;186,66;71,00;186,66;64,00;87,00;220,40;-58,00;67,00;186,66;48,00;562,00;186,66;88,00;508,00;186,66;-75,00;114,00;186,66;-47,00;15,00;186,66;-9,00;20,00;186,66;-11,00
25.10.2021;25.10.2021;FCR;1;NEGPOS_16_20;129,00;71,00;129,00;77,00;87,00;220,56;-58,00;67,00;129,00;47,00;562,00;129,00;40,00;508,00;129,00;-41,00;114,00;129,00;-47,00;15,00;129,00;-6,00;20,00;129,00;-12,00
25.10.2021;25.10.2021;FCR;1;NEGPOS_20_24;152,70;71,00;152,70;42,00;87,00;219,52;-58,00;67,00;152,70;50,00;562,00;152,70;49,00;508,00;152,70;-17,00;114,00;152,70;-47,00;15,00;152,70;-8,00;20,00;152,70;-11,00
26.10.2021;26.10.2021;FCR;1;NEGPOS_00_04;172,93;71,00;172,93;37,00;87,00;264,19;-58,00;67,00;172,93;3,00;562,00;172,93;101,00;508,00;172,93;-17,00;114,00;172,93;-47,00;15,00;172,93;-8,00;20,00;172,93;-11,00
26.10.2021;26.10.2021;FCR;1;NEGPOS_04_08;189,00;71,00;189,00;37,00;87,00;219,16;-58,00;67,00;189,00;39,00;562,00;189,00;82,00;508,00;189,00;-35,00;114,00;189,00;-47,00;15,00;189,00;-8,00;20,00;189,00;-10,00
26.10.2021;26.10.2021;FCR;1;NEGPOS_08_12;86,36;71,00;86,36;57,00;87,00;248,83;-58,00;67,00;86,36;20,00;562,00;86,36;75,00;508,00;86,36;-32,00;114,00;86,36;-47,00;15,00;86,36;-5,00;20,00;86,36;-10,00
26.10.2021;26.10.2021;FCR;1;NEGPOS_12_16;173,30;71,00;173,30;75,00;87,00;220,48;-58,00;67,00;173,30;28,00;562,00;173,30;101,00;508,00;173,30;-80,00;114,00;173,30;-48,00;15,00;173,30;-8,00;20,00;173,30;-10,00
26.10.2021;26.10.2021;FCR;1;NEGPOS_16_20;120,86;71,00;120,86;77,00;87,00;220,68;-58,00;67,00;120,86;33,00;562,00;120,86;91,00;508,00;120,86;-77,00;114,00;120,86;-47,00;15,00;120,86;-8,00;20,00;120,86;-11,00
26.10.2021;26.10.2021;FCR;1;NEGPOS_20_24;136,44;71,00;136,44;57,00;87,00;220,40;-58,00;67,00;136,44;20,00;562,00;136,44;62,00;508,00;136,44;-19,00;114,00;136,44;-47,00;15,00;136,44;-4,00;20,00;136,44;-11,00
27.10.2021;27.10.2021;FCR;1;NEGPOS_00_04;222,50;71,00;222,50;34,00;87,00;329,20;-58,00;67,00;222,50;10,00;562,00;222,50;140,00;508,00;222,50;-60,00;114,00;222,50;-47,00;15,00;222,50;-9,00;20,00;222,50;-10,00
27.10.2021;27.10.2021;FCR;1;NEGPOS_04_08;217,61;71,00;217,61;30,00;87,00;432,60;-58,00;67,00;217,61;29,00;562,00;217,61;115,00;508,00;217,61;-50,00;114,00;217,61;-47,00;15,00;217,61;-9,00;20,00;217,61;-10,00
27.10.2021;27.10.2021;FCR;1;NEGPOS_08_12;99,12;71,00;99,12;64,00;87,00;374,52;-58,00;67,00;99,12;31,00;562,00;99,12;15,00;508,00;99,12;11,00;114,00;99,12;-47,00;15,00;99,12;-4,00;20,00;99,12;-12,00
27.10.2021;27.10.2021;FCR;1;NEGPOS_12_16;232,52;71,00;232,52;62,00;87,00;374,60;-58,00;67,00;232,52;54,00;562,00;232,52;79,00;508,00;232,52;-73,00;114,00;232,52;-47,00;15,00;232,52;-7,00;20,00;232,52;-10,00
27.10.2021;27.10.2021;FCR;1;NEGPOS_16_20;144,61;71,00;144,61;65,00;87,00;373,36;-58,00;67,00;144,61;34,00;562,00;144,61;91,00;508,00;144,61;-70,00;114,00;144,61;-47,00;15,00;144,61;-4,00;20,00;144,61;-11,00
27.10.2021;27.10.2021;FCR;1;NEGPOS_20_24;152,00;71,00;152,00;41,00;87,00;306,88;-58,00;67,00;152,00;31,00;562,00;152,00;76,00;508,00;152,00;-25,00;114,00;152,00;-47,00;15,00;152,00;-7,00;20,00;152,00;-11,00
28.10.2021;28.10.2021;FCR;1;NEGPOS_00_04;193,60;71,00;193,60;31,00;87,00;208,00;-58,00;67,00;193,60;8,00;562,00;193,60;107,00;508,00;193,60;-19,00;114,00;193,60;-47,00;15,00;193,60;-9,00;20,00;193,60;-13,00
28.10.2021;28.10.2021;FCR;1;NEGPOS_04_08;211,42;71,00;211,42;31,00;87,00;315,16;-58,00;67,00;211,42;19,00;562,00;211,42;68,00;508,00;211,42;9,00;114,00;211,42;-47,00;15,00;211,42;-9,00;20,00;211,42;-13,00
28.10.2021;28.10.2021;FCR;1;NEGPOS_08_12;130,12;71,00;130,12;83,00;87,00;414,44;-58,00;67,00;130,12;42,00;562,00;130,12;65,00;508,00;130,12;-57,00;114,00;130,12;-58,00;15,00;130,12;-4,00;20,00;130,12;-13,00
28.10.2021;28.10.2021;FCR;1;NEGPOS_12_16;293,38;71,00;293,38;78,00;87,00;293,38;-58,00;67,00;293,38;58,00;562,00;293,38;78,00;508,00;293,38;-80,00;114,00;293,38;-58,00;15,00;293,38;-8,00;20,00;293,38;-10,00
28.10.2021;28.10.2021;FCR;1;NEGPOS_16_20;146,37;71,00;146,37;83,00;87,00;432,40;-58,00;67,00;146,37;35,00;562,00;146,37;82,00;508,00;146,37;-68,00;114,00;146,37;-57,00;15,00;146,37;-4,00;20,00;146,37;-13,00
28.10.2021;28.10.2021;FCR;1;NEGPOS_20_24;151,96;71,00;151,96;46,00;87,00;394,96;-58,00;67,00;151,96;24,00;562,00;151,96;77,00;508,00;151,96;-21,00;114,00;151,96;-47,00;15,00;151,96;-8,00;20,00;151,96;-13,00
29.10.2021;29.10.2021;FCR;1;NEGPOS_00_04;190,00;71,00;190,00;37,00;87,00;417,36;-58,00;67,00;190,00;1,00;562,00;190,00;116,00;508,00;190,00;-30,00;114,00;190,00;-47,00;15,00;190,00;-9,00;20,00;190,00;-10,00
29.10.2021;29.10.2021;FCR;1;NEGPOS_04_08;220,57;71,00;220,57;37,00;87,00;430,24;-58,00;67,00;220,57;16,00;562,00;220,57;105,00;508,00;220,57;-34,00;114,00;220,57;-47,00;15,00;220,57;-9,00;20,00;220,57;-10,00
29.10.2021;29.10.2021;FCR;1;NEGPOS_08_12;177,08;71,00;177,08;70,00;87,00;442,88;-58,00;67,00;177,08;60,00;562,00;177,08;86,00;508,00;177,08;-97,00;114,00;177,08;-47,00;15,00;177,08;-4,00;20,00;177,08;-10,00
29.10.2021;29.10.2021;FCR;1;NEGPOS_12_16;192,00;71,00;192,00;36,00;87,00;1078,04;-58,00;67,00;192,00;31,00;562,00;192,00;118,00;508,00;192,00;-62,00;114,00;192,00;-47,00;15,00;192,00;-8,00;20,00;192,00;-10,00
29.10.2021;29.10.2021;FCR;1;NEGPOS_16_20;146,00;71,00;146,00;72,00;87,00;456,12;-58,00;67,00;146,00;57,00;562,00;146,00;92,00;508,00;146,00;-101,00;114,00;146,00;-47,00;15,00;146,00;-4,00;20,00;146,00;-11,00
29.10.2021;29.10.2021;FCR;1;NEGPOS_20_24;127,00;71,00;127,00;41,00;87,00;393,40;-58,00;67,00;127,00;14,00;562,00;127,00;72,00;508,00;127,00;-2,00;114,00;127,00;-47,00;15,00;127,00;-8,00;20,00;127,00;-12,00
30.10.2021;30.10.2021;FCR;1;NEGPOS_00_04;157,00;71,00;157,00;29,00;87,00;216,56;-60,00;67,00;157,00;-5,00;562,00;157,00;91,00;508,00;157,00;14,00;114,00;157,00;-45,00;15,00;157,00;-8,00;20,00;157,00;-10,00
30.10.2021;30.10.2021;FCR;1;NEGPOS_04_08;126,40;71,00;126,40;29,00;87,00;254,76;-60,00;67,00;126,40;-12,00;562,00;126,40;76,00;508,00;126,40;32,00;114,00;126,40;-45,00;15,00;126,40;-9,00;20,00;126,40;-11,00
30.10.2021;30.10.2021;FCR;1;NEGPOS_08_12;107,00;71,00;107,00;33,00;87,00;117,56;-60,00;67,00;107,00;8,00;562,00;107,00;74,00;508,00;107,00;9,00;114,00;107,00;-45,00;15,00;107,00;-8,00;20,00;107,00;-11,00
30.10.2021;30.10.2021;FCR;1;NEGPOS_12_16;96,16;71,00;96,16;28,00;87,00;162,44;-60,00;67,00;96,16;-4,00;562,00;96,16;49,00;508,00;96,16;51,00;114,00;96,16;-45,00;15,00;96,16;-8,00;20,00;96,16;-11,00
30.10.2021;30.10.2021;FCR;1;NEGPOS_16_20;105,08;71,00;105,08;33,00;87,00;105,08;-60,00;67,00;105,08;11,00;562,00;105,08;53,00;508,00;105,08;27,00;114,00;105,08;-45,00;15,00;105,08;-8,00;20,00;105,08;-11,00
30.10.2021;30.10.2021;FCR;1;NEGPOS_20_24;95,36;71,00;95,36;34,00;87,00;95,36;-60,00;67,00;95,36;-7,00;562,00;95,36;84,00;508,00;95,36;13,00;114,00;95,36;-45,00;15,00;95,36;-8,00;20,00;95,36;-11,00
31.10.2021;31.10.2021;FCR;1;NEGPOS_00_04;160,00;71,00;160,00;-20,00;87,00;216,75;-60,00;67,00;160,00;-10,00;562,00;160,00;53,00;508,00;160,00;103,00;114,00;160,00;-45,00;15,00;160,00;-9,00;20,00;160,00;-12,00
31.10.2021;31.10.2021;FCR;1;NEGPOS_04_08;133,20;71,00;133,20;30,00;87,00;265,40;-60,00;67,00;133,20;-6,00;562,00;133,20;63,00;508,00;133,20;38,00;114,00;133,20;-45,00;15,00;133,20;-9,00;20,00;133,20;-11,00
31.10.2021;31.10.2021;FCR;1;NEGPOS_08_12;143,00;71,00;143,00;40,00;87,00;220,00;-60,00;67,00;143,00;-7,00;562,00;143,00;59,00;508,00;143,00;43,00;114,00;143,00;-45,00;15,00;143,00;-7,00;20,00;143,00;-10,00
31.10.2021;31.10.2021;FCR;1;NEGPOS_12_16;119,28;71,00;119,28;35,00;87,00;283,08;-60,00;67,00;119,28;-11,00;562,00;119,28;39,00;508,00;119,28;61,00;114,00;119,28;-45,00;15,00;119,28;-8,00;20,00;119,28;-11,00
31.10.2021;31.10.2021;FCR;1;NEGPOS_16_20;178,12;71,00;178,12;40,00;87,00;178,12;-60,00;67,00;178,12;-2,00;562,00;178,12;90,00;508,00;178,12;-9,00;114,00;178,12;-45,00;15,00;178,12;-4,00;20,00;178,12;-10,00
31.10.2021;31.10.2021;FCR;1;NEGPOS_20_24;153,28;71,00;153,28;41,00;87,00;153,80;-60,00;67,00;153,28;-9,00;562,00;153,28;80,00;508,00;153,28;11,00;114,00;153,28;-45,00;15,00;153,28;-8,00;20,00;153,28;-10,00
01.11.2021;01.11.2021;FCR;1;NEGPOS_00_04;151,77;71,00;151,77;30,00;87,00;273,80;-60,00;67,00;151,77;-43,00;562,00;151,77;43,00;508,00;151,77;95,00;114,00;151,77;-46,00;15,00;151,77;-9,00;20,00;151,77;-10,00
01.11.2021;01.11.2021;FCR;1;NEGPOS_04_08;90,00;71,00;90,00;30,00;87,00;241,40;-60,00;67,00;90,00;-44,00;562,00;90,00;36,00;508,00;90,00;104,00;114,00;90,00;-46,00;15,00;90,00;-9,00;20,00;90,00;-11,00
01.11.2021;01.11.2021;FCR;1;NEGPOS_08_12;182,89;71,00;182,89;40,00;87,00;182,89;-60,00;67,00;182,89;56,00;562,00;182,89;30,00;508,00;182,89;-7,00;114,00;182,89;-46,00;15,00;182,89;-7,00;20,00;182,89;-6,00
01.11.2021;01.11.2021;FCR;1;NEGPOS_12_16;179,36;71,00;179,36;35,00;87,00;179,36;-60,00;67,00;179,36;35,00;562,00;179,36;32,00;508,00;179,36;21,00;114,00;179,36;-46,00;15,00;179,36;-8,00;20,00;179,36;-9,00
01.11.2021;01.11.2021;FCR;1;NEGPOS_16_20;129,50;71,00;129,50;40,00;87,00;129,50;-60,00;67,00;129,50;49,00;562,00;129,50;13,00;508,00;129,50;21,00;114,00;129,50;-46,00;15,00;129,50;-5,00;20,00;129,50;-10,00
01.11.2021;01.11.2021;FCR;1;NEGPOS_20_24;147,42;71,00;147,42;41,00;87,00;147,42;-60,00;67,00;147,42;-6,00;562,00;147,42;64,00;508,00;147,42;30,00;114,00;147,42;-46,00;15,00;147,42;-8,00;20,00;147,42;-10,00
02.11.2021;02.11.2021;FCR;1;NEGPOS_00_04;205,72;71,00;205,72;18,00;87,00;205,72;-60,00;67,00;205,72;-8,00;562,00;205,72;129,00;508,00;205,72;-14,00;114,00;205,72;-47,00;15,00;205,72;-9,00;20,00;205,72;-9,00
02.11.2021;02.11.2021;FCR;1;NEGPOS_04_08;184,95;71,00;184,95;18,00;87,00;184,95;-60,00;67,00;184,95;32,00;562,00;184,95;121,00;508,00;184,95;-46,00;114,00;184,95;-47,00;15,00;184,95;-9,00;20,00;184,95;-9,00
02.11.2021;02.11.2021;FCR;1;NEGPOS_08_12;155,72;71,00;155,72;44,00;87,00;155,72;-60,00;67,00;155,72;85,00;562,00;136,79;168,00;508,00;155,72;-175,00;114,00;155,72;-47,00;15,00;155,72;-5,00;20,00;155,72;-9,00
02.11.2021;02.11.2021;FCR;1;NEGPOS_12_16;116,70;71,00;116,70;36,00;87,00;117,72;-60,00;67,00;116,70;53,00;562,00;87,00;168,00;508,00;116,70;-133,00;114,00;116,70;-47,00;15,00;116,70;-7,00;20,00;116,70;-10,00
02.11.2021;02.11.2021;FCR;1;NEGPOS_16_20;135,44;71,00;135,44;48,00;87,00;197,32;-60,00;67,00;135,44;19,00;562,00;135,44;154,00;508,00;135,44;-100,00;114,00;135,44;-49,00;15,00;135,44;-3,00;20,00;135,44;-9,00
02.11.2021;02.11.2021;FCR;1;NEGPOS_20_24;117,32;71,00;117,32;42,00;87,00;141,72;-60,00;67,00;117,32;33,00;562,00;106,39;164,00;508,00;117,32;-113,00;114,00;117,32;-49,00;15,00;117,32;-7,00;20,00;117,32;-10,00
03.11.2021;03.11.2021;FCR;1;NEGPOS_00_04;206,00;71,00;206,00;18,00;87,00;206,00;-60,00;67,00;206,00;24,00;562,00;206,00;157,00;508,00;206,00;-70,00;114,00;206,00;-52,00;15,00;206,00;-8,00;20,00;206,00;-9,00
03.11.2021;03.11.2021;FCR;1;NEGPOS_04_08;188,00;71,00;188,00;34,00;87,00;188,00;-60,00;67,00;188,00;76,00;562,00;188,00;72,00;508,00;188,00;-53,00;114,00;188,00;-52,00;15,00;188,00;-8,00;20,00;188,00;-9,00
03.11.2021;03.11.2021;FCR;1;NEGPOS_08_12;112,00;71,00;112,00;68,00;87,00;175,80;-60,00;67,00;112,00;35,00;562,00;112,00;100,00;508,00;112,00;-77,00;114,00;112,00;-52,00;15,00;112,00;-5,00;20,00;112,00;-8,00
03.11.2021;03.11.2021;FCR;1;NEGPOS_12_16;99,10;71,00;99,10;39,00;87,00;135,32;-60,00;67,00;99,10;22,00;562,00;99,10;132,00;508,00;99,10;-63,00;114,00;99,10;-50,00;15,00;99,10;-9,00;20,00;99,10;-10,00
03.11.2021;03.11.2021;FCR;1;NEGPOS_16_20;42,00;71,00;42,00;-11,00;87,00;204,12;-60,00;67,00;42,00;-12,00;562,00;42,00;75,00;508,00;42,00;86,00;114,00;42,00;-52,00;15,00;42,00;-15,00;20,00;42,00;-11,00
03.11.2021;03.11.2021;FCR;1;NEGPOS_20_24;142,37;71,00;142,37;49,00;87,00;164,52;-60,00;67,00;142,37;62,00;562,00;142,37;108,00;508,00;142,37;-92,00;114,00;142,37;-52,00;15,00;142,37;-6,00;20,00;142,37;-9,00
04.11.2021;04.11.2021;FCR;1;NEGPOS_00_04;118,72;71,00;118,72;1,00;87,00;118,72;-60,00;67,00;118,72;0,00;562,00;118,72;59,00;508,00;118,72;67,00;114,00;118,72;-49,00;15,00;118,72;-8,00;20,00;118,72;-10,00
04.11.2021;04.11.2021;FCR;1;NEGPOS_04_08;138,02;71,00;138,02;1,00;87,00;138,02;-60,00;67,00;138,02;5,00;562,00;138,02;64,00;508,00;138,02;57,00;114,00;138,02;-49,00;15,00;138,02;-8,00;20,00;138,02;-10,00
04.11.2021;04.11.2021;FCR;1;NEGPOS_08_12;104,00;71,00;104,00;26,00;87,00;348,60;-59,00;67,00;104,00;11,00;562,00;104,00;119,00;508,00;104,00;-35,00;114,00;104,00;-49,00;15,00;104,00;-4,00;20,00;104,00;-9,00
04.11.2021;04.11.2021;FCR;1;NEGPOS_12_16;85,99;71,00;85,99;20,00;87,00;281,16;-59,00;67,00;85,99;38,00;562,00;85,99;103,00;508,00;85,99;-35,00;114,00;85,99;-47,00;15,00;85,99;-9,00;20,00;85,99;-10,00
04.11.2021;04.11.2021;FCR;1;NEGPOS_16_20;99,88;71,00;99,88;26,00;87,00;528,84;-59,00;67,00;99,88;7,00;562,00;99,88;56,00;508,00;99,88;27,00;114,00;99,88;-47,00;15,00;99,88;0,00;20,00;99,88;-10,00
04.11.2021;04.11.2021;FCR;1;NEGPOS_20_24;83,36;71,00;83,36;1,00;87,00;131,04;-60,00;67,00;83,36;-19,00;562,00;83,36;56,00;508,00;83,36;88,00;114,00;83,36;-47,00;15,00;83,36;-9,00;20,00;83,36;-10,00
05.11.2021;05.11.2021;FCR;1;NEGPOS_00_04;96,88;71,00;96,88;10,00;87,00;177,96;-58,00;67,00;96,88;-1,00;562,00;96,88;47,00;508,00;96,88;67,00;114,00;96,88;-48,00;15,00;96,88;-6,00;20,00;96,88;-11,00
05.11.2021;05.11.2021;FCR;1;NEGPOS_04_08;152,00;71,00;152,00;14,00;87,00;265,12;-58,00;67,00;152,00;55,00;562,00;152,00;11,00;508,00;152,00;40,00;114,00;152,00;-48,00;15,00;152,00;-4,00;20,00;152,00;-10,00
05.11.2021;05.11.2021;FCR;1;NEGPOS_08_12;109,24;71,00;109,24;44,00;87,00;521,92;-58,00;67,00;109,24;63,00;562,00;109,24;85,00;508,00;109,24;-71,00;114,00;109,24;-46,00;15,00;109,24;-9,00;20,00;109,24;-8,00
05.11.2021;05.11.2021;FCR;1;NEGPOS_12_16;92,50;71,00;92,50;27,00;87,00;275,68;-58,00;67,00;82,04;99,00;562,00;92,50;90,00;508,00;92,50;-99,00;114,00;92,50;-46,00;15,00;92,50;-2,00;20,00;92,50;-11,00
05.11.2021;05.11.2021;FCR;1;NEGPOS_16_20;75,28;71,00;75,28;26,00;87,00;593,48;-58,00;67,00;75,28;59,00;562,00;75,28;34,00;508,00;75,28;5,00;114,00;75,28;-46,00;15,00;75,28;-9,00;20,00;75,28;-11,00
05.11.2021;05.11.2021;FCR;1;NEGPOS_20_24;123,88;71,00;123,88;28,00;87,00;288,72;-58,00;67,00;123,88;87,00;562,00;123,88;78,00;508,00;123,88;-76,00;114,00;123,88;-46,00;15,00;123,88;-3,00;20,00;123,88;-10,00
06.11.2021;06.11.2021;FCR;1;NEGPOS_00_04;114,52;71,00;114,52;18,00;87,00;135,72;-60,00;67,00;114,52;88,00;562,00;114,52;7,00;508,00;114,52;9,00;114,00;114,52;-46,00;15,00;114,52;-6,00;20,00;114,52;-10,00
06.11.2021;06.11.2021;FCR;1;NEGPOS_04_08;138,00;71,00;138,00;18,00;87,00;156,20;-60,00;67,00;138,00;85,00;562,00;138,00;12,00;508,00;138,00;6,00;114,00;138,00;-46,00;15,00;138,00;-5,00;20,00;138,00;-10,00
06.11.2021;06.11.2021;FCR;1;NEGPOS_08_12;88,17;71,00;88,17;29,00;87,00;91,00;-60,00;67,00;88,17;68,00;562,00;88,17;22,00;508,00;88,17;0,00;114,00;88,17;-46,00;15,00;88,17;-2,00;20,00;88,17;-11,00
06.11.2021;06.11.2021;FCR;1;NEGPOS_12_16;77,00;71,00;77,00;17,00;87,00;147,56;-60,00;67,00;77,00;55,00;562,00;77,00;29,00;508,00;77,00;20,00;114,00;77,00;-46,00;15,00;77,00;-4,00;20,00;77,00;-11,00
06.11.2021;06.11.2021;FCR;1;NEGPOS_16_20;80,00;71,00;80,00;20,00;87,00;80,00;-60,00;67,00;80,00;67,00;562,00;80,00;-22,00;508,00;80,00;61,00;114,00;80,00;-46,00;15,00;80,00;-9,00;20,00;80,00;-11,00
06.11.2021;06.11.2021;FCR;1;NEGPOS_20_24;82,03;71,00;82,03;30,00;87,00;158,92;-60,00;67,00;82,03;58,00;562,00;82,03;7,00;508,00;82,03;27,00;114,00;82,03;-46,00;15,00;82,03;-5,00;20,00;82,03;-11,00
07.11.2021;07.11.2021;FCR;1;NEGPOS_00_04;151,06;71,00;151,06;10,00;87,00;224,12;-60,00;67,00;151,06;61,00;562,00;151,06;-16,00;508,00;151,06;73,00;114,00;151,06;-46,00;15,00;151,06;-8,00;20,00;160,80;-14,00
07.11.2021;07.11.2021;FCR;1;NEGPOS_04_08;203,40;71,00;203,40;10,00;87,00;221,00;-60,00;67,00;203,40;46,00;562,00;203,40;27,00;508,00;203,40;45,00;114,00;203,40;-46,00;15,00;203,40;-8,00;20,00;203,40;-14,00
07.11.2021;07.11.2021;FCR;1;NEGPOS_08_12;173,00;71,00;173,00;20,00;87,00;173,00;-60,00;67,00;173,00;55,00;562,00;173,00;69,00;508,00;173,00;-20,00;114,00;173,00;-46,00;15,00;173,00;-4,00;20,00;173,00;-14,00
07.11.2021;07.11.2021;FCR;1;NEGPOS_12_16;153,22;71,00;153,22;20,00;87,00;158,60;-60,00;67,00;153,22;63,00;562,00;153,22;18,00;508,00;153,22;25,00;114,00;153,22;-46,00;15,00;153,22;-6,00;20,00;160,80;-14,00
07.11.2021;07.11.2021;FCR;1;NEGPOS_16_20;86,32;71,00;86,32;2,00;87,00;86,32;-60,00;67,00;86,32;56,00;562,00;86,32;48,00;508,00;86,32;15,00;114,00;86,32;-46,00;15,00;86,32;-1,00;20,00;160,80;-14,00
07.11.2021;07.11.2021;FCR;1;NEGPOS_20_24;163,00;71,00;163,00;21,00;87,00;163,00;-60,00;67,00;163,00;84,00;562,00;163,00;59,00;508,00;163,00;-39,00;114,00;163,00;-46,00;15,00;163,00;-5,00;20,00;163,00;-14,00
08.11.2021;08.11.2021;FCR;1;NEGPOS_00_04;152,88;71,00;152,88;12,00;87,00;176,52;-60,00;67,00;152,88;15,00;562,00;152,88;65,00;508,00;152,88;36,00;114,00;152,88;-46,00;15,00;152,88;-8,00;20,00;152,88;-10,00
08.11.2021;08.11.2021;FCR;1;NEGPOS_04_08;200,80;71,00;200,80;6,00;87,00;200,80;-60,00;67,00;200,80;37,00;562,00;200,80;72,00;508,00;200,80;8,00;114,00;200,80;-46,00;15,00;200,80;-8,00;20,00;200,80;-9,00
08.11.2021;08.11.2021;FCR;1;NEGPOS_08_12;65,00;71,00;65,00;15,00;87,00;76,44;-60,00;67,00;65,00;-15,00;562,00;65,00;95,00;508,00;65,00;31,00;114,00;65,00;-46,00;15,00;65,00;-10,00;20,00;65,00;-10,00
08.11.2021;08.11.2021;FCR;1;NEGPOS_12_16;48,00;71,00;48,00;15,00;87,00;55,32;-60,00;67,00;48,00;14,00;562,00;48,00;78,00;508,00;48,00;28,00;114,00;48,00;-46,00;15,00;48,00;-15,00;20,00;48,00;-12,00
08.11.2021;08.11.2021;FCR;1;NEGPOS_16_20;25,00;71,00;25,00;-15,00;87,00;162,44;-60,00;67,00;25,00;-34,00;562,00;25,00;38,00;508,00;11,00;152,00;114,00;25,00;-52,00;15,00;25,00;-15,00;20,00;34,23;-14,00
08.11.2021;08.11.2021;FCR;1;NEGPOS_20_24;71,29;71,00;71,29;15,00;87,00;71,29;-60,00;67,00;71,29;8,00;562,00;71,29;123,00;508,00;71,29;-10,00;114,00;71,29;-48,00;15,00;71,29;-9,00;20,00;71,29;-11,00
09.11.2021;09.11.2021;FCR;1;NEGPOS_00_04;180,00;71,00;180,00;17,00;87,00;180,00;-60,00;67,00;180,00;22,00;562,00;180,00;131,00;508,00;180,00;-47,00;114,00;180,00;-48,00;15,00;180,00;-6,00;20,00;180,00;-9,00
09.11.2021;09.11.2021;FCR;1;NEGPOS_04_08;172,00;71,00;172,00;30,00;87,00;172,00;-60,00;67,00;172,00;73,00;562,00;172,00;70,00;508,00;172,00;-46,00;114,00;172,00;-46,00;15,00;172,00;-6,00;20,00;172,00;-14,00
09.11.2021;09.11.2021;FCR;1;NEGPOS_08_12;68,50;71,00;68,50;23,00;87,00;87,40;-60,00;67,00;68,50;13,00;562,00;68,50;90,00;508,00;68,50;-4,00;114,00;68,50;-45,00;15,00;68,50;-1,00;20,00;160,80;-14,00
09.11.2021;09.11.2021;FCR;1;NEGPOS_12_16;80,00;71,00;80,00;23,00;87,00;80,00;-60,00;67,00;80,00;60,00;562,00;80,00;155,00;508,00;80,00;-114,00;114,00;80,00;-45,00;15,00;80,00;-8,00;20,00;80,00;-11,00
09.11.2021;09.11.2021;FCR;1;NEGPOS_16_20;90,92;71,00;90,92;9,00;87,00;162,36;-60,00;67,00;90,92;10,00;562,00;90,92;106,00;508,00;90,92;-10,00;114,00;90,92;-45,00;15,00;90,92;1,00;20,00;90,92;-11,00
09.11.2021;09.11.2021;FCR;1;NEGPOS_20_24;117,42;71,00;117,42;18,00;87,00;117,42;-60,00;67,00;117,42;75,00;562,00;117,42;114,00;508,00;117,42;-88,00;114,00;117,42;-45,00;15,00;117,42;-3,00;20,00;117,42;-10,00
10.11.2021;10.11.2021;FCR;1;NEGPOS_00_04;160,00;71,00;160,00;26,00;87,00;160,00;-60,00;67,00;160,00;21,00;562,00;160,00;127,00;508,00;160,00;-48,00;114,00;160,00;-48,00;15,00;160,00;-8,00;20,00;160,00;-10,00
10.11.2021;10.11.2021;FCR;1;NEGPOS_04_08;189,16;71,00;189,16;39,00;87,00;189,16;-60,00;67,00;189,16;73,00;562,00;189,16;51,00;508,00;189,16;-38,00;114,00;189,16;-48,00;15,00;189,16;-8,00;20,00;189,16;-9,00
10.11.2021;10.11.2021;FCR;1;NEGPOS_08_12;51,80;71,00;51,80;28,00;87,00;233,48;-60,00;67,00;51,80;-8,00;562,00;51,80;70,00;508,00;51,80;48,00;114,00;51,80;-49,00;15,00;51,80;-15,00;20,00;58,52;-14,00
10.11.2021;10.11.2021;FCR;1;NEGPOS_12_16;66,00;71,00;66,00;45,00;87,00;161,80;-60,00;67,00;66,00;-4,00;562,00;66,00;98,00;508,00;66,00;-8,00;114,00;66,00;-49,00;15,00;66,00;-12,00;20,00;66,00;-10,00
10.11.2021;10.11.2021;FCR;1;NEGPOS_16_20;30,00;71,00;30,00;-6,00;87,00;242,76;-60,00;67,00;30,00;-33,00;562,00;30,00;24,00;508,00;3,32;152,00;114,00;30,00;-48,00;15,00;30,00;-15,00;20,00;85,37;-14,00
10.11.2021;10.11.2021;FCR;1;NEGPOS_20_24;92,60;71,00;92,60;39,00;87,00;137,32;-60,00;67,00;92,60;19,00;562,00;92,60;124,00;508,00;92,60;-58,00;114,00;92,60;-46,00;15,00;92,60;-8,00;20,00;92,60;-10,00
11.11.2021;11.11.2021;FCR;1;NEGPOS_00_04;177,40;71,00;177,40;27,00;87,00;177,40;-60,00;67,00;177,40;25,00;562,00;177,40;136,00;508,00;177,40;-64,00;114,00;177,40;-47,00;15,00;177,40;-8,00;20,00;177,40;-9,00
11.11.2021;11.11.2021;FCR;1;NEGPOS_04_08;197,54;71,00;197,54;44,00;87,00;197,54;-60,00;67,00;197,54;54,00;562,00;197,54;111,00;508,00;197,54;-92,00;114,00;197,54;-47,00;15,00;197,54;-8,00;20,00;197,54;-2,00
11.11.2021;11.11.2021;FCR;1;NEGPOS_08_12;80,00;71,00;80,00;38,00;87,00;214,16;-60,00;67,00;80,00;82,00;562,00;80,00;105,00;508,00;80,00;-101,00;114,00;80,00;-50,00;15,00;80,00;-5,00;20,00;80,00;-9,00
11.11.2021;11.11.2021;FCR;1;NEGPOS_12_16;87,00;71,00;87,00;38,00;87,00;160,08;-60,00;67,00;87,00;67,00;562,00;87,00;123,00;508,00;87,00;-103,00;114,00;87,00;-50,00;15,00;87,00;-5,00;20,00;87,00;-10,00
11.11.2021;11.11.2021;FCR;1;NEGPOS_16_20;67,72;71,00;67,72;2,00;87,00;273,12;-60,00;67,00;67,72;-22,00;562,00;67,72;79,00;508,00;67,72;66,00;114,00;67,72;-47,00;15,00;67,72;-8,00;20,00;67,72;-10,00
11.11.2021;11.11.2021;FCR;1;NEGPOS_20_24;81,47;71,00;81,47;40,00;87,00;161,36;-60,00;67,00;81,47;14,00;562,00;81,47;127,00;508,00;81,47;-56,00;114,00;81,47;-47,00;15,00;81,47;-4,00;20,00;81,47;-10,00
12.11.2021;12.11.2021;FCR;1;NEGPOS_00_04;156,84;71,00;156,84;23,00;87,00;156,84;-60,00;67,00;156,84;29,00;562,00;156,84;123,00;508,00;156,84;-55,00;114,00;156,84;-46,00;15,00;156,84;-8,00;20,00;156,84;-6,00
12.11.2021;12.11.2021;FCR;1;NEGPOS_04_08;159,20;71,00;159,20;40,00;87,00;159,20;-60,00;67,00;159,20;69,00;562,00;159,20;82,00;508,00;159,20;-62,00;114,00;159,20;-46,00;15,00;159,20;-9,00;20,00;159,20;-11,00
12.11.2021;12.11.2021;FCR;1;NEGPOS_08_12;75,92;71,00;75,92;47,00;87,00;169,76;-60,00;67,00;75,92;66,00;562,00;75,92;111,00;508,00;75,92;-98,00;114,00;75,92;-44,00;15,00;75,92;-8,00;20,00;81,61;-14,00
12.11.2021;12.11.2021;FCR;1;NEGPOS_12_16;88,00;71,00;88,00;44,00;87,00;99,92;-60,00;67,00;88,00;95,00;562,00;88,00;135,00;508,00;88,00;-151,00;114,00;88,00;-44,00;15,00;88,00;-8,00;20,00;88,00;-11,00
12.11.2021;12.11.2021;FCR;1;NEGPOS_16_20;87,00;71,00;87,00;40,00;87,00;172,16;-60,00;67,00;87,00;61,00;562,00;87,00;112,00;508,00;87,00;-90,00;114,00;87,00;-44,00;15,00;87,00;-8,00;20,00;87,00;-11,00
12.11.2021;12.11.2021;FCR;1;NEGPOS_20_24;108,32;71,00;108,32;27,00;87,00;108,32;-60,00;67,00;108,32;79,00;562,00;108,32;114,00;508,00;108,32;-98,00;114,00;108,32;-44,00;15,00;108,32;-8,00;20,00;108,32;-10,00
13.11.2021;13.11.2021;FCR;1;NEGPOS_00_04;92,44;71,00;92,44;14,00;87,00;92,44;-60,00;67,00;92,44;15,00;562,00;92,44;93,00;508,00;92,44;3,00;114,00;92,44;-46,00;15,00;92,44;-8,00;20,00;92,44;-11,00
13.11.2021;13.11.2021;FCR;1;NEGPOS_04_08;116,52;71,00;116,52;22,00;87,00;116,52;-60,00;67,00;116,52;47,00;562,00;116,52;111,00;508,00;116,52;-56,00;114,00;116,52;-46,00;15,00;116,52;-8,00;20,00;116,52;-10,00
13.11.2021;13.11.2021;FCR;1;NEGPOS_08_12;110,98;71,00;110,98;30,00;87,00;114,48;-60,00;67,00;110,98;96,00;562,00;110,98;124,00;508,00;110,98;-128,00;114,00;110,98;-46,00;15,00;110,98;-6,00;20,00;110,98;-10,00
13.11.2021;13.11.2021;FCR;1;NEGPOS_12_16;112,80;71,00;112,80;26,00;87,00;112,80;-60,00;67,00;112,80;57,00;562,00;112,80;125,00;508,00;112,80;-86,00;114,00;112,80;-46,00;15,00;112,80;-6,00;20,00;112,80;-10,00
13.11.2021;13.11.2021;FCR;1;NEGPOS_16_20;96,35;71,00;96,35;43,00;87,00;175,60;-60,00;67,00;96,35;64,00;562,00;96,35;71,00;508,00;96,35;-60,00;114,00;96,35;-46,00;15,00;96,35;-1,00;20,00;96,35;-11,00
13.11.2021;13.11.2021;FCR;1;NEGPOS_20_24;153,04;71,00;153,04;22,00;87,00;153,04;-60,00;67,00;153,04;85,00;562,00;153,04;124,00;508,00;153,04;-111,00;114,00;153,04;-46,00;15,00;153,04;-9,00;20,00;153,04;-5,00
14.11.2021;14.11.2021;FCR;1;NEGPOS_00_04;106,20;71,00;106,20;34,00;87,00;167,36;-58,00;67,00;106,20;38,00;562,00;106,20;91,00;508,00;106,20;-44,00;114,00;106,20;-46,00;15,00;106,20;-8,00;20,00;106,20;-7,00
14.11.2021;14.11.2021;FCR;1;NEGPOS_04_08;142,20;71,00;142,20;34,00;87,00;195,04;-58,00;67,00;142,20;49,00;562,00;142,20;91,00;508,00;142,20;-56,00;114,00;142,20;-46,00;15,00;142,20;-8,00;20,00;142,20;-6,00
14.11.2021;14.11.2021;FCR;1;NEGPOS_08_12;91,20;71,00;91,20;41,00;87,00;199,40;-59,00;67,00;91,20;54,00;562,00;91,20;140,00;508,00;91,20;-116,00;114,00;91,20;-46,00;15,00;91,20;-5,00;20,00;91,20;-7,00
14.11.2021;14.11.2021;FCR;1;NEGPOS_12_16;62,50;71,00;62,50;38,00;87,00;211,32;-59,00;67,00;62,50;21,00;562,00;62,50;118,00;508,00;62,50;-53,00;114,00;62,50;-46,00;15,00;62,50;-12,00;20,00;62,50;-7,00
14.11.2021;14.11.2021;FCR;1;NEGPOS_16_20;62,50;71,00;62,50;38,00;87,00;283,32;-59,00;67,00;62,50;37,00;562,00;62,50;113,00;508,00;62,50;-61,00;114,00;62,50;-46,00;15,00;62,50;-15,00;20,00;62,50;-7,00
14.11.2021;14.11.2021;FCR;1;NEGPOS_20_24;75,90;71,00;75,90;34,00;87,00;191,56;-58,00;67,00;75,90;35,00;562,00;75,90;121,00;508,00;75,90;-71,00;114,00;75,90;-46,00;15,00;75,90;-8,00;20,00;75,90;-7,00
15.11.2021;15.11.2021;FCR;1;NEGPOS_00_04;74,90;71,00;74,90;26,00;87,00;193,32;-58,00;67,00;74,90;-2,00;562,00;74,90;64,00;508,00;74,90;32,00;114,00;74,90;-46,00;15,00;74,90;-9,00;20,00;74,90;-7,00
15.11.2021;15.11.2021;FCR;1;NEGPOS_04_08;107,04;71,00;107,04;28,00;87,00;205,24;-58,00;67,00;107,04;22,00;562,00;107,04;57,00;508,00;107,04;12,00;114,00;107,04;-46,00;15,00;107,04;-9,00;20,00;107,04;-6,00
15.11.2021;15.11.2021;FCR;1;NEGPOS_08_12;40,00;71,00;40,00;17,00;87,00;279,88;-58,00;67,00;40,00;27,00;562,00;40,00;42,00;508,00;40,00;40,00;114,00;40,00;-46,00;15,00;40,00;-15,00;20,00;40,00;-7,00
15.11.2021;15.11.2021;FCR;1;NEGPOS_12_16;22,40;71,00;22,40;12,00;87,00;258,60;-58,00;67,00;22,40;13,00;562,00;22,40;34,00;508,00;22,40;84,00;114,00;22,40;-56,00;15,00;22,40;-15,00;20,00;26,31;-14,00
15.11.2021;15.11.2021;FCR;1;NEGPOS_16_20;27,11;71,00;27,11;-14,00;87,00;341,96;-58,00;67,00;27,11;-27,00;562,00;27,11;20,00;508,00;12,04;152,00;114,00;27,11;-46,00;15,00;27,11;-15,00;20,00;27,11;-12,00
15.11.2021;15.11.2021;FCR;1;NEGPOS_20_24;56,64;71,00;56,64;33,00;87,00;233,36;-58,00;67,00;56,64;-8,00;562,00;56,64;111,00;508,00;56,64;-11,00;114,00;56,64;-46,00;15,00;56,64;-15,00;20,00;56,64;-6,00
16.11.2021;16.11.2021;FCR;1;NEGPOS_00_04;91,52;71,00;91,52;35,00;87,00;193,68;-58,00;67,00;91,52;57,00;562,00;91,52;61,00;508,00;91,52;-29,00;114,00;91,52;-46,00;15,00;91,52;-9,00;20,00;91,52;-11,00
16.11.2021;16.11.2021;FCR;1;NEGPOS_04_08;140,40;71,00;140,40;37,00;87,00;222,00;-58,00;67,00;140,40;59,00;562,00;140,40;53,00;508,00;140,40;-26,00;114,00;140,40;-46,00;15,00;140,40;-9,00;20,00;140,40;-10,00
16.11.2021;16.11.2021;FCR;1;NEGPOS_08_12;31,20;71,00;31,20;-9,00;87,00;308,16;-58,00;67,00;31,20;48,00;562,00;31,20;30,00;508,00;31,20;76,00;114,00;31,20;-58,00;15,00;31,20;-15,00;20,00;34,63;-14,00
16.11.2021;16.11.2021;FCR;1;NEGPOS_12_16;31,70;71,00;31,70;-9,00;87,00;284,52;-58,00;67,00;31,70;61,00;562,00;31,70;38,00;508,00;31,70;53,00;114,00;31,70;-56,00;15,00;31,70;-15,00;20,00;34,63;-14,00
16.11.2021;16.11.2021;FCR;1;NEGPOS_16_20;21,00;71,00;21,00;-9,00;87,00;375,84;-58,00;67,00;21,00;-16,00;562,00;21,00;16,00;508,00;4,80;152,00;114,00;21,00;-56,00;15,00;21,00;-15,00;20,00;34,63;-14,00
16.11.2021;16.11.2021;FCR;1;NEGPOS_20_24;66,00;71,00;66,00;26,00;87,00;235,68;-58,00;67,00;66,00;16,00;562,00;66,00;101,00;508,00;66,00;-16,00;114,00;66,00;-46,00;15,00;66,00;-13,00;20,00;66,00;-10,00
17.11.2021;17.11.2021;FCR;1;NEGPOS_00_04;60,74;71,00;60,74;36,00;87,00;68,00;-60,00;67,00;60,74;11,00;562,00;60,74;130,00;508,00;60,74;-35,00;114,00;60,74;-44,00;15,00;60,74;-15,00;20,00;60,74;-11,00
17.11.2021;17.11.2021;FCR;1;NEGPOS_04_08;65,68;71,00;65,68;38,00;87,00;82,96;-60,00;67,00;65,68;-3,00;562,00;65,68;109,00;508,00;65,68;-11,00;114,00;65,68;-44,00;15,00;65,68;-15,00;20,00;65,68;-11,00
17.11.2021;17.11.2021;FCR;1;NEGPOS_08_12;25,00;71,00;25,00;10,00;87,00;148,64;-60,00;67,00;25,00;-21,00;562,00;25,00;38,00;508,00;25,00;126,00;114,00;25,00;-64,00;15,00;25,00;-15,00;20,00;35,00;-14,00
17.11.2021;17.11.2021;FCR;1;NEGPOS_12_16;40,08;71,00;40,08;22,00;87,00;115,28;-60,00;67,00;40,08;13,00;562,00;40,08;87,00;508,00;40,08;32,00;114,00;40,08;-64,00;15,00;40,08;-15,00;20,00;40,08;-12,00
17.11.2021;17.11.2021;FCR;1;NEGPOS_16_20;23,68;71,00;23,68;17,00;87,00;206,56;-60,00;67,00;23,68;14,00;562,00;23,68;62,00;508,00;23,68;60,00;114,00;23,68;-64,00;15,00;23,68;-15,00;20,00;35,00;-14,00
17.11.2021;17.11.2021;FCR;1;NEGPOS_20_24;88,55;71,00;88,55;38,00;87,00;109,28;-60,00;67,00;88,55;24,00;562,00;88,55;58,00;508,00;88,55;17,00;114,00;88,55;-54,00;15,00;88,55;-9,00;20,00;88,55;-10,00
18.11.2021;18.11.2021;FCR;1;NEGPOS_00_04;97,65;71,00;97,65;30,00;87,00;97,65;-60,00;67,00;97,65;8,00;562,00;97,65;121,00;508,00;97,65;-31,00;114,00;97,65;-46,00;15,00;97,65;-9,00;20,00;97,65;-10,00
18.11.2021;18.11.2021;FCR;1;NEGPOS_04_08;96,33;71,00;96,33;32,00;87,00;96,33;-60,00;67,00;96,33;5,00;562,00;96,33;121,00;508,00;96,33;-34,00;114,00;96,33;-44,00;15,00;96,33;-9,00;20,00;96,33;-10,00
18.11.2021;18.11.2021;FCR;1;NEGPOS_08_12;62,00;71,00;62,00;45,00;87,00;62,00;-60,00;67,00;62,00;30,00;562,00;62,00;63,00;508,00;62,00;2,00;114,00;62,00;-54,00;15,00;62,00;-15,00;20,00;62,00;-11,00
18.11.2021;18.11.2021;FCR;1;NEGPOS_12_16;62,12;71,00;62,12;26,00;87,00;62,12;-60,00;67,00;62,12;28,00;562,00;62,12;129,00;508,00;62,12;-45,00;114,00;62,12;-54,00;15,00;62,12;-13,00;20,00;62,12;-11,00
18.11.2021;18.11.2021;FCR;1;NEGPOS_16_20;25,00;71,00;25,00;15,00;87,00;98,60;-60,00;67,00;25,00;22,00;562,00;25,00;40,00;508,00;25,00;56,00;114,00;25,00;-44,00;15,00;25,00;-15,00;20,00;35,00;-14,00
18.11.2021;18.11.2021;FCR;1;NEGPOS_20_24;79,20;71,00;79,20;32,00;87,00;79,20;-60,00;67,00;79,20;14,00;562,00;79,20;110,00;508,00;79,20;-32,00;114,00;79,20;-44,00;15,00;79,20;-9,00;20,00;79,20;-11,00
19.11.2021;19.11.2021;FCR;1;NEGPOS_00_04;85,00;71,00;85,00;38,00;87,00;182,32;-60,00;67,00;85,00;25,00;562,00;85,00;37,00;508,00;85,00;23,00;114,00;85,00;-44,00;15,00;85,00;-9,00;20,00;85,00;-10,00
19.11.2021;19.11.2021;FCR;1;NEGPOS_04_08;83,70;71,00;83,70;40,00;87,00;96,60;-60,00;67,00;83,70;-26,00;562,00;83,70;111,00;508,00;83,70;-2,00;114,00;83,70;-44,00;15,00;83,70;-9,00;20,00;83,70;-10,00
19.11.2021;19.11.2021;FCR;1;NEGPOS_08_12;48,40;71,00;48,40;24,00;87,00;48,40;-60,00;67,00;48,40;12,00;562,00;48,40;23,00;508,00;48,40;72,00;114,00;48,40;-44,00;15,00;48,40;-15,00;20,00;48,40;-12,00
19.11.2021;19.11.2021;FCR;1;NEGPOS_12_16;54,72;71,00;54,72;31,00;87,00;54,72;-60,00;67,00;54,72;6,00;562,00;54,72;91,00;508,00;54,72;0,00;114,00;54,72;-44,00;15,00;54,72;-13,00;20,00;54,72;-11,00
19.11.2021;19.11.2021;FCR;1;NEGPOS_16_20;41,56;71,00;41,56;17,00;87,00;85,28;-60,00;67,00;41,56;17,00;562,00;41,56;24,00;508,00;41,56;75,00;114,00;41,56;-46,00;15,00;41,56;-15,00;20,00;41,56;-12,00
19.11.2021;19.11.2021;FCR;1;NEGPOS_20_24;54,60;71,00;54,60;25,00;87,00;65,20;-60,00;67,00;54,60;4,00;562,00;54,60;55,00;508,00;54,60;48,00;114,00;54,60;-46,00;15,00;54,60;-15,00;20,00;54,60;-11,00
20.11.2021;20.11.2021;FCR;1;NEGPOS_00_04;155,40;71,00;155,40;34,00;87,00;155,40;-56,00;67,00;155,40;35,00;562,00;155,40;125,00;508,00;155,40;-75,00;114,00;155,40;-46,00;15,00;155,40;-9,00;20,00;155,40;-8,00
20.11.2021;20.11.2021;FCR;1;NEGPOS_04_08;170,00;71,00;170,00;39,00;87,00;170,00;-56,00;67,00;170,00;35,00;562,00;170,00;142,00;508,00;170,00;-98,00;114,00;170,00;-46,00;15,00;170,00;-9,00;20,00;170,00;-7,00
20.11.2021;20.11.2021;FCR;1;NEGPOS_08_12;180,96;71,00;180,96;52,00;87,00;180,96;-59,00;67,00;180,96;42,00;562,00;180,96;157,00;508,00;180,96;-133,00;114,00;180,96;-44,00;15,00;180,96;-8,00;20,00;180,96;-7,00
20.11.2021;20.11.2021;FCR;1;NEGPOS_12_16;150,00;71,00;150,00;48,00;87,00;150,00;-59,00;67,00;150,00;23,00;562,00;150,00;132,00;508,00;150,00;-84,00;114,00;150,00;-44,00;15,00;150,00;-8,00;20,00;150,00;-8,00
20.11.2021;20.11.2021;FCR;1;NEGPOS_16_20;89,03;71,00;89,03;48,00;87,00;89,03;-59,00;67,00;89,03;30,00;562,00;89,03;113,00;508,00;89,03;-67,00;114,00;89,03;-44,00;15,00;89,03;-9,00;20,00;89,03;-10,00
20.11.2021;20.11.2021;FCR;1;NEGPOS_20_24;120,06;71,00;120,06;39,00;87,00;120,06;-59,00;67,00;120,06;12,00;562,00;120,06;126,00;508,00;120,06;-54,00;114,00;120,06;-46,00;15,00;120,06;-9,00;20,00;120,06;-9,00
21.11.2021;21.11.2021;FCR;1;NEGPOS_00_04;114,60;71,00;114,60;35,00;87,00;114,60;-59,00;67,00;114,60;35,00;562,00;80,50;168,00;508,00;114,60;-105,00;114,00;114,60;-56,00;15,00;114,60;-9,00;20,00;114,60;-9,00
21.11.2021;21.11.2021;FCR;1;NEGPOS_04_08;195,30;71,00;195,30;40,00;87,00;195,30;-59,00;67,00;195,30;60,00;562,00;82,00;168,00;508,00;195,30;-138,00;114,00;195,30;-54,00;15,00;195,30;-9,00;20,00;195,30;-7,00
21.11.2021;21.11.2021;FCR;1;NEGPOS_08_12;159,92;71,00;159,92;50,00;87,00;159,92;-56,00;67,00;159,92;67,00;562,00;69,00;168,00;508,00;159,92;-159,00;114,00;159,92;-54,00;15,00;159,92;-8,00;20,00;159,92;-8,00
21.11.2021;21.11.2021;FCR;1;NEGPOS_12_16;113,20;71,00;113,20;48,00;87,00;113,20;-59,00;67,00;113,20;24,00;562,00;62,00;168,00;508,00;113,20;-110,00;114,00;113,20;-54,00;15,00;113,20;-8,00;20,00;113,20;-9,00
21.11.2021;21.11.2021;FCR;1;NEGPOS_16_20;75,46;71,00;75,46;40,00;87,00;75,46;-59,00;67,00;75,46;64,00;562,00;75,46;125,00;508,00;75,46;-100,00;114,00;75,46;-54,00;15,00;75,46;0,00;20,00;75,46;-11,00
21.11.2021;21.11.2021;FCR;1;NEGPOS_20_24;71,00;71,00;71,00;39,00;87,00;84,56;-60,00;67,00;71,00;16,00;562,00;66,00;168,00;508,00;71,00;-101,00;114,00;71,00;-44,00;15,00;71,00;-6,00;20,00;71,00;-12,00
22.11.2021;22.11.2021;FCR;1;NEGPOS_00_04;91,20;71,00;91,20;31,00;87,00;130,96;-60,00;67,00;91,20;-1,00;562,00;91,20;165,00;508,00;91,20;-72,00;114,00;91,20;-44,00;15,00;91,20;-9,00;20,00;91,20;-10,00
22.11.2021;22.11.2021;FCR;1;NEGPOS_04_08;188,31;71,00;188,31;37,00;87,00;188,31;-56,00;67,00;188,31;26,00;562,00;188,31;131,00;508,00;188,31;-78,00;114,00;188,31;-44,00;15,00;188,31;-9,00;20,00;188,31;-7,00
22.11.2021;22.11.2021;FCR;1;NEGPOS_08_12;74,48;71,00;74,48;43,00;87,00;159,68;-60,00;67,00;74,48;23,00;562,00;74,48;88,00;508,00;74,48;-22,00;114,00;74,48;-56,00;15,00;74,48;-6,00;20,00;74,48;-10,00
22.11.2021;22.11.2021;FCR;1;NEGPOS_12_16;68,19;71,00;68,19;63,00;87,00;118,64;-60,00;67,00;68,19;16,00;562,00;68,19;98,00;508,00;68,19;-43,00;114,00;68,19;-56,00;15,00;68,19;-7,00;20,00;68,19;-11,00
22.11.2021;22.11.2021;FCR;1;NEGPOS_16_20;31,00;71,00;31,00;-7,00;87,00;235,04;-60,00;67,00;31,00;-15,00;562,00;31,00;40,00;508,00;31,00;127,00;114,00;31,00;-56,00;15,00;31,00;-15,00;20,00;68,19;-14,00
22.11.2021;22.11.2021;FCR;1;NEGPOS_20_24;89,00;71,00;89,00;36,00;87,00;144,72;-60,00;67,00;89,00;-2,00;562,00;89,00;155,00;508,00;89,00;-66,00;114,00;89,00;-46,00;15,00;89,00;-7,00;20,00;89,00;-10,00
23.11.2021;23.11.2021;FCR;1;NEGPOS_00_04;114,00;71,00;114,00;38,00;87,00;114,00;-59,00;67,00;114,00;59,00;562,00;114,00;127,00;508,00;114,00;-102,00;114,00;114,00;-46,00;15,00;114,00;-9,00;20,00;114,00;-7,00
23.11.2021;23.11.2021;FCR;1;NEGPOS_04_08;214,52;71,00;214,52;36,00;87,00;214,52;-56,00;67,00;214,52;77,00;562,00;214,52;73,00;508,00;214,52;-58,00;114,00;214,52;-56,00;15,00;214,52;-9,00;20,00;214,52;-7,00
23.11.2021;23.11.2021;FCR;1;NEGPOS_08_12;106,40;71,00;106,40;51,00;87,00;217,36;-60,00;67,00;106,40;17,00;562,00;106,40;69,00;508,00;106,40;4,00;114,00;106,40;-67,00;15,00;106,40;-7,00;20,00;106,40;-7,00
23.11.2021;23.11.2021;FCR;1;NEGPOS_12_16;77,52;71,00;77,52;70,00;87,00;157,44;-60,00;67,00;77,52;17,00;562,00;77,52;95,00;508,00;77,52;-39,00;114,00;77,52;-67,00;15,00;77,52;-7,00;20,00;77,52;-9,00
23.11.2021;23.11.2021;FCR;1;NEGPOS_16_20;50,00;71,00;50,00;18,00;87,00;238,80;-60,00;67,00;50,00;-16,00;562,00;50,00;53,00;508,00;50,00;87,00;114,00;50,00;-65,00;15,00;50,00;-6,00;20,00;50,00;-11,00
23.11.2021;23.11.2021;FCR;1;NEGPOS_20_24;88,14;71,00;88,14;39,00;87,00;155,04;-60,00;67,00;88,14;12,00;562,00;88,14;82,00;508,00;88,14;-2,00;114,00;88,14;-55,00;15,00;88,14;-8,00;20,00;88,14;-8,00
24.11.2021;24.11.2021;FCR;1;NEGPOS_00_04;142,76;71,00;142,76;17,00;87,00;142,76;-56,00;67,00;142,76;81,00;562,00;95,00;168,00;508,00;142,76;-138,00;114,00;142,76;-55,00;15,00;142,76;-9,00;20,00;142,76;-8,00
24.11.2021;24.11.2021;FCR;1;NEGPOS_04_08;183,68;71,00;183,68;31,00;87,00;183,68;-56,00;67,00;183,68;72,00;562,00;183,68;168,00;508,00;183,68;-126,00;114,00;183,68;-73,00;15,00;183,68;-9,00;20,00;183,68;-7,00
24.11.2021;24.11.2021;FCR;1;NEGPOS_08_12;48,00;71,00;48,00;0,00;87,00;217,20;-60,00;67,00;48,00;-4,00;562,00;48,00;6,00;508,00;12,00;152,00;114,00;48,00;-75,00;15,00;48,00;-8,00;20,00;48,00;-11,00
24.11.2021;24.11.2021;FCR;1;NEGPOS_12_16;55,00;71,00;55,00;28,00;87,00;169,44;-60,00;67,00;55,00;10,00;562,00;55,00;105,00;508,00;55,00;15,00;114,00;55,00;-75,00;15,00;55,00;-13,00;20,00;55,00;-10,00
24.11.2021;24.11.2021;FCR;1;NEGPOS_16_20;45,00;71,00;45,00;-5,00;87,00;228,00;-60,00;67,00;45,00;-22,00;562,00;45,00;36,00;508,00;45,00;143,00;114,00;45,00;-73,00;15,00;45,00;-8,00;20,00;45,00;-11,00
24.11.2021;24.11.2021;FCR;1;NEGPOS_20_24;96,75;71,00;96,75;18,00;87,00;132,56;-60,00;67,00;96,75;36,00;562,00;96,75;106,00;508,00;96,75;-27,00;114,00;96,75;-54,00;15,00;96,75;-8,00;20,00;96,75;-10,00
25.11.2021;25.11.2021;FCR;1;NEGPOS_00_04;72,40;71,00;72,40;41,00;87,00;72,40;-59,00;67,00;72,40;64,00;562,00;72,40;96,00;508,00;72,40;-70,00;114,00;72,40;-54,00;15,00;72,40;-9,00;20,00;72,40;-9,00
25.11.2021;25.11.2021;FCR;1;NEGPOS_04_08;164,44;71,00;164,44;51,00;87,00;164,44;-59,00;67,00;164,44;20,00;562,00;164,44;107,00;508,00;164,44;-34,00;114,00;164,44;-64,00;15,00;164,44;-9,00;20,00;164,44;-12,00
25.11.2021;25.11.2021;FCR;1;NEGPOS_08_12;45,00;71,00;45,00;4,00;87,00;266,40;-60,00;67,00;45,00;0,00;562,00;45,00;32,00;508,00;45,00;120,00;114,00;45,00;-66,00;15,00;45,00;-13,00;20,00;53,24;-14,00
25.11.2021;25.11.2021;FCR;1;NEGPOS_12_16;48,50;71,00;48,50;62,00;87,00;321,48;-60,00;67,00;48,50;20,00;562,00;48,50;63,00;508,00;48,50;8,00;114,00;48,50;-66,00;15,00;48,50;-13,00;20,00;80,16;-14,00
25.11.2021;25.11.2021;FCR;1;NEGPOS_16_20;41,24;71,00;41,24;20,00;87,00;346,20;-60,00;67,00;41,24;-36,00;562,00;41,24;12,00;508,00;28,68;152,00;114,00;41,24;-64,00;15,00;41,24;-10,00;20,00;80,16;-14,00
25.11.2021;25.11.2021;FCR;1;NEGPOS_20_24;64,70;71,00;64,70;46,00;87,00;199,48;-60,00;67,00;64,70;6,00;562,00;64,70;84,00;508,00;64,70;6,00;114,00;64,70;-54,00;15,00;64,70;-14,00;20,00;80,16;-14,00
26.11.2021;26.11.2021;FCR;1;NEGPOS_00_04;142,69;71,00;142,69;14,00;87,00;142,69;-59,00;67,00;142,69;66,00;562,00;142,69;142,00;508,00;142,69;-88,00;114,00;142,69;-53,00;15,00;142,69;-9,00;20,00;142,69;-12,00
26.11.2021;26.11.2021;FCR;1;NEGPOS_04_08;245,20;71,00;245,20;48,00;87,00;245,20;-56,00;67,00;245,20;84,00;562,00;245,20;93,00;508,00;245,20;-85,00;114,00;245,20;-63,00;15,00;245,20;-9,00;20,00;245,20;-12,00
26.11.2021;26.11.2021;FCR;1;NEGPOS_08_12;35,00;71,00;35,00;-4,00;87,00;149,32;-60,00;67,00;35,00;-15,00;562,00;35,00;11,00;508,00;8,40;152,00;114,00;35,00;-55,00;15,00;35,00;-15,00;20,00;53,24;-14,00
26.11.2021;26.11.2021;FCR;1;NEGPOS_12_16;38,33;71,00;38,33;23,00;87,00;111,08;-60,00;67,00;38,33;4,00;562,00;38,33;38,00;508,00;38,33;77,00;114,00;38,33;-55,00;15,00;38,33;-13,00;20,00;53,24;-14,00
26.11.2021;26.11.2021;FCR;1;NEGPOS_16_20;41,67;71,00;41,67;13,00;87,00;140,84;-60,00;67,00;41,67;-22,00;562,00;41,67;59,00;508,00;41,67;87,00;114,00;41,67;-53,00;15,00;41,67;-10,00;20,00;53,24;-14,00
26.11.2021;26.11.2021;FCR;1;NEGPOS_20_24;77,00;71,00;77,00;19,00;87,00;120,92;-60,00;67,00;77,00;71,00;562,00;77,00;67,00;508,00;77,00;-30,00;114,00;77,00;-45,00;15,00;77,00;-8,00;20,00;80,16;-14,00
27.11.2021;27.11.2021;FCR;1;NEGPOS_00_04;75,50;71,00;75,50;34,00;87,00;104,96;-60,00;67,00;75,50;71,00;562,00;75,50;82,00;508,00;75,50;-63,00;114,00;75,50;-44,00;15,00;75,50;-9,00;20,00;75,50;-11,00
27.11.2021;27.11.2021;FCR;1;NEGPOS_04_08;131,09;71,00;131,09;39,00;87,00;131,09;-59,00;67,00;131,09;69,00;562,00;131,09;129,00;508,00;131,09;-103,00;114,00;131,09;-54,00;15,00;131,09;-9,00;20,00;131,09;-9,00
27.11.2021;27.11.2021;FCR;1;NEGPOS_08_12;31,68;71,00;31,68;1,00;87,00;71,04;-60,00;67,00;31,68;-9,00;562,00;31,68;-6,00;508,00;5,04;152,00;114,00;31,68;-54,00;15,00;31,68;-10,00;20,00;42,55;-14,00
27.11.2021;27.11.2021;FCR;1;NEGPOS_12_16;45,00;71,00;45,00;3,00;87,00;82,00;-60,00;67,00;45,00;27,00;562,00;45,00;36,00;508,00;45,00;72,00;114,00;45,00;-52,00;15,00;45,00;-13,00;20,00;45,00;-12,00
27.11.2021;27.11.2021;FCR;1;NEGPOS_16_20;43,88;71,00;43,88;3,00;87,00;188,00;-60,00;67,00;43,88;52,00;562,00;43,88;-5,00;508,00;43,88;86,00;114,00;43,88;-54,00;15,00;43,88;-10,00;20,00;43,88;-12,00
27.11.2021;27.11.2021;FCR;1;NEGPOS_20_24;57,30;71,00;57,30;44,00;87,00;78,88;-60,00;67,00;57,30;40,00;562,00;57,30;72,00;508,00;57,30;-27,00;114,00;57,30;-44,00;15,00;57,30;-14,00;20,00;57,30;-11,00
28.11.2021;28.11.2021;FCR;1;NEGPOS_00_04;110,30;71,00;110,30;39,00;87,00;196,44;-60,00;67,00;110,30;36,00;562,00;110,30;124,00;508,00;110,30;-77,00;114,00;110,30;-44,00;15,00;110,30;-9,00;20,00;110,30;-9,00
28.11.2021;28.11.2021;FCR;1;NEGPOS_04_08;177,96;71,00;177,96;39,00;87,00;177,96;-59,00;67,00;177,96;59,00;562,00;177,96;133,00;508,00;177,96;-111,00;114,00;177,96;-44,00;15,00;177,96;-9,00;20,00;177,96;-8,00
28.11.2021;28.11.2021;FCR;1;NEGPOS_08_12;93,54;71,00;93,54;43,00;87,00;93,54;-59,00;67,00;93,54;45,00;562,00;85,00;168,00;508,00;93,54;-137,00;114,00;93,54;-44,00;15,00;93,54;-4,00;20,00;93,54;-10,00
28.11.2021;28.11.2021;FCR;1;NEGPOS_12_16;86,00;71,00;86,00;38,00;87,00;86,00;-59,00;67,00;86,00;5,00;562,00;86,00;168,00;508,00;86,00;-95,00;114,00;86,00;-42,00;15,00;86,00;-5,00;20,00;86,00;-10,00
28.11.2021;28.11.2021;FCR;1;NEGPOS_16_20;89,00;71,00;89,00;37,00;87,00;89,00;-59,00;67,00;89,00;30,00;562,00;89,00;141,00;508,00;89,00;-91,00;114,00;89,00;-44,00;15,00;89,00;-4,00;20,00;89,00;-10,00
28.11.2021;28.11.2021;FCR;1;NEGPOS_20_24;67,23;71,00;67,23;39,00;87,00;67,23;-59,00;67,00;67,23;48,00;562,00;67,23;147,00;508,00;67,23;-113,00;114,00;67,23;-44,00;15,00;67,23;-8,00;20,00;67,23;-10,00
29.11.2021;29.11.2021;FCR;1;NEGPOS_00_04;115,52;71,00;115,52;37,00;87,00;115,52;-59,00;67,00;115,52;-16,00;562,00;115,52;136,00;508,00;115,52;-37,00;114,00;115,52;-44,00;15,00;115,52;-9,00;20,00;115,52;-8,00
29.11.2021;29.11.2021;FCR;1;NEGPOS_04_08;196,00;71,00;196,00;39,00;87,00;196,00;-56,00;67,00;196,00;41,00;562,00;196,00;75,00;508,00;196,00;-41,00;114,00;196,00;-42,00;15,00;196,00;-9,00;20,00;196,00;-7,00
29.11.2021;29.11.2021;FCR;1;NEGPOS_08_12;40,00;71,00;40,00;1,00;87,00;238,68;-60,00;67,00;40,00;-29,00;562,00;40,00;-1,00;508,00;3,28;152,00;114,00;40,00;-42,00;15,00;40,00;-10,00;20,00;40,00;-11,00
29.11.2021;29.11.2021;FCR;1;NEGPOS_12_16;41,67;71,00;41,67;2,00;87,00;249,40;-60,00;67,00;41,67;-30,00;562,00;41,67;4,00;508,00;11,00;152,00;114,00;41,67;-42,00;15,00;41,67;-13,00;20,00;41,67;-11,00
29.11.2021;29.11.2021;FCR;1;NEGPOS_16_20;56,40;71,00;56,40;36,00;87,00;347,32;-60,00;67,00;56,40;-24,00;562,00;56,40;39,00;508,00;56,40;76,00;114,00;56,40;-42,00;15,00;56,40;-15,00;20,00;56,40;-10,00
29.11.2021;29.11.2021;FCR;1;NEGPOS_20_24;51,67;71,00;51,67;13,00;87,00;109,96;-60,00;67,00;51,67;-9,00;562,00;51,67;55,00;508,00;51,67;68,00;114,00;51,67;-42,00;15,00;51,67;-14,00;20,00;51,67;-11,00
30.11.2021;30.11.2021;FCR;1;NEGPOS_00_04;138,00;71,00;138,00;37,00;87,00;206,32;-58,00;67,00;138,00;53,00;562,00;138,00;72,00;508,00;138,00;-44,00;114,00;138,00;-42,00;15,00;138,00;-9,00;20,00;138,00;-9,00
30.11.2021;30.11.2021;FCR;1;NEGPOS_04_08;194,44;71,00;194,44;39,00;87,00;261,00;-58,00;67,00;194,44;76,00;562,00;194,44;77,00;508,00;194,44;-73,00;114,00;194,44;-42,00;15,00;194,44;-9,00;20,00;194,44;-8,00
30.11.2021;30.11.2021;FCR;1;NEGPOS_08_12;70,00;71,00;70,00;44,00;87,00;206,16;-58,00;67,00;70,00;-14,00;562,00;70,00;31,00;508,00;70,00;61,00;114,00;70,00;-43,00;15,00;70,00;-7,00;20,00;74,90;-14,00
30.11.2021;30.11.2021;FCR;1;NEGPOS_12_16;139,30;71,00;139,30;56,00;87,00;139,30;-58,00;67,00;139,30;17,00;562,00;139,30;59,00;508,00;139,30;-15,00;114,00;139,30;-43,00;15,00;139,30;-7,00;20,00;139,30;-9,00
30.11.2021;30.11.2021;FCR;1;NEGPOS_16_20;56,00;71,00;56,00;52,00;87,00;188,44;-58,00;67,00;56,00;-18,00;562,00;56,00;7,00;508,00;56,00;82,00;114,00;56,00;-43,00;15,00;56,00;-8,00;20,00;74,90;-14,00
30.11.2021;30.11.2021;FCR;1;NEGPOS_20_24;59,54;71,00;59,54;42,00;87,00;197,20;-58,00;67,00;59,54;6,00;562,00;59,54;108,00;508,00;59,54;-26,00;114,00;59,54;-42,00;15,00;59,54;-13,00;20,00;74,90;-14,00
01.12.2021;01.12.2021;FCR;1;NEGPOS_00_04;156,36;71,00;156,36;38,00;87,00;224,20;-58,00;67,00;156,36;-10,00;562,00;156,36;122,00;508,00;156,36;-33,00;114,00;156,36;-42,00;15,00;156,36;-8,00;20,00;156,36;-9,00
01.12.2021;01.12.2021;FCR;1;NEGPOS_04_08;159,24;71,00;159,24;38,00;87,00;267,24;-58,00;67,00;159,24;31,00;562,00;159,24;102,00;508,00;159,24;-54,00;114,00;159,24;-42,00;15,00;159,24;-8,00;20,00;159,24;-9,00
01.12.2021;01.12.2021;FCR;1;NEGPOS_08_12;60,00;71,00;60,00;33,00;87,00;343,64;-58,00;67,00;60,00;51,00;562,00;60,00;-11,00;508,00;60,00;53,00;114,00;60,00;-42,00;15,00;60,00;-12,00;20,00;64,52;-14,00
01.12.2021;01.12.2021;FCR;1;NEGPOS_12_16;60,00;71,00;60,00;33,00;87,00;291,48;-58,00;67,00;60,00;54,00;562,00;60,00;98,00;508,00;60,00;-59,00;114,00;60,00;-42,00;15,00;60,00;-12,00;20,00;64,52;-14,00
01.12.2021;01.12.2021;FCR;1;NEGPOS_16_20;48,00;71,00;48,00;7,00;87,00;364,96;-58,00;67,00;48,00;28,00;562,00;48,00;40,00;508,00;48,00;45,00;114,00;48,00;-42,00;15,00;48,00;-6,00;20,00;107,04;-14,00
01.12.2021;01.12.2021;FCR;1;NEGPOS_20_24;102,46;71,00;102,46;38,00;87,00;228,36;-58,00;67,00;102,46;40,00;562,00;102,46;117,00;508,00;102,46;-71,00;114,00;102,46;-42,00;15,00;102,46;-6,00;20,00;107,04;-14,00
02.12.2021;02.12.2021;FCR;1;NEGPOS_00_04;195,00;71,00;195,00;38,00;87,00;195,00;-55,00;67,00;195,00;32,00;562,00;195,00;89,00;508,00;195,00;-42,00;114,00;195,00;-42,00;15,00;195,00;-8,00;20,00;195,00;-12,00
02.12.2021;02.12.2021;FCR;1;NEGPOS_04_08;218,16;71,00;218,16;40,00;87,00;218,16;-55,00;67,00;218,16;24,00;562,00;218,16;94,00;508,00;218,16;-41,00;114,00;218,16;-42,00;15,00;218,16;-8,00;20,00;218,16;-12,00
02.12.2021;02.12.2021;FCR;1;NEGPOS_08_12;51,67;71,00;51,67;25,00;87,00;153,12;-60,00;67,00;51,67;14,00;562,00;51,67;-7,00;508,00;51,67;96,00;114,00;51,67;-42,00;15,00;51,67;-12,00;20,00;64,56;-14,00
02.12.2021;02.12.2021;FCR;1;NEGPOS_12_16;48,00;71,00;48,00;16,00;87,00;140,40;-60,00;67,00;48,00;43,00;562,00;48,00;28,00;508,00;48,00;42,00;114,00;48,00;-42,00;15,00;48,00;-13,00;20,00;64,56;-14,00
02.12.2021;02.12.2021;FCR;1;NEGPOS_16_20;30,80;71,00;30,80;1,00;87,00;244,88;-60,00;67,00;30,80;3,00;562,00;30,80;-23,00;508,00;11,00;152,00;114,00;30,80;-44,00;15,00;30,80;-15,00;20,00;64,56;-14,00
02.12.2021;02.12.2021;FCR;1;NEGPOS_20_24;46,40;71,00;46,40;2,00;87,00;110,72;-60,00;67,00;46,40;-13,00;562,00;46,40;48,00;508,00;46,40;94,00;114,00;46,40;-44,00;15,00;46,40;-13,00;20,00;64,56;-14,00
03.12.2021;03.12.2021;FCR;1;NEGPOS_00_04;180,00;71,00;180,00;36,00;87,00;180,00;-57,00;67,00;180,00;-1,00;562,00;180,00;98,00;508,00;180,00;-8,00;114,00;180,00;-44,00;15,00;180,00;-13,00;20,00;180,00;-11,00
03.12.2021;03.12.2021;FCR;1;NEGPOS_04_08;151,92;71,00;151,92;38,00;87,00;151,92;-60,00;67,00;151,92;49,00;562,00;151,92;79,00;508,00;151,92;-40,00;114,00;151,92;-42,00;15,00;151,92;-13,00;20,00;151,92;-11,00
03.12.2021;03.12.2021;FCR;1;NEGPOS_08_12;331,85;71,00;331,85;82,00;87,00;331,85;-60,00;67,00;78,40;98,00;562,00;331,85;162,00;508,00;331,85;-215,00;114,00;331,85;-42,00;15,00;331,85;-11,00;20,00;331,85;-10,00
03.12.2021;03.12.2021;FCR;1;NEGPOS_12_16;421,00;71,00;421,00;94,00;87,00;421,00;-57,00;67,00;104,60;100,00;562,00;344,81;155,00;508,00;421,00;-227,00;114,00;421,00;-42,00;15,00;421,00;-12,00;20,00;421,00;-10,00
03.12.2021;03.12.2021;FCR;1;NEGPOS_16_20;371,79;71,00;371,79;93,00;87,00;371,79;-60,00;67,00;126,90;82,00;562,00;371,79;168,00;508,00;371,79;-227,00;114,00;371,79;-42,00;15,00;371,79;-4,00;20,00;371,79;-10,00
03.12.2021;03.12.2021;FCR;1;NEGPOS_20_24;754,69;71,00;754,69;87,00;87,00;754,69;-57,00;67,00;264,70;99,00;562,00;215,00;150,00;508,00;754,69;-217,00;114,00;754,69;-42,00;15,00;754,69;-11,00;20,00;754,69;-9,00
04.12.2021;04.12.2021;FCR;1;NEGPOS_00_04;133,36;71,00;133,36;36,00;87,00;133,36;-60,00;67,00;133,36;-32,00;562,00;133,36;118,00;508,00;133,36;7,00;114,00;133,36;-44,00;15,00;133,36;-13,00;20,00;133,36;-12,00
04.12.2021;04.12.2021;FCR;1;NEGPOS_04_08;196,72;71,00;196,72;36,00;87,00;196,72;-57,00;67,00;196,72;-31,00;562,00;196,72;146,00;508,00;196,72;-26,00;114,00;196,72;-44,00;15,00;196,72;-13,00;20,00;196,72;-11,00
04.12.2021;04.12.2021;FCR;1;NEGPOS_08_12;204,98;71,00;204,98;42,00;87,00;204,98;-60,00;67,00;204,98;43,00;562,00;204,98;95,00;508,00;204,98;-56,00;114,00;204,98;-44,00;15,00;204,98;-10,00;20,00;204,98;-10,00
04.12.2021;04.12.2021;FCR;1;NEGPOS_12_16;187,99;71,00;187,99;42,00;87,00;187,99;-60,00;67,00;187,99;29,00;562,00;187,99;135,00;508,00;187,99;-80,00;114,00;187,99;-44,00;15,00;187,99;-12,00;20,00;187,99;-10,00
04.12.2021;04.12.2021;FCR;1;NEGPOS_16_20;119,00;71,00;119,00;41,00;87,00;119,00;-60,00;67,00;119,00;32,00;562,00;119,00;107,00;508,00;119,00;-59,00;114,00;119,00;-44,00;15,00;119,00;-6,00;20,00;119,00;-11,00
04.12.2021;04.12.2021;FCR;1;NEGPOS_20_24;158,71;71,00;158,71;36,00;87,00;158,71;-60,00;67,00;158,71;-4,00;562,00;158,71;117,00;508,00;158,71;-19,00;114,00;158,71;-44,00;15,00;158,71;-10,00;20,00;158,71;-11,00
05.12.2021;05.12.2021;FCR;1;NEGPOS_00_04;116,00;71,00;116,00;34,00;87,00;143,32;-60,00;67,00;116,00;-7,00;562,00;116,00;106,00;508,00;116,00;-11,00;114,00;116,00;-42,00;15,00;116,00;-8,00;20,00;116,00;-12,00
05.12.2021;05.12.2021;FCR;1;NEGPOS_04_08;137,64;71,00;137,64;32,00;87,00;195,32;-60,00;67,00;137,64;-3,00;562,00;137,64;106,00;508,00;137,64;-12,00;114,00;137,64;-44,00;15,00;137,64;-8,00;20,00;137,64;-11,00
05.12.2021;05.12.2021;FCR;1;NEGPOS_08_12;196,16;71,00;196,16;44,00;87,00;196,16;-60,00;67,00;196,16;67,00;562,00;196,16;118,00;508,00;196,16;-109,00;114,00;196,16;-44,00;15,00;196,16;-5,00;20,00;196,16;-11,00
05.12.2021;05.12.2021;FCR;1;NEGPOS_12_16;188,00;71,00;188,00;39,00;87,00;188,00;-60,00;67,00;188,00;28,00;562,00;188,00;108,00;508,00;188,00;-56,00;114,00;188,00;-42,00;15,00;188,00;-6,00;20,00;188,00;-11,00
05.12.2021;05.12.2021;FCR;1;NEGPOS_16_20;182,60;71,00;182,60;51,00;87,00;182,60;-60,00;67,00;182,60;58,00;562,00;182,60;86,00;508,00;182,60;-83,00;114,00;182,60;-42,00;15,00;182,60;1,00;20,00;182,60;-11,00
05.12.2021;05.12.2021;FCR;1;NEGPOS_20_24;226,06;71,00;226,06;38,00;87,00;226,06;-57,00;67,00;226,06;21,00;562,00;226,06;133,00;508,00;226,06;-74,00;114,00;226,06;-44,00;15,00;226,06;-7,00;20,00;226,06;-10,00
06.12.2021;06.12.2021;FCR;1;NEGPOS_00_04;150,60;71,00;150,60;28,00;87,00;150,60;-60,00;67,00;150,60;4,00;562,00;150,60;157,00;508,00;150,60;-66,00;114,00;150,60;-44,00;15,00;150,60;-8,00;20,00;150,60;-11,00
06.12.2021;06.12.2021;FCR;1;NEGPOS_04_08;175,70;71,00;175,70;29,00;87,00;206,76;-58,00;67,00;175,70;33,00;562,00;175,70;157,00;508,00;175,70;-79,00;114,00;175,70;-44,00;15,00;175,70;-8,00;20,00;175,70;-11,00
06.12.2021;06.12.2021;FCR;1;NEGPOS_08_12;40,00;71,00;40,00;-9,00;87,00;396,28;-58,00;67,00;40,00;-25,00;562,00;40,00;8,00;508,00;7,76;152,00;114,00;40,00;-44,00;15,00;40,00;-10,00;20,00;100,67;-14,00
06.12.2021;06.12.2021;FCR;1;NEGPOS_12_16;51,67;71,00;51,67;9,00;87,00;293,08;-58,00;67,00;51,67;-10,00;562,00;51,67;75,00;508,00;51,67;53,00;114,00;51,67;-42,00;15,00;51,67;-13,00;20,00;100,67;-14,00
06.12.2021;06.12.2021;FCR;1;NEGPOS_16_20;31,68;71,00;31,68;-9,00;87,00;277,64;-58,00;67,00;31,68;9,00;562,00;31,68;-13,00;508,00;31,68;139,00;114,00;31,68;-42,00;15,00;31,68;-12,00;20,00;100,67;-14,00
06.12.2021;06.12.2021;FCR;1;NEGPOS_20_24;83,84;71,00;83,84;22,00;87,00;198,92;-58,00;67,00;83,84;-10,00;562,00;83,84;157,00;508,00;83,84;-41,00;114,00;83,84;-42,00;15,00;83,84;-14,00;20,00;100,67;-14,00
07.12.2021;07.12.2021;FCR;1;NEGPOS_00_04;145,75;71,00;145,75;35,00;87,00;145,75;-60,00;67,00;145,75;6,00;562,00;145,75;144,00;508,00;145,75;-64,00;114,00;145,75;-42,00;15,00;145,75;-8,00;20,00;145,75;-11,00
07.12.2021;07.12.2021;FCR;1;NEGPOS_04_08;169,36;71,00;169,36;36,00;87,00;169,36;-57,00;67,00;169,36;8,00;562,00;169,36;150,00;508,00;169,36;-76,00;114,00;169,36;-42,00;15,00;169,36;-8,00;20,00;169,36;-11,00
07.12.2021;07.12.2021;FCR;1;NEGPOS_08_12;51,67;71,00;51,67;4,00;87,00;230,52;-60,00;67,00;51,67;9,00;562,00;51,67;28,00;508,00;51,67;85,00;114,00;51,67;-42,00;15,00;51,67;-8,00;20,00;107,38;-14,00
07.12.2021;07.12.2021;FCR;1;NEGPOS_12_16;60,00;71,00;60,00;33,00;87,00;161,72;-60,00;67,00;60,00;59,00;562,00;60,00;49,00;508,00;60,00;-15,00;114,00;60,00;-42,00;15,00;60,00;-10,00;20,00;107,38;-14,00
07.12.2021;07.12.2021;FCR;1;NEGPOS_16_20;45,00;71,00;45,00;2,00;87,00;248,04;-60,00;67,00;45,00;34,00;562,00;45,00;15,00;508,00;45,00;73,00;114,00;45,00;-42,00;15,00;45,00;-8,00;20,00;107,38;-14,00
07.12.2021;07.12.2021;FCR;1;NEGPOS_20_24;157,00;71,00;157,00;55,00;87,00;157,00;-60,00;67,00;157,00;2,00;562,00;157,00;152,00;508,00;157,00;-89,00;114,00;157,00;-42,00;15,00;157,00;-8,00;20,00;157,00;-10,00
08.12.2021;08.12.2021;FCR;1;NEGPOS_00_04;113,16;71,00;113,16;32,00;87,00;226,52;-60,00;67,00;113,16;-19,00;562,00;113,16;121,00;508,00;113,16;-16,00;114,00;113,16;-40,00;15,00;113,16;-7,00;20,00;113,16;-11,00
08.12.2021;08.12.2021;FCR;1;NEGPOS_04_08;168,64;71,00;168,64;36,00;87,00;168,64;-60,00;67,00;168,64;11,00;562,00;168,64;132,00;508,00;168,64;-61,00;114,00;168,64;-40,00;15,00;168,64;-7,00;20,00;168,64;-11,00
08.12.2021;08.12.2021;FCR;1;NEGPOS_08_12;148,00;71,00;148,00;45,00;87,00;148,00;-60,00;67,00;148,00;15,00;562,00;148,00;145,00;508,00;148,00;-95,00;114,00;148,00;-40,00;15,00;148,00;0,00;20,00;148,00;-10,00
08.12.2021;08.12.2021;FCR;1;NEGPOS_12_16;125,72;71,00;125,72;37,00;87,00;125,72;-60,00;67,00;125,72;70,00;562,00;125,72;129,00;508,00;125,72;-121,00;114,00;125,72;-40,00;15,00;125,72;-5,00;20,00;125,72;-10,00
08.12.2021;08.12.2021;FCR;1;NEGPOS_16_20;107,04;71,00;107,04;45,00;87,00;181,24;-60,00;67,00;107,04;9,00;562,00;107,04;88,00;508,00;107,04;-33,00;114,00;107,04;-40,00;15,00;107,04;1,00;20,00;107,04;-10,00
08.12.2021;08.12.2021;FCR;1;NEGPOS_20_24;84,72;71,00;84,72;32,00;87,00;89,68;-60,00;67,00;84,72;-5,00;562,00;78,00;168,00;508,00;84,72;-67,00;114,00;84,72;-40,00;15,00;84,72;-14,00;20,00;84,72;-12,00
09.12.2021;09.12.2021;FCR;1;NEGPOS_00_04;118,48;71,00;118,48;32,00;87,00;118,48;-60,00;67,00;118,48;-12,00;562,00;118,48;153,00;508,00;118,48;-55,00;114,00;118,48;-40,00;15,00;118,48;-7,00;20,00;118,48;-11,00
09.12.2021;09.12.2021;FCR;1;NEGPOS_04_08;125,36;71,00;125,36;29,00;87,00;125,36;-60,00;67,00;125,36;10,00;562,00;125,36;144,00;508,00;125,36;-64,00;114,00;125,36;-40,00;15,00;125,36;-7,00;20,00;125,36;-12,00
09.12.2021;09.12.2021;FCR;1;NEGPOS_08_12;38,00;71,00;38,00;22,00;87,00;179,28;-60,00;67,00;38,00;-10,00;562,00;38,00;5,00;508,00;38,00;103,00;114,00;38,00;-40,00;15,00;38,00;-6,00;20,00;87,25;-14,00
09.12.2021;09.12.2021;FCR;1;NEGPOS_12_16;44,00;71,00;44,00;34,00;87,00;174,32;-60,00;67,00;44,00;1,00;562,00;44,00;35,00;508,00;44,00;54,00;114,00;44,00;-40,00;15,00;44,00;-10,00;20,00;87,25;-14,00
09.12.2021;09.12.2021;FCR;1;NEGPOS_16_20;31,68;71,00;31,68;4,00;87,00;243,52;-60,00;67,00;31,68;9,00;562,00;31,68;8,00;508,00;31,68;106,00;114,00;31,68;-40,00;15,00;31,68;-13,00;20,00;87,25;-14,00
09.12.2021;09.12.2021;FCR;1;NEGPOS_20_24;77,00;71,00;77,00;32,00;87,00;82,48;-60,00;67,00;77,00;-5,00;562,00;77,00;162,00;508,00;77,00;-62,00;114,00;77,00;-40,00;15,00;77,00;-13,00;20,00;87,25;-14,00
10.12.2021;10.12.2021;FCR;1;NEGPOS_00_04;96,00;71,00;96,00;-49,00;87,00;194,48;-60,00;67,00;96,00;-46,00;562,00;96,00;-393,00;508,00;96,00;-355,00;114,00;96,00;-79,00;15,00;96,00;-15,00;20,00;96,00;-14,00
10.12.2021;10.12.2021;FCR;1;NEGPOS_04_08;92,40;71,00;114,00;-49,00;87,00;114,00;-60,00;67,00;114,00;-46,00;562,00;92,40;-393,00;508,00;114,00;-355,00;114,00;114,00;-79,00;15,00;114,00;-15,00;20,00;114,00;-14,00
10.12.2021;10.12.2021;FCR;1;NEGPOS_08_12;35,20;71,00;35,20;-49,00;87,00;155,04;-60,00;67,00;35,20;-46,00;562,00;35,20;-393,00;508,00;35,20;-355,00;114,00;35,20;-79,00;15,00;35,20;-15,00;20,00;64,56;-14,00
10.12.2021;10.12.2021;FCR;1;NEGPOS_12_16;45,00;71,00;45,00;-49,00;87,00;110,72;-60,00;67,00;45,00;-46,00;562,00;45,00;-393,00;508,00;45,00;-355,00;114,00;45,00;-79,00;15,00;45,00;-15,00;20,00;64,56;-14,00
10.12.2021;10.12.2021;FCR;1;NEGPOS_16_20;30,00;71,00;30,00;-49,00;87,00;155,84;-60,00;67,00;30,00;-46,00;562,00;30,00;-393,00;508,00;30,00;-355,00;114,00;30,00;-79,00;15,00;30,00;-15,00;20,00;64,56;-14,00
10.12.2021;10.12.2021;FCR;1;NEGPOS_20_24;64,00;71,00;108,64;-49,00;87,00;108,64;-60,00;67,00;108,64;-46,00;562,00;64,00;-393,00;508,00;108,64;-355,00;114,00;108,64;-79,00;15,00;108,64;-15,00;20,00;968,24;-14,00
10.12.2021;10.12.2021;FCR;2;NEGPOS_00_04;0,00;-;-;-;0,00;0,00;-60,00;-;-;-;0,00;0,00;-393,00;0,00;0,00;-355,00;0,00;0,00;-79,00;-;-;-;0,00;0,00;-14,00
10.12.2021;10.12.2021;FCR;2;NEGPOS_04_08;0,00;-;-;-;0,00;0,00;-60,00;-;-;-;0,00;0,00;-393,00;0,00;0,00;-355,00;0,00;0,00;-79,00;-;-;-;0,00;0,00;-14,00
10.12.2021;10.12.2021;FCR;2;NEGPOS_08_12;0,00;-;-;-;0,00;0,00;-60,00;-;-;-;0,00;0,00;-393,00;0,00;0,00;-355,00;0,00;0,00;-79,00;-;-;-;1,00;1610,00;-14,00
10.12.2021;10.12.2021;FCR;2;NEGPOS_12_16;0,00;-;-;-;0,00;0,00;-60,00;-;-;-;0,00;0,00;-393,00;0,00;0,00;-355,00;0,00;0,00;-79,00;-;-;-;1,00;1610,00;-14,00
10.12.2021;10.12.2021;FCR;2;NEGPOS_16_20;0,00;-;-;-;0,00;0,00;-60,00;-;-;-;0,00;0,00;-393,00;0,00;0,00;-355,00;0,00;0,00;-79,00;-;-;-;1,00;1610,00;-14,00
10.12.2021;10.12.2021;FCR;2;NEGPOS_20_24;0,00;-;-;-;0,00;0,00;-60,00;-;-;-;0,00;0,00;-393,00;0,00;0,00;-355,00;0,00;0,00;-79,00;-;-;-;0,00;0,00;-14,00
11.12.2021;11.12.2021;FCR;1;NEGPOS_00_04;58,00;71,00;58,00;29,00;87,00;58,00;-60,00;67,00;58,00;-9,00;562,00;58,00;118,00;508,00;58,00;-6,00;114,00;58,00;-44,00;15,00;58,00;-14,00;20,00;92,62;-14,00
11.12.2021;11.12.2021;FCR;1;NEGPOS_04_08;149,29;71,00;149,29;34,00;87,00;149,29;-60,00;67,00;149,29;11,00;562,00;74,00;168,00;508,00;149,29;-79,00;114,00;149,29;-40,00;15,00;149,29;-8,00;20,00;329,26;-14,00
11.12.2021;11.12.2021;FCR;1;NEGPOS_08_12;71,05;71,00;71,05;43,00;87,00;114,00;-60,00;67,00;71,05;5,00;562,00;71,05;117,00;508,00;71,05;-43,00;114,00;71,05;-40,00;15,00;71,05;-6,00;20,00;1092,49;-14,00
11.12.2021;11.12.2021;FCR;1;NEGPOS_12_16;66,31;71,00;66,31;38,00;87,00;66,31;-60,00;67,00;66,31;8,00;562,00;59,00;168,00;508,00;66,31;-64,00;114,00;66,31;-40,00;15,00;66,31;-14,00;20,00;1045,16;-14,00
11.12.2021;11.12.2021;FCR;1;NEGPOS_16_20;45,00;71,00;45,00;9,00;87,00;141,04;-60,00;67,00;45,00;5,00;562,00;45,00;77,00;508,00;45,00;30,00;114,00;45,00;-40,00;15,00;45,00;-6,00;20,00;1063,98;-14,00
11.12.2021;11.12.2021;FCR;1;NEGPOS_20_24;76,44;71,00;76,44;34,00;87,00;76,44;-60,00;67,00;76,44;-35,00;562,00;59,00;168,00;508,00;76,44;-39,00;114,00;76,44;-40,00;15,00;76,44;-14,00;20,00;914,45;-14,00
12.12.2021;12.12.2021;FCR;1;NEGPOS_00_04;96,00;71,00;96,00;37,00;87,00;188,00;-60,00;67,00;96,00;-9,00;562,00;96,00;159,00;508,00;96,00;-61,00;114,00;96,00;-40,00;15,00;96,00;-14,00;20,00;96,00;-12,00
12.12.2021;12.12.2021;FCR;1;NEGPOS_04_08;133,04;71,00;133,04;37,00;87,00;272,80;-60,00;67,00;133,04;-9,00;562,00;133,04;159,00;508,00;133,04;-69,00;114,00;133,04;-40,00;15,00;133,04;-7,00;20,00;133,04;-11,00
12.12.2021;12.12.2021;FCR;1;NEGPOS_08_12;171,00;71,00;171,00;51,00;87,00;171,00;-60,00;67,00;171,00;30,00;562,00;171,00;160,00;508,00;171,00;-127,00;114,00;171,00;-40,00;15,00;171,00;-5,00;20,00;171,00;-9,00
12.12.2021;12.12.2021;FCR;1;NEGPOS_12_16;118,47;71,00;118,47;46,00;87,00;118,47;-60,00;67,00;118,47;24,00;562,00;65,00;168,00;508,00;118,47;-116,00;114,00;118,47;-40,00;15,00;118,47;-5,00;20,00;133,96;-14,00
12.12.2021;12.12.2021;FCR;1;NEGPOS_16_20;88,00;71,00;88,00;52,00;87,00;88,00;-60,00;67,00;88,00;-1,00;562,00;88,00;119,00;508,00;88,00;-50,00;114,00;88,00;-40,00;15,00;88,00;-6,00;20,00;133,96;-14,00
12.12.2021;12.12.2021;FCR;1;NEGPOS_20_24;145,96;71,00;145,96;42,00;87,00;145,96;-60,00;67,00;145,96;-3,00;562,00;72,62;168,00;508,00;145,96;-86,00;114,00;145,96;-40,00;15,00;145,96;-7,00;20,00;145,96;-14,00
13.12.2021;13.12.2021;FCR;1;NEGPOS_00_04;86,00;71,00;86,00;24,00;87,00;186,24;-60,00;67,00;86,00;-7,00;562,00;86,00;151,00;508,00;86,00;-42,00;114,00;86,00;-40,00;15,00;86,00;-14,00;20,00;86,00;-12,00
13.12.2021;13.12.2021;FCR;1;NEGPOS_04_08;117,80;71,00;117,80;24,00;87,00;126,56;-60,00;67,00;117,80;-27,00;562,00;117,80;154,00;508,00;117,80;-29,00;114,00;117,80;-40,00;15,00;117,80;-8,00;20,00;806,86;-14,00
13.12.2021;13.12.2021;FCR;1;NEGPOS_08_12;45,00;71,00;45,00;23,00;87,00;207,68;-60,00;67,00;45,00;64,00;562,00;45,00;43,00;508,00;45,00;17,00;114,00;45,00;-50,00;15,00;45,00;-9,00;20,00;645,49;-14,00
13.12.2021;13.12.2021;FCR;1;NEGPOS_12_16;60,55;71,00;60,55;35,00;87,00;234,00;-60,00;67,00;60,55;67,00;562,00;60,55;81,00;508,00;60,55;-46,00;114,00;60,55;-50,00;15,00;60,55;-11,00;20,00;810,09;-14,00
13.12.2021;13.12.2021;FCR;1;NEGPOS_16_20;45,00;71,00;45,00;0,00;87,00;296,16;-60,00;67,00;45,00;72,00;562,00;45,00;23,00;508,00;45,00;26,00;114,00;45,00;-40,00;15,00;45,00;-6,00;20,00;1067,21;-14,00
13.12.2021;13.12.2021;FCR;1;NEGPOS_20_24;131,16;71,00;131,16;29,00;87,00;131,16;-60,00;67,00;131,16;11,00;562,00;81,19;168,00;508,00;131,16;-86,00;114,00;131,16;-40,00;15,00;131,16;-8,00;20,00;645,49;-14,00
14.12.2021;14.12.2021;FCR;1;NEGPOS_00_04;140,48;71,00;140,48;-49,00;87,00;140,48;-60,00;67,00;140,48;-46,00;562,00;140,48;-393,00;508,00;140,48;-355,00;114,00;140,48;-79,00;15,00;140,48;-15,00;20,00;140,48;-14,00
14.12.2021;14.12.2021;FCR;1;NEGPOS_04_08;158,20;71,00;158,20;-49,00;87,00;158,20;-60,00;67,00;158,20;-46,00;562,00;158,20;-393,00;508,00;158,20;-355,00;114,00;158,20;-79,00;15,00;158,20;-15,00;20,00;1613,84;-14,00
14.12.2021;14.12.2021;FCR;1;NEGPOS_08_12;31,67;71,00;31,67;-49,00;87,00;81,28;-60,00;67,00;31,67;-46,00;562,00;31,67;-393,00;508,00;31,67;-355,00;114,00;31,67;-79,00;15,00;31,67;-15,00;20,00;1042,47;-14,00
14.12.2021;14.12.2021;FCR;1;NEGPOS_12_16;38,33;71,00;38,33;-49,00;87,00;76,80;-60,00;67,00;38,33;-46,00;562,00;38,33;-393,00;508,00;38,33;-355,00;114,00;38,33;-79,00;15,00;38,33;-15,00;20,00;841,29;-14,00
14.12.2021;14.12.2021;FCR;1;NEGPOS_16_20;11,00;71,00;25,00;-49,00;87,00;110,72;-60,00;67,00;25,00;-46,00;562,00;25,00;-393,00;508,00;11,00;-355,00;114,00;25,00;-79,00;15,00;25,00;-15,00;20,00;1613,84;-14,00
14.12.2021;14.12.2021;FCR;1;NEGPOS_20_24;58,12;71,00;58,12;-49,00;87,00;63,32;-60,00;67,00;58,12;-46,00;562,00;58,12;-393,00;508,00;58,12;-355,00;114,00;58,12;-79,00;15,00;58,12;-15,00;20,00;1613,84;-14,00
14.12.2021;14.12.2021;FCR;2;NEGPOS_00_04;537,91;-;-;-;-;-;-;-;-;-;-;-;-;-;-;-;-;-;-;-;-;-;0,00;537,91;-14,00
14.12.2021;14.12.2021;FCR;2;NEGPOS_04_08;-;-;-;-;-;-;-;-;-;-;-;-;-;-;-;-;-;-;-;-;-;-;0,00;-;-
14.12.2021;14.12.2021;FCR;2;NEGPOS_08_12;0,00;-;-;-;-;-;-;-;-;-;-;-;-;-;-;-;-;-;-;-;-;-;0,00;0,00;-14,00
14.12.2021;14.12.2021;FCR;2;NEGPOS_12_16;0,00;-;-;-;-;-;-;-;-;-;-;-;-;-;-;-;-;-;-;-;-;-;0,00;0,00;-14,00
14.12.2021;14.12.2021;FCR;2;NEGPOS_16_20;1700,00;-;-;-;-;-;-;-;-;-;-;-;-;-;-;-;-;-;-;-;-;-;1,00;1700,00;-14,00
14.12.2021;14.12.2021;FCR;2;NEGPOS_20_24;-;-;-;-;-;-;-;-;-;-;-;-;-;-;-;-;-;-;-;-;-;-;0,00;-;-
15.12.2021;15.12.2021;FCR;1;NEGPOS_00_04;148,00;71,00;148,00;34,00;87,00;148,00;-60,00;67,00;148,00;19,00;562,00;148,00;147,00;508,00;148,00;-77,00;114,00;148,00;-44,00;15,00;148,00;-7,00;20,00;148,00;-12,00
15.12.2021;15.12.2021;FCR;1;NEGPOS_04_08;173,15;71,00;173,15;34,00;87,00;173,15;-60,00;67,00;173,15;43,00;562,00;173,15;145,00;508,00;173,15;-99,00;114,00;173,15;-44,00;15,00;173,15;-7,00;20,00;173,15;-12,00
15.12.2021;15.12.2021;FCR;1;NEGPOS_08_12;51,04;71,00;51,04;20,00;87,00;134,44;-60,00;67,00;51,04;-10,00;562,00;51,04;42,00;508,00;51,04;84,00;114,00;51,04;-54,00;15,00;51,04;-8,00;20,00;100,67;-14,00
15.12.2021;15.12.2021;FCR;1;NEGPOS_12_16;41,67;71,00;41,67;20,00;87,00;168,52;-60,00;67,00;41,67;34,00;562,00;41,67;56,00;508,00;41,67;33,00;114,00;41,67;-54,00;15,00;41,67;-11,00;20,00;100,67;-14,00
15.12.2021;15.12.2021;FCR;1;NEGPOS_16_20;20,00;71,00;20,00;-4,00;87,00;271,56;-60,00;67,00;20,00;10,00;562,00;20,00;-11,00;508,00;7,36;152,00;114,00;20,00;-58,00;15,00;20,00;-15,00;20,00;100,67;-14,00
15.12.2021;15.12.2021;FCR;1;NEGPOS_20_24;73,75;71,00;73,75;29,00;87,00;85,60;-60,00;67,00;73,75;35,00;562,00;73,75;133,00;508,00;73,75;-61,00;114,00;73,75;-48,00;15,00;73,75;-13,00;20,00;100,67;-14,00
16.12.2021;16.12.2021;FCR;1;NEGPOS_00_04;120,00;71,00;120,00;39,00;87,00;120,00;-60,00;67,00;120,00;-17,00;562,00;120,00;142,00;508,00;120,00;-35,00;114,00;120,00;-48,00;15,00;120,00;-7,00;20,00;134,23;-14,00
16.12.2021;16.12.2021;FCR;1;NEGPOS_04_08;180,04;71,00;180,04;39,00;87,00;180,04;-60,00;67,00;180,04;26,00;562,00;180,04;144,00;508,00;180,04;-82,00;114,00;180,04;-48,00;15,00;180,04;-7,00;20,00;180,04;-12,00
16.12.2021;16.12.2021;FCR;1;NEGPOS_08_12;20,00;71,00;20,00;1,00;87,00;249,96;-60,00;67,00;20,00;3,00;562,00;20,00;-9,00;508,00;11,96;152,00;114,00;20,00;-58,00;15,00;20,00;-15,00;20,00;134,23;-14,00
16.12.2021;16.12.2021;FCR;1;NEGPOS_12_16;30,00;71,00;30,00;6,00;87,00;218,16;-60,00;67,00;30,00;32,00;562,00;30,00;-2,00;508,00;30,00;101,00;114,00;30,00;-48,00;15,00;30,00;-15,00;20,00;134,23;-14,00
16.12.2021;16.12.2021;FCR;1;NEGPOS_16_20;17,20;71,00;17,20;-1,00;87,00;261,28;-60,00;67,00;17,20;3,00;562,00;17,20;-7,00;508,00;2,88;152,00;114,00;17,20;-58,00;15,00;17,20;-15,00;20,00;134,23;-14,00
16.12.2021;16.12.2021;FCR;1;NEGPOS_20_24;55,24;71,00;55,24;21,00;87,00;117,48;-60,00;67,00;55,24;-22,00;562,00;55,24;131,00;508,00;55,24;6,00;114,00;55,24;-48,00;15,00;55,24;-14,00;20,00;134,23;-14,00
17.12.2021;17.12.2021;FCR;1;NEGPOS_00_04;74,04;71,00;74,04;10,00;87,00;74,04;-60,00;67,00;74,04;-23,00;562,00;74,04;104,00;508,00;74,04;40,00;114,00;74,04;-43,00;15,00;74,04;-14,00;20,00;134,23;-14,00
17.12.2021;17.12.2021;FCR;1;NEGPOS_04_08;83,70;71,00;83,70;10,00;87,00;93,72;-60,00;67,00;83,70;-29,00;562,00;83,70;129,00;508,00;83,70;21,00;114,00;83,70;-43,00;15,00;83,70;-14,00;20,00;134,23;-14,00
17.12.2021;17.12.2021;FCR;1;NEGPOS_08_12;16,00;71,00;16,00;-2,00;87,00;243,60;-60,00;67,00;16,00;12,00;562,00;16,00;-14,00;508,00;16,00;146,00;114,00;16,00;-53,00;15,00;16,00;-15,00;20,00;134,23;-14,00
17.12.2021;17.12.2021;FCR;1;NEGPOS_12_16;28,00;71,00;28,00;-2,00;87,00;218,84;-60,00;67,00;28,00;31,00;562,00;28,00;40,00;508,00;28,00;63,00;114,00;28,00;-43,00;15,00;28,00;-15,00;20,00;134,23;-14,00
17.12.2021;17.12.2021;FCR;1;NEGPOS_16_20;15,00;71,00;15,00;-2,00;87,00;243,20;-60,00;67,00;15,00;4,00;562,00;15,00;-12,00;508,00;11,00;152,00;114,00;15,00;-53,00;15,00;15,00;-15,00;20,00;134,23;-14,00
17.12.2021;17.12.2021;FCR;1;NEGPOS_20_24;45,00;71,00;45,00;-1,00;87,00;85,64;-60,00;67,00;45,00;-24,00;562,00;45,00;130,00;508,00;45,00;26,00;114,00;45,00;-43,00;15,00;45,00;-14,00;20,00;134,23;-14,00
18.12.2021;18.12.2021;FCR;1;NEGPOS_00_04;58,27;71,00;58,27;17,00;87,00;78,16;-60,00;67,00;58,27;30,00;562,00;58,27;103,00;508,00;58,27;-18,00;114,00;58,27;-43,00;15,00;58,27;-15,00;20,00;134,23;-14,00
18.12.2021;18.12.2021;FCR;1;NEGPOS_04_08;88,00;71,00;88,00;17,00;87,00;105,68;-60,00;67,00;88,00;47,00;562,00;88,00;152,00;508,00;88,00;-84,00;114,00;88,00;-43,00;15,00;88,00;-15,00;20,00;134,23;-14,00
18.12.2021;18.12.2021;FCR;1;NEGPOS_08_12;68,48;71,00;68,48;26,00;87,00;68,48;-60,00;67,00;68,48;86,00;562,00;68,48;99,00;508,00;68,48;-82,00;114,00;68,48;-43,00;15,00;68,48;-8,00;20,00;134,23;-14,00
18.12.2021;18.12.2021;FCR;1;NEGPOS_12_16;59,00;71,00;59,00;16,00;87,00;59,00;-60,00;67,00;59,00;29,00;562,00;59,00;144,00;508,00;59,00;-60,00;114,00;59,00;-43,00;15,00;59,00;-12,00;20,00;134,23;-14,00
18.12.2021;18.12.2021;FCR;1;NEGPOS_16_20;48,80;71,00;48,80;25,00;87,00;48,80;-60,00;67,00;48,80;51,00;562,00;48,80;91,00;508,00;48,80;-42,00;114,00;48,80;-43,00;15,00;48,80;-8,00;20,00;134,23;-14,00
18.12.2021;18.12.2021;FCR;1;NEGPOS_20_24;53,68;71,00;53,68;16,00;87,00;82,36;-60,00;67,00;53,68;33,00;562,00;53,68;133,00;508,00;53,68;-50,00;114,00;53,68;-43,00;15,00;53,68;-14,00;20,00;134,23;-14,00
19.12.2021;19.12.2021;FCR;1;NEGPOS_00_04;127,88;71,00;127,88;39,00;87,00;158,64;-60,00;67,00;127,88;-6,00;562,00;127,88;81,00;508,00;127,88;7,00;114,00;127,88;-43,00;15,00;127,88;-7,00;20,00;127,88;-11,00
19.12.2021;19.12.2021;FCR;1;NEGPOS_04_08;195,00;71,00;195,00;39,00;87,00;195,00;-60,00;67,00;195,00;-18,00;562,00;195,00;122,00;508,00;195,00;-23,00;114,00;195,00;-43,00;15,00;195,00;-7,00;20,00;195,00;-10,00
19.12.2021;19.12.2021;FCR;1;NEGPOS_08_12;205,00;71,00;205,00;48,00;87,00;205,00;-60,00;67,00;205,00;-6,00;562,00;205,00;131,00;508,00;205,00;-58,00;114,00;205,00;-39,00;15,00;205,00;-6,00;20,00;205,00;-10,00
19.12.2021;19.12.2021;FCR;1;NEGPOS_12_16;172,70;71,00;172,70;43,00;87,00;172,70;-60,00;67,00;172,70;-7,00;562,00;172,70;81,00;508,00;172,70;-2,00;114,00;172,70;-39,00;15,00;172,70;-6,00;20,00;172,70;-10,00
19.12.2021;19.12.2021;FCR;1;NEGPOS_16_20;140,00;71,00;140,00;48,00;87,00;140,00;-60,00;67,00;140,00;-18,00;562,00;140,00;81,00;508,00;140,00;3,00;114,00;140,00;-43,00;15,00;140,00;-1,00;20,00;140,00;-10,00
19.12.2021;19.12.2021;FCR;1;NEGPOS_20_24;147,02;71,00;147,02;44,00;87,00;147,02;-60,00;67,00;147,02;4,00;562,00;147,02;81,00;508,00;147,02;-3,00;114,00;147,02;-43,00;15,00;147,02;-7,00;20,00;147,02;-10,00
20.12.2021;20.12.2021;FCR;1;NEGPOS_00_04;147,20;71,00;147,20;29,00;87,00;147,20;-60,00;67,00;147,20;-6,00;562,00;147,20;106,00;508,00;147,20;-8,00;114,00;147,20;-43,00;15,00;147,20;-8,00;20,00;147,20;-10,00
20.12.2021;20.12.2021;FCR;1;NEGPOS_04_08;210,28;71,00;210,28;29,00;87,00;210,28;-60,00;67,00;210,28;-33,00;562,00;210,28;140,00;508,00;210,28;-16,00;114,00;210,28;-43,00;15,00;210,28;-8,00;20,00;210,28;-9,00
20.12.2021;20.12.2021;FCR;1;NEGPOS_08_12;45,00;71,00;45,00;12,00;87,00;314,00;-60,00;67,00;45,00;31,00;562,00;45,00;81,00;508,00;45,00;17,00;114,00;45,00;-43,00;15,00;45,00;-12,00;20,00;80,54;-14,00
20.12.2021;20.12.2021;FCR;1;NEGPOS_12_16;45,00;71,00;45,00;4,00;87,00;298,48;-60,00;67,00;45,00;9,00;562,00;45,00;137,00;508,00;45,00;-21,00;114,00;45,00;-43,00;15,00;45,00;-12,00;20,00;80,54;-14,00
20.12.2021;20.12.2021;FCR;1;NEGPOS_16_20;20,00;71,00;20,00;3,00;87,00;367,64;-60,00;67,00;20,00;-32,00;562,00;20,00;13,00;508,00;3,76;152,00;114,00;20,00;-47,00;15,00;20,00;-15,00;20,00;80,54;-14,00
20.12.2021;20.12.2021;FCR;1;NEGPOS_20_24;48,00;71,00;48,00;6,00;87,00;190,04;-60,00;67,00;48,00;-28,00;562,00;48,00;138,00;508,00;48,00;15,00;114,00;48,00;-43,00;15,00;48,00;-14,00;20,00;80,54;-14,00
21.12.2021;21.12.2021;FCR;1;NEGPOS_00_04;55,00;71,00;55,00;11,00;87,00;55,00;-60,00;67,00;55,00;-22,00;562,00;55,00;137,00;508,00;55,00;6,00;114,00;55,00;-43,00;15,00;55,00;-15,00;20,00;80,54;-14,00
21.12.2021;21.12.2021;FCR;1;NEGPOS_04_08;100,00;71,00;100,00;34,00;87,00;120,52;-60,00;67,00;100,00;-18,00;562,00;100,00;153,00;508,00;100,00;-40,00;114,00;100,00;-43,00;15,00;100,00;-13,00;20,00;100,00;-13,00
21.12.2021;21.12.2021;FCR;1;NEGPOS_08_12;31,67;71,00;31,67;-3,00;87,00;319,48;-60,00;67,00;31,67;-13,00;562,00;31,67;64,00;508,00;31,67;88,00;114,00;31,67;-47,00;15,00;31,67;-15,00;20,00;80,54;-14,00
21.12.2021;21.12.2021;FCR;1;NEGPOS_12_16;30,00;71,00;30,00;2,00;87,00;295,00;-60,00;67,00;30,00;11,00;562,00;30,00;112,00;508,00;30,00;11,00;114,00;30,00;-47,00;15,00;30,00;-15,00;20,00;80,54;-14,00
21.12.2021;21.12.2021;FCR;1;NEGPOS_16_20;21,67;71,00;21,67;1,00;87,00;446,56;-60,00;67,00;21,67;-34,00;562,00;21,67;17,00;508,00;11,00;152,00;114,00;21,67;-47,00;15,00;21,67;-15,00;20,00;80,54;-14,00
21.12.2021;21.12.2021;FCR;1;NEGPOS_20_24;33,72;71,00;33,72;-1,00;87,00;188,48;-60,00;67,00;33,72;-12,00;562,00;33,72;126,00;508,00;33,72;18,00;114,00;33,72;-43,00;15,00;33,72;-14,00;20,00;80,54;-14,00
22.12.2021;22.12.2021;FCR;1;NEGPOS_00_04;56,40;71,00;56,40;26,00;87,00;69,88;-60,00;67,00;56,40;-12,00;562,00;56,40;140,00;508,00;56,40;-25,00;114,00;56,40;-43,00;15,00;56,40;-15,00;20,00;56,40;-11,00
22.12.2021;22.12.2021;FCR;1;NEGPOS_04_08;178,74;71,00;178,74;36,00;87,00;178,74;-60,00;67,00;178,74;-5,00;562,00;178,74;165,00;508,00;178,74;-70,00;114,00;178,74;-43,00;15,00;178,74;-9,00;20,00;1344,75;-14,00
22.12.2021;22.12.2021;FCR;1;NEGPOS_08_12;65,20;71,00;65,20;30,00;87,00;289,00;-60,00;67,00;65,20;13,00;562,00;65,20;77,00;508,00;65,20;9,00;114,00;65,20;-43,00;15,00;65,20;-12,00;20,00;1774,00;-14,00
22.12.2021;22.12.2021;FCR;1;NEGPOS_12_16;89,00;71,00;89,00;37,00;87,00;680,60;-59,00;67,00;89,00;32,00;562,00;89,00;113,00;508,00;89,00;-54,00;114,00;89,00;-43,00;15,00;89,00;-12,00;20,00;93,56;-14,00
22.12.2021;22.12.2021;FCR;1;NEGPOS_16_20;28,33;71,00;28,33;0,00;87,00;349,00;-60,00;67,00;28,33;-15,00;562,00;28,33;37,00;508,00;28,33;114,00;114,00;28,33;-47,00;15,00;28,33;-15,00;20,00;1757,86;-14,00
22.12.2021;22.12.2021;FCR;1;NEGPOS_20_24;39,88;71,00;39,88;-2,00;87,00;141,64;-60,00;67,00;39,88;-4,00;562,00;39,88;149,00;508,00;39,88;-16,00;114,00;39,88;-39,00;15,00;39,88;-14,00;20,00;85,91;-14,00
23.12.2021;23.12.2021;FCR;1;NEGPOS_00_04;185,00;71,00;185,00;35,00;87,00;220,32;-60,00;67,00;185,00;-9,00;562,00;185,00;128,00;508,00;185,00;-36,00;114,00;185,00;-39,00;15,00;185,00;-9,00;20,00;185,00;-10,00
23.12.2021;23.12.2021;FCR;1;NEGPOS_04_08;183,60;71,00;183,60;35,00;87,00;189,52;-60,00;67,00;183,60;-13,00;562,00;183,60;110,00;508,00;183,60;-14,00;114,00;183,60;-39,00;15,00;183,60;-9,00;20,00;183,60;-10,00
23.12.2021;23.12.2021;FCR;1;NEGPOS_08_12;77,00;71,00;77,00;34,00;87,00;77,00;-60,00;67,00;77,00;-8,00;562,00;77,00;116,00;508,00;77,00;-16,00;114,00;77,00;-39,00;15,00;77,00;-13,00;20,00;100,27;-14,00
23.12.2021;23.12.2021;FCR;1;NEGPOS_12_16;83,20;71,00;83,20;29,00;87,00;159,72;-60,00;67,00;83,20;4,00;562,00;83,20;165,00;508,00;83,20;-63,00;114,00;83,20;-39,00;15,00;83,20;-13,00;20,00;94,90;-14,00
23.12.2021;23.12.2021;FCR;1;NEGPOS_16_20;81,60;71,00;81,60;36,00;87,00;160,60;-60,00;67,00;81,60;-2,00;562,00;81,60;82,00;508,00;81,60;3,00;114,00;81,60;-39,00;15,00;81,60;-6,00;20,00;268,44;-14,00
23.12.2021;23.12.2021;FCR;1;NEGPOS_20_24;147,28;71,00;147,28;35,00;87,00;324,92;-60,00;67,00;147,28;-12,00;562,00;147,28;106,00;508,00;147,28;-13,00;114,00;147,28;-39,00;15,00;147,28;-7,00;20,00;147,28;-10,00
24.12.2021;24.12.2021;FCR;1;NEGPOS_00_04;153,60;71,00;153,60;33,00;87,00;302,44;-60,00;67,00;153,60;-12,00;562,00;153,60;105,00;508,00;153,60;-13,00;114,00;153,60;-39,00;15,00;153,60;-9,00;20,00;153,60;-5,00
24.12.2021;24.12.2021;FCR;1;NEGPOS_04_08;187,40;71,00;187,40;33,00;87,00;285,28;-60,00;67,00;187,40;-12,00;562,00;187,40;127,00;508,00;187,40;-32,00;114,00;187,40;-39,00;15,00;187,40;-9,00;20,00;187,40;-8,00
24.12.2021;24.12.2021;FCR;1;NEGPOS_08_12;154,76;71,00;154,76;37,00;87,00;154,76;-60,00;67,00;154,76;-17,00;562,00;154,76;109,00;508,00;154,76;-16,00;114,00;154,76;-39,00;15,00;154,76;-2,00;20,00;154,76;-12,00
24.12.2021;24.12.2021;FCR;1;NEGPOS_12_16;113,72;71,00;113,72;32,00;87,00;139,56;-60,00;67,00;113,72;13,00;562,00;113,72;109,00;508,00;113,72;-36,00;114,00;113,72;-39,00;15,00;113,72;-7,00;20,00;113,72;-12,00
24.12.2021;24.12.2021;FCR;1;NEGPOS_16_20;84,70;71,00;84,70;37,00;87,00;84,70;-60,00;67,00;84,70;8,00;562,00;84,70;105,00;508,00;84,70;-24,00;114,00;84,70;-43,00;15,00;84,70;-9,00;20,00;242,82;-14,00
24.12.2021;24.12.2021;FCR;1;NEGPOS_20_24;116,36;71,00;116,36;33,00;87,00;176,68;-60,00;67,00;116,36;-12,00;562,00;116,36;107,00;508,00;116,36;-3,00;114,00;116,36;-43,00;15,00;116,36;-8,00;20,00;154,23;-14,00
25.12.2021;25.12.2021;FCR;1;NEGPOS_00_04;89,12;71,00;89,12;28,00;87,00;156,60;-60,00;67,00;89,12;-12,00;562,00;89,12;89,00;508,00;89,12;17,00;114,00;89,12;-39,00;15,00;89,12;-15,00;20,00;89,12;-8,00
25.12.2021;25.12.2021;FCR;1;NEGPOS_04_08;115,60;71,00;115,60;33,00;87,00;218,28;-60,00;67,00;115,60;-11,00;562,00;115,60;108,00;508,00;115,60;-14,00;114,00;115,60;-39,00;15,00;115,60;-9,00;20,00;115,60;-8,00
25.12.2021;25.12.2021;FCR;1;NEGPOS_08_12;175,00;71,00;175,00;37,00;87,00;175,00;-60,00;67,00;175,00;-11,00;562,00;175,00;116,00;508,00;175,00;-29,00;114,00;175,00;-39,00;15,00;175,00;-6,00;20,00;175,00;-8,00
25.12.2021;25.12.2021;FCR;1;NEGPOS_12_16;56,40;71,00;56,40;32,00;87,00;77,24;-60,00;67,00;56,40;-12,00;562,00;56,40;110,00;508,00;56,40;-7,00;114,00;56,40;-39,00;15,00;56,40;-14,00;20,00;56,40;-10,00
25.12.2021;25.12.2021;FCR;1;NEGPOS_16_20;73,00;71,00;73,00;32,00;87,00;73,00;-60,00;67,00;73,00;-11,00;562,00;73,00;82,00;508,00;73,00;14,00;114,00;73,00;-39,00;15,00;73,00;-9,00;20,00;73,00;-9,00
25.12.2021;25.12.2021;FCR;1;NEGPOS_20_24;55,60;71,00;55,60;20,00;87,00;127,44;-60,00;67,00;55,60;-12,00;562,00;55,60;109,00;508,00;55,60;6,00;114,00;55,60;-39,00;15,00;55,60;-14,00;20,00;55,60;-10,00
26.12.2021;26.12.2021;FCR;1;NEGPOS_00_04;147,52;71,00;147,52;31,00;87,00;170,60;-60,00;67,00;147,52;-11,00;562,00;147,52;108,00;508,00;147,52;-7,00;114,00;147,52;-38,00;15,00;147,52;-9,00;20,00;645,49;-14,00
26.12.2021;26.12.2021;FCR;1;NEGPOS_04_08;175,00;71,00;175,00;31,00;87,00;199,60;-60,00;67,00;175,00;-10,00;562,00;175,00;113,00;508,00;175,00;-13,00;114,00;175,00;-38,00;15,00;175,00;-9,00;20,00;914,45;-14,00
26.12.2021;26.12.2021;FCR;1;NEGPOS_08_12;195,00;71,00;195,00;35,00;87,00;195,00;-60,00;67,00;195,00;7,00;562,00;195,00;136,00;508,00;195,00;-62,00;114,00;195,00;-38,00;15,00;195,00;-4,00;20,00;1613,80;-14,00
26.12.2021;26.12.2021;FCR;1;NEGPOS_12_16;61,04;71,00;61,04;30,00;87,00;61,04;-60,00;67,00;61,04;1,00;562,00;61,04;109,00;508,00;61,04;-16,00;114,00;61,04;-38,00;15,00;61,04;-12,00;20,00;1613,80;-14,00
26.12.2021;26.12.2021;FCR;1;NEGPOS_16_20;123,00;71,00;123,00;35,00;87,00;123,00;-60,00;67,00;123,00;-18,00;562,00;123,00;108,00;508,00;123,00;-13,00;114,00;123,00;-38,00;15,00;123,00;0,00;20,00;1613,80;-14,00
26.12.2021;26.12.2021;FCR;1;NEGPOS_20_24;184,22;71,00;184,22;31,00;87,00;184,22;-60,00;67,00;184,22;-23,00;562,00;184,22;109,00;508,00;184,22;2,00;114,00;184,22;-38,00;15,00;184,22;-7,00;20,00;699,28;-14,00
27.12.2021;27.12.2021;FCR;1;NEGPOS_00_04;70,08;71,00;70,08;26,00;87,00;126,52;-60,00;67,00;70,08;-29,00;562,00;70,08;96,00;508,00;70,08;34,00;114,00;70,08;-38,00;15,00;70,08;-15,00;20,00;81,61;-14,00
27.12.2021;27.12.2021;FCR;1;NEGPOS_04_08;87,40;71,00;87,40;26,00;87,00;87,40;-60,00;67,00;87,40;-37,00;562,00;87,40;144,00;508,00;87,40;-8,00;114,00;87,40;-38,00;15,00;87,40;-15,00;20,00;87,40;-12,00
27.12.2021;27.12.2021;FCR;1;NEGPOS_08_12;68,00;71,00;68,00;30,00;87,00;174,72;-60,00;67,00;68,00;9,00;562,00;68,00;104,00;508,00;68,00;-20,00;114,00;68,00;-38,00;15,00;68,00;-11,00;20,00;806,86;-14,00
27.12.2021;27.12.2021;FCR;1;NEGPOS_12_16;48,40;71,00;48,40;8,00;87,00;136,48;-60,00;67,00;48,40;-8,00;562,00;48,40;90,00;508,00;48,40;34,00;114,00;48,40;-38,00;15,00;48,40;-12,00;20,00;806,86;-14,00
27.12.2021;27.12.2021;FCR;1;NEGPOS_16_20;48,00;71,00;48,00;4,00;87,00;220,12;-60,00;67,00;48,00;1,00;562,00;48,00;33,00;508,00;48,00;81,00;114,00;48,00;-38,00;15,00;48,00;-7,00;20,00;806,86;-14,00
27.12.2021;27.12.2021;FCR;1;NEGPOS_20_24;67,38;71,00;67,38;26,00;87,00;108,56;-60,00;67,00;67,38;-39,00;562,00;67,38;109,00;508,00;67,38;30,00;114,00;67,38;-38,00;15,00;67,38;-14,00;20,00;166,18;-14,00
28.12.2021;28.12.2021;FCR;1;NEGPOS_00_04;76,00;71,00;76,00;9,00;87,00;76,00;-60,00;67,00;76,00;-30,00;562,00;76,00;61,00;508,00;76,00;87,00;114,00;76,00;-38,00;15,00;76,00;-15,00;20,00;88,32;-14,00
28.12.2021;28.12.2021;FCR;1;NEGPOS_04_08;76,00;71,00;76,00;9,00;87,00;76,00;-60,00;67,00;76,00;-33,00;562,00;76,00;96,00;508,00;76,00;55,00;114,00;76,00;-38,00;15,00;76,00;-15,00;20,00;98,39;-14,00
28.12.2021;28.12.2021;FCR;1;NEGPOS_08_12;80,00;71,00;80,00;13,00;87,00;173,36;-60,00;67,00;80,00;14,00;562,00;80,00;113,00;508,00;80,00;-17,00;114,00;80,00;-38,00;15,00;80,00;-11,00;20,00;247,79;-14,00
28.12.2021;28.12.2021;FCR;1;NEGPOS_12_16;48,40;71,00;48,40;14,00;87,00;86,36;-60,00;67,00;48,40;20,00;562,00;48,40;100,00;508,00;48,40;-10,00;114,00;48,40;-38,00;15,00;48,40;-12,00;20,00;91,68;-14,00
28.12.2021;28.12.2021;FCR;1;NEGPOS_16_20;83,00;71,00;83,00;13,00;87,00;83,00;-60,00;67,00;83,00;3,00;562,00;83,00;38,00;508,00;83,00;65,00;114,00;83,00;-38,00;15,00;83,00;-7,00;20,00;110,47;-14,00
28.12.2021;28.12.2021;FCR;1;NEGPOS_20_24;66,52;71,00;66,52;9,00;87,00;68,80;-60,00;67,00;66,52;-33,00;562,00;66,52;100,00;508,00;66,52;50,00;114,00;66,52;-38,00;15,00;66,52;-14,00;20,00;178,93;-14,00
29.12.2021;29.12.2021;FCR;1;NEGPOS_00_04;63,20;71,00;63,20;26,00;87,00;227,92;-60,00;67,00;63,20;-20,00;562,00;63,20;70,00;508,00;63,20;49,00;114,00;63,20;-38,00;15,00;63,20;-15,00;20,00;63,20;-12,00
29.12.2021;29.12.2021;FCR;1;NEGPOS_04_08;81,52;71,00;81,52;26,00;87,00;155,32;-60,00;67,00;81,52;-31,00;562,00;81,52;115,00;508,00;81,52;17,00;114,00;81,52;-38,00;15,00;81,52;-15,00;20,00;914,45;-14,00
29.12.2021;29.12.2021;FCR;1;NEGPOS_08_12;48,00;71,00;48,00;15,00;87,00;48,00;-60,00;67,00;48,00;15,00;562,00;48,00;107,00;508,00;48,00;-12,00;114,00;48,00;-38,00;15,00;48,00;-13,00;20,00;1613,80;-14,00
29.12.2021;29.12.2021;FCR;1;NEGPOS_12_16;55,20;71,00;55,20;27,00;87,00;88,84;-60,00;67,00;55,20;12,00;562,00;55,20;109,00;508,00;55,20;-26,00;114,00;55,20;-38,00;15,00;55,20;-10,00;20,00;1613,80;-14,00
29.12.2021;29.12.2021;FCR;1;NEGPOS_16_20;72,00;71,00;72,00;40,00;87,00;72,00;-60,00;67,00;72,00;28,00;562,00;72,00;59,00;508,00;72,00;-9,00;114,00;72,00;-38,00;15,00;72,00;-6,00;20,00;1613,80;-14,00
29.12.2021;29.12.2021;FCR;1;NEGPOS_20_24;48,00;71,00;48,00;3,00;87,00;213,48;-60,00;67,00;48,00;-35,00;562,00;48,00;109,00;508,00;48,00;48,00;114,00;48,00;-38,00;15,00;48,00;-15,00;20,00;48,00;-12,00
30.12.2021;30.12.2021;FCR;1;NEGPOS_00_04;106,68;71,00;106,68;-41,00;87,00;391,40;-60,00;67,00;106,68;-16,00;562,00;106,68;111,00;508,00;106,68;67,00;114,00;106,68;-38,00;15,00;106,68;-9,00;20,00;215,16;-14,00
30.12.2021;30.12.2021;FCR;1;NEGPOS_04_08;75,00;71,00;75,00;-41,00;87,00;340,88;-60,00;67,00;75,00;-23,00;562,00;75,00;81,00;508,00;75,00;110,00;114,00;75,00;-38,00;15,00;75,00;-15,00;20,00;914,45;-14,00
30.12.2021;30.12.2021;FCR;1;NEGPOS_08_12;86,62;71,00;86,62;-25,00;87,00;194,44;-60,00;67,00;86,62;3,00;562,00;86,62;106,00;508,00;86,62;40,00;114,00;86,62;-38,00;15,00;86,62;-12,00;20,00;1613,80;-14,00
30.12.2021;30.12.2021;FCR;1;NEGPOS_12_16;62,56;71,00;62,56;-30,00;87,00;235,32;-60,00;67,00;62,56;-1,00;562,00;62,56;107,00;508,00;62,56;48,00;114,00;62,56;-38,00;15,00;62,56;-12,00;20,00;1613,80;-14,00
30.12.2021;30.12.2021;FCR;1;NEGPOS_16_20;62,00;71,00;62,00;-30,00;87,00;176,24;-60,00;67,00;62,00;3,00;562,00;62,00;60,00;508,00;62,00;85,00;114,00;62,00;-38,00;15,00;62,00;-6,00;20,00;1613,80;-14,00
30.12.2021;30.12.2021;FCR;1;NEGPOS_20_24;92,05;71,00;92,05;-40,00;87,00;257,88;-60,00;67,00;92,05;0,00;562,00;92,05;37,00;508,00;92,05;130,00;114,00;92,05;-38,00;15,00;92,05;-15,00;20,00;215,16;-14,00
31.12.2021;31.12.2021;FCR;1;NEGPOS_00_04;210,00;71,00;210,00;-42,00;87,00;373,16;-60,00;67,00;210,00;-2,00;562,00;210,00;9,00;508,00;78,68;152,00;114,00;210,00;-38,00;15,00;210,00;-9,00;20,00;210,00;-10,00
31.12.2021;31.12.2021;FCR;1;NEGPOS_04_08;181,00;71,00;181,00;-42,00;87,00;362,92;-60,00;67,00;181,00;-10,00;562,00;181,00;17,00;508,00;116,88;152,00;114,00;181,00;-38,00;15,00;181,00;-9,00;20,00;181,00;-10,00
31.12.2021;31.12.2021;FCR;1;NEGPOS_08_12;115,60;71,00;115,60;-26,00;87,00;292,40;-60,00;67,00;115,60;15,00;562,00;115,60;44,00;508,00;115,60;75,00;114,00;115,60;-38,00;15,00;115,60;1,00;20,00;115,60;-11,00
31.12.2021;31.12.2021;FCR;1;NEGPOS_12_16;123,92;71,00;123,92;-27,00;87,00;320,48;-60,00;67,00;123,92;-14,00;562,00;123,92;50,00;508,00;123,92;105,00;114,00;123,92;-38,00;15,00;123,92;-5,00;20,00;123,92;-11,00
31.12.2021;31.12.2021;FCR;1;NEGPOS_16_20;92,99;71,00;92,99;-17,00;87,00;247,84;-60,00;67,00;92,99;18,00;562,00;92,99;1,00;508,00;92,99;120,00;114,00;92,99;-38,00;15,00;92,99;-12,00;20,00;92,99;-12,00
31.12.2021;31.12.2021;FCR;1;NEGPOS_20_24;218,90;71,00;218,90;-42,00;87,00;263,56;-60,00;67,00;218,90;-14,00;562,00;218,90;18,00;508,00;112,36;152,00;114,00;218,90;-38,00;15,00;218,90;-7,00;20,00;218,90;-9,00
