Datum;von;Zeitzone von;bis;Zeitzone bis;Spotmarktpreis in ct/kWh
01.01.2021;00:00;CET;01:00;CET;5,087
01.01.2021;01:00;CET;02:00;CET;4,819
01.01.2021;02:00;CET;03:00;CET;4,468
01.01.2021;03:00;CET;04:00;CET;4,292
01.01.2021;04:00;CET;05:00;CET;4,039
01.01.2021;05:00;CET;06:00;CET;4,02
01.01.2021;06:00;CET;07:00;CET;3,963
01.01.2021;07:00;CET;08:00;CET;4,009
01.01.2021;08:00;CET;09:00;CET;4,127
01.01.2021;09:00;CET;10:00;CET;4,488
01.01.2021;10:00;CET;11:00;CET;4,5
01.01.2021;11:00;CET;12:00;CET;4,72
01.01.2021;12:00;CET;13:00;CET;5,078
01.01.2021;13:00;CET;14:00;CET;4,549
01.01.2021;14:00;CET;15:00;CET;4,473
01.01.2021;15:00;CET;16:00;CET;4,659
01.01.2021;16:00;CET;17:00;CET;5,299
01.01.2021;17:00;CET;18:00;CET;6,026
01.01.2021;18:00;CET;19:00;CET;6,061
01.01.2021;19:00;CET;20:00;CET;6,036
01.01.2021;20:00;CET;21:00;CET;5,74
01.01.2021;21:00;CET;22:00;CET;5,386
01.01.2021;22:00;CET;23:00;CET;5,345
01.01.2021;23:00;CET;00:00;CET;4,972
02.01.2021;00:00;CET;01:00;CET;4,669
02.01.2021;01:00;CET;02:00;CET;4,243
02.01.2021;02:00;CET;03:00;CET;4,109
02.01.2021;03:00;CET;04:00;CET;4
02.01.2021;04:00;CET;05:00;CET;3,755
02.01.2021;05:00;CET;06:00;CET;3,9
02.01.2021;06:00;CET;07:00;CET;4,209
02.01.2021;07:00;CET;08:00;CET;4,496
02.01.2021;08:00;CET;09:00;CET;4,845
02.01.2021;09:00;CET;10:00;CET;5,2
02.01.2021;10:00;CET;11:00;CET;5,2
02.01.2021;11:00;CET;12:00;CET;5,215
02.01.2021;12:00;CET;13:00;CET;5,595
02.01.2021;13:00;CET;14:00;CET;5,2
02.01.2021;14:00;CET;15:00;CET;5,069
02.01.2021;15:00;CET;16:00;CET;5,345
02.01.2021;16:00;CET;17:00;CET;5,999
02.01.2021;17:00;CET;18:00;CET;6,2
02.01.2021;18:00;CET;19:00;CET;6,308
02.01.2021;19:00;CET;20:00;CET;6,217
02.01.2021;20:00;CET;21:00;CET;6,003
02.01.2021;21:00;CET;22:00;CET;5,503
02.01.2021;22:00;CET;23:00;CET;5,225
02.01.2021;23:00;CET;00:00;CET;4,845
03.01.2021;00:00;CET;01:00;CET;4,611
03.01.2021;01:00;CET;02:00;CET;4,3
03.01.2021;02:00;CET;03:00;CET;3,955
03.01.2021;03:00;CET;04:00;CET;3,518
03.01.2021;04:00;CET;05:00;CET;3,345
03.01.2021;05:00;CET;06:00;CET;3,237
03.01.2021;06:00;CET;07:00;CET;3,17
03.01.2021;07:00;CET;08:00;CET;3,263
03.01.2021;08:00;CET;09:00;CET;3,69
03.01.2021;09:00;CET;10:00;CET;3,696
03.01.2021;10:00;CET;11:00;CET;3,696
03.01.2021;11:00;CET;12:00;CET;4,372
03.01.2021;12:00;CET;13:00;CET;4,771
03.01.2021;13:00;CET;14:00;CET;4,041
03.01.2021;14:00;CET;15:00;CET;3,966
03.01.2021;15:00;CET;16:00;CET;3,957
03.01.2021;16:00;CET;17:00;CET;3,611
03.01.2021;17:00;CET;18:00;CET;4,504
03.01.2021;18:00;CET;19:00;CET;5,256
03.01.2021;19:00;CET;20:00;CET;4,584
03.01.2021;20:00;CET;21:00;CET;3,583
03.01.2021;21:00;CET;22:00;CET;3,331
03.01.2021;22:00;CET;23:00;CET;3,498
03.01.2021;23:00;CET;00:00;CET;2,739
04.01.2021;00:00;CET;01:00;CET;2,933
04.01.2021;01:00;CET;02:00;CET;2,482
04.01.2021;02:00;CET;03:00;CET;2,465
04.01.2021;03:00;CET;04:00;CET;2,48
04.01.2021;04:00;CET;05:00;CET;2,771
04.01.2021;05:00;CET;06:00;CET;2,858
04.01.2021;06:00;CET;07:00;CET;3,704
04.01.2021;07:00;CET;08:00;CET;5,203
04.01.2021;08:00;CET;09:00;CET;5,576
04.01.2021;09:00;CET;10:00;CET;5,706
04.01.2021;10:00;CET;11:00;CET;5,718
04.01.2021;11:00;CET;12:00;CET;6
04.01.2021;12:00;CET;13:00;CET;6,127
04.01.2021;13:00;CET;14:00;CET;6,028
04.01.2021;14:00;CET;15:00;CET;6,007
04.01.2021;15:00;CET;16:00;CET;5,946
04.01.2021;16:00;CET;17:00;CET;6,199
04.01.2021;17:00;CET;18:00;CET;6,682
04.01.2021;18:00;CET;19:00;CET;6,197
04.01.2021;19:00;CET;20:00;CET;5,506
04.01.2021;20:00;CET;21:00;CET;4,734
04.01.2021;21:00;CET;22:00;CET;4,564
04.01.2021;22:00;CET;23:00;CET;4,893
04.01.2021;23:00;CET;00:00;CET;4,464
05.01.2021;00:00;CET;01:00;CET;3,754
05.01.2021;01:00;CET;02:00;CET;4,007
05.01.2021;02:00;CET;03:00;CET;3,981
05.01.2021;03:00;CET;04:00;CET;3,965
05.01.2021;04:00;CET;05:00;CET;4,02
05.01.2021;05:00;CET;06:00;CET;4,426
05.01.2021;06:00;CET;07:00;CET;4,706
05.01.2021;07:00;CET;08:00;CET;5,496
05.01.2021;08:00;CET;09:00;CET;6,367
05.01.2021;09:00;CET;10:00;CET;6,473
05.01.2021;10:00;CET;11:00;CET;6,607
05.01.2021;11:00;CET;12:00;CET;6,597
05.01.2021;12:00;CET;13:00;CET;6,546
05.01.2021;13:00;CET;14:00;CET;6,382
05.01.2021;14:00;CET;15:00;CET;6,387
05.01.2021;15:00;CET;16:00;CET;6,405
05.01.2021;16:00;CET;17:00;CET;6,426
05.01.2021;17:00;CET;18:00;CET;6,714
05.01.2021;18:00;CET;19:00;CET;6,161
05.01.2021;19:00;CET;20:00;CET;5,916
05.01.2021;20:00;CET;21:00;CET;5,926
05.01.2021;21:00;CET;22:00;CET;5,362
05.01.2021;22:00;CET;23:00;CET;5,386
05.01.2021;23:00;CET;00:00;CET;4,799
06.01.2021;00:00;CET;01:00;CET;4,441
06.01.2021;01:00;CET;02:00;CET;4,294
06.01.2021;02:00;CET;03:00;CET;4,288
06.01.2021;03:00;CET;04:00;CET;4,215
06.01.2021;04:00;CET;05:00;CET;4,323
06.01.2021;05:00;CET;06:00;CET;4,456
06.01.2021;06:00;CET;07:00;CET;4,74
06.01.2021;07:00;CET;08:00;CET;4,405
06.01.2021;08:00;CET;09:00;CET;5,341
06.01.2021;09:00;CET;10:00;CET;5,48
06.01.2021;10:00;CET;11:00;CET;5,394
06.01.2021;11:00;CET;12:00;CET;5,83
06.01.2021;12:00;CET;13:00;CET;6,143
06.01.2021;13:00;CET;14:00;CET;6,192
06.01.2021;14:00;CET;15:00;CET;5,7
06.01.2021;15:00;CET;16:00;CET;5,753
06.01.2021;16:00;CET;17:00;CET;6,168
06.01.2021;17:00;CET;18:00;CET;6,184
06.01.2021;18:00;CET;19:00;CET;5,746
06.01.2021;19:00;CET;20:00;CET;5,806
06.01.2021;20:00;CET;21:00;CET;5,997
06.01.2021;21:00;CET;22:00;CET;5,295
06.01.2021;22:00;CET;23:00;CET;5,295
06.01.2021;23:00;CET;00:00;CET;4,953
07.01.2021;00:00;CET;01:00;CET;5,103
07.01.2021;01:00;CET;02:00;CET;5,018
07.01.2021;02:00;CET;03:00;CET;4,897
07.01.2021;03:00;CET;04:00;CET;4,672
07.01.2021;04:00;CET;05:00;CET;4,687
07.01.2021;05:00;CET;06:00;CET;5,008
07.01.2021;06:00;CET;07:00;CET;5,734
07.01.2021;07:00;CET;08:00;CET;6,78
07.01.2021;08:00;CET;09:00;CET;8,651
07.01.2021;09:00;CET;10:00;CET;8,654
07.01.2021;10:00;CET;11:00;CET;8,508
07.01.2021;11:00;CET;12:00;CET;8,874
07.01.2021;12:00;CET;13:00;CET;8,876
07.01.2021;13:00;CET;14:00;CET;8,431
07.01.2021;14:00;CET;15:00;CET;8,04
07.01.2021;15:00;CET;16:00;CET;8,357
07.01.2021;16:00;CET;17:00;CET;8,968
07.01.2021;17:00;CET;18:00;CET;10
07.01.2021;18:00;CET;19:00;CET;9,043
07.01.2021;19:00;CET;20:00;CET;8,028
07.01.2021;20:00;CET;21:00;CET;6,68
07.01.2021;21:00;CET;22:00;CET;6,022
07.01.2021;22:00;CET;23:00;CET;5,969
07.01.2021;23:00;CET;00:00;CET;5,225
08.01.2021;00:00;CET;01:00;CET;5,053
08.01.2021;01:00;CET;02:00;CET;4,843
08.01.2021;02:00;CET;03:00;CET;4,724
08.01.2021;03:00;CET;04:00;CET;4,561
08.01.2021;04:00;CET;05:00;CET;4,681
08.01.2021;05:00;CET;06:00;CET;5,157
08.01.2021;06:00;CET;07:00;CET;6,067
08.01.2021;07:00;CET;08:00;CET;7,956
08.01.2021;08:00;CET;09:00;CET;10,354
08.01.2021;09:00;CET;10:00;CET;11,045
08.01.2021;10:00;CET;11:00;CET;10,996
08.01.2021;11:00;CET;12:00;CET;10,682
08.01.2021;12:00;CET;13:00;CET;10,237
08.01.2021;13:00;CET;14:00;CET;9,761
08.01.2021;14:00;CET;15:00;CET;9,5
08.01.2021;15:00;CET;16:00;CET;9,542
08.01.2021;16:00;CET;17:00;CET;9,5
08.01.2021;17:00;CET;18:00;CET;11
08.01.2021;18:00;CET;19:00;CET;10,241
08.01.2021;19:00;CET;20:00;CET;8,805
08.01.2021;20:00;CET;21:00;CET;6,424
08.01.2021;21:00;CET;22:00;CET;5,943
08.01.2021;22:00;CET;23:00;CET;5,76
08.01.2021;23:00;CET;00:00;CET;5,175
09.01.2021;00:00;CET;01:00;CET;5,473
09.01.2021;01:00;CET;02:00;CET;5,239
09.01.2021;02:00;CET;03:00;CET;5,167
09.01.2021;03:00;CET;04:00;CET;5,088
09.01.2021;04:00;CET;05:00;CET;5,002
09.01.2021;05:00;CET;06:00;CET;4,91
09.01.2021;06:00;CET;07:00;CET;4,957
09.01.2021;07:00;CET;08:00;CET;5,382
09.01.2021;08:00;CET;09:00;CET;5,98
09.01.2021;09:00;CET;10:00;CET;6,692
09.01.2021;10:00;CET;11:00;CET;6,771
09.01.2021;11:00;CET;12:00;CET;6,8
09.01.2021;12:00;CET;13:00;CET;6,701
09.01.2021;13:00;CET;14:00;CET;6,253
09.01.2021;14:00;CET;15:00;CET;6
09.01.2021;15:00;CET;16:00;CET;6
09.01.2021;16:00;CET;17:00;CET;6,278
09.01.2021;17:00;CET;18:00;CET;6,992
09.01.2021;18:00;CET;19:00;CET;7,199
09.01.2021;19:00;CET;20:00;CET;6,895
09.01.2021;20:00;CET;21:00;CET;6,266
09.01.2021;21:00;CET;22:00;CET;5,654
09.01.2021;22:00;CET;23:00;CET;5,581
09.01.2021;23:00;CET;00:00;CET;5,085
10.01.2021;00:00;CET;01:00;CET;5,465
10.01.2021;01:00;CET;02:00;CET;5,179
10.01.2021;02:00;CET;03:00;CET;5,058
10.01.2021;03:00;CET;04:00;CET;4,798
10.01.2021;04:00;CET;05:00;CET;4,76
10.01.2021;05:00;CET;06:00;CET;4,759
10.01.2021;06:00;CET;07:00;CET;4,209
10.01.2021;07:00;CET;08:00;CET;4,456
10.01.2021;08:00;CET;09:00;CET;4,946
10.01.2021;09:00;CET;10:00;CET;5,496
10.01.2021;10:00;CET;11:00;CET;5,363
10.01.2021;11:00;CET;12:00;CET;5,557
10.01.2021;12:00;CET;13:00;CET;5,417
10.01.2021;13:00;CET;14:00;CET;5,262
10.01.2021;14:00;CET;15:00;CET;5,318
10.01.2021;15:00;CET;16:00;CET;5,485
10.01.2021;16:00;CET;17:00;CET;5,652
10.01.2021;17:00;CET;18:00;CET;6,209
10.01.2021;18:00;CET;19:00;CET;6,341
10.01.2021;19:00;CET;20:00;CET;5,639
10.01.2021;20:00;CET;21:00;CET;5,564
10.01.2021;21:00;CET;22:00;CET;5,333
10.01.2021;22:00;CET;23:00;CET;5,205
10.01.2021;23:00;CET;00:00;CET;3,724
11.01.2021;00:00;CET;01:00;CET;4,49
11.01.2021;01:00;CET;02:00;CET;4,474
11.01.2021;02:00;CET;03:00;CET;4,506
11.01.2021;03:00;CET;04:00;CET;4,407
11.01.2021;04:00;CET;05:00;CET;4,453
11.01.2021;05:00;CET;06:00;CET;4,274
11.01.2021;06:00;CET;07:00;CET;5,462
11.01.2021;07:00;CET;08:00;CET;6,711
11.01.2021;08:00;CET;09:00;CET;7,059
11.01.2021;09:00;CET;10:00;CET;5,832
11.01.2021;10:00;CET;11:00;CET;5,589
11.01.2021;11:00;CET;12:00;CET;5,449
11.01.2021;12:00;CET;13:00;CET;5,335
11.01.2021;13:00;CET;14:00;CET;4,839
11.01.2021;14:00;CET;15:00;CET;4,957
11.01.2021;15:00;CET;16:00;CET;5,096
11.01.2021;16:00;CET;17:00;CET;4,912
11.01.2021;17:00;CET;18:00;CET;5,344
11.01.2021;18:00;CET;19:00;CET;4,794
11.01.2021;19:00;CET;20:00;CET;4,216
11.01.2021;20:00;CET;21:00;CET;3,803
11.01.2021;21:00;CET;22:00;CET;3,424
11.01.2021;22:00;CET;23:00;CET;3,401
11.01.2021;23:00;CET;00:00;CET;2,739
12.01.2021;00:00;CET;01:00;CET;1,896
12.01.2021;01:00;CET;02:00;CET;1,582
12.01.2021;02:00;CET;03:00;CET;1,9
12.01.2021;03:00;CET;04:00;CET;2,414
12.01.2021;04:00;CET;05:00;CET;2,7
12.01.2021;05:00;CET;06:00;CET;3,594
12.01.2021;06:00;CET;07:00;CET;4,096
12.01.2021;07:00;CET;08:00;CET;5,451
12.01.2021;08:00;CET;09:00;CET;6,064
12.01.2021;09:00;CET;10:00;CET;5,496
12.01.2021;10:00;CET;11:00;CET;5,65
12.01.2021;11:00;CET;12:00;CET;5,788
12.01.2021;12:00;CET;13:00;CET;5,964
12.01.2021;13:00;CET;14:00;CET;5,494
12.01.2021;14:00;CET;15:00;CET;5,155
12.01.2021;15:00;CET;16:00;CET;5,556
12.01.2021;16:00;CET;17:00;CET;6,301
12.01.2021;17:00;CET;18:00;CET;6,46
12.01.2021;18:00;CET;19:00;CET;6,189
12.01.2021;19:00;CET;20:00;CET;5,49
12.01.2021;20:00;CET;21:00;CET;5,325
12.01.2021;21:00;CET;22:00;CET;4,484
12.01.2021;22:00;CET;23:00;CET;3,868
12.01.2021;23:00;CET;00:00;CET;3,724
13.01.2021;00:00;CET;01:00;CET;3,459
13.01.2021;01:00;CET;02:00;CET;3,347
13.01.2021;02:00;CET;03:00;CET;3,236
13.01.2021;03:00;CET;04:00;CET;3,084
13.01.2021;04:00;CET;05:00;CET;3,168
13.01.2021;05:00;CET;06:00;CET;3,681
13.01.2021;06:00;CET;07:00;CET;4,187
13.01.2021;07:00;CET;08:00;CET;4,621
13.01.2021;08:00;CET;09:00;CET;5,614
13.01.2021;09:00;CET;10:00;CET;4,771
13.01.2021;10:00;CET;11:00;CET;4,623
13.01.2021;11:00;CET;12:00;CET;4,382
13.01.2021;12:00;CET;13:00;CET;4,122
13.01.2021;13:00;CET;14:00;CET;4,004
13.01.2021;14:00;CET;15:00;CET;3,947
13.01.2021;15:00;CET;16:00;CET;4,117
13.01.2021;16:00;CET;17:00;CET;4,591
13.01.2021;17:00;CET;18:00;CET;5,549
13.01.2021;18:00;CET;19:00;CET;5,451
13.01.2021;19:00;CET;20:00;CET;4,928
13.01.2021;20:00;CET;21:00;CET;4,865
13.01.2021;21:00;CET;22:00;CET;4,189
13.01.2021;22:00;CET;23:00;CET;4,1
13.01.2021;23:00;CET;00:00;CET;3,897
14.01.2021;00:00;CET;01:00;CET;3,825
14.01.2021;01:00;CET;02:00;CET;3,778
14.01.2021;02:00;CET;03:00;CET;3,793
14.01.2021;03:00;CET;04:00;CET;4,077
14.01.2021;04:00;CET;05:00;CET;4,403
14.01.2021;05:00;CET;06:00;CET;4,719
14.01.2021;06:00;CET;07:00;CET;6,055
14.01.2021;07:00;CET;08:00;CET;8,023
14.01.2021;08:00;CET;09:00;CET;8,882
14.01.2021;09:00;CET;10:00;CET;8,927
14.01.2021;10:00;CET;11:00;CET;8,963
14.01.2021;11:00;CET;12:00;CET;9,105
14.01.2021;12:00;CET;13:00;CET;8,875
14.01.2021;13:00;CET;14:00;CET;8,71
14.01.2021;14:00;CET;15:00;CET;8,398
14.01.2021;15:00;CET;16:00;CET;7,996
14.01.2021;16:00;CET;17:00;CET;8,342
14.01.2021;17:00;CET;18:00;CET;10,067
14.01.2021;18:00;CET;19:00;CET;9,016
14.01.2021;19:00;CET;20:00;CET;8,787
14.01.2021;20:00;CET;21:00;CET;7,518
14.01.2021;21:00;CET;22:00;CET;6,352
14.01.2021;22:00;CET;23:00;CET;6,055
14.01.2021;23:00;CET;00:00;CET;5,556
15.01.2021;00:00;CET;01:00;CET;4,898
15.01.2021;01:00;CET;02:00;CET;4,866
15.01.2021;02:00;CET;03:00;CET;4,77
15.01.2021;03:00;CET;04:00;CET;4,66
15.01.2021;04:00;CET;05:00;CET;4,8
15.01.2021;05:00;CET;06:00;CET;5,152
15.01.2021;06:00;CET;07:00;CET;6,297
15.01.2021;07:00;CET;08:00;CET;7,794
15.01.2021;08:00;CET;09:00;CET;9,407
15.01.2021;09:00;CET;10:00;CET;9,776
15.01.2021;10:00;CET;11:00;CET;9,069
15.01.2021;11:00;CET;12:00;CET;8,697
15.01.2021;12:00;CET;13:00;CET;7,925
15.01.2021;13:00;CET;14:00;CET;7,664
15.01.2021;14:00;CET;15:00;CET;7,714
15.01.2021;15:00;CET;16:00;CET;7,698
15.01.2021;16:00;CET;17:00;CET;8,2
15.01.2021;17:00;CET;18:00;CET;9,95
15.01.2021;18:00;CET;19:00;CET;9,802
15.01.2021;19:00;CET;20:00;CET;9,501
15.01.2021;20:00;CET;21:00;CET;7,72
15.01.2021;21:00;CET;22:00;CET;6,718
15.01.2021;22:00;CET;23:00;CET;6,319
15.01.2021;23:00;CET;00:00;CET;5,542
16.01.2021;00:00;CET;01:00;CET;5,841
16.01.2021;01:00;CET;02:00;CET;5,565
16.01.2021;02:00;CET;03:00;CET;5,216
16.01.2021;03:00;CET;04:00;CET;5,118
16.01.2021;04:00;CET;05:00;CET;4,951
16.01.2021;05:00;CET;06:00;CET;4,852
16.01.2021;06:00;CET;07:00;CET;4,874
16.01.2021;07:00;CET;08:00;CET;5,143
16.01.2021;08:00;CET;09:00;CET;6,116
16.01.2021;09:00;CET;10:00;CET;6,475
16.01.2021;10:00;CET;11:00;CET;6,377
16.01.2021;11:00;CET;12:00;CET;6,213
16.01.2021;12:00;CET;13:00;CET;5,501
16.01.2021;13:00;CET;14:00;CET;5,066
16.01.2021;14:00;CET;15:00;CET;4,948
16.01.2021;15:00;CET;16:00;CET;5,065
16.01.2021;16:00;CET;17:00;CET;5,77
16.01.2021;17:00;CET;18:00;CET;6,501
16.01.2021;18:00;CET;19:00;CET;6,64
16.01.2021;19:00;CET;20:00;CET;6,376
16.01.2021;20:00;CET;21:00;CET;5,747
16.01.2021;21:00;CET;22:00;CET;5,298
16.01.2021;22:00;CET;23:00;CET;5,32
16.01.2021;23:00;CET;00:00;CET;5,056
17.01.2021;00:00;CET;01:00;CET;4,799
17.01.2021;01:00;CET;02:00;CET;4,774
17.01.2021;02:00;CET;03:00;CET;4,718
17.01.2021;03:00;CET;04:00;CET;4,609
17.01.2021;04:00;CET;05:00;CET;4,58
17.01.2021;05:00;CET;06:00;CET;4,542
17.01.2021;06:00;CET;07:00;CET;4,646
17.01.2021;07:00;CET;08:00;CET;4,764
17.01.2021;08:00;CET;09:00;CET;4,742
17.01.2021;09:00;CET;10:00;CET;5,113
17.01.2021;10:00;CET;11:00;CET;5,65
17.01.2021;11:00;CET;12:00;CET;5,994
17.01.2021;12:00;CET;13:00;CET;5,551
17.01.2021;13:00;CET;14:00;CET;5,282
17.01.2021;14:00;CET;15:00;CET;4,995
17.01.2021;15:00;CET;16:00;CET;5,348
17.01.2021;16:00;CET;17:00;CET;6,06
17.01.2021;17:00;CET;18:00;CET;6,705
17.01.2021;18:00;CET;19:00;CET;7,2
17.01.2021;19:00;CET;20:00;CET;6,778
17.01.2021;20:00;CET;21:00;CET;6,245
17.01.2021;21:00;CET;22:00;CET;5,661
17.01.2021;22:00;CET;23:00;CET;5,707
17.01.2021;23:00;CET;00:00;CET;5,134
18.01.2021;00:00;CET;01:00;CET;5,022
18.01.2021;01:00;CET;02:00;CET;4,794
18.01.2021;02:00;CET;03:00;CET;4,767
18.01.2021;03:00;CET;04:00;CET;4,66
18.01.2021;04:00;CET;05:00;CET;4,672
18.01.2021;05:00;CET;06:00;CET;4,758
18.01.2021;06:00;CET;07:00;CET;6,119
18.01.2021;07:00;CET;08:00;CET;7,306
18.01.2021;08:00;CET;09:00;CET;7,892
18.01.2021;09:00;CET;10:00;CET;7,565
18.01.2021;10:00;CET;11:00;CET;7,203
18.01.2021;11:00;CET;12:00;CET;6,639
18.01.2021;12:00;CET;13:00;CET;6,006
18.01.2021;13:00;CET;14:00;CET;5,77
18.01.2021;14:00;CET;15:00;CET;5,941
18.01.2021;15:00;CET;16:00;CET;5,739
18.01.2021;16:00;CET;17:00;CET;5,454
18.01.2021;17:00;CET;18:00;CET;5,994
18.01.2021;18:00;CET;19:00;CET;5,508
18.01.2021;19:00;CET;20:00;CET;5,142
18.01.2021;20:00;CET;21:00;CET;4,697
18.01.2021;21:00;CET;22:00;CET;4,563
18.01.2021;22:00;CET;23:00;CET;4,295
18.01.2021;23:00;CET;00:00;CET;3,783
19.01.2021;00:00;CET;01:00;CET;3,668
19.01.2021;01:00;CET;02:00;CET;3,594
19.01.2021;02:00;CET;03:00;CET;3,474
19.01.2021;03:00;CET;04:00;CET;3,596
19.01.2021;04:00;CET;05:00;CET;3,67
19.01.2021;05:00;CET;06:00;CET;3,795
19.01.2021;06:00;CET;07:00;CET;4,159
19.01.2021;07:00;CET;08:00;CET;4,668
19.01.2021;08:00;CET;09:00;CET;5,515
19.01.2021;09:00;CET;10:00;CET;5,45
19.01.2021;10:00;CET;11:00;CET;5,273
19.01.2021;11:00;CET;12:00;CET;5,45
19.01.2021;12:00;CET;13:00;CET;5,221
19.01.2021;13:00;CET;14:00;CET;5,211
19.01.2021;14:00;CET;15:00;CET;5,237
19.01.2021;15:00;CET;16:00;CET;5,134
19.01.2021;16:00;CET;17:00;CET;5,189
19.01.2021;17:00;CET;18:00;CET;5,47
19.01.2021;18:00;CET;19:00;CET;5,275
19.01.2021;19:00;CET;20:00;CET;4,539
19.01.2021;20:00;CET;21:00;CET;4,037
19.01.2021;21:00;CET;22:00;CET;3,728
19.01.2021;22:00;CET;23:00;CET;3,539
19.01.2021;23:00;CET;00:00;CET;2,998
20.01.2021;00:00;CET;01:00;CET;3,033
20.01.2021;01:00;CET;02:00;CET;2,84
20.01.2021;02:00;CET;03:00;CET;2,662
20.01.2021;03:00;CET;04:00;CET;2,513
20.01.2021;04:00;CET;05:00;CET;2,876
20.01.2021;05:00;CET;06:00;CET;3,092
20.01.2021;06:00;CET;07:00;CET;3,556
20.01.2021;07:00;CET;08:00;CET;4,023
20.01.2021;08:00;CET;09:00;CET;4,227
20.01.2021;09:00;CET;10:00;CET;3,89
20.01.2021;10:00;CET;11:00;CET;3,801
20.01.2021;11:00;CET;12:00;CET;3,795
20.01.2021;12:00;CET;13:00;CET;3,792
20.01.2021;13:00;CET;14:00;CET;3,684
20.01.2021;14:00;CET;15:00;CET;3,68
20.01.2021;15:00;CET;16:00;CET;3,892
20.01.2021;16:00;CET;17:00;CET;4,03
20.01.2021;17:00;CET;18:00;CET;5,139
20.01.2021;18:00;CET;19:00;CET;5,752
20.01.2021;19:00;CET;20:00;CET;4,534
20.01.2021;20:00;CET;21:00;CET;3,59
20.01.2021;21:00;CET;22:00;CET;3,197
20.01.2021;22:00;CET;23:00;CET;2,949
20.01.2021;23:00;CET;00:00;CET;2,53
21.01.2021;00:00;CET;01:00;CET;2,485
21.01.2021;01:00;CET;02:00;CET;1,932
21.01.2021;02:00;CET;03:00;CET;0,894
21.01.2021;03:00;CET;04:00;CET;0,09
21.01.2021;04:00;CET;05:00;CET;0,002
21.01.2021;05:00;CET;06:00;CET;1,369
21.01.2021;06:00;CET;07:00;CET;2,747
21.01.2021;07:00;CET;08:00;CET;3,532
21.01.2021;08:00;CET;09:00;CET;3,723
21.01.2021;09:00;CET;10:00;CET;3,529
21.01.2021;10:00;CET;11:00;CET;3,301
21.01.2021;11:00;CET;12:00;CET;3,338
21.01.2021;12:00;CET;13:00;CET;3,369
21.01.2021;13:00;CET;14:00;CET;3,534
21.01.2021;14:00;CET;15:00;CET;3,711
21.01.2021;15:00;CET;16:00;CET;4,252
21.01.2021;16:00;CET;17:00;CET;4,467
21.01.2021;17:00;CET;18:00;CET;4,563
21.01.2021;18:00;CET;19:00;CET;4,505
21.01.2021;19:00;CET;20:00;CET;4,491
21.01.2021;20:00;CET;21:00;CET;3,559
21.01.2021;21:00;CET;22:00;CET;3,196
21.01.2021;22:00;CET;23:00;CET;3,181
21.01.2021;23:00;CET;00:00;CET;2,409
22.01.2021;00:00;CET;01:00;CET;0,91
22.01.2021;01:00;CET;02:00;CET;1,392
22.01.2021;02:00;CET;03:00;CET;1,108
22.01.2021;03:00;CET;04:00;CET;1,151
22.01.2021;04:00;CET;05:00;CET;1,624
22.01.2021;05:00;CET;06:00;CET;2,849
22.01.2021;06:00;CET;07:00;CET;3,223
22.01.2021;07:00;CET;08:00;CET;3,766
22.01.2021;08:00;CET;09:00;CET;5,152
22.01.2021;09:00;CET;10:00;CET;4,542
22.01.2021;10:00;CET;11:00;CET;4,695
22.01.2021;11:00;CET;12:00;CET;5,006
22.01.2021;12:00;CET;13:00;CET;5,208
22.01.2021;13:00;CET;14:00;CET;5,069
22.01.2021;14:00;CET;15:00;CET;5,136
22.01.2021;15:00;CET;16:00;CET;5,449
22.01.2021;16:00;CET;17:00;CET;5,731
22.01.2021;17:00;CET;18:00;CET;6,448
22.01.2021;18:00;CET;19:00;CET;6,677
22.01.2021;19:00;CET;20:00;CET;6,389
22.01.2021;20:00;CET;21:00;CET;5,493
22.01.2021;21:00;CET;22:00;CET;5,291
22.01.2021;22:00;CET;23:00;CET;5,179
22.01.2021;23:00;CET;00:00;CET;4,582
23.01.2021;00:00;CET;01:00;CET;4,461
23.01.2021;01:00;CET;02:00;CET;4,339
23.01.2021;02:00;CET;03:00;CET;4,438
23.01.2021;03:00;CET;04:00;CET;4,231
23.01.2021;04:00;CET;05:00;CET;3,891
23.01.2021;05:00;CET;06:00;CET;4,197
23.01.2021;06:00;CET;07:00;CET;4,24
23.01.2021;07:00;CET;08:00;CET;4,588
23.01.2021;08:00;CET;09:00;CET;5
23.01.2021;09:00;CET;10:00;CET;5,692
23.01.2021;10:00;CET;11:00;CET;5,815
23.01.2021;11:00;CET;12:00;CET;5,895
23.01.2021;12:00;CET;13:00;CET;5,663
23.01.2021;13:00;CET;14:00;CET;5,2
23.01.2021;14:00;CET;15:00;CET;5,1
23.01.2021;15:00;CET;16:00;CET;5,365
23.01.2021;16:00;CET;17:00;CET;5,83
23.01.2021;17:00;CET;18:00;CET;6,309
23.01.2021;18:00;CET;19:00;CET;6,613
23.01.2021;19:00;CET;20:00;CET;6,329
23.01.2021;20:00;CET;21:00;CET;5,816
23.01.2021;21:00;CET;22:00;CET;5,28
23.01.2021;22:00;CET;23:00;CET;5,12
23.01.2021;23:00;CET;00:00;CET;4,718
24.01.2021;00:00;CET;01:00;CET;4,48
24.01.2021;01:00;CET;02:00;CET;4,067
24.01.2021;02:00;CET;03:00;CET;4,124
24.01.2021;03:00;CET;04:00;CET;4,024
24.01.2021;04:00;CET;05:00;CET;3,978
24.01.2021;05:00;CET;06:00;CET;3,99
24.01.2021;06:00;CET;07:00;CET;4,056
24.01.2021;07:00;CET;08:00;CET;4,197
24.01.2021;08:00;CET;09:00;CET;4,6
24.01.2021;09:00;CET;10:00;CET;5,054
24.01.2021;10:00;CET;11:00;CET;5,309
24.01.2021;11:00;CET;12:00;CET;5,434
24.01.2021;12:00;CET;13:00;CET;5,186
24.01.2021;13:00;CET;14:00;CET;4,599
24.01.2021;14:00;CET;15:00;CET;4,434
24.01.2021;15:00;CET;16:00;CET;4,593
24.01.2021;16:00;CET;17:00;CET;5,2
24.01.2021;17:00;CET;18:00;CET;6,198
24.01.2021;18:00;CET;19:00;CET;6,5
24.01.2021;19:00;CET;20:00;CET;6,291
24.01.2021;20:00;CET;21:00;CET;5,93
24.01.2021;21:00;CET;22:00;CET;5,576
24.01.2021;22:00;CET;23:00;CET;5,393
24.01.2021;23:00;CET;00:00;CET;4,789
25.01.2021;00:00;CET;01:00;CET;4,662
25.01.2021;01:00;CET;02:00;CET;4,309
25.01.2021;02:00;CET;03:00;CET;4,3
25.01.2021;03:00;CET;04:00;CET;4,259
25.01.2021;04:00;CET;05:00;CET;4,22
25.01.2021;05:00;CET;06:00;CET;4,566
25.01.2021;06:00;CET;07:00;CET;6,195
25.01.2021;07:00;CET;08:00;CET;7
25.01.2021;08:00;CET;09:00;CET;7,562
25.01.2021;09:00;CET;10:00;CET;7,967
25.01.2021;10:00;CET;11:00;CET;7,495
25.01.2021;11:00;CET;12:00;CET;7,22
25.01.2021;12:00;CET;13:00;CET;6,902
25.01.2021;13:00;CET;14:00;CET;6,7
25.01.2021;14:00;CET;15:00;CET;6,591
25.01.2021;15:00;CET;16:00;CET;6,601
25.01.2021;16:00;CET;17:00;CET;6,735
25.01.2021;17:00;CET;18:00;CET;7,169
25.01.2021;18:00;CET;19:00;CET;7,141
25.01.2021;19:00;CET;20:00;CET;6,517
25.01.2021;20:00;CET;21:00;CET;6,252
25.01.2021;21:00;CET;22:00;CET;5,526
25.01.2021;22:00;CET;23:00;CET;5,35
25.01.2021;23:00;CET;00:00;CET;4,77
26.01.2021;00:00;CET;01:00;CET;5,095
26.01.2021;01:00;CET;02:00;CET;4,957
26.01.2021;02:00;CET;03:00;CET;4,69
26.01.2021;03:00;CET;04:00;CET;4,469
26.01.2021;04:00;CET;05:00;CET;4,61
26.01.2021;05:00;CET;06:00;CET;5,102
26.01.2021;06:00;CET;07:00;CET;5,733
26.01.2021;07:00;CET;08:00;CET;6,905
26.01.2021;08:00;CET;09:00;CET;7,395
26.01.2021;09:00;CET;10:00;CET;7,173
26.01.2021;10:00;CET;11:00;CET;7,391
26.01.2021;11:00;CET;12:00;CET;7,2
26.01.2021;12:00;CET;13:00;CET;7
26.01.2021;13:00;CET;14:00;CET;6,591
26.01.2021;14:00;CET;15:00;CET;6,633
26.01.2021;15:00;CET;16:00;CET;6,815
26.01.2021;16:00;CET;17:00;CET;6,875
26.01.2021;17:00;CET;18:00;CET;7,373
26.01.2021;18:00;CET;19:00;CET;7,036
26.01.2021;19:00;CET;20:00;CET;6,315
26.01.2021;20:00;CET;21:00;CET;6,198
26.01.2021;21:00;CET;22:00;CET;5,493
26.01.2021;22:00;CET;23:00;CET;5,471
26.01.2021;23:00;CET;00:00;CET;4,777
27.01.2021;00:00;CET;01:00;CET;4,683
27.01.2021;01:00;CET;02:00;CET;4,497
27.01.2021;02:00;CET;03:00;CET;4,332
27.01.2021;03:00;CET;04:00;CET;4,204
27.01.2021;04:00;CET;05:00;CET;4,227
27.01.2021;05:00;CET;06:00;CET;4,493
27.01.2021;06:00;CET;07:00;CET;5,125
27.01.2021;07:00;CET;08:00;CET;6,157
27.01.2021;08:00;CET;09:00;CET;6,679
27.01.2021;09:00;CET;10:00;CET;6,612
27.01.2021;10:00;CET;11:00;CET;6,547
27.01.2021;11:00;CET;12:00;CET;6,594
27.01.2021;12:00;CET;13:00;CET;6,578
27.01.2021;13:00;CET;14:00;CET;6,554
27.01.2021;14:00;CET;15:00;CET;6,584
27.01.2021;15:00;CET;16:00;CET;6,616
27.01.2021;16:00;CET;17:00;CET;6,59
27.01.2021;17:00;CET;18:00;CET;6,817
27.01.2021;18:00;CET;19:00;CET;7,048
27.01.2021;19:00;CET;20:00;CET;6,399
27.01.2021;20:00;CET;21:00;CET;5,964
27.01.2021;21:00;CET;22:00;CET;5,575
27.01.2021;22:00;CET;23:00;CET;5,31
27.01.2021;23:00;CET;00:00;CET;4,994
28.01.2021;00:00;CET;01:00;CET;4,687
28.01.2021;01:00;CET;02:00;CET;4,493
28.01.2021;02:00;CET;03:00;CET;4,383
28.01.2021;03:00;CET;04:00;CET;4,24
28.01.2021;04:00;CET;05:00;CET;4,364
28.01.2021;05:00;CET;06:00;CET;4,441
28.01.2021;06:00;CET;07:00;CET;5,352
28.01.2021;07:00;CET;08:00;CET;6,346
28.01.2021;08:00;CET;09:00;CET;6,839
28.01.2021;09:00;CET;10:00;CET;6,67
28.01.2021;10:00;CET;11:00;CET;6,498
28.01.2021;11:00;CET;12:00;CET;6,4
28.01.2021;12:00;CET;13:00;CET;6,074
28.01.2021;13:00;CET;14:00;CET;6,008
28.01.2021;14:00;CET;15:00;CET;5,96
28.01.2021;15:00;CET;16:00;CET;5,671
28.01.2021;16:00;CET;17:00;CET;5,5
28.01.2021;17:00;CET;18:00;CET;6,062
28.01.2021;18:00;CET;19:00;CET;6,333
28.01.2021;19:00;CET;20:00;CET;6,07
28.01.2021;20:00;CET;21:00;CET;5,492
28.01.2021;21:00;CET;22:00;CET;5,202
28.01.2021;22:00;CET;23:00;CET;5,102
28.01.2021;23:00;CET;00:00;CET;4,551
29.01.2021;00:00;CET;01:00;CET;4,271
29.01.2021;01:00;CET;02:00;CET;3,986
29.01.2021;02:00;CET;03:00;CET;3,842
29.01.2021;03:00;CET;04:00;CET;3,785
29.01.2021;04:00;CET;05:00;CET;3,761
29.01.2021;05:00;CET;06:00;CET;3,983
29.01.2021;06:00;CET;07:00;CET;4,5
29.01.2021;07:00;CET;08:00;CET;5,542
29.01.2021;08:00;CET;09:00;CET;5,856
29.01.2021;09:00;CET;10:00;CET;5,888
29.01.2021;10:00;CET;11:00;CET;5,667
29.01.2021;11:00;CET;12:00;CET;5,473
29.01.2021;12:00;CET;13:00;CET;5,342
29.01.2021;13:00;CET;14:00;CET;4,901
29.01.2021;14:00;CET;15:00;CET;4,602
29.01.2021;15:00;CET;16:00;CET;5,069
29.01.2021;16:00;CET;17:00;CET;5,498
29.01.2021;17:00;CET;18:00;CET;5,954
29.01.2021;18:00;CET;19:00;CET;6,079
29.01.2021;19:00;CET;20:00;CET;5,938
29.01.2021;20:00;CET;21:00;CET;5,434
29.01.2021;21:00;CET;22:00;CET;5,003
29.01.2021;22:00;CET;23:00;CET;4,59
29.01.2021;23:00;CET;00:00;CET;4,279
30.01.2021;00:00;CET;01:00;CET;4,202
30.01.2021;01:00;CET;02:00;CET;3,942
30.01.2021;02:00;CET;03:00;CET;3,754
30.01.2021;03:00;CET;04:00;CET;3,581
30.01.2021;04:00;CET;05:00;CET;3,486
30.01.2021;05:00;CET;06:00;CET;3,809
30.01.2021;06:00;CET;07:00;CET;4,108
30.01.2021;07:00;CET;08:00;CET;4,335
30.01.2021;08:00;CET;09:00;CET;4,874
30.01.2021;09:00;CET;10:00;CET;5,773
30.01.2021;10:00;CET;11:00;CET;5,781
30.01.2021;11:00;CET;12:00;CET;5,778
30.01.2021;12:00;CET;13:00;CET;5,513
30.01.2021;13:00;CET;14:00;CET;5,06
30.01.2021;14:00;CET;15:00;CET;4,799
30.01.2021;15:00;CET;16:00;CET;4,805
30.01.2021;16:00;CET;17:00;CET;5,658
30.01.2021;17:00;CET;18:00;CET;6,058
30.01.2021;18:00;CET;19:00;CET;6,165
30.01.2021;19:00;CET;20:00;CET;5,962
30.01.2021;20:00;CET;21:00;CET;5,278
30.01.2021;21:00;CET;22:00;CET;4,696
30.01.2021;22:00;CET;23:00;CET;4,698
30.01.2021;23:00;CET;00:00;CET;4,23
31.01.2021;00:00;CET;01:00;CET;4,208
31.01.2021;01:00;CET;02:00;CET;4,098
31.01.2021;02:00;CET;03:00;CET;4,051
31.01.2021;03:00;CET;04:00;CET;3,95
31.01.2021;04:00;CET;05:00;CET;3,861
31.01.2021;05:00;CET;06:00;CET;4,041
31.01.2021;06:00;CET;07:00;CET;4,037
31.01.2021;07:00;CET;08:00;CET;4,129
31.01.2021;08:00;CET;09:00;CET;4,485
31.01.2021;09:00;CET;10:00;CET;4,915
31.01.2021;10:00;CET;11:00;CET;5,073
31.01.2021;11:00;CET;12:00;CET;5,114
31.01.2021;12:00;CET;13:00;CET;5,037
31.01.2021;13:00;CET;14:00;CET;4,623
31.01.2021;14:00;CET;15:00;CET;4,59
31.01.2021;15:00;CET;16:00;CET;4,792
31.01.2021;16:00;CET;17:00;CET;5,292
31.01.2021;17:00;CET;18:00;CET;6,446
31.01.2021;18:00;CET;19:00;CET;6,388
31.01.2021;19:00;CET;20:00;CET;6,235
31.01.2021;20:00;CET;21:00;CET;5,799
31.01.2021;21:00;CET;22:00;CET;5,134
31.01.2021;22:00;CET;23:00;CET;4,928
31.01.2021;23:00;CET;00:00;CET;4,536
01.02.2021;00:00;CET;01:00;CET;4,118
01.02.2021;01:00;CET;02:00;CET;4
01.02.2021;02:00;CET;03:00;CET;4
01.02.2021;03:00;CET;04:00;CET;3,851
01.02.2021;04:00;CET;05:00;CET;3,648
01.02.2021;05:00;CET;06:00;CET;3,999
01.02.2021;06:00;CET;07:00;CET;5,394
01.02.2021;07:00;CET;08:00;CET;6,339
01.02.2021;08:00;CET;09:00;CET;6,481
01.02.2021;09:00;CET;10:00;CET;6,51
01.02.2021;10:00;CET;11:00;CET;6,466
01.02.2021;11:00;CET;12:00;CET;6,557
01.02.2021;12:00;CET;13:00;CET;6,446
01.02.2021;13:00;CET;14:00;CET;6,476
01.02.2021;14:00;CET;15:00;CET;6,4
01.02.2021;15:00;CET;16:00;CET;6,33
01.02.2021;16:00;CET;17:00;CET;6,426
01.02.2021;17:00;CET;18:00;CET;7,017
01.02.2021;18:00;CET;19:00;CET;8,158
01.02.2021;19:00;CET;20:00;CET;6,99
01.02.2021;20:00;CET;21:00;CET;6,229
01.02.2021;21:00;CET;22:00;CET;5,636
01.02.2021;22:00;CET;23:00;CET;5,525
01.02.2021;23:00;CET;00:00;CET;4,94
02.02.2021;00:00;CET;01:00;CET;4,613
02.02.2021;01:00;CET;02:00;CET;4,505
02.02.2021;02:00;CET;03:00;CET;4,359
02.02.2021;03:00;CET;04:00;CET;4,208
02.02.2021;04:00;CET;05:00;CET;4,398
02.02.2021;05:00;CET;06:00;CET;4,609
02.02.2021;06:00;CET;07:00;CET;5,817
02.02.2021;07:00;CET;08:00;CET;6,334
02.02.2021;08:00;CET;09:00;CET;7,813
02.02.2021;09:00;CET;10:00;CET;6,946
02.02.2021;10:00;CET;11:00;CET;6,628
02.02.2021;11:00;CET;12:00;CET;6,517
02.02.2021;12:00;CET;13:00;CET;6,147
02.02.2021;13:00;CET;14:00;CET;6,104
02.02.2021;14:00;CET;15:00;CET;5,947
02.02.2021;15:00;CET;16:00;CET;5,445
02.02.2021;16:00;CET;17:00;CET;4,797
02.02.2021;17:00;CET;18:00;CET;5,814
02.02.2021;18:00;CET;19:00;CET;5,818
02.02.2021;19:00;CET;20:00;CET;5,806
02.02.2021;20:00;CET;21:00;CET;4,996
02.02.2021;21:00;CET;22:00;CET;4,747
02.02.2021;22:00;CET;23:00;CET;4,654
02.02.2021;23:00;CET;00:00;CET;4,062
03.02.2021;00:00;CET;01:00;CET;3,558
03.02.2021;01:00;CET;02:00;CET;3,141
03.02.2021;02:00;CET;03:00;CET;3,078
03.02.2021;03:00;CET;04:00;CET;2,999
03.02.2021;04:00;CET;05:00;CET;3,176
03.02.2021;05:00;CET;06:00;CET;3,791
03.02.2021;06:00;CET;07:00;CET;4,12
03.02.2021;07:00;CET;08:00;CET;5,591
03.02.2021;08:00;CET;09:00;CET;5,608
03.02.2021;09:00;CET;10:00;CET;5,608
03.02.2021;10:00;CET;11:00;CET;5,403
03.02.2021;11:00;CET;12:00;CET;5,697
03.02.2021;12:00;CET;13:00;CET;5,431
03.02.2021;13:00;CET;14:00;CET;5,179
03.02.2021;14:00;CET;15:00;CET;4,592
03.02.2021;15:00;CET;16:00;CET;4,362
03.02.2021;16:00;CET;17:00;CET;4,201
03.02.2021;17:00;CET;18:00;CET;4,801
03.02.2021;18:00;CET;19:00;CET;5,325
03.02.2021;19:00;CET;20:00;CET;5,086
03.02.2021;20:00;CET;21:00;CET;4,371
03.02.2021;21:00;CET;22:00;CET;4,179
03.02.2021;22:00;CET;23:00;CET;4,015
03.02.2021;23:00;CET;00:00;CET;3,551
04.02.2021;00:00;CET;01:00;CET;3,387
04.02.2021;01:00;CET;02:00;CET;3,339
04.02.2021;02:00;CET;03:00;CET;3,289
04.02.2021;03:00;CET;04:00;CET;3,199
04.02.2021;04:00;CET;05:00;CET;3,52
04.02.2021;05:00;CET;06:00;CET;3,937
04.02.2021;06:00;CET;07:00;CET;4,832
04.02.2021;07:00;CET;08:00;CET;5,715
04.02.2021;08:00;CET;09:00;CET;5,919
04.02.2021;09:00;CET;10:00;CET;5,77
04.02.2021;10:00;CET;11:00;CET;5,494
04.02.2021;11:00;CET;12:00;CET;5,643
04.02.2021;12:00;CET;13:00;CET;5,609
04.02.2021;13:00;CET;14:00;CET;5,569
04.02.2021;14:00;CET;15:00;CET;5,656
04.02.2021;15:00;CET;16:00;CET;5,819
04.02.2021;16:00;CET;17:00;CET;5,942
04.02.2021;17:00;CET;18:00;CET;7,15
04.02.2021;18:00;CET;19:00;CET;7,15
04.02.2021;19:00;CET;20:00;CET;6,751
04.02.2021;20:00;CET;21:00;CET;5,939
04.02.2021;21:00;CET;22:00;CET;5,378
04.02.2021;22:00;CET;23:00;CET;5,27
04.02.2021;23:00;CET;00:00;CET;4,622
05.02.2021;00:00;CET;01:00;CET;4,557
05.02.2021;01:00;CET;02:00;CET;4,401
05.02.2021;02:00;CET;03:00;CET;4,224
05.02.2021;03:00;CET;04:00;CET;4,12
05.02.2021;04:00;CET;05:00;CET;4,052
05.02.2021;05:00;CET;06:00;CET;4,336
05.02.2021;06:00;CET;07:00;CET;5,043
05.02.2021;07:00;CET;08:00;CET;5,865
05.02.2021;08:00;CET;09:00;CET;6,202
05.02.2021;09:00;CET;10:00;CET;6,103
05.02.2021;10:00;CET;11:00;CET;5,954
05.02.2021;11:00;CET;12:00;CET;5,854
05.02.2021;12:00;CET;13:00;CET;5,79
05.02.2021;13:00;CET;14:00;CET;5,451
05.02.2021;14:00;CET;15:00;CET;5
05.02.2021;15:00;CET;16:00;CET;4,8
05.02.2021;16:00;CET;17:00;CET;4,969
05.02.2021;17:00;CET;18:00;CET;5,692
05.02.2021;18:00;CET;19:00;CET;5,863
05.02.2021;19:00;CET;20:00;CET;5,746
05.02.2021;20:00;CET;21:00;CET;5,11
05.02.2021;21:00;CET;22:00;CET;4,989
05.02.2021;22:00;CET;23:00;CET;4,849
05.02.2021;23:00;CET;00:00;CET;4,358
06.02.2021;00:00;CET;01:00;CET;4,068
06.02.2021;01:00;CET;02:00;CET;3,9
06.02.2021;02:00;CET;03:00;CET;3,833
06.02.2021;03:00;CET;04:00;CET;3,508
06.02.2021;04:00;CET;05:00;CET;3,49
06.02.2021;05:00;CET;06:00;CET;3,507
06.02.2021;06:00;CET;07:00;CET;3,52
06.02.2021;07:00;CET;08:00;CET;3,693
06.02.2021;08:00;CET;09:00;CET;4,189
06.02.2021;09:00;CET;10:00;CET;4,315
06.02.2021;10:00;CET;11:00;CET;4,35
06.02.2021;11:00;CET;12:00;CET;4,347
06.02.2021;12:00;CET;13:00;CET;4,114
06.02.2021;13:00;CET;14:00;CET;3,546
06.02.2021;14:00;CET;15:00;CET;3,537
06.02.2021;15:00;CET;16:00;CET;3,313
06.02.2021;16:00;CET;17:00;CET;3,092
06.02.2021;17:00;CET;18:00;CET;3,944
06.02.2021;18:00;CET;19:00;CET;4,395
06.02.2021;19:00;CET;20:00;CET;4,298
06.02.2021;20:00;CET;21:00;CET;3,531
06.02.2021;21:00;CET;22:00;CET;3,029
06.02.2021;22:00;CET;23:00;CET;2,603
06.02.2021;23:00;CET;00:00;CET;1,194
07.02.2021;00:00;CET;01:00;CET;-0,124
07.02.2021;01:00;CET;02:00;CET;-0,159
07.02.2021;02:00;CET;03:00;CET;-0,002
07.02.2021;03:00;CET;04:00;CET;-0,004
07.02.2021;04:00;CET;05:00;CET;-0,201
07.02.2021;05:00;CET;06:00;CET;-0,009
07.02.2021;06:00;CET;07:00;CET;-0,384
07.02.2021;07:00;CET;08:00;CET;-0,009
07.02.2021;08:00;CET;09:00;CET;-0,238
07.02.2021;09:00;CET;10:00;CET;1,203
07.02.2021;10:00;CET;11:00;CET;2,856
07.02.2021;11:00;CET;12:00;CET;3,702
07.02.2021;12:00;CET;13:00;CET;3,732
07.02.2021;13:00;CET;14:00;CET;2,697
07.02.2021;14:00;CET;15:00;CET;1,653
07.02.2021;15:00;CET;16:00;CET;2,092
07.02.2021;16:00;CET;17:00;CET;2,817
07.02.2021;17:00;CET;18:00;CET;3,914
07.02.2021;18:00;CET;19:00;CET;4,344
07.02.2021;19:00;CET;20:00;CET;4,071
07.02.2021;20:00;CET;21:00;CET;3,705
07.02.2021;21:00;CET;22:00;CET;3,655
07.02.2021;22:00;CET;23:00;CET;3,989
07.02.2021;23:00;CET;00:00;CET;3,205
08.02.2021;00:00;CET;01:00;CET;0,769
08.02.2021;01:00;CET;02:00;CET;0,459
08.02.2021;02:00;CET;03:00;CET;1,405
08.02.2021;03:00;CET;04:00;CET;1,279
08.02.2021;04:00;CET;05:00;CET;0,009
08.02.2021;05:00;CET;06:00;CET;2,054
08.02.2021;06:00;CET;07:00;CET;4,397
08.02.2021;07:00;CET;08:00;CET;5,563
08.02.2021;08:00;CET;09:00;CET;5,814
08.02.2021;09:00;CET;10:00;CET;5,675
08.02.2021;10:00;CET;11:00;CET;5,588
08.02.2021;11:00;CET;12:00;CET;5,722
08.02.2021;12:00;CET;13:00;CET;5,558
08.02.2021;13:00;CET;14:00;CET;5,55
08.02.2021;14:00;CET;15:00;CET;4,888
08.02.2021;15:00;CET;16:00;CET;5,496
08.02.2021;16:00;CET;17:00;CET;5,506
08.02.2021;17:00;CET;18:00;CET;6,145
08.02.2021;18:00;CET;19:00;CET;6,432
08.02.2021;19:00;CET;20:00;CET;6,162
08.02.2021;20:00;CET;21:00;CET;5,556
08.02.2021;21:00;CET;22:00;CET;4,983
08.02.2021;22:00;CET;23:00;CET;4,905
08.02.2021;23:00;CET;00:00;CET;4,529
09.02.2021;00:00;CET;01:00;CET;4,775
09.02.2021;01:00;CET;02:00;CET;4,702
09.02.2021;02:00;CET;03:00;CET;4,666
09.02.2021;03:00;CET;04:00;CET;4,605
09.02.2021;04:00;CET;05:00;CET;4,64
09.02.2021;05:00;CET;06:00;CET;4,797
09.02.2021;06:00;CET;07:00;CET;5,816
09.02.2021;07:00;CET;08:00;CET;7,298
09.02.2021;08:00;CET;09:00;CET;8,064
09.02.2021;09:00;CET;10:00;CET;8,085
09.02.2021;10:00;CET;11:00;CET;7,998
09.02.2021;11:00;CET;12:00;CET;7,551
09.02.2021;12:00;CET;13:00;CET;6,989
09.02.2021;13:00;CET;14:00;CET;7,026
09.02.2021;14:00;CET;15:00;CET;7,037
09.02.2021;15:00;CET;16:00;CET;7,182
09.02.2021;16:00;CET;17:00;CET;7,102
09.02.2021;17:00;CET;18:00;CET;7,906
09.02.2021;18:00;CET;19:00;CET;8
09.02.2021;19:00;CET;20:00;CET;7,4
09.02.2021;20:00;CET;21:00;CET;6,495
09.02.2021;21:00;CET;22:00;CET;5,662
09.02.2021;22:00;CET;23:00;CET;5,567
09.02.2021;23:00;CET;00:00;CET;5,009
10.02.2021;00:00;CET;01:00;CET;5,15
10.02.2021;01:00;CET;02:00;CET;4,955
10.02.2021;02:00;CET;03:00;CET;4,835
10.02.2021;03:00;CET;04:00;CET;4,75
10.02.2021;04:00;CET;05:00;CET;4,768
10.02.2021;05:00;CET;06:00;CET;4,92
10.02.2021;06:00;CET;07:00;CET;6
10.02.2021;07:00;CET;08:00;CET;7,638
10.02.2021;08:00;CET;09:00;CET;9,233
10.02.2021;09:00;CET;10:00;CET;9,862
10.02.2021;10:00;CET;11:00;CET;9,368
10.02.2021;11:00;CET;12:00;CET;8,832
10.02.2021;12:00;CET;13:00;CET;7,999
10.02.2021;13:00;CET;14:00;CET;7,591
10.02.2021;14:00;CET;15:00;CET;7,496
10.02.2021;15:00;CET;16:00;CET;7,619
10.02.2021;16:00;CET;17:00;CET;8,018
10.02.2021;17:00;CET;18:00;CET;9,415
10.02.2021;18:00;CET;19:00;CET;10,986
10.02.2021;19:00;CET;20:00;CET;8,809
10.02.2021;20:00;CET;21:00;CET;7,326
10.02.2021;21:00;CET;22:00;CET;6,419
10.02.2021;22:00;CET;23:00;CET;5,865
10.02.2021;23:00;CET;00:00;CET;5,445
11.02.2021;00:00;CET;01:00;CET;5,564
11.02.2021;01:00;CET;02:00;CET;5,313
11.02.2021;02:00;CET;03:00;CET;5,166
11.02.2021;03:00;CET;04:00;CET;5,004
11.02.2021;04:00;CET;05:00;CET;5,002
11.02.2021;05:00;CET;06:00;CET;5,741
11.02.2021;06:00;CET;07:00;CET;7,09
11.02.2021;07:00;CET;08:00;CET;10,395
11.02.2021;08:00;CET;09:00;CET;13,671
11.02.2021;09:00;CET;10:00;CET;13,319
11.02.2021;10:00;CET;11:00;CET;9,814
11.02.2021;11:00;CET;12:00;CET;9,152
11.02.2021;12:00;CET;13:00;CET;8,052
11.02.2021;13:00;CET;14:00;CET;7,27
11.02.2021;14:00;CET;15:00;CET;7,04
11.02.2021;15:00;CET;16:00;CET;7,193
11.02.2021;16:00;CET;17:00;CET;7,787
11.02.2021;17:00;CET;18:00;CET;9,514
11.02.2021;18:00;CET;19:00;CET;13,353
11.02.2021;19:00;CET;20:00;CET;9,931
11.02.2021;20:00;CET;21:00;CET;7,433
11.02.2021;21:00;CET;22:00;CET;6,23
11.02.2021;22:00;CET;23:00;CET;5,91
11.02.2021;23:00;CET;00:00;CET;5,369
12.02.2021;00:00;CET;01:00;CET;5,105
12.02.2021;01:00;CET;02:00;CET;4,909
12.02.2021;02:00;CET;03:00;CET;4,922
12.02.2021;03:00;CET;04:00;CET;4,814
12.02.2021;04:00;CET;05:00;CET;4,777
12.02.2021;05:00;CET;06:00;CET;4,917
12.02.2021;06:00;CET;07:00;CET;6,29
12.02.2021;07:00;CET;08:00;CET;7,52
12.02.2021;08:00;CET;09:00;CET;7,946
12.02.2021;09:00;CET;10:00;CET;8,081
12.02.2021;10:00;CET;11:00;CET;7,608
12.02.2021;11:00;CET;12:00;CET;7,41
12.02.2021;12:00;CET;13:00;CET;6,933
12.02.2021;13:00;CET;14:00;CET;5,699
12.02.2021;14:00;CET;15:00;CET;5,74
12.02.2021;15:00;CET;16:00;CET;5,816
12.02.2021;16:00;CET;17:00;CET;6,573
12.02.2021;17:00;CET;18:00;CET;7,124
12.02.2021;18:00;CET;19:00;CET;7,995
12.02.2021;19:00;CET;20:00;CET;7,014
12.02.2021;20:00;CET;21:00;CET;6,126
12.02.2021;21:00;CET;22:00;CET;5,548
12.02.2021;22:00;CET;23:00;CET;5,401
12.02.2021;23:00;CET;00:00;CET;4,854
13.02.2021;00:00;CET;01:00;CET;4,807
13.02.2021;01:00;CET;02:00;CET;4,714
13.02.2021;02:00;CET;03:00;CET;4,702
13.02.2021;03:00;CET;04:00;CET;4,558
13.02.2021;04:00;CET;05:00;CET;4,468
13.02.2021;05:00;CET;06:00;CET;4,542
13.02.2021;06:00;CET;07:00;CET;4,572
13.02.2021;07:00;CET;08:00;CET;4,887
13.02.2021;08:00;CET;09:00;CET;6,002
13.02.2021;09:00;CET;10:00;CET;6,454
13.02.2021;10:00;CET;11:00;CET;6,267
13.02.2021;11:00;CET;12:00;CET;5,871
13.02.2021;12:00;CET;13:00;CET;5,006
13.02.2021;13:00;CET;14:00;CET;4,716
13.02.2021;14:00;CET;15:00;CET;4,707
13.02.2021;15:00;CET;16:00;CET;4,834
13.02.2021;16:00;CET;17:00;CET;5,479
13.02.2021;17:00;CET;18:00;CET;6,438
13.02.2021;18:00;CET;19:00;CET;7,296
13.02.2021;19:00;CET;20:00;CET;6,9
13.02.2021;20:00;CET;21:00;CET;5,849
13.02.2021;21:00;CET;22:00;CET;5,092
13.02.2021;22:00;CET;23:00;CET;4,924
13.02.2021;23:00;CET;00:00;CET;4,634
14.02.2021;00:00;CET;01:00;CET;4,572
14.02.2021;01:00;CET;02:00;CET;4,461
14.02.2021;02:00;CET;03:00;CET;4,36
14.02.2021;03:00;CET;04:00;CET;4,29
14.02.2021;04:00;CET;05:00;CET;4,237
14.02.2021;05:00;CET;06:00;CET;4,214
14.02.2021;06:00;CET;07:00;CET;4,253
14.02.2021;07:00;CET;08:00;CET;4,361
14.02.2021;08:00;CET;09:00;CET;4,597
14.02.2021;09:00;CET;10:00;CET;4,64
14.02.2021;10:00;CET;11:00;CET;4,613
14.02.2021;11:00;CET;12:00;CET;4,569
14.02.2021;12:00;CET;13:00;CET;4,428
14.02.2021;13:00;CET;14:00;CET;4,254
14.02.2021;14:00;CET;15:00;CET;4,15
14.02.2021;15:00;CET;16:00;CET;4,278
14.02.2021;16:00;CET;17:00;CET;4,5
14.02.2021;17:00;CET;18:00;CET;5,397
14.02.2021;18:00;CET;19:00;CET;6,22
14.02.2021;19:00;CET;20:00;CET;5,71
14.02.2021;20:00;CET;21:00;CET;4,834
14.02.2021;21:00;CET;22:00;CET;4,389
14.02.2021;22:00;CET;23:00;CET;4,527
14.02.2021;23:00;CET;00:00;CET;4,28
15.02.2021;00:00;CET;01:00;CET;3,846
15.02.2021;01:00;CET;02:00;CET;3,716
15.02.2021;02:00;CET;03:00;CET;3,707
15.02.2021;03:00;CET;04:00;CET;3,423
15.02.2021;04:00;CET;05:00;CET;3,129
15.02.2021;05:00;CET;06:00;CET;3,925
15.02.2021;06:00;CET;07:00;CET;4,666
15.02.2021;07:00;CET;08:00;CET;6,04
15.02.2021;08:00;CET;09:00;CET;6,248
15.02.2021;09:00;CET;10:00;CET;6,1
15.02.2021;10:00;CET;11:00;CET;5,807
15.02.2021;11:00;CET;12:00;CET;6,002
15.02.2021;12:00;CET;13:00;CET;5,79
15.02.2021;13:00;CET;14:00;CET;5,509
15.02.2021;14:00;CET;15:00;CET;5,028
15.02.2021;15:00;CET;16:00;CET;4,914
15.02.2021;16:00;CET;17:00;CET;5,102
15.02.2021;17:00;CET;18:00;CET;5,795
15.02.2021;18:00;CET;19:00;CET;6,805
15.02.2021;19:00;CET;20:00;CET;6,24
15.02.2021;20:00;CET;21:00;CET;5,566
15.02.2021;21:00;CET;22:00;CET;4,82
15.02.2021;22:00;CET;23:00;CET;5,001
15.02.2021;23:00;CET;00:00;CET;4,611
16.02.2021;00:00;CET;01:00;CET;4,629
16.02.2021;01:00;CET;02:00;CET;4,428
16.02.2021;02:00;CET;03:00;CET;4,352
16.02.2021;03:00;CET;04:00;CET;4,222
16.02.2021;04:00;CET;05:00;CET;4,235
16.02.2021;05:00;CET;06:00;CET;4,497
16.02.2021;06:00;CET;07:00;CET;5,044
16.02.2021;07:00;CET;08:00;CET;6,343
16.02.2021;08:00;CET;09:00;CET;6,764
16.02.2021;09:00;CET;10:00;CET;6,885
16.02.2021;10:00;CET;11:00;CET;6,355
16.02.2021;11:00;CET;12:00;CET;6,385
16.02.2021;12:00;CET;13:00;CET;5,943
16.02.2021;13:00;CET;14:00;CET;5,566
16.02.2021;14:00;CET;15:00;CET;4,838
16.02.2021;15:00;CET;16:00;CET;4,623
16.02.2021;16:00;CET;17:00;CET;4,705
16.02.2021;17:00;CET;18:00;CET;5,477
16.02.2021;18:00;CET;19:00;CET;6,27
16.02.2021;19:00;CET;20:00;CET;5,527
16.02.2021;20:00;CET;21:00;CET;4,886
16.02.2021;21:00;CET;22:00;CET;4,824
16.02.2021;22:00;CET;23:00;CET;4,738
16.02.2021;23:00;CET;00:00;CET;4,305
17.02.2021;00:00;CET;01:00;CET;4,201
17.02.2021;01:00;CET;02:00;CET;4,136
17.02.2021;02:00;CET;03:00;CET;4
17.02.2021;03:00;CET;04:00;CET;3,74
17.02.2021;04:00;CET;05:00;CET;3,804
17.02.2021;05:00;CET;06:00;CET;3,869
17.02.2021;06:00;CET;07:00;CET;4,061
17.02.2021;07:00;CET;08:00;CET;5,212
17.02.2021;08:00;CET;09:00;CET;6,008
17.02.2021;09:00;CET;10:00;CET;6,119
17.02.2021;10:00;CET;11:00;CET;5,639
17.02.2021;11:00;CET;12:00;CET;5,18
17.02.2021;12:00;CET;13:00;CET;4,646
17.02.2021;13:00;CET;14:00;CET;4,394
17.02.2021;14:00;CET;15:00;CET;4,533
17.02.2021;15:00;CET;16:00;CET;4,62
17.02.2021;16:00;CET;17:00;CET;5,38
17.02.2021;17:00;CET;18:00;CET;6,1
17.02.2021;18:00;CET;19:00;CET;7,127
17.02.2021;19:00;CET;20:00;CET;6,573
17.02.2021;20:00;CET;21:00;CET;5,76
17.02.2021;21:00;CET;22:00;CET;4,837
17.02.2021;22:00;CET;23:00;CET;4,758
17.02.2021;23:00;CET;00:00;CET;4,499
18.02.2021;00:00;CET;01:00;CET;4,226
18.02.2021;01:00;CET;02:00;CET;4,101
18.02.2021;02:00;CET;03:00;CET;3,91
18.02.2021;03:00;CET;04:00;CET;3,877
18.02.2021;04:00;CET;05:00;CET;3,778
18.02.2021;05:00;CET;06:00;CET;4,005
18.02.2021;06:00;CET;07:00;CET;4,596
18.02.2021;07:00;CET;08:00;CET;6,016
18.02.2021;08:00;CET;09:00;CET;6,19
18.02.2021;09:00;CET;10:00;CET;5,915
18.02.2021;10:00;CET;11:00;CET;5,096
18.02.2021;11:00;CET;12:00;CET;4,846
18.02.2021;12:00;CET;13:00;CET;4,538
18.02.2021;13:00;CET;14:00;CET;4,353
18.02.2021;14:00;CET;15:00;CET;4,361
18.02.2021;15:00;CET;16:00;CET;4,264
18.02.2021;16:00;CET;17:00;CET;4,349
18.02.2021;17:00;CET;18:00;CET;4,76
18.02.2021;18:00;CET;19:00;CET;5,4
18.02.2021;19:00;CET;20:00;CET;4,838
18.02.2021;20:00;CET;21:00;CET;4,2
18.02.2021;21:00;CET;22:00;CET;3,942
18.02.2021;22:00;CET;23:00;CET;3,759
18.02.2021;23:00;CET;00:00;CET;3,641
19.02.2021;00:00;CET;01:00;CET;3,71
19.02.2021;01:00;CET;02:00;CET;3,702
19.02.2021;02:00;CET;03:00;CET;3,694
19.02.2021;03:00;CET;04:00;CET;3,603
19.02.2021;04:00;CET;05:00;CET;3,67
19.02.2021;05:00;CET;06:00;CET;3,896
19.02.2021;06:00;CET;07:00;CET;4,363
19.02.2021;07:00;CET;08:00;CET;5,594
19.02.2021;08:00;CET;09:00;CET;6,039
19.02.2021;09:00;CET;10:00;CET;5,8
19.02.2021;10:00;CET;11:00;CET;5,27
19.02.2021;11:00;CET;12:00;CET;4,762
19.02.2021;12:00;CET;13:00;CET;4,618
19.02.2021;13:00;CET;14:00;CET;4,34
19.02.2021;14:00;CET;15:00;CET;4,359
19.02.2021;15:00;CET;16:00;CET;4,992
19.02.2021;16:00;CET;17:00;CET;5,684
19.02.2021;17:00;CET;18:00;CET;6,099
19.02.2021;18:00;CET;19:00;CET;6,253
19.02.2021;19:00;CET;20:00;CET;5,797
19.02.2021;20:00;CET;21:00;CET;4,904
19.02.2021;21:00;CET;22:00;CET;4,586
19.02.2021;22:00;CET;23:00;CET;4,606
19.02.2021;23:00;CET;00:00;CET;4,168
20.02.2021;00:00;CET;01:00;CET;3,951
20.02.2021;01:00;CET;02:00;CET;3,766
20.02.2021;02:00;CET;03:00;CET;3,635
20.02.2021;03:00;CET;04:00;CET;3,502
20.02.2021;04:00;CET;05:00;CET;3,502
20.02.2021;05:00;CET;06:00;CET;3,295
20.02.2021;06:00;CET;07:00;CET;3,507
20.02.2021;07:00;CET;08:00;CET;3,701
20.02.2021;08:00;CET;09:00;CET;3,895
20.02.2021;09:00;CET;10:00;CET;3,825
20.02.2021;10:00;CET;11:00;CET;3,353
20.02.2021;11:00;CET;12:00;CET;3,045
20.02.2021;12:00;CET;13:00;CET;2,918
20.02.2021;13:00;CET;14:00;CET;2,311
20.02.2021;14:00;CET;15:00;CET;2,036
20.02.2021;15:00;CET;16:00;CET;2,716
20.02.2021;16:00;CET;17:00;CET;3,631
20.02.2021;17:00;CET;18:00;CET;4,065
20.02.2021;18:00;CET;19:00;CET;4,491
20.02.2021;19:00;CET;20:00;CET;4,082
20.02.2021;20:00;CET;21:00;CET;3,53
20.02.2021;21:00;CET;22:00;CET;2,697
20.02.2021;22:00;CET;23:00;CET;3,208
20.02.2021;23:00;CET;00:00;CET;3,051
21.02.2021;00:00;CET;01:00;CET;1,911
21.02.2021;01:00;CET;02:00;CET;1,695
21.02.2021;02:00;CET;03:00;CET;2,311
21.02.2021;03:00;CET;04:00;CET;1,344
21.02.2021;04:00;CET;05:00;CET;1,218
21.02.2021;05:00;CET;06:00;CET;1,891
21.02.2021;06:00;CET;07:00;CET;1,913
21.02.2021;07:00;CET;08:00;CET;2,901
21.02.2021;08:00;CET;09:00;CET;3,136
21.02.2021;09:00;CET;10:00;CET;3,458
21.02.2021;10:00;CET;11:00;CET;3,145
21.02.2021;11:00;CET;12:00;CET;3,208
21.02.2021;12:00;CET;13:00;CET;3,268
21.02.2021;13:00;CET;14:00;CET;2,547
21.02.2021;14:00;CET;15:00;CET;2,576
21.02.2021;15:00;CET;16:00;CET;3,509
21.02.2021;16:00;CET;17:00;CET;4,342
21.02.2021;17:00;CET;18:00;CET;5,518
21.02.2021;18:00;CET;19:00;CET;5,806
21.02.2021;19:00;CET;20:00;CET;5,661
21.02.2021;20:00;CET;21:00;CET;5,011
21.02.2021;21:00;CET;22:00;CET;4,194
21.02.2021;22:00;CET;23:00;CET;4,387
21.02.2021;23:00;CET;00:00;CET;4,064
22.02.2021;00:00;CET;01:00;CET;4,004
22.02.2021;01:00;CET;02:00;CET;3,941
22.02.2021;02:00;CET;03:00;CET;3,801
22.02.2021;03:00;CET;04:00;CET;3,777
22.02.2021;04:00;CET;05:00;CET;3,722
22.02.2021;05:00;CET;06:00;CET;3,929
22.02.2021;06:00;CET;07:00;CET;4,949
22.02.2021;07:00;CET;08:00;CET;5,785
22.02.2021;08:00;CET;09:00;CET;5,899
22.02.2021;09:00;CET;10:00;CET;5,504
22.02.2021;10:00;CET;11:00;CET;4,688
22.02.2021;11:00;CET;12:00;CET;4,552
22.02.2021;12:00;CET;13:00;CET;4,452
22.02.2021;13:00;CET;14:00;CET;4,359
22.02.2021;14:00;CET;15:00;CET;4,475
22.02.2021;15:00;CET;16:00;CET;5,197
22.02.2021;16:00;CET;17:00;CET;5,924
22.02.2021;17:00;CET;18:00;CET;6,66
22.02.2021;18:00;CET;19:00;CET;7,29
22.02.2021;19:00;CET;20:00;CET;6,568
22.02.2021;20:00;CET;21:00;CET;5,797
22.02.2021;21:00;CET;22:00;CET;5,19
22.02.2021;22:00;CET;23:00;CET;4,9
22.02.2021;23:00;CET;00:00;CET;4,406
23.02.2021;00:00;CET;01:00;CET;4,171
23.02.2021;01:00;CET;02:00;CET;4,013
23.02.2021;02:00;CET;03:00;CET;3,917
23.02.2021;03:00;CET;04:00;CET;3,773
23.02.2021;04:00;CET;05:00;CET;3,763
23.02.2021;05:00;CET;06:00;CET;3,906
23.02.2021;06:00;CET;07:00;CET;4,316
23.02.2021;07:00;CET;08:00;CET;5,695
23.02.2021;08:00;CET;09:00;CET;5,922
23.02.2021;09:00;CET;10:00;CET;5,62
23.02.2021;10:00;CET;11:00;CET;4,987
23.02.2021;11:00;CET;12:00;CET;4,186
23.02.2021;12:00;CET;13:00;CET;3,99
23.02.2021;13:00;CET;14:00;CET;3,89
23.02.2021;14:00;CET;15:00;CET;3,9
23.02.2021;15:00;CET;16:00;CET;3,974
23.02.2021;16:00;CET;17:00;CET;4,737
23.02.2021;17:00;CET;18:00;CET;5,945
23.02.2021;18:00;CET;19:00;CET;5,837
23.02.2021;19:00;CET;20:00;CET;5,803
23.02.2021;20:00;CET;21:00;CET;5,129
23.02.2021;21:00;CET;22:00;CET;4,396
23.02.2021;22:00;CET;23:00;CET;4,01
23.02.2021;23:00;CET;00:00;CET;3,522
24.02.2021;00:00;CET;01:00;CET;2,062
24.02.2021;01:00;CET;02:00;CET;2,039
24.02.2021;02:00;CET;03:00;CET;2,282
24.02.2021;03:00;CET;04:00;CET;1,579
24.02.2021;04:00;CET;05:00;CET;1,925
24.02.2021;05:00;CET;06:00;CET;2,194
24.02.2021;06:00;CET;07:00;CET;3,819
24.02.2021;07:00;CET;08:00;CET;4,627
24.02.2021;08:00;CET;09:00;CET;5,338
24.02.2021;09:00;CET;10:00;CET;4,389
24.02.2021;10:00;CET;11:00;CET;3,802
24.02.2021;11:00;CET;12:00;CET;3,604
24.02.2021;12:00;CET;13:00;CET;3,343
24.02.2021;13:00;CET;14:00;CET;3,383
24.02.2021;14:00;CET;15:00;CET;3,603
24.02.2021;15:00;CET;16:00;CET;4,078
24.02.2021;16:00;CET;17:00;CET;4,618
24.02.2021;17:00;CET;18:00;CET;5,51
24.02.2021;18:00;CET;19:00;CET;6,093
24.02.2021;19:00;CET;20:00;CET;5,731
24.02.2021;20:00;CET;21:00;CET;5,109
24.02.2021;21:00;CET;22:00;CET;4,359
24.02.2021;22:00;CET;23:00;CET;4,362
24.02.2021;23:00;CET;00:00;CET;3,67
25.02.2021;00:00;CET;01:00;CET;3,557
25.02.2021;01:00;CET;02:00;CET;3,508
25.02.2021;02:00;CET;03:00;CET;3,449
25.02.2021;03:00;CET;04:00;CET;3,33
25.02.2021;04:00;CET;05:00;CET;3,507
25.02.2021;05:00;CET;06:00;CET;3,866
25.02.2021;06:00;CET;07:00;CET;4,31
25.02.2021;07:00;CET;08:00;CET;5,444
25.02.2021;08:00;CET;09:00;CET;5,39
25.02.2021;09:00;CET;10:00;CET;4,981
25.02.2021;10:00;CET;11:00;CET;4,212
25.02.2021;11:00;CET;12:00;CET;4,148
25.02.2021;12:00;CET;13:00;CET;4,086
25.02.2021;13:00;CET;14:00;CET;4,013
25.02.2021;14:00;CET;15:00;CET;4,24
25.02.2021;15:00;CET;16:00;CET;4,623
25.02.2021;16:00;CET;17:00;CET;5,107
25.02.2021;17:00;CET;18:00;CET;5,573
25.02.2021;18:00;CET;19:00;CET;6,49
25.02.2021;19:00;CET;20:00;CET;6,573
25.02.2021;20:00;CET;21:00;CET;5,691
25.02.2021;21:00;CET;22:00;CET;5,35
25.02.2021;22:00;CET;23:00;CET;4,844
25.02.2021;23:00;CET;00:00;CET;4,5
26.02.2021;00:00;CET;01:00;CET;4,51
26.02.2021;01:00;CET;02:00;CET;4,18
26.02.2021;02:00;CET;03:00;CET;4,099
26.02.2021;03:00;CET;04:00;CET;4,024
26.02.2021;04:00;CET;05:00;CET;4,07
26.02.2021;05:00;CET;06:00;CET;4,273
26.02.2021;06:00;CET;07:00;CET;5,439
26.02.2021;07:00;CET;08:00;CET;6,054
26.02.2021;08:00;CET;09:00;CET;6,085
26.02.2021;09:00;CET;10:00;CET;5,551
26.02.2021;10:00;CET;11:00;CET;5,06
26.02.2021;11:00;CET;12:00;CET;4,448
26.02.2021;12:00;CET;13:00;CET;4,194
26.02.2021;13:00;CET;14:00;CET;4,019
26.02.2021;14:00;CET;15:00;CET;3,9
26.02.2021;15:00;CET;16:00;CET;4,014
26.02.2021;16:00;CET;17:00;CET;4,316
26.02.2021;17:00;CET;18:00;CET;5,276
26.02.2021;18:00;CET;19:00;CET;5,791
26.02.2021;19:00;CET;20:00;CET;5,753
26.02.2021;20:00;CET;21:00;CET;5,494
26.02.2021;21:00;CET;22:00;CET;4,865
26.02.2021;22:00;CET;23:00;CET;4,628
26.02.2021;23:00;CET;00:00;CET;4,271
27.02.2021;00:00;CET;01:00;CET;4,4
27.02.2021;01:00;CET;02:00;CET;4,049
27.02.2021;02:00;CET;03:00;CET;4,044
27.02.2021;03:00;CET;04:00;CET;3,84
27.02.2021;04:00;CET;05:00;CET;3,909
27.02.2021;05:00;CET;06:00;CET;3,961
27.02.2021;06:00;CET;07:00;CET;4,334
27.02.2021;07:00;CET;08:00;CET;4,869
27.02.2021;08:00;CET;09:00;CET;5,372
27.02.2021;09:00;CET;10:00;CET;5,237
27.02.2021;10:00;CET;11:00;CET;4,562
27.02.2021;11:00;CET;12:00;CET;4,1
27.02.2021;12:00;CET;13:00;CET;3,871
27.02.2021;13:00;CET;14:00;CET;3,685
27.02.2021;14:00;CET;15:00;CET;3,638
27.02.2021;15:00;CET;16:00;CET;3,7
27.02.2021;16:00;CET;17:00;CET;4,107
27.02.2021;17:00;CET;18:00;CET;5,46
27.02.2021;18:00;CET;19:00;CET;5,895
27.02.2021;19:00;CET;20:00;CET;5,75
27.02.2021;20:00;CET;21:00;CET;5,427
27.02.2021;21:00;CET;22:00;CET;4,74
27.02.2021;22:00;CET;23:00;CET;4,605
27.02.2021;23:00;CET;00:00;CET;4,29
28.02.2021;00:00;CET;01:00;CET;4,17
28.02.2021;01:00;CET;02:00;CET;4,01
28.02.2021;02:00;CET;03:00;CET;3,955
28.02.2021;03:00;CET;04:00;CET;3,942
28.02.2021;04:00;CET;05:00;CET;3,848
28.02.2021;05:00;CET;06:00;CET;3,944
28.02.2021;06:00;CET;07:00;CET;4,006
28.02.2021;07:00;CET;08:00;CET;4,1
28.02.2021;08:00;CET;09:00;CET;4,204
28.02.2021;09:00;CET;10:00;CET;4,043
28.02.2021;10:00;CET;11:00;CET;3,89
28.02.2021;11:00;CET;12:00;CET;3,877
28.02.2021;12:00;CET;13:00;CET;3,6
28.02.2021;13:00;CET;14:00;CET;2,724
28.02.2021;14:00;CET;15:00;CET;2,603
28.02.2021;15:00;CET;16:00;CET;3,54
28.02.2021;16:00;CET;17:00;CET;3,797
28.02.2021;17:00;CET;18:00;CET;5,31
28.02.2021;18:00;CET;19:00;CET;5,863
28.02.2021;19:00;CET;20:00;CET;5,928
28.02.2021;20:00;CET;21:00;CET;5,527
28.02.2021;21:00;CET;22:00;CET;4,825
28.02.2021;22:00;CET;23:00;CET;4,906
28.02.2021;23:00;CET;00:00;CET;4,361
01.03.2021;00:00;CET;01:00;CET;4,25
01.03.2021;01:00;CET;02:00;CET;4,096
01.03.2021;02:00;CET;03:00;CET;4,1
01.03.2021;03:00;CET;04:00;CET;4,095
01.03.2021;04:00;CET;05:00;CET;4,08
01.03.2021;05:00;CET;06:00;CET;4,494
01.03.2021;06:00;CET;07:00;CET;5,748
01.03.2021;07:00;CET;08:00;CET;6,509
01.03.2021;08:00;CET;09:00;CET;6,638
01.03.2021;09:00;CET;10:00;CET;5,916
01.03.2021;10:00;CET;11:00;CET;5,24
01.03.2021;11:00;CET;12:00;CET;4,448
01.03.2021;12:00;CET;13:00;CET;4,205
01.03.2021;13:00;CET;14:00;CET;4,007
01.03.2021;14:00;CET;15:00;CET;4,003
01.03.2021;15:00;CET;16:00;CET;4,175
01.03.2021;16:00;CET;17:00;CET;4,615
01.03.2021;17:00;CET;18:00;CET;5,578
01.03.2021;18:00;CET;19:00;CET;6,849
01.03.2021;19:00;CET;20:00;CET;6,499
01.03.2021;20:00;CET;21:00;CET;5,736
01.03.2021;21:00;CET;22:00;CET;5,085
01.03.2021;22:00;CET;23:00;CET;4,805
01.03.2021;23:00;CET;00:00;CET;4,265
02.03.2021;00:00;CET;01:00;CET;4,432
02.03.2021;01:00;CET;02:00;CET;4,389
02.03.2021;02:00;CET;03:00;CET;4,336
02.03.2021;03:00;CET;04:00;CET;4,214
02.03.2021;04:00;CET;05:00;CET;4,21
02.03.2021;05:00;CET;06:00;CET;4,727
02.03.2021;06:00;CET;07:00;CET;5,591
02.03.2021;07:00;CET;08:00;CET;6,607
02.03.2021;08:00;CET;09:00;CET;7,104
02.03.2021;09:00;CET;10:00;CET;5,873
02.03.2021;10:00;CET;11:00;CET;5,102
02.03.2021;11:00;CET;12:00;CET;4,468
02.03.2021;12:00;CET;13:00;CET;4,336
02.03.2021;13:00;CET;14:00;CET;4,379
02.03.2021;14:00;CET;15:00;CET;4,334
02.03.2021;15:00;CET;16:00;CET;4,522
02.03.2021;16:00;CET;17:00;CET;5,32
02.03.2021;17:00;CET;18:00;CET;5,863
02.03.2021;18:00;CET;19:00;CET;7,931
02.03.2021;19:00;CET;20:00;CET;7,862
02.03.2021;20:00;CET;21:00;CET;6,345
02.03.2021;21:00;CET;22:00;CET;5,692
02.03.2021;22:00;CET;23:00;CET;5,548
02.03.2021;23:00;CET;00:00;CET;5,213
03.03.2021;00:00;CET;01:00;CET;4,552
03.03.2021;01:00;CET;02:00;CET;4,472
03.03.2021;02:00;CET;03:00;CET;4,381
03.03.2021;03:00;CET;04:00;CET;4,393
03.03.2021;04:00;CET;05:00;CET;4,407
03.03.2021;05:00;CET;06:00;CET;4,938
03.03.2021;06:00;CET;07:00;CET;5,899
03.03.2021;07:00;CET;08:00;CET;6,704
03.03.2021;08:00;CET;09:00;CET;6,675
03.03.2021;09:00;CET;10:00;CET;5,82
03.03.2021;10:00;CET;11:00;CET;4,951
03.03.2021;11:00;CET;12:00;CET;4,472
03.03.2021;12:00;CET;13:00;CET;4,415
03.03.2021;13:00;CET;14:00;CET;4,276
03.03.2021;14:00;CET;15:00;CET;4,319
03.03.2021;15:00;CET;16:00;CET;4,49
03.03.2021;16:00;CET;17:00;CET;4,698
03.03.2021;17:00;CET;18:00;CET;5,636
03.03.2021;18:00;CET;19:00;CET;6,768
03.03.2021;19:00;CET;20:00;CET;7
03.03.2021;20:00;CET;21:00;CET;6,022
03.03.2021;21:00;CET;22:00;CET;5,474
03.03.2021;22:00;CET;23:00;CET;5,224
03.03.2021;23:00;CET;00:00;CET;4,601
04.03.2021;00:00;CET;01:00;CET;4,812
04.03.2021;01:00;CET;02:00;CET;4,614
04.03.2021;02:00;CET;03:00;CET;4,425
04.03.2021;03:00;CET;04:00;CET;4,339
04.03.2021;04:00;CET;05:00;CET;4,396
04.03.2021;05:00;CET;06:00;CET;4,647
04.03.2021;06:00;CET;07:00;CET;5,58
04.03.2021;07:00;CET;08:00;CET;6,201
04.03.2021;08:00;CET;09:00;CET;6,571
04.03.2021;09:00;CET;10:00;CET;6,493
04.03.2021;10:00;CET;11:00;CET;6,005
04.03.2021;11:00;CET;12:00;CET;5,645
04.03.2021;12:00;CET;13:00;CET;5,5
04.03.2021;13:00;CET;14:00;CET;5,398
04.03.2021;14:00;CET;15:00;CET;5,323
04.03.2021;15:00;CET;16:00;CET;5,349
04.03.2021;16:00;CET;17:00;CET;5,307
04.03.2021;17:00;CET;18:00;CET;5,609
04.03.2021;18:00;CET;19:00;CET;6,213
04.03.2021;19:00;CET;20:00;CET;6,614
04.03.2021;20:00;CET;21:00;CET;5,76
04.03.2021;21:00;CET;22:00;CET;5,31
04.03.2021;22:00;CET;23:00;CET;5,057
04.03.2021;23:00;CET;00:00;CET;4,613
05.03.2021;00:00;CET;01:00;CET;4,563
05.03.2021;01:00;CET;02:00;CET;4,425
05.03.2021;02:00;CET;03:00;CET;4,265
05.03.2021;03:00;CET;04:00;CET;4,203
05.03.2021;04:00;CET;05:00;CET;4,339
05.03.2021;05:00;CET;06:00;CET;4,7
05.03.2021;06:00;CET;07:00;CET;5,731
05.03.2021;07:00;CET;08:00;CET;6,485
05.03.2021;08:00;CET;09:00;CET;6,797
05.03.2021;09:00;CET;10:00;CET;6,518
05.03.2021;10:00;CET;11:00;CET;6,014
05.03.2021;11:00;CET;12:00;CET;5,764
05.03.2021;12:00;CET;13:00;CET;5,501
05.03.2021;13:00;CET;14:00;CET;4,713
05.03.2021;14:00;CET;15:00;CET;4,424
05.03.2021;15:00;CET;16:00;CET;4,58
05.03.2021;16:00;CET;17:00;CET;5,199
05.03.2021;17:00;CET;18:00;CET;5,891
05.03.2021;18:00;CET;19:00;CET;6,416
05.03.2021;19:00;CET;20:00;CET;6,537
05.03.2021;20:00;CET;21:00;CET;5,917
05.03.2021;21:00;CET;22:00;CET;5,534
05.03.2021;22:00;CET;23:00;CET;5,315
05.03.2021;23:00;CET;00:00;CET;4,817
06.03.2021;00:00;CET;01:00;CET;4,8
06.03.2021;01:00;CET;02:00;CET;4,585
06.03.2021;02:00;CET;03:00;CET;4,357
06.03.2021;03:00;CET;04:00;CET;4,08
06.03.2021;04:00;CET;05:00;CET;4,036
06.03.2021;05:00;CET;06:00;CET;4,046
06.03.2021;06:00;CET;07:00;CET;4,145
06.03.2021;07:00;CET;08:00;CET;4,648
06.03.2021;08:00;CET;09:00;CET;4,803
06.03.2021;09:00;CET;10:00;CET;4,561
06.03.2021;10:00;CET;11:00;CET;4,092
06.03.2021;11:00;CET;12:00;CET;3,853
06.03.2021;12:00;CET;13:00;CET;3,743
06.03.2021;13:00;CET;14:00;CET;3,762
06.03.2021;14:00;CET;15:00;CET;3,69
06.03.2021;15:00;CET;16:00;CET;3,857
06.03.2021;16:00;CET;17:00;CET;4,027
06.03.2021;17:00;CET;18:00;CET;4,864
06.03.2021;18:00;CET;19:00;CET;5,602
06.03.2021;19:00;CET;20:00;CET;5,887
06.03.2021;20:00;CET;21:00;CET;5,497
06.03.2021;21:00;CET;22:00;CET;4,889
06.03.2021;22:00;CET;23:00;CET;4,968
06.03.2021;23:00;CET;00:00;CET;4,503
07.03.2021;00:00;CET;01:00;CET;4,525
07.03.2021;01:00;CET;02:00;CET;4,175
07.03.2021;02:00;CET;03:00;CET;4,165
07.03.2021;03:00;CET;04:00;CET;4,344
07.03.2021;04:00;CET;05:00;CET;4,213
07.03.2021;05:00;CET;06:00;CET;4,385
07.03.2021;06:00;CET;07:00;CET;4,524
07.03.2021;07:00;CET;08:00;CET;4,437
07.03.2021;08:00;CET;09:00;CET;3,958
07.03.2021;09:00;CET;10:00;CET;3,758
07.03.2021;10:00;CET;11:00;CET;3,813
07.03.2021;11:00;CET;12:00;CET;3,879
07.03.2021;12:00;CET;13:00;CET;3,855
07.03.2021;13:00;CET;14:00;CET;3,752
07.03.2021;14:00;CET;15:00;CET;3,811
07.03.2021;15:00;CET;16:00;CET;4
07.03.2021;16:00;CET;17:00;CET;4,24
07.03.2021;17:00;CET;18:00;CET;4,767
07.03.2021;18:00;CET;19:00;CET;5,584
07.03.2021;19:00;CET;20:00;CET;6,091
07.03.2021;20:00;CET;21:00;CET;5,677
07.03.2021;21:00;CET;22:00;CET;5,427
07.03.2021;22:00;CET;23:00;CET;5,3
07.03.2021;23:00;CET;00:00;CET;4,899
08.03.2021;00:00;CET;01:00;CET;4,73
08.03.2021;01:00;CET;02:00;CET;4,55
08.03.2021;02:00;CET;03:00;CET;4,448
08.03.2021;03:00;CET;04:00;CET;4,302
08.03.2021;04:00;CET;05:00;CET;4,5
08.03.2021;05:00;CET;06:00;CET;5,006
08.03.2021;06:00;CET;07:00;CET;6,392
08.03.2021;07:00;CET;08:00;CET;7,927
08.03.2021;08:00;CET;09:00;CET;8,666
08.03.2021;09:00;CET;10:00;CET;6,79
08.03.2021;10:00;CET;11:00;CET;5,934
08.03.2021;11:00;CET;12:00;CET;5,773
08.03.2021;12:00;CET;13:00;CET;5,577
08.03.2021;13:00;CET;14:00;CET;5,448
08.03.2021;14:00;CET;15:00;CET;5,415
08.03.2021;15:00;CET;16:00;CET;5,541
08.03.2021;16:00;CET;17:00;CET;5,864
08.03.2021;17:00;CET;18:00;CET;7
08.03.2021;18:00;CET;19:00;CET;10,087
08.03.2021;19:00;CET;20:00;CET;10,371
08.03.2021;20:00;CET;21:00;CET;6,618
08.03.2021;21:00;CET;22:00;CET;5,916
08.03.2021;22:00;CET;23:00;CET;5,687
08.03.2021;23:00;CET;00:00;CET;5,314
09.03.2021;00:00;CET;01:00;CET;4,752
09.03.2021;01:00;CET;02:00;CET;4,666
09.03.2021;02:00;CET;03:00;CET;4,377
09.03.2021;03:00;CET;04:00;CET;4,309
09.03.2021;04:00;CET;05:00;CET;4,359
09.03.2021;05:00;CET;06:00;CET;4,826
09.03.2021;06:00;CET;07:00;CET;6,17
09.03.2021;07:00;CET;08:00;CET;7,34
09.03.2021;08:00;CET;09:00;CET;8,135
09.03.2021;09:00;CET;10:00;CET;7,255
09.03.2021;10:00;CET;11:00;CET;6,302
09.03.2021;11:00;CET;12:00;CET;5,97
09.03.2021;12:00;CET;13:00;CET;5,794
09.03.2021;13:00;CET;14:00;CET;5,647
09.03.2021;14:00;CET;15:00;CET;5,649
09.03.2021;15:00;CET;16:00;CET;5,739
09.03.2021;16:00;CET;17:00;CET;5,705
09.03.2021;17:00;CET;18:00;CET;6,5
09.03.2021;18:00;CET;19:00;CET;9,016
09.03.2021;19:00;CET;20:00;CET;9,33
09.03.2021;20:00;CET;21:00;CET;7
09.03.2021;21:00;CET;22:00;CET;6,17
09.03.2021;22:00;CET;23:00;CET;5,83
09.03.2021;23:00;CET;00:00;CET;5,357
10.03.2021;00:00;CET;01:00;CET;5,557
10.03.2021;01:00;CET;02:00;CET;5,305
10.03.2021;02:00;CET;03:00;CET;5,003
10.03.2021;03:00;CET;04:00;CET;4,904
10.03.2021;04:00;CET;05:00;CET;4,9
10.03.2021;05:00;CET;06:00;CET;5,308
10.03.2021;06:00;CET;07:00;CET;5,89
10.03.2021;07:00;CET;08:00;CET;6,99
10.03.2021;08:00;CET;09:00;CET;6,808
10.03.2021;09:00;CET;10:00;CET;5,848
10.03.2021;10:00;CET;11:00;CET;5,095
10.03.2021;11:00;CET;12:00;CET;5,039
10.03.2021;12:00;CET;13:00;CET;4,726
10.03.2021;13:00;CET;14:00;CET;4,598
10.03.2021;14:00;CET;15:00;CET;4,577
10.03.2021;15:00;CET;16:00;CET;4,71
10.03.2021;16:00;CET;17:00;CET;4,903
10.03.2021;17:00;CET;18:00;CET;5,51
10.03.2021;18:00;CET;19:00;CET;5,851
10.03.2021;19:00;CET;20:00;CET;5,688
10.03.2021;20:00;CET;21:00;CET;4,504
10.03.2021;21:00;CET;22:00;CET;4,136
10.03.2021;22:00;CET;23:00;CET;3,711
10.03.2021;23:00;CET;00:00;CET;2,412
11.03.2021;00:00;CET;01:00;CET;1,78
11.03.2021;01:00;CET;02:00;CET;0,01
11.03.2021;02:00;CET;03:00;CET;0,001
11.03.2021;03:00;CET;04:00;CET;0
11.03.2021;04:00;CET;05:00;CET;0,003
11.03.2021;05:00;CET;06:00;CET;1,495
11.03.2021;06:00;CET;07:00;CET;2,497
11.03.2021;07:00;CET;08:00;CET;3,79
11.03.2021;08:00;CET;09:00;CET;3,983
11.03.2021;09:00;CET;10:00;CET;3,828
11.03.2021;10:00;CET;11:00;CET;3,584
11.03.2021;11:00;CET;12:00;CET;3,576
11.03.2021;12:00;CET;13:00;CET;3,788
11.03.2021;13:00;CET;14:00;CET;3,027
11.03.2021;14:00;CET;15:00;CET;2,621
11.03.2021;15:00;CET;16:00;CET;3,077
11.03.2021;16:00;CET;17:00;CET;3,409
11.03.2021;17:00;CET;18:00;CET;3,897
11.03.2021;18:00;CET;19:00;CET;4,833
11.03.2021;19:00;CET;20:00;CET;5,593
11.03.2021;20:00;CET;21:00;CET;3,998
11.03.2021;21:00;CET;22:00;CET;3,123
11.03.2021;22:00;CET;23:00;CET;2,708
11.03.2021;23:00;CET;00:00;CET;1,213
12.03.2021;00:00;CET;01:00;CET;1,761
12.03.2021;01:00;CET;02:00;CET;1,58
12.03.2021;02:00;CET;03:00;CET;0,459
12.03.2021;03:00;CET;04:00;CET;0,458
12.03.2021;04:00;CET;05:00;CET;1,071
12.03.2021;05:00;CET;06:00;CET;2,102
12.03.2021;06:00;CET;07:00;CET;3,263
12.03.2021;07:00;CET;08:00;CET;3,995
12.03.2021;08:00;CET;09:00;CET;3,633
12.03.2021;09:00;CET;10:00;CET;2,412
12.03.2021;10:00;CET;11:00;CET;0,007
12.03.2021;11:00;CET;12:00;CET;0,001
12.03.2021;12:00;CET;13:00;CET;-0,509
12.03.2021;13:00;CET;14:00;CET;-0,114
12.03.2021;14:00;CET;15:00;CET;0,009
12.03.2021;15:00;CET;16:00;CET;2,535
12.03.2021;16:00;CET;17:00;CET;2,821
12.03.2021;17:00;CET;18:00;CET;3,999
12.03.2021;18:00;CET;19:00;CET;5,058
12.03.2021;19:00;CET;20:00;CET;5,284
12.03.2021;20:00;CET;21:00;CET;3,795
12.03.2021;21:00;CET;22:00;CET;3,156
12.03.2021;22:00;CET;23:00;CET;3,43
12.03.2021;23:00;CET;00:00;CET;3,281
13.03.2021;00:00;CET;01:00;CET;2,661
13.03.2021;01:00;CET;02:00;CET;2,458
13.03.2021;02:00;CET;03:00;CET;2,073
13.03.2021;03:00;CET;04:00;CET;1,732
13.03.2021;04:00;CET;05:00;CET;1,823
13.03.2021;05:00;CET;06:00;CET;1,74
13.03.2021;06:00;CET;07:00;CET;2,284
13.03.2021;07:00;CET;08:00;CET;1,715
13.03.2021;08:00;CET;09:00;CET;0,407
13.03.2021;09:00;CET;10:00;CET;0,295
13.03.2021;10:00;CET;11:00;CET;0,008
13.03.2021;11:00;CET;12:00;CET;0
13.03.2021;12:00;CET;13:00;CET;-0,317
13.03.2021;13:00;CET;14:00;CET;-0,866
13.03.2021;14:00;CET;15:00;CET;-0,874
13.03.2021;15:00;CET;16:00;CET;-0,47
13.03.2021;16:00;CET;17:00;CET;-0,099
13.03.2021;17:00;CET;18:00;CET;1,61
13.03.2021;18:00;CET;19:00;CET;3,25
13.03.2021;19:00;CET;20:00;CET;4,263
13.03.2021;20:00;CET;21:00;CET;2,494
13.03.2021;21:00;CET;22:00;CET;0,438
13.03.2021;22:00;CET;23:00;CET;2,002
13.03.2021;23:00;CET;00:00;CET;-0,001
14.03.2021;00:00;CET;01:00;CET;-0,492
14.03.2021;01:00;CET;02:00;CET;-0,294
14.03.2021;02:00;CET;03:00;CET;-0,01
14.03.2021;03:00;CET;04:00;CET;-0,106
14.03.2021;04:00;CET;05:00;CET;-0,008
14.03.2021;05:00;CET;06:00;CET;-0,002
14.03.2021;06:00;CET;07:00;CET;-0,01
14.03.2021;07:00;CET;08:00;CET;0
14.03.2021;08:00;CET;09:00;CET;0,466
14.03.2021;09:00;CET;10:00;CET;1,991
14.03.2021;10:00;CET;11:00;CET;1,415
14.03.2021;11:00;CET;12:00;CET;0,997
14.03.2021;12:00;CET;13:00;CET;0,851
14.03.2021;13:00;CET;14:00;CET;-0,001
14.03.2021;14:00;CET;15:00;CET;-0,002
14.03.2021;15:00;CET;16:00;CET;0,013
14.03.2021;16:00;CET;17:00;CET;1,72
14.03.2021;17:00;CET;18:00;CET;2,886
14.03.2021;18:00;CET;19:00;CET;4,951
14.03.2021;19:00;CET;20:00;CET;5,728
14.03.2021;20:00;CET;21:00;CET;4,526
14.03.2021;21:00;CET;22:00;CET;4,376
14.03.2021;22:00;CET;23:00;CET;4,69
14.03.2021;23:00;CET;00:00;CET;4,123
15.03.2021;00:00;CET;01:00;CET;4,067
15.03.2021;01:00;CET;02:00;CET;3,701
15.03.2021;02:00;CET;03:00;CET;3,607
15.03.2021;03:00;CET;04:00;CET;3,503
15.03.2021;04:00;CET;05:00;CET;3,326
15.03.2021;05:00;CET;06:00;CET;4,069
15.03.2021;06:00;CET;07:00;CET;5,56
15.03.2021;07:00;CET;08:00;CET;6,247
15.03.2021;08:00;CET;09:00;CET;6,489
15.03.2021;09:00;CET;10:00;CET;6,155
15.03.2021;10:00;CET;11:00;CET;5,505
15.03.2021;11:00;CET;12:00;CET;5,042
15.03.2021;12:00;CET;13:00;CET;4,798
15.03.2021;13:00;CET;14:00;CET;4,52
15.03.2021;14:00;CET;15:00;CET;4,077
15.03.2021;15:00;CET;16:00;CET;3,952
15.03.2021;16:00;CET;17:00;CET;4,261
15.03.2021;17:00;CET;18:00;CET;5,06
15.03.2021;18:00;CET;19:00;CET;6,197
15.03.2021;19:00;CET;20:00;CET;6,782
15.03.2021;20:00;CET;21:00;CET;5,993
15.03.2021;21:00;CET;22:00;CET;5,59
15.03.2021;22:00;CET;23:00;CET;5,076
15.03.2021;23:00;CET;00:00;CET;4,686
16.03.2021;00:00;CET;01:00;CET;4,546
16.03.2021;01:00;CET;02:00;CET;4,476
16.03.2021;02:00;CET;03:00;CET;4,477
16.03.2021;03:00;CET;04:00;CET;4,308
16.03.2021;04:00;CET;05:00;CET;4,41
16.03.2021;05:00;CET;06:00;CET;4,74
16.03.2021;06:00;CET;07:00;CET;5,91
16.03.2021;07:00;CET;08:00;CET;6,629
16.03.2021;08:00;CET;09:00;CET;6,892
16.03.2021;09:00;CET;10:00;CET;6,249
16.03.2021;10:00;CET;11:00;CET;5,993
16.03.2021;11:00;CET;12:00;CET;5,862
16.03.2021;12:00;CET;13:00;CET;5,484
16.03.2021;13:00;CET;14:00;CET;4,808
16.03.2021;14:00;CET;15:00;CET;4,861
16.03.2021;15:00;CET;16:00;CET;5,298
16.03.2021;16:00;CET;17:00;CET;5,999
16.03.2021;17:00;CET;18:00;CET;6,596
16.03.2021;18:00;CET;19:00;CET;7,07
16.03.2021;19:00;CET;20:00;CET;7,771
16.03.2021;20:00;CET;21:00;CET;6,14
16.03.2021;21:00;CET;22:00;CET;5,601
16.03.2021;22:00;CET;23:00;CET;5,388
16.03.2021;23:00;CET;00:00;CET;4,919
17.03.2021;00:00;CET;01:00;CET;4,614
17.03.2021;01:00;CET;02:00;CET;4,547
17.03.2021;02:00;CET;03:00;CET;4,445
17.03.2021;03:00;CET;04:00;CET;4,44
17.03.2021;04:00;CET;05:00;CET;4,539
17.03.2021;05:00;CET;06:00;CET;4,883
17.03.2021;06:00;CET;07:00;CET;5,381
17.03.2021;07:00;CET;08:00;CET;6,321
17.03.2021;08:00;CET;09:00;CET;6,4
17.03.2021;09:00;CET;10:00;CET;6,255
17.03.2021;10:00;CET;11:00;CET;5,751
17.03.2021;11:00;CET;12:00;CET;5,957
17.03.2021;12:00;CET;13:00;CET;5,482
17.03.2021;13:00;CET;14:00;CET;5,169
17.03.2021;14:00;CET;15:00;CET;5,031
17.03.2021;15:00;CET;16:00;CET;4,995
17.03.2021;16:00;CET;17:00;CET;5,564
17.03.2021;17:00;CET;18:00;CET;6,62
17.03.2021;18:00;CET;19:00;CET;7,779
17.03.2021;19:00;CET;20:00;CET;8,5
17.03.2021;20:00;CET;21:00;CET;6,928
17.03.2021;21:00;CET;22:00;CET;6,455
17.03.2021;22:00;CET;23:00;CET;6,246
17.03.2021;23:00;CET;00:00;CET;6,046
18.03.2021;00:00;CET;01:00;CET;5,112
18.03.2021;01:00;CET;02:00;CET;4,956
18.03.2021;02:00;CET;03:00;CET;4,817
18.03.2021;03:00;CET;04:00;CET;4,794
18.03.2021;04:00;CET;05:00;CET;4,703
18.03.2021;05:00;CET;06:00;CET;5,153
18.03.2021;06:00;CET;07:00;CET;6,605
18.03.2021;07:00;CET;08:00;CET;7,915
18.03.2021;08:00;CET;09:00;CET;7,834
18.03.2021;09:00;CET;10:00;CET;7,5
18.03.2021;10:00;CET;11:00;CET;6,951
18.03.2021;11:00;CET;12:00;CET;6,8
18.03.2021;12:00;CET;13:00;CET;6,531
18.03.2021;13:00;CET;14:00;CET;6,221
18.03.2021;14:00;CET;15:00;CET;6,115
18.03.2021;15:00;CET;16:00;CET;6,29
18.03.2021;16:00;CET;17:00;CET;6,453
18.03.2021;17:00;CET;18:00;CET;7,522
18.03.2021;18:00;CET;19:00;CET;8,899
18.03.2021;19:00;CET;20:00;CET;9,871
18.03.2021;20:00;CET;21:00;CET;7,091
18.03.2021;21:00;CET;22:00;CET;6,19
18.03.2021;22:00;CET;23:00;CET;6,012
18.03.2021;23:00;CET;00:00;CET;5,323
19.03.2021;00:00;CET;01:00;CET;6,112
19.03.2021;01:00;CET;02:00;CET;5,624
19.03.2021;02:00;CET;03:00;CET;5,089
19.03.2021;03:00;CET;04:00;CET;4,85
19.03.2021;04:00;CET;05:00;CET;5
19.03.2021;05:00;CET;06:00;CET;5,21
19.03.2021;06:00;CET;07:00;CET;6,702
19.03.2021;07:00;CET;08:00;CET;7,155
19.03.2021;08:00;CET;09:00;CET;7,153
19.03.2021;09:00;CET;10:00;CET;6,41
19.03.2021;10:00;CET;11:00;CET;5,042
19.03.2021;11:00;CET;12:00;CET;4,531
19.03.2021;12:00;CET;13:00;CET;4,453
19.03.2021;13:00;CET;14:00;CET;4,35
19.03.2021;14:00;CET;15:00;CET;4,316
19.03.2021;15:00;CET;16:00;CET;4,353
19.03.2021;16:00;CET;17:00;CET;4,767
19.03.2021;17:00;CET;18:00;CET;5,558
19.03.2021;18:00;CET;19:00;CET;6,596
19.03.2021;19:00;CET;20:00;CET;7,299
19.03.2021;20:00;CET;21:00;CET;6,64
19.03.2021;21:00;CET;22:00;CET;6,199
19.03.2021;22:00;CET;23:00;CET;6,064
19.03.2021;23:00;CET;00:00;CET;6,011
20.03.2021;00:00;CET;01:00;CET;5,882
20.03.2021;01:00;CET;02:00;CET;5,574
20.03.2021;02:00;CET;03:00;CET;5,635
20.03.2021;03:00;CET;04:00;CET;5,081
20.03.2021;04:00;CET;05:00;CET;5
20.03.2021;05:00;CET;06:00;CET;5,103
20.03.2021;06:00;CET;07:00;CET;5,254
20.03.2021;07:00;CET;08:00;CET;5,672
20.03.2021;08:00;CET;09:00;CET;5,336
20.03.2021;09:00;CET;10:00;CET;5,129
20.03.2021;10:00;CET;11:00;CET;4,707
20.03.2021;11:00;CET;12:00;CET;4,567
20.03.2021;12:00;CET;13:00;CET;4,508
20.03.2021;13:00;CET;14:00;CET;4,305
20.03.2021;14:00;CET;15:00;CET;4,098
20.03.2021;15:00;CET;16:00;CET;4,4
20.03.2021;16:00;CET;17:00;CET;4,492
20.03.2021;17:00;CET;18:00;CET;4,994
20.03.2021;18:00;CET;19:00;CET;6,25
20.03.2021;19:00;CET;20:00;CET;6,809
20.03.2021;20:00;CET;21:00;CET;5,994
20.03.2021;21:00;CET;22:00;CET;4,903
20.03.2021;22:00;CET;23:00;CET;4,892
20.03.2021;23:00;CET;00:00;CET;4,64
21.03.2021;00:00;CET;01:00;CET;3,965
21.03.2021;01:00;CET;02:00;CET;2,902
21.03.2021;02:00;CET;03:00;CET;3,143
21.03.2021;03:00;CET;04:00;CET;2,674
21.03.2021;04:00;CET;05:00;CET;2,679
21.03.2021;05:00;CET;06:00;CET;2,366
21.03.2021;06:00;CET;07:00;CET;1,38
21.03.2021;07:00;CET;08:00;CET;2,287
21.03.2021;08:00;CET;09:00;CET;2,967
21.03.2021;09:00;CET;10:00;CET;3,121
21.03.2021;10:00;CET;11:00;CET;2,817
21.03.2021;11:00;CET;12:00;CET;3,487
21.03.2021;12:00;CET;13:00;CET;3,346
21.03.2021;13:00;CET;14:00;CET;2,334
21.03.2021;14:00;CET;15:00;CET;2,12
21.03.2021;15:00;CET;16:00;CET;2,259
21.03.2021;16:00;CET;17:00;CET;3
21.03.2021;17:00;CET;18:00;CET;4,13
21.03.2021;18:00;CET;19:00;CET;5,605
21.03.2021;19:00;CET;20:00;CET;6,482
21.03.2021;20:00;CET;21:00;CET;5,947
21.03.2021;21:00;CET;22:00;CET;5,48
21.03.2021;22:00;CET;23:00;CET;5,527
21.03.2021;23:00;CET;00:00;CET;4,985
22.03.2021;00:00;CET;01:00;CET;4,955
22.03.2021;01:00;CET;02:00;CET;4,874
22.03.2021;02:00;CET;03:00;CET;4,776
22.03.2021;03:00;CET;04:00;CET;4,701
22.03.2021;04:00;CET;05:00;CET;4,74
22.03.2021;05:00;CET;06:00;CET;5,056
22.03.2021;06:00;CET;07:00;CET;6,2
22.03.2021;07:00;CET;08:00;CET;7,3
22.03.2021;08:00;CET;09:00;CET;7,49
22.03.2021;09:00;CET;10:00;CET;7,16
22.03.2021;10:00;CET;11:00;CET;6,546
22.03.2021;11:00;CET;12:00;CET;6,243
22.03.2021;12:00;CET;13:00;CET;5,941
22.03.2021;13:00;CET;14:00;CET;5,378
22.03.2021;14:00;CET;15:00;CET;5,195
22.03.2021;15:00;CET;16:00;CET;5,101
22.03.2021;16:00;CET;17:00;CET;5,401
22.03.2021;17:00;CET;18:00;CET;6,398
22.03.2021;18:00;CET;19:00;CET;7,55
22.03.2021;19:00;CET;20:00;CET;9,047
22.03.2021;20:00;CET;21:00;CET;7,5
22.03.2021;21:00;CET;22:00;CET;6,543
22.03.2021;22:00;CET;23:00;CET;6,08
22.03.2021;23:00;CET;00:00;CET;4,97
23.03.2021;00:00;CET;01:00;CET;5,455
23.03.2021;01:00;CET;02:00;CET;5,386
23.03.2021;02:00;CET;03:00;CET;5,068
23.03.2021;03:00;CET;04:00;CET;5,061
23.03.2021;04:00;CET;05:00;CET;5,256
23.03.2021;05:00;CET;06:00;CET;5,874
23.03.2021;06:00;CET;07:00;CET;6,525
23.03.2021;07:00;CET;08:00;CET;7,437
23.03.2021;08:00;CET;09:00;CET;7,59
23.03.2021;09:00;CET;10:00;CET;6,92
23.03.2021;10:00;CET;11:00;CET;6,346
23.03.2021;11:00;CET;12:00;CET;6,21
23.03.2021;12:00;CET;13:00;CET;6,197
23.03.2021;13:00;CET;14:00;CET;5,758
23.03.2021;14:00;CET;15:00;CET;5,869
23.03.2021;15:00;CET;16:00;CET;5,843
23.03.2021;16:00;CET;17:00;CET;6,002
23.03.2021;17:00;CET;18:00;CET;6,464
23.03.2021;18:00;CET;19:00;CET;7,14
23.03.2021;19:00;CET;20:00;CET;8,349
23.03.2021;20:00;CET;21:00;CET;7,248
23.03.2021;21:00;CET;22:00;CET;6,457
23.03.2021;22:00;CET;23:00;CET;6,047
23.03.2021;23:00;CET;00:00;CET;5,1
24.03.2021;00:00;CET;01:00;CET;4,759
24.03.2021;01:00;CET;02:00;CET;4,741
24.03.2021;02:00;CET;03:00;CET;4,495
24.03.2021;03:00;CET;04:00;CET;4,543
24.03.2021;04:00;CET;05:00;CET;4,748
24.03.2021;05:00;CET;06:00;CET;4,906
24.03.2021;06:00;CET;07:00;CET;6,497
24.03.2021;07:00;CET;08:00;CET;6,578
24.03.2021;08:00;CET;09:00;CET;6,793
24.03.2021;09:00;CET;10:00;CET;5,087
24.03.2021;10:00;CET;11:00;CET;4,404
24.03.2021;11:00;CET;12:00;CET;4,437
24.03.2021;12:00;CET;13:00;CET;4,395
24.03.2021;13:00;CET;14:00;CET;4,482
24.03.2021;14:00;CET;15:00;CET;4,521
24.03.2021;15:00;CET;16:00;CET;4,887
24.03.2021;16:00;CET;17:00;CET;5,207
24.03.2021;17:00;CET;18:00;CET;6,132
24.03.2021;18:00;CET;19:00;CET;7,091
24.03.2021;19:00;CET;20:00;CET;8,4
24.03.2021;20:00;CET;21:00;CET;7,358
24.03.2021;21:00;CET;22:00;CET;6,675
24.03.2021;22:00;CET;23:00;CET;6,25
24.03.2021;23:00;CET;00:00;CET;5,91
25.03.2021;00:00;CET;01:00;CET;5,456
25.03.2021;01:00;CET;02:00;CET;5,031
25.03.2021;02:00;CET;03:00;CET;4,968
25.03.2021;03:00;CET;04:00;CET;4,887
25.03.2021;04:00;CET;05:00;CET;5,02
25.03.2021;05:00;CET;06:00;CET;5,887
25.03.2021;06:00;CET;07:00;CET;6,88
25.03.2021;07:00;CET;08:00;CET;7,497
25.03.2021;08:00;CET;09:00;CET;7,493
25.03.2021;09:00;CET;10:00;CET;6,704
25.03.2021;10:00;CET;11:00;CET;5,79
25.03.2021;11:00;CET;12:00;CET;4,642
25.03.2021;12:00;CET;13:00;CET;4,607
25.03.2021;13:00;CET;14:00;CET;4,69
25.03.2021;14:00;CET;15:00;CET;4,887
25.03.2021;15:00;CET;16:00;CET;4,8
25.03.2021;16:00;CET;17:00;CET;5,571
25.03.2021;17:00;CET;18:00;CET;6,326
25.03.2021;18:00;CET;19:00;CET;7,215
25.03.2021;19:00;CET;20:00;CET;8,543
25.03.2021;20:00;CET;21:00;CET;7,234
25.03.2021;21:00;CET;22:00;CET;6,29
25.03.2021;22:00;CET;23:00;CET;5,931
25.03.2021;23:00;CET;00:00;CET;4,898
26.03.2021;00:00;CET;01:00;CET;5,23
26.03.2021;01:00;CET;02:00;CET;5,005
26.03.2021;02:00;CET;03:00;CET;4,888
26.03.2021;03:00;CET;04:00;CET;4,607
26.03.2021;04:00;CET;05:00;CET;4,562
26.03.2021;05:00;CET;06:00;CET;4,991
26.03.2021;06:00;CET;07:00;CET;6,116
26.03.2021;07:00;CET;08:00;CET;6,581
26.03.2021;08:00;CET;09:00;CET;6,367
26.03.2021;09:00;CET;10:00;CET;4,801
26.03.2021;10:00;CET;11:00;CET;4,289
26.03.2021;11:00;CET;12:00;CET;3,765
26.03.2021;12:00;CET;13:00;CET;3,69
26.03.2021;13:00;CET;14:00;CET;3,473
26.03.2021;14:00;CET;15:00;CET;3,709
26.03.2021;15:00;CET;16:00;CET;4,515
26.03.2021;16:00;CET;17:00;CET;5,029
26.03.2021;17:00;CET;18:00;CET;6,068
26.03.2021;18:00;CET;19:00;CET;6,243
26.03.2021;19:00;CET;20:00;CET;6,901
26.03.2021;20:00;CET;21:00;CET;6,43
26.03.2021;21:00;CET;22:00;CET;5,739
26.03.2021;22:00;CET;23:00;CET;5,333
26.03.2021;23:00;CET;00:00;CET;4,958
27.03.2021;00:00;CET;01:00;CET;4,3
27.03.2021;01:00;CET;02:00;CET;3,809
27.03.2021;02:00;CET;03:00;CET;3,6
27.03.2021;03:00;CET;04:00;CET;3,403
27.03.2021;04:00;CET;05:00;CET;2,964
27.03.2021;05:00;CET;06:00;CET;3,409
27.03.2021;06:00;CET;07:00;CET;3,432
27.03.2021;07:00;CET;08:00;CET;3,049
27.03.2021;08:00;CET;09:00;CET;2,51
27.03.2021;09:00;CET;10:00;CET;1,3
27.03.2021;10:00;CET;11:00;CET;0,512
27.03.2021;11:00;CET;12:00;CET;-0,289
27.03.2021;12:00;CET;13:00;CET;-4,99
27.03.2021;13:00;CET;14:00;CET;-3,926
27.03.2021;14:00;CET;15:00;CET;-2,996
27.03.2021;15:00;CET;16:00;CET;-0,181
27.03.2021;16:00;CET;17:00;CET;1,949
27.03.2021;17:00;CET;18:00;CET;4,24
27.03.2021;18:00;CET;19:00;CET;5,75
27.03.2021;19:00;CET;20:00;CET;6,61
27.03.2021;20:00;CET;21:00;CET;5,902
27.03.2021;21:00;CET;22:00;CET;4,942
27.03.2021;22:00;CET;23:00;CET;5,3
27.03.2021;23:00;CET;00:00;CET;4,668
28.03.2021;00:00;CET;01:00;CET;4,377
28.03.2021;01:00;CET;03:00;CEST;3,862
28.03.2021;03:00;CEST;04:00;CEST;3,543
28.03.2021;04:00;CEST;05:00;CEST;3,5
28.03.2021;05:00;CEST;06:00;CEST;3,507
28.03.2021;06:00;CEST;07:00;CEST;3,567
28.03.2021;07:00;CEST;08:00;CEST;3,572
28.03.2021;08:00;CEST;09:00;CEST;2,768
28.03.2021;09:00;CEST;10:00;CEST;3
28.03.2021;10:00;CEST;11:00;CEST;2,122
28.03.2021;11:00;CEST;12:00;CEST;0,188
28.03.2021;12:00;CEST;13:00;CEST;-1,904
28.03.2021;13:00;CEST;14:00;CEST;-4,999
28.03.2021;14:00;CEST;15:00;CEST;-4,997
28.03.2021;15:00;CEST;16:00;CEST;-4,099
28.03.2021;16:00;CEST;17:00;CEST;-1,214
28.03.2021;17:00;CEST;18:00;CEST;0,455
28.03.2021;18:00;CEST;19:00;CEST;3,53
28.03.2021;19:00;CEST;20:00;CEST;4,304
28.03.2021;20:00;CEST;21:00;CEST;4,834
28.03.2021;21:00;CEST;22:00;CEST;4,098
28.03.2021;22:00;CEST;23:00;CEST;4,097
28.03.2021;23:00;CEST;00:00;CEST;3,868
29.03.2021;00:00;CEST;01:00;CEST;2,756
29.03.2021;01:00;CEST;02:00;CEST;2,303
29.03.2021;02:00;CEST;03:00;CEST;2,212
29.03.2021;03:00;CEST;04:00;CEST;2,279
29.03.2021;04:00;CEST;05:00;CEST;2,344
29.03.2021;05:00;CEST;06:00;CEST;3,554
29.03.2021;06:00;CEST;07:00;CEST;5,133
29.03.2021;07:00;CEST;08:00;CEST;6,725
29.03.2021;08:00;CEST;09:00;CEST;7,086
29.03.2021;09:00;CEST;10:00;CEST;5,504
29.03.2021;10:00;CEST;11:00;CEST;4,229
29.03.2021;11:00;CEST;12:00;CEST;2,928
29.03.2021;12:00;CEST;13:00;CEST;2,233
29.03.2021;13:00;CEST;14:00;CEST;1,792
29.03.2021;14:00;CEST;15:00;CEST;1,713
29.03.2021;15:00;CEST;16:00;CEST;1,861
29.03.2021;16:00;CEST;17:00;CEST;2,044
29.03.2021;17:00;CEST;18:00;CEST;3,971
29.03.2021;18:00;CEST;19:00;CEST;5,768
29.03.2021;19:00;CEST;20:00;CEST;6,763
29.03.2021;20:00;CEST;21:00;CEST;6,815
29.03.2021;21:00;CEST;22:00;CEST;6,402
29.03.2021;22:00;CEST;23:00;CEST;5,918
29.03.2021;23:00;CEST;00:00;CEST;5,6
30.03.2021;00:00;CEST;01:00;CEST;4,708
30.03.2021;01:00;CEST;02:00;CEST;4,646
30.03.2021;02:00;CEST;03:00;CEST;4,465
30.03.2021;03:00;CEST;04:00;CEST;4,559
30.03.2021;04:00;CEST;05:00;CEST;4,627
30.03.2021;05:00;CEST;06:00;CEST;5,322
30.03.2021;06:00;CEST;07:00;CEST;6,509
30.03.2021;07:00;CEST;08:00;CEST;7,822
30.03.2021;08:00;CEST;09:00;CEST;7,673
30.03.2021;09:00;CEST;10:00;CEST;6,463
30.03.2021;10:00;CEST;11:00;CEST;5,294
30.03.2021;11:00;CEST;12:00;CEST;4,637
30.03.2021;12:00;CEST;13:00;CEST;4,48
30.03.2021;13:00;CEST;14:00;CEST;4,205
30.03.2021;14:00;CEST;15:00;CEST;3,989
30.03.2021;15:00;CEST;16:00;CEST;3,978
30.03.2021;16:00;CEST;17:00;CEST;4,318
30.03.2021;17:00;CEST;18:00;CEST;5,25
30.03.2021;18:00;CEST;19:00;CEST;6,324
30.03.2021;19:00;CEST;20:00;CEST;7,429
30.03.2021;20:00;CEST;21:00;CEST;7,701
30.03.2021;21:00;CEST;22:00;CEST;6,738
30.03.2021;22:00;CEST;23:00;CEST;6,569
30.03.2021;23:00;CEST;00:00;CEST;6,036
31.03.2021;00:00;CEST;01:00;CEST;5,658
31.03.2021;01:00;CEST;02:00;CEST;5,097
31.03.2021;02:00;CEST;03:00;CEST;5
31.03.2021;03:00;CEST;04:00;CEST;4,918
31.03.2021;04:00;CEST;05:00;CEST;4,833
31.03.2021;05:00;CEST;06:00;CEST;5,354
31.03.2021;06:00;CEST;07:00;CEST;6,741
31.03.2021;07:00;CEST;08:00;CEST;7,511
31.03.2021;08:00;CEST;09:00;CEST;7,639
31.03.2021;09:00;CEST;10:00;CEST;6,598
31.03.2021;10:00;CEST;11:00;CEST;5,681
31.03.2021;11:00;CEST;12:00;CEST;5,071
31.03.2021;12:00;CEST;13:00;CEST;4,9
31.03.2021;13:00;CEST;14:00;CEST;4,666
31.03.2021;14:00;CEST;15:00;CEST;4,309
31.03.2021;15:00;CEST;16:00;CEST;4,392
31.03.2021;16:00;CEST;17:00;CEST;4,679
31.03.2021;17:00;CEST;18:00;CEST;5,132
31.03.2021;18:00;CEST;19:00;CEST;6,716
31.03.2021;19:00;CEST;20:00;CEST;9,68
31.03.2021;20:00;CEST;21:00;CEST;7,86
31.03.2021;21:00;CEST;22:00;CEST;6,615
31.03.2021;22:00;CEST;23:00;CEST;6,29
31.03.2021;23:00;CEST;00:00;CEST;5,592
01.04.2021;00:00;CEST;01:00;CEST;5,438
01.04.2021;01:00;CEST;02:00;CEST;4,782
01.04.2021;02:00;CEST;03:00;CEST;4,51
01.04.2021;03:00;CEST;04:00;CEST;4,417
01.04.2021;04:00;CEST;05:00;CEST;4,429
01.04.2021;05:00;CEST;06:00;CEST;4,57
01.04.2021;06:00;CEST;07:00;CEST;6,243
01.04.2021;07:00;CEST;08:00;CEST;7,097
01.04.2021;08:00;CEST;09:00;CEST;6,7
01.04.2021;09:00;CEST;10:00;CEST;6,036
01.04.2021;10:00;CEST;11:00;CEST;5,439
01.04.2021;11:00;CEST;12:00;CEST;4,595
01.04.2021;12:00;CEST;13:00;CEST;4,311
01.04.2021;13:00;CEST;14:00;CEST;3,895
01.04.2021;14:00;CEST;15:00;CEST;3,626
01.04.2021;15:00;CEST;16:00;CEST;3,945
01.04.2021;16:00;CEST;17:00;CEST;4,3
01.04.2021;17:00;CEST;18:00;CEST;4,935
01.04.2021;18:00;CEST;19:00;CEST;5,719
01.04.2021;19:00;CEST;20:00;CEST;6,372
01.04.2021;20:00;CEST;21:00;CEST;6,641
01.04.2021;21:00;CEST;22:00;CEST;6,128
01.04.2021;22:00;CEST;23:00;CEST;5,883
01.04.2021;23:00;CEST;00:00;CEST;5,482
02.04.2021;00:00;CEST;01:00;CEST;5,424
02.04.2021;01:00;CEST;02:00;CEST;4,977
02.04.2021;02:00;CEST;03:00;CEST;4,7
02.04.2021;03:00;CEST;04:00;CEST;4,37
02.04.2021;04:00;CEST;05:00;CEST;4,396
02.04.2021;05:00;CEST;06:00;CEST;4,717
02.04.2021;06:00;CEST;07:00;CEST;5,352
02.04.2021;07:00;CEST;08:00;CEST;6,024
02.04.2021;08:00;CEST;09:00;CEST;6,067
02.04.2021;09:00;CEST;10:00;CEST;5,625
02.04.2021;10:00;CEST;11:00;CEST;4,556
02.04.2021;11:00;CEST;12:00;CEST;4,04
02.04.2021;12:00;CEST;13:00;CEST;2,826
02.04.2021;13:00;CEST;14:00;CEST;0,007
02.04.2021;14:00;CEST;15:00;CEST;-1,183
02.04.2021;15:00;CEST;16:00;CEST;-2,095
02.04.2021;16:00;CEST;17:00;CEST;-1,411
02.04.2021;17:00;CEST;18:00;CEST;1,622
02.04.2021;18:00;CEST;19:00;CEST;4,2
02.04.2021;19:00;CEST;20:00;CEST;4,972
02.04.2021;20:00;CEST;21:00;CEST;5,074
02.04.2021;21:00;CEST;22:00;CEST;4,5
02.04.2021;22:00;CEST;23:00;CEST;4,5
02.04.2021;23:00;CEST;00:00;CEST;4,337
03.04.2021;00:00;CEST;01:00;CEST;4,201
03.04.2021;01:00;CEST;02:00;CEST;3,84
03.04.2021;02:00;CEST;03:00;CEST;3,751
03.04.2021;03:00;CEST;04:00;CEST;3,723
03.04.2021;04:00;CEST;05:00;CEST;3,71
03.04.2021;05:00;CEST;06:00;CEST;3,768
03.04.2021;06:00;CEST;07:00;CEST;4,01
03.04.2021;07:00;CEST;08:00;CEST;4,201
03.04.2021;08:00;CEST;09:00;CEST;4,588
03.04.2021;09:00;CEST;10:00;CEST;4,714
03.04.2021;10:00;CEST;11:00;CEST;4,108
03.04.2021;11:00;CEST;12:00;CEST;3,715
03.04.2021;12:00;CEST;13:00;CEST;3,389
03.04.2021;13:00;CEST;14:00;CEST;2,37
03.04.2021;14:00;CEST;15:00;CEST;1,679
03.04.2021;15:00;CEST;16:00;CEST;0,975
03.04.2021;16:00;CEST;17:00;CEST;2,196
03.04.2021;17:00;CEST;18:00;CEST;3,983
03.04.2021;18:00;CEST;19:00;CEST;4,99
03.04.2021;19:00;CEST;20:00;CEST;5,8
03.04.2021;20:00;CEST;21:00;CEST;5,923
03.04.2021;21:00;CEST;22:00;CEST;5,32
03.04.2021;22:00;CEST;23:00;CEST;5,148
03.04.2021;23:00;CEST;00:00;CEST;4,844
04.04.2021;00:00;CEST;01:00;CEST;4,746
04.04.2021;01:00;CEST;02:00;CEST;4,156
04.04.2021;02:00;CEST;03:00;CEST;3,983
04.04.2021;03:00;CEST;04:00;CEST;3,987
04.04.2021;04:00;CEST;05:00;CEST;3,988
04.04.2021;05:00;CEST;06:00;CEST;3,875
04.04.2021;06:00;CEST;07:00;CEST;3,681
04.04.2021;07:00;CEST;08:00;CEST;3,843
04.04.2021;08:00;CEST;09:00;CEST;3,953
04.04.2021;09:00;CEST;10:00;CEST;3,599
04.04.2021;10:00;CEST;11:00;CEST;2,037
04.04.2021;11:00;CEST;12:00;CEST;1,625
04.04.2021;12:00;CEST;13:00;CEST;1,807
04.04.2021;13:00;CEST;14:00;CEST;0,601
04.04.2021;14:00;CEST;15:00;CEST;0,202
04.04.2021;15:00;CEST;16:00;CEST;0,01
04.04.2021;16:00;CEST;17:00;CEST;0,101
04.04.2021;17:00;CEST;18:00;CEST;0,718
04.04.2021;18:00;CEST;19:00;CEST;3,101
04.04.2021;19:00;CEST;20:00;CEST;3,987
04.04.2021;20:00;CEST;21:00;CEST;4,745
04.04.2021;21:00;CEST;22:00;CEST;4,05
04.04.2021;22:00;CEST;23:00;CEST;3,338
04.04.2021;23:00;CEST;00:00;CEST;0,324
05.04.2021;00:00;CEST;01:00;CEST;0,005
05.04.2021;01:00;CEST;02:00;CEST;-1
05.04.2021;02:00;CEST;03:00;CEST;-2,991
05.04.2021;03:00;CEST;04:00;CEST;-2,998
05.04.2021;04:00;CEST;05:00;CEST;-2,14
05.04.2021;05:00;CEST;06:00;CEST;-3,497
05.04.2021;06:00;CEST;07:00;CEST;-3,997
05.04.2021;07:00;CEST;08:00;CEST;-4,494
05.04.2021;08:00;CEST;09:00;CEST;-2,569
05.04.2021;09:00;CEST;10:00;CEST;-1,765
05.04.2021;10:00;CEST;11:00;CEST;-1,919
05.04.2021;11:00;CEST;12:00;CEST;-1,295
05.04.2021;12:00;CEST;13:00;CEST;-2,768
05.04.2021;13:00;CEST;14:00;CEST;-4,498
05.04.2021;14:00;CEST;15:00;CEST;-5,273
05.04.2021;15:00;CEST;16:00;CEST;-4,911
05.04.2021;16:00;CEST;17:00;CEST;-3,535
05.04.2021;17:00;CEST;18:00;CEST;-0,947
05.04.2021;18:00;CEST;19:00;CEST;0,008
05.04.2021;19:00;CEST;20:00;CEST;2,115
05.04.2021;20:00;CEST;21:00;CEST;2,787
05.04.2021;21:00;CEST;22:00;CEST;1,996
05.04.2021;22:00;CEST;23:00;CEST;1,847
05.04.2021;23:00;CEST;00:00;CEST;1,047
06.04.2021;00:00;CEST;01:00;CEST;1,47
06.04.2021;01:00;CEST;02:00;CEST;1,39
06.04.2021;02:00;CEST;03:00;CEST;1,237
06.04.2021;03:00;CEST;04:00;CEST;1,419
06.04.2021;04:00;CEST;05:00;CEST;1,493
06.04.2021;05:00;CEST;06:00;CEST;2,821
06.04.2021;06:00;CEST;07:00;CEST;4,616
06.04.2021;07:00;CEST;08:00;CEST;6,546
06.04.2021;08:00;CEST;09:00;CEST;5,999
06.04.2021;09:00;CEST;10:00;CEST;3,985
06.04.2021;10:00;CEST;11:00;CEST;3,394
06.04.2021;11:00;CEST;12:00;CEST;2,867
06.04.2021;12:00;CEST;13:00;CEST;2,088
06.04.2021;13:00;CEST;14:00;CEST;1,252
06.04.2021;14:00;CEST;15:00;CEST;0,99
06.04.2021;15:00;CEST;16:00;CEST;1,719
06.04.2021;16:00;CEST;17:00;CEST;2,068
06.04.2021;17:00;CEST;18:00;CEST;3,873
06.04.2021;18:00;CEST;19:00;CEST;5,258
06.04.2021;19:00;CEST;20:00;CEST;6,651
06.04.2021;20:00;CEST;21:00;CEST;7,144
06.04.2021;21:00;CEST;22:00;CEST;6,123
06.04.2021;22:00;CEST;23:00;CEST;5,688
06.04.2021;23:00;CEST;00:00;CEST;4,817
07.04.2021;00:00;CEST;01:00;CEST;5,558
07.04.2021;01:00;CEST;02:00;CEST;4,63
07.04.2021;02:00;CEST;03:00;CEST;4,636
07.04.2021;03:00;CEST;04:00;CEST;4,594
07.04.2021;04:00;CEST;05:00;CEST;4,458
07.04.2021;05:00;CEST;06:00;CEST;4,77
07.04.2021;06:00;CEST;07:00;CEST;6,195
07.04.2021;07:00;CEST;08:00;CEST;8,086
07.04.2021;08:00;CEST;09:00;CEST;8,45
07.04.2021;09:00;CEST;10:00;CEST;6,589
07.04.2021;10:00;CEST;11:00;CEST;5,594
07.04.2021;11:00;CEST;12:00;CEST;5,232
07.04.2021;12:00;CEST;13:00;CEST;4,13
07.04.2021;13:00;CEST;14:00;CEST;4,068
07.04.2021;14:00;CEST;15:00;CEST;3,997
07.04.2021;15:00;CEST;16:00;CEST;3,983
07.04.2021;16:00;CEST;17:00;CEST;4,066
07.04.2021;17:00;CEST;18:00;CEST;4,025
07.04.2021;18:00;CEST;19:00;CEST;4,64
07.04.2021;19:00;CEST;20:00;CEST;5,55
07.04.2021;20:00;CEST;21:00;CEST;4,93
07.04.2021;21:00;CEST;22:00;CEST;4,62
07.04.2021;22:00;CEST;23:00;CEST;4,193
07.04.2021;23:00;CEST;00:00;CEST;3,782
08.04.2021;00:00;CEST;01:00;CEST;3,954
08.04.2021;01:00;CEST;02:00;CEST;4,026
08.04.2021;02:00;CEST;03:00;CEST;4,076
08.04.2021;03:00;CEST;04:00;CEST;4,49
08.04.2021;04:00;CEST;05:00;CEST;4,677
08.04.2021;05:00;CEST;06:00;CEST;4,72
08.04.2021;06:00;CEST;07:00;CEST;6,095
08.04.2021;07:00;CEST;08:00;CEST;7,986
08.04.2021;08:00;CEST;09:00;CEST;9,926
08.04.2021;09:00;CEST;10:00;CEST;6,649
08.04.2021;10:00;CEST;11:00;CEST;5,971
08.04.2021;11:00;CEST;12:00;CEST;5,853
08.04.2021;12:00;CEST;13:00;CEST;5,702
08.04.2021;13:00;CEST;14:00;CEST;5,339
08.04.2021;14:00;CEST;15:00;CEST;5,147
08.04.2021;15:00;CEST;16:00;CEST;4,902
08.04.2021;16:00;CEST;17:00;CEST;4,763
08.04.2021;17:00;CEST;18:00;CEST;5,39
08.04.2021;18:00;CEST;19:00;CEST;6,386
08.04.2021;19:00;CEST;20:00;CEST;7,618
08.04.2021;20:00;CEST;21:00;CEST;7,631
08.04.2021;21:00;CEST;22:00;CEST;6,186
08.04.2021;22:00;CEST;23:00;CEST;5,804
08.04.2021;23:00;CEST;00:00;CEST;4,902
09.04.2021;00:00;CEST;01:00;CEST;4,19
09.04.2021;01:00;CEST;02:00;CEST;4,19
09.04.2021;02:00;CEST;03:00;CEST;3,948
09.04.2021;03:00;CEST;04:00;CEST;3,797
09.04.2021;04:00;CEST;05:00;CEST;4,188
09.04.2021;05:00;CEST;06:00;CEST;4,359
09.04.2021;06:00;CEST;07:00;CEST;4,636
09.04.2021;07:00;CEST;08:00;CEST;5,502
09.04.2021;08:00;CEST;09:00;CEST;5,908
09.04.2021;09:00;CEST;10:00;CEST;4,738
09.04.2021;10:00;CEST;11:00;CEST;4,401
09.04.2021;11:00;CEST;12:00;CEST;4,212
09.04.2021;12:00;CEST;13:00;CEST;4,186
09.04.2021;13:00;CEST;14:00;CEST;4,536
09.04.2021;14:00;CEST;15:00;CEST;4,738
09.04.2021;15:00;CEST;16:00;CEST;4,653
09.04.2021;16:00;CEST;17:00;CEST;5,811
09.04.2021;17:00;CEST;18:00;CEST;6,393
09.04.2021;18:00;CEST;19:00;CEST;7,068
09.04.2021;19:00;CEST;20:00;CEST;8,3
09.04.2021;20:00;CEST;21:00;CEST;8,49
09.04.2021;21:00;CEST;22:00;CEST;7,651
09.04.2021;22:00;CEST;23:00;CEST;7,029
09.04.2021;23:00;CEST;00:00;CEST;6,487
10.04.2021;00:00;CEST;01:00;CEST;6,602
10.04.2021;01:00;CEST;02:00;CEST;6,121
10.04.2021;02:00;CEST;03:00;CEST;5,565
10.04.2021;03:00;CEST;04:00;CEST;5,556
10.04.2021;04:00;CEST;05:00;CEST;5,239
10.04.2021;05:00;CEST;06:00;CEST;5,404
10.04.2021;06:00;CEST;07:00;CEST;5,268
10.04.2021;07:00;CEST;08:00;CEST;5,962
10.04.2021;08:00;CEST;09:00;CEST;6,62
10.04.2021;09:00;CEST;10:00;CEST;6,919
10.04.2021;10:00;CEST;11:00;CEST;6,451
10.04.2021;11:00;CEST;12:00;CEST;6,121
10.04.2021;12:00;CEST;13:00;CEST;5,893
10.04.2021;13:00;CEST;14:00;CEST;5,25
10.04.2021;14:00;CEST;15:00;CEST;5,008
10.04.2021;15:00;CEST;16:00;CEST;5,001
10.04.2021;16:00;CEST;17:00;CEST;5,204
10.04.2021;17:00;CEST;18:00;CEST;5,984
10.04.2021;18:00;CEST;19:00;CEST;6,57
10.04.2021;19:00;CEST;20:00;CEST;6,924
10.04.2021;20:00;CEST;21:00;CEST;6,892
10.04.2021;21:00;CEST;22:00;CEST;6,156
10.04.2021;22:00;CEST;23:00;CEST;5,462
10.04.2021;23:00;CEST;00:00;CEST;4,961
11.04.2021;00:00;CEST;01:00;CEST;5,359
11.04.2021;01:00;CEST;02:00;CEST;4,633
11.04.2021;02:00;CEST;03:00;CEST;4,242
11.04.2021;03:00;CEST;04:00;CEST;4,504
11.04.2021;04:00;CEST;05:00;CEST;4,469
11.04.2021;05:00;CEST;06:00;CEST;4,198
11.04.2021;06:00;CEST;07:00;CEST;4,284
11.04.2021;07:00;CEST;08:00;CEST;4,188
11.04.2021;08:00;CEST;09:00;CEST;4,564
11.04.2021;09:00;CEST;10:00;CEST;4,638
11.04.2021;10:00;CEST;11:00;CEST;4,592
11.04.2021;11:00;CEST;12:00;CEST;4,776
11.04.2021;12:00;CEST;13:00;CEST;4,566
11.04.2021;13:00;CEST;14:00;CEST;4,481
11.04.2021;14:00;CEST;15:00;CEST;4,192
11.04.2021;15:00;CEST;16:00;CEST;4,129
11.04.2021;16:00;CEST;17:00;CEST;4,2
11.04.2021;17:00;CEST;18:00;CEST;4,436
11.04.2021;18:00;CEST;19:00;CEST;4,82
11.04.2021;19:00;CEST;20:00;CEST;6,204
11.04.2021;20:00;CEST;21:00;CEST;6,724
11.04.2021;21:00;CEST;22:00;CEST;6,72
11.04.2021;22:00;CEST;23:00;CEST;6,385
11.04.2021;23:00;CEST;00:00;CEST;5,547
12.04.2021;00:00;CEST;01:00;CEST;4,864
12.04.2021;01:00;CEST;02:00;CEST;4,908
12.04.2021;02:00;CEST;03:00;CEST;5
12.04.2021;03:00;CEST;04:00;CEST;5,072
12.04.2021;04:00;CEST;05:00;CEST;5,005
12.04.2021;05:00;CEST;06:00;CEST;5,38
12.04.2021;06:00;CEST;07:00;CEST;6,925
12.04.2021;07:00;CEST;08:00;CEST;8,566
12.04.2021;08:00;CEST;09:00;CEST;10
12.04.2021;09:00;CEST;10:00;CEST;8,133
12.04.2021;10:00;CEST;11:00;CEST;6,579
12.04.2021;11:00;CEST;12:00;CEST;6,664
12.04.2021;12:00;CEST;13:00;CEST;6,071
12.04.2021;13:00;CEST;14:00;CEST;5,457
12.04.2021;14:00;CEST;15:00;CEST;4,826
12.04.2021;15:00;CEST;16:00;CEST;4,788
12.04.2021;16:00;CEST;17:00;CEST;4,891
12.04.2021;17:00;CEST;18:00;CEST;5,453
12.04.2021;18:00;CEST;19:00;CEST;7,072
12.04.2021;19:00;CEST;20:00;CEST;8
12.04.2021;20:00;CEST;21:00;CEST;8,01
12.04.2021;21:00;CEST;22:00;CEST;7,764
12.04.2021;22:00;CEST;23:00;CEST;6,474
12.04.2021;23:00;CEST;00:00;CEST;4,634
13.04.2021;00:00;CEST;01:00;CEST;5,214
13.04.2021;01:00;CEST;02:00;CEST;5,19
13.04.2021;02:00;CEST;03:00;CEST;5,051
13.04.2021;03:00;CEST;04:00;CEST;4,933
13.04.2021;04:00;CEST;05:00;CEST;5,202
13.04.2021;05:00;CEST;06:00;CEST;5,305
13.04.2021;06:00;CEST;07:00;CEST;6,962
13.04.2021;07:00;CEST;08:00;CEST;8,491
13.04.2021;08:00;CEST;09:00;CEST;7,696
13.04.2021;09:00;CEST;10:00;CEST;5,273
13.04.2021;10:00;CEST;11:00;CEST;4,577
13.04.2021;11:00;CEST;12:00;CEST;4,666
13.04.2021;12:00;CEST;13:00;CEST;4,564
13.04.2021;13:00;CEST;14:00;CEST;4,376
13.04.2021;14:00;CEST;15:00;CEST;4,158
13.04.2021;15:00;CEST;16:00;CEST;4,273
13.04.2021;16:00;CEST;17:00;CEST;4,655
13.04.2021;17:00;CEST;18:00;CEST;5,185
13.04.2021;18:00;CEST;19:00;CEST;6,326
13.04.2021;19:00;CEST;20:00;CEST;7,726
13.04.2021;20:00;CEST;21:00;CEST;8,832
13.04.2021;21:00;CEST;22:00;CEST;7,37
13.04.2021;22:00;CEST;23:00;CEST;6,558
13.04.2021;23:00;CEST;00:00;CEST;5,456
14.04.2021;00:00;CEST;01:00;CEST;5,01
14.04.2021;01:00;CEST;02:00;CEST;5,346
14.04.2021;02:00;CEST;03:00;CEST;5,407
14.04.2021;03:00;CEST;04:00;CEST;5,385
14.04.2021;04:00;CEST;05:00;CEST;5,402
14.04.2021;05:00;CEST;06:00;CEST;5,489
14.04.2021;06:00;CEST;07:00;CEST;7,905
14.04.2021;07:00;CEST;08:00;CEST;11,852
14.04.2021;08:00;CEST;09:00;CEST;12,5
14.04.2021;09:00;CEST;10:00;CEST;7,554
14.04.2021;10:00;CEST;11:00;CEST;6,262
14.04.2021;11:00;CEST;12:00;CEST;6,208
14.04.2021;12:00;CEST;13:00;CEST;5,829
14.04.2021;13:00;CEST;14:00;CEST;5,49
14.04.2021;14:00;CEST;15:00;CEST;5,062
14.04.2021;15:00;CEST;16:00;CEST;5,279
14.04.2021;16:00;CEST;17:00;CEST;5,203
14.04.2021;17:00;CEST;18:00;CEST;6,204
14.04.2021;18:00;CEST;19:00;CEST;7,319
14.04.2021;19:00;CEST;20:00;CEST;9,745
14.04.2021;20:00;CEST;21:00;CEST;10
14.04.2021;21:00;CEST;22:00;CEST;8,562
14.04.2021;22:00;CEST;23:00;CEST;7,566
14.04.2021;23:00;CEST;00:00;CEST;6,205
15.04.2021;00:00;CEST;01:00;CEST;6,196
15.04.2021;01:00;CEST;02:00;CEST;5,781
15.04.2021;02:00;CEST;03:00;CEST;5,701
15.04.2021;03:00;CEST;04:00;CEST;5,75
15.04.2021;04:00;CEST;05:00;CEST;6,116
15.04.2021;05:00;CEST;06:00;CEST;6,581
15.04.2021;06:00;CEST;07:00;CEST;8,29
15.04.2021;07:00;CEST;08:00;CEST;10,505
15.04.2021;08:00;CEST;09:00;CEST;11,8
15.04.2021;09:00;CEST;10:00;CEST;7,714
15.04.2021;10:00;CEST;11:00;CEST;6,593
15.04.2021;11:00;CEST;12:00;CEST;6,41
15.04.2021;12:00;CEST;13:00;CEST;5,542
15.04.2021;13:00;CEST;14:00;CEST;5,129
15.04.2021;14:00;CEST;15:00;CEST;4,91
15.04.2021;15:00;CEST;16:00;CEST;4,984
15.04.2021;16:00;CEST;17:00;CEST;5,2
15.04.2021;17:00;CEST;18:00;CEST;5,588
15.04.2021;18:00;CEST;19:00;CEST;6,794
15.04.2021;19:00;CEST;20:00;CEST;8,146
15.04.2021;20:00;CEST;21:00;CEST;8,105
15.04.2021;21:00;CEST;22:00;CEST;7,142
15.04.2021;22:00;CEST;23:00;CEST;6,462
15.04.2021;23:00;CEST;00:00;CEST;5,301
16.04.2021;00:00;CEST;01:00;CEST;5,257
16.04.2021;01:00;CEST;02:00;CEST;5,25
16.04.2021;02:00;CEST;03:00;CEST;5,135
16.04.2021;03:00;CEST;04:00;CEST;5,216
16.04.2021;04:00;CEST;05:00;CEST;5,434
16.04.2021;05:00;CEST;06:00;CEST;5,641
16.04.2021;06:00;CEST;07:00;CEST;7,076
16.04.2021;07:00;CEST;08:00;CEST;8,609
16.04.2021;08:00;CEST;09:00;CEST;9,61
16.04.2021;09:00;CEST;10:00;CEST;6,558
16.04.2021;10:00;CEST;11:00;CEST;6,364
16.04.2021;11:00;CEST;12:00;CEST;5,967
16.04.2021;12:00;CEST;13:00;CEST;5,751
16.04.2021;13:00;CEST;14:00;CEST;5,525
16.04.2021;14:00;CEST;15:00;CEST;5,29
16.04.2021;15:00;CEST;16:00;CEST;5,402
16.04.2021;16:00;CEST;17:00;CEST;5,366
16.04.2021;17:00;CEST;18:00;CEST;5,759
16.04.2021;18:00;CEST;19:00;CEST;6,809
16.04.2021;19:00;CEST;20:00;CEST;7,851
16.04.2021;20:00;CEST;21:00;CEST;7,807
16.04.2021;21:00;CEST;22:00;CEST;6,768
16.04.2021;22:00;CEST;23:00;CEST;6,559
16.04.2021;23:00;CEST;00:00;CEST;6,303
17.04.2021;00:00;CEST;01:00;CEST;6,591
17.04.2021;01:00;CEST;02:00;CEST;5,556
17.04.2021;02:00;CEST;03:00;CEST;5,712
17.04.2021;03:00;CEST;04:00;CEST;5,593
17.04.2021;04:00;CEST;05:00;CEST;5,599
17.04.2021;05:00;CEST;06:00;CEST;5,714
17.04.2021;06:00;CEST;07:00;CEST;6,557
17.04.2021;07:00;CEST;08:00;CEST;6,519
17.04.2021;08:00;CEST;09:00;CEST;7,331
17.04.2021;09:00;CEST;10:00;CEST;6,88
17.04.2021;10:00;CEST;11:00;CEST;5,876
17.04.2021;11:00;CEST;12:00;CEST;5,663
17.04.2021;12:00;CEST;13:00;CEST;5,463
17.04.2021;13:00;CEST;14:00;CEST;5,059
17.04.2021;14:00;CEST;15:00;CEST;4,945
17.04.2021;15:00;CEST;16:00;CEST;4,935
17.04.2021;16:00;CEST;17:00;CEST;5,072
17.04.2021;17:00;CEST;18:00;CEST;5,349
17.04.2021;18:00;CEST;19:00;CEST;5,998
17.04.2021;19:00;CEST;20:00;CEST;7,448
17.04.2021;20:00;CEST;21:00;CEST;7,847
17.04.2021;21:00;CEST;22:00;CEST;7,71
17.04.2021;22:00;CEST;23:00;CEST;6,955
17.04.2021;23:00;CEST;00:00;CEST;6,498
18.04.2021;00:00;CEST;01:00;CEST;6,833
18.04.2021;01:00;CEST;02:00;CEST;6,398
18.04.2021;02:00;CEST;03:00;CEST;6,265
18.04.2021;03:00;CEST;04:00;CEST;6,21
18.04.2021;04:00;CEST;05:00;CEST;6,102
18.04.2021;05:00;CEST;06:00;CEST;6,057
18.04.2021;06:00;CEST;07:00;CEST;6,054
18.04.2021;07:00;CEST;08:00;CEST;6,262
18.04.2021;08:00;CEST;09:00;CEST;6,452
18.04.2021;09:00;CEST;10:00;CEST;6,357
18.04.2021;10:00;CEST;11:00;CEST;5,993
18.04.2021;11:00;CEST;12:00;CEST;5,693
18.04.2021;12:00;CEST;13:00;CEST;5,659
18.04.2021;13:00;CEST;14:00;CEST;5,194
18.04.2021;14:00;CEST;15:00;CEST;4,942
18.04.2021;15:00;CEST;16:00;CEST;4,897
18.04.2021;16:00;CEST;17:00;CEST;5,134
18.04.2021;17:00;CEST;18:00;CEST;5,455
18.04.2021;18:00;CEST;19:00;CEST;6,499
18.04.2021;19:00;CEST;20:00;CEST;7,608
18.04.2021;20:00;CEST;21:00;CEST;8,093
18.04.2021;21:00;CEST;22:00;CEST;8
18.04.2021;22:00;CEST;23:00;CEST;7,631
18.04.2021;23:00;CEST;00:00;CEST;6,521
19.04.2021;00:00;CEST;01:00;CEST;6,278
19.04.2021;01:00;CEST;02:00;CEST;5,809
19.04.2021;02:00;CEST;03:00;CEST;5,808
19.04.2021;03:00;CEST;04:00;CEST;5,609
19.04.2021;04:00;CEST;05:00;CEST;5,791
19.04.2021;05:00;CEST;06:00;CEST;6,658
19.04.2021;06:00;CEST;07:00;CEST;8,49
19.04.2021;07:00;CEST;08:00;CEST;9,866
19.04.2021;08:00;CEST;09:00;CEST;11,718
19.04.2021;09:00;CEST;10:00;CEST;10,278
19.04.2021;10:00;CEST;11:00;CEST;8,919
19.04.2021;11:00;CEST;12:00;CEST;7,512
19.04.2021;12:00;CEST;13:00;CEST;6,65
19.04.2021;13:00;CEST;14:00;CEST;6,04
19.04.2021;14:00;CEST;15:00;CEST;5,963
19.04.2021;15:00;CEST;16:00;CEST;6,014
19.04.2021;16:00;CEST;17:00;CEST;5,964
19.04.2021;17:00;CEST;18:00;CEST;6,998
19.04.2021;18:00;CEST;19:00;CEST;8,504
19.04.2021;19:00;CEST;20:00;CEST;9,941
19.04.2021;20:00;CEST;21:00;CEST;10
19.04.2021;21:00;CEST;22:00;CEST;8,95
19.04.2021;22:00;CEST;23:00;CEST;7,376
19.04.2021;23:00;CEST;00:00;CEST;6,466
20.04.2021;00:00;CEST;01:00;CEST;6,454
20.04.2021;01:00;CEST;02:00;CEST;6,261
20.04.2021;02:00;CEST;03:00;CEST;6,253
20.04.2021;03:00;CEST;04:00;CEST;6,392
20.04.2021;04:00;CEST;05:00;CEST;6,861
20.04.2021;05:00;CEST;06:00;CEST;7,194
20.04.2021;06:00;CEST;07:00;CEST;8,543
20.04.2021;07:00;CEST;08:00;CEST;9,905
20.04.2021;08:00;CEST;09:00;CEST;11,041
20.04.2021;09:00;CEST;10:00;CEST;9,2
20.04.2021;10:00;CEST;11:00;CEST;6,953
20.04.2021;11:00;CEST;12:00;CEST;6,227
20.04.2021;12:00;CEST;13:00;CEST;6,046
20.04.2021;13:00;CEST;14:00;CEST;5,898
20.04.2021;14:00;CEST;15:00;CEST;5,787
20.04.2021;15:00;CEST;16:00;CEST;5,702
20.04.2021;16:00;CEST;17:00;CEST;5,883
20.04.2021;17:00;CEST;18:00;CEST;6,988
20.04.2021;18:00;CEST;19:00;CEST;8,498
20.04.2021;19:00;CEST;20:00;CEST;10
20.04.2021;20:00;CEST;21:00;CEST;10,173
20.04.2021;21:00;CEST;22:00;CEST;9,392
20.04.2021;22:00;CEST;23:00;CEST;8,691
20.04.2021;23:00;CEST;00:00;CEST;7,5
21.04.2021;00:00;CEST;01:00;CEST;6,675
21.04.2021;01:00;CEST;02:00;CEST;6,308
21.04.2021;02:00;CEST;03:00;CEST;6,224
21.04.2021;03:00;CEST;04:00;CEST;6,117
21.04.2021;04:00;CEST;05:00;CEST;6,24
21.04.2021;05:00;CEST;06:00;CEST;6,319
21.04.2021;06:00;CEST;07:00;CEST;8,101
21.04.2021;07:00;CEST;08:00;CEST;8,761
21.04.2021;08:00;CEST;09:00;CEST;7,624
21.04.2021;09:00;CEST;10:00;CEST;5,914
21.04.2021;10:00;CEST;11:00;CEST;5,168
21.04.2021;11:00;CEST;12:00;CEST;5,781
21.04.2021;12:00;CEST;13:00;CEST;4,939
21.04.2021;13:00;CEST;14:00;CEST;4,687
21.04.2021;14:00;CEST;15:00;CEST;4,336
21.04.2021;15:00;CEST;16:00;CEST;4,162
21.04.2021;16:00;CEST;17:00;CEST;3,338
21.04.2021;17:00;CEST;18:00;CEST;4,206
21.04.2021;18:00;CEST;19:00;CEST;5,364
21.04.2021;19:00;CEST;20:00;CEST;7,361
21.04.2021;20:00;CEST;21:00;CEST;7,802
21.04.2021;21:00;CEST;22:00;CEST;6,99
21.04.2021;22:00;CEST;23:00;CEST;6,235
21.04.2021;23:00;CEST;00:00;CEST;5,049
22.04.2021;00:00;CEST;01:00;CEST;4,674
22.04.2021;01:00;CEST;02:00;CEST;4,679
22.04.2021;02:00;CEST;03:00;CEST;4,435
22.04.2021;03:00;CEST;04:00;CEST;4,678
22.04.2021;04:00;CEST;05:00;CEST;4,721
22.04.2021;05:00;CEST;06:00;CEST;5
22.04.2021;06:00;CEST;07:00;CEST;6,673
22.04.2021;07:00;CEST;08:00;CEST;8,257
22.04.2021;08:00;CEST;09:00;CEST;5,934
22.04.2021;09:00;CEST;10:00;CEST;4,272
22.04.2021;10:00;CEST;11:00;CEST;3,563
22.04.2021;11:00;CEST;12:00;CEST;2,897
22.04.2021;12:00;CEST;13:00;CEST;1,767
22.04.2021;13:00;CEST;14:00;CEST;0,007
22.04.2021;14:00;CEST;15:00;CEST;0,006
22.04.2021;15:00;CEST;16:00;CEST;0,153
22.04.2021;16:00;CEST;17:00;CEST;1,595
22.04.2021;17:00;CEST;18:00;CEST;4,672
22.04.2021;18:00;CEST;19:00;CEST;5,157
22.04.2021;19:00;CEST;20:00;CEST;7,773
22.04.2021;20:00;CEST;21:00;CEST;8,442
22.04.2021;21:00;CEST;22:00;CEST;7,825
22.04.2021;22:00;CEST;23:00;CEST;6,675
22.04.2021;23:00;CEST;00:00;CEST;6,31
23.04.2021;00:00;CEST;01:00;CEST;6,673
23.04.2021;01:00;CEST;02:00;CEST;5,84
23.04.2021;02:00;CEST;03:00;CEST;5,748
23.04.2021;03:00;CEST;04:00;CEST;5,79
23.04.2021;04:00;CEST;05:00;CEST;5,748
23.04.2021;05:00;CEST;06:00;CEST;6,7
23.04.2021;06:00;CEST;07:00;CEST;7,7
23.04.2021;07:00;CEST;08:00;CEST;8,373
23.04.2021;08:00;CEST;09:00;CEST;8,316
23.04.2021;09:00;CEST;10:00;CEST;6,389
23.04.2021;10:00;CEST;11:00;CEST;5,438
23.04.2021;11:00;CEST;12:00;CEST;5,084
23.04.2021;12:00;CEST;13:00;CEST;4,672
23.04.2021;13:00;CEST;14:00;CEST;4,352
23.04.2021;14:00;CEST;15:00;CEST;3,873
23.04.2021;15:00;CEST;16:00;CEST;4,006
23.04.2021;16:00;CEST;17:00;CEST;4,529
23.04.2021;17:00;CEST;18:00;CEST;5,136
23.04.2021;18:00;CEST;19:00;CEST;6,4
23.04.2021;19:00;CEST;20:00;CEST;7,802
23.04.2021;20:00;CEST;21:00;CEST;8,102
23.04.2021;21:00;CEST;22:00;CEST;7,833
23.04.2021;22:00;CEST;23:00;CEST;7,09
23.04.2021;23:00;CEST;00:00;CEST;6,569
24.04.2021;00:00;CEST;01:00;CEST;6,851
24.04.2021;01:00;CEST;02:00;CEST;6,45
24.04.2021;02:00;CEST;03:00;CEST;6,14
24.04.2021;03:00;CEST;04:00;CEST;5,686
24.04.2021;04:00;CEST;05:00;CEST;5,489
24.04.2021;05:00;CEST;06:00;CEST;5,455
24.04.2021;06:00;CEST;07:00;CEST;5,795
24.04.2021;07:00;CEST;08:00;CEST;5,751
24.04.2021;08:00;CEST;09:00;CEST;5,575
24.04.2021;09:00;CEST;10:00;CEST;5,468
24.04.2021;10:00;CEST;11:00;CEST;5
24.04.2021;11:00;CEST;12:00;CEST;4,796
24.04.2021;12:00;CEST;13:00;CEST;4,39
24.04.2021;13:00;CEST;14:00;CEST;3,284
24.04.2021;14:00;CEST;15:00;CEST;2,024
24.04.2021;15:00;CEST;16:00;CEST;1,951
24.04.2021;16:00;CEST;17:00;CEST;2,818
24.04.2021;17:00;CEST;18:00;CEST;4,846
24.04.2021;18:00;CEST;19:00;CEST;5,696
24.04.2021;19:00;CEST;20:00;CEST;6,765
24.04.2021;20:00;CEST;21:00;CEST;7,343
24.04.2021;21:00;CEST;22:00;CEST;6,856
24.04.2021;22:00;CEST;23:00;CEST;6,715
24.04.2021;23:00;CEST;00:00;CEST;5,842
25.04.2021;00:00;CEST;01:00;CEST;5,082
25.04.2021;01:00;CEST;02:00;CEST;4,855
25.04.2021;02:00;CEST;03:00;CEST;4,871
25.04.2021;03:00;CEST;04:00;CEST;4,83
25.04.2021;04:00;CEST;05:00;CEST;4,803
25.04.2021;05:00;CEST;06:00;CEST;4,732
25.04.2021;06:00;CEST;07:00;CEST;4,476
25.04.2021;07:00;CEST;08:00;CEST;4,38
25.04.2021;08:00;CEST;09:00;CEST;4,348
25.04.2021;09:00;CEST;10:00;CEST;3,721
25.04.2021;10:00;CEST;11:00;CEST;1,78
25.04.2021;11:00;CEST;12:00;CEST;1,55
25.04.2021;12:00;CEST;13:00;CEST;1,532
25.04.2021;13:00;CEST;14:00;CEST;0,161
25.04.2021;14:00;CEST;15:00;CEST;-0,694
25.04.2021;15:00;CEST;16:00;CEST;-0,329
25.04.2021;16:00;CEST;17:00;CEST;0,011
25.04.2021;17:00;CEST;18:00;CEST;1,891
25.04.2021;18:00;CEST;19:00;CEST;5,47
25.04.2021;19:00;CEST;20:00;CEST;6,593
25.04.2021;20:00;CEST;21:00;CEST;6,788
25.04.2021;21:00;CEST;22:00;CEST;6,6
25.04.2021;22:00;CEST;23:00;CEST;6,498
25.04.2021;23:00;CEST;00:00;CEST;5,998
26.04.2021;00:00;CEST;01:00;CEST;5,25
26.04.2021;01:00;CEST;02:00;CEST;5,114
26.04.2021;02:00;CEST;03:00;CEST;5,251
26.04.2021;03:00;CEST;04:00;CEST;5,11
26.04.2021;04:00;CEST;05:00;CEST;5,117
26.04.2021;05:00;CEST;06:00;CEST;5,706
26.04.2021;06:00;CEST;07:00;CEST;7,496
26.04.2021;07:00;CEST;08:00;CEST;8,196
26.04.2021;08:00;CEST;09:00;CEST;8,385
26.04.2021;09:00;CEST;10:00;CEST;7,423
26.04.2021;10:00;CEST;11:00;CEST;5,255
26.04.2021;11:00;CEST;12:00;CEST;5,107
26.04.2021;12:00;CEST;13:00;CEST;5,012
26.04.2021;13:00;CEST;14:00;CEST;4,899
26.04.2021;14:00;CEST;15:00;CEST;4,834
26.04.2021;15:00;CEST;16:00;CEST;4,914
26.04.2021;16:00;CEST;17:00;CEST;5,073
26.04.2021;17:00;CEST;18:00;CEST;6,097
26.04.2021;18:00;CEST;19:00;CEST;7,385
26.04.2021;19:00;CEST;20:00;CEST;7,967
26.04.2021;20:00;CEST;21:00;CEST;8,102
26.04.2021;21:00;CEST;22:00;CEST;7,505
26.04.2021;22:00;CEST;23:00;CEST;7,069
26.04.2021;23:00;CEST;00:00;CEST;6,349
27.04.2021;00:00;CEST;01:00;CEST;5,362
27.04.2021;01:00;CEST;02:00;CEST;5,202
27.04.2021;02:00;CEST;03:00;CEST;5,153
27.04.2021;03:00;CEST;04:00;CEST;5,032
27.04.2021;04:00;CEST;05:00;CEST;5,12
27.04.2021;05:00;CEST;06:00;CEST;5,506
27.04.2021;06:00;CEST;07:00;CEST;7,559
27.04.2021;07:00;CEST;08:00;CEST;8,294
27.04.2021;08:00;CEST;09:00;CEST;8,17
27.04.2021;09:00;CEST;10:00;CEST;6,705
27.04.2021;10:00;CEST;11:00;CEST;5,093
27.04.2021;11:00;CEST;12:00;CEST;4,998
27.04.2021;12:00;CEST;13:00;CEST;4,84
27.04.2021;13:00;CEST;14:00;CEST;4,641
27.04.2021;14:00;CEST;15:00;CEST;4,579
27.04.2021;15:00;CEST;16:00;CEST;4,722
27.04.2021;16:00;CEST;17:00;CEST;4,906
27.04.2021;17:00;CEST;18:00;CEST;5,423
27.04.2021;18:00;CEST;19:00;CEST;7,255
27.04.2021;19:00;CEST;20:00;CEST;8,035
27.04.2021;20:00;CEST;21:00;CEST;8,087
27.04.2021;21:00;CEST;22:00;CEST;6,991
27.04.2021;22:00;CEST;23:00;CEST;5,723
27.04.2021;23:00;CEST;00:00;CEST;5,436
28.04.2021;00:00;CEST;01:00;CEST;5,642
28.04.2021;01:00;CEST;02:00;CEST;5,437
28.04.2021;02:00;CEST;03:00;CEST;5,327
28.04.2021;03:00;CEST;04:00;CEST;5,357
28.04.2021;04:00;CEST;05:00;CEST;5,417
28.04.2021;05:00;CEST;06:00;CEST;5,57
28.04.2021;06:00;CEST;07:00;CEST;7,198
28.04.2021;07:00;CEST;08:00;CEST;8,148
28.04.2021;08:00;CEST;09:00;CEST;8,557
28.04.2021;09:00;CEST;10:00;CEST;6,999
28.04.2021;10:00;CEST;11:00;CEST;5,447
28.04.2021;11:00;CEST;12:00;CEST;5,149
28.04.2021;12:00;CEST;13:00;CEST;4,955
28.04.2021;13:00;CEST;14:00;CEST;4,945
28.04.2021;14:00;CEST;15:00;CEST;5,084
28.04.2021;15:00;CEST;16:00;CEST;5,43
28.04.2021;16:00;CEST;17:00;CEST;5,596
28.04.2021;17:00;CEST;18:00;CEST;6,571
28.04.2021;18:00;CEST;19:00;CEST;7,134
28.04.2021;19:00;CEST;20:00;CEST;7,799
28.04.2021;20:00;CEST;21:00;CEST;7,712
28.04.2021;21:00;CEST;22:00;CEST;6,803
28.04.2021;22:00;CEST;23:00;CEST;6,429
28.04.2021;23:00;CEST;00:00;CEST;5,421
29.04.2021;00:00;CEST;01:00;CEST;5,259
29.04.2021;01:00;CEST;02:00;CEST;5,336
29.04.2021;02:00;CEST;03:00;CEST;5,289
29.04.2021;03:00;CEST;04:00;CEST;5,207
29.04.2021;04:00;CEST;05:00;CEST;5,204
29.04.2021;05:00;CEST;06:00;CEST;5,376
29.04.2021;06:00;CEST;07:00;CEST;6,662
29.04.2021;07:00;CEST;08:00;CEST;7,99
29.04.2021;08:00;CEST;09:00;CEST;8,508
29.04.2021;09:00;CEST;10:00;CEST;7,69
29.04.2021;10:00;CEST;11:00;CEST;6,397
29.04.2021;11:00;CEST;12:00;CEST;5,85
29.04.2021;12:00;CEST;13:00;CEST;5,517
29.04.2021;13:00;CEST;14:00;CEST;4,936
29.04.2021;14:00;CEST;15:00;CEST;4,67
29.04.2021;15:00;CEST;16:00;CEST;4,5
29.04.2021;16:00;CEST;17:00;CEST;4,74
29.04.2021;17:00;CEST;18:00;CEST;4,946
29.04.2021;18:00;CEST;19:00;CEST;5,661
29.04.2021;19:00;CEST;20:00;CEST;7,54
29.04.2021;20:00;CEST;21:00;CEST;7,396
29.04.2021;21:00;CEST;22:00;CEST;6,955
29.04.2021;22:00;CEST;23:00;CEST;5,656
29.04.2021;23:00;CEST;00:00;CEST;5,373
30.04.2021;00:00;CEST;01:00;CEST;5,577
30.04.2021;01:00;CEST;02:00;CEST;5,69
30.04.2021;02:00;CEST;03:00;CEST;5,728
30.04.2021;03:00;CEST;04:00;CEST;5,894
30.04.2021;04:00;CEST;05:00;CEST;6,031
30.04.2021;05:00;CEST;06:00;CEST;6,526
30.04.2021;06:00;CEST;07:00;CEST;7,4
30.04.2021;07:00;CEST;08:00;CEST;8,167
30.04.2021;08:00;CEST;09:00;CEST;8,493
30.04.2021;09:00;CEST;10:00;CEST;7,829
30.04.2021;10:00;CEST;11:00;CEST;7,651
30.04.2021;11:00;CEST;12:00;CEST;7,358
30.04.2021;12:00;CEST;13:00;CEST;6,704
30.04.2021;13:00;CEST;14:00;CEST;6,177
30.04.2021;14:00;CEST;15:00;CEST;5,992
30.04.2021;15:00;CEST;16:00;CEST;5,89
30.04.2021;16:00;CEST;17:00;CEST;6,041
30.04.2021;17:00;CEST;18:00;CEST;6,964
30.04.2021;18:00;CEST;19:00;CEST;7,555
30.04.2021;19:00;CEST;20:00;CEST;7,906
30.04.2021;20:00;CEST;21:00;CEST;8,096
30.04.2021;21:00;CEST;22:00;CEST;7,871
30.04.2021;22:00;CEST;23:00;CEST;7,523
30.04.2021;23:00;CEST;00:00;CEST;6,886
01.05.2021;00:00;CEST;01:00;CEST;6,929
01.05.2021;01:00;CEST;02:00;CEST;6,46
01.05.2021;02:00;CEST;03:00;CEST;6,108
01.05.2021;03:00;CEST;04:00;CEST;5,993
01.05.2021;04:00;CEST;05:00;CEST;5,99
01.05.2021;05:00;CEST;06:00;CEST;5,8
01.05.2021;06:00;CEST;07:00;CEST;5,254
01.05.2021;07:00;CEST;08:00;CEST;5,394
01.05.2021;08:00;CEST;09:00;CEST;5,738
01.05.2021;09:00;CEST;10:00;CEST;5,621
01.05.2021;10:00;CEST;11:00;CEST;5,47
01.05.2021;11:00;CEST;12:00;CEST;5,339
01.05.2021;12:00;CEST;13:00;CEST;5,313
01.05.2021;13:00;CEST;14:00;CEST;5,105
01.05.2021;14:00;CEST;15:00;CEST;4,824
01.05.2021;15:00;CEST;16:00;CEST;4,553
01.05.2021;16:00;CEST;17:00;CEST;4,898
01.05.2021;17:00;CEST;18:00;CEST;5,047
01.05.2021;18:00;CEST;19:00;CEST;5,44
01.05.2021;19:00;CEST;20:00;CEST;6,101
01.05.2021;20:00;CEST;21:00;CEST;6,869
01.05.2021;21:00;CEST;22:00;CEST;6,506
01.05.2021;22:00;CEST;23:00;CEST;6,034
01.05.2021;23:00;CEST;00:00;CEST;5,258
02.05.2021;00:00;CEST;01:00;CEST;5,567
02.05.2021;01:00;CEST;02:00;CEST;5,209
02.05.2021;02:00;CEST;03:00;CEST;5,046
02.05.2021;03:00;CEST;04:00;CEST;4,903
02.05.2021;04:00;CEST;05:00;CEST;4,943
02.05.2021;05:00;CEST;06:00;CEST;4,917
02.05.2021;06:00;CEST;07:00;CEST;4,821
02.05.2021;07:00;CEST;08:00;CEST;4,939
02.05.2021;08:00;CEST;09:00;CEST;5,076
02.05.2021;09:00;CEST;10:00;CEST;4,808
02.05.2021;10:00;CEST;11:00;CEST;4,618
02.05.2021;11:00;CEST;12:00;CEST;4,613
02.05.2021;12:00;CEST;13:00;CEST;4,391
02.05.2021;13:00;CEST;14:00;CEST;1,693
02.05.2021;14:00;CEST;15:00;CEST;0,3
02.05.2021;15:00;CEST;16:00;CEST;0,001
02.05.2021;16:00;CEST;17:00;CEST;0,262
02.05.2021;17:00;CEST;18:00;CEST;3,577
02.05.2021;18:00;CEST;19:00;CEST;5,052
02.05.2021;19:00;CEST;20:00;CEST;5,59
02.05.2021;20:00;CEST;21:00;CEST;6,711
02.05.2021;21:00;CEST;22:00;CEST;6,649
02.05.2021;22:00;CEST;23:00;CEST;6,168
02.05.2021;23:00;CEST;00:00;CEST;5,289
03.05.2021;00:00;CEST;01:00;CEST;5,432
03.05.2021;01:00;CEST;02:00;CEST;5,273
03.05.2021;02:00;CEST;03:00;CEST;5,144
03.05.2021;03:00;CEST;04:00;CEST;5,166
03.05.2021;04:00;CEST;05:00;CEST;5,16
03.05.2021;05:00;CEST;06:00;CEST;5,651
03.05.2021;06:00;CEST;07:00;CEST;7,07
03.05.2021;07:00;CEST;08:00;CEST;8,642
03.05.2021;08:00;CEST;09:00;CEST;8,793
03.05.2021;09:00;CEST;10:00;CEST;6,732
03.05.2021;10:00;CEST;11:00;CEST;6,098
03.05.2021;11:00;CEST;12:00;CEST;5,712
03.05.2021;12:00;CEST;13:00;CEST;5,299
03.05.2021;13:00;CEST;14:00;CEST;4,997
03.05.2021;14:00;CEST;15:00;CEST;5,083
03.05.2021;15:00;CEST;16:00;CEST;5,009
03.05.2021;16:00;CEST;17:00;CEST;4,979
03.05.2021;17:00;CEST;18:00;CEST;5,619
03.05.2021;18:00;CEST;19:00;CEST;7,006
03.05.2021;19:00;CEST;20:00;CEST;8,266
03.05.2021;20:00;CEST;21:00;CEST;8,7
03.05.2021;21:00;CEST;22:00;CEST;7,825
03.05.2021;22:00;CEST;23:00;CEST;6,87
03.05.2021;23:00;CEST;00:00;CEST;5,296
04.05.2021;00:00;CEST;01:00;CEST;4,528
04.05.2021;01:00;CEST;02:00;CEST;3,782
04.05.2021;02:00;CEST;03:00;CEST;1,697
04.05.2021;03:00;CEST;04:00;CEST;0,012
04.05.2021;04:00;CEST;05:00;CEST;0,01
04.05.2021;05:00;CEST;06:00;CEST;0,721
04.05.2021;06:00;CEST;07:00;CEST;4,201
04.05.2021;07:00;CEST;08:00;CEST;5,053
04.05.2021;08:00;CEST;09:00;CEST;5,059
04.05.2021;09:00;CEST;10:00;CEST;4,028
04.05.2021;10:00;CEST;11:00;CEST;3,567
04.05.2021;11:00;CEST;12:00;CEST;3,3
04.05.2021;12:00;CEST;13:00;CEST;2,623
04.05.2021;13:00;CEST;14:00;CEST;1,897
04.05.2021;14:00;CEST;15:00;CEST;0,206
04.05.2021;15:00;CEST;16:00;CEST;0,087
04.05.2021;16:00;CEST;17:00;CEST;0,5
04.05.2021;17:00;CEST;18:00;CEST;3,211
04.05.2021;18:00;CEST;19:00;CEST;4,581
04.05.2021;19:00;CEST;20:00;CEST;4,836
04.05.2021;20:00;CEST;21:00;CEST;5,053
04.05.2021;21:00;CEST;22:00;CEST;4,873
04.05.2021;22:00;CEST;23:00;CEST;4,769
04.05.2021;23:00;CEST;00:00;CEST;4,029
05.05.2021;00:00;CEST;01:00;CEST;2,362
05.05.2021;01:00;CEST;02:00;CEST;2,237
05.05.2021;02:00;CEST;03:00;CEST;2,205
05.05.2021;03:00;CEST;04:00;CEST;2,469
05.05.2021;04:00;CEST;05:00;CEST;3,229
05.05.2021;05:00;CEST;06:00;CEST;4,576
05.05.2021;06:00;CEST;07:00;CEST;5,979
05.05.2021;07:00;CEST;08:00;CEST;6,301
05.05.2021;08:00;CEST;09:00;CEST;6,39
05.05.2021;09:00;CEST;10:00;CEST;5,204
05.05.2021;10:00;CEST;11:00;CEST;4,518
05.05.2021;11:00;CEST;12:00;CEST;3,794
05.05.2021;12:00;CEST;13:00;CEST;-0,002
05.05.2021;13:00;CEST;14:00;CEST;-1,222
05.05.2021;14:00;CEST;15:00;CEST;-3,671
05.05.2021;15:00;CEST;16:00;CEST;-3
05.05.2021;16:00;CEST;17:00;CEST;-2,457
05.05.2021;17:00;CEST;18:00;CEST;2,374
05.05.2021;18:00;CEST;19:00;CEST;5,09
05.05.2021;19:00;CEST;20:00;CEST;6,819
05.05.2021;20:00;CEST;21:00;CEST;6,495
05.05.2021;21:00;CEST;22:00;CEST;5,872
05.05.2021;22:00;CEST;23:00;CEST;5,573
05.05.2021;23:00;CEST;00:00;CEST;5,201
06.05.2021;00:00;CEST;01:00;CEST;4,759
06.05.2021;01:00;CEST;02:00;CEST;4,895
06.05.2021;02:00;CEST;03:00;CEST;4,86
06.05.2021;03:00;CEST;04:00;CEST;5,016
06.05.2021;04:00;CEST;05:00;CEST;5,31
06.05.2021;05:00;CEST;06:00;CEST;5,265
06.05.2021;06:00;CEST;07:00;CEST;6,812
06.05.2021;07:00;CEST;08:00;CEST;7,492
06.05.2021;08:00;CEST;09:00;CEST;7,07
06.05.2021;09:00;CEST;10:00;CEST;5,106
06.05.2021;10:00;CEST;11:00;CEST;5,493
06.05.2021;11:00;CEST;12:00;CEST;5,508
06.05.2021;12:00;CEST;13:00;CEST;6,158
06.05.2021;13:00;CEST;14:00;CEST;5,901
06.05.2021;14:00;CEST;15:00;CEST;6,007
06.05.2021;15:00;CEST;16:00;CEST;6,305
06.05.2021;16:00;CEST;17:00;CEST;6,496
06.05.2021;17:00;CEST;18:00;CEST;7,25
06.05.2021;18:00;CEST;19:00;CEST;7,897
06.05.2021;19:00;CEST;20:00;CEST;9,101
06.05.2021;20:00;CEST;21:00;CEST;9,273
06.05.2021;21:00;CEST;22:00;CEST;8,5
06.05.2021;22:00;CEST;23:00;CEST;8
06.05.2021;23:00;CEST;00:00;CEST;7,444
07.05.2021;00:00;CEST;01:00;CEST;7,557
07.05.2021;01:00;CEST;02:00;CEST;6,882
07.05.2021;02:00;CEST;03:00;CEST;6,5
07.05.2021;03:00;CEST;04:00;CEST;6,025
07.05.2021;04:00;CEST;05:00;CEST;6,001
07.05.2021;05:00;CEST;06:00;CEST;6,93
07.05.2021;06:00;CEST;07:00;CEST;8
07.05.2021;07:00;CEST;08:00;CEST;9,107
07.05.2021;08:00;CEST;09:00;CEST;10,15
07.05.2021;09:00;CEST;10:00;CEST;8,416
07.05.2021;10:00;CEST;11:00;CEST;7,875
07.05.2021;11:00;CEST;12:00;CEST;7,698
07.05.2021;12:00;CEST;13:00;CEST;6,894
07.05.2021;13:00;CEST;14:00;CEST;6,175
07.05.2021;14:00;CEST;15:00;CEST;5,384
07.05.2021;15:00;CEST;16:00;CEST;5,222
07.05.2021;16:00;CEST;17:00;CEST;5,306
07.05.2021;17:00;CEST;18:00;CEST;5,543
07.05.2021;18:00;CEST;19:00;CEST;6,128
07.05.2021;19:00;CEST;20:00;CEST;7,7
07.05.2021;20:00;CEST;21:00;CEST;8,42
07.05.2021;21:00;CEST;22:00;CEST;8,115
07.05.2021;22:00;CEST;23:00;CEST;7,684
07.05.2021;23:00;CEST;00:00;CEST;7,404
08.05.2021;00:00;CEST;01:00;CEST;6,863
08.05.2021;01:00;CEST;02:00;CEST;6,007
08.05.2021;02:00;CEST;03:00;CEST;6,507
08.05.2021;03:00;CEST;04:00;CEST;6,263
08.05.2021;04:00;CEST;05:00;CEST;6,157
08.05.2021;05:00;CEST;06:00;CEST;5,947
08.05.2021;06:00;CEST;07:00;CEST;5,516
08.05.2021;07:00;CEST;08:00;CEST;5,601
08.05.2021;08:00;CEST;09:00;CEST;5,7
08.05.2021;09:00;CEST;10:00;CEST;5,276
08.05.2021;10:00;CEST;11:00;CEST;4,514
08.05.2021;11:00;CEST;12:00;CEST;4,104
08.05.2021;12:00;CEST;13:00;CEST;3,7
08.05.2021;13:00;CEST;14:00;CEST;2,386
08.05.2021;14:00;CEST;15:00;CEST;1,456
08.05.2021;15:00;CEST;16:00;CEST;1,818
08.05.2021;16:00;CEST;17:00;CEST;3,189
08.05.2021;17:00;CEST;18:00;CEST;5,209
08.05.2021;18:00;CEST;19:00;CEST;5,528
08.05.2021;19:00;CEST;20:00;CEST;6,995
08.05.2021;20:00;CEST;21:00;CEST;6,627
08.05.2021;21:00;CEST;22:00;CEST;6,074
08.05.2021;22:00;CEST;23:00;CEST;5,653
08.05.2021;23:00;CEST;00:00;CEST;4,683
09.05.2021;00:00;CEST;01:00;CEST;1,502
09.05.2021;01:00;CEST;02:00;CEST;0,671
09.05.2021;02:00;CEST;03:00;CEST;0,2
09.05.2021;03:00;CEST;04:00;CEST;0,161
09.05.2021;04:00;CEST;05:00;CEST;0,009
09.05.2021;05:00;CEST;06:00;CEST;0,01
09.05.2021;06:00;CEST;07:00;CEST;0,009
09.05.2021;07:00;CEST;08:00;CEST;0,008
09.05.2021;08:00;CEST;09:00;CEST;0,032
09.05.2021;09:00;CEST;10:00;CEST;0
09.05.2021;10:00;CEST;11:00;CEST;-0,491
09.05.2021;11:00;CEST;12:00;CEST;-1,097
09.05.2021;12:00;CEST;13:00;CEST;-3,99
09.05.2021;13:00;CEST;14:00;CEST;-5,211
09.05.2021;14:00;CEST;15:00;CEST;-6,618
09.05.2021;15:00;CEST;16:00;CEST;-5,405
09.05.2021;16:00;CEST;17:00;CEST;-2,26
09.05.2021;17:00;CEST;18:00;CEST;-0,057
09.05.2021;18:00;CEST;19:00;CEST;3,842
09.05.2021;19:00;CEST;20:00;CEST;5,865
09.05.2021;20:00;CEST;21:00;CEST;6,075
09.05.2021;21:00;CEST;22:00;CEST;5,199
09.05.2021;22:00;CEST;23:00;CEST;5,374
09.05.2021;23:00;CEST;00:00;CEST;4,869
10.05.2021;00:00;CEST;01:00;CEST;4,506
10.05.2021;01:00;CEST;02:00;CEST;4,211
10.05.2021;02:00;CEST;03:00;CEST;4
10.05.2021;03:00;CEST;04:00;CEST;3,545
10.05.2021;04:00;CEST;05:00;CEST;2,803
10.05.2021;05:00;CEST;06:00;CEST;3,7
10.05.2021;06:00;CEST;07:00;CEST;5,712
10.05.2021;07:00;CEST;08:00;CEST;6,999
10.05.2021;08:00;CEST;09:00;CEST;7,407
10.05.2021;09:00;CEST;10:00;CEST;5,956
10.05.2021;10:00;CEST;11:00;CEST;5,089
10.05.2021;11:00;CEST;12:00;CEST;4,688
10.05.2021;12:00;CEST;13:00;CEST;4,213
10.05.2021;13:00;CEST;14:00;CEST;4,628
10.05.2021;14:00;CEST;15:00;CEST;4,744
10.05.2021;15:00;CEST;16:00;CEST;5,325
10.05.2021;16:00;CEST;17:00;CEST;5,763
10.05.2021;17:00;CEST;18:00;CEST;6,592
10.05.2021;18:00;CEST;19:00;CEST;7,416
10.05.2021;19:00;CEST;20:00;CEST;8,394
10.05.2021;20:00;CEST;21:00;CEST;9,012
10.05.2021;21:00;CEST;22:00;CEST;8,4
10.05.2021;22:00;CEST;23:00;CEST;7,991
10.05.2021;23:00;CEST;00:00;CEST;6,8
11.05.2021;00:00;CEST;01:00;CEST;7
11.05.2021;01:00;CEST;02:00;CEST;6,492
11.05.2021;02:00;CEST;03:00;CEST;6,039
11.05.2021;03:00;CEST;04:00;CEST;5,667
11.05.2021;04:00;CEST;05:00;CEST;5,737
11.05.2021;05:00;CEST;06:00;CEST;6,309
11.05.2021;06:00;CEST;07:00;CEST;7,697
11.05.2021;07:00;CEST;08:00;CEST;8,599
11.05.2021;08:00;CEST;09:00;CEST;9,337
11.05.2021;09:00;CEST;10:00;CEST;8,571
11.05.2021;10:00;CEST;11:00;CEST;7,948
11.05.2021;11:00;CEST;12:00;CEST;7,766
11.05.2021;12:00;CEST;13:00;CEST;7,425
11.05.2021;13:00;CEST;14:00;CEST;6,916
11.05.2021;14:00;CEST;15:00;CEST;6,106
11.05.2021;15:00;CEST;16:00;CEST;6,205
11.05.2021;16:00;CEST;17:00;CEST;6,212
11.05.2021;17:00;CEST;18:00;CEST;6,943
11.05.2021;18:00;CEST;19:00;CEST;7,766
11.05.2021;19:00;CEST;20:00;CEST;8,119
11.05.2021;20:00;CEST;21:00;CEST;8
11.05.2021;21:00;CEST;22:00;CEST;7,962
11.05.2021;22:00;CEST;23:00;CEST;7,534
11.05.2021;23:00;CEST;00:00;CEST;6,862
12.05.2021;00:00;CEST;01:00;CEST;6,226
12.05.2021;01:00;CEST;02:00;CEST;5,82
12.05.2021;02:00;CEST;03:00;CEST;5,631
12.05.2021;03:00;CEST;04:00;CEST;5,481
12.05.2021;04:00;CEST;05:00;CEST;5,501
12.05.2021;05:00;CEST;06:00;CEST;5,884
12.05.2021;06:00;CEST;07:00;CEST;6,999
12.05.2021;07:00;CEST;08:00;CEST;7,937
12.05.2021;08:00;CEST;09:00;CEST;8,612
12.05.2021;09:00;CEST;10:00;CEST;8,01
12.05.2021;10:00;CEST;11:00;CEST;7,578
12.05.2021;11:00;CEST;12:00;CEST;7,384
12.05.2021;12:00;CEST;13:00;CEST;6,888
12.05.2021;13:00;CEST;14:00;CEST;6,206
12.05.2021;14:00;CEST;15:00;CEST;6,006
12.05.2021;15:00;CEST;16:00;CEST;6
12.05.2021;16:00;CEST;17:00;CEST;6,275
12.05.2021;17:00;CEST;18:00;CEST;7
12.05.2021;18:00;CEST;19:00;CEST;7,497
12.05.2021;19:00;CEST;20:00;CEST;8,097
12.05.2021;20:00;CEST;21:00;CEST;8,097
12.05.2021;21:00;CEST;22:00;CEST;7,808
12.05.2021;22:00;CEST;23:00;CEST;7,451
12.05.2021;23:00;CEST;00:00;CEST;6,601
13.05.2021;00:00;CEST;01:00;CEST;6,504
13.05.2021;01:00;CEST;02:00;CEST;6,315
13.05.2021;02:00;CEST;03:00;CEST;6,074
13.05.2021;03:00;CEST;04:00;CEST;6,085
13.05.2021;04:00;CEST;05:00;CEST;5,99
13.05.2021;05:00;CEST;06:00;CEST;6,069
13.05.2021;06:00;CEST;07:00;CEST;6,033
13.05.2021;07:00;CEST;08:00;CEST;6,287
13.05.2021;08:00;CEST;09:00;CEST;6,764
13.05.2021;09:00;CEST;10:00;CEST;6,3
13.05.2021;10:00;CEST;11:00;CEST;6,069
13.05.2021;11:00;CEST;12:00;CEST;5,796
13.05.2021;12:00;CEST;13:00;CEST;5,878
13.05.2021;13:00;CEST;14:00;CEST;5,163
13.05.2021;14:00;CEST;15:00;CEST;4,896
13.05.2021;15:00;CEST;16:00;CEST;4,8
13.05.2021;16:00;CEST;17:00;CEST;4,978
13.05.2021;17:00;CEST;18:00;CEST;5,7
13.05.2021;18:00;CEST;19:00;CEST;6,403
13.05.2021;19:00;CEST;20:00;CEST;7,591
13.05.2021;20:00;CEST;21:00;CEST;7,776
13.05.2021;21:00;CEST;22:00;CEST;7,996
13.05.2021;22:00;CEST;23:00;CEST;7,835
13.05.2021;23:00;CEST;00:00;CEST;7,263
14.05.2021;00:00;CEST;01:00;CEST;7,538
14.05.2021;01:00;CEST;02:00;CEST;6,9
14.05.2021;02:00;CEST;03:00;CEST;6,565
14.05.2021;03:00;CEST;04:00;CEST;6,22
14.05.2021;04:00;CEST;05:00;CEST;6,22
14.05.2021;05:00;CEST;06:00;CEST;6,8
14.05.2021;06:00;CEST;07:00;CEST;7,378
14.05.2021;07:00;CEST;08:00;CEST;8
14.05.2021;08:00;CEST;09:00;CEST;8,214
14.05.2021;09:00;CEST;10:00;CEST;7,896
14.05.2021;10:00;CEST;11:00;CEST;7
14.05.2021;11:00;CEST;12:00;CEST;6,721
14.05.2021;12:00;CEST;13:00;CEST;6,721
14.05.2021;13:00;CEST;14:00;CEST;6,3
14.05.2021;14:00;CEST;15:00;CEST;6,07
14.05.2021;15:00;CEST;16:00;CEST;6
14.05.2021;16:00;CEST;17:00;CEST;6,005
14.05.2021;17:00;CEST;18:00;CEST;6,5
14.05.2021;18:00;CEST;19:00;CEST;7,694
14.05.2021;19:00;CEST;20:00;CEST;8,021
14.05.2021;20:00;CEST;21:00;CEST;8,49
14.05.2021;21:00;CEST;22:00;CEST;8,702
14.05.2021;22:00;CEST;23:00;CEST;8,5
14.05.2021;23:00;CEST;00:00;CEST;7,869
15.05.2021;00:00;CEST;01:00;CEST;7,239
15.05.2021;01:00;CEST;02:00;CEST;6,675
15.05.2021;02:00;CEST;03:00;CEST;6,076
15.05.2021;03:00;CEST;04:00;CEST;5,799
15.05.2021;04:00;CEST;05:00;CEST;5,666
15.05.2021;05:00;CEST;06:00;CEST;5,487
15.05.2021;06:00;CEST;07:00;CEST;5,517
15.05.2021;07:00;CEST;08:00;CEST;6,075
15.05.2021;08:00;CEST;09:00;CEST;6,06
15.05.2021;09:00;CEST;10:00;CEST;6,009
15.05.2021;10:00;CEST;11:00;CEST;5,573
15.05.2021;11:00;CEST;12:00;CEST;5,302
15.05.2021;12:00;CEST;13:00;CEST;5,196
15.05.2021;13:00;CEST;14:00;CEST;4,849
15.05.2021;14:00;CEST;15:00;CEST;4,505
15.05.2021;15:00;CEST;16:00;CEST;4,769
15.05.2021;16:00;CEST;17:00;CEST;5,116
15.05.2021;17:00;CEST;18:00;CEST;5,543
15.05.2021;18:00;CEST;19:00;CEST;7,096
15.05.2021;19:00;CEST;20:00;CEST;7,529
15.05.2021;20:00;CEST;21:00;CEST;7,565
15.05.2021;21:00;CEST;22:00;CEST;7,264
15.05.2021;22:00;CEST;23:00;CEST;7,073
15.05.2021;23:00;CEST;00:00;CEST;6,5
16.05.2021;00:00;CEST;01:00;CEST;5,305
16.05.2021;01:00;CEST;02:00;CEST;4,763
16.05.2021;02:00;CEST;03:00;CEST;4,131
16.05.2021;03:00;CEST;04:00;CEST;3,449
16.05.2021;04:00;CEST;05:00;CEST;2,972
16.05.2021;05:00;CEST;06:00;CEST;2,786
16.05.2021;06:00;CEST;07:00;CEST;2,208
16.05.2021;07:00;CEST;08:00;CEST;2,525
16.05.2021;08:00;CEST;09:00;CEST;3,139
16.05.2021;09:00;CEST;10:00;CEST;3,091
16.05.2021;10:00;CEST;11:00;CEST;2,422
16.05.2021;11:00;CEST;12:00;CEST;2,92
16.05.2021;12:00;CEST;13:00;CEST;2,896
16.05.2021;13:00;CEST;14:00;CEST;0,993
16.05.2021;14:00;CEST;15:00;CEST;0,24
16.05.2021;15:00;CEST;16:00;CEST;0,1
16.05.2021;16:00;CEST;17:00;CEST;1,01
16.05.2021;17:00;CEST;18:00;CEST;4,996
16.05.2021;18:00;CEST;19:00;CEST;6,742
16.05.2021;19:00;CEST;20:00;CEST;8,1
16.05.2021;20:00;CEST;21:00;CEST;8,489
16.05.2021;21:00;CEST;22:00;CEST;7,947
16.05.2021;22:00;CEST;23:00;CEST;7,957
16.05.2021;23:00;CEST;00:00;CEST;6,505
17.05.2021;00:00;CEST;01:00;CEST;6,051
17.05.2021;01:00;CEST;02:00;CEST;5,303
17.05.2021;02:00;CEST;03:00;CEST;5,276
17.05.2021;03:00;CEST;04:00;CEST;5,378
17.05.2021;04:00;CEST;05:00;CEST;5,672
17.05.2021;05:00;CEST;06:00;CEST;6,073
17.05.2021;06:00;CEST;07:00;CEST;8,007
17.05.2021;07:00;CEST;08:00;CEST;9,446
17.05.2021;08:00;CEST;09:00;CEST;10,151
17.05.2021;09:00;CEST;10:00;CEST;8,666
17.05.2021;10:00;CEST;11:00;CEST;8,2
17.05.2021;11:00;CEST;12:00;CEST;8,186
17.05.2021;12:00;CEST;13:00;CEST;7,802
17.05.2021;13:00;CEST;14:00;CEST;7,2
17.05.2021;14:00;CEST;15:00;CEST;6,4
17.05.2021;15:00;CEST;16:00;CEST;6,076
17.05.2021;16:00;CEST;17:00;CEST;5,955
17.05.2021;17:00;CEST;18:00;CEST;7,079
17.05.2021;18:00;CEST;19:00;CEST;7,796
17.05.2021;19:00;CEST;20:00;CEST;8,577
17.05.2021;20:00;CEST;21:00;CEST;8,892
17.05.2021;21:00;CEST;22:00;CEST;8,704
17.05.2021;22:00;CEST;23:00;CEST;8,2
17.05.2021;23:00;CEST;00:00;CEST;7,799
18.05.2021;00:00;CEST;01:00;CEST;6,8
18.05.2021;01:00;CEST;02:00;CEST;6,2
18.05.2021;02:00;CEST;03:00;CEST;5,966
18.05.2021;03:00;CEST;04:00;CEST;5,668
18.05.2021;04:00;CEST;05:00;CEST;5,992
18.05.2021;05:00;CEST;06:00;CEST;6,721
18.05.2021;06:00;CEST;07:00;CEST;8,099
18.05.2021;07:00;CEST;08:00;CEST;8,798
18.05.2021;08:00;CEST;09:00;CEST;9,007
18.05.2021;09:00;CEST;10:00;CEST;8,725
18.05.2021;10:00;CEST;11:00;CEST;8,242
18.05.2021;11:00;CEST;12:00;CEST;8
18.05.2021;12:00;CEST;13:00;CEST;7,308
18.05.2021;13:00;CEST;14:00;CEST;6,746
18.05.2021;14:00;CEST;15:00;CEST;6,255
18.05.2021;15:00;CEST;16:00;CEST;6,192
18.05.2021;16:00;CEST;17:00;CEST;6,016
18.05.2021;17:00;CEST;18:00;CEST;6,425
18.05.2021;18:00;CEST;19:00;CEST;7,99
18.05.2021;19:00;CEST;20:00;CEST;8,824
18.05.2021;20:00;CEST;21:00;CEST;8,995
18.05.2021;21:00;CEST;22:00;CEST;8,798
18.05.2021;22:00;CEST;23:00;CEST;8,37
18.05.2021;23:00;CEST;00:00;CEST;7,892
19.05.2021;00:00;CEST;01:00;CEST;7,259
19.05.2021;01:00;CEST;02:00;CEST;6,549
19.05.2021;02:00;CEST;03:00;CEST;6,31
19.05.2021;03:00;CEST;04:00;CEST;6,208
19.05.2021;04:00;CEST;05:00;CEST;6,382
19.05.2021;05:00;CEST;06:00;CEST;6,979
19.05.2021;06:00;CEST;07:00;CEST;8,296
19.05.2021;07:00;CEST;08:00;CEST;10,021
19.05.2021;08:00;CEST;09:00;CEST;10,182
19.05.2021;09:00;CEST;10:00;CEST;8,932
19.05.2021;10:00;CEST;11:00;CEST;8,465
19.05.2021;11:00;CEST;12:00;CEST;8,196
19.05.2021;12:00;CEST;13:00;CEST;7,777
19.05.2021;13:00;CEST;14:00;CEST;7,008
19.05.2021;14:00;CEST;15:00;CEST;6,4
19.05.2021;15:00;CEST;16:00;CEST;6,355
19.05.2021;16:00;CEST;17:00;CEST;6,387
19.05.2021;17:00;CEST;18:00;CEST;7,1
19.05.2021;18:00;CEST;19:00;CEST;8,06
19.05.2021;19:00;CEST;20:00;CEST;8,65
19.05.2021;20:00;CEST;21:00;CEST;9,281
19.05.2021;21:00;CEST;22:00;CEST;9,001
19.05.2021;22:00;CEST;23:00;CEST;8,707
19.05.2021;23:00;CEST;00:00;CEST;8,005
20.05.2021;00:00;CEST;01:00;CEST;7,167
20.05.2021;01:00;CEST;02:00;CEST;6,167
20.05.2021;02:00;CEST;03:00;CEST;6,19
20.05.2021;03:00;CEST;04:00;CEST;5,995
20.05.2021;04:00;CEST;05:00;CEST;5,87
20.05.2021;05:00;CEST;06:00;CEST;6,579
20.05.2021;06:00;CEST;07:00;CEST;7,991
20.05.2021;07:00;CEST;08:00;CEST;9,023
20.05.2021;08:00;CEST;09:00;CEST;9,49
20.05.2021;09:00;CEST;10:00;CEST;8,778
20.05.2021;10:00;CEST;11:00;CEST;7,305
20.05.2021;11:00;CEST;12:00;CEST;6,917
20.05.2021;12:00;CEST;13:00;CEST;5,936
20.05.2021;13:00;CEST;14:00;CEST;5,6
20.05.2021;14:00;CEST;15:00;CEST;5,407
20.05.2021;15:00;CEST;16:00;CEST;5,595
20.05.2021;16:00;CEST;17:00;CEST;5,72
20.05.2021;17:00;CEST;18:00;CEST;5,984
20.05.2021;18:00;CEST;19:00;CEST;7,474
20.05.2021;19:00;CEST;20:00;CEST;8,593
20.05.2021;20:00;CEST;21:00;CEST;8,708
20.05.2021;21:00;CEST;22:00;CEST;7,897
20.05.2021;22:00;CEST;23:00;CEST;7,696
20.05.2021;23:00;CEST;00:00;CEST;5,893
21.05.2021;00:00;CEST;01:00;CEST;3,724
21.05.2021;01:00;CEST;02:00;CEST;2,29
21.05.2021;02:00;CEST;03:00;CEST;1,429
21.05.2021;03:00;CEST;04:00;CEST;0,783
21.05.2021;04:00;CEST;05:00;CEST;0,708
21.05.2021;05:00;CEST;06:00;CEST;2,099
21.05.2021;06:00;CEST;07:00;CEST;5,114
21.05.2021;07:00;CEST;08:00;CEST;6,5
21.05.2021;08:00;CEST;09:00;CEST;6,622
21.05.2021;09:00;CEST;10:00;CEST;5,341
21.05.2021;10:00;CEST;11:00;CEST;3,757
21.05.2021;11:00;CEST;12:00;CEST;2,245
21.05.2021;12:00;CEST;13:00;CEST;1,399
21.05.2021;13:00;CEST;14:00;CEST;0,067
21.05.2021;14:00;CEST;15:00;CEST;-0,947
21.05.2021;15:00;CEST;16:00;CEST;-0,583
21.05.2021;16:00;CEST;17:00;CEST;0,233
21.05.2021;17:00;CEST;18:00;CEST;1,601
21.05.2021;18:00;CEST;19:00;CEST;4,757
21.05.2021;19:00;CEST;20:00;CEST;6,023
21.05.2021;20:00;CEST;21:00;CEST;6,392
21.05.2021;21:00;CEST;22:00;CEST;5,88
21.05.2021;22:00;CEST;23:00;CEST;5,51
21.05.2021;23:00;CEST;00:00;CEST;4,269
22.05.2021;00:00;CEST;01:00;CEST;2,004
22.05.2021;01:00;CEST;02:00;CEST;0,407
22.05.2021;02:00;CEST;03:00;CEST;0,089
22.05.2021;03:00;CEST;04:00;CEST;0,003
22.05.2021;04:00;CEST;05:00;CEST;-0,005
22.05.2021;05:00;CEST;06:00;CEST;-0,054
22.05.2021;06:00;CEST;07:00;CEST;-0,094
22.05.2021;07:00;CEST;08:00;CEST;-0,009
22.05.2021;08:00;CEST;09:00;CEST;-0,011
22.05.2021;09:00;CEST;10:00;CEST;-0,816
22.05.2021;10:00;CEST;11:00;CEST;-3,357
22.05.2021;11:00;CEST;12:00;CEST;-4,991
22.05.2021;12:00;CEST;13:00;CEST;-5,073
22.05.2021;13:00;CEST;14:00;CEST;-6,8
22.05.2021;14:00;CEST;15:00;CEST;-6,9
22.05.2021;15:00;CEST;16:00;CEST;-6,283
22.05.2021;16:00;CEST;17:00;CEST;-4,998
22.05.2021;17:00;CEST;18:00;CEST;-1,656
22.05.2021;18:00;CEST;19:00;CEST;0,698
22.05.2021;19:00;CEST;20:00;CEST;4,095
22.05.2021;20:00;CEST;21:00;CEST;4,572
22.05.2021;21:00;CEST;22:00;CEST;4,88
22.05.2021;22:00;CEST;23:00;CEST;4,744
22.05.2021;23:00;CEST;00:00;CEST;2,661
23.05.2021;00:00;CEST;01:00;CEST;2,324
23.05.2021;01:00;CEST;02:00;CEST;1,547
23.05.2021;02:00;CEST;03:00;CEST;1,682
23.05.2021;03:00;CEST;04:00;CEST;0,735
23.05.2021;04:00;CEST;05:00;CEST;1,031
23.05.2021;05:00;CEST;06:00;CEST;0,508
23.05.2021;06:00;CEST;07:00;CEST;0,503
23.05.2021;07:00;CEST;08:00;CEST;1,496
23.05.2021;08:00;CEST;09:00;CEST;1,316
23.05.2021;09:00;CEST;10:00;CEST;1,374
23.05.2021;10:00;CEST;11:00;CEST;0,658
23.05.2021;11:00;CEST;12:00;CEST;0,278
23.05.2021;12:00;CEST;13:00;CEST;0,008
23.05.2021;13:00;CEST;14:00;CEST;-0,783
23.05.2021;14:00;CEST;15:00;CEST;-2,493
23.05.2021;15:00;CEST;16:00;CEST;-2,5
23.05.2021;16:00;CEST;17:00;CEST;-0,802
23.05.2021;17:00;CEST;18:00;CEST;1,17
23.05.2021;18:00;CEST;19:00;CEST;5,559
23.05.2021;19:00;CEST;20:00;CEST;7,719
23.05.2021;20:00;CEST;21:00;CEST;8,034
23.05.2021;21:00;CEST;22:00;CEST;7,741
23.05.2021;22:00;CEST;23:00;CEST;7,485
23.05.2021;23:00;CEST;00:00;CEST;6,158
24.05.2021;00:00;CEST;01:00;CEST;5,391
24.05.2021;01:00;CEST;02:00;CEST;2,563
24.05.2021;02:00;CEST;03:00;CEST;2,022
24.05.2021;03:00;CEST;04:00;CEST;1,565
24.05.2021;04:00;CEST;05:00;CEST;1,197
24.05.2021;05:00;CEST;06:00;CEST;1,654
24.05.2021;06:00;CEST;07:00;CEST;2,186
24.05.2021;07:00;CEST;08:00;CEST;2,697
24.05.2021;08:00;CEST;09:00;CEST;3,6
24.05.2021;09:00;CEST;10:00;CEST;2,252
24.05.2021;10:00;CEST;11:00;CEST;0,035
24.05.2021;11:00;CEST;12:00;CEST;-0,003
24.05.2021;12:00;CEST;13:00;CEST;0
24.05.2021;13:00;CEST;14:00;CEST;0,211
24.05.2021;14:00;CEST;15:00;CEST;1
24.05.2021;15:00;CEST;16:00;CEST;1,61
24.05.2021;16:00;CEST;17:00;CEST;2,944
24.05.2021;17:00;CEST;18:00;CEST;5,27
24.05.2021;18:00;CEST;19:00;CEST;7,211
24.05.2021;19:00;CEST;20:00;CEST;7,623
24.05.2021;20:00;CEST;21:00;CEST;7,071
24.05.2021;21:00;CEST;22:00;CEST;6,292
24.05.2021;22:00;CEST;23:00;CEST;6,203
24.05.2021;23:00;CEST;00:00;CEST;5,355
25.05.2021;00:00;CEST;01:00;CEST;5,264
25.05.2021;01:00;CEST;02:00;CEST;4,878
25.05.2021;02:00;CEST;03:00;CEST;4,615
25.05.2021;03:00;CEST;04:00;CEST;4,201
25.05.2021;04:00;CEST;05:00;CEST;4,094
25.05.2021;05:00;CEST;06:00;CEST;4,853
25.05.2021;06:00;CEST;07:00;CEST;6,64
25.05.2021;07:00;CEST;08:00;CEST;8,198
25.05.2021;08:00;CEST;09:00;CEST;8,465
25.05.2021;09:00;CEST;10:00;CEST;7,679
25.05.2021;10:00;CEST;11:00;CEST;6,6
25.05.2021;11:00;CEST;12:00;CEST;6,203
25.05.2021;12:00;CEST;13:00;CEST;5,551
25.05.2021;13:00;CEST;14:00;CEST;4,797
25.05.2021;14:00;CEST;15:00;CEST;4,204
25.05.2021;15:00;CEST;16:00;CEST;4,03
25.05.2021;16:00;CEST;17:00;CEST;4,248
25.05.2021;17:00;CEST;18:00;CEST;5,009
25.05.2021;18:00;CEST;19:00;CEST;6,548
25.05.2021;19:00;CEST;20:00;CEST;7,631
25.05.2021;20:00;CEST;21:00;CEST;7,798
25.05.2021;21:00;CEST;22:00;CEST;7,719
25.05.2021;22:00;CEST;23:00;CEST;7,709
25.05.2021;23:00;CEST;00:00;CEST;6,539
26.05.2021;00:00;CEST;01:00;CEST;6,125
26.05.2021;01:00;CEST;02:00;CEST;5,476
26.05.2021;02:00;CEST;03:00;CEST;5,203
26.05.2021;03:00;CEST;04:00;CEST;5,115
26.05.2021;04:00;CEST;05:00;CEST;5,228
26.05.2021;05:00;CEST;06:00;CEST;5,974
26.05.2021;06:00;CEST;07:00;CEST;7,668
26.05.2021;07:00;CEST;08:00;CEST;8,459
26.05.2021;08:00;CEST;09:00;CEST;8,356
26.05.2021;09:00;CEST;10:00;CEST;7,357
26.05.2021;10:00;CEST;11:00;CEST;6,887
26.05.2021;11:00;CEST;12:00;CEST;7,078
26.05.2021;12:00;CEST;13:00;CEST;6,487
26.05.2021;13:00;CEST;14:00;CEST;6,003
26.05.2021;14:00;CEST;15:00;CEST;5,386
26.05.2021;15:00;CEST;16:00;CEST;5,356
26.05.2021;16:00;CEST;17:00;CEST;5,417
26.05.2021;17:00;CEST;18:00;CEST;6,065
26.05.2021;18:00;CEST;19:00;CEST;7,452
26.05.2021;19:00;CEST;20:00;CEST;8
26.05.2021;20:00;CEST;21:00;CEST;8
26.05.2021;21:00;CEST;22:00;CEST;7,726
26.05.2021;22:00;CEST;23:00;CEST;7,528
26.05.2021;23:00;CEST;00:00;CEST;5,108
27.05.2021;00:00;CEST;01:00;CEST;6,013
27.05.2021;01:00;CEST;02:00;CEST;5,815
27.05.2021;02:00;CEST;03:00;CEST;5,637
27.05.2021;03:00;CEST;04:00;CEST;5,271
27.05.2021;04:00;CEST;05:00;CEST;5,29
27.05.2021;05:00;CEST;06:00;CEST;6,075
27.05.2021;06:00;CEST;07:00;CEST;7,7
27.05.2021;07:00;CEST;08:00;CEST;8,447
27.05.2021;08:00;CEST;09:00;CEST;8,645
27.05.2021;09:00;CEST;10:00;CEST;7,979
27.05.2021;10:00;CEST;11:00;CEST;7,913
27.05.2021;11:00;CEST;12:00;CEST;7,807
27.05.2021;12:00;CEST;13:00;CEST;7,495
27.05.2021;13:00;CEST;14:00;CEST;6,532
27.05.2021;14:00;CEST;15:00;CEST;6,077
27.05.2021;15:00;CEST;16:00;CEST;6,045
27.05.2021;16:00;CEST;17:00;CEST;6,091
27.05.2021;17:00;CEST;18:00;CEST;6,962
27.05.2021;18:00;CEST;19:00;CEST;7,996
27.05.2021;19:00;CEST;20:00;CEST;8,599
27.05.2021;20:00;CEST;21:00;CEST;8,887
27.05.2021;21:00;CEST;22:00;CEST;8,591
27.05.2021;22:00;CEST;23:00;CEST;8,404
27.05.2021;23:00;CEST;00:00;CEST;7,971
28.05.2021;00:00;CEST;01:00;CEST;7,134
28.05.2021;01:00;CEST;02:00;CEST;6,3
28.05.2021;02:00;CEST;03:00;CEST;6,159
28.05.2021;03:00;CEST;04:00;CEST;6,203
28.05.2021;04:00;CEST;05:00;CEST;6,464
28.05.2021;05:00;CEST;06:00;CEST;6,793
28.05.2021;06:00;CEST;07:00;CEST;8,136
28.05.2021;07:00;CEST;08:00;CEST;9,301
28.05.2021;08:00;CEST;09:00;CEST;9,242
28.05.2021;09:00;CEST;10:00;CEST;8,438
28.05.2021;10:00;CEST;11:00;CEST;8,009
28.05.2021;11:00;CEST;12:00;CEST;7,903
28.05.2021;12:00;CEST;13:00;CEST;7,329
28.05.2021;13:00;CEST;14:00;CEST;6,061
28.05.2021;14:00;CEST;15:00;CEST;5,834
28.05.2021;15:00;CEST;16:00;CEST;6
28.05.2021;16:00;CEST;17:00;CEST;6,102
28.05.2021;17:00;CEST;18:00;CEST;7,209
28.05.2021;18:00;CEST;19:00;CEST;7,799
28.05.2021;19:00;CEST;20:00;CEST;8,367
28.05.2021;20:00;CEST;21:00;CEST;8,29
28.05.2021;21:00;CEST;22:00;CEST;8,01
28.05.2021;22:00;CEST;23:00;CEST;8,003
28.05.2021;23:00;CEST;00:00;CEST;7,559
29.05.2021;00:00;CEST;01:00;CEST;7,089
29.05.2021;01:00;CEST;02:00;CEST;6,837
29.05.2021;02:00;CEST;03:00;CEST;6,707
29.05.2021;03:00;CEST;04:00;CEST;6,477
29.05.2021;04:00;CEST;05:00;CEST;6,409
29.05.2021;05:00;CEST;06:00;CEST;6,242
29.05.2021;06:00;CEST;07:00;CEST;6,377
29.05.2021;07:00;CEST;08:00;CEST;6,491
29.05.2021;08:00;CEST;09:00;CEST;6,5
29.05.2021;09:00;CEST;10:00;CEST;6,394
29.05.2021;10:00;CEST;11:00;CEST;5,847
29.05.2021;11:00;CEST;12:00;CEST;5,22
29.05.2021;12:00;CEST;13:00;CEST;4,796
29.05.2021;13:00;CEST;14:00;CEST;3,103
29.05.2021;14:00;CEST;15:00;CEST;1,501
29.05.2021;15:00;CEST;16:00;CEST;1,583
29.05.2021;16:00;CEST;17:00;CEST;2,827
29.05.2021;17:00;CEST;18:00;CEST;4,595
29.05.2021;18:00;CEST;19:00;CEST;5,805
29.05.2021;19:00;CEST;20:00;CEST;6,79
29.05.2021;20:00;CEST;21:00;CEST;7,185
29.05.2021;21:00;CEST;22:00;CEST;7,202
29.05.2021;22:00;CEST;23:00;CEST;7,099
29.05.2021;23:00;CEST;00:00;CEST;6,495
30.05.2021;00:00;CEST;01:00;CEST;5,99
30.05.2021;01:00;CEST;02:00;CEST;5,507
30.05.2021;02:00;CEST;03:00;CEST;5,066
30.05.2021;03:00;CEST;04:00;CEST;4,89
30.05.2021;04:00;CEST;05:00;CEST;4,892
30.05.2021;05:00;CEST;06:00;CEST;4,761
30.05.2021;06:00;CEST;07:00;CEST;4,571
30.05.2021;07:00;CEST;08:00;CEST;4,5
30.05.2021;08:00;CEST;09:00;CEST;3,94
30.05.2021;09:00;CEST;10:00;CEST;3,196
30.05.2021;10:00;CEST;11:00;CEST;1,759
30.05.2021;11:00;CEST;12:00;CEST;0,8
30.05.2021;12:00;CEST;13:00;CEST;0,608
30.05.2021;13:00;CEST;14:00;CEST;-0,305
30.05.2021;14:00;CEST;15:00;CEST;-1,686
30.05.2021;15:00;CEST;16:00;CEST;-0,99
30.05.2021;16:00;CEST;17:00;CEST;-0,093
30.05.2021;17:00;CEST;18:00;CEST;1,747
30.05.2021;18:00;CEST;19:00;CEST;5,006
30.05.2021;19:00;CEST;20:00;CEST;6,789
30.05.2021;20:00;CEST;21:00;CEST;7,808
30.05.2021;21:00;CEST;22:00;CEST;7,929
30.05.2021;22:00;CEST;23:00;CEST;7,543
30.05.2021;23:00;CEST;00:00;CEST;6,607
31.05.2021;00:00;CEST;01:00;CEST;5,96
31.05.2021;01:00;CEST;02:00;CEST;5,73
31.05.2021;02:00;CEST;03:00;CEST;5,622
31.05.2021;03:00;CEST;04:00;CEST;5,502
31.05.2021;04:00;CEST;05:00;CEST;5,849
31.05.2021;05:00;CEST;06:00;CEST;5,989
31.05.2021;06:00;CEST;07:00;CEST;7,672
31.05.2021;07:00;CEST;08:00;CEST;8,598
31.05.2021;08:00;CEST;09:00;CEST;8,673
31.05.2021;09:00;CEST;10:00;CEST;7,79
31.05.2021;10:00;CEST;11:00;CEST;6,338
31.05.2021;11:00;CEST;12:00;CEST;6,069
31.05.2021;12:00;CEST;13:00;CEST;5,91
31.05.2021;13:00;CEST;14:00;CEST;5,526
31.05.2021;14:00;CEST;15:00;CEST;5,405
31.05.2021;15:00;CEST;16:00;CEST;5,469
31.05.2021;16:00;CEST;17:00;CEST;5,394
31.05.2021;17:00;CEST;18:00;CEST;6,23
31.05.2021;18:00;CEST;19:00;CEST;7,6
31.05.2021;19:00;CEST;20:00;CEST;8,514
31.05.2021;20:00;CEST;21:00;CEST;8,6
31.05.2021;21:00;CEST;22:00;CEST;8,2
31.05.2021;22:00;CEST;23:00;CEST;7,99
31.05.2021;23:00;CEST;00:00;CEST;7,267
01.06.2021;00:00;CEST;01:00;CEST;6,198
01.06.2021;01:00;CEST;02:00;CEST;5,894
01.06.2021;02:00;CEST;03:00;CEST;5,65
01.06.2021;03:00;CEST;04:00;CEST;5,623
01.06.2021;04:00;CEST;05:00;CEST;5,695
01.06.2021;05:00;CEST;06:00;CEST;6,2
01.06.2021;06:00;CEST;07:00;CEST;7,899
01.06.2021;07:00;CEST;08:00;CEST;8,579
01.06.2021;08:00;CEST;09:00;CEST;8,71
01.06.2021;09:00;CEST;10:00;CEST;7,82
01.06.2021;10:00;CEST;11:00;CEST;6,495
01.06.2021;11:00;CEST;12:00;CEST;6,11
01.06.2021;12:00;CEST;13:00;CEST;5,813
01.06.2021;13:00;CEST;14:00;CEST;5,612
01.06.2021;14:00;CEST;15:00;CEST;5,54
01.06.2021;15:00;CEST;16:00;CEST;5,691
01.06.2021;16:00;CEST;17:00;CEST;5,813
01.06.2021;17:00;CEST;18:00;CEST;7,058
01.06.2021;18:00;CEST;19:00;CEST;7,936
01.06.2021;19:00;CEST;20:00;CEST;8,67
01.06.2021;20:00;CEST;21:00;CEST;8,514
01.06.2021;21:00;CEST;22:00;CEST;8,05
01.06.2021;22:00;CEST;23:00;CEST;7,531
01.06.2021;23:00;CEST;00:00;CEST;6,708
02.06.2021;00:00;CEST;01:00;CEST;6,5
02.06.2021;01:00;CEST;02:00;CEST;6,137
02.06.2021;02:00;CEST;03:00;CEST;5,918
02.06.2021;03:00;CEST;04:00;CEST;6
02.06.2021;04:00;CEST;05:00;CEST;5,989
02.06.2021;05:00;CEST;06:00;CEST;6,371
02.06.2021;06:00;CEST;07:00;CEST;7,849
02.06.2021;07:00;CEST;08:00;CEST;8,16
02.06.2021;08:00;CEST;09:00;CEST;8,112
02.06.2021;09:00;CEST;10:00;CEST;7,234
02.06.2021;10:00;CEST;11:00;CEST;6,244
02.06.2021;11:00;CEST;12:00;CEST;5,73
02.06.2021;12:00;CEST;13:00;CEST;5,572
02.06.2021;13:00;CEST;14:00;CEST;5,402
02.06.2021;14:00;CEST;15:00;CEST;5,383
02.06.2021;15:00;CEST;16:00;CEST;5,39
02.06.2021;16:00;CEST;17:00;CEST;5,687
02.06.2021;17:00;CEST;18:00;CEST;6,745
02.06.2021;18:00;CEST;19:00;CEST;7,848
02.06.2021;19:00;CEST;20:00;CEST;8,334
02.06.2021;20:00;CEST;21:00;CEST;8,291
02.06.2021;21:00;CEST;22:00;CEST;7,817
02.06.2021;22:00;CEST;23:00;CEST;7,393
02.06.2021;23:00;CEST;00:00;CEST;5,939
03.06.2021;00:00;CEST;01:00;CEST;5,788
03.06.2021;01:00;CEST;02:00;CEST;5,408
03.06.2021;02:00;CEST;03:00;CEST;5,4
03.06.2021;03:00;CEST;04:00;CEST;5,05
03.06.2021;04:00;CEST;05:00;CEST;5,257
03.06.2021;05:00;CEST;06:00;CEST;5,408
03.06.2021;06:00;CEST;07:00;CEST;5,41
03.06.2021;07:00;CEST;08:00;CEST;6,244
03.06.2021;08:00;CEST;09:00;CEST;5,998
03.06.2021;09:00;CEST;10:00;CEST;5,866
03.06.2021;10:00;CEST;11:00;CEST;5,394
03.06.2021;11:00;CEST;12:00;CEST;5,196
03.06.2021;12:00;CEST;13:00;CEST;5,044
03.06.2021;13:00;CEST;14:00;CEST;5,163
03.06.2021;14:00;CEST;15:00;CEST;5,484
03.06.2021;15:00;CEST;16:00;CEST;5,911
03.06.2021;16:00;CEST;17:00;CEST;6,574
03.06.2021;17:00;CEST;18:00;CEST;6,93
03.06.2021;18:00;CEST;19:00;CEST;7,5
03.06.2021;19:00;CEST;20:00;CEST;8,199
03.06.2021;20:00;CEST;21:00;CEST;8,203
03.06.2021;21:00;CEST;22:00;CEST;8,014
03.06.2021;22:00;CEST;23:00;CEST;7,932
03.06.2021;23:00;CEST;00:00;CEST;7,34
04.06.2021;00:00;CEST;01:00;CEST;6,641
04.06.2021;01:00;CEST;02:00;CEST;6,292
04.06.2021;02:00;CEST;03:00;CEST;6,004
04.06.2021;03:00;CEST;04:00;CEST;6,01
04.06.2021;04:00;CEST;05:00;CEST;5,9
04.06.2021;05:00;CEST;06:00;CEST;6,132
04.06.2021;06:00;CEST;07:00;CEST;7,598
04.06.2021;07:00;CEST;08:00;CEST;8,299
04.06.2021;08:00;CEST;09:00;CEST;8,59
04.06.2021;09:00;CEST;10:00;CEST;8,145
04.06.2021;10:00;CEST;11:00;CEST;7,558
04.06.2021;11:00;CEST;12:00;CEST;7,488
04.06.2021;12:00;CEST;13:00;CEST;6,995
04.06.2021;13:00;CEST;14:00;CEST;6,301
04.06.2021;14:00;CEST;15:00;CEST;6,291
04.06.2021;15:00;CEST;16:00;CEST;6,393
04.06.2021;16:00;CEST;17:00;CEST;6,7
04.06.2021;17:00;CEST;18:00;CEST;7,59
04.06.2021;18:00;CEST;19:00;CEST;7,991
04.06.2021;19:00;CEST;20:00;CEST;8,195
04.06.2021;20:00;CEST;21:00;CEST;8,169
04.06.2021;21:00;CEST;22:00;CEST;8
04.06.2021;22:00;CEST;23:00;CEST;7,821
04.06.2021;23:00;CEST;00:00;CEST;7,209
05.06.2021;00:00;CEST;01:00;CEST;7,487
05.06.2021;01:00;CEST;02:00;CEST;6,525
05.06.2021;02:00;CEST;03:00;CEST;5,901
05.06.2021;03:00;CEST;04:00;CEST;5,696
05.06.2021;04:00;CEST;05:00;CEST;5,603
05.06.2021;05:00;CEST;06:00;CEST;5,604
05.06.2021;06:00;CEST;07:00;CEST;5,607
05.06.2021;07:00;CEST;08:00;CEST;5,907
05.06.2021;08:00;CEST;09:00;CEST;6,602
05.06.2021;09:00;CEST;10:00;CEST;6,799
05.06.2021;10:00;CEST;11:00;CEST;5,773
05.06.2021;11:00;CEST;12:00;CEST;5,803
05.06.2021;12:00;CEST;13:00;CEST;5,883
05.06.2021;13:00;CEST;14:00;CEST;5,549
05.06.2021;14:00;CEST;15:00;CEST;5,24
05.06.2021;15:00;CEST;16:00;CEST;5,38
05.06.2021;16:00;CEST;17:00;CEST;5,525
05.06.2021;17:00;CEST;18:00;CEST;6,048
05.06.2021;18:00;CEST;19:00;CEST;7,06
05.06.2021;19:00;CEST;20:00;CEST;7,562
05.06.2021;20:00;CEST;21:00;CEST;7,601
05.06.2021;21:00;CEST;22:00;CEST;7,56
05.06.2021;22:00;CEST;23:00;CEST;7,237
05.06.2021;23:00;CEST;00:00;CEST;6,186
06.06.2021;00:00;CEST;01:00;CEST;5,889
06.06.2021;01:00;CEST;02:00;CEST;5,808
06.06.2021;02:00;CEST;03:00;CEST;5,774
06.06.2021;03:00;CEST;04:00;CEST;5,722
06.06.2021;04:00;CEST;05:00;CEST;5,439
06.06.2021;05:00;CEST;06:00;CEST;5,163
06.06.2021;06:00;CEST;07:00;CEST;5,21
06.06.2021;07:00;CEST;08:00;CEST;5,27
06.06.2021;08:00;CEST;09:00;CEST;5,712
06.06.2021;09:00;CEST;10:00;CEST;5,789
06.06.2021;10:00;CEST;11:00;CEST;5,776
06.06.2021;11:00;CEST;12:00;CEST;5,844
06.06.2021;12:00;CEST;13:00;CEST;5,816
06.06.2021;13:00;CEST;14:00;CEST;5,541
06.06.2021;14:00;CEST;15:00;CEST;4,8
06.06.2021;15:00;CEST;16:00;CEST;4,761
06.06.2021;16:00;CEST;17:00;CEST;5,068
06.06.2021;17:00;CEST;18:00;CEST;5,769
06.06.2021;18:00;CEST;19:00;CEST;6,002
06.06.2021;19:00;CEST;20:00;CEST;6,912
06.06.2021;20:00;CEST;21:00;CEST;7,638
06.06.2021;21:00;CEST;22:00;CEST;7,708
06.06.2021;22:00;CEST;23:00;CEST;8,01
06.06.2021;23:00;CEST;00:00;CEST;7,229
07.06.2021;00:00;CEST;01:00;CEST;6,6
07.06.2021;01:00;CEST;02:00;CEST;6,022
07.06.2021;02:00;CEST;03:00;CEST;6,08
07.06.2021;03:00;CEST;04:00;CEST;5,997
07.06.2021;04:00;CEST;05:00;CEST;6,03
07.06.2021;05:00;CEST;06:00;CEST;6,322
07.06.2021;06:00;CEST;07:00;CEST;8,019
07.06.2021;07:00;CEST;08:00;CEST;8,594
07.06.2021;08:00;CEST;09:00;CEST;9
07.06.2021;09:00;CEST;10:00;CEST;8,6
07.06.2021;10:00;CEST;11:00;CEST;8,255
07.06.2021;11:00;CEST;12:00;CEST;8,1
07.06.2021;12:00;CEST;13:00;CEST;7,995
07.06.2021;13:00;CEST;14:00;CEST;7,773
07.06.2021;14:00;CEST;15:00;CEST;7,615
07.06.2021;15:00;CEST;16:00;CEST;7,697
07.06.2021;16:00;CEST;17:00;CEST;7,725
07.06.2021;17:00;CEST;18:00;CEST;7,955
07.06.2021;18:00;CEST;19:00;CEST;8,318
07.06.2021;19:00;CEST;20:00;CEST;8,8
07.06.2021;20:00;CEST;21:00;CEST;8,995
07.06.2021;21:00;CEST;22:00;CEST;8,724
07.06.2021;22:00;CEST;23:00;CEST;8,495
07.06.2021;23:00;CEST;00:00;CEST;7,9
08.06.2021;00:00;CEST;01:00;CEST;7,135
08.06.2021;01:00;CEST;02:00;CEST;6,421
08.06.2021;02:00;CEST;03:00;CEST;6,348
08.06.2021;03:00;CEST;04:00;CEST;6,197
08.06.2021;04:00;CEST;05:00;CEST;6,236
08.06.2021;05:00;CEST;06:00;CEST;6,642
08.06.2021;06:00;CEST;07:00;CEST;8,007
08.06.2021;07:00;CEST;08:00;CEST;9,003
08.06.2021;08:00;CEST;09:00;CEST;9,385
08.06.2021;09:00;CEST;10:00;CEST;8,532
08.06.2021;10:00;CEST;11:00;CEST;8,002
08.06.2021;11:00;CEST;12:00;CEST;7,744
08.06.2021;12:00;CEST;13:00;CEST;7,26
08.06.2021;13:00;CEST;14:00;CEST;6,578
08.06.2021;14:00;CEST;15:00;CEST;6,506
08.06.2021;15:00;CEST;16:00;CEST;6,803
08.06.2021;16:00;CEST;17:00;CEST;7,447
08.06.2021;17:00;CEST;18:00;CEST;7,933
08.06.2021;18:00;CEST;19:00;CEST;8,379
08.06.2021;19:00;CEST;20:00;CEST;9,233
08.06.2021;20:00;CEST;21:00;CEST;9,932
08.06.2021;21:00;CEST;22:00;CEST;8,724
08.06.2021;22:00;CEST;23:00;CEST;8,396
08.06.2021;23:00;CEST;00:00;CEST;7,766
09.06.2021;00:00;CEST;01:00;CEST;6,848
09.06.2021;01:00;CEST;02:00;CEST;6,604
09.06.2021;02:00;CEST;03:00;CEST;6,459
09.06.2021;03:00;CEST;04:00;CEST;6,4
09.06.2021;04:00;CEST;05:00;CEST;6,49
09.06.2021;05:00;CEST;06:00;CEST;6,7
09.06.2021;06:00;CEST;07:00;CEST;8,015
09.06.2021;07:00;CEST;08:00;CEST;8,644
09.06.2021;08:00;CEST;09:00;CEST;8,811
09.06.2021;09:00;CEST;10:00;CEST;8,231
09.06.2021;10:00;CEST;11:00;CEST;7,681
09.06.2021;11:00;CEST;12:00;CEST;7,197
09.06.2021;12:00;CEST;13:00;CEST;6,822
09.06.2021;13:00;CEST;14:00;CEST;7
09.06.2021;14:00;CEST;15:00;CEST;6,863
09.06.2021;15:00;CEST;16:00;CEST;7,176
09.06.2021;16:00;CEST;17:00;CEST;7,242
09.06.2021;17:00;CEST;18:00;CEST;7,832
09.06.2021;18:00;CEST;19:00;CEST;8,299
09.06.2021;19:00;CEST;20:00;CEST;9,697
09.06.2021;20:00;CEST;21:00;CEST;9,851
09.06.2021;21:00;CEST;22:00;CEST;9,006
09.06.2021;22:00;CEST;23:00;CEST;8,5
09.06.2021;23:00;CEST;00:00;CEST;7,798
10.06.2021;00:00;CEST;01:00;CEST;7,858
10.06.2021;01:00;CEST;02:00;CEST;7,27
10.06.2021;02:00;CEST;03:00;CEST;6,833
10.06.2021;03:00;CEST;04:00;CEST;6,56
10.06.2021;04:00;CEST;05:00;CEST;6,609
10.06.2021;05:00;CEST;06:00;CEST;6,932
10.06.2021;06:00;CEST;07:00;CEST;8,091
10.06.2021;07:00;CEST;08:00;CEST;8,927
10.06.2021;08:00;CEST;09:00;CEST;9,25
10.06.2021;09:00;CEST;10:00;CEST;8,459
10.06.2021;10:00;CEST;11:00;CEST;7,444
10.06.2021;11:00;CEST;12:00;CEST;7,936
10.06.2021;12:00;CEST;13:00;CEST;8,218
10.06.2021;13:00;CEST;14:00;CEST;6,605
10.06.2021;14:00;CEST;15:00;CEST;6,52
10.06.2021;15:00;CEST;16:00;CEST;6,625
10.06.2021;16:00;CEST;17:00;CEST;7,15
10.06.2021;17:00;CEST;18:00;CEST;8,17
10.06.2021;18:00;CEST;19:00;CEST;8,601
10.06.2021;19:00;CEST;20:00;CEST;9,719
10.06.2021;20:00;CEST;21:00;CEST;9,588
10.06.2021;21:00;CEST;22:00;CEST;9,013
10.06.2021;22:00;CEST;23:00;CEST;8,725
10.06.2021;23:00;CEST;00:00;CEST;8,097
11.06.2021;00:00;CEST;01:00;CEST;8,175
11.06.2021;01:00;CEST;02:00;CEST;7,487
11.06.2021;02:00;CEST;03:00;CEST;6,81
11.06.2021;03:00;CEST;04:00;CEST;6,658
11.06.2021;04:00;CEST;05:00;CEST;6,633
11.06.2021;05:00;CEST;06:00;CEST;7,015
11.06.2021;06:00;CEST;07:00;CEST;8,803
11.06.2021;07:00;CEST;08:00;CEST;9,769
11.06.2021;08:00;CEST;09:00;CEST;9,226
11.06.2021;09:00;CEST;10:00;CEST;8,505
11.06.2021;10:00;CEST;11:00;CEST;7,692
11.06.2021;11:00;CEST;12:00;CEST;7,4
11.06.2021;12:00;CEST;13:00;CEST;7,543
11.06.2021;13:00;CEST;14:00;CEST;6,798
11.06.2021;14:00;CEST;15:00;CEST;6,549
11.06.2021;15:00;CEST;16:00;CEST;6,487
11.06.2021;16:00;CEST;17:00;CEST;6,745
11.06.2021;17:00;CEST;18:00;CEST;7,696
11.06.2021;18:00;CEST;19:00;CEST;8,298
11.06.2021;19:00;CEST;20:00;CEST;8,807
11.06.2021;20:00;CEST;21:00;CEST;8,992
11.06.2021;21:00;CEST;22:00;CEST;8,807
11.06.2021;22:00;CEST;23:00;CEST;8,546
11.06.2021;23:00;CEST;00:00;CEST;7,988
12.06.2021;00:00;CEST;01:00;CEST;7,856
12.06.2021;01:00;CEST;02:00;CEST;7,058
12.06.2021;02:00;CEST;03:00;CEST;6,598
12.06.2021;03:00;CEST;04:00;CEST;6,038
12.06.2021;04:00;CEST;05:00;CEST;5,622
12.06.2021;05:00;CEST;06:00;CEST;5,649
12.06.2021;06:00;CEST;07:00;CEST;5,724
12.06.2021;07:00;CEST;08:00;CEST;6,458
12.06.2021;08:00;CEST;09:00;CEST;6,494
12.06.2021;09:00;CEST;10:00;CEST;6,147
12.06.2021;10:00;CEST;11:00;CEST;4,891
12.06.2021;11:00;CEST;12:00;CEST;3,138
12.06.2021;12:00;CEST;13:00;CEST;1,211
12.06.2021;13:00;CEST;14:00;CEST;-0,206
12.06.2021;14:00;CEST;15:00;CEST;-2,18
12.06.2021;15:00;CEST;16:00;CEST;-2,62
12.06.2021;16:00;CEST;17:00;CEST;-1,297
12.06.2021;17:00;CEST;18:00;CEST;0,007
12.06.2021;18:00;CEST;19:00;CEST;2,04
12.06.2021;19:00;CEST;20:00;CEST;4,465
12.06.2021;20:00;CEST;21:00;CEST;5,404
12.06.2021;21:00;CEST;22:00;CEST;5,786
12.06.2021;22:00;CEST;23:00;CEST;5,491
12.06.2021;23:00;CEST;00:00;CEST;4,248
13.06.2021;00:00;CEST;01:00;CEST;2,5
13.06.2021;01:00;CEST;02:00;CEST;1,019
13.06.2021;02:00;CEST;03:00;CEST;0,723
13.06.2021;03:00;CEST;04:00;CEST;0,499
13.06.2021;04:00;CEST;05:00;CEST;0,455
13.06.2021;05:00;CEST;06:00;CEST;0,304
13.06.2021;06:00;CEST;07:00;CEST;0,376
13.06.2021;07:00;CEST;08:00;CEST;0,826
13.06.2021;08:00;CEST;09:00;CEST;0,405
13.06.2021;09:00;CEST;10:00;CEST;0,252
13.06.2021;10:00;CEST;11:00;CEST;0,001
13.06.2021;11:00;CEST;12:00;CEST;0,001
13.06.2021;12:00;CEST;13:00;CEST;-0,001
13.06.2021;13:00;CEST;14:00;CEST;-2,34
13.06.2021;14:00;CEST;15:00;CEST;-3,672
13.06.2021;15:00;CEST;16:00;CEST;-2,101
13.06.2021;16:00;CEST;17:00;CEST;-0,197
13.06.2021;17:00;CEST;18:00;CEST;0,762
13.06.2021;18:00;CEST;19:00;CEST;6,015
13.06.2021;19:00;CEST;20:00;CEST;7,769
13.06.2021;20:00;CEST;21:00;CEST;8,364
13.06.2021;21:00;CEST;22:00;CEST;8,703
13.06.2021;22:00;CEST;23:00;CEST;8,399
13.06.2021;23:00;CEST;00:00;CEST;7,501
14.06.2021;00:00;CEST;01:00;CEST;6,856
14.06.2021;01:00;CEST;02:00;CEST;6,283
14.06.2021;02:00;CEST;03:00;CEST;6,027
14.06.2021;03:00;CEST;04:00;CEST;5,993
14.06.2021;04:00;CEST;05:00;CEST;5,977
14.06.2021;05:00;CEST;06:00;CEST;6,313
14.06.2021;06:00;CEST;07:00;CEST;8,397
14.06.2021;07:00;CEST;08:00;CEST;9,623
14.06.2021;08:00;CEST;09:00;CEST;9,3
14.06.2021;09:00;CEST;10:00;CEST;8,37
14.06.2021;10:00;CEST;11:00;CEST;6,879
14.06.2021;11:00;CEST;12:00;CEST;6,199
14.06.2021;12:00;CEST;13:00;CEST;5,191
14.06.2021;13:00;CEST;14:00;CEST;5,08
14.06.2021;14:00;CEST;15:00;CEST;5,089
14.06.2021;15:00;CEST;16:00;CEST;5,971
14.06.2021;16:00;CEST;17:00;CEST;6,847
14.06.2021;17:00;CEST;18:00;CEST;8,208
14.06.2021;18:00;CEST;19:00;CEST;8,885
14.06.2021;19:00;CEST;20:00;CEST;9,5
14.06.2021;20:00;CEST;21:00;CEST;10,228
14.06.2021;21:00;CEST;22:00;CEST;9,5
14.06.2021;22:00;CEST;23:00;CEST;9
14.06.2021;23:00;CEST;00:00;CEST;8,418
15.06.2021;00:00;CEST;01:00;CEST;7,822
15.06.2021;01:00;CEST;02:00;CEST;7,152
15.06.2021;02:00;CEST;03:00;CEST;6,91
15.06.2021;03:00;CEST;04:00;CEST;6,803
15.06.2021;04:00;CEST;05:00;CEST;6,818
15.06.2021;05:00;CEST;06:00;CEST;7,109
15.06.2021;06:00;CEST;07:00;CEST;8,728
15.06.2021;07:00;CEST;08:00;CEST;9,355
15.06.2021;08:00;CEST;09:00;CEST;9,681
15.06.2021;09:00;CEST;10:00;CEST;9
15.06.2021;10:00;CEST;11:00;CEST;8,399
15.06.2021;11:00;CEST;12:00;CEST;8,14
15.06.2021;12:00;CEST;13:00;CEST;7,499
15.06.2021;13:00;CEST;14:00;CEST;7,201
15.06.2021;14:00;CEST;15:00;CEST;7,19
15.06.2021;15:00;CEST;16:00;CEST;7,3
15.06.2021;16:00;CEST;17:00;CEST;7,901
15.06.2021;17:00;CEST;18:00;CEST;8,56
15.06.2021;18:00;CEST;19:00;CEST;9,46
15.06.2021;19:00;CEST;20:00;CEST;10
15.06.2021;20:00;CEST;21:00;CEST;10
15.06.2021;21:00;CEST;22:00;CEST;9,736
15.06.2021;22:00;CEST;23:00;CEST;9,177
15.06.2021;23:00;CEST;00:00;CEST;8,314
16.06.2021;00:00;CEST;01:00;CEST;7,759
16.06.2021;01:00;CEST;02:00;CEST;7,077
16.06.2021;02:00;CEST;03:00;CEST;7,095
16.06.2021;03:00;CEST;04:00;CEST;6,69
16.06.2021;04:00;CEST;05:00;CEST;6,857
16.06.2021;05:00;CEST;06:00;CEST;7,098
16.06.2021;06:00;CEST;07:00;CEST;8,558
16.06.2021;07:00;CEST;08:00;CEST;9,929
16.06.2021;08:00;CEST;09:00;CEST;10
16.06.2021;09:00;CEST;10:00;CEST;9,195
16.06.2021;10:00;CEST;11:00;CEST;8,399
16.06.2021;11:00;CEST;12:00;CEST;7,79
16.06.2021;12:00;CEST;13:00;CEST;7,378
16.06.2021;13:00;CEST;14:00;CEST;7,506
16.06.2021;14:00;CEST;15:00;CEST;7,999
16.06.2021;15:00;CEST;16:00;CEST;8,097
16.06.2021;16:00;CEST;17:00;CEST;8,55
16.06.2021;17:00;CEST;18:00;CEST;9,264
16.06.2021;18:00;CEST;19:00;CEST;10,253
16.06.2021;19:00;CEST;20:00;CEST;11,805
16.06.2021;20:00;CEST;21:00;CEST;11,153
16.06.2021;21:00;CEST;22:00;CEST;10,084
16.06.2021;22:00;CEST;23:00;CEST;8,797
16.06.2021;23:00;CEST;00:00;CEST;6,676
17.06.2021;00:00;CEST;01:00;CEST;6,628
17.06.2021;01:00;CEST;02:00;CEST;6,6
17.06.2021;02:00;CEST;03:00;CEST;6,413
17.06.2021;03:00;CEST;04:00;CEST;6,267
17.06.2021;04:00;CEST;05:00;CEST;6,28
17.06.2021;05:00;CEST;06:00;CEST;6,508
17.06.2021;06:00;CEST;07:00;CEST;7,172
17.06.2021;07:00;CEST;08:00;CEST;9,408
17.06.2021;08:00;CEST;09:00;CEST;9,9
17.06.2021;09:00;CEST;10:00;CEST;8,756
17.06.2021;10:00;CEST;11:00;CEST;7,817
17.06.2021;11:00;CEST;12:00;CEST;6,78
17.06.2021;12:00;CEST;13:00;CEST;6,188
17.06.2021;13:00;CEST;14:00;CEST;5,883
17.06.2021;14:00;CEST;15:00;CEST;5,835
17.06.2021;15:00;CEST;16:00;CEST;6,003
17.06.2021;16:00;CEST;17:00;CEST;7,039
17.06.2021;17:00;CEST;18:00;CEST;8,477
17.06.2021;18:00;CEST;19:00;CEST;9,295
17.06.2021;19:00;CEST;20:00;CEST;11,223
17.06.2021;20:00;CEST;21:00;CEST;10,346
17.06.2021;21:00;CEST;22:00;CEST;9,891
17.06.2021;22:00;CEST;23:00;CEST;9,103
17.06.2021;23:00;CEST;00:00;CEST;8,217
18.06.2021;00:00;CEST;01:00;CEST;7,465
18.06.2021;01:00;CEST;02:00;CEST;6,997
18.06.2021;02:00;CEST;03:00;CEST;6,707
18.06.2021;03:00;CEST;04:00;CEST;6,519
18.06.2021;04:00;CEST;05:00;CEST;6,609
18.06.2021;05:00;CEST;06:00;CEST;7,01
18.06.2021;06:00;CEST;07:00;CEST;8,557
18.06.2021;07:00;CEST;08:00;CEST;9,705
18.06.2021;08:00;CEST;09:00;CEST;10,002
18.06.2021;09:00;CEST;10:00;CEST;9,5
18.06.2021;10:00;CEST;11:00;CEST;8,41
18.06.2021;11:00;CEST;12:00;CEST;8,1
18.06.2021;12:00;CEST;13:00;CEST;7,459
18.06.2021;13:00;CEST;14:00;CEST;6,478
18.06.2021;14:00;CEST;15:00;CEST;6,715
18.06.2021;15:00;CEST;16:00;CEST;6,77
18.06.2021;16:00;CEST;17:00;CEST;6,6
18.06.2021;17:00;CEST;18:00;CEST;8,385
18.06.2021;18:00;CEST;19:00;CEST;9,11
18.06.2021;19:00;CEST;20:00;CEST;9,7
18.06.2021;20:00;CEST;21:00;CEST;9,691
18.06.2021;21:00;CEST;22:00;CEST;9,237
18.06.2021;22:00;CEST;23:00;CEST;8,586
18.06.2021;23:00;CEST;00:00;CEST;7,975
19.06.2021;00:00;CEST;01:00;CEST;8,017
19.06.2021;01:00;CEST;02:00;CEST;7,423
19.06.2021;02:00;CEST;03:00;CEST;7,135
19.06.2021;03:00;CEST;04:00;CEST;7,007
19.06.2021;04:00;CEST;05:00;CEST;6,73
19.06.2021;05:00;CEST;06:00;CEST;6,491
19.06.2021;06:00;CEST;07:00;CEST;6,604
19.06.2021;07:00;CEST;08:00;CEST;7,35
19.06.2021;08:00;CEST;09:00;CEST;7,437
19.06.2021;09:00;CEST;10:00;CEST;6,493
19.06.2021;10:00;CEST;11:00;CEST;5,838
19.06.2021;11:00;CEST;12:00;CEST;5,48
19.06.2021;12:00;CEST;13:00;CEST;5,26
19.06.2021;13:00;CEST;14:00;CEST;4,937
19.06.2021;14:00;CEST;15:00;CEST;5,038
19.06.2021;15:00;CEST;16:00;CEST;5,969
19.06.2021;16:00;CEST;17:00;CEST;6,249
19.06.2021;17:00;CEST;18:00;CEST;7,3
19.06.2021;18:00;CEST;19:00;CEST;8,1
19.06.2021;19:00;CEST;20:00;CEST;8,9
19.06.2021;20:00;CEST;21:00;CEST;9,275
19.06.2021;21:00;CEST;22:00;CEST;8,998
19.06.2021;22:00;CEST;23:00;CEST;8,398
19.06.2021;23:00;CEST;00:00;CEST;7,805
20.06.2021;00:00;CEST;01:00;CEST;7,601
20.06.2021;01:00;CEST;02:00;CEST;6,68
20.06.2021;02:00;CEST;03:00;CEST;6,304
20.06.2021;03:00;CEST;04:00;CEST;6,003
20.06.2021;04:00;CEST;05:00;CEST;5,493
20.06.2021;05:00;CEST;06:00;CEST;5,009
20.06.2021;06:00;CEST;07:00;CEST;5,011
20.06.2021;07:00;CEST;08:00;CEST;5,276
20.06.2021;08:00;CEST;09:00;CEST;5,5
20.06.2021;09:00;CEST;10:00;CEST;5,5
20.06.2021;10:00;CEST;11:00;CEST;5,02
20.06.2021;11:00;CEST;12:00;CEST;4,563
20.06.2021;12:00;CEST;13:00;CEST;3,985
20.06.2021;13:00;CEST;14:00;CEST;2,72
20.06.2021;14:00;CEST;15:00;CEST;2,372
20.06.2021;15:00;CEST;16:00;CEST;2,699
20.06.2021;16:00;CEST;17:00;CEST;4,81
20.06.2021;17:00;CEST;18:00;CEST;6,048
20.06.2021;18:00;CEST;19:00;CEST;7,005
20.06.2021;19:00;CEST;20:00;CEST;8,435
20.06.2021;20:00;CEST;21:00;CEST;8,621
20.06.2021;21:00;CEST;22:00;CEST;8,67
20.06.2021;22:00;CEST;23:00;CEST;8,813
20.06.2021;23:00;CEST;00:00;CEST;8,1
21.06.2021;00:00;CEST;01:00;CEST;6,599
21.06.2021;01:00;CEST;02:00;CEST;6,296
21.06.2021;02:00;CEST;03:00;CEST;6,103
21.06.2021;03:00;CEST;04:00;CEST;5,89
21.06.2021;04:00;CEST;05:00;CEST;5,862
21.06.2021;05:00;CEST;06:00;CEST;6,25
21.06.2021;06:00;CEST;07:00;CEST;7,61
21.06.2021;07:00;CEST;08:00;CEST;8,894
21.06.2021;08:00;CEST;09:00;CEST;9,2
21.06.2021;09:00;CEST;10:00;CEST;9
21.06.2021;10:00;CEST;11:00;CEST;8,628
21.06.2021;11:00;CEST;12:00;CEST;8,2
21.06.2021;12:00;CEST;13:00;CEST;7,848
21.06.2021;13:00;CEST;14:00;CEST;6,993
21.06.2021;14:00;CEST;15:00;CEST;6,734
21.06.2021;15:00;CEST;16:00;CEST;7,205
21.06.2021;16:00;CEST;17:00;CEST;7,513
21.06.2021;17:00;CEST;18:00;CEST;8,294
21.06.2021;18:00;CEST;19:00;CEST;8,897
21.06.2021;19:00;CEST;20:00;CEST;9,379
21.06.2021;20:00;CEST;21:00;CEST;9,407
21.06.2021;21:00;CEST;22:00;CEST;9,127
21.06.2021;22:00;CEST;23:00;CEST;8,609
21.06.2021;23:00;CEST;00:00;CEST;7,78
22.06.2021;00:00;CEST;01:00;CEST;7,403
22.06.2021;01:00;CEST;02:00;CEST;6,838
22.06.2021;02:00;CEST;03:00;CEST;6,68
22.06.2021;03:00;CEST;04:00;CEST;6,568
22.06.2021;04:00;CEST;05:00;CEST;6,484
22.06.2021;05:00;CEST;06:00;CEST;6,767
22.06.2021;06:00;CEST;07:00;CEST;8,308
22.06.2021;07:00;CEST;08:00;CEST;9,376
22.06.2021;08:00;CEST;09:00;CEST;9,6
22.06.2021;09:00;CEST;10:00;CEST;9,365
22.06.2021;10:00;CEST;11:00;CEST;9,097
22.06.2021;11:00;CEST;12:00;CEST;9,01
22.06.2021;12:00;CEST;13:00;CEST;8,848
22.06.2021;13:00;CEST;14:00;CEST;8,39
22.06.2021;14:00;CEST;15:00;CEST;8,007
22.06.2021;15:00;CEST;16:00;CEST;8,173
22.06.2021;16:00;CEST;17:00;CEST;8,241
22.06.2021;17:00;CEST;18:00;CEST;8,995
22.06.2021;18:00;CEST;19:00;CEST;9,759
22.06.2021;19:00;CEST;20:00;CEST;10,046
22.06.2021;20:00;CEST;21:00;CEST;10,01
22.06.2021;21:00;CEST;22:00;CEST;9,687
22.06.2021;22:00;CEST;23:00;CEST;9,068
22.06.2021;23:00;CEST;00:00;CEST;8,294
23.06.2021;00:00;CEST;01:00;CEST;7,259
23.06.2021;01:00;CEST;02:00;CEST;7,253
23.06.2021;02:00;CEST;03:00;CEST;7,029
23.06.2021;03:00;CEST;04:00;CEST;7,009
23.06.2021;04:00;CEST;05:00;CEST;7,118
23.06.2021;05:00;CEST;06:00;CEST;7,501
23.06.2021;06:00;CEST;07:00;CEST;8,785
23.06.2021;07:00;CEST;08:00;CEST;10,993
23.06.2021;08:00;CEST;09:00;CEST;12
23.06.2021;09:00;CEST;10:00;CEST;10,393
23.06.2021;10:00;CEST;11:00;CEST;9,335
23.06.2021;11:00;CEST;12:00;CEST;9,208
23.06.2021;12:00;CEST;13:00;CEST;9,113
23.06.2021;13:00;CEST;14:00;CEST;8,755
23.06.2021;14:00;CEST;15:00;CEST;8,482
23.06.2021;15:00;CEST;16:00;CEST;7,967
23.06.2021;16:00;CEST;17:00;CEST;8,361
23.06.2021;17:00;CEST;18:00;CEST;9,096
23.06.2021;18:00;CEST;19:00;CEST;10,644
23.06.2021;19:00;CEST;20:00;CEST;13,972
23.06.2021;20:00;CEST;21:00;CEST;13,338
23.06.2021;21:00;CEST;22:00;CEST;11,247
23.06.2021;22:00;CEST;23:00;CEST;9,335
23.06.2021;23:00;CEST;00:00;CEST;8,634
24.06.2021;00:00;CEST;01:00;CEST;8,089
24.06.2021;01:00;CEST;02:00;CEST;7,929
24.06.2021;02:00;CEST;03:00;CEST;7,619
24.06.2021;03:00;CEST;04:00;CEST;7,331
24.06.2021;04:00;CEST;05:00;CEST;7,544
24.06.2021;05:00;CEST;06:00;CEST;7,876
24.06.2021;06:00;CEST;07:00;CEST;9,147
24.06.2021;07:00;CEST;08:00;CEST;10,423
24.06.2021;08:00;CEST;09:00;CEST;11,981
24.06.2021;09:00;CEST;10:00;CEST;11,597
24.06.2021;10:00;CEST;11:00;CEST;9,999
24.06.2021;11:00;CEST;12:00;CEST;9,5
24.06.2021;12:00;CEST;13:00;CEST;9,016
24.06.2021;13:00;CEST;14:00;CEST;8,805
24.06.2021;14:00;CEST;15:00;CEST;8,574
24.06.2021;15:00;CEST;16:00;CEST;8,496
24.06.2021;16:00;CEST;17:00;CEST;8,775
24.06.2021;17:00;CEST;18:00;CEST;9,594
24.06.2021;18:00;CEST;19:00;CEST;10,839
24.06.2021;19:00;CEST;20:00;CEST;12,954
24.06.2021;20:00;CEST;21:00;CEST;12,437
24.06.2021;21:00;CEST;22:00;CEST;10,737
24.06.2021;22:00;CEST;23:00;CEST;9,432
24.06.2021;23:00;CEST;00:00;CEST;8,891
25.06.2021;00:00;CEST;01:00;CEST;8,463
25.06.2021;01:00;CEST;02:00;CEST;7,962
25.06.2021;02:00;CEST;03:00;CEST;7,699
25.06.2021;03:00;CEST;04:00;CEST;7,544
25.06.2021;04:00;CEST;05:00;CEST;7,577
25.06.2021;05:00;CEST;06:00;CEST;7,83
25.06.2021;06:00;CEST;07:00;CEST;8,98
25.06.2021;07:00;CEST;08:00;CEST;10,054
25.06.2021;08:00;CEST;09:00;CEST;10,551
25.06.2021;09:00;CEST;10:00;CEST;9,502
25.06.2021;10:00;CEST;11:00;CEST;9,307
25.06.2021;11:00;CEST;12:00;CEST;8,906
25.06.2021;12:00;CEST;13:00;CEST;8,645
25.06.2021;13:00;CEST;14:00;CEST;8,007
25.06.2021;14:00;CEST;15:00;CEST;7,926
25.06.2021;15:00;CEST;16:00;CEST;7,896
25.06.2021;16:00;CEST;17:00;CEST;7,983
25.06.2021;17:00;CEST;18:00;CEST;9,327
25.06.2021;18:00;CEST;19:00;CEST;10,796
25.06.2021;19:00;CEST;20:00;CEST;10,599
25.06.2021;20:00;CEST;21:00;CEST;10,908
25.06.2021;21:00;CEST;22:00;CEST;10,072
25.06.2021;22:00;CEST;23:00;CEST;9,838
25.06.2021;23:00;CEST;00:00;CEST;8,971
26.06.2021;00:00;CEST;01:00;CEST;8,894
26.06.2021;01:00;CEST;02:00;CEST;8,433
26.06.2021;02:00;CEST;03:00;CEST;8,43
26.06.2021;03:00;CEST;04:00;CEST;8,119
26.06.2021;04:00;CEST;05:00;CEST;7,548
26.06.2021;05:00;CEST;06:00;CEST;7,403
26.06.2021;06:00;CEST;07:00;CEST;8,26
26.06.2021;07:00;CEST;08:00;CEST;8,154
26.06.2021;08:00;CEST;09:00;CEST;8,28
26.06.2021;09:00;CEST;10:00;CEST;8,152
26.06.2021;10:00;CEST;11:00;CEST;7,524
26.06.2021;11:00;CEST;12:00;CEST;7,337
26.06.2021;12:00;CEST;13:00;CEST;7,117
26.06.2021;13:00;CEST;14:00;CEST;6,897
26.06.2021;14:00;CEST;15:00;CEST;6,574
26.06.2021;15:00;CEST;16:00;CEST;6,487
26.06.2021;16:00;CEST;17:00;CEST;6,61
26.06.2021;17:00;CEST;18:00;CEST;6,974
26.06.2021;18:00;CEST;19:00;CEST;8,378
26.06.2021;19:00;CEST;20:00;CEST;9,424
26.06.2021;20:00;CEST;21:00;CEST;9,595
26.06.2021;21:00;CEST;22:00;CEST;9,529
26.06.2021;22:00;CEST;23:00;CEST;9,103
26.06.2021;23:00;CEST;00:00;CEST;8,478
27.06.2021;00:00;CEST;01:00;CEST;7,689
27.06.2021;01:00;CEST;02:00;CEST;7,1
27.06.2021;02:00;CEST;03:00;CEST;6,805
27.06.2021;03:00;CEST;04:00;CEST;6,818
27.06.2021;04:00;CEST;05:00;CEST;6,816
27.06.2021;05:00;CEST;06:00;CEST;6,592
27.06.2021;06:00;CEST;07:00;CEST;6,607
27.06.2021;07:00;CEST;08:00;CEST;6,503
27.06.2021;08:00;CEST;09:00;CEST;6,229
27.06.2021;09:00;CEST;10:00;CEST;5,961
27.06.2021;10:00;CEST;11:00;CEST;5,289
27.06.2021;11:00;CEST;12:00;CEST;5,296
27.06.2021;12:00;CEST;13:00;CEST;4,958
27.06.2021;13:00;CEST;14:00;CEST;3,151
27.06.2021;14:00;CEST;15:00;CEST;2,173
27.06.2021;15:00;CEST;16:00;CEST;2,718
27.06.2021;16:00;CEST;17:00;CEST;4,505
27.06.2021;17:00;CEST;18:00;CEST;6,703
27.06.2021;18:00;CEST;19:00;CEST;8,055
27.06.2021;19:00;CEST;20:00;CEST;9,085
27.06.2021;20:00;CEST;21:00;CEST;9,5
27.06.2021;21:00;CEST;22:00;CEST;9,368
27.06.2021;22:00;CEST;23:00;CEST;9,291
27.06.2021;23:00;CEST;00:00;CEST;8,696
28.06.2021;00:00;CEST;01:00;CEST;8,12
28.06.2021;01:00;CEST;02:00;CEST;7,338
28.06.2021;02:00;CEST;03:00;CEST;7,02
28.06.2021;03:00;CEST;04:00;CEST;6,892
28.06.2021;04:00;CEST;05:00;CEST;6,915
28.06.2021;05:00;CEST;06:00;CEST;7,4
28.06.2021;06:00;CEST;07:00;CEST;9,429
28.06.2021;07:00;CEST;08:00;CEST;10,318
28.06.2021;08:00;CEST;09:00;CEST;9,849
28.06.2021;09:00;CEST;10:00;CEST;9,424
28.06.2021;10:00;CEST;11:00;CEST;8,97
28.06.2021;11:00;CEST;12:00;CEST;8,695
28.06.2021;12:00;CEST;13:00;CEST;8,674
28.06.2021;13:00;CEST;14:00;CEST;7,847
28.06.2021;14:00;CEST;15:00;CEST;7,64
28.06.2021;15:00;CEST;16:00;CEST;8,12
28.06.2021;16:00;CEST;17:00;CEST;8,496
28.06.2021;17:00;CEST;18:00;CEST;9,045
28.06.2021;18:00;CEST;19:00;CEST;9,962
28.06.2021;19:00;CEST;20:00;CEST;12,396
28.06.2021;20:00;CEST;21:00;CEST;11,796
28.06.2021;21:00;CEST;22:00;CEST;9,898
28.06.2021;22:00;CEST;23:00;CEST;9,749
28.06.2021;23:00;CEST;00:00;CEST;8,959
29.06.2021;00:00;CEST;01:00;CEST;8,103
29.06.2021;01:00;CEST;02:00;CEST;7,633
29.06.2021;02:00;CEST;03:00;CEST;7,498
29.06.2021;03:00;CEST;04:00;CEST;7,345
29.06.2021;04:00;CEST;05:00;CEST;7,452
29.06.2021;05:00;CEST;06:00;CEST;7,846
29.06.2021;06:00;CEST;07:00;CEST;9,379
29.06.2021;07:00;CEST;08:00;CEST;10,348
29.06.2021;08:00;CEST;09:00;CEST;11,103
29.06.2021;09:00;CEST;10:00;CEST;10,404
29.06.2021;10:00;CEST;11:00;CEST;9,914
29.06.2021;11:00;CEST;12:00;CEST;9,762
29.06.2021;12:00;CEST;13:00;CEST;9,525
29.06.2021;13:00;CEST;14:00;CEST;9,298
29.06.2021;14:00;CEST;15:00;CEST;9,002
29.06.2021;15:00;CEST;16:00;CEST;8,839
29.06.2021;16:00;CEST;17:00;CEST;8,9
29.06.2021;17:00;CEST;18:00;CEST;9,764
29.06.2021;18:00;CEST;19:00;CEST;10,004
29.06.2021;19:00;CEST;20:00;CEST;10,34
29.06.2021;20:00;CEST;21:00;CEST;9,906
29.06.2021;21:00;CEST;22:00;CEST;9,633
29.06.2021;22:00;CEST;23:00;CEST;9,497
29.06.2021;23:00;CEST;00:00;CEST;8,459
30.06.2021;00:00;CEST;01:00;CEST;8,082
30.06.2021;01:00;CEST;02:00;CEST;7,902
30.06.2021;02:00;CEST;03:00;CEST;7,563
30.06.2021;03:00;CEST;04:00;CEST;7,413
30.06.2021;04:00;CEST;05:00;CEST;7,403
30.06.2021;05:00;CEST;06:00;CEST;7,803
30.06.2021;06:00;CEST;07:00;CEST;9,586
30.06.2021;07:00;CEST;08:00;CEST;10,215
30.06.2021;08:00;CEST;09:00;CEST;10,8
30.06.2021;09:00;CEST;10:00;CEST;10,637
30.06.2021;10:00;CEST;11:00;CEST;10,756
30.06.2021;11:00;CEST;12:00;CEST;10,223
30.06.2021;12:00;CEST;13:00;CEST;9,9
30.06.2021;13:00;CEST;14:00;CEST;9,608
30.06.2021;14:00;CEST;15:00;CEST;9,243
30.06.2021;15:00;CEST;16:00;CEST;8,729
30.06.2021;16:00;CEST;17:00;CEST;8,736
30.06.2021;17:00;CEST;18:00;CEST;9,444
30.06.2021;18:00;CEST;19:00;CEST;10,027
30.06.2021;19:00;CEST;20:00;CEST;9,997
30.06.2021;20:00;CEST;21:00;CEST;9,897
30.06.2021;21:00;CEST;22:00;CEST;9,702
30.06.2021;22:00;CEST;23:00;CEST;9,601
30.06.2021;23:00;CEST;00:00;CEST;8,436
01.07.2021;00:00;CEST;01:00;CEST;8,157
01.07.2021;01:00;CEST;02:00;CEST;7,59
01.07.2021;02:00;CEST;03:00;CEST;7,373
01.07.2021;03:00;CEST;04:00;CEST;7,201
01.07.2021;04:00;CEST;05:00;CEST;7,124
01.07.2021;05:00;CEST;06:00;CEST;7,396
01.07.2021;06:00;CEST;07:00;CEST;8,491
01.07.2021;07:00;CEST;08:00;CEST;9,595
01.07.2021;08:00;CEST;09:00;CEST;9,85
01.07.2021;09:00;CEST;10:00;CEST;9,64
01.07.2021;10:00;CEST;11:00;CEST;9,496
01.07.2021;11:00;CEST;12:00;CEST;9,651
01.07.2021;12:00;CEST;13:00;CEST;9,351
01.07.2021;13:00;CEST;14:00;CEST;9,019
01.07.2021;14:00;CEST;15:00;CEST;8,567
01.07.2021;15:00;CEST;16:00;CEST;8,5
01.07.2021;16:00;CEST;17:00;CEST;8,568
01.07.2021;17:00;CEST;18:00;CEST;9,591
01.07.2021;18:00;CEST;19:00;CEST;9,998
01.07.2021;19:00;CEST;20:00;CEST;10,377
01.07.2021;20:00;CEST;21:00;CEST;10,034
01.07.2021;21:00;CEST;22:00;CEST;9,951
01.07.2021;22:00;CEST;23:00;CEST;9,817
01.07.2021;23:00;CEST;00:00;CEST;9,199
02.07.2021;00:00;CEST;01:00;CEST;9,077
02.07.2021;01:00;CEST;02:00;CEST;8,536
02.07.2021;02:00;CEST;03:00;CEST;8,218
02.07.2021;03:00;CEST;04:00;CEST;8,235
02.07.2021;04:00;CEST;05:00;CEST;8,322
02.07.2021;05:00;CEST;06:00;CEST;8,668
02.07.2021;06:00;CEST;07:00;CEST;10,2
02.07.2021;07:00;CEST;08:00;CEST;11,2
02.07.2021;08:00;CEST;09:00;CEST;12,25
02.07.2021;09:00;CEST;10:00;CEST;10,724
02.07.2021;10:00;CEST;11:00;CEST;10,254
02.07.2021;11:00;CEST;12:00;CEST;10
02.07.2021;12:00;CEST;13:00;CEST;9,961
02.07.2021;13:00;CEST;14:00;CEST;8,984
02.07.2021;14:00;CEST;15:00;CEST;8,237
02.07.2021;15:00;CEST;16:00;CEST;8,253
02.07.2021;16:00;CEST;17:00;CEST;8,257
02.07.2021;17:00;CEST;18:00;CEST;9,423
02.07.2021;18:00;CEST;19:00;CEST;9,998
02.07.2021;19:00;CEST;20:00;CEST;11
02.07.2021;20:00;CEST;21:00;CEST;10,949
02.07.2021;21:00;CEST;22:00;CEST;10,555
02.07.2021;22:00;CEST;23:00;CEST;10,502
02.07.2021;23:00;CEST;00:00;CEST;9,998
03.07.2021;00:00;CEST;01:00;CEST;9,264
03.07.2021;01:00;CEST;02:00;CEST;8,439
03.07.2021;02:00;CEST;03:00;CEST;8,09
03.07.2021;03:00;CEST;04:00;CEST;7,757
03.07.2021;04:00;CEST;05:00;CEST;7,405
03.07.2021;05:00;CEST;06:00;CEST;7,406
03.07.2021;06:00;CEST;07:00;CEST;7,897
03.07.2021;07:00;CEST;08:00;CEST;8,145
03.07.2021;08:00;CEST;09:00;CEST;8,303
03.07.2021;09:00;CEST;10:00;CEST;7,934
03.07.2021;10:00;CEST;11:00;CEST;7,406
03.07.2021;11:00;CEST;12:00;CEST;7
03.07.2021;12:00;CEST;13:00;CEST;6,704
03.07.2021;13:00;CEST;14:00;CEST;6,5
03.07.2021;14:00;CEST;15:00;CEST;6,66
03.07.2021;15:00;CEST;16:00;CEST;7,3
03.07.2021;16:00;CEST;17:00;CEST;7,52
03.07.2021;17:00;CEST;18:00;CEST;8,545
03.07.2021;18:00;CEST;19:00;CEST;9,544
03.07.2021;19:00;CEST;20:00;CEST;10,696
03.07.2021;20:00;CEST;21:00;CEST;10,743
03.07.2021;21:00;CEST;22:00;CEST;10,697
03.07.2021;22:00;CEST;23:00;CEST;10,695
03.07.2021;23:00;CEST;00:00;CEST;10
04.07.2021;00:00;CEST;01:00;CEST;9,418
04.07.2021;01:00;CEST;02:00;CEST;8,674
04.07.2021;02:00;CEST;03:00;CEST;8,005
04.07.2021;03:00;CEST;04:00;CEST;7,561
04.07.2021;04:00;CEST;05:00;CEST;7,503
04.07.2021;05:00;CEST;06:00;CEST;7,399
04.07.2021;06:00;CEST;07:00;CEST;7,45
04.07.2021;07:00;CEST;08:00;CEST;7,542
04.07.2021;08:00;CEST;09:00;CEST;7,868
04.07.2021;09:00;CEST;10:00;CEST;7,708
04.07.2021;10:00;CEST;11:00;CEST;7,524
04.07.2021;11:00;CEST;12:00;CEST;7,803
04.07.2021;12:00;CEST;13:00;CEST;7,802
04.07.2021;13:00;CEST;14:00;CEST;7,4
04.07.2021;14:00;CEST;15:00;CEST;6,926
04.07.2021;15:00;CEST;16:00;CEST;6,907
04.07.2021;16:00;CEST;17:00;CEST;7,703
04.07.2021;17:00;CEST;18:00;CEST;8,307
04.07.2021;18:00;CEST;19:00;CEST;9,385
04.07.2021;19:00;CEST;20:00;CEST;9,954
04.07.2021;20:00;CEST;21:00;CEST;10
04.07.2021;21:00;CEST;22:00;CEST;10,209
04.07.2021;22:00;CEST;23:00;CEST;10,492
04.07.2021;23:00;CEST;00:00;CEST;9,573
05.07.2021;00:00;CEST;01:00;CEST;8,155
05.07.2021;01:00;CEST;02:00;CEST;7,522
05.07.2021;02:00;CEST;03:00;CEST;7,401
05.07.2021;03:00;CEST;04:00;CEST;7,201
05.07.2021;04:00;CEST;05:00;CEST;7,154
05.07.2021;05:00;CEST;06:00;CEST;7,409
05.07.2021;06:00;CEST;07:00;CEST;9,157
05.07.2021;07:00;CEST;08:00;CEST;10,193
05.07.2021;08:00;CEST;09:00;CEST;10,569
05.07.2021;09:00;CEST;10:00;CEST;10,355
05.07.2021;10:00;CEST;11:00;CEST;10,1
05.07.2021;11:00;CEST;12:00;CEST;10,009
05.07.2021;12:00;CEST;13:00;CEST;9,791
05.07.2021;13:00;CEST;14:00;CEST;9,423
05.07.2021;14:00;CEST;15:00;CEST;8,893
05.07.2021;15:00;CEST;16:00;CEST;8,393
05.07.2021;16:00;CEST;17:00;CEST;8,78
05.07.2021;17:00;CEST;18:00;CEST;9,936
05.07.2021;18:00;CEST;19:00;CEST;10,56
05.07.2021;19:00;CEST;20:00;CEST;11,499
05.07.2021;20:00;CEST;21:00;CEST;11,8
05.07.2021;21:00;CEST;22:00;CEST;11,074
05.07.2021;22:00;CEST;23:00;CEST;10,396
05.07.2021;23:00;CEST;00:00;CEST;9,458
06.07.2021;00:00;CEST;01:00;CEST;8,68
06.07.2021;01:00;CEST;02:00;CEST;7,809
06.07.2021;02:00;CEST;03:00;CEST;7,314
06.07.2021;03:00;CEST;04:00;CEST;7,087
06.07.2021;04:00;CEST;05:00;CEST;6,794
06.07.2021;05:00;CEST;06:00;CEST;7,158
06.07.2021;06:00;CEST;07:00;CEST;8,254
06.07.2021;07:00;CEST;08:00;CEST;9,659
06.07.2021;08:00;CEST;09:00;CEST;9,706
06.07.2021;09:00;CEST;10:00;CEST;8,729
06.07.2021;10:00;CEST;11:00;CEST;7,68
06.07.2021;11:00;CEST;12:00;CEST;7,034
06.07.2021;12:00;CEST;13:00;CEST;6,007
06.07.2021;13:00;CEST;14:00;CEST;5,991
06.07.2021;14:00;CEST;15:00;CEST;5,851
06.07.2021;15:00;CEST;16:00;CEST;6,274
06.07.2021;16:00;CEST;17:00;CEST;6,843
06.07.2021;17:00;CEST;18:00;CEST;7,549
06.07.2021;18:00;CEST;19:00;CEST;9,146
06.07.2021;19:00;CEST;20:00;CEST;9,994
06.07.2021;20:00;CEST;21:00;CEST;10,347
06.07.2021;21:00;CEST;22:00;CEST;10,397
06.07.2021;22:00;CEST;23:00;CEST;10,191
06.07.2021;23:00;CEST;00:00;CEST;9,128
07.07.2021;00:00;CEST;01:00;CEST;8,234
07.07.2021;01:00;CEST;02:00;CEST;7,506
07.07.2021;02:00;CEST;03:00;CEST;7,507
07.07.2021;03:00;CEST;04:00;CEST;7,51
07.07.2021;04:00;CEST;05:00;CEST;7,507
07.07.2021;05:00;CEST;06:00;CEST;7,973
07.07.2021;06:00;CEST;07:00;CEST;9,646
07.07.2021;07:00;CEST;08:00;CEST;10,478
07.07.2021;08:00;CEST;09:00;CEST;10,831
07.07.2021;09:00;CEST;10:00;CEST;10,493
07.07.2021;10:00;CEST;11:00;CEST;10,023
07.07.2021;11:00;CEST;12:00;CEST;9,959
07.07.2021;12:00;CEST;13:00;CEST;9,765
07.07.2021;13:00;CEST;14:00;CEST;9,736
07.07.2021;14:00;CEST;15:00;CEST;9,698
07.07.2021;15:00;CEST;16:00;CEST;9,687
07.07.2021;16:00;CEST;17:00;CEST;9,637
07.07.2021;17:00;CEST;18:00;CEST;10,029
07.07.2021;18:00;CEST;19:00;CEST;11,357
07.07.2021;19:00;CEST;20:00;CEST;13,348
07.07.2021;20:00;CEST;21:00;CEST;13,013
07.07.2021;21:00;CEST;22:00;CEST;12,061
07.07.2021;22:00;CEST;23:00;CEST;11,491
07.07.2021;23:00;CEST;00:00;CEST;10,365
08.07.2021;00:00;CEST;01:00;CEST;8,934
08.07.2021;01:00;CEST;02:00;CEST;8,308
08.07.2021;02:00;CEST;03:00;CEST;8,038
08.07.2021;03:00;CEST;04:00;CEST;7,962
08.07.2021;04:00;CEST;05:00;CEST;7,949
08.07.2021;05:00;CEST;06:00;CEST;8,246
08.07.2021;06:00;CEST;07:00;CEST;10,592
08.07.2021;07:00;CEST;08:00;CEST;12,046
08.07.2021;08:00;CEST;09:00;CEST;12,169
08.07.2021;09:00;CEST;10:00;CEST;11,793
08.07.2021;10:00;CEST;11:00;CEST;11,001
08.07.2021;11:00;CEST;12:00;CEST;10,836
08.07.2021;12:00;CEST;13:00;CEST;10,507
08.07.2021;13:00;CEST;14:00;CEST;10,28
08.07.2021;14:00;CEST;15:00;CEST;10,699
08.07.2021;15:00;CEST;16:00;CEST;11,569
08.07.2021;16:00;CEST;17:00;CEST;11,76
08.07.2021;17:00;CEST;18:00;CEST;12,329
08.07.2021;18:00;CEST;19:00;CEST;13,799
08.07.2021;19:00;CEST;20:00;CEST;15
08.07.2021;20:00;CEST;21:00;CEST;14,7
08.07.2021;21:00;CEST;22:00;CEST;12,41
08.07.2021;22:00;CEST;23:00;CEST;11,104
08.07.2021;23:00;CEST;00:00;CEST;9,67
09.07.2021;00:00;CEST;01:00;CEST;8,797
09.07.2021;01:00;CEST;02:00;CEST;7,807
09.07.2021;02:00;CEST;03:00;CEST;7,684
09.07.2021;03:00;CEST;04:00;CEST;7,515
09.07.2021;04:00;CEST;05:00;CEST;7,524
09.07.2021;05:00;CEST;06:00;CEST;7,781
09.07.2021;06:00;CEST;07:00;CEST;9,288
09.07.2021;07:00;CEST;08:00;CEST;10,449
09.07.2021;08:00;CEST;09:00;CEST;10,797
09.07.2021;09:00;CEST;10:00;CEST;10,462
09.07.2021;10:00;CEST;11:00;CEST;10,546
09.07.2021;11:00;CEST;12:00;CEST;10,238
09.07.2021;12:00;CEST;13:00;CEST;9,5
09.07.2021;13:00;CEST;14:00;CEST;9,192
09.07.2021;14:00;CEST;15:00;CEST;8,7
09.07.2021;15:00;CEST;16:00;CEST;8,321
09.07.2021;16:00;CEST;17:00;CEST;8,25
09.07.2021;17:00;CEST;18:00;CEST;8,815
09.07.2021;18:00;CEST;19:00;CEST;9,447
09.07.2021;19:00;CEST;20:00;CEST;9,768
09.07.2021;20:00;CEST;21:00;CEST;9,825
09.07.2021;21:00;CEST;22:00;CEST;9,843
09.07.2021;22:00;CEST;23:00;CEST;9,669
09.07.2021;23:00;CEST;00:00;CEST;9,198
10.07.2021;00:00;CEST;01:00;CEST;8,473
10.07.2021;01:00;CEST;02:00;CEST;8,086
10.07.2021;02:00;CEST;03:00;CEST;7,575
10.07.2021;03:00;CEST;04:00;CEST;7,404
10.07.2021;04:00;CEST;05:00;CEST;7,287
10.07.2021;05:00;CEST;06:00;CEST;7,245
10.07.2021;06:00;CEST;07:00;CEST;7,402
10.07.2021;07:00;CEST;08:00;CEST;8,002
10.07.2021;08:00;CEST;09:00;CEST;8,041
10.07.2021;09:00;CEST;10:00;CEST;7,922
10.07.2021;10:00;CEST;11:00;CEST;7,473
10.07.2021;11:00;CEST;12:00;CEST;6,85
10.07.2021;12:00;CEST;13:00;CEST;7,003
10.07.2021;13:00;CEST;14:00;CEST;6,581
10.07.2021;14:00;CEST;15:00;CEST;6,883
10.07.2021;15:00;CEST;16:00;CEST;7,04
10.07.2021;16:00;CEST;17:00;CEST;7,3
10.07.2021;17:00;CEST;18:00;CEST;8,131
10.07.2021;18:00;CEST;19:00;CEST;9,316
10.07.2021;19:00;CEST;20:00;CEST;9,791
10.07.2021;20:00;CEST;21:00;CEST;9,919
10.07.2021;21:00;CEST;22:00;CEST;10,005
10.07.2021;22:00;CEST;23:00;CEST;9,85
10.07.2021;23:00;CEST;00:00;CEST;9,5
11.07.2021;00:00;CEST;01:00;CEST;8,74
11.07.2021;01:00;CEST;02:00;CEST;7,909
11.07.2021;02:00;CEST;03:00;CEST;7,514
11.07.2021;03:00;CEST;04:00;CEST;7,013
11.07.2021;04:00;CEST;05:00;CEST;6,872
11.07.2021;05:00;CEST;06:00;CEST;6,869
11.07.2021;06:00;CEST;07:00;CEST;6,863
11.07.2021;07:00;CEST;08:00;CEST;7,002
11.07.2021;08:00;CEST;09:00;CEST;7,156
11.07.2021;09:00;CEST;10:00;CEST;7,2
11.07.2021;10:00;CEST;11:00;CEST;7,128
11.07.2021;11:00;CEST;12:00;CEST;7,345
11.07.2021;12:00;CEST;13:00;CEST;7,3
11.07.2021;13:00;CEST;14:00;CEST;6,809
11.07.2021;14:00;CEST;15:00;CEST;6,4
11.07.2021;15:00;CEST;16:00;CEST;6,522
11.07.2021;16:00;CEST;17:00;CEST;6,798
11.07.2021;17:00;CEST;18:00;CEST;7,375
11.07.2021;18:00;CEST;19:00;CEST;8,085
11.07.2021;19:00;CEST;20:00;CEST;9,425
11.07.2021;20:00;CEST;21:00;CEST;9,976
11.07.2021;21:00;CEST;22:00;CEST;10,31
11.07.2021;22:00;CEST;23:00;CEST;10,363
11.07.2021;23:00;CEST;00:00;CEST;9,602
12.07.2021;00:00;CEST;01:00;CEST;8,34
12.07.2021;01:00;CEST;02:00;CEST;7,604
12.07.2021;02:00;CEST;03:00;CEST;7,4
12.07.2021;03:00;CEST;04:00;CEST;7,292
12.07.2021;04:00;CEST;05:00;CEST;7,306
12.07.2021;05:00;CEST;06:00;CEST;7,612
12.07.2021;06:00;CEST;07:00;CEST;9,483
12.07.2021;07:00;CEST;08:00;CEST;10,562
12.07.2021;08:00;CEST;09:00;CEST;10,601
12.07.2021;09:00;CEST;10:00;CEST;10,18
12.07.2021;10:00;CEST;11:00;CEST;9,594
12.07.2021;11:00;CEST;12:00;CEST;9,499
12.07.2021;12:00;CEST;13:00;CEST;9,116
12.07.2021;13:00;CEST;14:00;CEST;8,7
12.07.2021;14:00;CEST;15:00;CEST;8,647
12.07.2021;15:00;CEST;16:00;CEST;8,889
12.07.2021;16:00;CEST;17:00;CEST;9,17
12.07.2021;17:00;CEST;18:00;CEST;9,993
12.07.2021;18:00;CEST;19:00;CEST;10,845
12.07.2021;19:00;CEST;20:00;CEST;12,049
12.07.2021;20:00;CEST;21:00;CEST;11,241
12.07.2021;21:00;CEST;22:00;CEST;10,39
12.07.2021;22:00;CEST;23:00;CEST;10,226
12.07.2021;23:00;CEST;00:00;CEST;9,544
13.07.2021;00:00;CEST;01:00;CEST;8,861
13.07.2021;01:00;CEST;02:00;CEST;8,34
13.07.2021;02:00;CEST;03:00;CEST;8,102
13.07.2021;03:00;CEST;04:00;CEST;7,696
13.07.2021;04:00;CEST;05:00;CEST;7,695
13.07.2021;05:00;CEST;06:00;CEST;8,447
13.07.2021;06:00;CEST;07:00;CEST;9,801
13.07.2021;07:00;CEST;08:00;CEST;10,403
13.07.2021;08:00;CEST;09:00;CEST;10,988
13.07.2021;09:00;CEST;10:00;CEST;10,6
13.07.2021;10:00;CEST;11:00;CEST;10,251
13.07.2021;11:00;CEST;12:00;CEST;10,431
13.07.2021;12:00;CEST;13:00;CEST;9,939
13.07.2021;13:00;CEST;14:00;CEST;9,796
13.07.2021;14:00;CEST;15:00;CEST;9,528
13.07.2021;15:00;CEST;16:00;CEST;9,217
13.07.2021;16:00;CEST;17:00;CEST;9,192
13.07.2021;17:00;CEST;18:00;CEST;9,879
13.07.2021;18:00;CEST;19:00;CEST;10,376
13.07.2021;19:00;CEST;20:00;CEST;10,5
13.07.2021;20:00;CEST;21:00;CEST;10,029
13.07.2021;21:00;CEST;22:00;CEST;9,852
13.07.2021;22:00;CEST;23:00;CEST;9,503
13.07.2021;23:00;CEST;00:00;CEST;8,61
14.07.2021;00:00;CEST;01:00;CEST;7,8
14.07.2021;01:00;CEST;02:00;CEST;7,52
14.07.2021;02:00;CEST;03:00;CEST;7,286
14.07.2021;03:00;CEST;04:00;CEST;7,267
14.07.2021;04:00;CEST;05:00;CEST;7,438
14.07.2021;05:00;CEST;06:00;CEST;7,885
14.07.2021;06:00;CEST;07:00;CEST;9,534
14.07.2021;07:00;CEST;08:00;CEST;10,498
14.07.2021;08:00;CEST;09:00;CEST;11,111
14.07.2021;09:00;CEST;10:00;CEST;11,007
14.07.2021;10:00;CEST;11:00;CEST;10,332
14.07.2021;11:00;CEST;12:00;CEST;10,115
14.07.2021;12:00;CEST;13:00;CEST;9,541
14.07.2021;13:00;CEST;14:00;CEST;8,855
14.07.2021;14:00;CEST;15:00;CEST;7,905
14.07.2021;15:00;CEST;16:00;CEST;7,444
14.07.2021;16:00;CEST;17:00;CEST;7,118
14.07.2021;17:00;CEST;18:00;CEST;8,187
14.07.2021;18:00;CEST;19:00;CEST;9,183
14.07.2021;19:00;CEST;20:00;CEST;9,346
14.07.2021;20:00;CEST;21:00;CEST;9,433
14.07.2021;21:00;CEST;22:00;CEST;8,811
14.07.2021;22:00;CEST;23:00;CEST;8,55
14.07.2021;23:00;CEST;00:00;CEST;7,568
15.07.2021;00:00;CEST;01:00;CEST;7,795
15.07.2021;01:00;CEST;02:00;CEST;7,683
15.07.2021;02:00;CEST;03:00;CEST;7,581
15.07.2021;03:00;CEST;04:00;CEST;7,572
15.07.2021;04:00;CEST;05:00;CEST;7,8
15.07.2021;05:00;CEST;06:00;CEST;8,144
15.07.2021;06:00;CEST;07:00;CEST;9,774
15.07.2021;07:00;CEST;08:00;CEST;10,5
15.07.2021;08:00;CEST;09:00;CEST;10,5
15.07.2021;09:00;CEST;10:00;CEST;10,317
15.07.2021;10:00;CEST;11:00;CEST;10,123
15.07.2021;11:00;CEST;12:00;CEST;10,083
15.07.2021;12:00;CEST;13:00;CEST;9,479
15.07.2021;13:00;CEST;14:00;CEST;9,086
15.07.2021;14:00;CEST;15:00;CEST;8,5
15.07.2021;15:00;CEST;16:00;CEST;7,998
15.07.2021;16:00;CEST;17:00;CEST;7,812
15.07.2021;17:00;CEST;18:00;CEST;9,061
15.07.2021;18:00;CEST;19:00;CEST;9,464
15.07.2021;19:00;CEST;20:00;CEST;9,67
15.07.2021;20:00;CEST;21:00;CEST;9,63
15.07.2021;21:00;CEST;22:00;CEST;9,191
15.07.2021;22:00;CEST;23:00;CEST;9,086
15.07.2021;23:00;CEST;00:00;CEST;8,517
16.07.2021;00:00;CEST;01:00;CEST;7,914
16.07.2021;01:00;CEST;02:00;CEST;7,491
16.07.2021;02:00;CEST;03:00;CEST;7,313
16.07.2021;03:00;CEST;04:00;CEST;7,181
16.07.2021;04:00;CEST;05:00;CEST;7,262
16.07.2021;05:00;CEST;06:00;CEST;7,673
16.07.2021;06:00;CEST;07:00;CEST;9,388
16.07.2021;07:00;CEST;08:00;CEST;10,187
16.07.2021;08:00;CEST;09:00;CEST;10,159
16.07.2021;09:00;CEST;10:00;CEST;9,791
16.07.2021;10:00;CEST;11:00;CEST;9,337
16.07.2021;11:00;CEST;12:00;CEST;9,042
16.07.2021;12:00;CEST;13:00;CEST;8,906
16.07.2021;13:00;CEST;14:00;CEST;7,801
16.07.2021;14:00;CEST;15:00;CEST;7,415
16.07.2021;15:00;CEST;16:00;CEST;7,028
16.07.2021;16:00;CEST;17:00;CEST;7,126
16.07.2021;17:00;CEST;18:00;CEST;7,791
16.07.2021;18:00;CEST;19:00;CEST;9
16.07.2021;19:00;CEST;20:00;CEST;9,693
16.07.2021;20:00;CEST;21:00;CEST;9,693
16.07.2021;21:00;CEST;22:00;CEST;9,49
16.07.2021;22:00;CEST;23:00;CEST;9,117
16.07.2021;23:00;CEST;00:00;CEST;8,117
17.07.2021;00:00;CEST;01:00;CEST;7,287
17.07.2021;01:00;CEST;02:00;CEST;7,001
17.07.2021;02:00;CEST;03:00;CEST;6,602
17.07.2021;03:00;CEST;04:00;CEST;6,038
17.07.2021;04:00;CEST;05:00;CEST;5,748
17.07.2021;05:00;CEST;06:00;CEST;5,686
17.07.2021;06:00;CEST;07:00;CEST;6,227
17.07.2021;07:00;CEST;08:00;CEST;7,008
17.07.2021;08:00;CEST;09:00;CEST;7,556
17.07.2021;09:00;CEST;10:00;CEST;7,384
17.07.2021;10:00;CEST;11:00;CEST;7,01
17.07.2021;11:00;CEST;12:00;CEST;6,672
17.07.2021;12:00;CEST;13:00;CEST;5,565
17.07.2021;13:00;CEST;14:00;CEST;4,823
17.07.2021;14:00;CEST;15:00;CEST;3,008
17.07.2021;15:00;CEST;16:00;CEST;1,692
17.07.2021;16:00;CEST;17:00;CEST;2,901
17.07.2021;17:00;CEST;18:00;CEST;5,107
17.07.2021;18:00;CEST;19:00;CEST;6,803
17.07.2021;19:00;CEST;20:00;CEST;7,756
17.07.2021;20:00;CEST;21:00;CEST;8,106
17.07.2021;21:00;CEST;22:00;CEST;7,811
17.07.2021;22:00;CEST;23:00;CEST;7,562
17.07.2021;23:00;CEST;00:00;CEST;6,703
18.07.2021;00:00;CEST;01:00;CEST;6,23
18.07.2021;01:00;CEST;02:00;CEST;5,575
18.07.2021;02:00;CEST;03:00;CEST;5,086
18.07.2021;03:00;CEST;04:00;CEST;5,017
18.07.2021;04:00;CEST;05:00;CEST;4,549
18.07.2021;05:00;CEST;06:00;CEST;4,633
18.07.2021;06:00;CEST;07:00;CEST;5,083
18.07.2021;07:00;CEST;08:00;CEST;5,549
18.07.2021;08:00;CEST;09:00;CEST;5,482
18.07.2021;09:00;CEST;10:00;CEST;4,657
18.07.2021;10:00;CEST;11:00;CEST;3,533
18.07.2021;11:00;CEST;12:00;CEST;2,578
18.07.2021;12:00;CEST;13:00;CEST;1,956
18.07.2021;13:00;CEST;14:00;CEST;0,01
18.07.2021;14:00;CEST;15:00;CEST;-0,104
18.07.2021;15:00;CEST;16:00;CEST;-0,5
18.07.2021;16:00;CEST;17:00;CEST;0,001
18.07.2021;17:00;CEST;18:00;CEST;2,25
18.07.2021;18:00;CEST;19:00;CEST;5,802
18.07.2021;19:00;CEST;20:00;CEST;7,462
18.07.2021;20:00;CEST;21:00;CEST;7,992
18.07.2021;21:00;CEST;22:00;CEST;8,503
18.07.2021;22:00;CEST;23:00;CEST;9,419
18.07.2021;23:00;CEST;00:00;CEST;9,113
19.07.2021;00:00;CEST;01:00;CEST;7,31
19.07.2021;01:00;CEST;02:00;CEST;6,72
19.07.2021;02:00;CEST;03:00;CEST;6,44
19.07.2021;03:00;CEST;04:00;CEST;6,483
19.07.2021;04:00;CEST;05:00;CEST;6,572
19.07.2021;05:00;CEST;06:00;CEST;7,348
19.07.2021;06:00;CEST;07:00;CEST;9,53
19.07.2021;07:00;CEST;08:00;CEST;10
19.07.2021;08:00;CEST;09:00;CEST;10,505
19.07.2021;09:00;CEST;10:00;CEST;9,899
19.07.2021;10:00;CEST;11:00;CEST;9,5
19.07.2021;11:00;CEST;12:00;CEST;9,31
19.07.2021;12:00;CEST;13:00;CEST;8,936
19.07.2021;13:00;CEST;14:00;CEST;8,348
19.07.2021;14:00;CEST;15:00;CEST;7,84
19.07.2021;15:00;CEST;16:00;CEST;7,795
19.07.2021;16:00;CEST;17:00;CEST;8,511
19.07.2021;17:00;CEST;18:00;CEST;9,37
19.07.2021;18:00;CEST;19:00;CEST;10
19.07.2021;19:00;CEST;20:00;CEST;11
19.07.2021;20:00;CEST;21:00;CEST;11,52
19.07.2021;21:00;CEST;22:00;CEST;11,002
19.07.2021;22:00;CEST;23:00;CEST;10,386
19.07.2021;23:00;CEST;00:00;CEST;9,778
20.07.2021;00:00;CEST;01:00;CEST;8,57
20.07.2021;01:00;CEST;02:00;CEST;8,131
20.07.2021;02:00;CEST;03:00;CEST;7,97
20.07.2021;03:00;CEST;04:00;CEST;7,738
20.07.2021;04:00;CEST;05:00;CEST;7,793
20.07.2021;05:00;CEST;06:00;CEST;8,09
20.07.2021;06:00;CEST;07:00;CEST;9,903
20.07.2021;07:00;CEST;08:00;CEST;11,485
20.07.2021;08:00;CEST;09:00;CEST;11,136
20.07.2021;09:00;CEST;10:00;CEST;10,211
20.07.2021;10:00;CEST;11:00;CEST;9,301
20.07.2021;11:00;CEST;12:00;CEST;8,892
20.07.2021;12:00;CEST;13:00;CEST;8,5
20.07.2021;13:00;CEST;14:00;CEST;7,83
20.07.2021;14:00;CEST;15:00;CEST;7,587
20.07.2021;15:00;CEST;16:00;CEST;7,845
20.07.2021;16:00;CEST;17:00;CEST;8,03
20.07.2021;17:00;CEST;18:00;CEST;8,652
20.07.2021;18:00;CEST;19:00;CEST;9,834
20.07.2021;19:00;CEST;20:00;CEST;10,6
20.07.2021;20:00;CEST;21:00;CEST;11,27
20.07.2021;21:00;CEST;22:00;CEST;10,997
20.07.2021;22:00;CEST;23:00;CEST;10,6
20.07.2021;23:00;CEST;00:00;CEST;9,1
21.07.2021;00:00;CEST;01:00;CEST;8,201
21.07.2021;01:00;CEST;02:00;CEST;7,818
21.07.2021;02:00;CEST;03:00;CEST;7,615
21.07.2021;03:00;CEST;04:00;CEST;7,65
21.07.2021;04:00;CEST;05:00;CEST;7,63
21.07.2021;05:00;CEST;06:00;CEST;8
21.07.2021;06:00;CEST;07:00;CEST;9,326
21.07.2021;07:00;CEST;08:00;CEST;10,656
21.07.2021;08:00;CEST;09:00;CEST;10,845
21.07.2021;09:00;CEST;10:00;CEST;9,591
21.07.2021;10:00;CEST;11:00;CEST;8,707
21.07.2021;11:00;CEST;12:00;CEST;7,998
21.07.2021;12:00;CEST;13:00;CEST;7,961
21.07.2021;13:00;CEST;14:00;CEST;7,644
21.07.2021;14:00;CEST;15:00;CEST;7,593
21.07.2021;15:00;CEST;16:00;CEST;7,704
21.07.2021;16:00;CEST;17:00;CEST;8,263
21.07.2021;17:00;CEST;18:00;CEST;9,073
21.07.2021;18:00;CEST;19:00;CEST;10,178
21.07.2021;19:00;CEST;20:00;CEST;11,359
21.07.2021;20:00;CEST;21:00;CEST;11,144
21.07.2021;21:00;CEST;22:00;CEST;11
21.07.2021;22:00;CEST;23:00;CEST;10,459
21.07.2021;23:00;CEST;00:00;CEST;9,55
22.07.2021;00:00;CEST;01:00;CEST;8,301
22.07.2021;01:00;CEST;02:00;CEST;7,736
22.07.2021;02:00;CEST;03:00;CEST;7,599
22.07.2021;03:00;CEST;04:00;CEST;7,501
22.07.2021;04:00;CEST;05:00;CEST;7,412
22.07.2021;05:00;CEST;06:00;CEST;7,81
22.07.2021;06:00;CEST;07:00;CEST;9,506
22.07.2021;07:00;CEST;08:00;CEST;10,377
22.07.2021;08:00;CEST;09:00;CEST;10,525
22.07.2021;09:00;CEST;10:00;CEST;9,692
22.07.2021;10:00;CEST;11:00;CEST;8,808
22.07.2021;11:00;CEST;12:00;CEST;8,537
22.07.2021;12:00;CEST;13:00;CEST;8,132
22.07.2021;13:00;CEST;14:00;CEST;7,859
22.07.2021;14:00;CEST;15:00;CEST;7,564
22.07.2021;15:00;CEST;16:00;CEST;7,4
22.07.2021;16:00;CEST;17:00;CEST;7,992
22.07.2021;17:00;CEST;18:00;CEST;8,798
22.07.2021;18:00;CEST;19:00;CEST;9,596
22.07.2021;19:00;CEST;20:00;CEST;10,2
22.07.2021;20:00;CEST;21:00;CEST;10,5
22.07.2021;21:00;CEST;22:00;CEST;10,203
22.07.2021;22:00;CEST;23:00;CEST;9,706
22.07.2021;23:00;CEST;00:00;CEST;8,394
23.07.2021;00:00;CEST;01:00;CEST;8,603
23.07.2021;01:00;CEST;02:00;CEST;8,01
23.07.2021;02:00;CEST;03:00;CEST;7,649
23.07.2021;03:00;CEST;04:00;CEST;7,51
23.07.2021;04:00;CEST;05:00;CEST;7,667
23.07.2021;05:00;CEST;06:00;CEST;8,303
23.07.2021;06:00;CEST;07:00;CEST;9,442
23.07.2021;07:00;CEST;08:00;CEST;10,563
23.07.2021;08:00;CEST;09:00;CEST;10,691
23.07.2021;09:00;CEST;10:00;CEST;9,806
23.07.2021;10:00;CEST;11:00;CEST;9,301
23.07.2021;11:00;CEST;12:00;CEST;8,995
23.07.2021;12:00;CEST;13:00;CEST;8,809
23.07.2021;13:00;CEST;14:00;CEST;7,919
23.07.2021;14:00;CEST;15:00;CEST;7,451
23.07.2021;15:00;CEST;16:00;CEST;7,501
23.07.2021;16:00;CEST;17:00;CEST;7,58
23.07.2021;17:00;CEST;18:00;CEST;8,545
23.07.2021;18:00;CEST;19:00;CEST;9,355
23.07.2021;19:00;CEST;20:00;CEST;10,342
23.07.2021;20:00;CEST;21:00;CEST;10,601
23.07.2021;21:00;CEST;22:00;CEST;9,972
23.07.2021;22:00;CEST;23:00;CEST;9,515
23.07.2021;23:00;CEST;00:00;CEST;8,992
24.07.2021;00:00;CEST;01:00;CEST;8,5
24.07.2021;01:00;CEST;02:00;CEST;8,042
24.07.2021;02:00;CEST;03:00;CEST;7,63
24.07.2021;03:00;CEST;04:00;CEST;7,128
24.07.2021;04:00;CEST;05:00;CEST;7,033
24.07.2021;05:00;CEST;06:00;CEST;6,987
24.07.2021;06:00;CEST;07:00;CEST;7,13
24.07.2021;07:00;CEST;08:00;CEST;7,586
24.07.2021;08:00;CEST;09:00;CEST;7,83
24.07.2021;09:00;CEST;10:00;CEST;7,881
24.07.2021;10:00;CEST;11:00;CEST;7,553
24.07.2021;11:00;CEST;12:00;CEST;7,203
24.07.2021;12:00;CEST;13:00;CEST;7,03
24.07.2021;13:00;CEST;14:00;CEST;6,404
24.07.2021;14:00;CEST;15:00;CEST;6,31
24.07.2021;15:00;CEST;16:00;CEST;6,501
24.07.2021;16:00;CEST;17:00;CEST;6,891
24.07.2021;17:00;CEST;18:00;CEST;7,772
24.07.2021;18:00;CEST;19:00;CEST;8,507
24.07.2021;19:00;CEST;20:00;CEST;9,021
24.07.2021;20:00;CEST;21:00;CEST;9,004
24.07.2021;21:00;CEST;22:00;CEST;8,7
24.07.2021;22:00;CEST;23:00;CEST;7,95
24.07.2021;23:00;CEST;00:00;CEST;7,24
25.07.2021;00:00;CEST;01:00;CEST;5,906
25.07.2021;01:00;CEST;02:00;CEST;5,424
25.07.2021;02:00;CEST;03:00;CEST;5,351
25.07.2021;03:00;CEST;04:00;CEST;4,906
25.07.2021;04:00;CEST;05:00;CEST;4,909
25.07.2021;05:00;CEST;06:00;CEST;4,91
25.07.2021;06:00;CEST;07:00;CEST;4,908
25.07.2021;07:00;CEST;08:00;CEST;4,915
25.07.2021;08:00;CEST;09:00;CEST;5,358
25.07.2021;09:00;CEST;10:00;CEST;5,241
25.07.2021;10:00;CEST;11:00;CEST;4,923
25.07.2021;11:00;CEST;12:00;CEST;5,03
25.07.2021;12:00;CEST;13:00;CEST;4,99
25.07.2021;13:00;CEST;14:00;CEST;4,856
25.07.2021;14:00;CEST;15:00;CEST;4,674
25.07.2021;15:00;CEST;16:00;CEST;4,785
25.07.2021;16:00;CEST;17:00;CEST;4,965
25.07.2021;17:00;CEST;18:00;CEST;6,717
25.07.2021;18:00;CEST;19:00;CEST;8,04
25.07.2021;19:00;CEST;20:00;CEST;8,777
25.07.2021;20:00;CEST;21:00;CEST;9,146
25.07.2021;21:00;CEST;22:00;CEST;9,185
25.07.2021;22:00;CEST;23:00;CEST;9,186
25.07.2021;23:00;CEST;00:00;CEST;8,593
26.07.2021;00:00;CEST;01:00;CEST;7,54
26.07.2021;01:00;CEST;02:00;CEST;7,26
26.07.2021;02:00;CEST;03:00;CEST;6,994
26.07.2021;03:00;CEST;04:00;CEST;6,907
26.07.2021;04:00;CEST;05:00;CEST;7,244
26.07.2021;05:00;CEST;06:00;CEST;7,644
26.07.2021;06:00;CEST;07:00;CEST;9,054
26.07.2021;07:00;CEST;08:00;CEST;9,996
26.07.2021;08:00;CEST;09:00;CEST;10,2
26.07.2021;09:00;CEST;10:00;CEST;9,906
26.07.2021;10:00;CEST;11:00;CEST;9,168
26.07.2021;11:00;CEST;12:00;CEST;8,998
26.07.2021;12:00;CEST;13:00;CEST;8,683
26.07.2021;13:00;CEST;14:00;CEST;8,24
26.07.2021;14:00;CEST;15:00;CEST;8,199
26.07.2021;15:00;CEST;16:00;CEST;8,343
26.07.2021;16:00;CEST;17:00;CEST;8,341
26.07.2021;17:00;CEST;18:00;CEST;9,173
26.07.2021;18:00;CEST;19:00;CEST;10,341
26.07.2021;19:00;CEST;20:00;CEST;10,9
26.07.2021;20:00;CEST;21:00;CEST;10,9
26.07.2021;21:00;CEST;22:00;CEST;10,482
26.07.2021;22:00;CEST;23:00;CEST;9,5
26.07.2021;23:00;CEST;00:00;CEST;8,394
27.07.2021;00:00;CEST;01:00;CEST;8,008
27.07.2021;01:00;CEST;02:00;CEST;7,53
27.07.2021;02:00;CEST;03:00;CEST;7,255
27.07.2021;03:00;CEST;04:00;CEST;7,217
27.07.2021;04:00;CEST;05:00;CEST;7,102
27.07.2021;05:00;CEST;06:00;CEST;7,602
27.07.2021;06:00;CEST;07:00;CEST;9,115
27.07.2021;07:00;CEST;08:00;CEST;9,992
27.07.2021;08:00;CEST;09:00;CEST;10,098
27.07.2021;09:00;CEST;10:00;CEST;8,927
27.07.2021;10:00;CEST;11:00;CEST;8,408
27.07.2021;11:00;CEST;12:00;CEST;8,367
27.07.2021;12:00;CEST;13:00;CEST;8,3
27.07.2021;13:00;CEST;14:00;CEST;7,943
27.07.2021;14:00;CEST;15:00;CEST;7,8
27.07.2021;15:00;CEST;16:00;CEST;7,98
27.07.2021;16:00;CEST;17:00;CEST;8,286
27.07.2021;17:00;CEST;18:00;CEST;9,275
27.07.2021;18:00;CEST;19:00;CEST;10,144
27.07.2021;19:00;CEST;20:00;CEST;11,194
27.07.2021;20:00;CEST;21:00;CEST;10,779
27.07.2021;21:00;CEST;22:00;CEST;10,474
27.07.2021;22:00;CEST;23:00;CEST;9,399
27.07.2021;23:00;CEST;00:00;CEST;8,142
28.07.2021;00:00;CEST;01:00;CEST;8,259
28.07.2021;01:00;CEST;02:00;CEST;7,541
28.07.2021;02:00;CEST;03:00;CEST;7,11
28.07.2021;03:00;CEST;04:00;CEST;7,404
28.07.2021;04:00;CEST;05:00;CEST;7,441
28.07.2021;05:00;CEST;06:00;CEST;7,681
28.07.2021;06:00;CEST;07:00;CEST;9,492
28.07.2021;07:00;CEST;08:00;CEST;10,929
28.07.2021;08:00;CEST;09:00;CEST;11,186
28.07.2021;09:00;CEST;10:00;CEST;9,495
28.07.2021;10:00;CEST;11:00;CEST;8,508
28.07.2021;11:00;CEST;12:00;CEST;8,001
28.07.2021;12:00;CEST;13:00;CEST;7,103
28.07.2021;13:00;CEST;14:00;CEST;6,079
28.07.2021;14:00;CEST;15:00;CEST;5,862
28.07.2021;15:00;CEST;16:00;CEST;5,636
28.07.2021;16:00;CEST;17:00;CEST;5,46
28.07.2021;17:00;CEST;18:00;CEST;6,414
28.07.2021;18:00;CEST;19:00;CEST;8,129
28.07.2021;19:00;CEST;20:00;CEST;9,113
28.07.2021;20:00;CEST;21:00;CEST;9,493
28.07.2021;21:00;CEST;22:00;CEST;8,826
28.07.2021;22:00;CEST;23:00;CEST;8,302
28.07.2021;23:00;CEST;00:00;CEST;7,149
29.07.2021;00:00;CEST;01:00;CEST;5,558
29.07.2021;01:00;CEST;02:00;CEST;5,01
29.07.2021;02:00;CEST;03:00;CEST;4,598
29.07.2021;03:00;CEST;04:00;CEST;4,343
29.07.2021;04:00;CEST;05:00;CEST;4,471
29.07.2021;05:00;CEST;06:00;CEST;5,085
29.07.2021;06:00;CEST;07:00;CEST;5,967
29.07.2021;07:00;CEST;08:00;CEST;6,923
29.07.2021;08:00;CEST;09:00;CEST;6,594
29.07.2021;09:00;CEST;10:00;CEST;4,859
29.07.2021;10:00;CEST;11:00;CEST;0,983
29.07.2021;11:00;CEST;12:00;CEST;0,007
29.07.2021;12:00;CEST;13:00;CEST;0
29.07.2021;13:00;CEST;14:00;CEST;-0,495
29.07.2021;14:00;CEST;15:00;CEST;-0,886
29.07.2021;15:00;CEST;16:00;CEST;-0,109
29.07.2021;16:00;CEST;17:00;CEST;0,009
29.07.2021;17:00;CEST;18:00;CEST;4,469
29.07.2021;18:00;CEST;19:00;CEST;7,498
29.07.2021;19:00;CEST;20:00;CEST;9,135
29.07.2021;20:00;CEST;21:00;CEST;9,426
29.07.2021;21:00;CEST;22:00;CEST;9,598
29.07.2021;22:00;CEST;23:00;CEST;9,295
29.07.2021;23:00;CEST;00:00;CEST;8,295
30.07.2021;00:00;CEST;01:00;CEST;6,213
30.07.2021;01:00;CEST;02:00;CEST;5,294
30.07.2021;02:00;CEST;03:00;CEST;5,007
30.07.2021;03:00;CEST;04:00;CEST;4,686
30.07.2021;04:00;CEST;05:00;CEST;4,621
30.07.2021;05:00;CEST;06:00;CEST;5,689
30.07.2021;06:00;CEST;07:00;CEST;7,21
30.07.2021;07:00;CEST;08:00;CEST;7,873
30.07.2021;08:00;CEST;09:00;CEST;8,014
30.07.2021;09:00;CEST;10:00;CEST;6,311
30.07.2021;10:00;CEST;11:00;CEST;5,618
30.07.2021;11:00;CEST;12:00;CEST;5,031
30.07.2021;12:00;CEST;13:00;CEST;4,87
30.07.2021;13:00;CEST;14:00;CEST;4,348
30.07.2021;14:00;CEST;15:00;CEST;4,027
30.07.2021;15:00;CEST;16:00;CEST;4,35
30.07.2021;16:00;CEST;17:00;CEST;4,686
30.07.2021;17:00;CEST;18:00;CEST;6,381
30.07.2021;18:00;CEST;19:00;CEST;7,526
30.07.2021;19:00;CEST;20:00;CEST;10,6
30.07.2021;20:00;CEST;21:00;CEST;11,617
30.07.2021;21:00;CEST;22:00;CEST;10,1
30.07.2021;22:00;CEST;23:00;CEST;8,5
30.07.2021;23:00;CEST;00:00;CEST;6,962
31.07.2021;00:00;CEST;01:00;CEST;5,9
31.07.2021;01:00;CEST;02:00;CEST;5,363
31.07.2021;02:00;CEST;03:00;CEST;4,176
31.07.2021;03:00;CEST;04:00;CEST;3,895
31.07.2021;04:00;CEST;05:00;CEST;3,592
31.07.2021;05:00;CEST;06:00;CEST;3,337
31.07.2021;06:00;CEST;07:00;CEST;4,043
31.07.2021;07:00;CEST;08:00;CEST;4,057
31.07.2021;08:00;CEST;09:00;CEST;3,621
31.07.2021;09:00;CEST;10:00;CEST;1,476
31.07.2021;10:00;CEST;11:00;CEST;0,001
31.07.2021;11:00;CEST;12:00;CEST;-0,007
31.07.2021;12:00;CEST;13:00;CEST;-0,994
31.07.2021;13:00;CEST;14:00;CEST;-2,003
31.07.2021;14:00;CEST;15:00;CEST;-2,006
31.07.2021;15:00;CEST;16:00;CEST;-1,896
31.07.2021;16:00;CEST;17:00;CEST;-0,138
31.07.2021;17:00;CEST;18:00;CEST;0,944
31.07.2021;18:00;CEST;19:00;CEST;5,061
31.07.2021;19:00;CEST;20:00;CEST;6,553
31.07.2021;20:00;CEST;21:00;CEST;6,993
31.07.2021;21:00;CEST;22:00;CEST;7,091
31.07.2021;22:00;CEST;23:00;CEST;6,556
31.07.2021;23:00;CEST;00:00;CEST;5,96
01.08.2021;00:00;CEST;01:00;CEST;5,282
01.08.2021;01:00;CEST;02:00;CEST;4,933
01.08.2021;02:00;CEST;03:00;CEST;4,942
01.08.2021;03:00;CEST;04:00;CEST;4,979
01.08.2021;04:00;CEST;05:00;CEST;5
01.08.2021;05:00;CEST;06:00;CEST;5,235
01.08.2021;06:00;CEST;07:00;CEST;5,002
01.08.2021;07:00;CEST;08:00;CEST;5,689
01.08.2021;08:00;CEST;09:00;CEST;5,779
01.08.2021;09:00;CEST;10:00;CEST;5,776
01.08.2021;10:00;CEST;11:00;CEST;5,916
01.08.2021;11:00;CEST;12:00;CEST;5,925
01.08.2021;12:00;CEST;13:00;CEST;6,01
01.08.2021;13:00;CEST;14:00;CEST;5,603
01.08.2021;14:00;CEST;15:00;CEST;5,006
01.08.2021;15:00;CEST;16:00;CEST;4,894
01.08.2021;16:00;CEST;17:00;CEST;5,087
01.08.2021;17:00;CEST;18:00;CEST;6,059
01.08.2021;18:00;CEST;19:00;CEST;6,852
01.08.2021;19:00;CEST;20:00;CEST;7,592
01.08.2021;20:00;CEST;21:00;CEST;8
01.08.2021;21:00;CEST;22:00;CEST;7,601
01.08.2021;22:00;CEST;23:00;CEST;7,293
01.08.2021;23:00;CEST;00:00;CEST;6,03
02.08.2021;00:00;CEST;01:00;CEST;6,156
02.08.2021;01:00;CEST;02:00;CEST;5,605
02.08.2021;02:00;CEST;03:00;CEST;5,471
02.08.2021;03:00;CEST;04:00;CEST;5,124
02.08.2021;04:00;CEST;05:00;CEST;5,126
02.08.2021;05:00;CEST;06:00;CEST;5,924
02.08.2021;06:00;CEST;07:00;CEST;8,218
02.08.2021;07:00;CEST;08:00;CEST;8,992
02.08.2021;08:00;CEST;09:00;CEST;9,747
02.08.2021;09:00;CEST;10:00;CEST;8,774
02.08.2021;10:00;CEST;11:00;CEST;8,28
02.08.2021;11:00;CEST;12:00;CEST;7,995
02.08.2021;12:00;CEST;13:00;CEST;7,683
02.08.2021;13:00;CEST;14:00;CEST;7,008
02.08.2021;14:00;CEST;15:00;CEST;6,42
02.08.2021;15:00;CEST;16:00;CEST;6,867
02.08.2021;16:00;CEST;17:00;CEST;6,997
02.08.2021;17:00;CEST;18:00;CEST;8,235
02.08.2021;18:00;CEST;19:00;CEST;9,56
02.08.2021;19:00;CEST;20:00;CEST;10,841
02.08.2021;20:00;CEST;21:00;CEST;11,67
02.08.2021;21:00;CEST;22:00;CEST;11,752
02.08.2021;22:00;CEST;23:00;CEST;10,497
02.08.2021;23:00;CEST;00:00;CEST;9,291
03.08.2021;00:00;CEST;01:00;CEST;8,542
03.08.2021;01:00;CEST;02:00;CEST;7,859
03.08.2021;02:00;CEST;03:00;CEST;7,779
03.08.2021;03:00;CEST;04:00;CEST;7,503
03.08.2021;04:00;CEST;05:00;CEST;7,501
03.08.2021;05:00;CEST;06:00;CEST;7,878
03.08.2021;06:00;CEST;07:00;CEST;10,082
03.08.2021;07:00;CEST;08:00;CEST;13
03.08.2021;08:00;CEST;09:00;CEST;11,852
03.08.2021;09:00;CEST;10:00;CEST;10,406
03.08.2021;10:00;CEST;11:00;CEST;9,623
03.08.2021;11:00;CEST;12:00;CEST;9,521
03.08.2021;12:00;CEST;13:00;CEST;9,479
03.08.2021;13:00;CEST;14:00;CEST;8,896
03.08.2021;14:00;CEST;15:00;CEST;8,548
03.08.2021;15:00;CEST;16:00;CEST;8,542
03.08.2021;16:00;CEST;17:00;CEST;8,793
03.08.2021;17:00;CEST;18:00;CEST;9,979
03.08.2021;18:00;CEST;19:00;CEST;11,542
03.08.2021;19:00;CEST;20:00;CEST;11,952
03.08.2021;20:00;CEST;21:00;CEST;11,776
03.08.2021;21:00;CEST;22:00;CEST;11
03.08.2021;22:00;CEST;23:00;CEST;10,49
03.08.2021;23:00;CEST;00:00;CEST;9,082
04.08.2021;00:00;CEST;01:00;CEST;8,61
04.08.2021;01:00;CEST;02:00;CEST;8,023
04.08.2021;02:00;CEST;03:00;CEST;7,702
04.08.2021;03:00;CEST;04:00;CEST;7,665
04.08.2021;04:00;CEST;05:00;CEST;7,78
04.08.2021;05:00;CEST;06:00;CEST;8,348
04.08.2021;06:00;CEST;07:00;CEST;9,625
04.08.2021;07:00;CEST;08:00;CEST;10,823
04.08.2021;08:00;CEST;09:00;CEST;12,304
04.08.2021;09:00;CEST;10:00;CEST;11,468
04.08.2021;10:00;CEST;11:00;CEST;11,077
04.08.2021;11:00;CEST;12:00;CEST;10,198
04.08.2021;12:00;CEST;13:00;CEST;9,844
04.08.2021;13:00;CEST;14:00;CEST;9,591
04.08.2021;14:00;CEST;15:00;CEST;9,083
04.08.2021;15:00;CEST;16:00;CEST;9,002
04.08.2021;16:00;CEST;17:00;CEST;8,891
04.08.2021;17:00;CEST;18:00;CEST;9,597
04.08.2021;18:00;CEST;19:00;CEST;10,746
04.08.2021;19:00;CEST;20:00;CEST;12,894
04.08.2021;20:00;CEST;21:00;CEST;12,4
04.08.2021;21:00;CEST;22:00;CEST;11,01
04.08.2021;22:00;CEST;23:00;CEST;9,922
04.08.2021;23:00;CEST;00:00;CEST;9,003
05.08.2021;00:00;CEST;01:00;CEST;8,553
05.08.2021;01:00;CEST;02:00;CEST;8,099
05.08.2021;02:00;CEST;03:00;CEST;7,815
05.08.2021;03:00;CEST;04:00;CEST;7,815
05.08.2021;04:00;CEST;05:00;CEST;7,876
05.08.2021;05:00;CEST;06:00;CEST;8,295
05.08.2021;06:00;CEST;07:00;CEST;9,804
05.08.2021;07:00;CEST;08:00;CEST;12,51
05.08.2021;08:00;CEST;09:00;CEST;12,62
05.08.2021;09:00;CEST;10:00;CEST;11,529
05.08.2021;10:00;CEST;11:00;CEST;10,814
05.08.2021;11:00;CEST;12:00;CEST;10,1
05.08.2021;12:00;CEST;13:00;CEST;9,9
05.08.2021;13:00;CEST;14:00;CEST;8,879
05.08.2021;14:00;CEST;15:00;CEST;8,299
05.08.2021;15:00;CEST;16:00;CEST;8,148
05.08.2021;16:00;CEST;17:00;CEST;8,511
05.08.2021;17:00;CEST;18:00;CEST;9,166
05.08.2021;18:00;CEST;19:00;CEST;10,748
05.08.2021;19:00;CEST;20:00;CEST;11,095
05.08.2021;20:00;CEST;21:00;CEST;11,174
05.08.2021;21:00;CEST;22:00;CEST;9,713
05.08.2021;22:00;CEST;23:00;CEST;8,3
05.08.2021;23:00;CEST;00:00;CEST;7,06
06.08.2021;00:00;CEST;01:00;CEST;6,503
06.08.2021;01:00;CEST;02:00;CEST;6,35
06.08.2021;02:00;CEST;03:00;CEST;6,297
06.08.2021;03:00;CEST;04:00;CEST;6,407
06.08.2021;04:00;CEST;05:00;CEST;6,423
06.08.2021;05:00;CEST;06:00;CEST;6,645
06.08.2021;06:00;CEST;07:00;CEST;8,143
06.08.2021;07:00;CEST;08:00;CEST;9
06.08.2021;08:00;CEST;09:00;CEST;9,498
06.08.2021;09:00;CEST;10:00;CEST;8,613
06.08.2021;10:00;CEST;11:00;CEST;7,752
06.08.2021;11:00;CEST;12:00;CEST;6,908
06.08.2021;12:00;CEST;13:00;CEST;6,474
06.08.2021;13:00;CEST;14:00;CEST;5,915
06.08.2021;14:00;CEST;15:00;CEST;5,464
06.08.2021;15:00;CEST;16:00;CEST;5,528
06.08.2021;16:00;CEST;17:00;CEST;5,893
06.08.2021;17:00;CEST;18:00;CEST;6,521
06.08.2021;18:00;CEST;19:00;CEST;7,796
06.08.2021;19:00;CEST;20:00;CEST;8,5
06.08.2021;20:00;CEST;21:00;CEST;8,427
06.08.2021;21:00;CEST;22:00;CEST;8,098
06.08.2021;22:00;CEST;23:00;CEST;7,924
06.08.2021;23:00;CEST;00:00;CEST;6,755
07.08.2021;00:00;CEST;01:00;CEST;6,453
07.08.2021;01:00;CEST;02:00;CEST;5,903
07.08.2021;02:00;CEST;03:00;CEST;5,778
07.08.2021;03:00;CEST;04:00;CEST;5,701
07.08.2021;04:00;CEST;05:00;CEST;5,807
07.08.2021;05:00;CEST;06:00;CEST;6,076
07.08.2021;06:00;CEST;07:00;CEST;6,084
07.08.2021;07:00;CEST;08:00;CEST;6,283
07.08.2021;08:00;CEST;09:00;CEST;6,414
07.08.2021;09:00;CEST;10:00;CEST;5,99
07.08.2021;10:00;CEST;11:00;CEST;5,614
07.08.2021;11:00;CEST;12:00;CEST;5,37
07.08.2021;12:00;CEST;13:00;CEST;5,353
07.08.2021;13:00;CEST;14:00;CEST;5,156
07.08.2021;14:00;CEST;15:00;CEST;5,354
07.08.2021;15:00;CEST;16:00;CEST;5,352
07.08.2021;16:00;CEST;17:00;CEST;5,701
07.08.2021;17:00;CEST;18:00;CEST;6,908
07.08.2021;18:00;CEST;19:00;CEST;7,7
07.08.2021;19:00;CEST;20:00;CEST;8,008
07.08.2021;20:00;CEST;21:00;CEST;7,51
07.08.2021;21:00;CEST;22:00;CEST;6,9
07.08.2021;22:00;CEST;23:00;CEST;6,419
07.08.2021;23:00;CEST;00:00;CEST;5,802
08.08.2021;00:00;CEST;01:00;CEST;1,602
08.08.2021;01:00;CEST;02:00;CEST;0,127
08.08.2021;02:00;CEST;03:00;CEST;0,067
08.08.2021;03:00;CEST;04:00;CEST;0,059
08.08.2021;04:00;CEST;05:00;CEST;0,007
08.08.2021;05:00;CEST;06:00;CEST;0,004
08.08.2021;06:00;CEST;07:00;CEST;0,004
08.08.2021;07:00;CEST;08:00;CEST;-0,029
08.08.2021;08:00;CEST;09:00;CEST;-0,017
08.08.2021;09:00;CEST;10:00;CEST;-0,437
08.08.2021;10:00;CEST;11:00;CEST;-0,996
08.08.2021;11:00;CEST;12:00;CEST;-1,4
08.08.2021;12:00;CEST;13:00;CEST;-2,008
08.08.2021;13:00;CEST;14:00;CEST;-4,33
08.08.2021;14:00;CEST;15:00;CEST;-6,303
08.08.2021;15:00;CEST;16:00;CEST;-5,243
08.08.2021;16:00;CEST;17:00;CEST;-2,859
08.08.2021;17:00;CEST;18:00;CEST;-0,434
08.08.2021;18:00;CEST;19:00;CEST;4,074
08.08.2021;19:00;CEST;20:00;CEST;6,2
08.08.2021;20:00;CEST;21:00;CEST;6,805
08.08.2021;21:00;CEST;22:00;CEST;6,59
08.08.2021;22:00;CEST;23:00;CEST;6,373
08.08.2021;23:00;CEST;00:00;CEST;5,658
09.08.2021;00:00;CEST;01:00;CEST;4,404
09.08.2021;01:00;CEST;02:00;CEST;3,92
09.08.2021;02:00;CEST;03:00;CEST;3,827
09.08.2021;03:00;CEST;04:00;CEST;3,192
09.08.2021;04:00;CEST;05:00;CEST;3,75
09.08.2021;05:00;CEST;06:00;CEST;5,088
09.08.2021;06:00;CEST;07:00;CEST;7,223
09.08.2021;07:00;CEST;08:00;CEST;8,239
09.08.2021;08:00;CEST;09:00;CEST;8,69
09.08.2021;09:00;CEST;10:00;CEST;7,913
09.08.2021;10:00;CEST;11:00;CEST;6,549
09.08.2021;11:00;CEST;12:00;CEST;5,802
09.08.2021;12:00;CEST;13:00;CEST;5,932
09.08.2021;13:00;CEST;14:00;CEST;5,424
09.08.2021;14:00;CEST;15:00;CEST;5,085
09.08.2021;15:00;CEST;16:00;CEST;5,497
09.08.2021;16:00;CEST;17:00;CEST;5,695
09.08.2021;17:00;CEST;18:00;CEST;7,496
09.08.2021;18:00;CEST;19:00;CEST;9,137
09.08.2021;19:00;CEST;20:00;CEST;10,291
09.08.2021;20:00;CEST;21:00;CEST;10,761
09.08.2021;21:00;CEST;22:00;CEST;10,3
09.08.2021;22:00;CEST;23:00;CEST;9,634
09.08.2021;23:00;CEST;00:00;CEST;8,365
10.08.2021;00:00;CEST;01:00;CEST;7,365
10.08.2021;01:00;CEST;02:00;CEST;7,096
10.08.2021;02:00;CEST;03:00;CEST;6,729
10.08.2021;03:00;CEST;04:00;CEST;6,506
10.08.2021;04:00;CEST;05:00;CEST;6,724
10.08.2021;05:00;CEST;06:00;CEST;7,051
10.08.2021;06:00;CEST;07:00;CEST;8,596
10.08.2021;07:00;CEST;08:00;CEST;10,523
10.08.2021;08:00;CEST;09:00;CEST;11,5
10.08.2021;09:00;CEST;10:00;CEST;10,635
10.08.2021;10:00;CEST;11:00;CEST;9,728
10.08.2021;11:00;CEST;12:00;CEST;8,812
10.08.2021;12:00;CEST;13:00;CEST;8,46
10.08.2021;13:00;CEST;14:00;CEST;7,991
10.08.2021;14:00;CEST;15:00;CEST;7,407
10.08.2021;15:00;CEST;16:00;CEST;7,549
10.08.2021;16:00;CEST;17:00;CEST;8,035
10.08.2021;17:00;CEST;18:00;CEST;8,951
10.08.2021;18:00;CEST;19:00;CEST;10,454
10.08.2021;19:00;CEST;20:00;CEST;11,629
10.08.2021;20:00;CEST;21:00;CEST;13,717
10.08.2021;21:00;CEST;22:00;CEST;12
10.08.2021;22:00;CEST;23:00;CEST;11,16
10.08.2021;23:00;CEST;00:00;CEST;9,225
11.08.2021;00:00;CEST;01:00;CEST;9,107
11.08.2021;01:00;CEST;02:00;CEST;8,51
11.08.2021;02:00;CEST;03:00;CEST;8,393
11.08.2021;03:00;CEST;04:00;CEST;8,21
11.08.2021;04:00;CEST;05:00;CEST;8,232
11.08.2021;05:00;CEST;06:00;CEST;8,851
11.08.2021;06:00;CEST;07:00;CEST;10,796
11.08.2021;07:00;CEST;08:00;CEST;13,404
11.08.2021;08:00;CEST;09:00;CEST;12,161
11.08.2021;09:00;CEST;10:00;CEST;10,898
11.08.2021;10:00;CEST;11:00;CEST;9,297
11.08.2021;11:00;CEST;12:00;CEST;8,863
11.08.2021;12:00;CEST;13:00;CEST;8,46
11.08.2021;13:00;CEST;14:00;CEST;8,221
11.08.2021;14:00;CEST;15:00;CEST;8,029
11.08.2021;15:00;CEST;16:00;CEST;8,296
11.08.2021;16:00;CEST;17:00;CEST;8,805
11.08.2021;17:00;CEST;18:00;CEST;10,447
11.08.2021;18:00;CEST;19:00;CEST;11,5
11.08.2021;19:00;CEST;20:00;CEST;12,846
11.08.2021;20:00;CEST;21:00;CEST;14,002
11.08.2021;21:00;CEST;22:00;CEST;12,501
11.08.2021;22:00;CEST;23:00;CEST;11,7
11.08.2021;23:00;CEST;00:00;CEST;10,3
12.08.2021;00:00;CEST;01:00;CEST;9,667
12.08.2021;01:00;CEST;02:00;CEST;9,17
12.08.2021;02:00;CEST;03:00;CEST;9,005
12.08.2021;03:00;CEST;04:00;CEST;8,7
12.08.2021;04:00;CEST;05:00;CEST;8,464
12.08.2021;05:00;CEST;06:00;CEST;8,702
12.08.2021;06:00;CEST;07:00;CEST;10,692
12.08.2021;07:00;CEST;08:00;CEST;12
12.08.2021;08:00;CEST;09:00;CEST;12,077
12.08.2021;09:00;CEST;10:00;CEST;10,9
12.08.2021;10:00;CEST;11:00;CEST;10,272
12.08.2021;11:00;CEST;12:00;CEST;9,806
12.08.2021;12:00;CEST;13:00;CEST;9,5
12.08.2021;13:00;CEST;14:00;CEST;9,194
12.08.2021;14:00;CEST;15:00;CEST;9,299
12.08.2021;15:00;CEST;16:00;CEST;9,495
12.08.2021;16:00;CEST;17:00;CEST;10,091
12.08.2021;17:00;CEST;18:00;CEST;11,14
12.08.2021;18:00;CEST;19:00;CEST;12,679
12.08.2021;19:00;CEST;20:00;CEST;14,5
12.08.2021;20:00;CEST;21:00;CEST;14,4
12.08.2021;21:00;CEST;22:00;CEST;13,337
12.08.2021;22:00;CEST;23:00;CEST;11,9
12.08.2021;23:00;CEST;00:00;CEST;10,712
13.08.2021;00:00;CEST;01:00;CEST;9,487
13.08.2021;01:00;CEST;02:00;CEST;8,537
13.08.2021;02:00;CEST;03:00;CEST;8,101
13.08.2021;03:00;CEST;04:00;CEST;7,996
13.08.2021;04:00;CEST;05:00;CEST;8,13
13.08.2021;05:00;CEST;06:00;CEST;8,526
13.08.2021;06:00;CEST;07:00;CEST;11,3
13.08.2021;07:00;CEST;08:00;CEST;12,4
13.08.2021;08:00;CEST;09:00;CEST;12,193
13.08.2021;09:00;CEST;10:00;CEST;10,966
13.08.2021;10:00;CEST;11:00;CEST;9,998
13.08.2021;11:00;CEST;12:00;CEST;8,802
13.08.2021;12:00;CEST;13:00;CEST;8,375
13.08.2021;13:00;CEST;14:00;CEST;7,405
13.08.2021;14:00;CEST;15:00;CEST;7,204
13.08.2021;15:00;CEST;16:00;CEST;7,186
13.08.2021;16:00;CEST;17:00;CEST;7,258
13.08.2021;17:00;CEST;18:00;CEST;8,613
13.08.2021;18:00;CEST;19:00;CEST;10,491
13.08.2021;19:00;CEST;20:00;CEST;11,748
13.08.2021;20:00;CEST;21:00;CEST;11,568
13.08.2021;21:00;CEST;22:00;CEST;11,577
13.08.2021;22:00;CEST;23:00;CEST;10,691
13.08.2021;23:00;CEST;00:00;CEST;9,219
14.08.2021;00:00;CEST;01:00;CEST;7,802
14.08.2021;01:00;CEST;02:00;CEST;7,566
14.08.2021;02:00;CEST;03:00;CEST;7,155
14.08.2021;03:00;CEST;04:00;CEST;6,945
14.08.2021;04:00;CEST;05:00;CEST;6,906
14.08.2021;05:00;CEST;06:00;CEST;6,92
14.08.2021;06:00;CEST;07:00;CEST;6,97
14.08.2021;07:00;CEST;08:00;CEST;7,351
14.08.2021;08:00;CEST;09:00;CEST;7,502
14.08.2021;09:00;CEST;10:00;CEST;7,386
14.08.2021;10:00;CEST;11:00;CEST;6,326
14.08.2021;11:00;CEST;12:00;CEST;5,808
14.08.2021;12:00;CEST;13:00;CEST;5,044
14.08.2021;13:00;CEST;14:00;CEST;0,148
14.08.2021;14:00;CEST;15:00;CEST;0
14.08.2021;15:00;CEST;16:00;CEST;0,989
14.08.2021;16:00;CEST;17:00;CEST;5,035
14.08.2021;17:00;CEST;18:00;CEST;5,885
14.08.2021;18:00;CEST;19:00;CEST;7,696
14.08.2021;19:00;CEST;20:00;CEST;8,694
14.08.2021;20:00;CEST;21:00;CEST;8,856
14.08.2021;21:00;CEST;22:00;CEST;8,79
14.08.2021;22:00;CEST;23:00;CEST;8,503
14.08.2021;23:00;CEST;00:00;CEST;7,808
15.08.2021;00:00;CEST;01:00;CEST;7,37
15.08.2021;01:00;CEST;02:00;CEST;6,988
15.08.2021;02:00;CEST;03:00;CEST;6,492
15.08.2021;03:00;CEST;04:00;CEST;6,243
15.08.2021;04:00;CEST;05:00;CEST;5,972
15.08.2021;05:00;CEST;06:00;CEST;5,998
15.08.2021;06:00;CEST;07:00;CEST;5,901
15.08.2021;07:00;CEST;08:00;CEST;5,834
15.08.2021;08:00;CEST;09:00;CEST;5,753
15.08.2021;09:00;CEST;10:00;CEST;5,354
15.08.2021;10:00;CEST;11:00;CEST;5,367
15.08.2021;11:00;CEST;12:00;CEST;5,305
15.08.2021;12:00;CEST;13:00;CEST;5,295
15.08.2021;13:00;CEST;14:00;CEST;3,006
15.08.2021;14:00;CEST;15:00;CEST;1,25
15.08.2021;15:00;CEST;16:00;CEST;2,041
15.08.2021;16:00;CEST;17:00;CEST;5,132
15.08.2021;17:00;CEST;18:00;CEST;6,705
15.08.2021;18:00;CEST;19:00;CEST;8,25
15.08.2021;19:00;CEST;20:00;CEST;9,199
15.08.2021;20:00;CEST;21:00;CEST;9,495
15.08.2021;21:00;CEST;22:00;CEST;9,345
15.08.2021;22:00;CEST;23:00;CEST;8,677
15.08.2021;23:00;CEST;00:00;CEST;7,695
16.08.2021;00:00;CEST;01:00;CEST;6,819
16.08.2021;01:00;CEST;02:00;CEST;6,503
16.08.2021;02:00;CEST;03:00;CEST;6,208
16.08.2021;03:00;CEST;04:00;CEST;6,013
16.08.2021;04:00;CEST;05:00;CEST;6,082
16.08.2021;05:00;CEST;06:00;CEST;6,806
16.08.2021;06:00;CEST;07:00;CEST;9,025
16.08.2021;07:00;CEST;08:00;CEST;10,048
16.08.2021;08:00;CEST;09:00;CEST;9,673
16.08.2021;09:00;CEST;10:00;CEST;8
16.08.2021;10:00;CEST;11:00;CEST;6,984
16.08.2021;11:00;CEST;12:00;CEST;5,313
16.08.2021;12:00;CEST;13:00;CEST;5,81
16.08.2021;13:00;CEST;14:00;CEST;4,889
16.08.2021;14:00;CEST;15:00;CEST;4,274
16.08.2021;15:00;CEST;16:00;CEST;5,307
16.08.2021;16:00;CEST;17:00;CEST;5,315
16.08.2021;17:00;CEST;18:00;CEST;5,815
16.08.2021;18:00;CEST;19:00;CEST;7,1
16.08.2021;19:00;CEST;20:00;CEST;7,813
16.08.2021;20:00;CEST;21:00;CEST;7,912
16.08.2021;21:00;CEST;22:00;CEST;7,69
16.08.2021;22:00;CEST;23:00;CEST;6,84
16.08.2021;23:00;CEST;00:00;CEST;6,002
17.08.2021;00:00;CEST;01:00;CEST;5,964
17.08.2021;01:00;CEST;02:00;CEST;4,993
17.08.2021;02:00;CEST;03:00;CEST;3,994
17.08.2021;03:00;CEST;04:00;CEST;1,447
17.08.2021;04:00;CEST;05:00;CEST;3,388
17.08.2021;05:00;CEST;06:00;CEST;5,006
17.08.2021;06:00;CEST;07:00;CEST;6,435
17.08.2021;07:00;CEST;08:00;CEST;7,349
17.08.2021;08:00;CEST;09:00;CEST;6,909
17.08.2021;09:00;CEST;10:00;CEST;5,434
17.08.2021;10:00;CEST;11:00;CEST;4,662
17.08.2021;11:00;CEST;12:00;CEST;3,052
17.08.2021;12:00;CEST;13:00;CEST;2,891
17.08.2021;13:00;CEST;14:00;CEST;4,115
17.08.2021;14:00;CEST;15:00;CEST;3,999
17.08.2021;15:00;CEST;16:00;CEST;4,908
17.08.2021;16:00;CEST;17:00;CEST;5,418
17.08.2021;17:00;CEST;18:00;CEST;6,909
17.08.2021;18:00;CEST;19:00;CEST;8,536
17.08.2021;19:00;CEST;20:00;CEST;9,239
17.08.2021;20:00;CEST;21:00;CEST;9,271
17.08.2021;21:00;CEST;22:00;CEST;8,897
17.08.2021;22:00;CEST;23:00;CEST;8,103
17.08.2021;23:00;CEST;00:00;CEST;6,822
18.08.2021;00:00;CEST;01:00;CEST;6,165
18.08.2021;01:00;CEST;02:00;CEST;6,062
18.08.2021;02:00;CEST;03:00;CEST;6,183
18.08.2021;03:00;CEST;04:00;CEST;6,328
18.08.2021;04:00;CEST;05:00;CEST;6,283
18.08.2021;05:00;CEST;06:00;CEST;6,585
18.08.2021;06:00;CEST;07:00;CEST;8,005
18.08.2021;07:00;CEST;08:00;CEST;9,597
18.08.2021;08:00;CEST;09:00;CEST;9,81
18.08.2021;09:00;CEST;10:00;CEST;9,652
18.08.2021;10:00;CEST;11:00;CEST;9,72
18.08.2021;11:00;CEST;12:00;CEST;9,592
18.08.2021;12:00;CEST;13:00;CEST;8,369
18.08.2021;13:00;CEST;14:00;CEST;7,254
18.08.2021;14:00;CEST;15:00;CEST;6,801
18.08.2021;15:00;CEST;16:00;CEST;6,675
18.08.2021;16:00;CEST;17:00;CEST;6,677
18.08.2021;17:00;CEST;18:00;CEST;7,504
18.08.2021;18:00;CEST;19:00;CEST;8,838
18.08.2021;19:00;CEST;20:00;CEST;9,6
18.08.2021;20:00;CEST;21:00;CEST;9,574
18.08.2021;21:00;CEST;22:00;CEST;8,771
18.08.2021;22:00;CEST;23:00;CEST;8
18.08.2021;23:00;CEST;00:00;CEST;6,699
19.08.2021;00:00;CEST;01:00;CEST;6,56
19.08.2021;01:00;CEST;02:00;CEST;6,469
19.08.2021;02:00;CEST;03:00;CEST;6,269
19.08.2021;03:00;CEST;04:00;CEST;6,101
19.08.2021;04:00;CEST;05:00;CEST;6,054
19.08.2021;05:00;CEST;06:00;CEST;6,601
19.08.2021;06:00;CEST;07:00;CEST;8,39
19.08.2021;07:00;CEST;08:00;CEST;9,903
19.08.2021;08:00;CEST;09:00;CEST;10,202
19.08.2021;09:00;CEST;10:00;CEST;9,427
19.08.2021;10:00;CEST;11:00;CEST;8,991
19.08.2021;11:00;CEST;12:00;CEST;9,074
19.08.2021;12:00;CEST;13:00;CEST;9,265
19.08.2021;13:00;CEST;14:00;CEST;9,413
19.08.2021;14:00;CEST;15:00;CEST;8,99
19.08.2021;15:00;CEST;16:00;CEST;8,991
19.08.2021;16:00;CEST;17:00;CEST;9,193
19.08.2021;17:00;CEST;18:00;CEST;10,051
19.08.2021;18:00;CEST;19:00;CEST;11,494
19.08.2021;19:00;CEST;20:00;CEST;12,678
19.08.2021;20:00;CEST;21:00;CEST;12,812
19.08.2021;21:00;CEST;22:00;CEST;11,961
19.08.2021;22:00;CEST;23:00;CEST;11,007
19.08.2021;23:00;CEST;00:00;CEST;10
20.08.2021;00:00;CEST;01:00;CEST;9,5
20.08.2021;01:00;CEST;02:00;CEST;8,622
20.08.2021;02:00;CEST;03:00;CEST;8,373
20.08.2021;03:00;CEST;04:00;CEST;8,32
20.08.2021;04:00;CEST;05:00;CEST;8,396
20.08.2021;05:00;CEST;06:00;CEST;8,87
20.08.2021;06:00;CEST;07:00;CEST;10,311
20.08.2021;07:00;CEST;08:00;CEST;11,9
20.08.2021;08:00;CEST;09:00;CEST;12,474
20.08.2021;09:00;CEST;10:00;CEST;11,4
20.08.2021;10:00;CEST;11:00;CEST;10,699
20.08.2021;11:00;CEST;12:00;CEST;10,5
20.08.2021;12:00;CEST;13:00;CEST;9,911
20.08.2021;13:00;CEST;14:00;CEST;9
20.08.2021;14:00;CEST;15:00;CEST;8,518
20.08.2021;15:00;CEST;16:00;CEST;8,481
20.08.2021;16:00;CEST;17:00;CEST;9,001
20.08.2021;17:00;CEST;18:00;CEST;10,331
20.08.2021;18:00;CEST;19:00;CEST;11,327
20.08.2021;19:00;CEST;20:00;CEST;12,522
20.08.2021;20:00;CEST;21:00;CEST;12,614
20.08.2021;21:00;CEST;22:00;CEST;12,493
20.08.2021;22:00;CEST;23:00;CEST;11,069
20.08.2021;23:00;CEST;00:00;CEST;10,6
21.08.2021;00:00;CEST;01:00;CEST;10,251
21.08.2021;01:00;CEST;02:00;CEST;9,52
21.08.2021;02:00;CEST;03:00;CEST;8,852
21.08.2021;03:00;CEST;04:00;CEST;8,331
21.08.2021;04:00;CEST;05:00;CEST;8,141
21.08.2021;05:00;CEST;06:00;CEST;8,217
21.08.2021;06:00;CEST;07:00;CEST;9,02
21.08.2021;07:00;CEST;08:00;CEST;9,311
21.08.2021;08:00;CEST;09:00;CEST;9,643
21.08.2021;09:00;CEST;10:00;CEST;9,24
21.08.2021;10:00;CEST;11:00;CEST;8,195
21.08.2021;11:00;CEST;12:00;CEST;7,911
21.08.2021;12:00;CEST;13:00;CEST;7,879
21.08.2021;13:00;CEST;14:00;CEST;7,706
21.08.2021;14:00;CEST;15:00;CEST;7,659
21.08.2021;15:00;CEST;16:00;CEST;7,806
21.08.2021;16:00;CEST;17:00;CEST;7,999
21.08.2021;17:00;CEST;18:00;CEST;9,527
21.08.2021;18:00;CEST;19:00;CEST;10,792
21.08.2021;19:00;CEST;20:00;CEST;11,208
21.08.2021;20:00;CEST;21:00;CEST;11,217
21.08.2021;21:00;CEST;22:00;CEST;10,8
21.08.2021;22:00;CEST;23:00;CEST;10,6
21.08.2021;23:00;CEST;00:00;CEST;9,686
22.08.2021;00:00;CEST;01:00;CEST;8,491
22.08.2021;01:00;CEST;02:00;CEST;7,89
22.08.2021;02:00;CEST;03:00;CEST;7,499
22.08.2021;03:00;CEST;04:00;CEST;7,218
22.08.2021;04:00;CEST;05:00;CEST;7,005
22.08.2021;05:00;CEST;06:00;CEST;6,734
22.08.2021;06:00;CEST;07:00;CEST;6,79
22.08.2021;07:00;CEST;08:00;CEST;7,037
22.08.2021;08:00;CEST;09:00;CEST;7,447
22.08.2021;09:00;CEST;10:00;CEST;7,684
22.08.2021;10:00;CEST;11:00;CEST;7,616
22.08.2021;11:00;CEST;12:00;CEST;7,731
22.08.2021;12:00;CEST;13:00;CEST;7,644
22.08.2021;13:00;CEST;14:00;CEST;7,12
22.08.2021;14:00;CEST;15:00;CEST;6,88
22.08.2021;15:00;CEST;16:00;CEST;6,675
22.08.2021;16:00;CEST;17:00;CEST;6,86
22.08.2021;17:00;CEST;18:00;CEST;8,159
22.08.2021;18:00;CEST;19:00;CEST;8,802
22.08.2021;19:00;CEST;20:00;CEST;9,5
22.08.2021;20:00;CEST;21:00;CEST;9,796
22.08.2021;21:00;CEST;22:00;CEST;9,548
22.08.2021;22:00;CEST;23:00;CEST;9,01
22.08.2021;23:00;CEST;00:00;CEST;8,195
23.08.2021;00:00;CEST;01:00;CEST;7,615
23.08.2021;01:00;CEST;02:00;CEST;7,593
23.08.2021;02:00;CEST;03:00;CEST;7,57
23.08.2021;03:00;CEST;04:00;CEST;7,352
23.08.2021;04:00;CEST;05:00;CEST;7,585
23.08.2021;05:00;CEST;06:00;CEST;7,844
23.08.2021;06:00;CEST;07:00;CEST;9,439
23.08.2021;07:00;CEST;08:00;CEST;11,129
23.08.2021;08:00;CEST;09:00;CEST;11,594
23.08.2021;09:00;CEST;10:00;CEST;11,418
23.08.2021;10:00;CEST;11:00;CEST;10,698
23.08.2021;11:00;CEST;12:00;CEST;10,347
23.08.2021;12:00;CEST;13:00;CEST;9,944
23.08.2021;13:00;CEST;14:00;CEST;9,4
23.08.2021;14:00;CEST;15:00;CEST;8,569
23.08.2021;15:00;CEST;16:00;CEST;8,395
23.08.2021;16:00;CEST;17:00;CEST;8,395
23.08.2021;17:00;CEST;18:00;CEST;9,496
23.08.2021;18:00;CEST;19:00;CEST;10,5
23.08.2021;19:00;CEST;20:00;CEST;11,418
23.08.2021;20:00;CEST;21:00;CEST;11,099
23.08.2021;21:00;CEST;22:00;CEST;10,208
23.08.2021;22:00;CEST;23:00;CEST;9,392
23.08.2021;23:00;CEST;00:00;CEST;8,31
24.08.2021;00:00;CEST;01:00;CEST;8,075
24.08.2021;01:00;CEST;02:00;CEST;7,871
24.08.2021;02:00;CEST;03:00;CEST;7,84
24.08.2021;03:00;CEST;04:00;CEST;7,921
24.08.2021;04:00;CEST;05:00;CEST;8,077
24.08.2021;05:00;CEST;06:00;CEST;8,501
24.08.2021;06:00;CEST;07:00;CEST;10,02
24.08.2021;07:00;CEST;08:00;CEST;11,045
24.08.2021;08:00;CEST;09:00;CEST;12,2
24.08.2021;09:00;CEST;10:00;CEST;10,697
24.08.2021;10:00;CEST;11:00;CEST;10,1
24.08.2021;11:00;CEST;12:00;CEST;9,6
24.08.2021;12:00;CEST;13:00;CEST;8,8
24.08.2021;13:00;CEST;14:00;CEST;8,172
24.08.2021;14:00;CEST;15:00;CEST;8,043
24.08.2021;15:00;CEST;16:00;CEST;8,168
24.08.2021;16:00;CEST;17:00;CEST;8,809
24.08.2021;17:00;CEST;18:00;CEST;10,285
24.08.2021;18:00;CEST;19:00;CEST;10,952
24.08.2021;19:00;CEST;20:00;CEST;12,25
24.08.2021;20:00;CEST;21:00;CEST;11,944
24.08.2021;21:00;CEST;22:00;CEST;10,63
24.08.2021;22:00;CEST;23:00;CEST;10
24.08.2021;23:00;CEST;00:00;CEST;8,959
25.08.2021;00:00;CEST;01:00;CEST;8,289
25.08.2021;01:00;CEST;02:00;CEST;8,17
25.08.2021;02:00;CEST;03:00;CEST;8,136
25.08.2021;03:00;CEST;04:00;CEST;8,126
25.08.2021;04:00;CEST;05:00;CEST;8,045
25.08.2021;05:00;CEST;06:00;CEST;8,617
25.08.2021;06:00;CEST;07:00;CEST;10,131
25.08.2021;07:00;CEST;08:00;CEST;10,728
25.08.2021;08:00;CEST;09:00;CEST;10,694
25.08.2021;09:00;CEST;10:00;CEST;9,512
25.08.2021;10:00;CEST;11:00;CEST;8,446
25.08.2021;11:00;CEST;12:00;CEST;8,173
25.08.2021;12:00;CEST;13:00;CEST;7,403
25.08.2021;13:00;CEST;14:00;CEST;6,94
25.08.2021;14:00;CEST;15:00;CEST;6,334
25.08.2021;15:00;CEST;16:00;CEST;6,464
25.08.2021;16:00;CEST;17:00;CEST;7,184
25.08.2021;17:00;CEST;18:00;CEST;8,095
25.08.2021;18:00;CEST;19:00;CEST;9,079
25.08.2021;19:00;CEST;20:00;CEST;9,424
25.08.2021;20:00;CEST;21:00;CEST;9,6
25.08.2021;21:00;CEST;22:00;CEST;9,191
25.08.2021;22:00;CEST;23:00;CEST;8,173
25.08.2021;23:00;CEST;00:00;CEST;7,389
26.08.2021;00:00;CEST;01:00;CEST;7,41
26.08.2021;01:00;CEST;02:00;CEST;7,105
26.08.2021;02:00;CEST;03:00;CEST;7,098
26.08.2021;03:00;CEST;04:00;CEST;6,995
26.08.2021;04:00;CEST;05:00;CEST;7,195
26.08.2021;05:00;CEST;06:00;CEST;7,81
26.08.2021;06:00;CEST;07:00;CEST;9,607
26.08.2021;07:00;CEST;08:00;CEST;11,2
26.08.2021;08:00;CEST;09:00;CEST;12,465
26.08.2021;09:00;CEST;10:00;CEST;11,335
26.08.2021;10:00;CEST;11:00;CEST;10,423
26.08.2021;11:00;CEST;12:00;CEST;10,235
26.08.2021;12:00;CEST;13:00;CEST;10,015
26.08.2021;13:00;CEST;14:00;CEST;9,162
26.08.2021;14:00;CEST;15:00;CEST;8,556
26.08.2021;15:00;CEST;16:00;CEST;8,222
26.08.2021;16:00;CEST;17:00;CEST;7,985
26.08.2021;17:00;CEST;18:00;CEST;9,121
26.08.2021;18:00;CEST;19:00;CEST;10,091
26.08.2021;19:00;CEST;20:00;CEST;10,763
26.08.2021;20:00;CEST;21:00;CEST;10,9
26.08.2021;21:00;CEST;22:00;CEST;10,291
26.08.2021;22:00;CEST;23:00;CEST;9,592
26.08.2021;23:00;CEST;00:00;CEST;8,7
27.08.2021;00:00;CEST;01:00;CEST;8,712
27.08.2021;01:00;CEST;02:00;CEST;8,072
27.08.2021;02:00;CEST;03:00;CEST;7,974
27.08.2021;03:00;CEST;04:00;CEST;7,848
27.08.2021;04:00;CEST;05:00;CEST;7,809
27.08.2021;05:00;CEST;06:00;CEST;8,398
27.08.2021;06:00;CEST;07:00;CEST;10,163
27.08.2021;07:00;CEST;08:00;CEST;11,3
27.08.2021;08:00;CEST;09:00;CEST;11,719
27.08.2021;09:00;CEST;10:00;CEST;10,897
27.08.2021;10:00;CEST;11:00;CEST;10,482
27.08.2021;11:00;CEST;12:00;CEST;10,254
27.08.2021;12:00;CEST;13:00;CEST;9,959
27.08.2021;13:00;CEST;14:00;CEST;9,19
27.08.2021;14:00;CEST;15:00;CEST;8,431
27.08.2021;15:00;CEST;16:00;CEST;8,232
27.08.2021;16:00;CEST;17:00;CEST;8,48
27.08.2021;17:00;CEST;18:00;CEST;9,66
27.08.2021;18:00;CEST;19:00;CEST;10,48
27.08.2021;19:00;CEST;20:00;CEST;11,374
27.08.2021;20:00;CEST;21:00;CEST;11,307
27.08.2021;21:00;CEST;22:00;CEST;10,48
27.08.2021;22:00;CEST;23:00;CEST;9,99
27.08.2021;23:00;CEST;00:00;CEST;8,967
28.08.2021;00:00;CEST;01:00;CEST;8,875
28.08.2021;01:00;CEST;02:00;CEST;8,131
28.08.2021;02:00;CEST;03:00;CEST;7,77
28.08.2021;03:00;CEST;04:00;CEST;7,612
28.08.2021;04:00;CEST;05:00;CEST;7,73
28.08.2021;05:00;CEST;06:00;CEST;7,662
28.08.2021;06:00;CEST;07:00;CEST;7,803
28.08.2021;07:00;CEST;08:00;CEST;8,5
28.08.2021;08:00;CEST;09:00;CEST;9,001
28.08.2021;09:00;CEST;10:00;CEST;9,155
28.08.2021;10:00;CEST;11:00;CEST;8,798
28.08.2021;11:00;CEST;12:00;CEST;8,608
28.08.2021;12:00;CEST;13:00;CEST;8,101
28.08.2021;13:00;CEST;14:00;CEST;7,527
28.08.2021;14:00;CEST;15:00;CEST;7,028
28.08.2021;15:00;CEST;16:00;CEST;6,822
28.08.2021;16:00;CEST;17:00;CEST;7,456
28.08.2021;17:00;CEST;18:00;CEST;9,296
28.08.2021;18:00;CEST;19:00;CEST;9,81
28.08.2021;19:00;CEST;20:00;CEST;10,049
28.08.2021;20:00;CEST;21:00;CEST;10,132
28.08.2021;21:00;CEST;22:00;CEST;9,609
28.08.2021;22:00;CEST;23:00;CEST;9,408
28.08.2021;23:00;CEST;00:00;CEST;8,444
29.08.2021;00:00;CEST;01:00;CEST;7,806
29.08.2021;01:00;CEST;02:00;CEST;7,357
29.08.2021;02:00;CEST;03:00;CEST;7,054
29.08.2021;03:00;CEST;04:00;CEST;6,875
29.08.2021;04:00;CEST;05:00;CEST;6,73
29.08.2021;05:00;CEST;06:00;CEST;6,938
29.08.2021;06:00;CEST;07:00;CEST;7,072
29.08.2021;07:00;CEST;08:00;CEST;7,335
29.08.2021;08:00;CEST;09:00;CEST;7,704
29.08.2021;09:00;CEST;10:00;CEST;8,072
29.08.2021;10:00;CEST;11:00;CEST;8,065
29.08.2021;11:00;CEST;12:00;CEST;8,361
29.08.2021;12:00;CEST;13:00;CEST;8,284
29.08.2021;13:00;CEST;14:00;CEST;7,824
29.08.2021;14:00;CEST;15:00;CEST;7,491
29.08.2021;15:00;CEST;16:00;CEST;7,383
29.08.2021;16:00;CEST;17:00;CEST;7,478
29.08.2021;17:00;CEST;18:00;CEST;8,875
29.08.2021;18:00;CEST;19:00;CEST;9,598
29.08.2021;19:00;CEST;20:00;CEST;10,106
29.08.2021;20:00;CEST;21:00;CEST;10,166
29.08.2021;21:00;CEST;22:00;CEST;9,386
29.08.2021;22:00;CEST;23:00;CEST;9,165
29.08.2021;23:00;CEST;00:00;CEST;8,657
30.08.2021;00:00;CEST;01:00;CEST;7,97
30.08.2021;01:00;CEST;02:00;CEST;7,842
30.08.2021;02:00;CEST;03:00;CEST;7,657
30.08.2021;03:00;CEST;04:00;CEST;7,28
30.08.2021;04:00;CEST;05:00;CEST;7,395
30.08.2021;05:00;CEST;06:00;CEST;7,964
30.08.2021;06:00;CEST;07:00;CEST;11,017
30.08.2021;07:00;CEST;08:00;CEST;12,6
30.08.2021;08:00;CEST;09:00;CEST;13,192
30.08.2021;09:00;CEST;10:00;CEST;13,292
30.08.2021;10:00;CEST;11:00;CEST;12,853
30.08.2021;11:00;CEST;12:00;CEST;12,61
30.08.2021;12:00;CEST;13:00;CEST;12,2
30.08.2021;13:00;CEST;14:00;CEST;11,26
30.08.2021;14:00;CEST;15:00;CEST;10,494
30.08.2021;15:00;CEST;16:00;CEST;10,1
30.08.2021;16:00;CEST;17:00;CEST;10,099
30.08.2021;17:00;CEST;18:00;CEST;10,958
30.08.2021;18:00;CEST;19:00;CEST;11,674
30.08.2021;19:00;CEST;20:00;CEST;12,848
30.08.2021;20:00;CEST;21:00;CEST;13,004
30.08.2021;21:00;CEST;22:00;CEST;11,447
30.08.2021;22:00;CEST;23:00;CEST;10,664
30.08.2021;23:00;CEST;00:00;CEST;9,36
31.08.2021;00:00;CEST;01:00;CEST;9,487
31.08.2021;01:00;CEST;02:00;CEST;9,002
31.08.2021;02:00;CEST;03:00;CEST;8,754
31.08.2021;03:00;CEST;04:00;CEST;8,709
31.08.2021;04:00;CEST;05:00;CEST;8,878
31.08.2021;05:00;CEST;06:00;CEST;9,311
31.08.2021;06:00;CEST;07:00;CEST;11,5
31.08.2021;07:00;CEST;08:00;CEST;13,446
31.08.2021;08:00;CEST;09:00;CEST;13,702
31.08.2021;09:00;CEST;10:00;CEST;13,584
31.08.2021;10:00;CEST;11:00;CEST;12,513
31.08.2021;11:00;CEST;12:00;CEST;11,619
31.08.2021;12:00;CEST;13:00;CEST;11,361
31.08.2021;13:00;CEST;14:00;CEST;10,466
31.08.2021;14:00;CEST;15:00;CEST;9,72
31.08.2021;15:00;CEST;16:00;CEST;9,524
31.08.2021;16:00;CEST;17:00;CEST;9,551
31.08.2021;17:00;CEST;18:00;CEST;11,045
31.08.2021;18:00;CEST;19:00;CEST;12,381
31.08.2021;19:00;CEST;20:00;CEST;13,407
31.08.2021;20:00;CEST;21:00;CEST;13,49
31.08.2021;21:00;CEST;22:00;CEST;12,158
31.08.2021;22:00;CEST;23:00;CEST;10,612
31.08.2021;23:00;CEST;00:00;CEST;9,91
01.09.2021;00:00;CEST;01:00;CEST;9,478
01.09.2021;01:00;CEST;02:00;CEST;9,291
01.09.2021;02:00;CEST;03:00;CEST;9,121
01.09.2021;03:00;CEST;04:00;CEST;9,009
01.09.2021;04:00;CEST;05:00;CEST;9,312
01.09.2021;05:00;CEST;06:00;CEST;10,054
01.09.2021;06:00;CEST;07:00;CEST;11,87
01.09.2021;07:00;CEST;08:00;CEST;13,544
01.09.2021;08:00;CEST;09:00;CEST;14,072
01.09.2021;09:00;CEST;10:00;CEST;13
01.09.2021;10:00;CEST;11:00;CEST;11,699
01.09.2021;11:00;CEST;12:00;CEST;10,975
01.09.2021;12:00;CEST;13:00;CEST;10,388
01.09.2021;13:00;CEST;14:00;CEST;9,8
01.09.2021;14:00;CEST;15:00;CEST;9,498
01.09.2021;15:00;CEST;16:00;CEST;9,506
01.09.2021;16:00;CEST;17:00;CEST;9,761
01.09.2021;17:00;CEST;18:00;CEST;11,612
01.09.2021;18:00;CEST;19:00;CEST;13,1
01.09.2021;19:00;CEST;20:00;CEST;14,591
01.09.2021;20:00;CEST;21:00;CEST;14,493
01.09.2021;21:00;CEST;22:00;CEST;12,576
01.09.2021;22:00;CEST;23:00;CEST;11,439
01.09.2021;23:00;CEST;00:00;CEST;10,273
02.09.2021;00:00;CEST;01:00;CEST;9,841
02.09.2021;01:00;CEST;02:00;CEST;9,684
02.09.2021;02:00;CEST;03:00;CEST;9,525
02.09.2021;03:00;CEST;04:00;CEST;9,571
02.09.2021;04:00;CEST;05:00;CEST;9,664
02.09.2021;05:00;CEST;06:00;CEST;10,501
02.09.2021;06:00;CEST;07:00;CEST;12,894
02.09.2021;07:00;CEST;08:00;CEST;15
02.09.2021;08:00;CEST;09:00;CEST;14,638
02.09.2021;09:00;CEST;10:00;CEST;13,08
02.09.2021;10:00;CEST;11:00;CEST;11,892
02.09.2021;11:00;CEST;12:00;CEST;11,3
02.09.2021;12:00;CEST;13:00;CEST;10,784
02.09.2021;13:00;CEST;14:00;CEST;10,099
02.09.2021;14:00;CEST;15:00;CEST;9,797
02.09.2021;15:00;CEST;16:00;CEST;10,505
02.09.2021;16:00;CEST;17:00;CEST;11,244
02.09.2021;17:00;CEST;18:00;CEST;12,266
02.09.2021;18:00;CEST;19:00;CEST;13,8
02.09.2021;19:00;CEST;20:00;CEST;15,851
02.09.2021;20:00;CEST;21:00;CEST;15,494
02.09.2021;21:00;CEST;22:00;CEST;13,043
02.09.2021;22:00;CEST;23:00;CEST;11,869
02.09.2021;23:00;CEST;00:00;CEST;11,325
03.09.2021;00:00;CEST;01:00;CEST;10,1
03.09.2021;01:00;CEST;02:00;CEST;9,663
03.09.2021;02:00;CEST;03:00;CEST;9,56
03.09.2021;03:00;CEST;04:00;CEST;9,153
03.09.2021;04:00;CEST;05:00;CEST;9,089
03.09.2021;05:00;CEST;06:00;CEST;9,58
03.09.2021;06:00;CEST;07:00;CEST;12,246
03.09.2021;07:00;CEST;08:00;CEST;13,744
03.09.2021;08:00;CEST;09:00;CEST;13,47
03.09.2021;09:00;CEST;10:00;CEST;12,313
03.09.2021;10:00;CEST;11:00;CEST;10,903
03.09.2021;11:00;CEST;12:00;CEST;9,902
03.09.2021;12:00;CEST;13:00;CEST;8,962
03.09.2021;13:00;CEST;14:00;CEST;8,848
03.09.2021;14:00;CEST;15:00;CEST;8,839
03.09.2021;15:00;CEST;16:00;CEST;8,992
03.09.2021;16:00;CEST;17:00;CEST;9,232
03.09.2021;17:00;CEST;18:00;CEST;11,901
03.09.2021;18:00;CEST;19:00;CEST;13,157
03.09.2021;19:00;CEST;20:00;CEST;14,393
03.09.2021;20:00;CEST;21:00;CEST;14,338
03.09.2021;21:00;CEST;22:00;CEST;12,994
03.09.2021;22:00;CEST;23:00;CEST;12,096
03.09.2021;23:00;CEST;00:00;CEST;11,786
04.09.2021;00:00;CEST;01:00;CEST;11,415
04.09.2021;01:00;CEST;02:00;CEST;10,598
04.09.2021;02:00;CEST;03:00;CEST;9,805
04.09.2021;03:00;CEST;04:00;CEST;9,571
04.09.2021;04:00;CEST;05:00;CEST;9,566
04.09.2021;05:00;CEST;06:00;CEST;9,62
04.09.2021;06:00;CEST;07:00;CEST;10,38
04.09.2021;07:00;CEST;08:00;CEST;12,098
04.09.2021;08:00;CEST;09:00;CEST;12,2
04.09.2021;09:00;CEST;10:00;CEST;11,599
04.09.2021;10:00;CEST;11:00;CEST;9,566
04.09.2021;11:00;CEST;12:00;CEST;8,947
04.09.2021;12:00;CEST;13:00;CEST;8,951
04.09.2021;13:00;CEST;14:00;CEST;8,706
04.09.2021;14:00;CEST;15:00;CEST;8,416
04.09.2021;15:00;CEST;16:00;CEST;8,646
04.09.2021;16:00;CEST;17:00;CEST;8,927
04.09.2021;17:00;CEST;18:00;CEST;10,754
04.09.2021;18:00;CEST;19:00;CEST;12,733
04.09.2021;19:00;CEST;20:00;CEST;14,255
04.09.2021;20:00;CEST;21:00;CEST;14,24
04.09.2021;21:00;CEST;22:00;CEST;12,792
04.09.2021;22:00;CEST;23:00;CEST;12,281
04.09.2021;23:00;CEST;00:00;CEST;10,436
05.09.2021;00:00;CEST;01:00;CEST;10,921
05.09.2021;01:00;CEST;02:00;CEST;9,988
05.09.2021;02:00;CEST;03:00;CEST;9,535
05.09.2021;03:00;CEST;04:00;CEST;9,254
05.09.2021;04:00;CEST;05:00;CEST;9,204
05.09.2021;05:00;CEST;06:00;CEST;9,256
05.09.2021;06:00;CEST;07:00;CEST;9,381
05.09.2021;07:00;CEST;08:00;CEST;9,288
05.09.2021;08:00;CEST;09:00;CEST;9,344
05.09.2021;09:00;CEST;10:00;CEST;9,204
05.09.2021;10:00;CEST;11:00;CEST;8,868
05.09.2021;11:00;CEST;12:00;CEST;8,401
05.09.2021;12:00;CEST;13:00;CEST;8,147
05.09.2021;13:00;CEST;14:00;CEST;6,566
05.09.2021;14:00;CEST;15:00;CEST;6,006
05.09.2021;15:00;CEST;16:00;CEST;6,909
05.09.2021;16:00;CEST;17:00;CEST;8,49
05.09.2021;17:00;CEST;18:00;CEST;9,518
05.09.2021;18:00;CEST;19:00;CEST;12,745
05.09.2021;19:00;CEST;20:00;CEST;13,869
05.09.2021;20:00;CEST;21:00;CEST;13,907
05.09.2021;21:00;CEST;22:00;CEST;12,9
05.09.2021;22:00;CEST;23:00;CEST;12,199
05.09.2021;23:00;CEST;00:00;CEST;10,41
06.09.2021;00:00;CEST;01:00;CEST;10,532
06.09.2021;01:00;CEST;02:00;CEST;10,479
06.09.2021;02:00;CEST;03:00;CEST;10,185
06.09.2021;03:00;CEST;04:00;CEST;9,797
06.09.2021;04:00;CEST;05:00;CEST;10
06.09.2021;05:00;CEST;06:00;CEST;11
06.09.2021;06:00;CEST;07:00;CEST;13,597
06.09.2021;07:00;CEST;08:00;CEST;16,5
06.09.2021;08:00;CEST;09:00;CEST;16
06.09.2021;09:00;CEST;10:00;CEST;13,926
06.09.2021;10:00;CEST;11:00;CEST;12,804
06.09.2021;11:00;CEST;12:00;CEST;11,07
06.09.2021;12:00;CEST;13:00;CEST;10,557
06.09.2021;13:00;CEST;14:00;CEST;10,326
06.09.2021;14:00;CEST;15:00;CEST;10,549
06.09.2021;15:00;CEST;16:00;CEST;11,508
06.09.2021;16:00;CEST;17:00;CEST;12,867
06.09.2021;17:00;CEST;18:00;CEST;13,773
06.09.2021;18:00;CEST;19:00;CEST;15
06.09.2021;19:00;CEST;20:00;CEST;19,068
06.09.2021;20:00;CEST;21:00;CEST;18,172
06.09.2021;21:00;CEST;22:00;CEST;14,722
06.09.2021;22:00;CEST;23:00;CEST;13,266
06.09.2021;23:00;CEST;00:00;CEST;11,079
07.09.2021;00:00;CEST;01:00;CEST;11,072
07.09.2021;01:00;CEST;02:00;CEST;11,2
07.09.2021;02:00;CEST;03:00;CEST;10,852
07.09.2021;03:00;CEST;04:00;CEST;10,787
07.09.2021;04:00;CEST;05:00;CEST;10,798
07.09.2021;05:00;CEST;06:00;CEST;11,082
07.09.2021;06:00;CEST;07:00;CEST;14,196
07.09.2021;07:00;CEST;08:00;CEST;16,087
07.09.2021;08:00;CEST;09:00;CEST;16,444
07.09.2021;09:00;CEST;10:00;CEST;14,25
07.09.2021;10:00;CEST;11:00;CEST;13,451
07.09.2021;11:00;CEST;12:00;CEST;12,004
07.09.2021;12:00;CEST;13:00;CEST;10,863
07.09.2021;13:00;CEST;14:00;CEST;10,873
07.09.2021;14:00;CEST;15:00;CEST;10,828
07.09.2021;15:00;CEST;16:00;CEST;10,798
07.09.2021;16:00;CEST;17:00;CEST;11,307
07.09.2021;17:00;CEST;18:00;CEST;13,583
07.09.2021;18:00;CEST;19:00;CEST;14,59
07.09.2021;19:00;CEST;20:00;CEST;18
07.09.2021;20:00;CEST;21:00;CEST;16,401
07.09.2021;21:00;CEST;22:00;CEST;14,132
07.09.2021;22:00;CEST;23:00;CEST;12,65
07.09.2021;23:00;CEST;00:00;CEST;10,91
08.09.2021;00:00;CEST;01:00;CEST;11,5
08.09.2021;01:00;CEST;02:00;CEST;11
08.09.2021;02:00;CEST;03:00;CEST;10,662
08.09.2021;03:00;CEST;04:00;CEST;10,48
08.09.2021;04:00;CEST;05:00;CEST;10,944
08.09.2021;05:00;CEST;06:00;CEST;11,494
08.09.2021;06:00;CEST;07:00;CEST;14,5
08.09.2021;07:00;CEST;08:00;CEST;15,116
08.09.2021;08:00;CEST;09:00;CEST;14,996
08.09.2021;09:00;CEST;10:00;CEST;13,8
08.09.2021;10:00;CEST;11:00;CEST;12,417
08.09.2021;11:00;CEST;12:00;CEST;10,946
08.09.2021;12:00;CEST;13:00;CEST;10,603
08.09.2021;13:00;CEST;14:00;CEST;10,301
08.09.2021;14:00;CEST;15:00;CEST;10,393
08.09.2021;15:00;CEST;16:00;CEST;10,908
08.09.2021;16:00;CEST;17:00;CEST;11,752
08.09.2021;17:00;CEST;18:00;CEST;13,603
08.09.2021;18:00;CEST;19:00;CEST;14,975
08.09.2021;19:00;CEST;20:00;CEST;16,578
08.09.2021;20:00;CEST;21:00;CEST;15,236
08.09.2021;21:00;CEST;22:00;CEST;13,711
08.09.2021;22:00;CEST;23:00;CEST;12,501
08.09.2021;23:00;CEST;00:00;CEST;11,054
09.09.2021;00:00;CEST;01:00;CEST;10,773
09.09.2021;01:00;CEST;02:00;CEST;10,772
09.09.2021;02:00;CEST;03:00;CEST;10,503
09.09.2021;03:00;CEST;04:00;CEST;10,188
09.09.2021;04:00;CEST;05:00;CEST;10,316
09.09.2021;05:00;CEST;06:00;CEST;10,902
09.09.2021;06:00;CEST;07:00;CEST;13,838
09.09.2021;07:00;CEST;08:00;CEST;14,805
09.09.2021;08:00;CEST;09:00;CEST;14,943
09.09.2021;09:00;CEST;10:00;CEST;14,499
09.09.2021;10:00;CEST;11:00;CEST;13,764
09.09.2021;11:00;CEST;12:00;CEST;11,87
09.09.2021;12:00;CEST;13:00;CEST;11,006
09.09.2021;13:00;CEST;14:00;CEST;11,132
09.09.2021;14:00;CEST;15:00;CEST;11,33
09.09.2021;15:00;CEST;16:00;CEST;12,383
09.09.2021;16:00;CEST;17:00;CEST;13,7
09.09.2021;17:00;CEST;18:00;CEST;14,598
09.09.2021;18:00;CEST;19:00;CEST;15,77
09.09.2021;19:00;CEST;20:00;CEST;17,423
09.09.2021;20:00;CEST;21:00;CEST;16,848
09.09.2021;21:00;CEST;22:00;CEST;14,8
09.09.2021;22:00;CEST;23:00;CEST;13,986
09.09.2021;23:00;CEST;00:00;CEST;12,411
10.09.2021;00:00;CEST;01:00;CEST;11,901
10.09.2021;01:00;CEST;02:00;CEST;11,443
10.09.2021;02:00;CEST;03:00;CEST;11,388
10.09.2021;03:00;CEST;04:00;CEST;11,167
10.09.2021;04:00;CEST;05:00;CEST;11,382
10.09.2021;05:00;CEST;06:00;CEST;11,758
10.09.2021;06:00;CEST;07:00;CEST;14,545
10.09.2021;07:00;CEST;08:00;CEST;15,807
10.09.2021;08:00;CEST;09:00;CEST;16,227
10.09.2021;09:00;CEST;10:00;CEST;15,666
10.09.2021;10:00;CEST;11:00;CEST;14,922
10.09.2021;11:00;CEST;12:00;CEST;14,422
10.09.2021;12:00;CEST;13:00;CEST;14
10.09.2021;13:00;CEST;14:00;CEST;12,8
10.09.2021;14:00;CEST;15:00;CEST;12,052
10.09.2021;15:00;CEST;16:00;CEST;13,061
10.09.2021;16:00;CEST;17:00;CEST;14,009
10.09.2021;17:00;CEST;18:00;CEST;15,248
10.09.2021;18:00;CEST;19:00;CEST;15,918
10.09.2021;19:00;CEST;20:00;CEST;15,958
10.09.2021;20:00;CEST;21:00;CEST;15,931
10.09.2021;21:00;CEST;22:00;CEST;14,864
10.09.2021;22:00;CEST;23:00;CEST;14,152
10.09.2021;23:00;CEST;00:00;CEST;13,266
11.09.2021;00:00;CEST;01:00;CEST;14,016
11.09.2021;01:00;CEST;02:00;CEST;12,977
11.09.2021;02:00;CEST;03:00;CEST;11,596
11.09.2021;03:00;CEST;04:00;CEST;10,982
11.09.2021;04:00;CEST;05:00;CEST;11,002
11.09.2021;05:00;CEST;06:00;CEST;11,121
11.09.2021;06:00;CEST;07:00;CEST;13,006
11.09.2021;07:00;CEST;08:00;CEST;13,612
11.09.2021;08:00;CEST;09:00;CEST;14,346
11.09.2021;09:00;CEST;10:00;CEST;14,503
11.09.2021;10:00;CEST;11:00;CEST;14,132
11.09.2021;11:00;CEST;12:00;CEST;13,368
11.09.2021;12:00;CEST;13:00;CEST;12,202
11.09.2021;13:00;CEST;14:00;CEST;11,159
11.09.2021;14:00;CEST;15:00;CEST;10,608
11.09.2021;15:00;CEST;16:00;CEST;10,781
11.09.2021;16:00;CEST;17:00;CEST;11,236
11.09.2021;17:00;CEST;18:00;CEST;12,92
11.09.2021;18:00;CEST;19:00;CEST;14,698
11.09.2021;19:00;CEST;20:00;CEST;15,509
11.09.2021;20:00;CEST;21:00;CEST;15,39
11.09.2021;21:00;CEST;22:00;CEST;14,503
11.09.2021;22:00;CEST;23:00;CEST;13,868
11.09.2021;23:00;CEST;00:00;CEST;12,108
12.09.2021;00:00;CEST;01:00;CEST;10,505
12.09.2021;01:00;CEST;02:00;CEST;9,917
12.09.2021;02:00;CEST;03:00;CEST;9,902
12.09.2021;03:00;CEST;04:00;CEST;9,538
12.09.2021;04:00;CEST;05:00;CEST;9,757
12.09.2021;05:00;CEST;06:00;CEST;9,764
12.09.2021;06:00;CEST;07:00;CEST;9,559
12.09.2021;07:00;CEST;08:00;CEST;10,134
12.09.2021;08:00;CEST;09:00;CEST;10,641
12.09.2021;09:00;CEST;10:00;CEST;10,717
12.09.2021;10:00;CEST;11:00;CEST;10,192
12.09.2021;11:00;CEST;12:00;CEST;9,972
12.09.2021;12:00;CEST;13:00;CEST;9,394
12.09.2021;13:00;CEST;14:00;CEST;8,107
12.09.2021;14:00;CEST;15:00;CEST;6,968
12.09.2021;15:00;CEST;16:00;CEST;7,244
12.09.2021;16:00;CEST;17:00;CEST;8,713
12.09.2021;17:00;CEST;18:00;CEST;9,994
12.09.2021;18:00;CEST;19:00;CEST;13,637
12.09.2021;19:00;CEST;20:00;CEST;15
12.09.2021;20:00;CEST;21:00;CEST;15,417
12.09.2021;21:00;CEST;22:00;CEST;13,801
12.09.2021;22:00;CEST;23:00;CEST;12,907
12.09.2021;23:00;CEST;00:00;CEST;10,754
13.09.2021;00:00;CEST;01:00;CEST;11,301
13.09.2021;01:00;CEST;02:00;CEST;10,82
13.09.2021;02:00;CEST;03:00;CEST;10,392
13.09.2021;03:00;CEST;04:00;CEST;10,379
13.09.2021;04:00;CEST;05:00;CEST;10,485
13.09.2021;05:00;CEST;06:00;CEST;11,001
13.09.2021;06:00;CEST;07:00;CEST;15,208
13.09.2021;07:00;CEST;08:00;CEST;16,093
13.09.2021;08:00;CEST;09:00;CEST;16,671
13.09.2021;09:00;CEST;10:00;CEST;15,7
13.09.2021;10:00;CEST;11:00;CEST;14,793
13.09.2021;11:00;CEST;12:00;CEST;14,006
13.09.2021;12:00;CEST;13:00;CEST;11,884
13.09.2021;13:00;CEST;14:00;CEST;11,69
13.09.2021;14:00;CEST;15:00;CEST;11,9
13.09.2021;15:00;CEST;16:00;CEST;14,163
13.09.2021;16:00;CEST;17:00;CEST;15,093
13.09.2021;17:00;CEST;18:00;CEST;15,909
13.09.2021;18:00;CEST;19:00;CEST;18,345
13.09.2021;19:00;CEST;20:00;CEST;20,088
13.09.2021;20:00;CEST;21:00;CEST;19,321
13.09.2021;21:00;CEST;22:00;CEST;16,091
13.09.2021;22:00;CEST;23:00;CEST;14,715
13.09.2021;23:00;CEST;00:00;CEST;13,118
14.09.2021;00:00;CEST;01:00;CEST;12,223
14.09.2021;01:00;CEST;02:00;CEST;12,159
14.09.2021;02:00;CEST;03:00;CEST;11,383
14.09.2021;03:00;CEST;04:00;CEST;10,784
14.09.2021;04:00;CEST;05:00;CEST;11,003
14.09.2021;05:00;CEST;06:00;CEST;12,203
14.09.2021;06:00;CEST;07:00;CEST;15,551
14.09.2021;07:00;CEST;08:00;CEST;16,624
14.09.2021;08:00;CEST;09:00;CEST;17,269
14.09.2021;09:00;CEST;10:00;CEST;16,29
14.09.2021;10:00;CEST;11:00;CEST;15,215
14.09.2021;11:00;CEST;12:00;CEST;12,401
14.09.2021;12:00;CEST;13:00;CEST;12,106
14.09.2021;13:00;CEST;14:00;CEST;11,727
14.09.2021;14:00;CEST;15:00;CEST;12,543
14.09.2021;15:00;CEST;16:00;CEST;15,116
14.09.2021;16:00;CEST;17:00;CEST;15,872
14.09.2021;17:00;CEST;18:00;CEST;16,8
14.09.2021;18:00;CEST;19:00;CEST;18,455
14.09.2021;19:00;CEST;20:00;CEST;18,82
14.09.2021;20:00;CEST;21:00;CEST;17,425
14.09.2021;21:00;CEST;22:00;CEST;15,54
14.09.2021;22:00;CEST;23:00;CEST;14,465
14.09.2021;23:00;CEST;00:00;CEST;11,798
15.09.2021;00:00;CEST;01:00;CEST;13,508
15.09.2021;01:00;CEST;02:00;CEST;13,34
15.09.2021;02:00;CEST;03:00;CEST;12,895
15.09.2021;03:00;CEST;04:00;CEST;12,31
15.09.2021;04:00;CEST;05:00;CEST;12,801
15.09.2021;05:00;CEST;06:00;CEST;13,701
15.09.2021;06:00;CEST;07:00;CEST;16,694
15.09.2021;07:00;CEST;08:00;CEST;18,024
15.09.2021;08:00;CEST;09:00;CEST;19,211
15.09.2021;09:00;CEST;10:00;CEST;19,132
15.09.2021;10:00;CEST;11:00;CEST;18,742
15.09.2021;11:00;CEST;12:00;CEST;18,08
15.09.2021;12:00;CEST;13:00;CEST;18
15.09.2021;13:00;CEST;14:00;CEST;17,574
15.09.2021;14:00;CEST;15:00;CEST;17,576
15.09.2021;15:00;CEST;16:00;CEST;17,909
15.09.2021;16:00;CEST;17:00;CEST;17,997
15.09.2021;17:00;CEST;18:00;CEST;19
15.09.2021;18:00;CEST;19:00;CEST;19,278
15.09.2021;19:00;CEST;20:00;CEST;19,658
15.09.2021;20:00;CEST;21:00;CEST;19
15.09.2021;21:00;CEST;22:00;CEST;17,678
15.09.2021;22:00;CEST;23:00;CEST;16,298
15.09.2021;23:00;CEST;00:00;CEST;15,302
16.09.2021;00:00;CEST;01:00;CEST;13,145
16.09.2021;01:00;CEST;02:00;CEST;12,94
16.09.2021;02:00;CEST;03:00;CEST;11,717
16.09.2021;03:00;CEST;04:00;CEST;11,596
16.09.2021;04:00;CEST;05:00;CEST;11,519
16.09.2021;05:00;CEST;06:00;CEST;13,503
16.09.2021;06:00;CEST;07:00;CEST;16,972
16.09.2021;07:00;CEST;08:00;CEST;19,4
16.09.2021;08:00;CEST;09:00;CEST;19,781
16.09.2021;09:00;CEST;10:00;CEST;19,391
16.09.2021;10:00;CEST;11:00;CEST;18,668
16.09.2021;11:00;CEST;12:00;CEST;18,1
16.09.2021;12:00;CEST;13:00;CEST;15,536
16.09.2021;13:00;CEST;14:00;CEST;14,506
16.09.2021;14:00;CEST;15:00;CEST;13,094
16.09.2021;15:00;CEST;16:00;CEST;13,14
16.09.2021;16:00;CEST;17:00;CEST;13,382
16.09.2021;17:00;CEST;18:00;CEST;17,871
16.09.2021;18:00;CEST;19:00;CEST;18,811
16.09.2021;19:00;CEST;20:00;CEST;19,759
16.09.2021;20:00;CEST;21:00;CEST;19,802
16.09.2021;21:00;CEST;22:00;CEST;17,978
16.09.2021;22:00;CEST;23:00;CEST;17,042
16.09.2021;23:00;CEST;00:00;CEST;13,81
17.09.2021;00:00;CEST;01:00;CEST;12,733
17.09.2021;01:00;CEST;02:00;CEST;12,543
17.09.2021;02:00;CEST;03:00;CEST;12,311
17.09.2021;03:00;CEST;04:00;CEST;11,789
17.09.2021;04:00;CEST;05:00;CEST;12,592
17.09.2021;05:00;CEST;06:00;CEST;13,487
17.09.2021;06:00;CEST;07:00;CEST;16,927
17.09.2021;07:00;CEST;08:00;CEST;18,197
17.09.2021;08:00;CEST;09:00;CEST;18,817
17.09.2021;09:00;CEST;10:00;CEST;18,286
17.09.2021;10:00;CEST;11:00;CEST;17,533
17.09.2021;11:00;CEST;12:00;CEST;16,713
17.09.2021;12:00;CEST;13:00;CEST;16,03
17.09.2021;13:00;CEST;14:00;CEST;14,066
17.09.2021;14:00;CEST;15:00;CEST;14,066
17.09.2021;15:00;CEST;16:00;CEST;14,066
17.09.2021;16:00;CEST;17:00;CEST;14,066
17.09.2021;17:00;CEST;18:00;CEST;16,553
17.09.2021;18:00;CEST;19:00;CEST;18,194
17.09.2021;19:00;CEST;20:00;CEST;18,79
17.09.2021;20:00;CEST;21:00;CEST;18,52
17.09.2021;21:00;CEST;22:00;CEST;17,904
17.09.2021;22:00;CEST;23:00;CEST;17,127
17.09.2021;23:00;CEST;00:00;CEST;15,392
18.09.2021;00:00;CEST;01:00;CEST;14,959
18.09.2021;01:00;CEST;02:00;CEST;13,064
18.09.2021;02:00;CEST;03:00;CEST;12,543
18.09.2021;03:00;CEST;04:00;CEST;12,062
18.09.2021;04:00;CEST;05:00;CEST;11,502
18.09.2021;05:00;CEST;06:00;CEST;11,701
18.09.2021;06:00;CEST;07:00;CEST;12,706
18.09.2021;07:00;CEST;08:00;CEST;14,909
18.09.2021;08:00;CEST;09:00;CEST;16,25
18.09.2021;09:00;CEST;10:00;CEST;15,509
18.09.2021;10:00;CEST;11:00;CEST;13,288
18.09.2021;11:00;CEST;12:00;CEST;12,484
18.09.2021;12:00;CEST;13:00;CEST;11,596
18.09.2021;13:00;CEST;14:00;CEST;10,511
18.09.2021;14:00;CEST;15:00;CEST;10,51
18.09.2021;15:00;CEST;16:00;CEST;11,009
18.09.2021;16:00;CEST;17:00;CEST;12,594
18.09.2021;17:00;CEST;18:00;CEST;13,681
18.09.2021;18:00;CEST;19:00;CEST;16,997
18.09.2021;19:00;CEST;20:00;CEST;17,991
18.09.2021;20:00;CEST;21:00;CEST;17,897
18.09.2021;21:00;CEST;22:00;CEST;15,132
18.09.2021;22:00;CEST;23:00;CEST;12,373
18.09.2021;23:00;CEST;00:00;CEST;9,763
19.09.2021;00:00;CEST;01:00;CEST;8,171
19.09.2021;01:00;CEST;02:00;CEST;8,005
19.09.2021;02:00;CEST;03:00;CEST;7,76
19.09.2021;03:00;CEST;04:00;CEST;7,695
19.09.2021;04:00;CEST;05:00;CEST;7,282
19.09.2021;05:00;CEST;06:00;CEST;7,577
19.09.2021;06:00;CEST;07:00;CEST;7,661
19.09.2021;07:00;CEST;08:00;CEST;7,735
19.09.2021;08:00;CEST;09:00;CEST;8,158
19.09.2021;09:00;CEST;10:00;CEST;8,286
19.09.2021;10:00;CEST;11:00;CEST;8,017
19.09.2021;11:00;CEST;12:00;CEST;8,065
19.09.2021;12:00;CEST;13:00;CEST;8,283
19.09.2021;13:00;CEST;14:00;CEST;7,912
19.09.2021;14:00;CEST;15:00;CEST;7,416
19.09.2021;15:00;CEST;16:00;CEST;7,81
19.09.2021;16:00;CEST;17:00;CEST;8,375
19.09.2021;17:00;CEST;18:00;CEST;10,507
19.09.2021;18:00;CEST;19:00;CEST;14,9
19.09.2021;19:00;CEST;20:00;CEST;16,763
19.09.2021;20:00;CEST;21:00;CEST;17,063
19.09.2021;21:00;CEST;22:00;CEST;11,963
19.09.2021;22:00;CEST;23:00;CEST;10,876
19.09.2021;23:00;CEST;00:00;CEST;9,568
20.09.2021;00:00;CEST;01:00;CEST;10,179
20.09.2021;01:00;CEST;02:00;CEST;9,604
20.09.2021;02:00;CEST;03:00;CEST;9,874
20.09.2021;03:00;CEST;04:00;CEST;9,856
20.09.2021;04:00;CEST;05:00;CEST;9,387
20.09.2021;05:00;CEST;06:00;CEST;11,82
20.09.2021;06:00;CEST;07:00;CEST;16,133
20.09.2021;07:00;CEST;08:00;CEST;17,952
20.09.2021;08:00;CEST;09:00;CEST;18,864
20.09.2021;09:00;CEST;10:00;CEST;18
20.09.2021;10:00;CEST;11:00;CEST;17,267
20.09.2021;11:00;CEST;12:00;CEST;16,4
20.09.2021;12:00;CEST;13:00;CEST;15,5
20.09.2021;13:00;CEST;14:00;CEST;14,976
20.09.2021;14:00;CEST;15:00;CEST;14,228
20.09.2021;15:00;CEST;16:00;CEST;15,122
20.09.2021;16:00;CEST;17:00;CEST;16,288
20.09.2021;17:00;CEST;18:00;CEST;17,233
20.09.2021;18:00;CEST;19:00;CEST;17,998
20.09.2021;19:00;CEST;20:00;CEST;20,5
20.09.2021;20:00;CEST;21:00;CEST;18,58
20.09.2021;21:00;CEST;22:00;CEST;17,115
20.09.2021;22:00;CEST;23:00;CEST;15,453
20.09.2021;23:00;CEST;00:00;CEST;13,348
21.09.2021;00:00;CEST;01:00;CEST;13,012
21.09.2021;01:00;CEST;02:00;CEST;12,801
21.09.2021;02:00;CEST;03:00;CEST;12,134
21.09.2021;03:00;CEST;04:00;CEST;11,494
21.09.2021;04:00;CEST;05:00;CEST;11,904
21.09.2021;05:00;CEST;06:00;CEST;13,146
21.09.2021;06:00;CEST;07:00;CEST;17
21.09.2021;07:00;CEST;08:00;CEST;18,959
21.09.2021;08:00;CEST;09:00;CEST;19
21.09.2021;09:00;CEST;10:00;CEST;17,692
21.09.2021;10:00;CEST;11:00;CEST;16,01
21.09.2021;11:00;CEST;12:00;CEST;15,18
21.09.2021;12:00;CEST;13:00;CEST;14,506
21.09.2021;13:00;CEST;14:00;CEST;13,25
21.09.2021;14:00;CEST;15:00;CEST;12,971
21.09.2021;15:00;CEST;16:00;CEST;12,853
21.09.2021;16:00;CEST;17:00;CEST;13,25
21.09.2021;17:00;CEST;18:00;CEST;16,248
21.09.2021;18:00;CEST;19:00;CEST;17,488
21.09.2021;19:00;CEST;20:00;CEST;19
21.09.2021;20:00;CEST;21:00;CEST;18,287
21.09.2021;21:00;CEST;22:00;CEST;16,308
21.09.2021;22:00;CEST;23:00;CEST;14,13
21.09.2021;23:00;CEST;00:00;CEST;13,118
22.09.2021;00:00;CEST;01:00;CEST;10,521
22.09.2021;01:00;CEST;02:00;CEST;10,098
22.09.2021;02:00;CEST;03:00;CEST;9,725
22.09.2021;03:00;CEST;04:00;CEST;9,46
22.09.2021;04:00;CEST;05:00;CEST;10,004
22.09.2021;05:00;CEST;06:00;CEST;11,909
22.09.2021;06:00;CEST;07:00;CEST;17,451
22.09.2021;07:00;CEST;08:00;CEST;20
22.09.2021;08:00;CEST;09:00;CEST;21,381
22.09.2021;09:00;CEST;10:00;CEST;18,526
22.09.2021;10:00;CEST;11:00;CEST;17,015
22.09.2021;11:00;CEST;12:00;CEST;15,993
22.09.2021;12:00;CEST;13:00;CEST;15,1
22.09.2021;13:00;CEST;14:00;CEST;13,969
22.09.2021;14:00;CEST;15:00;CEST;13,232
22.09.2021;15:00;CEST;16:00;CEST;13,233
22.09.2021;16:00;CEST;17:00;CEST;13,997
22.09.2021;17:00;CEST;18:00;CEST;16,59
22.09.2021;18:00;CEST;19:00;CEST;18,379
22.09.2021;19:00;CEST;20:00;CEST;19,978
22.09.2021;20:00;CEST;21:00;CEST;17,682
22.09.2021;21:00;CEST;22:00;CEST;15,765
22.09.2021;22:00;CEST;23:00;CEST;11,335
22.09.2021;23:00;CEST;00:00;CEST;9,001
23.09.2021;00:00;CEST;01:00;CEST;9,552
23.09.2021;01:00;CEST;02:00;CEST;9,705
23.09.2021;02:00;CEST;03:00;CEST;8,423
23.09.2021;03:00;CEST;04:00;CEST;7,532
23.09.2021;04:00;CEST;05:00;CEST;7,006
23.09.2021;05:00;CEST;06:00;CEST;7,891
23.09.2021;06:00;CEST;07:00;CEST;12,002
23.09.2021;07:00;CEST;08:00;CEST;15,386
23.09.2021;08:00;CEST;09:00;CEST;13,944
23.09.2021;09:00;CEST;10:00;CEST;9,652
23.09.2021;10:00;CEST;11:00;CEST;6,835
23.09.2021;11:00;CEST;12:00;CEST;5,425
23.09.2021;12:00;CEST;13:00;CEST;2,357
23.09.2021;13:00;CEST;14:00;CEST;0,012
23.09.2021;14:00;CEST;15:00;CEST;0,008
23.09.2021;15:00;CEST;16:00;CEST;1,005
23.09.2021;16:00;CEST;17:00;CEST;5,317
23.09.2021;17:00;CEST;18:00;CEST;5,979
23.09.2021;18:00;CEST;19:00;CEST;9,201
23.09.2021;19:00;CEST;20:00;CEST;9,786
23.09.2021;20:00;CEST;21:00;CEST;9,216
23.09.2021;21:00;CEST;22:00;CEST;6,747
23.09.2021;22:00;CEST;23:00;CEST;6,861
23.09.2021;23:00;CEST;00:00;CEST;5,741
24.09.2021;00:00;CEST;01:00;CEST;6,336
24.09.2021;01:00;CEST;02:00;CEST;5,782
24.09.2021;02:00;CEST;03:00;CEST;5,783
24.09.2021;03:00;CEST;04:00;CEST;6,045
24.09.2021;04:00;CEST;05:00;CEST;6,786
24.09.2021;05:00;CEST;06:00;CEST;8,785
24.09.2021;06:00;CEST;07:00;CEST;15,01
24.09.2021;07:00;CEST;08:00;CEST;17,095
24.09.2021;08:00;CEST;09:00;CEST;17,695
24.09.2021;09:00;CEST;10:00;CEST;14,957
24.09.2021;10:00;CEST;11:00;CEST;13,754
24.09.2021;11:00;CEST;12:00;CEST;10,701
24.09.2021;12:00;CEST;13:00;CEST;8,926
24.09.2021;13:00;CEST;14:00;CEST;8,714
24.09.2021;14:00;CEST;15:00;CEST;8,21
24.09.2021;15:00;CEST;16:00;CEST;8,294
24.09.2021;16:00;CEST;17:00;CEST;8,823
24.09.2021;17:00;CEST;18:00;CEST;11,923
24.09.2021;18:00;CEST;19:00;CEST;16,63
24.09.2021;19:00;CEST;20:00;CEST;18,121
24.09.2021;20:00;CEST;21:00;CEST;14,884
24.09.2021;21:00;CEST;22:00;CEST;10,954
24.09.2021;22:00;CEST;23:00;CEST;9,043
24.09.2021;23:00;CEST;00:00;CEST;8,303
25.09.2021;00:00;CEST;01:00;CEST;9,959
25.09.2021;01:00;CEST;02:00;CEST;10,367
25.09.2021;02:00;CEST;03:00;CEST;10,209
25.09.2021;03:00;CEST;04:00;CEST;10,201
25.09.2021;04:00;CEST;05:00;CEST;10,761
25.09.2021;05:00;CEST;06:00;CEST;9,949
25.09.2021;06:00;CEST;07:00;CEST;10,75
25.09.2021;07:00;CEST;08:00;CEST;11,634
25.09.2021;08:00;CEST;09:00;CEST;12,858
25.09.2021;09:00;CEST;10:00;CEST;12,321
25.09.2021;10:00;CEST;11:00;CEST;10,942
25.09.2021;11:00;CEST;12:00;CEST;10,262
25.09.2021;12:00;CEST;13:00;CEST;9,409
25.09.2021;13:00;CEST;14:00;CEST;9,704
25.09.2021;14:00;CEST;15:00;CEST;10,075
25.09.2021;15:00;CEST;16:00;CEST;11,207
25.09.2021;16:00;CEST;17:00;CEST;12,599
25.09.2021;17:00;CEST;18:00;CEST;16,278
25.09.2021;18:00;CEST;19:00;CEST;17,796
25.09.2021;19:00;CEST;20:00;CEST;20,801
25.09.2021;20:00;CEST;21:00;CEST;18,817
25.09.2021;21:00;CEST;22:00;CEST;16,99
25.09.2021;22:00;CEST;23:00;CEST;16,491
25.09.2021;23:00;CEST;00:00;CEST;15,83
26.09.2021;00:00;CEST;01:00;CEST;14,528
26.09.2021;01:00;CEST;02:00;CEST;12,495
26.09.2021;02:00;CEST;03:00;CEST;11,346
26.09.2021;03:00;CEST;04:00;CEST;10,611
26.09.2021;04:00;CEST;05:00;CEST;10,509
26.09.2021;05:00;CEST;06:00;CEST;10,468
26.09.2021;06:00;CEST;07:00;CEST;11,196
26.09.2021;07:00;CEST;08:00;CEST;11,309
26.09.2021;08:00;CEST;09:00;CEST;11,781
26.09.2021;09:00;CEST;10:00;CEST;11,534
26.09.2021;10:00;CEST;11:00;CEST;11,211
26.09.2021;11:00;CEST;12:00;CEST;10,631
26.09.2021;12:00;CEST;13:00;CEST;10,298
26.09.2021;13:00;CEST;14:00;CEST;9,313
26.09.2021;14:00;CEST;15:00;CEST;9,065
26.09.2021;15:00;CEST;16:00;CEST;9,479
26.09.2021;16:00;CEST;17:00;CEST;11,233
26.09.2021;17:00;CEST;18:00;CEST;13,736
26.09.2021;18:00;CEST;19:00;CEST;17,08
26.09.2021;19:00;CEST;20:00;CEST;18,585
26.09.2021;20:00;CEST;21:00;CEST;17,918
26.09.2021;21:00;CEST;22:00;CEST;16,652
26.09.2021;22:00;CEST;23:00;CEST;16,394
26.09.2021;23:00;CEST;00:00;CEST;14,35
27.09.2021;00:00;CEST;01:00;CEST;13,327
27.09.2021;01:00;CEST;02:00;CEST;11,203
27.09.2021;02:00;CEST;03:00;CEST;10,599
27.09.2021;03:00;CEST;04:00;CEST;10
27.09.2021;04:00;CEST;05:00;CEST;10,223
27.09.2021;05:00;CEST;06:00;CEST;11,309
27.09.2021;06:00;CEST;07:00;CEST;17,178
27.09.2021;07:00;CEST;08:00;CEST;18,473
27.09.2021;08:00;CEST;09:00;CEST;19,084
27.09.2021;09:00;CEST;10:00;CEST;18,1
27.09.2021;10:00;CEST;11:00;CEST;17,215
27.09.2021;11:00;CEST;12:00;CEST;15,998
27.09.2021;12:00;CEST;13:00;CEST;14,497
27.09.2021;13:00;CEST;14:00;CEST;11,932
27.09.2021;14:00;CEST;15:00;CEST;11,633
27.09.2021;15:00;CEST;16:00;CEST;12,085
27.09.2021;16:00;CEST;17:00;CEST;14,243
27.09.2021;17:00;CEST;18:00;CEST;16,354
27.09.2021;18:00;CEST;19:00;CEST;17,31
27.09.2021;19:00;CEST;20:00;CEST;18,519
27.09.2021;20:00;CEST;21:00;CEST;16,996
27.09.2021;21:00;CEST;22:00;CEST;15
27.09.2021;22:00;CEST;23:00;CEST;12,748
27.09.2021;23:00;CEST;00:00;CEST;9,698
28.09.2021;00:00;CEST;01:00;CEST;10,523
28.09.2021;01:00;CEST;02:00;CEST;9,989
28.09.2021;02:00;CEST;03:00;CEST;9,837
28.09.2021;03:00;CEST;04:00;CEST;9,81
28.09.2021;04:00;CEST;05:00;CEST;10,597
28.09.2021;05:00;CEST;06:00;CEST;11,991
28.09.2021;06:00;CEST;07:00;CEST;17,052
28.09.2021;07:00;CEST;08:00;CEST;19,021
28.09.2021;08:00;CEST;09:00;CEST;19,51
28.09.2021;09:00;CEST;10:00;CEST;18,794
28.09.2021;10:00;CEST;11:00;CEST;17,421
28.09.2021;11:00;CEST;12:00;CEST;16,176
28.09.2021;12:00;CEST;13:00;CEST;14,264
28.09.2021;13:00;CEST;14:00;CEST;13,554
28.09.2021;14:00;CEST;15:00;CEST;13,314
28.09.2021;15:00;CEST;16:00;CEST;14,68
28.09.2021;16:00;CEST;17:00;CEST;16,5
28.09.2021;17:00;CEST;18:00;CEST;18,01
28.09.2021;18:00;CEST;19:00;CEST;19,769
28.09.2021;19:00;CEST;20:00;CEST;23,701
28.09.2021;20:00;CEST;21:00;CEST;19,533
28.09.2021;21:00;CEST;22:00;CEST;17,713
28.09.2021;22:00;CEST;23:00;CEST;16,491
28.09.2021;23:00;CEST;00:00;CEST;13,957
29.09.2021;00:00;CEST;01:00;CEST;12,055
29.09.2021;01:00;CEST;02:00;CEST;11,083
29.09.2021;02:00;CEST;03:00;CEST;9,535
29.09.2021;03:00;CEST;04:00;CEST;8,853
29.09.2021;04:00;CEST;05:00;CEST;8,773
29.09.2021;05:00;CEST;06:00;CEST;10,406
29.09.2021;06:00;CEST;07:00;CEST;16,268
29.09.2021;07:00;CEST;08:00;CEST;19,493
29.09.2021;08:00;CEST;09:00;CEST;20,451
29.09.2021;09:00;CEST;10:00;CEST;19,528
29.09.2021;10:00;CEST;11:00;CEST;18,359
29.09.2021;11:00;CEST;12:00;CEST;16,89
29.09.2021;12:00;CEST;13:00;CEST;12,941
29.09.2021;13:00;CEST;14:00;CEST;11,131
29.09.2021;14:00;CEST;15:00;CEST;10,835
29.09.2021;15:00;CEST;16:00;CEST;10,201
29.09.2021;16:00;CEST;17:00;CEST;10,661
29.09.2021;17:00;CEST;18:00;CEST;12,772
29.09.2021;18:00;CEST;19:00;CEST;17,323
29.09.2021;19:00;CEST;20:00;CEST;18,812
29.09.2021;20:00;CEST;21:00;CEST;16,144
29.09.2021;21:00;CEST;22:00;CEST;10,007
29.09.2021;22:00;CEST;23:00;CEST;9,373
29.09.2021;23:00;CEST;00:00;CEST;8,059
30.09.2021;00:00;CEST;01:00;CEST;7,03
30.09.2021;01:00;CEST;02:00;CEST;6,522
30.09.2021;02:00;CEST;03:00;CEST;6,108
30.09.2021;03:00;CEST;04:00;CEST;5,909
30.09.2021;04:00;CEST;05:00;CEST;6,213
30.09.2021;05:00;CEST;06:00;CEST;6,987
30.09.2021;06:00;CEST;07:00;CEST;11,205
30.09.2021;07:00;CEST;08:00;CEST;15,87
30.09.2021;08:00;CEST;09:00;CEST;15,058
30.09.2021;09:00;CEST;10:00;CEST;12,607
30.09.2021;10:00;CEST;11:00;CEST;10,205
30.09.2021;11:00;CEST;12:00;CEST;9,202
30.09.2021;12:00;CEST;13:00;CEST;7,91
30.09.2021;13:00;CEST;14:00;CEST;7,959
30.09.2021;14:00;CEST;15:00;CEST;7,837
30.09.2021;15:00;CEST;16:00;CEST;9,512
30.09.2021;16:00;CEST;17:00;CEST;11,819
30.09.2021;17:00;CEST;18:00;CEST;17,666
30.09.2021;18:00;CEST;19:00;CEST;20,103
30.09.2021;19:00;CEST;20:00;CEST;21,993
30.09.2021;20:00;CEST;21:00;CEST;19,528
30.09.2021;21:00;CEST;22:00;CEST;14,294
30.09.2021;22:00;CEST;23:00;CEST;10,48
30.09.2021;23:00;CEST;00:00;CEST;8,153
01.10.2021;00:00;CEST;01:00;CEST;9
01.10.2021;01:00;CEST;02:00;CEST;7,139
01.10.2021;02:00;CEST;03:00;CEST;5,998
01.10.2021;03:00;CEST;04:00;CEST;4,794
01.10.2021;04:00;CEST;05:00;CEST;5,452
01.10.2021;05:00;CEST;06:00;CEST;6,569
01.10.2021;06:00;CEST;07:00;CEST;12,061
01.10.2021;07:00;CEST;08:00;CEST;15
01.10.2021;08:00;CEST;09:00;CEST;14,205
01.10.2021;09:00;CEST;10:00;CEST;10,795
01.10.2021;10:00;CEST;11:00;CEST;8,257
01.10.2021;11:00;CEST;12:00;CEST;7,133
01.10.2021;12:00;CEST;13:00;CEST;5,994
01.10.2021;13:00;CEST;14:00;CEST;5,202
01.10.2021;14:00;CEST;15:00;CEST;4,919
01.10.2021;15:00;CEST;16:00;CEST;6,328
01.10.2021;16:00;CEST;17:00;CEST;9,002
01.10.2021;17:00;CEST;18:00;CEST;15,881
01.10.2021;18:00;CEST;19:00;CEST;18,327
01.10.2021;19:00;CEST;20:00;CEST;19,409
01.10.2021;20:00;CEST;21:00;CEST;15,901
01.10.2021;21:00;CEST;22:00;CEST;12,361
01.10.2021;22:00;CEST;23:00;CEST;11,833
01.10.2021;23:00;CEST;00:00;CEST;9,224
02.10.2021;00:00;CEST;01:00;CEST;11,502
02.10.2021;01:00;CEST;02:00;CEST;10,532
02.10.2021;02:00;CEST;03:00;CEST;10,644
02.10.2021;03:00;CEST;04:00;CEST;10,227
02.10.2021;04:00;CEST;05:00;CEST;10,471
02.10.2021;05:00;CEST;06:00;CEST;11,202
02.10.2021;06:00;CEST;07:00;CEST;14
02.10.2021;07:00;CEST;08:00;CEST;15,618
02.10.2021;08:00;CEST;09:00;CEST;16,491
02.10.2021;09:00;CEST;10:00;CEST;16,492
02.10.2021;10:00;CEST;11:00;CEST;13,558
02.10.2021;11:00;CEST;12:00;CEST;12,402
02.10.2021;12:00;CEST;13:00;CEST;10,522
02.10.2021;13:00;CEST;14:00;CEST;8,621
02.10.2021;14:00;CEST;15:00;CEST;7,644
02.10.2021;15:00;CEST;16:00;CEST;7,309
02.10.2021;16:00;CEST;17:00;CEST;7,689
02.10.2021;17:00;CEST;18:00;CEST;10,646
02.10.2021;18:00;CEST;19:00;CEST;12
02.10.2021;19:00;CEST;20:00;CEST;11,556
02.10.2021;20:00;CEST;21:00;CEST;9,255
02.10.2021;21:00;CEST;22:00;CEST;6,03
02.10.2021;22:00;CEST;23:00;CEST;3,915
02.10.2021;23:00;CEST;00:00;CEST;1,408
03.10.2021;00:00;CEST;01:00;CEST;0,001
03.10.2021;01:00;CEST;02:00;CEST;-0,003
03.10.2021;02:00;CEST;03:00;CEST;-0,102
03.10.2021;03:00;CEST;04:00;CEST;-0,191
03.10.2021;04:00;CEST;05:00;CEST;-0,202
03.10.2021;05:00;CEST;06:00;CEST;-0,103
03.10.2021;06:00;CEST;07:00;CEST;-0,006
03.10.2021;07:00;CEST;08:00;CEST;-0,009
03.10.2021;08:00;CEST;09:00;CEST;0,01
03.10.2021;09:00;CEST;10:00;CEST;0,294
03.10.2021;10:00;CEST;11:00;CEST;0,233
03.10.2021;11:00;CEST;12:00;CEST;1,297
03.10.2021;12:00;CEST;13:00;CEST;0,804
03.10.2021;13:00;CEST;14:00;CEST;0,467
03.10.2021;14:00;CEST;15:00;CEST;1,002
03.10.2021;15:00;CEST;16:00;CEST;4,003
03.10.2021;16:00;CEST;17:00;CEST;5,517
03.10.2021;17:00;CEST;18:00;CEST;10,855
03.10.2021;18:00;CEST;19:00;CEST;12,759
03.10.2021;19:00;CEST;20:00;CEST;15,384
03.10.2021;20:00;CEST;21:00;CEST;13,642
03.10.2021;21:00;CEST;22:00;CEST;12,008
03.10.2021;22:00;CEST;23:00;CEST;11,97
03.10.2021;23:00;CEST;00:00;CEST;8,681
04.10.2021;00:00;CEST;01:00;CEST;7,42
04.10.2021;01:00;CEST;02:00;CEST;7,113
04.10.2021;02:00;CEST;03:00;CEST;7,045
04.10.2021;03:00;CEST;04:00;CEST;6,734
04.10.2021;04:00;CEST;05:00;CEST;6,73
04.10.2021;05:00;CEST;06:00;CEST;9,02
04.10.2021;06:00;CEST;07:00;CEST;18,048
04.10.2021;07:00;CEST;08:00;CEST;21,71
04.10.2021;08:00;CEST;09:00;CEST;22,199
04.10.2021;09:00;CEST;10:00;CEST;21,36
04.10.2021;10:00;CEST;11:00;CEST;19,917
04.10.2021;11:00;CEST;12:00;CEST;19,365
04.10.2021;12:00;CEST;13:00;CEST;16,942
04.10.2021;13:00;CEST;14:00;CEST;16,393
04.10.2021;14:00;CEST;15:00;CEST;15,035
04.10.2021;15:00;CEST;16:00;CEST;15,498
04.10.2021;16:00;CEST;17:00;CEST;18
04.10.2021;17:00;CEST;18:00;CEST;19,706
04.10.2021;18:00;CEST;19:00;CEST;21,258
04.10.2021;19:00;CEST;20:00;CEST;23
04.10.2021;20:00;CEST;21:00;CEST;20,72
04.10.2021;21:00;CEST;22:00;CEST;17,06
04.10.2021;22:00;CEST;23:00;CEST;15,907
04.10.2021;23:00;CEST;00:00;CEST;13,31
05.10.2021;00:00;CEST;01:00;CEST;12,165
05.10.2021;01:00;CEST;02:00;CEST;11,24
05.10.2021;02:00;CEST;03:00;CEST;10,038
05.10.2021;03:00;CEST;04:00;CEST;9,458
05.10.2021;04:00;CEST;05:00;CEST;9,491
05.10.2021;05:00;CEST;06:00;CEST;11,096
05.10.2021;06:00;CEST;07:00;CEST;16,812
05.10.2021;07:00;CEST;08:00;CEST;21,761
05.10.2021;08:00;CEST;09:00;CEST;22,905
05.10.2021;09:00;CEST;10:00;CEST;21,754
05.10.2021;10:00;CEST;11:00;CEST;20,404
05.10.2021;11:00;CEST;12:00;CEST;19,492
05.10.2021;12:00;CEST;13:00;CEST;18,071
05.10.2021;13:00;CEST;14:00;CEST;16,218
05.10.2021;14:00;CEST;15:00;CEST;15,5
05.10.2021;15:00;CEST;16:00;CEST;15,531
05.10.2021;16:00;CEST;17:00;CEST;15,955
05.10.2021;17:00;CEST;18:00;CEST;18,29
05.10.2021;18:00;CEST;19:00;CEST;20,698
05.10.2021;19:00;CEST;20:00;CEST;21,754
05.10.2021;20:00;CEST;21:00;CEST;18,592
05.10.2021;21:00;CEST;22:00;CEST;14,103
05.10.2021;22:00;CEST;23:00;CEST;12,018
05.10.2021;23:00;CEST;00:00;CEST;10,003
06.10.2021;00:00;CEST;01:00;CEST;8,099
06.10.2021;01:00;CEST;02:00;CEST;7,498
06.10.2021;02:00;CEST;03:00;CEST;7,066
06.10.2021;03:00;CEST;04:00;CEST;6,041
06.10.2021;04:00;CEST;05:00;CEST;6,048
06.10.2021;05:00;CEST;06:00;CEST;7,719
06.10.2021;06:00;CEST;07:00;CEST;14,89
06.10.2021;07:00;CEST;08:00;CEST;22
06.10.2021;08:00;CEST;09:00;CEST;24,803
06.10.2021;09:00;CEST;10:00;CEST;24,012
06.10.2021;10:00;CEST;11:00;CEST;21,202
06.10.2021;11:00;CEST;12:00;CEST;20,55
06.10.2021;12:00;CEST;13:00;CEST;20
06.10.2021;13:00;CEST;14:00;CEST;19,343
06.10.2021;14:00;CEST;15:00;CEST;19,42
06.10.2021;15:00;CEST;16:00;CEST;19,563
06.10.2021;16:00;CEST;17:00;CEST;21,391
06.10.2021;17:00;CEST;18:00;CEST;24,806
06.10.2021;18:00;CEST;19:00;CEST;25,262
06.10.2021;19:00;CEST;20:00;CEST;29,097
06.10.2021;20:00;CEST;21:00;CEST;26
06.10.2021;21:00;CEST;22:00;CEST;24,498
06.10.2021;22:00;CEST;23:00;CEST;22,019
06.10.2021;23:00;CEST;00:00;CEST;20,57
07.10.2021;00:00;CEST;01:00;CEST;26,1
07.10.2021;01:00;CEST;02:00;CEST;25,286
07.10.2021;02:00;CEST;03:00;CEST;25
07.10.2021;03:00;CEST;04:00;CEST;23,686
07.10.2021;04:00;CEST;05:00;CEST;24,188
07.10.2021;05:00;CEST;06:00;CEST;26,431
07.10.2021;06:00;CEST;07:00;CEST;31,005
07.10.2021;07:00;CEST;08:00;CEST;35,609
07.10.2021;08:00;CEST;09:00;CEST;39,31
07.10.2021;09:00;CEST;10:00;CEST;35,255
07.10.2021;10:00;CEST;11:00;CEST;30
07.10.2021;11:00;CEST;12:00;CEST;29,992
07.10.2021;12:00;CEST;13:00;CEST;29,641
07.10.2021;13:00;CEST;14:00;CEST;28,7
07.10.2021;14:00;CEST;15:00;CEST;28,002
07.10.2021;15:00;CEST;16:00;CEST;28
07.10.2021;16:00;CEST;17:00;CEST;29,894
07.10.2021;17:00;CEST;18:00;CEST;31,758
07.10.2021;18:00;CEST;19:00;CEST;35,052
07.10.2021;19:00;CEST;20:00;CEST;44,29
07.10.2021;20:00;CEST;21:00;CEST;31,903
07.10.2021;21:00;CEST;22:00;CEST;30
07.10.2021;22:00;CEST;23:00;CEST;29,891
07.10.2021;23:00;CEST;00:00;CEST;27,07
08.10.2021;00:00;CEST;01:00;CEST;17,661
08.10.2021;01:00;CEST;02:00;CEST;16,736
08.10.2021;02:00;CEST;03:00;CEST;16,435
08.10.2021;03:00;CEST;04:00;CEST;16,008
08.10.2021;04:00;CEST;05:00;CEST;16,274
08.10.2021;05:00;CEST;06:00;CEST;17,412
08.10.2021;06:00;CEST;07:00;CEST;23,346
08.10.2021;07:00;CEST;08:00;CEST;26,94
08.10.2021;08:00;CEST;09:00;CEST;29,142
08.10.2021;09:00;CEST;10:00;CEST;26
08.10.2021;10:00;CEST;11:00;CEST;23,024
08.10.2021;11:00;CEST;12:00;CEST;21,132
08.10.2021;12:00;CEST;13:00;CEST;19,26
08.10.2021;13:00;CEST;14:00;CEST;16,96
08.10.2021;14:00;CEST;15:00;CEST;16,05
08.10.2021;15:00;CEST;16:00;CEST;16,472
08.10.2021;16:00;CEST;17:00;CEST;19,23
08.10.2021;17:00;CEST;18:00;CEST;22,902
08.10.2021;18:00;CEST;19:00;CEST;25,281
08.10.2021;19:00;CEST;20:00;CEST;26,97
08.10.2021;20:00;CEST;21:00;CEST;23,567
08.10.2021;21:00;CEST;22:00;CEST;19,421
08.10.2021;22:00;CEST;23:00;CEST;18,12
08.10.2021;23:00;CEST;00:00;CEST;15
09.10.2021;00:00;CEST;01:00;CEST;13,818
09.10.2021;01:00;CEST;02:00;CEST;12,028
09.10.2021;02:00;CEST;03:00;CEST;12,212
09.10.2021;03:00;CEST;04:00;CEST;13,511
09.10.2021;04:00;CEST;05:00;CEST;14
09.10.2021;05:00;CEST;06:00;CEST;13,733
09.10.2021;06:00;CEST;07:00;CEST;13,715
09.10.2021;07:00;CEST;08:00;CEST;16,791
09.10.2021;08:00;CEST;09:00;CEST;18,327
09.10.2021;09:00;CEST;10:00;CEST;16,044
09.10.2021;10:00;CEST;11:00;CEST;12,4
09.10.2021;11:00;CEST;12:00;CEST;10,081
09.10.2021;12:00;CEST;13:00;CEST;7,87
09.10.2021;13:00;CEST;14:00;CEST;7,044
09.10.2021;14:00;CEST;15:00;CEST;7,05
09.10.2021;15:00;CEST;16:00;CEST;9,382
09.10.2021;16:00;CEST;17:00;CEST;13,752
09.10.2021;17:00;CEST;18:00;CEST;20
09.10.2021;18:00;CEST;19:00;CEST;22,92
09.10.2021;19:00;CEST;20:00;CEST;23,922
09.10.2021;20:00;CEST;21:00;CEST;18,322
09.10.2021;21:00;CEST;22:00;CEST;13,886
09.10.2021;22:00;CEST;23:00;CEST;12,971
09.10.2021;23:00;CEST;00:00;CEST;11,001
10.10.2021;00:00;CEST;01:00;CEST;13,535
10.10.2021;01:00;CEST;02:00;CEST;13,22
10.10.2021;02:00;CEST;03:00;CEST;12,211
10.10.2021;03:00;CEST;04:00;CEST;11,941
10.10.2021;04:00;CEST;05:00;CEST;11,888
10.10.2021;05:00;CEST;06:00;CEST;12,088
10.10.2021;06:00;CEST;07:00;CEST;14,05
10.10.2021;07:00;CEST;08:00;CEST;16,399
10.10.2021;08:00;CEST;09:00;CEST;16,911
10.10.2021;09:00;CEST;10:00;CEST;15,168
10.10.2021;10:00;CEST;11:00;CEST;12,769
10.10.2021;11:00;CEST;12:00;CEST;11,952
10.10.2021;12:00;CEST;13:00;CEST;9,607
10.10.2021;13:00;CEST;14:00;CEST;8,63
10.10.2021;14:00;CEST;15:00;CEST;6,922
10.10.2021;15:00;CEST;16:00;CEST;8,982
10.10.2021;16:00;CEST;17:00;CEST;12,385
10.10.2021;17:00;CEST;18:00;CEST;16,529
10.10.2021;18:00;CEST;19:00;CEST;21,606
10.10.2021;19:00;CEST;20:00;CEST;24,057
10.10.2021;20:00;CEST;21:00;CEST;22,17
10.10.2021;21:00;CEST;22:00;CEST;19,5
10.10.2021;22:00;CEST;23:00;CEST;17,972
10.10.2021;23:00;CEST;00:00;CEST;15,916
11.10.2021;00:00;CEST;01:00;CEST;14,914
11.10.2021;01:00;CEST;02:00;CEST;14,151
11.10.2021;02:00;CEST;03:00;CEST;12,355
11.10.2021;03:00;CEST;04:00;CEST;11,368
11.10.2021;04:00;CEST;05:00;CEST;11,86
11.10.2021;05:00;CEST;06:00;CEST;14,616
11.10.2021;06:00;CEST;07:00;CEST;20
11.10.2021;07:00;CEST;08:00;CEST;25,246
11.10.2021;08:00;CEST;09:00;CEST;26,002
11.10.2021;09:00;CEST;10:00;CEST;23,702
11.10.2021;10:00;CEST;11:00;CEST;21,394
11.10.2021;11:00;CEST;12:00;CEST;18,028
11.10.2021;12:00;CEST;13:00;CEST;13,319
11.10.2021;13:00;CEST;14:00;CEST;10,932
11.10.2021;14:00;CEST;15:00;CEST;10,14
11.10.2021;15:00;CEST;16:00;CEST;12,106
11.10.2021;16:00;CEST;17:00;CEST;14,507
11.10.2021;17:00;CEST;18:00;CEST;19,213
11.10.2021;18:00;CEST;19:00;CEST;22,811
11.10.2021;19:00;CEST;20:00;CEST;24,057
11.10.2021;20:00;CEST;21:00;CEST;22,924
11.10.2021;21:00;CEST;22:00;CEST;17,547
11.10.2021;22:00;CEST;23:00;CEST;11,968
11.10.2021;23:00;CEST;00:00;CEST;9,658
12.10.2021;00:00;CEST;01:00;CEST;10,037
12.10.2021;01:00;CEST;02:00;CEST;9,485
12.10.2021;02:00;CEST;03:00;CEST;8,59
12.10.2021;03:00;CEST;04:00;CEST;9
12.10.2021;04:00;CEST;05:00;CEST;9,336
12.10.2021;05:00;CEST;06:00;CEST;11,03
12.10.2021;06:00;CEST;07:00;CEST;14,3
12.10.2021;07:00;CEST;08:00;CEST;21,542
12.10.2021;08:00;CEST;09:00;CEST;23,621
12.10.2021;09:00;CEST;10:00;CEST;23,718
12.10.2021;10:00;CEST;11:00;CEST;22
12.10.2021;11:00;CEST;12:00;CEST;20,894
12.10.2021;12:00;CEST;13:00;CEST;17,459
12.10.2021;13:00;CEST;14:00;CEST;15,124
12.10.2021;14:00;CEST;15:00;CEST;13,995
12.10.2021;15:00;CEST;16:00;CEST;13,944
12.10.2021;16:00;CEST;17:00;CEST;14,936
12.10.2021;17:00;CEST;18:00;CEST;20
12.10.2021;18:00;CEST;19:00;CEST;23,544
12.10.2021;19:00;CEST;20:00;CEST;24,808
12.10.2021;20:00;CEST;21:00;CEST;22,674
12.10.2021;21:00;CEST;22:00;CEST;19,32
12.10.2021;22:00;CEST;23:00;CEST;18,468
12.10.2021;23:00;CEST;00:00;CEST;14,011
13.10.2021;00:00;CEST;01:00;CEST;15,193
13.10.2021;01:00;CEST;02:00;CEST;15,201
13.10.2021;02:00;CEST;03:00;CEST;14,007
13.10.2021;03:00;CEST;04:00;CEST;13,243
13.10.2021;04:00;CEST;05:00;CEST;13,5
13.10.2021;05:00;CEST;06:00;CEST;15,145
13.10.2021;06:00;CEST;07:00;CEST;19,617
13.10.2021;07:00;CEST;08:00;CEST;22,93
13.10.2021;08:00;CEST;09:00;CEST;25,059
13.10.2021;09:00;CEST;10:00;CEST;23,897
13.10.2021;10:00;CEST;11:00;CEST;21,131
13.10.2021;11:00;CEST;12:00;CEST;19,556
13.10.2021;12:00;CEST;13:00;CEST;18,975
13.10.2021;13:00;CEST;14:00;CEST;16,874
13.10.2021;14:00;CEST;15:00;CEST;16,542
13.10.2021;15:00;CEST;16:00;CEST;16,76
13.10.2021;16:00;CEST;17:00;CEST;18,99
13.10.2021;17:00;CEST;18:00;CEST;21,396
13.10.2021;18:00;CEST;19:00;CEST;24,699
13.10.2021;19:00;CEST;20:00;CEST;28,731
13.10.2021;20:00;CEST;21:00;CEST;23,5
13.10.2021;21:00;CEST;22:00;CEST;19,907
13.10.2021;22:00;CEST;23:00;CEST;15,318
13.10.2021;23:00;CEST;00:00;CEST;11,612
14.10.2021;00:00;CEST;01:00;CEST;14,669
14.10.2021;01:00;CEST;02:00;CEST;13,183
14.10.2021;02:00;CEST;03:00;CEST;13,246
14.10.2021;03:00;CEST;04:00;CEST;11
14.10.2021;04:00;CEST;05:00;CEST;11,661
14.10.2021;05:00;CEST;06:00;CEST;14,099
14.10.2021;06:00;CEST;07:00;CEST;20,9
14.10.2021;07:00;CEST;08:00;CEST;23,505
14.10.2021;08:00;CEST;09:00;CEST;26
14.10.2021;09:00;CEST;10:00;CEST;24,5
14.10.2021;10:00;CEST;11:00;CEST;22,255
14.10.2021;11:00;CEST;12:00;CEST;19,83
14.10.2021;12:00;CEST;13:00;CEST;18,993
14.10.2021;13:00;CEST;14:00;CEST;16,4
14.10.2021;14:00;CEST;15:00;CEST;14,455
14.10.2021;15:00;CEST;16:00;CEST;14,427
14.10.2021;16:00;CEST;17:00;CEST;15,192
14.10.2021;17:00;CEST;18:00;CEST;19,913
14.10.2021;18:00;CEST;19:00;CEST;22,173
14.10.2021;19:00;CEST;20:00;CEST;21,973
14.10.2021;20:00;CEST;21:00;CEST;14,98
14.10.2021;21:00;CEST;22:00;CEST;11,663
14.10.2021;22:00;CEST;23:00;CEST;10,743
14.10.2021;23:00;CEST;00:00;CEST;6,982
15.10.2021;00:00;CEST;01:00;CEST;6,722
15.10.2021;01:00;CEST;02:00;CEST;5,655
15.10.2021;02:00;CEST;03:00;CEST;4,942
15.10.2021;03:00;CEST;04:00;CEST;4,893
15.10.2021;04:00;CEST;05:00;CEST;5,651
15.10.2021;05:00;CEST;06:00;CEST;6,721
15.10.2021;06:00;CEST;07:00;CEST;9,82
15.10.2021;07:00;CEST;08:00;CEST;16,501
15.10.2021;08:00;CEST;09:00;CEST;15,602
15.10.2021;09:00;CEST;10:00;CEST;10,511
15.10.2021;10:00;CEST;11:00;CEST;8,406
15.10.2021;11:00;CEST;12:00;CEST;7,219
15.10.2021;12:00;CEST;13:00;CEST;6,797
15.10.2021;13:00;CEST;14:00;CEST;5,649
15.10.2021;14:00;CEST;15:00;CEST;6,263
15.10.2021;15:00;CEST;16:00;CEST;8,157
15.10.2021;16:00;CEST;17:00;CEST;12,36
15.10.2021;17:00;CEST;18:00;CEST;19,566
15.10.2021;18:00;CEST;19:00;CEST;23,993
15.10.2021;19:00;CEST;20:00;CEST;24,922
15.10.2021;20:00;CEST;21:00;CEST;20,864
15.10.2021;21:00;CEST;22:00;CEST;19,852
15.10.2021;22:00;CEST;23:00;CEST;17,143
15.10.2021;23:00;CEST;00:00;CEST;11,755
16.10.2021;00:00;CEST;01:00;CEST;12,704
16.10.2021;01:00;CEST;02:00;CEST;12,622
16.10.2021;02:00;CEST;03:00;CEST;13,816
16.10.2021;03:00;CEST;04:00;CEST;13,575
16.10.2021;04:00;CEST;05:00;CEST;13,902
16.10.2021;05:00;CEST;06:00;CEST;14,03
16.10.2021;06:00;CEST;07:00;CEST;13,467
16.10.2021;07:00;CEST;08:00;CEST;18,243
16.10.2021;08:00;CEST;09:00;CEST;18,991
16.10.2021;09:00;CEST;10:00;CEST;18,418
16.10.2021;10:00;CEST;11:00;CEST;19,495
16.10.2021;11:00;CEST;12:00;CEST;12,001
16.10.2021;12:00;CEST;13:00;CEST;10,283
16.10.2021;13:00;CEST;14:00;CEST;8,863
16.10.2021;14:00;CEST;15:00;CEST;8,392
16.10.2021;15:00;CEST;16:00;CEST;9,684
16.10.2021;16:00;CEST;17:00;CEST;13,579
16.10.2021;17:00;CEST;18:00;CEST;20,252
16.10.2021;18:00;CEST;19:00;CEST;23,509
16.10.2021;19:00;CEST;20:00;CEST;25,306
16.10.2021;20:00;CEST;21:00;CEST;23,194
16.10.2021;21:00;CEST;22:00;CEST;20,034
16.10.2021;22:00;CEST;23:00;CEST;18,794
16.10.2021;23:00;CEST;00:00;CEST;13,11
17.10.2021;00:00;CEST;01:00;CEST;10,689
17.10.2021;01:00;CEST;02:00;CEST;10,767
17.10.2021;02:00;CEST;03:00;CEST;10,373
17.10.2021;03:00;CEST;04:00;CEST;10,809
17.10.2021;04:00;CEST;05:00;CEST;11,042
17.10.2021;05:00;CEST;06:00;CEST;11,668
17.10.2021;06:00;CEST;07:00;CEST;11,213
17.10.2021;07:00;CEST;08:00;CEST;11,808
17.10.2021;08:00;CEST;09:00;CEST;17,087
17.10.2021;09:00;CEST;10:00;CEST;17,81
17.10.2021;10:00;CEST;11:00;CEST;16,676
17.10.2021;11:00;CEST;12:00;CEST;13,492
17.10.2021;12:00;CEST;13:00;CEST;12,317
17.10.2021;13:00;CEST;14:00;CEST;10,657
17.10.2021;14:00;CEST;15:00;CEST;10,139
17.10.2021;15:00;CEST;16:00;CEST;11,28
17.10.2021;16:00;CEST;17:00;CEST;12,385
17.10.2021;17:00;CEST;18:00;CEST;18,25
17.10.2021;18:00;CEST;19:00;CEST;21,6
17.10.2021;19:00;CEST;20:00;CEST;23,829
17.10.2021;20:00;CEST;21:00;CEST;20,609
17.10.2021;21:00;CEST;22:00;CEST;15,836
17.10.2021;22:00;CEST;23:00;CEST;17,55
17.10.2021;23:00;CEST;00:00;CEST;13,288
18.10.2021;00:00;CEST;01:00;CEST;11,435
18.10.2021;01:00;CEST;02:00;CEST;11,804
18.10.2021;02:00;CEST;03:00;CEST;10,879
18.10.2021;03:00;CEST;04:00;CEST;10,984
18.10.2021;04:00;CEST;05:00;CEST;11,8
18.10.2021;05:00;CEST;06:00;CEST;15,682
18.10.2021;06:00;CEST;07:00;CEST;21,66
18.10.2021;07:00;CEST;08:00;CEST;25,813
18.10.2021;08:00;CEST;09:00;CEST;26,832
18.10.2021;09:00;CEST;10:00;CEST;25,05
18.10.2021;10:00;CEST;11:00;CEST;21,6
18.10.2021;11:00;CEST;12:00;CEST;19,927
18.10.2021;12:00;CEST;13:00;CEST;18
18.10.2021;13:00;CEST;14:00;CEST;16,679
18.10.2021;14:00;CEST;15:00;CEST;17,374
18.10.2021;15:00;CEST;16:00;CEST;19,098
18.10.2021;16:00;CEST;17:00;CEST;20,87
18.10.2021;17:00;CEST;18:00;CEST;22,997
18.10.2021;18:00;CEST;19:00;CEST;25,297
18.10.2021;19:00;CEST;20:00;CEST;26,212
18.10.2021;20:00;CEST;21:00;CEST;21,4
18.10.2021;21:00;CEST;22:00;CEST;20,6
18.10.2021;22:00;CEST;23:00;CEST;18,142
18.10.2021;23:00;CEST;00:00;CEST;15,197
19.10.2021;00:00;CEST;01:00;CEST;11,347
19.10.2021;01:00;CEST;02:00;CEST;10,628
19.10.2021;02:00;CEST;03:00;CEST;10,205
19.10.2021;03:00;CEST;04:00;CEST;9,212
19.10.2021;04:00;CEST;05:00;CEST;9,717
19.10.2021;05:00;CEST;06:00;CEST;11,497
19.10.2021;06:00;CEST;07:00;CEST;16,51
19.10.2021;07:00;CEST;08:00;CEST;21,59
19.10.2021;08:00;CEST;09:00;CEST;23,568
19.10.2021;09:00;CEST;10:00;CEST;22,47
19.10.2021;10:00;CEST;11:00;CEST;21,455
19.10.2021;11:00;CEST;12:00;CEST;19,942
19.10.2021;12:00;CEST;13:00;CEST;19,964
19.10.2021;13:00;CEST;14:00;CEST;18,869
19.10.2021;14:00;CEST;15:00;CEST;18,2
19.10.2021;15:00;CEST;16:00;CEST;17,16
19.10.2021;16:00;CEST;17:00;CEST;17,209
19.10.2021;17:00;CEST;18:00;CEST;18,327
19.10.2021;18:00;CEST;19:00;CEST;18,48
19.10.2021;19:00;CEST;20:00;CEST;16,613
19.10.2021;20:00;CEST;21:00;CEST;13,792
19.10.2021;21:00;CEST;22:00;CEST;9,498
19.10.2021;22:00;CEST;23:00;CEST;6,937
19.10.2021;23:00;CEST;00:00;CEST;5,102
20.10.2021;00:00;CEST;01:00;CEST;1,439
20.10.2021;01:00;CEST;02:00;CEST;0,565
20.10.2021;02:00;CEST;03:00;CEST;0,412
20.10.2021;03:00;CEST;04:00;CEST;0,009
20.10.2021;04:00;CEST;05:00;CEST;0,015
20.10.2021;05:00;CEST;06:00;CEST;1,407
20.10.2021;06:00;CEST;07:00;CEST;6,295
20.10.2021;07:00;CEST;08:00;CEST;13,217
20.10.2021;08:00;CEST;09:00;CEST;13,053
20.10.2021;09:00;CEST;10:00;CEST;9,843
20.10.2021;10:00;CEST;11:00;CEST;6,132
20.10.2021;11:00;CEST;12:00;CEST;5,608
20.10.2021;12:00;CEST;13:00;CEST;4,809
20.10.2021;13:00;CEST;14:00;CEST;4,406
20.10.2021;14:00;CEST;15:00;CEST;5,221
20.10.2021;15:00;CEST;16:00;CEST;5,676
20.10.2021;16:00;CEST;17:00;CEST;6,132
20.10.2021;17:00;CEST;18:00;CEST;8,999
20.10.2021;18:00;CEST;19:00;CEST;11,351
20.10.2021;19:00;CEST;20:00;CEST;11,844
20.10.2021;20:00;CEST;21:00;CEST;8,789
20.10.2021;21:00;CEST;22:00;CEST;7,387
20.10.2021;22:00;CEST;23:00;CEST;6,427
20.10.2021;23:00;CEST;00:00;CEST;5,229
21.10.2021;00:00;CEST;01:00;CEST;3,004
21.10.2021;01:00;CEST;02:00;CEST;3,017
21.10.2021;02:00;CEST;03:00;CEST;1,897
21.10.2021;03:00;CEST;04:00;CEST;1,88
21.10.2021;04:00;CEST;05:00;CEST;2,914
21.10.2021;05:00;CEST;06:00;CEST;4,774
21.10.2021;06:00;CEST;07:00;CEST;7,71
21.10.2021;07:00;CEST;08:00;CEST;10,474
21.10.2021;08:00;CEST;09:00;CEST;10,808
21.10.2021;09:00;CEST;10:00;CEST;10,342
21.10.2021;10:00;CEST;11:00;CEST;8,966
21.10.2021;11:00;CEST;12:00;CEST;7,705
21.10.2021;12:00;CEST;13:00;CEST;5,228
21.10.2021;13:00;CEST;14:00;CEST;3
21.10.2021;14:00;CEST;15:00;CEST;1,89
21.10.2021;15:00;CEST;16:00;CEST;3,002
21.10.2021;16:00;CEST;17:00;CEST;4,904
21.10.2021;17:00;CEST;18:00;CEST;6,491
21.10.2021;18:00;CEST;19:00;CEST;10,037
21.10.2021;19:00;CEST;20:00;CEST;11,821
21.10.2021;20:00;CEST;21:00;CEST;8,808
21.10.2021;21:00;CEST;22:00;CEST;7,008
21.10.2021;22:00;CEST;23:00;CEST;6,517
21.10.2021;23:00;CEST;00:00;CEST;5,411
22.10.2021;00:00;CEST;01:00;CEST;6,342
22.10.2021;01:00;CEST;02:00;CEST;6,045
22.10.2021;02:00;CEST;03:00;CEST;5,511
22.10.2021;03:00;CEST;04:00;CEST;5,264
22.10.2021;04:00;CEST;05:00;CEST;6,158
22.10.2021;05:00;CEST;06:00;CEST;7,305
22.10.2021;06:00;CEST;07:00;CEST;9,198
22.10.2021;07:00;CEST;08:00;CEST;11,928
22.10.2021;08:00;CEST;09:00;CEST;12,106
22.10.2021;09:00;CEST;10:00;CEST;9,158
22.10.2021;10:00;CEST;11:00;CEST;6,856
22.10.2021;11:00;CEST;12:00;CEST;5,524
22.10.2021;12:00;CEST;13:00;CEST;4,406
22.10.2021;13:00;CEST;14:00;CEST;2,446
22.10.2021;14:00;CEST;15:00;CEST;2,322
22.10.2021;15:00;CEST;16:00;CEST;3,008
22.10.2021;16:00;CEST;17:00;CEST;5,528
22.10.2021;17:00;CEST;18:00;CEST;8,266
22.10.2021;18:00;CEST;19:00;CEST;11
22.10.2021;19:00;CEST;20:00;CEST;11,991
22.10.2021;20:00;CEST;21:00;CEST;9,893
22.10.2021;21:00;CEST;22:00;CEST;7,867
22.10.2021;22:00;CEST;23:00;CEST;8,07
22.10.2021;23:00;CEST;00:00;CEST;6,306
23.10.2021;00:00;CEST;01:00;CEST;7,3
23.10.2021;01:00;CEST;02:00;CEST;6,917
23.10.2021;02:00;CEST;03:00;CEST;6,766
23.10.2021;03:00;CEST;04:00;CEST;7,363
23.10.2021;04:00;CEST;05:00;CEST;6,866
23.10.2021;05:00;CEST;06:00;CEST;7,248
23.10.2021;06:00;CEST;07:00;CEST;6,604
23.10.2021;07:00;CEST;08:00;CEST;10,51
23.10.2021;08:00;CEST;09:00;CEST;13,733
23.10.2021;09:00;CEST;10:00;CEST;14,1
23.10.2021;10:00;CEST;11:00;CEST;14,999
23.10.2021;11:00;CEST;12:00;CEST;13,816
23.10.2021;12:00;CEST;13:00;CEST;11,876
23.10.2021;13:00;CEST;14:00;CEST;10,552
23.10.2021;14:00;CEST;15:00;CEST;12,51
23.10.2021;15:00;CEST;16:00;CEST;16,007
23.10.2021;16:00;CEST;17:00;CEST;18,035
23.10.2021;17:00;CEST;18:00;CEST;21,099
23.10.2021;18:00;CEST;19:00;CEST;23,822
23.10.2021;19:00;CEST;20:00;CEST;25,647
23.10.2021;20:00;CEST;21:00;CEST;22,306
23.10.2021;21:00;CEST;22:00;CEST;21
23.10.2021;22:00;CEST;23:00;CEST;19,206
23.10.2021;23:00;CEST;00:00;CEST;16,223
24.10.2021;00:00;CEST;01:00;CEST;13,746
24.10.2021;01:00;CEST;02:00;CEST;10,943
24.10.2021;02:00;CEST;03:00;CEST;10,5
24.10.2021;03:00;CEST;04:00;CEST;11,459
24.10.2021;04:00;CEST;05:00;CEST;9,328
24.10.2021;05:00;CEST;06:00;CEST;10,5
24.10.2021;06:00;CEST;07:00;CEST;8,386
24.10.2021;07:00;CEST;08:00;CEST;9,375
24.10.2021;08:00;CEST;09:00;CEST;11,931
24.10.2021;09:00;CEST;10:00;CEST;8,345
24.10.2021;10:00;CEST;11:00;CEST;8,29
24.10.2021;11:00;CEST;12:00;CEST;8,784
24.10.2021;12:00;CEST;13:00;CEST;7,317
24.10.2021;13:00;CEST;14:00;CEST;6,182
24.10.2021;14:00;CEST;15:00;CEST;6,001
24.10.2021;15:00;CEST;16:00;CEST;7,705
24.10.2021;16:00;CEST;17:00;CEST;10,021
24.10.2021;17:00;CEST;18:00;CEST;13,806
24.10.2021;18:00;CEST;19:00;CEST;19,119
24.10.2021;19:00;CEST;20:00;CEST;13,583
24.10.2021;20:00;CEST;21:00;CEST;9,929
24.10.2021;21:00;CEST;22:00;CEST;7,506
24.10.2021;22:00;CEST;23:00;CEST;7,928
24.10.2021;23:00;CEST;00:00;CEST;7,903
25.10.2021;00:00;CEST;01:00;CEST;8,437
25.10.2021;01:00;CEST;02:00;CEST;8,155
25.10.2021;02:00;CEST;03:00;CEST;8,622
25.10.2021;03:00;CEST;04:00;CEST;8,439
25.10.2021;04:00;CEST;05:00;CEST;8,87
25.10.2021;05:00;CEST;06:00;CEST;11,182
25.10.2021;06:00;CEST;07:00;CEST;20,504
25.10.2021;07:00;CEST;08:00;CEST;21,577
25.10.2021;08:00;CEST;09:00;CEST;24,241
25.10.2021;09:00;CEST;10:00;CEST;21,924
25.10.2021;10:00;CEST;11:00;CEST;17,608
25.10.2021;11:00;CEST;12:00;CEST;15,195
25.10.2021;12:00;CEST;13:00;CEST;15,305
25.10.2021;13:00;CEST;14:00;CEST;16,959
25.10.2021;14:00;CEST;15:00;CEST;17,402
25.10.2021;15:00;CEST;16:00;CEST;20,091
25.10.2021;16:00;CEST;17:00;CEST;21,697
25.10.2021;17:00;CEST;18:00;CEST;23,5
25.10.2021;18:00;CEST;19:00;CEST;25,51
25.10.2021;19:00;CEST;20:00;CEST;26,2
25.10.2021;20:00;CEST;21:00;CEST;21,496
25.10.2021;21:00;CEST;22:00;CEST;19,8
25.10.2021;22:00;CEST;23:00;CEST;18,206
25.10.2021;23:00;CEST;00:00;CEST;15,839
26.10.2021;00:00;CEST;01:00;CEST;11,566
26.10.2021;01:00;CEST;02:00;CEST;13,557
26.10.2021;02:00;CEST;03:00;CEST;12,436
26.10.2021;03:00;CEST;04:00;CEST;11,492
26.10.2021;04:00;CEST;05:00;CEST;12,206
26.10.2021;05:00;CEST;06:00;CEST;15,51
26.10.2021;06:00;CEST;07:00;CEST;21,45
26.10.2021;07:00;CEST;08:00;CEST;23,571
26.10.2021;08:00;CEST;09:00;CEST;24,591
26.10.2021;09:00;CEST;10:00;CEST;23,506
26.10.2021;10:00;CEST;11:00;CEST;21,99
26.10.2021;11:00;CEST;12:00;CEST;21,222
26.10.2021;12:00;CEST;13:00;CEST;19,703
26.10.2021;13:00;CEST;14:00;CEST;18,544
26.10.2021;14:00;CEST;15:00;CEST;16,501
26.10.2021;15:00;CEST;16:00;CEST;17,744
26.10.2021;16:00;CEST;17:00;CEST;19,02
26.10.2021;17:00;CEST;18:00;CEST;22,347
26.10.2021;18:00;CEST;19:00;CEST;24,3
26.10.2021;19:00;CEST;20:00;CEST;22,347
26.10.2021;20:00;CEST;21:00;CEST;19,703
26.10.2021;21:00;CEST;22:00;CEST;13,828
26.10.2021;22:00;CEST;23:00;CEST;11,675
26.10.2021;23:00;CEST;00:00;CEST;8,427
27.10.2021;00:00;CEST;01:00;CEST;9,133
27.10.2021;01:00;CEST;02:00;CEST;8,54
27.10.2021;02:00;CEST;03:00;CEST;6,992
27.10.2021;03:00;CEST;04:00;CEST;6,68
27.10.2021;04:00;CEST;05:00;CEST;8,536
27.10.2021;05:00;CEST;06:00;CEST;9,324
27.10.2021;06:00;CEST;07:00;CEST;12,478
27.10.2021;07:00;CEST;08:00;CEST;19,701
27.10.2021;08:00;CEST;09:00;CEST;22
27.10.2021;09:00;CEST;10:00;CEST;20
27.10.2021;10:00;CEST;11:00;CEST;18
27.10.2021;11:00;CEST;12:00;CEST;14,101
27.10.2021;12:00;CEST;13:00;CEST;11,931
27.10.2021;13:00;CEST;14:00;CEST;10
27.10.2021;14:00;CEST;15:00;CEST;10,003
27.10.2021;15:00;CEST;16:00;CEST;12,601
27.10.2021;16:00;CEST;17:00;CEST;14,899
27.10.2021;17:00;CEST;18:00;CEST;20,756
27.10.2021;18:00;CEST;19:00;CEST;23,527
27.10.2021;19:00;CEST;20:00;CEST;22,855
27.10.2021;20:00;CEST;21:00;CEST;19,895
27.10.2021;21:00;CEST;22:00;CEST;16,2
27.10.2021;22:00;CEST;23:00;CEST;14,881
27.10.2021;23:00;CEST;00:00;CEST;12,175
28.10.2021;00:00;CEST;01:00;CEST;13,302
28.10.2021;01:00;CEST;02:00;CEST;12,553
28.10.2021;02:00;CEST;03:00;CEST;11,896
28.10.2021;03:00;CEST;04:00;CEST;12,202
28.10.2021;04:00;CEST;05:00;CEST;13,17
28.10.2021;05:00;CEST;06:00;CEST;14,102
28.10.2021;06:00;CEST;07:00;CEST;18
28.10.2021;07:00;CEST;08:00;CEST;22,502
28.10.2021;08:00;CEST;09:00;CEST;25,034
28.10.2021;09:00;CEST;10:00;CEST;20,398
28.10.2021;10:00;CEST;11:00;CEST;17,14
28.10.2021;11:00;CEST;12:00;CEST;14,277
28.10.2021;12:00;CEST;13:00;CEST;12,801
28.10.2021;13:00;CEST;14:00;CEST;11,2
28.10.2021;14:00;CEST;15:00;CEST;11,301
28.10.2021;15:00;CEST;16:00;CEST;14
28.10.2021;16:00;CEST;17:00;CEST;17,305
28.10.2021;17:00;CEST;18:00;CEST;19,893
28.10.2021;18:00;CEST;19:00;CEST;22,069
28.10.2021;19:00;CEST;20:00;CEST;19,867
28.10.2021;20:00;CEST;21:00;CEST;15,186
28.10.2021;21:00;CEST;22:00;CEST;10,019
28.10.2021;22:00;CEST;23:00;CEST;10,369
28.10.2021;23:00;CEST;00:00;CEST;9,909
29.10.2021;00:00;CEST;01:00;CEST;9,498
29.10.2021;01:00;CEST;02:00;CEST;8,399
29.10.2021;02:00;CEST;03:00;CEST;7,835
29.10.2021;03:00;CEST;04:00;CEST;6,941
29.10.2021;04:00;CEST;05:00;CEST;7,529
29.10.2021;05:00;CEST;06:00;CEST;8,961
29.10.2021;06:00;CEST;07:00;CEST;13,265
29.10.2021;07:00;CEST;08:00;CEST;17,44
29.10.2021;08:00;CEST;09:00;CEST;19,936
29.10.2021;09:00;CEST;10:00;CEST;14,842
29.10.2021;10:00;CEST;11:00;CEST;10,616
29.10.2021;11:00;CEST;12:00;CEST;9,71
29.10.2021;12:00;CEST;13:00;CEST;9,129
29.10.2021;13:00;CEST;14:00;CEST;8,551
29.10.2021;14:00;CEST;15:00;CEST;9,034
29.10.2021;15:00;CEST;16:00;CEST;10,105
29.10.2021;16:00;CEST;17:00;CEST;13,79
29.10.2021;17:00;CEST;18:00;CEST;18,796
29.10.2021;18:00;CEST;19:00;CEST;17,007
29.10.2021;19:00;CEST;20:00;CEST;15,233
29.10.2021;20:00;CEST;21:00;CEST;10,618
29.10.2021;21:00;CEST;22:00;CEST;8,889
29.10.2021;22:00;CEST;23:00;CEST;8,461
29.10.2021;23:00;CEST;00:00;CEST;6,551
30.10.2021;00:00;CEST;01:00;CEST;7,505
30.10.2021;01:00;CEST;02:00;CEST;7,222
30.10.2021;02:00;CEST;03:00;CEST;7,547
30.10.2021;03:00;CEST;04:00;CEST;7
30.10.2021;04:00;CEST;05:00;CEST;6,703
30.10.2021;05:00;CEST;06:00;CEST;6,943
30.10.2021;06:00;CEST;07:00;CEST;8,13
30.10.2021;07:00;CEST;08:00;CEST;9,231
30.10.2021;08:00;CEST;09:00;CEST;11,765
30.10.2021;09:00;CEST;10:00;CEST;11,689
30.10.2021;10:00;CEST;11:00;CEST;10,903
30.10.2021;11:00;CEST;12:00;CEST;10,131
30.10.2021;12:00;CEST;13:00;CEST;8,107
30.10.2021;13:00;CEST;14:00;CEST;7,856
30.10.2021;14:00;CEST;15:00;CEST;7,158
30.10.2021;15:00;CEST;16:00;CEST;7,159
30.10.2021;16:00;CEST;17:00;CEST;8
30.10.2021;17:00;CEST;18:00;CEST;8,698
30.10.2021;18:00;CEST;19:00;CEST;11,467
30.10.2021;19:00;CEST;20:00;CEST;10,783
30.10.2021;20:00;CEST;21:00;CEST;8,824
30.10.2021;21:00;CEST;22:00;CEST;6,736
30.10.2021;22:00;CEST;23:00;CEST;6,693
30.10.2021;23:00;CEST;00:00;CEST;5,718
31.10.2021;00:00;CEST;01:00;CEST;5,614
31.10.2021;01:00;CEST;02:00;CEST;6,087
31.10.2021;02:00;CEST;02:00;CET;6,903
31.10.2021;02:00;CET;03:00;CET;6,449
31.10.2021;03:00;CET;04:00;CET;5,711
31.10.2021;04:00;CET;05:00;CET;5,865
31.10.2021;05:00;CET;06:00;CET;5,6
31.10.2021;06:00;CET;07:00;CET;5,473
31.10.2021;07:00;CET;08:00;CET;6,024
31.10.2021;08:00;CET;09:00;CET;6,109
31.10.2021;09:00;CET;10:00;CET;7,171
31.10.2021;10:00;CET;11:00;CET;6,499
31.10.2021;11:00;CET;12:00;CET;6,491
31.10.2021;12:00;CET;13:00;CET;6,166
31.10.2021;13:00;CET;14:00;CET;5,612
31.10.2021;14:00;CET;15:00;CET;5,615
31.10.2021;15:00;CET;16:00;CET;6,31
31.10.2021;16:00;CET;17:00;CET;6,992
31.10.2021;17:00;CET;18:00;CET;7,913
31.10.2021;18:00;CET;19:00;CET;7,454
31.10.2021;19:00;CET;20:00;CET;6,006
31.10.2021;20:00;CET;21:00;CET;5,22
31.10.2021;21:00;CET;22:00;CET;5,249
31.10.2021;22:00;CET;23:00;CET;5,85
31.10.2021;23:00;CET;00:00;CET;5,233
01.11.2021;00:00;CET;01:00;CET;5,922
01.11.2021;01:00;CET;02:00;CET;5,506
01.11.2021;02:00;CET;03:00;CET;4,392
01.11.2021;03:00;CET;04:00;CET;2,205
01.11.2021;04:00;CET;05:00;CET;2,036
01.11.2021;05:00;CET;06:00;CET;4,182
01.11.2021;06:00;CET;07:00;CET;5,829
01.11.2021;07:00;CET;08:00;CET;7,754
01.11.2021;08:00;CET;09:00;CET;8,881
01.11.2021;09:00;CET;10:00;CET;8,797
01.11.2021;10:00;CET;11:00;CET;8,32
01.11.2021;11:00;CET;12:00;CET;7,831
01.11.2021;12:00;CET;13:00;CET;7,898
01.11.2021;13:00;CET;14:00;CET;8,055
01.11.2021;14:00;CET;15:00;CET;8,152
01.11.2021;15:00;CET;16:00;CET;9,883
01.11.2021;16:00;CET;17:00;CET;11,128
01.11.2021;17:00;CET;18:00;CET;16,42
01.11.2021;18:00;CET;19:00;CET;18,3
01.11.2021;19:00;CET;20:00;CET;17,99
01.11.2021;20:00;CET;21:00;CET;16,308
01.11.2021;21:00;CET;22:00;CET;15,151
01.11.2021;22:00;CET;23:00;CET;14,737
01.11.2021;23:00;CET;00:00;CET;13,49
02.11.2021;00:00;CET;01:00;CET;14,5
02.11.2021;01:00;CET;02:00;CET;13,195
02.11.2021;02:00;CET;03:00;CET;12,892
02.11.2021;03:00;CET;04:00;CET;11,12
02.11.2021;04:00;CET;05:00;CET;12,351
02.11.2021;05:00;CET;06:00;CET;14,301
02.11.2021;06:00;CET;07:00;CET;18,215
02.11.2021;07:00;CET;08:00;CET;21,683
02.11.2021;08:00;CET;09:00;CET;23,498
02.11.2021;09:00;CET;10:00;CET;22,804
02.11.2021;10:00;CET;11:00;CET;22,174
02.11.2021;11:00;CET;12:00;CET;22,321
02.11.2021;12:00;CET;13:00;CET;21,595
02.11.2021;13:00;CET;14:00;CET;21,735
02.11.2021;14:00;CET;15:00;CET;22,491
02.11.2021;15:00;CET;16:00;CET;23,03
02.11.2021;16:00;CET;17:00;CET;24,893
02.11.2021;17:00;CET;18:00;CET;29,897
02.11.2021;18:00;CET;19:00;CET;31,267
02.11.2021;19:00;CET;20:00;CET;28
02.11.2021;20:00;CET;21:00;CET;23,1
02.11.2021;21:00;CET;22:00;CET;20,1
02.11.2021;22:00;CET;23:00;CET;17,999
02.11.2021;23:00;CET;00:00;CET;16,7
03.11.2021;00:00;CET;01:00;CET;14,668
03.11.2021;01:00;CET;02:00;CET;14,308
03.11.2021;02:00;CET;03:00;CET;14,025
03.11.2021;03:00;CET;04:00;CET;13,084
03.11.2021;04:00;CET;05:00;CET;13,003
03.11.2021;05:00;CET;06:00;CET;13,87
03.11.2021;06:00;CET;07:00;CET;16,995
03.11.2021;07:00;CET;08:00;CET;20,437
03.11.2021;08:00;CET;09:00;CET;23,009
03.11.2021;09:00;CET;10:00;CET;21,909
03.11.2021;10:00;CET;11:00;CET;20,762
03.11.2021;11:00;CET;12:00;CET;21,326
03.11.2021;12:00;CET;13:00;CET;20,62
03.11.2021;13:00;CET;14:00;CET;21,111
03.11.2021;14:00;CET;15:00;CET;21,59
03.11.2021;15:00;CET;16:00;CET;22,728
03.11.2021;16:00;CET;17:00;CET;23,497
03.11.2021;17:00;CET;18:00;CET;25,799
03.11.2021;18:00;CET;19:00;CET;27,433
03.11.2021;19:00;CET;20:00;CET;23,6
03.11.2021;20:00;CET;21:00;CET;20,295
03.11.2021;21:00;CET;22:00;CET;18,363
03.11.2021;22:00;CET;23:00;CET;16,592
03.11.2021;23:00;CET;00:00;CET;14,507
04.11.2021;00:00;CET;01:00;CET;16,539
04.11.2021;01:00;CET;02:00;CET;15,251
04.11.2021;02:00;CET;03:00;CET;14,587
04.11.2021;03:00;CET;04:00;CET;14,306
04.11.2021;04:00;CET;05:00;CET;14,538
04.11.2021;05:00;CET;06:00;CET;15,961
04.11.2021;06:00;CET;07:00;CET;18,377
04.11.2021;07:00;CET;08:00;CET;21,08
04.11.2021;08:00;CET;09:00;CET;21,377
04.11.2021;09:00;CET;10:00;CET;20,333
04.11.2021;10:00;CET;11:00;CET;20,097
04.11.2021;11:00;CET;12:00;CET;19,902
04.11.2021;12:00;CET;13:00;CET;19,372
04.11.2021;13:00;CET;14:00;CET;17,97
04.11.2021;14:00;CET;15:00;CET;16,557
04.11.2021;15:00;CET;16:00;CET;16,394
04.11.2021;16:00;CET;17:00;CET;17,801
04.11.2021;17:00;CET;18:00;CET;20,093
04.11.2021;18:00;CET;19:00;CET;20,101
04.11.2021;19:00;CET;20:00;CET;19,347
04.11.2021;20:00;CET;21:00;CET;16,532
04.11.2021;21:00;CET;22:00;CET;13,509
04.11.2021;22:00;CET;23:00;CET;12,556
04.11.2021;23:00;CET;00:00;CET;10,486
05.11.2021;00:00;CET;01:00;CET;10,941
05.11.2021;01:00;CET;02:00;CET;11,109
05.11.2021;02:00;CET;03:00;CET;10,995
05.11.2021;03:00;CET;04:00;CET;11,939
05.11.2021;04:00;CET;05:00;CET;12,572
05.11.2021;05:00;CET;06:00;CET;13,47
05.11.2021;06:00;CET;07:00;CET;18,111
05.11.2021;07:00;CET;08:00;CET;19,992
05.11.2021;08:00;CET;09:00;CET;20,298
05.11.2021;09:00;CET;10:00;CET;20
05.11.2021;10:00;CET;11:00;CET;20,09
05.11.2021;11:00;CET;12:00;CET;18,496
05.11.2021;12:00;CET;13:00;CET;19,33
05.11.2021;13:00;CET;14:00;CET;18,498
05.11.2021;14:00;CET;15:00;CET;19,008
05.11.2021;15:00;CET;16:00;CET;19,607
05.11.2021;16:00;CET;17:00;CET;19,996
05.11.2021;17:00;CET;18:00;CET;20
05.11.2021;18:00;CET;19:00;CET;17,918
05.11.2021;19:00;CET;20:00;CET;15,62
05.11.2021;20:00;CET;21:00;CET;14,666
05.11.2021;21:00;CET;22:00;CET;12,286
05.11.2021;22:00;CET;23:00;CET;10,515
05.11.2021;23:00;CET;00:00;CET;8,755
06.11.2021;00:00;CET;01:00;CET;8,109
06.11.2021;01:00;CET;02:00;CET;7,801
06.11.2021;02:00;CET;03:00;CET;7,801
06.11.2021;03:00;CET;04:00;CET;7,134
06.11.2021;04:00;CET;05:00;CET;7,801
06.11.2021;05:00;CET;06:00;CET;8,527
06.11.2021;06:00;CET;07:00;CET;8,101
06.11.2021;07:00;CET;08:00;CET;8,469
06.11.2021;08:00;CET;09:00;CET;8,528
06.11.2021;09:00;CET;10:00;CET;8,82
06.11.2021;10:00;CET;11:00;CET;8,15
06.11.2021;11:00;CET;12:00;CET;8,001
06.11.2021;12:00;CET;13:00;CET;7,532
06.11.2021;13:00;CET;14:00;CET;7,604
06.11.2021;14:00;CET;15:00;CET;7,645
06.11.2021;15:00;CET;16:00;CET;8,001
06.11.2021;16:00;CET;17:00;CET;8,789
06.11.2021;17:00;CET;18:00;CET;10,5
06.11.2021;18:00;CET;19:00;CET;8,769
06.11.2021;19:00;CET;20:00;CET;8,747
06.11.2021;20:00;CET;21:00;CET;6,227
06.11.2021;21:00;CET;22:00;CET;5,337
06.11.2021;22:00;CET;23:00;CET;5,005
06.11.2021;23:00;CET;00:00;CET;2,818
07.11.2021;00:00;CET;01:00;CET;0,673
07.11.2021;01:00;CET;02:00;CET;0,468
07.11.2021;02:00;CET;03:00;CET;0,344
07.11.2021;03:00;CET;04:00;CET;0,164
07.11.2021;04:00;CET;05:00;CET;0,147
07.11.2021;05:00;CET;06:00;CET;0,277
07.11.2021;06:00;CET;07:00;CET;0,328
07.11.2021;07:00;CET;08:00;CET;0,928
07.11.2021;08:00;CET;09:00;CET;1,086
07.11.2021;09:00;CET;10:00;CET;1,443
07.11.2021;10:00;CET;11:00;CET;1,264
07.11.2021;11:00;CET;12:00;CET;1,384
07.11.2021;12:00;CET;13:00;CET;1,414
07.11.2021;13:00;CET;14:00;CET;1,57
07.11.2021;14:00;CET;15:00;CET;2,995
07.11.2021;15:00;CET;16:00;CET;6
07.11.2021;16:00;CET;17:00;CET;7,772
07.11.2021;17:00;CET;18:00;CET;9,352
07.11.2021;18:00;CET;19:00;CET;8,105
07.11.2021;19:00;CET;20:00;CET;8,248
07.11.2021;20:00;CET;21:00;CET;8,057
07.11.2021;21:00;CET;22:00;CET;7,665
07.11.2021;22:00;CET;23:00;CET;7,633
07.11.2021;23:00;CET;00:00;CET;7,661
08.11.2021;00:00;CET;01:00;CET;5,539
08.11.2021;01:00;CET;02:00;CET;5,794
08.11.2021;02:00;CET;03:00;CET;6,295
08.11.2021;03:00;CET;04:00;CET;6
08.11.2021;04:00;CET;05:00;CET;6,092
08.11.2021;05:00;CET;06:00;CET;7,497
08.11.2021;06:00;CET;07:00;CET;17,39
08.11.2021;07:00;CET;08:00;CET;22,115
08.11.2021;08:00;CET;09:00;CET;21,408
08.11.2021;09:00;CET;10:00;CET;19,995
08.11.2021;10:00;CET;11:00;CET;19,017
08.11.2021;11:00;CET;12:00;CET;18,859
08.11.2021;12:00;CET;13:00;CET;20,233
08.11.2021;13:00;CET;14:00;CET;21,458
08.11.2021;14:00;CET;15:00;CET;21,296
08.11.2021;15:00;CET;16:00;CET;22,009
08.11.2021;16:00;CET;17:00;CET;22,96
08.11.2021;17:00;CET;18:00;CET;29,036
08.11.2021;18:00;CET;19:00;CET;29,99
08.11.2021;19:00;CET;20:00;CET;27
08.11.2021;20:00;CET;21:00;CET;22,22
08.11.2021;21:00;CET;22:00;CET;20,5
08.11.2021;22:00;CET;23:00;CET;17,3
08.11.2021;23:00;CET;00:00;CET;15,789
09.11.2021;00:00;CET;01:00;CET;15,301
09.11.2021;01:00;CET;02:00;CET;15,285
09.11.2021;02:00;CET;03:00;CET;15,101
09.11.2021;03:00;CET;04:00;CET;14,536
09.11.2021;04:00;CET;05:00;CET;14,55
09.11.2021;05:00;CET;06:00;CET;15,287
09.11.2021;06:00;CET;07:00;CET;19
09.11.2021;07:00;CET;08:00;CET;22,388
09.11.2021;08:00;CET;09:00;CET;21,558
09.11.2021;09:00;CET;10:00;CET;19,009
09.11.2021;10:00;CET;11:00;CET;15,187
09.11.2021;11:00;CET;12:00;CET;13,503
09.11.2021;12:00;CET;13:00;CET;12,008
09.11.2021;13:00;CET;14:00;CET;12,746
09.11.2021;14:00;CET;15:00;CET;14,701
09.11.2021;15:00;CET;16:00;CET;17
09.11.2021;16:00;CET;17:00;CET;20,39
09.11.2021;17:00;CET;18:00;CET;22,367
09.11.2021;18:00;CET;19:00;CET;19
09.11.2021;19:00;CET;20:00;CET;18,456
09.11.2021;20:00;CET;21:00;CET;14,162
09.11.2021;21:00;CET;22:00;CET;14,172
09.11.2021;22:00;CET;23:00;CET;13,814
09.11.2021;23:00;CET;00:00;CET;12,006
10.11.2021;00:00;CET;01:00;CET;9,374
10.11.2021;01:00;CET;02:00;CET;9,495
10.11.2021;02:00;CET;03:00;CET;9,486
10.11.2021;03:00;CET;04:00;CET;9,595
10.11.2021;04:00;CET;05:00;CET;11,55
10.11.2021;05:00;CET;06:00;CET;14,005
10.11.2021;06:00;CET;07:00;CET;17,5
10.11.2021;07:00;CET;08:00;CET;20,498
10.11.2021;08:00;CET;09:00;CET;20,01
10.11.2021;09:00;CET;10:00;CET;15,606
10.11.2021;10:00;CET;11:00;CET;14,814
10.11.2021;11:00;CET;12:00;CET;15,02
10.11.2021;12:00;CET;13:00;CET;15,421
10.11.2021;13:00;CET;14:00;CET;16,883
10.11.2021;14:00;CET;15:00;CET;21,193
10.11.2021;15:00;CET;16:00;CET;23,662
10.11.2021;16:00;CET;17:00;CET;25,006
10.11.2021;17:00;CET;18:00;CET;29,5
10.11.2021;18:00;CET;19:00;CET;27,505
10.11.2021;19:00;CET;20:00;CET;23
10.11.2021;20:00;CET;21:00;CET;21,993
10.11.2021;21:00;CET;22:00;CET;19,367
10.11.2021;22:00;CET;23:00;CET;16,99
10.11.2021;23:00;CET;00:00;CET;15,55
11.11.2021;00:00;CET;01:00;CET;16,803
11.11.2021;01:00;CET;02:00;CET;16,136
11.11.2021;02:00;CET;03:00;CET;16
11.11.2021;03:00;CET;04:00;CET;15,25
11.11.2021;04:00;CET;05:00;CET;15,5
11.11.2021;05:00;CET;06:00;CET;16,009
11.11.2021;06:00;CET;07:00;CET;18,387
11.11.2021;07:00;CET;08:00;CET;21,4
11.11.2021;08:00;CET;09:00;CET;21,994
11.11.2021;09:00;CET;10:00;CET;21,595
11.11.2021;10:00;CET;11:00;CET;19,92
11.11.2021;11:00;CET;12:00;CET;16,88
11.11.2021;12:00;CET;13:00;CET;15,958
11.11.2021;13:00;CET;14:00;CET;16,704
11.11.2021;14:00;CET;15:00;CET;18,454
11.11.2021;15:00;CET;16:00;CET;20,137
11.11.2021;16:00;CET;17:00;CET;21,959
11.11.2021;17:00;CET;18:00;CET;24,002
11.11.2021;18:00;CET;19:00;CET;25,212
11.11.2021;19:00;CET;20:00;CET;23,209
11.11.2021;20:00;CET;21:00;CET;21,8
11.11.2021;21:00;CET;22:00;CET;20,1
11.11.2021;22:00;CET;23:00;CET;18,001
11.11.2021;23:00;CET;00:00;CET;15,614
12.11.2021;00:00;CET;01:00;CET;16,772
12.11.2021;01:00;CET;02:00;CET;16,425
12.11.2021;02:00;CET;03:00;CET;16,216
12.11.2021;03:00;CET;04:00;CET;15,3
12.11.2021;04:00;CET;05:00;CET;15,502
12.11.2021;05:00;CET;06:00;CET;15,599
12.11.2021;06:00;CET;07:00;CET;18,059
12.11.2021;07:00;CET;08:00;CET;21,286
12.11.2021;08:00;CET;09:00;CET;21,477
12.11.2021;09:00;CET;10:00;CET;20,767
12.11.2021;10:00;CET;11:00;CET;19,161
12.11.2021;11:00;CET;12:00;CET;17,994
12.11.2021;12:00;CET;13:00;CET;16,469
12.11.2021;13:00;CET;14:00;CET;15,681
12.11.2021;14:00;CET;15:00;CET;15,655
12.11.2021;15:00;CET;16:00;CET;17,999
12.11.2021;16:00;CET;17:00;CET;18,509
12.11.2021;17:00;CET;18:00;CET;21,12
12.11.2021;18:00;CET;19:00;CET;19,323
12.11.2021;19:00;CET;20:00;CET;14,519
12.11.2021;20:00;CET;21:00;CET;15,711
12.11.2021;21:00;CET;22:00;CET;10,911
12.11.2021;22:00;CET;23:00;CET;10,954
12.11.2021;23:00;CET;00:00;CET;9,142
13.11.2021;00:00;CET;01:00;CET;9,9
13.11.2021;01:00;CET;02:00;CET;9,265
13.11.2021;02:00;CET;03:00;CET;9,7
13.11.2021;03:00;CET;04:00;CET;10,702
13.11.2021;04:00;CET;05:00;CET;11,16
13.11.2021;05:00;CET;06:00;CET;9,936
13.11.2021;06:00;CET;07:00;CET;12,364
13.11.2021;07:00;CET;08:00;CET;15,531
13.11.2021;08:00;CET;09:00;CET;15,12
13.11.2021;09:00;CET;10:00;CET;16,175
13.11.2021;10:00;CET;11:00;CET;17,389
13.11.2021;11:00;CET;12:00;CET;17,747
13.11.2021;12:00;CET;13:00;CET;17,75
13.11.2021;13:00;CET;14:00;CET;17,652
13.11.2021;14:00;CET;15:00;CET;17,652
13.11.2021;15:00;CET;16:00;CET;17,652
13.11.2021;16:00;CET;17:00;CET;18,06
13.11.2021;17:00;CET;18:00;CET;21
13.11.2021;18:00;CET;19:00;CET;22
13.11.2021;19:00;CET;20:00;CET;21,389
13.11.2021;20:00;CET;21:00;CET;18,4
13.11.2021;21:00;CET;22:00;CET;16,849
13.11.2021;22:00;CET;23:00;CET;16,882
13.11.2021;23:00;CET;00:00;CET;16,279
14.11.2021;00:00;CET;01:00;CET;18,473
14.11.2021;01:00;CET;02:00;CET;17,003
14.11.2021;02:00;CET;03:00;CET;16,724
14.11.2021;03:00;CET;04:00;CET;15,551
14.11.2021;04:00;CET;05:00;CET;14,422
14.11.2021;05:00;CET;06:00;CET;14,135
14.11.2021;06:00;CET;07:00;CET;11,72
14.11.2021;07:00;CET;08:00;CET;15,992
14.11.2021;08:00;CET;09:00;CET;15,904
14.11.2021;09:00;CET;10:00;CET;17,007
14.11.2021;10:00;CET;11:00;CET;17,72
14.11.2021;11:00;CET;12:00;CET;17,893
14.11.2021;12:00;CET;13:00;CET;18,458
14.11.2021;13:00;CET;14:00;CET;17,002
14.11.2021;14:00;CET;15:00;CET;15,612
14.11.2021;15:00;CET;16:00;CET;16
14.11.2021;16:00;CET;17:00;CET;16,668
14.11.2021;17:00;CET;18:00;CET;19,794
14.11.2021;18:00;CET;19:00;CET;20,447
14.11.2021;19:00;CET;20:00;CET;20,621
14.11.2021;20:00;CET;21:00;CET;19,061
14.11.2021;21:00;CET;22:00;CET;16,868
14.11.2021;22:00;CET;23:00;CET;17,318
14.11.2021;23:00;CET;00:00;CET;15,916
15.11.2021;00:00;CET;01:00;CET;16,585
15.11.2021;01:00;CET;02:00;CET;15,89
15.11.2021;02:00;CET;03:00;CET;15,581
15.11.2021;03:00;CET;04:00;CET;15,135
15.11.2021;04:00;CET;05:00;CET;14,964
15.11.2021;05:00;CET;06:00;CET;16,392
15.11.2021;06:00;CET;07:00;CET;19,112
15.11.2021;07:00;CET;08:00;CET;24,535
15.11.2021;08:00;CET;09:00;CET;26,218
15.11.2021;09:00;CET;10:00;CET;26,5
15.11.2021;10:00;CET;11:00;CET;26,333
15.11.2021;11:00;CET;12:00;CET;26,89
15.11.2021;12:00;CET;13:00;CET;26,006
15.11.2021;13:00;CET;14:00;CET;25,81
15.11.2021;14:00;CET;15:00;CET;26,817
15.11.2021;15:00;CET;16:00;CET;26,599
15.11.2021;16:00;CET;17:00;CET;27,494
15.11.2021;17:00;CET;18:00;CET;30,001
15.11.2021;18:00;CET;19:00;CET;30
15.11.2021;19:00;CET;20:00;CET;27,257
15.11.2021;20:00;CET;21:00;CET;23,876
15.11.2021;21:00;CET;22:00;CET;21,779
15.11.2021;22:00;CET;23:00;CET;19,471
15.11.2021;23:00;CET;00:00;CET;17,854
16.11.2021;00:00;CET;01:00;CET;18,246
16.11.2021;01:00;CET;02:00;CET;16,737
16.11.2021;02:00;CET;03:00;CET;16,257
16.11.2021;03:00;CET;04:00;CET;16,001
16.11.2021;04:00;CET;05:00;CET;15,783
16.11.2021;05:00;CET;06:00;CET;17,814
16.11.2021;06:00;CET;07:00;CET;22,035
16.11.2021;07:00;CET;08:00;CET;27,834
16.11.2021;08:00;CET;09:00;CET;28,006
16.11.2021;09:00;CET;10:00;CET;28,003
16.11.2021;10:00;CET;11:00;CET;27,4
16.11.2021;11:00;CET;12:00;CET;27,805
16.11.2021;12:00;CET;13:00;CET;28
16.11.2021;13:00;CET;14:00;CET;28,053
16.11.2021;14:00;CET;15:00;CET;27,909
16.11.2021;15:00;CET;16:00;CET;28,03
16.11.2021;16:00;CET;17:00;CET;28,003
16.11.2021;17:00;CET;18:00;CET;30,1
16.11.2021;18:00;CET;19:00;CET;29,698
16.11.2021;19:00;CET;20:00;CET;27,91
16.11.2021;20:00;CET;21:00;CET;25
16.11.2021;21:00;CET;22:00;CET;20,874
16.11.2021;22:00;CET;23:00;CET;17,98
16.11.2021;23:00;CET;00:00;CET;16,438
17.11.2021;00:00;CET;01:00;CET;19,401
17.11.2021;01:00;CET;02:00;CET;17,954
17.11.2021;02:00;CET;03:00;CET;17,079
17.11.2021;03:00;CET;04:00;CET;16,009
17.11.2021;04:00;CET;05:00;CET;16,322
17.11.2021;05:00;CET;06:00;CET;15,657
17.11.2021;06:00;CET;07:00;CET;18,1
17.11.2021;07:00;CET;08:00;CET;22,625
17.11.2021;08:00;CET;09:00;CET;23,205
17.11.2021;09:00;CET;10:00;CET;23,88
17.11.2021;10:00;CET;11:00;CET;23,304
17.11.2021;11:00;CET;12:00;CET;22,399
17.11.2021;12:00;CET;13:00;CET;21,711
17.11.2021;13:00;CET;14:00;CET;20,5
17.11.2021;14:00;CET;15:00;CET;18,327
17.11.2021;15:00;CET;16:00;CET;20,06
17.11.2021;16:00;CET;17:00;CET;17,794
17.11.2021;17:00;CET;18:00;CET;20,212
17.11.2021;18:00;CET;19:00;CET;18,909
17.11.2021;19:00;CET;20:00;CET;17,021
17.11.2021;20:00;CET;21:00;CET;13,301
17.11.2021;21:00;CET;22:00;CET;9,998
17.11.2021;22:00;CET;23:00;CET;11,048
17.11.2021;23:00;CET;00:00;CET;8,622
18.11.2021;00:00;CET;01:00;CET;10,01
18.11.2021;01:00;CET;02:00;CET;8,707
18.11.2021;02:00;CET;03:00;CET;8,706
18.11.2021;03:00;CET;04:00;CET;9,556
18.11.2021;04:00;CET;05:00;CET;11,001
18.11.2021;05:00;CET;06:00;CET;11,169
18.11.2021;06:00;CET;07:00;CET;15,714
18.11.2021;07:00;CET;08:00;CET;21,661
18.11.2021;08:00;CET;09:00;CET;24,31
18.11.2021;09:00;CET;10:00;CET;21,002
18.11.2021;10:00;CET;11:00;CET;19,467
18.11.2021;11:00;CET;12:00;CET;17,299
18.11.2021;12:00;CET;13:00;CET;15,95
18.11.2021;13:00;CET;14:00;CET;15,5
18.11.2021;14:00;CET;15:00;CET;14,865
18.11.2021;15:00;CET;16:00;CET;15,73
18.11.2021;16:00;CET;17:00;CET;15,825
18.11.2021;17:00;CET;18:00;CET;15,827
18.11.2021;18:00;CET;19:00;CET;15
18.11.2021;19:00;CET;20:00;CET;13,398
18.11.2021;20:00;CET;21:00;CET;9,689
18.11.2021;21:00;CET;22:00;CET;8,365
18.11.2021;22:00;CET;23:00;CET;9,159
18.11.2021;23:00;CET;00:00;CET;7,859
19.11.2021;00:00;CET;01:00;CET;7,181
19.11.2021;01:00;CET;02:00;CET;6,455
19.11.2021;02:00;CET;03:00;CET;6,458
19.11.2021;03:00;CET;04:00;CET;6,684
19.11.2021;04:00;CET;05:00;CET;7,605
19.11.2021;05:00;CET;06:00;CET;8,024
19.11.2021;06:00;CET;07:00;CET;11,009
19.11.2021;07:00;CET;08:00;CET;13,975
19.11.2021;08:00;CET;09:00;CET;16,361
19.11.2021;09:00;CET;10:00;CET;17,1
19.11.2021;10:00;CET;11:00;CET;16,994
19.11.2021;11:00;CET;12:00;CET;17,131
19.11.2021;12:00;CET;13:00;CET;16,534
19.11.2021;13:00;CET;14:00;CET;15,423
19.11.2021;14:00;CET;15:00;CET;16,262
19.11.2021;15:00;CET;16:00;CET;17,008
19.11.2021;16:00;CET;17:00;CET;16,734
19.11.2021;17:00;CET;18:00;CET;19,197
19.11.2021;18:00;CET;19:00;CET;19,37
19.11.2021;19:00;CET;20:00;CET;16,935
19.11.2021;20:00;CET;21:00;CET;12,282
19.11.2021;21:00;CET;22:00;CET;11,204
19.11.2021;22:00;CET;23:00;CET;10,495
19.11.2021;23:00;CET;00:00;CET;9,5
20.11.2021;00:00;CET;01:00;CET;10,701
20.11.2021;01:00;CET;02:00;CET;9,064
20.11.2021;02:00;CET;03:00;CET;8,692
20.11.2021;03:00;CET;04:00;CET;8,85
20.11.2021;04:00;CET;05:00;CET;9,213
20.11.2021;05:00;CET;06:00;CET;9,755
20.11.2021;06:00;CET;07:00;CET;8,868
20.11.2021;07:00;CET;08:00;CET;10,64
20.11.2021;08:00;CET;09:00;CET;11,425
20.11.2021;09:00;CET;10:00;CET;14,479
20.11.2021;10:00;CET;11:00;CET;12,791
20.11.2021;11:00;CET;12:00;CET;11,824
20.11.2021;12:00;CET;13:00;CET;11,005
20.11.2021;13:00;CET;14:00;CET;8,864
20.11.2021;14:00;CET;15:00;CET;12,239
20.11.2021;15:00;CET;16:00;CET;11,285
20.11.2021;16:00;CET;17:00;CET;12,716
20.11.2021;17:00;CET;18:00;CET;19,997
20.11.2021;18:00;CET;19:00;CET;16,644
20.11.2021;19:00;CET;20:00;CET;11,287
20.11.2021;20:00;CET;21:00;CET;8,861
20.11.2021;21:00;CET;22:00;CET;8,32
20.11.2021;22:00;CET;23:00;CET;8,501
20.11.2021;23:00;CET;00:00;CET;8,501
21.11.2021;00:00;CET;01:00;CET;7,261
21.11.2021;01:00;CET;02:00;CET;7,899
21.11.2021;02:00;CET;03:00;CET;7,744
21.11.2021;03:00;CET;04:00;CET;7,74
21.11.2021;04:00;CET;05:00;CET;7,906
21.11.2021;05:00;CET;06:00;CET;8,235
21.11.2021;06:00;CET;07:00;CET;7,747
21.11.2021;07:00;CET;08:00;CET;8,031
21.11.2021;08:00;CET;09:00;CET;9,818
21.11.2021;09:00;CET;10:00;CET;12,499
21.11.2021;10:00;CET;11:00;CET;16,538
21.11.2021;11:00;CET;12:00;CET;19,86
21.11.2021;12:00;CET;13:00;CET;19,038
21.11.2021;13:00;CET;14:00;CET;17,354
21.11.2021;14:00;CET;15:00;CET;18,087
21.11.2021;15:00;CET;16:00;CET;19,8
21.11.2021;16:00;CET;17:00;CET;21,363
21.11.2021;17:00;CET;18:00;CET;24
21.11.2021;18:00;CET;19:00;CET;24,776
21.11.2021;19:00;CET;20:00;CET;22,5
21.11.2021;20:00;CET;21:00;CET;18,5
21.11.2021;21:00;CET;22:00;CET;14,539
21.11.2021;22:00;CET;23:00;CET;14,688
21.11.2021;23:00;CET;00:00;CET;11,682
22.11.2021;00:00;CET;01:00;CET;17,586
22.11.2021;01:00;CET;02:00;CET;15,808
22.11.2021;02:00;CET;03:00;CET;14,491
22.11.2021;03:00;CET;04:00;CET;13,767
22.11.2021;04:00;CET;05:00;CET;15,445
22.11.2021;05:00;CET;06:00;CET;16,9
22.11.2021;06:00;CET;07:00;CET;23,978
22.11.2021;07:00;CET;08:00;CET;28,956
22.11.2021;08:00;CET;09:00;CET;30,005
22.11.2021;09:00;CET;10:00;CET;29,822
22.11.2021;10:00;CET;11:00;CET;28,962
22.11.2021;11:00;CET;12:00;CET;26,495
22.11.2021;12:00;CET;13:00;CET;24,807
22.11.2021;13:00;CET;14:00;CET;24,928
22.11.2021;14:00;CET;15:00;CET;25,653
22.11.2021;15:00;CET;16:00;CET;27,947
22.11.2021;16:00;CET;17:00;CET;28,851
22.11.2021;17:00;CET;18:00;CET;31,887
22.11.2021;18:00;CET;19:00;CET;30,2
22.11.2021;19:00;CET;20:00;CET;25,439
22.11.2021;20:00;CET;21:00;CET;23,292
22.11.2021;21:00;CET;22:00;CET;20,211
22.11.2021;22:00;CET;23:00;CET;20,226
22.11.2021;23:00;CET;00:00;CET;13,943
23.11.2021;00:00;CET;01:00;CET;16,84
23.11.2021;01:00;CET;02:00;CET;15,798
23.11.2021;02:00;CET;03:00;CET;14,335
23.11.2021;03:00;CET;04:00;CET;14,237
23.11.2021;04:00;CET;05:00;CET;16
23.11.2021;05:00;CET;06:00;CET;17,234
23.11.2021;06:00;CET;07:00;CET;19,316
23.11.2021;07:00;CET;08:00;CET;25,418
23.11.2021;08:00;CET;09:00;CET;29
23.11.2021;09:00;CET;10:00;CET;27,899
23.11.2021;10:00;CET;11:00;CET;26,022
23.11.2021;11:00;CET;12:00;CET;25,755
23.11.2021;12:00;CET;13:00;CET;24,802
23.11.2021;13:00;CET;14:00;CET;25,807
23.11.2021;14:00;CET;15:00;CET;27,869
23.11.2021;15:00;CET;16:00;CET;30
23.11.2021;16:00;CET;17:00;CET;31,734
23.11.2021;17:00;CET;18:00;CET;34,821
23.11.2021;18:00;CET;19:00;CET;34,213
23.11.2021;19:00;CET;20:00;CET;30
23.11.2021;20:00;CET;21:00;CET;27,964
23.11.2021;21:00;CET;22:00;CET;23,536
23.11.2021;22:00;CET;23:00;CET;21,885
23.11.2021;23:00;CET;00:00;CET;20,004
24.11.2021;00:00;CET;01:00;CET;19,006
24.11.2021;01:00;CET;02:00;CET;18,481
24.11.2021;02:00;CET;03:00;CET;17,816
24.11.2021;03:00;CET;04:00;CET;17,162
24.11.2021;04:00;CET;05:00;CET;19,115
24.11.2021;05:00;CET;06:00;CET;20,506
24.11.2021;06:00;CET;07:00;CET;22,508
24.11.2021;07:00;CET;08:00;CET;30,588
24.11.2021;08:00;CET;09:00;CET;34,498
24.11.2021;09:00;CET;10:00;CET;33,002
24.11.2021;10:00;CET;11:00;CET;32,135
24.11.2021;11:00;CET;12:00;CET;31,305
24.11.2021;12:00;CET;13:00;CET;29,999
24.11.2021;13:00;CET;14:00;CET;30
24.11.2021;14:00;CET;15:00;CET;32,8
24.11.2021;15:00;CET;16:00;CET;34,218
24.11.2021;16:00;CET;17:00;CET;35,092
24.11.2021;17:00;CET;18:00;CET;38,5
24.11.2021;18:00;CET;19:00;CET;34,5
24.11.2021;19:00;CET;20:00;CET;31,909
24.11.2021;20:00;CET;21:00;CET;28,342
24.11.2021;21:00;CET;22:00;CET;25,078
24.11.2021;22:00;CET;23:00;CET;21,667
24.11.2021;23:00;CET;00:00;CET;19,097
25.11.2021;00:00;CET;01:00;CET;20,003
25.11.2021;01:00;CET;02:00;CET;20,447
25.11.2021;02:00;CET;03:00;CET;19,352
25.11.2021;03:00;CET;04:00;CET;19,413
25.11.2021;04:00;CET;05:00;CET;20,709
25.11.2021;05:00;CET;06:00;CET;21,238
25.11.2021;06:00;CET;07:00;CET;28,109
25.11.2021;07:00;CET;08:00;CET;33
25.11.2021;08:00;CET;09:00;CET;35,211
25.11.2021;09:00;CET;10:00;CET;31
25.11.2021;10:00;CET;11:00;CET;29,493
25.11.2021;11:00;CET;12:00;CET;29,036
25.11.2021;12:00;CET;13:00;CET;29
25.11.2021;13:00;CET;14:00;CET;29,264
25.11.2021;14:00;CET;15:00;CET;29
25.11.2021;15:00;CET;16:00;CET;28,849
25.11.2021;16:00;CET;17:00;CET;28,291
25.11.2021;17:00;CET;18:00;CET;28,802
25.11.2021;18:00;CET;19:00;CET;26,069
25.11.2021;19:00;CET;20:00;CET;18,807
25.11.2021;20:00;CET;21:00;CET;15,244
25.11.2021;21:00;CET;22:00;CET;15,211
25.11.2021;22:00;CET;23:00;CET;15,528
25.11.2021;23:00;CET;00:00;CET;12,955
26.11.2021;00:00;CET;01:00;CET;15,545
26.11.2021;01:00;CET;02:00;CET;15,974
26.11.2021;02:00;CET;03:00;CET;14,881
26.11.2021;03:00;CET;04:00;CET;14,88
26.11.2021;04:00;CET;05:00;CET;15,37
26.11.2021;05:00;CET;06:00;CET;16,47
26.11.2021;06:00;CET;07:00;CET;21,33
26.11.2021;07:00;CET;08:00;CET;26,908
26.11.2021;08:00;CET;09:00;CET;28,899
26.11.2021;09:00;CET;10:00;CET;28,256
26.11.2021;10:00;CET;11:00;CET;27,253
26.11.2021;11:00;CET;12:00;CET;21,597
26.11.2021;12:00;CET;13:00;CET;23,44
26.11.2021;13:00;CET;14:00;CET;18,819
26.11.2021;14:00;CET;15:00;CET;18,282
26.11.2021;15:00;CET;16:00;CET;18,045
26.11.2021;16:00;CET;17:00;CET;19,138
26.11.2021;17:00;CET;18:00;CET;22,588
26.11.2021;18:00;CET;19:00;CET;18,206
26.11.2021;19:00;CET;20:00;CET;16,515
26.11.2021;20:00;CET;21:00;CET;15,01
26.11.2021;21:00;CET;22:00;CET;11,918
26.11.2021;22:00;CET;23:00;CET;11,866
26.11.2021;23:00;CET;00:00;CET;10,911
27.11.2021;00:00;CET;01:00;CET;13,008
27.11.2021;01:00;CET;02:00;CET;15,333
27.11.2021;02:00;CET;03:00;CET;15,14
27.11.2021;03:00;CET;04:00;CET;15,711
27.11.2021;04:00;CET;05:00;CET;16,049
27.11.2021;05:00;CET;06:00;CET;16,708
27.11.2021;06:00;CET;07:00;CET;16,916
27.11.2021;07:00;CET;08:00;CET;18,91
27.11.2021;08:00;CET;09:00;CET;20,939
27.11.2021;09:00;CET;10:00;CET;21,909
27.11.2021;10:00;CET;11:00;CET;22,213
27.11.2021;11:00;CET;12:00;CET;22,554
27.11.2021;12:00;CET;13:00;CET;21,909
27.11.2021;13:00;CET;14:00;CET;21,602
27.11.2021;14:00;CET;15:00;CET;21,89
27.11.2021;15:00;CET;16:00;CET;22,5
27.11.2021;16:00;CET;17:00;CET;23,126
27.11.2021;17:00;CET;18:00;CET;27,08
27.11.2021;18:00;CET;19:00;CET;26,596
27.11.2021;19:00;CET;20:00;CET;24
27.11.2021;20:00;CET;21:00;CET;21,329
27.11.2021;21:00;CET;22:00;CET;21,24
27.11.2021;22:00;CET;23:00;CET;20,408
27.11.2021;23:00;CET;00:00;CET;19,883
28.11.2021;00:00;CET;01:00;CET;19,395
28.11.2021;01:00;CET;02:00;CET;18,888
28.11.2021;02:00;CET;03:00;CET;18,812
28.11.2021;03:00;CET;04:00;CET;18,12
28.11.2021;04:00;CET;05:00;CET;17,6
28.11.2021;05:00;CET;06:00;CET;17,45
28.11.2021;06:00;CET;07:00;CET;18,14
28.11.2021;07:00;CET;08:00;CET;18,477
28.11.2021;08:00;CET;09:00;CET;18,599
28.11.2021;09:00;CET;10:00;CET;19,999
28.11.2021;10:00;CET;11:00;CET;20,301
28.11.2021;11:00;CET;12:00;CET;20,976
28.11.2021;12:00;CET;13:00;CET;21,007
28.11.2021;13:00;CET;14:00;CET;19,828
28.11.2021;14:00;CET;15:00;CET;19,834
28.11.2021;15:00;CET;16:00;CET;20,511
28.11.2021;16:00;CET;17:00;CET;21,703
28.11.2021;17:00;CET;18:00;CET;24,513
28.11.2021;18:00;CET;19:00;CET;24,794
28.11.2021;19:00;CET;20:00;CET;23,815
28.11.2021;20:00;CET;21:00;CET;21,663
28.11.2021;21:00;CET;22:00;CET;20,469
28.11.2021;22:00;CET;23:00;CET;20,18
28.11.2021;23:00;CET;00:00;CET;17,724
29.11.2021;00:00;CET;01:00;CET;15,539
29.11.2021;01:00;CET;02:00;CET;15,131
29.11.2021;02:00;CET;03:00;CET;14,113
29.11.2021;03:00;CET;04:00;CET;13,665
29.11.2021;04:00;CET;05:00;CET;14,339
29.11.2021;05:00;CET;06:00;CET;16,051
29.11.2021;06:00;CET;07:00;CET;22,107
29.11.2021;07:00;CET;08:00;CET;28,944
29.11.2021;08:00;CET;09:00;CET;33,114
29.11.2021;09:00;CET;10:00;CET;32,009
29.11.2021;10:00;CET;11:00;CET;29,583
29.11.2021;11:00;CET;12:00;CET;29,854
29.11.2021;12:00;CET;13:00;CET;29,903
29.11.2021;13:00;CET;14:00;CET;32,92
29.11.2021;14:00;CET;15:00;CET;34,277
29.11.2021;15:00;CET;16:00;CET;35,211
29.11.2021;16:00;CET;17:00;CET;36
29.11.2021;17:00;CET;18:00;CET;42,187
29.11.2021;18:00;CET;19:00;CET;41,013
29.11.2021;19:00;CET;20:00;CET;35,506
29.11.2021;20:00;CET;21:00;CET;31,016
29.11.2021;21:00;CET;22:00;CET;23,468
29.11.2021;22:00;CET;23:00;CET;19,353
29.11.2021;23:00;CET;00:00;CET;13,005
30.11.2021;00:00;CET;01:00;CET;11,39
30.11.2021;01:00;CET;02:00;CET;10,051
30.11.2021;02:00;CET;03:00;CET;9,193
30.11.2021;03:00;CET;04:00;CET;7,306
30.11.2021;04:00;CET;05:00;CET;6,482
30.11.2021;05:00;CET;06:00;CET;6,975
30.11.2021;06:00;CET;07:00;CET;7,156
30.11.2021;07:00;CET;08:00;CET;9,397
30.11.2021;08:00;CET;09:00;CET;9,239
30.11.2021;09:00;CET;10:00;CET;9,465
30.11.2021;10:00;CET;11:00;CET;9,668
30.11.2021;11:00;CET;12:00;CET;10,844
30.11.2021;12:00;CET;13:00;CET;11,219
30.11.2021;13:00;CET;14:00;CET;11,005
30.11.2021;14:00;CET;15:00;CET;11,295
30.11.2021;15:00;CET;16:00;CET;12,491
30.11.2021;16:00;CET;17:00;CET;13,18
30.11.2021;17:00;CET;18:00;CET;18,728
30.11.2021;18:00;CET;19:00;CET;22,892
30.11.2021;19:00;CET;20:00;CET;23,26
30.11.2021;20:00;CET;21:00;CET;21,506
30.11.2021;21:00;CET;22:00;CET;17,189
30.11.2021;22:00;CET;23:00;CET;14,589
30.11.2021;23:00;CET;00:00;CET;12,694
01.12.2021;00:00;CET;01:00;CET;12,725
01.12.2021;01:00;CET;02:00;CET;10,7
01.12.2021;02:00;CET;03:00;CET;9,739
01.12.2021;03:00;CET;04:00;CET;9,397
01.12.2021;04:00;CET;05:00;CET;8,686
01.12.2021;05:00;CET;06:00;CET;9,427
01.12.2021;06:00;CET;07:00;CET;11,582
01.12.2021;07:00;CET;08:00;CET;11,001
01.12.2021;08:00;CET;09:00;CET;10,393
01.12.2021;09:00;CET;10:00;CET;9,43
01.12.2021;10:00;CET;11:00;CET;8,688
01.12.2021;11:00;CET;12:00;CET;8,689
01.12.2021;12:00;CET;13:00;CET;8,47
01.12.2021;13:00;CET;14:00;CET;8,591
01.12.2021;14:00;CET;15:00;CET;8,593
01.12.2021;15:00;CET;16:00;CET;8,467
01.12.2021;16:00;CET;17:00;CET;8,774
01.12.2021;17:00;CET;18:00;CET;9,676
01.12.2021;18:00;CET;19:00;CET;9,053
01.12.2021;19:00;CET;20:00;CET;7,699
01.12.2021;20:00;CET;21:00;CET;7,12
01.12.2021;21:00;CET;22:00;CET;7,043
01.12.2021;22:00;CET;23:00;CET;7,35
01.12.2021;23:00;CET;00:00;CET;7,117
02.12.2021;00:00;CET;01:00;CET;3,698
02.12.2021;01:00;CET;02:00;CET;2,872
02.12.2021;02:00;CET;03:00;CET;3,708
02.12.2021;03:00;CET;04:00;CET;6,376
02.12.2021;04:00;CET;05:00;CET;7,615
02.12.2021;05:00;CET;06:00;CET;9,263
02.12.2021;06:00;CET;07:00;CET;15,965
02.12.2021;07:00;CET;08:00;CET;20,725
02.12.2021;08:00;CET;09:00;CET;23,49
02.12.2021;09:00;CET;10:00;CET;23,375
02.12.2021;10:00;CET;11:00;CET;20,804
02.12.2021;11:00;CET;12:00;CET;22,829
02.12.2021;12:00;CET;13:00;CET;23,213
02.12.2021;13:00;CET;14:00;CET;23,386
02.12.2021;14:00;CET;15:00;CET;25,809
02.12.2021;15:00;CET;16:00;CET;30,496
02.12.2021;16:00;CET;17:00;CET;32,782
02.12.2021;17:00;CET;18:00;CET;35,498
02.12.2021;18:00;CET;19:00;CET;33
02.12.2021;19:00;CET;20:00;CET;28,398
02.12.2021;20:00;CET;21:00;CET;22,885
02.12.2021;21:00;CET;22:00;CET;20,308
02.12.2021;22:00;CET;23:00;CET;18,354
02.12.2021;23:00;CET;00:00;CET;13,249
03.12.2021;00:00;CET;01:00;CET;15,393
03.12.2021;01:00;CET;02:00;CET;12,499
03.12.2021;02:00;CET;03:00;CET;11,809
03.12.2021;03:00;CET;04:00;CET;11,139
03.12.2021;04:00;CET;05:00;CET;11,502
03.12.2021;05:00;CET;06:00;CET;13,073
03.12.2021;06:00;CET;07:00;CET;16,995
03.12.2021;07:00;CET;08:00;CET;24,208
03.12.2021;08:00;CET;09:00;CET;25,641
03.12.2021;09:00;CET;10:00;CET;21,752
03.12.2021;10:00;CET;11:00;CET;17,996
03.12.2021;11:00;CET;12:00;CET;15,992
03.12.2021;12:00;CET;13:00;CET;14,001
03.12.2021;13:00;CET;14:00;CET;14,08
03.12.2021;14:00;CET;15:00;CET;13,823
03.12.2021;15:00;CET;16:00;CET;14,372
03.12.2021;16:00;CET;17:00;CET;15,998
03.12.2021;17:00;CET;18:00;CET;17,003
03.12.2021;18:00;CET;19:00;CET;13,825
03.12.2021;19:00;CET;20:00;CET;13,03
03.12.2021;20:00;CET;21:00;CET;11,522
03.12.2021;21:00;CET;22:00;CET;11,671
03.12.2021;22:00;CET;23:00;CET;11,959
03.12.2021;23:00;CET;00:00;CET;10,648
04.12.2021;00:00;CET;01:00;CET;12,506
04.12.2021;01:00;CET;02:00;CET;12,528
04.12.2021;02:00;CET;03:00;CET;17,146
04.12.2021;03:00;CET;04:00;CET;18,5
04.12.2021;04:00;CET;05:00;CET;18,501
04.12.2021;05:00;CET;06:00;CET;18,379
04.12.2021;06:00;CET;07:00;CET;18,76
04.12.2021;07:00;CET;08:00;CET;20,5
04.12.2021;08:00;CET;09:00;CET;22,279
04.12.2021;09:00;CET;10:00;CET;23,501
04.12.2021;10:00;CET;11:00;CET;23,955
04.12.2021;11:00;CET;12:00;CET;23,501
04.12.2021;12:00;CET;13:00;CET;23,792
04.12.2021;13:00;CET;14:00;CET;22,2
04.12.2021;14:00;CET;15:00;CET;21,873
04.12.2021;15:00;CET;16:00;CET;21
04.12.2021;16:00;CET;17:00;CET;22,2
04.12.2021;17:00;CET;18:00;CET;24,305
04.12.2021;18:00;CET;19:00;CET;23,057
04.12.2021;19:00;CET;20:00;CET;19,677
04.12.2021;20:00;CET;21:00;CET;20,027
04.12.2021;21:00;CET;22:00;CET;15,771
04.12.2021;22:00;CET;23:00;CET;15,089
04.12.2021;23:00;CET;00:00;CET;11,986
05.12.2021;00:00;CET;01:00;CET;8,748
05.12.2021;01:00;CET;02:00;CET;8,792
05.12.2021;02:00;CET;03:00;CET;8,463
05.12.2021;03:00;CET;04:00;CET;8,099
05.12.2021;04:00;CET;05:00;CET;8,092
05.12.2021;05:00;CET;06:00;CET;8,477
05.12.2021;06:00;CET;07:00;CET;8,097
05.12.2021;07:00;CET;08:00;CET;9,19
05.12.2021;08:00;CET;09:00;CET;10,005
05.12.2021;09:00;CET;10:00;CET;12,143
05.12.2021;10:00;CET;11:00;CET;13,256
05.12.2021;11:00;CET;12:00;CET;21
05.12.2021;12:00;CET;13:00;CET;20,006
05.12.2021;13:00;CET;14:00;CET;19,756
05.12.2021;14:00;CET;15:00;CET;20,102
05.12.2021;15:00;CET;16:00;CET;20,978
05.12.2021;16:00;CET;17:00;CET;22,907
05.12.2021;17:00;CET;18:00;CET;25,691
05.12.2021;18:00;CET;19:00;CET;26
05.12.2021;19:00;CET;20:00;CET;22,098
05.12.2021;20:00;CET;21:00;CET;20,864
05.12.2021;21:00;CET;22:00;CET;19,538
05.12.2021;22:00;CET;23:00;CET;19,613
05.12.2021;23:00;CET;00:00;CET;16,592
06.12.2021;00:00;CET;01:00;CET;19,753
06.12.2021;01:00;CET;02:00;CET;18,257
06.12.2021;02:00;CET;03:00;CET;18,42
06.12.2021;03:00;CET;04:00;CET;17,412
06.12.2021;04:00;CET;05:00;CET;17,414
06.12.2021;05:00;CET;06:00;CET;18,195
06.12.2021;06:00;CET;07:00;CET;26,339
06.12.2021;07:00;CET;08:00;CET;34,81
06.12.2021;08:00;CET;09:00;CET;37,154
06.12.2021;09:00;CET;10:00;CET;36,367
06.12.2021;10:00;CET;11:00;CET;36
06.12.2021;11:00;CET;12:00;CET;35,301
06.12.2021;12:00;CET;13:00;CET;33,171
06.12.2021;13:00;CET;14:00;CET;31,513
06.12.2021;14:00;CET;15:00;CET;31,493
06.12.2021;15:00;CET;16:00;CET;31,707
06.12.2021;16:00;CET;17:00;CET;31,39
06.12.2021;17:00;CET;18:00;CET;31,364
06.12.2021;18:00;CET;19:00;CET;27,64
06.12.2021;19:00;CET;20:00;CET;25,002
06.12.2021;20:00;CET;21:00;CET;22,58
06.12.2021;21:00;CET;22:00;CET;19,9
06.12.2021;22:00;CET;23:00;CET;19,55
06.12.2021;23:00;CET;00:00;CET;16,21
07.12.2021;00:00;CET;01:00;CET;13,145
07.12.2021;01:00;CET;02:00;CET;11,995
07.12.2021;02:00;CET;03:00;CET;11,49
07.12.2021;03:00;CET;04:00;CET;11,461
07.12.2021;04:00;CET;05:00;CET;13,101
07.12.2021;05:00;CET;06:00;CET;14,545
07.12.2021;06:00;CET;07:00;CET;21,006
07.12.2021;07:00;CET;08:00;CET;28,001
07.12.2021;08:00;CET;09:00;CET;29,915
07.12.2021;09:00;CET;10:00;CET;29,499
07.12.2021;10:00;CET;11:00;CET;28,556
07.12.2021;11:00;CET;12:00;CET;29,175
07.12.2021;12:00;CET;13:00;CET;28,394
07.12.2021;13:00;CET;14:00;CET;28,017
07.12.2021;14:00;CET;15:00;CET;28,72
07.12.2021;15:00;CET;16:00;CET;29,262
07.12.2021;16:00;CET;17:00;CET;29,494
07.12.2021;17:00;CET;18:00;CET;27,996
07.12.2021;18:00;CET;19:00;CET;25,009
07.12.2021;19:00;CET;20:00;CET;21,097
07.12.2021;20:00;CET;21:00;CET;19,835
07.12.2021;21:00;CET;22:00;CET;17,743
07.12.2021;22:00;CET;23:00;CET;12,253
07.12.2021;23:00;CET;00:00;CET;9,136
08.12.2021;00:00;CET;01:00;CET;8,546
08.12.2021;01:00;CET;02:00;CET;7,764
08.12.2021;02:00;CET;03:00;CET;6,996
08.12.2021;03:00;CET;04:00;CET;6,608
08.12.2021;04:00;CET;05:00;CET;7,995
08.12.2021;05:00;CET;06:00;CET;9,202
08.12.2021;06:00;CET;07:00;CET;11,746
08.12.2021;07:00;CET;08:00;CET;17,428
08.12.2021;08:00;CET;09:00;CET;22,796
08.12.2021;09:00;CET;10:00;CET;22,292
08.12.2021;10:00;CET;11:00;CET;20,196
08.12.2021;11:00;CET;12:00;CET;20,498
08.12.2021;12:00;CET;13:00;CET;21,466
08.12.2021;13:00;CET;14:00;CET;22,001
08.12.2021;14:00;CET;15:00;CET;24,007
08.12.2021;15:00;CET;16:00;CET;24,719
08.12.2021;16:00;CET;17:00;CET;26,154
08.12.2021;17:00;CET;18:00;CET;29,2
08.12.2021;18:00;CET;19:00;CET;26,648
08.12.2021;19:00;CET;20:00;CET;25,2
08.12.2021;20:00;CET;21:00;CET;21,07
08.12.2021;21:00;CET;22:00;CET;19,67
08.12.2021;22:00;CET;23:00;CET;22,121
08.12.2021;23:00;CET;00:00;CET;17,421
09.12.2021;00:00;CET;01:00;CET;18,968
09.12.2021;01:00;CET;02:00;CET;19,474
09.12.2021;02:00;CET;03:00;CET;17,051
09.12.2021;03:00;CET;04:00;CET;18,107
09.12.2021;04:00;CET;05:00;CET;19,496
09.12.2021;05:00;CET;06:00;CET;19,683
09.12.2021;06:00;CET;07:00;CET;24,768
09.12.2021;07:00;CET;08:00;CET;30,82
09.12.2021;08:00;CET;09:00;CET;33,829
09.12.2021;09:00;CET;10:00;CET;34,62
09.12.2021;10:00;CET;11:00;CET;33,899
09.12.2021;11:00;CET;12:00;CET;34
09.12.2021;12:00;CET;13:00;CET;33,564
09.12.2021;13:00;CET;14:00;CET;33,451
09.12.2021;14:00;CET;15:00;CET;34,219
09.12.2021;15:00;CET;16:00;CET;34,3
09.12.2021;16:00;CET;17:00;CET;34,921
09.12.2021;17:00;CET;18:00;CET;35,569
09.12.2021;18:00;CET;19:00;CET;34,5
09.12.2021;19:00;CET;20:00;CET;31,63
09.12.2021;20:00;CET;21:00;CET;26,06
09.12.2021;21:00;CET;22:00;CET;22
09.12.2021;22:00;CET;23:00;CET;22,495
09.12.2021;23:00;CET;00:00;CET;19,497
10.12.2021;00:00;CET;01:00;CET;19,797
10.12.2021;01:00;CET;02:00;CET;17,533
10.12.2021;02:00;CET;03:00;CET;15,268
10.12.2021;03:00;CET;04:00;CET;14,678
10.12.2021;04:00;CET;05:00;CET;15,501
10.12.2021;05:00;CET;06:00;CET;20,002
10.12.2021;06:00;CET;07:00;CET;23,798
10.12.2021;07:00;CET;08:00;CET;28,283
10.12.2021;08:00;CET;09:00;CET;29,95
10.12.2021;09:00;CET;10:00;CET;29,081
10.12.2021;10:00;CET;11:00;CET;28,278
10.12.2021;11:00;CET;12:00;CET;26,649
10.12.2021;12:00;CET;13:00;CET;25,079
10.12.2021;13:00;CET;14:00;CET;24,51
10.12.2021;14:00;CET;15:00;CET;24,285
10.12.2021;15:00;CET;16:00;CET;25,461
10.12.2021;16:00;CET;17:00;CET;27,476
10.12.2021;17:00;CET;18:00;CET;30,004
10.12.2021;18:00;CET;19:00;CET;29,735
10.12.2021;19:00;CET;20:00;CET;26,541
10.12.2021;20:00;CET;21:00;CET;25,457
10.12.2021;21:00;CET;22:00;CET;23,428
10.12.2021;22:00;CET;23:00;CET;23,338
10.12.2021;23:00;CET;00:00;CET;21,341
11.12.2021;00:00;CET;01:00;CET;22,111
11.12.2021;01:00;CET;02:00;CET;21,353
11.12.2021;02:00;CET;03:00;CET;20,803
11.12.2021;03:00;CET;04:00;CET;20,66
11.12.2021;04:00;CET;05:00;CET;20,16
11.12.2021;05:00;CET;06:00;CET;20,67
11.12.2021;06:00;CET;07:00;CET;22,007
11.12.2021;07:00;CET;08:00;CET;24,39
11.12.2021;08:00;CET;09:00;CET;27,317
11.12.2021;09:00;CET;10:00;CET;29,498
11.12.2021;10:00;CET;11:00;CET;29,105
11.12.2021;11:00;CET;12:00;CET;29,414
11.12.2021;12:00;CET;13:00;CET;29,249
11.12.2021;13:00;CET;14:00;CET;25,351
11.12.2021;14:00;CET;15:00;CET;24,109
11.12.2021;15:00;CET;16:00;CET;24,707
11.12.2021;16:00;CET;17:00;CET;26,373
11.12.2021;17:00;CET;18:00;CET;28,159
11.12.2021;18:00;CET;19:00;CET;28,093
11.12.2021;19:00;CET;20:00;CET;23,435
11.12.2021;20:00;CET;21:00;CET;22,34
11.12.2021;21:00;CET;22:00;CET;19,837
11.12.2021;22:00;CET;23:00;CET;17,494
11.12.2021;23:00;CET;00:00;CET;13,001
12.12.2021;00:00;CET;01:00;CET;13,622
12.12.2021;01:00;CET;02:00;CET;12,05
12.12.2021;02:00;CET;03:00;CET;11,417
12.12.2021;03:00;CET;04:00;CET;10,992
12.12.2021;04:00;CET;05:00;CET;10,698
12.12.2021;05:00;CET;06:00;CET;10,59
12.12.2021;06:00;CET;07:00;CET;10,594
12.12.2021;07:00;CET;08:00;CET;10,827
12.12.2021;08:00;CET;09:00;CET;11,573
12.12.2021;09:00;CET;10:00;CET;13,619
12.12.2021;10:00;CET;11:00;CET;17,501
12.12.2021;11:00;CET;12:00;CET;20,5
12.12.2021;12:00;CET;13:00;CET;20,5
12.12.2021;13:00;CET;14:00;CET;19,583
12.12.2021;14:00;CET;15:00;CET;20,457
12.12.2021;15:00;CET;16:00;CET;23,108
12.12.2021;16:00;CET;17:00;CET;25,333
12.12.2021;17:00;CET;18:00;CET;28,2
12.12.2021;18:00;CET;19:00;CET;29,03
12.12.2021;19:00;CET;20:00;CET;26,864
12.12.2021;20:00;CET;21:00;CET;26,579
12.12.2021;21:00;CET;22:00;CET;23,363
12.12.2021;22:00;CET;23:00;CET;23,653
12.12.2021;23:00;CET;00:00;CET;18,838
13.12.2021;00:00;CET;01:00;CET;18,378
13.12.2021;01:00;CET;02:00;CET;15,662
13.12.2021;02:00;CET;03:00;CET;14,382
13.12.2021;03:00;CET;04:00;CET;13,781
13.12.2021;04:00;CET;05:00;CET;14,513
13.12.2021;05:00;CET;06:00;CET;15,711
13.12.2021;06:00;CET;07:00;CET;26,92
13.12.2021;07:00;CET;08:00;CET;31,361
13.12.2021;08:00;CET;09:00;CET;32,5
13.12.2021;09:00;CET;10:00;CET;33,319
13.12.2021;10:00;CET;11:00;CET;32,684
13.12.2021;11:00;CET;12:00;CET;32,493
13.12.2021;12:00;CET;13:00;CET;32,065
13.12.2021;13:00;CET;14:00;CET;32,06
13.12.2021;14:00;CET;15:00;CET;32,094
13.12.2021;15:00;CET;16:00;CET;32,225
13.12.2021;16:00;CET;17:00;CET;33,19
13.12.2021;17:00;CET;18:00;CET;35,373
13.12.2021;18:00;CET;19:00;CET;32,257
13.12.2021;19:00;CET;20:00;CET;31,579
13.12.2021;20:00;CET;21:00;CET;26,506
13.12.2021;21:00;CET;22:00;CET;23,275
13.12.2021;22:00;CET;23:00;CET;23,658
13.12.2021;23:00;CET;00:00;CET;19,204
14.12.2021;00:00;CET;01:00;CET;18,545
14.12.2021;01:00;CET;02:00;CET;16,014
14.12.2021;02:00;CET;03:00;CET;14,442
14.12.2021;03:00;CET;04:00;CET;14,493
14.12.2021;04:00;CET;05:00;CET;16,086
14.12.2021;05:00;CET;06:00;CET;19,733
14.12.2021;06:00;CET;07:00;CET;21,712
14.12.2021;07:00;CET;08:00;CET;32,008
14.12.2021;08:00;CET;09:00;CET;35,025
14.12.2021;09:00;CET;10:00;CET;36,412
14.12.2021;10:00;CET;11:00;CET;36,26
14.12.2021;11:00;CET;12:00;CET;37,001
14.12.2021;12:00;CET;13:00;CET;37,17
14.12.2021;13:00;CET;14:00;CET;37,047
14.12.2021;14:00;CET;15:00;CET;37,381
14.12.2021;15:00;CET;16:00;CET;37,267
14.12.2021;16:00;CET;17:00;CET;38
14.12.2021;17:00;CET;18:00;CET;40
14.12.2021;18:00;CET;19:00;CET;39,35
14.12.2021;19:00;CET;20:00;CET;35,992
14.12.2021;20:00;CET;21:00;CET;33,789
14.12.2021;21:00;CET;22:00;CET;28,877
14.12.2021;22:00;CET;23:00;CET;25,47
14.12.2021;23:00;CET;00:00;CET;21,889
15.12.2021;00:00;CET;01:00;CET;23,02
15.12.2021;01:00;CET;02:00;CET;21,48
15.12.2021;02:00;CET;03:00;CET;19,998
15.12.2021;03:00;CET;04:00;CET;18,501
15.12.2021;04:00;CET;05:00;CET;20,57
15.12.2021;05:00;CET;06:00;CET;23,72
15.12.2021;06:00;CET;07:00;CET;27,09
15.12.2021;07:00;CET;08:00;CET;33,832
15.12.2021;08:00;CET;09:00;CET;33,006
15.12.2021;09:00;CET;10:00;CET;33,009
15.12.2021;10:00;CET;11:00;CET;33,144
15.12.2021;11:00;CET;12:00;CET;33,078
15.12.2021;12:00;CET;13:00;CET;33,006
15.12.2021;13:00;CET;14:00;CET;32,994
15.12.2021;14:00;CET;15:00;CET;34,568
15.12.2021;15:00;CET;16:00;CET;34,992
15.12.2021;16:00;CET;17:00;CET;35,017
15.12.2021;17:00;CET;18:00;CET;40,2
15.12.2021;18:00;CET;19:00;CET;34,799
15.12.2021;19:00;CET;20:00;CET;33,234
15.12.2021;20:00;CET;21:00;CET;32,274
15.12.2021;21:00;CET;22:00;CET;25,678
15.12.2021;22:00;CET;23:00;CET;26,076
15.12.2021;23:00;CET;00:00;CET;25,195
16.12.2021;00:00;CET;01:00;CET;24,119
16.12.2021;01:00;CET;02:00;CET;23,105
16.12.2021;02:00;CET;03:00;CET;20,815
16.12.2021;03:00;CET;04:00;CET;23,062
16.12.2021;04:00;CET;05:00;CET;25,178
16.12.2021;05:00;CET;06:00;CET;26,649
16.12.2021;06:00;CET;07:00;CET;31,393
16.12.2021;07:00;CET;08:00;CET;40,356
16.12.2021;08:00;CET;09:00;CET;41,112
16.12.2021;09:00;CET;10:00;CET;41,68
16.12.2021;10:00;CET;11:00;CET;40,88
16.12.2021;11:00;CET;12:00;CET;40,419
16.12.2021;12:00;CET;13:00;CET;40,018
16.12.2021;13:00;CET;14:00;CET;39,063
16.12.2021;14:00;CET;15:00;CET;39,524
16.12.2021;15:00;CET;16:00;CET;39,972
16.12.2021;16:00;CET;17:00;CET;41,623
16.12.2021;17:00;CET;18:00;CET;42,5
16.12.2021;18:00;CET;19:00;CET;41,725
16.12.2021;19:00;CET;20:00;CET;40,457
16.12.2021;20:00;CET;21:00;CET;36,576
16.12.2021;21:00;CET;22:00;CET;31,856
16.12.2021;22:00;CET;23:00;CET;28,545
16.12.2021;23:00;CET;00:00;CET;25,7
17.12.2021;00:00;CET;01:00;CET;28,926
17.12.2021;01:00;CET;02:00;CET;26,302
17.12.2021;02:00;CET;03:00;CET;25,007
17.12.2021;03:00;CET;04:00;CET;24,073
17.12.2021;04:00;CET;05:00;CET;25
17.12.2021;05:00;CET;06:00;CET;27,009
17.12.2021;06:00;CET;07:00;CET;30,381
17.12.2021;07:00;CET;08:00;CET;39,1
17.12.2021;08:00;CET;09:00;CET;40,392
17.12.2021;09:00;CET;10:00;CET;40,392
17.12.2021;10:00;CET;11:00;CET;39,895
17.12.2021;11:00;CET;12:00;CET;39,246
17.12.2021;12:00;CET;13:00;CET;37,613
17.12.2021;13:00;CET;14:00;CET;35,171
17.12.2021;14:00;CET;15:00;CET;36,151
17.12.2021;15:00;CET;16:00;CET;39,21
17.12.2021;16:00;CET;17:00;CET;38,232
17.12.2021;17:00;CET;18:00;CET;39,73
17.12.2021;18:00;CET;19:00;CET;39,442
17.12.2021;19:00;CET;20:00;CET;39,01
17.12.2021;20:00;CET;21:00;CET;34,198
17.12.2021;21:00;CET;22:00;CET;30,678
17.12.2021;22:00;CET;23:00;CET;29,438
17.12.2021;23:00;CET;00:00;CET;26,94
18.12.2021;00:00;CET;01:00;CET;31,012
18.12.2021;01:00;CET;02:00;CET;27,821
18.12.2021;02:00;CET;03:00;CET;25,824
18.12.2021;03:00;CET;04:00;CET;26,989
18.12.2021;04:00;CET;05:00;CET;25,54
18.12.2021;05:00;CET;06:00;CET;23,785
18.12.2021;06:00;CET;07:00;CET;27,82
18.12.2021;07:00;CET;08:00;CET;29,96
18.12.2021;08:00;CET;09:00;CET;31,308
18.12.2021;09:00;CET;10:00;CET;33,528
18.12.2021;10:00;CET;11:00;CET;32,41
18.12.2021;11:00;CET;12:00;CET;31,269
18.12.2021;12:00;CET;13:00;CET;28,658
18.12.2021;13:00;CET;14:00;CET;28,716
18.12.2021;14:00;CET;15:00;CET;28,68
18.12.2021;15:00;CET;16:00;CET;27,47
18.12.2021;16:00;CET;17:00;CET;31,101
18.12.2021;17:00;CET;18:00;CET;33,253
18.12.2021;18:00;CET;19:00;CET;29,093
18.12.2021;19:00;CET;20:00;CET;19,99
18.12.2021;20:00;CET;21:00;CET;17,807
18.12.2021;21:00;CET;22:00;CET;12,771
18.12.2021;22:00;CET;23:00;CET;9,978
18.12.2021;23:00;CET;00:00;CET;8,049
19.12.2021;00:00;CET;01:00;CET;8,3
19.12.2021;01:00;CET;02:00;CET;7,192
19.12.2021;02:00;CET;03:00;CET;6,99
19.12.2021;03:00;CET;04:00;CET;5,007
19.12.2021;04:00;CET;05:00;CET;4,268
19.12.2021;05:00;CET;06:00;CET;3,085
19.12.2021;06:00;CET;07:00;CET;2,183
19.12.2021;07:00;CET;08:00;CET;5,996
19.12.2021;08:00;CET;09:00;CET;7,097
19.12.2021;09:00;CET;10:00;CET;8,603
19.12.2021;10:00;CET;11:00;CET;8,68
19.12.2021;11:00;CET;12:00;CET;10,761
19.12.2021;12:00;CET;13:00;CET;10,003
19.12.2021;13:00;CET;14:00;CET;8,578
19.12.2021;14:00;CET;15:00;CET;8,77
19.12.2021;15:00;CET;16:00;CET;9,999
19.12.2021;16:00;CET;17:00;CET;13,378
19.12.2021;17:00;CET;18:00;CET;18,181
19.12.2021;18:00;CET;19:00;CET;19,776
19.12.2021;19:00;CET;20:00;CET;20,409
19.12.2021;20:00;CET;21:00;CET;22,512
19.12.2021;21:00;CET;22:00;CET;23,901
19.12.2021;22:00;CET;23:00;CET;32,8
19.12.2021;23:00;CET;00:00;CET;20,747
20.12.2021;00:00;CET;01:00;CET;15,925
20.12.2021;01:00;CET;02:00;CET;15,205
20.12.2021;02:00;CET;03:00;CET;14,891
20.12.2021;03:00;CET;04:00;CET;14,551
20.12.2021;04:00;CET;05:00;CET;13,69
20.12.2021;05:00;CET;06:00;CET;13,827
20.12.2021;06:00;CET;07:00;CET;30,512
20.12.2021;07:00;CET;08:00;CET;39,695
20.12.2021;08:00;CET;09:00;CET;43,642
20.12.2021;09:00;CET;10:00;CET;41,003
20.12.2021;10:00;CET;11:00;CET;37,378
20.12.2021;11:00;CET;12:00;CET;36,485
20.12.2021;12:00;CET;13:00;CET;33,309
20.12.2021;13:00;CET;14:00;CET;36,835
20.12.2021;14:00;CET;15:00;CET;40,492
20.12.2021;15:00;CET;16:00;CET;42,882
20.12.2021;16:00;CET;17:00;CET;43,997
20.12.2021;17:00;CET;18:00;CET;46,008
20.12.2021;18:00;CET;19:00;CET;46,598
20.12.2021;19:00;CET;20:00;CET;44,273
20.12.2021;20:00;CET;21:00;CET;42,4
20.12.2021;21:00;CET;22:00;CET;37,318
20.12.2021;22:00;CET;23:00;CET;34,099
20.12.2021;23:00;CET;00:00;CET;30,274
21.12.2021;00:00;CET;01:00;CET;28,39
21.12.2021;01:00;CET;02:00;CET;29,809
21.12.2021;02:00;CET;03:00;CET;29,32
21.12.2021;03:00;CET;04:00;CET;29,414
21.12.2021;04:00;CET;05:00;CET;29,112
21.12.2021;05:00;CET;06:00;CET;32,248
21.12.2021;06:00;CET;07:00;CET;39,998
21.12.2021;07:00;CET;08:00;CET;47,102
21.12.2021;08:00;CET;09:00;CET;51,002
21.12.2021;09:00;CET;10:00;CET;51,358
21.12.2021;10:00;CET;11:00;CET;50,339
21.12.2021;11:00;CET;12:00;CET;48
21.12.2021;12:00;CET;13:00;CET;45,726
21.12.2021;13:00;CET;14:00;CET;46
21.12.2021;14:00;CET;15:00;CET;47,621
21.12.2021;15:00;CET;16:00;CET;50,513
21.12.2021;16:00;CET;17:00;CET;53,991
21.12.2021;17:00;CET;18:00;CET;62
21.12.2021;18:00;CET;19:00;CET;60,01
21.12.2021;19:00;CET;20:00;CET;52
21.12.2021;20:00;CET;21:00;CET;47,059
21.12.2021;21:00;CET;22:00;CET;40,825
21.12.2021;22:00;CET;23:00;CET;35,106
21.12.2021;23:00;CET;00:00;CET;29,797
22.12.2021;00:00;CET;01:00;CET;35,865
22.12.2021;01:00;CET;02:00;CET;34,819
22.12.2021;02:00;CET;03:00;CET;33,563
22.12.2021;03:00;CET;04:00;CET;31,755
22.12.2021;04:00;CET;05:00;CET;32,2
22.12.2021;05:00;CET;06:00;CET;35,328
22.12.2021;06:00;CET;07:00;CET;41,946
22.12.2021;07:00;CET;08:00;CET;50,534
22.12.2021;08:00;CET;09:00;CET;52,059
22.12.2021;09:00;CET;10:00;CET;50,693
22.12.2021;10:00;CET;11:00;CET;48,551
22.12.2021;11:00;CET;12:00;CET;42,925
22.12.2021;12:00;CET;13:00;CET;39,569
22.12.2021;13:00;CET;14:00;CET;40,054
22.12.2021;14:00;CET;15:00;CET;47,113
22.12.2021;15:00;CET;16:00;CET;49,943
22.12.2021;16:00;CET;17:00;CET;50,55
22.12.2021;17:00;CET;18:00;CET;52,92
22.12.2021;18:00;CET;19:00;CET;50,371
22.12.2021;19:00;CET;20:00;CET;45,028
22.12.2021;20:00;CET;21:00;CET;37,945
22.12.2021;21:00;CET;22:00;CET;34,788
22.12.2021;22:00;CET;23:00;CET;33,615
22.12.2021;23:00;CET;00:00;CET;28
23.12.2021;00:00;CET;01:00;CET;31,27
23.12.2021;01:00;CET;02:00;CET;30,051
23.12.2021;02:00;CET;03:00;CET;26,277
23.12.2021;03:00;CET;04:00;CET;25,551
23.12.2021;04:00;CET;05:00;CET;25,928
23.12.2021;05:00;CET;06:00;CET;32,756
23.12.2021;06:00;CET;07:00;CET;38,851
23.12.2021;07:00;CET;08:00;CET;41,701
23.12.2021;08:00;CET;09:00;CET;45,006
23.12.2021;09:00;CET;10:00;CET;42,04
23.12.2021;10:00;CET;11:00;CET;36,442
23.12.2021;11:00;CET;12:00;CET;38
23.12.2021;12:00;CET;13:00;CET;34,692
23.12.2021;13:00;CET;14:00;CET;30,026
23.12.2021;14:00;CET;15:00;CET;29,931
23.12.2021;15:00;CET;16:00;CET;30,681
23.12.2021;16:00;CET;17:00;CET;35
23.12.2021;17:00;CET;18:00;CET;35,504
23.12.2021;18:00;CET;19:00;CET;29,498
23.12.2021;19:00;CET;20:00;CET;23,093
23.12.2021;20:00;CET;21:00;CET;20,679
23.12.2021;21:00;CET;22:00;CET;15,05
23.12.2021;22:00;CET;23:00;CET;13,83
23.12.2021;23:00;CET;00:00;CET;9,885
24.12.2021;00:00;CET;01:00;CET;11,006
24.12.2021;01:00;CET;02:00;CET;9,851
24.12.2021;02:00;CET;03:00;CET;9,194
24.12.2021;03:00;CET;04:00;CET;10,017
24.12.2021;04:00;CET;05:00;CET;11,009
24.12.2021;05:00;CET;06:00;CET;11
24.12.2021;06:00;CET;07:00;CET;8,888
24.12.2021;07:00;CET;08:00;CET;15,8
24.12.2021;08:00;CET;09:00;CET;20,773
24.12.2021;09:00;CET;10:00;CET;20,181
24.12.2021;10:00;CET;11:00;CET;20,31
24.12.2021;11:00;CET;12:00;CET;23,42
24.12.2021;12:00;CET;13:00;CET;24,465
24.12.2021;13:00;CET;14:00;CET;22,094
24.12.2021;14:00;CET;15:00;CET;22,534
24.12.2021;15:00;CET;16:00;CET;22,865
24.12.2021;16:00;CET;17:00;CET;26,424
24.12.2021;17:00;CET;18:00;CET;27,857
24.12.2021;18:00;CET;19:00;CET;24,309
24.12.2021;19:00;CET;20:00;CET;24,883
24.12.2021;20:00;CET;21:00;CET;25
24.12.2021;21:00;CET;22:00;CET;26,703
24.12.2021;22:00;CET;23:00;CET;27,433
24.12.2021;23:00;CET;00:00;CET;24,885
25.12.2021;00:00;CET;01:00;CET;18,025
25.12.2021;01:00;CET;02:00;CET;15,715
25.12.2021;02:00;CET;03:00;CET;18,407
25.12.2021;03:00;CET;04:00;CET;16,222
25.12.2021;04:00;CET;05:00;CET;13,5
25.12.2021;05:00;CET;06:00;CET;12,531
25.12.2021;06:00;CET;07:00;CET;12,803
25.12.2021;07:00;CET;08:00;CET;14,246
25.12.2021;08:00;CET;09:00;CET;17,447
25.12.2021;09:00;CET;10:00;CET;20,655
25.12.2021;10:00;CET;11:00;CET;21,806
25.12.2021;11:00;CET;12:00;CET;22,718
25.12.2021;12:00;CET;13:00;CET;23,007
25.12.2021;13:00;CET;14:00;CET;22,188
25.12.2021;14:00;CET;15:00;CET;22,31
25.12.2021;15:00;CET;16:00;CET;22,6
25.12.2021;16:00;CET;17:00;CET;23,152
25.12.2021;17:00;CET;18:00;CET;24,481
25.12.2021;18:00;CET;19:00;CET;24,51
25.12.2021;19:00;CET;20:00;CET;23,222
25.12.2021;20:00;CET;21:00;CET;23,032
25.12.2021;21:00;CET;22:00;CET;22,457
25.12.2021;22:00;CET;23:00;CET;22,956
25.12.2021;23:00;CET;00:00;CET;17,912
26.12.2021;00:00;CET;01:00;CET;17,837
26.12.2021;01:00;CET;02:00;CET;15,686
26.12.2021;02:00;CET;03:00;CET;15,383
26.12.2021;03:00;CET;04:00;CET;13,326
26.12.2021;04:00;CET;05:00;CET;12,666
26.12.2021;05:00;CET;06:00;CET;13,024
26.12.2021;06:00;CET;07:00;CET;13,224
26.12.2021;07:00;CET;08:00;CET;16,25
26.12.2021;08:00;CET;09:00;CET;17,439
26.12.2021;09:00;CET;10:00;CET;18,594
26.12.2021;10:00;CET;11:00;CET;19,935
26.12.2021;11:00;CET;12:00;CET;20,281
26.12.2021;12:00;CET;13:00;CET;19,94
26.12.2021;13:00;CET;14:00;CET;19,373
26.12.2021;14:00;CET;15:00;CET;19,33
26.12.2021;15:00;CET;16:00;CET;19,339
26.12.2021;16:00;CET;17:00;CET;19,565
26.12.2021;17:00;CET;18:00;CET;21,755
26.12.2021;18:00;CET;19:00;CET;21,058
26.12.2021;19:00;CET;20:00;CET;20,775
26.12.2021;20:00;CET;21:00;CET;19,069
26.12.2021;21:00;CET;22:00;CET;15,549
26.12.2021;22:00;CET;23:00;CET;14,49
26.12.2021;23:00;CET;00:00;CET;10,008
27.12.2021;00:00;CET;01:00;CET;9,579
27.12.2021;01:00;CET;02:00;CET;8,623
27.12.2021;02:00;CET;03:00;CET;8,136
27.12.2021;03:00;CET;04:00;CET;7,896
27.12.2021;04:00;CET;05:00;CET;7,604
27.12.2021;05:00;CET;06:00;CET;9,753
27.12.2021;06:00;CET;07:00;CET;11,005
27.12.2021;07:00;CET;08:00;CET;13,411
27.12.2021;08:00;CET;09:00;CET;16,452
27.12.2021;09:00;CET;10:00;CET;19,817
27.12.2021;10:00;CET;11:00;CET;20,436
27.12.2021;11:00;CET;12:00;CET;19,904
27.12.2021;12:00;CET;13:00;CET;21,004
27.12.2021;13:00;CET;14:00;CET;20,018
27.12.2021;14:00;CET;15:00;CET;18,843
27.12.2021;15:00;CET;16:00;CET;18,606
27.12.2021;16:00;CET;17:00;CET;18,042
27.12.2021;17:00;CET;18:00;CET;20,5
27.12.2021;18:00;CET;19:00;CET;20,71
27.12.2021;19:00;CET;20:00;CET;19,605
27.12.2021;20:00;CET;21:00;CET;16,133
27.12.2021;21:00;CET;22:00;CET;11,105
27.12.2021;22:00;CET;23:00;CET;11,305
27.12.2021;23:00;CET;00:00;CET;8,7
28.12.2021;00:00;CET;01:00;CET;7,44
28.12.2021;01:00;CET;02:00;CET;5,999
28.12.2021;02:00;CET;03:00;CET;4,692
28.12.2021;03:00;CET;04:00;CET;3,622
28.12.2021;04:00;CET;05:00;CET;3,786
28.12.2021;05:00;CET;06:00;CET;4,86
28.12.2021;06:00;CET;07:00;CET;7,559
28.12.2021;07:00;CET;08:00;CET;10,196
28.12.2021;08:00;CET;09:00;CET;12,223
28.12.2021;09:00;CET;10:00;CET;14,296
28.12.2021;10:00;CET;11:00;CET;14,216
28.12.2021;11:00;CET;12:00;CET;13,516
28.12.2021;12:00;CET;13:00;CET;12,659
28.12.2021;13:00;CET;14:00;CET;11,536
28.12.2021;14:00;CET;15:00;CET;10,155
28.12.2021;15:00;CET;16:00;CET;9,095
28.12.2021;16:00;CET;17:00;CET;10,19
28.12.2021;17:00;CET;18:00;CET;13,9
28.12.2021;18:00;CET;19:00;CET;15,006
28.12.2021;19:00;CET;20:00;CET;14,989
28.12.2021;20:00;CET;21:00;CET;13,909
28.12.2021;21:00;CET;22:00;CET;12,522
28.12.2021;22:00;CET;23:00;CET;12,768
28.12.2021;23:00;CET;00:00;CET;11,008
29.12.2021;00:00;CET;01:00;CET;11,206
29.12.2021;01:00;CET;02:00;CET;9,327
29.12.2021;02:00;CET;03:00;CET;9,437
29.12.2021;03:00;CET;04:00;CET;9,082
29.12.2021;04:00;CET;05:00;CET;9,401
29.12.2021;05:00;CET;06:00;CET;11,763
29.12.2021;06:00;CET;07:00;CET;13,998
29.12.2021;07:00;CET;08:00;CET;18,8
29.12.2021;08:00;CET;09:00;CET;20
29.12.2021;09:00;CET;10:00;CET;20,345
29.12.2021;10:00;CET;11:00;CET;20,42
29.12.2021;11:00;CET;12:00;CET;20,438
29.12.2021;12:00;CET;13:00;CET;20,561
29.12.2021;13:00;CET;14:00;CET;20,562
29.12.2021;14:00;CET;15:00;CET;20,57
29.12.2021;15:00;CET;16:00;CET;20
29.12.2021;16:00;CET;17:00;CET;19,599
29.12.2021;17:00;CET;18:00;CET;20,344
29.12.2021;18:00;CET;19:00;CET;18,393
29.12.2021;19:00;CET;20:00;CET;16,363
29.12.2021;20:00;CET;21:00;CET;13,006
29.12.2021;21:00;CET;22:00;CET;10,864
29.12.2021;22:00;CET;23:00;CET;10,634
29.12.2021;23:00;CET;00:00;CET;8,335
30.12.2021;00:00;CET;01:00;CET;7,308
30.12.2021;01:00;CET;02:00;CET;4,786
30.12.2021;02:00;CET;03:00;CET;3,312
30.12.2021;03:00;CET;04:00;CET;2,556
30.12.2021;04:00;CET;05:00;CET;2,136
30.12.2021;05:00;CET;06:00;CET;4,31
30.12.2021;06:00;CET;07:00;CET;6,001
30.12.2021;07:00;CET;08:00;CET;9,726
30.12.2021;08:00;CET;09:00;CET;10,337
30.12.2021;09:00;CET;10:00;CET;9,36
30.12.2021;10:00;CET;11:00;CET;9,806
30.12.2021;11:00;CET;12:00;CET;9,555
30.12.2021;12:00;CET;13:00;CET;9,723
30.12.2021;13:00;CET;14:00;CET;8,875
30.12.2021;14:00;CET;15:00;CET;8,17
30.12.2021;15:00;CET;16:00;CET;7,544
30.12.2021;16:00;CET;17:00;CET;8,192
30.12.2021;17:00;CET;18:00;CET;9,198
30.12.2021;18:00;CET;19:00;CET;8,998
30.12.2021;19:00;CET;20:00;CET;8,197
30.12.2021;20:00;CET;21:00;CET;7,548
30.12.2021;21:00;CET;22:00;CET;7,091
30.12.2021;22:00;CET;23:00;CET;7,535
30.12.2021;23:00;CET;00:00;CET;5,565
31.12.2021;00:00;CET;01:00;CET;0,571
31.12.2021;01:00;CET;02:00;CET;0,009
31.12.2021;02:00;CET;03:00;CET;-0,003
31.12.2021;03:00;CET;04:00;CET;-0,005
31.12.2021;04:00;CET;05:00;CET;-0,003
31.12.2021;05:00;CET;06:00;CET;0,004
31.12.2021;06:00;CET;07:00;CET;-0,005
31.12.2021;07:00;CET;08:00;CET;-0,006
31.12.2021;08:00;CET;09:00;CET;0,017
31.12.2021;09:00;CET;10:00;CET;0,091
31.12.2021;10:00;CET;11:00;CET;0,093
31.12.2021;11:00;CET;12:00;CET;1,005
31.12.2021;12:00;CET;13:00;CET;1,001
31.12.2021;13:00;CET;14:00;CET;1,002
31.12.2021;14:00;CET;15:00;CET;2,549
31.12.2021;15:00;CET;16:00;CET;2,049
31.12.2021;16:00;CET;17:00;CET;6,223
31.12.2021;17:00;CET;18:00;CET;6,097
31.12.2021;18:00;CET;19:00;CET;4,001
31.12.2021;19:00;CET;20:00;CET;3,249
31.12.2021;20:00;CET;21:00;CET;0,018
31.12.2021;21:00;CET;22:00;CET;0,008
31.12.2021;22:00;CET;23:00;CET;0,51
31.12.2021;23:00;CET;00:00;CET;0,632
